generator,attack,target_id,ground_truth,raw_score,binary_prediction,threshold
aim,Groundhog,12435,1,0.4,0,0.5
aim,Groundhog,12435,0,0.31,0,0.5
aim,Groundhog,12435,1,0.4,0,0.5
aim,Groundhog,12435,0,0.42,0,0.5
aim,Groundhog,12435,1,0.6,1,0.5
aim,Groundhog,12435,0,0.48,0,0.5
aim,Groundhog,12435,1,0.5,0,0.5
aim,Groundhog,12435,0,0.51,1,0.5
aim,Groundhog,12435,1,0.52,1,0.5
aim,Groundhog,12435,0,0.58,1,0.5
aim,Groundhog,12435,1,0.56,1,0.5
aim,Groundhog,12435,0,0.59,1,0.5
aim,Groundhog,12435,1,0.53,1,0.5
aim,Groundhog,12435,0,0.5,0,0.5
aim,Groundhog,12435,1,0.57,1,0.5
aim,Groundhog,12435,0,0.41,0,0.5
aim,Groundhog,12435,1,0.54,1,0.5
aim,Groundhog,12435,0,0.46,0,0.5
aim,Groundhog,12435,1,0.41,0,0.5
aim,Groundhog,12435,0,0.46,0,0.5
aim,Groundhog,12435,1,0.5,0,0.5
aim,Groundhog,12435,0,0.45,0,0.5
aim,Groundhog,12435,1,0.53,1,0.5
aim,Groundhog,12435,0,0.53,1,0.5
aim,Groundhog,12435,1,0.52,1,0.5
aim,Groundhog,12435,0,0.53,1,0.5
aim,Groundhog,12435,1,0.49,0,0.5
aim,Groundhog,12435,0,0.53,1,0.5
aim,Groundhog,12435,1,0.51,1,0.5
aim,Groundhog,12435,0,0.42,0,0.5
aim,Groundhog,12435,1,0.35,0,0.5
aim,Groundhog,12435,0,0.57,1,0.5
aim,Groundhog,12435,1,0.58,1,0.5
aim,Groundhog,12435,0,0.5,0,0.5
aim,Groundhog,12435,1,0.53,1,0.5
aim,Groundhog,12435,0,0.53,1,0.5
aim,Groundhog,12435,1,0.47,0,0.5
aim,Groundhog,12435,0,0.29,0,0.5
aim,Groundhog,12435,1,0.64,1,0.5
aim,Groundhog,12435,0,0.4,0,0.5
aim,Groundhog,12435,1,0.42,0,0.5
aim,Groundhog,12435,0,0.67,1,0.5
aim,Groundhog,12435,1,0.5,0,0.5
aim,Groundhog,12435,0,0.54,1,0.5
aim,Groundhog,12435,1,0.55,1,0.5
aim,Groundhog,12435,0,0.62,1,0.5
aim,Groundhog,12435,1,0.45,0,0.5
aim,Groundhog,12435,0,0.49,0,0.5
aim,Groundhog,12435,1,0.49,0,0.5
aim,Groundhog,12435,0,0.43,0,0.5
aim,Groundhog,12435,1,0.53,1,0.5
aim,Groundhog,12435,0,0.62,1,0.5
aim,Groundhog,12435,1,0.4,0,0.5
aim,Groundhog,12435,0,0.71,1,0.5
aim,Groundhog,12435,1,0.46,0,0.5
aim,Groundhog,12435,0,0.55,1,0.5
aim,Groundhog,12435,1,0.52,1,0.5
aim,Groundhog,12435,0,0.47,0,0.5
aim,Groundhog,12435,1,0.41,0,0.5
aim,Groundhog,12435,0,0.54,1,0.5
aim,Groundhog,12435,1,0.45,0,0.5
aim,Groundhog,12435,0,0.62,1,0.5
aim,Groundhog,12435,1,0.44,0,0.5
aim,Groundhog,12435,0,0.5,0,0.5
aim,Groundhog,12435,1,0.49,0,0.5
aim,Groundhog,12435,0,0.41,0,0.5
aim,Groundhog,12435,1,0.63,1,0.5
aim,Groundhog,12435,0,0.7,1,0.5
aim,Groundhog,12435,1,0.58,1,0.5
aim,Groundhog,12435,0,0.59,1,0.5
aim,Groundhog,12435,1,0.51,1,0.5
aim,Groundhog,12435,0,0.56,1,0.5
aim,Groundhog,12435,1,0.48,0,0.5
aim,Groundhog,12435,0,0.43,0,0.5
aim,Groundhog,12435,1,0.55,1,0.5
aim,Groundhog,12435,0,0.51,1,0.5
aim,Groundhog,12435,1,0.59,1,0.5
aim,Groundhog,12435,0,0.61,1,0.5
aim,Groundhog,12435,1,0.42,0,0.5
aim,Groundhog,12435,0,0.52,1,0.5
aim,Groundhog,12435,1,0.52,1,0.5
aim,Groundhog,12435,0,0.47,0,0.5
aim,Groundhog,12435,1,0.41,0,0.5
aim,Groundhog,12435,0,0.44,0,0.5
aim,Groundhog,12435,1,0.52,1,0.5
aim,Groundhog,12435,0,0.52,1,0.5
aim,Groundhog,12435,1,0.56,1,0.5
aim,Groundhog,12435,0,0.52,1,0.5
aim,Groundhog,12435,1,0.47,0,0.5
aim,Groundhog,12435,0,0.6,1,0.5
aim,Groundhog,12435,1,0.44,0,0.5
aim,Groundhog,12435,0,0.55,1,0.5
aim,Groundhog,12435,1,0.5,0,0.5
aim,Groundhog,12435,0,0.54,1,0.5
aim,Groundhog,12435,1,0.47,0,0.5
aim,Groundhog,12435,0,0.47,0,0.5
aim,Groundhog,12435,1,0.48,0,0.5
aim,Groundhog,12435,0,0.54,1,0.5
aim,Groundhog,12435,1,0.55,1,0.5
aim,Groundhog,12435,0,0.47,0,0.5
aim,Groundhog,12435,1,0.55,1,0.5
aim,Groundhog,12435,0,0.48,0,0.5
aim,Groundhog,12435,1,0.51,1,0.5
aim,Groundhog,12435,0,0.6,1,0.5
aim,Groundhog,12435,1,0.48,0,0.5
aim,Groundhog,12435,0,0.55,1,0.5
aim,Groundhog,12435,1,0.5,0,0.5
aim,Groundhog,12435,0,0.44,0,0.5
aim,Groundhog,12435,1,0.41,0,0.5
aim,Groundhog,12435,0,0.41,0,0.5
aim,Groundhog,12435,1,0.56,1,0.5
aim,Groundhog,12435,0,0.47,0,0.5
aim,Groundhog,12435,1,0.64,1,0.5
aim,Groundhog,12435,0,0.51,1,0.5
aim,Groundhog,12435,1,0.49,0,0.5
aim,Groundhog,12435,0,0.58,1,0.5
aim,Groundhog,12435,1,0.68,1,0.5
aim,Groundhog,12435,0,0.54,1,0.5
aim,Groundhog,12435,1,0.57,1,0.5
aim,Groundhog,12435,0,0.41,0,0.5
aim,Groundhog,12435,1,0.56,1,0.5
aim,Groundhog,12435,0,0.39,0,0.5
aim,Groundhog,12435,1,0.39,0,0.5
aim,Groundhog,12435,0,0.55,1,0.5
aim,Groundhog,12435,1,0.52,1,0.5
aim,Groundhog,12435,0,0.44,0,0.5
aim,Groundhog,12435,1,0.49,0,0.5
aim,Groundhog,12435,0,0.53,1,0.5
aim,Groundhog,12435,1,0.47,0,0.5
aim,Groundhog,12435,0,0.53,1,0.5
aim,Groundhog,12435,1,0.59,1,0.5
aim,Groundhog,12435,0,0.5,0,0.5
aim,Groundhog,12435,1,0.6,1,0.5
aim,Groundhog,12435,0,0.38,0,0.5
aim,Groundhog,12435,1,0.6,1,0.5
aim,Groundhog,12435,0,0.48,0,0.5
aim,Groundhog,12435,1,0.59,1,0.5
aim,Groundhog,12435,0,0.53,1,0.5
aim,Groundhog,12435,1,0.55,1,0.5
aim,Groundhog,12435,0,0.46,0,0.5
aim,Groundhog,12435,1,0.56,1,0.5
aim,Groundhog,12435,0,0.45,0,0.5
aim,Groundhog,12435,1,0.48,0,0.5
aim,Groundhog,12435,0,0.44,0,0.5
aim,Groundhog,12435,1,0.47,0,0.5
aim,Groundhog,12435,0,0.59,1,0.5
aim,Groundhog,12435,1,0.44,0,0.5
aim,Groundhog,12435,0,0.5,0,0.5
aim,Groundhog,12435,1,0.51,1,0.5
aim,Groundhog,12435,0,0.4,0,0.5
aim,Groundhog,12435,1,0.4,0,0.5
aim,Groundhog,12435,0,0.59,1,0.5
aim,Groundhog,12435,1,0.36,0,0.5
aim,Groundhog,12435,0,0.51,1,0.5
aim,Groundhog,12435,1,0.45,0,0.5
aim,Groundhog,12435,0,0.44,0,0.5
aim,Groundhog,12435,1,0.58,1,0.5
aim,Groundhog,12435,0,0.52,1,0.5
aim,Groundhog,12435,1,0.62,1,0.5
aim,Groundhog,12435,0,0.45,0,0.5
aim,Groundhog,12435,1,0.59,1,0.5
aim,Groundhog,12435,0,0.62,1,0.5
aim,Groundhog,12435,1,0.42,0,0.5
aim,Groundhog,12435,0,0.42,0,0.5
aim,Groundhog,12435,1,0.43,0,0.5
aim,Groundhog,12435,0,0.45,0,0.5
aim,Groundhog,12435,1,0.53,1,0.5
aim,Groundhog,12435,0,0.5,0,0.5
aim,Groundhog,12435,1,0.55,1,0.5
aim,Groundhog,12435,0,0.44,0,0.5
aim,Groundhog,12435,1,0.49,0,0.5
aim,Groundhog,12435,0,0.49,0,0.5
aim,Groundhog,12435,1,0.52,1,0.5
aim,Groundhog,12435,0,0.57,1,0.5
aim,Groundhog,12435,1,0.43,0,0.5
aim,Groundhog,12435,0,0.45,0,0.5
aim,Groundhog,12435,1,0.55,1,0.5
aim,Groundhog,12435,0,0.54,1,0.5
aim,Groundhog,12435,1,0.5,0,0.5
aim,Groundhog,12435,0,0.46,0,0.5
aim,Groundhog,12435,1,0.6,1,0.5
aim,Groundhog,12435,0,0.47,0,0.5
aim,Groundhog,12435,1,0.51,1,0.5
aim,Groundhog,12435,0,0.5,0,0.5
aim,Groundhog,12435,1,0.64,1,0.5
aim,Groundhog,12435,0,0.61,1,0.5
aim,Groundhog,12435,1,0.54,1,0.5
aim,Groundhog,12435,0,0.49,0,0.5
aim,Groundhog,12435,1,0.53,1,0.5
aim,Groundhog,12435,0,0.42,0,0.5
aim,Groundhog,12435,1,0.56,1,0.5
aim,Groundhog,12435,0,0.39,0,0.5
aim,Groundhog,12435,1,0.58,1,0.5
aim,Groundhog,12435,0,0.42,0,0.5
aim,Groundhog,12435,1,0.49,0,0.5
aim,Groundhog,12435,0,0.44,0,0.5
aim,Groundhog,12435,1,0.45,0,0.5
aim,Groundhog,12435,0,0.55,1,0.5
aim,Groundhog,12435,1,0.49,0,0.5
aim,Groundhog,12435,0,0.4,0,0.5
aim,Groundhog,12435,1,0.5,0,0.5
aim,Groundhog,12435,0,0.6,1,0.5
aim,Groundhog,12435,1,0.47,0,0.5
aim,Groundhog,12435,0,0.54,1,0.5
aim,Groundhog,12435,1,0.49,0,0.5
aim,Groundhog,12435,0,0.45,0,0.5
aim,Groundhog,12435,1,0.63,1,0.5
aim,Groundhog,12435,0,0.48,0,0.5
aim,Groundhog,12435,1,0.5,0,0.5
aim,Groundhog,12435,0,0.52,1,0.5
aim,Groundhog,12435,1,0.51,1,0.5
aim,Groundhog,12435,0,0.58,1,0.5
aim,Groundhog,12435,1,0.54,1,0.5
aim,Groundhog,12435,0,0.44,0,0.5
aim,Groundhog,12435,1,0.52,1,0.5
aim,Groundhog,12435,0,0.52,1,0.5
aim,Groundhog,12435,1,0.46,0,0.5
aim,Groundhog,12435,0,0.53,1,0.5
aim,Groundhog,12435,1,0.42,0,0.5
aim,Groundhog,12435,0,0.53,1,0.5
aim,Groundhog,12435,1,0.55,1,0.5
aim,Groundhog,12435,0,0.58,1,0.5
aim,Groundhog,12435,1,0.54,1,0.5
aim,Groundhog,12435,0,0.54,1,0.5
aim,Groundhog,12435,1,0.34,0,0.5
aim,Groundhog,12435,0,0.48,0,0.5
aim,Groundhog,12435,1,0.44,0,0.5
aim,Groundhog,12435,0,0.47,0,0.5
aim,Groundhog,12435,1,0.52,1,0.5
aim,Groundhog,12435,0,0.4,0,0.5
aim,Groundhog,12435,1,0.56,1,0.5
aim,Groundhog,12435,0,0.52,1,0.5
aim,Groundhog,12435,1,0.45,0,0.5
aim,Groundhog,12435,0,0.49,0,0.5
aim,Groundhog,12435,1,0.56,1,0.5
aim,Groundhog,12435,0,0.57,1,0.5
aim,Groundhog,12435,1,0.57,1,0.5
aim,Groundhog,12435,0,0.47,0,0.5
aim,Groundhog,12435,1,0.47,0,0.5
aim,Groundhog,12435,0,0.54,1,0.5
aim,Groundhog,12435,1,0.58,1,0.5
aim,Groundhog,12435,0,0.31,0,0.5
aim,Groundhog,12435,1,0.5,0,0.5
aim,Groundhog,12435,0,0.59,1,0.5
aim,Groundhog,12435,1,0.55,1,0.5
aim,Groundhog,12435,0,0.54,1,0.5
aim,Groundhog,12435,1,0.59,1,0.5
aim,Groundhog,12435,0,0.64,1,0.5
aim,Groundhog,12435,1,0.46,0,0.5
aim,Groundhog,12435,0,0.5,0,0.5
aim,Groundhog,12435,1,0.5,0,0.5
aim,Groundhog,12435,0,0.44,0,0.5
aim,Groundhog,12435,1,0.56,1,0.5
aim,Groundhog,12435,0,0.43,0,0.5
aim,Groundhog,12435,1,0.58,1,0.5
aim,Groundhog,12435,0,0.48,0,0.5
aim,Groundhog,12435,1,0.43,0,0.5
aim,Groundhog,12435,0,0.52,1,0.5
aim,Groundhog,12435,1,0.41,0,0.5
aim,Groundhog,12435,0,0.5,0,0.5
aim,Groundhog,12435,1,0.46,0,0.5
aim,Groundhog,12435,0,0.59,1,0.5
aim,Groundhog,12435,1,0.32,0,0.5
aim,Groundhog,12435,0,0.47,0,0.5
aim,Groundhog,12435,1,0.5,0,0.5
aim,Groundhog,12435,0,0.34,0,0.5
aim,Groundhog,12435,1,0.45,0,0.5
aim,Groundhog,12435,0,0.51,1,0.5
aim,Groundhog,12435,1,0.5,0,0.5
aim,Groundhog,12435,0,0.41,0,0.5
aim,Groundhog,12435,1,0.37,0,0.5
aim,Groundhog,12435,0,0.51,1,0.5
aim,Groundhog,12435,1,0.5,0,0.5
aim,Groundhog,12435,0,0.6,1,0.5
aim,Groundhog,12435,1,0.66,1,0.5
aim,Groundhog,12435,0,0.41,0,0.5
aim,Groundhog,12435,1,0.45,0,0.5
aim,Groundhog,12435,0,0.39,0,0.5
aim,Groundhog,12435,1,0.62,1,0.5
aim,Groundhog,12435,0,0.56,1,0.5
aim,Groundhog,12435,1,0.55,1,0.5
aim,Groundhog,12435,0,0.31,0,0.5
aim,Groundhog,12435,1,0.51,1,0.5
aim,Groundhog,12435,0,0.33,0,0.5
aim,Groundhog,12435,1,0.4,0,0.5
aim,Groundhog,12435,0,0.51,1,0.5
aim,Groundhog,12435,1,0.59,1,0.5
aim,Groundhog,12435,0,0.5,0,0.5
aim,Groundhog,12435,1,0.49,0,0.5
aim,Groundhog,12435,0,0.57,1,0.5
aim,Groundhog,12435,1,0.58,1,0.5
aim,Groundhog,12435,0,0.52,1,0.5
aim,Groundhog,12435,1,0.35,0,0.5
aim,Groundhog,12435,0,0.54,1,0.5
aim,Groundhog,12435,1,0.43,0,0.5
aim,Groundhog,12435,0,0.44,0,0.5
aim,Groundhog,12435,1,0.47,0,0.5
aim,Groundhog,12435,0,0.48,0,0.5
aim,Groundhog,12435,1,0.65,1,0.5
aim,Groundhog,12435,0,0.48,0,0.5
aim,Groundhog,12435,1,0.54,1,0.5
aim,Groundhog,12435,0,0.57,1,0.5
aim,Groundhog,12435,1,0.52,1,0.5
aim,Groundhog,12435,0,0.63,1,0.5
aim,Groundhog,12435,1,0.47,0,0.5
aim,Groundhog,12435,0,0.52,1,0.5
aim,Groundhog,12435,1,0.53,1,0.5
aim,Groundhog,12435,0,0.52,1,0.5
aim,Groundhog,12435,1,0.48,0,0.5
aim,Groundhog,12435,0,0.5,0,0.5
aim,Groundhog,12435,1,0.58,1,0.5
aim,Groundhog,12435,0,0.47,0,0.5
aim,Groundhog,12435,1,0.5,0,0.5
aim,Groundhog,12435,0,0.55,1,0.5
aim,Groundhog,12435,1,0.41,0,0.5
aim,Groundhog,12435,0,0.35,0,0.5
aim,Groundhog,12435,1,0.46,0,0.5
aim,Groundhog,12435,0,0.47,0,0.5
aim,Groundhog,12435,1,0.49,0,0.5
aim,Groundhog,12435,0,0.59,1,0.5
aim,Groundhog,12435,1,0.5,0,0.5
aim,Groundhog,12435,0,0.52,1,0.5
aim,Groundhog,12435,1,0.42,0,0.5
aim,Groundhog,12435,0,0.42,0,0.5
aim,Groundhog,12435,1,0.6,1,0.5
aim,Groundhog,12435,0,0.43,0,0.5
aim,Groundhog,12435,1,0.48,0,0.5
aim,Groundhog,12435,0,0.47,0,0.5
aim,Groundhog,12435,1,0.5,0,0.5
aim,Groundhog,12435,0,0.45,0,0.5
aim,Groundhog,12435,1,0.38,0,0.5
aim,Groundhog,12435,0,0.45,0,0.5
aim,Groundhog,12435,1,0.55,1,0.5
aim,Groundhog,12435,0,0.41,0,0.5
aim,Groundhog,12435,1,0.52,1,0.5
aim,Groundhog,12435,0,0.52,1,0.5
aim,Groundhog,12435,1,0.37,0,0.5
aim,Groundhog,12435,0,0.55,1,0.5
aim,Groundhog,12435,1,0.57,1,0.5
aim,Groundhog,12435,0,0.59,1,0.5
aim,Groundhog,12435,1,0.43,0,0.5
aim,Groundhog,12435,0,0.41,0,0.5
aim,Groundhog,12435,1,0.41,0,0.5
aim,Groundhog,12435,0,0.48,0,0.5
aim,Groundhog,12435,1,0.38,0,0.5
aim,Groundhog,12435,0,0.54,1,0.5
aim,Groundhog,12435,1,0.41,0,0.5
aim,Groundhog,12435,0,0.5,0,0.5
aim,Groundhog,12435,1,0.43,0,0.5
aim,Groundhog,12435,0,0.59,1,0.5
aim,Groundhog,12435,1,0.43,0,0.5
aim,Groundhog,12435,0,0.68,1,0.5
aim,Groundhog,12435,1,0.53,1,0.5
aim,Groundhog,12435,0,0.59,1,0.5
aim,Groundhog,12435,1,0.5,0,0.5
aim,Groundhog,12435,0,0.56,1,0.5
aim,Groundhog,12435,1,0.55,1,0.5
aim,Groundhog,12435,0,0.52,1,0.5
aim,Groundhog,12435,1,0.49,0,0.5
aim,Groundhog,12435,0,0.46,0,0.5
aim,Groundhog,12435,1,0.52,1,0.5
aim,Groundhog,12435,0,0.51,1,0.5
aim,Groundhog,12435,1,0.58,1,0.5
aim,Groundhog,12435,0,0.58,1,0.5
aim,Groundhog,12435,1,0.59,1,0.5
aim,Groundhog,12435,0,0.44,0,0.5
aim,Groundhog,12435,1,0.54,1,0.5
aim,Groundhog,12435,0,0.51,1,0.5
aim,Groundhog,12435,1,0.39,0,0.5
aim,Groundhog,12435,0,0.59,1,0.5
aim,Groundhog,12435,1,0.43,0,0.5
aim,Groundhog,12435,0,0.66,1,0.5
aim,Groundhog,12435,1,0.56,1,0.5
aim,Groundhog,12435,0,0.55,1,0.5
aim,Groundhog,12435,1,0.42,0,0.5
aim,Groundhog,12435,0,0.49,0,0.5
aim,Groundhog,12435,1,0.51,1,0.5
aim,Groundhog,12435,0,0.48,0,0.5
aim,Groundhog,12435,1,0.59,1,0.5
aim,Groundhog,12435,0,0.5,0,0.5
aim,Groundhog,12435,1,0.45,0,0.5
aim,Groundhog,12435,0,0.38,0,0.5
aim,Groundhog,12435,1,0.38,0,0.5
aim,Groundhog,12435,0,0.57,1,0.5
aim,Groundhog,12435,1,0.42,0,0.5
aim,Groundhog,12435,0,0.47,0,0.5
aim,Groundhog,12435,1,0.48,0,0.5
aim,Groundhog,12435,0,0.67,1,0.5
aim,Groundhog,12435,1,0.42,0,0.5
aim,Groundhog,12435,0,0.5,0,0.5
aim,Groundhog,12435,1,0.53,1,0.5
aim,Groundhog,12435,0,0.4,0,0.5
aim,Groundhog,12435,1,0.48,0,0.5
aim,Groundhog,12435,0,0.37,0,0.5
aim,Groundhog,12435,1,0.57,1,0.5
aim,Groundhog,12435,0,0.48,0,0.5
aim,Groundhog,12435,1,0.41,0,0.5
aim,Groundhog,12435,0,0.45,0,0.5
aim,Groundhog,12435,1,0.52,1,0.5
aim,Groundhog,12435,0,0.4,0,0.5
aim,Groundhog,12435,1,0.52,1,0.5
aim,Groundhog,12435,0,0.54,1,0.5
aim,Groundhog,12435,1,0.62,1,0.5
aim,Groundhog,12435,0,0.59,1,0.5
aim,Groundhog,12435,1,0.39,0,0.5
aim,Groundhog,12435,0,0.52,1,0.5
aim,Groundhog,12435,1,0.44,0,0.5
aim,Groundhog,12435,0,0.56,1,0.5
aim,Groundhog,12435,1,0.53,1,0.5
aim,Groundhog,12435,0,0.48,0,0.5
aim,Groundhog,12435,1,0.39,0,0.5
aim,Groundhog,12435,0,0.49,0,0.5
aim,Groundhog,12435,1,0.59,1,0.5
aim,Groundhog,12435,0,0.53,1,0.5
aim,Groundhog,12435,1,0.42,0,0.5
aim,Groundhog,12435,0,0.55,1,0.5
aim,Groundhog,12435,1,0.47,0,0.5
aim,Groundhog,12435,0,0.49,0,0.5
aim,Groundhog,12435,1,0.59,1,0.5
aim,Groundhog,12435,0,0.49,0,0.5
aim,Groundhog,12435,1,0.5,0,0.5
aim,Groundhog,12435,0,0.54,1,0.5
aim,Groundhog,12435,1,0.55,1,0.5
aim,Groundhog,12435,0,0.59,1,0.5
aim,Groundhog,12435,1,0.63,1,0.5
aim,Groundhog,12435,0,0.67,1,0.5
aim,Groundhog,12435,1,0.39,0,0.5
aim,Groundhog,12435,0,0.51,1,0.5
aim,Groundhog,12435,1,0.65,1,0.5
aim,Groundhog,12435,0,0.36,0,0.5
aim,Groundhog,12435,1,0.45,0,0.5
aim,Groundhog,12435,0,0.52,1,0.5
aim,Groundhog,12435,1,0.62,1,0.5
aim,Groundhog,12435,0,0.41,0,0.5
aim,Groundhog,12435,1,0.48,0,0.5
aim,Groundhog,12435,0,0.42,0,0.5
aim,Groundhog,12435,1,0.6,1,0.5
aim,Groundhog,12435,0,0.38,0,0.5
aim,Groundhog,12435,1,0.54,1,0.5
aim,Groundhog,12435,0,0.45,0,0.5
aim,Groundhog,12435,1,0.44,0,0.5
aim,Groundhog,12435,0,0.54,1,0.5
aim,Groundhog,12435,1,0.61,1,0.5
aim,Groundhog,12435,0,0.54,1,0.5
aim,Groundhog,12435,1,0.49,0,0.5
aim,Groundhog,12435,0,0.45,0,0.5
aim,Groundhog,12435,1,0.55,1,0.5
aim,Groundhog,12435,0,0.52,1,0.5
aim,Groundhog,12435,1,0.51,1,0.5
aim,Groundhog,12435,0,0.42,0,0.5
aim,Groundhog,12435,1,0.56,1,0.5
aim,Groundhog,12435,0,0.49,0,0.5
aim,Groundhog,12435,1,0.46,0,0.5
aim,Groundhog,12435,0,0.53,1,0.5
aim,Groundhog,12435,1,0.49,0,0.5
aim,Groundhog,12435,0,0.58,1,0.5
aim,Groundhog,12435,1,0.52,1,0.5
aim,Groundhog,12435,0,0.56,1,0.5
aim,Groundhog,12435,1,0.5,0,0.5
aim,Groundhog,12435,0,0.58,1,0.5
aim,Groundhog,12435,1,0.46,0,0.5
aim,Groundhog,12435,0,0.43,0,0.5
aim,Groundhog,12435,1,0.46,0,0.5
aim,Groundhog,12435,0,0.46,0,0.5
aim,Groundhog,12435,1,0.58,1,0.5
aim,Groundhog,12435,0,0.5,0,0.5
aim,Groundhog,12435,1,0.64,1,0.5
aim,Groundhog,12435,0,0.55,1,0.5
aim,Groundhog,12435,1,0.55,1,0.5
aim,Groundhog,12435,0,0.43,0,0.5
aim,Groundhog,12435,1,0.45,0,0.5
aim,Groundhog,12435,0,0.45,0,0.5
aim,Groundhog,12435,1,0.4,0,0.5
aim,Groundhog,12435,0,0.54,1,0.5
aim,Groundhog,12435,1,0.55,1,0.5
aim,Groundhog,12435,0,0.64,1,0.5
aim,Groundhog,12435,1,0.61,1,0.5
aim,Groundhog,12435,0,0.36,0,0.5
aim,Groundhog,12435,1,0.47,0,0.5
aim,Groundhog,12435,0,0.51,1,0.5
aim,Groundhog,12435,1,0.4,0,0.5
aim,Groundhog,12435,0,0.58,1,0.5
aim,Groundhog,12435,1,0.3,0,0.5
aim,Groundhog,12435,0,0.48,0,0.5
aim,Groundhog,12435,1,0.54,1,0.5
aim,Groundhog,12435,0,0.5,0,0.5
aim,Groundhog,12435,1,0.6,1,0.5
aim,Groundhog,12435,0,0.58,1,0.5
aim,Groundhog,12435,1,0.52,1,0.5
aim,Groundhog,12435,0,0.37,0,0.5
aim,Groundhog,12435,1,0.55,1,0.5
aim,Groundhog,12435,0,0.5,0,0.5
aim,Groundhog,12435,1,0.62,1,0.5
aim,Groundhog,12435,0,0.38,0,0.5
aim,Groundhog,12435,1,0.44,0,0.5
aim,Groundhog,12435,0,0.55,1,0.5
aim,Groundhog,12435,1,0.44,0,0.5
aim,Groundhog,12435,0,0.46,0,0.5
aim,Groundhog,12435,1,0.48,0,0.5
aim,Groundhog,12435,0,0.47,0,0.5
aim,ShadowModelling(RandomQueries),12435,1,0.39,0,0.5
aim,ShadowModelling(RandomQueries),12435,0,0.55,1,0.5
aim,ShadowModelling(RandomQueries),12435,1,0.57,1,0.5
aim,ShadowModelling(RandomQueries),12435,0,0.46,0,0.5
aim,ShadowModelling(RandomQueries),12435,1,0.42,0,0.5
aim,ShadowModelling(RandomQueries),12435,0,0.41,0,0.5
aim,ShadowModelling(RandomQueries),12435,1,0.53,1,0.5
aim,ShadowModelling(RandomQueries),12435,0,0.37,0,0.5
aim,ShadowModelling(RandomQueries),12435,1,0.59,1,0.5
aim,ShadowModelling(RandomQueries),12435,0,0.48,0,0.5
aim,ShadowModelling(RandomQueries),12435,1,0.44,0,0.5
aim,ShadowModelling(RandomQueries),12435,0,0.37,0,0.5
aim,ShadowModelling(RandomQueries),12435,1,0.42,0,0.5
aim,ShadowModelling(RandomQueries),12435,0,0.44,0,0.5
aim,ShadowModelling(RandomQueries),12435,1,0.37,0,0.5
aim,ShadowModelling(RandomQueries),12435,0,0.38,0,0.5
aim,ShadowModelling(RandomQueries),12435,1,0.38,0,0.5
aim,ShadowModelling(RandomQueries),12435,0,0.51,1,0.5
aim,ShadowModelling(RandomQueries),12435,1,0.43,0,0.5
aim,ShadowModelling(RandomQueries),12435,0,0.44,0,0.5
aim,ShadowModelling(RandomQueries),12435,1,0.45,0,0.5
aim,ShadowModelling(RandomQueries),12435,0,0.36,0,0.5
aim,ShadowModelling(RandomQueries),12435,1,0.5,0,0.5
aim,ShadowModelling(RandomQueries),12435,0,0.33,0,0.5
aim,ShadowModelling(RandomQueries),12435,1,0.26,0,0.5
aim,ShadowModelling(RandomQueries),12435,0,0.59,1,0.5
aim,ShadowModelling(RandomQueries),12435,1,0.48,0,0.5
aim,ShadowModelling(RandomQueries),12435,0,0.68,1,0.5
aim,ShadowModelling(RandomQueries),12435,1,0.52,1,0.5
aim,ShadowModelling(RandomQueries),12435,0,0.41,0,0.5
aim,ShadowModelling(RandomQueries),12435,1,0.48,0,0.5
aim,ShadowModelling(RandomQueries),12435,0,0.3,0,0.5
aim,ShadowModelling(RandomQueries),12435,1,0.62,1,0.5
aim,ShadowModelling(RandomQueries),12435,0,0.35,0,0.5
aim,ShadowModelling(RandomQueries),12435,1,0.51,1,0.5
aim,ShadowModelling(RandomQueries),12435,0,0.4,0,0.5
aim,ShadowModelling(RandomQueries),12435,1,0.44,0,0.5
aim,ShadowModelling(RandomQueries),12435,0,0.44,0,0.5
aim,ShadowModelling(RandomQueries),12435,1,0.73,1,0.5
aim,ShadowModelling(RandomQueries),12435,0,0.52,1,0.5
aim,ShadowModelling(RandomQueries),12435,1,0.49,0,0.5
aim,ShadowModelling(RandomQueries),12435,0,0.31,0,0.5
aim,ShadowModelling(RandomQueries),12435,1,0.24,0,0.5
aim,ShadowModelling(RandomQueries),12435,0,0.39,0,0.5
aim,ShadowModelling(RandomQueries),12435,1,0.4,0,0.5
aim,ShadowModelling(RandomQueries),12435,0,0.58,1,0.5
aim,ShadowModelling(RandomQueries),12435,1,0.56,1,0.5
aim,ShadowModelling(RandomQueries),12435,0,0.36,0,0.5
aim,ShadowModelling(RandomQueries),12435,1,0.45,0,0.5
aim,ShadowModelling(RandomQueries),12435,0,0.62,1,0.5
aim,ShadowModelling(RandomQueries),12435,1,0.39,0,0.5
aim,ShadowModelling(RandomQueries),12435,0,0.49,0,0.5
aim,ShadowModelling(RandomQueries),12435,1,0.59,1,0.5
aim,ShadowModelling(RandomQueries),12435,0,0.56,1,0.5
aim,ShadowModelling(RandomQueries),12435,1,0.51,1,0.5
aim,ShadowModelling(RandomQueries),12435,0,0.45,0,0.5
aim,ShadowModelling(RandomQueries),12435,1,0.42,0,0.5
aim,ShadowModelling(RandomQueries),12435,0,0.44,0,0.5
aim,ShadowModelling(RandomQueries),12435,1,0.48,0,0.5
aim,ShadowModelling(RandomQueries),12435,0,0.36,0,0.5
aim,ShadowModelling(RandomQueries),12435,1,0.47,0,0.5
aim,ShadowModelling(RandomQueries),12435,0,0.54,1,0.5
aim,ShadowModelling(RandomQueries),12435,1,0.37,0,0.5
aim,ShadowModelling(RandomQueries),12435,0,0.37,0,0.5
aim,ShadowModelling(RandomQueries),12435,1,0.45,0,0.5
aim,ShadowModelling(RandomQueries),12435,0,0.51,1,0.5
aim,ShadowModelling(RandomQueries),12435,1,0.59,1,0.5
aim,ShadowModelling(RandomQueries),12435,0,0.6,1,0.5
aim,ShadowModelling(RandomQueries),12435,1,0.74,1,0.5
aim,ShadowModelling(RandomQueries),12435,0,0.56,1,0.5
aim,ShadowModelling(RandomQueries),12435,1,0.63,1,0.5
aim,ShadowModelling(RandomQueries),12435,0,0.44,0,0.5
aim,ShadowModelling(RandomQueries),12435,1,0.52,1,0.5
aim,ShadowModelling(RandomQueries),12435,0,0.68,1,0.5
aim,ShadowModelling(RandomQueries),12435,1,0.63,1,0.5
aim,ShadowModelling(RandomQueries),12435,0,0.49,0,0.5
aim,ShadowModelling(RandomQueries),12435,1,0.62,1,0.5
aim,ShadowModelling(RandomQueries),12435,0,0.62,1,0.5
aim,ShadowModelling(RandomQueries),12435,1,0.66,1,0.5
aim,ShadowModelling(RandomQueries),12435,0,0.55,1,0.5
aim,ShadowModelling(RandomQueries),12435,1,0.53,1,0.5
aim,ShadowModelling(RandomQueries),12435,0,0.44,0,0.5
aim,ShadowModelling(RandomQueries),12435,1,0.54,1,0.5
aim,ShadowModelling(RandomQueries),12435,0,0.31,0,0.5
aim,ShadowModelling(RandomQueries),12435,1,0.56,1,0.5
aim,ShadowModelling(RandomQueries),12435,0,0.7,1,0.5
aim,ShadowModelling(RandomQueries),12435,1,0.73,1,0.5
aim,ShadowModelling(RandomQueries),12435,0,0.42,0,0.5
aim,ShadowModelling(RandomQueries),12435,1,0.51,1,0.5
aim,ShadowModelling(RandomQueries),12435,0,0.52,1,0.5
aim,ShadowModelling(RandomQueries),12435,1,0.53,1,0.5
aim,ShadowModelling(RandomQueries),12435,0,0.51,1,0.5
aim,ShadowModelling(RandomQueries),12435,1,0.56,1,0.5
aim,ShadowModelling(RandomQueries),12435,0,0.52,1,0.5
aim,ShadowModelling(RandomQueries),12435,1,0.61,1,0.5
aim,ShadowModelling(RandomQueries),12435,0,0.64,1,0.5
aim,ShadowModelling(RandomQueries),12435,1,0.4,0,0.5
aim,ShadowModelling(RandomQueries),12435,0,0.45,0,0.5
aim,ShadowModelling(RandomQueries),12435,1,0.39,0,0.5
aim,ShadowModelling(RandomQueries),12435,0,0.54,1,0.5
aim,ShadowModelling(RandomQueries),12435,1,0.6,1,0.5
aim,ShadowModelling(RandomQueries),12435,0,0.72,1,0.5
aim,ShadowModelling(RandomQueries),12435,1,0.71,1,0.5
aim,ShadowModelling(RandomQueries),12435,0,0.38,0,0.5
aim,ShadowModelling(RandomQueries),12435,1,0.43,0,0.5
aim,ShadowModelling(RandomQueries),12435,0,0.54,1,0.5
aim,ShadowModelling(RandomQueries),12435,1,0.37,0,0.5
aim,ShadowModelling(RandomQueries),12435,0,0.44,0,0.5
aim,ShadowModelling(RandomQueries),12435,1,0.38,0,0.5
aim,ShadowModelling(RandomQueries),12435,0,0.37,0,0.5
aim,ShadowModelling(RandomQueries),12435,1,0.35,0,0.5
aim,ShadowModelling(RandomQueries),12435,0,0.46,0,0.5
aim,ShadowModelling(RandomQueries),12435,1,0.44,0,0.5
aim,ShadowModelling(RandomQueries),12435,0,0.4,0,0.5
aim,ShadowModelling(RandomQueries),12435,1,0.45,0,0.5
aim,ShadowModelling(RandomQueries),12435,0,0.35,0,0.5
aim,ShadowModelling(RandomQueries),12435,1,0.52,1,0.5
aim,ShadowModelling(RandomQueries),12435,0,0.57,1,0.5
aim,ShadowModelling(RandomQueries),12435,1,0.41,0,0.5
aim,ShadowModelling(RandomQueries),12435,0,0.54,1,0.5
aim,ShadowModelling(RandomQueries),12435,1,0.49,0,0.5
aim,ShadowModelling(RandomQueries),12435,0,0.41,0,0.5
aim,ShadowModelling(RandomQueries),12435,1,0.43,0,0.5
aim,ShadowModelling(RandomQueries),12435,0,0.45,0,0.5
aim,ShadowModelling(RandomQueries),12435,1,0.44,0,0.5
aim,ShadowModelling(RandomQueries),12435,0,0.48,0,0.5
aim,ShadowModelling(RandomQueries),12435,1,0.62,1,0.5
aim,ShadowModelling(RandomQueries),12435,0,0.53,1,0.5
aim,ShadowModelling(RandomQueries),12435,1,0.54,1,0.5
aim,ShadowModelling(RandomQueries),12435,0,0.45,0,0.5
aim,ShadowModelling(RandomQueries),12435,1,0.43,0,0.5
aim,ShadowModelling(RandomQueries),12435,0,0.45,0,0.5
aim,ShadowModelling(RandomQueries),12435,1,0.56,1,0.5
aim,ShadowModelling(RandomQueries),12435,0,0.71,1,0.5
aim,ShadowModelling(RandomQueries),12435,1,0.52,1,0.5
aim,ShadowModelling(RandomQueries),12435,0,0.45,0,0.5
aim,ShadowModelling(RandomQueries),12435,1,0.4,0,0.5
aim,ShadowModelling(RandomQueries),12435,0,0.57,1,0.5
aim,ShadowModelling(RandomQueries),12435,1,0.38,0,0.5
aim,ShadowModelling(RandomQueries),12435,0,0.35,0,0.5
aim,ShadowModelling(RandomQueries),12435,1,0.48,0,0.5
aim,ShadowModelling(RandomQueries),12435,0,0.4,0,0.5
aim,ShadowModelling(RandomQueries),12435,1,0.43,0,0.5
aim,ShadowModelling(RandomQueries),12435,0,0.65,1,0.5
aim,ShadowModelling(RandomQueries),12435,1,0.5,0,0.5
aim,ShadowModelling(RandomQueries),12435,0,0.47,0,0.5
aim,ShadowModelling(RandomQueries),12435,1,0.27,0,0.5
aim,ShadowModelling(RandomQueries),12435,0,0.53,1,0.5
aim,ShadowModelling(RandomQueries),12435,1,0.63,1,0.5
aim,ShadowModelling(RandomQueries),12435,0,0.51,1,0.5
aim,ShadowModelling(RandomQueries),12435,1,0.29,0,0.5
aim,ShadowModelling(RandomQueries),12435,0,0.5,0,0.5
aim,ShadowModelling(RandomQueries),12435,1,0.39,0,0.5
aim,ShadowModelling(RandomQueries),12435,0,0.64,1,0.5
aim,ShadowModelling(RandomQueries),12435,1,0.51,1,0.5
aim,ShadowModelling(RandomQueries),12435,0,0.38,0,0.5
aim,ShadowModelling(RandomQueries),12435,1,0.59,1,0.5
aim,ShadowModelling(RandomQueries),12435,0,0.47,0,0.5
aim,ShadowModelling(RandomQueries),12435,1,0.57,1,0.5
aim,ShadowModelling(RandomQueries),12435,0,0.44,0,0.5
aim,ShadowModelling(RandomQueries),12435,1,0.44,0,0.5
aim,ShadowModelling(RandomQueries),12435,0,0.54,1,0.5
aim,ShadowModelling(RandomQueries),12435,1,0.61,1,0.5
aim,ShadowModelling(RandomQueries),12435,0,0.3,0,0.5
aim,ShadowModelling(RandomQueries),12435,1,0.46,0,0.5
aim,ShadowModelling(RandomQueries),12435,0,0.37,0,0.5
aim,ShadowModelling(RandomQueries),12435,1,0.46,0,0.5
aim,ShadowModelling(RandomQueries),12435,0,0.7,1,0.5
aim,ShadowModelling(RandomQueries),12435,1,0.66,1,0.5
aim,ShadowModelling(RandomQueries),12435,0,0.48,0,0.5
aim,ShadowModelling(RandomQueries),12435,1,0.36,0,0.5
aim,ShadowModelling(RandomQueries),12435,0,0.43,0,0.5
aim,ShadowModelling(RandomQueries),12435,1,0.47,0,0.5
aim,ShadowModelling(RandomQueries),12435,0,0.62,1,0.5
aim,ShadowModelling(RandomQueries),12435,1,0.3,0,0.5
aim,ShadowModelling(RandomQueries),12435,0,0.48,0,0.5
aim,ShadowModelling(RandomQueries),12435,1,0.57,1,0.5
aim,ShadowModelling(RandomQueries),12435,0,0.59,1,0.5
aim,ShadowModelling(RandomQueries),12435,1,0.82,1,0.5
aim,ShadowModelling(RandomQueries),12435,0,0.67,1,0.5
aim,ShadowModelling(RandomQueries),12435,1,0.67,1,0.5
aim,ShadowModelling(RandomQueries),12435,0,0.78,1,0.5
aim,ShadowModelling(RandomQueries),12435,1,0.55,1,0.5
aim,ShadowModelling(RandomQueries),12435,0,0.4,0,0.5
aim,ShadowModelling(RandomQueries),12435,1,0.57,1,0.5
aim,ShadowModelling(RandomQueries),12435,0,0.49,0,0.5
aim,ShadowModelling(RandomQueries),12435,1,0.65,1,0.5
aim,ShadowModelling(RandomQueries),12435,0,0.62,1,0.5
aim,ShadowModelling(RandomQueries),12435,1,0.42,0,0.5
aim,ShadowModelling(RandomQueries),12435,0,0.67,1,0.5
aim,ShadowModelling(RandomQueries),12435,1,0.44,0,0.5
aim,ShadowModelling(RandomQueries),12435,0,0.42,0,0.5
aim,ShadowModelling(RandomQueries),12435,1,0.36,0,0.5
aim,ShadowModelling(RandomQueries),12435,0,0.37,0,0.5
aim,ShadowModelling(RandomQueries),12435,1,0.39,0,0.5
aim,ShadowModelling(RandomQueries),12435,0,0.49,0,0.5
aim,ShadowModelling(RandomQueries),12435,1,0.64,1,0.5
aim,ShadowModelling(RandomQueries),12435,0,0.38,0,0.5
aim,ShadowModelling(RandomQueries),12435,1,0.64,1,0.5
aim,ShadowModelling(RandomQueries),12435,0,0.28,0,0.5
aim,ShadowModelling(RandomQueries),12435,1,0.38,0,0.5
aim,ShadowModelling(RandomQueries),12435,0,0.42,0,0.5
aim,ShadowModelling(RandomQueries),12435,1,0.43,0,0.5
aim,ShadowModelling(RandomQueries),12435,0,0.48,0,0.5
aim,ShadowModelling(RandomQueries),12435,1,0.43,0,0.5
aim,ShadowModelling(RandomQueries),12435,0,0.25,0,0.5
aim,ShadowModelling(RandomQueries),12435,1,0.52,1,0.5
aim,ShadowModelling(RandomQueries),12435,0,0.67,1,0.5
aim,ShadowModelling(RandomQueries),12435,1,0.6,1,0.5
aim,ShadowModelling(RandomQueries),12435,0,0.44,0,0.5
aim,ShadowModelling(RandomQueries),12435,1,0.82,1,0.5
aim,ShadowModelling(RandomQueries),12435,0,0.72,1,0.5
aim,ShadowModelling(RandomQueries),12435,1,0.76,1,0.5
aim,ShadowModelling(RandomQueries),12435,0,0.42,0,0.5
aim,ShadowModelling(RandomQueries),12435,1,0.33,0,0.5
aim,ShadowModelling(RandomQueries),12435,0,0.31,0,0.5
aim,ShadowModelling(RandomQueries),12435,1,0.64,1,0.5
aim,ShadowModelling(RandomQueries),12435,0,0.53,1,0.5
aim,ShadowModelling(RandomQueries),12435,1,0.56,1,0.5
aim,ShadowModelling(RandomQueries),12435,0,0.43,0,0.5
aim,ShadowModelling(RandomQueries),12435,1,0.61,1,0.5
aim,ShadowModelling(RandomQueries),12435,0,0.47,0,0.5
aim,ShadowModelling(RandomQueries),12435,1,0.53,1,0.5
aim,ShadowModelling(RandomQueries),12435,0,0.4,0,0.5
aim,ShadowModelling(RandomQueries),12435,1,0.37,0,0.5
aim,ShadowModelling(RandomQueries),12435,0,0.36,0,0.5
aim,ShadowModelling(RandomQueries),12435,1,0.49,0,0.5
aim,ShadowModelling(RandomQueries),12435,0,0.59,1,0.5
aim,ShadowModelling(RandomQueries),12435,1,0.71,1,0.5
aim,ShadowModelling(RandomQueries),12435,0,0.77,1,0.5
aim,ShadowModelling(RandomQueries),12435,1,0.36,0,0.5
aim,ShadowModelling(RandomQueries),12435,0,0.45,0,0.5
aim,ShadowModelling(RandomQueries),12435,1,0.49,0,0.5
aim,ShadowModelling(RandomQueries),12435,0,0.36,0,0.5
aim,ShadowModelling(RandomQueries),12435,1,0.29,0,0.5
aim,ShadowModelling(RandomQueries),12435,0,0.69,1,0.5
aim,ShadowModelling(RandomQueries),12435,1,0.2,0,0.5
aim,ShadowModelling(RandomQueries),12435,0,0.48,0,0.5
aim,ShadowModelling(RandomQueries),12435,1,0.61,1,0.5
aim,ShadowModelling(RandomQueries),12435,0,0.4,0,0.5
aim,ShadowModelling(RandomQueries),12435,1,0.56,1,0.5
aim,ShadowModelling(RandomQueries),12435,0,0.32,0,0.5
aim,ShadowModelling(RandomQueries),12435,1,0.48,0,0.5
aim,ShadowModelling(RandomQueries),12435,0,0.45,0,0.5
aim,ShadowModelling(RandomQueries),12435,1,0.61,1,0.5
aim,ShadowModelling(RandomQueries),12435,0,0.46,0,0.5
aim,ShadowModelling(RandomQueries),12435,1,0.67,1,0.5
aim,ShadowModelling(RandomQueries),12435,0,0.51,1,0.5
aim,ShadowModelling(RandomQueries),12435,1,0.45,0,0.5
aim,ShadowModelling(RandomQueries),12435,0,0.36,0,0.5
aim,ShadowModelling(RandomQueries),12435,1,0.41,0,0.5
aim,ShadowModelling(RandomQueries),12435,0,0.52,1,0.5
aim,ShadowModelling(RandomQueries),12435,1,0.3,0,0.5
aim,ShadowModelling(RandomQueries),12435,0,0.46,0,0.5
aim,ShadowModelling(RandomQueries),12435,1,0.43,0,0.5
aim,ShadowModelling(RandomQueries),12435,0,0.32,0,0.5
aim,ShadowModelling(RandomQueries),12435,1,0.5,0,0.5
aim,ShadowModelling(RandomQueries),12435,0,0.57,1,0.5
aim,ShadowModelling(RandomQueries),12435,1,0.4,0,0.5
aim,ShadowModelling(RandomQueries),12435,0,0.44,0,0.5
aim,ShadowModelling(RandomQueries),12435,1,0.57,1,0.5
aim,ShadowModelling(RandomQueries),12435,0,0.49,0,0.5
aim,ShadowModelling(RandomQueries),12435,1,0.42,0,0.5
aim,ShadowModelling(RandomQueries),12435,0,0.63,1,0.5
aim,ShadowModelling(RandomQueries),12435,1,0.62,1,0.5
aim,ShadowModelling(RandomQueries),12435,0,0.38,0,0.5
aim,ShadowModelling(RandomQueries),12435,1,0.38,0,0.5
aim,ShadowModelling(RandomQueries),12435,0,0.34,0,0.5
aim,ShadowModelling(RandomQueries),12435,1,0.52,1,0.5
aim,ShadowModelling(RandomQueries),12435,0,0.52,1,0.5
aim,ShadowModelling(RandomQueries),12435,1,0.46,0,0.5
aim,ShadowModelling(RandomQueries),12435,0,0.52,1,0.5
aim,ShadowModelling(RandomQueries),12435,1,0.73,1,0.5
aim,ShadowModelling(RandomQueries),12435,0,0.68,1,0.5
aim,ShadowModelling(RandomQueries),12435,1,0.37,0,0.5
aim,ShadowModelling(RandomQueries),12435,0,0.52,1,0.5
aim,ShadowModelling(RandomQueries),12435,1,0.31,0,0.5
aim,ShadowModelling(RandomQueries),12435,0,0.39,0,0.5
aim,ShadowModelling(RandomQueries),12435,1,0.48,0,0.5
aim,ShadowModelling(RandomQueries),12435,0,0.56,1,0.5
aim,ShadowModelling(RandomQueries),12435,1,0.79,1,0.5
aim,ShadowModelling(RandomQueries),12435,0,0.5,0,0.5
aim,ShadowModelling(RandomQueries),12435,1,0.6,1,0.5
aim,ShadowModelling(RandomQueries),12435,0,0.3,0,0.5
aim,ShadowModelling(RandomQueries),12435,1,0.43,0,0.5
aim,ShadowModelling(RandomQueries),12435,0,0.59,1,0.5
aim,ShadowModelling(RandomQueries),12435,1,0.77,1,0.5
aim,ShadowModelling(RandomQueries),12435,0,0.38,0,0.5
aim,ShadowModelling(RandomQueries),12435,1,0.61,1,0.5
aim,ShadowModelling(RandomQueries),12435,0,0.38,0,0.5
aim,ShadowModelling(RandomQueries),12435,1,0.42,0,0.5
aim,ShadowModelling(RandomQueries),12435,0,0.45,0,0.5
aim,ShadowModelling(RandomQueries),12435,1,0.61,1,0.5
aim,ShadowModelling(RandomQueries),12435,0,0.38,0,0.5
aim,ShadowModelling(RandomQueries),12435,1,0.49,0,0.5
aim,ShadowModelling(RandomQueries),12435,0,0.25,0,0.5
aim,ShadowModelling(RandomQueries),12435,1,0.5,0,0.5
aim,ShadowModelling(RandomQueries),12435,0,0.7,1,0.5
aim,ShadowModelling(RandomQueries),12435,1,0.39,0,0.5
aim,ShadowModelling(RandomQueries),12435,0,0.49,0,0.5
aim,ShadowModelling(RandomQueries),12435,1,0.5,0,0.5
aim,ShadowModelling(RandomQueries),12435,0,0.73,1,0.5
aim,ShadowModelling(RandomQueries),12435,1,0.51,1,0.5
aim,ShadowModelling(RandomQueries),12435,0,0.64,1,0.5
aim,ShadowModelling(RandomQueries),12435,1,0.37,0,0.5
aim,ShadowModelling(RandomQueries),12435,0,0.7,1,0.5
aim,ShadowModelling(RandomQueries),12435,1,0.55,1,0.5
aim,ShadowModelling(RandomQueries),12435,0,0.51,1,0.5
aim,ShadowModelling(RandomQueries),12435,1,0.36,0,0.5
aim,ShadowModelling(RandomQueries),12435,0,0.76,1,0.5
aim,ShadowModelling(RandomQueries),12435,1,0.55,1,0.5
aim,ShadowModelling(RandomQueries),12435,0,0.53,1,0.5
aim,ShadowModelling(RandomQueries),12435,1,0.38,0,0.5
aim,ShadowModelling(RandomQueries),12435,0,0.33,0,0.5
aim,ShadowModelling(RandomQueries),12435,1,0.45,0,0.5
aim,ShadowModelling(RandomQueries),12435,0,0.51,1,0.5
aim,ShadowModelling(RandomQueries),12435,1,0.7,1,0.5
aim,ShadowModelling(RandomQueries),12435,0,0.36,0,0.5
aim,ShadowModelling(RandomQueries),12435,1,0.39,0,0.5
aim,ShadowModelling(RandomQueries),12435,0,0.45,0,0.5
aim,ShadowModelling(RandomQueries),12435,1,0.29,0,0.5
aim,ShadowModelling(RandomQueries),12435,0,0.78,1,0.5
aim,ShadowModelling(RandomQueries),12435,1,0.55,1,0.5
aim,ShadowModelling(RandomQueries),12435,0,0.55,1,0.5
aim,ShadowModelling(RandomQueries),12435,1,0.32,0,0.5
aim,ShadowModelling(RandomQueries),12435,0,0.51,1,0.5
aim,ShadowModelling(RandomQueries),12435,1,0.55,1,0.5
aim,ShadowModelling(RandomQueries),12435,0,0.59,1,0.5
aim,ShadowModelling(RandomQueries),12435,1,0.48,0,0.5
aim,ShadowModelling(RandomQueries),12435,0,0.51,1,0.5
aim,ShadowModelling(RandomQueries),12435,1,0.25,0,0.5
aim,ShadowModelling(RandomQueries),12435,0,0.51,1,0.5
aim,ShadowModelling(RandomQueries),12435,1,0.78,1,0.5
aim,ShadowModelling(RandomQueries),12435,0,0.49,0,0.5
aim,ShadowModelling(RandomQueries),12435,1,0.63,1,0.5
aim,ShadowModelling(RandomQueries),12435,0,0.44,0,0.5
aim,ShadowModelling(RandomQueries),12435,1,0.39,0,0.5
aim,ShadowModelling(RandomQueries),12435,0,0.66,1,0.5
aim,ShadowModelling(RandomQueries),12435,1,0.56,1,0.5
aim,ShadowModelling(RandomQueries),12435,0,0.53,1,0.5
aim,ShadowModelling(RandomQueries),12435,1,0.48,0,0.5
aim,ShadowModelling(RandomQueries),12435,0,0.41,0,0.5
aim,ShadowModelling(RandomQueries),12435,1,0.48,0,0.5
aim,ShadowModelling(RandomQueries),12435,0,0.3,0,0.5
aim,ShadowModelling(RandomQueries),12435,1,0.31,0,0.5
aim,ShadowModelling(RandomQueries),12435,0,0.5,0,0.5
aim,ShadowModelling(RandomQueries),12435,1,0.33,0,0.5
aim,ShadowModelling(RandomQueries),12435,0,0.44,0,0.5
aim,ShadowModelling(RandomQueries),12435,1,0.6,1,0.5
aim,ShadowModelling(RandomQueries),12435,0,0.24,0,0.5
aim,ShadowModelling(RandomQueries),12435,1,0.67,1,0.5
aim,ShadowModelling(RandomQueries),12435,0,0.7,1,0.5
aim,ShadowModelling(RandomQueries),12435,1,0.54,1,0.5
aim,ShadowModelling(RandomQueries),12435,0,0.55,1,0.5
aim,ShadowModelling(RandomQueries),12435,1,0.62,1,0.5
aim,ShadowModelling(RandomQueries),12435,0,0.46,0,0.5
aim,ShadowModelling(RandomQueries),12435,1,0.73,1,0.5
aim,ShadowModelling(RandomQueries),12435,0,0.45,0,0.5
aim,ShadowModelling(RandomQueries),12435,1,0.55,1,0.5
aim,ShadowModelling(RandomQueries),12435,0,0.48,0,0.5
aim,ShadowModelling(RandomQueries),12435,1,0.38,0,0.5
aim,ShadowModelling(RandomQueries),12435,0,0.61,1,0.5
aim,ShadowModelling(RandomQueries),12435,1,0.42,0,0.5
aim,ShadowModelling(RandomQueries),12435,0,0.53,1,0.5
aim,ShadowModelling(RandomQueries),12435,1,0.46,0,0.5
aim,ShadowModelling(RandomQueries),12435,0,0.42,0,0.5
aim,ShadowModelling(RandomQueries),12435,1,0.65,1,0.5
aim,ShadowModelling(RandomQueries),12435,0,0.48,0,0.5
aim,ShadowModelling(RandomQueries),12435,1,0.46,0,0.5
aim,ShadowModelling(RandomQueries),12435,0,0.49,0,0.5
aim,ShadowModelling(RandomQueries),12435,1,0.32,0,0.5
aim,ShadowModelling(RandomQueries),12435,0,0.43,0,0.5
aim,ShadowModelling(RandomQueries),12435,1,0.72,1,0.5
aim,ShadowModelling(RandomQueries),12435,0,0.35,0,0.5
aim,ShadowModelling(RandomQueries),12435,1,0.75,1,0.5
aim,ShadowModelling(RandomQueries),12435,0,0.45,0,0.5
aim,ShadowModelling(RandomQueries),12435,1,0.42,0,0.5
aim,ShadowModelling(RandomQueries),12435,0,0.44,0,0.5
aim,ShadowModelling(RandomQueries),12435,1,0.67,1,0.5
aim,ShadowModelling(RandomQueries),12435,0,0.65,1,0.5
aim,ShadowModelling(RandomQueries),12435,1,0.53,1,0.5
aim,ShadowModelling(RandomQueries),12435,0,0.34,0,0.5
aim,ShadowModelling(RandomQueries),12435,1,0.54,1,0.5
aim,ShadowModelling(RandomQueries),12435,0,0.48,0,0.5
aim,ShadowModelling(RandomQueries),12435,1,0.4,0,0.5
aim,ShadowModelling(RandomQueries),12435,0,0.42,0,0.5
aim,ShadowModelling(RandomQueries),12435,1,0.37,0,0.5
aim,ShadowModelling(RandomQueries),12435,0,0.53,1,0.5
aim,ShadowModelling(RandomQueries),12435,1,0.44,0,0.5
aim,ShadowModelling(RandomQueries),12435,0,0.24,0,0.5
aim,ShadowModelling(RandomQueries),12435,1,0.73,1,0.5
aim,ShadowModelling(RandomQueries),12435,0,0.27,0,0.5
aim,ShadowModelling(RandomQueries),12435,1,0.33,0,0.5
aim,ShadowModelling(RandomQueries),12435,0,0.72,1,0.5
aim,ShadowModelling(RandomQueries),12435,1,0.43,0,0.5
aim,ShadowModelling(RandomQueries),12435,0,0.58,1,0.5
aim,ShadowModelling(RandomQueries),12435,1,0.32,0,0.5
aim,ShadowModelling(RandomQueries),12435,0,0.56,1,0.5
aim,ShadowModelling(RandomQueries),12435,1,0.5,0,0.5
aim,ShadowModelling(RandomQueries),12435,0,0.71,1,0.5
aim,ShadowModelling(RandomQueries),12435,1,0.4,0,0.5
aim,ShadowModelling(RandomQueries),12435,0,0.48,0,0.5
aim,ShadowModelling(RandomQueries),12435,1,0.63,1,0.5
aim,ShadowModelling(RandomQueries),12435,0,0.45,0,0.5
aim,ShadowModelling(RandomQueries),12435,1,0.47,0,0.5
aim,ShadowModelling(RandomQueries),12435,0,0.42,0,0.5
aim,ShadowModelling(RandomQueries),12435,1,0.42,0,0.5
aim,ShadowModelling(RandomQueries),12435,0,0.54,1,0.5
aim,ShadowModelling(RandomQueries),12435,1,0.83,1,0.5
aim,ShadowModelling(RandomQueries),12435,0,0.5,0,0.5
aim,ShadowModelling(RandomQueries),12435,1,0.73,1,0.5
aim,ShadowModelling(RandomQueries),12435,0,0.53,1,0.5
aim,ShadowModelling(RandomQueries),12435,1,0.62,1,0.5
aim,ShadowModelling(RandomQueries),12435,0,0.63,1,0.5
aim,ShadowModelling(RandomQueries),12435,1,0.3,0,0.5
aim,ShadowModelling(RandomQueries),12435,0,0.29,0,0.5
aim,ShadowModelling(RandomQueries),12435,1,0.37,0,0.5
aim,ShadowModelling(RandomQueries),12435,0,0.51,1,0.5
aim,ShadowModelling(RandomQueries),12435,1,0.33,0,0.5
aim,ShadowModelling(RandomQueries),12435,0,0.55,1,0.5
aim,ShadowModelling(RandomQueries),12435,1,0.59,1,0.5
aim,ShadowModelling(RandomQueries),12435,0,0.3,0,0.5
aim,ShadowModelling(RandomQueries),12435,1,0.49,0,0.5
aim,ShadowModelling(RandomQueries),12435,0,0.42,0,0.5
aim,ShadowModelling(RandomQueries),12435,1,0.35,0,0.5
aim,ShadowModelling(RandomQueries),12435,0,0.36,0,0.5
aim,ShadowModelling(RandomQueries),12435,1,0.47,0,0.5
aim,ShadowModelling(RandomQueries),12435,0,0.41,0,0.5
aim,ShadowModelling(RandomQueries),12435,1,0.5,0,0.5
aim,ShadowModelling(RandomQueries),12435,0,0.31,0,0.5
aim,ShadowModelling(RandomQueries),12435,1,0.74,1,0.5
aim,ShadowModelling(RandomQueries),12435,0,0.48,0,0.5
aim,ShadowModelling(RandomQueries),12435,1,0.5,0,0.5
aim,ShadowModelling(RandomQueries),12435,0,0.47,0,0.5
aim,ShadowModelling(RandomQueries),12435,1,0.31,0,0.5
aim,ShadowModelling(RandomQueries),12435,0,0.53,1,0.5
aim,ShadowModelling(RandomQueries),12435,1,0.5,0,0.5
aim,ShadowModelling(RandomQueries),12435,0,0.31,0,0.5
aim,ShadowModelling(RandomQueries),12435,1,0.5,0,0.5
aim,ShadowModelling(RandomQueries),12435,0,0.34,0,0.5
aim,ShadowModelling(RandomQueries),12435,1,0.33,0,0.5
aim,ShadowModelling(RandomQueries),12435,0,0.54,1,0.5
aim,ShadowModelling(RandomQueries),12435,1,0.72,1,0.5
aim,ShadowModelling(RandomQueries),12435,0,0.44,0,0.5
aim,ShadowModelling(RandomQueries),12435,1,0.68,1,0.5
aim,ShadowModelling(RandomQueries),12435,0,0.41,0,0.5
aim,ShadowModelling(RandomQueries),12435,1,0.39,0,0.5
aim,ShadowModelling(RandomQueries),12435,0,0.17,0,0.5
aim,ShadowModelling(RandomQueries),12435,1,0.73,1,0.5
aim,ShadowModelling(RandomQueries),12435,0,0.75,1,0.5
aim,ShadowModelling(RandomQueries),12435,1,0.4,0,0.5
aim,ShadowModelling(RandomQueries),12435,0,0.64,1,0.5
aim,ShadowModelling(RandomQueries),12435,1,0.46,0,0.5
aim,ShadowModelling(RandomQueries),12435,0,0.54,1,0.5
aim,ShadowModelling(RandomQueries),12435,1,0.45,0,0.5
aim,ShadowModelling(RandomQueries),12435,0,0.26,0,0.5
aim,ShadowModelling(RandomQueries),12435,1,0.39,0,0.5
aim,ShadowModelling(RandomQueries),12435,0,0.49,0,0.5
aim,ShadowModelling(RandomQueries),12435,1,0.46,0,0.5
aim,ShadowModelling(RandomQueries),12435,0,0.45,0,0.5
aim,ShadowModelling(RandomQueries),12435,1,0.34,0,0.5
aim,ShadowModelling(RandomQueries),12435,0,0.55,1,0.5
aim,ShadowModelling(RandomQueries),12435,1,0.23,0,0.5
aim,ShadowModelling(RandomQueries),12435,0,0.51,1,0.5
aim,ShadowModelling(RandomQueries),12435,1,0.53,1,0.5
aim,ShadowModelling(RandomQueries),12435,0,0.55,1,0.5
aim,ShadowModelling(RandomQueries),12435,1,0.54,1,0.5
aim,ShadowModelling(RandomQueries),12435,0,0.33,0,0.5
aim,ShadowModelling(RandomQueries),12435,1,0.34,0,0.5
aim,ShadowModelling(RandomQueries),12435,0,0.36,0,0.5
aim,ShadowModelling(RandomQueries),12435,1,0.4,0,0.5
aim,ShadowModelling(RandomQueries),12435,0,0.56,1,0.5
aim,ShadowModelling(RandomQueries),12435,1,0.55,1,0.5
aim,ShadowModelling(RandomQueries),12435,0,0.35,0,0.5
aim,ShadowModelling(RandomQueries),12435,1,0.57,1,0.5
aim,ShadowModelling(RandomQueries),12435,0,0.46,0,0.5
aim,ShadowModelling(RandomQueries),12435,1,0.39,0,0.5
aim,ShadowModelling(RandomQueries),12435,0,0.26,0,0.5
aim,ShadowModelling(RandomQueries),12435,1,0.37,0,0.5
aim,ShadowModelling(RandomQueries),12435,0,0.54,1,0.5
aim,ShadowModelling(RandomQueries),12435,1,0.66,1,0.5
aim,ShadowModelling(RandomQueries),12435,0,0.44,0,0.5
aim,ShadowModelling(RandomQueries),12435,1,0.47,0,0.5
aim,ShadowModelling(RandomQueries),12435,0,0.78,1,0.5
aim,ShadowModelling(RandomQueries),12435,1,0.57,1,0.5
aim,ShadowModelling(RandomQueries),12435,0,0.52,1,0.5
aim,ShadowModelling(RandomQueries),12435,1,0.68,1,0.5
aim,ShadowModelling(RandomQueries),12435,0,0.5,0,0.5
aim,ShadowModelling(RandomQueries),12435,1,0.75,1,0.5
aim,ShadowModelling(RandomQueries),12435,0,0.35,0,0.5
aim,ShadowModelling(RandomQueries),12435,1,0.59,1,0.5
aim,ShadowModelling(RandomQueries),12435,0,0.53,1,0.5
aim,ShadowModelling(RandomQueries),12435,1,0.36,0,0.5
aim,ShadowModelling(RandomQueries),12435,0,0.49,0,0.5
aim,ShadowModelling(RandomQueries),12435,1,0.45,0,0.5
aim,ShadowModelling(RandomQueries),12435,0,0.48,0,0.5
aim,ShadowModelling(RandomQueries),12435,1,0.54,1,0.5
aim,ShadowModelling(RandomQueries),12435,0,0.58,1,0.5
aim,ShadowModelling(RandomQueries),12435,1,0.44,0,0.5
aim,ShadowModelling(RandomQueries),12435,0,0.59,1,0.5
aim,"LocalNeighbourhood(L_2, 0.250411558405805, accuracy)",12435,1,0.0,0,0.012
aim,"LocalNeighbourhood(L_2, 0.250411558405805, accuracy)",12435,0,0.024,1,0.012
aim,"LocalNeighbourhood(L_2, 0.250411558405805, accuracy)",12435,1,0.016,1,0.012
aim,"LocalNeighbourhood(L_2, 0.250411558405805, accuracy)",12435,0,0.0,0,0.012
aim,"LocalNeighbourhood(L_2, 0.250411558405805, accuracy)",12435,1,0.006,0,0.012
aim,"LocalNeighbourhood(L_2, 0.250411558405805, accuracy)",12435,0,0.002,0,0.012
aim,"LocalNeighbourhood(L_2, 0.250411558405805, accuracy)",12435,1,0.0,0,0.012
aim,"LocalNeighbourhood(L_2, 0.250411558405805, accuracy)",12435,0,0.002,0,0.012
aim,"LocalNeighbourhood(L_2, 0.250411558405805, accuracy)",12435,1,0.008,0,0.012
aim,"LocalNeighbourhood(L_2, 0.250411558405805, accuracy)",12435,0,0.002,0,0.012
aim,"LocalNeighbourhood(L_2, 0.250411558405805, accuracy)",12435,1,0.006,0,0.012
aim,"LocalNeighbourhood(L_2, 0.250411558405805, accuracy)",12435,0,0.0,0,0.012
aim,"LocalNeighbourhood(L_2, 0.250411558405805, accuracy)",12435,1,0.0,0,0.012
aim,"LocalNeighbourhood(L_2, 0.250411558405805, accuracy)",12435,0,0.008,0,0.012
aim,"LocalNeighbourhood(L_2, 0.250411558405805, accuracy)",12435,1,0.006,0,0.012
aim,"LocalNeighbourhood(L_2, 0.250411558405805, accuracy)",12435,0,0.0,0,0.012
aim,"LocalNeighbourhood(L_2, 0.250411558405805, accuracy)",12435,1,0.0,0,0.012
aim,"LocalNeighbourhood(L_2, 0.250411558405805, accuracy)",12435,0,0.006,0,0.012
aim,"LocalNeighbourhood(L_2, 0.250411558405805, accuracy)",12435,1,0.002,0,0.012
aim,"LocalNeighbourhood(L_2, 0.250411558405805, accuracy)",12435,0,0.002,0,0.012
aim,"LocalNeighbourhood(L_2, 0.250411558405805, accuracy)",12435,1,0.0,0,0.012
aim,"LocalNeighbourhood(L_2, 0.250411558405805, accuracy)",12435,0,0.002,0,0.012
aim,"LocalNeighbourhood(L_2, 0.250411558405805, accuracy)",12435,1,0.0,0,0.012
aim,"LocalNeighbourhood(L_2, 0.250411558405805, accuracy)",12435,0,0.0,0,0.012
aim,"LocalNeighbourhood(L_2, 0.250411558405805, accuracy)",12435,1,0.0,0,0.012
aim,"LocalNeighbourhood(L_2, 0.250411558405805, accuracy)",12435,0,0.0,0,0.012
aim,"LocalNeighbourhood(L_2, 0.250411558405805, accuracy)",12435,1,0.0,0,0.012
aim,"LocalNeighbourhood(L_2, 0.250411558405805, accuracy)",12435,0,0.004,0,0.012
aim,"LocalNeighbourhood(L_2, 0.250411558405805, accuracy)",12435,1,0.004,0,0.012
aim,"LocalNeighbourhood(L_2, 0.250411558405805, accuracy)",12435,0,0.01,0,0.012
aim,"LocalNeighbourhood(L_2, 0.250411558405805, accuracy)",12435,1,0.002,0,0.012
aim,"LocalNeighbourhood(L_2, 0.250411558405805, accuracy)",12435,0,0.0,0,0.012
aim,"LocalNeighbourhood(L_2, 0.250411558405805, accuracy)",12435,1,0.0,0,0.012
aim,"LocalNeighbourhood(L_2, 0.250411558405805, accuracy)",12435,0,0.0,0,0.012
aim,"LocalNeighbourhood(L_2, 0.250411558405805, accuracy)",12435,1,0.006,0,0.012
aim,"LocalNeighbourhood(L_2, 0.250411558405805, accuracy)",12435,0,0.002,0,0.012
aim,"LocalNeighbourhood(L_2, 0.250411558405805, accuracy)",12435,1,0.012,1,0.012
aim,"LocalNeighbourhood(L_2, 0.250411558405805, accuracy)",12435,0,0.0,0,0.012
aim,"LocalNeighbourhood(L_2, 0.250411558405805, accuracy)",12435,1,0.0,0,0.012
aim,"LocalNeighbourhood(L_2, 0.250411558405805, accuracy)",12435,0,0.002,0,0.012
aim,"LocalNeighbourhood(L_2, 0.250411558405805, accuracy)",12435,1,0.006,0,0.012
aim,"LocalNeighbourhood(L_2, 0.250411558405805, accuracy)",12435,0,0.0,0,0.012
aim,"LocalNeighbourhood(L_2, 0.250411558405805, accuracy)",12435,1,0.002,0,0.012
aim,"LocalNeighbourhood(L_2, 0.250411558405805, accuracy)",12435,0,0.002,0,0.012
aim,"LocalNeighbourhood(L_2, 0.250411558405805, accuracy)",12435,1,0.006,0,0.012
aim,"LocalNeighbourhood(L_2, 0.250411558405805, accuracy)",12435,0,0.006,0,0.012
aim,"LocalNeighbourhood(L_2, 0.250411558405805, accuracy)",12435,1,0.0,0,0.012
aim,"LocalNeighbourhood(L_2, 0.250411558405805, accuracy)",12435,0,0.006,0,0.012
aim,"LocalNeighbourhood(L_2, 0.250411558405805, accuracy)",12435,1,0.0,0,0.012
aim,"LocalNeighbourhood(L_2, 0.250411558405805, accuracy)",12435,0,0.006,0,0.012
aim,"LocalNeighbourhood(L_2, 0.250411558405805, accuracy)",12435,1,0.004,0,0.012
aim,"LocalNeighbourhood(L_2, 0.250411558405805, accuracy)",12435,0,0.01,0,0.012
aim,"LocalNeighbourhood(L_2, 0.250411558405805, accuracy)",12435,1,0.0,0,0.012
aim,"LocalNeighbourhood(L_2, 0.250411558405805, accuracy)",12435,0,0.0,0,0.012
aim,"LocalNeighbourhood(L_2, 0.250411558405805, accuracy)",12435,1,0.0,0,0.012
aim,"LocalNeighbourhood(L_2, 0.250411558405805, accuracy)",12435,0,0.0,0,0.012
aim,"LocalNeighbourhood(L_2, 0.250411558405805, accuracy)",12435,1,0.004,0,0.012
aim,"LocalNeighbourhood(L_2, 0.250411558405805, accuracy)",12435,0,0.0,0,0.012
aim,"LocalNeighbourhood(L_2, 0.250411558405805, accuracy)",12435,1,0.002,0,0.012
aim,"LocalNeighbourhood(L_2, 0.250411558405805, accuracy)",12435,0,0.0,0,0.012
aim,"LocalNeighbourhood(L_2, 0.250411558405805, accuracy)",12435,1,0.0,0,0.012
aim,"LocalNeighbourhood(L_2, 0.250411558405805, accuracy)",12435,0,0.0,0,0.012
aim,"LocalNeighbourhood(L_2, 0.250411558405805, accuracy)",12435,1,0.0,0,0.012
aim,"LocalNeighbourhood(L_2, 0.250411558405805, accuracy)",12435,0,0.006,0,0.012
aim,"LocalNeighbourhood(L_2, 0.250411558405805, accuracy)",12435,1,0.0,0,0.012
aim,"LocalNeighbourhood(L_2, 0.250411558405805, accuracy)",12435,0,0.0,0,0.012
aim,"LocalNeighbourhood(L_2, 0.250411558405805, accuracy)",12435,1,0.002,0,0.012
aim,"LocalNeighbourhood(L_2, 0.250411558405805, accuracy)",12435,0,0.002,0,0.012
aim,"LocalNeighbourhood(L_2, 0.250411558405805, accuracy)",12435,1,0.004,0,0.012
aim,"LocalNeighbourhood(L_2, 0.250411558405805, accuracy)",12435,0,0.0,0,0.012
aim,"LocalNeighbourhood(L_2, 0.250411558405805, accuracy)",12435,1,0.0,0,0.012
aim,"LocalNeighbourhood(L_2, 0.250411558405805, accuracy)",12435,0,0.002,0,0.012
aim,"LocalNeighbourhood(L_2, 0.250411558405805, accuracy)",12435,1,0.004,0,0.012
aim,"LocalNeighbourhood(L_2, 0.250411558405805, accuracy)",12435,0,0.0,0,0.012
aim,"LocalNeighbourhood(L_2, 0.250411558405805, accuracy)",12435,1,0.0,0,0.012
aim,"LocalNeighbourhood(L_2, 0.250411558405805, accuracy)",12435,0,0.002,0,0.012
aim,"LocalNeighbourhood(L_2, 0.250411558405805, accuracy)",12435,1,0.0,0,0.012
aim,"LocalNeighbourhood(L_2, 0.250411558405805, accuracy)",12435,0,0.0,0,0.012
aim,"LocalNeighbourhood(L_2, 0.250411558405805, accuracy)",12435,1,0.0,0,0.012
aim,"LocalNeighbourhood(L_2, 0.250411558405805, accuracy)",12435,0,0.0,0,0.012
aim,"LocalNeighbourhood(L_2, 0.250411558405805, accuracy)",12435,1,0.008,0,0.012
aim,"LocalNeighbourhood(L_2, 0.250411558405805, accuracy)",12435,0,0.0,0,0.012
aim,"LocalNeighbourhood(L_2, 0.250411558405805, accuracy)",12435,1,0.0,0,0.012
aim,"LocalNeighbourhood(L_2, 0.250411558405805, accuracy)",12435,0,0.0,0,0.012
aim,"LocalNeighbourhood(L_2, 0.250411558405805, accuracy)",12435,1,0.01,0,0.012
aim,"LocalNeighbourhood(L_2, 0.250411558405805, accuracy)",12435,0,0.0,0,0.012
aim,"LocalNeighbourhood(L_2, 0.250411558405805, accuracy)",12435,1,0.0,0,0.012
aim,"LocalNeighbourhood(L_2, 0.250411558405805, accuracy)",12435,0,0.0,0,0.012
aim,"LocalNeighbourhood(L_2, 0.250411558405805, accuracy)",12435,1,0.0,0,0.012
aim,"LocalNeighbourhood(L_2, 0.250411558405805, accuracy)",12435,0,0.006,0,0.012
aim,"LocalNeighbourhood(L_2, 0.250411558405805, accuracy)",12435,1,0.002,0,0.012
aim,"LocalNeighbourhood(L_2, 0.250411558405805, accuracy)",12435,0,0.0,0,0.012
aim,"LocalNeighbourhood(L_2, 0.250411558405805, accuracy)",12435,1,0.002,0,0.012
aim,"LocalNeighbourhood(L_2, 0.250411558405805, accuracy)",12435,0,0.002,0,0.012
aim,"LocalNeighbourhood(L_2, 0.250411558405805, accuracy)",12435,1,0.0,0,0.012
aim,"LocalNeighbourhood(L_2, 0.250411558405805, accuracy)",12435,0,0.0,0,0.012
aim,"LocalNeighbourhood(L_2, 0.250411558405805, accuracy)",12435,1,0.002,0,0.012
aim,"LocalNeighbourhood(L_2, 0.250411558405805, accuracy)",12435,0,0.004,0,0.012
aim,"LocalNeighbourhood(L_2, 0.250411558405805, accuracy)",12435,1,0.0,0,0.012
aim,"LocalNeighbourhood(L_2, 0.250411558405805, accuracy)",12435,0,0.0,0,0.012
aim,"LocalNeighbourhood(L_2, 0.250411558405805, accuracy)",12435,1,0.004,0,0.012
aim,"LocalNeighbourhood(L_2, 0.250411558405805, accuracy)",12435,0,0.0,0,0.012
aim,"LocalNeighbourhood(L_2, 0.250411558405805, accuracy)",12435,1,0.0,0,0.012
aim,"LocalNeighbourhood(L_2, 0.250411558405805, accuracy)",12435,0,0.0,0,0.012
aim,"LocalNeighbourhood(L_2, 0.250411558405805, accuracy)",12435,1,0.004,0,0.012
aim,"LocalNeighbourhood(L_2, 0.250411558405805, accuracy)",12435,0,0.002,0,0.012
aim,"LocalNeighbourhood(L_2, 0.250411558405805, accuracy)",12435,1,0.0,0,0.012
aim,"LocalNeighbourhood(L_2, 0.250411558405805, accuracy)",12435,0,0.0,0,0.012
aim,"LocalNeighbourhood(L_2, 0.250411558405805, accuracy)",12435,1,0.006,0,0.012
aim,"LocalNeighbourhood(L_2, 0.250411558405805, accuracy)",12435,0,0.006,0,0.012
aim,"LocalNeighbourhood(L_2, 0.250411558405805, accuracy)",12435,1,0.0,0,0.012
aim,"LocalNeighbourhood(L_2, 0.250411558405805, accuracy)",12435,0,0.006,0,0.012
aim,"LocalNeighbourhood(L_2, 0.250411558405805, accuracy)",12435,1,0.004,0,0.012
aim,"LocalNeighbourhood(L_2, 0.250411558405805, accuracy)",12435,0,0.0,0,0.012
aim,"LocalNeighbourhood(L_2, 0.250411558405805, accuracy)",12435,1,0.0,0,0.012
aim,"LocalNeighbourhood(L_2, 0.250411558405805, accuracy)",12435,0,0.0,0,0.012
aim,"LocalNeighbourhood(L_2, 0.250411558405805, accuracy)",12435,1,0.002,0,0.012
aim,"LocalNeighbourhood(L_2, 0.250411558405805, accuracy)",12435,0,0.002,0,0.012
aim,"LocalNeighbourhood(L_2, 0.250411558405805, accuracy)",12435,1,0.0,0,0.012
aim,"LocalNeighbourhood(L_2, 0.250411558405805, accuracy)",12435,0,0.0,0,0.012
aim,"LocalNeighbourhood(L_2, 0.250411558405805, accuracy)",12435,1,0.0,0,0.012
aim,"LocalNeighbourhood(L_2, 0.250411558405805, accuracy)",12435,0,0.004,0,0.012
aim,"LocalNeighbourhood(L_2, 0.250411558405805, accuracy)",12435,1,0.006,0,0.012
aim,"LocalNeighbourhood(L_2, 0.250411558405805, accuracy)",12435,0,0.002,0,0.012
aim,"LocalNeighbourhood(L_2, 0.250411558405805, accuracy)",12435,1,0.002,0,0.012
aim,"LocalNeighbourhood(L_2, 0.250411558405805, accuracy)",12435,0,0.0,0,0.012
aim,"LocalNeighbourhood(L_2, 0.250411558405805, accuracy)",12435,1,0.0,0,0.012
aim,"LocalNeighbourhood(L_2, 0.250411558405805, accuracy)",12435,0,0.0,0,0.012
aim,"LocalNeighbourhood(L_2, 0.250411558405805, accuracy)",12435,1,0.006,0,0.012
aim,"LocalNeighbourhood(L_2, 0.250411558405805, accuracy)",12435,0,0.002,0,0.012
aim,"LocalNeighbourhood(L_2, 0.250411558405805, accuracy)",12435,1,0.002,0,0.012
aim,"LocalNeighbourhood(L_2, 0.250411558405805, accuracy)",12435,0,0.004,0,0.012
aim,"LocalNeighbourhood(L_2, 0.250411558405805, accuracy)",12435,1,0.002,0,0.012
aim,"LocalNeighbourhood(L_2, 0.250411558405805, accuracy)",12435,0,0.002,0,0.012
aim,"LocalNeighbourhood(L_2, 0.250411558405805, accuracy)",12435,1,0.002,0,0.012
aim,"LocalNeighbourhood(L_2, 0.250411558405805, accuracy)",12435,0,0.004,0,0.012
aim,"LocalNeighbourhood(L_2, 0.250411558405805, accuracy)",12435,1,0.004,0,0.012
aim,"LocalNeighbourhood(L_2, 0.250411558405805, accuracy)",12435,0,0.0,0,0.012
aim,"LocalNeighbourhood(L_2, 0.250411558405805, accuracy)",12435,1,0.0,0,0.012
aim,"LocalNeighbourhood(L_2, 0.250411558405805, accuracy)",12435,0,0.002,0,0.012
aim,"LocalNeighbourhood(L_2, 0.250411558405805, accuracy)",12435,1,0.0,0,0.012
aim,"LocalNeighbourhood(L_2, 0.250411558405805, accuracy)",12435,0,0.002,0,0.012
aim,"LocalNeighbourhood(L_2, 0.250411558405805, accuracy)",12435,1,0.0,0,0.012
aim,"LocalNeighbourhood(L_2, 0.250411558405805, accuracy)",12435,0,0.004,0,0.012
aim,"LocalNeighbourhood(L_2, 0.250411558405805, accuracy)",12435,1,0.0,0,0.012
aim,"LocalNeighbourhood(L_2, 0.250411558405805, accuracy)",12435,0,0.0,0,0.012
aim,"LocalNeighbourhood(L_2, 0.250411558405805, accuracy)",12435,1,0.01,0,0.012
aim,"LocalNeighbourhood(L_2, 0.250411558405805, accuracy)",12435,0,0.002,0,0.012
aim,"LocalNeighbourhood(L_2, 0.250411558405805, accuracy)",12435,1,0.0,0,0.012
aim,"LocalNeighbourhood(L_2, 0.250411558405805, accuracy)",12435,0,0.0,0,0.012
aim,"LocalNeighbourhood(L_2, 0.250411558405805, accuracy)",12435,1,0.002,0,0.012
aim,"LocalNeighbourhood(L_2, 0.250411558405805, accuracy)",12435,0,0.0,0,0.012
aim,"LocalNeighbourhood(L_2, 0.250411558405805, accuracy)",12435,1,0.002,0,0.012
aim,"LocalNeighbourhood(L_2, 0.250411558405805, accuracy)",12435,0,0.004,0,0.012
aim,"LocalNeighbourhood(L_2, 0.250411558405805, accuracy)",12435,1,0.0,0,0.012
aim,"LocalNeighbourhood(L_2, 0.250411558405805, accuracy)",12435,0,0.006,0,0.012
aim,"LocalNeighbourhood(L_2, 0.250411558405805, accuracy)",12435,1,0.01,0,0.012
aim,"LocalNeighbourhood(L_2, 0.250411558405805, accuracy)",12435,0,0.0,0,0.012
aim,"LocalNeighbourhood(L_2, 0.250411558405805, accuracy)",12435,1,0.0,0,0.012
aim,"LocalNeighbourhood(L_2, 0.250411558405805, accuracy)",12435,0,0.0,0,0.012
aim,"LocalNeighbourhood(L_2, 0.250411558405805, accuracy)",12435,1,0.002,0,0.012
aim,"LocalNeighbourhood(L_2, 0.250411558405805, accuracy)",12435,0,0.0,0,0.012
aim,"LocalNeighbourhood(L_2, 0.250411558405805, accuracy)",12435,1,0.02,1,0.012
aim,"LocalNeighbourhood(L_2, 0.250411558405805, accuracy)",12435,0,0.004,0,0.012
aim,"LocalNeighbourhood(L_2, 0.250411558405805, accuracy)",12435,1,0.0,0,0.012
aim,"LocalNeighbourhood(L_2, 0.250411558405805, accuracy)",12435,0,0.0,0,0.012
aim,"LocalNeighbourhood(L_2, 0.250411558405805, accuracy)",12435,1,0.0,0,0.012
aim,"LocalNeighbourhood(L_2, 0.250411558405805, accuracy)",12435,0,0.004,0,0.012
aim,"LocalNeighbourhood(L_2, 0.250411558405805, accuracy)",12435,1,0.0,0,0.012
aim,"LocalNeighbourhood(L_2, 0.250411558405805, accuracy)",12435,0,0.006,0,0.012
aim,"LocalNeighbourhood(L_2, 0.250411558405805, accuracy)",12435,1,0.002,0,0.012
aim,"LocalNeighbourhood(L_2, 0.250411558405805, accuracy)",12435,0,0.0,0,0.012
aim,"LocalNeighbourhood(L_2, 0.250411558405805, accuracy)",12435,1,0.0,0,0.012
aim,"LocalNeighbourhood(L_2, 0.250411558405805, accuracy)",12435,0,0.004,0,0.012
aim,"LocalNeighbourhood(L_2, 0.250411558405805, accuracy)",12435,1,0.0,0,0.012
aim,"LocalNeighbourhood(L_2, 0.250411558405805, accuracy)",12435,0,0.004,0,0.012
aim,"LocalNeighbourhood(L_2, 0.250411558405805, accuracy)",12435,1,0.0,0,0.012
aim,"LocalNeighbourhood(L_2, 0.250411558405805, accuracy)",12435,0,0.0,0,0.012
aim,"LocalNeighbourhood(L_2, 0.250411558405805, accuracy)",12435,1,0.004,0,0.012
aim,"LocalNeighbourhood(L_2, 0.250411558405805, accuracy)",12435,0,0.0,0,0.012
aim,"LocalNeighbourhood(L_2, 0.250411558405805, accuracy)",12435,1,0.004,0,0.012
aim,"LocalNeighbourhood(L_2, 0.250411558405805, accuracy)",12435,0,0.002,0,0.012
aim,"LocalNeighbourhood(L_2, 0.250411558405805, accuracy)",12435,1,0.0,0,0.012
aim,"LocalNeighbourhood(L_2, 0.250411558405805, accuracy)",12435,0,0.0,0,0.012
aim,"LocalNeighbourhood(L_2, 0.250411558405805, accuracy)",12435,1,0.0,0,0.012
aim,"LocalNeighbourhood(L_2, 0.250411558405805, accuracy)",12435,0,0.002,0,0.012
aim,"LocalNeighbourhood(L_2, 0.250411558405805, accuracy)",12435,1,0.0,0,0.012
aim,"LocalNeighbourhood(L_2, 0.250411558405805, accuracy)",12435,0,0.0,0,0.012
aim,"LocalNeighbourhood(L_2, 0.250411558405805, accuracy)",12435,1,0.004,0,0.012
aim,"LocalNeighbourhood(L_2, 0.250411558405805, accuracy)",12435,0,0.0,0,0.012
aim,"LocalNeighbourhood(L_2, 0.250411558405805, accuracy)",12435,1,0.0,0,0.012
aim,"LocalNeighbourhood(L_2, 0.250411558405805, accuracy)",12435,0,0.0,0,0.012
aim,"LocalNeighbourhood(L_2, 0.250411558405805, accuracy)",12435,1,0.0,0,0.012
aim,"LocalNeighbourhood(L_2, 0.250411558405805, accuracy)",12435,0,0.014,1,0.012
aim,"LocalNeighbourhood(L_2, 0.250411558405805, accuracy)",12435,1,0.0,0,0.012
aim,"LocalNeighbourhood(L_2, 0.250411558405805, accuracy)",12435,0,0.002,0,0.012
aim,"LocalNeighbourhood(L_2, 0.250411558405805, accuracy)",12435,1,0.002,0,0.012
aim,"LocalNeighbourhood(L_2, 0.250411558405805, accuracy)",12435,0,0.002,0,0.012
aim,"LocalNeighbourhood(L_2, 0.250411558405805, accuracy)",12435,1,0.0,0,0.012
aim,"LocalNeighbourhood(L_2, 0.250411558405805, accuracy)",12435,0,0.0,0,0.012
aim,"LocalNeighbourhood(L_2, 0.250411558405805, accuracy)",12435,1,0.002,0,0.012
aim,"LocalNeighbourhood(L_2, 0.250411558405805, accuracy)",12435,0,0.002,0,0.012
aim,"LocalNeighbourhood(L_2, 0.250411558405805, accuracy)",12435,1,0.002,0,0.012
aim,"LocalNeighbourhood(L_2, 0.250411558405805, accuracy)",12435,0,0.018,1,0.012
aim,"LocalNeighbourhood(L_2, 0.250411558405805, accuracy)",12435,1,0.0,0,0.012
aim,"LocalNeighbourhood(L_2, 0.250411558405805, accuracy)",12435,0,0.002,0,0.012
aim,"LocalNeighbourhood(L_2, 0.250411558405805, accuracy)",12435,1,0.0,0,0.012
aim,"LocalNeighbourhood(L_2, 0.250411558405805, accuracy)",12435,0,0.004,0,0.012
aim,"LocalNeighbourhood(L_2, 0.250411558405805, accuracy)",12435,1,0.0,0,0.012
aim,"LocalNeighbourhood(L_2, 0.250411558405805, accuracy)",12435,0,0.002,0,0.012
aim,"LocalNeighbourhood(L_2, 0.250411558405805, accuracy)",12435,1,0.0,0,0.012
aim,"LocalNeighbourhood(L_2, 0.250411558405805, accuracy)",12435,0,0.0,0,0.012
aim,"LocalNeighbourhood(L_2, 0.250411558405805, accuracy)",12435,1,0.01,0,0.012
aim,"LocalNeighbourhood(L_2, 0.250411558405805, accuracy)",12435,0,0.0,0,0.012
aim,"LocalNeighbourhood(L_2, 0.250411558405805, accuracy)",12435,1,0.008,0,0.012
aim,"LocalNeighbourhood(L_2, 0.250411558405805, accuracy)",12435,0,0.0,0,0.012
aim,"LocalNeighbourhood(L_2, 0.250411558405805, accuracy)",12435,1,0.0,0,0.012
aim,"LocalNeighbourhood(L_2, 0.250411558405805, accuracy)",12435,0,0.0,0,0.012
aim,"LocalNeighbourhood(L_2, 0.250411558405805, accuracy)",12435,1,0.0,0,0.012
aim,"LocalNeighbourhood(L_2, 0.250411558405805, accuracy)",12435,0,0.0,0,0.012
aim,"LocalNeighbourhood(L_2, 0.250411558405805, accuracy)",12435,1,0.0,0,0.012
aim,"LocalNeighbourhood(L_2, 0.250411558405805, accuracy)",12435,0,0.004,0,0.012
aim,"LocalNeighbourhood(L_2, 0.250411558405805, accuracy)",12435,1,0.0,0,0.012
aim,"LocalNeighbourhood(L_2, 0.250411558405805, accuracy)",12435,0,0.004,0,0.012
aim,"LocalNeighbourhood(L_2, 0.250411558405805, accuracy)",12435,1,0.002,0,0.012
aim,"LocalNeighbourhood(L_2, 0.250411558405805, accuracy)",12435,0,0.004,0,0.012
aim,"LocalNeighbourhood(L_2, 0.250411558405805, accuracy)",12435,1,0.004,0,0.012
aim,"LocalNeighbourhood(L_2, 0.250411558405805, accuracy)",12435,0,0.002,0,0.012
aim,"LocalNeighbourhood(L_2, 0.250411558405805, accuracy)",12435,1,0.0,0,0.012
aim,"LocalNeighbourhood(L_2, 0.250411558405805, accuracy)",12435,0,0.0,0,0.012
aim,"LocalNeighbourhood(L_2, 0.250411558405805, accuracy)",12435,1,0.0,0,0.012
aim,"LocalNeighbourhood(L_2, 0.250411558405805, accuracy)",12435,0,0.014,1,0.012
aim,"LocalNeighbourhood(L_2, 0.250411558405805, accuracy)",12435,1,0.002,0,0.012
aim,"LocalNeighbourhood(L_2, 0.250411558405805, accuracy)",12435,0,0.006,0,0.012
aim,"LocalNeighbourhood(L_2, 0.250411558405805, accuracy)",12435,1,0.0,0,0.012
aim,"LocalNeighbourhood(L_2, 0.250411558405805, accuracy)",12435,0,0.0,0,0.012
aim,"LocalNeighbourhood(L_2, 0.250411558405805, accuracy)",12435,1,0.0,0,0.012
aim,"LocalNeighbourhood(L_2, 0.250411558405805, accuracy)",12435,0,0.0,0,0.012
aim,"LocalNeighbourhood(L_2, 0.250411558405805, accuracy)",12435,1,0.0,0,0.012
aim,"LocalNeighbourhood(L_2, 0.250411558405805, accuracy)",12435,0,0.0,0,0.012
aim,"LocalNeighbourhood(L_2, 0.250411558405805, accuracy)",12435,1,0.01,0,0.012
aim,"LocalNeighbourhood(L_2, 0.250411558405805, accuracy)",12435,0,0.0,0,0.012
aim,"LocalNeighbourhood(L_2, 0.250411558405805, accuracy)",12435,1,0.0,0,0.012
aim,"LocalNeighbourhood(L_2, 0.250411558405805, accuracy)",12435,0,0.0,0,0.012
aim,"LocalNeighbourhood(L_2, 0.250411558405805, accuracy)",12435,1,0.0,0,0.012
aim,"LocalNeighbourhood(L_2, 0.250411558405805, accuracy)",12435,0,0.03,1,0.012
aim,"LocalNeighbourhood(L_2, 0.250411558405805, accuracy)",12435,1,0.002,0,0.012
aim,"LocalNeighbourhood(L_2, 0.250411558405805, accuracy)",12435,0,0.002,0,0.012
aim,"LocalNeighbourhood(L_2, 0.250411558405805, accuracy)",12435,1,0.0,0,0.012
aim,"LocalNeighbourhood(L_2, 0.250411558405805, accuracy)",12435,0,0.006,0,0.012
aim,"LocalNeighbourhood(L_2, 0.250411558405805, accuracy)",12435,1,0.0,0,0.012
aim,"LocalNeighbourhood(L_2, 0.250411558405805, accuracy)",12435,0,0.006,0,0.012
aim,"LocalNeighbourhood(L_2, 0.250411558405805, accuracy)",12435,1,0.002,0,0.012
aim,"LocalNeighbourhood(L_2, 0.250411558405805, accuracy)",12435,0,0.008,0,0.012
aim,"LocalNeighbourhood(L_2, 0.250411558405805, accuracy)",12435,1,0.008,0,0.012
aim,"LocalNeighbourhood(L_2, 0.250411558405805, accuracy)",12435,0,0.006,0,0.012
aim,"LocalNeighbourhood(L_2, 0.250411558405805, accuracy)",12435,1,0.006,0,0.012
aim,"LocalNeighbourhood(L_2, 0.250411558405805, accuracy)",12435,0,0.0,0,0.012
aim,"LocalNeighbourhood(L_2, 0.250411558405805, accuracy)",12435,1,0.0,0,0.012
aim,"LocalNeighbourhood(L_2, 0.250411558405805, accuracy)",12435,0,0.002,0,0.012
aim,"LocalNeighbourhood(L_2, 0.250411558405805, accuracy)",12435,1,0.004,0,0.012
aim,"LocalNeighbourhood(L_2, 0.250411558405805, accuracy)",12435,0,0.0,0,0.012
aim,"LocalNeighbourhood(L_2, 0.250411558405805, accuracy)",12435,1,0.0,0,0.012
aim,"LocalNeighbourhood(L_2, 0.250411558405805, accuracy)",12435,0,0.002,0,0.012
aim,"LocalNeighbourhood(L_2, 0.250411558405805, accuracy)",12435,1,0.002,0,0.012
aim,"LocalNeighbourhood(L_2, 0.250411558405805, accuracy)",12435,0,0.006,0,0.012
aim,"LocalNeighbourhood(L_2, 0.250411558405805, accuracy)",12435,1,0.004,0,0.012
aim,"LocalNeighbourhood(L_2, 0.250411558405805, accuracy)",12435,0,0.004,0,0.012
aim,"LocalNeighbourhood(L_2, 0.250411558405805, accuracy)",12435,1,0.0,0,0.012
aim,"LocalNeighbourhood(L_2, 0.250411558405805, accuracy)",12435,0,0.0,0,0.012
aim,"LocalNeighbourhood(L_2, 0.250411558405805, accuracy)",12435,1,0.006,0,0.012
aim,"LocalNeighbourhood(L_2, 0.250411558405805, accuracy)",12435,0,0.014,1,0.012
aim,"LocalNeighbourhood(L_2, 0.250411558405805, accuracy)",12435,1,0.0,0,0.012
aim,"LocalNeighbourhood(L_2, 0.250411558405805, accuracy)",12435,0,0.006,0,0.012
aim,"LocalNeighbourhood(L_2, 0.250411558405805, accuracy)",12435,1,0.0,0,0.012
aim,"LocalNeighbourhood(L_2, 0.250411558405805, accuracy)",12435,0,0.012,1,0.012
aim,"LocalNeighbourhood(L_2, 0.250411558405805, accuracy)",12435,1,0.002,0,0.012
aim,"LocalNeighbourhood(L_2, 0.250411558405805, accuracy)",12435,0,0.0,0,0.012
aim,"LocalNeighbourhood(L_2, 0.250411558405805, accuracy)",12435,1,0.0,0,0.012
aim,"LocalNeighbourhood(L_2, 0.250411558405805, accuracy)",12435,0,0.002,0,0.012
aim,"LocalNeighbourhood(L_2, 0.250411558405805, accuracy)",12435,1,0.008,0,0.012
aim,"LocalNeighbourhood(L_2, 0.250411558405805, accuracy)",12435,0,0.0,0,0.012
aim,"LocalNeighbourhood(L_2, 0.250411558405805, accuracy)",12435,1,0.0,0,0.012
aim,"LocalNeighbourhood(L_2, 0.250411558405805, accuracy)",12435,0,0.016,1,0.012
aim,"LocalNeighbourhood(L_2, 0.250411558405805, accuracy)",12435,1,0.004,0,0.012
aim,"LocalNeighbourhood(L_2, 0.250411558405805, accuracy)",12435,0,0.004,0,0.012
aim,"LocalNeighbourhood(L_2, 0.250411558405805, accuracy)",12435,1,0.004,0,0.012
aim,"LocalNeighbourhood(L_2, 0.250411558405805, accuracy)",12435,0,0.002,0,0.012
aim,"LocalNeighbourhood(L_2, 0.250411558405805, accuracy)",12435,1,0.0,0,0.012
aim,"LocalNeighbourhood(L_2, 0.250411558405805, accuracy)",12435,0,0.0,0,0.012
aim,"LocalNeighbourhood(L_2, 0.250411558405805, accuracy)",12435,1,0.006,0,0.012
aim,"LocalNeighbourhood(L_2, 0.250411558405805, accuracy)",12435,0,0.0,0,0.012
aim,"LocalNeighbourhood(L_2, 0.250411558405805, accuracy)",12435,1,0.002,0,0.012
aim,"LocalNeighbourhood(L_2, 0.250411558405805, accuracy)",12435,0,0.0,0,0.012
aim,"LocalNeighbourhood(L_2, 0.250411558405805, accuracy)",12435,1,0.002,0,0.012
aim,"LocalNeighbourhood(L_2, 0.250411558405805, accuracy)",12435,0,0.002,0,0.012
aim,"LocalNeighbourhood(L_2, 0.250411558405805, accuracy)",12435,1,0.0,0,0.012
aim,"LocalNeighbourhood(L_2, 0.250411558405805, accuracy)",12435,0,0.0,0,0.012
aim,"LocalNeighbourhood(L_2, 0.250411558405805, accuracy)",12435,1,0.0,0,0.012
aim,"LocalNeighbourhood(L_2, 0.250411558405805, accuracy)",12435,0,0.0,0,0.012
aim,"LocalNeighbourhood(L_2, 0.250411558405805, accuracy)",12435,1,0.006,0,0.012
aim,"LocalNeighbourhood(L_2, 0.250411558405805, accuracy)",12435,0,0.006,0,0.012
aim,"LocalNeighbourhood(L_2, 0.250411558405805, accuracy)",12435,1,0.004,0,0.012
aim,"LocalNeighbourhood(L_2, 0.250411558405805, accuracy)",12435,0,0.0,0,0.012
aim,"LocalNeighbourhood(L_2, 0.250411558405805, accuracy)",12435,1,0.002,0,0.012
aim,"LocalNeighbourhood(L_2, 0.250411558405805, accuracy)",12435,0,0.0,0,0.012
aim,"LocalNeighbourhood(L_2, 0.250411558405805, accuracy)",12435,1,0.016,1,0.012
aim,"LocalNeighbourhood(L_2, 0.250411558405805, accuracy)",12435,0,0.0,0,0.012
aim,"LocalNeighbourhood(L_2, 0.250411558405805, accuracy)",12435,1,0.0,0,0.012
aim,"LocalNeighbourhood(L_2, 0.250411558405805, accuracy)",12435,0,0.0,0,0.012
aim,"LocalNeighbourhood(L_2, 0.250411558405805, accuracy)",12435,1,0.01,0,0.012
aim,"LocalNeighbourhood(L_2, 0.250411558405805, accuracy)",12435,0,0.002,0,0.012
aim,"LocalNeighbourhood(L_2, 0.250411558405805, accuracy)",12435,1,0.0,0,0.012
aim,"LocalNeighbourhood(L_2, 0.250411558405805, accuracy)",12435,0,0.002,0,0.012
aim,"LocalNeighbourhood(L_2, 0.250411558405805, accuracy)",12435,1,0.0,0,0.012
aim,"LocalNeighbourhood(L_2, 0.250411558405805, accuracy)",12435,0,0.002,0,0.012
aim,"LocalNeighbourhood(L_2, 0.250411558405805, accuracy)",12435,1,0.01,0,0.012
aim,"LocalNeighbourhood(L_2, 0.250411558405805, accuracy)",12435,0,0.002,0,0.012
aim,"LocalNeighbourhood(L_2, 0.250411558405805, accuracy)",12435,1,0.0,0,0.012
aim,"LocalNeighbourhood(L_2, 0.250411558405805, accuracy)",12435,0,0.0,0,0.012
aim,"LocalNeighbourhood(L_2, 0.250411558405805, accuracy)",12435,1,0.012,1,0.012
aim,"LocalNeighbourhood(L_2, 0.250411558405805, accuracy)",12435,0,0.0,0,0.012
aim,"LocalNeighbourhood(L_2, 0.250411558405805, accuracy)",12435,1,0.0,0,0.012
aim,"LocalNeighbourhood(L_2, 0.250411558405805, accuracy)",12435,0,0.002,0,0.012
aim,"LocalNeighbourhood(L_2, 0.250411558405805, accuracy)",12435,1,0.0,0,0.012
aim,"LocalNeighbourhood(L_2, 0.250411558405805, accuracy)",12435,0,0.0,0,0.012
aim,"LocalNeighbourhood(L_2, 0.250411558405805, accuracy)",12435,1,0.0,0,0.012
aim,"LocalNeighbourhood(L_2, 0.250411558405805, accuracy)",12435,0,0.0,0,0.012
aim,"LocalNeighbourhood(L_2, 0.250411558405805, accuracy)",12435,1,0.012,1,0.012
aim,"LocalNeighbourhood(L_2, 0.250411558405805, accuracy)",12435,0,0.0,0,0.012
aim,"LocalNeighbourhood(L_2, 0.250411558405805, accuracy)",12435,1,0.002,0,0.012
aim,"LocalNeighbourhood(L_2, 0.250411558405805, accuracy)",12435,0,0.002,0,0.012
aim,"LocalNeighbourhood(L_2, 0.250411558405805, accuracy)",12435,1,0.0,0,0.012
aim,"LocalNeighbourhood(L_2, 0.250411558405805, accuracy)",12435,0,0.008,0,0.012
aim,"LocalNeighbourhood(L_2, 0.250411558405805, accuracy)",12435,1,0.002,0,0.012
aim,"LocalNeighbourhood(L_2, 0.250411558405805, accuracy)",12435,0,0.0,0,0.012
aim,"LocalNeighbourhood(L_2, 0.250411558405805, accuracy)",12435,1,0.004,0,0.012
aim,"LocalNeighbourhood(L_2, 0.250411558405805, accuracy)",12435,0,0.002,0,0.012
aim,"LocalNeighbourhood(L_2, 0.250411558405805, accuracy)",12435,1,0.0,0,0.012
aim,"LocalNeighbourhood(L_2, 0.250411558405805, accuracy)",12435,0,0.002,0,0.012
aim,"LocalNeighbourhood(L_2, 0.250411558405805, accuracy)",12435,1,0.008,0,0.012
aim,"LocalNeighbourhood(L_2, 0.250411558405805, accuracy)",12435,0,0.0,0,0.012
aim,"LocalNeighbourhood(L_2, 0.250411558405805, accuracy)",12435,1,0.012,1,0.012
aim,"LocalNeighbourhood(L_2, 0.250411558405805, accuracy)",12435,0,0.0,0,0.012
aim,"LocalNeighbourhood(L_2, 0.250411558405805, accuracy)",12435,1,0.0,0,0.012
aim,"LocalNeighbourhood(L_2, 0.250411558405805, accuracy)",12435,0,0.002,0,0.012
aim,"LocalNeighbourhood(L_2, 0.250411558405805, accuracy)",12435,1,0.004,0,0.012
aim,"LocalNeighbourhood(L_2, 0.250411558405805, accuracy)",12435,0,0.0,0,0.012
aim,"LocalNeighbourhood(L_2, 0.250411558405805, accuracy)",12435,1,0.0,0,0.012
aim,"LocalNeighbourhood(L_2, 0.250411558405805, accuracy)",12435,0,0.004,0,0.012
aim,"LocalNeighbourhood(L_2, 0.250411558405805, accuracy)",12435,1,0.002,0,0.012
aim,"LocalNeighbourhood(L_2, 0.250411558405805, accuracy)",12435,0,0.0,0,0.012
aim,"LocalNeighbourhood(L_2, 0.250411558405805, accuracy)",12435,1,0.004,0,0.012
aim,"LocalNeighbourhood(L_2, 0.250411558405805, accuracy)",12435,0,0.0,0,0.012
aim,"LocalNeighbourhood(L_2, 0.250411558405805, accuracy)",12435,1,0.002,0,0.012
aim,"LocalNeighbourhood(L_2, 0.250411558405805, accuracy)",12435,0,0.0,0,0.012
aim,"LocalNeighbourhood(L_2, 0.250411558405805, accuracy)",12435,1,0.002,0,0.012
aim,"LocalNeighbourhood(L_2, 0.250411558405805, accuracy)",12435,0,0.002,0,0.012
aim,"LocalNeighbourhood(L_2, 0.250411558405805, accuracy)",12435,1,0.0,0,0.012
aim,"LocalNeighbourhood(L_2, 0.250411558405805, accuracy)",12435,0,0.0,0,0.012
aim,"LocalNeighbourhood(L_2, 0.250411558405805, accuracy)",12435,1,0.002,0,0.012
aim,"LocalNeighbourhood(L_2, 0.250411558405805, accuracy)",12435,0,0.0,0,0.012
aim,"LocalNeighbourhood(L_2, 0.250411558405805, accuracy)",12435,1,0.0,0,0.012
aim,"LocalNeighbourhood(L_2, 0.250411558405805, accuracy)",12435,0,0.0,0,0.012
aim,"LocalNeighbourhood(L_2, 0.250411558405805, accuracy)",12435,1,0.002,0,0.012
aim,"LocalNeighbourhood(L_2, 0.250411558405805, accuracy)",12435,0,0.0,0,0.012
aim,"LocalNeighbourhood(L_2, 0.250411558405805, accuracy)",12435,1,0.004,0,0.012
aim,"LocalNeighbourhood(L_2, 0.250411558405805, accuracy)",12435,0,0.018,1,0.012
aim,"LocalNeighbourhood(L_2, 0.250411558405805, accuracy)",12435,1,0.026,1,0.012
aim,"LocalNeighbourhood(L_2, 0.250411558405805, accuracy)",12435,0,0.004,0,0.012
aim,"LocalNeighbourhood(L_2, 0.250411558405805, accuracy)",12435,1,0.012,1,0.012
aim,"LocalNeighbourhood(L_2, 0.250411558405805, accuracy)",12435,0,0.002,0,0.012
aim,"LocalNeighbourhood(L_2, 0.250411558405805, accuracy)",12435,1,0.0,0,0.012
aim,"LocalNeighbourhood(L_2, 0.250411558405805, accuracy)",12435,0,0.002,0,0.012
aim,"LocalNeighbourhood(L_2, 0.250411558405805, accuracy)",12435,1,0.0,0,0.012
aim,"LocalNeighbourhood(L_2, 0.250411558405805, accuracy)",12435,0,0.006,0,0.012
aim,"LocalNeighbourhood(L_2, 0.250411558405805, accuracy)",12435,1,0.0,0,0.012
aim,"LocalNeighbourhood(L_2, 0.250411558405805, accuracy)",12435,0,0.002,0,0.012
aim,"LocalNeighbourhood(L_2, 0.250411558405805, accuracy)",12435,1,0.0,0,0.012
aim,"LocalNeighbourhood(L_2, 0.250411558405805, accuracy)",12435,0,0.01,0,0.012
aim,"LocalNeighbourhood(L_2, 0.250411558405805, accuracy)",12435,1,0.0,0,0.012
aim,"LocalNeighbourhood(L_2, 0.250411558405805, accuracy)",12435,0,0.004,0,0.012
aim,"LocalNeighbourhood(L_2, 0.250411558405805, accuracy)",12435,1,0.002,0,0.012
aim,"LocalNeighbourhood(L_2, 0.250411558405805, accuracy)",12435,0,0.002,0,0.012
aim,"LocalNeighbourhood(L_2, 0.250411558405805, accuracy)",12435,1,0.016,1,0.012
aim,"LocalNeighbourhood(L_2, 0.250411558405805, accuracy)",12435,0,0.014,1,0.012
aim,"LocalNeighbourhood(L_2, 0.250411558405805, accuracy)",12435,1,0.004,0,0.012
aim,"LocalNeighbourhood(L_2, 0.250411558405805, accuracy)",12435,0,0.0,0,0.012
aim,"LocalNeighbourhood(L_2, 0.250411558405805, accuracy)",12435,1,0.008,0,0.012
aim,"LocalNeighbourhood(L_2, 0.250411558405805, accuracy)",12435,0,0.002,0,0.012
aim,"LocalNeighbourhood(L_2, 0.250411558405805, accuracy)",12435,1,0.006,0,0.012
aim,"LocalNeighbourhood(L_2, 0.250411558405805, accuracy)",12435,0,0.0,0,0.012
aim,"LocalNeighbourhood(L_2, 0.250411558405805, accuracy)",12435,1,0.0,0,0.012
aim,"LocalNeighbourhood(L_2, 0.250411558405805, accuracy)",12435,0,0.0,0,0.012
aim,"LocalNeighbourhood(L_2, 0.250411558405805, accuracy)",12435,1,0.0,0,0.012
aim,"LocalNeighbourhood(L_2, 0.250411558405805, accuracy)",12435,0,0.0,0,0.012
aim,"LocalNeighbourhood(L_2, 0.250411558405805, accuracy)",12435,1,0.006,0,0.012
aim,"LocalNeighbourhood(L_2, 0.250411558405805, accuracy)",12435,0,0.0,0,0.012
aim,"LocalNeighbourhood(L_2, 0.250411558405805, accuracy)",12435,1,0.0,0,0.012
aim,"LocalNeighbourhood(L_2, 0.250411558405805, accuracy)",12435,0,0.01,0,0.012
aim,"LocalNeighbourhood(L_2, 0.250411558405805, accuracy)",12435,1,0.0,0,0.012
aim,"LocalNeighbourhood(L_2, 0.250411558405805, accuracy)",12435,0,0.006,0,0.012
aim,"LocalNeighbourhood(L_2, 0.250411558405805, accuracy)",12435,1,0.0,0,0.012
aim,"LocalNeighbourhood(L_2, 0.250411558405805, accuracy)",12435,0,0.004,0,0.012
aim,"LocalNeighbourhood(L_2, 0.250411558405805, accuracy)",12435,1,0.002,0,0.012
aim,"LocalNeighbourhood(L_2, 0.250411558405805, accuracy)",12435,0,0.0,0,0.012
aim,"LocalNeighbourhood(L_2, 0.250411558405805, accuracy)",12435,1,0.0,0,0.012
aim,"LocalNeighbourhood(L_2, 0.250411558405805, accuracy)",12435,0,0.0,0,0.012
aim,"LocalNeighbourhood(L_2, 0.250411558405805, accuracy)",12435,1,0.0,0,0.012
aim,"LocalNeighbourhood(L_2, 0.250411558405805, accuracy)",12435,0,0.004,0,0.012
aim,"LocalNeighbourhood(L_2, 0.250411558405805, accuracy)",12435,1,0.012,1,0.012
aim,"LocalNeighbourhood(L_2, 0.250411558405805, accuracy)",12435,0,0.0,0,0.012
aim,"LocalNeighbourhood(L_2, 0.250411558405805, accuracy)",12435,1,0.0,0,0.012
aim,"LocalNeighbourhood(L_2, 0.250411558405805, accuracy)",12435,0,0.0,0,0.012
aim,"LocalNeighbourhood(L_2, 0.250411558405805, accuracy)",12435,1,0.002,0,0.012
aim,"LocalNeighbourhood(L_2, 0.250411558405805, accuracy)",12435,0,0.002,0,0.012
aim,"LocalNeighbourhood(L_2, 0.250411558405805, accuracy)",12435,1,0.0,0,0.012
aim,"LocalNeighbourhood(L_2, 0.250411558405805, accuracy)",12435,0,0.0,0,0.012
aim,"LocalNeighbourhood(L_2, 0.250411558405805, accuracy)",12435,1,0.006,0,0.012
aim,"LocalNeighbourhood(L_2, 0.250411558405805, accuracy)",12435,0,0.0,0,0.012
aim,"LocalNeighbourhood(L_2, 0.250411558405805, accuracy)",12435,1,0.002,0,0.012
aim,"LocalNeighbourhood(L_2, 0.250411558405805, accuracy)",12435,0,0.002,0,0.012
aim,"LocalNeighbourhood(L_2, 0.250411558405805, accuracy)",12435,1,0.0,0,0.012
aim,"LocalNeighbourhood(L_2, 0.250411558405805, accuracy)",12435,0,0.002,0,0.012
aim,"LocalNeighbourhood(L_2, 0.250411558405805, accuracy)",12435,1,0.0,0,0.012
aim,"LocalNeighbourhood(L_2, 0.250411558405805, accuracy)",12435,0,0.002,0,0.012
aim,"LocalNeighbourhood(L_2, 0.250411558405805, accuracy)",12435,1,0.012,1,0.012
aim,"LocalNeighbourhood(L_2, 0.250411558405805, accuracy)",12435,0,0.006,0,0.012
aim,"LocalNeighbourhood(L_2, 0.250411558405805, accuracy)",12435,1,0.004,0,0.012
aim,"LocalNeighbourhood(L_2, 0.250411558405805, accuracy)",12435,0,0.004,0,0.012
aim,"LocalNeighbourhood(L_2, 0.250411558405805, accuracy)",12435,1,0.0,0,0.012
aim,"LocalNeighbourhood(L_2, 0.250411558405805, accuracy)",12435,0,0.014,1,0.012
aim,"LocalNeighbourhood(L_2, 0.250411558405805, accuracy)",12435,1,0.0,0,0.012
aim,"LocalNeighbourhood(L_2, 0.250411558405805, accuracy)",12435,0,0.0,0,0.012
aim,"LocalNeighbourhood(L_2, 0.250411558405805, accuracy)",12435,1,0.002,0,0.012
aim,"LocalNeighbourhood(L_2, 0.250411558405805, accuracy)",12435,0,0.0,0,0.012
aim,"LocalNeighbourhood(L_2, 0.250411558405805, accuracy)",12435,1,0.0,0,0.012
aim,"LocalNeighbourhood(L_2, 0.250411558405805, accuracy)",12435,0,0.006,0,0.012
aim,"LocalNeighbourhood(L_2, 0.250411558405805, accuracy)",12435,1,0.004,0,0.012
aim,"LocalNeighbourhood(L_2, 0.250411558405805, accuracy)",12435,0,0.0,0,0.012
aim,"LocalNeighbourhood(L_2, 0.250411558405805, accuracy)",12435,1,0.01,0,0.012
aim,"LocalNeighbourhood(L_2, 0.250411558405805, accuracy)",12435,0,0.002,0,0.012
aim,"LocalNeighbourhood(L_2, 0.250411558405805, accuracy)",12435,1,0.002,0,0.012
aim,"LocalNeighbourhood(L_2, 0.250411558405805, accuracy)",12435,0,0.0,0,0.012
aim,"LocalNeighbourhood(L_2, 0.250411558405805, accuracy)",12435,1,0.006,0,0.012
aim,"LocalNeighbourhood(L_2, 0.250411558405805, accuracy)",12435,0,0.004,0,0.012
aim,"LocalNeighbourhood(L_2, 0.250411558405805, accuracy)",12435,1,0.0,0,0.012
aim,"LocalNeighbourhood(L_2, 0.250411558405805, accuracy)",12435,0,0.004,0,0.012
aim,"LocalNeighbourhood(L_2, 0.250411558405805, accuracy)",12435,1,0.0,0,0.012
aim,"LocalNeighbourhood(L_2, 0.250411558405805, accuracy)",12435,0,0.0,0,0.012
aim,"LocalNeighbourhood(L_2, 0.250411558405805, accuracy)",12435,1,0.004,0,0.012
aim,"LocalNeighbourhood(L_2, 0.250411558405805, accuracy)",12435,0,0.016,1,0.012
aim,"LocalNeighbourhood(L_2, 0.250411558405805, accuracy)",12435,1,0.0,0,0.012
aim,"LocalNeighbourhood(L_2, 0.250411558405805, accuracy)",12435,0,0.0,0,0.012
aim,"LocalNeighbourhood(L_2, 0.250411558405805, accuracy)",12435,1,0.004,0,0.012
aim,"LocalNeighbourhood(L_2, 0.250411558405805, accuracy)",12435,0,0.002,0,0.012
aim,"LocalNeighbourhood(L_2, 0.250411558405805, accuracy)",12435,1,0.0,0,0.012
aim,"LocalNeighbourhood(L_2, 0.250411558405805, accuracy)",12435,0,0.006,0,0.012
aim,"LocalNeighbourhood(L_2, 0.250411558405805, accuracy)",12435,1,0.004,0,0.012
aim,"LocalNeighbourhood(L_2, 0.250411558405805, accuracy)",12435,0,0.0,0,0.012
aim,"LocalNeighbourhood(L_2, 0.250411558405805, accuracy)",12435,1,0.002,0,0.012
aim,"LocalNeighbourhood(L_2, 0.250411558405805, accuracy)",12435,0,0.0,0,0.012
aim,"LocalNeighbourhood(L_2, 0.250411558405805, accuracy)",12435,1,0.008,0,0.012
aim,"LocalNeighbourhood(L_2, 0.250411558405805, accuracy)",12435,0,0.004,0,0.012
aim,"LocalNeighbourhood(L_2, 0.250411558405805, accuracy)",12435,1,0.002,0,0.012
aim,"LocalNeighbourhood(L_2, 0.250411558405805, accuracy)",12435,0,0.004,0,0.012
aim,"LocalNeighbourhood(L_2, 0.250411558405805, accuracy)",12435,1,0.004,0,0.012
aim,"LocalNeighbourhood(L_2, 0.250411558405805, accuracy)",12435,0,0.006,0,0.012
aim,"LocalNeighbourhood(L_2, 0.250411558405805, accuracy)",12435,1,0.0,0,0.012
aim,"LocalNeighbourhood(L_2, 0.250411558405805, accuracy)",12435,0,0.002,0,0.012
aim,"LocalNeighbourhood(L_2, 0.250411558405805, accuracy)",12435,1,0.006,0,0.012
aim,"LocalNeighbourhood(L_2, 0.250411558405805, accuracy)",12435,0,0.0,0,0.012
aim,"LocalNeighbourhood(L_2, 0.250411558405805, accuracy)",12435,1,0.0,0,0.012
aim,"LocalNeighbourhood(L_2, 0.250411558405805, accuracy)",12435,0,0.0,0,0.012
aim,"LocalNeighbourhood(L_2, 0.250411558405805, accuracy)",12435,1,0.0,0,0.012
aim,"LocalNeighbourhood(L_2, 0.250411558405805, accuracy)",12435,0,0.004,0,0.012
aim,"LocalNeighbourhood(L_2, 0.250411558405805, accuracy)",12435,1,0.002,0,0.012
aim,"LocalNeighbourhood(L_2, 0.250411558405805, accuracy)",12435,0,0.002,0,0.012
aim,"LocalNeighbourhood(L_2, 0.250411558405805, accuracy)",12435,1,0.002,0,0.012
aim,"LocalNeighbourhood(L_2, 0.250411558405805, accuracy)",12435,0,0.012,1,0.012
aim,"LocalNeighbourhood(L_2, 0.250411558405805, accuracy)",12435,1,0.0,0,0.012
aim,"LocalNeighbourhood(L_2, 0.250411558405805, accuracy)",12435,0,0.004,0,0.012
aim,"LocalNeighbourhood(L_2, 0.250411558405805, accuracy)",12435,1,0.018,1,0.012
aim,"LocalNeighbourhood(L_2, 0.250411558405805, accuracy)",12435,0,0.0,0,0.012
aim,"LocalNeighbourhood(L_2, 0.250411558405805, accuracy)",12435,1,0.0,0,0.012
aim,"LocalNeighbourhood(L_2, 0.250411558405805, accuracy)",12435,0,0.0,0,0.012
aim,"LocalNeighbourhood(L_2, 0.250411558405805, accuracy)",12435,1,0.002,0,0.012
aim,"LocalNeighbourhood(L_2, 0.250411558405805, accuracy)",12435,0,0.0,0,0.012
aim,"LocalNeighbourhood(L_2, 0.250411558405805, accuracy)",12435,1,0.006,0,0.012
aim,"LocalNeighbourhood(L_2, 0.250411558405805, accuracy)",12435,0,0.002,0,0.012
aim,"LocalNeighbourhood(L_2, 0.250411558405805, accuracy)",12435,1,0.0,0,0.012
aim,"LocalNeighbourhood(L_2, 0.250411558405805, accuracy)",12435,0,0.0,0,0.012
aim,"LocalNeighbourhood(L_2, 0.250411558405805, accuracy)",12435,1,0.0,0,0.012
aim,"LocalNeighbourhood(L_2, 0.250411558405805, accuracy)",12435,0,0.012,1,0.012
aim,"LocalNeighbourhood(L_2, 0.250411558405805, accuracy)",12435,1,0.0,0,0.012
aim,"LocalNeighbourhood(L_2, 0.250411558405805, accuracy)",12435,0,0.0,0,0.012
aim,"LocalNeighbourhood(L_2, 0.250411558405805, accuracy)",12435,1,0.0,0,0.012
aim,"LocalNeighbourhood(L_2, 0.250411558405805, accuracy)",12435,0,0.0,0,0.012
aim,"LocalNeighbourhood(L_2, 0.250411558405805, accuracy)",12435,1,0.0,0,0.012
aim,"LocalNeighbourhood(L_2, 0.250411558405805, accuracy)",12435,0,0.0,0,0.012
aim,ProbabilityEstimation(KernelDensity()),12435,1,-84.79718901693646,1,-84.8665143834561
aim,ProbabilityEstimation(KernelDensity()),12435,0,-84.08913966228917,1,-84.8665143834561
aim,ProbabilityEstimation(KernelDensity()),12435,1,-84.16763358969831,1,-84.8665143834561
aim,ProbabilityEstimation(KernelDensity()),12435,0,-84.7169355329595,1,-84.8665143834561
aim,ProbabilityEstimation(KernelDensity()),12435,1,-84.11549960200153,1,-84.8665143834561
aim,ProbabilityEstimation(KernelDensity()),12435,0,-84.68304207304779,1,-84.8665143834561
aim,ProbabilityEstimation(KernelDensity()),12435,1,-84.71842372286085,1,-84.8665143834561
aim,ProbabilityEstimation(KernelDensity()),12435,0,-84.48273334016065,1,-84.8665143834561
aim,ProbabilityEstimation(KernelDensity()),12435,1,-84.07600500221567,1,-84.8665143834561
aim,ProbabilityEstimation(KernelDensity()),12435,0,-84.67505309903936,1,-84.8665143834561
aim,ProbabilityEstimation(KernelDensity()),12435,1,-84.26218338110637,1,-84.8665143834561
aim,ProbabilityEstimation(KernelDensity()),12435,0,-84.26892813146117,1,-84.8665143834561
aim,ProbabilityEstimation(KernelDensity()),12435,1,-85.05577979359333,0,-84.8665143834561
aim,ProbabilityEstimation(KernelDensity()),12435,0,-84.08470347561885,1,-84.8665143834561
aim,ProbabilityEstimation(KernelDensity()),12435,1,-84.25793890970671,1,-84.8665143834561
aim,ProbabilityEstimation(KernelDensity()),12435,0,-84.44825001740918,1,-84.8665143834561
aim,ProbabilityEstimation(KernelDensity()),12435,1,-84.44781174776706,1,-84.8665143834561
aim,ProbabilityEstimation(KernelDensity()),12435,0,-83.91511653729827,1,-84.8665143834561
aim,ProbabilityEstimation(KernelDensity()),12435,1,-84.54053584748902,1,-84.8665143834561
aim,ProbabilityEstimation(KernelDensity()),12435,0,-84.50940789308005,1,-84.8665143834561
aim,ProbabilityEstimation(KernelDensity()),12435,1,-84.73769420209787,1,-84.8665143834561
aim,ProbabilityEstimation(KernelDensity()),12435,0,-84.3054904113156,1,-84.8665143834561
aim,ProbabilityEstimation(KernelDensity()),12435,1,-84.82772315073522,1,-84.8665143834561
aim,ProbabilityEstimation(KernelDensity()),12435,0,-84.42045440980446,1,-84.8665143834561
aim,ProbabilityEstimation(KernelDensity()),12435,1,-84.51099597617099,1,-84.8665143834561
aim,ProbabilityEstimation(KernelDensity()),12435,0,-84.28333571331497,1,-84.8665143834561
aim,ProbabilityEstimation(KernelDensity()),12435,1,-84.34759643072773,1,-84.8665143834561
aim,ProbabilityEstimation(KernelDensity()),12435,0,-84.22880531365185,1,-84.8665143834561
aim,ProbabilityEstimation(KernelDensity()),12435,1,-84.2033495023317,1,-84.8665143834561
aim,ProbabilityEstimation(KernelDensity()),12435,0,-83.90086705218523,1,-84.8665143834561
aim,ProbabilityEstimation(KernelDensity()),12435,1,-84.46591171491718,1,-84.8665143834561
aim,ProbabilityEstimation(KernelDensity()),12435,0,-84.3585759126441,1,-84.8665143834561
aim,ProbabilityEstimation(KernelDensity()),12435,1,-84.76596589959709,1,-84.8665143834561
aim,ProbabilityEstimation(KernelDensity()),12435,0,-84.67181995252076,1,-84.8665143834561
aim,ProbabilityEstimation(KernelDensity()),12435,1,-84.4558240179421,1,-84.8665143834561
aim,ProbabilityEstimation(KernelDensity()),12435,0,-84.37255615480615,1,-84.8665143834561
aim,ProbabilityEstimation(KernelDensity()),12435,1,-84.3595367030607,1,-84.8665143834561
aim,ProbabilityEstimation(KernelDensity()),12435,0,-84.76982006370692,1,-84.8665143834561
aim,ProbabilityEstimation(KernelDensity()),12435,1,-84.55906586082118,1,-84.8665143834561
aim,ProbabilityEstimation(KernelDensity()),12435,0,-84.63600283029552,1,-84.8665143834561
aim,ProbabilityEstimation(KernelDensity()),12435,1,-83.88641442876049,1,-84.8665143834561
aim,ProbabilityEstimation(KernelDensity()),12435,0,-84.7056088982179,1,-84.8665143834561
aim,ProbabilityEstimation(KernelDensity()),12435,1,-84.44450407504401,1,-84.8665143834561
aim,ProbabilityEstimation(KernelDensity()),12435,0,-84.66342801185023,1,-84.8665143834561
aim,ProbabilityEstimation(KernelDensity()),12435,1,-84.2969190301508,1,-84.8665143834561
aim,ProbabilityEstimation(KernelDensity()),12435,0,-84.41039355111313,1,-84.8665143834561
aim,ProbabilityEstimation(KernelDensity()),12435,1,-84.53604182311294,1,-84.8665143834561
aim,ProbabilityEstimation(KernelDensity()),12435,0,-84.46588770808874,1,-84.8665143834561
aim,ProbabilityEstimation(KernelDensity()),12435,1,-84.60998297546271,1,-84.8665143834561
aim,ProbabilityEstimation(KernelDensity()),12435,0,-84.15138723647935,1,-84.8665143834561
aim,ProbabilityEstimation(KernelDensity()),12435,1,-84.38184567468801,1,-84.8665143834561
aim,ProbabilityEstimation(KernelDensity()),12435,0,-84.37606151717758,1,-84.8665143834561
aim,ProbabilityEstimation(KernelDensity()),12435,1,-84.17719181308243,1,-84.8665143834561
aim,ProbabilityEstimation(KernelDensity()),12435,0,-84.27030971479991,1,-84.8665143834561
aim,ProbabilityEstimation(KernelDensity()),12435,1,-84.78657136111894,1,-84.8665143834561
aim,ProbabilityEstimation(KernelDensity()),12435,0,-84.21883370103771,1,-84.8665143834561
aim,ProbabilityEstimation(KernelDensity()),12435,1,-84.02086796857964,1,-84.8665143834561
aim,ProbabilityEstimation(KernelDensity()),12435,0,-84.68843178220254,1,-84.8665143834561
aim,ProbabilityEstimation(KernelDensity()),12435,1,-84.04415673381668,1,-84.8665143834561
aim,ProbabilityEstimation(KernelDensity()),12435,0,-84.2610514457211,1,-84.8665143834561
aim,ProbabilityEstimation(KernelDensity()),12435,1,-84.57261674940895,1,-84.8665143834561
aim,ProbabilityEstimation(KernelDensity()),12435,0,-84.02573457965734,1,-84.8665143834561
aim,ProbabilityEstimation(KernelDensity()),12435,1,-84.16188359359566,1,-84.8665143834561
aim,ProbabilityEstimation(KernelDensity()),12435,0,-84.17415597058675,1,-84.8665143834561
aim,ProbabilityEstimation(KernelDensity()),12435,1,-84.08617061490479,1,-84.8665143834561
aim,ProbabilityEstimation(KernelDensity()),12435,0,-84.74307280631982,1,-84.8665143834561
aim,ProbabilityEstimation(KernelDensity()),12435,1,-84.4237177607367,1,-84.8665143834561
aim,ProbabilityEstimation(KernelDensity()),12435,0,-84.54959026566115,1,-84.8665143834561
aim,ProbabilityEstimation(KernelDensity()),12435,1,-84.01977114861627,1,-84.8665143834561
aim,ProbabilityEstimation(KernelDensity()),12435,0,-84.70924889195015,1,-84.8665143834561
aim,ProbabilityEstimation(KernelDensity()),12435,1,-84.86806909838124,0,-84.8665143834561
aim,ProbabilityEstimation(KernelDensity()),12435,0,-84.38900163591997,1,-84.8665143834561
aim,ProbabilityEstimation(KernelDensity()),12435,1,-84.53377531753982,1,-84.8665143834561
aim,ProbabilityEstimation(KernelDensity()),12435,0,-84.05859106955955,1,-84.8665143834561
aim,ProbabilityEstimation(KernelDensity()),12435,1,-84.64870172225048,1,-84.8665143834561
aim,ProbabilityEstimation(KernelDensity()),12435,0,-84.10409115757633,1,-84.8665143834561
aim,ProbabilityEstimation(KernelDensity()),12435,1,-84.33065672598522,1,-84.8665143834561
aim,ProbabilityEstimation(KernelDensity()),12435,0,-84.60535645683937,1,-84.8665143834561
aim,ProbabilityEstimation(KernelDensity()),12435,1,-84.78315012942299,1,-84.8665143834561
aim,ProbabilityEstimation(KernelDensity()),12435,0,-84.92072449761484,0,-84.8665143834561
aim,ProbabilityEstimation(KernelDensity()),12435,1,-84.06951474878069,1,-84.8665143834561
aim,ProbabilityEstimation(KernelDensity()),12435,0,-84.59792782619272,1,-84.8665143834561
aim,ProbabilityEstimation(KernelDensity()),12435,1,-84.34825298652825,1,-84.8665143834561
aim,ProbabilityEstimation(KernelDensity()),12435,0,-84.65309583119469,1,-84.8665143834561
aim,ProbabilityEstimation(KernelDensity()),12435,1,-83.8898129129682,1,-84.8665143834561
aim,ProbabilityEstimation(KernelDensity()),12435,0,-85.05241486396457,0,-84.8665143834561
aim,ProbabilityEstimation(KernelDensity()),12435,1,-85.3378942106747,0,-84.8665143834561
aim,ProbabilityEstimation(KernelDensity()),12435,0,-84.63636726086001,1,-84.8665143834561
aim,ProbabilityEstimation(KernelDensity()),12435,1,-84.38014760292127,1,-84.8665143834561
aim,ProbabilityEstimation(KernelDensity()),12435,0,-84.25271872815341,1,-84.8665143834561
aim,ProbabilityEstimation(KernelDensity()),12435,1,-84.35837879653353,1,-84.8665143834561
aim,ProbabilityEstimation(KernelDensity()),12435,0,-84.4036520901274,1,-84.8665143834561
aim,ProbabilityEstimation(KernelDensity()),12435,1,-83.99845809690454,1,-84.8665143834561
aim,ProbabilityEstimation(KernelDensity()),12435,0,-84.78490997812767,1,-84.8665143834561
aim,ProbabilityEstimation(KernelDensity()),12435,1,-84.32558477204935,1,-84.8665143834561
aim,ProbabilityEstimation(KernelDensity()),12435,0,-84.59757223385716,1,-84.8665143834561
aim,ProbabilityEstimation(KernelDensity()),12435,1,-84.4599027619437,1,-84.8665143834561
aim,ProbabilityEstimation(KernelDensity()),12435,0,-84.3259224456741,1,-84.8665143834561
aim,ProbabilityEstimation(KernelDensity()),12435,1,-84.16383981626328,1,-84.8665143834561
aim,ProbabilityEstimation(KernelDensity()),12435,0,-84.7282100823904,1,-84.8665143834561
aim,ProbabilityEstimation(KernelDensity()),12435,1,-84.4233497692283,1,-84.8665143834561
aim,ProbabilityEstimation(KernelDensity()),12435,0,-84.73751926902948,1,-84.8665143834561
aim,ProbabilityEstimation(KernelDensity()),12435,1,-84.4318356401302,1,-84.8665143834561
aim,ProbabilityEstimation(KernelDensity()),12435,0,-84.37292762803072,1,-84.8665143834561
aim,ProbabilityEstimation(KernelDensity()),12435,1,-84.06493915052049,1,-84.8665143834561
aim,ProbabilityEstimation(KernelDensity()),12435,0,-84.31626640888398,1,-84.8665143834561
aim,ProbabilityEstimation(KernelDensity()),12435,1,-84.8836890238177,0,-84.8665143834561
aim,ProbabilityEstimation(KernelDensity()),12435,0,-84.99432529821976,0,-84.8665143834561
aim,ProbabilityEstimation(KernelDensity()),12435,1,-84.44414735531544,1,-84.8665143834561
aim,ProbabilityEstimation(KernelDensity()),12435,0,-84.39720711740539,1,-84.8665143834561
aim,ProbabilityEstimation(KernelDensity()),12435,1,-84.64158268693323,1,-84.8665143834561
aim,ProbabilityEstimation(KernelDensity()),12435,0,-84.32426005478443,1,-84.8665143834561
aim,ProbabilityEstimation(KernelDensity()),12435,1,-84.09154247169775,1,-84.8665143834561
aim,ProbabilityEstimation(KernelDensity()),12435,0,-84.4388517195179,1,-84.8665143834561
aim,ProbabilityEstimation(KernelDensity()),12435,1,-84.38921351760061,1,-84.8665143834561
aim,ProbabilityEstimation(KernelDensity()),12435,0,-84.46214979964947,1,-84.8665143834561
aim,ProbabilityEstimation(KernelDensity()),12435,1,-84.3614574906081,1,-84.8665143834561
aim,ProbabilityEstimation(KernelDensity()),12435,0,-84.8066677560054,1,-84.8665143834561
aim,ProbabilityEstimation(KernelDensity()),12435,1,-84.79738090719125,1,-84.8665143834561
aim,ProbabilityEstimation(KernelDensity()),12435,0,-85.04417510187069,0,-84.8665143834561
aim,ProbabilityEstimation(KernelDensity()),12435,1,-84.95855582122776,0,-84.8665143834561
aim,ProbabilityEstimation(KernelDensity()),12435,0,-84.64453567301653,1,-84.8665143834561
aim,ProbabilityEstimation(KernelDensity()),12435,1,-84.45792021650553,1,-84.8665143834561
aim,ProbabilityEstimation(KernelDensity()),12435,0,-84.54388179022925,1,-84.8665143834561
aim,ProbabilityEstimation(KernelDensity()),12435,1,-84.5473374520534,1,-84.8665143834561
aim,ProbabilityEstimation(KernelDensity()),12435,0,-84.86981899324702,0,-84.8665143834561
aim,ProbabilityEstimation(KernelDensity()),12435,1,-84.45579320831003,1,-84.8665143834561
aim,ProbabilityEstimation(KernelDensity()),12435,0,-84.73449136618272,1,-84.8665143834561
aim,ProbabilityEstimation(KernelDensity()),12435,1,-84.43091425437423,1,-84.8665143834561
aim,ProbabilityEstimation(KernelDensity()),12435,0,-84.5091126854615,1,-84.8665143834561
aim,ProbabilityEstimation(KernelDensity()),12435,1,-83.96118269494909,1,-84.8665143834561
aim,ProbabilityEstimation(KernelDensity()),12435,0,-84.28631285667201,1,-84.8665143834561
aim,ProbabilityEstimation(KernelDensity()),12435,1,-84.0059017998125,1,-84.8665143834561
aim,ProbabilityEstimation(KernelDensity()),12435,0,-84.34799085857668,1,-84.8665143834561
aim,ProbabilityEstimation(KernelDensity()),12435,1,-84.23013623108966,1,-84.8665143834561
aim,ProbabilityEstimation(KernelDensity()),12435,0,-84.60023537209145,1,-84.8665143834561
aim,ProbabilityEstimation(KernelDensity()),12435,1,-84.56765993260497,1,-84.8665143834561
aim,ProbabilityEstimation(KernelDensity()),12435,0,-84.91419276036656,0,-84.8665143834561
aim,ProbabilityEstimation(KernelDensity()),12435,1,-84.81932670877974,1,-84.8665143834561
aim,ProbabilityEstimation(KernelDensity()),12435,0,-84.18574957870419,1,-84.8665143834561
aim,ProbabilityEstimation(KernelDensity()),12435,1,-84.60802360424756,1,-84.8665143834561
aim,ProbabilityEstimation(KernelDensity()),12435,0,-84.23511719070709,1,-84.8665143834561
aim,ProbabilityEstimation(KernelDensity()),12435,1,-84.7192778542124,1,-84.8665143834561
aim,ProbabilityEstimation(KernelDensity()),12435,0,-84.40454666480673,1,-84.8665143834561
aim,ProbabilityEstimation(KernelDensity()),12435,1,-84.48197272721401,1,-84.8665143834561
aim,ProbabilityEstimation(KernelDensity()),12435,0,-84.30860103860847,1,-84.8665143834561
aim,ProbabilityEstimation(KernelDensity()),12435,1,-84.28337530306301,1,-84.8665143834561
aim,ProbabilityEstimation(KernelDensity()),12435,0,-84.49732605657869,1,-84.8665143834561
aim,ProbabilityEstimation(KernelDensity()),12435,1,-84.16218514320312,1,-84.8665143834561
aim,ProbabilityEstimation(KernelDensity()),12435,0,-84.28848221988198,1,-84.8665143834561
aim,ProbabilityEstimation(KernelDensity()),12435,1,-84.30504404709114,1,-84.8665143834561
aim,ProbabilityEstimation(KernelDensity()),12435,0,-84.55478645798702,1,-84.8665143834561
aim,ProbabilityEstimation(KernelDensity()),12435,1,-84.24473359354742,1,-84.8665143834561
aim,ProbabilityEstimation(KernelDensity()),12435,0,-84.3836929360278,1,-84.8665143834561
aim,ProbabilityEstimation(KernelDensity()),12435,1,-84.78769116160888,1,-84.8665143834561
aim,ProbabilityEstimation(KernelDensity()),12435,0,-84.01800834488024,1,-84.8665143834561
aim,ProbabilityEstimation(KernelDensity()),12435,1,-84.2561469177475,1,-84.8665143834561
aim,ProbabilityEstimation(KernelDensity()),12435,0,-84.75992342777997,1,-84.8665143834561
aim,ProbabilityEstimation(KernelDensity()),12435,1,-84.59688009366982,1,-84.8665143834561
aim,ProbabilityEstimation(KernelDensity()),12435,0,-84.79002488186171,1,-84.8665143834561
aim,ProbabilityEstimation(KernelDensity()),12435,1,-84.398372096027,1,-84.8665143834561
aim,ProbabilityEstimation(KernelDensity()),12435,0,-85.15572433982969,0,-84.8665143834561
aim,ProbabilityEstimation(KernelDensity()),12435,1,-83.87038305338521,1,-84.8665143834561
aim,ProbabilityEstimation(KernelDensity()),12435,0,-84.32414625193034,1,-84.8665143834561
aim,ProbabilityEstimation(KernelDensity()),12435,1,-84.66495056278296,1,-84.8665143834561
aim,ProbabilityEstimation(KernelDensity()),12435,0,-84.53627920275606,1,-84.8665143834561
aim,ProbabilityEstimation(KernelDensity()),12435,1,-84.61312736396754,1,-84.8665143834561
aim,ProbabilityEstimation(KernelDensity()),12435,0,-84.68872594397737,1,-84.8665143834561
aim,ProbabilityEstimation(KernelDensity()),12435,1,-84.65351808861936,1,-84.8665143834561
aim,ProbabilityEstimation(KernelDensity()),12435,0,-83.98105869620979,1,-84.8665143834561
aim,ProbabilityEstimation(KernelDensity()),12435,1,-84.40299374463663,1,-84.8665143834561
aim,ProbabilityEstimation(KernelDensity()),12435,0,-84.55769841506086,1,-84.8665143834561
aim,ProbabilityEstimation(KernelDensity()),12435,1,-84.82895925631352,1,-84.8665143834561
aim,ProbabilityEstimation(KernelDensity()),12435,0,-84.4446300227346,1,-84.8665143834561
aim,ProbabilityEstimation(KernelDensity()),12435,1,-84.48620232274973,1,-84.8665143834561
aim,ProbabilityEstimation(KernelDensity()),12435,0,-84.34943526799842,1,-84.8665143834561
aim,ProbabilityEstimation(KernelDensity()),12435,1,-84.76216668149179,1,-84.8665143834561
aim,ProbabilityEstimation(KernelDensity()),12435,0,-84.95482270000066,0,-84.8665143834561
aim,ProbabilityEstimation(KernelDensity()),12435,1,-84.35103939588826,1,-84.8665143834561
aim,ProbabilityEstimation(KernelDensity()),12435,0,-84.55904822194913,1,-84.8665143834561
aim,ProbabilityEstimation(KernelDensity()),12435,1,-83.91951302896429,1,-84.8665143834561
aim,ProbabilityEstimation(KernelDensity()),12435,0,-84.79540842369768,1,-84.8665143834561
aim,ProbabilityEstimation(KernelDensity()),12435,1,-84.65493412900939,1,-84.8665143834561
aim,ProbabilityEstimation(KernelDensity()),12435,0,-84.38646314769584,1,-84.8665143834561
aim,ProbabilityEstimation(KernelDensity()),12435,1,-84.46433416938149,1,-84.8665143834561
aim,ProbabilityEstimation(KernelDensity()),12435,0,-84.43039474083098,1,-84.8665143834561
aim,ProbabilityEstimation(KernelDensity()),12435,1,-84.85521020981668,1,-84.8665143834561
aim,ProbabilityEstimation(KernelDensity()),12435,0,-84.72952012784087,1,-84.8665143834561
aim,ProbabilityEstimation(KernelDensity()),12435,1,-84.12747172403445,1,-84.8665143834561
aim,ProbabilityEstimation(KernelDensity()),12435,0,-84.69874637119065,1,-84.8665143834561
aim,ProbabilityEstimation(KernelDensity()),12435,1,-84.67498859059619,1,-84.8665143834561
aim,ProbabilityEstimation(KernelDensity()),12435,0,-84.93386417987087,0,-84.8665143834561
aim,ProbabilityEstimation(KernelDensity()),12435,1,-85.21636999841041,0,-84.8665143834561
aim,ProbabilityEstimation(KernelDensity()),12435,0,-83.61781174858892,1,-84.8665143834561
aim,ProbabilityEstimation(KernelDensity()),12435,1,-84.99359827278025,0,-84.8665143834561
aim,ProbabilityEstimation(KernelDensity()),12435,0,-84.6724063585006,1,-84.8665143834561
aim,ProbabilityEstimation(KernelDensity()),12435,1,-84.48224890278905,1,-84.8665143834561
aim,ProbabilityEstimation(KernelDensity()),12435,0,-84.54092348092065,1,-84.8665143834561
aim,ProbabilityEstimation(KernelDensity()),12435,1,-84.20397508468673,1,-84.8665143834561
aim,ProbabilityEstimation(KernelDensity()),12435,0,-84.02735413726256,1,-84.8665143834561
aim,ProbabilityEstimation(KernelDensity()),12435,1,-84.42205017543183,1,-84.8665143834561
aim,ProbabilityEstimation(KernelDensity()),12435,0,-84.20125415706066,1,-84.8665143834561
aim,ProbabilityEstimation(KernelDensity()),12435,1,-84.17789144175849,1,-84.8665143834561
aim,ProbabilityEstimation(KernelDensity()),12435,0,-83.74995989154124,1,-84.8665143834561
aim,ProbabilityEstimation(KernelDensity()),12435,1,-84.57611431656814,1,-84.8665143834561
aim,ProbabilityEstimation(KernelDensity()),12435,0,-84.37149648519772,1,-84.8665143834561
aim,ProbabilityEstimation(KernelDensity()),12435,1,-84.7194380425231,1,-84.8665143834561
aim,ProbabilityEstimation(KernelDensity()),12435,0,-84.40345968695415,1,-84.8665143834561
aim,ProbabilityEstimation(KernelDensity()),12435,1,-84.5941874366697,1,-84.8665143834561
aim,ProbabilityEstimation(KernelDensity()),12435,0,-84.58252514877353,1,-84.8665143834561
aim,ProbabilityEstimation(KernelDensity()),12435,1,-84.23525765082398,1,-84.8665143834561
aim,ProbabilityEstimation(KernelDensity()),12435,0,-84.64882877083214,1,-84.8665143834561
aim,ProbabilityEstimation(KernelDensity()),12435,1,-83.91534252423992,1,-84.8665143834561
aim,ProbabilityEstimation(KernelDensity()),12435,0,-84.4139959039263,1,-84.8665143834561
aim,ProbabilityEstimation(KernelDensity()),12435,1,-84.1261394914151,1,-84.8665143834561
aim,ProbabilityEstimation(KernelDensity()),12435,0,-84.31356278585149,1,-84.8665143834561
aim,ProbabilityEstimation(KernelDensity()),12435,1,-84.43915240348332,1,-84.8665143834561
aim,ProbabilityEstimation(KernelDensity()),12435,0,-84.77524073204206,1,-84.8665143834561
aim,ProbabilityEstimation(KernelDensity()),12435,1,-84.81751108474089,1,-84.8665143834561
aim,ProbabilityEstimation(KernelDensity()),12435,0,-84.80881788555433,1,-84.8665143834561
aim,ProbabilityEstimation(KernelDensity()),12435,1,-85.09719792466917,0,-84.8665143834561
aim,ProbabilityEstimation(KernelDensity()),12435,0,-84.32649803085079,1,-84.8665143834561
aim,ProbabilityEstimation(KernelDensity()),12435,1,-84.22128800061111,1,-84.8665143834561
aim,ProbabilityEstimation(KernelDensity()),12435,0,-84.13247830848516,1,-84.8665143834561
aim,ProbabilityEstimation(KernelDensity()),12435,1,-84.53570671748497,1,-84.8665143834561
aim,ProbabilityEstimation(KernelDensity()),12435,0,-84.39480251261385,1,-84.8665143834561
aim,ProbabilityEstimation(KernelDensity()),12435,1,-84.3680547006596,1,-84.8665143834561
aim,ProbabilityEstimation(KernelDensity()),12435,0,-84.3197621595357,1,-84.8665143834561
aim,ProbabilityEstimation(KernelDensity()),12435,1,-84.3886291917827,1,-84.8665143834561
aim,ProbabilityEstimation(KernelDensity()),12435,0,-84.40839635622895,1,-84.8665143834561
aim,ProbabilityEstimation(KernelDensity()),12435,1,-84.46254288235926,1,-84.8665143834561
aim,ProbabilityEstimation(KernelDensity()),12435,0,-84.11765563873475,1,-84.8665143834561
aim,ProbabilityEstimation(KernelDensity()),12435,1,-84.45020983736472,1,-84.8665143834561
aim,ProbabilityEstimation(KernelDensity()),12435,0,-84.38048209619784,1,-84.8665143834561
aim,ProbabilityEstimation(KernelDensity()),12435,1,-84.63978076007703,1,-84.8665143834561
aim,ProbabilityEstimation(KernelDensity()),12435,0,-84.87808842434951,0,-84.8665143834561
aim,ProbabilityEstimation(KernelDensity()),12435,1,-84.43629553186472,1,-84.8665143834561
aim,ProbabilityEstimation(KernelDensity()),12435,0,-84.60863720920446,1,-84.8665143834561
aim,ProbabilityEstimation(KernelDensity()),12435,1,-84.52831193197831,1,-84.8665143834561
aim,ProbabilityEstimation(KernelDensity()),12435,0,-83.99776553195613,1,-84.8665143834561
aim,ProbabilityEstimation(KernelDensity()),12435,1,-84.11606458090513,1,-84.8665143834561
aim,ProbabilityEstimation(KernelDensity()),12435,0,-84.56946076215391,1,-84.8665143834561
aim,ProbabilityEstimation(KernelDensity()),12435,1,-85.05064124418423,0,-84.8665143834561
aim,ProbabilityEstimation(KernelDensity()),12435,0,-84.91566087554455,0,-84.8665143834561
aim,ProbabilityEstimation(KernelDensity()),12435,1,-84.6677848699986,1,-84.8665143834561
aim,ProbabilityEstimation(KernelDensity()),12435,0,-83.83212870587137,1,-84.8665143834561
aim,ProbabilityEstimation(KernelDensity()),12435,1,-83.99843137851542,1,-84.8665143834561
aim,ProbabilityEstimation(KernelDensity()),12435,0,-84.64725192126963,1,-84.8665143834561
aim,ProbabilityEstimation(KernelDensity()),12435,1,-84.11935057953231,1,-84.8665143834561
aim,ProbabilityEstimation(KernelDensity()),12435,0,-84.23795264238836,1,-84.8665143834561
aim,ProbabilityEstimation(KernelDensity()),12435,1,-84.54243483636884,1,-84.8665143834561
aim,ProbabilityEstimation(KernelDensity()),12435,0,-84.22800357531777,1,-84.8665143834561
aim,ProbabilityEstimation(KernelDensity()),12435,1,-84.52989073932795,1,-84.8665143834561
aim,ProbabilityEstimation(KernelDensity()),12435,0,-84.24360233811628,1,-84.8665143834561
aim,ProbabilityEstimation(KernelDensity()),12435,1,-84.4779513371906,1,-84.8665143834561
aim,ProbabilityEstimation(KernelDensity()),12435,0,-84.15843388170467,1,-84.8665143834561
aim,ProbabilityEstimation(KernelDensity()),12435,1,-83.9769580929494,1,-84.8665143834561
aim,ProbabilityEstimation(KernelDensity()),12435,0,-84.61949505480398,1,-84.8665143834561
aim,ProbabilityEstimation(KernelDensity()),12435,1,-85.20816711083926,0,-84.8665143834561
aim,ProbabilityEstimation(KernelDensity()),12435,0,-84.51188043841782,1,-84.8665143834561
aim,ProbabilityEstimation(KernelDensity()),12435,1,-84.0036390082215,1,-84.8665143834561
aim,ProbabilityEstimation(KernelDensity()),12435,0,-84.55438117446329,1,-84.8665143834561
aim,ProbabilityEstimation(KernelDensity()),12435,1,-84.67892030694274,1,-84.8665143834561
aim,ProbabilityEstimation(KernelDensity()),12435,0,-84.4005317256611,1,-84.8665143834561
aim,ProbabilityEstimation(KernelDensity()),12435,1,-84.42181309401676,1,-84.8665143834561
aim,ProbabilityEstimation(KernelDensity()),12435,0,-84.21815227349542,1,-84.8665143834561
aim,ProbabilityEstimation(KernelDensity()),12435,1,-84.15994471024578,1,-84.8665143834561
aim,ProbabilityEstimation(KernelDensity()),12435,0,-84.57011172088225,1,-84.8665143834561
aim,ProbabilityEstimation(KernelDensity()),12435,1,-84.6048377206408,1,-84.8665143834561
aim,ProbabilityEstimation(KernelDensity()),12435,0,-84.6594856203587,1,-84.8665143834561
aim,ProbabilityEstimation(KernelDensity()),12435,1,-84.50942901443639,1,-84.8665143834561
aim,ProbabilityEstimation(KernelDensity()),12435,0,-84.0938707390508,1,-84.8665143834561
aim,ProbabilityEstimation(KernelDensity()),12435,1,-84.74261969460456,1,-84.8665143834561
aim,ProbabilityEstimation(KernelDensity()),12435,0,-84.46627780830933,1,-84.8665143834561
aim,ProbabilityEstimation(KernelDensity()),12435,1,-84.54948508040408,1,-84.8665143834561
aim,ProbabilityEstimation(KernelDensity()),12435,0,-84.12853363480443,1,-84.8665143834561
aim,ProbabilityEstimation(KernelDensity()),12435,1,-84.09640426152836,1,-84.8665143834561
aim,ProbabilityEstimation(KernelDensity()),12435,0,-84.8844044170014,0,-84.8665143834561
aim,ProbabilityEstimation(KernelDensity()),12435,1,-84.92172559127312,0,-84.8665143834561
aim,ProbabilityEstimation(KernelDensity()),12435,0,-84.6886377329379,1,-84.8665143834561
aim,ProbabilityEstimation(KernelDensity()),12435,1,-84.0475176848429,1,-84.8665143834561
aim,ProbabilityEstimation(KernelDensity()),12435,0,-84.68570524354051,1,-84.8665143834561
aim,ProbabilityEstimation(KernelDensity()),12435,1,-84.48971168757986,1,-84.8665143834561
aim,ProbabilityEstimation(KernelDensity()),12435,0,-84.19027219707026,1,-84.8665143834561
aim,ProbabilityEstimation(KernelDensity()),12435,1,-84.19052893302188,1,-84.8665143834561
aim,ProbabilityEstimation(KernelDensity()),12435,0,-84.31077217458613,1,-84.8665143834561
aim,ProbabilityEstimation(KernelDensity()),12435,1,-84.41567087998958,1,-84.8665143834561
aim,ProbabilityEstimation(KernelDensity()),12435,0,-84.20752768394945,1,-84.8665143834561
aim,ProbabilityEstimation(KernelDensity()),12435,1,-84.25551922012203,1,-84.8665143834561
aim,ProbabilityEstimation(KernelDensity()),12435,0,-84.4757406758846,1,-84.8665143834561
aim,ProbabilityEstimation(KernelDensity()),12435,1,-84.36697021211312,1,-84.8665143834561
aim,ProbabilityEstimation(KernelDensity()),12435,0,-84.56921490883953,1,-84.8665143834561
aim,ProbabilityEstimation(KernelDensity()),12435,1,-84.24846855666485,1,-84.8665143834561
aim,ProbabilityEstimation(KernelDensity()),12435,0,-84.76532312221629,1,-84.8665143834561
aim,ProbabilityEstimation(KernelDensity()),12435,1,-84.29812340060168,1,-84.8665143834561
aim,ProbabilityEstimation(KernelDensity()),12435,0,-84.25402583532137,1,-84.8665143834561
aim,ProbabilityEstimation(KernelDensity()),12435,1,-84.90484894164557,0,-84.8665143834561
aim,ProbabilityEstimation(KernelDensity()),12435,0,-84.39413031434407,1,-84.8665143834561
aim,ProbabilityEstimation(KernelDensity()),12435,1,-84.41793220884098,1,-84.8665143834561
aim,ProbabilityEstimation(KernelDensity()),12435,0,-84.51780523893916,1,-84.8665143834561
aim,ProbabilityEstimation(KernelDensity()),12435,1,-84.36298182683696,1,-84.8665143834561
aim,ProbabilityEstimation(KernelDensity()),12435,0,-84.2999848016055,1,-84.8665143834561
aim,ProbabilityEstimation(KernelDensity()),12435,1,-84.04914288844287,1,-84.8665143834561
aim,ProbabilityEstimation(KernelDensity()),12435,0,-84.35137122399331,1,-84.8665143834561
aim,ProbabilityEstimation(KernelDensity()),12435,1,-84.67447465151238,1,-84.8665143834561
aim,ProbabilityEstimation(KernelDensity()),12435,0,-85.14279926965638,0,-84.8665143834561
aim,ProbabilityEstimation(KernelDensity()),12435,1,-84.0460663607198,1,-84.8665143834561
aim,ProbabilityEstimation(KernelDensity()),12435,0,-85.40445774332119,0,-84.8665143834561
aim,ProbabilityEstimation(KernelDensity()),12435,1,-84.86022855824024,1,-84.8665143834561
aim,ProbabilityEstimation(KernelDensity()),12435,0,-84.60854059510984,1,-84.8665143834561
aim,ProbabilityEstimation(KernelDensity()),12435,1,-84.23957019883173,1,-84.8665143834561
aim,ProbabilityEstimation(KernelDensity()),12435,0,-84.18117416246744,1,-84.8665143834561
aim,ProbabilityEstimation(KernelDensity()),12435,1,-84.90088616676005,0,-84.8665143834561
aim,ProbabilityEstimation(KernelDensity()),12435,0,-84.34179194654367,1,-84.8665143834561
aim,ProbabilityEstimation(KernelDensity()),12435,1,-84.3512237339763,1,-84.8665143834561
aim,ProbabilityEstimation(KernelDensity()),12435,0,-84.12839514779589,1,-84.8665143834561
aim,ProbabilityEstimation(KernelDensity()),12435,1,-84.19612029755245,1,-84.8665143834561
aim,ProbabilityEstimation(KernelDensity()),12435,0,-84.25449077002213,1,-84.8665143834561
aim,ProbabilityEstimation(KernelDensity()),12435,1,-84.94871445428596,0,-84.8665143834561
aim,ProbabilityEstimation(KernelDensity()),12435,0,-84.55711465071761,1,-84.8665143834561
aim,ProbabilityEstimation(KernelDensity()),12435,1,-84.32406987293461,1,-84.8665143834561
aim,ProbabilityEstimation(KernelDensity()),12435,0,-84.62491151939311,1,-84.8665143834561
aim,ProbabilityEstimation(KernelDensity()),12435,1,-84.95848065562242,0,-84.8665143834561
aim,ProbabilityEstimation(KernelDensity()),12435,0,-84.47446946129112,1,-84.8665143834561
aim,ProbabilityEstimation(KernelDensity()),12435,1,-84.76277460131368,1,-84.8665143834561
aim,ProbabilityEstimation(KernelDensity()),12435,0,-84.6479942598115,1,-84.8665143834561
aim,ProbabilityEstimation(KernelDensity()),12435,1,-84.54025888884733,1,-84.8665143834561
aim,ProbabilityEstimation(KernelDensity()),12435,0,-84.4490994472369,1,-84.8665143834561
aim,ProbabilityEstimation(KernelDensity()),12435,1,-84.16733288168892,1,-84.8665143834561
aim,ProbabilityEstimation(KernelDensity()),12435,0,-84.68068826638213,1,-84.8665143834561
aim,ProbabilityEstimation(KernelDensity()),12435,1,-84.44764119927865,1,-84.8665143834561
aim,ProbabilityEstimation(KernelDensity()),12435,0,-84.35199728718628,1,-84.8665143834561
aim,ProbabilityEstimation(KernelDensity()),12435,1,-84.72956122221015,1,-84.8665143834561
aim,ProbabilityEstimation(KernelDensity()),12435,0,-84.60384352109845,1,-84.8665143834561
aim,ProbabilityEstimation(KernelDensity()),12435,1,-84.43760088377259,1,-84.8665143834561
aim,ProbabilityEstimation(KernelDensity()),12435,0,-84.41442968511477,1,-84.8665143834561
aim,ProbabilityEstimation(KernelDensity()),12435,1,-84.27324492392214,1,-84.8665143834561
aim,ProbabilityEstimation(KernelDensity()),12435,0,-84.43447998104867,1,-84.8665143834561
aim,ProbabilityEstimation(KernelDensity()),12435,1,-84.41604594428632,1,-84.8665143834561
aim,ProbabilityEstimation(KernelDensity()),12435,0,-84.25543723022466,1,-84.8665143834561
aim,ProbabilityEstimation(KernelDensity()),12435,1,-84.06130654164029,1,-84.8665143834561
aim,ProbabilityEstimation(KernelDensity()),12435,0,-84.7399709012388,1,-84.8665143834561
aim,ProbabilityEstimation(KernelDensity()),12435,1,-83.880456380989,1,-84.8665143834561
aim,ProbabilityEstimation(KernelDensity()),12435,0,-84.2625154804388,1,-84.8665143834561
aim,ProbabilityEstimation(KernelDensity()),12435,1,-84.19502507587727,1,-84.8665143834561
aim,ProbabilityEstimation(KernelDensity()),12435,0,-84.37812664879307,1,-84.8665143834561
aim,ProbabilityEstimation(KernelDensity()),12435,1,-84.67367357562466,1,-84.8665143834561
aim,ProbabilityEstimation(KernelDensity()),12435,0,-84.60485114548356,1,-84.8665143834561
aim,ProbabilityEstimation(KernelDensity()),12435,1,-84.87765079434008,0,-84.8665143834561
aim,ProbabilityEstimation(KernelDensity()),12435,0,-84.40665447352575,1,-84.8665143834561
aim,ProbabilityEstimation(KernelDensity()),12435,1,-84.42671104166946,1,-84.8665143834561
aim,ProbabilityEstimation(KernelDensity()),12435,0,-84.77687169052585,1,-84.8665143834561
aim,ProbabilityEstimation(KernelDensity()),12435,1,-84.1709428723893,1,-84.8665143834561
aim,ProbabilityEstimation(KernelDensity()),12435,0,-84.57489652626946,1,-84.8665143834561
aim,ProbabilityEstimation(KernelDensity()),12435,1,-84.5723154467017,1,-84.8665143834561
aim,ProbabilityEstimation(KernelDensity()),12435,0,-84.65574031027987,1,-84.8665143834561
aim,ProbabilityEstimation(KernelDensity()),12435,1,-84.51976712855108,1,-84.8665143834561
aim,ProbabilityEstimation(KernelDensity()),12435,0,-84.54430142606545,1,-84.8665143834561
aim,ProbabilityEstimation(KernelDensity()),12435,1,-83.86133229425454,1,-84.8665143834561
aim,ProbabilityEstimation(KernelDensity()),12435,0,-84.58781460130857,1,-84.8665143834561
aim,ProbabilityEstimation(KernelDensity()),12435,1,-84.13517121085444,1,-84.8665143834561
aim,ProbabilityEstimation(KernelDensity()),12435,0,-84.23666760789767,1,-84.8665143834561
aim,ProbabilityEstimation(KernelDensity()),12435,1,-84.59869049171041,1,-84.8665143834561
aim,ProbabilityEstimation(KernelDensity()),12435,0,-84.51359850458003,1,-84.8665143834561
aim,ProbabilityEstimation(KernelDensity()),12435,1,-84.3033095805338,1,-84.8665143834561
aim,ProbabilityEstimation(KernelDensity()),12435,0,-84.83834324476949,1,-84.8665143834561
aim,ProbabilityEstimation(KernelDensity()),12435,1,-84.24096333379346,1,-84.8665143834561
aim,ProbabilityEstimation(KernelDensity()),12435,0,-84.04215337095395,1,-84.8665143834561
aim,ProbabilityEstimation(KernelDensity()),12435,1,-83.81555386647322,1,-84.8665143834561
aim,ProbabilityEstimation(KernelDensity()),12435,0,-84.05790356655828,1,-84.8665143834561
aim,ProbabilityEstimation(KernelDensity()),12435,1,-84.26585337462312,1,-84.8665143834561
aim,ProbabilityEstimation(KernelDensity()),12435,0,-84.19288048878748,1,-84.8665143834561
aim,ProbabilityEstimation(KernelDensity()),12435,1,-84.46018860158652,1,-84.8665143834561
aim,ProbabilityEstimation(KernelDensity()),12435,0,-84.52626845859395,1,-84.8665143834561
aim,ProbabilityEstimation(KernelDensity()),12435,1,-84.57331532612604,1,-84.8665143834561
aim,ProbabilityEstimation(KernelDensity()),12435,0,-84.33702982715815,1,-84.8665143834561
aim,ProbabilityEstimation(KernelDensity()),12435,1,-84.65933302797337,1,-84.8665143834561
aim,ProbabilityEstimation(KernelDensity()),12435,0,-84.33284744584671,1,-84.8665143834561
aim,ProbabilityEstimation(KernelDensity()),12435,1,-84.3329919138472,1,-84.8665143834561
aim,ProbabilityEstimation(KernelDensity()),12435,0,-84.01278345556102,1,-84.8665143834561
aim,ProbabilityEstimation(KernelDensity()),12435,1,-84.95724354303873,0,-84.8665143834561
aim,ProbabilityEstimation(KernelDensity()),12435,0,-84.27089842863013,1,-84.8665143834561
aim,ProbabilityEstimation(KernelDensity()),12435,1,-84.13067799873475,1,-84.8665143834561
aim,ProbabilityEstimation(KernelDensity()),12435,0,-84.041846102153,1,-84.8665143834561
aim,ProbabilityEstimation(KernelDensity()),12435,1,-83.98585824939923,1,-84.8665143834561
aim,ProbabilityEstimation(KernelDensity()),12435,0,-83.9763520275452,1,-84.8665143834561
aim,ProbabilityEstimation(KernelDensity()),12435,1,-84.14570346445223,1,-84.8665143834561
aim,ProbabilityEstimation(KernelDensity()),12435,0,-84.9927698467248,0,-84.8665143834561
aim,ProbabilityEstimation(KernelDensity()),12435,1,-83.95972630219455,1,-84.8665143834561
aim,ProbabilityEstimation(KernelDensity()),12435,0,-84.60463848667253,1,-84.8665143834561
aim,ProbabilityEstimation(KernelDensity()),12435,1,-84.0999878236582,1,-84.8665143834561
aim,ProbabilityEstimation(KernelDensity()),12435,0,-84.43437429778021,1,-84.8665143834561
aim,ProbabilityEstimation(KernelDensity()),12435,1,-84.35291450443975,1,-84.8665143834561
aim,ProbabilityEstimation(KernelDensity()),12435,0,-84.6197476853604,1,-84.8665143834561
aim,ProbabilityEstimation(KernelDensity()),12435,1,-84.39830393572527,1,-84.8665143834561
aim,ProbabilityEstimation(KernelDensity()),12435,0,-84.9539988975761,0,-84.8665143834561
aim,ProbabilityEstimation(KernelDensity()),12435,1,-84.4170261885961,1,-84.8665143834561
aim,ProbabilityEstimation(KernelDensity()),12435,0,-84.66699175812498,1,-84.8665143834561
aim,ProbabilityEstimation(KernelDensity()),12435,1,-84.25960425341275,1,-84.8665143834561
aim,ProbabilityEstimation(KernelDensity()),12435,0,-84.22878149252398,1,-84.8665143834561
aim,ProbabilityEstimation(KernelDensity()),12435,1,-84.60834524671334,1,-84.8665143834561
aim,ProbabilityEstimation(KernelDensity()),12435,0,-84.15407272794174,1,-84.8665143834561
aim,ProbabilityEstimation(KernelDensity()),12435,1,-84.62453940637599,1,-84.8665143834561
aim,ProbabilityEstimation(KernelDensity()),12435,0,-83.99709041089781,1,-84.8665143834561
aim,ProbabilityEstimation(KernelDensity()),12435,1,-84.47847452768391,1,-84.8665143834561
aim,ProbabilityEstimation(KernelDensity()),12435,0,-84.95359916874489,0,-84.8665143834561
aim,ProbabilityEstimation(KernelDensity()),12435,1,-84.8817740843196,0,-84.8665143834561
aim,ProbabilityEstimation(KernelDensity()),12435,0,-84.71348995728434,1,-84.8665143834561
aim,ProbabilityEstimation(KernelDensity()),12435,1,-84.69464826276503,1,-84.8665143834561
aim,ProbabilityEstimation(KernelDensity()),12435,0,-84.35291394266793,1,-84.8665143834561
aim,ProbabilityEstimation(KernelDensity()),12435,1,-84.00204318825563,1,-84.8665143834561
aim,ProbabilityEstimation(KernelDensity()),12435,0,-84.48005721750886,1,-84.8665143834561
aim,ProbabilityEstimation(KernelDensity()),12435,1,-84.28438907536321,1,-84.8665143834561
aim,ProbabilityEstimation(KernelDensity()),12435,0,-84.8147681276284,1,-84.8665143834561
aim,ProbabilityEstimation(KernelDensity()),12435,1,-84.66132062589722,1,-84.8665143834561
aim,ProbabilityEstimation(KernelDensity()),12435,0,-84.7030110808868,1,-84.8665143834561
aim,ProbabilityEstimation(KernelDensity()),12435,1,-84.86574872986363,1,-84.8665143834561
aim,ProbabilityEstimation(KernelDensity()),12435,0,-84.08440382349667,1,-84.8665143834561
aim,ProbabilityEstimation(KernelDensity()),12435,1,-84.08180499683255,1,-84.8665143834561
aim,ProbabilityEstimation(KernelDensity()),12435,0,-84.28643019570913,1,-84.8665143834561
aim,ProbabilityEstimation(KernelDensity()),12435,1,-84.18651492048538,1,-84.8665143834561
aim,ProbabilityEstimation(KernelDensity()),12435,0,-84.29972608044639,1,-84.8665143834561
aim,ProbabilityEstimation(KernelDensity()),12435,1,-84.81479864776257,1,-84.8665143834561
aim,ProbabilityEstimation(KernelDensity()),12435,0,-84.41162461101639,1,-84.8665143834561
aim,ProbabilityEstimation(KernelDensity()),12435,1,-84.40447614094734,1,-84.8665143834561
aim,ProbabilityEstimation(KernelDensity()),12435,0,-84.34480007373298,1,-84.8665143834561
aim,ProbabilityEstimation(KernelDensity()),12435,1,-83.79195928230841,1,-84.8665143834561
aim,ProbabilityEstimation(KernelDensity()),12435,0,-84.05453850278823,1,-84.8665143834561
aim,ProbabilityEstimation(KernelDensity()),12435,1,-84.28231628372714,1,-84.8665143834561
aim,ProbabilityEstimation(KernelDensity()),12435,0,-84.35475169986364,1,-84.8665143834561
aim,ProbabilityEstimation(KernelDensity()),12435,1,-84.44365949209664,1,-84.8665143834561
aim,ProbabilityEstimation(KernelDensity()),12435,0,-84.45172480069662,1,-84.8665143834561
aim,ProbabilityEstimation(KernelDensity()),12435,1,-84.53137594114227,1,-84.8665143834561
aim,ProbabilityEstimation(KernelDensity()),12435,0,-84.8261367600397,1,-84.8665143834561
aim,ProbabilityEstimation(KernelDensity()),12435,1,-84.54087311898883,1,-84.8665143834561
aim,ProbabilityEstimation(KernelDensity()),12435,0,-84.68870641470421,1,-84.8665143834561
aim,ProbabilityEstimation(KernelDensity()),12435,1,-84.59887397564897,1,-84.8665143834561
aim,ProbabilityEstimation(KernelDensity()),12435,0,-83.96261455489083,1,-84.8665143834561
aim,ProbabilityEstimation(KernelDensity()),12435,1,-84.41229731208772,1,-84.8665143834561
aim,ProbabilityEstimation(KernelDensity()),12435,0,-84.74063295292798,1,-84.8665143834561
aim,ProbabilityEstimation(KernelDensity()),12435,1,-83.90215431481367,1,-84.8665143834561
aim,ProbabilityEstimation(KernelDensity()),12435,0,-84.46625354717544,1,-84.8665143834561
aim,ProbabilityEstimation(KernelDensity()),12435,1,-84.37804966473,1,-84.8665143834561
aim,ProbabilityEstimation(KernelDensity()),12435,0,-85.06325516445631,0,-84.8665143834561
aim,ProbabilityEstimation(KernelDensity()),12435,1,-84.18229298018285,1,-84.8665143834561
aim,ProbabilityEstimation(KernelDensity()),12435,0,-84.46199679009645,1,-84.8665143834561
aim,ProbabilityEstimation(KernelDensity()),12435,1,-84.70271740438976,1,-84.8665143834561
aim,ProbabilityEstimation(KernelDensity()),12435,0,-84.36953886223488,1,-84.8665143834561
aim,ProbabilityEstimation(KernelDensity()),12435,1,-84.81229886540453,1,-84.8665143834561
aim,ProbabilityEstimation(KernelDensity()),12435,0,-84.54199678006061,1,-84.8665143834561
aim,ProbabilityEstimation(KernelDensity()),12435,1,-84.25313888882425,1,-84.8665143834561
aim,ProbabilityEstimation(KernelDensity()),12435,0,-83.78064855495798,1,-84.8665143834561
aim,ProbabilityEstimation(KernelDensity()),12435,1,-84.57975543988287,1,-84.8665143834561
aim,ProbabilityEstimation(KernelDensity()),12435,0,-84.42335179680234,1,-84.8665143834561
aim,ProbabilityEstimation(KernelDensity()),12435,1,-84.3906457093656,1,-84.8665143834561
aim,ProbabilityEstimation(KernelDensity()),12435,0,-84.55014488221244,1,-84.8665143834561
aim,ProbabilityEstimation(KernelDensity()),12435,1,-84.64465861859767,1,-84.8665143834561
aim,ProbabilityEstimation(KernelDensity()),12435,0,-83.98428483589849,1,-84.8665143834561
aim,ProbabilityEstimation(KernelDensity()),12435,1,-84.3475604517998,1,-84.8665143834561
aim,ProbabilityEstimation(KernelDensity()),12435,0,-84.77854308556414,1,-84.8665143834561
aim,ProbabilityEstimation(KernelDensity()),12435,1,-84.26320063354473,1,-84.8665143834561
aim,ProbabilityEstimation(KernelDensity()),12435,0,-84.58166966857132,1,-84.8665143834561
aim,ProbabilityEstimation(KernelDensity()),12435,1,-84.22543367505985,1,-84.8665143834561
aim,ProbabilityEstimation(KernelDensity()),12435,0,-84.481098196794,1,-84.8665143834561
aim,ProbabilityEstimation(KernelDensity()),12435,1,-83.98238218879764,1,-84.8665143834561
aim,ProbabilityEstimation(KernelDensity()),12435,0,-84.16374764567566,1,-84.8665143834561
aim,ProbabilityEstimation(KernelDensity()),12435,1,-84.05841740077516,1,-84.8665143834561
aim,ProbabilityEstimation(KernelDensity()),12435,0,-84.38633723974566,1,-84.8665143834561
aim,ProbabilityEstimation(KernelDensity()),12435,1,-84.60035467528883,1,-84.8665143834561
aim,ProbabilityEstimation(KernelDensity()),12435,0,-84.38163869454756,1,-84.8665143834561
aim,ProbabilityEstimation(KernelDensity()),12435,1,-84.25690572945298,1,-84.8665143834561
aim,ProbabilityEstimation(KernelDensity()),12435,0,-84.90306141611325,0,-84.8665143834561
aim,ProbabilityEstimation(KernelDensity()),12435,1,-84.92141691181185,0,-84.8665143834561
aim,ProbabilityEstimation(KernelDensity()),12435,0,-84.66358223693804,1,-84.8665143834561
aim,ProbabilityEstimation(KernelDensity()),12435,1,-84.6307043341762,1,-84.8665143834561
aim,ProbabilityEstimation(KernelDensity()),12435,0,-84.08843546309582,1,-84.8665143834561
aim,ProbabilityEstimation(KernelDensity()),12435,1,-84.71060653370897,1,-84.8665143834561
aim,ProbabilityEstimation(KernelDensity()),12435,0,-84.09313780554797,1,-84.8665143834561
aim,ProbabilityEstimation(KernelDensity()),12435,1,-84.56964708810138,1,-84.8665143834561
aim,ProbabilityEstimation(KernelDensity()),12435,0,-83.85329438287161,1,-84.8665143834561
aim,ProbabilityEstimation(KernelDensity()),12435,1,-84.45452646585456,1,-84.8665143834561
aim,ProbabilityEstimation(KernelDensity()),12435,0,-84.10757032633171,1,-84.8665143834561
aim,ProbabilityEstimation(KernelDensity()),12435,1,-83.83355552230014,1,-84.8665143834561
aim,ProbabilityEstimation(KernelDensity()),12435,0,-84.52550958747852,1,-84.8665143834561
aim,ProbabilityEstimation(KernelDensity()),12435,1,-84.93253832087392,0,-84.8665143834561
aim,ProbabilityEstimation(KernelDensity()),12435,0,-84.84920671749332,1,-84.8665143834561
aim,ProbabilityEstimation(KernelDensity()),12435,1,-84.13676742630783,1,-84.8665143834561
aim,ProbabilityEstimation(KernelDensity()),12435,0,-84.68513803227316,1,-84.8665143834561
aim,ProbabilityEstimation(KernelDensity()),12435,1,-84.24074365911311,1,-84.8665143834561
aim,ProbabilityEstimation(KernelDensity()),12435,0,-84.50992079912474,1,-84.8665143834561
aim,ProbabilityEstimation(KernelDensity()),12435,1,-84.72809882172996,1,-84.8665143834561
aim,ProbabilityEstimation(KernelDensity()),12435,0,-85.51493210861464,0,-84.8665143834561
aim,ProbabilityEstimation(KernelDensity()),12435,1,-84.61995416750351,1,-84.8665143834561
aim,ProbabilityEstimation(KernelDensity()),12435,0,-84.23869884668883,1,-84.8665143834561
aim,ProbabilityEstimation(KernelDensity()),12435,1,-84.19990144579852,1,-84.8665143834561
aim,ProbabilityEstimation(KernelDensity()),12435,0,-84.79705202474148,1,-84.8665143834561
aim,ProbabilityEstimation(KernelDensity()),12435,1,-84.81683113285753,1,-84.8665143834561
aim,ProbabilityEstimation(KernelDensity()),12435,0,-84.0494940482649,1,-84.8665143834561
aim,ProbabilityEstimation(KernelDensity()),12435,1,-84.95319726828069,0,-84.8665143834561
aim,ProbabilityEstimation(KernelDensity()),12435,0,-84.60630786918806,1,-84.8665143834561
aim,"ClosestDistance(L_2, accuracy)",12435,1,-1.4283878239993493,1,-1.4397583500718953
aim,"ClosestDistance(L_2, accuracy)",12435,0,-0.20026013902413495,1,-1.4397583500718953
aim,"ClosestDistance(L_2, accuracy)",12435,1,-0.20046858224577227,1,-1.4397583500718953
aim,"ClosestDistance(L_2, accuracy)",12435,0,-1.4288763835294542,1,-1.4397583500718953
aim,"ClosestDistance(L_2, accuracy)",12435,1,-0.07335907566304987,1,-1.4397583500718953
aim,"ClosestDistance(L_2, accuracy)",12435,0,-0.248493946481117,1,-1.4397583500718953
aim,"ClosestDistance(L_2, accuracy)",12435,1,-1.420093687293492,1,-1.4397583500718953
aim,"ClosestDistance(L_2, accuracy)",12435,0,-0.22203399333397886,1,-1.4397583500718953
aim,"ClosestDistance(L_2, accuracy)",12435,1,-0.07936037691145348,1,-1.4397583500718953
aim,"ClosestDistance(L_2, accuracy)",12435,0,-0.23583117479648294,1,-1.4397583500718953
aim,"ClosestDistance(L_2, accuracy)",12435,1,-0.1361190201562499,1,-1.4397583500718953
aim,"ClosestDistance(L_2, accuracy)",12435,0,-0.3136506710073149,1,-1.4397583500718953
aim,"ClosestDistance(L_2, accuracy)",12435,1,-0.3391148608352386,1,-1.4397583500718953
aim,"ClosestDistance(L_2, accuracy)",12435,0,-0.12988724148516123,1,-1.4397583500718953
aim,"ClosestDistance(L_2, accuracy)",12435,1,-0.2044333521973247,1,-1.4397583500718953
aim,"ClosestDistance(L_2, accuracy)",12435,0,-1.4293727864920491,1,-1.4397583500718953
aim,"ClosestDistance(L_2, accuracy)",12435,1,-0.7081658917269538,1,-1.4397583500718953
aim,"ClosestDistance(L_2, accuracy)",12435,0,-0.15693731325348334,1,-1.4397583500718953
aim,"ClosestDistance(L_2, accuracy)",12435,1,-0.20821826221569306,1,-1.4397583500718953
aim,"ClosestDistance(L_2, accuracy)",12435,0,-0.22330528742216638,1,-1.4397583500718953
aim,"ClosestDistance(L_2, accuracy)",12435,1,-1.4413425669539193,0,-1.4397583500718953
aim,"ClosestDistance(L_2, accuracy)",12435,0,-0.20289677917202922,1,-1.4397583500718953
aim,"ClosestDistance(L_2, accuracy)",12435,1,-0.3457107356333157,1,-1.4397583500718953
aim,"ClosestDistance(L_2, accuracy)",12435,0,-0.2536775975266764,1,-1.4397583500718953
aim,"ClosestDistance(L_2, accuracy)",12435,1,-0.2937872716595071,1,-1.4397583500718953
aim,"ClosestDistance(L_2, accuracy)",12435,0,-0.3377010888077106,1,-1.4397583500718953
aim,"ClosestDistance(L_2, accuracy)",12435,1,-0.3020806350534215,1,-1.4397583500718953
aim,"ClosestDistance(L_2, accuracy)",12435,0,-0.21045653769321526,1,-1.4397583500718953
aim,"ClosestDistance(L_2, accuracy)",12435,1,-0.21134902884454607,1,-1.4397583500718953
aim,"ClosestDistance(L_2, accuracy)",12435,0,-0.20046858224577227,1,-1.4397583500718953
aim,"ClosestDistance(L_2, accuracy)",12435,1,-0.24582762105680578,1,-1.4397583500718953
aim,"ClosestDistance(L_2, accuracy)",12435,0,-0.3147541516604927,1,-1.4397583500718953
aim,"ClosestDistance(L_2, accuracy)",12435,1,-1.4285848708258413,1,-1.4397583500718953
aim,"ClosestDistance(L_2, accuracy)",12435,0,-1.440276000201058,0,-1.4397583500718953
aim,"ClosestDistance(L_2, accuracy)",12435,1,-0.07279545038620266,1,-1.4397583500718953
aim,"ClosestDistance(L_2, accuracy)",12435,0,-0.250411558405805,1,-1.4397583500718953
aim,"ClosestDistance(L_2, accuracy)",12435,1,-0.14559090077240525,1,-1.4397583500718953
aim,"ClosestDistance(L_2, accuracy)",12435,0,-1.4247426641285297,1,-1.4397583500718953
aim,"ClosestDistance(L_2, accuracy)",12435,1,-0.2861038448907719,1,-1.4397583500718953
aim,"ClosestDistance(L_2, accuracy)",12435,0,-0.24308949117015155,1,-1.4397583500718953
aim,"ClosestDistance(L_2, accuracy)",12435,1,-0.20212553810067063,1,-1.4397583500718953
aim,"ClosestDistance(L_2, accuracy)",12435,0,-0.4149518920170127,1,-1.4397583500718953
aim,"ClosestDistance(L_2, accuracy)",12435,1,-0.060098128440983535,1,-1.4397583500718953
aim,"ClosestDistance(L_2, accuracy)",12435,0,-0.164731140533908,1,-1.4397583500718953
aim,"ClosestDistance(L_2, accuracy)",12435,1,-0.1232876712328767,1,-1.4397583500718953
aim,"ClosestDistance(L_2, accuracy)",12435,0,-0.13650095578516444,1,-1.4397583500718953
aim,"ClosestDistance(L_2, accuracy)",12435,1,-1.4201640124962607,1,-1.4397583500718953
aim,"ClosestDistance(L_2, accuracy)",12435,0,-0.23516796797181316,1,-1.4397583500718953
aim,"ClosestDistance(L_2, accuracy)",12435,1,-1.4254412976026127,1,-1.4397583500718953
aim,"ClosestDistance(L_2, accuracy)",12435,0,-0.1207332799852824,1,-1.4397583500718953
aim,"ClosestDistance(L_2, accuracy)",12435,1,-0.2059528644665409,1,-1.4397583500718953
aim,"ClosestDistance(L_2, accuracy)",12435,0,-0.20412244489877532,1,-1.4397583500718953
aim,"ClosestDistance(L_2, accuracy)",12435,1,-1.4211080480849363,1,-1.4397583500718953
aim,"ClosestDistance(L_2, accuracy)",12435,0,-0.25061937647594157,1,-1.4397583500718953
aim,"ClosestDistance(L_2, accuracy)",12435,1,-1.4330651521964275,1,-1.4397583500718953
aim,"ClosestDistance(L_2, accuracy)",12435,0,-0.26779332894876495,1,-1.4397583500718953
aim,"ClosestDistance(L_2, accuracy)",12435,1,-0.20646060579772157,1,-1.4397583500718953
aim,"ClosestDistance(L_2, accuracy)",12435,0,-1.4283513757012416,1,-1.4397583500718953
aim,"ClosestDistance(L_2, accuracy)",12435,1,-0.2198926152795582,1,-1.4397583500718953
aim,"ClosestDistance(L_2, accuracy)",12435,0,-0.2685395021310626,1,-1.4397583500718953
aim,"ClosestDistance(L_2, accuracy)",12435,1,-0.2772796547484794,1,-1.4397583500718953
aim,"ClosestDistance(L_2, accuracy)",12435,0,-0.36367429359803055,1,-1.4397583500718953
aim,"ClosestDistance(L_2, accuracy)",12435,1,-1.4283878239993493,1,-1.4397583500718953
aim,"ClosestDistance(L_2, accuracy)",12435,0,-0.07335907566304983,1,-1.4397583500718953
aim,"ClosestDistance(L_2, accuracy)",12435,1,-0.27288239780311424,1,-1.4397583500718953
aim,"ClosestDistance(L_2, accuracy)",12435,0,-0.43365498286030674,1,-1.4397583500718953
aim,"ClosestDistance(L_2, accuracy)",12435,1,-0.23515326323851143,1,-1.4397583500718953
aim,"ClosestDistance(L_2, accuracy)",12435,0,-0.07333715010397968,1,-1.4397583500718953
aim,"ClosestDistance(L_2, accuracy)",12435,1,-0.16418930951255595,1,-1.4397583500718953
aim,"ClosestDistance(L_2, accuracy)",12435,0,-1.4258795083367357,1,-1.4397583500718953
aim,"ClosestDistance(L_2, accuracy)",12435,1,-1.4283878239993493,1,-1.4397583500718953
aim,"ClosestDistance(L_2, accuracy)",12435,0,-0.23073682618517946,1,-1.4397583500718953
aim,"ClosestDistance(L_2, accuracy)",12435,1,-0.11006307832457987,1,-1.4397583500718953
aim,"ClosestDistance(L_2, accuracy)",12435,0,-0.2629221530308508,1,-1.4397583500718953
aim,"ClosestDistance(L_2, accuracy)",12435,1,-1.4161961542960169,1,-1.4397583500718953
aim,"ClosestDistance(L_2, accuracy)",12435,0,-0.20289677917202922,1,-1.4397583500718953
aim,"ClosestDistance(L_2, accuracy)",12435,1,-0.28860095611206155,1,-1.4397583500718953
aim,"ClosestDistance(L_2, accuracy)",12435,0,-1.4288950962475122,1,-1.4397583500718953
aim,"ClosestDistance(L_2, accuracy)",12435,1,-1.4318742326113487,1,-1.4397583500718953
aim,"ClosestDistance(L_2, accuracy)",12435,0,-0.2874687780344189,1,-1.4397583500718953
aim,"ClosestDistance(L_2, accuracy)",12435,1,-0.10421585016359593,1,-1.4397583500718953
aim,"ClosestDistance(L_2, accuracy)",12435,0,-0.6843059700053786,1,-1.4397583500718953
aim,"ClosestDistance(L_2, accuracy)",12435,1,-0.2924791627283952,1,-1.4397583500718953
aim,"ClosestDistance(L_2, accuracy)",12435,0,-0.2685591111004042,1,-1.4397583500718953
aim,"ClosestDistance(L_2, accuracy)",12435,1,-0.1818838941131664,1,-1.4397583500718953
aim,"ClosestDistance(L_2, accuracy)",12435,0,-1.4661987243997494,0,-1.4397583500718953
aim,"ClosestDistance(L_2, accuracy)",12435,1,-1.4560208811599042,0,-1.4397583500718953
aim,"ClosestDistance(L_2, accuracy)",12435,0,-0.2637260207797666,1,-1.4397583500718953
aim,"ClosestDistance(L_2, accuracy)",12435,1,-0.29932968900192264,1,-1.4397583500718953
aim,"ClosestDistance(L_2, accuracy)",12435,0,-0.14052906320201594,1,-1.4397583500718953
aim,"ClosestDistance(L_2, accuracy)",12435,1,-0.2019454641672578,1,-1.4397583500718953
aim,"ClosestDistance(L_2, accuracy)",12435,0,-1.4161940267954902,1,-1.4397583500718953
aim,"ClosestDistance(L_2, accuracy)",12435,1,-0.23898074973654948,1,-1.4397583500718953
aim,"ClosestDistance(L_2, accuracy)",12435,0,-0.2303967089150129,1,-1.4397583500718953
aim,"ClosestDistance(L_2, accuracy)",12435,1,-0.3702456908806684,1,-1.4397583500718953
aim,"ClosestDistance(L_2, accuracy)",12435,0,-0.42674889218912054,1,-1.4397583500718953
aim,"ClosestDistance(L_2, accuracy)",12435,1,-0.2153074178986927,1,-1.4397583500718953
aim,"ClosestDistance(L_2, accuracy)",12435,0,-0.22203399333397886,1,-1.4397583500718953
aim,"ClosestDistance(L_2, accuracy)",12435,1,-0.26208381836764794,1,-1.4397583500718953
aim,"ClosestDistance(L_2, accuracy)",12435,0,-0.26208381836764794,1,-1.4397583500718953
aim,"ClosestDistance(L_2, accuracy)",12435,1,-0.22273631055966361,1,-1.4397583500718953
aim,"ClosestDistance(L_2, accuracy)",12435,0,-1.4293363633106377,1,-1.4397583500718953
aim,"ClosestDistance(L_2, accuracy)",12435,1,-0.4764165705468748,1,-1.4397583500718953
aim,"ClosestDistance(L_2, accuracy)",12435,0,-0.2804061132007317,1,-1.4397583500718953
aim,"ClosestDistance(L_2, accuracy)",12435,1,-0.20212553810067063,1,-1.4397583500718953
aim,"ClosestDistance(L_2, accuracy)",12435,0,-0.136986301369863,1,-1.4397583500718953
aim,"ClosestDistance(L_2, accuracy)",12435,1,-1.428868773719775,1,-1.4397583500718953
aim,"ClosestDistance(L_2, accuracy)",12435,0,-1.4208958022234286,1,-1.4397583500718953
aim,"ClosestDistance(L_2, accuracy)",12435,1,-0.11873573022222651,1,-1.4397583500718953
aim,"ClosestDistance(L_2, accuracy)",12435,0,-0.20458158514168256,1,-1.4397583500718953
aim,"ClosestDistance(L_2, accuracy)",12435,1,-0.2748012678768953,1,-1.4397583500718953
aim,"ClosestDistance(L_2, accuracy)",12435,0,-0.04305374523875373,1,-1.4397583500718953
aim,"ClosestDistance(L_2, accuracy)",12435,1,-0.20150470365600237,1,-1.4397583500718953
aim,"ClosestDistance(L_2, accuracy)",12435,0,-1.4259712903083523,1,-1.4397583500718953
aim,"ClosestDistance(L_2, accuracy)",12435,1,-1.4161961542960169,1,-1.4397583500718953
aim,"ClosestDistance(L_2, accuracy)",12435,0,-1.4229358155372986,1,-1.4397583500718953
aim,"ClosestDistance(L_2, accuracy)",12435,1,-0.21360810197284505,1,-1.4397583500718953
aim,"ClosestDistance(L_2, accuracy)",12435,0,-0.1861279134553902,1,-1.4397583500718953
aim,"ClosestDistance(L_2, accuracy)",12435,1,-1.4205877493232768,1,-1.4397583500718953
aim,"ClosestDistance(L_2, accuracy)",12435,0,-1.4292146811514428,1,-1.4397583500718953
aim,"ClosestDistance(L_2, accuracy)",12435,1,-1.4223957575890893,1,-1.4397583500718953
aim,"ClosestDistance(L_2, accuracy)",12435,0,-0.21360810197284505,1,-1.4397583500718953
aim,"ClosestDistance(L_2, accuracy)",12435,1,-0.1764293194629655,1,-1.4397583500718953
aim,"ClosestDistance(L_2, accuracy)",12435,0,-0.21647081123478065,1,-1.4397583500718953
aim,"ClosestDistance(L_2, accuracy)",12435,1,-0.24434065625819942,1,-1.4397583500718953
aim,"ClosestDistance(L_2, accuracy)",12435,0,-1.429927030197957,1,-1.4397583500718953
aim,"ClosestDistance(L_2, accuracy)",12435,1,-0.3173895847361252,1,-1.4397583500718953
aim,"ClosestDistance(L_2, accuracy)",12435,0,-0.29689052695685786,1,-1.4397583500718953
aim,"ClosestDistance(L_2, accuracy)",12435,1,-0.20417570719410383,1,-1.4397583500718953
aim,"ClosestDistance(L_2, accuracy)",12435,0,-0.1523472717426846,1,-1.4397583500718953
aim,"ClosestDistance(L_2, accuracy)",12435,1,-0.24616217364358825,1,-1.4397583500718953
aim,"ClosestDistance(L_2, accuracy)",12435,0,-0.2238813481465198,1,-1.4397583500718953
aim,"ClosestDistance(L_2, accuracy)",12435,1,-0.2059528644665409,1,-1.4397583500718953
aim,"ClosestDistance(L_2, accuracy)",12435,0,-0.24578072191550365,1,-1.4397583500718953
aim,"ClosestDistance(L_2, accuracy)",12435,1,-0.21238598074875878,1,-1.4397583500718953
aim,"ClosestDistance(L_2, accuracy)",12435,0,-0.2115234020327349,1,-1.4397583500718953
aim,"ClosestDistance(L_2, accuracy)",12435,1,-0.19124383546083068,1,-1.4397583500718953
aim,"ClosestDistance(L_2, accuracy)",12435,0,-1.4290335575929942,1,-1.4397583500718953
aim,"ClosestDistance(L_2, accuracy)",12435,1,-0.3716625706872079,1,-1.4397583500718953
aim,"ClosestDistance(L_2, accuracy)",12435,0,-0.1523472717426846,1,-1.4397583500718953
aim,"ClosestDistance(L_2, accuracy)",12435,1,-0.27833144866025006,1,-1.4397583500718953
aim,"ClosestDistance(L_2, accuracy)",12435,0,-0.1935978669264342,1,-1.4397583500718953
aim,"ClosestDistance(L_2, accuracy)",12435,1,-0.28217170739920094,1,-1.4397583500718953
aim,"ClosestDistance(L_2, accuracy)",12435,0,-0.2073702955634659,1,-1.4397583500718953
aim,"ClosestDistance(L_2, accuracy)",12435,1,-1.4199641894863027,1,-1.4397583500718953
aim,"ClosestDistance(L_2, accuracy)",12435,0,-0.27242920892436656,1,-1.4397583500718953
aim,"ClosestDistance(L_2, accuracy)",12435,1,-0.1318761233523864,1,-1.4397583500718953
aim,"ClosestDistance(L_2, accuracy)",12435,0,-0.20961762573736928,1,-1.4397583500718953
aim,"ClosestDistance(L_2, accuracy)",12435,1,-0.2739474433710079,1,-1.4397583500718953
aim,"ClosestDistance(L_2, accuracy)",12435,0,-0.2782701628549088,1,-1.4397583500718953
aim,"ClosestDistance(L_2, accuracy)",12435,1,-0.23583117479648294,1,-1.4397583500718953
aim,"ClosestDistance(L_2, accuracy)",12435,0,-0.3564122183920186,1,-1.4397583500718953
aim,"ClosestDistance(L_2, accuracy)",12435,1,-0.20289677917202922,1,-1.4397583500718953
aim,"ClosestDistance(L_2, accuracy)",12435,0,-0.14671815132609967,1,-1.4397583500718953
aim,"ClosestDistance(L_2, accuracy)",12435,1,-0.25271978074405155,1,-1.4397583500718953
aim,"ClosestDistance(L_2, accuracy)",12435,0,-0.21164932074711362,1,-1.4397583500718953
aim,"ClosestDistance(L_2, accuracy)",12435,1,-0.0273972602739726,1,-1.4397583500718953
aim,"ClosestDistance(L_2, accuracy)",12435,0,-0.42291092670386615,1,-1.4397583500718953
aim,"ClosestDistance(L_2, accuracy)",12435,1,-1.4200557473756892,1,-1.4397583500718953
aim,"ClosestDistance(L_2, accuracy)",12435,0,-1.4143608072651983,1,-1.4397583500718953
aim,"ClosestDistance(L_2, accuracy)",12435,1,-0.23583117479648294,1,-1.4397583500718953
aim,"ClosestDistance(L_2, accuracy)",12435,0,-1.416769275133118,1,-1.4397583500718953
aim,"ClosestDistance(L_2, accuracy)",12435,1,-0.07105343088083631,1,-1.4397583500718953
aim,"ClosestDistance(L_2, accuracy)",12435,0,-0.010204081632653073,1,-1.4397583500718953
aim,"ClosestDistance(L_2, accuracy)",12435,1,-1.4160182925437836,1,-1.4397583500718953
aim,"ClosestDistance(L_2, accuracy)",12435,0,-0.2800818740420801,1,-1.4397583500718953
aim,"ClosestDistance(L_2, accuracy)",12435,1,-1.4169683444468926,1,-1.4397583500718953
aim,"ClosestDistance(L_2, accuracy)",12435,0,-0.20241580135609757,1,-1.4397583500718953
aim,"ClosestDistance(L_2, accuracy)",12435,1,-1.4283878239993493,1,-1.4397583500718953
aim,"ClosestDistance(L_2, accuracy)",12435,0,-0.20232921078700583,1,-1.4397583500718953
aim,"ClosestDistance(L_2, accuracy)",12435,1,-0.0783154943361401,1,-1.4397583500718953
aim,"ClosestDistance(L_2, accuracy)",12435,0,-0.6866206776494889,1,-1.4397583500718953
aim,"ClosestDistance(L_2, accuracy)",12435,1,-0.5061853750798234,1,-1.4397583500718953
aim,"ClosestDistance(L_2, accuracy)",12435,0,-0.2183863511586079,1,-1.4397583500718953
aim,"ClosestDistance(L_2, accuracy)",12435,1,-0.29964841839267603,1,-1.4397583500718953
aim,"ClosestDistance(L_2, accuracy)",12435,0,-0.20279241111373617,1,-1.4397583500718953
aim,"ClosestDistance(L_2, accuracy)",12435,1,-0.2760777353024384,1,-1.4397583500718953
aim,"ClosestDistance(L_2, accuracy)",12435,0,-1.4168807314691274,1,-1.4397583500718953
aim,"ClosestDistance(L_2, accuracy)",12435,1,-0.20103853642489392,1,-1.4397583500718953
aim,"ClosestDistance(L_2, accuracy)",12435,0,-0.36397725193101316,1,-1.4397583500718953
aim,"ClosestDistance(L_2, accuracy)",12435,1,-0.14298162038370668,1,-1.4397583500718953
aim,"ClosestDistance(L_2, accuracy)",12435,0,-0.13849815843850893,1,-1.4397583500718953
aim,"ClosestDistance(L_2, accuracy)",12435,1,-1.4163799503850147,1,-1.4397583500718953
aim,"ClosestDistance(L_2, accuracy)",12435,0,-0.2677970438720421,1,-1.4397583500718953
aim,"ClosestDistance(L_2, accuracy)",12435,1,-0.25725975083326774,1,-1.4397583500718953
aim,"ClosestDistance(L_2, accuracy)",12435,0,-0.2174727425216662,1,-1.4397583500718953
aim,"ClosestDistance(L_2, accuracy)",12435,1,-1.4201640124962607,1,-1.4397583500718953
aim,"ClosestDistance(L_2, accuracy)",12435,0,-1.422548086400216,1,-1.4397583500718953
aim,"ClosestDistance(L_2, accuracy)",12435,1,-0.2074674981498097,1,-1.4397583500718953
aim,"ClosestDistance(L_2, accuracy)",12435,0,-0.4947423878917979,1,-1.4397583500718953
aim,"ClosestDistance(L_2, accuracy)",12435,1,-1.4227848830548784,1,-1.4397583500718953
aim,"ClosestDistance(L_2, accuracy)",12435,0,-0.2537162215836375,1,-1.4397583500718953
aim,"ClosestDistance(L_2, accuracy)",12435,1,-1.4429040351099003,0,-1.4397583500718953
aim,"ClosestDistance(L_2, accuracy)",12435,0,-0.14598036454922253,1,-1.4397583500718953
aim,"ClosestDistance(L_2, accuracy)",12435,1,-1.4289132218195182,1,-1.4397583500718953
aim,"ClosestDistance(L_2, accuracy)",12435,0,-0.2183863511586079,1,-1.4397583500718953
aim,"ClosestDistance(L_2, accuracy)",12435,1,-0.20762120017966626,1,-1.4397583500718953
aim,"ClosestDistance(L_2, accuracy)",12435,0,-0.23301719191981107,1,-1.4397583500718953
aim,"ClosestDistance(L_2, accuracy)",12435,1,-1.4174317819344877,1,-1.4397583500718953
aim,"ClosestDistance(L_2, accuracy)",12435,0,-1.4217483352591418,1,-1.4397583500718953
aim,"ClosestDistance(L_2, accuracy)",12435,1,-0.2301018632388912,1,-1.4397583500718953
aim,"ClosestDistance(L_2, accuracy)",12435,0,-0.2267959993503255,1,-1.4397583500718953
aim,"ClosestDistance(L_2, accuracy)",12435,1,-0.21238598074875878,1,-1.4397583500718953
aim,"ClosestDistance(L_2, accuracy)",12435,0,-0.1529908461517196,1,-1.4397583500718953
aim,"ClosestDistance(L_2, accuracy)",12435,1,-0.2939644268803674,1,-1.4397583500718953
aim,"ClosestDistance(L_2, accuracy)",12435,0,-0.07462711604883995,1,-1.4397583500718953
aim,"ClosestDistance(L_2, accuracy)",12435,1,-1.4201657281812656,1,-1.4397583500718953
aim,"ClosestDistance(L_2, accuracy)",12435,0,-0.205195919395423,1,-1.4397583500718953
aim,"ClosestDistance(L_2, accuracy)",12435,1,-1.415820810599424,1,-1.4397583500718953
aim,"ClosestDistance(L_2, accuracy)",12435,0,-0.24320231537451636,1,-1.4397583500718953
aim,"ClosestDistance(L_2, accuracy)",12435,1,-1.4301362499020702,1,-1.4397583500718953
aim,"ClosestDistance(L_2, accuracy)",12435,0,-1.4207492346111954,1,-1.4397583500718953
aim,"ClosestDistance(L_2, accuracy)",12435,1,-0.1095890410958904,1,-1.4397583500718953
aim,"ClosestDistance(L_2, accuracy)",12435,0,-0.6925132629223516,1,-1.4397583500718953
aim,"ClosestDistance(L_2, accuracy)",12435,1,-0.21140319697381288,1,-1.4397583500718953
aim,"ClosestDistance(L_2, accuracy)",12435,0,-0.25181461980469944,1,-1.4397583500718953
aim,"ClosestDistance(L_2, accuracy)",12435,1,-1.4142503750333482,1,-1.4397583500718953
aim,"ClosestDistance(L_2, accuracy)",12435,0,-1.417061124134342,1,-1.4397583500718953
aim,"ClosestDistance(L_2, accuracy)",12435,1,-0.2506193764759415,1,-1.4397583500718953
aim,"ClosestDistance(L_2, accuracy)",12435,0,-0.4263214579194083,1,-1.4397583500718953
aim,"ClosestDistance(L_2, accuracy)",12435,1,-1.4363573516750932,1,-1.4397583500718953
aim,"ClosestDistance(L_2, accuracy)",12435,0,-0.17924776193114608,1,-1.4397583500718953
aim,"ClosestDistance(L_2, accuracy)",12435,1,-1.428593620891712,1,-1.4397583500718953
aim,"ClosestDistance(L_2, accuracy)",12435,0,-0.17768095864532865,1,-1.4397583500718953
aim,"ClosestDistance(L_2, accuracy)",12435,1,-0.2309751653065484,1,-1.4397583500718953
aim,"ClosestDistance(L_2, accuracy)",12435,0,-0.2114031969738129,1,-1.4397583500718953
aim,"ClosestDistance(L_2, accuracy)",12435,1,-0.21602372476462636,1,-1.4397583500718953
aim,"ClosestDistance(L_2, accuracy)",12435,0,-0.20072733419129346,1,-1.4397583500718953
aim,"ClosestDistance(L_2, accuracy)",12435,1,-1.4200557473756892,1,-1.4397583500718953
aim,"ClosestDistance(L_2, accuracy)",12435,0,-0.6405859799891888,1,-1.4397583500718953
aim,"ClosestDistance(L_2, accuracy)",12435,1,-0.3894974908198546,1,-1.4397583500718953
aim,"ClosestDistance(L_2, accuracy)",12435,0,-0.20821826221569306,1,-1.4397583500718953
aim,"ClosestDistance(L_2, accuracy)",12435,1,-0.24748716412526828,1,-1.4397583500718953
aim,"ClosestDistance(L_2, accuracy)",12435,0,-0.1939591655949368,1,-1.4397583500718953
aim,"ClosestDistance(L_2, accuracy)",12435,1,-0.503073198927223,1,-1.4397583500718953
aim,"ClosestDistance(L_2, accuracy)",12435,0,-1.4208958022234286,1,-1.4397583500718953
aim,"ClosestDistance(L_2, accuracy)",12435,1,-0.34518131876504865,1,-1.4397583500718953
aim,"ClosestDistance(L_2, accuracy)",12435,0,-0.8151764960858611,1,-1.4397583500718953
aim,"ClosestDistance(L_2, accuracy)",12435,1,-0.2658932189713885,1,-1.4397583500718953
aim,"ClosestDistance(L_2, accuracy)",12435,0,-0.29901311695840876,1,-1.4397583500718953
aim,"ClosestDistance(L_2, accuracy)",12435,1,-0.1434622035944066,1,-1.4397583500718953
aim,"ClosestDistance(L_2, accuracy)",12435,0,-0.39999745612385884,1,-1.4397583500718953
aim,"ClosestDistance(L_2, accuracy)",12435,1,-1.4297879854675477,1,-1.4397583500718953
aim,"ClosestDistance(L_2, accuracy)",12435,0,-0.26798766820775033,1,-1.4397583500718953
aim,"ClosestDistance(L_2, accuracy)",12435,1,-1.4314973264766349,1,-1.4397583500718953
aim,"ClosestDistance(L_2, accuracy)",12435,0,-0.1318761233523864,1,-1.4397583500718953
aim,"ClosestDistance(L_2, accuracy)",12435,1,-0.2153074178986927,1,-1.4397583500718953
aim,"ClosestDistance(L_2, accuracy)",12435,0,-0.2,1,-1.4397583500718953
aim,"ClosestDistance(L_2, accuracy)",12435,1,-0.2655132568276551,1,-1.4397583500718953
aim,"ClosestDistance(L_2, accuracy)",12435,0,-0.18281481882293985,1,-1.4397583500718953
aim,"ClosestDistance(L_2, accuracy)",12435,1,-1.4163799503850147,1,-1.4397583500718953
aim,"ClosestDistance(L_2, accuracy)",12435,0,-0.06882020193257389,1,-1.4397583500718953
aim,"ClosestDistance(L_2, accuracy)",12435,1,-0.24263010951850306,1,-1.4397583500718953
aim,"ClosestDistance(L_2, accuracy)",12435,0,-0.16975383806889868,1,-1.4397583500718953
aim,"ClosestDistance(L_2, accuracy)",12435,1,-0.1095890410958904,1,-1.4397583500718953
aim,"ClosestDistance(L_2, accuracy)",12435,0,-0.2096093762654726,1,-1.4397583500718953
aim,"ClosestDistance(L_2, accuracy)",12435,1,-0.08689653162520058,1,-1.4397583500718953
aim,"ClosestDistance(L_2, accuracy)",12435,0,-0.3342383232165403,1,-1.4397583500718953
aim,"ClosestDistance(L_2, accuracy)",12435,1,-1.4305094491831232,1,-1.4397583500718953
aim,"ClosestDistance(L_2, accuracy)",12435,0,-0.20961762573736928,1,-1.4397583500718953
aim,"ClosestDistance(L_2, accuracy)",12435,1,-0.20646060579772157,1,-1.4397583500718953
aim,"ClosestDistance(L_2, accuracy)",12435,0,-1.4398327252774221,0,-1.4397583500718953
aim,"ClosestDistance(L_2, accuracy)",12435,1,-1.4289132218195182,1,-1.4397583500718953
aim,"ClosestDistance(L_2, accuracy)",12435,0,-0.10628258068888163,1,-1.4397583500718953
aim,"ClosestDistance(L_2, accuracy)",12435,1,-0.2301018632388912,1,-1.4397583500718953
aim,"ClosestDistance(L_2, accuracy)",12435,0,-0.2351679679718132,1,-1.4397583500718953
aim,"ClosestDistance(L_2, accuracy)",12435,1,-0.22701712962649923,1,-1.4397583500718953
aim,"ClosestDistance(L_2, accuracy)",12435,0,-0.0785782023048018,1,-1.4397583500718953
aim,"ClosestDistance(L_2, accuracy)",12435,1,-0.750219840926308,1,-1.4397583500718953
aim,"ClosestDistance(L_2, accuracy)",12435,0,-0.5021838025707213,1,-1.4397583500718953
aim,"ClosestDistance(L_2, accuracy)",12435,1,-0.08860278877607577,1,-1.4397583500718953
aim,"ClosestDistance(L_2, accuracy)",12435,0,-0.09612429150406794,1,-1.4397583500718953
aim,"ClosestDistance(L_2, accuracy)",12435,1,-1.4292971351721686,1,-1.4397583500718953
aim,"ClosestDistance(L_2, accuracy)",12435,0,-0.14671815132609967,1,-1.4397583500718953
aim,"ClosestDistance(L_2, accuracy)",12435,1,-0.39260777365116933,1,-1.4397583500718953
aim,"ClosestDistance(L_2, accuracy)",12435,0,-0.12371494602417898,1,-1.4397583500718953
aim,"ClosestDistance(L_2, accuracy)",12435,1,-0.2485837646181566,1,-1.4397583500718953
aim,"ClosestDistance(L_2, accuracy)",12435,0,-1.414810135462781,1,-1.4397583500718953
aim,"ClosestDistance(L_2, accuracy)",12435,1,-0.2744173203372765,1,-1.4397583500718953
aim,"ClosestDistance(L_2, accuracy)",12435,0,-0.2427926852868439,1,-1.4397583500718953
aim,"ClosestDistance(L_2, accuracy)",12435,1,-0.20837210132343195,1,-1.4397583500718953
aim,"ClosestDistance(L_2, accuracy)",12435,0,-1.4320827292532095,1,-1.4397583500718953
aim,"ClosestDistance(L_2, accuracy)",12435,1,-0.3349266767151378,1,-1.4397583500718953
aim,"ClosestDistance(L_2, accuracy)",12435,0,-0.128273934892328,1,-1.4397583500718953
aim,"ClosestDistance(L_2, accuracy)",12435,1,-0.16432744911121455,1,-1.4397583500718953
aim,"ClosestDistance(L_2, accuracy)",12435,0,-0.16937510988975404,1,-1.4397583500718953
aim,"ClosestDistance(L_2, accuracy)",12435,1,-0.22828464952835223,1,-1.4397583500718953
aim,"ClosestDistance(L_2, accuracy)",12435,0,-0.24582762105680578,1,-1.4397583500718953
aim,"ClosestDistance(L_2, accuracy)",12435,1,-0.25725659076929525,1,-1.4397583500718953
aim,"ClosestDistance(L_2, accuracy)",12435,0,-0.47739905553879974,1,-1.4397583500718953
aim,"ClosestDistance(L_2, accuracy)",12435,1,-0.22390194383158032,1,-1.4397583500718953
aim,"ClosestDistance(L_2, accuracy)",12435,0,-1.4244340422768265,1,-1.4397583500718953
aim,"ClosestDistance(L_2, accuracy)",12435,1,-0.2468535852123866,1,-1.4397583500718953
aim,"ClosestDistance(L_2, accuracy)",12435,0,-1.4258617573024988,1,-1.4397583500718953
aim,"ClosestDistance(L_2, accuracy)",12435,1,-0.22390194383158032,1,-1.4397583500718953
aim,"ClosestDistance(L_2, accuracy)",12435,0,-0.2297532798144512,1,-1.4397583500718953
aim,"ClosestDistance(L_2, accuracy)",12435,1,-0.30435856060463184,1,-1.4397583500718953
aim,"ClosestDistance(L_2, accuracy)",12435,0,-0.25826069117617517,1,-1.4397583500718953
aim,"ClosestDistance(L_2, accuracy)",12435,1,-0.2726102512353628,1,-1.4397583500718953
aim,"ClosestDistance(L_2, accuracy)",12435,0,-1.4187550548951628,1,-1.4397583500718953
aim,"ClosestDistance(L_2, accuracy)",12435,1,-0.1911622989524156,1,-1.4397583500718953
aim,"ClosestDistance(L_2, accuracy)",12435,0,-0.20519591939542303,1,-1.4397583500718953
aim,"ClosestDistance(L_2, accuracy)",12435,1,-0.22203399333397886,1,-1.4397583500718953
aim,"ClosestDistance(L_2, accuracy)",12435,0,-0.2590870097490003,1,-1.4397583500718953
aim,"ClosestDistance(L_2, accuracy)",12435,1,-0.23112893738215493,1,-1.4397583500718953
aim,"ClosestDistance(L_2, accuracy)",12435,0,-1.4305094491831232,1,-1.4397583500718953
aim,"ClosestDistance(L_2, accuracy)",12435,1,-0.08867568468518877,1,-1.4397583500718953
aim,"ClosestDistance(L_2, accuracy)",12435,0,-1.7438471848423276,0,-1.4397583500718953
aim,"ClosestDistance(L_2, accuracy)",12435,1,-1.4434463489050404,0,-1.4397583500718953
aim,"ClosestDistance(L_2, accuracy)",12435,0,-1.4225448448879423,1,-1.4397583500718953
aim,"ClosestDistance(L_2, accuracy)",12435,1,-0.1536729999380036,1,-1.4397583500718953
aim,"ClosestDistance(L_2, accuracy)",12435,0,-0.20649043160544264,1,-1.4397583500718953
aim,"ClosestDistance(L_2, accuracy)",12435,1,-1.41873084364122,1,-1.4397583500718953
aim,"ClosestDistance(L_2, accuracy)",12435,0,-0.22701712962649923,1,-1.4397583500718953
aim,"ClosestDistance(L_2, accuracy)",12435,1,-0.3129346981005071,1,-1.4397583500718953
aim,"ClosestDistance(L_2, accuracy)",12435,0,-0.22999993322950088,1,-1.4397583500718953
aim,"ClosestDistance(L_2, accuracy)",12435,1,-0.08468755494487704,1,-1.4397583500718953
aim,"ClosestDistance(L_2, accuracy)",12435,0,-0.24327297402477394,1,-1.4397583500718953
aim,"ClosestDistance(L_2, accuracy)",12435,1,-1.4270749891091123,1,-1.4397583500718953
aim,"ClosestDistance(L_2, accuracy)",12435,0,-0.27532239792988117,1,-1.4397583500718953
aim,"ClosestDistance(L_2, accuracy)",12435,1,-0.16826090462066912,1,-1.4397583500718953
aim,"ClosestDistance(L_2, accuracy)",12435,0,-0.3291010299200605,1,-1.4397583500718953
aim,"ClosestDistance(L_2, accuracy)",12435,1,-1.4190643180068612,1,-1.4397583500718953
aim,"ClosestDistance(L_2, accuracy)",12435,0,-0.22390194383158032,1,-1.4397583500718953
aim,"ClosestDistance(L_2, accuracy)",12435,1,-1.4181355134437112,1,-1.4397583500718953
aim,"ClosestDistance(L_2, accuracy)",12435,0,-1.4145509310734439,1,-1.4397583500718953
aim,"ClosestDistance(L_2, accuracy)",12435,1,-0.2697722810493411,1,-1.4397583500718953
aim,"ClosestDistance(L_2, accuracy)",12435,0,-1.4174317819344877,1,-1.4397583500718953
aim,"ClosestDistance(L_2, accuracy)",12435,1,-0.14036508219884158,1,-1.4397583500718953
aim,"ClosestDistance(L_2, accuracy)",12435,0,-0.3096732724283917,1,-1.4397583500718953
aim,"ClosestDistance(L_2, accuracy)",12435,1,-0.24974500939898672,1,-1.4397583500718953
aim,"ClosestDistance(L_2, accuracy)",12435,0,-0.2174727425216662,1,-1.4397583500718953
aim,"ClosestDistance(L_2, accuracy)",12435,1,-1.4283878239993493,1,-1.4397583500718953
aim,"ClosestDistance(L_2, accuracy)",12435,0,-0.07897746472937607,1,-1.4397583500718953
aim,"ClosestDistance(L_2, accuracy)",12435,1,-0.21360810197284505,1,-1.4397583500718953
aim,"ClosestDistance(L_2, accuracy)",12435,0,-0.26068959487560167,1,-1.4397583500718953
aim,"ClosestDistance(L_2, accuracy)",12435,1,-0.2336939023112562,1,-1.4397583500718953
aim,"ClosestDistance(L_2, accuracy)",12435,0,-0.20232921078700578,1,-1.4397583500718953
aim,"ClosestDistance(L_2, accuracy)",12435,1,-0.47627285825409055,1,-1.4397583500718953
aim,"ClosestDistance(L_2, accuracy)",12435,0,-0.11147309566070257,1,-1.4397583500718953
aim,"ClosestDistance(L_2, accuracy)",12435,1,-0.22203399333397889,1,-1.4397583500718953
aim,"ClosestDistance(L_2, accuracy)",12435,0,-1.4237717789802826,1,-1.4397583500718953
aim,"ClosestDistance(L_2, accuracy)",12435,1,-0.2015047036560024,1,-1.4397583500718953
aim,"ClosestDistance(L_2, accuracy)",12435,0,-0.496690208512853,1,-1.4397583500718953
aim,"ClosestDistance(L_2, accuracy)",12435,1,-0.3190687943337477,1,-1.4397583500718953
aim,"ClosestDistance(L_2, accuracy)",12435,0,-0.21955127069681005,1,-1.4397583500718953
aim,"ClosestDistance(L_2, accuracy)",12435,1,-0.20279241111373617,1,-1.4397583500718953
aim,"ClosestDistance(L_2, accuracy)",12435,0,-0.3563827251251385,1,-1.4397583500718953
aim,"ClosestDistance(L_2, accuracy)",12435,1,-1.4364576578331105,1,-1.4397583500718953
aim,"ClosestDistance(L_2, accuracy)",12435,0,-0.20412244489877532,1,-1.4397583500718953
aim,"ClosestDistance(L_2, accuracy)",12435,1,-0.22824137849300113,1,-1.4397583500718953
aim,"ClosestDistance(L_2, accuracy)",12435,0,-1.430976099860641,1,-1.4397583500718953
aim,"ClosestDistance(L_2, accuracy)",12435,1,-0.21360810197284505,1,-1.4397583500718953
aim,"ClosestDistance(L_2, accuracy)",12435,0,-0.28692495272928853,1,-1.4397583500718953
aim,"ClosestDistance(L_2, accuracy)",12435,1,-0.21574482812084084,1,-1.4397583500718953
aim,"ClosestDistance(L_2, accuracy)",12435,0,-1.4415168133697764,0,-1.4397583500718953
aim,"ClosestDistance(L_2, accuracy)",12435,1,-0.1498205252003561,1,-1.4397583500718953
aim,"ClosestDistance(L_2, accuracy)",12435,0,-0.20279241111373617,1,-1.4397583500718953
aim,"ClosestDistance(L_2, accuracy)",12435,1,-0.2621084158437234,1,-1.4397583500718953
aim,"ClosestDistance(L_2, accuracy)",12435,0,-0.32641784185571654,1,-1.4397583500718953
aim,"ClosestDistance(L_2, accuracy)",12435,1,-0.202238026812133,1,-1.4397583500718953
aim,"ClosestDistance(L_2, accuracy)",12435,0,-1.4229765256491913,1,-1.4397583500718953
aim,"ClosestDistance(L_2, accuracy)",12435,1,-0.25098136837717955,1,-1.4397583500718953
aim,"ClosestDistance(L_2, accuracy)",12435,0,-0.3853625753530229,1,-1.4397583500718953
aim,"ClosestDistance(L_2, accuracy)",12435,1,-0.24919276769997897,1,-1.4397583500718953
aim,"ClosestDistance(L_2, accuracy)",12435,0,-1.428868773719775,1,-1.4397583500718953
aim,"ClosestDistance(L_2, accuracy)",12435,1,-0.2183863511586079,1,-1.4397583500718953
aim,"ClosestDistance(L_2, accuracy)",12435,0,-0.20212553810067063,1,-1.4397583500718953
aim,"ClosestDistance(L_2, accuracy)",12435,1,-0.0273972602739726,1,-1.4397583500718953
aim,"ClosestDistance(L_2, accuracy)",12435,0,-0.19355320217348143,1,-1.4397583500718953
aim,"ClosestDistance(L_2, accuracy)",12435,1,-0.16549695410945994,1,-1.4397583500718953
aim,"ClosestDistance(L_2, accuracy)",12435,0,-0.23583117479648294,1,-1.4397583500718953
aim,"ClosestDistance(L_2, accuracy)",12435,1,-0.2590870097490003,1,-1.4397583500718953
aim,"ClosestDistance(L_2, accuracy)",12435,0,-0.18452923081449576,1,-1.4397583500718953
aim,"ClosestDistance(L_2, accuracy)",12435,1,-0.2638240591363374,1,-1.4397583500718953
aim,"ClosestDistance(L_2, accuracy)",12435,0,-0.2153074178986927,1,-1.4397583500718953
aim,"ClosestDistance(L_2, accuracy)",12435,1,-1.4299634383342514,1,-1.4397583500718953
aim,"ClosestDistance(L_2, accuracy)",12435,0,-0.24730299863896904,1,-1.4397583500718953
aim,"ClosestDistance(L_2, accuracy)",12435,1,-0.2999674668294412,1,-1.4397583500718953
aim,"ClosestDistance(L_2, accuracy)",12435,0,-0.2041785302343749,1,-1.4397583500718953
aim,"ClosestDistance(L_2, accuracy)",12435,1,-2.00042188535524,0,-1.4397583500718953
aim,"ClosestDistance(L_2, accuracy)",12435,0,-0.23494648300842025,1,-1.4397583500718953
aim,"ClosestDistance(L_2, accuracy)",12435,1,-0.06551300830992066,1,-1.4397583500718953
aim,"ClosestDistance(L_2, accuracy)",12435,0,-0.23855798639174647,1,-1.4397583500718953
aim,"ClosestDistance(L_2, accuracy)",12435,1,-0.1039313650764135,1,-1.4397583500718953
aim,"ClosestDistance(L_2, accuracy)",12435,0,-0.051244333797622645,1,-1.4397583500718953
aim,"ClosestDistance(L_2, accuracy)",12435,1,-0.21238598074875878,1,-1.4397583500718953
aim,"ClosestDistance(L_2, accuracy)",12435,0,-1.484453056837925,0,-1.4397583500718953
aim,"ClosestDistance(L_2, accuracy)",12435,1,-0.136986301369863,1,-1.4397583500718953
aim,"ClosestDistance(L_2, accuracy)",12435,0,-0.23693239418812811,1,-1.4397583500718953
aim,"ClosestDistance(L_2, accuracy)",12435,1,-0.14341726637526572,1,-1.4397583500718953
aim,"ClosestDistance(L_2, accuracy)",12435,0,-0.25061937647594157,1,-1.4397583500718953
aim,"ClosestDistance(L_2, accuracy)",12435,1,-0.5514950595836123,1,-1.4397583500718953
aim,"ClosestDistance(L_2, accuracy)",12435,0,-0.3636335082690755,1,-1.4397583500718953
aim,"ClosestDistance(L_2, accuracy)",12435,1,-0.2577874836643439,1,-1.4397583500718953
aim,"ClosestDistance(L_2, accuracy)",12435,0,-2.001860855286032,0,-1.4397583500718953
aim,"ClosestDistance(L_2, accuracy)",12435,1,-0.17211925339095244,1,-1.4397583500718953
aim,"ClosestDistance(L_2, accuracy)",12435,0,-0.2592281477815027,1,-1.4397583500718953
aim,"ClosestDistance(L_2, accuracy)",12435,1,-0.26744645116167554,1,-1.4397583500718953
aim,"ClosestDistance(L_2, accuracy)",12435,0,-0.19602870975365658,1,-1.4397583500718953
aim,"ClosestDistance(L_2, accuracy)",12435,1,-1.4293363633106377,1,-1.4397583500718953
aim,"ClosestDistance(L_2, accuracy)",12435,0,-0.20026013902413495,1,-1.4397583500718953
aim,"ClosestDistance(L_2, accuracy)",12435,1,-1.4238641936011696,1,-1.4397583500718953
aim,"ClosestDistance(L_2, accuracy)",12435,0,-0.23111635095480362,1,-1.4397583500718953
aim,"ClosestDistance(L_2, accuracy)",12435,1,-0.2162301755876783,1,-1.4397583500718953
aim,"ClosestDistance(L_2, accuracy)",12435,0,-1.4409587368884729,0,-1.4397583500718953
aim,"ClosestDistance(L_2, accuracy)",12435,1,-0.2561487420906272,1,-1.4397583500718953
aim,"ClosestDistance(L_2, accuracy)",12435,0,-1.418759468790844,1,-1.4397583500718953
aim,"ClosestDistance(L_2, accuracy)",12435,1,-1.4289132218195182,1,-1.4397583500718953
aim,"ClosestDistance(L_2, accuracy)",12435,0,-0.21647081123478065,1,-1.4397583500718953
aim,"ClosestDistance(L_2, accuracy)",12435,1,-0.07831549433614006,1,-1.4397583500718953
aim,"ClosestDistance(L_2, accuracy)",12435,0,-1.4148687659917734,1,-1.4397583500718953
aim,"ClosestDistance(L_2, accuracy)",12435,1,-0.27877767699936573,1,-1.4397583500718953
aim,"ClosestDistance(L_2, accuracy)",12435,0,-1.4377503533717801,1,-1.4397583500718953
aim,"ClosestDistance(L_2, accuracy)",12435,1,-0.19124383546083065,1,-1.4397583500718953
aim,"ClosestDistance(L_2, accuracy)",12435,0,-0.22852086789514725,1,-1.4397583500718953
aim,"ClosestDistance(L_2, accuracy)",12435,1,-1.4365385682678056,1,-1.4397583500718953
aim,"ClosestDistance(L_2, accuracy)",12435,0,-0.25271978074405155,1,-1.4397583500718953
aim,"ClosestDistance(L_2, accuracy)",12435,1,-0.20072811399900067,1,-1.4397583500718953
aim,"ClosestDistance(L_2, accuracy)",12435,0,-1.4160858651921253,1,-1.4397583500718953
aim,"ClosestDistance(L_2, accuracy)",12435,1,-0.20026013902413495,1,-1.4397583500718953
aim,"ClosestDistance(L_2, accuracy)",12435,0,-0.20212553810067063,1,-1.4397583500718953
aim,"ClosestDistance(L_2, accuracy)",12435,1,-0.6174569365444338,1,-1.4397583500718953
aim,"ClosestDistance(L_2, accuracy)",12435,0,-0.20426239804365048,1,-1.4397583500718953
aim,"ClosestDistance(L_2, accuracy)",12435,1,-0.336649545266067,1,-1.4397583500718953
aim,"ClosestDistance(L_2, accuracy)",12435,0,-0.21134902884454604,1,-1.4397583500718953
aim,"ClosestDistance(L_2, accuracy)",12435,1,-0.20685921424189968,1,-1.4397583500718953
aim,"ClosestDistance(L_2, accuracy)",12435,0,-0.1006582358853966,1,-1.4397583500718953
aim,"ClosestDistance(L_2, accuracy)",12435,1,-0.22273631055966361,1,-1.4397583500718953
aim,"ClosestDistance(L_2, accuracy)",12435,0,-0.08689653162520054,1,-1.4397583500718953
aim,"ClosestDistance(L_2, accuracy)",12435,1,-0.3980281024276803,1,-1.4397583500718953
aim,"ClosestDistance(L_2, accuracy)",12435,0,-0.08093089509561466,1,-1.4397583500718953
aim,"ClosestDistance(L_2, accuracy)",12435,1,-1.4210793960882155,1,-1.4397583500718953
aim,"ClosestDistance(L_2, accuracy)",12435,0,-1.4238168829978222,1,-1.4397583500718953
aim,"ClosestDistance(L_2, accuracy)",12435,1,-0.20685921424189968,1,-1.4397583500718953
aim,"ClosestDistance(L_2, accuracy)",12435,0,-0.35567285020869693,1,-1.4397583500718953
aim,"ClosestDistance(L_2, accuracy)",12435,1,-0.7493125023369931,1,-1.4397583500718953
aim,"ClosestDistance(L_2, accuracy)",12435,0,-0.2059528644665409,1,-1.4397583500718953
aim,"ClosestDistance(L_2, accuracy)",12435,1,-0.06551300830992066,1,-1.4397583500718953
aim,"ClosestDistance(L_2, accuracy)",12435,0,-1.4174974759045722,1,-1.4397583500718953
aim,"ClosestDistance(L_2, accuracy)",12435,1,-0.2044333521973247,1,-1.4397583500718953
aim,"ClosestDistance(L_2, accuracy)",12435,0,-0.14012108734361248,1,-1.4397583500718953
aim,"ClosestDistance(L_2, accuracy)",12435,1,-0.2351679679718132,1,-1.4397583500718953
aim,"ClosestDistance(L_2, accuracy)",12435,0,-1.4294596338197603,1,-1.4397583500718953
aim,"ClosestDistance(L_2, accuracy)",12435,1,-0.13255090333312267,1,-1.4397583500718953
aim,"ClosestDistance(L_2, accuracy)",12435,0,-0.13951880585064583,1,-1.4397583500718953
aim,"ClosestDistance(L_2, accuracy)",12435,1,-0.41172002206732994,1,-1.4397583500718953
aim,"ClosestDistance(L_2, accuracy)",12435,0,-0.08277404492619767,1,-1.4397583500718953
aim,"ClosestDistance(L_2, accuracy)",12435,1,-0.4816273611301526,1,-1.4397583500718953
aim,"ClosestDistance(L_2, accuracy)",12435,0,-0.2596891381374587,1,-1.4397583500718953
aim,"ClosestDistance(L_2, accuracy)",12435,1,-0.2044333521973247,1,-1.4397583500718953
aim,"ClosestDistance(L_2, accuracy)",12435,0,-0.2015047036560024,1,-1.4397583500718953
aim,"ClosestDistance(L_2, accuracy)",12435,1,-0.3307695773886487,1,-1.4397583500718953
aim,"ClosestDistance(L_2, accuracy)",12435,0,-0.311182655677018,1,-1.4397583500718953
aim,"ClosestDistance(L_2, accuracy)",12435,1,-0.09176852045299486,1,-1.4397583500718953
aim,"ClosestDistance(L_2, accuracy)",12435,0,-0.23104163624638083,1,-1.4397583500718953
aim,"ClosestDistance(L_2, accuracy)",12435,1,-0.44193310093394383,1,-1.4397583500718953
aim,"ClosestDistance(L_2, accuracy)",12435,0,-0.10539608384688062,1,-1.4397583500718953
aim,"ClosestDistance(L_2, accuracy)",12435,1,-0.20961762573736928,1,-1.4397583500718953
aim,"ClosestDistance(L_2, accuracy)",12435,0,-0.283566932675417,1,-1.4397583500718953
aim,"ClosestDistance(L_2, accuracy)",12435,1,-0.23494648300842025,1,-1.4397583500718953
aim,"ClosestDistance(L_2, accuracy)",12435,0,-0.36600191127944376,1,-1.4397583500718953
aim,"ClosestDistance(L_2, accuracy)",12435,1,-0.13461119895541665,1,-1.4397583500718953
aim,"ClosestDistance(L_2, accuracy)",12435,0,-0.20837210132343192,1,-1.4397583500718953
aim,"ClosestDistance(L_2, accuracy)",12435,1,-0.20417570719410386,1,-1.4397583500718953
aim,"ClosestDistance(L_2, accuracy)",12435,0,-0.2228594389472733,1,-1.4397583500718953
aim,"ClosestDistance(L_2, accuracy)",12435,1,-0.08690820801602539,1,-1.4397583500718953
aim,"ClosestDistance(L_2, accuracy)",12435,0,-0.19359786692643421,1,-1.4397583500718953
aim,"ClosestDistance(L_2, accuracy)",12435,1,-0.295165676658348,1,-1.4397583500718953
aim,"ClosestDistance(L_2, accuracy)",12435,0,-0.18851139769661537,1,-1.4397583500718953
aim,"ClosestDistance(L_2, accuracy)",12435,1,-0.20837210132343195,1,-1.4397583500718953
aim,"ClosestDistance(L_2, accuracy)",12435,0,-0.35140214355826394,1,-1.4397583500718953
aim,"ClosestDistance(L_2, accuracy)",12435,1,-1.4436493453032098,0,-1.4397583500718953
aim,"ClosestDistance(L_2, accuracy)",12435,0,-0.27139735914350793,1,-1.4397583500718953
aim,"ClosestDistance(L_2, accuracy)",12435,1,-1.4214670282122461,1,-1.4397583500718953
aim,"ClosestDistance(L_2, accuracy)",12435,0,-0.2255237092310276,1,-1.4397583500718953
aim,"ClosestDistance(L_2, accuracy)",12435,1,-0.20762120017966626,1,-1.4397583500718953
aim,"ClosestDistance(L_2, accuracy)",12435,0,-0.23693239418812811,1,-1.4397583500718953
aim,"ClosestDistance(L_2, accuracy)",12435,1,-0.2301018632388912,1,-1.4397583500718953
aim,"ClosestDistance(L_2, accuracy)",12435,0,-0.15103003630135867,1,-1.4397583500718953
aim,"ClosestDistance(L_2, accuracy)",12435,1,-0.2766738539698885,1,-1.4397583500718953
aim,"ClosestDistance(L_2, accuracy)",12435,0,-0.21774870818522446,1,-1.4397583500718953
aim,"ClosestDistance(L_2, accuracy)",12435,1,-0.12553165369374877,1,-1.4397583500718953
aim,"ClosestDistance(L_2, accuracy)",12435,0,-0.33866590010882996,1,-1.4397583500718953
aim,"ClosestDistance(L_2, accuracy)",12435,1,-1.4181802979414997,1,-1.4397583500718953
aim,"ClosestDistance(L_2, accuracy)",12435,0,-1.4180274075795034,1,-1.4397583500718953
aim,"ClosestDistance(L_2, accuracy)",12435,1,-0.20279241111373617,1,-1.4397583500718953
aim,"ClosestDistance(L_2, accuracy)",12435,0,-0.4472811018573484,1,-1.4397583500718953
aim,"ClosestDistance(L_2, accuracy)",12435,1,-0.19335220942164083,1,-1.4397583500718953
aim,"ClosestDistance(L_2, accuracy)",12435,0,-0.2238813481465198,1,-1.4397583500718953
aim,"ClosestDistance(L_2, accuracy)",12435,1,-1.4163799503850147,1,-1.4397583500718953
aim,"ClosestDistance(L_2, accuracy)",12435,0,-1.450418077597176,0,-1.4397583500718953
aim,"ClosestDistance(L_2, accuracy)",12435,1,-1.4148687659917734,1,-1.4397583500718953
aim,"ClosestDistance(L_2, accuracy)",12435,0,-0.09156414944844006,1,-1.4397583500718953
aim,"ClosestDistance(L_2, accuracy)",12435,1,-1.417102340942896,1,-1.4397583500718953
aim,"ClosestDistance(L_2, accuracy)",12435,0,-0.40345531532906564,1,-1.4397583500718953
aim,"ClosestDistance(L_2, accuracy)",12435,1,-1.42828568570857,1,-1.4397583500718953
aim,"ClosestDistance(L_2, accuracy)",12435,0,-0.25555631597041395,1,-1.4397583500718953
aim,"ClosestDistance(L_2, accuracy)",12435,1,-0.4831088084310481,1,-1.4397583500718953
aim,"ClosestDistance(L_2, accuracy)",12435,0,-0.2982210476055647,1,-1.4397583500718953
