generator,attack,target_id,ground_truth,raw_score,binary_prediction,threshold
dpctgan,Groundhog,12435,1,0.59,1,0.5
dpctgan,Groundhog,12435,0,0.49,0,0.5
dpctgan,Groundhog,12435,1,0.49,0,0.5
dpctgan,Groundhog,12435,0,0.37,0,0.5
dpctgan,Groundhog,12435,1,0.61,1,0.5
dpctgan,Groundhog,12435,0,0.52,1,0.5
dpctgan,Groundhog,12435,1,0.5,0,0.5
dpctgan,Groundhog,12435,0,0.5,0,0.5
dpctgan,Groundhog,12435,1,0.53,1,0.5
dpctgan,Groundhog,12435,0,0.53,1,0.5
dpctgan,Groundhog,12435,1,0.46,0,0.5
dpctgan,Groundhog,12435,0,0.57,1,0.5
dpctgan,Groundhog,12435,1,0.45,0,0.5
dpctgan,Groundhog,12435,0,0.5,0,0.5
dpctgan,Groundhog,12435,1,0.48,0,0.5
dpctgan,Groundhog,12435,0,0.49,0,0.5
dpctgan,Groundhog,12435,1,0.49,0,0.5
dpctgan,Groundhog,12435,0,0.44,0,0.5
dpctgan,Groundhog,12435,1,0.47,0,0.5
dpctgan,Groundhog,12435,0,0.55,1,0.5
dpctgan,Groundhog,12435,1,0.54,1,0.5
dpctgan,Groundhog,12435,0,0.44,0,0.5
dpctgan,Groundhog,12435,1,0.54,1,0.5
dpctgan,Groundhog,12435,0,0.58,1,0.5
dpctgan,Groundhog,12435,1,0.5,0,0.5
dpctgan,Groundhog,12435,0,0.59,1,0.5
dpctgan,Groundhog,12435,1,0.55,1,0.5
dpctgan,Groundhog,12435,0,0.49,0,0.5
dpctgan,Groundhog,12435,1,0.57,1,0.5
dpctgan,Groundhog,12435,0,0.45,0,0.5
dpctgan,Groundhog,12435,1,0.46,0,0.5
dpctgan,Groundhog,12435,0,0.46,0,0.5
dpctgan,Groundhog,12435,1,0.37,0,0.5
dpctgan,Groundhog,12435,0,0.42,0,0.5
dpctgan,Groundhog,12435,1,0.55,1,0.5
dpctgan,Groundhog,12435,0,0.48,0,0.5
dpctgan,Groundhog,12435,1,0.5,0,0.5
dpctgan,Groundhog,12435,0,0.51,1,0.5
dpctgan,Groundhog,12435,1,0.4,0,0.5
dpctgan,Groundhog,12435,0,0.47,0,0.5
dpctgan,Groundhog,12435,1,0.43,0,0.5
dpctgan,Groundhog,12435,0,0.49,0,0.5
dpctgan,Groundhog,12435,1,0.56,1,0.5
dpctgan,Groundhog,12435,0,0.58,1,0.5
dpctgan,Groundhog,12435,1,0.52,1,0.5
dpctgan,Groundhog,12435,0,0.39,0,0.5
dpctgan,Groundhog,12435,1,0.5,0,0.5
dpctgan,Groundhog,12435,0,0.57,1,0.5
dpctgan,Groundhog,12435,1,0.51,1,0.5
dpctgan,Groundhog,12435,0,0.49,0,0.5
dpctgan,Groundhog,12435,1,0.46,0,0.5
dpctgan,Groundhog,12435,0,0.42,0,0.5
dpctgan,Groundhog,12435,1,0.52,1,0.5
dpctgan,Groundhog,12435,0,0.48,0,0.5
dpctgan,Groundhog,12435,1,0.45,0,0.5
dpctgan,Groundhog,12435,0,0.55,1,0.5
dpctgan,Groundhog,12435,1,0.52,1,0.5
dpctgan,Groundhog,12435,0,0.52,1,0.5
dpctgan,Groundhog,12435,1,0.44,0,0.5
dpctgan,Groundhog,12435,0,0.48,0,0.5
dpctgan,Groundhog,12435,1,0.5,0,0.5
dpctgan,Groundhog,12435,0,0.53,1,0.5
dpctgan,Groundhog,12435,1,0.51,1,0.5
dpctgan,Groundhog,12435,0,0.47,0,0.5
dpctgan,Groundhog,12435,1,0.55,1,0.5
dpctgan,Groundhog,12435,0,0.49,0,0.5
dpctgan,Groundhog,12435,1,0.49,0,0.5
dpctgan,Groundhog,12435,0,0.53,1,0.5
dpctgan,Groundhog,12435,1,0.48,0,0.5
dpctgan,Groundhog,12435,0,0.6,1,0.5
dpctgan,Groundhog,12435,1,0.42,0,0.5
dpctgan,Groundhog,12435,0,0.53,1,0.5
dpctgan,Groundhog,12435,1,0.5,0,0.5
dpctgan,Groundhog,12435,0,0.55,1,0.5
dpctgan,Groundhog,12435,1,0.46,0,0.5
dpctgan,Groundhog,12435,0,0.58,1,0.5
dpctgan,Groundhog,12435,1,0.39,0,0.5
dpctgan,Groundhog,12435,0,0.55,1,0.5
dpctgan,Groundhog,12435,1,0.56,1,0.5
dpctgan,Groundhog,12435,0,0.51,1,0.5
dpctgan,Groundhog,12435,1,0.59,1,0.5
dpctgan,Groundhog,12435,0,0.51,1,0.5
dpctgan,Groundhog,12435,1,0.54,1,0.5
dpctgan,Groundhog,12435,0,0.46,0,0.5
dpctgan,Groundhog,12435,1,0.56,1,0.5
dpctgan,Groundhog,12435,0,0.48,0,0.5
dpctgan,Groundhog,12435,1,0.37,0,0.5
dpctgan,Groundhog,12435,0,0.37,0,0.5
dpctgan,Groundhog,12435,1,0.46,0,0.5
dpctgan,Groundhog,12435,0,0.5,0,0.5
dpctgan,Groundhog,12435,1,0.52,1,0.5
dpctgan,Groundhog,12435,0,0.45,0,0.5
dpctgan,Groundhog,12435,1,0.47,0,0.5
dpctgan,Groundhog,12435,0,0.59,1,0.5
dpctgan,Groundhog,12435,1,0.51,1,0.5
dpctgan,Groundhog,12435,0,0.43,0,0.5
dpctgan,Groundhog,12435,1,0.48,0,0.5
dpctgan,Groundhog,12435,0,0.46,0,0.5
dpctgan,Groundhog,12435,1,0.56,1,0.5
dpctgan,Groundhog,12435,0,0.59,1,0.5
dpctgan,Groundhog,12435,1,0.5,0,0.5
dpctgan,Groundhog,12435,0,0.42,0,0.5
dpctgan,Groundhog,12435,1,0.51,1,0.5
dpctgan,Groundhog,12435,0,0.53,1,0.5
dpctgan,Groundhog,12435,1,0.48,0,0.5
dpctgan,Groundhog,12435,0,0.48,0,0.5
dpctgan,Groundhog,12435,1,0.47,0,0.5
dpctgan,Groundhog,12435,0,0.47,0,0.5
dpctgan,Groundhog,12435,1,0.47,0,0.5
dpctgan,Groundhog,12435,0,0.52,1,0.5
dpctgan,Groundhog,12435,1,0.52,1,0.5
dpctgan,Groundhog,12435,0,0.5,0,0.5
dpctgan,Groundhog,12435,1,0.53,1,0.5
dpctgan,Groundhog,12435,0,0.55,1,0.5
dpctgan,Groundhog,12435,1,0.54,1,0.5
dpctgan,Groundhog,12435,0,0.48,0,0.5
dpctgan,Groundhog,12435,1,0.45,0,0.5
dpctgan,Groundhog,12435,0,0.48,0,0.5
dpctgan,Groundhog,12435,1,0.46,0,0.5
dpctgan,Groundhog,12435,0,0.51,1,0.5
dpctgan,Groundhog,12435,1,0.61,1,0.5
dpctgan,Groundhog,12435,0,0.42,0,0.5
dpctgan,Groundhog,12435,1,0.43,0,0.5
dpctgan,Groundhog,12435,0,0.49,0,0.5
dpctgan,Groundhog,12435,1,0.55,1,0.5
dpctgan,Groundhog,12435,0,0.47,0,0.5
dpctgan,Groundhog,12435,1,0.51,1,0.5
dpctgan,Groundhog,12435,0,0.36,0,0.5
dpctgan,Groundhog,12435,1,0.53,1,0.5
dpctgan,Groundhog,12435,0,0.49,0,0.5
dpctgan,Groundhog,12435,1,0.56,1,0.5
dpctgan,Groundhog,12435,0,0.52,1,0.5
dpctgan,Groundhog,12435,1,0.48,0,0.5
dpctgan,Groundhog,12435,0,0.47,0,0.5
dpctgan,Groundhog,12435,1,0.42,0,0.5
dpctgan,Groundhog,12435,0,0.5,0,0.5
dpctgan,Groundhog,12435,1,0.54,1,0.5
dpctgan,Groundhog,12435,0,0.54,1,0.5
dpctgan,Groundhog,12435,1,0.6,1,0.5
dpctgan,Groundhog,12435,0,0.61,1,0.5
dpctgan,Groundhog,12435,1,0.44,0,0.5
dpctgan,Groundhog,12435,0,0.5,0,0.5
dpctgan,Groundhog,12435,1,0.45,0,0.5
dpctgan,Groundhog,12435,0,0.6,1,0.5
dpctgan,Groundhog,12435,1,0.42,0,0.5
dpctgan,Groundhog,12435,0,0.34,0,0.5
dpctgan,Groundhog,12435,1,0.45,0,0.5
dpctgan,Groundhog,12435,0,0.58,1,0.5
dpctgan,Groundhog,12435,1,0.59,1,0.5
dpctgan,Groundhog,12435,0,0.66,1,0.5
dpctgan,Groundhog,12435,1,0.48,0,0.5
dpctgan,Groundhog,12435,0,0.36,0,0.5
dpctgan,Groundhog,12435,1,0.44,0,0.5
dpctgan,Groundhog,12435,0,0.47,0,0.5
dpctgan,Groundhog,12435,1,0.46,0,0.5
dpctgan,Groundhog,12435,0,0.54,1,0.5
dpctgan,Groundhog,12435,1,0.49,0,0.5
dpctgan,Groundhog,12435,0,0.49,0,0.5
dpctgan,Groundhog,12435,1,0.43,0,0.5
dpctgan,Groundhog,12435,0,0.37,0,0.5
dpctgan,Groundhog,12435,1,0.54,1,0.5
dpctgan,Groundhog,12435,0,0.37,0,0.5
dpctgan,Groundhog,12435,1,0.43,0,0.5
dpctgan,Groundhog,12435,0,0.44,0,0.5
dpctgan,Groundhog,12435,1,0.45,0,0.5
dpctgan,Groundhog,12435,0,0.39,0,0.5
dpctgan,Groundhog,12435,1,0.46,0,0.5
dpctgan,Groundhog,12435,0,0.43,0,0.5
dpctgan,Groundhog,12435,1,0.51,1,0.5
dpctgan,Groundhog,12435,0,0.42,0,0.5
dpctgan,Groundhog,12435,1,0.45,0,0.5
dpctgan,Groundhog,12435,0,0.51,1,0.5
dpctgan,Groundhog,12435,1,0.58,1,0.5
dpctgan,Groundhog,12435,0,0.51,1,0.5
dpctgan,Groundhog,12435,1,0.52,1,0.5
dpctgan,Groundhog,12435,0,0.51,1,0.5
dpctgan,Groundhog,12435,1,0.48,0,0.5
dpctgan,Groundhog,12435,0,0.44,0,0.5
dpctgan,Groundhog,12435,1,0.54,1,0.5
dpctgan,Groundhog,12435,0,0.63,1,0.5
dpctgan,Groundhog,12435,1,0.45,0,0.5
dpctgan,Groundhog,12435,0,0.62,1,0.5
dpctgan,Groundhog,12435,1,0.48,0,0.5
dpctgan,Groundhog,12435,0,0.46,0,0.5
dpctgan,Groundhog,12435,1,0.56,1,0.5
dpctgan,Groundhog,12435,0,0.41,0,0.5
dpctgan,Groundhog,12435,1,0.47,0,0.5
dpctgan,Groundhog,12435,0,0.39,0,0.5
dpctgan,Groundhog,12435,1,0.47,0,0.5
dpctgan,Groundhog,12435,0,0.43,0,0.5
dpctgan,Groundhog,12435,1,0.4,0,0.5
dpctgan,Groundhog,12435,0,0.52,1,0.5
dpctgan,Groundhog,12435,1,0.48,0,0.5
dpctgan,Groundhog,12435,0,0.48,0,0.5
dpctgan,Groundhog,12435,1,0.36,0,0.5
dpctgan,Groundhog,12435,0,0.42,0,0.5
dpctgan,Groundhog,12435,1,0.53,1,0.5
dpctgan,Groundhog,12435,0,0.52,1,0.5
dpctgan,Groundhog,12435,1,0.5,0,0.5
dpctgan,Groundhog,12435,0,0.49,0,0.5
dpctgan,Groundhog,12435,1,0.53,1,0.5
dpctgan,Groundhog,12435,0,0.44,0,0.5
dpctgan,Groundhog,12435,1,0.61,1,0.5
dpctgan,Groundhog,12435,0,0.55,1,0.5
dpctgan,Groundhog,12435,1,0.53,1,0.5
dpctgan,Groundhog,12435,0,0.53,1,0.5
dpctgan,Groundhog,12435,1,0.53,1,0.5
dpctgan,Groundhog,12435,0,0.44,0,0.5
dpctgan,Groundhog,12435,1,0.41,0,0.5
dpctgan,Groundhog,12435,0,0.4,0,0.5
dpctgan,Groundhog,12435,1,0.49,0,0.5
dpctgan,Groundhog,12435,0,0.62,1,0.5
dpctgan,Groundhog,12435,1,0.51,1,0.5
dpctgan,Groundhog,12435,0,0.46,0,0.5
dpctgan,Groundhog,12435,1,0.57,1,0.5
dpctgan,Groundhog,12435,0,0.59,1,0.5
dpctgan,Groundhog,12435,1,0.5,0,0.5
dpctgan,Groundhog,12435,0,0.44,0,0.5
dpctgan,Groundhog,12435,1,0.48,0,0.5
dpctgan,Groundhog,12435,0,0.5,0,0.5
dpctgan,Groundhog,12435,1,0.45,0,0.5
dpctgan,Groundhog,12435,0,0.58,1,0.5
dpctgan,Groundhog,12435,1,0.48,0,0.5
dpctgan,Groundhog,12435,0,0.48,0,0.5
dpctgan,Groundhog,12435,1,0.52,1,0.5
dpctgan,Groundhog,12435,0,0.56,1,0.5
dpctgan,Groundhog,12435,1,0.5,0,0.5
dpctgan,Groundhog,12435,0,0.49,0,0.5
dpctgan,Groundhog,12435,1,0.55,1,0.5
dpctgan,Groundhog,12435,0,0.59,1,0.5
dpctgan,Groundhog,12435,1,0.6,1,0.5
dpctgan,Groundhog,12435,0,0.58,1,0.5
dpctgan,Groundhog,12435,1,0.48,0,0.5
dpctgan,Groundhog,12435,0,0.5,0,0.5
dpctgan,Groundhog,12435,1,0.65,1,0.5
dpctgan,Groundhog,12435,0,0.57,1,0.5
dpctgan,Groundhog,12435,1,0.54,1,0.5
dpctgan,Groundhog,12435,0,0.57,1,0.5
dpctgan,Groundhog,12435,1,0.48,0,0.5
dpctgan,Groundhog,12435,0,0.49,0,0.5
dpctgan,Groundhog,12435,1,0.55,1,0.5
dpctgan,Groundhog,12435,0,0.54,1,0.5
dpctgan,Groundhog,12435,1,0.53,1,0.5
dpctgan,Groundhog,12435,0,0.56,1,0.5
dpctgan,Groundhog,12435,1,0.5,0,0.5
dpctgan,Groundhog,12435,0,0.55,1,0.5
dpctgan,Groundhog,12435,1,0.51,1,0.5
dpctgan,Groundhog,12435,0,0.43,0,0.5
dpctgan,Groundhog,12435,1,0.55,1,0.5
dpctgan,Groundhog,12435,0,0.59,1,0.5
dpctgan,Groundhog,12435,1,0.44,0,0.5
dpctgan,Groundhog,12435,0,0.52,1,0.5
dpctgan,Groundhog,12435,1,0.56,1,0.5
dpctgan,Groundhog,12435,0,0.42,0,0.5
dpctgan,Groundhog,12435,1,0.51,1,0.5
dpctgan,Groundhog,12435,0,0.55,1,0.5
dpctgan,Groundhog,12435,1,0.52,1,0.5
dpctgan,Groundhog,12435,0,0.36,0,0.5
dpctgan,Groundhog,12435,1,0.59,1,0.5
dpctgan,Groundhog,12435,0,0.51,1,0.5
dpctgan,Groundhog,12435,1,0.5,0,0.5
dpctgan,Groundhog,12435,0,0.54,1,0.5
dpctgan,Groundhog,12435,1,0.5,0,0.5
dpctgan,Groundhog,12435,0,0.54,1,0.5
dpctgan,Groundhog,12435,1,0.52,1,0.5
dpctgan,Groundhog,12435,0,0.48,0,0.5
dpctgan,Groundhog,12435,1,0.42,0,0.5
dpctgan,Groundhog,12435,0,0.44,0,0.5
dpctgan,Groundhog,12435,1,0.48,0,0.5
dpctgan,Groundhog,12435,0,0.55,1,0.5
dpctgan,Groundhog,12435,1,0.5,0,0.5
dpctgan,Groundhog,12435,0,0.47,0,0.5
dpctgan,Groundhog,12435,1,0.43,0,0.5
dpctgan,Groundhog,12435,0,0.54,1,0.5
dpctgan,Groundhog,12435,1,0.41,0,0.5
dpctgan,Groundhog,12435,0,0.53,1,0.5
dpctgan,Groundhog,12435,1,0.38,0,0.5
dpctgan,Groundhog,12435,0,0.52,1,0.5
dpctgan,Groundhog,12435,1,0.51,1,0.5
dpctgan,Groundhog,12435,0,0.44,0,0.5
dpctgan,Groundhog,12435,1,0.5,0,0.5
dpctgan,Groundhog,12435,0,0.52,1,0.5
dpctgan,Groundhog,12435,1,0.58,1,0.5
dpctgan,Groundhog,12435,0,0.55,1,0.5
dpctgan,Groundhog,12435,1,0.48,0,0.5
dpctgan,Groundhog,12435,0,0.43,0,0.5
dpctgan,Groundhog,12435,1,0.55,1,0.5
dpctgan,Groundhog,12435,0,0.39,0,0.5
dpctgan,Groundhog,12435,1,0.53,1,0.5
dpctgan,Groundhog,12435,0,0.51,1,0.5
dpctgan,Groundhog,12435,1,0.44,0,0.5
dpctgan,Groundhog,12435,0,0.41,0,0.5
dpctgan,Groundhog,12435,1,0.43,0,0.5
dpctgan,Groundhog,12435,0,0.56,1,0.5
dpctgan,Groundhog,12435,1,0.34,0,0.5
dpctgan,Groundhog,12435,0,0.56,1,0.5
dpctgan,Groundhog,12435,1,0.56,1,0.5
dpctgan,Groundhog,12435,0,0.57,1,0.5
dpctgan,Groundhog,12435,1,0.45,0,0.5
dpctgan,Groundhog,12435,0,0.41,0,0.5
dpctgan,Groundhog,12435,1,0.62,1,0.5
dpctgan,Groundhog,12435,0,0.42,0,0.5
dpctgan,Groundhog,12435,1,0.42,0,0.5
dpctgan,Groundhog,12435,0,0.5,0,0.5
dpctgan,Groundhog,12435,1,0.59,1,0.5
dpctgan,Groundhog,12435,0,0.4,0,0.5
dpctgan,Groundhog,12435,1,0.44,0,0.5
dpctgan,Groundhog,12435,0,0.44,0,0.5
dpctgan,Groundhog,12435,1,0.53,1,0.5
dpctgan,Groundhog,12435,0,0.49,0,0.5
dpctgan,Groundhog,12435,1,0.47,0,0.5
dpctgan,Groundhog,12435,0,0.42,0,0.5
dpctgan,Groundhog,12435,1,0.5,0,0.5
dpctgan,Groundhog,12435,0,0.43,0,0.5
dpctgan,Groundhog,12435,1,0.44,0,0.5
dpctgan,Groundhog,12435,0,0.46,0,0.5
dpctgan,Groundhog,12435,1,0.57,1,0.5
dpctgan,Groundhog,12435,0,0.61,1,0.5
dpctgan,Groundhog,12435,1,0.48,0,0.5
dpctgan,Groundhog,12435,0,0.54,1,0.5
dpctgan,Groundhog,12435,1,0.57,1,0.5
dpctgan,Groundhog,12435,0,0.53,1,0.5
dpctgan,Groundhog,12435,1,0.52,1,0.5
dpctgan,Groundhog,12435,0,0.6,1,0.5
dpctgan,Groundhog,12435,1,0.5,0,0.5
dpctgan,Groundhog,12435,0,0.49,0,0.5
dpctgan,Groundhog,12435,1,0.51,1,0.5
dpctgan,Groundhog,12435,0,0.46,0,0.5
dpctgan,Groundhog,12435,1,0.41,0,0.5
dpctgan,Groundhog,12435,0,0.47,0,0.5
dpctgan,Groundhog,12435,1,0.52,1,0.5
dpctgan,Groundhog,12435,0,0.59,1,0.5
dpctgan,Groundhog,12435,1,0.55,1,0.5
dpctgan,Groundhog,12435,0,0.36,0,0.5
dpctgan,Groundhog,12435,1,0.47,0,0.5
dpctgan,Groundhog,12435,0,0.52,1,0.5
dpctgan,Groundhog,12435,1,0.49,0,0.5
dpctgan,Groundhog,12435,0,0.47,0,0.5
dpctgan,Groundhog,12435,1,0.45,0,0.5
dpctgan,Groundhog,12435,0,0.46,0,0.5
dpctgan,Groundhog,12435,1,0.4,0,0.5
dpctgan,Groundhog,12435,0,0.41,0,0.5
dpctgan,Groundhog,12435,1,0.46,0,0.5
dpctgan,Groundhog,12435,0,0.62,1,0.5
dpctgan,Groundhog,12435,1,0.55,1,0.5
dpctgan,Groundhog,12435,0,0.5,0,0.5
dpctgan,Groundhog,12435,1,0.54,1,0.5
dpctgan,Groundhog,12435,0,0.5,0,0.5
dpctgan,Groundhog,12435,1,0.53,1,0.5
dpctgan,Groundhog,12435,0,0.43,0,0.5
dpctgan,Groundhog,12435,1,0.44,0,0.5
dpctgan,Groundhog,12435,0,0.54,1,0.5
dpctgan,Groundhog,12435,1,0.55,1,0.5
dpctgan,Groundhog,12435,0,0.51,1,0.5
dpctgan,Groundhog,12435,1,0.5,0,0.5
dpctgan,Groundhog,12435,0,0.51,1,0.5
dpctgan,Groundhog,12435,1,0.59,1,0.5
dpctgan,Groundhog,12435,0,0.53,1,0.5
dpctgan,Groundhog,12435,1,0.47,0,0.5
dpctgan,Groundhog,12435,0,0.47,0,0.5
dpctgan,Groundhog,12435,1,0.55,1,0.5
dpctgan,Groundhog,12435,0,0.36,0,0.5
dpctgan,Groundhog,12435,1,0.57,1,0.5
dpctgan,Groundhog,12435,0,0.55,1,0.5
dpctgan,Groundhog,12435,1,0.61,1,0.5
dpctgan,Groundhog,12435,0,0.46,0,0.5
dpctgan,Groundhog,12435,1,0.47,0,0.5
dpctgan,Groundhog,12435,0,0.55,1,0.5
dpctgan,Groundhog,12435,1,0.47,0,0.5
dpctgan,Groundhog,12435,0,0.63,1,0.5
dpctgan,Groundhog,12435,1,0.6,1,0.5
dpctgan,Groundhog,12435,0,0.43,0,0.5
dpctgan,Groundhog,12435,1,0.44,0,0.5
dpctgan,Groundhog,12435,0,0.62,1,0.5
dpctgan,Groundhog,12435,1,0.48,0,0.5
dpctgan,Groundhog,12435,0,0.39,0,0.5
dpctgan,Groundhog,12435,1,0.57,1,0.5
dpctgan,Groundhog,12435,0,0.47,0,0.5
dpctgan,Groundhog,12435,1,0.57,1,0.5
dpctgan,Groundhog,12435,0,0.42,0,0.5
dpctgan,Groundhog,12435,1,0.59,1,0.5
dpctgan,Groundhog,12435,0,0.43,0,0.5
dpctgan,Groundhog,12435,1,0.62,1,0.5
dpctgan,Groundhog,12435,0,0.5,0,0.5
dpctgan,Groundhog,12435,1,0.58,1,0.5
dpctgan,Groundhog,12435,0,0.49,0,0.5
dpctgan,Groundhog,12435,1,0.55,1,0.5
dpctgan,Groundhog,12435,0,0.46,0,0.5
dpctgan,Groundhog,12435,1,0.37,0,0.5
dpctgan,Groundhog,12435,0,0.56,1,0.5
dpctgan,Groundhog,12435,1,0.49,0,0.5
dpctgan,Groundhog,12435,0,0.42,0,0.5
dpctgan,Groundhog,12435,1,0.46,0,0.5
dpctgan,Groundhog,12435,0,0.55,1,0.5
dpctgan,Groundhog,12435,1,0.5,0,0.5
dpctgan,Groundhog,12435,0,0.59,1,0.5
dpctgan,Groundhog,12435,1,0.6,1,0.5
dpctgan,Groundhog,12435,0,0.41,0,0.5
dpctgan,Groundhog,12435,1,0.47,0,0.5
dpctgan,Groundhog,12435,0,0.53,1,0.5
dpctgan,Groundhog,12435,1,0.59,1,0.5
dpctgan,Groundhog,12435,0,0.43,0,0.5
dpctgan,Groundhog,12435,1,0.49,0,0.5
dpctgan,Groundhog,12435,0,0.52,1,0.5
dpctgan,Groundhog,12435,1,0.39,0,0.5
dpctgan,Groundhog,12435,0,0.52,1,0.5
dpctgan,Groundhog,12435,1,0.47,0,0.5
dpctgan,Groundhog,12435,0,0.42,0,0.5
dpctgan,Groundhog,12435,1,0.49,0,0.5
dpctgan,Groundhog,12435,0,0.47,0,0.5
dpctgan,Groundhog,12435,1,0.42,0,0.5
dpctgan,Groundhog,12435,0,0.38,0,0.5
dpctgan,Groundhog,12435,1,0.54,1,0.5
dpctgan,Groundhog,12435,0,0.46,0,0.5
dpctgan,Groundhog,12435,1,0.43,0,0.5
dpctgan,Groundhog,12435,0,0.54,1,0.5
dpctgan,Groundhog,12435,1,0.46,0,0.5
dpctgan,Groundhog,12435,0,0.44,0,0.5
dpctgan,Groundhog,12435,1,0.59,1,0.5
dpctgan,Groundhog,12435,0,0.47,0,0.5
dpctgan,Groundhog,12435,1,0.4,0,0.5
dpctgan,Groundhog,12435,0,0.49,0,0.5
dpctgan,Groundhog,12435,1,0.56,1,0.5
dpctgan,Groundhog,12435,0,0.47,0,0.5
dpctgan,Groundhog,12435,1,0.54,1,0.5
dpctgan,Groundhog,12435,0,0.53,1,0.5
dpctgan,Groundhog,12435,1,0.49,0,0.5
dpctgan,Groundhog,12435,0,0.44,0,0.5
dpctgan,Groundhog,12435,1,0.47,0,0.5
dpctgan,Groundhog,12435,0,0.5,0,0.5
dpctgan,Groundhog,12435,1,0.61,1,0.5
dpctgan,Groundhog,12435,0,0.46,0,0.5
dpctgan,Groundhog,12435,1,0.57,1,0.5
dpctgan,Groundhog,12435,0,0.49,0,0.5
dpctgan,Groundhog,12435,1,0.45,0,0.5
dpctgan,Groundhog,12435,0,0.42,0,0.5
dpctgan,Groundhog,12435,1,0.41,0,0.5
dpctgan,Groundhog,12435,0,0.41,0,0.5
dpctgan,Groundhog,12435,1,0.43,0,0.5
dpctgan,Groundhog,12435,0,0.46,0,0.5
dpctgan,Groundhog,12435,1,0.52,1,0.5
dpctgan,Groundhog,12435,0,0.46,0,0.5
dpctgan,Groundhog,12435,1,0.57,1,0.5
dpctgan,Groundhog,12435,0,0.42,0,0.5
dpctgan,Groundhog,12435,1,0.48,0,0.5
dpctgan,Groundhog,12435,0,0.39,0,0.5
dpctgan,Groundhog,12435,1,0.55,1,0.5
dpctgan,Groundhog,12435,0,0.39,0,0.5
dpctgan,Groundhog,12435,1,0.44,0,0.5
dpctgan,Groundhog,12435,0,0.47,0,0.5
dpctgan,Groundhog,12435,1,0.54,1,0.5
dpctgan,Groundhog,12435,0,0.46,0,0.5
dpctgan,Groundhog,12435,1,0.49,0,0.5
dpctgan,Groundhog,12435,0,0.49,0,0.5
dpctgan,Groundhog,12435,1,0.49,0,0.5
dpctgan,Groundhog,12435,0,0.47,0,0.5
dpctgan,Groundhog,12435,1,0.54,1,0.5
dpctgan,Groundhog,12435,0,0.44,0,0.5
dpctgan,Groundhog,12435,1,0.51,1,0.5
dpctgan,Groundhog,12435,0,0.43,0,0.5
dpctgan,Groundhog,12435,1,0.52,1,0.5
dpctgan,Groundhog,12435,0,0.49,0,0.5
dpctgan,Groundhog,12435,1,0.44,0,0.5
dpctgan,Groundhog,12435,0,0.59,1,0.5
dpctgan,Groundhog,12435,1,0.65,1,0.5
dpctgan,Groundhog,12435,0,0.5,0,0.5
dpctgan,Groundhog,12435,1,0.61,1,0.5
dpctgan,Groundhog,12435,0,0.54,1,0.5
dpctgan,Groundhog,12435,1,0.62,1,0.5
dpctgan,Groundhog,12435,0,0.47,0,0.5
dpctgan,Groundhog,12435,1,0.55,1,0.5
dpctgan,Groundhog,12435,0,0.53,1,0.5
dpctgan,Groundhog,12435,1,0.5,0,0.5
dpctgan,Groundhog,12435,0,0.57,1,0.5
dpctgan,Groundhog,12435,1,0.51,1,0.5
dpctgan,Groundhog,12435,0,0.48,0,0.5
dpctgan,Groundhog,12435,1,0.57,1,0.5
dpctgan,Groundhog,12435,0,0.54,1,0.5
dpctgan,Groundhog,12435,1,0.47,0,0.5
dpctgan,Groundhog,12435,0,0.51,1,0.5
dpctgan,Groundhog,12435,1,0.47,0,0.5
dpctgan,Groundhog,12435,0,0.63,1,0.5
dpctgan,Groundhog,12435,1,0.51,1,0.5
dpctgan,Groundhog,12435,0,0.51,1,0.5
dpctgan,Groundhog,12435,1,0.53,1,0.5
dpctgan,Groundhog,12435,0,0.41,0,0.5
dpctgan,Groundhog,12435,1,0.43,0,0.5
dpctgan,Groundhog,12435,0,0.55,1,0.5
dpctgan,Groundhog,12435,1,0.5,0,0.5
dpctgan,Groundhog,12435,0,0.52,1,0.5
dpctgan,Groundhog,12435,1,0.48,0,0.5
dpctgan,Groundhog,12435,0,0.53,1,0.5
dpctgan,Groundhog,12435,1,0.46,0,0.5
dpctgan,Groundhog,12435,0,0.53,1,0.5
dpctgan,Groundhog,12435,1,0.43,0,0.5
dpctgan,Groundhog,12435,0,0.51,1,0.5
dpctgan,Groundhog,12435,1,0.47,0,0.5
dpctgan,Groundhog,12435,0,0.49,0,0.5
dpctgan,Groundhog,12435,1,0.43,0,0.5
dpctgan,Groundhog,12435,0,0.58,1,0.5
dpctgan,Groundhog,12435,1,0.52,1,0.5
dpctgan,Groundhog,12435,0,0.58,1,0.5
dpctgan,Groundhog,12435,1,0.49,0,0.5
dpctgan,Groundhog,12435,0,0.48,0,0.5
dpctgan,Groundhog,12435,1,0.48,0,0.5
dpctgan,Groundhog,12435,0,0.48,0,0.5
dpctgan,Groundhog,12435,1,0.5,0,0.5
dpctgan,Groundhog,12435,0,0.46,0,0.5
dpctgan,Groundhog,12435,1,0.47,0,0.5
dpctgan,Groundhog,12435,0,0.6,1,0.5
dpctgan,Groundhog,12435,1,0.45,0,0.5
dpctgan,Groundhog,12435,0,0.42,0,0.5
dpctgan,Groundhog,12435,1,0.45,0,0.5
dpctgan,Groundhog,12435,0,0.48,0,0.5
dpctgan,Groundhog,12435,1,0.42,0,0.5
dpctgan,Groundhog,12435,0,0.51,1,0.5
dpctgan,Groundhog,12435,1,0.5,0,0.5
dpctgan,Groundhog,12435,0,0.37,0,0.5
dpctgan,Groundhog,12435,1,0.51,1,0.5
dpctgan,Groundhog,12435,0,0.42,0,0.5
dpctgan,Groundhog,12435,1,0.48,0,0.5
dpctgan,Groundhog,12435,0,0.44,0,0.5
dpctgan,Groundhog,12435,1,0.53,1,0.5
dpctgan,Groundhog,12435,0,0.42,0,0.5
dpctgan,Groundhog,12435,1,0.46,0,0.5
dpctgan,Groundhog,12435,0,0.57,1,0.5
dpctgan,Groundhog,12435,1,0.45,0,0.5
dpctgan,Groundhog,12435,0,0.49,0,0.5
dpctgan,Groundhog,12435,1,0.52,1,0.5
dpctgan,Groundhog,12435,0,0.49,0,0.5
dpctgan,Groundhog,12435,1,0.54,1,0.5
dpctgan,Groundhog,12435,0,0.53,1,0.5
dpctgan,Groundhog,12435,1,0.55,1,0.5
dpctgan,Groundhog,12435,0,0.62,1,0.5
dpctgan,Groundhog,12435,1,0.36,0,0.5
dpctgan,Groundhog,12435,0,0.53,1,0.5
dpctgan,Groundhog,12435,1,0.45,0,0.5
dpctgan,Groundhog,12435,0,0.47,0,0.5
dpctgan,Groundhog,12435,1,0.5,0,0.5
dpctgan,Groundhog,12435,0,0.61,1,0.5
dpctgan,Groundhog,12435,1,0.43,0,0.5
dpctgan,Groundhog,12435,0,0.51,1,0.5
dpctgan,Groundhog,12435,1,0.44,0,0.5
dpctgan,Groundhog,12435,0,0.35,0,0.5
dpctgan,Groundhog,12435,1,0.49,0,0.5
dpctgan,Groundhog,12435,0,0.53,1,0.5
dpctgan,Groundhog,12435,1,0.45,0,0.5
dpctgan,Groundhog,12435,0,0.43,0,0.5
dpctgan,Groundhog,12435,1,0.48,0,0.5
dpctgan,Groundhog,12435,0,0.47,0,0.5
dpctgan,Groundhog,12435,1,0.51,1,0.5
dpctgan,Groundhog,12435,0,0.52,1,0.5
dpctgan,Groundhog,12435,1,0.59,1,0.5
dpctgan,Groundhog,12435,0,0.53,1,0.5
dpctgan,Groundhog,12435,1,0.53,1,0.5
dpctgan,Groundhog,12435,0,0.32,0,0.5
dpctgan,Groundhog,12435,1,0.47,0,0.5
dpctgan,Groundhog,12435,0,0.55,1,0.5
dpctgan,Groundhog,12435,1,0.43,0,0.5
dpctgan,Groundhog,12435,0,0.53,1,0.5
dpctgan,Groundhog,12435,1,0.52,1,0.5
dpctgan,Groundhog,12435,0,0.61,1,0.5
dpctgan,Groundhog,12435,1,0.63,1,0.5
dpctgan,Groundhog,12435,0,0.55,1,0.5
dpctgan,Groundhog,12435,1,0.56,1,0.5
dpctgan,Groundhog,12435,0,0.49,0,0.5
dpctgan,Groundhog,12435,1,0.46,0,0.5
dpctgan,Groundhog,12435,0,0.38,0,0.5
dpctgan,Groundhog,12435,1,0.52,1,0.5
dpctgan,Groundhog,12435,0,0.48,0,0.5
dpctgan,Groundhog,12435,1,0.48,0,0.5
dpctgan,Groundhog,12435,0,0.48,0,0.5
dpctgan,Groundhog,12435,1,0.4,0,0.5
dpctgan,Groundhog,12435,0,0.56,1,0.5
dpctgan,Groundhog,12435,1,0.5,0,0.5
dpctgan,Groundhog,12435,0,0.63,1,0.5
dpctgan,Groundhog,12435,1,0.45,0,0.5
dpctgan,Groundhog,12435,0,0.39,0,0.5
dpctgan,Groundhog,12435,1,0.46,0,0.5
dpctgan,Groundhog,12435,0,0.49,0,0.5
dpctgan,Groundhog,12435,1,0.4,0,0.5
dpctgan,Groundhog,12435,0,0.55,1,0.5
dpctgan,Groundhog,12435,1,0.4,0,0.5
dpctgan,Groundhog,12435,0,0.54,1,0.5
dpctgan,Groundhog,12435,1,0.55,1,0.5
dpctgan,Groundhog,12435,0,0.59,1,0.5
dpctgan,Groundhog,12435,1,0.59,1,0.5
dpctgan,Groundhog,12435,0,0.53,1,0.5
dpctgan,Groundhog,12435,1,0.44,0,0.5
dpctgan,Groundhog,12435,0,0.39,0,0.5
dpctgan,Groundhog,12435,1,0.49,0,0.5
dpctgan,Groundhog,12435,0,0.47,0,0.5
dpctgan,Groundhog,12435,1,0.44,0,0.5
dpctgan,Groundhog,12435,0,0.52,1,0.5
dpctgan,Groundhog,12435,1,0.41,0,0.5
dpctgan,Groundhog,12435,0,0.38,0,0.5
dpctgan,Groundhog,12435,1,0.64,1,0.5
dpctgan,Groundhog,12435,0,0.39,0,0.5
dpctgan,Groundhog,12435,1,0.47,0,0.5
dpctgan,Groundhog,12435,0,0.54,1,0.5
dpctgan,Groundhog,12435,1,0.6,1,0.5
dpctgan,Groundhog,12435,0,0.55,1,0.5
dpctgan,Groundhog,12435,1,0.51,1,0.5
dpctgan,Groundhog,12435,0,0.52,1,0.5
dpctgan,Groundhog,12435,1,0.54,1,0.5
dpctgan,Groundhog,12435,0,0.48,0,0.5
dpctgan,Groundhog,12435,1,0.58,1,0.5
dpctgan,Groundhog,12435,0,0.5,0,0.5
dpctgan,Groundhog,12435,1,0.45,0,0.5
dpctgan,Groundhog,12435,0,0.5,0,0.5
dpctgan,Groundhog,12435,1,0.6,1,0.5
dpctgan,Groundhog,12435,0,0.47,0,0.5
dpctgan,Groundhog,12435,1,0.41,0,0.5
dpctgan,Groundhog,12435,0,0.5,0,0.5
dpctgan,Groundhog,12435,1,0.5,0,0.5
dpctgan,Groundhog,12435,0,0.35,0,0.5
dpctgan,Groundhog,12435,1,0.44,0,0.5
dpctgan,Groundhog,12435,0,0.43,0,0.5
dpctgan,Groundhog,12435,1,0.55,1,0.5
dpctgan,Groundhog,12435,0,0.52,1,0.5
dpctgan,Groundhog,12435,1,0.43,0,0.5
dpctgan,Groundhog,12435,0,0.55,1,0.5
dpctgan,Groundhog,12435,1,0.48,0,0.5
dpctgan,Groundhog,12435,0,0.44,0,0.5
dpctgan,Groundhog,12435,1,0.54,1,0.5
dpctgan,Groundhog,12435,0,0.58,1,0.5
dpctgan,Groundhog,12435,1,0.52,1,0.5
dpctgan,Groundhog,12435,0,0.42,0,0.5
dpctgan,Groundhog,12435,1,0.48,0,0.5
dpctgan,Groundhog,12435,0,0.56,1,0.5
dpctgan,Groundhog,12435,1,0.52,1,0.5
dpctgan,Groundhog,12435,0,0.52,1,0.5
dpctgan,Groundhog,12435,1,0.43,0,0.5
dpctgan,Groundhog,12435,0,0.38,0,0.5
dpctgan,Groundhog,12435,1,0.49,0,0.5
dpctgan,Groundhog,12435,0,0.48,0,0.5
dpctgan,Groundhog,12435,1,0.49,0,0.5
dpctgan,Groundhog,12435,0,0.47,0,0.5
dpctgan,Groundhog,12435,1,0.49,0,0.5
dpctgan,Groundhog,12435,0,0.46,0,0.5
dpctgan,Groundhog,12435,1,0.47,0,0.5
dpctgan,Groundhog,12435,0,0.44,0,0.5
dpctgan,Groundhog,12435,1,0.5,0,0.5
dpctgan,Groundhog,12435,0,0.45,0,0.5
dpctgan,Groundhog,12435,1,0.52,1,0.5
dpctgan,Groundhog,12435,0,0.46,0,0.5
dpctgan,Groundhog,12435,1,0.51,1,0.5
dpctgan,Groundhog,12435,0,0.49,0,0.5
dpctgan,Groundhog,12435,1,0.46,0,0.5
dpctgan,Groundhog,12435,0,0.48,0,0.5
dpctgan,Groundhog,12435,1,0.51,1,0.5
dpctgan,Groundhog,12435,0,0.51,1,0.5
dpctgan,Groundhog,12435,1,0.57,1,0.5
dpctgan,Groundhog,12435,0,0.42,0,0.5
dpctgan,Groundhog,12435,1,0.47,0,0.5
dpctgan,Groundhog,12435,0,0.49,0,0.5
dpctgan,Groundhog,12435,1,0.5,0,0.5
dpctgan,Groundhog,12435,0,0.53,1,0.5
dpctgan,Groundhog,12435,1,0.53,1,0.5
dpctgan,Groundhog,12435,0,0.6,1,0.5
dpctgan,Groundhog,12435,1,0.51,1,0.5
dpctgan,Groundhog,12435,0,0.58,1,0.5
dpctgan,Groundhog,12435,1,0.54,1,0.5
dpctgan,Groundhog,12435,0,0.55,1,0.5
dpctgan,Groundhog,12435,1,0.49,0,0.5
dpctgan,Groundhog,12435,0,0.52,1,0.5
dpctgan,Groundhog,12435,1,0.42,0,0.5
dpctgan,Groundhog,12435,0,0.55,1,0.5
dpctgan,Groundhog,12435,1,0.52,1,0.5
dpctgan,Groundhog,12435,0,0.58,1,0.5
dpctgan,Groundhog,12435,1,0.5,0,0.5
dpctgan,Groundhog,12435,0,0.47,0,0.5
dpctgan,Groundhog,12435,1,0.57,1,0.5
dpctgan,Groundhog,12435,0,0.5,0,0.5
dpctgan,Groundhog,12435,1,0.51,1,0.5
dpctgan,Groundhog,12435,0,0.61,1,0.5
dpctgan,Groundhog,12435,1,0.5,0,0.5
dpctgan,Groundhog,12435,0,0.57,1,0.5
dpctgan,Groundhog,12435,1,0.44,0,0.5
dpctgan,Groundhog,12435,0,0.58,1,0.5
dpctgan,Groundhog,12435,1,0.55,1,0.5
dpctgan,Groundhog,12435,0,0.62,1,0.5
dpctgan,Groundhog,12435,1,0.53,1,0.5
dpctgan,Groundhog,12435,0,0.49,0,0.5
dpctgan,Groundhog,12435,1,0.56,1,0.5
dpctgan,Groundhog,12435,0,0.49,0,0.5
dpctgan,Groundhog,12435,1,0.46,0,0.5
dpctgan,Groundhog,12435,0,0.43,0,0.5
dpctgan,Groundhog,12435,1,0.49,0,0.5
dpctgan,Groundhog,12435,0,0.41,0,0.5
dpctgan,Groundhog,12435,1,0.42,0,0.5
dpctgan,Groundhog,12435,0,0.53,1,0.5
dpctgan,Groundhog,12435,1,0.53,1,0.5
dpctgan,Groundhog,12435,0,0.5,0,0.5
dpctgan,Groundhog,12435,1,0.43,0,0.5
dpctgan,Groundhog,12435,0,0.56,1,0.5
dpctgan,Groundhog,12435,1,0.52,1,0.5
dpctgan,Groundhog,12435,0,0.57,1,0.5
dpctgan,Groundhog,12435,1,0.38,0,0.5
dpctgan,Groundhog,12435,0,0.34,0,0.5
dpctgan,Groundhog,12435,1,0.48,0,0.5
dpctgan,Groundhog,12435,0,0.45,0,0.5
dpctgan,Groundhog,12435,1,0.49,0,0.5
dpctgan,Groundhog,12435,0,0.52,1,0.5
dpctgan,Groundhog,12435,1,0.42,0,0.5
dpctgan,Groundhog,12435,0,0.49,0,0.5
dpctgan,Groundhog,12435,1,0.52,1,0.5
dpctgan,Groundhog,12435,0,0.59,1,0.5
dpctgan,Groundhog,12435,1,0.57,1,0.5
dpctgan,Groundhog,12435,0,0.54,1,0.5
dpctgan,Groundhog,12435,1,0.57,1,0.5
dpctgan,Groundhog,12435,0,0.45,0,0.5
dpctgan,Groundhog,12435,1,0.47,0,0.5
dpctgan,Groundhog,12435,0,0.53,1,0.5
dpctgan,Groundhog,12435,1,0.44,0,0.5
dpctgan,Groundhog,12435,0,0.36,0,0.5
dpctgan,Groundhog,12435,1,0.51,1,0.5
dpctgan,Groundhog,12435,0,0.5,0,0.5
dpctgan,Groundhog,12435,1,0.56,1,0.5
dpctgan,Groundhog,12435,0,0.53,1,0.5
dpctgan,Groundhog,12435,1,0.49,0,0.5
dpctgan,Groundhog,12435,0,0.53,1,0.5
dpctgan,Groundhog,12435,1,0.52,1,0.5
dpctgan,Groundhog,12435,0,0.49,0,0.5
dpctgan,Groundhog,12435,1,0.53,1,0.5
dpctgan,Groundhog,12435,0,0.56,1,0.5
dpctgan,Groundhog,12435,1,0.5,0,0.5
dpctgan,Groundhog,12435,0,0.41,0,0.5
dpctgan,Groundhog,12435,1,0.43,0,0.5
dpctgan,Groundhog,12435,0,0.44,0,0.5
dpctgan,Groundhog,12435,1,0.53,1,0.5
dpctgan,Groundhog,12435,0,0.58,1,0.5
dpctgan,Groundhog,12435,1,0.43,0,0.5
dpctgan,Groundhog,12435,0,0.7,1,0.5
dpctgan,Groundhog,12435,1,0.55,1,0.5
dpctgan,Groundhog,12435,0,0.54,1,0.5
dpctgan,Groundhog,12435,1,0.52,1,0.5
dpctgan,Groundhog,12435,0,0.55,1,0.5
dpctgan,Groundhog,12435,1,0.6,1,0.5
dpctgan,Groundhog,12435,0,0.48,0,0.5
dpctgan,Groundhog,12435,1,0.52,1,0.5
dpctgan,Groundhog,12435,0,0.57,1,0.5
dpctgan,Groundhog,12435,1,0.53,1,0.5
dpctgan,Groundhog,12435,0,0.55,1,0.5
dpctgan,Groundhog,12435,1,0.52,1,0.5
dpctgan,Groundhog,12435,0,0.53,1,0.5
dpctgan,Groundhog,12435,1,0.59,1,0.5
dpctgan,Groundhog,12435,0,0.35,0,0.5
dpctgan,Groundhog,12435,1,0.55,1,0.5
dpctgan,Groundhog,12435,0,0.52,1,0.5
dpctgan,Groundhog,12435,1,0.58,1,0.5
dpctgan,Groundhog,12435,0,0.44,0,0.5
dpctgan,Groundhog,12435,1,0.51,1,0.5
dpctgan,Groundhog,12435,0,0.53,1,0.5
dpctgan,Groundhog,12435,1,0.47,0,0.5
dpctgan,Groundhog,12435,0,0.56,1,0.5
dpctgan,Groundhog,12435,1,0.47,0,0.5
dpctgan,Groundhog,12435,0,0.53,1,0.5
dpctgan,Groundhog,12435,1,0.47,0,0.5
dpctgan,Groundhog,12435,0,0.48,0,0.5
dpctgan,Groundhog,12435,1,0.46,0,0.5
dpctgan,Groundhog,12435,0,0.4,0,0.5
dpctgan,Groundhog,12435,1,0.53,1,0.5
dpctgan,Groundhog,12435,0,0.44,0,0.5
dpctgan,Groundhog,12435,1,0.51,1,0.5
dpctgan,Groundhog,12435,0,0.51,1,0.5
dpctgan,Groundhog,12435,1,0.5,0,0.5
dpctgan,Groundhog,12435,0,0.57,1,0.5
dpctgan,Groundhog,12435,1,0.61,1,0.5
dpctgan,Groundhog,12435,0,0.49,0,0.5
dpctgan,Groundhog,12435,1,0.41,0,0.5
dpctgan,Groundhog,12435,0,0.61,1,0.5
dpctgan,Groundhog,12435,1,0.49,0,0.5
dpctgan,Groundhog,12435,0,0.44,0,0.5
dpctgan,Groundhog,12435,1,0.43,0,0.5
dpctgan,Groundhog,12435,0,0.4,0,0.5
dpctgan,Groundhog,12435,1,0.52,1,0.5
dpctgan,Groundhog,12435,0,0.52,1,0.5
dpctgan,Groundhog,12435,1,0.5,0,0.5
dpctgan,Groundhog,12435,0,0.44,0,0.5
dpctgan,Groundhog,12435,1,0.5,0,0.5
dpctgan,Groundhog,12435,0,0.45,0,0.5
dpctgan,Groundhog,12435,1,0.63,1,0.5
dpctgan,Groundhog,12435,0,0.46,0,0.5
dpctgan,Groundhog,12435,1,0.47,0,0.5
dpctgan,Groundhog,12435,0,0.52,1,0.5
dpctgan,Groundhog,12435,1,0.5,0,0.5
dpctgan,Groundhog,12435,0,0.43,0,0.5
dpctgan,Groundhog,12435,1,0.55,1,0.5
dpctgan,Groundhog,12435,0,0.57,1,0.5
dpctgan,Groundhog,12435,1,0.44,0,0.5
dpctgan,Groundhog,12435,0,0.47,0,0.5
dpctgan,Groundhog,12435,1,0.46,0,0.5
dpctgan,Groundhog,12435,0,0.44,0,0.5
dpctgan,Groundhog,12435,1,0.5,0,0.5
dpctgan,Groundhog,12435,0,0.56,1,0.5
dpctgan,Groundhog,12435,1,0.55,1,0.5
dpctgan,Groundhog,12435,0,0.48,0,0.5
dpctgan,Groundhog,12435,1,0.49,0,0.5
dpctgan,Groundhog,12435,0,0.63,1,0.5
dpctgan,Groundhog,12435,1,0.55,1,0.5
dpctgan,Groundhog,12435,0,0.43,0,0.5
dpctgan,Groundhog,12435,1,0.55,1,0.5
dpctgan,Groundhog,12435,0,0.51,1,0.5
dpctgan,Groundhog,12435,1,0.43,0,0.5
dpctgan,Groundhog,12435,0,0.47,0,0.5
dpctgan,Groundhog,12435,1,0.52,1,0.5
dpctgan,Groundhog,12435,0,0.49,0,0.5
dpctgan,Groundhog,12435,1,0.34,0,0.5
dpctgan,Groundhog,12435,0,0.53,1,0.5
dpctgan,Groundhog,12435,1,0.39,0,0.5
dpctgan,Groundhog,12435,0,0.56,1,0.5
dpctgan,Groundhog,12435,1,0.53,1,0.5
dpctgan,Groundhog,12435,0,0.52,1,0.5
dpctgan,Groundhog,12435,1,0.54,1,0.5
dpctgan,Groundhog,12435,0,0.48,0,0.5
dpctgan,Groundhog,12435,1,0.55,1,0.5
dpctgan,Groundhog,12435,0,0.43,0,0.5
dpctgan,Groundhog,12435,1,0.46,0,0.5
dpctgan,Groundhog,12435,0,0.53,1,0.5
dpctgan,Groundhog,12435,1,0.36,0,0.5
dpctgan,Groundhog,12435,0,0.54,1,0.5
dpctgan,Groundhog,12435,1,0.5,0,0.5
dpctgan,Groundhog,12435,0,0.48,0,0.5
dpctgan,Groundhog,12435,1,0.48,0,0.5
dpctgan,Groundhog,12435,0,0.56,1,0.5
dpctgan,Groundhog,12435,1,0.51,1,0.5
dpctgan,Groundhog,12435,0,0.49,0,0.5
dpctgan,Groundhog,12435,1,0.45,0,0.5
dpctgan,Groundhog,12435,0,0.49,0,0.5
dpctgan,Groundhog,12435,1,0.51,1,0.5
dpctgan,Groundhog,12435,0,0.57,1,0.5
dpctgan,Groundhog,12435,1,0.42,0,0.5
dpctgan,Groundhog,12435,0,0.54,1,0.5
dpctgan,Groundhog,12435,1,0.5,0,0.5
dpctgan,Groundhog,12435,0,0.54,1,0.5
dpctgan,Groundhog,12435,1,0.34,0,0.5
dpctgan,Groundhog,12435,0,0.59,1,0.5
dpctgan,Groundhog,12435,1,0.64,1,0.5
dpctgan,Groundhog,12435,0,0.51,1,0.5
dpctgan,Groundhog,12435,1,0.54,1,0.5
dpctgan,Groundhog,12435,0,0.47,0,0.5
dpctgan,Groundhog,12435,1,0.42,0,0.5
dpctgan,Groundhog,12435,0,0.51,1,0.5
dpctgan,Groundhog,12435,1,0.42,0,0.5
dpctgan,Groundhog,12435,0,0.41,0,0.5
dpctgan,Groundhog,12435,1,0.45,0,0.5
dpctgan,Groundhog,12435,0,0.5,0,0.5
dpctgan,Groundhog,12435,1,0.5,0,0.5
dpctgan,Groundhog,12435,0,0.58,1,0.5
dpctgan,Groundhog,12435,1,0.47,0,0.5
dpctgan,Groundhog,12435,0,0.55,1,0.5
dpctgan,Groundhog,12435,1,0.5,0,0.5
dpctgan,Groundhog,12435,0,0.52,1,0.5
dpctgan,Groundhog,12435,1,0.51,1,0.5
dpctgan,Groundhog,12435,0,0.59,1,0.5
dpctgan,Groundhog,12435,1,0.49,0,0.5
dpctgan,Groundhog,12435,0,0.39,0,0.5
dpctgan,Groundhog,12435,1,0.53,1,0.5
dpctgan,Groundhog,12435,0,0.55,1,0.5
dpctgan,Groundhog,12435,1,0.47,0,0.5
dpctgan,Groundhog,12435,0,0.52,1,0.5
dpctgan,Groundhog,12435,1,0.54,1,0.5
dpctgan,Groundhog,12435,0,0.49,0,0.5
dpctgan,Groundhog,12435,1,0.53,1,0.5
dpctgan,Groundhog,12435,0,0.46,0,0.5
dpctgan,Groundhog,12435,1,0.63,1,0.5
dpctgan,Groundhog,12435,0,0.54,1,0.5
dpctgan,Groundhog,12435,1,0.43,0,0.5
dpctgan,Groundhog,12435,0,0.62,1,0.5
dpctgan,Groundhog,12435,1,0.46,0,0.5
dpctgan,Groundhog,12435,0,0.6,1,0.5
dpctgan,Groundhog,12435,1,0.47,0,0.5
dpctgan,Groundhog,12435,0,0.61,1,0.5
dpctgan,Groundhog,12435,1,0.49,0,0.5
dpctgan,Groundhog,12435,0,0.48,0,0.5
dpctgan,Groundhog,12435,1,0.48,0,0.5
dpctgan,Groundhog,12435,0,0.45,0,0.5
dpctgan,Groundhog,12435,1,0.52,1,0.5
dpctgan,Groundhog,12435,0,0.42,0,0.5
dpctgan,Groundhog,12435,1,0.6,1,0.5
dpctgan,Groundhog,12435,0,0.4,0,0.5
dpctgan,Groundhog,12435,1,0.47,0,0.5
dpctgan,Groundhog,12435,0,0.51,1,0.5
dpctgan,Groundhog,12435,1,0.47,0,0.5
dpctgan,Groundhog,12435,0,0.43,0,0.5
dpctgan,Groundhog,12435,1,0.48,0,0.5
dpctgan,Groundhog,12435,0,0.46,0,0.5
dpctgan,Groundhog,12435,1,0.63,1,0.5
dpctgan,Groundhog,12435,0,0.47,0,0.5
dpctgan,Groundhog,12435,1,0.48,0,0.5
dpctgan,Groundhog,12435,0,0.53,1,0.5
dpctgan,Groundhog,12435,1,0.49,0,0.5
dpctgan,Groundhog,12435,0,0.48,0,0.5
dpctgan,Groundhog,12435,1,0.3,0,0.5
dpctgan,Groundhog,12435,0,0.58,1,0.5
dpctgan,Groundhog,12435,1,0.5,0,0.5
dpctgan,Groundhog,12435,0,0.39,0,0.5
dpctgan,Groundhog,12435,1,0.56,1,0.5
dpctgan,Groundhog,12435,0,0.5,0,0.5
dpctgan,Groundhog,12435,1,0.52,1,0.5
dpctgan,Groundhog,12435,0,0.47,0,0.5
dpctgan,Groundhog,12435,1,0.46,0,0.5
dpctgan,Groundhog,12435,0,0.61,1,0.5
dpctgan,Groundhog,12435,1,0.53,1,0.5
dpctgan,Groundhog,12435,0,0.42,0,0.5
dpctgan,Groundhog,12435,1,0.57,1,0.5
dpctgan,Groundhog,12435,0,0.52,1,0.5
dpctgan,Groundhog,12435,1,0.47,0,0.5
dpctgan,Groundhog,12435,0,0.48,0,0.5
dpctgan,Groundhog,12435,1,0.6,1,0.5
dpctgan,Groundhog,12435,0,0.38,0,0.5
dpctgan,Groundhog,12435,1,0.58,1,0.5
dpctgan,Groundhog,12435,0,0.51,1,0.5
dpctgan,Groundhog,12435,1,0.54,1,0.5
dpctgan,Groundhog,12435,0,0.49,0,0.5
dpctgan,Groundhog,12435,1,0.61,1,0.5
dpctgan,Groundhog,12435,0,0.43,0,0.5
dpctgan,Groundhog,12435,1,0.54,1,0.5
dpctgan,Groundhog,12435,0,0.53,1,0.5
dpctgan,Groundhog,12435,1,0.58,1,0.5
dpctgan,Groundhog,12435,0,0.49,0,0.5
dpctgan,Groundhog,12435,1,0.47,0,0.5
dpctgan,Groundhog,12435,0,0.41,0,0.5
dpctgan,Groundhog,12435,1,0.61,1,0.5
dpctgan,Groundhog,12435,0,0.47,0,0.5
dpctgan,Groundhog,12435,1,0.44,0,0.5
dpctgan,Groundhog,12435,0,0.46,0,0.5
dpctgan,Groundhog,12435,1,0.48,0,0.5
dpctgan,Groundhog,12435,0,0.51,1,0.5
dpctgan,Groundhog,12435,1,0.6,1,0.5
dpctgan,Groundhog,12435,0,0.51,1,0.5
dpctgan,Groundhog,12435,1,0.56,1,0.5
dpctgan,Groundhog,12435,0,0.47,0,0.5
dpctgan,Groundhog,12435,1,0.5,0,0.5
dpctgan,Groundhog,12435,0,0.51,1,0.5
dpctgan,Groundhog,12435,1,0.47,0,0.5
dpctgan,Groundhog,12435,0,0.51,1,0.5
dpctgan,Groundhog,12435,1,0.57,1,0.5
dpctgan,Groundhog,12435,0,0.62,1,0.5
dpctgan,Groundhog,12435,1,0.43,0,0.5
dpctgan,Groundhog,12435,0,0.47,0,0.5
dpctgan,Groundhog,12435,1,0.62,1,0.5
dpctgan,Groundhog,12435,0,0.46,0,0.5
dpctgan,Groundhog,12435,1,0.54,1,0.5
dpctgan,Groundhog,12435,0,0.52,1,0.5
dpctgan,Groundhog,12435,1,0.6,1,0.5
dpctgan,Groundhog,12435,0,0.49,0,0.5
dpctgan,Groundhog,12435,1,0.5,0,0.5
dpctgan,Groundhog,12435,0,0.48,0,0.5
dpctgan,Groundhog,12435,1,0.46,0,0.5
dpctgan,Groundhog,12435,0,0.41,0,0.5
dpctgan,Groundhog,12435,1,0.47,0,0.5
dpctgan,Groundhog,12435,0,0.53,1,0.5
dpctgan,Groundhog,12435,1,0.43,0,0.5
dpctgan,Groundhog,12435,0,0.48,0,0.5
dpctgan,Groundhog,12435,1,0.48,0,0.5
dpctgan,Groundhog,12435,0,0.44,0,0.5
dpctgan,Groundhog,12435,1,0.59,1,0.5
dpctgan,Groundhog,12435,0,0.47,0,0.5
dpctgan,Groundhog,12435,1,0.5,0,0.5
dpctgan,Groundhog,12435,0,0.56,1,0.5
dpctgan,Groundhog,12435,1,0.4,0,0.5
dpctgan,Groundhog,12435,0,0.54,1,0.5
dpctgan,Groundhog,12435,1,0.58,1,0.5
dpctgan,Groundhog,12435,0,0.58,1,0.5
dpctgan,Groundhog,12435,1,0.49,0,0.5
dpctgan,Groundhog,12435,0,0.41,0,0.5
dpctgan,Groundhog,12435,1,0.49,0,0.5
dpctgan,Groundhog,12435,0,0.38,0,0.5
dpctgan,Groundhog,12435,1,0.47,0,0.5
dpctgan,Groundhog,12435,0,0.59,1,0.5
dpctgan,Groundhog,12435,1,0.47,0,0.5
dpctgan,Groundhog,12435,0,0.55,1,0.5
dpctgan,Groundhog,12435,1,0.51,1,0.5
dpctgan,Groundhog,12435,0,0.43,0,0.5
dpctgan,Groundhog,12435,1,0.45,0,0.5
dpctgan,Groundhog,12435,0,0.52,1,0.5
dpctgan,Groundhog,12435,1,0.37,0,0.5
dpctgan,Groundhog,12435,0,0.48,0,0.5
dpctgan,Groundhog,12435,1,0.55,1,0.5
dpctgan,Groundhog,12435,0,0.52,1,0.5
dpctgan,Groundhog,12435,1,0.45,0,0.5
dpctgan,Groundhog,12435,0,0.41,0,0.5
dpctgan,Groundhog,12435,1,0.47,0,0.5
dpctgan,Groundhog,12435,0,0.55,1,0.5
dpctgan,Groundhog,12435,1,0.58,1,0.5
dpctgan,Groundhog,12435,0,0.41,0,0.5
dpctgan,Groundhog,12435,1,0.38,0,0.5
dpctgan,Groundhog,12435,0,0.42,0,0.5
dpctgan,Groundhog,12435,1,0.49,0,0.5
dpctgan,Groundhog,12435,0,0.42,0,0.5
dpctgan,Groundhog,12435,1,0.53,1,0.5
dpctgan,Groundhog,12435,0,0.55,1,0.5
dpctgan,Groundhog,12435,1,0.55,1,0.5
dpctgan,Groundhog,12435,0,0.35,0,0.5
dpctgan,Groundhog,12435,1,0.58,1,0.5
dpctgan,Groundhog,12435,0,0.58,1,0.5
dpctgan,Groundhog,12435,1,0.63,1,0.5
dpctgan,Groundhog,12435,0,0.5,0,0.5
dpctgan,Groundhog,12435,1,0.54,1,0.5
dpctgan,Groundhog,12435,0,0.5,0,0.5
dpctgan,Groundhog,12435,1,0.45,0,0.5
dpctgan,Groundhog,12435,0,0.47,0,0.5
dpctgan,Groundhog,12435,1,0.46,0,0.5
dpctgan,Groundhog,12435,0,0.47,0,0.5
dpctgan,Groundhog,12435,1,0.52,1,0.5
dpctgan,Groundhog,12435,0,0.49,0,0.5
dpctgan,Groundhog,12435,1,0.46,0,0.5
dpctgan,Groundhog,12435,0,0.56,1,0.5
dpctgan,Groundhog,12435,1,0.5,0,0.5
dpctgan,Groundhog,12435,0,0.44,0,0.5
dpctgan,Groundhog,12435,1,0.48,0,0.5
dpctgan,Groundhog,12435,0,0.45,0,0.5
dpctgan,Groundhog,12435,1,0.45,0,0.5
dpctgan,Groundhog,12435,0,0.52,1,0.5
dpctgan,Groundhog,12435,1,0.48,0,0.5
dpctgan,Groundhog,12435,0,0.55,1,0.5
dpctgan,Groundhog,12435,1,0.47,0,0.5
dpctgan,Groundhog,12435,0,0.56,1,0.5
dpctgan,Groundhog,12435,1,0.48,0,0.5
dpctgan,Groundhog,12435,0,0.47,0,0.5
dpctgan,Groundhog,12435,1,0.38,0,0.5
dpctgan,Groundhog,12435,0,0.55,1,0.5
dpctgan,Groundhog,12435,1,0.47,0,0.5
dpctgan,Groundhog,12435,0,0.61,1,0.5
dpctgan,Groundhog,12435,1,0.5,0,0.5
dpctgan,Groundhog,12435,0,0.59,1,0.5
dpctgan,Groundhog,12435,1,0.5,0,0.5
dpctgan,Groundhog,12435,0,0.55,1,0.5
dpctgan,Groundhog,12435,1,0.58,1,0.5
dpctgan,Groundhog,12435,0,0.55,1,0.5
dpctgan,Groundhog,12435,1,0.46,0,0.5
dpctgan,Groundhog,12435,0,0.54,1,0.5
dpctgan,Groundhog,12435,1,0.53,1,0.5
dpctgan,Groundhog,12435,0,0.47,0,0.5
dpctgan,Groundhog,12435,1,0.53,1,0.5
dpctgan,Groundhog,12435,0,0.61,1,0.5
dpctgan,Groundhog,12435,1,0.51,1,0.5
dpctgan,Groundhog,12435,0,0.53,1,0.5
dpctgan,Groundhog,12435,1,0.53,1,0.5
dpctgan,Groundhog,12435,0,0.51,1,0.5
dpctgan,Groundhog,12435,1,0.59,1,0.5
dpctgan,Groundhog,12435,0,0.54,1,0.5
dpctgan,Groundhog,12435,1,0.54,1,0.5
dpctgan,Groundhog,12435,0,0.62,1,0.5
dpctgan,Groundhog,12435,1,0.53,1,0.5
dpctgan,Groundhog,12435,0,0.44,0,0.5
dpctgan,Groundhog,12435,1,0.56,1,0.5
dpctgan,Groundhog,12435,0,0.52,1,0.5
dpctgan,Groundhog,12435,1,0.48,0,0.5
dpctgan,Groundhog,12435,0,0.52,1,0.5
dpctgan,Groundhog,12435,1,0.53,1,0.5
dpctgan,Groundhog,12435,0,0.52,1,0.5
dpctgan,Groundhog,12435,1,0.46,0,0.5
dpctgan,Groundhog,12435,0,0.56,1,0.5
dpctgan,Groundhog,12435,1,0.48,0,0.5
dpctgan,Groundhog,12435,0,0.53,1,0.5
dpctgan,Groundhog,12435,1,0.52,1,0.5
dpctgan,Groundhog,12435,0,0.49,0,0.5
dpctgan,Groundhog,12435,1,0.45,0,0.5
dpctgan,Groundhog,12435,0,0.53,1,0.5
dpctgan,Groundhog,12435,1,0.5,0,0.5
dpctgan,Groundhog,12435,0,0.42,0,0.5
dpctgan,Groundhog,12435,1,0.47,0,0.5
dpctgan,Groundhog,12435,0,0.53,1,0.5
dpctgan,Groundhog,12435,1,0.55,1,0.5
dpctgan,Groundhog,12435,0,0.53,1,0.5
dpctgan,Groundhog,12435,1,0.44,0,0.5
dpctgan,Groundhog,12435,0,0.42,0,0.5
dpctgan,Groundhog,12435,1,0.53,1,0.5
dpctgan,Groundhog,12435,0,0.44,0,0.5
dpctgan,Groundhog,12435,1,0.49,0,0.5
dpctgan,Groundhog,12435,0,0.58,1,0.5
dpctgan,Groundhog,12435,1,0.51,1,0.5
dpctgan,Groundhog,12435,0,0.41,0,0.5
dpctgan,Groundhog,12435,1,0.39,0,0.5
dpctgan,Groundhog,12435,0,0.58,1,0.5
dpctgan,Groundhog,12435,1,0.55,1,0.5
dpctgan,Groundhog,12435,0,0.4,0,0.5
dpctgan,Groundhog,12435,1,0.47,0,0.5
dpctgan,Groundhog,12435,0,0.52,1,0.5
dpctgan,Groundhog,12435,1,0.45,0,0.5
dpctgan,Groundhog,12435,0,0.55,1,0.5
dpctgan,Groundhog,12435,1,0.53,1,0.5
dpctgan,Groundhog,12435,0,0.41,0,0.5
dpctgan,Groundhog,12435,1,0.48,0,0.5
dpctgan,Groundhog,12435,0,0.56,1,0.5
dpctgan,Groundhog,12435,1,0.55,1,0.5
dpctgan,Groundhog,12435,0,0.5,0,0.5
dpctgan,Groundhog,12435,1,0.42,0,0.5
dpctgan,Groundhog,12435,0,0.52,1,0.5
dpctgan,Groundhog,12435,1,0.48,0,0.5
dpctgan,Groundhog,12435,0,0.54,1,0.5
dpctgan,Groundhog,12435,1,0.57,1,0.5
dpctgan,Groundhog,12435,0,0.46,0,0.5
dpctgan,Groundhog,12435,1,0.53,1,0.5
dpctgan,Groundhog,12435,0,0.5,0,0.5
dpctgan,Groundhog,12435,1,0.53,1,0.5
dpctgan,Groundhog,12435,0,0.46,0,0.5
dpctgan,Groundhog,12435,1,0.59,1,0.5
dpctgan,Groundhog,12435,0,0.38,0,0.5
dpctgan,Groundhog,12435,1,0.48,0,0.5
dpctgan,Groundhog,12435,0,0.49,0,0.5
dpctgan,Groundhog,12435,1,0.54,1,0.5
dpctgan,Groundhog,12435,0,0.31,0,0.5
dpctgan,Groundhog,12435,1,0.54,1,0.5
dpctgan,Groundhog,12435,0,0.53,1,0.5
dpctgan,Groundhog,12435,1,0.48,0,0.5
dpctgan,Groundhog,12435,0,0.58,1,0.5
dpctgan,Groundhog,12435,1,0.56,1,0.5
dpctgan,Groundhog,12435,0,0.58,1,0.5
dpctgan,Groundhog,12435,1,0.49,0,0.5
dpctgan,Groundhog,12435,0,0.55,1,0.5
dpctgan,Groundhog,12435,1,0.44,0,0.5
dpctgan,Groundhog,12435,0,0.47,0,0.5
dpctgan,Groundhog,12435,1,0.54,1,0.5
dpctgan,Groundhog,12435,0,0.55,1,0.5
dpctgan,Groundhog,12435,1,0.53,1,0.5
dpctgan,Groundhog,12435,0,0.49,0,0.5
dpctgan,Groundhog,12435,1,0.42,0,0.5
dpctgan,Groundhog,12435,0,0.46,0,0.5
dpctgan,Groundhog,12435,1,0.58,1,0.5
dpctgan,Groundhog,12435,0,0.33,0,0.5
dpctgan,Groundhog,12435,1,0.49,0,0.5
dpctgan,Groundhog,12435,0,0.51,1,0.5
dpctgan,Groundhog,12435,1,0.44,0,0.5
dpctgan,Groundhog,12435,0,0.54,1,0.5
dpctgan,Groundhog,12435,1,0.48,0,0.5
dpctgan,Groundhog,12435,0,0.47,0,0.5
dpctgan,Groundhog,12435,1,0.47,0,0.5
dpctgan,Groundhog,12435,0,0.58,1,0.5
dpctgan,Groundhog,12435,1,0.47,0,0.5
dpctgan,Groundhog,12435,0,0.48,0,0.5
dpctgan,Groundhog,12435,1,0.5,0,0.5
dpctgan,Groundhog,12435,0,0.5,0,0.5
dpctgan,Groundhog,12435,1,0.46,0,0.5
dpctgan,Groundhog,12435,0,0.53,1,0.5
dpctgan,Groundhog,12435,1,0.54,1,0.5
dpctgan,Groundhog,12435,0,0.55,1,0.5
dpctgan,Groundhog,12435,1,0.46,0,0.5
dpctgan,Groundhog,12435,0,0.49,0,0.5
dpctgan,Groundhog,12435,1,0.56,1,0.5
dpctgan,Groundhog,12435,0,0.43,0,0.5
dpctgan,Groundhog,12435,1,0.51,1,0.5
dpctgan,Groundhog,12435,0,0.45,0,0.5
dpctgan,Groundhog,12435,1,0.44,0,0.5
dpctgan,Groundhog,12435,0,0.61,1,0.5
dpctgan,Groundhog,12435,1,0.57,1,0.5
dpctgan,Groundhog,12435,0,0.51,1,0.5
dpctgan,Groundhog,12435,1,0.43,0,0.5
dpctgan,Groundhog,12435,0,0.53,1,0.5
dpctgan,Groundhog,12435,1,0.48,0,0.5
dpctgan,Groundhog,12435,0,0.5,0,0.5
dpctgan,Groundhog,12435,1,0.54,1,0.5
dpctgan,Groundhog,12435,0,0.5,0,0.5
dpctgan,Groundhog,12435,1,0.46,0,0.5
dpctgan,Groundhog,12435,0,0.56,1,0.5
dpctgan,Groundhog,12435,1,0.57,1,0.5
dpctgan,Groundhog,12435,0,0.44,0,0.5
dpctgan,Groundhog,12435,1,0.5,0,0.5
dpctgan,Groundhog,12435,0,0.51,1,0.5
dpctgan,Groundhog,12435,1,0.55,1,0.5
dpctgan,Groundhog,12435,0,0.48,0,0.5
dpctgan,Groundhog,12435,1,0.49,0,0.5
dpctgan,Groundhog,12435,0,0.52,1,0.5
dpctgan,Groundhog,12435,1,0.54,1,0.5
dpctgan,Groundhog,12435,0,0.53,1,0.5
dpctgan,Groundhog,12435,1,0.43,0,0.5
dpctgan,Groundhog,12435,0,0.51,1,0.5
dpctgan,Groundhog,12435,1,0.64,1,0.5
dpctgan,Groundhog,12435,0,0.54,1,0.5
dpctgan,Groundhog,12435,1,0.48,0,0.5
dpctgan,Groundhog,12435,0,0.46,0,0.5
dpctgan,Groundhog,12435,1,0.46,0,0.5
dpctgan,Groundhog,12435,0,0.45,0,0.5
dpctgan,Groundhog,12435,1,0.55,1,0.5
dpctgan,Groundhog,12435,0,0.51,1,0.5
dpctgan,Groundhog,12435,1,0.53,1,0.5
dpctgan,Groundhog,12435,0,0.58,1,0.5
dpctgan,Groundhog,12435,1,0.47,0,0.5
dpctgan,Groundhog,12435,0,0.48,0,0.5
dpctgan,Groundhog,12435,1,0.37,0,0.5
dpctgan,Groundhog,12435,0,0.46,0,0.5
dpctgan,Groundhog,12435,1,0.55,1,0.5
dpctgan,Groundhog,12435,0,0.59,1,0.5
dpctgan,Groundhog,12435,1,0.46,0,0.5
dpctgan,Groundhog,12435,0,0.48,0,0.5
dpctgan,Groundhog,12435,1,0.56,1,0.5
dpctgan,Groundhog,12435,0,0.41,0,0.5
dpctgan,Groundhog,12435,1,0.5,0,0.5
dpctgan,Groundhog,12435,0,0.47,0,0.5
dpctgan,Groundhog,12435,1,0.42,0,0.5
dpctgan,Groundhog,12435,0,0.5,0,0.5
dpctgan,Groundhog,12435,1,0.5,0,0.5
dpctgan,Groundhog,12435,0,0.58,1,0.5
dpctgan,Groundhog,12435,1,0.56,1,0.5
dpctgan,Groundhog,12435,0,0.48,0,0.5
dpctgan,Groundhog,12435,1,0.52,1,0.5
dpctgan,Groundhog,12435,0,0.47,0,0.5
dpctgan,Groundhog,12435,1,0.48,0,0.5
dpctgan,Groundhog,12435,0,0.49,0,0.5
dpctgan,Groundhog,12435,1,0.47,0,0.5
dpctgan,Groundhog,12435,0,0.46,0,0.5
dpctgan,Groundhog,12435,1,0.48,0,0.5
dpctgan,Groundhog,12435,0,0.52,1,0.5
dpctgan,Groundhog,12435,1,0.53,1,0.5
dpctgan,Groundhog,12435,0,0.6,1,0.5
dpctgan,Groundhog,12435,1,0.54,1,0.5
dpctgan,Groundhog,12435,0,0.47,0,0.5
dpctgan,Groundhog,12435,1,0.63,1,0.5
dpctgan,Groundhog,12435,0,0.53,1,0.5
dpctgan,Groundhog,12435,1,0.59,1,0.5
dpctgan,Groundhog,12435,0,0.42,0,0.5
dpctgan,Groundhog,12435,1,0.51,1,0.5
dpctgan,Groundhog,12435,0,0.39,0,0.5
dpctgan,Groundhog,12435,1,0.51,1,0.5
dpctgan,Groundhog,12435,0,0.47,0,0.5
dpctgan,Groundhog,12435,1,0.52,1,0.5
dpctgan,Groundhog,12435,0,0.49,0,0.5
dpctgan,Groundhog,12435,1,0.41,0,0.5
dpctgan,Groundhog,12435,0,0.4,0,0.5
dpctgan,Groundhog,12435,1,0.48,0,0.5
dpctgan,Groundhog,12435,0,0.56,1,0.5
dpctgan,Groundhog,12435,1,0.46,0,0.5
dpctgan,Groundhog,12435,0,0.55,1,0.5
dpctgan,Groundhog,12435,1,0.48,0,0.5
dpctgan,Groundhog,12435,0,0.52,1,0.5
dpctgan,Groundhog,12435,1,0.49,0,0.5
dpctgan,Groundhog,12435,0,0.6,1,0.5
dpctgan,Groundhog,12435,1,0.34,0,0.5
dpctgan,Groundhog,12435,0,0.53,1,0.5
dpctgan,Groundhog,12435,1,0.4,0,0.5
dpctgan,Groundhog,12435,0,0.5,0,0.5
dpctgan,Groundhog,12435,1,0.48,0,0.5
dpctgan,Groundhog,12435,0,0.53,1,0.5
dpctgan,Groundhog,12435,1,0.53,1,0.5
dpctgan,Groundhog,12435,0,0.46,0,0.5
dpctgan,Groundhog,12435,1,0.56,1,0.5
dpctgan,Groundhog,12435,0,0.51,1,0.5
dpctgan,Groundhog,12435,1,0.56,1,0.5
dpctgan,Groundhog,12435,0,0.45,0,0.5
dpctgan,Groundhog,12435,1,0.53,1,0.5
dpctgan,Groundhog,12435,0,0.44,0,0.5
dpctgan,Groundhog,12435,1,0.45,0,0.5
dpctgan,Groundhog,12435,0,0.42,0,0.5
dpctgan,Groundhog,12435,1,0.48,0,0.5
dpctgan,Groundhog,12435,0,0.46,0,0.5
dpctgan,Groundhog,12435,1,0.61,1,0.5
dpctgan,Groundhog,12435,0,0.45,0,0.5
dpctgan,Groundhog,12435,1,0.56,1,0.5
dpctgan,Groundhog,12435,0,0.65,1,0.5
dpctgan,Groundhog,12435,1,0.4,0,0.5
dpctgan,Groundhog,12435,0,0.53,1,0.5
dpctgan,Groundhog,12435,1,0.41,0,0.5
dpctgan,Groundhog,12435,0,0.5,0,0.5
dpctgan,Groundhog,12435,1,0.51,1,0.5
dpctgan,Groundhog,12435,0,0.48,0,0.5
dpctgan,Groundhog,12435,1,0.55,1,0.5
dpctgan,Groundhog,12435,0,0.61,1,0.5
dpctgan,Groundhog,12435,1,0.46,0,0.5
dpctgan,Groundhog,12435,0,0.39,0,0.5
dpctgan,Groundhog,12435,1,0.55,1,0.5
dpctgan,Groundhog,12435,0,0.42,0,0.5
dpctgan,Groundhog,12435,1,0.49,0,0.5
dpctgan,Groundhog,12435,0,0.55,1,0.5
dpctgan,Groundhog,12435,1,0.44,0,0.5
dpctgan,Groundhog,12435,0,0.53,1,0.5
dpctgan,Groundhog,12435,1,0.4,0,0.5
dpctgan,Groundhog,12435,0,0.5,0,0.5
dpctgan,Groundhog,12435,1,0.5,0,0.5
dpctgan,Groundhog,12435,0,0.38,0,0.5
dpctgan,Groundhog,12435,1,0.61,1,0.5
dpctgan,Groundhog,12435,0,0.44,0,0.5
dpctgan,Groundhog,12435,1,0.47,0,0.5
dpctgan,Groundhog,12435,0,0.36,0,0.5
dpctgan,Groundhog,12435,1,0.47,0,0.5
dpctgan,Groundhog,12435,0,0.39,0,0.5
dpctgan,Groundhog,12435,1,0.58,1,0.5
dpctgan,Groundhog,12435,0,0.55,1,0.5
dpctgan,Groundhog,12435,1,0.47,0,0.5
dpctgan,Groundhog,12435,0,0.61,1,0.5
dpctgan,Groundhog,12435,1,0.56,1,0.5
dpctgan,Groundhog,12435,0,0.41,0,0.5
dpctgan,Groundhog,12435,1,0.45,0,0.5
dpctgan,Groundhog,12435,0,0.49,0,0.5
dpctgan,Groundhog,12435,1,0.51,1,0.5
dpctgan,Groundhog,12435,0,0.6,1,0.5
dpctgan,Groundhog,12435,1,0.42,0,0.5
dpctgan,Groundhog,12435,0,0.5,0,0.5
dpctgan,Groundhog,12435,1,0.51,1,0.5
dpctgan,Groundhog,12435,0,0.55,1,0.5
dpctgan,Groundhog,12435,1,0.41,0,0.5
dpctgan,Groundhog,12435,0,0.47,0,0.5
dpctgan,Groundhog,12435,1,0.53,1,0.5
dpctgan,Groundhog,12435,0,0.58,1,0.5
dpctgan,Groundhog,12435,1,0.48,0,0.5
dpctgan,Groundhog,12435,0,0.48,0,0.5
dpctgan,Groundhog,12435,1,0.53,1,0.5
dpctgan,Groundhog,12435,0,0.46,0,0.5
dpctgan,Groundhog,12435,1,0.53,1,0.5
dpctgan,Groundhog,12435,0,0.59,1,0.5
dpctgan,Groundhog,12435,1,0.48,0,0.5
dpctgan,Groundhog,12435,0,0.45,0,0.5
dpctgan,Groundhog,12435,1,0.57,1,0.5
dpctgan,Groundhog,12435,0,0.54,1,0.5
dpctgan,Groundhog,12435,1,0.46,0,0.5
dpctgan,Groundhog,12435,0,0.6,1,0.5
dpctgan,Groundhog,12435,1,0.49,0,0.5
dpctgan,Groundhog,12435,0,0.6,1,0.5
dpctgan,Groundhog,12435,1,0.42,0,0.5
dpctgan,Groundhog,12435,0,0.45,0,0.5
dpctgan,Groundhog,12435,1,0.53,1,0.5
dpctgan,Groundhog,12435,0,0.44,0,0.5
dpctgan,Groundhog,12435,1,0.48,0,0.5
dpctgan,Groundhog,12435,0,0.56,1,0.5
dpctgan,Groundhog,12435,1,0.48,0,0.5
dpctgan,Groundhog,12435,0,0.49,0,0.5
dpctgan,Groundhog,12435,1,0.5,0,0.5
dpctgan,Groundhog,12435,0,0.59,1,0.5
dpctgan,Groundhog,12435,1,0.56,1,0.5
dpctgan,Groundhog,12435,0,0.57,1,0.5
dpctgan,Groundhog,12435,1,0.5,0,0.5
dpctgan,Groundhog,12435,0,0.43,0,0.5
dpctgan,Groundhog,12435,1,0.54,1,0.5
dpctgan,Groundhog,12435,0,0.49,0,0.5
dpctgan,Groundhog,12435,1,0.45,0,0.5
dpctgan,Groundhog,12435,0,0.53,1,0.5
dpctgan,Groundhog,12435,1,0.64,1,0.5
dpctgan,Groundhog,12435,0,0.41,0,0.5
dpctgan,Groundhog,12435,1,0.52,1,0.5
dpctgan,Groundhog,12435,0,0.46,0,0.5
dpctgan,Groundhog,12435,1,0.53,1,0.5
dpctgan,Groundhog,12435,0,0.45,0,0.5
dpctgan,Groundhog,12435,1,0.58,1,0.5
dpctgan,Groundhog,12435,0,0.49,0,0.5
dpctgan,Groundhog,12435,1,0.57,1,0.5
dpctgan,Groundhog,12435,0,0.46,0,0.5
dpctgan,Groundhog,12435,1,0.42,0,0.5
dpctgan,Groundhog,12435,0,0.56,1,0.5
dpctgan,Groundhog,12435,1,0.5,0,0.5
dpctgan,Groundhog,12435,0,0.48,0,0.5
dpctgan,Groundhog,12435,1,0.42,0,0.5
dpctgan,Groundhog,12435,0,0.54,1,0.5
dpctgan,Groundhog,12435,1,0.57,1,0.5
dpctgan,Groundhog,12435,0,0.44,0,0.5
dpctgan,Groundhog,12435,1,0.55,1,0.5
dpctgan,Groundhog,12435,0,0.61,1,0.5
dpctgan,Groundhog,12435,1,0.46,0,0.5
dpctgan,Groundhog,12435,0,0.4,0,0.5
dpctgan,Groundhog,12435,1,0.46,0,0.5
dpctgan,Groundhog,12435,0,0.53,1,0.5
dpctgan,Groundhog,12435,1,0.54,1,0.5
dpctgan,Groundhog,12435,0,0.51,1,0.5
dpctgan,Groundhog,12435,1,0.5,0,0.5
dpctgan,Groundhog,12435,0,0.55,1,0.5
dpctgan,Groundhog,12435,1,0.55,1,0.5
dpctgan,Groundhog,12435,0,0.5,0,0.5
dpctgan,Groundhog,12435,1,0.56,1,0.5
dpctgan,Groundhog,12435,0,0.54,1,0.5
dpctgan,Groundhog,12435,1,0.52,1,0.5
dpctgan,Groundhog,12435,0,0.43,0,0.5
dpctgan,Groundhog,12435,1,0.45,0,0.5
dpctgan,Groundhog,12435,0,0.45,0,0.5
dpctgan,Groundhog,12435,1,0.48,0,0.5
dpctgan,Groundhog,12435,0,0.42,0,0.5
dpctgan,Groundhog,12435,1,0.42,0,0.5
dpctgan,Groundhog,12435,0,0.47,0,0.5
dpctgan,Groundhog,12435,1,0.53,1,0.5
dpctgan,Groundhog,12435,0,0.49,0,0.5
dpctgan,Groundhog,12435,1,0.46,0,0.5
dpctgan,Groundhog,12435,0,0.45,0,0.5
dpctgan,Groundhog,12435,1,0.42,0,0.5
dpctgan,Groundhog,12435,0,0.52,1,0.5
dpctgan,Groundhog,12435,1,0.63,1,0.5
dpctgan,Groundhog,12435,0,0.5,0,0.5
dpctgan,Groundhog,12435,1,0.52,1,0.5
dpctgan,Groundhog,12435,0,0.48,0,0.5
dpctgan,Groundhog,12435,1,0.49,0,0.5
dpctgan,Groundhog,12435,0,0.45,0,0.5
dpctgan,Groundhog,12435,1,0.46,0,0.5
dpctgan,Groundhog,12435,0,0.54,1,0.5
dpctgan,Groundhog,12435,1,0.52,1,0.5
dpctgan,Groundhog,12435,0,0.45,0,0.5
dpctgan,Groundhog,12435,1,0.34,0,0.5
dpctgan,Groundhog,12435,0,0.58,1,0.5
dpctgan,Groundhog,12435,1,0.5,0,0.5
dpctgan,Groundhog,12435,0,0.55,1,0.5
dpctgan,Groundhog,12435,1,0.49,0,0.5
dpctgan,Groundhog,12435,0,0.44,0,0.5
dpctgan,Groundhog,12435,1,0.46,0,0.5
dpctgan,Groundhog,12435,0,0.49,0,0.5
dpctgan,Groundhog,12435,1,0.56,1,0.5
dpctgan,Groundhog,12435,0,0.51,1,0.5
dpctgan,Groundhog,12435,1,0.47,0,0.5
dpctgan,Groundhog,12435,0,0.38,0,0.5
dpctgan,Groundhog,12435,1,0.44,0,0.5
dpctgan,Groundhog,12435,0,0.44,0,0.5
dpctgan,Groundhog,12435,1,0.5,0,0.5
dpctgan,Groundhog,12435,0,0.46,0,0.5
dpctgan,Groundhog,12435,1,0.58,1,0.5
dpctgan,Groundhog,12435,0,0.44,0,0.5
dpctgan,Groundhog,12435,1,0.44,0,0.5
dpctgan,Groundhog,12435,0,0.59,1,0.5
dpctgan,Groundhog,12435,1,0.48,0,0.5
dpctgan,Groundhog,12435,0,0.46,0,0.5
dpctgan,Groundhog,12435,1,0.5,0,0.5
dpctgan,Groundhog,12435,0,0.58,1,0.5
dpctgan,Groundhog,12435,1,0.57,1,0.5
dpctgan,Groundhog,12435,0,0.47,0,0.5
dpctgan,Groundhog,12435,1,0.42,0,0.5
dpctgan,Groundhog,12435,0,0.6,1,0.5
dpctgan,Groundhog,12435,1,0.45,0,0.5
dpctgan,Groundhog,12435,0,0.47,0,0.5
dpctgan,Groundhog,12435,1,0.48,0,0.5
dpctgan,Groundhog,12435,0,0.43,0,0.5
dpctgan,Groundhog,12435,1,0.42,0,0.5
dpctgan,Groundhog,12435,0,0.67,1,0.5
dpctgan,Groundhog,12435,1,0.54,1,0.5
dpctgan,Groundhog,12435,0,0.53,1,0.5
dpctgan,Groundhog,12435,1,0.4,0,0.5
dpctgan,Groundhog,12435,0,0.41,0,0.5
dpctgan,Groundhog,12435,1,0.44,0,0.5
dpctgan,Groundhog,12435,0,0.42,0,0.5
dpctgan,Groundhog,12435,1,0.47,0,0.5
dpctgan,Groundhog,12435,0,0.62,1,0.5
dpctgan,Groundhog,12435,1,0.6,1,0.5
dpctgan,Groundhog,12435,0,0.54,1,0.5
dpctgan,Groundhog,12435,1,0.49,0,0.5
dpctgan,Groundhog,12435,0,0.49,0,0.5
dpctgan,Groundhog,12435,1,0.58,1,0.5
dpctgan,Groundhog,12435,0,0.56,1,0.5
dpctgan,Groundhog,12435,1,0.52,1,0.5
dpctgan,Groundhog,12435,0,0.5,0,0.5
dpctgan,Groundhog,12435,1,0.35,0,0.5
dpctgan,Groundhog,12435,0,0.54,1,0.5
dpctgan,Groundhog,12435,1,0.41,0,0.5
dpctgan,Groundhog,12435,0,0.51,1,0.5
dpctgan,Groundhog,12435,1,0.47,0,0.5
dpctgan,Groundhog,12435,0,0.51,1,0.5
dpctgan,Groundhog,12435,1,0.39,0,0.5
dpctgan,Groundhog,12435,0,0.51,1,0.5
dpctgan,Groundhog,12435,1,0.42,0,0.5
dpctgan,Groundhog,12435,0,0.52,1,0.5
dpctgan,Groundhog,12435,1,0.47,0,0.5
dpctgan,Groundhog,12435,0,0.49,0,0.5
dpctgan,Groundhog,12435,1,0.47,0,0.5
dpctgan,Groundhog,12435,0,0.46,0,0.5
dpctgan,Groundhog,12435,1,0.5,0,0.5
dpctgan,Groundhog,12435,0,0.35,0,0.5
dpctgan,Groundhog,12435,1,0.43,0,0.5
dpctgan,Groundhog,12435,0,0.51,1,0.5
dpctgan,Groundhog,12435,1,0.44,0,0.5
dpctgan,Groundhog,12435,0,0.54,1,0.5
dpctgan,Groundhog,12435,1,0.46,0,0.5
dpctgan,Groundhog,12435,0,0.48,0,0.5
dpctgan,Groundhog,12435,1,0.44,0,0.5
dpctgan,Groundhog,12435,0,0.57,1,0.5
dpctgan,Groundhog,12435,1,0.44,0,0.5
dpctgan,Groundhog,12435,0,0.48,0,0.5
dpctgan,Groundhog,12435,1,0.45,0,0.5
dpctgan,Groundhog,12435,0,0.58,1,0.5
dpctgan,Groundhog,12435,1,0.55,1,0.5
dpctgan,Groundhog,12435,0,0.56,1,0.5
dpctgan,Groundhog,12435,1,0.43,0,0.5
dpctgan,Groundhog,12435,0,0.43,0,0.5
dpctgan,Groundhog,12435,1,0.54,1,0.5
dpctgan,Groundhog,12435,0,0.43,0,0.5
dpctgan,Groundhog,12435,1,0.52,1,0.5
dpctgan,Groundhog,12435,0,0.49,0,0.5
dpctgan,Groundhog,12435,1,0.56,1,0.5
dpctgan,Groundhog,12435,0,0.5,0,0.5
dpctgan,Groundhog,12435,1,0.51,1,0.5
dpctgan,Groundhog,12435,0,0.42,0,0.5
dpctgan,Groundhog,12435,1,0.51,1,0.5
dpctgan,Groundhog,12435,0,0.55,1,0.5
dpctgan,Groundhog,12435,1,0.52,1,0.5
dpctgan,Groundhog,12435,0,0.44,0,0.5
dpctgan,Groundhog,12435,1,0.54,1,0.5
dpctgan,Groundhog,12435,0,0.54,1,0.5
dpctgan,Groundhog,12435,1,0.52,1,0.5
dpctgan,Groundhog,12435,0,0.54,1,0.5
dpctgan,Groundhog,12435,1,0.64,1,0.5
dpctgan,Groundhog,12435,0,0.57,1,0.5
dpctgan,Groundhog,12435,1,0.55,1,0.5
dpctgan,Groundhog,12435,0,0.6,1,0.5
dpctgan,Groundhog,12435,1,0.48,0,0.5
dpctgan,Groundhog,12435,0,0.49,0,0.5
dpctgan,Groundhog,12435,1,0.48,0,0.5
dpctgan,Groundhog,12435,0,0.46,0,0.5
dpctgan,Groundhog,12435,1,0.44,0,0.5
dpctgan,Groundhog,12435,0,0.55,1,0.5
dpctgan,Groundhog,12435,1,0.55,1,0.5
dpctgan,Groundhog,12435,0,0.48,0,0.5
dpctgan,Groundhog,12435,1,0.49,0,0.5
dpctgan,Groundhog,12435,0,0.47,0,0.5
dpctgan,Groundhog,12435,1,0.55,1,0.5
dpctgan,Groundhog,12435,0,0.45,0,0.5
dpctgan,Groundhog,12435,1,0.46,0,0.5
dpctgan,Groundhog,12435,0,0.62,1,0.5
dpctgan,Groundhog,12435,1,0.53,1,0.5
dpctgan,Groundhog,12435,0,0.44,0,0.5
dpctgan,Groundhog,12435,1,0.53,1,0.5
dpctgan,Groundhog,12435,0,0.5,0,0.5
dpctgan,Groundhog,12435,1,0.57,1,0.5
dpctgan,Groundhog,12435,0,0.53,1,0.5
dpctgan,Groundhog,12435,1,0.44,0,0.5
dpctgan,Groundhog,12435,0,0.45,0,0.5
dpctgan,Groundhog,12435,1,0.5,0,0.5
dpctgan,Groundhog,12435,0,0.62,1,0.5
dpctgan,Groundhog,12435,1,0.55,1,0.5
dpctgan,Groundhog,12435,0,0.49,0,0.5
dpctgan,Groundhog,12435,1,0.55,1,0.5
dpctgan,Groundhog,12435,0,0.57,1,0.5
dpctgan,Groundhog,12435,1,0.5,0,0.5
dpctgan,Groundhog,12435,0,0.56,1,0.5
dpctgan,Groundhog,12435,1,0.49,0,0.5
dpctgan,Groundhog,12435,0,0.45,0,0.5
dpctgan,Groundhog,12435,1,0.52,1,0.5
dpctgan,Groundhog,12435,0,0.48,0,0.5
dpctgan,Groundhog,12435,1,0.53,1,0.5
dpctgan,Groundhog,12435,0,0.5,0,0.5
dpctgan,Groundhog,12435,1,0.56,1,0.5
dpctgan,Groundhog,12435,0,0.61,1,0.5
dpctgan,Groundhog,12435,1,0.55,1,0.5
dpctgan,Groundhog,12435,0,0.53,1,0.5
dpctgan,Groundhog,12435,1,0.64,1,0.5
dpctgan,Groundhog,12435,0,0.57,1,0.5
dpctgan,Groundhog,12435,1,0.55,1,0.5
dpctgan,Groundhog,12435,0,0.48,0,0.5
dpctgan,Groundhog,12435,1,0.44,0,0.5
dpctgan,Groundhog,12435,0,0.53,1,0.5
dpctgan,Groundhog,12435,1,0.38,0,0.5
dpctgan,Groundhog,12435,0,0.49,0,0.5
dpctgan,Groundhog,12435,1,0.55,1,0.5
dpctgan,Groundhog,12435,0,0.42,0,0.5
dpctgan,Groundhog,12435,1,0.47,0,0.5
dpctgan,Groundhog,12435,0,0.51,1,0.5
dpctgan,Groundhog,12435,1,0.44,0,0.5
dpctgan,Groundhog,12435,0,0.44,0,0.5
dpctgan,Groundhog,12435,1,0.46,0,0.5
dpctgan,Groundhog,12435,0,0.6,1,0.5
dpctgan,Groundhog,12435,1,0.6,1,0.5
dpctgan,Groundhog,12435,0,0.43,0,0.5
dpctgan,Groundhog,12435,1,0.41,0,0.5
dpctgan,Groundhog,12435,0,0.46,0,0.5
dpctgan,Groundhog,12435,1,0.49,0,0.5
dpctgan,Groundhog,12435,0,0.44,0,0.5
dpctgan,Groundhog,12435,1,0.48,0,0.5
dpctgan,Groundhog,12435,0,0.51,1,0.5
dpctgan,Groundhog,12435,1,0.42,0,0.5
dpctgan,Groundhog,12435,0,0.55,1,0.5
dpctgan,Groundhog,12435,1,0.53,1,0.5
dpctgan,Groundhog,12435,0,0.51,1,0.5
dpctgan,Groundhog,12435,1,0.56,1,0.5
dpctgan,Groundhog,12435,0,0.45,0,0.5
dpctgan,Groundhog,12435,1,0.56,1,0.5
dpctgan,Groundhog,12435,0,0.55,1,0.5
dpctgan,Groundhog,12435,1,0.38,0,0.5
dpctgan,Groundhog,12435,0,0.46,0,0.5
dpctgan,Groundhog,12435,1,0.38,0,0.5
dpctgan,Groundhog,12435,0,0.55,1,0.5
dpctgan,Groundhog,12435,1,0.54,1,0.5
dpctgan,Groundhog,12435,0,0.4,0,0.5
dpctgan,Groundhog,12435,1,0.58,1,0.5
dpctgan,Groundhog,12435,0,0.5,0,0.5
dpctgan,Groundhog,12435,1,0.55,1,0.5
dpctgan,Groundhog,12435,0,0.56,1,0.5
dpctgan,Groundhog,12435,1,0.51,1,0.5
dpctgan,Groundhog,12435,0,0.48,0,0.5
dpctgan,Groundhog,12435,1,0.55,1,0.5
dpctgan,Groundhog,12435,0,0.49,0,0.5
dpctgan,Groundhog,12435,1,0.39,0,0.5
dpctgan,Groundhog,12435,0,0.51,1,0.5
dpctgan,Groundhog,12435,1,0.49,0,0.5
dpctgan,Groundhog,12435,0,0.45,0,0.5
dpctgan,Groundhog,12435,1,0.43,0,0.5
dpctgan,Groundhog,12435,0,0.42,0,0.5
dpctgan,Groundhog,12435,1,0.4,0,0.5
dpctgan,Groundhog,12435,0,0.53,1,0.5
dpctgan,Groundhog,12435,1,0.54,1,0.5
dpctgan,Groundhog,12435,0,0.48,0,0.5
dpctgan,Groundhog,12435,1,0.52,1,0.5
dpctgan,Groundhog,12435,0,0.53,1,0.5
dpctgan,Groundhog,12435,1,0.43,0,0.5
dpctgan,Groundhog,12435,0,0.51,1,0.5
dpctgan,Groundhog,12435,1,0.51,1,0.5
dpctgan,Groundhog,12435,0,0.52,1,0.5
dpctgan,Groundhog,12435,1,0.51,1,0.5
dpctgan,Groundhog,12435,0,0.45,0,0.5
dpctgan,Groundhog,12435,1,0.4,0,0.5
dpctgan,Groundhog,12435,0,0.52,1,0.5
dpctgan,Groundhog,12435,1,0.51,1,0.5
dpctgan,Groundhog,12435,0,0.43,0,0.5
dpctgan,Groundhog,12435,1,0.5,0,0.5
dpctgan,Groundhog,12435,0,0.49,0,0.5
dpctgan,Groundhog,12435,1,0.59,1,0.5
dpctgan,Groundhog,12435,0,0.53,1,0.5
dpctgan,Groundhog,12435,1,0.47,0,0.5
dpctgan,Groundhog,12435,0,0.5,0,0.5
dpctgan,Groundhog,12435,1,0.6,1,0.5
dpctgan,Groundhog,12435,0,0.48,0,0.5
dpctgan,Groundhog,12435,1,0.62,1,0.5
dpctgan,Groundhog,12435,0,0.46,0,0.5
dpctgan,Groundhog,12435,1,0.5,0,0.5
dpctgan,Groundhog,12435,0,0.55,1,0.5
dpctgan,Groundhog,12435,1,0.55,1,0.5
dpctgan,Groundhog,12435,0,0.49,0,0.5
dpctgan,Groundhog,12435,1,0.56,1,0.5
dpctgan,Groundhog,12435,0,0.48,0,0.5
dpctgan,Groundhog,12435,1,0.51,1,0.5
dpctgan,Groundhog,12435,0,0.52,1,0.5
dpctgan,Groundhog,12435,1,0.47,0,0.5
dpctgan,Groundhog,12435,0,0.44,0,0.5
dpctgan,Groundhog,12435,1,0.59,1,0.5
dpctgan,Groundhog,12435,0,0.54,1,0.5
dpctgan,Groundhog,12435,1,0.55,1,0.5
dpctgan,Groundhog,12435,0,0.5,0,0.5
dpctgan,Groundhog,12435,1,0.52,1,0.5
dpctgan,Groundhog,12435,0,0.48,0,0.5
dpctgan,Groundhog,12435,1,0.52,1,0.5
dpctgan,Groundhog,12435,0,0.5,0,0.5
dpctgan,Groundhog,12435,1,0.5,0,0.5
dpctgan,Groundhog,12435,0,0.41,0,0.5
dpctgan,Groundhog,12435,1,0.57,1,0.5
dpctgan,Groundhog,12435,0,0.44,0,0.5
dpctgan,Groundhog,12435,1,0.47,0,0.5
dpctgan,Groundhog,12435,0,0.5,0,0.5
dpctgan,Groundhog,12435,1,0.52,1,0.5
dpctgan,Groundhog,12435,0,0.52,1,0.5
dpctgan,Groundhog,12435,1,0.51,1,0.5
dpctgan,Groundhog,12435,0,0.46,0,0.5
dpctgan,Groundhog,12435,1,0.6,1,0.5
dpctgan,Groundhog,12435,0,0.49,0,0.5
dpctgan,Groundhog,12435,1,0.61,1,0.5
dpctgan,Groundhog,12435,0,0.48,0,0.5
dpctgan,Groundhog,12435,1,0.43,0,0.5
dpctgan,Groundhog,12435,0,0.37,0,0.5
dpctgan,Groundhog,12435,1,0.53,1,0.5
dpctgan,Groundhog,12435,0,0.43,0,0.5
dpctgan,Groundhog,12435,1,0.55,1,0.5
dpctgan,Groundhog,12435,0,0.55,1,0.5
dpctgan,Groundhog,12435,1,0.44,0,0.5
dpctgan,Groundhog,12435,0,0.5,0,0.5
dpctgan,Groundhog,12435,1,0.54,1,0.5
dpctgan,Groundhog,12435,0,0.45,0,0.5
dpctgan,Groundhog,12435,1,0.41,0,0.5
dpctgan,Groundhog,12435,0,0.57,1,0.5
dpctgan,Groundhog,12435,1,0.51,1,0.5
dpctgan,Groundhog,12435,0,0.49,0,0.5
dpctgan,Groundhog,12435,1,0.56,1,0.5
dpctgan,Groundhog,12435,0,0.4,0,0.5
dpctgan,Groundhog,12435,1,0.49,0,0.5
dpctgan,Groundhog,12435,0,0.53,1,0.5
dpctgan,Groundhog,12435,1,0.51,1,0.5
dpctgan,Groundhog,12435,0,0.47,0,0.5
dpctgan,Groundhog,12435,1,0.47,0,0.5
dpctgan,Groundhog,12435,0,0.46,0,0.5
dpctgan,Groundhog,12435,1,0.53,1,0.5
dpctgan,Groundhog,12435,0,0.43,0,0.5
dpctgan,Groundhog,12435,1,0.45,0,0.5
dpctgan,Groundhog,12435,0,0.51,1,0.5
dpctgan,Groundhog,12435,1,0.53,1,0.5
dpctgan,Groundhog,12435,0,0.62,1,0.5
dpctgan,Groundhog,12435,1,0.49,0,0.5
dpctgan,Groundhog,12435,0,0.66,1,0.5
dpctgan,Groundhog,12435,1,0.49,0,0.5
dpctgan,Groundhog,12435,0,0.49,0,0.5
dpctgan,Groundhog,12435,1,0.48,0,0.5
dpctgan,Groundhog,12435,0,0.42,0,0.5
dpctgan,Groundhog,12435,1,0.58,1,0.5
dpctgan,Groundhog,12435,0,0.44,0,0.5
dpctgan,Groundhog,12435,1,0.36,0,0.5
dpctgan,Groundhog,12435,0,0.5,0,0.5
dpctgan,Groundhog,12435,1,0.38,0,0.5
dpctgan,Groundhog,12435,0,0.46,0,0.5
dpctgan,Groundhog,12435,1,0.56,1,0.5
dpctgan,Groundhog,12435,0,0.54,1,0.5
dpctgan,Groundhog,12435,1,0.52,1,0.5
dpctgan,Groundhog,12435,0,0.52,1,0.5
dpctgan,Groundhog,12435,1,0.42,0,0.5
dpctgan,Groundhog,12435,0,0.42,0,0.5
dpctgan,Groundhog,12435,1,0.59,1,0.5
dpctgan,Groundhog,12435,0,0.38,0,0.5
dpctgan,Groundhog,12435,1,0.52,1,0.5
dpctgan,Groundhog,12435,0,0.51,1,0.5
dpctgan,Groundhog,12435,1,0.46,0,0.5
dpctgan,Groundhog,12435,0,0.53,1,0.5
dpctgan,Groundhog,12435,1,0.46,0,0.5
dpctgan,Groundhog,12435,0,0.52,1,0.5
dpctgan,Groundhog,12435,1,0.47,0,0.5
dpctgan,Groundhog,12435,0,0.39,0,0.5
dpctgan,Groundhog,12435,1,0.51,1,0.5
dpctgan,Groundhog,12435,0,0.41,0,0.5
dpctgan,Groundhog,12435,1,0.42,0,0.5
dpctgan,Groundhog,12435,0,0.52,1,0.5
dpctgan,Groundhog,12435,1,0.51,1,0.5
dpctgan,Groundhog,12435,0,0.53,1,0.5
dpctgan,Groundhog,12435,1,0.5,0,0.5
dpctgan,Groundhog,12435,0,0.42,0,0.5
dpctgan,Groundhog,12435,1,0.59,1,0.5
dpctgan,Groundhog,12435,0,0.53,1,0.5
dpctgan,Groundhog,12435,1,0.47,0,0.5
dpctgan,Groundhog,12435,0,0.54,1,0.5
dpctgan,Groundhog,12435,1,0.62,1,0.5
dpctgan,Groundhog,12435,0,0.44,0,0.5
dpctgan,Groundhog,12435,1,0.53,1,0.5
dpctgan,Groundhog,12435,0,0.46,0,0.5
dpctgan,Groundhog,12435,1,0.5,0,0.5
dpctgan,Groundhog,12435,0,0.54,1,0.5
dpctgan,Groundhog,12435,1,0.47,0,0.5
dpctgan,Groundhog,12435,0,0.51,1,0.5
dpctgan,Groundhog,12435,1,0.44,0,0.5
dpctgan,Groundhog,12435,0,0.53,1,0.5
dpctgan,Groundhog,12435,1,0.56,1,0.5
dpctgan,Groundhog,12435,0,0.52,1,0.5
dpctgan,Groundhog,12435,1,0.45,0,0.5
dpctgan,Groundhog,12435,0,0.51,1,0.5
dpctgan,Groundhog,12435,1,0.6,1,0.5
dpctgan,Groundhog,12435,0,0.44,0,0.5
dpctgan,Groundhog,12435,1,0.44,0,0.5
dpctgan,Groundhog,12435,0,0.52,1,0.5
dpctgan,Groundhog,12435,1,0.6,1,0.5
dpctgan,Groundhog,12435,0,0.4,0,0.5
dpctgan,Groundhog,12435,1,0.5,0,0.5
dpctgan,Groundhog,12435,0,0.49,0,0.5
dpctgan,Groundhog,12435,1,0.52,1,0.5
dpctgan,Groundhog,12435,0,0.38,0,0.5
dpctgan,Groundhog,12435,1,0.55,1,0.5
dpctgan,Groundhog,12435,0,0.36,0,0.5
dpctgan,Groundhog,12435,1,0.64,1,0.5
dpctgan,Groundhog,12435,0,0.39,0,0.5
dpctgan,Groundhog,12435,1,0.52,1,0.5
dpctgan,Groundhog,12435,0,0.51,1,0.5
dpctgan,Groundhog,12435,1,0.52,1,0.5
dpctgan,Groundhog,12435,0,0.59,1,0.5
dpctgan,Groundhog,12435,1,0.44,0,0.5
dpctgan,Groundhog,12435,0,0.5,0,0.5
dpctgan,Groundhog,12435,1,0.59,1,0.5
dpctgan,Groundhog,12435,0,0.54,1,0.5
dpctgan,Groundhog,12435,1,0.44,0,0.5
dpctgan,Groundhog,12435,0,0.42,0,0.5
dpctgan,Groundhog,12435,1,0.48,0,0.5
dpctgan,Groundhog,12435,0,0.37,0,0.5
dpctgan,Groundhog,12435,1,0.56,1,0.5
dpctgan,Groundhog,12435,0,0.5,0,0.5
dpctgan,Groundhog,12435,1,0.44,0,0.5
dpctgan,Groundhog,12435,0,0.52,1,0.5
dpctgan,Groundhog,12435,1,0.51,1,0.5
dpctgan,Groundhog,12435,0,0.38,0,0.5
dpctgan,Groundhog,12435,1,0.56,1,0.5
dpctgan,Groundhog,12435,0,0.48,0,0.5
dpctgan,Groundhog,12435,1,0.61,1,0.5
dpctgan,Groundhog,12435,0,0.46,0,0.5
dpctgan,Groundhog,12435,1,0.54,1,0.5
dpctgan,Groundhog,12435,0,0.37,0,0.5
dpctgan,Groundhog,12435,1,0.51,1,0.5
dpctgan,Groundhog,12435,0,0.52,1,0.5
dpctgan,Groundhog,12435,1,0.44,0,0.5
dpctgan,Groundhog,12435,0,0.36,0,0.5
dpctgan,Groundhog,12435,1,0.5,0,0.5
dpctgan,Groundhog,12435,0,0.56,1,0.5
dpctgan,Groundhog,12435,1,0.55,1,0.5
dpctgan,Groundhog,12435,0,0.47,0,0.5
dpctgan,Groundhog,12435,1,0.45,0,0.5
dpctgan,Groundhog,12435,0,0.44,0,0.5
dpctgan,Groundhog,12435,1,0.55,1,0.5
dpctgan,Groundhog,12435,0,0.52,1,0.5
dpctgan,Groundhog,12435,1,0.52,1,0.5
dpctgan,Groundhog,12435,0,0.45,0,0.5
dpctgan,Groundhog,12435,1,0.46,0,0.5
dpctgan,Groundhog,12435,0,0.48,0,0.5
dpctgan,Groundhog,12435,1,0.56,1,0.5
dpctgan,Groundhog,12435,0,0.47,0,0.5
dpctgan,Groundhog,12435,1,0.56,1,0.5
dpctgan,Groundhog,12435,0,0.68,1,0.5
dpctgan,Groundhog,12435,1,0.55,1,0.5
dpctgan,Groundhog,12435,0,0.49,0,0.5
dpctgan,Groundhog,12435,1,0.51,1,0.5
dpctgan,Groundhog,12435,0,0.6,1,0.5
dpctgan,Groundhog,12435,1,0.43,0,0.5
dpctgan,Groundhog,12435,0,0.42,0,0.5
dpctgan,Groundhog,12435,1,0.42,0,0.5
dpctgan,Groundhog,12435,0,0.45,0,0.5
dpctgan,Groundhog,12435,1,0.52,1,0.5
dpctgan,Groundhog,12435,0,0.45,0,0.5
dpctgan,Groundhog,12435,1,0.59,1,0.5
dpctgan,Groundhog,12435,0,0.46,0,0.5
dpctgan,Groundhog,12435,1,0.59,1,0.5
dpctgan,Groundhog,12435,0,0.43,0,0.5
dpctgan,Groundhog,12435,1,0.52,1,0.5
dpctgan,Groundhog,12435,0,0.46,0,0.5
dpctgan,Groundhog,12435,1,0.47,0,0.5
dpctgan,Groundhog,12435,0,0.41,0,0.5
dpctgan,Groundhog,12435,1,0.46,0,0.5
dpctgan,Groundhog,12435,0,0.42,0,0.5
dpctgan,Groundhog,12435,1,0.57,1,0.5
dpctgan,Groundhog,12435,0,0.58,1,0.5
dpctgan,Groundhog,12435,1,0.54,1,0.5
dpctgan,Groundhog,12435,0,0.48,0,0.5
dpctgan,Groundhog,12435,1,0.42,0,0.5
dpctgan,Groundhog,12435,0,0.48,0,0.5
dpctgan,Groundhog,12435,1,0.5,0,0.5
dpctgan,Groundhog,12435,0,0.46,0,0.5
dpctgan,Groundhog,12435,1,0.51,1,0.5
dpctgan,Groundhog,12435,0,0.57,1,0.5
dpctgan,Groundhog,12435,1,0.43,0,0.5
dpctgan,Groundhog,12435,0,0.56,1,0.5
dpctgan,Groundhog,12435,1,0.51,1,0.5
dpctgan,Groundhog,12435,0,0.56,1,0.5
dpctgan,Groundhog,12435,1,0.46,0,0.5
dpctgan,Groundhog,12435,0,0.46,0,0.5
dpctgan,Groundhog,12435,1,0.45,0,0.5
dpctgan,Groundhog,12435,0,0.59,1,0.5
dpctgan,Groundhog,12435,1,0.5,0,0.5
dpctgan,Groundhog,12435,0,0.61,1,0.5
dpctgan,Groundhog,12435,1,0.52,1,0.5
dpctgan,Groundhog,12435,0,0.51,1,0.5
dpctgan,Groundhog,12435,1,0.35,0,0.5
dpctgan,Groundhog,12435,0,0.47,0,0.5
dpctgan,Groundhog,12435,1,0.49,0,0.5
dpctgan,Groundhog,12435,0,0.56,1,0.5
dpctgan,Groundhog,12435,1,0.6,1,0.5
dpctgan,Groundhog,12435,0,0.53,1,0.5
dpctgan,Groundhog,12435,1,0.47,0,0.5
dpctgan,Groundhog,12435,0,0.37,0,0.5
dpctgan,Groundhog,12435,1,0.58,1,0.5
dpctgan,Groundhog,12435,0,0.41,0,0.5
dpctgan,Groundhog,12435,1,0.59,1,0.5
dpctgan,Groundhog,12435,0,0.46,0,0.5
dpctgan,Groundhog,12435,1,0.44,0,0.5
dpctgan,Groundhog,12435,0,0.5,0,0.5
dpctgan,Groundhog,12435,1,0.52,1,0.5
dpctgan,Groundhog,12435,0,0.57,1,0.5
dpctgan,Groundhog,12435,1,0.47,0,0.5
dpctgan,Groundhog,12435,0,0.58,1,0.5
dpctgan,Groundhog,12435,1,0.54,1,0.5
dpctgan,Groundhog,12435,0,0.48,0,0.5
dpctgan,Groundhog,12435,1,0.49,0,0.5
dpctgan,Groundhog,12435,0,0.44,0,0.5
dpctgan,Groundhog,12435,1,0.52,1,0.5
dpctgan,Groundhog,12435,0,0.51,1,0.5
dpctgan,Groundhog,12435,1,0.55,1,0.5
dpctgan,Groundhog,12435,0,0.48,0,0.5
dpctgan,Groundhog,12435,1,0.59,1,0.5
dpctgan,Groundhog,12435,0,0.6,1,0.5
dpctgan,Groundhog,12435,1,0.56,1,0.5
dpctgan,Groundhog,12435,0,0.5,0,0.5
dpctgan,Groundhog,12435,1,0.55,1,0.5
dpctgan,Groundhog,12435,0,0.42,0,0.5
dpctgan,Groundhog,12435,1,0.55,1,0.5
dpctgan,Groundhog,12435,0,0.48,0,0.5
dpctgan,Groundhog,12435,1,0.6,1,0.5
dpctgan,Groundhog,12435,0,0.56,1,0.5
dpctgan,Groundhog,12435,1,0.5,0,0.5
dpctgan,Groundhog,12435,0,0.51,1,0.5
dpctgan,Groundhog,12435,1,0.54,1,0.5
dpctgan,Groundhog,12435,0,0.35,0,0.5
dpctgan,Groundhog,12435,1,0.57,1,0.5
dpctgan,Groundhog,12435,0,0.47,0,0.5
dpctgan,Groundhog,12435,1,0.51,1,0.5
dpctgan,Groundhog,12435,0,0.53,1,0.5
dpctgan,Groundhog,12435,1,0.51,1,0.5
dpctgan,Groundhog,12435,0,0.47,0,0.5
dpctgan,Groundhog,12435,1,0.4,0,0.5
dpctgan,Groundhog,12435,0,0.54,1,0.5
dpctgan,Groundhog,12435,1,0.54,1,0.5
dpctgan,Groundhog,12435,0,0.48,0,0.5
dpctgan,Groundhog,12435,1,0.62,1,0.5
dpctgan,Groundhog,12435,0,0.53,1,0.5
dpctgan,Groundhog,12435,1,0.39,0,0.5
dpctgan,Groundhog,12435,0,0.48,0,0.5
dpctgan,Groundhog,12435,1,0.56,1,0.5
dpctgan,Groundhog,12435,0,0.57,1,0.5
dpctgan,Groundhog,12435,1,0.59,1,0.5
dpctgan,Groundhog,12435,0,0.52,1,0.5
dpctgan,Groundhog,12435,1,0.49,0,0.5
dpctgan,Groundhog,12435,0,0.47,0,0.5
dpctgan,Groundhog,12435,1,0.41,0,0.5
dpctgan,Groundhog,12435,0,0.55,1,0.5
dpctgan,Groundhog,12435,1,0.53,1,0.5
dpctgan,Groundhog,12435,0,0.39,0,0.5
dpctgan,Groundhog,12435,1,0.49,0,0.5
dpctgan,Groundhog,12435,0,0.63,1,0.5
dpctgan,Groundhog,12435,1,0.5,0,0.5
dpctgan,Groundhog,12435,0,0.56,1,0.5
dpctgan,Groundhog,12435,1,0.45,0,0.5
dpctgan,Groundhog,12435,0,0.42,0,0.5
dpctgan,Groundhog,12435,1,0.56,1,0.5
dpctgan,Groundhog,12435,0,0.53,1,0.5
dpctgan,Groundhog,12435,1,0.56,1,0.5
dpctgan,Groundhog,12435,0,0.49,0,0.5
dpctgan,Groundhog,12435,1,0.58,1,0.5
dpctgan,Groundhog,12435,0,0.53,1,0.5
dpctgan,Groundhog,12435,1,0.49,0,0.5
dpctgan,Groundhog,12435,0,0.47,0,0.5
dpctgan,Groundhog,12435,1,0.49,0,0.5
dpctgan,Groundhog,12435,0,0.47,0,0.5
dpctgan,Groundhog,12435,1,0.54,1,0.5
dpctgan,Groundhog,12435,0,0.5,0,0.5
dpctgan,Groundhog,12435,1,0.57,1,0.5
dpctgan,Groundhog,12435,0,0.6,1,0.5
dpctgan,Groundhog,12435,1,0.51,1,0.5
dpctgan,Groundhog,12435,0,0.57,1,0.5
dpctgan,Groundhog,12435,1,0.45,0,0.5
dpctgan,Groundhog,12435,0,0.49,0,0.5
dpctgan,Groundhog,12435,1,0.55,1,0.5
dpctgan,Groundhog,12435,0,0.56,1,0.5
dpctgan,Groundhog,12435,1,0.52,1,0.5
dpctgan,Groundhog,12435,0,0.5,0,0.5
dpctgan,Groundhog,12435,1,0.59,1,0.5
dpctgan,Groundhog,12435,0,0.48,0,0.5
dpctgan,Groundhog,12435,1,0.47,0,0.5
dpctgan,Groundhog,12435,0,0.45,0,0.5
dpctgan,Groundhog,12435,1,0.44,0,0.5
dpctgan,Groundhog,12435,0,0.61,1,0.5
dpctgan,Groundhog,12435,1,0.36,0,0.5
dpctgan,Groundhog,12435,0,0.52,1,0.5
dpctgan,Groundhog,12435,1,0.56,1,0.5
dpctgan,Groundhog,12435,0,0.52,1,0.5
dpctgan,Groundhog,12435,1,0.42,0,0.5
dpctgan,Groundhog,12435,0,0.48,0,0.5
dpctgan,Groundhog,12435,1,0.64,1,0.5
dpctgan,Groundhog,12435,0,0.42,0,0.5
dpctgan,Groundhog,12435,1,0.51,1,0.5
dpctgan,Groundhog,12435,0,0.55,1,0.5
dpctgan,Groundhog,12435,1,0.54,1,0.5
dpctgan,Groundhog,12435,0,0.57,1,0.5
dpctgan,Groundhog,12435,1,0.54,1,0.5
dpctgan,Groundhog,12435,0,0.47,0,0.5
dpctgan,Groundhog,12435,1,0.45,0,0.5
dpctgan,Groundhog,12435,0,0.51,1,0.5
dpctgan,Groundhog,12435,1,0.5,0,0.5
dpctgan,Groundhog,12435,0,0.49,0,0.5
dpctgan,Groundhog,12435,1,0.61,1,0.5
dpctgan,Groundhog,12435,0,0.51,1,0.5
dpctgan,Groundhog,12435,1,0.45,0,0.5
dpctgan,Groundhog,12435,0,0.54,1,0.5
dpctgan,Groundhog,12435,1,0.53,1,0.5
dpctgan,Groundhog,12435,0,0.46,0,0.5
dpctgan,Groundhog,12435,1,0.54,1,0.5
dpctgan,Groundhog,12435,0,0.5,0,0.5
dpctgan,Groundhog,12435,1,0.39,0,0.5
dpctgan,Groundhog,12435,0,0.48,0,0.5
dpctgan,Groundhog,12435,1,0.41,0,0.5
dpctgan,Groundhog,12435,0,0.51,1,0.5
dpctgan,Groundhog,12435,1,0.52,1,0.5
dpctgan,Groundhog,12435,0,0.54,1,0.5
dpctgan,Groundhog,12435,1,0.43,0,0.5
dpctgan,Groundhog,12435,0,0.6,1,0.5
dpctgan,Groundhog,12435,1,0.48,0,0.5
dpctgan,Groundhog,12435,0,0.49,0,0.5
dpctgan,Groundhog,12435,1,0.4,0,0.5
dpctgan,Groundhog,12435,0,0.5,0,0.5
dpctgan,Groundhog,12435,1,0.61,1,0.5
dpctgan,Groundhog,12435,0,0.57,1,0.5
dpctgan,Groundhog,12435,1,0.59,1,0.5
dpctgan,Groundhog,12435,0,0.53,1,0.5
dpctgan,Groundhog,12435,1,0.53,1,0.5
dpctgan,Groundhog,12435,0,0.49,0,0.5
dpctgan,Groundhog,12435,1,0.53,1,0.5
dpctgan,Groundhog,12435,0,0.48,0,0.5
dpctgan,Groundhog,12435,1,0.58,1,0.5
dpctgan,Groundhog,12435,0,0.5,0,0.5
dpctgan,Groundhog,12435,1,0.57,1,0.5
dpctgan,Groundhog,12435,0,0.53,1,0.5
dpctgan,Groundhog,12435,1,0.5,0,0.5
dpctgan,Groundhog,12435,0,0.44,0,0.5
dpctgan,Groundhog,12435,1,0.51,1,0.5
dpctgan,Groundhog,12435,0,0.56,1,0.5
dpctgan,Groundhog,12435,1,0.53,1,0.5
dpctgan,Groundhog,12435,0,0.59,1,0.5
dpctgan,Groundhog,12435,1,0.41,0,0.5
dpctgan,Groundhog,12435,0,0.53,1,0.5
dpctgan,Groundhog,12435,1,0.56,1,0.5
dpctgan,Groundhog,12435,0,0.54,1,0.5
dpctgan,Groundhog,12435,1,0.55,1,0.5
dpctgan,Groundhog,12435,0,0.59,1,0.5
dpctgan,Groundhog,12435,1,0.39,0,0.5
dpctgan,Groundhog,12435,0,0.49,0,0.5
dpctgan,Groundhog,12435,1,0.49,0,0.5
dpctgan,Groundhog,12435,0,0.52,1,0.5
dpctgan,Groundhog,12435,1,0.55,1,0.5
dpctgan,Groundhog,12435,0,0.55,1,0.5
dpctgan,Groundhog,12435,1,0.51,1,0.5
dpctgan,Groundhog,12435,0,0.53,1,0.5
dpctgan,Groundhog,12435,1,0.57,1,0.5
dpctgan,Groundhog,12435,0,0.54,1,0.5
dpctgan,Groundhog,12435,1,0.53,1,0.5
dpctgan,Groundhog,12435,0,0.48,0,0.5
dpctgan,Groundhog,12435,1,0.62,1,0.5
dpctgan,Groundhog,12435,0,0.49,0,0.5
dpctgan,Groundhog,12435,1,0.44,0,0.5
dpctgan,Groundhog,12435,0,0.54,1,0.5
dpctgan,Groundhog,12435,1,0.58,1,0.5
dpctgan,Groundhog,12435,0,0.53,1,0.5
dpctgan,Groundhog,12435,1,0.5,0,0.5
dpctgan,Groundhog,12435,0,0.54,1,0.5
dpctgan,Groundhog,12435,1,0.52,1,0.5
dpctgan,Groundhog,12435,0,0.5,0,0.5
dpctgan,Groundhog,12435,1,0.49,0,0.5
dpctgan,Groundhog,12435,0,0.51,1,0.5
dpctgan,Groundhog,12435,1,0.55,1,0.5
dpctgan,Groundhog,12435,0,0.44,0,0.5
dpctgan,Groundhog,12435,1,0.39,0,0.5
dpctgan,Groundhog,12435,0,0.53,1,0.5
dpctgan,Groundhog,12435,1,0.44,0,0.5
dpctgan,Groundhog,12435,0,0.6,1,0.5
dpctgan,Groundhog,12435,1,0.42,0,0.5
dpctgan,Groundhog,12435,0,0.46,0,0.5
dpctgan,Groundhog,12435,1,0.48,0,0.5
dpctgan,Groundhog,12435,0,0.5,0,0.5
dpctgan,Groundhog,12435,1,0.53,1,0.5
dpctgan,Groundhog,12435,0,0.5,0,0.5
dpctgan,Groundhog,12435,1,0.51,1,0.5
dpctgan,Groundhog,12435,0,0.42,0,0.5
dpctgan,Groundhog,12435,1,0.53,1,0.5
dpctgan,Groundhog,12435,0,0.31,0,0.5
dpctgan,Groundhog,12435,1,0.56,1,0.5
dpctgan,Groundhog,12435,0,0.44,0,0.5
dpctgan,Groundhog,12435,1,0.53,1,0.5
dpctgan,Groundhog,12435,0,0.56,1,0.5
dpctgan,Groundhog,12435,1,0.44,0,0.5
dpctgan,Groundhog,12435,0,0.48,0,0.5
dpctgan,Groundhog,12435,1,0.57,1,0.5
dpctgan,Groundhog,12435,0,0.56,1,0.5
dpctgan,Groundhog,12435,1,0.55,1,0.5
dpctgan,Groundhog,12435,0,0.54,1,0.5
dpctgan,Groundhog,12435,1,0.47,0,0.5
dpctgan,Groundhog,12435,0,0.51,1,0.5
dpctgan,Groundhog,12435,1,0.48,0,0.5
dpctgan,Groundhog,12435,0,0.44,0,0.5
dpctgan,Groundhog,12435,1,0.49,0,0.5
dpctgan,Groundhog,12435,0,0.46,0,0.5
dpctgan,Groundhog,12435,1,0.48,0,0.5
dpctgan,Groundhog,12435,0,0.53,1,0.5
dpctgan,Groundhog,12435,1,0.48,0,0.5
dpctgan,Groundhog,12435,0,0.45,0,0.5
dpctgan,Groundhog,12435,1,0.46,0,0.5
dpctgan,Groundhog,12435,0,0.58,1,0.5
dpctgan,Groundhog,12435,1,0.45,0,0.5
dpctgan,Groundhog,12435,0,0.5,0,0.5
dpctgan,Groundhog,12435,1,0.45,0,0.5
dpctgan,Groundhog,12435,0,0.49,0,0.5
dpctgan,Groundhog,12435,1,0.49,0,0.5
dpctgan,Groundhog,12435,0,0.37,0,0.5
dpctgan,Groundhog,12435,1,0.54,1,0.5
dpctgan,Groundhog,12435,0,0.48,0,0.5
dpctgan,Groundhog,12435,1,0.54,1,0.5
dpctgan,Groundhog,12435,0,0.56,1,0.5
dpctgan,Groundhog,12435,1,0.4,0,0.5
dpctgan,Groundhog,12435,0,0.56,1,0.5
dpctgan,Groundhog,12435,1,0.53,1,0.5
dpctgan,Groundhog,12435,0,0.46,0,0.5
dpctgan,Groundhog,12435,1,0.52,1,0.5
dpctgan,Groundhog,12435,0,0.59,1,0.5
dpctgan,Groundhog,12435,1,0.61,1,0.5
dpctgan,Groundhog,12435,0,0.52,1,0.5
dpctgan,Groundhog,12435,1,0.58,1,0.5
dpctgan,Groundhog,12435,0,0.51,1,0.5
dpctgan,Groundhog,12435,1,0.51,1,0.5
dpctgan,Groundhog,12435,0,0.61,1,0.5
dpctgan,Groundhog,12435,1,0.46,0,0.5
dpctgan,Groundhog,12435,0,0.59,1,0.5
dpctgan,Groundhog,12435,1,0.51,1,0.5
dpctgan,Groundhog,12435,0,0.45,0,0.5
dpctgan,Groundhog,12435,1,0.44,0,0.5
dpctgan,Groundhog,12435,0,0.5,0,0.5
dpctgan,Groundhog,12435,1,0.5,0,0.5
dpctgan,Groundhog,12435,0,0.48,0,0.5
dpctgan,Groundhog,12435,1,0.57,1,0.5
dpctgan,Groundhog,12435,0,0.48,0,0.5
dpctgan,Groundhog,12435,1,0.52,1,0.5
dpctgan,Groundhog,12435,0,0.38,0,0.5
dpctgan,Groundhog,12435,1,0.51,1,0.5
dpctgan,Groundhog,12435,0,0.58,1,0.5
dpctgan,Groundhog,12435,1,0.53,1,0.5
dpctgan,Groundhog,12435,0,0.4,0,0.5
dpctgan,Groundhog,12435,1,0.45,0,0.5
dpctgan,Groundhog,12435,0,0.5,0,0.5
dpctgan,Groundhog,12435,1,0.47,0,0.5
dpctgan,Groundhog,12435,0,0.52,1,0.5
dpctgan,Groundhog,12435,1,0.52,1,0.5
dpctgan,Groundhog,12435,0,0.39,0,0.5
dpctgan,Groundhog,12435,1,0.53,1,0.5
dpctgan,Groundhog,12435,0,0.48,0,0.5
dpctgan,Groundhog,12435,1,0.53,1,0.5
dpctgan,Groundhog,12435,0,0.54,1,0.5
dpctgan,Groundhog,12435,1,0.48,0,0.5
dpctgan,Groundhog,12435,0,0.44,0,0.5
dpctgan,Groundhog,12435,1,0.61,1,0.5
dpctgan,Groundhog,12435,0,0.47,0,0.5
dpctgan,Groundhog,12435,1,0.43,0,0.5
dpctgan,Groundhog,12435,0,0.57,1,0.5
dpctgan,Groundhog,12435,1,0.46,0,0.5
dpctgan,Groundhog,12435,0,0.51,1,0.5
dpctgan,Groundhog,12435,1,0.56,1,0.5
dpctgan,Groundhog,12435,0,0.59,1,0.5
dpctgan,Groundhog,12435,1,0.49,0,0.5
dpctgan,Groundhog,12435,0,0.46,0,0.5
dpctgan,Groundhog,12435,1,0.41,0,0.5
dpctgan,Groundhog,12435,0,0.39,0,0.5
dpctgan,Groundhog,12435,1,0.49,0,0.5
dpctgan,Groundhog,12435,0,0.49,0,0.5
dpctgan,Groundhog,12435,1,0.58,1,0.5
dpctgan,Groundhog,12435,0,0.42,0,0.5
dpctgan,Groundhog,12435,1,0.43,0,0.5
dpctgan,Groundhog,12435,0,0.51,1,0.5
dpctgan,Groundhog,12435,1,0.57,1,0.5
dpctgan,Groundhog,12435,0,0.56,1,0.5
dpctgan,Groundhog,12435,1,0.55,1,0.5
dpctgan,Groundhog,12435,0,0.51,1,0.5
dpctgan,Groundhog,12435,1,0.4,0,0.5
dpctgan,Groundhog,12435,0,0.59,1,0.5
dpctgan,Groundhog,12435,1,0.41,0,0.5
dpctgan,Groundhog,12435,0,0.47,0,0.5
dpctgan,Groundhog,12435,1,0.43,0,0.5
dpctgan,Groundhog,12435,0,0.34,0,0.5
dpctgan,Groundhog,12435,1,0.56,1,0.5
dpctgan,Groundhog,12435,0,0.44,0,0.5
dpctgan,Groundhog,12435,1,0.48,0,0.5
dpctgan,Groundhog,12435,0,0.52,1,0.5
dpctgan,Groundhog,12435,1,0.57,1,0.5
dpctgan,Groundhog,12435,0,0.59,1,0.5
dpctgan,Groundhog,12435,1,0.47,0,0.5
dpctgan,Groundhog,12435,0,0.5,0,0.5
dpctgan,Groundhog,12435,1,0.57,1,0.5
dpctgan,Groundhog,12435,0,0.55,1,0.5
dpctgan,Groundhog,12435,1,0.49,0,0.5
dpctgan,Groundhog,12435,0,0.52,1,0.5
dpctgan,Groundhog,12435,1,0.59,1,0.5
dpctgan,Groundhog,12435,0,0.51,1,0.5
dpctgan,Groundhog,12435,1,0.42,0,0.5
dpctgan,Groundhog,12435,0,0.49,0,0.5
dpctgan,Groundhog,12435,1,0.55,1,0.5
dpctgan,Groundhog,12435,0,0.41,0,0.5
dpctgan,Groundhog,12435,1,0.44,0,0.5
dpctgan,Groundhog,12435,0,0.45,0,0.5
dpctgan,Groundhog,12435,1,0.49,0,0.5
dpctgan,Groundhog,12435,0,0.5,0,0.5
dpctgan,Groundhog,12435,1,0.48,0,0.5
dpctgan,Groundhog,12435,0,0.56,1,0.5
dpctgan,Groundhog,12435,1,0.55,1,0.5
dpctgan,Groundhog,12435,0,0.48,0,0.5
dpctgan,Groundhog,12435,1,0.48,0,0.5
dpctgan,Groundhog,12435,0,0.43,0,0.5
dpctgan,Groundhog,12435,1,0.57,1,0.5
dpctgan,Groundhog,12435,0,0.56,1,0.5
dpctgan,Groundhog,12435,1,0.48,0,0.5
dpctgan,Groundhog,12435,0,0.53,1,0.5
dpctgan,Groundhog,12435,1,0.51,1,0.5
dpctgan,Groundhog,12435,0,0.55,1,0.5
dpctgan,Groundhog,12435,1,0.54,1,0.5
dpctgan,Groundhog,12435,0,0.52,1,0.5
dpctgan,Groundhog,12435,1,0.41,0,0.5
dpctgan,Groundhog,12435,0,0.41,0,0.5
dpctgan,Groundhog,12435,1,0.54,1,0.5
dpctgan,Groundhog,12435,0,0.54,1,0.5
dpctgan,Groundhog,12435,1,0.54,1,0.5
dpctgan,Groundhog,12435,0,0.43,0,0.5
dpctgan,Groundhog,12435,1,0.47,0,0.5
dpctgan,Groundhog,12435,0,0.5,0,0.5
dpctgan,Groundhog,12435,1,0.44,0,0.5
dpctgan,Groundhog,12435,0,0.52,1,0.5
dpctgan,Groundhog,12435,1,0.58,1,0.5
dpctgan,Groundhog,12435,0,0.48,0,0.5
dpctgan,Groundhog,12435,1,0.51,1,0.5
dpctgan,Groundhog,12435,0,0.57,1,0.5
dpctgan,Groundhog,12435,1,0.51,1,0.5
dpctgan,Groundhog,12435,0,0.58,1,0.5
dpctgan,Groundhog,12435,1,0.46,0,0.5
dpctgan,Groundhog,12435,0,0.57,1,0.5
dpctgan,Groundhog,12435,1,0.53,1,0.5
dpctgan,Groundhog,12435,0,0.48,0,0.5
dpctgan,Groundhog,12435,1,0.58,1,0.5
dpctgan,Groundhog,12435,0,0.59,1,0.5
dpctgan,Groundhog,12435,1,0.45,0,0.5
dpctgan,Groundhog,12435,0,0.6,1,0.5
dpctgan,Groundhog,12435,1,0.58,1,0.5
dpctgan,Groundhog,12435,0,0.55,1,0.5
dpctgan,Groundhog,12435,1,0.47,0,0.5
dpctgan,Groundhog,12435,0,0.6,1,0.5
dpctgan,Groundhog,12435,1,0.56,1,0.5
dpctgan,Groundhog,12435,0,0.51,1,0.5
dpctgan,Groundhog,12435,1,0.58,1,0.5
dpctgan,Groundhog,12435,0,0.43,0,0.5
dpctgan,Groundhog,12435,1,0.55,1,0.5
dpctgan,Groundhog,12435,0,0.58,1,0.5
dpctgan,Groundhog,12435,1,0.5,0,0.5
dpctgan,Groundhog,12435,0,0.5,0,0.5
dpctgan,Groundhog,12435,1,0.5,0,0.5
dpctgan,Groundhog,12435,0,0.44,0,0.5
dpctgan,Groundhog,12435,1,0.47,0,0.5
dpctgan,Groundhog,12435,0,0.48,0,0.5
dpctgan,Groundhog,12435,1,0.57,1,0.5
dpctgan,Groundhog,12435,0,0.48,0,0.5
dpctgan,Groundhog,12435,1,0.38,0,0.5
dpctgan,Groundhog,12435,0,0.5,0,0.5
dpctgan,Groundhog,12435,1,0.44,0,0.5
dpctgan,Groundhog,12435,0,0.47,0,0.5
dpctgan,Groundhog,12435,1,0.39,0,0.5
dpctgan,Groundhog,12435,0,0.45,0,0.5
dpctgan,Groundhog,12435,1,0.34,0,0.5
dpctgan,Groundhog,12435,0,0.59,1,0.5
dpctgan,Groundhog,12435,1,0.5,0,0.5
dpctgan,Groundhog,12435,0,0.54,1,0.5
dpctgan,Groundhog,12435,1,0.48,0,0.5
dpctgan,Groundhog,12435,0,0.57,1,0.5
dpctgan,Groundhog,12435,1,0.46,0,0.5
dpctgan,Groundhog,12435,0,0.49,0,0.5
dpctgan,Groundhog,12435,1,0.51,1,0.5
dpctgan,Groundhog,12435,0,0.44,0,0.5
dpctgan,Groundhog,12435,1,0.46,0,0.5
dpctgan,Groundhog,12435,0,0.59,1,0.5
dpctgan,Groundhog,12435,1,0.5,0,0.5
dpctgan,Groundhog,12435,0,0.52,1,0.5
dpctgan,Groundhog,12435,1,0.53,1,0.5
dpctgan,Groundhog,12435,0,0.56,1,0.5
dpctgan,Groundhog,12435,1,0.38,0,0.5
dpctgan,Groundhog,12435,0,0.37,0,0.5
dpctgan,Groundhog,12435,1,0.5,0,0.5
dpctgan,Groundhog,12435,0,0.49,0,0.5
dpctgan,Groundhog,12435,1,0.52,1,0.5
dpctgan,Groundhog,12435,0,0.51,1,0.5
dpctgan,Groundhog,12435,1,0.43,0,0.5
dpctgan,Groundhog,12435,0,0.39,0,0.5
dpctgan,Groundhog,12435,1,0.43,0,0.5
dpctgan,Groundhog,12435,0,0.5,0,0.5
dpctgan,Groundhog,12435,1,0.5,0,0.5
dpctgan,Groundhog,12435,0,0.5,0,0.5
dpctgan,Groundhog,12435,1,0.48,0,0.5
dpctgan,Groundhog,12435,0,0.6,1,0.5
dpctgan,Groundhog,12435,1,0.53,1,0.5
dpctgan,Groundhog,12435,0,0.59,1,0.5
dpctgan,Groundhog,12435,1,0.48,0,0.5
dpctgan,Groundhog,12435,0,0.52,1,0.5
dpctgan,Groundhog,12435,1,0.36,0,0.5
dpctgan,Groundhog,12435,0,0.54,1,0.5
dpctgan,Groundhog,12435,1,0.56,1,0.5
dpctgan,Groundhog,12435,0,0.52,1,0.5
dpctgan,Groundhog,12435,1,0.53,1,0.5
dpctgan,Groundhog,12435,0,0.51,1,0.5
dpctgan,Groundhog,12435,1,0.46,0,0.5
dpctgan,Groundhog,12435,0,0.5,0,0.5
dpctgan,Groundhog,12435,1,0.38,0,0.5
dpctgan,Groundhog,12435,0,0.4,0,0.5
dpctgan,Groundhog,12435,1,0.63,1,0.5
dpctgan,Groundhog,12435,0,0.53,1,0.5
dpctgan,Groundhog,12435,1,0.54,1,0.5
dpctgan,Groundhog,12435,0,0.48,0,0.5
dpctgan,Groundhog,12435,1,0.58,1,0.5
dpctgan,Groundhog,12435,0,0.32,0,0.5
dpctgan,Groundhog,12435,1,0.44,0,0.5
dpctgan,Groundhog,12435,0,0.52,1,0.5
dpctgan,Groundhog,12435,1,0.55,1,0.5
dpctgan,Groundhog,12435,0,0.44,0,0.5
dpctgan,Groundhog,12435,1,0.49,0,0.5
dpctgan,Groundhog,12435,0,0.51,1,0.5
dpctgan,Groundhog,12435,1,0.47,0,0.5
dpctgan,Groundhog,12435,0,0.52,1,0.5
dpctgan,Groundhog,12435,1,0.52,1,0.5
dpctgan,Groundhog,12435,0,0.61,1,0.5
dpctgan,Groundhog,12435,1,0.56,1,0.5
dpctgan,Groundhog,12435,0,0.48,0,0.5
dpctgan,Groundhog,12435,1,0.45,0,0.5
dpctgan,Groundhog,12435,0,0.67,1,0.5
dpctgan,Groundhog,12435,1,0.37,0,0.5
dpctgan,Groundhog,12435,0,0.44,0,0.5
dpctgan,Groundhog,12435,1,0.4,0,0.5
dpctgan,Groundhog,12435,0,0.51,1,0.5
dpctgan,Groundhog,12435,1,0.56,1,0.5
dpctgan,Groundhog,12435,0,0.4,0,0.5
dpctgan,Groundhog,12435,1,0.55,1,0.5
dpctgan,Groundhog,12435,0,0.43,0,0.5
dpctgan,Groundhog,12435,1,0.58,1,0.5
dpctgan,Groundhog,12435,0,0.58,1,0.5
dpctgan,Groundhog,12435,1,0.39,0,0.5
dpctgan,Groundhog,12435,0,0.49,0,0.5
dpctgan,Groundhog,12435,1,0.48,0,0.5
dpctgan,Groundhog,12435,0,0.43,0,0.5
dpctgan,Groundhog,12435,1,0.64,1,0.5
dpctgan,Groundhog,12435,0,0.56,1,0.5
dpctgan,Groundhog,12435,1,0.46,0,0.5
dpctgan,Groundhog,12435,0,0.52,1,0.5
dpctgan,Groundhog,12435,1,0.37,0,0.5
dpctgan,Groundhog,12435,0,0.42,0,0.5
dpctgan,Groundhog,12435,1,0.6,1,0.5
dpctgan,Groundhog,12435,0,0.47,0,0.5
dpctgan,Groundhog,12435,1,0.41,0,0.5
dpctgan,Groundhog,12435,0,0.52,1,0.5
dpctgan,Groundhog,12435,1,0.57,1,0.5
dpctgan,Groundhog,12435,0,0.6,1,0.5
dpctgan,Groundhog,12435,1,0.49,0,0.5
dpctgan,Groundhog,12435,0,0.49,0,0.5
dpctgan,Groundhog,12435,1,0.51,1,0.5
dpctgan,Groundhog,12435,0,0.49,0,0.5
dpctgan,Groundhog,12435,1,0.42,0,0.5
dpctgan,Groundhog,12435,0,0.49,0,0.5
dpctgan,Groundhog,12435,1,0.52,1,0.5
dpctgan,Groundhog,12435,0,0.53,1,0.5
dpctgan,Groundhog,12435,1,0.41,0,0.5
dpctgan,Groundhog,12435,0,0.37,0,0.5
dpctgan,Groundhog,12435,1,0.49,0,0.5
dpctgan,Groundhog,12435,0,0.54,1,0.5
dpctgan,Groundhog,12435,1,0.4,0,0.5
dpctgan,Groundhog,12435,0,0.57,1,0.5
dpctgan,Groundhog,12435,1,0.39,0,0.5
dpctgan,Groundhog,12435,0,0.45,0,0.5
dpctgan,Groundhog,12435,1,0.55,1,0.5
dpctgan,Groundhog,12435,0,0.46,0,0.5
dpctgan,Groundhog,12435,1,0.47,0,0.5
dpctgan,Groundhog,12435,0,0.53,1,0.5
dpctgan,Groundhog,12435,1,0.56,1,0.5
dpctgan,Groundhog,12435,0,0.43,0,0.5
dpctgan,Groundhog,12435,1,0.49,0,0.5
dpctgan,Groundhog,12435,0,0.48,0,0.5
dpctgan,Groundhog,12435,1,0.5,0,0.5
dpctgan,Groundhog,12435,0,0.56,1,0.5
dpctgan,Groundhog,12435,1,0.51,1,0.5
dpctgan,Groundhog,12435,0,0.38,0,0.5
dpctgan,Groundhog,12435,1,0.5,0,0.5
dpctgan,Groundhog,12435,0,0.56,1,0.5
dpctgan,Groundhog,12435,1,0.47,0,0.5
dpctgan,Groundhog,12435,0,0.52,1,0.5
dpctgan,Groundhog,12435,1,0.48,0,0.5
dpctgan,Groundhog,12435,0,0.51,1,0.5
dpctgan,Groundhog,12435,1,0.54,1,0.5
dpctgan,Groundhog,12435,0,0.51,1,0.5
dpctgan,Groundhog,12435,1,0.4,0,0.5
dpctgan,Groundhog,12435,0,0.49,0,0.5
dpctgan,Groundhog,12435,1,0.55,1,0.5
dpctgan,Groundhog,12435,0,0.51,1,0.5
dpctgan,Groundhog,12435,1,0.51,1,0.5
dpctgan,Groundhog,12435,0,0.48,0,0.5
dpctgan,Groundhog,12435,1,0.42,0,0.5
dpctgan,Groundhog,12435,0,0.5,0,0.5
dpctgan,Groundhog,12435,1,0.5,0,0.5
dpctgan,Groundhog,12435,0,0.39,0,0.5
dpctgan,Groundhog,12435,1,0.51,1,0.5
dpctgan,Groundhog,12435,0,0.43,0,0.5
dpctgan,Groundhog,12435,1,0.38,0,0.5
dpctgan,Groundhog,12435,0,0.47,0,0.5
dpctgan,Groundhog,12435,1,0.51,1,0.5
dpctgan,Groundhog,12435,0,0.55,1,0.5
dpctgan,Groundhog,12435,1,0.43,0,0.5
dpctgan,Groundhog,12435,0,0.53,1,0.5
dpctgan,Groundhog,12435,1,0.52,1,0.5
dpctgan,Groundhog,12435,0,0.5,0,0.5
dpctgan,Groundhog,12435,1,0.5,0,0.5
dpctgan,Groundhog,12435,0,0.42,0,0.5
dpctgan,Groundhog,12435,1,0.58,1,0.5
dpctgan,Groundhog,12435,0,0.54,1,0.5
dpctgan,Groundhog,12435,1,0.68,1,0.5
dpctgan,Groundhog,12435,0,0.39,0,0.5
dpctgan,Groundhog,12435,1,0.49,0,0.5
dpctgan,Groundhog,12435,0,0.58,1,0.5
dpctgan,Groundhog,12435,1,0.58,1,0.5
dpctgan,Groundhog,12435,0,0.44,0,0.5
dpctgan,Groundhog,12435,1,0.44,0,0.5
dpctgan,Groundhog,12435,0,0.53,1,0.5
dpctgan,Groundhog,12435,1,0.49,0,0.5
dpctgan,Groundhog,12435,0,0.41,0,0.5
dpctgan,Groundhog,12435,1,0.43,0,0.5
dpctgan,Groundhog,12435,0,0.58,1,0.5
dpctgan,Groundhog,12435,1,0.46,0,0.5
dpctgan,Groundhog,12435,0,0.48,0,0.5
dpctgan,Groundhog,12435,1,0.46,0,0.5
dpctgan,Groundhog,12435,0,0.44,0,0.5
dpctgan,Groundhog,12435,1,0.46,0,0.5
dpctgan,Groundhog,12435,0,0.49,0,0.5
dpctgan,Groundhog,12435,1,0.41,0,0.5
dpctgan,Groundhog,12435,0,0.49,0,0.5
dpctgan,Groundhog,12435,1,0.5,0,0.5
dpctgan,Groundhog,12435,0,0.53,1,0.5
dpctgan,Groundhog,12435,1,0.45,0,0.5
dpctgan,Groundhog,12435,0,0.55,1,0.5
dpctgan,Groundhog,12435,1,0.58,1,0.5
dpctgan,Groundhog,12435,0,0.57,1,0.5
dpctgan,Groundhog,12435,1,0.54,1,0.5
dpctgan,Groundhog,12435,0,0.53,1,0.5
dpctgan,Groundhog,12435,1,0.52,1,0.5
dpctgan,Groundhog,12435,0,0.4,0,0.5
dpctgan,Groundhog,12435,1,0.62,1,0.5
dpctgan,Groundhog,12435,0,0.48,0,0.5
dpctgan,Groundhog,12435,1,0.46,0,0.5
dpctgan,Groundhog,12435,0,0.55,1,0.5
dpctgan,Groundhog,12435,1,0.48,0,0.5
dpctgan,Groundhog,12435,0,0.43,0,0.5
dpctgan,Groundhog,12435,1,0.51,1,0.5
dpctgan,Groundhog,12435,0,0.5,0,0.5
dpctgan,Groundhog,12435,1,0.49,0,0.5
dpctgan,Groundhog,12435,0,0.53,1,0.5
dpctgan,Groundhog,12435,1,0.56,1,0.5
dpctgan,Groundhog,12435,0,0.41,0,0.5
dpctgan,Groundhog,12435,1,0.6,1,0.5
dpctgan,Groundhog,12435,0,0.61,1,0.5
dpctgan,Groundhog,12435,1,0.54,1,0.5
dpctgan,Groundhog,12435,0,0.47,0,0.5
dpctgan,Groundhog,12435,1,0.48,0,0.5
dpctgan,Groundhog,12435,0,0.58,1,0.5
dpctgan,Groundhog,12435,1,0.58,1,0.5
dpctgan,Groundhog,12435,0,0.58,1,0.5
dpctgan,Groundhog,12435,1,0.52,1,0.5
dpctgan,Groundhog,12435,0,0.6,1,0.5
dpctgan,Groundhog,12435,1,0.49,0,0.5
dpctgan,Groundhog,12435,0,0.69,1,0.5
dpctgan,Groundhog,12435,1,0.56,1,0.5
dpctgan,Groundhog,12435,0,0.56,1,0.5
dpctgan,Groundhog,12435,1,0.57,1,0.5
dpctgan,Groundhog,12435,0,0.51,1,0.5
dpctgan,Groundhog,12435,1,0.5,0,0.5
dpctgan,Groundhog,12435,0,0.51,1,0.5
dpctgan,Groundhog,12435,1,0.41,0,0.5
dpctgan,Groundhog,12435,0,0.43,0,0.5
dpctgan,Groundhog,12435,1,0.58,1,0.5
dpctgan,Groundhog,12435,0,0.51,1,0.5
dpctgan,Groundhog,12435,1,0.5,0,0.5
dpctgan,Groundhog,12435,0,0.41,0,0.5
dpctgan,Groundhog,12435,1,0.48,0,0.5
dpctgan,Groundhog,12435,0,0.47,0,0.5
dpctgan,Groundhog,12435,1,0.51,1,0.5
dpctgan,Groundhog,12435,0,0.46,0,0.5
dpctgan,Groundhog,12435,1,0.54,1,0.5
dpctgan,Groundhog,12435,0,0.38,0,0.5
dpctgan,Groundhog,12435,1,0.47,0,0.5
dpctgan,Groundhog,12435,0,0.53,1,0.5
dpctgan,Groundhog,12435,1,0.55,1,0.5
dpctgan,Groundhog,12435,0,0.53,1,0.5
dpctgan,Groundhog,12435,1,0.57,1,0.5
dpctgan,Groundhog,12435,0,0.49,0,0.5
dpctgan,Groundhog,12435,1,0.47,0,0.5
dpctgan,Groundhog,12435,0,0.39,0,0.5
dpctgan,Groundhog,12435,1,0.54,1,0.5
dpctgan,Groundhog,12435,0,0.44,0,0.5
dpctgan,Groundhog,12435,1,0.47,0,0.5
dpctgan,Groundhog,12435,0,0.45,0,0.5
dpctgan,Groundhog,12435,1,0.56,1,0.5
dpctgan,Groundhog,12435,0,0.53,1,0.5
dpctgan,Groundhog,12435,1,0.5,0,0.5
dpctgan,Groundhog,12435,0,0.65,1,0.5
dpctgan,Groundhog,12435,1,0.49,0,0.5
dpctgan,Groundhog,12435,0,0.46,0,0.5
dpctgan,Groundhog,12435,1,0.56,1,0.5
dpctgan,Groundhog,12435,0,0.51,1,0.5
dpctgan,Groundhog,12435,1,0.44,0,0.5
dpctgan,Groundhog,12435,0,0.51,1,0.5
dpctgan,Groundhog,12435,1,0.51,1,0.5
dpctgan,Groundhog,12435,0,0.46,0,0.5
dpctgan,Groundhog,12435,1,0.44,0,0.5
dpctgan,Groundhog,12435,0,0.59,1,0.5
dpctgan,Groundhog,12435,1,0.53,1,0.5
dpctgan,Groundhog,12435,0,0.52,1,0.5
dpctgan,Groundhog,12435,1,0.5,0,0.5
dpctgan,Groundhog,12435,0,0.55,1,0.5
dpctgan,Groundhog,12435,1,0.37,0,0.5
dpctgan,Groundhog,12435,0,0.47,0,0.5
dpctgan,Groundhog,12435,1,0.5,0,0.5
dpctgan,Groundhog,12435,0,0.4,0,0.5
dpctgan,Groundhog,12435,1,0.42,0,0.5
dpctgan,Groundhog,12435,0,0.37,0,0.5
dpctgan,Groundhog,12435,1,0.5,0,0.5
dpctgan,Groundhog,12435,0,0.54,1,0.5
dpctgan,Groundhog,12435,1,0.45,0,0.5
dpctgan,Groundhog,12435,0,0.57,1,0.5
dpctgan,Groundhog,12435,1,0.5,0,0.5
dpctgan,Groundhog,12435,0,0.46,0,0.5
dpctgan,Groundhog,12435,1,0.49,0,0.5
dpctgan,Groundhog,12435,0,0.23,0,0.5
dpctgan,Groundhog,12435,1,0.61,1,0.5
dpctgan,Groundhog,12435,0,0.55,1,0.5
dpctgan,Groundhog,12435,1,0.58,1,0.5
dpctgan,Groundhog,12435,0,0.41,0,0.5
dpctgan,Groundhog,12435,1,0.52,1,0.5
dpctgan,Groundhog,12435,0,0.58,1,0.5
dpctgan,Groundhog,12435,1,0.49,0,0.5
dpctgan,Groundhog,12435,0,0.5,0,0.5
dpctgan,Groundhog,12435,1,0.39,0,0.5
dpctgan,Groundhog,12435,0,0.53,1,0.5
dpctgan,Groundhog,12435,1,0.43,0,0.5
dpctgan,Groundhog,12435,0,0.38,0,0.5
dpctgan,Groundhog,12435,1,0.47,0,0.5
dpctgan,Groundhog,12435,0,0.57,1,0.5
dpctgan,Groundhog,12435,1,0.5,0,0.5
dpctgan,Groundhog,12435,0,0.47,0,0.5
dpctgan,Groundhog,12435,1,0.4,0,0.5
dpctgan,Groundhog,12435,0,0.56,1,0.5
dpctgan,Groundhog,12435,1,0.44,0,0.5
dpctgan,Groundhog,12435,0,0.58,1,0.5
dpctgan,Groundhog,12435,1,0.57,1,0.5
dpctgan,Groundhog,12435,0,0.49,0,0.5
dpctgan,Groundhog,12435,1,0.51,1,0.5
dpctgan,Groundhog,12435,0,0.47,0,0.5
dpctgan,Groundhog,12435,1,0.51,1,0.5
dpctgan,Groundhog,12435,0,0.47,0,0.5
dpctgan,Groundhog,12435,1,0.5,0,0.5
dpctgan,Groundhog,12435,0,0.6,1,0.5
dpctgan,Groundhog,12435,1,0.44,0,0.5
dpctgan,Groundhog,12435,0,0.54,1,0.5
dpctgan,Groundhog,12435,1,0.54,1,0.5
dpctgan,Groundhog,12435,0,0.52,1,0.5
dpctgan,ShadowModelling(RandomQueries),12435,1,0.54,1,0.5
dpctgan,ShadowModelling(RandomQueries),12435,0,0.44,0,0.5
dpctgan,ShadowModelling(RandomQueries),12435,1,0.42,0,0.5
dpctgan,ShadowModelling(RandomQueries),12435,0,0.36,0,0.5
dpctgan,ShadowModelling(RandomQueries),12435,1,0.48,0,0.5
dpctgan,ShadowModelling(RandomQueries),12435,0,0.56,1,0.5
dpctgan,ShadowModelling(RandomQueries),12435,1,0.45,0,0.5
dpctgan,ShadowModelling(RandomQueries),12435,0,0.55,1,0.5
dpctgan,ShadowModelling(RandomQueries),12435,1,0.51,1,0.5
dpctgan,ShadowModelling(RandomQueries),12435,0,0.56,1,0.5
dpctgan,ShadowModelling(RandomQueries),12435,1,0.51,1,0.5
dpctgan,ShadowModelling(RandomQueries),12435,0,0.57,1,0.5
dpctgan,ShadowModelling(RandomQueries),12435,1,0.66,1,0.5
dpctgan,ShadowModelling(RandomQueries),12435,0,0.81,1,0.5
dpctgan,ShadowModelling(RandomQueries),12435,1,0.41,0,0.5
dpctgan,ShadowModelling(RandomQueries),12435,0,0.26,0,0.5
dpctgan,ShadowModelling(RandomQueries),12435,1,0.45,0,0.5
dpctgan,ShadowModelling(RandomQueries),12435,0,0.56,1,0.5
dpctgan,ShadowModelling(RandomQueries),12435,1,0.48,0,0.5
dpctgan,ShadowModelling(RandomQueries),12435,0,0.36,0,0.5
dpctgan,ShadowModelling(RandomQueries),12435,1,0.55,1,0.5
dpctgan,ShadowModelling(RandomQueries),12435,0,0.44,0,0.5
dpctgan,ShadowModelling(RandomQueries),12435,1,0.52,1,0.5
dpctgan,ShadowModelling(RandomQueries),12435,0,0.37,0,0.5
dpctgan,ShadowModelling(RandomQueries),12435,1,0.43,0,0.5
dpctgan,ShadowModelling(RandomQueries),12435,0,0.45,0,0.5
dpctgan,ShadowModelling(RandomQueries),12435,1,0.63,1,0.5
dpctgan,ShadowModelling(RandomQueries),12435,0,0.61,1,0.5
dpctgan,ShadowModelling(RandomQueries),12435,1,0.62,1,0.5
dpctgan,ShadowModelling(RandomQueries),12435,0,0.48,0,0.5
dpctgan,ShadowModelling(RandomQueries),12435,1,0.63,1,0.5
dpctgan,ShadowModelling(RandomQueries),12435,0,0.49,0,0.5
dpctgan,ShadowModelling(RandomQueries),12435,1,0.4,0,0.5
dpctgan,ShadowModelling(RandomQueries),12435,0,0.43,0,0.5
dpctgan,ShadowModelling(RandomQueries),12435,1,0.55,1,0.5
dpctgan,ShadowModelling(RandomQueries),12435,0,0.53,1,0.5
dpctgan,ShadowModelling(RandomQueries),12435,1,0.42,0,0.5
dpctgan,ShadowModelling(RandomQueries),12435,0,0.6,1,0.5
dpctgan,ShadowModelling(RandomQueries),12435,1,0.37,0,0.5
dpctgan,ShadowModelling(RandomQueries),12435,0,0.57,1,0.5
dpctgan,ShadowModelling(RandomQueries),12435,1,0.48,0,0.5
dpctgan,ShadowModelling(RandomQueries),12435,0,0.38,0,0.5
dpctgan,ShadowModelling(RandomQueries),12435,1,0.54,1,0.5
dpctgan,ShadowModelling(RandomQueries),12435,0,0.44,0,0.5
dpctgan,ShadowModelling(RandomQueries),12435,1,0.64,1,0.5
dpctgan,ShadowModelling(RandomQueries),12435,0,0.54,1,0.5
dpctgan,ShadowModelling(RandomQueries),12435,1,0.43,0,0.5
dpctgan,ShadowModelling(RandomQueries),12435,0,0.4,0,0.5
dpctgan,ShadowModelling(RandomQueries),12435,1,0.61,1,0.5
dpctgan,ShadowModelling(RandomQueries),12435,0,0.48,0,0.5
dpctgan,ShadowModelling(RandomQueries),12435,1,0.57,1,0.5
dpctgan,ShadowModelling(RandomQueries),12435,0,0.39,0,0.5
dpctgan,ShadowModelling(RandomQueries),12435,1,0.65,1,0.5
dpctgan,ShadowModelling(RandomQueries),12435,0,0.3,0,0.5
dpctgan,ShadowModelling(RandomQueries),12435,1,0.46,0,0.5
dpctgan,ShadowModelling(RandomQueries),12435,0,0.69,1,0.5
dpctgan,ShadowModelling(RandomQueries),12435,1,0.43,0,0.5
dpctgan,ShadowModelling(RandomQueries),12435,0,0.55,1,0.5
dpctgan,ShadowModelling(RandomQueries),12435,1,0.43,0,0.5
dpctgan,ShadowModelling(RandomQueries),12435,0,0.54,1,0.5
dpctgan,ShadowModelling(RandomQueries),12435,1,0.68,1,0.5
dpctgan,ShadowModelling(RandomQueries),12435,0,0.54,1,0.5
dpctgan,ShadowModelling(RandomQueries),12435,1,0.78,1,0.5
dpctgan,ShadowModelling(RandomQueries),12435,0,0.5,0,0.5
dpctgan,ShadowModelling(RandomQueries),12435,1,0.59,1,0.5
dpctgan,ShadowModelling(RandomQueries),12435,0,0.54,1,0.5
dpctgan,ShadowModelling(RandomQueries),12435,1,0.5,0,0.5
dpctgan,ShadowModelling(RandomQueries),12435,0,0.5,0,0.5
dpctgan,ShadowModelling(RandomQueries),12435,1,0.25,0,0.5
dpctgan,ShadowModelling(RandomQueries),12435,0,0.36,0,0.5
dpctgan,ShadowModelling(RandomQueries),12435,1,0.54,1,0.5
dpctgan,ShadowModelling(RandomQueries),12435,0,0.42,0,0.5
dpctgan,ShadowModelling(RandomQueries),12435,1,0.5,0,0.5
dpctgan,ShadowModelling(RandomQueries),12435,0,0.46,0,0.5
dpctgan,ShadowModelling(RandomQueries),12435,1,0.51,1,0.5
dpctgan,ShadowModelling(RandomQueries),12435,0,0.65,1,0.5
dpctgan,ShadowModelling(RandomQueries),12435,1,0.41,0,0.5
dpctgan,ShadowModelling(RandomQueries),12435,0,0.45,0,0.5
dpctgan,ShadowModelling(RandomQueries),12435,1,0.56,1,0.5
dpctgan,ShadowModelling(RandomQueries),12435,0,0.5,0,0.5
dpctgan,ShadowModelling(RandomQueries),12435,1,0.71,1,0.5
dpctgan,ShadowModelling(RandomQueries),12435,0,0.52,1,0.5
dpctgan,ShadowModelling(RandomQueries),12435,1,0.61,1,0.5
dpctgan,ShadowModelling(RandomQueries),12435,0,0.61,1,0.5
dpctgan,ShadowModelling(RandomQueries),12435,1,0.38,0,0.5
dpctgan,ShadowModelling(RandomQueries),12435,0,0.62,1,0.5
dpctgan,ShadowModelling(RandomQueries),12435,1,0.48,0,0.5
dpctgan,ShadowModelling(RandomQueries),12435,0,0.37,0,0.5
dpctgan,ShadowModelling(RandomQueries),12435,1,0.62,1,0.5
dpctgan,ShadowModelling(RandomQueries),12435,0,0.5,0,0.5
dpctgan,ShadowModelling(RandomQueries),12435,1,0.33,0,0.5
dpctgan,ShadowModelling(RandomQueries),12435,0,0.51,1,0.5
dpctgan,ShadowModelling(RandomQueries),12435,1,0.34,0,0.5
dpctgan,ShadowModelling(RandomQueries),12435,0,0.35,0,0.5
dpctgan,ShadowModelling(RandomQueries),12435,1,0.47,0,0.5
dpctgan,ShadowModelling(RandomQueries),12435,0,0.4,0,0.5
dpctgan,ShadowModelling(RandomQueries),12435,1,0.48,0,0.5
dpctgan,ShadowModelling(RandomQueries),12435,0,0.4,0,0.5
dpctgan,ShadowModelling(RandomQueries),12435,1,0.53,1,0.5
dpctgan,ShadowModelling(RandomQueries),12435,0,0.38,0,0.5
dpctgan,ShadowModelling(RandomQueries),12435,1,0.59,1,0.5
dpctgan,ShadowModelling(RandomQueries),12435,0,0.44,0,0.5
dpctgan,ShadowModelling(RandomQueries),12435,1,0.39,0,0.5
dpctgan,ShadowModelling(RandomQueries),12435,0,0.48,0,0.5
dpctgan,ShadowModelling(RandomQueries),12435,1,0.59,1,0.5
dpctgan,ShadowModelling(RandomQueries),12435,0,0.62,1,0.5
dpctgan,ShadowModelling(RandomQueries),12435,1,0.41,0,0.5
dpctgan,ShadowModelling(RandomQueries),12435,0,0.57,1,0.5
dpctgan,ShadowModelling(RandomQueries),12435,1,0.54,1,0.5
dpctgan,ShadowModelling(RandomQueries),12435,0,0.4,0,0.5
dpctgan,ShadowModelling(RandomQueries),12435,1,0.51,1,0.5
dpctgan,ShadowModelling(RandomQueries),12435,0,0.45,0,0.5
dpctgan,ShadowModelling(RandomQueries),12435,1,0.46,0,0.5
dpctgan,ShadowModelling(RandomQueries),12435,0,0.41,0,0.5
dpctgan,ShadowModelling(RandomQueries),12435,1,0.41,0,0.5
dpctgan,ShadowModelling(RandomQueries),12435,0,0.31,0,0.5
dpctgan,ShadowModelling(RandomQueries),12435,1,0.66,1,0.5
dpctgan,ShadowModelling(RandomQueries),12435,0,0.56,1,0.5
dpctgan,ShadowModelling(RandomQueries),12435,1,0.72,1,0.5
dpctgan,ShadowModelling(RandomQueries),12435,0,0.62,1,0.5
dpctgan,ShadowModelling(RandomQueries),12435,1,0.5,0,0.5
dpctgan,ShadowModelling(RandomQueries),12435,0,0.47,0,0.5
dpctgan,ShadowModelling(RandomQueries),12435,1,0.64,1,0.5
dpctgan,ShadowModelling(RandomQueries),12435,0,0.38,0,0.5
dpctgan,ShadowModelling(RandomQueries),12435,1,0.59,1,0.5
dpctgan,ShadowModelling(RandomQueries),12435,0,0.68,1,0.5
dpctgan,ShadowModelling(RandomQueries),12435,1,0.53,1,0.5
dpctgan,ShadowModelling(RandomQueries),12435,0,0.55,1,0.5
dpctgan,ShadowModelling(RandomQueries),12435,1,0.61,1,0.5
dpctgan,ShadowModelling(RandomQueries),12435,0,0.65,1,0.5
dpctgan,ShadowModelling(RandomQueries),12435,1,0.46,0,0.5
dpctgan,ShadowModelling(RandomQueries),12435,0,0.23,0,0.5
dpctgan,ShadowModelling(RandomQueries),12435,1,0.31,0,0.5
dpctgan,ShadowModelling(RandomQueries),12435,0,0.5,0,0.5
dpctgan,ShadowModelling(RandomQueries),12435,1,0.49,0,0.5
dpctgan,ShadowModelling(RandomQueries),12435,0,0.67,1,0.5
dpctgan,ShadowModelling(RandomQueries),12435,1,0.46,0,0.5
dpctgan,ShadowModelling(RandomQueries),12435,0,0.52,1,0.5
dpctgan,ShadowModelling(RandomQueries),12435,1,0.55,1,0.5
dpctgan,ShadowModelling(RandomQueries),12435,0,0.49,0,0.5
dpctgan,ShadowModelling(RandomQueries),12435,1,0.49,0,0.5
dpctgan,ShadowModelling(RandomQueries),12435,0,0.56,1,0.5
dpctgan,ShadowModelling(RandomQueries),12435,1,0.61,1,0.5
dpctgan,ShadowModelling(RandomQueries),12435,0,0.52,1,0.5
dpctgan,ShadowModelling(RandomQueries),12435,1,0.51,1,0.5
dpctgan,ShadowModelling(RandomQueries),12435,0,0.57,1,0.5
dpctgan,ShadowModelling(RandomQueries),12435,1,0.35,0,0.5
dpctgan,ShadowModelling(RandomQueries),12435,0,0.6,1,0.5
dpctgan,ShadowModelling(RandomQueries),12435,1,0.57,1,0.5
dpctgan,ShadowModelling(RandomQueries),12435,0,0.64,1,0.5
dpctgan,ShadowModelling(RandomQueries),12435,1,0.42,0,0.5
dpctgan,ShadowModelling(RandomQueries),12435,0,0.39,0,0.5
dpctgan,ShadowModelling(RandomQueries),12435,1,0.39,0,0.5
dpctgan,ShadowModelling(RandomQueries),12435,0,0.56,1,0.5
dpctgan,ShadowModelling(RandomQueries),12435,1,0.33,0,0.5
dpctgan,ShadowModelling(RandomQueries),12435,0,0.43,0,0.5
dpctgan,ShadowModelling(RandomQueries),12435,1,0.55,1,0.5
dpctgan,ShadowModelling(RandomQueries),12435,0,0.51,1,0.5
dpctgan,ShadowModelling(RandomQueries),12435,1,0.42,0,0.5
dpctgan,ShadowModelling(RandomQueries),12435,0,0.43,0,0.5
dpctgan,ShadowModelling(RandomQueries),12435,1,0.32,0,0.5
dpctgan,ShadowModelling(RandomQueries),12435,0,0.61,1,0.5
dpctgan,ShadowModelling(RandomQueries),12435,1,0.47,0,0.5
dpctgan,ShadowModelling(RandomQueries),12435,0,0.37,0,0.5
dpctgan,ShadowModelling(RandomQueries),12435,1,0.52,1,0.5
dpctgan,ShadowModelling(RandomQueries),12435,0,0.42,0,0.5
dpctgan,ShadowModelling(RandomQueries),12435,1,0.55,1,0.5
dpctgan,ShadowModelling(RandomQueries),12435,0,0.55,1,0.5
dpctgan,ShadowModelling(RandomQueries),12435,1,0.59,1,0.5
dpctgan,ShadowModelling(RandomQueries),12435,0,0.43,0,0.5
dpctgan,ShadowModelling(RandomQueries),12435,1,0.57,1,0.5
dpctgan,ShadowModelling(RandomQueries),12435,0,0.36,0,0.5
dpctgan,ShadowModelling(RandomQueries),12435,1,0.75,1,0.5
dpctgan,ShadowModelling(RandomQueries),12435,0,0.48,0,0.5
dpctgan,ShadowModelling(RandomQueries),12435,1,0.42,0,0.5
dpctgan,ShadowModelling(RandomQueries),12435,0,0.46,0,0.5
dpctgan,ShadowModelling(RandomQueries),12435,1,0.46,0,0.5
dpctgan,ShadowModelling(RandomQueries),12435,0,0.51,1,0.5
dpctgan,ShadowModelling(RandomQueries),12435,1,0.53,1,0.5
dpctgan,ShadowModelling(RandomQueries),12435,0,0.41,0,0.5
dpctgan,ShadowModelling(RandomQueries),12435,1,0.56,1,0.5
dpctgan,ShadowModelling(RandomQueries),12435,0,0.57,1,0.5
dpctgan,ShadowModelling(RandomQueries),12435,1,0.35,0,0.5
dpctgan,ShadowModelling(RandomQueries),12435,0,0.61,1,0.5
dpctgan,ShadowModelling(RandomQueries),12435,1,0.48,0,0.5
dpctgan,ShadowModelling(RandomQueries),12435,0,0.39,0,0.5
dpctgan,ShadowModelling(RandomQueries),12435,1,0.4,0,0.5
dpctgan,ShadowModelling(RandomQueries),12435,0,0.29,0,0.5
dpctgan,ShadowModelling(RandomQueries),12435,1,0.34,0,0.5
dpctgan,ShadowModelling(RandomQueries),12435,0,0.34,0,0.5
dpctgan,ShadowModelling(RandomQueries),12435,1,0.54,1,0.5
dpctgan,ShadowModelling(RandomQueries),12435,0,0.45,0,0.5
dpctgan,ShadowModelling(RandomQueries),12435,1,0.38,0,0.5
dpctgan,ShadowModelling(RandomQueries),12435,0,0.57,1,0.5
dpctgan,ShadowModelling(RandomQueries),12435,1,0.43,0,0.5
dpctgan,ShadowModelling(RandomQueries),12435,0,0.72,1,0.5
dpctgan,ShadowModelling(RandomQueries),12435,1,0.56,1,0.5
dpctgan,ShadowModelling(RandomQueries),12435,0,0.39,0,0.5
dpctgan,ShadowModelling(RandomQueries),12435,1,0.39,0,0.5
dpctgan,ShadowModelling(RandomQueries),12435,0,0.5,0,0.5
dpctgan,ShadowModelling(RandomQueries),12435,1,0.5,0,0.5
dpctgan,ShadowModelling(RandomQueries),12435,0,0.58,1,0.5
dpctgan,ShadowModelling(RandomQueries),12435,1,0.5,0,0.5
dpctgan,ShadowModelling(RandomQueries),12435,0,0.49,0,0.5
dpctgan,ShadowModelling(RandomQueries),12435,1,0.6,1,0.5
dpctgan,ShadowModelling(RandomQueries),12435,0,0.72,1,0.5
dpctgan,ShadowModelling(RandomQueries),12435,1,0.41,0,0.5
dpctgan,ShadowModelling(RandomQueries),12435,0,0.48,0,0.5
dpctgan,ShadowModelling(RandomQueries),12435,1,0.55,1,0.5
dpctgan,ShadowModelling(RandomQueries),12435,0,0.41,0,0.5
dpctgan,ShadowModelling(RandomQueries),12435,1,0.39,0,0.5
dpctgan,ShadowModelling(RandomQueries),12435,0,0.54,1,0.5
dpctgan,ShadowModelling(RandomQueries),12435,1,0.66,1,0.5
dpctgan,ShadowModelling(RandomQueries),12435,0,0.41,0,0.5
dpctgan,ShadowModelling(RandomQueries),12435,1,0.37,0,0.5
dpctgan,ShadowModelling(RandomQueries),12435,0,0.57,1,0.5
dpctgan,ShadowModelling(RandomQueries),12435,1,0.3,0,0.5
dpctgan,ShadowModelling(RandomQueries),12435,0,0.46,0,0.5
dpctgan,ShadowModelling(RandomQueries),12435,1,0.5,0,0.5
dpctgan,ShadowModelling(RandomQueries),12435,0,0.53,1,0.5
dpctgan,ShadowModelling(RandomQueries),12435,1,0.46,0,0.5
dpctgan,ShadowModelling(RandomQueries),12435,0,0.33,0,0.5
dpctgan,ShadowModelling(RandomQueries),12435,1,0.48,0,0.5
dpctgan,ShadowModelling(RandomQueries),12435,0,0.54,1,0.5
dpctgan,ShadowModelling(RandomQueries),12435,1,0.58,1,0.5
dpctgan,ShadowModelling(RandomQueries),12435,0,0.57,1,0.5
dpctgan,ShadowModelling(RandomQueries),12435,1,0.54,1,0.5
dpctgan,ShadowModelling(RandomQueries),12435,0,0.44,0,0.5
dpctgan,ShadowModelling(RandomQueries),12435,1,0.49,0,0.5
dpctgan,ShadowModelling(RandomQueries),12435,0,0.46,0,0.5
dpctgan,ShadowModelling(RandomQueries),12435,1,0.47,0,0.5
dpctgan,ShadowModelling(RandomQueries),12435,0,0.45,0,0.5
dpctgan,ShadowModelling(RandomQueries),12435,1,0.67,1,0.5
dpctgan,ShadowModelling(RandomQueries),12435,0,0.35,0,0.5
dpctgan,ShadowModelling(RandomQueries),12435,1,0.41,0,0.5
dpctgan,ShadowModelling(RandomQueries),12435,0,0.6,1,0.5
dpctgan,ShadowModelling(RandomQueries),12435,1,0.27,0,0.5
dpctgan,ShadowModelling(RandomQueries),12435,0,0.39,0,0.5
dpctgan,ShadowModelling(RandomQueries),12435,1,0.54,1,0.5
dpctgan,ShadowModelling(RandomQueries),12435,0,0.47,0,0.5
dpctgan,ShadowModelling(RandomQueries),12435,1,0.59,1,0.5
dpctgan,ShadowModelling(RandomQueries),12435,0,0.58,1,0.5
dpctgan,ShadowModelling(RandomQueries),12435,1,0.57,1,0.5
dpctgan,ShadowModelling(RandomQueries),12435,0,0.51,1,0.5
dpctgan,ShadowModelling(RandomQueries),12435,1,0.39,0,0.5
dpctgan,ShadowModelling(RandomQueries),12435,0,0.34,0,0.5
dpctgan,ShadowModelling(RandomQueries),12435,1,0.53,1,0.5
dpctgan,ShadowModelling(RandomQueries),12435,0,0.36,0,0.5
dpctgan,ShadowModelling(RandomQueries),12435,1,0.45,0,0.5
dpctgan,ShadowModelling(RandomQueries),12435,0,0.27,0,0.5
dpctgan,ShadowModelling(RandomQueries),12435,1,0.58,1,0.5
dpctgan,ShadowModelling(RandomQueries),12435,0,0.55,1,0.5
dpctgan,ShadowModelling(RandomQueries),12435,1,0.63,1,0.5
dpctgan,ShadowModelling(RandomQueries),12435,0,0.41,0,0.5
dpctgan,ShadowModelling(RandomQueries),12435,1,0.58,1,0.5
dpctgan,ShadowModelling(RandomQueries),12435,0,0.6,1,0.5
dpctgan,ShadowModelling(RandomQueries),12435,1,0.66,1,0.5
dpctgan,ShadowModelling(RandomQueries),12435,0,0.53,1,0.5
dpctgan,ShadowModelling(RandomQueries),12435,1,0.51,1,0.5
dpctgan,ShadowModelling(RandomQueries),12435,0,0.6,1,0.5
dpctgan,ShadowModelling(RandomQueries),12435,1,0.46,0,0.5
dpctgan,ShadowModelling(RandomQueries),12435,0,0.49,0,0.5
dpctgan,ShadowModelling(RandomQueries),12435,1,0.46,0,0.5
dpctgan,ShadowModelling(RandomQueries),12435,0,0.44,0,0.5
dpctgan,ShadowModelling(RandomQueries),12435,1,0.39,0,0.5
dpctgan,ShadowModelling(RandomQueries),12435,0,0.59,1,0.5
dpctgan,ShadowModelling(RandomQueries),12435,1,0.53,1,0.5
dpctgan,ShadowModelling(RandomQueries),12435,0,0.51,1,0.5
dpctgan,ShadowModelling(RandomQueries),12435,1,0.47,0,0.5
dpctgan,ShadowModelling(RandomQueries),12435,0,0.5,0,0.5
dpctgan,ShadowModelling(RandomQueries),12435,1,0.29,0,0.5
dpctgan,ShadowModelling(RandomQueries),12435,0,0.76,1,0.5
dpctgan,ShadowModelling(RandomQueries),12435,1,0.57,1,0.5
dpctgan,ShadowModelling(RandomQueries),12435,0,0.55,1,0.5
dpctgan,ShadowModelling(RandomQueries),12435,1,0.48,0,0.5
dpctgan,ShadowModelling(RandomQueries),12435,0,0.63,1,0.5
dpctgan,ShadowModelling(RandomQueries),12435,1,0.34,0,0.5
dpctgan,ShadowModelling(RandomQueries),12435,0,0.35,0,0.5
dpctgan,ShadowModelling(RandomQueries),12435,1,0.53,1,0.5
dpctgan,ShadowModelling(RandomQueries),12435,0,0.46,0,0.5
dpctgan,ShadowModelling(RandomQueries),12435,1,0.38,0,0.5
dpctgan,ShadowModelling(RandomQueries),12435,0,0.48,0,0.5
dpctgan,ShadowModelling(RandomQueries),12435,1,0.31,0,0.5
dpctgan,ShadowModelling(RandomQueries),12435,0,0.27,0,0.5
dpctgan,ShadowModelling(RandomQueries),12435,1,0.66,1,0.5
dpctgan,ShadowModelling(RandomQueries),12435,0,0.67,1,0.5
dpctgan,ShadowModelling(RandomQueries),12435,1,0.48,0,0.5
dpctgan,ShadowModelling(RandomQueries),12435,0,0.51,1,0.5
dpctgan,ShadowModelling(RandomQueries),12435,1,0.13,0,0.5
dpctgan,ShadowModelling(RandomQueries),12435,0,0.54,1,0.5
dpctgan,ShadowModelling(RandomQueries),12435,1,0.49,0,0.5
dpctgan,ShadowModelling(RandomQueries),12435,0,0.46,0,0.5
dpctgan,ShadowModelling(RandomQueries),12435,1,0.58,1,0.5
dpctgan,ShadowModelling(RandomQueries),12435,0,0.47,0,0.5
dpctgan,ShadowModelling(RandomQueries),12435,1,0.46,0,0.5
dpctgan,ShadowModelling(RandomQueries),12435,0,0.32,0,0.5
dpctgan,ShadowModelling(RandomQueries),12435,1,0.41,0,0.5
dpctgan,ShadowModelling(RandomQueries),12435,0,0.69,1,0.5
dpctgan,ShadowModelling(RandomQueries),12435,1,0.39,0,0.5
dpctgan,ShadowModelling(RandomQueries),12435,0,0.47,0,0.5
dpctgan,ShadowModelling(RandomQueries),12435,1,0.55,1,0.5
dpctgan,ShadowModelling(RandomQueries),12435,0,0.62,1,0.5
dpctgan,ShadowModelling(RandomQueries),12435,1,0.43,0,0.5
dpctgan,ShadowModelling(RandomQueries),12435,0,0.52,1,0.5
dpctgan,ShadowModelling(RandomQueries),12435,1,0.67,1,0.5
dpctgan,ShadowModelling(RandomQueries),12435,0,0.68,1,0.5
dpctgan,ShadowModelling(RandomQueries),12435,1,0.55,1,0.5
dpctgan,ShadowModelling(RandomQueries),12435,0,0.55,1,0.5
dpctgan,ShadowModelling(RandomQueries),12435,1,0.63,1,0.5
dpctgan,ShadowModelling(RandomQueries),12435,0,0.5,0,0.5
dpctgan,ShadowModelling(RandomQueries),12435,1,0.43,0,0.5
dpctgan,ShadowModelling(RandomQueries),12435,0,0.49,0,0.5
dpctgan,ShadowModelling(RandomQueries),12435,1,0.52,1,0.5
dpctgan,ShadowModelling(RandomQueries),12435,0,0.34,0,0.5
dpctgan,ShadowModelling(RandomQueries),12435,1,0.51,1,0.5
dpctgan,ShadowModelling(RandomQueries),12435,0,0.31,0,0.5
dpctgan,ShadowModelling(RandomQueries),12435,1,0.33,0,0.5
dpctgan,ShadowModelling(RandomQueries),12435,0,0.68,1,0.5
dpctgan,ShadowModelling(RandomQueries),12435,1,0.42,0,0.5
dpctgan,ShadowModelling(RandomQueries),12435,0,0.41,0,0.5
dpctgan,ShadowModelling(RandomQueries),12435,1,0.41,0,0.5
dpctgan,ShadowModelling(RandomQueries),12435,0,0.45,0,0.5
dpctgan,ShadowModelling(RandomQueries),12435,1,0.41,0,0.5
dpctgan,ShadowModelling(RandomQueries),12435,0,0.4,0,0.5
dpctgan,ShadowModelling(RandomQueries),12435,1,0.42,0,0.5
dpctgan,ShadowModelling(RandomQueries),12435,0,0.49,0,0.5
dpctgan,ShadowModelling(RandomQueries),12435,1,0.6,1,0.5
dpctgan,ShadowModelling(RandomQueries),12435,0,0.49,0,0.5
dpctgan,ShadowModelling(RandomQueries),12435,1,0.59,1,0.5
dpctgan,ShadowModelling(RandomQueries),12435,0,0.51,1,0.5
dpctgan,ShadowModelling(RandomQueries),12435,1,0.48,0,0.5
dpctgan,ShadowModelling(RandomQueries),12435,0,0.57,1,0.5
dpctgan,ShadowModelling(RandomQueries),12435,1,0.51,1,0.5
dpctgan,ShadowModelling(RandomQueries),12435,0,0.52,1,0.5
dpctgan,ShadowModelling(RandomQueries),12435,1,0.71,1,0.5
dpctgan,ShadowModelling(RandomQueries),12435,0,0.46,0,0.5
dpctgan,ShadowModelling(RandomQueries),12435,1,0.62,1,0.5
dpctgan,ShadowModelling(RandomQueries),12435,0,0.61,1,0.5
dpctgan,ShadowModelling(RandomQueries),12435,1,0.42,0,0.5
dpctgan,ShadowModelling(RandomQueries),12435,0,0.4,0,0.5
dpctgan,ShadowModelling(RandomQueries),12435,1,0.38,0,0.5
dpctgan,ShadowModelling(RandomQueries),12435,0,0.41,0,0.5
dpctgan,ShadowModelling(RandomQueries),12435,1,0.43,0,0.5
dpctgan,ShadowModelling(RandomQueries),12435,0,0.37,0,0.5
dpctgan,ShadowModelling(RandomQueries),12435,1,0.54,1,0.5
dpctgan,ShadowModelling(RandomQueries),12435,0,0.42,0,0.5
dpctgan,ShadowModelling(RandomQueries),12435,1,0.51,1,0.5
dpctgan,ShadowModelling(RandomQueries),12435,0,0.49,0,0.5
dpctgan,ShadowModelling(RandomQueries),12435,1,0.78,1,0.5
dpctgan,ShadowModelling(RandomQueries),12435,0,0.36,0,0.5
dpctgan,ShadowModelling(RandomQueries),12435,1,0.65,1,0.5
dpctgan,ShadowModelling(RandomQueries),12435,0,0.46,0,0.5
dpctgan,ShadowModelling(RandomQueries),12435,1,0.5,0,0.5
dpctgan,ShadowModelling(RandomQueries),12435,0,0.44,0,0.5
dpctgan,ShadowModelling(RandomQueries),12435,1,0.4,0,0.5
dpctgan,ShadowModelling(RandomQueries),12435,0,0.61,1,0.5
dpctgan,ShadowModelling(RandomQueries),12435,1,0.64,1,0.5
dpctgan,ShadowModelling(RandomQueries),12435,0,0.55,1,0.5
dpctgan,ShadowModelling(RandomQueries),12435,1,0.52,1,0.5
dpctgan,ShadowModelling(RandomQueries),12435,0,0.45,0,0.5
dpctgan,ShadowModelling(RandomQueries),12435,1,0.35,0,0.5
dpctgan,ShadowModelling(RandomQueries),12435,0,0.48,0,0.5
dpctgan,ShadowModelling(RandomQueries),12435,1,0.63,1,0.5
dpctgan,ShadowModelling(RandomQueries),12435,0,0.53,1,0.5
dpctgan,ShadowModelling(RandomQueries),12435,1,0.46,0,0.5
dpctgan,ShadowModelling(RandomQueries),12435,0,0.27,0,0.5
dpctgan,ShadowModelling(RandomQueries),12435,1,0.43,0,0.5
dpctgan,ShadowModelling(RandomQueries),12435,0,0.57,1,0.5
dpctgan,ShadowModelling(RandomQueries),12435,1,0.44,0,0.5
dpctgan,ShadowModelling(RandomQueries),12435,0,0.52,1,0.5
dpctgan,ShadowModelling(RandomQueries),12435,1,0.51,1,0.5
dpctgan,ShadowModelling(RandomQueries),12435,0,0.71,1,0.5
dpctgan,ShadowModelling(RandomQueries),12435,1,0.38,0,0.5
dpctgan,ShadowModelling(RandomQueries),12435,0,0.28,0,0.5
dpctgan,ShadowModelling(RandomQueries),12435,1,0.48,0,0.5
dpctgan,ShadowModelling(RandomQueries),12435,0,0.43,0,0.5
dpctgan,ShadowModelling(RandomQueries),12435,1,0.69,1,0.5
dpctgan,ShadowModelling(RandomQueries),12435,0,0.39,0,0.5
dpctgan,ShadowModelling(RandomQueries),12435,1,0.6,1,0.5
dpctgan,ShadowModelling(RandomQueries),12435,0,0.53,1,0.5
dpctgan,ShadowModelling(RandomQueries),12435,1,0.58,1,0.5
dpctgan,ShadowModelling(RandomQueries),12435,0,0.45,0,0.5
dpctgan,ShadowModelling(RandomQueries),12435,1,0.5,0,0.5
dpctgan,ShadowModelling(RandomQueries),12435,0,0.45,0,0.5
dpctgan,ShadowModelling(RandomQueries),12435,1,0.33,0,0.5
dpctgan,ShadowModelling(RandomQueries),12435,0,0.45,0,0.5
dpctgan,ShadowModelling(RandomQueries),12435,1,0.7,1,0.5
dpctgan,ShadowModelling(RandomQueries),12435,0,0.49,0,0.5
dpctgan,ShadowModelling(RandomQueries),12435,1,0.43,0,0.5
dpctgan,ShadowModelling(RandomQueries),12435,0,0.38,0,0.5
dpctgan,ShadowModelling(RandomQueries),12435,1,0.78,1,0.5
dpctgan,ShadowModelling(RandomQueries),12435,0,0.3,0,0.5
dpctgan,ShadowModelling(RandomQueries),12435,1,0.59,1,0.5
dpctgan,ShadowModelling(RandomQueries),12435,0,0.49,0,0.5
dpctgan,ShadowModelling(RandomQueries),12435,1,0.45,0,0.5
dpctgan,ShadowModelling(RandomQueries),12435,0,0.6,1,0.5
dpctgan,ShadowModelling(RandomQueries),12435,1,0.62,1,0.5
dpctgan,ShadowModelling(RandomQueries),12435,0,0.37,0,0.5
dpctgan,ShadowModelling(RandomQueries),12435,1,0.55,1,0.5
dpctgan,ShadowModelling(RandomQueries),12435,0,0.29,0,0.5
dpctgan,ShadowModelling(RandomQueries),12435,1,0.48,0,0.5
dpctgan,ShadowModelling(RandomQueries),12435,0,0.47,0,0.5
dpctgan,ShadowModelling(RandomQueries),12435,1,0.46,0,0.5
dpctgan,ShadowModelling(RandomQueries),12435,0,0.4,0,0.5
dpctgan,ShadowModelling(RandomQueries),12435,1,0.27,0,0.5
dpctgan,ShadowModelling(RandomQueries),12435,0,0.4,0,0.5
dpctgan,ShadowModelling(RandomQueries),12435,1,0.48,0,0.5
dpctgan,ShadowModelling(RandomQueries),12435,0,0.63,1,0.5
dpctgan,ShadowModelling(RandomQueries),12435,1,0.34,0,0.5
dpctgan,ShadowModelling(RandomQueries),12435,0,0.64,1,0.5
dpctgan,ShadowModelling(RandomQueries),12435,1,0.52,1,0.5
dpctgan,ShadowModelling(RandomQueries),12435,0,0.39,0,0.5
dpctgan,ShadowModelling(RandomQueries),12435,1,0.57,1,0.5
dpctgan,ShadowModelling(RandomQueries),12435,0,0.5,0,0.5
dpctgan,ShadowModelling(RandomQueries),12435,1,0.47,0,0.5
dpctgan,ShadowModelling(RandomQueries),12435,0,0.54,1,0.5
dpctgan,ShadowModelling(RandomQueries),12435,1,0.49,0,0.5
dpctgan,ShadowModelling(RandomQueries),12435,0,0.5,0,0.5
dpctgan,ShadowModelling(RandomQueries),12435,1,0.53,1,0.5
dpctgan,ShadowModelling(RandomQueries),12435,0,0.62,1,0.5
dpctgan,ShadowModelling(RandomQueries),12435,1,0.6,1,0.5
dpctgan,ShadowModelling(RandomQueries),12435,0,0.55,1,0.5
dpctgan,ShadowModelling(RandomQueries),12435,1,0.38,0,0.5
dpctgan,ShadowModelling(RandomQueries),12435,0,0.28,0,0.5
dpctgan,ShadowModelling(RandomQueries),12435,1,0.54,1,0.5
dpctgan,ShadowModelling(RandomQueries),12435,0,0.6,1,0.5
dpctgan,ShadowModelling(RandomQueries),12435,1,0.49,0,0.5
dpctgan,ShadowModelling(RandomQueries),12435,0,0.62,1,0.5
dpctgan,ShadowModelling(RandomQueries),12435,1,0.63,1,0.5
dpctgan,ShadowModelling(RandomQueries),12435,0,0.43,0,0.5
dpctgan,ShadowModelling(RandomQueries),12435,1,0.51,1,0.5
dpctgan,ShadowModelling(RandomQueries),12435,0,0.6,1,0.5
dpctgan,ShadowModelling(RandomQueries),12435,1,0.53,1,0.5
dpctgan,ShadowModelling(RandomQueries),12435,0,0.61,1,0.5
dpctgan,ShadowModelling(RandomQueries),12435,1,0.53,1,0.5
dpctgan,ShadowModelling(RandomQueries),12435,0,0.6,1,0.5
dpctgan,ShadowModelling(RandomQueries),12435,1,0.53,1,0.5
dpctgan,ShadowModelling(RandomQueries),12435,0,0.59,1,0.5
dpctgan,ShadowModelling(RandomQueries),12435,1,0.46,0,0.5
dpctgan,ShadowModelling(RandomQueries),12435,0,0.69,1,0.5
dpctgan,ShadowModelling(RandomQueries),12435,1,0.28,0,0.5
dpctgan,ShadowModelling(RandomQueries),12435,0,0.32,0,0.5
dpctgan,ShadowModelling(RandomQueries),12435,1,0.32,0,0.5
dpctgan,ShadowModelling(RandomQueries),12435,0,0.69,1,0.5
dpctgan,ShadowModelling(RandomQueries),12435,1,0.54,1,0.5
dpctgan,ShadowModelling(RandomQueries),12435,0,0.43,0,0.5
dpctgan,ShadowModelling(RandomQueries),12435,1,0.33,0,0.5
dpctgan,ShadowModelling(RandomQueries),12435,0,0.6,1,0.5
dpctgan,ShadowModelling(RandomQueries),12435,1,0.65,1,0.5
dpctgan,ShadowModelling(RandomQueries),12435,0,0.51,1,0.5
dpctgan,ShadowModelling(RandomQueries),12435,1,0.41,0,0.5
dpctgan,ShadowModelling(RandomQueries),12435,0,0.42,0,0.5
dpctgan,ShadowModelling(RandomQueries),12435,1,0.56,1,0.5
dpctgan,ShadowModelling(RandomQueries),12435,0,0.44,0,0.5
dpctgan,ShadowModelling(RandomQueries),12435,1,0.56,1,0.5
dpctgan,ShadowModelling(RandomQueries),12435,0,0.65,1,0.5
dpctgan,ShadowModelling(RandomQueries),12435,1,0.53,1,0.5
dpctgan,ShadowModelling(RandomQueries),12435,0,0.34,0,0.5
dpctgan,ShadowModelling(RandomQueries),12435,1,0.44,0,0.5
dpctgan,ShadowModelling(RandomQueries),12435,0,0.54,1,0.5
dpctgan,ShadowModelling(RandomQueries),12435,1,0.54,1,0.5
dpctgan,ShadowModelling(RandomQueries),12435,0,0.75,1,0.5
dpctgan,ShadowModelling(RandomQueries),12435,1,0.63,1,0.5
dpctgan,ShadowModelling(RandomQueries),12435,0,0.47,0,0.5
dpctgan,ShadowModelling(RandomQueries),12435,1,0.66,1,0.5
dpctgan,ShadowModelling(RandomQueries),12435,0,0.36,0,0.5
dpctgan,ShadowModelling(RandomQueries),12435,1,0.39,0,0.5
dpctgan,ShadowModelling(RandomQueries),12435,0,0.58,1,0.5
dpctgan,ShadowModelling(RandomQueries),12435,1,0.61,1,0.5
dpctgan,ShadowModelling(RandomQueries),12435,0,0.44,0,0.5
dpctgan,ShadowModelling(RandomQueries),12435,1,0.55,1,0.5
dpctgan,ShadowModelling(RandomQueries),12435,0,0.58,1,0.5
dpctgan,ShadowModelling(RandomQueries),12435,1,0.52,1,0.5
dpctgan,ShadowModelling(RandomQueries),12435,0,0.45,0,0.5
dpctgan,ShadowModelling(RandomQueries),12435,1,0.26,0,0.5
dpctgan,ShadowModelling(RandomQueries),12435,0,0.36,0,0.5
dpctgan,ShadowModelling(RandomQueries),12435,1,0.52,1,0.5
dpctgan,ShadowModelling(RandomQueries),12435,0,0.37,0,0.5
dpctgan,ShadowModelling(RandomQueries),12435,1,0.56,1,0.5
dpctgan,ShadowModelling(RandomQueries),12435,0,0.41,0,0.5
dpctgan,ShadowModelling(RandomQueries),12435,1,0.25,0,0.5
dpctgan,ShadowModelling(RandomQueries),12435,0,0.52,1,0.5
dpctgan,ShadowModelling(RandomQueries),12435,1,0.28,0,0.5
dpctgan,ShadowModelling(RandomQueries),12435,0,0.38,0,0.5
dpctgan,ShadowModelling(RandomQueries),12435,1,0.6,1,0.5
dpctgan,ShadowModelling(RandomQueries),12435,0,0.34,0,0.5
dpctgan,ShadowModelling(RandomQueries),12435,1,0.45,0,0.5
dpctgan,ShadowModelling(RandomQueries),12435,0,0.53,1,0.5
dpctgan,ShadowModelling(RandomQueries),12435,1,0.39,0,0.5
dpctgan,ShadowModelling(RandomQueries),12435,0,0.49,0,0.5
dpctgan,ShadowModelling(RandomQueries),12435,1,0.54,1,0.5
dpctgan,ShadowModelling(RandomQueries),12435,0,0.64,1,0.5
dpctgan,ShadowModelling(RandomQueries),12435,1,0.66,1,0.5
dpctgan,ShadowModelling(RandomQueries),12435,0,0.48,0,0.5
dpctgan,ShadowModelling(RandomQueries),12435,1,0.48,0,0.5
dpctgan,ShadowModelling(RandomQueries),12435,0,0.43,0,0.5
dpctgan,ShadowModelling(RandomQueries),12435,1,0.54,1,0.5
dpctgan,ShadowModelling(RandomQueries),12435,0,0.52,1,0.5
dpctgan,ShadowModelling(RandomQueries),12435,1,0.36,0,0.5
dpctgan,ShadowModelling(RandomQueries),12435,0,0.44,0,0.5
dpctgan,ShadowModelling(RandomQueries),12435,1,0.57,1,0.5
dpctgan,ShadowModelling(RandomQueries),12435,0,0.6,1,0.5
dpctgan,ShadowModelling(RandomQueries),12435,1,0.55,1,0.5
dpctgan,ShadowModelling(RandomQueries),12435,0,0.36,0,0.5
dpctgan,ShadowModelling(RandomQueries),12435,1,0.32,0,0.5
dpctgan,ShadowModelling(RandomQueries),12435,0,0.69,1,0.5
dpctgan,ShadowModelling(RandomQueries),12435,1,0.31,0,0.5
dpctgan,ShadowModelling(RandomQueries),12435,0,0.36,0,0.5
dpctgan,ShadowModelling(RandomQueries),12435,1,0.54,1,0.5
dpctgan,ShadowModelling(RandomQueries),12435,0,0.46,0,0.5
dpctgan,ShadowModelling(RandomQueries),12435,1,0.27,0,0.5
dpctgan,ShadowModelling(RandomQueries),12435,0,0.34,0,0.5
dpctgan,ShadowModelling(RandomQueries),12435,1,0.54,1,0.5
dpctgan,ShadowModelling(RandomQueries),12435,0,0.53,1,0.5
dpctgan,ShadowModelling(RandomQueries),12435,1,0.5,0,0.5
dpctgan,ShadowModelling(RandomQueries),12435,0,0.49,0,0.5
dpctgan,ShadowModelling(RandomQueries),12435,1,0.63,1,0.5
dpctgan,ShadowModelling(RandomQueries),12435,0,0.51,1,0.5
dpctgan,ShadowModelling(RandomQueries),12435,1,0.67,1,0.5
dpctgan,ShadowModelling(RandomQueries),12435,0,0.36,0,0.5
dpctgan,ShadowModelling(RandomQueries),12435,1,0.45,0,0.5
dpctgan,ShadowModelling(RandomQueries),12435,0,0.49,0,0.5
dpctgan,ShadowModelling(RandomQueries),12435,1,0.41,0,0.5
dpctgan,ShadowModelling(RandomQueries),12435,0,0.6,1,0.5
dpctgan,ShadowModelling(RandomQueries),12435,1,0.73,1,0.5
dpctgan,ShadowModelling(RandomQueries),12435,0,0.61,1,0.5
dpctgan,ShadowModelling(RandomQueries),12435,1,0.49,0,0.5
dpctgan,ShadowModelling(RandomQueries),12435,0,0.51,1,0.5
dpctgan,ShadowModelling(RandomQueries),12435,1,0.58,1,0.5
dpctgan,ShadowModelling(RandomQueries),12435,0,0.57,1,0.5
dpctgan,ShadowModelling(RandomQueries),12435,1,0.55,1,0.5
dpctgan,ShadowModelling(RandomQueries),12435,0,0.49,0,0.5
dpctgan,ShadowModelling(RandomQueries),12435,1,0.34,0,0.5
dpctgan,ShadowModelling(RandomQueries),12435,0,0.42,0,0.5
dpctgan,ShadowModelling(RandomQueries),12435,1,0.55,1,0.5
dpctgan,ShadowModelling(RandomQueries),12435,0,0.64,1,0.5
dpctgan,ShadowModelling(RandomQueries),12435,1,0.49,0,0.5
dpctgan,ShadowModelling(RandomQueries),12435,0,0.42,0,0.5
dpctgan,ShadowModelling(RandomQueries),12435,1,0.46,0,0.5
dpctgan,ShadowModelling(RandomQueries),12435,0,0.57,1,0.5
dpctgan,ShadowModelling(RandomQueries),12435,1,0.28,0,0.5
dpctgan,ShadowModelling(RandomQueries),12435,0,0.25,0,0.5
dpctgan,ShadowModelling(RandomQueries),12435,1,0.42,0,0.5
dpctgan,ShadowModelling(RandomQueries),12435,0,0.48,0,0.5
dpctgan,ShadowModelling(RandomQueries),12435,1,0.4,0,0.5
dpctgan,ShadowModelling(RandomQueries),12435,0,0.48,0,0.5
dpctgan,ShadowModelling(RandomQueries),12435,1,0.43,0,0.5
dpctgan,ShadowModelling(RandomQueries),12435,0,0.54,1,0.5
dpctgan,ShadowModelling(RandomQueries),12435,1,0.57,1,0.5
dpctgan,ShadowModelling(RandomQueries),12435,0,0.53,1,0.5
dpctgan,ShadowModelling(RandomQueries),12435,1,0.51,1,0.5
dpctgan,ShadowModelling(RandomQueries),12435,0,0.48,0,0.5
dpctgan,ShadowModelling(RandomQueries),12435,1,0.68,1,0.5
dpctgan,ShadowModelling(RandomQueries),12435,0,0.48,0,0.5
dpctgan,ShadowModelling(RandomQueries),12435,1,0.55,1,0.5
dpctgan,ShadowModelling(RandomQueries),12435,0,0.34,0,0.5
dpctgan,ShadowModelling(RandomQueries),12435,1,0.37,0,0.5
dpctgan,ShadowModelling(RandomQueries),12435,0,0.51,1,0.5
dpctgan,ShadowModelling(RandomQueries),12435,1,0.45,0,0.5
dpctgan,ShadowModelling(RandomQueries),12435,0,0.53,1,0.5
dpctgan,ShadowModelling(RandomQueries),12435,1,0.52,1,0.5
dpctgan,ShadowModelling(RandomQueries),12435,0,0.59,1,0.5
dpctgan,ShadowModelling(RandomQueries),12435,1,0.45,0,0.5
dpctgan,ShadowModelling(RandomQueries),12435,0,0.61,1,0.5
dpctgan,ShadowModelling(RandomQueries),12435,1,0.39,0,0.5
dpctgan,ShadowModelling(RandomQueries),12435,0,0.52,1,0.5
dpctgan,ShadowModelling(RandomQueries),12435,1,0.57,1,0.5
dpctgan,ShadowModelling(RandomQueries),12435,0,0.52,1,0.5
dpctgan,ShadowModelling(RandomQueries),12435,1,0.38,0,0.5
dpctgan,ShadowModelling(RandomQueries),12435,0,0.55,1,0.5
dpctgan,ShadowModelling(RandomQueries),12435,1,0.5,0,0.5
dpctgan,ShadowModelling(RandomQueries),12435,0,0.46,0,0.5
dpctgan,ShadowModelling(RandomQueries),12435,1,0.55,1,0.5
dpctgan,ShadowModelling(RandomQueries),12435,0,0.49,0,0.5
dpctgan,ShadowModelling(RandomQueries),12435,1,0.52,1,0.5
dpctgan,ShadowModelling(RandomQueries),12435,0,0.66,1,0.5
dpctgan,ShadowModelling(RandomQueries),12435,1,0.48,0,0.5
dpctgan,ShadowModelling(RandomQueries),12435,0,0.33,0,0.5
dpctgan,ShadowModelling(RandomQueries),12435,1,0.42,0,0.5
dpctgan,ShadowModelling(RandomQueries),12435,0,0.39,0,0.5
dpctgan,ShadowModelling(RandomQueries),12435,1,0.49,0,0.5
dpctgan,ShadowModelling(RandomQueries),12435,0,0.45,0,0.5
dpctgan,ShadowModelling(RandomQueries),12435,1,0.45,0,0.5
dpctgan,ShadowModelling(RandomQueries),12435,0,0.54,1,0.5
dpctgan,ShadowModelling(RandomQueries),12435,1,0.48,0,0.5
dpctgan,ShadowModelling(RandomQueries),12435,0,0.36,0,0.5
dpctgan,ShadowModelling(RandomQueries),12435,1,0.69,1,0.5
dpctgan,ShadowModelling(RandomQueries),12435,0,0.58,1,0.5
dpctgan,ShadowModelling(RandomQueries),12435,1,0.48,0,0.5
dpctgan,ShadowModelling(RandomQueries),12435,0,0.63,1,0.5
dpctgan,ShadowModelling(RandomQueries),12435,1,0.55,1,0.5
dpctgan,ShadowModelling(RandomQueries),12435,0,0.44,0,0.5
dpctgan,ShadowModelling(RandomQueries),12435,1,0.08,0,0.5
dpctgan,ShadowModelling(RandomQueries),12435,0,0.47,0,0.5
dpctgan,ShadowModelling(RandomQueries),12435,1,0.44,0,0.5
dpctgan,ShadowModelling(RandomQueries),12435,0,0.54,1,0.5
dpctgan,ShadowModelling(RandomQueries),12435,1,0.45,0,0.5
dpctgan,ShadowModelling(RandomQueries),12435,0,0.46,0,0.5
dpctgan,ShadowModelling(RandomQueries),12435,1,0.48,0,0.5
dpctgan,ShadowModelling(RandomQueries),12435,0,0.61,1,0.5
dpctgan,ShadowModelling(RandomQueries),12435,1,0.42,0,0.5
dpctgan,ShadowModelling(RandomQueries),12435,0,0.52,1,0.5
dpctgan,ShadowModelling(RandomQueries),12435,1,0.63,1,0.5
dpctgan,ShadowModelling(RandomQueries),12435,0,0.56,1,0.5
dpctgan,ShadowModelling(RandomQueries),12435,1,0.62,1,0.5
dpctgan,ShadowModelling(RandomQueries),12435,0,0.61,1,0.5
dpctgan,ShadowModelling(RandomQueries),12435,1,0.52,1,0.5
dpctgan,ShadowModelling(RandomQueries),12435,0,0.52,1,0.5
dpctgan,ShadowModelling(RandomQueries),12435,1,0.44,0,0.5
dpctgan,ShadowModelling(RandomQueries),12435,0,0.6,1,0.5
dpctgan,ShadowModelling(RandomQueries),12435,1,0.37,0,0.5
dpctgan,ShadowModelling(RandomQueries),12435,0,0.7,1,0.5
dpctgan,ShadowModelling(RandomQueries),12435,1,0.65,1,0.5
dpctgan,ShadowModelling(RandomQueries),12435,0,0.47,0,0.5
dpctgan,ShadowModelling(RandomQueries),12435,1,0.65,1,0.5
dpctgan,ShadowModelling(RandomQueries),12435,0,0.5,0,0.5
dpctgan,ShadowModelling(RandomQueries),12435,1,0.55,1,0.5
dpctgan,ShadowModelling(RandomQueries),12435,0,0.52,1,0.5
dpctgan,ShadowModelling(RandomQueries),12435,1,0.65,1,0.5
dpctgan,ShadowModelling(RandomQueries),12435,0,0.46,0,0.5
dpctgan,ShadowModelling(RandomQueries),12435,1,0.63,1,0.5
dpctgan,ShadowModelling(RandomQueries),12435,0,0.46,0,0.5
dpctgan,ShadowModelling(RandomQueries),12435,1,0.43,0,0.5
dpctgan,ShadowModelling(RandomQueries),12435,0,0.49,0,0.5
dpctgan,ShadowModelling(RandomQueries),12435,1,0.26,0,0.5
dpctgan,ShadowModelling(RandomQueries),12435,0,0.5,0,0.5
dpctgan,ShadowModelling(RandomQueries),12435,1,0.4,0,0.5
dpctgan,ShadowModelling(RandomQueries),12435,0,0.44,0,0.5
dpctgan,ShadowModelling(RandomQueries),12435,1,0.53,1,0.5
dpctgan,ShadowModelling(RandomQueries),12435,0,0.67,1,0.5
dpctgan,ShadowModelling(RandomQueries),12435,1,0.62,1,0.5
dpctgan,ShadowModelling(RandomQueries),12435,0,0.26,0,0.5
dpctgan,ShadowModelling(RandomQueries),12435,1,0.55,1,0.5
dpctgan,ShadowModelling(RandomQueries),12435,0,0.52,1,0.5
dpctgan,ShadowModelling(RandomQueries),12435,1,0.33,0,0.5
dpctgan,ShadowModelling(RandomQueries),12435,0,0.53,1,0.5
dpctgan,ShadowModelling(RandomQueries),12435,1,0.57,1,0.5
dpctgan,ShadowModelling(RandomQueries),12435,0,0.36,0,0.5
dpctgan,ShadowModelling(RandomQueries),12435,1,0.56,1,0.5
dpctgan,ShadowModelling(RandomQueries),12435,0,0.59,1,0.5
dpctgan,ShadowModelling(RandomQueries),12435,1,0.39,0,0.5
dpctgan,ShadowModelling(RandomQueries),12435,0,0.56,1,0.5
dpctgan,ShadowModelling(RandomQueries),12435,1,0.38,0,0.5
dpctgan,ShadowModelling(RandomQueries),12435,0,0.53,1,0.5
dpctgan,ShadowModelling(RandomQueries),12435,1,0.62,1,0.5
dpctgan,ShadowModelling(RandomQueries),12435,0,0.49,0,0.5
dpctgan,ShadowModelling(RandomQueries),12435,1,0.72,1,0.5
dpctgan,ShadowModelling(RandomQueries),12435,0,0.39,0,0.5
dpctgan,ShadowModelling(RandomQueries),12435,1,0.57,1,0.5
dpctgan,ShadowModelling(RandomQueries),12435,0,0.72,1,0.5
dpctgan,ShadowModelling(RandomQueries),12435,1,0.57,1,0.5
dpctgan,ShadowModelling(RandomQueries),12435,0,0.4,0,0.5
dpctgan,ShadowModelling(RandomQueries),12435,1,0.48,0,0.5
dpctgan,ShadowModelling(RandomQueries),12435,0,0.65,1,0.5
dpctgan,ShadowModelling(RandomQueries),12435,1,0.44,0,0.5
dpctgan,ShadowModelling(RandomQueries),12435,0,0.34,0,0.5
dpctgan,ShadowModelling(RandomQueries),12435,1,0.34,0,0.5
dpctgan,ShadowModelling(RandomQueries),12435,0,0.53,1,0.5
dpctgan,ShadowModelling(RandomQueries),12435,1,0.3,0,0.5
dpctgan,ShadowModelling(RandomQueries),12435,0,0.39,0,0.5
dpctgan,ShadowModelling(RandomQueries),12435,1,0.56,1,0.5
dpctgan,ShadowModelling(RandomQueries),12435,0,0.47,0,0.5
dpctgan,ShadowModelling(RandomQueries),12435,1,0.59,1,0.5
dpctgan,ShadowModelling(RandomQueries),12435,0,0.36,0,0.5
dpctgan,ShadowModelling(RandomQueries),12435,1,0.51,1,0.5
dpctgan,ShadowModelling(RandomQueries),12435,0,0.63,1,0.5
dpctgan,ShadowModelling(RandomQueries),12435,1,0.54,1,0.5
dpctgan,ShadowModelling(RandomQueries),12435,0,0.37,0,0.5
dpctgan,ShadowModelling(RandomQueries),12435,1,0.34,0,0.5
dpctgan,ShadowModelling(RandomQueries),12435,0,0.7,1,0.5
dpctgan,ShadowModelling(RandomQueries),12435,1,0.34,0,0.5
dpctgan,ShadowModelling(RandomQueries),12435,0,0.32,0,0.5
dpctgan,ShadowModelling(RandomQueries),12435,1,0.37,0,0.5
dpctgan,ShadowModelling(RandomQueries),12435,0,0.69,1,0.5
dpctgan,ShadowModelling(RandomQueries),12435,1,0.59,1,0.5
dpctgan,ShadowModelling(RandomQueries),12435,0,0.51,1,0.5
dpctgan,ShadowModelling(RandomQueries),12435,1,0.36,0,0.5
dpctgan,ShadowModelling(RandomQueries),12435,0,0.53,1,0.5
dpctgan,ShadowModelling(RandomQueries),12435,1,0.3,0,0.5
dpctgan,ShadowModelling(RandomQueries),12435,0,0.51,1,0.5
dpctgan,ShadowModelling(RandomQueries),12435,1,0.41,0,0.5
dpctgan,ShadowModelling(RandomQueries),12435,0,0.49,0,0.5
dpctgan,ShadowModelling(RandomQueries),12435,1,0.68,1,0.5
dpctgan,ShadowModelling(RandomQueries),12435,0,0.62,1,0.5
dpctgan,ShadowModelling(RandomQueries),12435,1,0.52,1,0.5
dpctgan,ShadowModelling(RandomQueries),12435,0,0.37,0,0.5
dpctgan,ShadowModelling(RandomQueries),12435,1,0.48,0,0.5
dpctgan,ShadowModelling(RandomQueries),12435,0,0.41,0,0.5
dpctgan,ShadowModelling(RandomQueries),12435,1,0.52,1,0.5
dpctgan,ShadowModelling(RandomQueries),12435,0,0.5,0,0.5
dpctgan,ShadowModelling(RandomQueries),12435,1,0.54,1,0.5
dpctgan,ShadowModelling(RandomQueries),12435,0,0.61,1,0.5
dpctgan,ShadowModelling(RandomQueries),12435,1,0.5,0,0.5
dpctgan,ShadowModelling(RandomQueries),12435,0,0.49,0,0.5
dpctgan,ShadowModelling(RandomQueries),12435,1,0.43,0,0.5
dpctgan,ShadowModelling(RandomQueries),12435,0,0.34,0,0.5
dpctgan,ShadowModelling(RandomQueries),12435,1,0.57,1,0.5
dpctgan,ShadowModelling(RandomQueries),12435,0,0.54,1,0.5
dpctgan,ShadowModelling(RandomQueries),12435,1,0.59,1,0.5
dpctgan,ShadowModelling(RandomQueries),12435,0,0.26,0,0.5
dpctgan,ShadowModelling(RandomQueries),12435,1,0.58,1,0.5
dpctgan,ShadowModelling(RandomQueries),12435,0,0.33,0,0.5
dpctgan,ShadowModelling(RandomQueries),12435,1,0.47,0,0.5
dpctgan,ShadowModelling(RandomQueries),12435,0,0.51,1,0.5
dpctgan,ShadowModelling(RandomQueries),12435,1,0.41,0,0.5
dpctgan,ShadowModelling(RandomQueries),12435,0,0.53,1,0.5
dpctgan,ShadowModelling(RandomQueries),12435,1,0.49,0,0.5
dpctgan,ShadowModelling(RandomQueries),12435,0,0.46,0,0.5
dpctgan,ShadowModelling(RandomQueries),12435,1,0.6,1,0.5
dpctgan,ShadowModelling(RandomQueries),12435,0,0.57,1,0.5
dpctgan,ShadowModelling(RandomQueries),12435,1,0.51,1,0.5
dpctgan,ShadowModelling(RandomQueries),12435,0,0.56,1,0.5
dpctgan,ShadowModelling(RandomQueries),12435,1,0.59,1,0.5
dpctgan,ShadowModelling(RandomQueries),12435,0,0.51,1,0.5
dpctgan,ShadowModelling(RandomQueries),12435,1,0.37,0,0.5
dpctgan,ShadowModelling(RandomQueries),12435,0,0.41,0,0.5
dpctgan,ShadowModelling(RandomQueries),12435,1,0.29,0,0.5
dpctgan,ShadowModelling(RandomQueries),12435,0,0.42,0,0.5
dpctgan,ShadowModelling(RandomQueries),12435,1,0.34,0,0.5
dpctgan,ShadowModelling(RandomQueries),12435,0,0.76,1,0.5
dpctgan,ShadowModelling(RandomQueries),12435,1,0.47,0,0.5
dpctgan,ShadowModelling(RandomQueries),12435,0,0.37,0,0.5
dpctgan,ShadowModelling(RandomQueries),12435,1,0.41,0,0.5
dpctgan,ShadowModelling(RandomQueries),12435,0,0.74,1,0.5
dpctgan,ShadowModelling(RandomQueries),12435,1,0.59,1,0.5
dpctgan,ShadowModelling(RandomQueries),12435,0,0.5,0,0.5
dpctgan,ShadowModelling(RandomQueries),12435,1,0.45,0,0.5
dpctgan,ShadowModelling(RandomQueries),12435,0,0.54,1,0.5
dpctgan,ShadowModelling(RandomQueries),12435,1,0.58,1,0.5
dpctgan,ShadowModelling(RandomQueries),12435,0,0.44,0,0.5
dpctgan,ShadowModelling(RandomQueries),12435,1,0.45,0,0.5
dpctgan,ShadowModelling(RandomQueries),12435,0,0.62,1,0.5
dpctgan,ShadowModelling(RandomQueries),12435,1,0.57,1,0.5
dpctgan,ShadowModelling(RandomQueries),12435,0,0.55,1,0.5
dpctgan,ShadowModelling(RandomQueries),12435,1,0.36,0,0.5
dpctgan,ShadowModelling(RandomQueries),12435,0,0.44,0,0.5
dpctgan,ShadowModelling(RandomQueries),12435,1,0.36,0,0.5
dpctgan,ShadowModelling(RandomQueries),12435,0,0.21,0,0.5
dpctgan,ShadowModelling(RandomQueries),12435,1,0.32,0,0.5
dpctgan,ShadowModelling(RandomQueries),12435,0,0.37,0,0.5
dpctgan,ShadowModelling(RandomQueries),12435,1,0.59,1,0.5
dpctgan,ShadowModelling(RandomQueries),12435,0,0.47,0,0.5
dpctgan,ShadowModelling(RandomQueries),12435,1,0.38,0,0.5
dpctgan,ShadowModelling(RandomQueries),12435,0,0.49,0,0.5
dpctgan,ShadowModelling(RandomQueries),12435,1,0.61,1,0.5
dpctgan,ShadowModelling(RandomQueries),12435,0,0.47,0,0.5
dpctgan,ShadowModelling(RandomQueries),12435,1,0.54,1,0.5
dpctgan,ShadowModelling(RandomQueries),12435,0,0.5,0,0.5
dpctgan,ShadowModelling(RandomQueries),12435,1,0.46,0,0.5
dpctgan,ShadowModelling(RandomQueries),12435,0,0.49,0,0.5
dpctgan,ShadowModelling(RandomQueries),12435,1,0.38,0,0.5
dpctgan,ShadowModelling(RandomQueries),12435,0,0.34,0,0.5
dpctgan,ShadowModelling(RandomQueries),12435,1,0.41,0,0.5
dpctgan,ShadowModelling(RandomQueries),12435,0,0.47,0,0.5
dpctgan,ShadowModelling(RandomQueries),12435,1,0.49,0,0.5
dpctgan,ShadowModelling(RandomQueries),12435,0,0.45,0,0.5
dpctgan,ShadowModelling(RandomQueries),12435,1,0.54,1,0.5
dpctgan,ShadowModelling(RandomQueries),12435,0,0.65,1,0.5
dpctgan,ShadowModelling(RandomQueries),12435,1,0.45,0,0.5
dpctgan,ShadowModelling(RandomQueries),12435,0,0.41,0,0.5
dpctgan,ShadowModelling(RandomQueries),12435,1,0.52,1,0.5
dpctgan,ShadowModelling(RandomQueries),12435,0,0.41,0,0.5
dpctgan,ShadowModelling(RandomQueries),12435,1,0.52,1,0.5
dpctgan,ShadowModelling(RandomQueries),12435,0,0.46,0,0.5
dpctgan,ShadowModelling(RandomQueries),12435,1,0.4,0,0.5
dpctgan,ShadowModelling(RandomQueries),12435,0,0.51,1,0.5
dpctgan,ShadowModelling(RandomQueries),12435,1,0.4,0,0.5
dpctgan,ShadowModelling(RandomQueries),12435,0,0.53,1,0.5
dpctgan,ShadowModelling(RandomQueries),12435,1,0.49,0,0.5
dpctgan,ShadowModelling(RandomQueries),12435,0,0.53,1,0.5
dpctgan,ShadowModelling(RandomQueries),12435,1,0.45,0,0.5
dpctgan,ShadowModelling(RandomQueries),12435,0,0.54,1,0.5
dpctgan,ShadowModelling(RandomQueries),12435,1,0.53,1,0.5
dpctgan,ShadowModelling(RandomQueries),12435,0,0.51,1,0.5
dpctgan,ShadowModelling(RandomQueries),12435,1,0.47,0,0.5
dpctgan,ShadowModelling(RandomQueries),12435,0,0.26,0,0.5
dpctgan,ShadowModelling(RandomQueries),12435,1,0.37,0,0.5
dpctgan,ShadowModelling(RandomQueries),12435,0,0.52,1,0.5
dpctgan,ShadowModelling(RandomQueries),12435,1,0.66,1,0.5
dpctgan,ShadowModelling(RandomQueries),12435,0,0.61,1,0.5
dpctgan,ShadowModelling(RandomQueries),12435,1,0.5,0,0.5
dpctgan,ShadowModelling(RandomQueries),12435,0,0.48,0,0.5
dpctgan,ShadowModelling(RandomQueries),12435,1,0.22,0,0.5
dpctgan,ShadowModelling(RandomQueries),12435,0,0.35,0,0.5
dpctgan,ShadowModelling(RandomQueries),12435,1,0.41,0,0.5
dpctgan,ShadowModelling(RandomQueries),12435,0,0.45,0,0.5
dpctgan,ShadowModelling(RandomQueries),12435,1,0.57,1,0.5
dpctgan,ShadowModelling(RandomQueries),12435,0,0.45,0,0.5
dpctgan,ShadowModelling(RandomQueries),12435,1,0.78,1,0.5
dpctgan,ShadowModelling(RandomQueries),12435,0,0.52,1,0.5
dpctgan,ShadowModelling(RandomQueries),12435,1,0.6,1,0.5
dpctgan,ShadowModelling(RandomQueries),12435,0,0.49,0,0.5
dpctgan,ShadowModelling(RandomQueries),12435,1,0.62,1,0.5
dpctgan,ShadowModelling(RandomQueries),12435,0,0.34,0,0.5
dpctgan,ShadowModelling(RandomQueries),12435,1,0.51,1,0.5
dpctgan,ShadowModelling(RandomQueries),12435,0,0.44,0,0.5
dpctgan,ShadowModelling(RandomQueries),12435,1,0.45,0,0.5
dpctgan,ShadowModelling(RandomQueries),12435,0,0.6,1,0.5
dpctgan,ShadowModelling(RandomQueries),12435,1,0.62,1,0.5
dpctgan,ShadowModelling(RandomQueries),12435,0,0.52,1,0.5
dpctgan,ShadowModelling(RandomQueries),12435,1,0.4,0,0.5
dpctgan,ShadowModelling(RandomQueries),12435,0,0.26,0,0.5
dpctgan,ShadowModelling(RandomQueries),12435,1,0.37,0,0.5
dpctgan,ShadowModelling(RandomQueries),12435,0,0.38,0,0.5
dpctgan,ShadowModelling(RandomQueries),12435,1,0.57,1,0.5
dpctgan,ShadowModelling(RandomQueries),12435,0,0.44,0,0.5
dpctgan,ShadowModelling(RandomQueries),12435,1,0.46,0,0.5
dpctgan,ShadowModelling(RandomQueries),12435,0,0.6,1,0.5
dpctgan,ShadowModelling(RandomQueries),12435,1,0.61,1,0.5
dpctgan,ShadowModelling(RandomQueries),12435,0,0.34,0,0.5
dpctgan,ShadowModelling(RandomQueries),12435,1,0.49,0,0.5
dpctgan,ShadowModelling(RandomQueries),12435,0,0.35,0,0.5
dpctgan,ShadowModelling(RandomQueries),12435,1,0.32,0,0.5
dpctgan,ShadowModelling(RandomQueries),12435,0,0.63,1,0.5
dpctgan,ShadowModelling(RandomQueries),12435,1,0.45,0,0.5
dpctgan,ShadowModelling(RandomQueries),12435,0,0.53,1,0.5
dpctgan,ShadowModelling(RandomQueries),12435,1,0.69,1,0.5
dpctgan,ShadowModelling(RandomQueries),12435,0,0.54,1,0.5
dpctgan,ShadowModelling(RandomQueries),12435,1,0.41,0,0.5
dpctgan,ShadowModelling(RandomQueries),12435,0,0.76,1,0.5
dpctgan,ShadowModelling(RandomQueries),12435,1,0.62,1,0.5
dpctgan,ShadowModelling(RandomQueries),12435,0,0.51,1,0.5
dpctgan,ShadowModelling(RandomQueries),12435,1,0.35,0,0.5
dpctgan,ShadowModelling(RandomQueries),12435,0,0.56,1,0.5
dpctgan,ShadowModelling(RandomQueries),12435,1,0.69,1,0.5
dpctgan,ShadowModelling(RandomQueries),12435,0,0.6,1,0.5
dpctgan,ShadowModelling(RandomQueries),12435,1,0.5,0,0.5
dpctgan,ShadowModelling(RandomQueries),12435,0,0.18,0,0.5
dpctgan,ShadowModelling(RandomQueries),12435,1,0.59,1,0.5
dpctgan,ShadowModelling(RandomQueries),12435,0,0.44,0,0.5
dpctgan,ShadowModelling(RandomQueries),12435,1,0.53,1,0.5
dpctgan,ShadowModelling(RandomQueries),12435,0,0.36,0,0.5
dpctgan,ShadowModelling(RandomQueries),12435,1,0.55,1,0.5
dpctgan,ShadowModelling(RandomQueries),12435,0,0.58,1,0.5
dpctgan,ShadowModelling(RandomQueries),12435,1,0.57,1,0.5
dpctgan,ShadowModelling(RandomQueries),12435,0,0.53,1,0.5
dpctgan,ShadowModelling(RandomQueries),12435,1,0.53,1,0.5
dpctgan,ShadowModelling(RandomQueries),12435,0,0.46,0,0.5
dpctgan,ShadowModelling(RandomQueries),12435,1,0.53,1,0.5
dpctgan,ShadowModelling(RandomQueries),12435,0,0.66,1,0.5
dpctgan,ShadowModelling(RandomQueries),12435,1,0.52,1,0.5
dpctgan,ShadowModelling(RandomQueries),12435,0,0.37,0,0.5
dpctgan,ShadowModelling(RandomQueries),12435,1,0.51,1,0.5
dpctgan,ShadowModelling(RandomQueries),12435,0,0.48,0,0.5
dpctgan,ShadowModelling(RandomQueries),12435,1,0.5,0,0.5
dpctgan,ShadowModelling(RandomQueries),12435,0,0.38,0,0.5
dpctgan,ShadowModelling(RandomQueries),12435,1,0.5,0,0.5
dpctgan,ShadowModelling(RandomQueries),12435,0,0.51,1,0.5
dpctgan,ShadowModelling(RandomQueries),12435,1,0.56,1,0.5
dpctgan,ShadowModelling(RandomQueries),12435,0,0.31,0,0.5
dpctgan,ShadowModelling(RandomQueries),12435,1,0.43,0,0.5
dpctgan,ShadowModelling(RandomQueries),12435,0,0.52,1,0.5
dpctgan,ShadowModelling(RandomQueries),12435,1,0.68,1,0.5
dpctgan,ShadowModelling(RandomQueries),12435,0,0.57,1,0.5
dpctgan,ShadowModelling(RandomQueries),12435,1,0.47,0,0.5
dpctgan,ShadowModelling(RandomQueries),12435,0,0.43,0,0.5
dpctgan,ShadowModelling(RandomQueries),12435,1,0.61,1,0.5
dpctgan,ShadowModelling(RandomQueries),12435,0,0.43,0,0.5
dpctgan,ShadowModelling(RandomQueries),12435,1,0.64,1,0.5
dpctgan,ShadowModelling(RandomQueries),12435,0,0.47,0,0.5
dpctgan,ShadowModelling(RandomQueries),12435,1,0.44,0,0.5
dpctgan,ShadowModelling(RandomQueries),12435,0,0.58,1,0.5
dpctgan,ShadowModelling(RandomQueries),12435,1,0.42,0,0.5
dpctgan,ShadowModelling(RandomQueries),12435,0,0.52,1,0.5
dpctgan,ShadowModelling(RandomQueries),12435,1,0.53,1,0.5
dpctgan,ShadowModelling(RandomQueries),12435,0,0.66,1,0.5
dpctgan,ShadowModelling(RandomQueries),12435,1,0.67,1,0.5
dpctgan,ShadowModelling(RandomQueries),12435,0,0.27,0,0.5
dpctgan,ShadowModelling(RandomQueries),12435,1,0.26,0,0.5
dpctgan,ShadowModelling(RandomQueries),12435,0,0.29,0,0.5
dpctgan,ShadowModelling(RandomQueries),12435,1,0.59,1,0.5
dpctgan,ShadowModelling(RandomQueries),12435,0,0.46,0,0.5
dpctgan,ShadowModelling(RandomQueries),12435,1,0.65,1,0.5
dpctgan,ShadowModelling(RandomQueries),12435,0,0.59,1,0.5
dpctgan,ShadowModelling(RandomQueries),12435,1,0.5,0,0.5
dpctgan,ShadowModelling(RandomQueries),12435,0,0.43,0,0.5
dpctgan,ShadowModelling(RandomQueries),12435,1,0.7,1,0.5
dpctgan,ShadowModelling(RandomQueries),12435,0,0.57,1,0.5
dpctgan,ShadowModelling(RandomQueries),12435,1,0.71,1,0.5
dpctgan,ShadowModelling(RandomQueries),12435,0,0.54,1,0.5
dpctgan,ShadowModelling(RandomQueries),12435,1,0.48,0,0.5
dpctgan,ShadowModelling(RandomQueries),12435,0,0.63,1,0.5
dpctgan,ShadowModelling(RandomQueries),12435,1,0.48,0,0.5
dpctgan,ShadowModelling(RandomQueries),12435,0,0.3,0,0.5
dpctgan,ShadowModelling(RandomQueries),12435,1,0.58,1,0.5
dpctgan,ShadowModelling(RandomQueries),12435,0,0.58,1,0.5
dpctgan,ShadowModelling(RandomQueries),12435,1,0.46,0,0.5
dpctgan,ShadowModelling(RandomQueries),12435,0,0.55,1,0.5
dpctgan,ShadowModelling(RandomQueries),12435,1,0.27,0,0.5
dpctgan,ShadowModelling(RandomQueries),12435,0,0.38,0,0.5
dpctgan,ShadowModelling(RandomQueries),12435,1,0.4,0,0.5
dpctgan,ShadowModelling(RandomQueries),12435,0,0.47,0,0.5
dpctgan,ShadowModelling(RandomQueries),12435,1,0.47,0,0.5
dpctgan,ShadowModelling(RandomQueries),12435,0,0.52,1,0.5
dpctgan,ShadowModelling(RandomQueries),12435,1,0.53,1,0.5
dpctgan,ShadowModelling(RandomQueries),12435,0,0.57,1,0.5
dpctgan,ShadowModelling(RandomQueries),12435,1,0.39,0,0.5
dpctgan,ShadowModelling(RandomQueries),12435,0,0.53,1,0.5
dpctgan,ShadowModelling(RandomQueries),12435,1,0.69,1,0.5
dpctgan,ShadowModelling(RandomQueries),12435,0,0.67,1,0.5
dpctgan,ShadowModelling(RandomQueries),12435,1,0.6,1,0.5
dpctgan,ShadowModelling(RandomQueries),12435,0,0.49,0,0.5
dpctgan,ShadowModelling(RandomQueries),12435,1,0.52,1,0.5
dpctgan,ShadowModelling(RandomQueries),12435,0,0.62,1,0.5
dpctgan,ShadowModelling(RandomQueries),12435,1,0.35,0,0.5
dpctgan,ShadowModelling(RandomQueries),12435,0,0.69,1,0.5
dpctgan,ShadowModelling(RandomQueries),12435,1,0.42,0,0.5
dpctgan,ShadowModelling(RandomQueries),12435,0,0.66,1,0.5
dpctgan,ShadowModelling(RandomQueries),12435,1,0.7,1,0.5
dpctgan,ShadowModelling(RandomQueries),12435,0,0.32,0,0.5
dpctgan,ShadowModelling(RandomQueries),12435,1,0.45,0,0.5
dpctgan,ShadowModelling(RandomQueries),12435,0,0.54,1,0.5
dpctgan,ShadowModelling(RandomQueries),12435,1,0.47,0,0.5
dpctgan,ShadowModelling(RandomQueries),12435,0,0.64,1,0.5
dpctgan,ShadowModelling(RandomQueries),12435,1,0.65,1,0.5
dpctgan,ShadowModelling(RandomQueries),12435,0,0.55,1,0.5
dpctgan,ShadowModelling(RandomQueries),12435,1,0.28,0,0.5
dpctgan,ShadowModelling(RandomQueries),12435,0,0.33,0,0.5
dpctgan,ShadowModelling(RandomQueries),12435,1,0.47,0,0.5
dpctgan,ShadowModelling(RandomQueries),12435,0,0.62,1,0.5
dpctgan,ShadowModelling(RandomQueries),12435,1,0.62,1,0.5
dpctgan,ShadowModelling(RandomQueries),12435,0,0.45,0,0.5
dpctgan,ShadowModelling(RandomQueries),12435,1,0.44,0,0.5
dpctgan,ShadowModelling(RandomQueries),12435,0,0.24,0,0.5
dpctgan,ShadowModelling(RandomQueries),12435,1,0.6,1,0.5
dpctgan,ShadowModelling(RandomQueries),12435,0,0.5,0,0.5
dpctgan,ShadowModelling(RandomQueries),12435,1,0.48,0,0.5
dpctgan,ShadowModelling(RandomQueries),12435,0,0.5,0,0.5
dpctgan,ShadowModelling(RandomQueries),12435,1,0.39,0,0.5
dpctgan,ShadowModelling(RandomQueries),12435,0,0.57,1,0.5
dpctgan,ShadowModelling(RandomQueries),12435,1,0.57,1,0.5
dpctgan,ShadowModelling(RandomQueries),12435,0,0.46,0,0.5
dpctgan,ShadowModelling(RandomQueries),12435,1,0.48,0,0.5
dpctgan,ShadowModelling(RandomQueries),12435,0,0.64,1,0.5
dpctgan,ShadowModelling(RandomQueries),12435,1,0.72,1,0.5
dpctgan,ShadowModelling(RandomQueries),12435,0,0.27,0,0.5
dpctgan,ShadowModelling(RandomQueries),12435,1,0.37,0,0.5
dpctgan,ShadowModelling(RandomQueries),12435,0,0.66,1,0.5
dpctgan,ShadowModelling(RandomQueries),12435,1,0.44,0,0.5
dpctgan,ShadowModelling(RandomQueries),12435,0,0.35,0,0.5
dpctgan,ShadowModelling(RandomQueries),12435,1,0.26,0,0.5
dpctgan,ShadowModelling(RandomQueries),12435,0,0.42,0,0.5
dpctgan,ShadowModelling(RandomQueries),12435,1,0.48,0,0.5
dpctgan,ShadowModelling(RandomQueries),12435,0,0.45,0,0.5
dpctgan,ShadowModelling(RandomQueries),12435,1,0.38,0,0.5
dpctgan,ShadowModelling(RandomQueries),12435,0,0.7,1,0.5
dpctgan,ShadowModelling(RandomQueries),12435,1,0.47,0,0.5
dpctgan,ShadowModelling(RandomQueries),12435,0,0.38,0,0.5
dpctgan,ShadowModelling(RandomQueries),12435,1,0.39,0,0.5
dpctgan,ShadowModelling(RandomQueries),12435,0,0.57,1,0.5
dpctgan,ShadowModelling(RandomQueries),12435,1,0.29,0,0.5
dpctgan,ShadowModelling(RandomQueries),12435,0,0.38,0,0.5
dpctgan,ShadowModelling(RandomQueries),12435,1,0.56,1,0.5
dpctgan,ShadowModelling(RandomQueries),12435,0,0.4,0,0.5
dpctgan,ShadowModelling(RandomQueries),12435,1,0.57,1,0.5
dpctgan,ShadowModelling(RandomQueries),12435,0,0.43,0,0.5
dpctgan,ShadowModelling(RandomQueries),12435,1,0.53,1,0.5
dpctgan,ShadowModelling(RandomQueries),12435,0,0.49,0,0.5
dpctgan,ShadowModelling(RandomQueries),12435,1,0.36,0,0.5
dpctgan,ShadowModelling(RandomQueries),12435,0,0.43,0,0.5
dpctgan,ShadowModelling(RandomQueries),12435,1,0.31,0,0.5
dpctgan,ShadowModelling(RandomQueries),12435,0,0.43,0,0.5
dpctgan,ShadowModelling(RandomQueries),12435,1,0.42,0,0.5
dpctgan,ShadowModelling(RandomQueries),12435,0,0.64,1,0.5
dpctgan,ShadowModelling(RandomQueries),12435,1,0.59,1,0.5
dpctgan,ShadowModelling(RandomQueries),12435,0,0.54,1,0.5
dpctgan,ShadowModelling(RandomQueries),12435,1,0.32,0,0.5
dpctgan,ShadowModelling(RandomQueries),12435,0,0.45,0,0.5
dpctgan,ShadowModelling(RandomQueries),12435,1,0.71,1,0.5
dpctgan,ShadowModelling(RandomQueries),12435,0,0.55,1,0.5
dpctgan,ShadowModelling(RandomQueries),12435,1,0.43,0,0.5
dpctgan,ShadowModelling(RandomQueries),12435,0,0.5,0,0.5
dpctgan,ShadowModelling(RandomQueries),12435,1,0.56,1,0.5
dpctgan,ShadowModelling(RandomQueries),12435,0,0.29,0,0.5
dpctgan,ShadowModelling(RandomQueries),12435,1,0.61,1,0.5
dpctgan,ShadowModelling(RandomQueries),12435,0,0.48,0,0.5
dpctgan,ShadowModelling(RandomQueries),12435,1,0.32,0,0.5
dpctgan,ShadowModelling(RandomQueries),12435,0,0.4,0,0.5
dpctgan,ShadowModelling(RandomQueries),12435,1,0.48,0,0.5
dpctgan,ShadowModelling(RandomQueries),12435,0,0.48,0,0.5
dpctgan,ShadowModelling(RandomQueries),12435,1,0.65,1,0.5
dpctgan,ShadowModelling(RandomQueries),12435,0,0.51,1,0.5
dpctgan,ShadowModelling(RandomQueries),12435,1,0.44,0,0.5
dpctgan,ShadowModelling(RandomQueries),12435,0,0.58,1,0.5
dpctgan,ShadowModelling(RandomQueries),12435,1,0.51,1,0.5
dpctgan,ShadowModelling(RandomQueries),12435,0,0.64,1,0.5
dpctgan,ShadowModelling(RandomQueries),12435,1,0.64,1,0.5
dpctgan,ShadowModelling(RandomQueries),12435,0,0.65,1,0.5
dpctgan,ShadowModelling(RandomQueries),12435,1,0.39,0,0.5
dpctgan,ShadowModelling(RandomQueries),12435,0,0.48,0,0.5
dpctgan,ShadowModelling(RandomQueries),12435,1,0.52,1,0.5
dpctgan,ShadowModelling(RandomQueries),12435,0,0.49,0,0.5
dpctgan,ShadowModelling(RandomQueries),12435,1,0.41,0,0.5
dpctgan,ShadowModelling(RandomQueries),12435,0,0.61,1,0.5
dpctgan,ShadowModelling(RandomQueries),12435,1,0.35,0,0.5
dpctgan,ShadowModelling(RandomQueries),12435,0,0.55,1,0.5
dpctgan,ShadowModelling(RandomQueries),12435,1,0.46,0,0.5
dpctgan,ShadowModelling(RandomQueries),12435,0,0.48,0,0.5
dpctgan,ShadowModelling(RandomQueries),12435,1,0.55,1,0.5
dpctgan,ShadowModelling(RandomQueries),12435,0,0.56,1,0.5
dpctgan,ShadowModelling(RandomQueries),12435,1,0.47,0,0.5
dpctgan,ShadowModelling(RandomQueries),12435,0,0.44,0,0.5
dpctgan,ShadowModelling(RandomQueries),12435,1,0.47,0,0.5
dpctgan,ShadowModelling(RandomQueries),12435,0,0.6,1,0.5
dpctgan,ShadowModelling(RandomQueries),12435,1,0.44,0,0.5
dpctgan,ShadowModelling(RandomQueries),12435,0,0.59,1,0.5
dpctgan,ShadowModelling(RandomQueries),12435,1,0.61,1,0.5
dpctgan,ShadowModelling(RandomQueries),12435,0,0.51,1,0.5
dpctgan,ShadowModelling(RandomQueries),12435,1,0.5,0,0.5
dpctgan,ShadowModelling(RandomQueries),12435,0,0.45,0,0.5
dpctgan,ShadowModelling(RandomQueries),12435,1,0.49,0,0.5
dpctgan,ShadowModelling(RandomQueries),12435,0,0.46,0,0.5
dpctgan,ShadowModelling(RandomQueries),12435,1,0.39,0,0.5
dpctgan,ShadowModelling(RandomQueries),12435,0,0.25,0,0.5
dpctgan,ShadowModelling(RandomQueries),12435,1,0.36,0,0.5
dpctgan,ShadowModelling(RandomQueries),12435,0,0.32,0,0.5
dpctgan,ShadowModelling(RandomQueries),12435,1,0.64,1,0.5
dpctgan,ShadowModelling(RandomQueries),12435,0,0.51,1,0.5
dpctgan,ShadowModelling(RandomQueries),12435,1,0.54,1,0.5
dpctgan,ShadowModelling(RandomQueries),12435,0,0.38,0,0.5
dpctgan,ShadowModelling(RandomQueries),12435,1,0.42,0,0.5
dpctgan,ShadowModelling(RandomQueries),12435,0,0.27,0,0.5
dpctgan,ShadowModelling(RandomQueries),12435,1,0.4,0,0.5
dpctgan,ShadowModelling(RandomQueries),12435,0,0.47,0,0.5
dpctgan,ShadowModelling(RandomQueries),12435,1,0.49,0,0.5
dpctgan,ShadowModelling(RandomQueries),12435,0,0.44,0,0.5
dpctgan,ShadowModelling(RandomQueries),12435,1,0.54,1,0.5
dpctgan,ShadowModelling(RandomQueries),12435,0,0.51,1,0.5
dpctgan,ShadowModelling(RandomQueries),12435,1,0.63,1,0.5
dpctgan,ShadowModelling(RandomQueries),12435,0,0.6,1,0.5
dpctgan,ShadowModelling(RandomQueries),12435,1,0.58,1,0.5
dpctgan,ShadowModelling(RandomQueries),12435,0,0.39,0,0.5
dpctgan,ShadowModelling(RandomQueries),12435,1,0.54,1,0.5
dpctgan,ShadowModelling(RandomQueries),12435,0,0.44,0,0.5
dpctgan,ShadowModelling(RandomQueries),12435,1,0.5,0,0.5
dpctgan,ShadowModelling(RandomQueries),12435,0,0.51,1,0.5
dpctgan,ShadowModelling(RandomQueries),12435,1,0.59,1,0.5
dpctgan,ShadowModelling(RandomQueries),12435,0,0.61,1,0.5
dpctgan,ShadowModelling(RandomQueries),12435,1,0.57,1,0.5
dpctgan,ShadowModelling(RandomQueries),12435,0,0.43,0,0.5
dpctgan,ShadowModelling(RandomQueries),12435,1,0.52,1,0.5
dpctgan,ShadowModelling(RandomQueries),12435,0,0.49,0,0.5
dpctgan,ShadowModelling(RandomQueries),12435,1,0.44,0,0.5
dpctgan,ShadowModelling(RandomQueries),12435,0,0.38,0,0.5
dpctgan,ShadowModelling(RandomQueries),12435,1,0.48,0,0.5
dpctgan,ShadowModelling(RandomQueries),12435,0,0.53,1,0.5
dpctgan,ShadowModelling(RandomQueries),12435,1,0.42,0,0.5
dpctgan,ShadowModelling(RandomQueries),12435,0,0.39,0,0.5
dpctgan,ShadowModelling(RandomQueries),12435,1,0.49,0,0.5
dpctgan,ShadowModelling(RandomQueries),12435,0,0.53,1,0.5
dpctgan,ShadowModelling(RandomQueries),12435,1,0.52,1,0.5
dpctgan,ShadowModelling(RandomQueries),12435,0,0.56,1,0.5
dpctgan,ShadowModelling(RandomQueries),12435,1,0.58,1,0.5
dpctgan,ShadowModelling(RandomQueries),12435,0,0.54,1,0.5
dpctgan,ShadowModelling(RandomQueries),12435,1,0.5,0,0.5
dpctgan,ShadowModelling(RandomQueries),12435,0,0.49,0,0.5
dpctgan,ShadowModelling(RandomQueries),12435,1,0.51,1,0.5
dpctgan,ShadowModelling(RandomQueries),12435,0,0.53,1,0.5
dpctgan,ShadowModelling(RandomQueries),12435,1,0.61,1,0.5
dpctgan,ShadowModelling(RandomQueries),12435,0,0.6,1,0.5
dpctgan,ShadowModelling(RandomQueries),12435,1,0.44,0,0.5
dpctgan,ShadowModelling(RandomQueries),12435,0,0.43,0,0.5
dpctgan,ShadowModelling(RandomQueries),12435,1,0.38,0,0.5
dpctgan,ShadowModelling(RandomQueries),12435,0,0.62,1,0.5
dpctgan,ShadowModelling(RandomQueries),12435,1,0.67,1,0.5
dpctgan,ShadowModelling(RandomQueries),12435,0,0.51,1,0.5
dpctgan,ShadowModelling(RandomQueries),12435,1,0.43,0,0.5
dpctgan,ShadowModelling(RandomQueries),12435,0,0.43,0,0.5
dpctgan,ShadowModelling(RandomQueries),12435,1,0.5,0,0.5
dpctgan,ShadowModelling(RandomQueries),12435,0,0.56,1,0.5
dpctgan,ShadowModelling(RandomQueries),12435,1,0.47,0,0.5
dpctgan,ShadowModelling(RandomQueries),12435,0,0.45,0,0.5
dpctgan,ShadowModelling(RandomQueries),12435,1,0.29,0,0.5
dpctgan,ShadowModelling(RandomQueries),12435,0,0.43,0,0.5
dpctgan,ShadowModelling(RandomQueries),12435,1,0.44,0,0.5
dpctgan,ShadowModelling(RandomQueries),12435,0,0.6,1,0.5
dpctgan,ShadowModelling(RandomQueries),12435,1,0.67,1,0.5
dpctgan,ShadowModelling(RandomQueries),12435,0,0.49,0,0.5
dpctgan,ShadowModelling(RandomQueries),12435,1,0.4,0,0.5
dpctgan,ShadowModelling(RandomQueries),12435,0,0.5,0,0.5
dpctgan,ShadowModelling(RandomQueries),12435,1,0.43,0,0.5
dpctgan,ShadowModelling(RandomQueries),12435,0,0.54,1,0.5
dpctgan,ShadowModelling(RandomQueries),12435,1,0.39,0,0.5
dpctgan,ShadowModelling(RandomQueries),12435,0,0.57,1,0.5
dpctgan,ShadowModelling(RandomQueries),12435,1,0.42,0,0.5
dpctgan,ShadowModelling(RandomQueries),12435,0,0.33,0,0.5
dpctgan,ShadowModelling(RandomQueries),12435,1,0.37,0,0.5
dpctgan,ShadowModelling(RandomQueries),12435,0,0.63,1,0.5
dpctgan,ShadowModelling(RandomQueries),12435,1,0.54,1,0.5
dpctgan,ShadowModelling(RandomQueries),12435,0,0.75,1,0.5
dpctgan,ShadowModelling(RandomQueries),12435,1,0.57,1,0.5
dpctgan,ShadowModelling(RandomQueries),12435,0,0.51,1,0.5
dpctgan,ShadowModelling(RandomQueries),12435,1,0.44,0,0.5
dpctgan,ShadowModelling(RandomQueries),12435,0,0.52,1,0.5
dpctgan,ShadowModelling(RandomQueries),12435,1,0.51,1,0.5
dpctgan,ShadowModelling(RandomQueries),12435,0,0.32,0,0.5
dpctgan,ShadowModelling(RandomQueries),12435,1,0.57,1,0.5
dpctgan,ShadowModelling(RandomQueries),12435,0,0.44,0,0.5
dpctgan,ShadowModelling(RandomQueries),12435,1,0.56,1,0.5
dpctgan,ShadowModelling(RandomQueries),12435,0,0.51,1,0.5
dpctgan,ShadowModelling(RandomQueries),12435,1,0.55,1,0.5
dpctgan,ShadowModelling(RandomQueries),12435,0,0.35,0,0.5
dpctgan,ShadowModelling(RandomQueries),12435,1,0.86,1,0.5
dpctgan,ShadowModelling(RandomQueries),12435,0,0.75,1,0.5
dpctgan,ShadowModelling(RandomQueries),12435,1,0.49,0,0.5
dpctgan,ShadowModelling(RandomQueries),12435,0,0.3,0,0.5
dpctgan,ShadowModelling(RandomQueries),12435,1,0.49,0,0.5
dpctgan,ShadowModelling(RandomQueries),12435,0,0.45,0,0.5
dpctgan,ShadowModelling(RandomQueries),12435,1,0.49,0,0.5
dpctgan,ShadowModelling(RandomQueries),12435,0,0.64,1,0.5
dpctgan,ShadowModelling(RandomQueries),12435,1,0.49,0,0.5
dpctgan,ShadowModelling(RandomQueries),12435,0,0.59,1,0.5
dpctgan,ShadowModelling(RandomQueries),12435,1,0.64,1,0.5
dpctgan,ShadowModelling(RandomQueries),12435,0,0.52,1,0.5
dpctgan,ShadowModelling(RandomQueries),12435,1,0.41,0,0.5
dpctgan,ShadowModelling(RandomQueries),12435,0,0.5,0,0.5
dpctgan,ShadowModelling(RandomQueries),12435,1,0.43,0,0.5
dpctgan,ShadowModelling(RandomQueries),12435,0,0.37,0,0.5
dpctgan,ShadowModelling(RandomQueries),12435,1,0.55,1,0.5
dpctgan,ShadowModelling(RandomQueries),12435,0,0.44,0,0.5
dpctgan,ShadowModelling(RandomQueries),12435,1,0.58,1,0.5
dpctgan,ShadowModelling(RandomQueries),12435,0,0.43,0,0.5
dpctgan,ShadowModelling(RandomQueries),12435,1,0.6,1,0.5
dpctgan,ShadowModelling(RandomQueries),12435,0,0.5,0,0.5
dpctgan,ShadowModelling(RandomQueries),12435,1,0.33,0,0.5
dpctgan,ShadowModelling(RandomQueries),12435,0,0.38,0,0.5
dpctgan,ShadowModelling(RandomQueries),12435,1,0.69,1,0.5
dpctgan,ShadowModelling(RandomQueries),12435,0,0.31,0,0.5
dpctgan,ShadowModelling(RandomQueries),12435,1,0.42,0,0.5
dpctgan,ShadowModelling(RandomQueries),12435,0,0.29,0,0.5
dpctgan,ShadowModelling(RandomQueries),12435,1,0.27,0,0.5
dpctgan,ShadowModelling(RandomQueries),12435,0,0.57,1,0.5
dpctgan,ShadowModelling(RandomQueries),12435,1,0.4,0,0.5
dpctgan,ShadowModelling(RandomQueries),12435,0,0.47,0,0.5
dpctgan,ShadowModelling(RandomQueries),12435,1,0.46,0,0.5
dpctgan,ShadowModelling(RandomQueries),12435,0,0.36,0,0.5
dpctgan,ShadowModelling(RandomQueries),12435,1,0.53,1,0.5
dpctgan,ShadowModelling(RandomQueries),12435,0,0.47,0,0.5
dpctgan,ShadowModelling(RandomQueries),12435,1,0.53,1,0.5
dpctgan,ShadowModelling(RandomQueries),12435,0,0.56,1,0.5
dpctgan,ShadowModelling(RandomQueries),12435,1,0.56,1,0.5
dpctgan,ShadowModelling(RandomQueries),12435,0,0.47,0,0.5
dpctgan,ShadowModelling(RandomQueries),12435,1,0.61,1,0.5
dpctgan,ShadowModelling(RandomQueries),12435,0,0.5,0,0.5
dpctgan,ShadowModelling(RandomQueries),12435,1,0.49,0,0.5
dpctgan,ShadowModelling(RandomQueries),12435,0,0.5,0,0.5
dpctgan,ShadowModelling(RandomQueries),12435,1,0.45,0,0.5
dpctgan,ShadowModelling(RandomQueries),12435,0,0.43,0,0.5
dpctgan,ShadowModelling(RandomQueries),12435,1,0.51,1,0.5
dpctgan,ShadowModelling(RandomQueries),12435,0,0.25,0,0.5
dpctgan,ShadowModelling(RandomQueries),12435,1,0.4,0,0.5
dpctgan,ShadowModelling(RandomQueries),12435,0,0.29,0,0.5
dpctgan,ShadowModelling(RandomQueries),12435,1,0.42,0,0.5
dpctgan,ShadowModelling(RandomQueries),12435,0,0.57,1,0.5
dpctgan,ShadowModelling(RandomQueries),12435,1,0.42,0,0.5
dpctgan,ShadowModelling(RandomQueries),12435,0,0.27,0,0.5
dpctgan,ShadowModelling(RandomQueries),12435,1,0.7,1,0.5
dpctgan,ShadowModelling(RandomQueries),12435,0,0.39,0,0.5
dpctgan,ShadowModelling(RandomQueries),12435,1,0.52,1,0.5
dpctgan,ShadowModelling(RandomQueries),12435,0,0.52,1,0.5
dpctgan,ShadowModelling(RandomQueries),12435,1,0.45,0,0.5
dpctgan,ShadowModelling(RandomQueries),12435,0,0.67,1,0.5
dpctgan,ShadowModelling(RandomQueries),12435,1,0.55,1,0.5
dpctgan,ShadowModelling(RandomQueries),12435,0,0.38,0,0.5
dpctgan,ShadowModelling(RandomQueries),12435,1,0.63,1,0.5
dpctgan,ShadowModelling(RandomQueries),12435,0,0.57,1,0.5
dpctgan,ShadowModelling(RandomQueries),12435,1,0.48,0,0.5
dpctgan,ShadowModelling(RandomQueries),12435,0,0.29,0,0.5
dpctgan,ShadowModelling(RandomQueries),12435,1,0.4,0,0.5
dpctgan,ShadowModelling(RandomQueries),12435,0,0.47,0,0.5
dpctgan,ShadowModelling(RandomQueries),12435,1,0.53,1,0.5
dpctgan,ShadowModelling(RandomQueries),12435,0,0.45,0,0.5
dpctgan,ShadowModelling(RandomQueries),12435,1,0.58,1,0.5
dpctgan,ShadowModelling(RandomQueries),12435,0,0.46,0,0.5
dpctgan,ShadowModelling(RandomQueries),12435,1,0.36,0,0.5
dpctgan,ShadowModelling(RandomQueries),12435,0,0.6,1,0.5
dpctgan,ShadowModelling(RandomQueries),12435,1,0.31,0,0.5
dpctgan,ShadowModelling(RandomQueries),12435,0,0.45,0,0.5
dpctgan,ShadowModelling(RandomQueries),12435,1,0.6,1,0.5
dpctgan,ShadowModelling(RandomQueries),12435,0,0.58,1,0.5
dpctgan,ShadowModelling(RandomQueries),12435,1,0.43,0,0.5
dpctgan,ShadowModelling(RandomQueries),12435,0,0.44,0,0.5
dpctgan,ShadowModelling(RandomQueries),12435,1,0.47,0,0.5
dpctgan,ShadowModelling(RandomQueries),12435,0,0.54,1,0.5
dpctgan,ShadowModelling(RandomQueries),12435,1,0.64,1,0.5
dpctgan,ShadowModelling(RandomQueries),12435,0,0.7,1,0.5
dpctgan,ShadowModelling(RandomQueries),12435,1,0.4,0,0.5
dpctgan,ShadowModelling(RandomQueries),12435,0,0.55,1,0.5
dpctgan,ShadowModelling(RandomQueries),12435,1,0.78,1,0.5
dpctgan,ShadowModelling(RandomQueries),12435,0,0.54,1,0.5
dpctgan,ShadowModelling(RandomQueries),12435,1,0.46,0,0.5
dpctgan,ShadowModelling(RandomQueries),12435,0,0.55,1,0.5
dpctgan,ShadowModelling(RandomQueries),12435,1,0.41,0,0.5
dpctgan,ShadowModelling(RandomQueries),12435,0,0.6,1,0.5
dpctgan,ShadowModelling(RandomQueries),12435,1,0.42,0,0.5
dpctgan,ShadowModelling(RandomQueries),12435,0,0.65,1,0.5
dpctgan,ShadowModelling(RandomQueries),12435,1,0.49,0,0.5
dpctgan,ShadowModelling(RandomQueries),12435,0,0.49,0,0.5
dpctgan,ShadowModelling(RandomQueries),12435,1,0.48,0,0.5
dpctgan,ShadowModelling(RandomQueries),12435,0,0.39,0,0.5
dpctgan,ShadowModelling(RandomQueries),12435,1,0.48,0,0.5
dpctgan,ShadowModelling(RandomQueries),12435,0,0.69,1,0.5
dpctgan,ShadowModelling(RandomQueries),12435,1,0.51,1,0.5
dpctgan,ShadowModelling(RandomQueries),12435,0,0.46,0,0.5
dpctgan,ShadowModelling(RandomQueries),12435,1,0.3,0,0.5
dpctgan,ShadowModelling(RandomQueries),12435,0,0.32,0,0.5
dpctgan,ShadowModelling(RandomQueries),12435,1,0.73,1,0.5
dpctgan,ShadowModelling(RandomQueries),12435,0,0.65,1,0.5
dpctgan,ShadowModelling(RandomQueries),12435,1,0.55,1,0.5
dpctgan,ShadowModelling(RandomQueries),12435,0,0.65,1,0.5
dpctgan,ShadowModelling(RandomQueries),12435,1,0.57,1,0.5
dpctgan,ShadowModelling(RandomQueries),12435,0,0.44,0,0.5
dpctgan,ShadowModelling(RandomQueries),12435,1,0.49,0,0.5
dpctgan,ShadowModelling(RandomQueries),12435,0,0.62,1,0.5
dpctgan,ShadowModelling(RandomQueries),12435,1,0.46,0,0.5
dpctgan,ShadowModelling(RandomQueries),12435,0,0.54,1,0.5
dpctgan,ShadowModelling(RandomQueries),12435,1,0.47,0,0.5
dpctgan,ShadowModelling(RandomQueries),12435,0,0.65,1,0.5
dpctgan,ShadowModelling(RandomQueries),12435,1,0.49,0,0.5
dpctgan,ShadowModelling(RandomQueries),12435,0,0.54,1,0.5
dpctgan,ShadowModelling(RandomQueries),12435,1,0.49,0,0.5
dpctgan,ShadowModelling(RandomQueries),12435,0,0.55,1,0.5
dpctgan,ShadowModelling(RandomQueries),12435,1,0.66,1,0.5
dpctgan,ShadowModelling(RandomQueries),12435,0,0.63,1,0.5
dpctgan,ShadowModelling(RandomQueries),12435,1,0.34,0,0.5
dpctgan,ShadowModelling(RandomQueries),12435,0,0.44,0,0.5
dpctgan,ShadowModelling(RandomQueries),12435,1,0.37,0,0.5
dpctgan,ShadowModelling(RandomQueries),12435,0,0.35,0,0.5
dpctgan,ShadowModelling(RandomQueries),12435,1,0.67,1,0.5
dpctgan,ShadowModelling(RandomQueries),12435,0,0.39,0,0.5
dpctgan,ShadowModelling(RandomQueries),12435,1,0.46,0,0.5
dpctgan,ShadowModelling(RandomQueries),12435,0,0.51,1,0.5
dpctgan,ShadowModelling(RandomQueries),12435,1,0.28,0,0.5
dpctgan,ShadowModelling(RandomQueries),12435,0,0.56,1,0.5
dpctgan,ShadowModelling(RandomQueries),12435,1,0.59,1,0.5
dpctgan,ShadowModelling(RandomQueries),12435,0,0.64,1,0.5
dpctgan,ShadowModelling(RandomQueries),12435,1,0.61,1,0.5
dpctgan,ShadowModelling(RandomQueries),12435,0,0.6,1,0.5
dpctgan,ShadowModelling(RandomQueries),12435,1,0.43,0,0.5
dpctgan,ShadowModelling(RandomQueries),12435,0,0.5,0,0.5
dpctgan,ShadowModelling(RandomQueries),12435,1,0.59,1,0.5
dpctgan,ShadowModelling(RandomQueries),12435,0,0.38,0,0.5
dpctgan,ShadowModelling(RandomQueries),12435,1,0.43,0,0.5
dpctgan,ShadowModelling(RandomQueries),12435,0,0.66,1,0.5
dpctgan,ShadowModelling(RandomQueries),12435,1,0.58,1,0.5
dpctgan,ShadowModelling(RandomQueries),12435,0,0.44,0,0.5
dpctgan,ShadowModelling(RandomQueries),12435,1,0.45,0,0.5
dpctgan,ShadowModelling(RandomQueries),12435,0,0.39,0,0.5
dpctgan,ShadowModelling(RandomQueries),12435,1,0.48,0,0.5
dpctgan,ShadowModelling(RandomQueries),12435,0,0.7,1,0.5
dpctgan,ShadowModelling(RandomQueries),12435,1,0.54,1,0.5
dpctgan,ShadowModelling(RandomQueries),12435,0,0.53,1,0.5
dpctgan,ShadowModelling(RandomQueries),12435,1,0.7,1,0.5
dpctgan,ShadowModelling(RandomQueries),12435,0,0.65,1,0.5
dpctgan,ShadowModelling(RandomQueries),12435,1,0.47,0,0.5
dpctgan,ShadowModelling(RandomQueries),12435,0,0.52,1,0.5
dpctgan,ShadowModelling(RandomQueries),12435,1,0.48,0,0.5
dpctgan,ShadowModelling(RandomQueries),12435,0,0.45,0,0.5
dpctgan,ShadowModelling(RandomQueries),12435,1,0.46,0,0.5
dpctgan,ShadowModelling(RandomQueries),12435,0,0.48,0,0.5
dpctgan,ShadowModelling(RandomQueries),12435,1,0.5,0,0.5
dpctgan,ShadowModelling(RandomQueries),12435,0,0.56,1,0.5
dpctgan,ShadowModelling(RandomQueries),12435,1,0.42,0,0.5
dpctgan,ShadowModelling(RandomQueries),12435,0,0.54,1,0.5
dpctgan,ShadowModelling(RandomQueries),12435,1,0.54,1,0.5
dpctgan,ShadowModelling(RandomQueries),12435,0,0.42,0,0.5
dpctgan,ShadowModelling(RandomQueries),12435,1,0.6,1,0.5
dpctgan,ShadowModelling(RandomQueries),12435,0,0.59,1,0.5
dpctgan,ShadowModelling(RandomQueries),12435,1,0.7,1,0.5
dpctgan,ShadowModelling(RandomQueries),12435,0,0.58,1,0.5
dpctgan,ShadowModelling(RandomQueries),12435,1,0.6,1,0.5
dpctgan,ShadowModelling(RandomQueries),12435,0,0.58,1,0.5
dpctgan,ShadowModelling(RandomQueries),12435,1,0.44,0,0.5
dpctgan,ShadowModelling(RandomQueries),12435,0,0.31,0,0.5
dpctgan,ShadowModelling(RandomQueries),12435,1,0.39,0,0.5
dpctgan,ShadowModelling(RandomQueries),12435,0,0.56,1,0.5
dpctgan,ShadowModelling(RandomQueries),12435,1,0.43,0,0.5
dpctgan,ShadowModelling(RandomQueries),12435,0,0.47,0,0.5
dpctgan,ShadowModelling(RandomQueries),12435,1,0.57,1,0.5
dpctgan,ShadowModelling(RandomQueries),12435,0,0.35,0,0.5
dpctgan,ShadowModelling(RandomQueries),12435,1,0.21,0,0.5
dpctgan,ShadowModelling(RandomQueries),12435,0,0.6,1,0.5
dpctgan,ShadowModelling(RandomQueries),12435,1,0.63,1,0.5
dpctgan,ShadowModelling(RandomQueries),12435,0,0.4,0,0.5
dpctgan,ShadowModelling(RandomQueries),12435,1,0.26,0,0.5
dpctgan,ShadowModelling(RandomQueries),12435,0,0.6,1,0.5
dpctgan,ShadowModelling(RandomQueries),12435,1,0.42,0,0.5
dpctgan,ShadowModelling(RandomQueries),12435,0,0.5,0,0.5
dpctgan,ShadowModelling(RandomQueries),12435,1,0.54,1,0.5
dpctgan,ShadowModelling(RandomQueries),12435,0,0.56,1,0.5
dpctgan,ShadowModelling(RandomQueries),12435,1,0.41,0,0.5
dpctgan,ShadowModelling(RandomQueries),12435,0,0.32,0,0.5
dpctgan,ShadowModelling(RandomQueries),12435,1,0.49,0,0.5
dpctgan,ShadowModelling(RandomQueries),12435,0,0.52,1,0.5
dpctgan,ShadowModelling(RandomQueries),12435,1,0.49,0,0.5
dpctgan,ShadowModelling(RandomQueries),12435,0,0.63,1,0.5
dpctgan,ShadowModelling(RandomQueries),12435,1,0.44,0,0.5
dpctgan,ShadowModelling(RandomQueries),12435,0,0.36,0,0.5
dpctgan,ShadowModelling(RandomQueries),12435,1,0.33,0,0.5
dpctgan,ShadowModelling(RandomQueries),12435,0,0.44,0,0.5
dpctgan,ShadowModelling(RandomQueries),12435,1,0.63,1,0.5
dpctgan,ShadowModelling(RandomQueries),12435,0,0.63,1,0.5
dpctgan,ShadowModelling(RandomQueries),12435,1,0.52,1,0.5
dpctgan,ShadowModelling(RandomQueries),12435,0,0.6,1,0.5
dpctgan,ShadowModelling(RandomQueries),12435,1,0.52,1,0.5
dpctgan,ShadowModelling(RandomQueries),12435,0,0.39,0,0.5
dpctgan,ShadowModelling(RandomQueries),12435,1,0.44,0,0.5
dpctgan,ShadowModelling(RandomQueries),12435,0,0.51,1,0.5
dpctgan,ShadowModelling(RandomQueries),12435,1,0.63,1,0.5
dpctgan,ShadowModelling(RandomQueries),12435,0,0.39,0,0.5
dpctgan,ShadowModelling(RandomQueries),12435,1,0.52,1,0.5
dpctgan,ShadowModelling(RandomQueries),12435,0,0.42,0,0.5
dpctgan,ShadowModelling(RandomQueries),12435,1,0.57,1,0.5
dpctgan,ShadowModelling(RandomQueries),12435,0,0.64,1,0.5
dpctgan,ShadowModelling(RandomQueries),12435,1,0.49,0,0.5
dpctgan,ShadowModelling(RandomQueries),12435,0,0.39,0,0.5
dpctgan,ShadowModelling(RandomQueries),12435,1,0.46,0,0.5
dpctgan,ShadowModelling(RandomQueries),12435,0,0.43,0,0.5
dpctgan,ShadowModelling(RandomQueries),12435,1,0.45,0,0.5
dpctgan,ShadowModelling(RandomQueries),12435,0,0.52,1,0.5
dpctgan,ShadowModelling(RandomQueries),12435,1,0.47,0,0.5
dpctgan,ShadowModelling(RandomQueries),12435,0,0.37,0,0.5
dpctgan,ShadowModelling(RandomQueries),12435,1,0.35,0,0.5
dpctgan,ShadowModelling(RandomQueries),12435,0,0.43,0,0.5
dpctgan,ShadowModelling(RandomQueries),12435,1,0.51,1,0.5
dpctgan,ShadowModelling(RandomQueries),12435,0,0.46,0,0.5
dpctgan,ShadowModelling(RandomQueries),12435,1,0.38,0,0.5
dpctgan,ShadowModelling(RandomQueries),12435,0,0.47,0,0.5
dpctgan,ShadowModelling(RandomQueries),12435,1,0.47,0,0.5
dpctgan,ShadowModelling(RandomQueries),12435,0,0.6,1,0.5
dpctgan,ShadowModelling(RandomQueries),12435,1,0.48,0,0.5
dpctgan,ShadowModelling(RandomQueries),12435,0,0.39,0,0.5
dpctgan,ShadowModelling(RandomQueries),12435,1,0.39,0,0.5
dpctgan,ShadowModelling(RandomQueries),12435,0,0.44,0,0.5
dpctgan,ShadowModelling(RandomQueries),12435,1,0.6,1,0.5
dpctgan,ShadowModelling(RandomQueries),12435,0,0.74,1,0.5
dpctgan,ShadowModelling(RandomQueries),12435,1,0.53,1,0.5
dpctgan,ShadowModelling(RandomQueries),12435,0,0.44,0,0.5
dpctgan,ShadowModelling(RandomQueries),12435,1,0.34,0,0.5
dpctgan,ShadowModelling(RandomQueries),12435,0,0.47,0,0.5
dpctgan,ShadowModelling(RandomQueries),12435,1,0.42,0,0.5
dpctgan,ShadowModelling(RandomQueries),12435,0,0.55,1,0.5
dpctgan,ShadowModelling(RandomQueries),12435,1,0.33,0,0.5
dpctgan,ShadowModelling(RandomQueries),12435,0,0.5,0,0.5
dpctgan,ShadowModelling(RandomQueries),12435,1,0.49,0,0.5
dpctgan,ShadowModelling(RandomQueries),12435,0,0.6,1,0.5
dpctgan,ShadowModelling(RandomQueries),12435,1,0.65,1,0.5
dpctgan,ShadowModelling(RandomQueries),12435,0,0.53,1,0.5
dpctgan,ShadowModelling(RandomQueries),12435,1,0.39,0,0.5
dpctgan,ShadowModelling(RandomQueries),12435,0,0.33,0,0.5
dpctgan,ShadowModelling(RandomQueries),12435,1,0.54,1,0.5
dpctgan,ShadowModelling(RandomQueries),12435,0,0.51,1,0.5
dpctgan,ShadowModelling(RandomQueries),12435,1,0.53,1,0.5
dpctgan,ShadowModelling(RandomQueries),12435,0,0.44,0,0.5
dpctgan,ShadowModelling(RandomQueries),12435,1,0.62,1,0.5
dpctgan,ShadowModelling(RandomQueries),12435,0,0.57,1,0.5
dpctgan,ShadowModelling(RandomQueries),12435,1,0.46,0,0.5
dpctgan,ShadowModelling(RandomQueries),12435,0,0.44,0,0.5
dpctgan,ShadowModelling(RandomQueries),12435,1,0.45,0,0.5
dpctgan,ShadowModelling(RandomQueries),12435,0,0.53,1,0.5
dpctgan,ShadowModelling(RandomQueries),12435,1,0.51,1,0.5
dpctgan,ShadowModelling(RandomQueries),12435,0,0.66,1,0.5
dpctgan,ShadowModelling(RandomQueries),12435,1,0.37,0,0.5
dpctgan,ShadowModelling(RandomQueries),12435,0,0.47,0,0.5
dpctgan,ShadowModelling(RandomQueries),12435,1,0.57,1,0.5
dpctgan,ShadowModelling(RandomQueries),12435,0,0.16,0,0.5
dpctgan,ShadowModelling(RandomQueries),12435,1,0.51,1,0.5
dpctgan,ShadowModelling(RandomQueries),12435,0,0.6,1,0.5
dpctgan,ShadowModelling(RandomQueries),12435,1,0.55,1,0.5
dpctgan,ShadowModelling(RandomQueries),12435,0,0.41,0,0.5
dpctgan,ShadowModelling(RandomQueries),12435,1,0.78,1,0.5
dpctgan,ShadowModelling(RandomQueries),12435,0,0.43,0,0.5
dpctgan,ShadowModelling(RandomQueries),12435,1,0.5,0,0.5
dpctgan,ShadowModelling(RandomQueries),12435,0,0.4,0,0.5
dpctgan,ShadowModelling(RandomQueries),12435,1,0.72,1,0.5
dpctgan,ShadowModelling(RandomQueries),12435,0,0.5,0,0.5
dpctgan,ShadowModelling(RandomQueries),12435,1,0.53,1,0.5
dpctgan,ShadowModelling(RandomQueries),12435,0,0.35,0,0.5
dpctgan,ShadowModelling(RandomQueries),12435,1,0.82,1,0.5
dpctgan,ShadowModelling(RandomQueries),12435,0,0.58,1,0.5
dpctgan,ShadowModelling(RandomQueries),12435,1,0.54,1,0.5
dpctgan,ShadowModelling(RandomQueries),12435,0,0.47,0,0.5
dpctgan,ShadowModelling(RandomQueries),12435,1,0.4,0,0.5
dpctgan,ShadowModelling(RandomQueries),12435,0,0.4,0,0.5
dpctgan,ShadowModelling(RandomQueries),12435,1,0.47,0,0.5
dpctgan,ShadowModelling(RandomQueries),12435,0,0.73,1,0.5
dpctgan,ShadowModelling(RandomQueries),12435,1,0.4,0,0.5
dpctgan,ShadowModelling(RandomQueries),12435,0,0.45,0,0.5
dpctgan,ShadowModelling(RandomQueries),12435,1,0.66,1,0.5
dpctgan,ShadowModelling(RandomQueries),12435,0,0.62,1,0.5
dpctgan,ShadowModelling(RandomQueries),12435,1,0.46,0,0.5
dpctgan,ShadowModelling(RandomQueries),12435,0,0.57,1,0.5
dpctgan,ShadowModelling(RandomQueries),12435,1,0.43,0,0.5
dpctgan,ShadowModelling(RandomQueries),12435,0,0.7,1,0.5
dpctgan,ShadowModelling(RandomQueries),12435,1,0.4,0,0.5
dpctgan,ShadowModelling(RandomQueries),12435,0,0.32,0,0.5
dpctgan,ShadowModelling(RandomQueries),12435,1,0.61,1,0.5
dpctgan,ShadowModelling(RandomQueries),12435,0,0.53,1,0.5
dpctgan,ShadowModelling(RandomQueries),12435,1,0.48,0,0.5
dpctgan,ShadowModelling(RandomQueries),12435,0,0.56,1,0.5
dpctgan,ShadowModelling(RandomQueries),12435,1,0.51,1,0.5
dpctgan,ShadowModelling(RandomQueries),12435,0,0.5,0,0.5
dpctgan,ShadowModelling(RandomQueries),12435,1,0.38,0,0.5
dpctgan,ShadowModelling(RandomQueries),12435,0,0.47,0,0.5
dpctgan,ShadowModelling(RandomQueries),12435,1,0.59,1,0.5
dpctgan,ShadowModelling(RandomQueries),12435,0,0.53,1,0.5
dpctgan,ShadowModelling(RandomQueries),12435,1,0.37,0,0.5
dpctgan,ShadowModelling(RandomQueries),12435,0,0.34,0,0.5
dpctgan,ShadowModelling(RandomQueries),12435,1,0.42,0,0.5
dpctgan,ShadowModelling(RandomQueries),12435,0,0.52,1,0.5
dpctgan,ShadowModelling(RandomQueries),12435,1,0.52,1,0.5
dpctgan,ShadowModelling(RandomQueries),12435,0,0.44,0,0.5
dpctgan,ShadowModelling(RandomQueries),12435,1,0.48,0,0.5
dpctgan,ShadowModelling(RandomQueries),12435,0,0.37,0,0.5
dpctgan,ShadowModelling(RandomQueries),12435,1,0.34,0,0.5
dpctgan,ShadowModelling(RandomQueries),12435,0,0.35,0,0.5
dpctgan,ShadowModelling(RandomQueries),12435,1,0.68,1,0.5
dpctgan,ShadowModelling(RandomQueries),12435,0,0.51,1,0.5
dpctgan,ShadowModelling(RandomQueries),12435,1,0.5,0,0.5
dpctgan,ShadowModelling(RandomQueries),12435,0,0.54,1,0.5
dpctgan,ShadowModelling(RandomQueries),12435,1,0.24,0,0.5
dpctgan,ShadowModelling(RandomQueries),12435,0,0.42,0,0.5
dpctgan,ShadowModelling(RandomQueries),12435,1,0.64,1,0.5
dpctgan,ShadowModelling(RandomQueries),12435,0,0.37,0,0.5
dpctgan,ShadowModelling(RandomQueries),12435,1,0.4,0,0.5
dpctgan,ShadowModelling(RandomQueries),12435,0,0.58,1,0.5
dpctgan,ShadowModelling(RandomQueries),12435,1,0.42,0,0.5
dpctgan,ShadowModelling(RandomQueries),12435,0,0.63,1,0.5
dpctgan,ShadowModelling(RandomQueries),12435,1,0.63,1,0.5
dpctgan,ShadowModelling(RandomQueries),12435,0,0.48,0,0.5
dpctgan,ShadowModelling(RandomQueries),12435,1,0.64,1,0.5
dpctgan,ShadowModelling(RandomQueries),12435,0,0.63,1,0.5
dpctgan,ShadowModelling(RandomQueries),12435,1,0.37,0,0.5
dpctgan,ShadowModelling(RandomQueries),12435,0,0.46,0,0.5
dpctgan,ShadowModelling(RandomQueries),12435,1,0.44,0,0.5
dpctgan,ShadowModelling(RandomQueries),12435,0,0.26,0,0.5
dpctgan,ShadowModelling(RandomQueries),12435,1,0.45,0,0.5
dpctgan,ShadowModelling(RandomQueries),12435,0,0.33,0,0.5
dpctgan,ShadowModelling(RandomQueries),12435,1,0.29,0,0.5
dpctgan,ShadowModelling(RandomQueries),12435,0,0.61,1,0.5
dpctgan,ShadowModelling(RandomQueries),12435,1,0.59,1,0.5
dpctgan,ShadowModelling(RandomQueries),12435,0,0.34,0,0.5
dpctgan,ShadowModelling(RandomQueries),12435,1,0.46,0,0.5
dpctgan,ShadowModelling(RandomQueries),12435,0,0.47,0,0.5
dpctgan,ShadowModelling(RandomQueries),12435,1,0.54,1,0.5
dpctgan,ShadowModelling(RandomQueries),12435,0,0.53,1,0.5
dpctgan,ShadowModelling(RandomQueries),12435,1,0.43,0,0.5
dpctgan,ShadowModelling(RandomQueries),12435,0,0.47,0,0.5
dpctgan,ShadowModelling(RandomQueries),12435,1,0.48,0,0.5
dpctgan,ShadowModelling(RandomQueries),12435,0,0.39,0,0.5
dpctgan,ShadowModelling(RandomQueries),12435,1,0.66,1,0.5
dpctgan,ShadowModelling(RandomQueries),12435,0,0.55,1,0.5
dpctgan,ShadowModelling(RandomQueries),12435,1,0.39,0,0.5
dpctgan,ShadowModelling(RandomQueries),12435,0,0.51,1,0.5
dpctgan,ShadowModelling(RandomQueries),12435,1,0.51,1,0.5
dpctgan,ShadowModelling(RandomQueries),12435,0,0.32,0,0.5
dpctgan,ShadowModelling(RandomQueries),12435,1,0.46,0,0.5
dpctgan,ShadowModelling(RandomQueries),12435,0,0.5,0,0.5
dpctgan,ShadowModelling(RandomQueries),12435,1,0.63,1,0.5
dpctgan,ShadowModelling(RandomQueries),12435,0,0.33,0,0.5
dpctgan,ShadowModelling(RandomQueries),12435,1,0.5,0,0.5
dpctgan,ShadowModelling(RandomQueries),12435,0,0.41,0,0.5
dpctgan,ShadowModelling(RandomQueries),12435,1,0.41,0,0.5
dpctgan,ShadowModelling(RandomQueries),12435,0,0.38,0,0.5
dpctgan,ShadowModelling(RandomQueries),12435,1,0.47,0,0.5
dpctgan,ShadowModelling(RandomQueries),12435,0,0.57,1,0.5
dpctgan,ShadowModelling(RandomQueries),12435,1,0.65,1,0.5
dpctgan,ShadowModelling(RandomQueries),12435,0,0.66,1,0.5
dpctgan,ShadowModelling(RandomQueries),12435,1,0.37,0,0.5
dpctgan,ShadowModelling(RandomQueries),12435,0,0.48,0,0.5
dpctgan,ShadowModelling(RandomQueries),12435,1,0.66,1,0.5
dpctgan,ShadowModelling(RandomQueries),12435,0,0.55,1,0.5
dpctgan,ShadowModelling(RandomQueries),12435,1,0.51,1,0.5
dpctgan,ShadowModelling(RandomQueries),12435,0,0.49,0,0.5
dpctgan,ShadowModelling(RandomQueries),12435,1,0.67,1,0.5
dpctgan,ShadowModelling(RandomQueries),12435,0,0.49,0,0.5
dpctgan,ShadowModelling(RandomQueries),12435,1,0.33,0,0.5
dpctgan,ShadowModelling(RandomQueries),12435,0,0.54,1,0.5
dpctgan,ShadowModelling(RandomQueries),12435,1,0.53,1,0.5
dpctgan,ShadowModelling(RandomQueries),12435,0,0.22,0,0.5
dpctgan,ShadowModelling(RandomQueries),12435,1,0.58,1,0.5
dpctgan,ShadowModelling(RandomQueries),12435,0,0.3,0,0.5
dpctgan,ShadowModelling(RandomQueries),12435,1,0.6,1,0.5
dpctgan,ShadowModelling(RandomQueries),12435,0,0.44,0,0.5
dpctgan,ShadowModelling(RandomQueries),12435,1,0.48,0,0.5
dpctgan,ShadowModelling(RandomQueries),12435,0,0.34,0,0.5
dpctgan,ShadowModelling(RandomQueries),12435,1,0.5,0,0.5
dpctgan,ShadowModelling(RandomQueries),12435,0,0.51,1,0.5
dpctgan,ShadowModelling(RandomQueries),12435,1,0.38,0,0.5
dpctgan,ShadowModelling(RandomQueries),12435,0,0.55,1,0.5
dpctgan,ShadowModelling(RandomQueries),12435,1,0.36,0,0.5
dpctgan,ShadowModelling(RandomQueries),12435,0,0.28,0,0.5
dpctgan,ShadowModelling(RandomQueries),12435,1,0.55,1,0.5
dpctgan,ShadowModelling(RandomQueries),12435,0,0.45,0,0.5
dpctgan,ShadowModelling(RandomQueries),12435,1,0.63,1,0.5
dpctgan,ShadowModelling(RandomQueries),12435,0,0.58,1,0.5
dpctgan,ShadowModelling(RandomQueries),12435,1,0.57,1,0.5
dpctgan,ShadowModelling(RandomQueries),12435,0,0.43,0,0.5
dpctgan,ShadowModelling(RandomQueries),12435,1,0.57,1,0.5
dpctgan,ShadowModelling(RandomQueries),12435,0,0.72,1,0.5
dpctgan,ShadowModelling(RandomQueries),12435,1,0.62,1,0.5
dpctgan,ShadowModelling(RandomQueries),12435,0,0.35,0,0.5
dpctgan,ShadowModelling(RandomQueries),12435,1,0.36,0,0.5
dpctgan,ShadowModelling(RandomQueries),12435,0,0.59,1,0.5
dpctgan,ShadowModelling(RandomQueries),12435,1,0.59,1,0.5
dpctgan,ShadowModelling(RandomQueries),12435,0,0.39,0,0.5
dpctgan,ShadowModelling(RandomQueries),12435,1,0.51,1,0.5
dpctgan,ShadowModelling(RandomQueries),12435,0,0.57,1,0.5
dpctgan,ShadowModelling(RandomQueries),12435,1,0.3,0,0.5
dpctgan,ShadowModelling(RandomQueries),12435,0,0.67,1,0.5
dpctgan,ShadowModelling(RandomQueries),12435,1,0.64,1,0.5
dpctgan,ShadowModelling(RandomQueries),12435,0,0.49,0,0.5
dpctgan,ShadowModelling(RandomQueries),12435,1,0.66,1,0.5
dpctgan,ShadowModelling(RandomQueries),12435,0,0.38,0,0.5
dpctgan,ShadowModelling(RandomQueries),12435,1,0.51,1,0.5
dpctgan,ShadowModelling(RandomQueries),12435,0,0.38,0,0.5
dpctgan,ShadowModelling(RandomQueries),12435,1,0.52,1,0.5
dpctgan,ShadowModelling(RandomQueries),12435,0,0.72,1,0.5
dpctgan,ShadowModelling(RandomQueries),12435,1,0.55,1,0.5
dpctgan,ShadowModelling(RandomQueries),12435,0,0.67,1,0.5
dpctgan,ShadowModelling(RandomQueries),12435,1,0.54,1,0.5
dpctgan,ShadowModelling(RandomQueries),12435,0,0.72,1,0.5
dpctgan,ShadowModelling(RandomQueries),12435,1,0.67,1,0.5
dpctgan,ShadowModelling(RandomQueries),12435,0,0.64,1,0.5
dpctgan,ShadowModelling(RandomQueries),12435,1,0.37,0,0.5
dpctgan,ShadowModelling(RandomQueries),12435,0,0.64,1,0.5
dpctgan,ShadowModelling(RandomQueries),12435,1,0.59,1,0.5
dpctgan,ShadowModelling(RandomQueries),12435,0,0.62,1,0.5
dpctgan,ShadowModelling(RandomQueries),12435,1,0.64,1,0.5
dpctgan,ShadowModelling(RandomQueries),12435,0,0.38,0,0.5
dpctgan,ShadowModelling(RandomQueries),12435,1,0.31,0,0.5
dpctgan,ShadowModelling(RandomQueries),12435,0,0.57,1,0.5
dpctgan,ShadowModelling(RandomQueries),12435,1,0.45,0,0.5
dpctgan,ShadowModelling(RandomQueries),12435,0,0.61,1,0.5
dpctgan,ShadowModelling(RandomQueries),12435,1,0.32,0,0.5
dpctgan,ShadowModelling(RandomQueries),12435,0,0.63,1,0.5
dpctgan,ShadowModelling(RandomQueries),12435,1,0.35,0,0.5
dpctgan,ShadowModelling(RandomQueries),12435,0,0.63,1,0.5
dpctgan,ShadowModelling(RandomQueries),12435,1,0.63,1,0.5
dpctgan,ShadowModelling(RandomQueries),12435,0,0.52,1,0.5
dpctgan,ShadowModelling(RandomQueries),12435,1,0.53,1,0.5
dpctgan,ShadowModelling(RandomQueries),12435,0,0.45,0,0.5
dpctgan,ShadowModelling(RandomQueries),12435,1,0.56,1,0.5
dpctgan,ShadowModelling(RandomQueries),12435,0,0.56,1,0.5
dpctgan,ShadowModelling(RandomQueries),12435,1,0.44,0,0.5
dpctgan,ShadowModelling(RandomQueries),12435,0,0.47,0,0.5
dpctgan,ShadowModelling(RandomQueries),12435,1,0.62,1,0.5
dpctgan,ShadowModelling(RandomQueries),12435,0,0.61,1,0.5
dpctgan,ShadowModelling(RandomQueries),12435,1,0.34,0,0.5
dpctgan,ShadowModelling(RandomQueries),12435,0,0.49,0,0.5
dpctgan,ShadowModelling(RandomQueries),12435,1,0.42,0,0.5
dpctgan,ShadowModelling(RandomQueries),12435,0,0.53,1,0.5
dpctgan,ShadowModelling(RandomQueries),12435,1,0.62,1,0.5
dpctgan,ShadowModelling(RandomQueries),12435,0,0.43,0,0.5
dpctgan,ShadowModelling(RandomQueries),12435,1,0.41,0,0.5
dpctgan,ShadowModelling(RandomQueries),12435,0,0.49,0,0.5
dpctgan,ShadowModelling(RandomQueries),12435,1,0.48,0,0.5
dpctgan,ShadowModelling(RandomQueries),12435,0,0.43,0,0.5
dpctgan,ShadowModelling(RandomQueries),12435,1,0.39,0,0.5
dpctgan,ShadowModelling(RandomQueries),12435,0,0.57,1,0.5
dpctgan,ShadowModelling(RandomQueries),12435,1,0.49,0,0.5
dpctgan,ShadowModelling(RandomQueries),12435,0,0.55,1,0.5
dpctgan,ShadowModelling(RandomQueries),12435,1,0.61,1,0.5
dpctgan,ShadowModelling(RandomQueries),12435,0,0.43,0,0.5
dpctgan,ShadowModelling(RandomQueries),12435,1,0.57,1,0.5
dpctgan,ShadowModelling(RandomQueries),12435,0,0.38,0,0.5
dpctgan,ShadowModelling(RandomQueries),12435,1,0.44,0,0.5
dpctgan,ShadowModelling(RandomQueries),12435,0,0.42,0,0.5
dpctgan,ShadowModelling(RandomQueries),12435,1,0.52,1,0.5
dpctgan,ShadowModelling(RandomQueries),12435,0,0.4,0,0.5
dpctgan,ShadowModelling(RandomQueries),12435,1,0.82,1,0.5
dpctgan,ShadowModelling(RandomQueries),12435,0,0.59,1,0.5
dpctgan,ShadowModelling(RandomQueries),12435,1,0.32,0,0.5
dpctgan,ShadowModelling(RandomQueries),12435,0,0.36,0,0.5
dpctgan,ShadowModelling(RandomQueries),12435,1,0.49,0,0.5
dpctgan,ShadowModelling(RandomQueries),12435,0,0.62,1,0.5
dpctgan,ShadowModelling(RandomQueries),12435,1,0.5,0,0.5
dpctgan,ShadowModelling(RandomQueries),12435,0,0.51,1,0.5
dpctgan,ShadowModelling(RandomQueries),12435,1,0.35,0,0.5
dpctgan,ShadowModelling(RandomQueries),12435,0,0.6,1,0.5
dpctgan,ShadowModelling(RandomQueries),12435,1,0.69,1,0.5
dpctgan,ShadowModelling(RandomQueries),12435,0,0.45,0,0.5
dpctgan,ShadowModelling(RandomQueries),12435,1,0.44,0,0.5
dpctgan,ShadowModelling(RandomQueries),12435,0,0.51,1,0.5
dpctgan,ShadowModelling(RandomQueries),12435,1,0.58,1,0.5
dpctgan,ShadowModelling(RandomQueries),12435,0,0.56,1,0.5
dpctgan,ShadowModelling(RandomQueries),12435,1,0.43,0,0.5
dpctgan,ShadowModelling(RandomQueries),12435,0,0.34,0,0.5
dpctgan,ShadowModelling(RandomQueries),12435,1,0.42,0,0.5
dpctgan,ShadowModelling(RandomQueries),12435,0,0.52,1,0.5
dpctgan,ShadowModelling(RandomQueries),12435,1,0.32,0,0.5
dpctgan,ShadowModelling(RandomQueries),12435,0,0.49,0,0.5
dpctgan,ShadowModelling(RandomQueries),12435,1,0.71,1,0.5
dpctgan,ShadowModelling(RandomQueries),12435,0,0.41,0,0.5
dpctgan,ShadowModelling(RandomQueries),12435,1,0.59,1,0.5
dpctgan,ShadowModelling(RandomQueries),12435,0,0.35,0,0.5
dpctgan,ShadowModelling(RandomQueries),12435,1,0.61,1,0.5
dpctgan,ShadowModelling(RandomQueries),12435,0,0.63,1,0.5
dpctgan,ShadowModelling(RandomQueries),12435,1,0.54,1,0.5
dpctgan,ShadowModelling(RandomQueries),12435,0,0.51,1,0.5
dpctgan,ShadowModelling(RandomQueries),12435,1,0.52,1,0.5
dpctgan,ShadowModelling(RandomQueries),12435,0,0.45,0,0.5
dpctgan,ShadowModelling(RandomQueries),12435,1,0.49,0,0.5
dpctgan,ShadowModelling(RandomQueries),12435,0,0.61,1,0.5
dpctgan,ShadowModelling(RandomQueries),12435,1,0.54,1,0.5
dpctgan,ShadowModelling(RandomQueries),12435,0,0.56,1,0.5
dpctgan,ShadowModelling(RandomQueries),12435,1,0.28,0,0.5
dpctgan,ShadowModelling(RandomQueries),12435,0,0.52,1,0.5
dpctgan,ShadowModelling(RandomQueries),12435,1,0.49,0,0.5
dpctgan,ShadowModelling(RandomQueries),12435,0,0.65,1,0.5
dpctgan,ShadowModelling(RandomQueries),12435,1,0.55,1,0.5
dpctgan,ShadowModelling(RandomQueries),12435,0,0.45,0,0.5
dpctgan,ShadowModelling(RandomQueries),12435,1,0.4,0,0.5
dpctgan,ShadowModelling(RandomQueries),12435,0,0.61,1,0.5
dpctgan,ShadowModelling(RandomQueries),12435,1,0.42,0,0.5
dpctgan,ShadowModelling(RandomQueries),12435,0,0.65,1,0.5
dpctgan,ShadowModelling(RandomQueries),12435,1,0.46,0,0.5
dpctgan,ShadowModelling(RandomQueries),12435,0,0.64,1,0.5
dpctgan,ShadowModelling(RandomQueries),12435,1,0.78,1,0.5
dpctgan,ShadowModelling(RandomQueries),12435,0,0.5,0,0.5
dpctgan,ShadowModelling(RandomQueries),12435,1,0.64,1,0.5
dpctgan,ShadowModelling(RandomQueries),12435,0,0.52,1,0.5
dpctgan,ShadowModelling(RandomQueries),12435,1,0.45,0,0.5
dpctgan,ShadowModelling(RandomQueries),12435,0,0.49,0,0.5
dpctgan,ShadowModelling(RandomQueries),12435,1,0.54,1,0.5
dpctgan,ShadowModelling(RandomQueries),12435,0,0.51,1,0.5
dpctgan,ShadowModelling(RandomQueries),12435,1,0.51,1,0.5
dpctgan,ShadowModelling(RandomQueries),12435,0,0.56,1,0.5
dpctgan,ShadowModelling(RandomQueries),12435,1,0.52,1,0.5
dpctgan,ShadowModelling(RandomQueries),12435,0,0.34,0,0.5
dpctgan,ShadowModelling(RandomQueries),12435,1,0.46,0,0.5
dpctgan,ShadowModelling(RandomQueries),12435,0,0.52,1,0.5
dpctgan,ShadowModelling(RandomQueries),12435,1,0.54,1,0.5
dpctgan,ShadowModelling(RandomQueries),12435,0,0.55,1,0.5
dpctgan,ShadowModelling(RandomQueries),12435,1,0.42,0,0.5
dpctgan,ShadowModelling(RandomQueries),12435,0,0.56,1,0.5
dpctgan,ShadowModelling(RandomQueries),12435,1,0.52,1,0.5
dpctgan,ShadowModelling(RandomQueries),12435,0,0.6,1,0.5
dpctgan,ShadowModelling(RandomQueries),12435,1,0.6,1,0.5
dpctgan,ShadowModelling(RandomQueries),12435,0,0.43,0,0.5
dpctgan,ShadowModelling(RandomQueries),12435,1,0.5,0,0.5
dpctgan,ShadowModelling(RandomQueries),12435,0,0.47,0,0.5
dpctgan,ShadowModelling(RandomQueries),12435,1,0.41,0,0.5
dpctgan,ShadowModelling(RandomQueries),12435,0,0.46,0,0.5
dpctgan,ShadowModelling(RandomQueries),12435,1,0.37,0,0.5
dpctgan,ShadowModelling(RandomQueries),12435,0,0.45,0,0.5
dpctgan,ShadowModelling(RandomQueries),12435,1,0.44,0,0.5
dpctgan,ShadowModelling(RandomQueries),12435,0,0.41,0,0.5
dpctgan,ShadowModelling(RandomQueries),12435,1,0.63,1,0.5
dpctgan,ShadowModelling(RandomQueries),12435,0,0.61,1,0.5
dpctgan,ShadowModelling(RandomQueries),12435,1,0.59,1,0.5
dpctgan,ShadowModelling(RandomQueries),12435,0,0.5,0,0.5
dpctgan,ShadowModelling(RandomQueries),12435,1,0.67,1,0.5
dpctgan,ShadowModelling(RandomQueries),12435,0,0.39,0,0.5
dpctgan,ShadowModelling(RandomQueries),12435,1,0.42,0,0.5
dpctgan,ShadowModelling(RandomQueries),12435,0,0.5,0,0.5
dpctgan,ShadowModelling(RandomQueries),12435,1,0.59,1,0.5
dpctgan,ShadowModelling(RandomQueries),12435,0,0.5,0,0.5
dpctgan,ShadowModelling(RandomQueries),12435,1,0.51,1,0.5
dpctgan,ShadowModelling(RandomQueries),12435,0,0.37,0,0.5
dpctgan,ShadowModelling(RandomQueries),12435,1,0.4,0,0.5
dpctgan,ShadowModelling(RandomQueries),12435,0,0.48,0,0.5
dpctgan,ShadowModelling(RandomQueries),12435,1,0.55,1,0.5
dpctgan,ShadowModelling(RandomQueries),12435,0,0.44,0,0.5
dpctgan,ShadowModelling(RandomQueries),12435,1,0.41,0,0.5
dpctgan,ShadowModelling(RandomQueries),12435,0,0.53,1,0.5
dpctgan,ShadowModelling(RandomQueries),12435,1,0.36,0,0.5
dpctgan,ShadowModelling(RandomQueries),12435,0,0.35,0,0.5
dpctgan,ShadowModelling(RandomQueries),12435,1,0.44,0,0.5
dpctgan,ShadowModelling(RandomQueries),12435,0,0.48,0,0.5
dpctgan,ShadowModelling(RandomQueries),12435,1,0.62,1,0.5
dpctgan,ShadowModelling(RandomQueries),12435,0,0.42,0,0.5
dpctgan,ShadowModelling(RandomQueries),12435,1,0.6,1,0.5
dpctgan,ShadowModelling(RandomQueries),12435,0,0.56,1,0.5
dpctgan,ShadowModelling(RandomQueries),12435,1,0.62,1,0.5
dpctgan,ShadowModelling(RandomQueries),12435,0,0.3,0,0.5
dpctgan,ShadowModelling(RandomQueries),12435,1,0.33,0,0.5
dpctgan,ShadowModelling(RandomQueries),12435,0,0.71,1,0.5
dpctgan,ShadowModelling(RandomQueries),12435,1,0.47,0,0.5
dpctgan,ShadowModelling(RandomQueries),12435,0,0.38,0,0.5
dpctgan,ShadowModelling(RandomQueries),12435,1,0.5,0,0.5
dpctgan,ShadowModelling(RandomQueries),12435,0,0.52,1,0.5
dpctgan,ShadowModelling(RandomQueries),12435,1,0.55,1,0.5
dpctgan,ShadowModelling(RandomQueries),12435,0,0.65,1,0.5
dpctgan,ShadowModelling(RandomQueries),12435,1,0.41,0,0.5
dpctgan,ShadowModelling(RandomQueries),12435,0,0.55,1,0.5
dpctgan,ShadowModelling(RandomQueries),12435,1,0.39,0,0.5
dpctgan,ShadowModelling(RandomQueries),12435,0,0.5,0,0.5
dpctgan,ShadowModelling(RandomQueries),12435,1,0.31,0,0.5
dpctgan,ShadowModelling(RandomQueries),12435,0,0.36,0,0.5
dpctgan,ShadowModelling(RandomQueries),12435,1,0.63,1,0.5
dpctgan,ShadowModelling(RandomQueries),12435,0,0.54,1,0.5
dpctgan,ShadowModelling(RandomQueries),12435,1,0.55,1,0.5
dpctgan,ShadowModelling(RandomQueries),12435,0,0.32,0,0.5
dpctgan,ShadowModelling(RandomQueries),12435,1,0.65,1,0.5
dpctgan,ShadowModelling(RandomQueries),12435,0,0.36,0,0.5
dpctgan,ShadowModelling(RandomQueries),12435,1,0.55,1,0.5
dpctgan,ShadowModelling(RandomQueries),12435,0,0.59,1,0.5
dpctgan,ShadowModelling(RandomQueries),12435,1,0.38,0,0.5
dpctgan,ShadowModelling(RandomQueries),12435,0,0.54,1,0.5
dpctgan,ShadowModelling(RandomQueries),12435,1,0.41,0,0.5
dpctgan,ShadowModelling(RandomQueries),12435,0,0.66,1,0.5
dpctgan,ShadowModelling(RandomQueries),12435,1,0.66,1,0.5
dpctgan,ShadowModelling(RandomQueries),12435,0,0.55,1,0.5
dpctgan,ShadowModelling(RandomQueries),12435,1,0.35,0,0.5
dpctgan,ShadowModelling(RandomQueries),12435,0,0.56,1,0.5
dpctgan,ShadowModelling(RandomQueries),12435,1,0.65,1,0.5
dpctgan,ShadowModelling(RandomQueries),12435,0,0.33,0,0.5
dpctgan,ShadowModelling(RandomQueries),12435,1,0.56,1,0.5
dpctgan,ShadowModelling(RandomQueries),12435,0,0.59,1,0.5
dpctgan,ShadowModelling(RandomQueries),12435,1,0.5,0,0.5
dpctgan,ShadowModelling(RandomQueries),12435,0,0.47,0,0.5
dpctgan,ShadowModelling(RandomQueries),12435,1,0.5,0,0.5
dpctgan,ShadowModelling(RandomQueries),12435,0,0.66,1,0.5
dpctgan,ShadowModelling(RandomQueries),12435,1,0.55,1,0.5
dpctgan,ShadowModelling(RandomQueries),12435,0,0.56,1,0.5
dpctgan,ShadowModelling(RandomQueries),12435,1,0.47,0,0.5
dpctgan,ShadowModelling(RandomQueries),12435,0,0.34,0,0.5
dpctgan,ShadowModelling(RandomQueries),12435,1,0.42,0,0.5
dpctgan,ShadowModelling(RandomQueries),12435,0,0.35,0,0.5
dpctgan,ShadowModelling(RandomQueries),12435,1,0.37,0,0.5
dpctgan,ShadowModelling(RandomQueries),12435,0,0.25,0,0.5
dpctgan,ShadowModelling(RandomQueries),12435,1,0.57,1,0.5
dpctgan,ShadowModelling(RandomQueries),12435,0,0.16,0,0.5
dpctgan,ShadowModelling(RandomQueries),12435,1,0.78,1,0.5
dpctgan,ShadowModelling(RandomQueries),12435,0,0.65,1,0.5
dpctgan,ShadowModelling(RandomQueries),12435,1,0.43,0,0.5
dpctgan,ShadowModelling(RandomQueries),12435,0,0.38,0,0.5
dpctgan,ShadowModelling(RandomQueries),12435,1,0.77,1,0.5
dpctgan,ShadowModelling(RandomQueries),12435,0,0.42,0,0.5
dpctgan,ShadowModelling(RandomQueries),12435,1,0.57,1,0.5
dpctgan,ShadowModelling(RandomQueries),12435,0,0.59,1,0.5
dpctgan,ShadowModelling(RandomQueries),12435,1,0.42,0,0.5
dpctgan,ShadowModelling(RandomQueries),12435,0,0.76,1,0.5
dpctgan,ShadowModelling(RandomQueries),12435,1,0.65,1,0.5
dpctgan,ShadowModelling(RandomQueries),12435,0,0.65,1,0.5
dpctgan,ShadowModelling(RandomQueries),12435,1,0.62,1,0.5
dpctgan,ShadowModelling(RandomQueries),12435,0,0.46,0,0.5
dpctgan,ShadowModelling(RandomQueries),12435,1,0.33,0,0.5
dpctgan,ShadowModelling(RandomQueries),12435,0,0.64,1,0.5
dpctgan,ShadowModelling(RandomQueries),12435,1,0.4,0,0.5
dpctgan,ShadowModelling(RandomQueries),12435,0,0.62,1,0.5
dpctgan,ShadowModelling(RandomQueries),12435,1,0.66,1,0.5
dpctgan,ShadowModelling(RandomQueries),12435,0,0.53,1,0.5
dpctgan,ShadowModelling(RandomQueries),12435,1,0.6,1,0.5
dpctgan,ShadowModelling(RandomQueries),12435,0,0.34,0,0.5
dpctgan,ShadowModelling(RandomQueries),12435,1,0.45,0,0.5
dpctgan,ShadowModelling(RandomQueries),12435,0,0.53,1,0.5
dpctgan,ShadowModelling(RandomQueries),12435,1,0.54,1,0.5
dpctgan,ShadowModelling(RandomQueries),12435,0,0.6,1,0.5
dpctgan,ShadowModelling(RandomQueries),12435,1,0.61,1,0.5
dpctgan,ShadowModelling(RandomQueries),12435,0,0.33,0,0.5
dpctgan,ShadowModelling(RandomQueries),12435,1,0.47,0,0.5
dpctgan,ShadowModelling(RandomQueries),12435,0,0.44,0,0.5
dpctgan,ShadowModelling(RandomQueries),12435,1,0.59,1,0.5
dpctgan,ShadowModelling(RandomQueries),12435,0,0.48,0,0.5
dpctgan,ShadowModelling(RandomQueries),12435,1,0.33,0,0.5
dpctgan,ShadowModelling(RandomQueries),12435,0,0.37,0,0.5
dpctgan,ShadowModelling(RandomQueries),12435,1,0.45,0,0.5
dpctgan,ShadowModelling(RandomQueries),12435,0,0.55,1,0.5
dpctgan,ShadowModelling(RandomQueries),12435,1,0.65,1,0.5
dpctgan,ShadowModelling(RandomQueries),12435,0,0.54,1,0.5
dpctgan,ShadowModelling(RandomQueries),12435,1,0.48,0,0.5
dpctgan,ShadowModelling(RandomQueries),12435,0,0.47,0,0.5
dpctgan,ShadowModelling(RandomQueries),12435,1,0.47,0,0.5
dpctgan,ShadowModelling(RandomQueries),12435,0,0.35,0,0.5
dpctgan,ShadowModelling(RandomQueries),12435,1,0.51,1,0.5
dpctgan,ShadowModelling(RandomQueries),12435,0,0.77,1,0.5
dpctgan,ShadowModelling(RandomQueries),12435,1,0.35,0,0.5
dpctgan,ShadowModelling(RandomQueries),12435,0,0.32,0,0.5
dpctgan,ShadowModelling(RandomQueries),12435,1,0.44,0,0.5
dpctgan,ShadowModelling(RandomQueries),12435,0,0.4,0,0.5
dpctgan,ShadowModelling(RandomQueries),12435,1,0.53,1,0.5
dpctgan,ShadowModelling(RandomQueries),12435,0,0.58,1,0.5
dpctgan,ShadowModelling(RandomQueries),12435,1,0.48,0,0.5
dpctgan,ShadowModelling(RandomQueries),12435,0,0.3,0,0.5
dpctgan,ShadowModelling(RandomQueries),12435,1,0.52,1,0.5
dpctgan,ShadowModelling(RandomQueries),12435,0,0.59,1,0.5
dpctgan,ShadowModelling(RandomQueries),12435,1,0.61,1,0.5
dpctgan,ShadowModelling(RandomQueries),12435,0,0.51,1,0.5
dpctgan,ShadowModelling(RandomQueries),12435,1,0.46,0,0.5
dpctgan,ShadowModelling(RandomQueries),12435,0,0.53,1,0.5
dpctgan,ShadowModelling(RandomQueries),12435,1,0.31,0,0.5
dpctgan,ShadowModelling(RandomQueries),12435,0,0.66,1,0.5
dpctgan,ShadowModelling(RandomQueries),12435,1,0.45,0,0.5
dpctgan,ShadowModelling(RandomQueries),12435,0,0.5,0,0.5
dpctgan,ShadowModelling(RandomQueries),12435,1,0.62,1,0.5
dpctgan,ShadowModelling(RandomQueries),12435,0,0.52,1,0.5
dpctgan,ShadowModelling(RandomQueries),12435,1,0.47,0,0.5
dpctgan,ShadowModelling(RandomQueries),12435,0,0.54,1,0.5
dpctgan,ShadowModelling(RandomQueries),12435,1,0.5,0,0.5
dpctgan,ShadowModelling(RandomQueries),12435,0,0.46,0,0.5
dpctgan,ShadowModelling(RandomQueries),12435,1,0.57,1,0.5
dpctgan,ShadowModelling(RandomQueries),12435,0,0.62,1,0.5
dpctgan,ShadowModelling(RandomQueries),12435,1,0.29,0,0.5
dpctgan,ShadowModelling(RandomQueries),12435,0,0.47,0,0.5
dpctgan,ShadowModelling(RandomQueries),12435,1,0.7,1,0.5
dpctgan,ShadowModelling(RandomQueries),12435,0,0.51,1,0.5
dpctgan,ShadowModelling(RandomQueries),12435,1,0.61,1,0.5
dpctgan,ShadowModelling(RandomQueries),12435,0,0.64,1,0.5
dpctgan,ShadowModelling(RandomQueries),12435,1,0.6,1,0.5
dpctgan,ShadowModelling(RandomQueries),12435,0,0.6,1,0.5
dpctgan,ShadowModelling(RandomQueries),12435,1,0.44,0,0.5
dpctgan,ShadowModelling(RandomQueries),12435,0,0.54,1,0.5
dpctgan,ShadowModelling(RandomQueries),12435,1,0.34,0,0.5
dpctgan,ShadowModelling(RandomQueries),12435,0,0.54,1,0.5
dpctgan,ShadowModelling(RandomQueries),12435,1,0.51,1,0.5
dpctgan,ShadowModelling(RandomQueries),12435,0,0.66,1,0.5
dpctgan,ShadowModelling(RandomQueries),12435,1,0.66,1,0.5
dpctgan,ShadowModelling(RandomQueries),12435,0,0.54,1,0.5
dpctgan,ShadowModelling(RandomQueries),12435,1,0.31,0,0.5
dpctgan,ShadowModelling(RandomQueries),12435,0,0.48,0,0.5
dpctgan,ShadowModelling(RandomQueries),12435,1,0.34,0,0.5
dpctgan,ShadowModelling(RandomQueries),12435,0,0.35,0,0.5
dpctgan,ShadowModelling(RandomQueries),12435,1,0.4,0,0.5
dpctgan,ShadowModelling(RandomQueries),12435,0,0.42,0,0.5
dpctgan,ShadowModelling(RandomQueries),12435,1,0.47,0,0.5
dpctgan,ShadowModelling(RandomQueries),12435,0,0.62,1,0.5
dpctgan,ShadowModelling(RandomQueries),12435,1,0.67,1,0.5
dpctgan,ShadowModelling(RandomQueries),12435,0,0.38,0,0.5
dpctgan,ShadowModelling(RandomQueries),12435,1,0.55,1,0.5
dpctgan,ShadowModelling(RandomQueries),12435,0,0.6,1,0.5
dpctgan,ShadowModelling(RandomQueries),12435,1,0.51,1,0.5
dpctgan,ShadowModelling(RandomQueries),12435,0,0.5,0,0.5
dpctgan,ShadowModelling(RandomQueries),12435,1,0.59,1,0.5
dpctgan,ShadowModelling(RandomQueries),12435,0,0.61,1,0.5
dpctgan,ShadowModelling(RandomQueries),12435,1,0.56,1,0.5
dpctgan,ShadowModelling(RandomQueries),12435,0,0.52,1,0.5
dpctgan,ShadowModelling(RandomQueries),12435,1,0.66,1,0.5
dpctgan,ShadowModelling(RandomQueries),12435,0,0.53,1,0.5
dpctgan,ShadowModelling(RandomQueries),12435,1,0.49,0,0.5
dpctgan,ShadowModelling(RandomQueries),12435,0,0.47,0,0.5
dpctgan,ShadowModelling(RandomQueries),12435,1,0.62,1,0.5
dpctgan,ShadowModelling(RandomQueries),12435,0,0.55,1,0.5
dpctgan,ShadowModelling(RandomQueries),12435,1,0.44,0,0.5
dpctgan,ShadowModelling(RandomQueries),12435,0,0.7,1,0.5
dpctgan,ShadowModelling(RandomQueries),12435,1,0.52,1,0.5
dpctgan,ShadowModelling(RandomQueries),12435,0,0.55,1,0.5
dpctgan,ShadowModelling(RandomQueries),12435,1,0.42,0,0.5
dpctgan,ShadowModelling(RandomQueries),12435,0,0.5,0,0.5
dpctgan,ShadowModelling(RandomQueries),12435,1,0.39,0,0.5
dpctgan,ShadowModelling(RandomQueries),12435,0,0.62,1,0.5
dpctgan,ShadowModelling(RandomQueries),12435,1,0.51,1,0.5
dpctgan,ShadowModelling(RandomQueries),12435,0,0.43,0,0.5
dpctgan,ShadowModelling(RandomQueries),12435,1,0.52,1,0.5
dpctgan,ShadowModelling(RandomQueries),12435,0,0.63,1,0.5
dpctgan,ShadowModelling(RandomQueries),12435,1,0.67,1,0.5
dpctgan,ShadowModelling(RandomQueries),12435,0,0.27,0,0.5
dpctgan,ShadowModelling(RandomQueries),12435,1,0.36,0,0.5
dpctgan,ShadowModelling(RandomQueries),12435,0,0.41,0,0.5
dpctgan,ShadowModelling(RandomQueries),12435,1,0.31,0,0.5
dpctgan,ShadowModelling(RandomQueries),12435,0,0.47,0,0.5
dpctgan,ShadowModelling(RandomQueries),12435,1,0.3,0,0.5
dpctgan,ShadowModelling(RandomQueries),12435,0,0.47,0,0.5
dpctgan,ShadowModelling(RandomQueries),12435,1,0.62,1,0.5
dpctgan,ShadowModelling(RandomQueries),12435,0,0.56,1,0.5
dpctgan,ShadowModelling(RandomQueries),12435,1,0.51,1,0.5
dpctgan,ShadowModelling(RandomQueries),12435,0,0.44,0,0.5
dpctgan,ShadowModelling(RandomQueries),12435,1,0.4,0,0.5
dpctgan,ShadowModelling(RandomQueries),12435,0,0.36,0,0.5
dpctgan,ShadowModelling(RandomQueries),12435,1,0.6,1,0.5
dpctgan,ShadowModelling(RandomQueries),12435,0,0.64,1,0.5
dpctgan,ShadowModelling(RandomQueries),12435,1,0.53,1,0.5
dpctgan,ShadowModelling(RandomQueries),12435,0,0.57,1,0.5
dpctgan,ShadowModelling(RandomQueries),12435,1,0.62,1,0.5
dpctgan,ShadowModelling(RandomQueries),12435,0,0.59,1,0.5
dpctgan,ShadowModelling(RandomQueries),12435,1,0.59,1,0.5
dpctgan,ShadowModelling(RandomQueries),12435,0,0.59,1,0.5
dpctgan,ShadowModelling(RandomQueries),12435,1,0.63,1,0.5
dpctgan,ShadowModelling(RandomQueries),12435,0,0.56,1,0.5
dpctgan,ShadowModelling(RandomQueries),12435,1,0.5,0,0.5
dpctgan,ShadowModelling(RandomQueries),12435,0,0.61,1,0.5
dpctgan,ShadowModelling(RandomQueries),12435,1,0.72,1,0.5
dpctgan,ShadowModelling(RandomQueries),12435,0,0.39,0,0.5
dpctgan,ShadowModelling(RandomQueries),12435,1,0.53,1,0.5
dpctgan,ShadowModelling(RandomQueries),12435,0,0.61,1,0.5
dpctgan,ShadowModelling(RandomQueries),12435,1,0.45,0,0.5
dpctgan,ShadowModelling(RandomQueries),12435,0,0.38,0,0.5
dpctgan,ShadowModelling(RandomQueries),12435,1,0.38,0,0.5
dpctgan,ShadowModelling(RandomQueries),12435,0,0.44,0,0.5
dpctgan,ShadowModelling(RandomQueries),12435,1,0.6,1,0.5
dpctgan,ShadowModelling(RandomQueries),12435,0,0.23,0,0.5
dpctgan,ShadowModelling(RandomQueries),12435,1,0.34,0,0.5
dpctgan,ShadowModelling(RandomQueries),12435,0,0.64,1,0.5
dpctgan,ShadowModelling(RandomQueries),12435,1,0.49,0,0.5
dpctgan,ShadowModelling(RandomQueries),12435,0,0.54,1,0.5
dpctgan,ShadowModelling(RandomQueries),12435,1,0.6,1,0.5
dpctgan,ShadowModelling(RandomQueries),12435,0,0.49,0,0.5
dpctgan,ShadowModelling(RandomQueries),12435,1,0.41,0,0.5
dpctgan,ShadowModelling(RandomQueries),12435,0,0.57,1,0.5
dpctgan,ShadowModelling(RandomQueries),12435,1,0.45,0,0.5
dpctgan,ShadowModelling(RandomQueries),12435,0,0.41,0,0.5
dpctgan,ShadowModelling(RandomQueries),12435,1,0.38,0,0.5
dpctgan,ShadowModelling(RandomQueries),12435,0,0.62,1,0.5
dpctgan,ShadowModelling(RandomQueries),12435,1,0.42,0,0.5
dpctgan,ShadowModelling(RandomQueries),12435,0,0.42,0,0.5
dpctgan,ShadowModelling(RandomQueries),12435,1,0.52,1,0.5
dpctgan,ShadowModelling(RandomQueries),12435,0,0.54,1,0.5
dpctgan,ShadowModelling(RandomQueries),12435,1,0.6,1,0.5
dpctgan,ShadowModelling(RandomQueries),12435,0,0.71,1,0.5
dpctgan,ShadowModelling(RandomQueries),12435,1,0.68,1,0.5
dpctgan,ShadowModelling(RandomQueries),12435,0,0.49,0,0.5
dpctgan,ShadowModelling(RandomQueries),12435,1,0.64,1,0.5
dpctgan,ShadowModelling(RandomQueries),12435,0,0.52,1,0.5
dpctgan,ShadowModelling(RandomQueries),12435,1,0.33,0,0.5
dpctgan,ShadowModelling(RandomQueries),12435,0,0.56,1,0.5
dpctgan,ShadowModelling(RandomQueries),12435,1,0.38,0,0.5
dpctgan,ShadowModelling(RandomQueries),12435,0,0.61,1,0.5
dpctgan,ShadowModelling(RandomQueries),12435,1,0.54,1,0.5
dpctgan,ShadowModelling(RandomQueries),12435,0,0.65,1,0.5
dpctgan,ShadowModelling(RandomQueries),12435,1,0.53,1,0.5
dpctgan,ShadowModelling(RandomQueries),12435,0,0.48,0,0.5
dpctgan,ShadowModelling(RandomQueries),12435,1,0.46,0,0.5
dpctgan,ShadowModelling(RandomQueries),12435,0,0.55,1,0.5
dpctgan,ShadowModelling(RandomQueries),12435,1,0.52,1,0.5
dpctgan,ShadowModelling(RandomQueries),12435,0,0.38,0,0.5
dpctgan,ShadowModelling(RandomQueries),12435,1,0.44,0,0.5
dpctgan,ShadowModelling(RandomQueries),12435,0,0.57,1,0.5
dpctgan,ShadowModelling(RandomQueries),12435,1,0.45,0,0.5
dpctgan,ShadowModelling(RandomQueries),12435,0,0.42,0,0.5
dpctgan,ShadowModelling(RandomQueries),12435,1,0.5,0,0.5
dpctgan,ShadowModelling(RandomQueries),12435,0,0.47,0,0.5
dpctgan,ShadowModelling(RandomQueries),12435,1,0.59,1,0.5
dpctgan,ShadowModelling(RandomQueries),12435,0,0.62,1,0.5
dpctgan,ShadowModelling(RandomQueries),12435,1,0.46,0,0.5
dpctgan,ShadowModelling(RandomQueries),12435,0,0.5,0,0.5
dpctgan,ShadowModelling(RandomQueries),12435,1,0.69,1,0.5
dpctgan,ShadowModelling(RandomQueries),12435,0,0.32,0,0.5
dpctgan,ShadowModelling(RandomQueries),12435,1,0.46,0,0.5
dpctgan,ShadowModelling(RandomQueries),12435,0,0.6,1,0.5
dpctgan,ShadowModelling(RandomQueries),12435,1,0.46,0,0.5
dpctgan,ShadowModelling(RandomQueries),12435,0,0.83,1,0.5
dpctgan,ShadowModelling(RandomQueries),12435,1,0.62,1,0.5
dpctgan,ShadowModelling(RandomQueries),12435,0,0.53,1,0.5
dpctgan,ShadowModelling(RandomQueries),12435,1,0.74,1,0.5
dpctgan,ShadowModelling(RandomQueries),12435,0,0.56,1,0.5
dpctgan,ShadowModelling(RandomQueries),12435,1,0.36,0,0.5
dpctgan,ShadowModelling(RandomQueries),12435,0,0.46,0,0.5
dpctgan,ShadowModelling(RandomQueries),12435,1,0.26,0,0.5
dpctgan,ShadowModelling(RandomQueries),12435,0,0.66,1,0.5
dpctgan,ShadowModelling(RandomQueries),12435,1,0.44,0,0.5
dpctgan,ShadowModelling(RandomQueries),12435,0,0.32,0,0.5
dpctgan,ShadowModelling(RandomQueries),12435,1,0.63,1,0.5
dpctgan,ShadowModelling(RandomQueries),12435,0,0.54,1,0.5
dpctgan,ShadowModelling(RandomQueries),12435,1,0.47,0,0.5
dpctgan,ShadowModelling(RandomQueries),12435,0,0.5,0,0.5
dpctgan,ShadowModelling(RandomQueries),12435,1,0.47,0,0.5
dpctgan,ShadowModelling(RandomQueries),12435,0,0.45,0,0.5
dpctgan,ShadowModelling(RandomQueries),12435,1,0.61,1,0.5
dpctgan,ShadowModelling(RandomQueries),12435,0,0.58,1,0.5
dpctgan,ShadowModelling(RandomQueries),12435,1,0.58,1,0.5
dpctgan,ShadowModelling(RandomQueries),12435,0,0.29,0,0.5
dpctgan,ShadowModelling(RandomQueries),12435,1,0.42,0,0.5
dpctgan,ShadowModelling(RandomQueries),12435,0,0.22,0,0.5
dpctgan,ShadowModelling(RandomQueries),12435,1,0.4,0,0.5
dpctgan,ShadowModelling(RandomQueries),12435,0,0.5,0,0.5
dpctgan,ShadowModelling(RandomQueries),12435,1,0.41,0,0.5
dpctgan,ShadowModelling(RandomQueries),12435,0,0.7,1,0.5
dpctgan,ShadowModelling(RandomQueries),12435,1,0.54,1,0.5
dpctgan,ShadowModelling(RandomQueries),12435,0,0.55,1,0.5
dpctgan,ShadowModelling(RandomQueries),12435,1,0.33,0,0.5
dpctgan,ShadowModelling(RandomQueries),12435,0,0.38,0,0.5
dpctgan,ShadowModelling(RandomQueries),12435,1,0.57,1,0.5
dpctgan,ShadowModelling(RandomQueries),12435,0,0.44,0,0.5
dpctgan,ShadowModelling(RandomQueries),12435,1,0.53,1,0.5
dpctgan,ShadowModelling(RandomQueries),12435,0,0.58,1,0.5
dpctgan,ShadowModelling(RandomQueries),12435,1,0.5,0,0.5
dpctgan,ShadowModelling(RandomQueries),12435,0,0.44,0,0.5
dpctgan,ShadowModelling(RandomQueries),12435,1,0.89,1,0.5
dpctgan,ShadowModelling(RandomQueries),12435,0,0.53,1,0.5
dpctgan,ShadowModelling(RandomQueries),12435,1,0.56,1,0.5
dpctgan,ShadowModelling(RandomQueries),12435,0,0.68,1,0.5
dpctgan,ShadowModelling(RandomQueries),12435,1,0.44,0,0.5
dpctgan,ShadowModelling(RandomQueries),12435,0,0.47,0,0.5
dpctgan,ShadowModelling(RandomQueries),12435,1,0.47,0,0.5
dpctgan,ShadowModelling(RandomQueries),12435,0,0.47,0,0.5
dpctgan,ShadowModelling(RandomQueries),12435,1,0.57,1,0.5
dpctgan,ShadowModelling(RandomQueries),12435,0,0.66,1,0.5
dpctgan,ShadowModelling(RandomQueries),12435,1,0.24,0,0.5
dpctgan,ShadowModelling(RandomQueries),12435,0,0.62,1,0.5
dpctgan,ShadowModelling(RandomQueries),12435,1,0.6,1,0.5
dpctgan,ShadowModelling(RandomQueries),12435,0,0.53,1,0.5
dpctgan,ShadowModelling(RandomQueries),12435,1,0.58,1,0.5
dpctgan,ShadowModelling(RandomQueries),12435,0,0.4,0,0.5
dpctgan,ShadowModelling(RandomQueries),12435,1,0.58,1,0.5
dpctgan,ShadowModelling(RandomQueries),12435,0,0.54,1,0.5
dpctgan,ShadowModelling(RandomQueries),12435,1,0.39,0,0.5
dpctgan,ShadowModelling(RandomQueries),12435,0,0.58,1,0.5
dpctgan,ShadowModelling(RandomQueries),12435,1,0.34,0,0.5
dpctgan,ShadowModelling(RandomQueries),12435,0,0.38,0,0.5
dpctgan,ShadowModelling(RandomQueries),12435,1,0.55,1,0.5
dpctgan,ShadowModelling(RandomQueries),12435,0,0.53,1,0.5
dpctgan,ShadowModelling(RandomQueries),12435,1,0.41,0,0.5
dpctgan,ShadowModelling(RandomQueries),12435,0,0.31,0,0.5
dpctgan,ShadowModelling(RandomQueries),12435,1,0.36,0,0.5
dpctgan,ShadowModelling(RandomQueries),12435,0,0.5,0,0.5
dpctgan,ShadowModelling(RandomQueries),12435,1,0.48,0,0.5
dpctgan,ShadowModelling(RandomQueries),12435,0,0.73,1,0.5
dpctgan,ShadowModelling(RandomQueries),12435,1,0.68,1,0.5
dpctgan,ShadowModelling(RandomQueries),12435,0,0.57,1,0.5
dpctgan,ShadowModelling(RandomQueries),12435,1,0.44,0,0.5
dpctgan,ShadowModelling(RandomQueries),12435,0,0.33,0,0.5
dpctgan,ShadowModelling(RandomQueries),12435,1,0.66,1,0.5
dpctgan,ShadowModelling(RandomQueries),12435,0,0.48,0,0.5
dpctgan,ShadowModelling(RandomQueries),12435,1,0.43,0,0.5
dpctgan,ShadowModelling(RandomQueries),12435,0,0.49,0,0.5
dpctgan,ShadowModelling(RandomQueries),12435,1,0.41,0,0.5
dpctgan,ShadowModelling(RandomQueries),12435,0,0.7,1,0.5
dpctgan,ShadowModelling(RandomQueries),12435,1,0.59,1,0.5
dpctgan,ShadowModelling(RandomQueries),12435,0,0.38,0,0.5
dpctgan,ShadowModelling(RandomQueries),12435,1,0.52,1,0.5
dpctgan,ShadowModelling(RandomQueries),12435,0,0.62,1,0.5
dpctgan,ShadowModelling(RandomQueries),12435,1,0.54,1,0.5
dpctgan,ShadowModelling(RandomQueries),12435,0,0.27,0,0.5
dpctgan,ShadowModelling(RandomQueries),12435,1,0.3,0,0.5
dpctgan,ShadowModelling(RandomQueries),12435,0,0.41,0,0.5
dpctgan,ShadowModelling(RandomQueries),12435,1,0.5,0,0.5
dpctgan,ShadowModelling(RandomQueries),12435,0,0.33,0,0.5
dpctgan,ShadowModelling(RandomQueries),12435,1,0.59,1,0.5
dpctgan,ShadowModelling(RandomQueries),12435,0,0.66,1,0.5
dpctgan,ShadowModelling(RandomQueries),12435,1,0.54,1,0.5
dpctgan,ShadowModelling(RandomQueries),12435,0,0.55,1,0.5
dpctgan,ShadowModelling(RandomQueries),12435,1,0.43,0,0.5
dpctgan,ShadowModelling(RandomQueries),12435,0,0.5,0,0.5
dpctgan,ShadowModelling(RandomQueries),12435,1,0.47,0,0.5
dpctgan,ShadowModelling(RandomQueries),12435,0,0.59,1,0.5
dpctgan,ShadowModelling(RandomQueries),12435,1,0.36,0,0.5
dpctgan,ShadowModelling(RandomQueries),12435,0,0.47,0,0.5
dpctgan,ShadowModelling(RandomQueries),12435,1,0.52,1,0.5
dpctgan,ShadowModelling(RandomQueries),12435,0,0.26,0,0.5
dpctgan,ShadowModelling(RandomQueries),12435,1,0.65,1,0.5
dpctgan,ShadowModelling(RandomQueries),12435,0,0.6,1,0.5
dpctgan,ShadowModelling(RandomQueries),12435,1,0.42,0,0.5
dpctgan,ShadowModelling(RandomQueries),12435,0,0.57,1,0.5
dpctgan,ShadowModelling(RandomQueries),12435,1,0.64,1,0.5
dpctgan,ShadowModelling(RandomQueries),12435,0,0.33,0,0.5
dpctgan,ShadowModelling(RandomQueries),12435,1,0.33,0,0.5
dpctgan,ShadowModelling(RandomQueries),12435,0,0.42,0,0.5
dpctgan,ShadowModelling(RandomQueries),12435,1,0.43,0,0.5
dpctgan,ShadowModelling(RandomQueries),12435,0,0.53,1,0.5
dpctgan,ShadowModelling(RandomQueries),12435,1,0.6,1,0.5
dpctgan,ShadowModelling(RandomQueries),12435,0,0.31,0,0.5
dpctgan,ShadowModelling(RandomQueries),12435,1,0.5,0,0.5
dpctgan,ShadowModelling(RandomQueries),12435,0,0.4,0,0.5
dpctgan,ShadowModelling(RandomQueries),12435,1,0.46,0,0.5
dpctgan,ShadowModelling(RandomQueries),12435,0,0.55,1,0.5
dpctgan,ShadowModelling(RandomQueries),12435,1,0.68,1,0.5
dpctgan,ShadowModelling(RandomQueries),12435,0,0.44,0,0.5
dpctgan,ShadowModelling(RandomQueries),12435,1,0.3,0,0.5
dpctgan,ShadowModelling(RandomQueries),12435,0,0.5,0,0.5
dpctgan,ShadowModelling(RandomQueries),12435,1,0.51,1,0.5
dpctgan,ShadowModelling(RandomQueries),12435,0,0.42,0,0.5
dpctgan,ShadowModelling(RandomQueries),12435,1,0.69,1,0.5
dpctgan,ShadowModelling(RandomQueries),12435,0,0.32,0,0.5
dpctgan,ShadowModelling(RandomQueries),12435,1,0.47,0,0.5
dpctgan,ShadowModelling(RandomQueries),12435,0,0.51,1,0.5
dpctgan,ShadowModelling(RandomQueries),12435,1,0.38,0,0.5
dpctgan,ShadowModelling(RandomQueries),12435,0,0.36,0,0.5
dpctgan,ShadowModelling(RandomQueries),12435,1,0.41,0,0.5
dpctgan,ShadowModelling(RandomQueries),12435,0,0.51,1,0.5
dpctgan,ShadowModelling(RandomQueries),12435,1,0.45,0,0.5
dpctgan,ShadowModelling(RandomQueries),12435,0,0.43,0,0.5
dpctgan,ShadowModelling(RandomQueries),12435,1,0.5,0,0.5
dpctgan,ShadowModelling(RandomQueries),12435,0,0.59,1,0.5
dpctgan,ShadowModelling(RandomQueries),12435,1,0.52,1,0.5
dpctgan,ShadowModelling(RandomQueries),12435,0,0.51,1,0.5
dpctgan,ShadowModelling(RandomQueries),12435,1,0.33,0,0.5
dpctgan,ShadowModelling(RandomQueries),12435,0,0.48,0,0.5
dpctgan,ShadowModelling(RandomQueries),12435,1,0.52,1,0.5
dpctgan,ShadowModelling(RandomQueries),12435,0,0.66,1,0.5
dpctgan,ShadowModelling(RandomQueries),12435,1,0.49,0,0.5
dpctgan,ShadowModelling(RandomQueries),12435,0,0.45,0,0.5
dpctgan,ShadowModelling(RandomQueries),12435,1,0.48,0,0.5
dpctgan,ShadowModelling(RandomQueries),12435,0,0.55,1,0.5
dpctgan,ShadowModelling(RandomQueries),12435,1,0.69,1,0.5
dpctgan,ShadowModelling(RandomQueries),12435,0,0.44,0,0.5
dpctgan,ShadowModelling(RandomQueries),12435,1,0.53,1,0.5
dpctgan,ShadowModelling(RandomQueries),12435,0,0.4,0,0.5
dpctgan,ShadowModelling(RandomQueries),12435,1,0.45,0,0.5
dpctgan,ShadowModelling(RandomQueries),12435,0,0.59,1,0.5
dpctgan,ShadowModelling(RandomQueries),12435,1,0.61,1,0.5
dpctgan,ShadowModelling(RandomQueries),12435,0,0.56,1,0.5
dpctgan,ShadowModelling(RandomQueries),12435,1,0.61,1,0.5
dpctgan,ShadowModelling(RandomQueries),12435,0,0.19,0,0.5
dpctgan,ShadowModelling(RandomQueries),12435,1,0.37,0,0.5
dpctgan,ShadowModelling(RandomQueries),12435,0,0.53,1,0.5
dpctgan,ShadowModelling(RandomQueries),12435,1,0.63,1,0.5
dpctgan,ShadowModelling(RandomQueries),12435,0,0.51,1,0.5
dpctgan,ShadowModelling(RandomQueries),12435,1,0.7,1,0.5
dpctgan,ShadowModelling(RandomQueries),12435,0,0.43,0,0.5
dpctgan,ShadowModelling(RandomQueries),12435,1,0.45,0,0.5
dpctgan,ShadowModelling(RandomQueries),12435,0,0.57,1,0.5
dpctgan,ShadowModelling(RandomQueries),12435,1,0.56,1,0.5
dpctgan,ShadowModelling(RandomQueries),12435,0,0.6,1,0.5
dpctgan,ShadowModelling(RandomQueries),12435,1,0.39,0,0.5
dpctgan,ShadowModelling(RandomQueries),12435,0,0.23,0,0.5
dpctgan,ShadowModelling(RandomQueries),12435,1,0.45,0,0.5
dpctgan,ShadowModelling(RandomQueries),12435,0,0.65,1,0.5
dpctgan,ShadowModelling(RandomQueries),12435,1,0.37,0,0.5
dpctgan,ShadowModelling(RandomQueries),12435,0,0.42,0,0.5
dpctgan,ShadowModelling(RandomQueries),12435,1,0.49,0,0.5
dpctgan,ShadowModelling(RandomQueries),12435,0,0.46,0,0.5
dpctgan,ShadowModelling(RandomQueries),12435,1,0.4,0,0.5
dpctgan,ShadowModelling(RandomQueries),12435,0,0.56,1,0.5
dpctgan,ShadowModelling(RandomQueries),12435,1,0.49,0,0.5
dpctgan,ShadowModelling(RandomQueries),12435,0,0.74,1,0.5
dpctgan,ShadowModelling(RandomQueries),12435,1,0.32,0,0.5
dpctgan,ShadowModelling(RandomQueries),12435,0,0.45,0,0.5
dpctgan,ShadowModelling(RandomQueries),12435,1,0.3,0,0.5
dpctgan,ShadowModelling(RandomQueries),12435,0,0.51,1,0.5
dpctgan,ShadowModelling(RandomQueries),12435,1,0.51,1,0.5
dpctgan,ShadowModelling(RandomQueries),12435,0,0.42,0,0.5
dpctgan,ShadowModelling(RandomQueries),12435,1,0.31,0,0.5
dpctgan,ShadowModelling(RandomQueries),12435,0,0.51,1,0.5
dpctgan,ShadowModelling(RandomQueries),12435,1,0.36,0,0.5
dpctgan,ShadowModelling(RandomQueries),12435,0,0.39,0,0.5
dpctgan,ShadowModelling(RandomQueries),12435,1,0.41,0,0.5
dpctgan,ShadowModelling(RandomQueries),12435,0,0.48,0,0.5
dpctgan,ShadowModelling(RandomQueries),12435,1,0.42,0,0.5
dpctgan,ShadowModelling(RandomQueries),12435,0,0.74,1,0.5
dpctgan,ShadowModelling(RandomQueries),12435,1,0.51,1,0.5
dpctgan,ShadowModelling(RandomQueries),12435,0,0.46,0,0.5
dpctgan,ShadowModelling(RandomQueries),12435,1,0.52,1,0.5
dpctgan,ShadowModelling(RandomQueries),12435,0,0.22,0,0.5
dpctgan,ShadowModelling(RandomQueries),12435,1,0.44,0,0.5
dpctgan,ShadowModelling(RandomQueries),12435,0,0.59,1,0.5
dpctgan,ShadowModelling(RandomQueries),12435,1,0.6,1,0.5
dpctgan,ShadowModelling(RandomQueries),12435,0,0.52,1,0.5
dpctgan,ShadowModelling(RandomQueries),12435,1,0.56,1,0.5
dpctgan,ShadowModelling(RandomQueries),12435,0,0.64,1,0.5
dpctgan,ShadowModelling(RandomQueries),12435,1,0.42,0,0.5
dpctgan,ShadowModelling(RandomQueries),12435,0,0.53,1,0.5
dpctgan,ShadowModelling(RandomQueries),12435,1,0.42,0,0.5
dpctgan,ShadowModelling(RandomQueries),12435,0,0.7,1,0.5
dpctgan,ShadowModelling(RandomQueries),12435,1,0.52,1,0.5
dpctgan,ShadowModelling(RandomQueries),12435,0,0.81,1,0.5
dpctgan,ShadowModelling(RandomQueries),12435,1,0.4,0,0.5
dpctgan,ShadowModelling(RandomQueries),12435,0,0.34,0,0.5
dpctgan,ShadowModelling(RandomQueries),12435,1,0.31,0,0.5
dpctgan,ShadowModelling(RandomQueries),12435,0,0.54,1,0.5
dpctgan,ShadowModelling(RandomQueries),12435,1,0.53,1,0.5
dpctgan,ShadowModelling(RandomQueries),12435,0,0.48,0,0.5
dpctgan,ShadowModelling(RandomQueries),12435,1,0.4,0,0.5
dpctgan,ShadowModelling(RandomQueries),12435,0,0.39,0,0.5
dpctgan,ShadowModelling(RandomQueries),12435,1,0.44,0,0.5
dpctgan,ShadowModelling(RandomQueries),12435,0,0.52,1,0.5
dpctgan,ShadowModelling(RandomQueries),12435,1,0.29,0,0.5
dpctgan,ShadowModelling(RandomQueries),12435,0,0.54,1,0.5
dpctgan,ShadowModelling(RandomQueries),12435,1,0.51,1,0.5
dpctgan,ShadowModelling(RandomQueries),12435,0,0.62,1,0.5
dpctgan,ShadowModelling(RandomQueries),12435,1,0.54,1,0.5
dpctgan,ShadowModelling(RandomQueries),12435,0,0.49,0,0.5
dpctgan,ShadowModelling(RandomQueries),12435,1,0.43,0,0.5
dpctgan,ShadowModelling(RandomQueries),12435,0,0.57,1,0.5
dpctgan,ShadowModelling(RandomQueries),12435,1,0.41,0,0.5
dpctgan,ShadowModelling(RandomQueries),12435,0,0.41,0,0.5
dpctgan,ShadowModelling(RandomQueries),12435,1,0.32,0,0.5
dpctgan,ShadowModelling(RandomQueries),12435,0,0.49,0,0.5
dpctgan,ShadowModelling(RandomQueries),12435,1,0.77,1,0.5
dpctgan,ShadowModelling(RandomQueries),12435,0,0.61,1,0.5
dpctgan,ShadowModelling(RandomQueries),12435,1,0.5,0,0.5
dpctgan,ShadowModelling(RandomQueries),12435,0,0.57,1,0.5
dpctgan,ShadowModelling(RandomQueries),12435,1,0.44,0,0.5
dpctgan,ShadowModelling(RandomQueries),12435,0,0.31,0,0.5
dpctgan,ShadowModelling(RandomQueries),12435,1,0.51,1,0.5
dpctgan,ShadowModelling(RandomQueries),12435,0,0.58,1,0.5
dpctgan,ShadowModelling(RandomQueries),12435,1,0.34,0,0.5
dpctgan,ShadowModelling(RandomQueries),12435,0,0.45,0,0.5
dpctgan,ShadowModelling(RandomQueries),12435,1,0.58,1,0.5
dpctgan,ShadowModelling(RandomQueries),12435,0,0.86,1,0.5
dpctgan,ShadowModelling(RandomQueries),12435,1,0.46,0,0.5
dpctgan,ShadowModelling(RandomQueries),12435,0,0.47,0,0.5
dpctgan,ShadowModelling(RandomQueries),12435,1,0.41,0,0.5
dpctgan,ShadowModelling(RandomQueries),12435,0,0.52,1,0.5
dpctgan,ShadowModelling(RandomQueries),12435,1,0.59,1,0.5
dpctgan,ShadowModelling(RandomQueries),12435,0,0.61,1,0.5
dpctgan,ShadowModelling(RandomQueries),12435,1,0.46,0,0.5
dpctgan,ShadowModelling(RandomQueries),12435,0,0.44,0,0.5
dpctgan,ShadowModelling(RandomQueries),12435,1,0.39,0,0.5
dpctgan,ShadowModelling(RandomQueries),12435,0,0.44,0,0.5
dpctgan,ShadowModelling(RandomQueries),12435,1,0.64,1,0.5
dpctgan,ShadowModelling(RandomQueries),12435,0,0.53,1,0.5
dpctgan,ShadowModelling(RandomQueries),12435,1,0.38,0,0.5
dpctgan,ShadowModelling(RandomQueries),12435,0,0.38,0,0.5
dpctgan,ShadowModelling(RandomQueries),12435,1,0.51,1,0.5
dpctgan,ShadowModelling(RandomQueries),12435,0,0.58,1,0.5
dpctgan,ShadowModelling(RandomQueries),12435,1,0.24,0,0.5
dpctgan,ShadowModelling(RandomQueries),12435,0,0.4,0,0.5
dpctgan,ShadowModelling(RandomQueries),12435,1,0.54,1,0.5
dpctgan,ShadowModelling(RandomQueries),12435,0,0.36,0,0.5
dpctgan,ShadowModelling(RandomQueries),12435,1,0.57,1,0.5
dpctgan,ShadowModelling(RandomQueries),12435,0,0.49,0,0.5
dpctgan,ShadowModelling(RandomQueries),12435,1,0.49,0,0.5
dpctgan,ShadowModelling(RandomQueries),12435,0,0.6,1,0.5
dpctgan,ShadowModelling(RandomQueries),12435,1,0.65,1,0.5
dpctgan,ShadowModelling(RandomQueries),12435,0,0.44,0,0.5
dpctgan,ShadowModelling(RandomQueries),12435,1,0.39,0,0.5
dpctgan,ShadowModelling(RandomQueries),12435,0,0.48,0,0.5
dpctgan,ShadowModelling(RandomQueries),12435,1,0.55,1,0.5
dpctgan,ShadowModelling(RandomQueries),12435,0,0.54,1,0.5
dpctgan,ShadowModelling(RandomQueries),12435,1,0.48,0,0.5
dpctgan,ShadowModelling(RandomQueries),12435,0,0.45,0,0.5
dpctgan,ShadowModelling(RandomQueries),12435,1,0.63,1,0.5
dpctgan,ShadowModelling(RandomQueries),12435,0,0.58,1,0.5
dpctgan,ShadowModelling(RandomQueries),12435,1,0.26,0,0.5
dpctgan,ShadowModelling(RandomQueries),12435,0,0.33,0,0.5
dpctgan,ShadowModelling(RandomQueries),12435,1,0.78,1,0.5
dpctgan,ShadowModelling(RandomQueries),12435,0,0.48,0,0.5
dpctgan,ShadowModelling(RandomQueries),12435,1,0.51,1,0.5
dpctgan,ShadowModelling(RandomQueries),12435,0,0.46,0,0.5
dpctgan,ShadowModelling(RandomQueries),12435,1,0.4,0,0.5
dpctgan,ShadowModelling(RandomQueries),12435,0,0.55,1,0.5
dpctgan,ShadowModelling(RandomQueries),12435,1,0.24,0,0.5
dpctgan,ShadowModelling(RandomQueries),12435,0,0.44,0,0.5
dpctgan,ShadowModelling(RandomQueries),12435,1,0.66,1,0.5
dpctgan,ShadowModelling(RandomQueries),12435,0,0.45,0,0.5
dpctgan,ShadowModelling(RandomQueries),12435,1,0.59,1,0.5
dpctgan,ShadowModelling(RandomQueries),12435,0,0.46,0,0.5
dpctgan,ShadowModelling(RandomQueries),12435,1,0.48,0,0.5
dpctgan,ShadowModelling(RandomQueries),12435,0,0.53,1,0.5
dpctgan,ShadowModelling(RandomQueries),12435,1,0.52,1,0.5
dpctgan,ShadowModelling(RandomQueries),12435,0,0.6,1,0.5
dpctgan,ShadowModelling(RandomQueries),12435,1,0.52,1,0.5
dpctgan,ShadowModelling(RandomQueries),12435,0,0.5,0,0.5
dpctgan,ShadowModelling(RandomQueries),12435,1,0.42,0,0.5
dpctgan,ShadowModelling(RandomQueries),12435,0,0.36,0,0.5
dpctgan,ShadowModelling(RandomQueries),12435,1,0.44,0,0.5
dpctgan,ShadowModelling(RandomQueries),12435,0,0.58,1,0.5
dpctgan,ShadowModelling(RandomQueries),12435,1,0.64,1,0.5
dpctgan,ShadowModelling(RandomQueries),12435,0,0.55,1,0.5
dpctgan,ShadowModelling(RandomQueries),12435,1,0.5,0,0.5
dpctgan,ShadowModelling(RandomQueries),12435,0,0.5,0,0.5
dpctgan,ShadowModelling(RandomQueries),12435,1,0.55,1,0.5
dpctgan,ShadowModelling(RandomQueries),12435,0,0.47,0,0.5
dpctgan,ShadowModelling(RandomQueries),12435,1,0.52,1,0.5
dpctgan,ShadowModelling(RandomQueries),12435,0,0.56,1,0.5
dpctgan,ShadowModelling(RandomQueries),12435,1,0.53,1,0.5
dpctgan,ShadowModelling(RandomQueries),12435,0,0.55,1,0.5
dpctgan,ShadowModelling(RandomQueries),12435,1,0.59,1,0.5
dpctgan,ShadowModelling(RandomQueries),12435,0,0.33,0,0.5
dpctgan,ShadowModelling(RandomQueries),12435,1,0.43,0,0.5
dpctgan,ShadowModelling(RandomQueries),12435,0,0.52,1,0.5
dpctgan,ShadowModelling(RandomQueries),12435,1,0.33,0,0.5
dpctgan,ShadowModelling(RandomQueries),12435,0,0.54,1,0.5
dpctgan,ShadowModelling(RandomQueries),12435,1,0.28,0,0.5
dpctgan,ShadowModelling(RandomQueries),12435,0,0.44,0,0.5
dpctgan,ShadowModelling(RandomQueries),12435,1,0.43,0,0.5
dpctgan,ShadowModelling(RandomQueries),12435,0,0.42,0,0.5
dpctgan,ShadowModelling(RandomQueries),12435,1,0.46,0,0.5
dpctgan,ShadowModelling(RandomQueries),12435,0,0.61,1,0.5
dpctgan,ShadowModelling(RandomQueries),12435,1,0.47,0,0.5
dpctgan,ShadowModelling(RandomQueries),12435,0,0.4,0,0.5
dpctgan,ShadowModelling(RandomQueries),12435,1,0.44,0,0.5
dpctgan,ShadowModelling(RandomQueries),12435,0,0.42,0,0.5
dpctgan,ShadowModelling(RandomQueries),12435,1,0.52,1,0.5
dpctgan,ShadowModelling(RandomQueries),12435,0,0.73,1,0.5
dpctgan,ShadowModelling(RandomQueries),12435,1,0.47,0,0.5
dpctgan,ShadowModelling(RandomQueries),12435,0,0.38,0,0.5
dpctgan,ShadowModelling(RandomQueries),12435,1,0.56,1,0.5
dpctgan,ShadowModelling(RandomQueries),12435,0,0.41,0,0.5
dpctgan,ShadowModelling(RandomQueries),12435,1,0.59,1,0.5
dpctgan,ShadowModelling(RandomQueries),12435,0,0.49,0,0.5
dpctgan,ShadowModelling(RandomQueries),12435,1,0.54,1,0.5
dpctgan,ShadowModelling(RandomQueries),12435,0,0.6,1,0.5
dpctgan,ShadowModelling(RandomQueries),12435,1,0.59,1,0.5
dpctgan,ShadowModelling(RandomQueries),12435,0,0.58,1,0.5
dpctgan,ShadowModelling(RandomQueries),12435,1,0.49,0,0.5
dpctgan,ShadowModelling(RandomQueries),12435,0,0.39,0,0.5
dpctgan,ShadowModelling(RandomQueries),12435,1,0.58,1,0.5
dpctgan,ShadowModelling(RandomQueries),12435,0,0.43,0,0.5
dpctgan,ShadowModelling(RandomQueries),12435,1,0.53,1,0.5
dpctgan,ShadowModelling(RandomQueries),12435,0,0.27,0,0.5
dpctgan,ShadowModelling(RandomQueries),12435,1,0.5,0,0.5
dpctgan,ShadowModelling(RandomQueries),12435,0,0.57,1,0.5
dpctgan,ShadowModelling(RandomQueries),12435,1,0.59,1,0.5
dpctgan,ShadowModelling(RandomQueries),12435,0,0.52,1,0.5
dpctgan,ShadowModelling(RandomQueries),12435,1,0.7,1,0.5
dpctgan,ShadowModelling(RandomQueries),12435,0,0.65,1,0.5
dpctgan,ShadowModelling(RandomQueries),12435,1,0.5,0,0.5
dpctgan,ShadowModelling(RandomQueries),12435,0,0.66,1,0.5
dpctgan,ShadowModelling(RandomQueries),12435,1,0.39,0,0.5
dpctgan,ShadowModelling(RandomQueries),12435,0,0.43,0,0.5
dpctgan,ShadowModelling(RandomQueries),12435,1,0.41,0,0.5
dpctgan,ShadowModelling(RandomQueries),12435,0,0.32,0,0.5
dpctgan,ShadowModelling(RandomQueries),12435,1,0.56,1,0.5
dpctgan,ShadowModelling(RandomQueries),12435,0,0.39,0,0.5
dpctgan,ShadowModelling(RandomQueries),12435,1,0.42,0,0.5
dpctgan,ShadowModelling(RandomQueries),12435,0,0.54,1,0.5
dpctgan,ShadowModelling(RandomQueries),12435,1,0.38,0,0.5
dpctgan,ShadowModelling(RandomQueries),12435,0,0.52,1,0.5
dpctgan,ShadowModelling(RandomQueries),12435,1,0.57,1,0.5
dpctgan,ShadowModelling(RandomQueries),12435,0,0.42,0,0.5
dpctgan,ShadowModelling(RandomQueries),12435,1,0.56,1,0.5
dpctgan,ShadowModelling(RandomQueries),12435,0,0.35,0,0.5
dpctgan,ShadowModelling(RandomQueries),12435,1,0.56,1,0.5
dpctgan,ShadowModelling(RandomQueries),12435,0,0.52,1,0.5
dpctgan,ShadowModelling(RandomQueries),12435,1,0.47,0,0.5
dpctgan,ShadowModelling(RandomQueries),12435,0,0.46,0,0.5
dpctgan,ShadowModelling(RandomQueries),12435,1,0.63,1,0.5
dpctgan,ShadowModelling(RandomQueries),12435,0,0.38,0,0.5
dpctgan,ShadowModelling(RandomQueries),12435,1,0.45,0,0.5
dpctgan,ShadowModelling(RandomQueries),12435,0,0.55,1,0.5
dpctgan,ShadowModelling(RandomQueries),12435,1,0.61,1,0.5
dpctgan,ShadowModelling(RandomQueries),12435,0,0.49,0,0.5
dpctgan,ShadowModelling(RandomQueries),12435,1,0.63,1,0.5
dpctgan,ShadowModelling(RandomQueries),12435,0,0.65,1,0.5
dpctgan,ShadowModelling(RandomQueries),12435,1,0.43,0,0.5
dpctgan,ShadowModelling(RandomQueries),12435,0,0.59,1,0.5
dpctgan,ShadowModelling(RandomQueries),12435,1,0.58,1,0.5
dpctgan,ShadowModelling(RandomQueries),12435,0,0.29,0,0.5
dpctgan,ShadowModelling(RandomQueries),12435,1,0.45,0,0.5
dpctgan,ShadowModelling(RandomQueries),12435,0,0.35,0,0.5
dpctgan,ShadowModelling(RandomQueries),12435,1,0.62,1,0.5
dpctgan,ShadowModelling(RandomQueries),12435,0,0.54,1,0.5
dpctgan,ShadowModelling(RandomQueries),12435,1,0.62,1,0.5
dpctgan,ShadowModelling(RandomQueries),12435,0,0.28,0,0.5
dpctgan,ShadowModelling(RandomQueries),12435,1,0.49,0,0.5
dpctgan,ShadowModelling(RandomQueries),12435,0,0.44,0,0.5
dpctgan,ShadowModelling(RandomQueries),12435,1,0.53,1,0.5
dpctgan,ShadowModelling(RandomQueries),12435,0,0.59,1,0.5
dpctgan,ShadowModelling(RandomQueries),12435,1,0.45,0,0.5
dpctgan,ShadowModelling(RandomQueries),12435,0,0.43,0,0.5
dpctgan,ShadowModelling(RandomQueries),12435,1,0.5,0,0.5
dpctgan,ShadowModelling(RandomQueries),12435,0,0.43,0,0.5
dpctgan,ShadowModelling(RandomQueries),12435,1,0.44,0,0.5
dpctgan,ShadowModelling(RandomQueries),12435,0,0.28,0,0.5
dpctgan,ShadowModelling(RandomQueries),12435,1,0.62,1,0.5
dpctgan,ShadowModelling(RandomQueries),12435,0,0.76,1,0.5
dpctgan,ShadowModelling(RandomQueries),12435,1,0.58,1,0.5
dpctgan,ShadowModelling(RandomQueries),12435,0,0.5,0,0.5
dpctgan,ShadowModelling(RandomQueries),12435,1,0.55,1,0.5
dpctgan,ShadowModelling(RandomQueries),12435,0,0.34,0,0.5
dpctgan,ShadowModelling(RandomQueries),12435,1,0.66,1,0.5
dpctgan,ShadowModelling(RandomQueries),12435,0,0.45,0,0.5
dpctgan,ShadowModelling(RandomQueries),12435,1,0.64,1,0.5
dpctgan,ShadowModelling(RandomQueries),12435,0,0.75,1,0.5
dpctgan,ShadowModelling(RandomQueries),12435,1,0.66,1,0.5
dpctgan,ShadowModelling(RandomQueries),12435,0,0.51,1,0.5
dpctgan,ShadowModelling(RandomQueries),12435,1,0.48,0,0.5
dpctgan,ShadowModelling(RandomQueries),12435,0,0.51,1,0.5
dpctgan,ShadowModelling(RandomQueries),12435,1,0.7,1,0.5
dpctgan,ShadowModelling(RandomQueries),12435,0,0.46,0,0.5
dpctgan,ShadowModelling(RandomQueries),12435,1,0.48,0,0.5
dpctgan,ShadowModelling(RandomQueries),12435,0,0.62,1,0.5
dpctgan,ShadowModelling(RandomQueries),12435,1,0.66,1,0.5
dpctgan,ShadowModelling(RandomQueries),12435,0,0.64,1,0.5
dpctgan,ShadowModelling(RandomQueries),12435,1,0.43,0,0.5
dpctgan,ShadowModelling(RandomQueries),12435,0,0.35,0,0.5
dpctgan,ShadowModelling(RandomQueries),12435,1,0.6,1,0.5
dpctgan,ShadowModelling(RandomQueries),12435,0,0.55,1,0.5
dpctgan,ShadowModelling(RandomQueries),12435,1,0.49,0,0.5
dpctgan,ShadowModelling(RandomQueries),12435,0,0.48,0,0.5
dpctgan,ShadowModelling(RandomQueries),12435,1,0.58,1,0.5
dpctgan,ShadowModelling(RandomQueries),12435,0,0.37,0,0.5
dpctgan,ShadowModelling(RandomQueries),12435,1,0.55,1,0.5
dpctgan,ShadowModelling(RandomQueries),12435,0,0.8,1,0.5
dpctgan,ShadowModelling(RandomQueries),12435,1,0.38,0,0.5
dpctgan,ShadowModelling(RandomQueries),12435,0,0.58,1,0.5
dpctgan,ShadowModelling(RandomQueries),12435,1,0.54,1,0.5
dpctgan,ShadowModelling(RandomQueries),12435,0,0.47,0,0.5
dpctgan,ShadowModelling(RandomQueries),12435,1,0.69,1,0.5
dpctgan,ShadowModelling(RandomQueries),12435,0,0.48,0,0.5
dpctgan,ShadowModelling(RandomQueries),12435,1,0.51,1,0.5
dpctgan,ShadowModelling(RandomQueries),12435,0,0.67,1,0.5
dpctgan,ShadowModelling(RandomQueries),12435,1,0.4,0,0.5
dpctgan,ShadowModelling(RandomQueries),12435,0,0.55,1,0.5
dpctgan,ShadowModelling(RandomQueries),12435,1,0.63,1,0.5
dpctgan,ShadowModelling(RandomQueries),12435,0,0.44,0,0.5
dpctgan,ShadowModelling(RandomQueries),12435,1,0.52,1,0.5
dpctgan,ShadowModelling(RandomQueries),12435,0,0.4,0,0.5
dpctgan,ShadowModelling(RandomQueries),12435,1,0.59,1,0.5
dpctgan,ShadowModelling(RandomQueries),12435,0,0.53,1,0.5
dpctgan,ShadowModelling(RandomQueries),12435,1,0.43,0,0.5
dpctgan,ShadowModelling(RandomQueries),12435,0,0.58,1,0.5
dpctgan,ShadowModelling(RandomQueries),12435,1,0.52,1,0.5
dpctgan,ShadowModelling(RandomQueries),12435,0,0.39,0,0.5
dpctgan,ShadowModelling(RandomQueries),12435,1,0.55,1,0.5
dpctgan,ShadowModelling(RandomQueries),12435,0,0.65,1,0.5
dpctgan,ShadowModelling(RandomQueries),12435,1,0.39,0,0.5
dpctgan,ShadowModelling(RandomQueries),12435,0,0.41,0,0.5
dpctgan,ShadowModelling(RandomQueries),12435,1,0.52,1,0.5
dpctgan,ShadowModelling(RandomQueries),12435,0,0.35,0,0.5
dpctgan,ShadowModelling(RandomQueries),12435,1,0.49,0,0.5
dpctgan,ShadowModelling(RandomQueries),12435,0,0.46,0,0.5
dpctgan,ShadowModelling(RandomQueries),12435,1,0.38,0,0.5
dpctgan,ShadowModelling(RandomQueries),12435,0,0.66,1,0.5
dpctgan,ShadowModelling(RandomQueries),12435,1,0.51,1,0.5
dpctgan,ShadowModelling(RandomQueries),12435,0,0.49,0,0.5
dpctgan,ShadowModelling(RandomQueries),12435,1,0.45,0,0.5
dpctgan,ShadowModelling(RandomQueries),12435,0,0.38,0,0.5
dpctgan,ShadowModelling(RandomQueries),12435,1,0.36,0,0.5
dpctgan,ShadowModelling(RandomQueries),12435,0,0.61,1,0.5
dpctgan,ShadowModelling(RandomQueries),12435,1,0.62,1,0.5
dpctgan,ShadowModelling(RandomQueries),12435,0,0.33,0,0.5
dpctgan,ShadowModelling(RandomQueries),12435,1,0.46,0,0.5
dpctgan,ShadowModelling(RandomQueries),12435,0,0.48,0,0.5
dpctgan,ShadowModelling(RandomQueries),12435,1,0.46,0,0.5
dpctgan,ShadowModelling(RandomQueries),12435,0,0.42,0,0.5
dpctgan,ShadowModelling(RandomQueries),12435,1,0.41,0,0.5
dpctgan,ShadowModelling(RandomQueries),12435,0,0.59,1,0.5
dpctgan,ShadowModelling(RandomQueries),12435,1,0.48,0,0.5
dpctgan,ShadowModelling(RandomQueries),12435,0,0.45,0,0.5
dpctgan,ShadowModelling(RandomQueries),12435,1,0.49,0,0.5
dpctgan,ShadowModelling(RandomQueries),12435,0,0.42,0,0.5
dpctgan,ShadowModelling(RandomQueries),12435,1,0.6,1,0.5
dpctgan,ShadowModelling(RandomQueries),12435,0,0.38,0,0.5
dpctgan,ShadowModelling(RandomQueries),12435,1,0.51,1,0.5
dpctgan,ShadowModelling(RandomQueries),12435,0,0.36,0,0.5
dpctgan,ShadowModelling(RandomQueries),12435,1,0.59,1,0.5
dpctgan,ShadowModelling(RandomQueries),12435,0,0.41,0,0.5
dpctgan,ShadowModelling(RandomQueries),12435,1,0.56,1,0.5
dpctgan,ShadowModelling(RandomQueries),12435,0,0.57,1,0.5
dpctgan,ShadowModelling(RandomQueries),12435,1,0.46,0,0.5
dpctgan,ShadowModelling(RandomQueries),12435,0,0.5,0,0.5
dpctgan,ShadowModelling(RandomQueries),12435,1,0.76,1,0.5
dpctgan,ShadowModelling(RandomQueries),12435,0,0.69,1,0.5
dpctgan,ShadowModelling(RandomQueries),12435,1,0.69,1,0.5
dpctgan,ShadowModelling(RandomQueries),12435,0,0.43,0,0.5
dpctgan,ShadowModelling(RandomQueries),12435,1,0.36,0,0.5
dpctgan,ShadowModelling(RandomQueries),12435,0,0.47,0,0.5
dpctgan,ShadowModelling(RandomQueries),12435,1,0.56,1,0.5
dpctgan,ShadowModelling(RandomQueries),12435,0,0.71,1,0.5
dpctgan,ShadowModelling(RandomQueries),12435,1,0.53,1,0.5
dpctgan,ShadowModelling(RandomQueries),12435,0,0.41,0,0.5
dpctgan,ShadowModelling(RandomQueries),12435,1,0.18,0,0.5
dpctgan,ShadowModelling(RandomQueries),12435,0,0.48,0,0.5
dpctgan,ShadowModelling(RandomQueries),12435,1,0.31,0,0.5
dpctgan,ShadowModelling(RandomQueries),12435,0,0.48,0,0.5
dpctgan,ShadowModelling(RandomQueries),12435,1,0.3,0,0.5
dpctgan,ShadowModelling(RandomQueries),12435,0,0.34,0,0.5
dpctgan,ShadowModelling(RandomQueries),12435,1,0.75,1,0.5
dpctgan,ShadowModelling(RandomQueries),12435,0,0.27,0,0.5
dpctgan,ShadowModelling(RandomQueries),12435,1,0.56,1,0.5
dpctgan,ShadowModelling(RandomQueries),12435,0,0.32,0,0.5
dpctgan,ShadowModelling(RandomQueries),12435,1,0.38,0,0.5
dpctgan,ShadowModelling(RandomQueries),12435,0,0.36,0,0.5
dpctgan,ShadowModelling(RandomQueries),12435,1,0.59,1,0.5
dpctgan,ShadowModelling(RandomQueries),12435,0,0.63,1,0.5
dpctgan,ShadowModelling(RandomQueries),12435,1,0.81,1,0.5
dpctgan,ShadowModelling(RandomQueries),12435,0,0.68,1,0.5
dpctgan,ShadowModelling(RandomQueries),12435,1,0.49,0,0.5
dpctgan,ShadowModelling(RandomQueries),12435,0,0.5,0,0.5
dpctgan,ShadowModelling(RandomQueries),12435,1,0.52,1,0.5
dpctgan,ShadowModelling(RandomQueries),12435,0,0.34,0,0.5
dpctgan,ShadowModelling(RandomQueries),12435,1,0.44,0,0.5
dpctgan,ShadowModelling(RandomQueries),12435,0,0.44,0,0.5
dpctgan,ShadowModelling(RandomQueries),12435,1,0.38,0,0.5
dpctgan,ShadowModelling(RandomQueries),12435,0,0.58,1,0.5
dpctgan,ShadowModelling(RandomQueries),12435,1,0.52,1,0.5
dpctgan,ShadowModelling(RandomQueries),12435,0,0.31,0,0.5
dpctgan,ShadowModelling(RandomQueries),12435,1,0.47,0,0.5
dpctgan,ShadowModelling(RandomQueries),12435,0,0.56,1,0.5
dpctgan,ShadowModelling(RandomQueries),12435,1,0.41,0,0.5
dpctgan,ShadowModelling(RandomQueries),12435,0,0.38,0,0.5
dpctgan,ShadowModelling(RandomQueries),12435,1,0.48,0,0.5
dpctgan,ShadowModelling(RandomQueries),12435,0,0.56,1,0.5
dpctgan,ShadowModelling(RandomQueries),12435,1,0.46,0,0.5
dpctgan,ShadowModelling(RandomQueries),12435,0,0.53,1,0.5
dpctgan,ShadowModelling(RandomQueries),12435,1,0.3,0,0.5
dpctgan,ShadowModelling(RandomQueries),12435,0,0.36,0,0.5
dpctgan,ShadowModelling(RandomQueries),12435,1,0.42,0,0.5
dpctgan,ShadowModelling(RandomQueries),12435,0,0.49,0,0.5
dpctgan,ShadowModelling(RandomQueries),12435,1,0.76,1,0.5
dpctgan,ShadowModelling(RandomQueries),12435,0,0.54,1,0.5
dpctgan,ShadowModelling(RandomQueries),12435,1,0.45,0,0.5
dpctgan,ShadowModelling(RandomQueries),12435,0,0.34,0,0.5
dpctgan,ShadowModelling(RandomQueries),12435,1,0.26,0,0.5
dpctgan,ShadowModelling(RandomQueries),12435,0,0.43,0,0.5
dpctgan,ShadowModelling(RandomQueries),12435,1,0.55,1,0.5
dpctgan,ShadowModelling(RandomQueries),12435,0,0.37,0,0.5
dpctgan,ShadowModelling(RandomQueries),12435,1,0.44,0,0.5
dpctgan,ShadowModelling(RandomQueries),12435,0,0.46,0,0.5
dpctgan,ShadowModelling(RandomQueries),12435,1,0.7,1,0.5
dpctgan,ShadowModelling(RandomQueries),12435,0,0.4,0,0.5
dpctgan,ShadowModelling(RandomQueries),12435,1,0.42,0,0.5
dpctgan,ShadowModelling(RandomQueries),12435,0,0.62,1,0.5
dpctgan,ShadowModelling(RandomQueries),12435,1,0.41,0,0.5
dpctgan,ShadowModelling(RandomQueries),12435,0,0.48,0,0.5
dpctgan,ShadowModelling(RandomQueries),12435,1,0.31,0,0.5
dpctgan,ShadowModelling(RandomQueries),12435,0,0.57,1,0.5
dpctgan,ShadowModelling(RandomQueries),12435,1,0.44,0,0.5
dpctgan,ShadowModelling(RandomQueries),12435,0,0.54,1,0.5
dpctgan,ShadowModelling(RandomQueries),12435,1,0.67,1,0.5
dpctgan,ShadowModelling(RandomQueries),12435,0,0.36,0,0.5
dpctgan,ShadowModelling(RandomQueries),12435,1,0.36,0,0.5
dpctgan,ShadowModelling(RandomQueries),12435,0,0.56,1,0.5
dpctgan,ShadowModelling(RandomQueries),12435,1,0.37,0,0.5
dpctgan,ShadowModelling(RandomQueries),12435,0,0.52,1,0.5
dpctgan,ShadowModelling(RandomQueries),12435,1,0.39,0,0.5
dpctgan,ShadowModelling(RandomQueries),12435,0,0.43,0,0.5
dpctgan,ShadowModelling(RandomQueries),12435,1,0.53,1,0.5
dpctgan,ShadowModelling(RandomQueries),12435,0,0.51,1,0.5
dpctgan,ShadowModelling(RandomQueries),12435,1,0.53,1,0.5
dpctgan,ShadowModelling(RandomQueries),12435,0,0.4,0,0.5
dpctgan,ShadowModelling(RandomQueries),12435,1,0.3,0,0.5
dpctgan,ShadowModelling(RandomQueries),12435,0,0.48,0,0.5
dpctgan,ShadowModelling(RandomQueries),12435,1,0.66,1,0.5
dpctgan,ShadowModelling(RandomQueries),12435,0,0.6,1,0.5
dpctgan,ShadowModelling(RandomQueries),12435,1,0.34,0,0.5
dpctgan,ShadowModelling(RandomQueries),12435,0,0.62,1,0.5
dpctgan,"LocalNeighbourhood(L_2, 0.250411558405805, accuracy)",12435,1,0.0,0,inf
dpctgan,"LocalNeighbourhood(L_2, 0.250411558405805, accuracy)",12435,0,0.0,0,inf
dpctgan,"LocalNeighbourhood(L_2, 0.250411558405805, accuracy)",12435,1,0.0,0,inf
dpctgan,"LocalNeighbourhood(L_2, 0.250411558405805, accuracy)",12435,0,0.0,0,inf
dpctgan,"LocalNeighbourhood(L_2, 0.250411558405805, accuracy)",12435,1,0.0,0,inf
dpctgan,"LocalNeighbourhood(L_2, 0.250411558405805, accuracy)",12435,0,0.0,0,inf
dpctgan,"LocalNeighbourhood(L_2, 0.250411558405805, accuracy)",12435,1,0.0,0,inf
dpctgan,"LocalNeighbourhood(L_2, 0.250411558405805, accuracy)",12435,0,0.0,0,inf
dpctgan,"LocalNeighbourhood(L_2, 0.250411558405805, accuracy)",12435,1,0.0,0,inf
dpctgan,"LocalNeighbourhood(L_2, 0.250411558405805, accuracy)",12435,0,0.0,0,inf
dpctgan,"LocalNeighbourhood(L_2, 0.250411558405805, accuracy)",12435,1,0.0,0,inf
dpctgan,"LocalNeighbourhood(L_2, 0.250411558405805, accuracy)",12435,0,0.0,0,inf
dpctgan,"LocalNeighbourhood(L_2, 0.250411558405805, accuracy)",12435,1,0.0,0,inf
dpctgan,"LocalNeighbourhood(L_2, 0.250411558405805, accuracy)",12435,0,0.0,0,inf
dpctgan,"LocalNeighbourhood(L_2, 0.250411558405805, accuracy)",12435,1,0.0,0,inf
dpctgan,"LocalNeighbourhood(L_2, 0.250411558405805, accuracy)",12435,0,0.0,0,inf
dpctgan,"LocalNeighbourhood(L_2, 0.250411558405805, accuracy)",12435,1,0.0,0,inf
dpctgan,"LocalNeighbourhood(L_2, 0.250411558405805, accuracy)",12435,0,0.0,0,inf
dpctgan,"LocalNeighbourhood(L_2, 0.250411558405805, accuracy)",12435,1,0.0,0,inf
dpctgan,"LocalNeighbourhood(L_2, 0.250411558405805, accuracy)",12435,0,0.0,0,inf
dpctgan,"LocalNeighbourhood(L_2, 0.250411558405805, accuracy)",12435,1,0.0,0,inf
dpctgan,"LocalNeighbourhood(L_2, 0.250411558405805, accuracy)",12435,0,0.0,0,inf
dpctgan,"LocalNeighbourhood(L_2, 0.250411558405805, accuracy)",12435,1,0.0,0,inf
dpctgan,"LocalNeighbourhood(L_2, 0.250411558405805, accuracy)",12435,0,0.0,0,inf
dpctgan,"LocalNeighbourhood(L_2, 0.250411558405805, accuracy)",12435,1,0.0,0,inf
dpctgan,"LocalNeighbourhood(L_2, 0.250411558405805, accuracy)",12435,0,0.0,0,inf
dpctgan,"LocalNeighbourhood(L_2, 0.250411558405805, accuracy)",12435,1,0.0,0,inf
dpctgan,"LocalNeighbourhood(L_2, 0.250411558405805, accuracy)",12435,0,0.0,0,inf
dpctgan,"LocalNeighbourhood(L_2, 0.250411558405805, accuracy)",12435,1,0.0,0,inf
dpctgan,"LocalNeighbourhood(L_2, 0.250411558405805, accuracy)",12435,0,0.0,0,inf
dpctgan,"LocalNeighbourhood(L_2, 0.250411558405805, accuracy)",12435,1,0.0,0,inf
dpctgan,"LocalNeighbourhood(L_2, 0.250411558405805, accuracy)",12435,0,0.0,0,inf
dpctgan,"LocalNeighbourhood(L_2, 0.250411558405805, accuracy)",12435,1,0.0,0,inf
dpctgan,"LocalNeighbourhood(L_2, 0.250411558405805, accuracy)",12435,0,0.0,0,inf
dpctgan,"LocalNeighbourhood(L_2, 0.250411558405805, accuracy)",12435,1,0.0,0,inf
dpctgan,"LocalNeighbourhood(L_2, 0.250411558405805, accuracy)",12435,0,0.0,0,inf
dpctgan,"LocalNeighbourhood(L_2, 0.250411558405805, accuracy)",12435,1,0.0,0,inf
dpctgan,"LocalNeighbourhood(L_2, 0.250411558405805, accuracy)",12435,0,0.0,0,inf
dpctgan,"LocalNeighbourhood(L_2, 0.250411558405805, accuracy)",12435,1,0.0,0,inf
dpctgan,"LocalNeighbourhood(L_2, 0.250411558405805, accuracy)",12435,0,0.0,0,inf
dpctgan,"LocalNeighbourhood(L_2, 0.250411558405805, accuracy)",12435,1,0.0,0,inf
dpctgan,"LocalNeighbourhood(L_2, 0.250411558405805, accuracy)",12435,0,0.0,0,inf
dpctgan,"LocalNeighbourhood(L_2, 0.250411558405805, accuracy)",12435,1,0.0,0,inf
dpctgan,"LocalNeighbourhood(L_2, 0.250411558405805, accuracy)",12435,0,0.0,0,inf
dpctgan,"LocalNeighbourhood(L_2, 0.250411558405805, accuracy)",12435,1,0.0,0,inf
dpctgan,"LocalNeighbourhood(L_2, 0.250411558405805, accuracy)",12435,0,0.0,0,inf
dpctgan,"LocalNeighbourhood(L_2, 0.250411558405805, accuracy)",12435,1,0.0,0,inf
dpctgan,"LocalNeighbourhood(L_2, 0.250411558405805, accuracy)",12435,0,0.0,0,inf
dpctgan,"LocalNeighbourhood(L_2, 0.250411558405805, accuracy)",12435,1,0.0,0,inf
dpctgan,"LocalNeighbourhood(L_2, 0.250411558405805, accuracy)",12435,0,0.0,0,inf
dpctgan,"LocalNeighbourhood(L_2, 0.250411558405805, accuracy)",12435,1,0.0,0,inf
dpctgan,"LocalNeighbourhood(L_2, 0.250411558405805, accuracy)",12435,0,0.0,0,inf
dpctgan,"LocalNeighbourhood(L_2, 0.250411558405805, accuracy)",12435,1,0.0,0,inf
dpctgan,"LocalNeighbourhood(L_2, 0.250411558405805, accuracy)",12435,0,0.0,0,inf
dpctgan,"LocalNeighbourhood(L_2, 0.250411558405805, accuracy)",12435,1,0.0,0,inf
dpctgan,"LocalNeighbourhood(L_2, 0.250411558405805, accuracy)",12435,0,0.0,0,inf
dpctgan,"LocalNeighbourhood(L_2, 0.250411558405805, accuracy)",12435,1,0.0,0,inf
dpctgan,"LocalNeighbourhood(L_2, 0.250411558405805, accuracy)",12435,0,0.0,0,inf
dpctgan,"LocalNeighbourhood(L_2, 0.250411558405805, accuracy)",12435,1,0.0,0,inf
dpctgan,"LocalNeighbourhood(L_2, 0.250411558405805, accuracy)",12435,0,0.0,0,inf
dpctgan,"LocalNeighbourhood(L_2, 0.250411558405805, accuracy)",12435,1,0.0,0,inf
dpctgan,"LocalNeighbourhood(L_2, 0.250411558405805, accuracy)",12435,0,0.0,0,inf
dpctgan,"LocalNeighbourhood(L_2, 0.250411558405805, accuracy)",12435,1,0.0,0,inf
dpctgan,"LocalNeighbourhood(L_2, 0.250411558405805, accuracy)",12435,0,0.0,0,inf
dpctgan,"LocalNeighbourhood(L_2, 0.250411558405805, accuracy)",12435,1,0.0,0,inf
dpctgan,"LocalNeighbourhood(L_2, 0.250411558405805, accuracy)",12435,0,0.0,0,inf
dpctgan,"LocalNeighbourhood(L_2, 0.250411558405805, accuracy)",12435,1,0.0,0,inf
dpctgan,"LocalNeighbourhood(L_2, 0.250411558405805, accuracy)",12435,0,0.0,0,inf
dpctgan,"LocalNeighbourhood(L_2, 0.250411558405805, accuracy)",12435,1,0.0,0,inf
dpctgan,"LocalNeighbourhood(L_2, 0.250411558405805, accuracy)",12435,0,0.0,0,inf
dpctgan,"LocalNeighbourhood(L_2, 0.250411558405805, accuracy)",12435,1,0.0,0,inf
dpctgan,"LocalNeighbourhood(L_2, 0.250411558405805, accuracy)",12435,0,0.0,0,inf
dpctgan,"LocalNeighbourhood(L_2, 0.250411558405805, accuracy)",12435,1,0.0,0,inf
dpctgan,"LocalNeighbourhood(L_2, 0.250411558405805, accuracy)",12435,0,0.0,0,inf
dpctgan,"LocalNeighbourhood(L_2, 0.250411558405805, accuracy)",12435,1,0.0,0,inf
dpctgan,"LocalNeighbourhood(L_2, 0.250411558405805, accuracy)",12435,0,0.0,0,inf
dpctgan,"LocalNeighbourhood(L_2, 0.250411558405805, accuracy)",12435,1,0.0,0,inf
dpctgan,"LocalNeighbourhood(L_2, 0.250411558405805, accuracy)",12435,0,0.0,0,inf
dpctgan,"LocalNeighbourhood(L_2, 0.250411558405805, accuracy)",12435,1,0.0,0,inf
dpctgan,"LocalNeighbourhood(L_2, 0.250411558405805, accuracy)",12435,0,0.0,0,inf
dpctgan,"LocalNeighbourhood(L_2, 0.250411558405805, accuracy)",12435,1,0.0,0,inf
dpctgan,"LocalNeighbourhood(L_2, 0.250411558405805, accuracy)",12435,0,0.0,0,inf
dpctgan,"LocalNeighbourhood(L_2, 0.250411558405805, accuracy)",12435,1,0.0,0,inf
dpctgan,"LocalNeighbourhood(L_2, 0.250411558405805, accuracy)",12435,0,0.0,0,inf
dpctgan,"LocalNeighbourhood(L_2, 0.250411558405805, accuracy)",12435,1,0.0,0,inf
dpctgan,"LocalNeighbourhood(L_2, 0.250411558405805, accuracy)",12435,0,0.0,0,inf
dpctgan,"LocalNeighbourhood(L_2, 0.250411558405805, accuracy)",12435,1,0.0,0,inf
dpctgan,"LocalNeighbourhood(L_2, 0.250411558405805, accuracy)",12435,0,0.0,0,inf
dpctgan,"LocalNeighbourhood(L_2, 0.250411558405805, accuracy)",12435,1,0.0,0,inf
dpctgan,"LocalNeighbourhood(L_2, 0.250411558405805, accuracy)",12435,0,0.0,0,inf
dpctgan,"LocalNeighbourhood(L_2, 0.250411558405805, accuracy)",12435,1,0.0,0,inf
dpctgan,"LocalNeighbourhood(L_2, 0.250411558405805, accuracy)",12435,0,0.0,0,inf
dpctgan,"LocalNeighbourhood(L_2, 0.250411558405805, accuracy)",12435,1,0.0,0,inf
dpctgan,"LocalNeighbourhood(L_2, 0.250411558405805, accuracy)",12435,0,0.0,0,inf
dpctgan,"LocalNeighbourhood(L_2, 0.250411558405805, accuracy)",12435,1,0.0,0,inf
dpctgan,"LocalNeighbourhood(L_2, 0.250411558405805, accuracy)",12435,0,0.0,0,inf
dpctgan,"LocalNeighbourhood(L_2, 0.250411558405805, accuracy)",12435,1,0.0,0,inf
dpctgan,"LocalNeighbourhood(L_2, 0.250411558405805, accuracy)",12435,0,0.0,0,inf
dpctgan,"LocalNeighbourhood(L_2, 0.250411558405805, accuracy)",12435,1,0.0,0,inf
dpctgan,"LocalNeighbourhood(L_2, 0.250411558405805, accuracy)",12435,0,0.0,0,inf
dpctgan,"LocalNeighbourhood(L_2, 0.250411558405805, accuracy)",12435,1,0.0,0,inf
dpctgan,"LocalNeighbourhood(L_2, 0.250411558405805, accuracy)",12435,0,0.0,0,inf
dpctgan,"LocalNeighbourhood(L_2, 0.250411558405805, accuracy)",12435,1,0.0,0,inf
dpctgan,"LocalNeighbourhood(L_2, 0.250411558405805, accuracy)",12435,0,0.0,0,inf
dpctgan,"LocalNeighbourhood(L_2, 0.250411558405805, accuracy)",12435,1,0.0,0,inf
dpctgan,"LocalNeighbourhood(L_2, 0.250411558405805, accuracy)",12435,0,0.0,0,inf
dpctgan,"LocalNeighbourhood(L_2, 0.250411558405805, accuracy)",12435,1,0.0,0,inf
dpctgan,"LocalNeighbourhood(L_2, 0.250411558405805, accuracy)",12435,0,0.0,0,inf
dpctgan,"LocalNeighbourhood(L_2, 0.250411558405805, accuracy)",12435,1,0.0,0,inf
dpctgan,"LocalNeighbourhood(L_2, 0.250411558405805, accuracy)",12435,0,0.0,0,inf
dpctgan,"LocalNeighbourhood(L_2, 0.250411558405805, accuracy)",12435,1,0.0,0,inf
dpctgan,"LocalNeighbourhood(L_2, 0.250411558405805, accuracy)",12435,0,0.0,0,inf
dpctgan,"LocalNeighbourhood(L_2, 0.250411558405805, accuracy)",12435,1,0.0,0,inf
dpctgan,"LocalNeighbourhood(L_2, 0.250411558405805, accuracy)",12435,0,0.0,0,inf
dpctgan,"LocalNeighbourhood(L_2, 0.250411558405805, accuracy)",12435,1,0.0,0,inf
dpctgan,"LocalNeighbourhood(L_2, 0.250411558405805, accuracy)",12435,0,0.0,0,inf
dpctgan,"LocalNeighbourhood(L_2, 0.250411558405805, accuracy)",12435,1,0.0,0,inf
dpctgan,"LocalNeighbourhood(L_2, 0.250411558405805, accuracy)",12435,0,0.0,0,inf
dpctgan,"LocalNeighbourhood(L_2, 0.250411558405805, accuracy)",12435,1,0.0,0,inf
dpctgan,"LocalNeighbourhood(L_2, 0.250411558405805, accuracy)",12435,0,0.0,0,inf
dpctgan,"LocalNeighbourhood(L_2, 0.250411558405805, accuracy)",12435,1,0.0,0,inf
dpctgan,"LocalNeighbourhood(L_2, 0.250411558405805, accuracy)",12435,0,0.0,0,inf
dpctgan,"LocalNeighbourhood(L_2, 0.250411558405805, accuracy)",12435,1,0.0,0,inf
dpctgan,"LocalNeighbourhood(L_2, 0.250411558405805, accuracy)",12435,0,0.0,0,inf
dpctgan,"LocalNeighbourhood(L_2, 0.250411558405805, accuracy)",12435,1,0.0,0,inf
dpctgan,"LocalNeighbourhood(L_2, 0.250411558405805, accuracy)",12435,0,0.0,0,inf
dpctgan,"LocalNeighbourhood(L_2, 0.250411558405805, accuracy)",12435,1,0.0,0,inf
dpctgan,"LocalNeighbourhood(L_2, 0.250411558405805, accuracy)",12435,0,0.0,0,inf
dpctgan,"LocalNeighbourhood(L_2, 0.250411558405805, accuracy)",12435,1,0.0,0,inf
dpctgan,"LocalNeighbourhood(L_2, 0.250411558405805, accuracy)",12435,0,0.0,0,inf
dpctgan,"LocalNeighbourhood(L_2, 0.250411558405805, accuracy)",12435,1,0.0,0,inf
dpctgan,"LocalNeighbourhood(L_2, 0.250411558405805, accuracy)",12435,0,0.0,0,inf
dpctgan,"LocalNeighbourhood(L_2, 0.250411558405805, accuracy)",12435,1,0.0,0,inf
dpctgan,"LocalNeighbourhood(L_2, 0.250411558405805, accuracy)",12435,0,0.0,0,inf
dpctgan,"LocalNeighbourhood(L_2, 0.250411558405805, accuracy)",12435,1,0.0,0,inf
dpctgan,"LocalNeighbourhood(L_2, 0.250411558405805, accuracy)",12435,0,0.0,0,inf
dpctgan,"LocalNeighbourhood(L_2, 0.250411558405805, accuracy)",12435,1,0.0,0,inf
dpctgan,"LocalNeighbourhood(L_2, 0.250411558405805, accuracy)",12435,0,0.0,0,inf
dpctgan,"LocalNeighbourhood(L_2, 0.250411558405805, accuracy)",12435,1,0.0,0,inf
dpctgan,"LocalNeighbourhood(L_2, 0.250411558405805, accuracy)",12435,0,0.0,0,inf
dpctgan,"LocalNeighbourhood(L_2, 0.250411558405805, accuracy)",12435,1,0.0,0,inf
dpctgan,"LocalNeighbourhood(L_2, 0.250411558405805, accuracy)",12435,0,0.0,0,inf
dpctgan,"LocalNeighbourhood(L_2, 0.250411558405805, accuracy)",12435,1,0.0,0,inf
dpctgan,"LocalNeighbourhood(L_2, 0.250411558405805, accuracy)",12435,0,0.0,0,inf
dpctgan,"LocalNeighbourhood(L_2, 0.250411558405805, accuracy)",12435,1,0.0,0,inf
dpctgan,"LocalNeighbourhood(L_2, 0.250411558405805, accuracy)",12435,0,0.0,0,inf
dpctgan,"LocalNeighbourhood(L_2, 0.250411558405805, accuracy)",12435,1,0.0,0,inf
dpctgan,"LocalNeighbourhood(L_2, 0.250411558405805, accuracy)",12435,0,0.0,0,inf
dpctgan,"LocalNeighbourhood(L_2, 0.250411558405805, accuracy)",12435,1,0.0,0,inf
dpctgan,"LocalNeighbourhood(L_2, 0.250411558405805, accuracy)",12435,0,0.0,0,inf
dpctgan,"LocalNeighbourhood(L_2, 0.250411558405805, accuracy)",12435,1,0.0,0,inf
dpctgan,"LocalNeighbourhood(L_2, 0.250411558405805, accuracy)",12435,0,0.0,0,inf
dpctgan,"LocalNeighbourhood(L_2, 0.250411558405805, accuracy)",12435,1,0.0,0,inf
dpctgan,"LocalNeighbourhood(L_2, 0.250411558405805, accuracy)",12435,0,0.0,0,inf
dpctgan,"LocalNeighbourhood(L_2, 0.250411558405805, accuracy)",12435,1,0.0,0,inf
dpctgan,"LocalNeighbourhood(L_2, 0.250411558405805, accuracy)",12435,0,0.0,0,inf
dpctgan,"LocalNeighbourhood(L_2, 0.250411558405805, accuracy)",12435,1,0.0,0,inf
dpctgan,"LocalNeighbourhood(L_2, 0.250411558405805, accuracy)",12435,0,0.0,0,inf
dpctgan,"LocalNeighbourhood(L_2, 0.250411558405805, accuracy)",12435,1,0.0,0,inf
dpctgan,"LocalNeighbourhood(L_2, 0.250411558405805, accuracy)",12435,0,0.0,0,inf
dpctgan,"LocalNeighbourhood(L_2, 0.250411558405805, accuracy)",12435,1,0.0,0,inf
dpctgan,"LocalNeighbourhood(L_2, 0.250411558405805, accuracy)",12435,0,0.0,0,inf
dpctgan,"LocalNeighbourhood(L_2, 0.250411558405805, accuracy)",12435,1,0.0,0,inf
dpctgan,"LocalNeighbourhood(L_2, 0.250411558405805, accuracy)",12435,0,0.0,0,inf
dpctgan,"LocalNeighbourhood(L_2, 0.250411558405805, accuracy)",12435,1,0.0,0,inf
dpctgan,"LocalNeighbourhood(L_2, 0.250411558405805, accuracy)",12435,0,0.0,0,inf
dpctgan,"LocalNeighbourhood(L_2, 0.250411558405805, accuracy)",12435,1,0.0,0,inf
dpctgan,"LocalNeighbourhood(L_2, 0.250411558405805, accuracy)",12435,0,0.0,0,inf
dpctgan,"LocalNeighbourhood(L_2, 0.250411558405805, accuracy)",12435,1,0.0,0,inf
dpctgan,"LocalNeighbourhood(L_2, 0.250411558405805, accuracy)",12435,0,0.0,0,inf
dpctgan,"LocalNeighbourhood(L_2, 0.250411558405805, accuracy)",12435,1,0.0,0,inf
dpctgan,"LocalNeighbourhood(L_2, 0.250411558405805, accuracy)",12435,0,0.0,0,inf
dpctgan,"LocalNeighbourhood(L_2, 0.250411558405805, accuracy)",12435,1,0.0,0,inf
dpctgan,"LocalNeighbourhood(L_2, 0.250411558405805, accuracy)",12435,0,0.0,0,inf
dpctgan,"LocalNeighbourhood(L_2, 0.250411558405805, accuracy)",12435,1,0.0,0,inf
dpctgan,"LocalNeighbourhood(L_2, 0.250411558405805, accuracy)",12435,0,0.0,0,inf
dpctgan,"LocalNeighbourhood(L_2, 0.250411558405805, accuracy)",12435,1,0.0,0,inf
dpctgan,"LocalNeighbourhood(L_2, 0.250411558405805, accuracy)",12435,0,0.0,0,inf
dpctgan,"LocalNeighbourhood(L_2, 0.250411558405805, accuracy)",12435,1,0.0,0,inf
dpctgan,"LocalNeighbourhood(L_2, 0.250411558405805, accuracy)",12435,0,0.0,0,inf
dpctgan,"LocalNeighbourhood(L_2, 0.250411558405805, accuracy)",12435,1,0.0,0,inf
dpctgan,"LocalNeighbourhood(L_2, 0.250411558405805, accuracy)",12435,0,0.0,0,inf
dpctgan,"LocalNeighbourhood(L_2, 0.250411558405805, accuracy)",12435,1,0.0,0,inf
dpctgan,"LocalNeighbourhood(L_2, 0.250411558405805, accuracy)",12435,0,0.0,0,inf
dpctgan,"LocalNeighbourhood(L_2, 0.250411558405805, accuracy)",12435,1,0.0,0,inf
dpctgan,"LocalNeighbourhood(L_2, 0.250411558405805, accuracy)",12435,0,0.0,0,inf
dpctgan,"LocalNeighbourhood(L_2, 0.250411558405805, accuracy)",12435,1,0.0,0,inf
dpctgan,"LocalNeighbourhood(L_2, 0.250411558405805, accuracy)",12435,0,0.0,0,inf
dpctgan,"LocalNeighbourhood(L_2, 0.250411558405805, accuracy)",12435,1,0.0,0,inf
dpctgan,"LocalNeighbourhood(L_2, 0.250411558405805, accuracy)",12435,0,0.0,0,inf
dpctgan,"LocalNeighbourhood(L_2, 0.250411558405805, accuracy)",12435,1,0.0,0,inf
dpctgan,"LocalNeighbourhood(L_2, 0.250411558405805, accuracy)",12435,0,0.0,0,inf
dpctgan,"LocalNeighbourhood(L_2, 0.250411558405805, accuracy)",12435,1,0.0,0,inf
dpctgan,"LocalNeighbourhood(L_2, 0.250411558405805, accuracy)",12435,0,0.0,0,inf
dpctgan,"LocalNeighbourhood(L_2, 0.250411558405805, accuracy)",12435,1,0.0,0,inf
dpctgan,"LocalNeighbourhood(L_2, 0.250411558405805, accuracy)",12435,0,0.0,0,inf
dpctgan,"LocalNeighbourhood(L_2, 0.250411558405805, accuracy)",12435,1,0.0,0,inf
dpctgan,"LocalNeighbourhood(L_2, 0.250411558405805, accuracy)",12435,0,0.0,0,inf
dpctgan,"LocalNeighbourhood(L_2, 0.250411558405805, accuracy)",12435,1,0.0,0,inf
dpctgan,"LocalNeighbourhood(L_2, 0.250411558405805, accuracy)",12435,0,0.0,0,inf
dpctgan,"LocalNeighbourhood(L_2, 0.250411558405805, accuracy)",12435,1,0.0,0,inf
dpctgan,"LocalNeighbourhood(L_2, 0.250411558405805, accuracy)",12435,0,0.0,0,inf
dpctgan,"LocalNeighbourhood(L_2, 0.250411558405805, accuracy)",12435,1,0.0,0,inf
dpctgan,"LocalNeighbourhood(L_2, 0.250411558405805, accuracy)",12435,0,0.0,0,inf
dpctgan,"LocalNeighbourhood(L_2, 0.250411558405805, accuracy)",12435,1,0.0,0,inf
dpctgan,"LocalNeighbourhood(L_2, 0.250411558405805, accuracy)",12435,0,0.0,0,inf
dpctgan,"LocalNeighbourhood(L_2, 0.250411558405805, accuracy)",12435,1,0.0,0,inf
dpctgan,"LocalNeighbourhood(L_2, 0.250411558405805, accuracy)",12435,0,0.0,0,inf
dpctgan,"LocalNeighbourhood(L_2, 0.250411558405805, accuracy)",12435,1,0.0,0,inf
dpctgan,"LocalNeighbourhood(L_2, 0.250411558405805, accuracy)",12435,0,0.0,0,inf
dpctgan,"LocalNeighbourhood(L_2, 0.250411558405805, accuracy)",12435,1,0.0,0,inf
dpctgan,"LocalNeighbourhood(L_2, 0.250411558405805, accuracy)",12435,0,0.0,0,inf
dpctgan,"LocalNeighbourhood(L_2, 0.250411558405805, accuracy)",12435,1,0.0,0,inf
dpctgan,"LocalNeighbourhood(L_2, 0.250411558405805, accuracy)",12435,0,0.0,0,inf
dpctgan,"LocalNeighbourhood(L_2, 0.250411558405805, accuracy)",12435,1,0.0,0,inf
dpctgan,"LocalNeighbourhood(L_2, 0.250411558405805, accuracy)",12435,0,0.0,0,inf
dpctgan,"LocalNeighbourhood(L_2, 0.250411558405805, accuracy)",12435,1,0.0,0,inf
dpctgan,"LocalNeighbourhood(L_2, 0.250411558405805, accuracy)",12435,0,0.0,0,inf
dpctgan,"LocalNeighbourhood(L_2, 0.250411558405805, accuracy)",12435,1,0.0,0,inf
dpctgan,"LocalNeighbourhood(L_2, 0.250411558405805, accuracy)",12435,0,0.0,0,inf
dpctgan,"LocalNeighbourhood(L_2, 0.250411558405805, accuracy)",12435,1,0.0,0,inf
dpctgan,"LocalNeighbourhood(L_2, 0.250411558405805, accuracy)",12435,0,0.0,0,inf
dpctgan,"LocalNeighbourhood(L_2, 0.250411558405805, accuracy)",12435,1,0.0,0,inf
dpctgan,"LocalNeighbourhood(L_2, 0.250411558405805, accuracy)",12435,0,0.0,0,inf
dpctgan,"LocalNeighbourhood(L_2, 0.250411558405805, accuracy)",12435,1,0.0,0,inf
dpctgan,"LocalNeighbourhood(L_2, 0.250411558405805, accuracy)",12435,0,0.0,0,inf
dpctgan,"LocalNeighbourhood(L_2, 0.250411558405805, accuracy)",12435,1,0.0,0,inf
dpctgan,"LocalNeighbourhood(L_2, 0.250411558405805, accuracy)",12435,0,0.0,0,inf
dpctgan,"LocalNeighbourhood(L_2, 0.250411558405805, accuracy)",12435,1,0.0,0,inf
dpctgan,"LocalNeighbourhood(L_2, 0.250411558405805, accuracy)",12435,0,0.0,0,inf
dpctgan,"LocalNeighbourhood(L_2, 0.250411558405805, accuracy)",12435,1,0.0,0,inf
dpctgan,"LocalNeighbourhood(L_2, 0.250411558405805, accuracy)",12435,0,0.0,0,inf
dpctgan,"LocalNeighbourhood(L_2, 0.250411558405805, accuracy)",12435,1,0.0,0,inf
dpctgan,"LocalNeighbourhood(L_2, 0.250411558405805, accuracy)",12435,0,0.0,0,inf
dpctgan,"LocalNeighbourhood(L_2, 0.250411558405805, accuracy)",12435,1,0.0,0,inf
dpctgan,"LocalNeighbourhood(L_2, 0.250411558405805, accuracy)",12435,0,0.0,0,inf
dpctgan,"LocalNeighbourhood(L_2, 0.250411558405805, accuracy)",12435,1,0.0,0,inf
dpctgan,"LocalNeighbourhood(L_2, 0.250411558405805, accuracy)",12435,0,0.0,0,inf
dpctgan,"LocalNeighbourhood(L_2, 0.250411558405805, accuracy)",12435,1,0.0,0,inf
dpctgan,"LocalNeighbourhood(L_2, 0.250411558405805, accuracy)",12435,0,0.0,0,inf
dpctgan,"LocalNeighbourhood(L_2, 0.250411558405805, accuracy)",12435,1,0.0,0,inf
dpctgan,"LocalNeighbourhood(L_2, 0.250411558405805, accuracy)",12435,0,0.0,0,inf
dpctgan,"LocalNeighbourhood(L_2, 0.250411558405805, accuracy)",12435,1,0.0,0,inf
dpctgan,"LocalNeighbourhood(L_2, 0.250411558405805, accuracy)",12435,0,0.0,0,inf
dpctgan,"LocalNeighbourhood(L_2, 0.250411558405805, accuracy)",12435,1,0.0,0,inf
dpctgan,"LocalNeighbourhood(L_2, 0.250411558405805, accuracy)",12435,0,0.0,0,inf
dpctgan,"LocalNeighbourhood(L_2, 0.250411558405805, accuracy)",12435,1,0.0,0,inf
dpctgan,"LocalNeighbourhood(L_2, 0.250411558405805, accuracy)",12435,0,0.0,0,inf
dpctgan,"LocalNeighbourhood(L_2, 0.250411558405805, accuracy)",12435,1,0.0,0,inf
dpctgan,"LocalNeighbourhood(L_2, 0.250411558405805, accuracy)",12435,0,0.0,0,inf
dpctgan,"LocalNeighbourhood(L_2, 0.250411558405805, accuracy)",12435,1,0.0,0,inf
dpctgan,"LocalNeighbourhood(L_2, 0.250411558405805, accuracy)",12435,0,0.0,0,inf
dpctgan,"LocalNeighbourhood(L_2, 0.250411558405805, accuracy)",12435,1,0.0,0,inf
dpctgan,"LocalNeighbourhood(L_2, 0.250411558405805, accuracy)",12435,0,0.0,0,inf
dpctgan,"LocalNeighbourhood(L_2, 0.250411558405805, accuracy)",12435,1,0.0,0,inf
dpctgan,"LocalNeighbourhood(L_2, 0.250411558405805, accuracy)",12435,0,0.0,0,inf
dpctgan,"LocalNeighbourhood(L_2, 0.250411558405805, accuracy)",12435,1,0.0,0,inf
dpctgan,"LocalNeighbourhood(L_2, 0.250411558405805, accuracy)",12435,0,0.0,0,inf
dpctgan,"LocalNeighbourhood(L_2, 0.250411558405805, accuracy)",12435,1,0.0,0,inf
dpctgan,"LocalNeighbourhood(L_2, 0.250411558405805, accuracy)",12435,0,0.0,0,inf
dpctgan,"LocalNeighbourhood(L_2, 0.250411558405805, accuracy)",12435,1,0.0,0,inf
dpctgan,"LocalNeighbourhood(L_2, 0.250411558405805, accuracy)",12435,0,0.0,0,inf
dpctgan,"LocalNeighbourhood(L_2, 0.250411558405805, accuracy)",12435,1,0.0,0,inf
dpctgan,"LocalNeighbourhood(L_2, 0.250411558405805, accuracy)",12435,0,0.0,0,inf
dpctgan,"LocalNeighbourhood(L_2, 0.250411558405805, accuracy)",12435,1,0.0,0,inf
dpctgan,"LocalNeighbourhood(L_2, 0.250411558405805, accuracy)",12435,0,0.0,0,inf
dpctgan,"LocalNeighbourhood(L_2, 0.250411558405805, accuracy)",12435,1,0.0,0,inf
dpctgan,"LocalNeighbourhood(L_2, 0.250411558405805, accuracy)",12435,0,0.0,0,inf
dpctgan,"LocalNeighbourhood(L_2, 0.250411558405805, accuracy)",12435,1,0.0,0,inf
dpctgan,"LocalNeighbourhood(L_2, 0.250411558405805, accuracy)",12435,0,0.0,0,inf
dpctgan,"LocalNeighbourhood(L_2, 0.250411558405805, accuracy)",12435,1,0.0,0,inf
dpctgan,"LocalNeighbourhood(L_2, 0.250411558405805, accuracy)",12435,0,0.0,0,inf
dpctgan,"LocalNeighbourhood(L_2, 0.250411558405805, accuracy)",12435,1,0.0,0,inf
dpctgan,"LocalNeighbourhood(L_2, 0.250411558405805, accuracy)",12435,0,0.0,0,inf
dpctgan,"LocalNeighbourhood(L_2, 0.250411558405805, accuracy)",12435,1,0.0,0,inf
dpctgan,"LocalNeighbourhood(L_2, 0.250411558405805, accuracy)",12435,0,0.0,0,inf
dpctgan,"LocalNeighbourhood(L_2, 0.250411558405805, accuracy)",12435,1,0.0,0,inf
dpctgan,"LocalNeighbourhood(L_2, 0.250411558405805, accuracy)",12435,0,0.0,0,inf
dpctgan,"LocalNeighbourhood(L_2, 0.250411558405805, accuracy)",12435,1,0.0,0,inf
dpctgan,"LocalNeighbourhood(L_2, 0.250411558405805, accuracy)",12435,0,0.0,0,inf
dpctgan,"LocalNeighbourhood(L_2, 0.250411558405805, accuracy)",12435,1,0.0,0,inf
dpctgan,"LocalNeighbourhood(L_2, 0.250411558405805, accuracy)",12435,0,0.0,0,inf
dpctgan,"LocalNeighbourhood(L_2, 0.250411558405805, accuracy)",12435,1,0.0,0,inf
dpctgan,"LocalNeighbourhood(L_2, 0.250411558405805, accuracy)",12435,0,0.0,0,inf
dpctgan,"LocalNeighbourhood(L_2, 0.250411558405805, accuracy)",12435,1,0.0,0,inf
dpctgan,"LocalNeighbourhood(L_2, 0.250411558405805, accuracy)",12435,0,0.0,0,inf
dpctgan,"LocalNeighbourhood(L_2, 0.250411558405805, accuracy)",12435,1,0.0,0,inf
dpctgan,"LocalNeighbourhood(L_2, 0.250411558405805, accuracy)",12435,0,0.0,0,inf
dpctgan,"LocalNeighbourhood(L_2, 0.250411558405805, accuracy)",12435,1,0.0,0,inf
dpctgan,"LocalNeighbourhood(L_2, 0.250411558405805, accuracy)",12435,0,0.0,0,inf
dpctgan,"LocalNeighbourhood(L_2, 0.250411558405805, accuracy)",12435,1,0.0,0,inf
dpctgan,"LocalNeighbourhood(L_2, 0.250411558405805, accuracy)",12435,0,0.0,0,inf
dpctgan,"LocalNeighbourhood(L_2, 0.250411558405805, accuracy)",12435,1,0.0,0,inf
dpctgan,"LocalNeighbourhood(L_2, 0.250411558405805, accuracy)",12435,0,0.0,0,inf
dpctgan,"LocalNeighbourhood(L_2, 0.250411558405805, accuracy)",12435,1,0.0,0,inf
dpctgan,"LocalNeighbourhood(L_2, 0.250411558405805, accuracy)",12435,0,0.0,0,inf
dpctgan,"LocalNeighbourhood(L_2, 0.250411558405805, accuracy)",12435,1,0.0,0,inf
dpctgan,"LocalNeighbourhood(L_2, 0.250411558405805, accuracy)",12435,0,0.0,0,inf
dpctgan,"LocalNeighbourhood(L_2, 0.250411558405805, accuracy)",12435,1,0.0,0,inf
dpctgan,"LocalNeighbourhood(L_2, 0.250411558405805, accuracy)",12435,0,0.0,0,inf
dpctgan,"LocalNeighbourhood(L_2, 0.250411558405805, accuracy)",12435,1,0.0,0,inf
dpctgan,"LocalNeighbourhood(L_2, 0.250411558405805, accuracy)",12435,0,0.0,0,inf
dpctgan,"LocalNeighbourhood(L_2, 0.250411558405805, accuracy)",12435,1,0.0,0,inf
dpctgan,"LocalNeighbourhood(L_2, 0.250411558405805, accuracy)",12435,0,0.0,0,inf
dpctgan,"LocalNeighbourhood(L_2, 0.250411558405805, accuracy)",12435,1,0.0,0,inf
dpctgan,"LocalNeighbourhood(L_2, 0.250411558405805, accuracy)",12435,0,0.0,0,inf
dpctgan,"LocalNeighbourhood(L_2, 0.250411558405805, accuracy)",12435,1,0.0,0,inf
dpctgan,"LocalNeighbourhood(L_2, 0.250411558405805, accuracy)",12435,0,0.0,0,inf
dpctgan,"LocalNeighbourhood(L_2, 0.250411558405805, accuracy)",12435,1,0.0,0,inf
dpctgan,"LocalNeighbourhood(L_2, 0.250411558405805, accuracy)",12435,0,0.0,0,inf
dpctgan,"LocalNeighbourhood(L_2, 0.250411558405805, accuracy)",12435,1,0.0,0,inf
dpctgan,"LocalNeighbourhood(L_2, 0.250411558405805, accuracy)",12435,0,0.0,0,inf
dpctgan,"LocalNeighbourhood(L_2, 0.250411558405805, accuracy)",12435,1,0.0,0,inf
dpctgan,"LocalNeighbourhood(L_2, 0.250411558405805, accuracy)",12435,0,0.0,0,inf
dpctgan,"LocalNeighbourhood(L_2, 0.250411558405805, accuracy)",12435,1,0.0,0,inf
dpctgan,"LocalNeighbourhood(L_2, 0.250411558405805, accuracy)",12435,0,0.0,0,inf
dpctgan,"LocalNeighbourhood(L_2, 0.250411558405805, accuracy)",12435,1,0.0,0,inf
dpctgan,"LocalNeighbourhood(L_2, 0.250411558405805, accuracy)",12435,0,0.0,0,inf
dpctgan,"LocalNeighbourhood(L_2, 0.250411558405805, accuracy)",12435,1,0.0,0,inf
dpctgan,"LocalNeighbourhood(L_2, 0.250411558405805, accuracy)",12435,0,0.0,0,inf
dpctgan,"LocalNeighbourhood(L_2, 0.250411558405805, accuracy)",12435,1,0.0,0,inf
dpctgan,"LocalNeighbourhood(L_2, 0.250411558405805, accuracy)",12435,0,0.0,0,inf
dpctgan,"LocalNeighbourhood(L_2, 0.250411558405805, accuracy)",12435,1,0.0,0,inf
dpctgan,"LocalNeighbourhood(L_2, 0.250411558405805, accuracy)",12435,0,0.0,0,inf
dpctgan,"LocalNeighbourhood(L_2, 0.250411558405805, accuracy)",12435,1,0.0,0,inf
dpctgan,"LocalNeighbourhood(L_2, 0.250411558405805, accuracy)",12435,0,0.0,0,inf
dpctgan,"LocalNeighbourhood(L_2, 0.250411558405805, accuracy)",12435,1,0.0,0,inf
dpctgan,"LocalNeighbourhood(L_2, 0.250411558405805, accuracy)",12435,0,0.0,0,inf
dpctgan,"LocalNeighbourhood(L_2, 0.250411558405805, accuracy)",12435,1,0.0,0,inf
dpctgan,"LocalNeighbourhood(L_2, 0.250411558405805, accuracy)",12435,0,0.0,0,inf
dpctgan,"LocalNeighbourhood(L_2, 0.250411558405805, accuracy)",12435,1,0.0,0,inf
dpctgan,"LocalNeighbourhood(L_2, 0.250411558405805, accuracy)",12435,0,0.0,0,inf
dpctgan,"LocalNeighbourhood(L_2, 0.250411558405805, accuracy)",12435,1,0.0,0,inf
dpctgan,"LocalNeighbourhood(L_2, 0.250411558405805, accuracy)",12435,0,0.0,0,inf
dpctgan,"LocalNeighbourhood(L_2, 0.250411558405805, accuracy)",12435,1,0.0,0,inf
dpctgan,"LocalNeighbourhood(L_2, 0.250411558405805, accuracy)",12435,0,0.0,0,inf
dpctgan,"LocalNeighbourhood(L_2, 0.250411558405805, accuracy)",12435,1,0.0,0,inf
dpctgan,"LocalNeighbourhood(L_2, 0.250411558405805, accuracy)",12435,0,0.0,0,inf
dpctgan,"LocalNeighbourhood(L_2, 0.250411558405805, accuracy)",12435,1,0.0,0,inf
dpctgan,"LocalNeighbourhood(L_2, 0.250411558405805, accuracy)",12435,0,0.0,0,inf
dpctgan,"LocalNeighbourhood(L_2, 0.250411558405805, accuracy)",12435,1,0.0,0,inf
dpctgan,"LocalNeighbourhood(L_2, 0.250411558405805, accuracy)",12435,0,0.0,0,inf
dpctgan,"LocalNeighbourhood(L_2, 0.250411558405805, accuracy)",12435,1,0.0,0,inf
dpctgan,"LocalNeighbourhood(L_2, 0.250411558405805, accuracy)",12435,0,0.0,0,inf
dpctgan,"LocalNeighbourhood(L_2, 0.250411558405805, accuracy)",12435,1,0.0,0,inf
dpctgan,"LocalNeighbourhood(L_2, 0.250411558405805, accuracy)",12435,0,0.0,0,inf
dpctgan,"LocalNeighbourhood(L_2, 0.250411558405805, accuracy)",12435,1,0.0,0,inf
dpctgan,"LocalNeighbourhood(L_2, 0.250411558405805, accuracy)",12435,0,0.0,0,inf
dpctgan,"LocalNeighbourhood(L_2, 0.250411558405805, accuracy)",12435,1,0.0,0,inf
dpctgan,"LocalNeighbourhood(L_2, 0.250411558405805, accuracy)",12435,0,0.0,0,inf
dpctgan,"LocalNeighbourhood(L_2, 0.250411558405805, accuracy)",12435,1,0.0,0,inf
dpctgan,"LocalNeighbourhood(L_2, 0.250411558405805, accuracy)",12435,0,0.0,0,inf
dpctgan,"LocalNeighbourhood(L_2, 0.250411558405805, accuracy)",12435,1,0.0,0,inf
dpctgan,"LocalNeighbourhood(L_2, 0.250411558405805, accuracy)",12435,0,0.0,0,inf
dpctgan,"LocalNeighbourhood(L_2, 0.250411558405805, accuracy)",12435,1,0.0,0,inf
dpctgan,"LocalNeighbourhood(L_2, 0.250411558405805, accuracy)",12435,0,0.0,0,inf
dpctgan,"LocalNeighbourhood(L_2, 0.250411558405805, accuracy)",12435,1,0.0,0,inf
dpctgan,"LocalNeighbourhood(L_2, 0.250411558405805, accuracy)",12435,0,0.0,0,inf
dpctgan,"LocalNeighbourhood(L_2, 0.250411558405805, accuracy)",12435,1,0.0,0,inf
dpctgan,"LocalNeighbourhood(L_2, 0.250411558405805, accuracy)",12435,0,0.0,0,inf
dpctgan,"LocalNeighbourhood(L_2, 0.250411558405805, accuracy)",12435,1,0.0,0,inf
dpctgan,"LocalNeighbourhood(L_2, 0.250411558405805, accuracy)",12435,0,0.0,0,inf
dpctgan,"LocalNeighbourhood(L_2, 0.250411558405805, accuracy)",12435,1,0.0,0,inf
dpctgan,"LocalNeighbourhood(L_2, 0.250411558405805, accuracy)",12435,0,0.0,0,inf
dpctgan,"LocalNeighbourhood(L_2, 0.250411558405805, accuracy)",12435,1,0.0,0,inf
dpctgan,"LocalNeighbourhood(L_2, 0.250411558405805, accuracy)",12435,0,0.002,0,inf
dpctgan,"LocalNeighbourhood(L_2, 0.250411558405805, accuracy)",12435,1,0.0,0,inf
dpctgan,"LocalNeighbourhood(L_2, 0.250411558405805, accuracy)",12435,0,0.0,0,inf
dpctgan,"LocalNeighbourhood(L_2, 0.250411558405805, accuracy)",12435,1,0.0,0,inf
dpctgan,"LocalNeighbourhood(L_2, 0.250411558405805, accuracy)",12435,0,0.0,0,inf
dpctgan,"LocalNeighbourhood(L_2, 0.250411558405805, accuracy)",12435,1,0.0,0,inf
dpctgan,"LocalNeighbourhood(L_2, 0.250411558405805, accuracy)",12435,0,0.0,0,inf
dpctgan,"LocalNeighbourhood(L_2, 0.250411558405805, accuracy)",12435,1,0.0,0,inf
dpctgan,"LocalNeighbourhood(L_2, 0.250411558405805, accuracy)",12435,0,0.0,0,inf
dpctgan,"LocalNeighbourhood(L_2, 0.250411558405805, accuracy)",12435,1,0.0,0,inf
dpctgan,"LocalNeighbourhood(L_2, 0.250411558405805, accuracy)",12435,0,0.0,0,inf
dpctgan,"LocalNeighbourhood(L_2, 0.250411558405805, accuracy)",12435,1,0.0,0,inf
dpctgan,"LocalNeighbourhood(L_2, 0.250411558405805, accuracy)",12435,0,0.0,0,inf
dpctgan,"LocalNeighbourhood(L_2, 0.250411558405805, accuracy)",12435,1,0.0,0,inf
dpctgan,"LocalNeighbourhood(L_2, 0.250411558405805, accuracy)",12435,0,0.0,0,inf
dpctgan,"LocalNeighbourhood(L_2, 0.250411558405805, accuracy)",12435,1,0.0,0,inf
dpctgan,"LocalNeighbourhood(L_2, 0.250411558405805, accuracy)",12435,0,0.0,0,inf
dpctgan,"LocalNeighbourhood(L_2, 0.250411558405805, accuracy)",12435,1,0.0,0,inf
dpctgan,"LocalNeighbourhood(L_2, 0.250411558405805, accuracy)",12435,0,0.0,0,inf
dpctgan,"LocalNeighbourhood(L_2, 0.250411558405805, accuracy)",12435,1,0.0,0,inf
dpctgan,"LocalNeighbourhood(L_2, 0.250411558405805, accuracy)",12435,0,0.0,0,inf
dpctgan,"LocalNeighbourhood(L_2, 0.250411558405805, accuracy)",12435,1,0.0,0,inf
dpctgan,"LocalNeighbourhood(L_2, 0.250411558405805, accuracy)",12435,0,0.0,0,inf
dpctgan,"LocalNeighbourhood(L_2, 0.250411558405805, accuracy)",12435,1,0.0,0,inf
dpctgan,"LocalNeighbourhood(L_2, 0.250411558405805, accuracy)",12435,0,0.0,0,inf
dpctgan,"LocalNeighbourhood(L_2, 0.250411558405805, accuracy)",12435,1,0.0,0,inf
dpctgan,"LocalNeighbourhood(L_2, 0.250411558405805, accuracy)",12435,0,0.0,0,inf
dpctgan,"LocalNeighbourhood(L_2, 0.250411558405805, accuracy)",12435,1,0.0,0,inf
dpctgan,"LocalNeighbourhood(L_2, 0.250411558405805, accuracy)",12435,0,0.0,0,inf
dpctgan,"LocalNeighbourhood(L_2, 0.250411558405805, accuracy)",12435,1,0.0,0,inf
dpctgan,"LocalNeighbourhood(L_2, 0.250411558405805, accuracy)",12435,0,0.0,0,inf
dpctgan,"LocalNeighbourhood(L_2, 0.250411558405805, accuracy)",12435,1,0.0,0,inf
dpctgan,"LocalNeighbourhood(L_2, 0.250411558405805, accuracy)",12435,0,0.0,0,inf
dpctgan,"LocalNeighbourhood(L_2, 0.250411558405805, accuracy)",12435,1,0.0,0,inf
dpctgan,"LocalNeighbourhood(L_2, 0.250411558405805, accuracy)",12435,0,0.0,0,inf
dpctgan,"LocalNeighbourhood(L_2, 0.250411558405805, accuracy)",12435,1,0.0,0,inf
dpctgan,"LocalNeighbourhood(L_2, 0.250411558405805, accuracy)",12435,0,0.0,0,inf
dpctgan,"LocalNeighbourhood(L_2, 0.250411558405805, accuracy)",12435,1,0.0,0,inf
dpctgan,"LocalNeighbourhood(L_2, 0.250411558405805, accuracy)",12435,0,0.0,0,inf
dpctgan,"LocalNeighbourhood(L_2, 0.250411558405805, accuracy)",12435,1,0.0,0,inf
dpctgan,"LocalNeighbourhood(L_2, 0.250411558405805, accuracy)",12435,0,0.0,0,inf
dpctgan,"LocalNeighbourhood(L_2, 0.250411558405805, accuracy)",12435,1,0.0,0,inf
dpctgan,"LocalNeighbourhood(L_2, 0.250411558405805, accuracy)",12435,0,0.0,0,inf
dpctgan,"LocalNeighbourhood(L_2, 0.250411558405805, accuracy)",12435,1,0.0,0,inf
dpctgan,"LocalNeighbourhood(L_2, 0.250411558405805, accuracy)",12435,0,0.0,0,inf
dpctgan,"LocalNeighbourhood(L_2, 0.250411558405805, accuracy)",12435,1,0.0,0,inf
dpctgan,"LocalNeighbourhood(L_2, 0.250411558405805, accuracy)",12435,0,0.0,0,inf
dpctgan,"LocalNeighbourhood(L_2, 0.250411558405805, accuracy)",12435,1,0.0,0,inf
dpctgan,"LocalNeighbourhood(L_2, 0.250411558405805, accuracy)",12435,0,0.0,0,inf
dpctgan,"LocalNeighbourhood(L_2, 0.250411558405805, accuracy)",12435,1,0.0,0,inf
dpctgan,"LocalNeighbourhood(L_2, 0.250411558405805, accuracy)",12435,0,0.0,0,inf
dpctgan,"LocalNeighbourhood(L_2, 0.250411558405805, accuracy)",12435,1,0.0,0,inf
dpctgan,"LocalNeighbourhood(L_2, 0.250411558405805, accuracy)",12435,0,0.0,0,inf
dpctgan,"LocalNeighbourhood(L_2, 0.250411558405805, accuracy)",12435,1,0.0,0,inf
dpctgan,"LocalNeighbourhood(L_2, 0.250411558405805, accuracy)",12435,0,0.0,0,inf
dpctgan,"LocalNeighbourhood(L_2, 0.250411558405805, accuracy)",12435,1,0.0,0,inf
dpctgan,"LocalNeighbourhood(L_2, 0.250411558405805, accuracy)",12435,0,0.0,0,inf
dpctgan,"LocalNeighbourhood(L_2, 0.250411558405805, accuracy)",12435,1,0.0,0,inf
dpctgan,"LocalNeighbourhood(L_2, 0.250411558405805, accuracy)",12435,0,0.0,0,inf
dpctgan,"LocalNeighbourhood(L_2, 0.250411558405805, accuracy)",12435,1,0.0,0,inf
dpctgan,"LocalNeighbourhood(L_2, 0.250411558405805, accuracy)",12435,0,0.0,0,inf
dpctgan,"LocalNeighbourhood(L_2, 0.250411558405805, accuracy)",12435,1,0.0,0,inf
dpctgan,"LocalNeighbourhood(L_2, 0.250411558405805, accuracy)",12435,0,0.0,0,inf
dpctgan,"LocalNeighbourhood(L_2, 0.250411558405805, accuracy)",12435,1,0.0,0,inf
dpctgan,"LocalNeighbourhood(L_2, 0.250411558405805, accuracy)",12435,0,0.0,0,inf
dpctgan,"LocalNeighbourhood(L_2, 0.250411558405805, accuracy)",12435,1,0.0,0,inf
dpctgan,"LocalNeighbourhood(L_2, 0.250411558405805, accuracy)",12435,0,0.0,0,inf
dpctgan,"LocalNeighbourhood(L_2, 0.250411558405805, accuracy)",12435,1,0.0,0,inf
dpctgan,"LocalNeighbourhood(L_2, 0.250411558405805, accuracy)",12435,0,0.0,0,inf
dpctgan,"LocalNeighbourhood(L_2, 0.250411558405805, accuracy)",12435,1,0.0,0,inf
dpctgan,"LocalNeighbourhood(L_2, 0.250411558405805, accuracy)",12435,0,0.0,0,inf
dpctgan,"LocalNeighbourhood(L_2, 0.250411558405805, accuracy)",12435,1,0.0,0,inf
dpctgan,"LocalNeighbourhood(L_2, 0.250411558405805, accuracy)",12435,0,0.0,0,inf
dpctgan,"LocalNeighbourhood(L_2, 0.250411558405805, accuracy)",12435,1,0.0,0,inf
dpctgan,"LocalNeighbourhood(L_2, 0.250411558405805, accuracy)",12435,0,0.0,0,inf
dpctgan,"LocalNeighbourhood(L_2, 0.250411558405805, accuracy)",12435,1,0.0,0,inf
dpctgan,"LocalNeighbourhood(L_2, 0.250411558405805, accuracy)",12435,0,0.0,0,inf
dpctgan,"LocalNeighbourhood(L_2, 0.250411558405805, accuracy)",12435,1,0.0,0,inf
dpctgan,"LocalNeighbourhood(L_2, 0.250411558405805, accuracy)",12435,0,0.002,0,inf
dpctgan,"LocalNeighbourhood(L_2, 0.250411558405805, accuracy)",12435,1,0.0,0,inf
dpctgan,"LocalNeighbourhood(L_2, 0.250411558405805, accuracy)",12435,0,0.0,0,inf
dpctgan,"LocalNeighbourhood(L_2, 0.250411558405805, accuracy)",12435,1,0.0,0,inf
dpctgan,"LocalNeighbourhood(L_2, 0.250411558405805, accuracy)",12435,0,0.0,0,inf
dpctgan,"LocalNeighbourhood(L_2, 0.250411558405805, accuracy)",12435,1,0.0,0,inf
dpctgan,"LocalNeighbourhood(L_2, 0.250411558405805, accuracy)",12435,0,0.0,0,inf
dpctgan,"LocalNeighbourhood(L_2, 0.250411558405805, accuracy)",12435,1,0.0,0,inf
dpctgan,"LocalNeighbourhood(L_2, 0.250411558405805, accuracy)",12435,0,0.0,0,inf
dpctgan,"LocalNeighbourhood(L_2, 0.250411558405805, accuracy)",12435,1,0.0,0,inf
dpctgan,"LocalNeighbourhood(L_2, 0.250411558405805, accuracy)",12435,0,0.0,0,inf
dpctgan,"LocalNeighbourhood(L_2, 0.250411558405805, accuracy)",12435,1,0.0,0,inf
dpctgan,"LocalNeighbourhood(L_2, 0.250411558405805, accuracy)",12435,0,0.0,0,inf
dpctgan,"LocalNeighbourhood(L_2, 0.250411558405805, accuracy)",12435,1,0.0,0,inf
dpctgan,"LocalNeighbourhood(L_2, 0.250411558405805, accuracy)",12435,0,0.0,0,inf
dpctgan,"LocalNeighbourhood(L_2, 0.250411558405805, accuracy)",12435,1,0.0,0,inf
dpctgan,"LocalNeighbourhood(L_2, 0.250411558405805, accuracy)",12435,0,0.0,0,inf
dpctgan,"LocalNeighbourhood(L_2, 0.250411558405805, accuracy)",12435,1,0.0,0,inf
dpctgan,"LocalNeighbourhood(L_2, 0.250411558405805, accuracy)",12435,0,0.0,0,inf
dpctgan,"LocalNeighbourhood(L_2, 0.250411558405805, accuracy)",12435,1,0.0,0,inf
dpctgan,"LocalNeighbourhood(L_2, 0.250411558405805, accuracy)",12435,0,0.0,0,inf
dpctgan,"LocalNeighbourhood(L_2, 0.250411558405805, accuracy)",12435,1,0.0,0,inf
dpctgan,"LocalNeighbourhood(L_2, 0.250411558405805, accuracy)",12435,0,0.0,0,inf
dpctgan,"LocalNeighbourhood(L_2, 0.250411558405805, accuracy)",12435,1,0.0,0,inf
dpctgan,"LocalNeighbourhood(L_2, 0.250411558405805, accuracy)",12435,0,0.0,0,inf
dpctgan,"LocalNeighbourhood(L_2, 0.250411558405805, accuracy)",12435,1,0.0,0,inf
dpctgan,"LocalNeighbourhood(L_2, 0.250411558405805, accuracy)",12435,0,0.0,0,inf
dpctgan,"LocalNeighbourhood(L_2, 0.250411558405805, accuracy)",12435,1,0.0,0,inf
dpctgan,"LocalNeighbourhood(L_2, 0.250411558405805, accuracy)",12435,0,0.0,0,inf
dpctgan,"LocalNeighbourhood(L_2, 0.250411558405805, accuracy)",12435,1,0.0,0,inf
dpctgan,"LocalNeighbourhood(L_2, 0.250411558405805, accuracy)",12435,0,0.0,0,inf
dpctgan,"LocalNeighbourhood(L_2, 0.250411558405805, accuracy)",12435,1,0.0,0,inf
dpctgan,"LocalNeighbourhood(L_2, 0.250411558405805, accuracy)",12435,0,0.0,0,inf
dpctgan,"LocalNeighbourhood(L_2, 0.250411558405805, accuracy)",12435,1,0.0,0,inf
dpctgan,"LocalNeighbourhood(L_2, 0.250411558405805, accuracy)",12435,0,0.0,0,inf
dpctgan,"LocalNeighbourhood(L_2, 0.250411558405805, accuracy)",12435,1,0.0,0,inf
dpctgan,"LocalNeighbourhood(L_2, 0.250411558405805, accuracy)",12435,0,0.0,0,inf
dpctgan,"LocalNeighbourhood(L_2, 0.250411558405805, accuracy)",12435,1,0.0,0,inf
dpctgan,"LocalNeighbourhood(L_2, 0.250411558405805, accuracy)",12435,0,0.0,0,inf
dpctgan,"LocalNeighbourhood(L_2, 0.250411558405805, accuracy)",12435,1,0.0,0,inf
dpctgan,"LocalNeighbourhood(L_2, 0.250411558405805, accuracy)",12435,0,0.0,0,inf
dpctgan,"LocalNeighbourhood(L_2, 0.250411558405805, accuracy)",12435,1,0.0,0,inf
dpctgan,"LocalNeighbourhood(L_2, 0.250411558405805, accuracy)",12435,0,0.0,0,inf
dpctgan,"LocalNeighbourhood(L_2, 0.250411558405805, accuracy)",12435,1,0.0,0,inf
dpctgan,"LocalNeighbourhood(L_2, 0.250411558405805, accuracy)",12435,0,0.0,0,inf
dpctgan,"LocalNeighbourhood(L_2, 0.250411558405805, accuracy)",12435,1,0.0,0,inf
dpctgan,"LocalNeighbourhood(L_2, 0.250411558405805, accuracy)",12435,0,0.0,0,inf
dpctgan,"LocalNeighbourhood(L_2, 0.250411558405805, accuracy)",12435,1,0.0,0,inf
dpctgan,"LocalNeighbourhood(L_2, 0.250411558405805, accuracy)",12435,0,0.0,0,inf
dpctgan,"LocalNeighbourhood(L_2, 0.250411558405805, accuracy)",12435,1,0.0,0,inf
dpctgan,"LocalNeighbourhood(L_2, 0.250411558405805, accuracy)",12435,0,0.0,0,inf
dpctgan,"LocalNeighbourhood(L_2, 0.250411558405805, accuracy)",12435,1,0.0,0,inf
dpctgan,"LocalNeighbourhood(L_2, 0.250411558405805, accuracy)",12435,0,0.0,0,inf
dpctgan,"LocalNeighbourhood(L_2, 0.250411558405805, accuracy)",12435,1,0.0,0,inf
dpctgan,"LocalNeighbourhood(L_2, 0.250411558405805, accuracy)",12435,0,0.0,0,inf
dpctgan,"LocalNeighbourhood(L_2, 0.250411558405805, accuracy)",12435,1,0.0,0,inf
dpctgan,"LocalNeighbourhood(L_2, 0.250411558405805, accuracy)",12435,0,0.0,0,inf
dpctgan,"LocalNeighbourhood(L_2, 0.250411558405805, accuracy)",12435,1,0.0,0,inf
dpctgan,"LocalNeighbourhood(L_2, 0.250411558405805, accuracy)",12435,0,0.0,0,inf
dpctgan,"LocalNeighbourhood(L_2, 0.250411558405805, accuracy)",12435,1,0.0,0,inf
dpctgan,"LocalNeighbourhood(L_2, 0.250411558405805, accuracy)",12435,0,0.0,0,inf
dpctgan,"LocalNeighbourhood(L_2, 0.250411558405805, accuracy)",12435,1,0.0,0,inf
dpctgan,"LocalNeighbourhood(L_2, 0.250411558405805, accuracy)",12435,0,0.0,0,inf
dpctgan,"LocalNeighbourhood(L_2, 0.250411558405805, accuracy)",12435,1,0.0,0,inf
dpctgan,"LocalNeighbourhood(L_2, 0.250411558405805, accuracy)",12435,0,0.0,0,inf
dpctgan,"LocalNeighbourhood(L_2, 0.250411558405805, accuracy)",12435,1,0.0,0,inf
dpctgan,"LocalNeighbourhood(L_2, 0.250411558405805, accuracy)",12435,0,0.0,0,inf
dpctgan,"LocalNeighbourhood(L_2, 0.250411558405805, accuracy)",12435,1,0.0,0,inf
dpctgan,"LocalNeighbourhood(L_2, 0.250411558405805, accuracy)",12435,0,0.0,0,inf
dpctgan,"LocalNeighbourhood(L_2, 0.250411558405805, accuracy)",12435,1,0.0,0,inf
dpctgan,"LocalNeighbourhood(L_2, 0.250411558405805, accuracy)",12435,0,0.0,0,inf
dpctgan,"LocalNeighbourhood(L_2, 0.250411558405805, accuracy)",12435,1,0.0,0,inf
dpctgan,"LocalNeighbourhood(L_2, 0.250411558405805, accuracy)",12435,0,0.0,0,inf
dpctgan,"LocalNeighbourhood(L_2, 0.250411558405805, accuracy)",12435,1,0.0,0,inf
dpctgan,"LocalNeighbourhood(L_2, 0.250411558405805, accuracy)",12435,0,0.0,0,inf
dpctgan,"LocalNeighbourhood(L_2, 0.250411558405805, accuracy)",12435,1,0.0,0,inf
dpctgan,"LocalNeighbourhood(L_2, 0.250411558405805, accuracy)",12435,0,0.0,0,inf
dpctgan,"LocalNeighbourhood(L_2, 0.250411558405805, accuracy)",12435,1,0.0,0,inf
dpctgan,"LocalNeighbourhood(L_2, 0.250411558405805, accuracy)",12435,0,0.0,0,inf
dpctgan,"LocalNeighbourhood(L_2, 0.250411558405805, accuracy)",12435,1,0.0,0,inf
dpctgan,"LocalNeighbourhood(L_2, 0.250411558405805, accuracy)",12435,0,0.0,0,inf
dpctgan,"LocalNeighbourhood(L_2, 0.250411558405805, accuracy)",12435,1,0.0,0,inf
dpctgan,"LocalNeighbourhood(L_2, 0.250411558405805, accuracy)",12435,0,0.0,0,inf
dpctgan,"LocalNeighbourhood(L_2, 0.250411558405805, accuracy)",12435,1,0.0,0,inf
dpctgan,"LocalNeighbourhood(L_2, 0.250411558405805, accuracy)",12435,0,0.0,0,inf
dpctgan,"LocalNeighbourhood(L_2, 0.250411558405805, accuracy)",12435,1,0.0,0,inf
dpctgan,"LocalNeighbourhood(L_2, 0.250411558405805, accuracy)",12435,0,0.0,0,inf
dpctgan,"LocalNeighbourhood(L_2, 0.250411558405805, accuracy)",12435,1,0.0,0,inf
dpctgan,"LocalNeighbourhood(L_2, 0.250411558405805, accuracy)",12435,0,0.0,0,inf
dpctgan,"LocalNeighbourhood(L_2, 0.250411558405805, accuracy)",12435,1,0.0,0,inf
dpctgan,"LocalNeighbourhood(L_2, 0.250411558405805, accuracy)",12435,0,0.0,0,inf
dpctgan,"LocalNeighbourhood(L_2, 0.250411558405805, accuracy)",12435,1,0.0,0,inf
dpctgan,"LocalNeighbourhood(L_2, 0.250411558405805, accuracy)",12435,0,0.0,0,inf
dpctgan,"LocalNeighbourhood(L_2, 0.250411558405805, accuracy)",12435,1,0.0,0,inf
dpctgan,"LocalNeighbourhood(L_2, 0.250411558405805, accuracy)",12435,0,0.0,0,inf
dpctgan,"LocalNeighbourhood(L_2, 0.250411558405805, accuracy)",12435,1,0.0,0,inf
dpctgan,"LocalNeighbourhood(L_2, 0.250411558405805, accuracy)",12435,0,0.0,0,inf
dpctgan,"LocalNeighbourhood(L_2, 0.250411558405805, accuracy)",12435,1,0.0,0,inf
dpctgan,"LocalNeighbourhood(L_2, 0.250411558405805, accuracy)",12435,0,0.0,0,inf
dpctgan,"LocalNeighbourhood(L_2, 0.250411558405805, accuracy)",12435,1,0.0,0,inf
dpctgan,"LocalNeighbourhood(L_2, 0.250411558405805, accuracy)",12435,0,0.0,0,inf
dpctgan,"LocalNeighbourhood(L_2, 0.250411558405805, accuracy)",12435,1,0.0,0,inf
dpctgan,"LocalNeighbourhood(L_2, 0.250411558405805, accuracy)",12435,0,0.0,0,inf
dpctgan,"LocalNeighbourhood(L_2, 0.250411558405805, accuracy)",12435,1,0.0,0,inf
dpctgan,"LocalNeighbourhood(L_2, 0.250411558405805, accuracy)",12435,0,0.0,0,inf
dpctgan,"LocalNeighbourhood(L_2, 0.250411558405805, accuracy)",12435,1,0.0,0,inf
dpctgan,"LocalNeighbourhood(L_2, 0.250411558405805, accuracy)",12435,0,0.0,0,inf
dpctgan,"LocalNeighbourhood(L_2, 0.250411558405805, accuracy)",12435,1,0.0,0,inf
dpctgan,"LocalNeighbourhood(L_2, 0.250411558405805, accuracy)",12435,0,0.0,0,inf
dpctgan,"LocalNeighbourhood(L_2, 0.250411558405805, accuracy)",12435,1,0.0,0,inf
dpctgan,"LocalNeighbourhood(L_2, 0.250411558405805, accuracy)",12435,0,0.0,0,inf
dpctgan,"LocalNeighbourhood(L_2, 0.250411558405805, accuracy)",12435,1,0.0,0,inf
dpctgan,"LocalNeighbourhood(L_2, 0.250411558405805, accuracy)",12435,0,0.0,0,inf
dpctgan,"LocalNeighbourhood(L_2, 0.250411558405805, accuracy)",12435,1,0.0,0,inf
dpctgan,"LocalNeighbourhood(L_2, 0.250411558405805, accuracy)",12435,0,0.0,0,inf
dpctgan,"LocalNeighbourhood(L_2, 0.250411558405805, accuracy)",12435,1,0.0,0,inf
dpctgan,"LocalNeighbourhood(L_2, 0.250411558405805, accuracy)",12435,0,0.0,0,inf
dpctgan,"LocalNeighbourhood(L_2, 0.250411558405805, accuracy)",12435,1,0.0,0,inf
dpctgan,"LocalNeighbourhood(L_2, 0.250411558405805, accuracy)",12435,0,0.0,0,inf
dpctgan,"LocalNeighbourhood(L_2, 0.250411558405805, accuracy)",12435,1,0.0,0,inf
dpctgan,"LocalNeighbourhood(L_2, 0.250411558405805, accuracy)",12435,0,0.0,0,inf
dpctgan,"LocalNeighbourhood(L_2, 0.250411558405805, accuracy)",12435,1,0.0,0,inf
dpctgan,"LocalNeighbourhood(L_2, 0.250411558405805, accuracy)",12435,0,0.0,0,inf
dpctgan,"LocalNeighbourhood(L_2, 0.250411558405805, accuracy)",12435,1,0.0,0,inf
dpctgan,"LocalNeighbourhood(L_2, 0.250411558405805, accuracy)",12435,0,0.0,0,inf
dpctgan,"LocalNeighbourhood(L_2, 0.250411558405805, accuracy)",12435,1,0.0,0,inf
dpctgan,"LocalNeighbourhood(L_2, 0.250411558405805, accuracy)",12435,0,0.0,0,inf
dpctgan,"LocalNeighbourhood(L_2, 0.250411558405805, accuracy)",12435,1,0.0,0,inf
dpctgan,"LocalNeighbourhood(L_2, 0.250411558405805, accuracy)",12435,0,0.0,0,inf
dpctgan,"LocalNeighbourhood(L_2, 0.250411558405805, accuracy)",12435,1,0.0,0,inf
dpctgan,"LocalNeighbourhood(L_2, 0.250411558405805, accuracy)",12435,0,0.0,0,inf
dpctgan,"LocalNeighbourhood(L_2, 0.250411558405805, accuracy)",12435,1,0.0,0,inf
dpctgan,"LocalNeighbourhood(L_2, 0.250411558405805, accuracy)",12435,0,0.0,0,inf
dpctgan,"LocalNeighbourhood(L_2, 0.250411558405805, accuracy)",12435,1,0.0,0,inf
dpctgan,"LocalNeighbourhood(L_2, 0.250411558405805, accuracy)",12435,0,0.0,0,inf
dpctgan,"LocalNeighbourhood(L_2, 0.250411558405805, accuracy)",12435,1,0.0,0,inf
dpctgan,"LocalNeighbourhood(L_2, 0.250411558405805, accuracy)",12435,0,0.0,0,inf
dpctgan,"LocalNeighbourhood(L_2, 0.250411558405805, accuracy)",12435,1,0.0,0,inf
dpctgan,"LocalNeighbourhood(L_2, 0.250411558405805, accuracy)",12435,0,0.0,0,inf
dpctgan,"LocalNeighbourhood(L_2, 0.250411558405805, accuracy)",12435,1,0.0,0,inf
dpctgan,"LocalNeighbourhood(L_2, 0.250411558405805, accuracy)",12435,0,0.0,0,inf
dpctgan,"LocalNeighbourhood(L_2, 0.250411558405805, accuracy)",12435,1,0.0,0,inf
dpctgan,"LocalNeighbourhood(L_2, 0.250411558405805, accuracy)",12435,0,0.0,0,inf
dpctgan,"LocalNeighbourhood(L_2, 0.250411558405805, accuracy)",12435,1,0.0,0,inf
dpctgan,"LocalNeighbourhood(L_2, 0.250411558405805, accuracy)",12435,0,0.0,0,inf
dpctgan,"LocalNeighbourhood(L_2, 0.250411558405805, accuracy)",12435,1,0.0,0,inf
dpctgan,"LocalNeighbourhood(L_2, 0.250411558405805, accuracy)",12435,0,0.0,0,inf
dpctgan,"LocalNeighbourhood(L_2, 0.250411558405805, accuracy)",12435,1,0.0,0,inf
dpctgan,"LocalNeighbourhood(L_2, 0.250411558405805, accuracy)",12435,0,0.0,0,inf
dpctgan,"LocalNeighbourhood(L_2, 0.250411558405805, accuracy)",12435,1,0.0,0,inf
dpctgan,"LocalNeighbourhood(L_2, 0.250411558405805, accuracy)",12435,0,0.0,0,inf
dpctgan,"LocalNeighbourhood(L_2, 0.250411558405805, accuracy)",12435,1,0.0,0,inf
dpctgan,"LocalNeighbourhood(L_2, 0.250411558405805, accuracy)",12435,0,0.0,0,inf
dpctgan,"LocalNeighbourhood(L_2, 0.250411558405805, accuracy)",12435,1,0.0,0,inf
dpctgan,"LocalNeighbourhood(L_2, 0.250411558405805, accuracy)",12435,0,0.0,0,inf
dpctgan,"LocalNeighbourhood(L_2, 0.250411558405805, accuracy)",12435,1,0.0,0,inf
dpctgan,"LocalNeighbourhood(L_2, 0.250411558405805, accuracy)",12435,0,0.0,0,inf
dpctgan,"LocalNeighbourhood(L_2, 0.250411558405805, accuracy)",12435,1,0.0,0,inf
dpctgan,"LocalNeighbourhood(L_2, 0.250411558405805, accuracy)",12435,0,0.0,0,inf
dpctgan,"LocalNeighbourhood(L_2, 0.250411558405805, accuracy)",12435,1,0.0,0,inf
dpctgan,"LocalNeighbourhood(L_2, 0.250411558405805, accuracy)",12435,0,0.0,0,inf
dpctgan,"LocalNeighbourhood(L_2, 0.250411558405805, accuracy)",12435,1,0.0,0,inf
dpctgan,"LocalNeighbourhood(L_2, 0.250411558405805, accuracy)",12435,0,0.0,0,inf
dpctgan,"LocalNeighbourhood(L_2, 0.250411558405805, accuracy)",12435,1,0.0,0,inf
dpctgan,"LocalNeighbourhood(L_2, 0.250411558405805, accuracy)",12435,0,0.0,0,inf
dpctgan,"LocalNeighbourhood(L_2, 0.250411558405805, accuracy)",12435,1,0.0,0,inf
dpctgan,"LocalNeighbourhood(L_2, 0.250411558405805, accuracy)",12435,0,0.0,0,inf
dpctgan,"LocalNeighbourhood(L_2, 0.250411558405805, accuracy)",12435,1,0.0,0,inf
dpctgan,"LocalNeighbourhood(L_2, 0.250411558405805, accuracy)",12435,0,0.0,0,inf
dpctgan,"LocalNeighbourhood(L_2, 0.250411558405805, accuracy)",12435,1,0.0,0,inf
dpctgan,"LocalNeighbourhood(L_2, 0.250411558405805, accuracy)",12435,0,0.0,0,inf
dpctgan,"LocalNeighbourhood(L_2, 0.250411558405805, accuracy)",12435,1,0.0,0,inf
dpctgan,"LocalNeighbourhood(L_2, 0.250411558405805, accuracy)",12435,0,0.0,0,inf
dpctgan,"LocalNeighbourhood(L_2, 0.250411558405805, accuracy)",12435,1,0.0,0,inf
dpctgan,"LocalNeighbourhood(L_2, 0.250411558405805, accuracy)",12435,0,0.0,0,inf
dpctgan,"LocalNeighbourhood(L_2, 0.250411558405805, accuracy)",12435,1,0.0,0,inf
dpctgan,"LocalNeighbourhood(L_2, 0.250411558405805, accuracy)",12435,0,0.0,0,inf
dpctgan,"LocalNeighbourhood(L_2, 0.250411558405805, accuracy)",12435,1,0.0,0,inf
dpctgan,"LocalNeighbourhood(L_2, 0.250411558405805, accuracy)",12435,0,0.0,0,inf
dpctgan,"LocalNeighbourhood(L_2, 0.250411558405805, accuracy)",12435,1,0.0,0,inf
dpctgan,"LocalNeighbourhood(L_2, 0.250411558405805, accuracy)",12435,0,0.0,0,inf
dpctgan,"LocalNeighbourhood(L_2, 0.250411558405805, accuracy)",12435,1,0.0,0,inf
dpctgan,"LocalNeighbourhood(L_2, 0.250411558405805, accuracy)",12435,0,0.0,0,inf
dpctgan,"LocalNeighbourhood(L_2, 0.250411558405805, accuracy)",12435,1,0.0,0,inf
dpctgan,"LocalNeighbourhood(L_2, 0.250411558405805, accuracy)",12435,0,0.0,0,inf
dpctgan,"LocalNeighbourhood(L_2, 0.250411558405805, accuracy)",12435,1,0.0,0,inf
dpctgan,"LocalNeighbourhood(L_2, 0.250411558405805, accuracy)",12435,0,0.0,0,inf
dpctgan,"LocalNeighbourhood(L_2, 0.250411558405805, accuracy)",12435,1,0.0,0,inf
dpctgan,"LocalNeighbourhood(L_2, 0.250411558405805, accuracy)",12435,0,0.0,0,inf
dpctgan,"LocalNeighbourhood(L_2, 0.250411558405805, accuracy)",12435,1,0.0,0,inf
dpctgan,"LocalNeighbourhood(L_2, 0.250411558405805, accuracy)",12435,0,0.0,0,inf
dpctgan,"LocalNeighbourhood(L_2, 0.250411558405805, accuracy)",12435,1,0.0,0,inf
dpctgan,"LocalNeighbourhood(L_2, 0.250411558405805, accuracy)",12435,0,0.0,0,inf
dpctgan,"LocalNeighbourhood(L_2, 0.250411558405805, accuracy)",12435,1,0.0,0,inf
dpctgan,"LocalNeighbourhood(L_2, 0.250411558405805, accuracy)",12435,0,0.0,0,inf
dpctgan,"LocalNeighbourhood(L_2, 0.250411558405805, accuracy)",12435,1,0.0,0,inf
dpctgan,"LocalNeighbourhood(L_2, 0.250411558405805, accuracy)",12435,0,0.0,0,inf
dpctgan,"LocalNeighbourhood(L_2, 0.250411558405805, accuracy)",12435,1,0.0,0,inf
dpctgan,"LocalNeighbourhood(L_2, 0.250411558405805, accuracy)",12435,0,0.0,0,inf
dpctgan,"LocalNeighbourhood(L_2, 0.250411558405805, accuracy)",12435,1,0.0,0,inf
dpctgan,"LocalNeighbourhood(L_2, 0.250411558405805, accuracy)",12435,0,0.0,0,inf
dpctgan,"LocalNeighbourhood(L_2, 0.250411558405805, accuracy)",12435,1,0.0,0,inf
dpctgan,"LocalNeighbourhood(L_2, 0.250411558405805, accuracy)",12435,0,0.0,0,inf
dpctgan,"LocalNeighbourhood(L_2, 0.250411558405805, accuracy)",12435,1,0.0,0,inf
dpctgan,"LocalNeighbourhood(L_2, 0.250411558405805, accuracy)",12435,0,0.0,0,inf
dpctgan,"LocalNeighbourhood(L_2, 0.250411558405805, accuracy)",12435,1,0.0,0,inf
dpctgan,"LocalNeighbourhood(L_2, 0.250411558405805, accuracy)",12435,0,0.0,0,inf
dpctgan,"LocalNeighbourhood(L_2, 0.250411558405805, accuracy)",12435,1,0.0,0,inf
dpctgan,"LocalNeighbourhood(L_2, 0.250411558405805, accuracy)",12435,0,0.0,0,inf
dpctgan,"LocalNeighbourhood(L_2, 0.250411558405805, accuracy)",12435,1,0.0,0,inf
dpctgan,"LocalNeighbourhood(L_2, 0.250411558405805, accuracy)",12435,0,0.0,0,inf
dpctgan,"LocalNeighbourhood(L_2, 0.250411558405805, accuracy)",12435,1,0.0,0,inf
dpctgan,"LocalNeighbourhood(L_2, 0.250411558405805, accuracy)",12435,0,0.0,0,inf
dpctgan,"LocalNeighbourhood(L_2, 0.250411558405805, accuracy)",12435,1,0.0,0,inf
dpctgan,"LocalNeighbourhood(L_2, 0.250411558405805, accuracy)",12435,0,0.0,0,inf
dpctgan,"LocalNeighbourhood(L_2, 0.250411558405805, accuracy)",12435,1,0.0,0,inf
dpctgan,"LocalNeighbourhood(L_2, 0.250411558405805, accuracy)",12435,0,0.0,0,inf
dpctgan,"LocalNeighbourhood(L_2, 0.250411558405805, accuracy)",12435,1,0.0,0,inf
dpctgan,"LocalNeighbourhood(L_2, 0.250411558405805, accuracy)",12435,0,0.0,0,inf
dpctgan,"LocalNeighbourhood(L_2, 0.250411558405805, accuracy)",12435,1,0.0,0,inf
dpctgan,"LocalNeighbourhood(L_2, 0.250411558405805, accuracy)",12435,0,0.0,0,inf
dpctgan,"LocalNeighbourhood(L_2, 0.250411558405805, accuracy)",12435,1,0.0,0,inf
dpctgan,"LocalNeighbourhood(L_2, 0.250411558405805, accuracy)",12435,0,0.0,0,inf
dpctgan,"LocalNeighbourhood(L_2, 0.250411558405805, accuracy)",12435,1,0.0,0,inf
dpctgan,"LocalNeighbourhood(L_2, 0.250411558405805, accuracy)",12435,0,0.0,0,inf
dpctgan,"LocalNeighbourhood(L_2, 0.250411558405805, accuracy)",12435,1,0.0,0,inf
dpctgan,"LocalNeighbourhood(L_2, 0.250411558405805, accuracy)",12435,0,0.0,0,inf
dpctgan,"LocalNeighbourhood(L_2, 0.250411558405805, accuracy)",12435,1,0.0,0,inf
dpctgan,"LocalNeighbourhood(L_2, 0.250411558405805, accuracy)",12435,0,0.0,0,inf
dpctgan,"LocalNeighbourhood(L_2, 0.250411558405805, accuracy)",12435,1,0.0,0,inf
dpctgan,"LocalNeighbourhood(L_2, 0.250411558405805, accuracy)",12435,0,0.0,0,inf
dpctgan,"LocalNeighbourhood(L_2, 0.250411558405805, accuracy)",12435,1,0.0,0,inf
dpctgan,"LocalNeighbourhood(L_2, 0.250411558405805, accuracy)",12435,0,0.0,0,inf
dpctgan,"LocalNeighbourhood(L_2, 0.250411558405805, accuracy)",12435,1,0.0,0,inf
dpctgan,"LocalNeighbourhood(L_2, 0.250411558405805, accuracy)",12435,0,0.0,0,inf
dpctgan,"LocalNeighbourhood(L_2, 0.250411558405805, accuracy)",12435,1,0.0,0,inf
dpctgan,"LocalNeighbourhood(L_2, 0.250411558405805, accuracy)",12435,0,0.0,0,inf
dpctgan,"LocalNeighbourhood(L_2, 0.250411558405805, accuracy)",12435,1,0.0,0,inf
dpctgan,"LocalNeighbourhood(L_2, 0.250411558405805, accuracy)",12435,0,0.0,0,inf
dpctgan,"LocalNeighbourhood(L_2, 0.250411558405805, accuracy)",12435,1,0.0,0,inf
dpctgan,"LocalNeighbourhood(L_2, 0.250411558405805, accuracy)",12435,0,0.0,0,inf
dpctgan,"LocalNeighbourhood(L_2, 0.250411558405805, accuracy)",12435,1,0.0,0,inf
dpctgan,"LocalNeighbourhood(L_2, 0.250411558405805, accuracy)",12435,0,0.0,0,inf
dpctgan,"LocalNeighbourhood(L_2, 0.250411558405805, accuracy)",12435,1,0.0,0,inf
dpctgan,"LocalNeighbourhood(L_2, 0.250411558405805, accuracy)",12435,0,0.0,0,inf
dpctgan,"LocalNeighbourhood(L_2, 0.250411558405805, accuracy)",12435,1,0.0,0,inf
dpctgan,"LocalNeighbourhood(L_2, 0.250411558405805, accuracy)",12435,0,0.0,0,inf
dpctgan,"LocalNeighbourhood(L_2, 0.250411558405805, accuracy)",12435,1,0.0,0,inf
dpctgan,"LocalNeighbourhood(L_2, 0.250411558405805, accuracy)",12435,0,0.0,0,inf
dpctgan,"LocalNeighbourhood(L_2, 0.250411558405805, accuracy)",12435,1,0.0,0,inf
dpctgan,"LocalNeighbourhood(L_2, 0.250411558405805, accuracy)",12435,0,0.0,0,inf
dpctgan,"LocalNeighbourhood(L_2, 0.250411558405805, accuracy)",12435,1,0.0,0,inf
dpctgan,"LocalNeighbourhood(L_2, 0.250411558405805, accuracy)",12435,0,0.0,0,inf
dpctgan,"LocalNeighbourhood(L_2, 0.250411558405805, accuracy)",12435,1,0.0,0,inf
dpctgan,"LocalNeighbourhood(L_2, 0.250411558405805, accuracy)",12435,0,0.0,0,inf
dpctgan,"LocalNeighbourhood(L_2, 0.250411558405805, accuracy)",12435,1,0.0,0,inf
dpctgan,"LocalNeighbourhood(L_2, 0.250411558405805, accuracy)",12435,0,0.0,0,inf
dpctgan,"LocalNeighbourhood(L_2, 0.250411558405805, accuracy)",12435,1,0.0,0,inf
dpctgan,"LocalNeighbourhood(L_2, 0.250411558405805, accuracy)",12435,0,0.0,0,inf
dpctgan,"LocalNeighbourhood(L_2, 0.250411558405805, accuracy)",12435,1,0.0,0,inf
dpctgan,"LocalNeighbourhood(L_2, 0.250411558405805, accuracy)",12435,0,0.0,0,inf
dpctgan,"LocalNeighbourhood(L_2, 0.250411558405805, accuracy)",12435,1,0.0,0,inf
dpctgan,"LocalNeighbourhood(L_2, 0.250411558405805, accuracy)",12435,0,0.0,0,inf
dpctgan,"LocalNeighbourhood(L_2, 0.250411558405805, accuracy)",12435,1,0.0,0,inf
dpctgan,"LocalNeighbourhood(L_2, 0.250411558405805, accuracy)",12435,0,0.0,0,inf
dpctgan,"LocalNeighbourhood(L_2, 0.250411558405805, accuracy)",12435,1,0.0,0,inf
dpctgan,"LocalNeighbourhood(L_2, 0.250411558405805, accuracy)",12435,0,0.0,0,inf
dpctgan,"LocalNeighbourhood(L_2, 0.250411558405805, accuracy)",12435,1,0.0,0,inf
dpctgan,"LocalNeighbourhood(L_2, 0.250411558405805, accuracy)",12435,0,0.0,0,inf
dpctgan,"LocalNeighbourhood(L_2, 0.250411558405805, accuracy)",12435,1,0.0,0,inf
dpctgan,"LocalNeighbourhood(L_2, 0.250411558405805, accuracy)",12435,0,0.0,0,inf
dpctgan,"LocalNeighbourhood(L_2, 0.250411558405805, accuracy)",12435,1,0.0,0,inf
dpctgan,"LocalNeighbourhood(L_2, 0.250411558405805, accuracy)",12435,0,0.0,0,inf
dpctgan,"LocalNeighbourhood(L_2, 0.250411558405805, accuracy)",12435,1,0.0,0,inf
dpctgan,"LocalNeighbourhood(L_2, 0.250411558405805, accuracy)",12435,0,0.0,0,inf
dpctgan,"LocalNeighbourhood(L_2, 0.250411558405805, accuracy)",12435,1,0.0,0,inf
dpctgan,"LocalNeighbourhood(L_2, 0.250411558405805, accuracy)",12435,0,0.0,0,inf
dpctgan,"LocalNeighbourhood(L_2, 0.250411558405805, accuracy)",12435,1,0.0,0,inf
dpctgan,"LocalNeighbourhood(L_2, 0.250411558405805, accuracy)",12435,0,0.0,0,inf
dpctgan,"LocalNeighbourhood(L_2, 0.250411558405805, accuracy)",12435,1,0.0,0,inf
dpctgan,"LocalNeighbourhood(L_2, 0.250411558405805, accuracy)",12435,0,0.0,0,inf
dpctgan,"LocalNeighbourhood(L_2, 0.250411558405805, accuracy)",12435,1,0.0,0,inf
dpctgan,"LocalNeighbourhood(L_2, 0.250411558405805, accuracy)",12435,0,0.0,0,inf
dpctgan,"LocalNeighbourhood(L_2, 0.250411558405805, accuracy)",12435,1,0.0,0,inf
dpctgan,"LocalNeighbourhood(L_2, 0.250411558405805, accuracy)",12435,0,0.0,0,inf
dpctgan,"LocalNeighbourhood(L_2, 0.250411558405805, accuracy)",12435,1,0.0,0,inf
dpctgan,"LocalNeighbourhood(L_2, 0.250411558405805, accuracy)",12435,0,0.0,0,inf
dpctgan,"LocalNeighbourhood(L_2, 0.250411558405805, accuracy)",12435,1,0.0,0,inf
dpctgan,"LocalNeighbourhood(L_2, 0.250411558405805, accuracy)",12435,0,0.0,0,inf
dpctgan,"LocalNeighbourhood(L_2, 0.250411558405805, accuracy)",12435,1,0.0,0,inf
dpctgan,"LocalNeighbourhood(L_2, 0.250411558405805, accuracy)",12435,0,0.0,0,inf
dpctgan,"LocalNeighbourhood(L_2, 0.250411558405805, accuracy)",12435,1,0.0,0,inf
dpctgan,"LocalNeighbourhood(L_2, 0.250411558405805, accuracy)",12435,0,0.0,0,inf
dpctgan,"LocalNeighbourhood(L_2, 0.250411558405805, accuracy)",12435,1,0.0,0,inf
dpctgan,"LocalNeighbourhood(L_2, 0.250411558405805, accuracy)",12435,0,0.0,0,inf
dpctgan,"LocalNeighbourhood(L_2, 0.250411558405805, accuracy)",12435,1,0.0,0,inf
dpctgan,"LocalNeighbourhood(L_2, 0.250411558405805, accuracy)",12435,0,0.0,0,inf
dpctgan,"LocalNeighbourhood(L_2, 0.250411558405805, accuracy)",12435,1,0.0,0,inf
dpctgan,"LocalNeighbourhood(L_2, 0.250411558405805, accuracy)",12435,0,0.0,0,inf
dpctgan,"LocalNeighbourhood(L_2, 0.250411558405805, accuracy)",12435,1,0.0,0,inf
dpctgan,"LocalNeighbourhood(L_2, 0.250411558405805, accuracy)",12435,0,0.0,0,inf
dpctgan,"LocalNeighbourhood(L_2, 0.250411558405805, accuracy)",12435,1,0.0,0,inf
dpctgan,"LocalNeighbourhood(L_2, 0.250411558405805, accuracy)",12435,0,0.0,0,inf
dpctgan,"LocalNeighbourhood(L_2, 0.250411558405805, accuracy)",12435,1,0.0,0,inf
dpctgan,"LocalNeighbourhood(L_2, 0.250411558405805, accuracy)",12435,0,0.0,0,inf
dpctgan,"LocalNeighbourhood(L_2, 0.250411558405805, accuracy)",12435,1,0.0,0,inf
dpctgan,"LocalNeighbourhood(L_2, 0.250411558405805, accuracy)",12435,0,0.0,0,inf
dpctgan,"LocalNeighbourhood(L_2, 0.250411558405805, accuracy)",12435,1,0.0,0,inf
dpctgan,"LocalNeighbourhood(L_2, 0.250411558405805, accuracy)",12435,0,0.0,0,inf
dpctgan,"LocalNeighbourhood(L_2, 0.250411558405805, accuracy)",12435,1,0.0,0,inf
dpctgan,"LocalNeighbourhood(L_2, 0.250411558405805, accuracy)",12435,0,0.002,0,inf
dpctgan,"LocalNeighbourhood(L_2, 0.250411558405805, accuracy)",12435,1,0.0,0,inf
dpctgan,"LocalNeighbourhood(L_2, 0.250411558405805, accuracy)",12435,0,0.0,0,inf
dpctgan,"LocalNeighbourhood(L_2, 0.250411558405805, accuracy)",12435,1,0.0,0,inf
dpctgan,"LocalNeighbourhood(L_2, 0.250411558405805, accuracy)",12435,0,0.0,0,inf
dpctgan,"LocalNeighbourhood(L_2, 0.250411558405805, accuracy)",12435,1,0.0,0,inf
dpctgan,"LocalNeighbourhood(L_2, 0.250411558405805, accuracy)",12435,0,0.0,0,inf
dpctgan,"LocalNeighbourhood(L_2, 0.250411558405805, accuracy)",12435,1,0.0,0,inf
dpctgan,"LocalNeighbourhood(L_2, 0.250411558405805, accuracy)",12435,0,0.0,0,inf
dpctgan,"LocalNeighbourhood(L_2, 0.250411558405805, accuracy)",12435,1,0.0,0,inf
dpctgan,"LocalNeighbourhood(L_2, 0.250411558405805, accuracy)",12435,0,0.0,0,inf
dpctgan,"LocalNeighbourhood(L_2, 0.250411558405805, accuracy)",12435,1,0.0,0,inf
dpctgan,"LocalNeighbourhood(L_2, 0.250411558405805, accuracy)",12435,0,0.0,0,inf
dpctgan,"LocalNeighbourhood(L_2, 0.250411558405805, accuracy)",12435,1,0.0,0,inf
dpctgan,"LocalNeighbourhood(L_2, 0.250411558405805, accuracy)",12435,0,0.0,0,inf
dpctgan,"LocalNeighbourhood(L_2, 0.250411558405805, accuracy)",12435,1,0.0,0,inf
dpctgan,"LocalNeighbourhood(L_2, 0.250411558405805, accuracy)",12435,0,0.0,0,inf
dpctgan,"LocalNeighbourhood(L_2, 0.250411558405805, accuracy)",12435,1,0.0,0,inf
dpctgan,"LocalNeighbourhood(L_2, 0.250411558405805, accuracy)",12435,0,0.0,0,inf
dpctgan,"LocalNeighbourhood(L_2, 0.250411558405805, accuracy)",12435,1,0.0,0,inf
dpctgan,"LocalNeighbourhood(L_2, 0.250411558405805, accuracy)",12435,0,0.0,0,inf
dpctgan,"LocalNeighbourhood(L_2, 0.250411558405805, accuracy)",12435,1,0.0,0,inf
dpctgan,"LocalNeighbourhood(L_2, 0.250411558405805, accuracy)",12435,0,0.0,0,inf
dpctgan,"LocalNeighbourhood(L_2, 0.250411558405805, accuracy)",12435,1,0.0,0,inf
dpctgan,"LocalNeighbourhood(L_2, 0.250411558405805, accuracy)",12435,0,0.0,0,inf
dpctgan,"LocalNeighbourhood(L_2, 0.250411558405805, accuracy)",12435,1,0.0,0,inf
dpctgan,"LocalNeighbourhood(L_2, 0.250411558405805, accuracy)",12435,0,0.0,0,inf
dpctgan,"LocalNeighbourhood(L_2, 0.250411558405805, accuracy)",12435,1,0.0,0,inf
dpctgan,"LocalNeighbourhood(L_2, 0.250411558405805, accuracy)",12435,0,0.0,0,inf
dpctgan,"LocalNeighbourhood(L_2, 0.250411558405805, accuracy)",12435,1,0.0,0,inf
dpctgan,"LocalNeighbourhood(L_2, 0.250411558405805, accuracy)",12435,0,0.0,0,inf
dpctgan,"LocalNeighbourhood(L_2, 0.250411558405805, accuracy)",12435,1,0.0,0,inf
dpctgan,"LocalNeighbourhood(L_2, 0.250411558405805, accuracy)",12435,0,0.0,0,inf
dpctgan,"LocalNeighbourhood(L_2, 0.250411558405805, accuracy)",12435,1,0.0,0,inf
dpctgan,"LocalNeighbourhood(L_2, 0.250411558405805, accuracy)",12435,0,0.0,0,inf
dpctgan,"LocalNeighbourhood(L_2, 0.250411558405805, accuracy)",12435,1,0.0,0,inf
dpctgan,"LocalNeighbourhood(L_2, 0.250411558405805, accuracy)",12435,0,0.0,0,inf
dpctgan,"LocalNeighbourhood(L_2, 0.250411558405805, accuracy)",12435,1,0.0,0,inf
dpctgan,"LocalNeighbourhood(L_2, 0.250411558405805, accuracy)",12435,0,0.0,0,inf
dpctgan,"LocalNeighbourhood(L_2, 0.250411558405805, accuracy)",12435,1,0.0,0,inf
dpctgan,"LocalNeighbourhood(L_2, 0.250411558405805, accuracy)",12435,0,0.0,0,inf
dpctgan,"LocalNeighbourhood(L_2, 0.250411558405805, accuracy)",12435,1,0.0,0,inf
dpctgan,"LocalNeighbourhood(L_2, 0.250411558405805, accuracy)",12435,0,0.0,0,inf
dpctgan,"LocalNeighbourhood(L_2, 0.250411558405805, accuracy)",12435,1,0.0,0,inf
dpctgan,"LocalNeighbourhood(L_2, 0.250411558405805, accuracy)",12435,0,0.0,0,inf
dpctgan,"LocalNeighbourhood(L_2, 0.250411558405805, accuracy)",12435,1,0.0,0,inf
dpctgan,"LocalNeighbourhood(L_2, 0.250411558405805, accuracy)",12435,0,0.0,0,inf
dpctgan,"LocalNeighbourhood(L_2, 0.250411558405805, accuracy)",12435,1,0.0,0,inf
dpctgan,"LocalNeighbourhood(L_2, 0.250411558405805, accuracy)",12435,0,0.0,0,inf
dpctgan,"LocalNeighbourhood(L_2, 0.250411558405805, accuracy)",12435,1,0.0,0,inf
dpctgan,"LocalNeighbourhood(L_2, 0.250411558405805, accuracy)",12435,0,0.0,0,inf
dpctgan,"LocalNeighbourhood(L_2, 0.250411558405805, accuracy)",12435,1,0.0,0,inf
dpctgan,"LocalNeighbourhood(L_2, 0.250411558405805, accuracy)",12435,0,0.0,0,inf
dpctgan,"LocalNeighbourhood(L_2, 0.250411558405805, accuracy)",12435,1,0.0,0,inf
dpctgan,"LocalNeighbourhood(L_2, 0.250411558405805, accuracy)",12435,0,0.0,0,inf
dpctgan,"LocalNeighbourhood(L_2, 0.250411558405805, accuracy)",12435,1,0.0,0,inf
dpctgan,"LocalNeighbourhood(L_2, 0.250411558405805, accuracy)",12435,0,0.0,0,inf
dpctgan,"LocalNeighbourhood(L_2, 0.250411558405805, accuracy)",12435,1,0.0,0,inf
dpctgan,"LocalNeighbourhood(L_2, 0.250411558405805, accuracy)",12435,0,0.0,0,inf
dpctgan,"LocalNeighbourhood(L_2, 0.250411558405805, accuracy)",12435,1,0.0,0,inf
dpctgan,"LocalNeighbourhood(L_2, 0.250411558405805, accuracy)",12435,0,0.0,0,inf
dpctgan,"LocalNeighbourhood(L_2, 0.250411558405805, accuracy)",12435,1,0.0,0,inf
dpctgan,"LocalNeighbourhood(L_2, 0.250411558405805, accuracy)",12435,0,0.0,0,inf
dpctgan,"LocalNeighbourhood(L_2, 0.250411558405805, accuracy)",12435,1,0.0,0,inf
dpctgan,"LocalNeighbourhood(L_2, 0.250411558405805, accuracy)",12435,0,0.0,0,inf
dpctgan,"LocalNeighbourhood(L_2, 0.250411558405805, accuracy)",12435,1,0.0,0,inf
dpctgan,"LocalNeighbourhood(L_2, 0.250411558405805, accuracy)",12435,0,0.0,0,inf
dpctgan,"LocalNeighbourhood(L_2, 0.250411558405805, accuracy)",12435,1,0.0,0,inf
dpctgan,"LocalNeighbourhood(L_2, 0.250411558405805, accuracy)",12435,0,0.0,0,inf
dpctgan,"LocalNeighbourhood(L_2, 0.250411558405805, accuracy)",12435,1,0.0,0,inf
dpctgan,"LocalNeighbourhood(L_2, 0.250411558405805, accuracy)",12435,0,0.0,0,inf
dpctgan,"LocalNeighbourhood(L_2, 0.250411558405805, accuracy)",12435,1,0.0,0,inf
dpctgan,"LocalNeighbourhood(L_2, 0.250411558405805, accuracy)",12435,0,0.0,0,inf
dpctgan,"LocalNeighbourhood(L_2, 0.250411558405805, accuracy)",12435,1,0.0,0,inf
dpctgan,"LocalNeighbourhood(L_2, 0.250411558405805, accuracy)",12435,0,0.0,0,inf
dpctgan,"LocalNeighbourhood(L_2, 0.250411558405805, accuracy)",12435,1,0.0,0,inf
dpctgan,"LocalNeighbourhood(L_2, 0.250411558405805, accuracy)",12435,0,0.0,0,inf
dpctgan,"LocalNeighbourhood(L_2, 0.250411558405805, accuracy)",12435,1,0.0,0,inf
dpctgan,"LocalNeighbourhood(L_2, 0.250411558405805, accuracy)",12435,0,0.0,0,inf
dpctgan,"LocalNeighbourhood(L_2, 0.250411558405805, accuracy)",12435,1,0.0,0,inf
dpctgan,"LocalNeighbourhood(L_2, 0.250411558405805, accuracy)",12435,0,0.0,0,inf
dpctgan,"LocalNeighbourhood(L_2, 0.250411558405805, accuracy)",12435,1,0.0,0,inf
dpctgan,"LocalNeighbourhood(L_2, 0.250411558405805, accuracy)",12435,0,0.0,0,inf
dpctgan,"LocalNeighbourhood(L_2, 0.250411558405805, accuracy)",12435,1,0.0,0,inf
dpctgan,"LocalNeighbourhood(L_2, 0.250411558405805, accuracy)",12435,0,0.0,0,inf
dpctgan,"LocalNeighbourhood(L_2, 0.250411558405805, accuracy)",12435,1,0.0,0,inf
dpctgan,"LocalNeighbourhood(L_2, 0.250411558405805, accuracy)",12435,0,0.0,0,inf
dpctgan,"LocalNeighbourhood(L_2, 0.250411558405805, accuracy)",12435,1,0.0,0,inf
dpctgan,"LocalNeighbourhood(L_2, 0.250411558405805, accuracy)",12435,0,0.0,0,inf
dpctgan,"LocalNeighbourhood(L_2, 0.250411558405805, accuracy)",12435,1,0.0,0,inf
dpctgan,"LocalNeighbourhood(L_2, 0.250411558405805, accuracy)",12435,0,0.0,0,inf
dpctgan,"LocalNeighbourhood(L_2, 0.250411558405805, accuracy)",12435,1,0.0,0,inf
dpctgan,"LocalNeighbourhood(L_2, 0.250411558405805, accuracy)",12435,0,0.0,0,inf
dpctgan,"LocalNeighbourhood(L_2, 0.250411558405805, accuracy)",12435,1,0.0,0,inf
dpctgan,"LocalNeighbourhood(L_2, 0.250411558405805, accuracy)",12435,0,0.0,0,inf
dpctgan,"LocalNeighbourhood(L_2, 0.250411558405805, accuracy)",12435,1,0.0,0,inf
dpctgan,"LocalNeighbourhood(L_2, 0.250411558405805, accuracy)",12435,0,0.0,0,inf
dpctgan,"LocalNeighbourhood(L_2, 0.250411558405805, accuracy)",12435,1,0.0,0,inf
dpctgan,"LocalNeighbourhood(L_2, 0.250411558405805, accuracy)",12435,0,0.0,0,inf
dpctgan,"LocalNeighbourhood(L_2, 0.250411558405805, accuracy)",12435,1,0.0,0,inf
dpctgan,"LocalNeighbourhood(L_2, 0.250411558405805, accuracy)",12435,0,0.0,0,inf
dpctgan,"LocalNeighbourhood(L_2, 0.250411558405805, accuracy)",12435,1,0.0,0,inf
dpctgan,"LocalNeighbourhood(L_2, 0.250411558405805, accuracy)",12435,0,0.0,0,inf
dpctgan,"LocalNeighbourhood(L_2, 0.250411558405805, accuracy)",12435,1,0.0,0,inf
dpctgan,"LocalNeighbourhood(L_2, 0.250411558405805, accuracy)",12435,0,0.0,0,inf
dpctgan,"LocalNeighbourhood(L_2, 0.250411558405805, accuracy)",12435,1,0.0,0,inf
dpctgan,"LocalNeighbourhood(L_2, 0.250411558405805, accuracy)",12435,0,0.0,0,inf
dpctgan,"LocalNeighbourhood(L_2, 0.250411558405805, accuracy)",12435,1,0.0,0,inf
dpctgan,"LocalNeighbourhood(L_2, 0.250411558405805, accuracy)",12435,0,0.0,0,inf
dpctgan,"LocalNeighbourhood(L_2, 0.250411558405805, accuracy)",12435,1,0.0,0,inf
dpctgan,"LocalNeighbourhood(L_2, 0.250411558405805, accuracy)",12435,0,0.0,0,inf
dpctgan,"LocalNeighbourhood(L_2, 0.250411558405805, accuracy)",12435,1,0.0,0,inf
dpctgan,"LocalNeighbourhood(L_2, 0.250411558405805, accuracy)",12435,0,0.0,0,inf
dpctgan,"LocalNeighbourhood(L_2, 0.250411558405805, accuracy)",12435,1,0.0,0,inf
dpctgan,"LocalNeighbourhood(L_2, 0.250411558405805, accuracy)",12435,0,0.0,0,inf
dpctgan,"LocalNeighbourhood(L_2, 0.250411558405805, accuracy)",12435,1,0.0,0,inf
dpctgan,"LocalNeighbourhood(L_2, 0.250411558405805, accuracy)",12435,0,0.0,0,inf
dpctgan,"LocalNeighbourhood(L_2, 0.250411558405805, accuracy)",12435,1,0.0,0,inf
dpctgan,"LocalNeighbourhood(L_2, 0.250411558405805, accuracy)",12435,0,0.0,0,inf
dpctgan,"LocalNeighbourhood(L_2, 0.250411558405805, accuracy)",12435,1,0.0,0,inf
dpctgan,"LocalNeighbourhood(L_2, 0.250411558405805, accuracy)",12435,0,0.0,0,inf
dpctgan,"LocalNeighbourhood(L_2, 0.250411558405805, accuracy)",12435,1,0.0,0,inf
dpctgan,"LocalNeighbourhood(L_2, 0.250411558405805, accuracy)",12435,0,0.0,0,inf
dpctgan,"LocalNeighbourhood(L_2, 0.250411558405805, accuracy)",12435,1,0.0,0,inf
dpctgan,"LocalNeighbourhood(L_2, 0.250411558405805, accuracy)",12435,0,0.0,0,inf
dpctgan,"LocalNeighbourhood(L_2, 0.250411558405805, accuracy)",12435,1,0.0,0,inf
dpctgan,"LocalNeighbourhood(L_2, 0.250411558405805, accuracy)",12435,0,0.0,0,inf
dpctgan,"LocalNeighbourhood(L_2, 0.250411558405805, accuracy)",12435,1,0.0,0,inf
dpctgan,"LocalNeighbourhood(L_2, 0.250411558405805, accuracy)",12435,0,0.0,0,inf
dpctgan,"LocalNeighbourhood(L_2, 0.250411558405805, accuracy)",12435,1,0.0,0,inf
dpctgan,"LocalNeighbourhood(L_2, 0.250411558405805, accuracy)",12435,0,0.0,0,inf
dpctgan,"LocalNeighbourhood(L_2, 0.250411558405805, accuracy)",12435,1,0.0,0,inf
dpctgan,"LocalNeighbourhood(L_2, 0.250411558405805, accuracy)",12435,0,0.0,0,inf
dpctgan,"LocalNeighbourhood(L_2, 0.250411558405805, accuracy)",12435,1,0.0,0,inf
dpctgan,"LocalNeighbourhood(L_2, 0.250411558405805, accuracy)",12435,0,0.0,0,inf
dpctgan,"LocalNeighbourhood(L_2, 0.250411558405805, accuracy)",12435,1,0.0,0,inf
dpctgan,"LocalNeighbourhood(L_2, 0.250411558405805, accuracy)",12435,0,0.0,0,inf
dpctgan,"LocalNeighbourhood(L_2, 0.250411558405805, accuracy)",12435,1,0.0,0,inf
dpctgan,"LocalNeighbourhood(L_2, 0.250411558405805, accuracy)",12435,0,0.0,0,inf
dpctgan,"LocalNeighbourhood(L_2, 0.250411558405805, accuracy)",12435,1,0.0,0,inf
dpctgan,"LocalNeighbourhood(L_2, 0.250411558405805, accuracy)",12435,0,0.0,0,inf
dpctgan,"LocalNeighbourhood(L_2, 0.250411558405805, accuracy)",12435,1,0.0,0,inf
dpctgan,"LocalNeighbourhood(L_2, 0.250411558405805, accuracy)",12435,0,0.0,0,inf
dpctgan,"LocalNeighbourhood(L_2, 0.250411558405805, accuracy)",12435,1,0.0,0,inf
dpctgan,"LocalNeighbourhood(L_2, 0.250411558405805, accuracy)",12435,0,0.0,0,inf
dpctgan,"LocalNeighbourhood(L_2, 0.250411558405805, accuracy)",12435,1,0.0,0,inf
dpctgan,"LocalNeighbourhood(L_2, 0.250411558405805, accuracy)",12435,0,0.0,0,inf
dpctgan,"LocalNeighbourhood(L_2, 0.250411558405805, accuracy)",12435,1,0.0,0,inf
dpctgan,"LocalNeighbourhood(L_2, 0.250411558405805, accuracy)",12435,0,0.0,0,inf
dpctgan,"LocalNeighbourhood(L_2, 0.250411558405805, accuracy)",12435,1,0.0,0,inf
dpctgan,"LocalNeighbourhood(L_2, 0.250411558405805, accuracy)",12435,0,0.0,0,inf
dpctgan,"LocalNeighbourhood(L_2, 0.250411558405805, accuracy)",12435,1,0.0,0,inf
dpctgan,"LocalNeighbourhood(L_2, 0.250411558405805, accuracy)",12435,0,0.0,0,inf
dpctgan,"LocalNeighbourhood(L_2, 0.250411558405805, accuracy)",12435,1,0.0,0,inf
dpctgan,"LocalNeighbourhood(L_2, 0.250411558405805, accuracy)",12435,0,0.0,0,inf
dpctgan,"LocalNeighbourhood(L_2, 0.250411558405805, accuracy)",12435,1,0.0,0,inf
dpctgan,"LocalNeighbourhood(L_2, 0.250411558405805, accuracy)",12435,0,0.0,0,inf
dpctgan,"LocalNeighbourhood(L_2, 0.250411558405805, accuracy)",12435,1,0.0,0,inf
dpctgan,"LocalNeighbourhood(L_2, 0.250411558405805, accuracy)",12435,0,0.0,0,inf
dpctgan,"LocalNeighbourhood(L_2, 0.250411558405805, accuracy)",12435,1,0.0,0,inf
dpctgan,"LocalNeighbourhood(L_2, 0.250411558405805, accuracy)",12435,0,0.0,0,inf
dpctgan,"LocalNeighbourhood(L_2, 0.250411558405805, accuracy)",12435,1,0.0,0,inf
dpctgan,"LocalNeighbourhood(L_2, 0.250411558405805, accuracy)",12435,0,0.0,0,inf
dpctgan,"LocalNeighbourhood(L_2, 0.250411558405805, accuracy)",12435,1,0.0,0,inf
dpctgan,"LocalNeighbourhood(L_2, 0.250411558405805, accuracy)",12435,0,0.0,0,inf
dpctgan,"LocalNeighbourhood(L_2, 0.250411558405805, accuracy)",12435,1,0.0,0,inf
dpctgan,"LocalNeighbourhood(L_2, 0.250411558405805, accuracy)",12435,0,0.0,0,inf
dpctgan,"LocalNeighbourhood(L_2, 0.250411558405805, accuracy)",12435,1,0.0,0,inf
dpctgan,"LocalNeighbourhood(L_2, 0.250411558405805, accuracy)",12435,0,0.0,0,inf
dpctgan,"LocalNeighbourhood(L_2, 0.250411558405805, accuracy)",12435,1,0.0,0,inf
dpctgan,"LocalNeighbourhood(L_2, 0.250411558405805, accuracy)",12435,0,0.0,0,inf
dpctgan,"LocalNeighbourhood(L_2, 0.250411558405805, accuracy)",12435,1,0.0,0,inf
dpctgan,"LocalNeighbourhood(L_2, 0.250411558405805, accuracy)",12435,0,0.0,0,inf
dpctgan,"LocalNeighbourhood(L_2, 0.250411558405805, accuracy)",12435,1,0.0,0,inf
dpctgan,"LocalNeighbourhood(L_2, 0.250411558405805, accuracy)",12435,0,0.0,0,inf
dpctgan,"LocalNeighbourhood(L_2, 0.250411558405805, accuracy)",12435,1,0.0,0,inf
dpctgan,"LocalNeighbourhood(L_2, 0.250411558405805, accuracy)",12435,0,0.0,0,inf
dpctgan,"LocalNeighbourhood(L_2, 0.250411558405805, accuracy)",12435,1,0.0,0,inf
dpctgan,"LocalNeighbourhood(L_2, 0.250411558405805, accuracy)",12435,0,0.0,0,inf
dpctgan,"LocalNeighbourhood(L_2, 0.250411558405805, accuracy)",12435,1,0.0,0,inf
dpctgan,"LocalNeighbourhood(L_2, 0.250411558405805, accuracy)",12435,0,0.0,0,inf
dpctgan,"LocalNeighbourhood(L_2, 0.250411558405805, accuracy)",12435,1,0.0,0,inf
dpctgan,"LocalNeighbourhood(L_2, 0.250411558405805, accuracy)",12435,0,0.0,0,inf
dpctgan,"LocalNeighbourhood(L_2, 0.250411558405805, accuracy)",12435,1,0.0,0,inf
dpctgan,"LocalNeighbourhood(L_2, 0.250411558405805, accuracy)",12435,0,0.0,0,inf
dpctgan,"LocalNeighbourhood(L_2, 0.250411558405805, accuracy)",12435,1,0.0,0,inf
dpctgan,"LocalNeighbourhood(L_2, 0.250411558405805, accuracy)",12435,0,0.0,0,inf
dpctgan,"LocalNeighbourhood(L_2, 0.250411558405805, accuracy)",12435,1,0.0,0,inf
dpctgan,"LocalNeighbourhood(L_2, 0.250411558405805, accuracy)",12435,0,0.0,0,inf
dpctgan,"LocalNeighbourhood(L_2, 0.250411558405805, accuracy)",12435,1,0.0,0,inf
dpctgan,"LocalNeighbourhood(L_2, 0.250411558405805, accuracy)",12435,0,0.0,0,inf
dpctgan,"LocalNeighbourhood(L_2, 0.250411558405805, accuracy)",12435,1,0.0,0,inf
dpctgan,"LocalNeighbourhood(L_2, 0.250411558405805, accuracy)",12435,0,0.0,0,inf
dpctgan,"LocalNeighbourhood(L_2, 0.250411558405805, accuracy)",12435,1,0.0,0,inf
dpctgan,"LocalNeighbourhood(L_2, 0.250411558405805, accuracy)",12435,0,0.0,0,inf
dpctgan,"LocalNeighbourhood(L_2, 0.250411558405805, accuracy)",12435,1,0.0,0,inf
dpctgan,"LocalNeighbourhood(L_2, 0.250411558405805, accuracy)",12435,0,0.0,0,inf
dpctgan,"LocalNeighbourhood(L_2, 0.250411558405805, accuracy)",12435,1,0.0,0,inf
dpctgan,"LocalNeighbourhood(L_2, 0.250411558405805, accuracy)",12435,0,0.0,0,inf
dpctgan,"LocalNeighbourhood(L_2, 0.250411558405805, accuracy)",12435,1,0.0,0,inf
dpctgan,"LocalNeighbourhood(L_2, 0.250411558405805, accuracy)",12435,0,0.0,0,inf
dpctgan,"LocalNeighbourhood(L_2, 0.250411558405805, accuracy)",12435,1,0.0,0,inf
dpctgan,"LocalNeighbourhood(L_2, 0.250411558405805, accuracy)",12435,0,0.0,0,inf
dpctgan,"LocalNeighbourhood(L_2, 0.250411558405805, accuracy)",12435,1,0.0,0,inf
dpctgan,"LocalNeighbourhood(L_2, 0.250411558405805, accuracy)",12435,0,0.0,0,inf
dpctgan,"LocalNeighbourhood(L_2, 0.250411558405805, accuracy)",12435,1,0.0,0,inf
dpctgan,"LocalNeighbourhood(L_2, 0.250411558405805, accuracy)",12435,0,0.0,0,inf
dpctgan,"LocalNeighbourhood(L_2, 0.250411558405805, accuracy)",12435,1,0.0,0,inf
dpctgan,"LocalNeighbourhood(L_2, 0.250411558405805, accuracy)",12435,0,0.0,0,inf
dpctgan,"LocalNeighbourhood(L_2, 0.250411558405805, accuracy)",12435,1,0.0,0,inf
dpctgan,"LocalNeighbourhood(L_2, 0.250411558405805, accuracy)",12435,0,0.0,0,inf
dpctgan,"LocalNeighbourhood(L_2, 0.250411558405805, accuracy)",12435,1,0.0,0,inf
dpctgan,"LocalNeighbourhood(L_2, 0.250411558405805, accuracy)",12435,0,0.0,0,inf
dpctgan,"LocalNeighbourhood(L_2, 0.250411558405805, accuracy)",12435,1,0.0,0,inf
dpctgan,"LocalNeighbourhood(L_2, 0.250411558405805, accuracy)",12435,0,0.0,0,inf
dpctgan,"LocalNeighbourhood(L_2, 0.250411558405805, accuracy)",12435,1,0.0,0,inf
dpctgan,"LocalNeighbourhood(L_2, 0.250411558405805, accuracy)",12435,0,0.0,0,inf
dpctgan,"LocalNeighbourhood(L_2, 0.250411558405805, accuracy)",12435,1,0.0,0,inf
dpctgan,"LocalNeighbourhood(L_2, 0.250411558405805, accuracy)",12435,0,0.0,0,inf
dpctgan,"LocalNeighbourhood(L_2, 0.250411558405805, accuracy)",12435,1,0.0,0,inf
dpctgan,"LocalNeighbourhood(L_2, 0.250411558405805, accuracy)",12435,0,0.0,0,inf
dpctgan,"LocalNeighbourhood(L_2, 0.250411558405805, accuracy)",12435,1,0.0,0,inf
dpctgan,"LocalNeighbourhood(L_2, 0.250411558405805, accuracy)",12435,0,0.0,0,inf
dpctgan,"LocalNeighbourhood(L_2, 0.250411558405805, accuracy)",12435,1,0.0,0,inf
dpctgan,"LocalNeighbourhood(L_2, 0.250411558405805, accuracy)",12435,0,0.0,0,inf
dpctgan,"LocalNeighbourhood(L_2, 0.250411558405805, accuracy)",12435,1,0.0,0,inf
dpctgan,"LocalNeighbourhood(L_2, 0.250411558405805, accuracy)",12435,0,0.0,0,inf
dpctgan,"LocalNeighbourhood(L_2, 0.250411558405805, accuracy)",12435,1,0.0,0,inf
dpctgan,"LocalNeighbourhood(L_2, 0.250411558405805, accuracy)",12435,0,0.0,0,inf
dpctgan,"LocalNeighbourhood(L_2, 0.250411558405805, accuracy)",12435,1,0.0,0,inf
dpctgan,"LocalNeighbourhood(L_2, 0.250411558405805, accuracy)",12435,0,0.0,0,inf
dpctgan,"LocalNeighbourhood(L_2, 0.250411558405805, accuracy)",12435,1,0.0,0,inf
dpctgan,"LocalNeighbourhood(L_2, 0.250411558405805, accuracy)",12435,0,0.0,0,inf
dpctgan,"LocalNeighbourhood(L_2, 0.250411558405805, accuracy)",12435,1,0.0,0,inf
dpctgan,"LocalNeighbourhood(L_2, 0.250411558405805, accuracy)",12435,0,0.0,0,inf
dpctgan,"LocalNeighbourhood(L_2, 0.250411558405805, accuracy)",12435,1,0.0,0,inf
dpctgan,"LocalNeighbourhood(L_2, 0.250411558405805, accuracy)",12435,0,0.0,0,inf
dpctgan,"LocalNeighbourhood(L_2, 0.250411558405805, accuracy)",12435,1,0.0,0,inf
dpctgan,"LocalNeighbourhood(L_2, 0.250411558405805, accuracy)",12435,0,0.0,0,inf
dpctgan,"LocalNeighbourhood(L_2, 0.250411558405805, accuracy)",12435,1,0.0,0,inf
dpctgan,"LocalNeighbourhood(L_2, 0.250411558405805, accuracy)",12435,0,0.0,0,inf
dpctgan,"LocalNeighbourhood(L_2, 0.250411558405805, accuracy)",12435,1,0.0,0,inf
dpctgan,"LocalNeighbourhood(L_2, 0.250411558405805, accuracy)",12435,0,0.0,0,inf
dpctgan,"LocalNeighbourhood(L_2, 0.250411558405805, accuracy)",12435,1,0.0,0,inf
dpctgan,"LocalNeighbourhood(L_2, 0.250411558405805, accuracy)",12435,0,0.0,0,inf
dpctgan,"LocalNeighbourhood(L_2, 0.250411558405805, accuracy)",12435,1,0.0,0,inf
dpctgan,"LocalNeighbourhood(L_2, 0.250411558405805, accuracy)",12435,0,0.0,0,inf
dpctgan,"LocalNeighbourhood(L_2, 0.250411558405805, accuracy)",12435,1,0.0,0,inf
dpctgan,"LocalNeighbourhood(L_2, 0.250411558405805, accuracy)",12435,0,0.0,0,inf
dpctgan,"LocalNeighbourhood(L_2, 0.250411558405805, accuracy)",12435,1,0.0,0,inf
dpctgan,"LocalNeighbourhood(L_2, 0.250411558405805, accuracy)",12435,0,0.0,0,inf
dpctgan,"LocalNeighbourhood(L_2, 0.250411558405805, accuracy)",12435,1,0.0,0,inf
dpctgan,"LocalNeighbourhood(L_2, 0.250411558405805, accuracy)",12435,0,0.0,0,inf
dpctgan,"LocalNeighbourhood(L_2, 0.250411558405805, accuracy)",12435,1,0.0,0,inf
dpctgan,"LocalNeighbourhood(L_2, 0.250411558405805, accuracy)",12435,0,0.0,0,inf
dpctgan,"LocalNeighbourhood(L_2, 0.250411558405805, accuracy)",12435,1,0.0,0,inf
dpctgan,"LocalNeighbourhood(L_2, 0.250411558405805, accuracy)",12435,0,0.0,0,inf
dpctgan,"LocalNeighbourhood(L_2, 0.250411558405805, accuracy)",12435,1,0.0,0,inf
dpctgan,"LocalNeighbourhood(L_2, 0.250411558405805, accuracy)",12435,0,0.0,0,inf
dpctgan,"LocalNeighbourhood(L_2, 0.250411558405805, accuracy)",12435,1,0.0,0,inf
dpctgan,"LocalNeighbourhood(L_2, 0.250411558405805, accuracy)",12435,0,0.0,0,inf
dpctgan,"LocalNeighbourhood(L_2, 0.250411558405805, accuracy)",12435,1,0.0,0,inf
dpctgan,"LocalNeighbourhood(L_2, 0.250411558405805, accuracy)",12435,0,0.0,0,inf
dpctgan,"LocalNeighbourhood(L_2, 0.250411558405805, accuracy)",12435,1,0.0,0,inf
dpctgan,"LocalNeighbourhood(L_2, 0.250411558405805, accuracy)",12435,0,0.0,0,inf
dpctgan,"LocalNeighbourhood(L_2, 0.250411558405805, accuracy)",12435,1,0.0,0,inf
dpctgan,"LocalNeighbourhood(L_2, 0.250411558405805, accuracy)",12435,0,0.0,0,inf
dpctgan,"LocalNeighbourhood(L_2, 0.250411558405805, accuracy)",12435,1,0.0,0,inf
dpctgan,"LocalNeighbourhood(L_2, 0.250411558405805, accuracy)",12435,0,0.0,0,inf
dpctgan,"LocalNeighbourhood(L_2, 0.250411558405805, accuracy)",12435,1,0.0,0,inf
dpctgan,"LocalNeighbourhood(L_2, 0.250411558405805, accuracy)",12435,0,0.0,0,inf
dpctgan,"LocalNeighbourhood(L_2, 0.250411558405805, accuracy)",12435,1,0.0,0,inf
dpctgan,"LocalNeighbourhood(L_2, 0.250411558405805, accuracy)",12435,0,0.0,0,inf
dpctgan,"LocalNeighbourhood(L_2, 0.250411558405805, accuracy)",12435,1,0.0,0,inf
dpctgan,"LocalNeighbourhood(L_2, 0.250411558405805, accuracy)",12435,0,0.0,0,inf
dpctgan,"LocalNeighbourhood(L_2, 0.250411558405805, accuracy)",12435,1,0.0,0,inf
dpctgan,"LocalNeighbourhood(L_2, 0.250411558405805, accuracy)",12435,0,0.0,0,inf
dpctgan,"LocalNeighbourhood(L_2, 0.250411558405805, accuracy)",12435,1,0.0,0,inf
dpctgan,"LocalNeighbourhood(L_2, 0.250411558405805, accuracy)",12435,0,0.0,0,inf
dpctgan,"LocalNeighbourhood(L_2, 0.250411558405805, accuracy)",12435,1,0.0,0,inf
dpctgan,"LocalNeighbourhood(L_2, 0.250411558405805, accuracy)",12435,0,0.0,0,inf
dpctgan,"LocalNeighbourhood(L_2, 0.250411558405805, accuracy)",12435,1,0.0,0,inf
dpctgan,"LocalNeighbourhood(L_2, 0.250411558405805, accuracy)",12435,0,0.0,0,inf
dpctgan,"LocalNeighbourhood(L_2, 0.250411558405805, accuracy)",12435,1,0.0,0,inf
dpctgan,"LocalNeighbourhood(L_2, 0.250411558405805, accuracy)",12435,0,0.0,0,inf
dpctgan,"LocalNeighbourhood(L_2, 0.250411558405805, accuracy)",12435,1,0.0,0,inf
dpctgan,"LocalNeighbourhood(L_2, 0.250411558405805, accuracy)",12435,0,0.0,0,inf
dpctgan,"LocalNeighbourhood(L_2, 0.250411558405805, accuracy)",12435,1,0.0,0,inf
dpctgan,"LocalNeighbourhood(L_2, 0.250411558405805, accuracy)",12435,0,0.0,0,inf
dpctgan,"LocalNeighbourhood(L_2, 0.250411558405805, accuracy)",12435,1,0.0,0,inf
dpctgan,"LocalNeighbourhood(L_2, 0.250411558405805, accuracy)",12435,0,0.0,0,inf
dpctgan,"LocalNeighbourhood(L_2, 0.250411558405805, accuracy)",12435,1,0.0,0,inf
dpctgan,"LocalNeighbourhood(L_2, 0.250411558405805, accuracy)",12435,0,0.0,0,inf
dpctgan,"LocalNeighbourhood(L_2, 0.250411558405805, accuracy)",12435,1,0.0,0,inf
dpctgan,"LocalNeighbourhood(L_2, 0.250411558405805, accuracy)",12435,0,0.0,0,inf
dpctgan,"LocalNeighbourhood(L_2, 0.250411558405805, accuracy)",12435,1,0.0,0,inf
dpctgan,"LocalNeighbourhood(L_2, 0.250411558405805, accuracy)",12435,0,0.0,0,inf
dpctgan,"LocalNeighbourhood(L_2, 0.250411558405805, accuracy)",12435,1,0.0,0,inf
dpctgan,"LocalNeighbourhood(L_2, 0.250411558405805, accuracy)",12435,0,0.0,0,inf
dpctgan,"LocalNeighbourhood(L_2, 0.250411558405805, accuracy)",12435,1,0.0,0,inf
dpctgan,"LocalNeighbourhood(L_2, 0.250411558405805, accuracy)",12435,0,0.0,0,inf
dpctgan,"LocalNeighbourhood(L_2, 0.250411558405805, accuracy)",12435,1,0.0,0,inf
dpctgan,"LocalNeighbourhood(L_2, 0.250411558405805, accuracy)",12435,0,0.0,0,inf
dpctgan,"LocalNeighbourhood(L_2, 0.250411558405805, accuracy)",12435,1,0.0,0,inf
dpctgan,"LocalNeighbourhood(L_2, 0.250411558405805, accuracy)",12435,0,0.0,0,inf
dpctgan,"LocalNeighbourhood(L_2, 0.250411558405805, accuracy)",12435,1,0.0,0,inf
dpctgan,"LocalNeighbourhood(L_2, 0.250411558405805, accuracy)",12435,0,0.0,0,inf
dpctgan,"LocalNeighbourhood(L_2, 0.250411558405805, accuracy)",12435,1,0.0,0,inf
dpctgan,"LocalNeighbourhood(L_2, 0.250411558405805, accuracy)",12435,0,0.0,0,inf
dpctgan,"LocalNeighbourhood(L_2, 0.250411558405805, accuracy)",12435,1,0.0,0,inf
dpctgan,"LocalNeighbourhood(L_2, 0.250411558405805, accuracy)",12435,0,0.0,0,inf
dpctgan,"LocalNeighbourhood(L_2, 0.250411558405805, accuracy)",12435,1,0.0,0,inf
dpctgan,"LocalNeighbourhood(L_2, 0.250411558405805, accuracy)",12435,0,0.0,0,inf
dpctgan,"LocalNeighbourhood(L_2, 0.250411558405805, accuracy)",12435,1,0.0,0,inf
dpctgan,"LocalNeighbourhood(L_2, 0.250411558405805, accuracy)",12435,0,0.0,0,inf
dpctgan,"LocalNeighbourhood(L_2, 0.250411558405805, accuracy)",12435,1,0.0,0,inf
dpctgan,"LocalNeighbourhood(L_2, 0.250411558405805, accuracy)",12435,0,0.0,0,inf
dpctgan,"LocalNeighbourhood(L_2, 0.250411558405805, accuracy)",12435,1,0.0,0,inf
dpctgan,"LocalNeighbourhood(L_2, 0.250411558405805, accuracy)",12435,0,0.0,0,inf
dpctgan,"LocalNeighbourhood(L_2, 0.250411558405805, accuracy)",12435,1,0.0,0,inf
dpctgan,"LocalNeighbourhood(L_2, 0.250411558405805, accuracy)",12435,0,0.0,0,inf
dpctgan,"LocalNeighbourhood(L_2, 0.250411558405805, accuracy)",12435,1,0.0,0,inf
dpctgan,"LocalNeighbourhood(L_2, 0.250411558405805, accuracy)",12435,0,0.0,0,inf
dpctgan,"LocalNeighbourhood(L_2, 0.250411558405805, accuracy)",12435,1,0.0,0,inf
dpctgan,"LocalNeighbourhood(L_2, 0.250411558405805, accuracy)",12435,0,0.0,0,inf
dpctgan,"LocalNeighbourhood(L_2, 0.250411558405805, accuracy)",12435,1,0.0,0,inf
dpctgan,"LocalNeighbourhood(L_2, 0.250411558405805, accuracy)",12435,0,0.0,0,inf
dpctgan,"LocalNeighbourhood(L_2, 0.250411558405805, accuracy)",12435,1,0.0,0,inf
dpctgan,"LocalNeighbourhood(L_2, 0.250411558405805, accuracy)",12435,0,0.0,0,inf
dpctgan,"LocalNeighbourhood(L_2, 0.250411558405805, accuracy)",12435,1,0.0,0,inf
dpctgan,"LocalNeighbourhood(L_2, 0.250411558405805, accuracy)",12435,0,0.0,0,inf
dpctgan,"LocalNeighbourhood(L_2, 0.250411558405805, accuracy)",12435,1,0.0,0,inf
dpctgan,"LocalNeighbourhood(L_2, 0.250411558405805, accuracy)",12435,0,0.0,0,inf
dpctgan,"LocalNeighbourhood(L_2, 0.250411558405805, accuracy)",12435,1,0.0,0,inf
dpctgan,"LocalNeighbourhood(L_2, 0.250411558405805, accuracy)",12435,0,0.0,0,inf
dpctgan,"LocalNeighbourhood(L_2, 0.250411558405805, accuracy)",12435,1,0.0,0,inf
dpctgan,"LocalNeighbourhood(L_2, 0.250411558405805, accuracy)",12435,0,0.0,0,inf
dpctgan,"LocalNeighbourhood(L_2, 0.250411558405805, accuracy)",12435,1,0.0,0,inf
dpctgan,"LocalNeighbourhood(L_2, 0.250411558405805, accuracy)",12435,0,0.0,0,inf
dpctgan,"LocalNeighbourhood(L_2, 0.250411558405805, accuracy)",12435,1,0.0,0,inf
dpctgan,"LocalNeighbourhood(L_2, 0.250411558405805, accuracy)",12435,0,0.0,0,inf
dpctgan,"LocalNeighbourhood(L_2, 0.250411558405805, accuracy)",12435,1,0.0,0,inf
dpctgan,"LocalNeighbourhood(L_2, 0.250411558405805, accuracy)",12435,0,0.0,0,inf
dpctgan,"LocalNeighbourhood(L_2, 0.250411558405805, accuracy)",12435,1,0.0,0,inf
dpctgan,"LocalNeighbourhood(L_2, 0.250411558405805, accuracy)",12435,0,0.0,0,inf
dpctgan,"LocalNeighbourhood(L_2, 0.250411558405805, accuracy)",12435,1,0.0,0,inf
dpctgan,"LocalNeighbourhood(L_2, 0.250411558405805, accuracy)",12435,0,0.0,0,inf
dpctgan,"LocalNeighbourhood(L_2, 0.250411558405805, accuracy)",12435,1,0.0,0,inf
dpctgan,"LocalNeighbourhood(L_2, 0.250411558405805, accuracy)",12435,0,0.0,0,inf
dpctgan,"LocalNeighbourhood(L_2, 0.250411558405805, accuracy)",12435,1,0.0,0,inf
dpctgan,"LocalNeighbourhood(L_2, 0.250411558405805, accuracy)",12435,0,0.0,0,inf
dpctgan,"LocalNeighbourhood(L_2, 0.250411558405805, accuracy)",12435,1,0.0,0,inf
dpctgan,"LocalNeighbourhood(L_2, 0.250411558405805, accuracy)",12435,0,0.0,0,inf
dpctgan,"LocalNeighbourhood(L_2, 0.250411558405805, accuracy)",12435,1,0.0,0,inf
dpctgan,"LocalNeighbourhood(L_2, 0.250411558405805, accuracy)",12435,0,0.0,0,inf
dpctgan,"LocalNeighbourhood(L_2, 0.250411558405805, accuracy)",12435,1,0.0,0,inf
dpctgan,"LocalNeighbourhood(L_2, 0.250411558405805, accuracy)",12435,0,0.0,0,inf
dpctgan,"LocalNeighbourhood(L_2, 0.250411558405805, accuracy)",12435,1,0.0,0,inf
dpctgan,"LocalNeighbourhood(L_2, 0.250411558405805, accuracy)",12435,0,0.0,0,inf
dpctgan,"LocalNeighbourhood(L_2, 0.250411558405805, accuracy)",12435,1,0.0,0,inf
dpctgan,"LocalNeighbourhood(L_2, 0.250411558405805, accuracy)",12435,0,0.0,0,inf
dpctgan,"LocalNeighbourhood(L_2, 0.250411558405805, accuracy)",12435,1,0.0,0,inf
dpctgan,"LocalNeighbourhood(L_2, 0.250411558405805, accuracy)",12435,0,0.0,0,inf
dpctgan,"LocalNeighbourhood(L_2, 0.250411558405805, accuracy)",12435,1,0.0,0,inf
dpctgan,"LocalNeighbourhood(L_2, 0.250411558405805, accuracy)",12435,0,0.0,0,inf
dpctgan,"LocalNeighbourhood(L_2, 0.250411558405805, accuracy)",12435,1,0.0,0,inf
dpctgan,"LocalNeighbourhood(L_2, 0.250411558405805, accuracy)",12435,0,0.0,0,inf
dpctgan,"LocalNeighbourhood(L_2, 0.250411558405805, accuracy)",12435,1,0.0,0,inf
dpctgan,"LocalNeighbourhood(L_2, 0.250411558405805, accuracy)",12435,0,0.0,0,inf
dpctgan,"LocalNeighbourhood(L_2, 0.250411558405805, accuracy)",12435,1,0.0,0,inf
dpctgan,"LocalNeighbourhood(L_2, 0.250411558405805, accuracy)",12435,0,0.0,0,inf
dpctgan,"LocalNeighbourhood(L_2, 0.250411558405805, accuracy)",12435,1,0.0,0,inf
dpctgan,"LocalNeighbourhood(L_2, 0.250411558405805, accuracy)",12435,0,0.0,0,inf
dpctgan,"LocalNeighbourhood(L_2, 0.250411558405805, accuracy)",12435,1,0.0,0,inf
dpctgan,"LocalNeighbourhood(L_2, 0.250411558405805, accuracy)",12435,0,0.0,0,inf
dpctgan,"LocalNeighbourhood(L_2, 0.250411558405805, accuracy)",12435,1,0.0,0,inf
dpctgan,"LocalNeighbourhood(L_2, 0.250411558405805, accuracy)",12435,0,0.0,0,inf
dpctgan,"LocalNeighbourhood(L_2, 0.250411558405805, accuracy)",12435,1,0.0,0,inf
dpctgan,"LocalNeighbourhood(L_2, 0.250411558405805, accuracy)",12435,0,0.0,0,inf
dpctgan,"LocalNeighbourhood(L_2, 0.250411558405805, accuracy)",12435,1,0.0,0,inf
dpctgan,"LocalNeighbourhood(L_2, 0.250411558405805, accuracy)",12435,0,0.0,0,inf
dpctgan,"LocalNeighbourhood(L_2, 0.250411558405805, accuracy)",12435,1,0.0,0,inf
dpctgan,"LocalNeighbourhood(L_2, 0.250411558405805, accuracy)",12435,0,0.0,0,inf
dpctgan,"LocalNeighbourhood(L_2, 0.250411558405805, accuracy)",12435,1,0.0,0,inf
dpctgan,"LocalNeighbourhood(L_2, 0.250411558405805, accuracy)",12435,0,0.0,0,inf
dpctgan,"LocalNeighbourhood(L_2, 0.250411558405805, accuracy)",12435,1,0.0,0,inf
dpctgan,"LocalNeighbourhood(L_2, 0.250411558405805, accuracy)",12435,0,0.0,0,inf
dpctgan,"LocalNeighbourhood(L_2, 0.250411558405805, accuracy)",12435,1,0.0,0,inf
dpctgan,"LocalNeighbourhood(L_2, 0.250411558405805, accuracy)",12435,0,0.0,0,inf
dpctgan,"LocalNeighbourhood(L_2, 0.250411558405805, accuracy)",12435,1,0.0,0,inf
dpctgan,"LocalNeighbourhood(L_2, 0.250411558405805, accuracy)",12435,0,0.0,0,inf
dpctgan,"LocalNeighbourhood(L_2, 0.250411558405805, accuracy)",12435,1,0.0,0,inf
dpctgan,"LocalNeighbourhood(L_2, 0.250411558405805, accuracy)",12435,0,0.0,0,inf
dpctgan,"LocalNeighbourhood(L_2, 0.250411558405805, accuracy)",12435,1,0.0,0,inf
dpctgan,"LocalNeighbourhood(L_2, 0.250411558405805, accuracy)",12435,0,0.0,0,inf
dpctgan,"LocalNeighbourhood(L_2, 0.250411558405805, accuracy)",12435,1,0.0,0,inf
dpctgan,"LocalNeighbourhood(L_2, 0.250411558405805, accuracy)",12435,0,0.0,0,inf
dpctgan,"LocalNeighbourhood(L_2, 0.250411558405805, accuracy)",12435,1,0.0,0,inf
dpctgan,"LocalNeighbourhood(L_2, 0.250411558405805, accuracy)",12435,0,0.0,0,inf
dpctgan,"LocalNeighbourhood(L_2, 0.250411558405805, accuracy)",12435,1,0.0,0,inf
dpctgan,"LocalNeighbourhood(L_2, 0.250411558405805, accuracy)",12435,0,0.0,0,inf
dpctgan,"LocalNeighbourhood(L_2, 0.250411558405805, accuracy)",12435,1,0.0,0,inf
dpctgan,"LocalNeighbourhood(L_2, 0.250411558405805, accuracy)",12435,0,0.0,0,inf
dpctgan,"LocalNeighbourhood(L_2, 0.250411558405805, accuracy)",12435,1,0.0,0,inf
dpctgan,"LocalNeighbourhood(L_2, 0.250411558405805, accuracy)",12435,0,0.0,0,inf
dpctgan,"LocalNeighbourhood(L_2, 0.250411558405805, accuracy)",12435,1,0.0,0,inf
dpctgan,"LocalNeighbourhood(L_2, 0.250411558405805, accuracy)",12435,0,0.0,0,inf
dpctgan,"LocalNeighbourhood(L_2, 0.250411558405805, accuracy)",12435,1,0.0,0,inf
dpctgan,"LocalNeighbourhood(L_2, 0.250411558405805, accuracy)",12435,0,0.0,0,inf
dpctgan,"LocalNeighbourhood(L_2, 0.250411558405805, accuracy)",12435,1,0.0,0,inf
dpctgan,"LocalNeighbourhood(L_2, 0.250411558405805, accuracy)",12435,0,0.0,0,inf
dpctgan,"LocalNeighbourhood(L_2, 0.250411558405805, accuracy)",12435,1,0.0,0,inf
dpctgan,"LocalNeighbourhood(L_2, 0.250411558405805, accuracy)",12435,0,0.0,0,inf
dpctgan,"LocalNeighbourhood(L_2, 0.250411558405805, accuracy)",12435,1,0.0,0,inf
dpctgan,"LocalNeighbourhood(L_2, 0.250411558405805, accuracy)",12435,0,0.0,0,inf
dpctgan,"LocalNeighbourhood(L_2, 0.250411558405805, accuracy)",12435,1,0.0,0,inf
dpctgan,"LocalNeighbourhood(L_2, 0.250411558405805, accuracy)",12435,0,0.0,0,inf
dpctgan,"LocalNeighbourhood(L_2, 0.250411558405805, accuracy)",12435,1,0.0,0,inf
dpctgan,"LocalNeighbourhood(L_2, 0.250411558405805, accuracy)",12435,0,0.0,0,inf
dpctgan,"LocalNeighbourhood(L_2, 0.250411558405805, accuracy)",12435,1,0.0,0,inf
dpctgan,"LocalNeighbourhood(L_2, 0.250411558405805, accuracy)",12435,0,0.0,0,inf
dpctgan,"LocalNeighbourhood(L_2, 0.250411558405805, accuracy)",12435,1,0.0,0,inf
dpctgan,"LocalNeighbourhood(L_2, 0.250411558405805, accuracy)",12435,0,0.0,0,inf
dpctgan,"LocalNeighbourhood(L_2, 0.250411558405805, accuracy)",12435,1,0.0,0,inf
dpctgan,"LocalNeighbourhood(L_2, 0.250411558405805, accuracy)",12435,0,0.0,0,inf
dpctgan,"LocalNeighbourhood(L_2, 0.250411558405805, accuracy)",12435,1,0.0,0,inf
dpctgan,"LocalNeighbourhood(L_2, 0.250411558405805, accuracy)",12435,0,0.0,0,inf
dpctgan,"LocalNeighbourhood(L_2, 0.250411558405805, accuracy)",12435,1,0.0,0,inf
dpctgan,"LocalNeighbourhood(L_2, 0.250411558405805, accuracy)",12435,0,0.0,0,inf
dpctgan,"LocalNeighbourhood(L_2, 0.250411558405805, accuracy)",12435,1,0.0,0,inf
dpctgan,"LocalNeighbourhood(L_2, 0.250411558405805, accuracy)",12435,0,0.0,0,inf
dpctgan,"LocalNeighbourhood(L_2, 0.250411558405805, accuracy)",12435,1,0.0,0,inf
dpctgan,"LocalNeighbourhood(L_2, 0.250411558405805, accuracy)",12435,0,0.0,0,inf
dpctgan,"LocalNeighbourhood(L_2, 0.250411558405805, accuracy)",12435,1,0.0,0,inf
dpctgan,"LocalNeighbourhood(L_2, 0.250411558405805, accuracy)",12435,0,0.0,0,inf
dpctgan,"LocalNeighbourhood(L_2, 0.250411558405805, accuracy)",12435,1,0.0,0,inf
dpctgan,"LocalNeighbourhood(L_2, 0.250411558405805, accuracy)",12435,0,0.0,0,inf
dpctgan,"LocalNeighbourhood(L_2, 0.250411558405805, accuracy)",12435,1,0.0,0,inf
dpctgan,"LocalNeighbourhood(L_2, 0.250411558405805, accuracy)",12435,0,0.0,0,inf
dpctgan,"LocalNeighbourhood(L_2, 0.250411558405805, accuracy)",12435,1,0.0,0,inf
dpctgan,"LocalNeighbourhood(L_2, 0.250411558405805, accuracy)",12435,0,0.0,0,inf
dpctgan,"LocalNeighbourhood(L_2, 0.250411558405805, accuracy)",12435,1,0.0,0,inf
dpctgan,"LocalNeighbourhood(L_2, 0.250411558405805, accuracy)",12435,0,0.0,0,inf
dpctgan,"LocalNeighbourhood(L_2, 0.250411558405805, accuracy)",12435,1,0.0,0,inf
dpctgan,"LocalNeighbourhood(L_2, 0.250411558405805, accuracy)",12435,0,0.0,0,inf
dpctgan,"LocalNeighbourhood(L_2, 0.250411558405805, accuracy)",12435,1,0.0,0,inf
dpctgan,"LocalNeighbourhood(L_2, 0.250411558405805, accuracy)",12435,0,0.0,0,inf
dpctgan,"LocalNeighbourhood(L_2, 0.250411558405805, accuracy)",12435,1,0.0,0,inf
dpctgan,"LocalNeighbourhood(L_2, 0.250411558405805, accuracy)",12435,0,0.0,0,inf
dpctgan,"LocalNeighbourhood(L_2, 0.250411558405805, accuracy)",12435,1,0.0,0,inf
dpctgan,"LocalNeighbourhood(L_2, 0.250411558405805, accuracy)",12435,0,0.0,0,inf
dpctgan,"LocalNeighbourhood(L_2, 0.250411558405805, accuracy)",12435,1,0.0,0,inf
dpctgan,"LocalNeighbourhood(L_2, 0.250411558405805, accuracy)",12435,0,0.0,0,inf
dpctgan,"LocalNeighbourhood(L_2, 0.250411558405805, accuracy)",12435,1,0.0,0,inf
dpctgan,"LocalNeighbourhood(L_2, 0.250411558405805, accuracy)",12435,0,0.0,0,inf
dpctgan,"LocalNeighbourhood(L_2, 0.250411558405805, accuracy)",12435,1,0.0,0,inf
dpctgan,"LocalNeighbourhood(L_2, 0.250411558405805, accuracy)",12435,0,0.0,0,inf
dpctgan,"LocalNeighbourhood(L_2, 0.250411558405805, accuracy)",12435,1,0.0,0,inf
dpctgan,"LocalNeighbourhood(L_2, 0.250411558405805, accuracy)",12435,0,0.0,0,inf
dpctgan,"LocalNeighbourhood(L_2, 0.250411558405805, accuracy)",12435,1,0.0,0,inf
dpctgan,"LocalNeighbourhood(L_2, 0.250411558405805, accuracy)",12435,0,0.0,0,inf
dpctgan,"LocalNeighbourhood(L_2, 0.250411558405805, accuracy)",12435,1,0.0,0,inf
dpctgan,"LocalNeighbourhood(L_2, 0.250411558405805, accuracy)",12435,0,0.0,0,inf
dpctgan,"LocalNeighbourhood(L_2, 0.250411558405805, accuracy)",12435,1,0.0,0,inf
dpctgan,"LocalNeighbourhood(L_2, 0.250411558405805, accuracy)",12435,0,0.0,0,inf
dpctgan,"LocalNeighbourhood(L_2, 0.250411558405805, accuracy)",12435,1,0.0,0,inf
dpctgan,"LocalNeighbourhood(L_2, 0.250411558405805, accuracy)",12435,0,0.0,0,inf
dpctgan,"LocalNeighbourhood(L_2, 0.250411558405805, accuracy)",12435,1,0.0,0,inf
dpctgan,"LocalNeighbourhood(L_2, 0.250411558405805, accuracy)",12435,0,0.0,0,inf
dpctgan,"LocalNeighbourhood(L_2, 0.250411558405805, accuracy)",12435,1,0.0,0,inf
dpctgan,"LocalNeighbourhood(L_2, 0.250411558405805, accuracy)",12435,0,0.0,0,inf
dpctgan,"LocalNeighbourhood(L_2, 0.250411558405805, accuracy)",12435,1,0.0,0,inf
dpctgan,"LocalNeighbourhood(L_2, 0.250411558405805, accuracy)",12435,0,0.0,0,inf
dpctgan,"LocalNeighbourhood(L_2, 0.250411558405805, accuracy)",12435,1,0.0,0,inf
dpctgan,"LocalNeighbourhood(L_2, 0.250411558405805, accuracy)",12435,0,0.0,0,inf
dpctgan,"LocalNeighbourhood(L_2, 0.250411558405805, accuracy)",12435,1,0.0,0,inf
dpctgan,"LocalNeighbourhood(L_2, 0.250411558405805, accuracy)",12435,0,0.0,0,inf
dpctgan,"LocalNeighbourhood(L_2, 0.250411558405805, accuracy)",12435,1,0.0,0,inf
dpctgan,"LocalNeighbourhood(L_2, 0.250411558405805, accuracy)",12435,0,0.0,0,inf
dpctgan,"LocalNeighbourhood(L_2, 0.250411558405805, accuracy)",12435,1,0.0,0,inf
dpctgan,"LocalNeighbourhood(L_2, 0.250411558405805, accuracy)",12435,0,0.0,0,inf
dpctgan,"LocalNeighbourhood(L_2, 0.250411558405805, accuracy)",12435,1,0.0,0,inf
dpctgan,"LocalNeighbourhood(L_2, 0.250411558405805, accuracy)",12435,0,0.0,0,inf
dpctgan,"LocalNeighbourhood(L_2, 0.250411558405805, accuracy)",12435,1,0.0,0,inf
dpctgan,"LocalNeighbourhood(L_2, 0.250411558405805, accuracy)",12435,0,0.0,0,inf
dpctgan,"LocalNeighbourhood(L_2, 0.250411558405805, accuracy)",12435,1,0.0,0,inf
dpctgan,"LocalNeighbourhood(L_2, 0.250411558405805, accuracy)",12435,0,0.0,0,inf
dpctgan,"LocalNeighbourhood(L_2, 0.250411558405805, accuracy)",12435,1,0.0,0,inf
dpctgan,"LocalNeighbourhood(L_2, 0.250411558405805, accuracy)",12435,0,0.0,0,inf
dpctgan,"LocalNeighbourhood(L_2, 0.250411558405805, accuracy)",12435,1,0.0,0,inf
dpctgan,"LocalNeighbourhood(L_2, 0.250411558405805, accuracy)",12435,0,0.0,0,inf
dpctgan,"LocalNeighbourhood(L_2, 0.250411558405805, accuracy)",12435,1,0.0,0,inf
dpctgan,"LocalNeighbourhood(L_2, 0.250411558405805, accuracy)",12435,0,0.0,0,inf
dpctgan,"LocalNeighbourhood(L_2, 0.250411558405805, accuracy)",12435,1,0.0,0,inf
dpctgan,"LocalNeighbourhood(L_2, 0.250411558405805, accuracy)",12435,0,0.0,0,inf
dpctgan,"LocalNeighbourhood(L_2, 0.250411558405805, accuracy)",12435,1,0.0,0,inf
dpctgan,"LocalNeighbourhood(L_2, 0.250411558405805, accuracy)",12435,0,0.0,0,inf
dpctgan,"LocalNeighbourhood(L_2, 0.250411558405805, accuracy)",12435,1,0.0,0,inf
dpctgan,"LocalNeighbourhood(L_2, 0.250411558405805, accuracy)",12435,0,0.0,0,inf
dpctgan,"LocalNeighbourhood(L_2, 0.250411558405805, accuracy)",12435,1,0.0,0,inf
dpctgan,"LocalNeighbourhood(L_2, 0.250411558405805, accuracy)",12435,0,0.0,0,inf
dpctgan,"LocalNeighbourhood(L_2, 0.250411558405805, accuracy)",12435,1,0.0,0,inf
dpctgan,"LocalNeighbourhood(L_2, 0.250411558405805, accuracy)",12435,0,0.0,0,inf
dpctgan,"LocalNeighbourhood(L_2, 0.250411558405805, accuracy)",12435,1,0.0,0,inf
dpctgan,"LocalNeighbourhood(L_2, 0.250411558405805, accuracy)",12435,0,0.0,0,inf
dpctgan,"LocalNeighbourhood(L_2, 0.250411558405805, accuracy)",12435,1,0.0,0,inf
dpctgan,"LocalNeighbourhood(L_2, 0.250411558405805, accuracy)",12435,0,0.0,0,inf
dpctgan,"LocalNeighbourhood(L_2, 0.250411558405805, accuracy)",12435,1,0.0,0,inf
dpctgan,"LocalNeighbourhood(L_2, 0.250411558405805, accuracy)",12435,0,0.0,0,inf
dpctgan,"LocalNeighbourhood(L_2, 0.250411558405805, accuracy)",12435,1,0.0,0,inf
dpctgan,"LocalNeighbourhood(L_2, 0.250411558405805, accuracy)",12435,0,0.0,0,inf
dpctgan,"LocalNeighbourhood(L_2, 0.250411558405805, accuracy)",12435,1,0.0,0,inf
dpctgan,"LocalNeighbourhood(L_2, 0.250411558405805, accuracy)",12435,0,0.0,0,inf
dpctgan,"LocalNeighbourhood(L_2, 0.250411558405805, accuracy)",12435,1,0.0,0,inf
dpctgan,"LocalNeighbourhood(L_2, 0.250411558405805, accuracy)",12435,0,0.0,0,inf
dpctgan,"LocalNeighbourhood(L_2, 0.250411558405805, accuracy)",12435,1,0.0,0,inf
dpctgan,"LocalNeighbourhood(L_2, 0.250411558405805, accuracy)",12435,0,0.0,0,inf
dpctgan,"LocalNeighbourhood(L_2, 0.250411558405805, accuracy)",12435,1,0.0,0,inf
dpctgan,"LocalNeighbourhood(L_2, 0.250411558405805, accuracy)",12435,0,0.0,0,inf
dpctgan,"LocalNeighbourhood(L_2, 0.250411558405805, accuracy)",12435,1,0.0,0,inf
dpctgan,"LocalNeighbourhood(L_2, 0.250411558405805, accuracy)",12435,0,0.0,0,inf
dpctgan,"LocalNeighbourhood(L_2, 0.250411558405805, accuracy)",12435,1,0.0,0,inf
dpctgan,"LocalNeighbourhood(L_2, 0.250411558405805, accuracy)",12435,0,0.0,0,inf
dpctgan,"LocalNeighbourhood(L_2, 0.250411558405805, accuracy)",12435,1,0.0,0,inf
dpctgan,"LocalNeighbourhood(L_2, 0.250411558405805, accuracy)",12435,0,0.0,0,inf
dpctgan,"LocalNeighbourhood(L_2, 0.250411558405805, accuracy)",12435,1,0.0,0,inf
dpctgan,"LocalNeighbourhood(L_2, 0.250411558405805, accuracy)",12435,0,0.0,0,inf
dpctgan,"LocalNeighbourhood(L_2, 0.250411558405805, accuracy)",12435,1,0.0,0,inf
dpctgan,"LocalNeighbourhood(L_2, 0.250411558405805, accuracy)",12435,0,0.0,0,inf
dpctgan,"LocalNeighbourhood(L_2, 0.250411558405805, accuracy)",12435,1,0.0,0,inf
dpctgan,"LocalNeighbourhood(L_2, 0.250411558405805, accuracy)",12435,0,0.0,0,inf
dpctgan,"LocalNeighbourhood(L_2, 0.250411558405805, accuracy)",12435,1,0.0,0,inf
dpctgan,"LocalNeighbourhood(L_2, 0.250411558405805, accuracy)",12435,0,0.0,0,inf
dpctgan,"LocalNeighbourhood(L_2, 0.250411558405805, accuracy)",12435,1,0.0,0,inf
dpctgan,"LocalNeighbourhood(L_2, 0.250411558405805, accuracy)",12435,0,0.0,0,inf
dpctgan,"LocalNeighbourhood(L_2, 0.250411558405805, accuracy)",12435,1,0.0,0,inf
dpctgan,"LocalNeighbourhood(L_2, 0.250411558405805, accuracy)",12435,0,0.0,0,inf
dpctgan,"LocalNeighbourhood(L_2, 0.250411558405805, accuracy)",12435,1,0.0,0,inf
dpctgan,"LocalNeighbourhood(L_2, 0.250411558405805, accuracy)",12435,0,0.0,0,inf
dpctgan,"LocalNeighbourhood(L_2, 0.250411558405805, accuracy)",12435,1,0.0,0,inf
dpctgan,"LocalNeighbourhood(L_2, 0.250411558405805, accuracy)",12435,0,0.0,0,inf
dpctgan,"LocalNeighbourhood(L_2, 0.250411558405805, accuracy)",12435,1,0.0,0,inf
dpctgan,"LocalNeighbourhood(L_2, 0.250411558405805, accuracy)",12435,0,0.0,0,inf
dpctgan,"LocalNeighbourhood(L_2, 0.250411558405805, accuracy)",12435,1,0.0,0,inf
dpctgan,"LocalNeighbourhood(L_2, 0.250411558405805, accuracy)",12435,0,0.0,0,inf
dpctgan,"LocalNeighbourhood(L_2, 0.250411558405805, accuracy)",12435,1,0.0,0,inf
dpctgan,"LocalNeighbourhood(L_2, 0.250411558405805, accuracy)",12435,0,0.0,0,inf
dpctgan,"LocalNeighbourhood(L_2, 0.250411558405805, accuracy)",12435,1,0.0,0,inf
dpctgan,"LocalNeighbourhood(L_2, 0.250411558405805, accuracy)",12435,0,0.0,0,inf
dpctgan,"LocalNeighbourhood(L_2, 0.250411558405805, accuracy)",12435,1,0.0,0,inf
dpctgan,"LocalNeighbourhood(L_2, 0.250411558405805, accuracy)",12435,0,0.0,0,inf
dpctgan,"LocalNeighbourhood(L_2, 0.250411558405805, accuracy)",12435,1,0.0,0,inf
dpctgan,"LocalNeighbourhood(L_2, 0.250411558405805, accuracy)",12435,0,0.0,0,inf
dpctgan,"LocalNeighbourhood(L_2, 0.250411558405805, accuracy)",12435,1,0.0,0,inf
dpctgan,"LocalNeighbourhood(L_2, 0.250411558405805, accuracy)",12435,0,0.0,0,inf
dpctgan,"LocalNeighbourhood(L_2, 0.250411558405805, accuracy)",12435,1,0.0,0,inf
dpctgan,"LocalNeighbourhood(L_2, 0.250411558405805, accuracy)",12435,0,0.0,0,inf
dpctgan,"LocalNeighbourhood(L_2, 0.250411558405805, accuracy)",12435,1,0.0,0,inf
dpctgan,"LocalNeighbourhood(L_2, 0.250411558405805, accuracy)",12435,0,0.0,0,inf
dpctgan,"LocalNeighbourhood(L_2, 0.250411558405805, accuracy)",12435,1,0.0,0,inf
dpctgan,"LocalNeighbourhood(L_2, 0.250411558405805, accuracy)",12435,0,0.0,0,inf
dpctgan,"LocalNeighbourhood(L_2, 0.250411558405805, accuracy)",12435,1,0.0,0,inf
dpctgan,"LocalNeighbourhood(L_2, 0.250411558405805, accuracy)",12435,0,0.0,0,inf
dpctgan,"LocalNeighbourhood(L_2, 0.250411558405805, accuracy)",12435,1,0.0,0,inf
dpctgan,"LocalNeighbourhood(L_2, 0.250411558405805, accuracy)",12435,0,0.0,0,inf
dpctgan,"LocalNeighbourhood(L_2, 0.250411558405805, accuracy)",12435,1,0.0,0,inf
dpctgan,"LocalNeighbourhood(L_2, 0.250411558405805, accuracy)",12435,0,0.0,0,inf
dpctgan,"LocalNeighbourhood(L_2, 0.250411558405805, accuracy)",12435,1,0.0,0,inf
dpctgan,"LocalNeighbourhood(L_2, 0.250411558405805, accuracy)",12435,0,0.0,0,inf
dpctgan,"LocalNeighbourhood(L_2, 0.250411558405805, accuracy)",12435,1,0.0,0,inf
dpctgan,"LocalNeighbourhood(L_2, 0.250411558405805, accuracy)",12435,0,0.0,0,inf
dpctgan,"LocalNeighbourhood(L_2, 0.250411558405805, accuracy)",12435,1,0.0,0,inf
dpctgan,"LocalNeighbourhood(L_2, 0.250411558405805, accuracy)",12435,0,0.0,0,inf
dpctgan,"LocalNeighbourhood(L_2, 0.250411558405805, accuracy)",12435,1,0.0,0,inf
dpctgan,"LocalNeighbourhood(L_2, 0.250411558405805, accuracy)",12435,0,0.0,0,inf
dpctgan,"LocalNeighbourhood(L_2, 0.250411558405805, accuracy)",12435,1,0.0,0,inf
dpctgan,"LocalNeighbourhood(L_2, 0.250411558405805, accuracy)",12435,0,0.0,0,inf
dpctgan,"LocalNeighbourhood(L_2, 0.250411558405805, accuracy)",12435,1,0.0,0,inf
dpctgan,"LocalNeighbourhood(L_2, 0.250411558405805, accuracy)",12435,0,0.0,0,inf
dpctgan,"LocalNeighbourhood(L_2, 0.250411558405805, accuracy)",12435,1,0.0,0,inf
dpctgan,"LocalNeighbourhood(L_2, 0.250411558405805, accuracy)",12435,0,0.0,0,inf
dpctgan,"LocalNeighbourhood(L_2, 0.250411558405805, accuracy)",12435,1,0.0,0,inf
dpctgan,"LocalNeighbourhood(L_2, 0.250411558405805, accuracy)",12435,0,0.0,0,inf
dpctgan,"LocalNeighbourhood(L_2, 0.250411558405805, accuracy)",12435,1,0.0,0,inf
dpctgan,"LocalNeighbourhood(L_2, 0.250411558405805, accuracy)",12435,0,0.0,0,inf
dpctgan,"LocalNeighbourhood(L_2, 0.250411558405805, accuracy)",12435,1,0.0,0,inf
dpctgan,"LocalNeighbourhood(L_2, 0.250411558405805, accuracy)",12435,0,0.0,0,inf
dpctgan,"LocalNeighbourhood(L_2, 0.250411558405805, accuracy)",12435,1,0.0,0,inf
dpctgan,"LocalNeighbourhood(L_2, 0.250411558405805, accuracy)",12435,0,0.0,0,inf
dpctgan,"LocalNeighbourhood(L_2, 0.250411558405805, accuracy)",12435,1,0.0,0,inf
dpctgan,"LocalNeighbourhood(L_2, 0.250411558405805, accuracy)",12435,0,0.0,0,inf
dpctgan,"LocalNeighbourhood(L_2, 0.250411558405805, accuracy)",12435,1,0.0,0,inf
dpctgan,"LocalNeighbourhood(L_2, 0.250411558405805, accuracy)",12435,0,0.0,0,inf
dpctgan,"LocalNeighbourhood(L_2, 0.250411558405805, accuracy)",12435,1,0.0,0,inf
dpctgan,"LocalNeighbourhood(L_2, 0.250411558405805, accuracy)",12435,0,0.0,0,inf
dpctgan,"LocalNeighbourhood(L_2, 0.250411558405805, accuracy)",12435,1,0.0,0,inf
dpctgan,"LocalNeighbourhood(L_2, 0.250411558405805, accuracy)",12435,0,0.0,0,inf
dpctgan,"LocalNeighbourhood(L_2, 0.250411558405805, accuracy)",12435,1,0.0,0,inf
dpctgan,"LocalNeighbourhood(L_2, 0.250411558405805, accuracy)",12435,0,0.0,0,inf
dpctgan,"LocalNeighbourhood(L_2, 0.250411558405805, accuracy)",12435,1,0.002,0,inf
dpctgan,"LocalNeighbourhood(L_2, 0.250411558405805, accuracy)",12435,0,0.0,0,inf
dpctgan,"LocalNeighbourhood(L_2, 0.250411558405805, accuracy)",12435,1,0.0,0,inf
dpctgan,"LocalNeighbourhood(L_2, 0.250411558405805, accuracy)",12435,0,0.0,0,inf
dpctgan,"LocalNeighbourhood(L_2, 0.250411558405805, accuracy)",12435,1,0.0,0,inf
dpctgan,"LocalNeighbourhood(L_2, 0.250411558405805, accuracy)",12435,0,0.0,0,inf
dpctgan,"LocalNeighbourhood(L_2, 0.250411558405805, accuracy)",12435,1,0.0,0,inf
dpctgan,"LocalNeighbourhood(L_2, 0.250411558405805, accuracy)",12435,0,0.0,0,inf
dpctgan,"LocalNeighbourhood(L_2, 0.250411558405805, accuracy)",12435,1,0.0,0,inf
dpctgan,"LocalNeighbourhood(L_2, 0.250411558405805, accuracy)",12435,0,0.0,0,inf
dpctgan,"LocalNeighbourhood(L_2, 0.250411558405805, accuracy)",12435,1,0.0,0,inf
dpctgan,"LocalNeighbourhood(L_2, 0.250411558405805, accuracy)",12435,0,0.0,0,inf
dpctgan,"LocalNeighbourhood(L_2, 0.250411558405805, accuracy)",12435,1,0.0,0,inf
dpctgan,"LocalNeighbourhood(L_2, 0.250411558405805, accuracy)",12435,0,0.0,0,inf
dpctgan,"LocalNeighbourhood(L_2, 0.250411558405805, accuracy)",12435,1,0.0,0,inf
dpctgan,"LocalNeighbourhood(L_2, 0.250411558405805, accuracy)",12435,0,0.0,0,inf
dpctgan,"LocalNeighbourhood(L_2, 0.250411558405805, accuracy)",12435,1,0.0,0,inf
dpctgan,"LocalNeighbourhood(L_2, 0.250411558405805, accuracy)",12435,0,0.0,0,inf
dpctgan,"LocalNeighbourhood(L_2, 0.250411558405805, accuracy)",12435,1,0.0,0,inf
dpctgan,"LocalNeighbourhood(L_2, 0.250411558405805, accuracy)",12435,0,0.0,0,inf
dpctgan,"LocalNeighbourhood(L_2, 0.250411558405805, accuracy)",12435,1,0.0,0,inf
dpctgan,"LocalNeighbourhood(L_2, 0.250411558405805, accuracy)",12435,0,0.0,0,inf
dpctgan,"LocalNeighbourhood(L_2, 0.250411558405805, accuracy)",12435,1,0.0,0,inf
dpctgan,"LocalNeighbourhood(L_2, 0.250411558405805, accuracy)",12435,0,0.0,0,inf
dpctgan,"LocalNeighbourhood(L_2, 0.250411558405805, accuracy)",12435,1,0.0,0,inf
dpctgan,"LocalNeighbourhood(L_2, 0.250411558405805, accuracy)",12435,0,0.0,0,inf
dpctgan,"LocalNeighbourhood(L_2, 0.250411558405805, accuracy)",12435,1,0.0,0,inf
dpctgan,"LocalNeighbourhood(L_2, 0.250411558405805, accuracy)",12435,0,0.0,0,inf
dpctgan,"LocalNeighbourhood(L_2, 0.250411558405805, accuracy)",12435,1,0.0,0,inf
dpctgan,"LocalNeighbourhood(L_2, 0.250411558405805, accuracy)",12435,0,0.0,0,inf
dpctgan,"LocalNeighbourhood(L_2, 0.250411558405805, accuracy)",12435,1,0.0,0,inf
dpctgan,"LocalNeighbourhood(L_2, 0.250411558405805, accuracy)",12435,0,0.0,0,inf
dpctgan,"LocalNeighbourhood(L_2, 0.250411558405805, accuracy)",12435,1,0.0,0,inf
dpctgan,"LocalNeighbourhood(L_2, 0.250411558405805, accuracy)",12435,0,0.0,0,inf
dpctgan,"LocalNeighbourhood(L_2, 0.250411558405805, accuracy)",12435,1,0.0,0,inf
dpctgan,"LocalNeighbourhood(L_2, 0.250411558405805, accuracy)",12435,0,0.0,0,inf
dpctgan,"LocalNeighbourhood(L_2, 0.250411558405805, accuracy)",12435,1,0.0,0,inf
dpctgan,"LocalNeighbourhood(L_2, 0.250411558405805, accuracy)",12435,0,0.0,0,inf
dpctgan,"LocalNeighbourhood(L_2, 0.250411558405805, accuracy)",12435,1,0.0,0,inf
dpctgan,"LocalNeighbourhood(L_2, 0.250411558405805, accuracy)",12435,0,0.0,0,inf
dpctgan,"LocalNeighbourhood(L_2, 0.250411558405805, accuracy)",12435,1,0.0,0,inf
dpctgan,"LocalNeighbourhood(L_2, 0.250411558405805, accuracy)",12435,0,0.0,0,inf
dpctgan,"LocalNeighbourhood(L_2, 0.250411558405805, accuracy)",12435,1,0.0,0,inf
dpctgan,"LocalNeighbourhood(L_2, 0.250411558405805, accuracy)",12435,0,0.0,0,inf
dpctgan,"LocalNeighbourhood(L_2, 0.250411558405805, accuracy)",12435,1,0.0,0,inf
dpctgan,"LocalNeighbourhood(L_2, 0.250411558405805, accuracy)",12435,0,0.0,0,inf
dpctgan,"LocalNeighbourhood(L_2, 0.250411558405805, accuracy)",12435,1,0.0,0,inf
dpctgan,"LocalNeighbourhood(L_2, 0.250411558405805, accuracy)",12435,0,0.0,0,inf
dpctgan,"LocalNeighbourhood(L_2, 0.250411558405805, accuracy)",12435,1,0.0,0,inf
dpctgan,"LocalNeighbourhood(L_2, 0.250411558405805, accuracy)",12435,0,0.0,0,inf
dpctgan,"LocalNeighbourhood(L_2, 0.250411558405805, accuracy)",12435,1,0.0,0,inf
dpctgan,"LocalNeighbourhood(L_2, 0.250411558405805, accuracy)",12435,0,0.0,0,inf
dpctgan,"LocalNeighbourhood(L_2, 0.250411558405805, accuracy)",12435,1,0.0,0,inf
dpctgan,"LocalNeighbourhood(L_2, 0.250411558405805, accuracy)",12435,0,0.0,0,inf
dpctgan,"LocalNeighbourhood(L_2, 0.250411558405805, accuracy)",12435,1,0.0,0,inf
dpctgan,"LocalNeighbourhood(L_2, 0.250411558405805, accuracy)",12435,0,0.0,0,inf
dpctgan,"LocalNeighbourhood(L_2, 0.250411558405805, accuracy)",12435,1,0.0,0,inf
dpctgan,"LocalNeighbourhood(L_2, 0.250411558405805, accuracy)",12435,0,0.0,0,inf
dpctgan,"LocalNeighbourhood(L_2, 0.250411558405805, accuracy)",12435,1,0.0,0,inf
dpctgan,"LocalNeighbourhood(L_2, 0.250411558405805, accuracy)",12435,0,0.0,0,inf
dpctgan,"LocalNeighbourhood(L_2, 0.250411558405805, accuracy)",12435,1,0.0,0,inf
dpctgan,"LocalNeighbourhood(L_2, 0.250411558405805, accuracy)",12435,0,0.0,0,inf
dpctgan,"LocalNeighbourhood(L_2, 0.250411558405805, accuracy)",12435,1,0.0,0,inf
dpctgan,"LocalNeighbourhood(L_2, 0.250411558405805, accuracy)",12435,0,0.0,0,inf
dpctgan,"LocalNeighbourhood(L_2, 0.250411558405805, accuracy)",12435,1,0.0,0,inf
dpctgan,"LocalNeighbourhood(L_2, 0.250411558405805, accuracy)",12435,0,0.0,0,inf
dpctgan,"LocalNeighbourhood(L_2, 0.250411558405805, accuracy)",12435,1,0.0,0,inf
dpctgan,"LocalNeighbourhood(L_2, 0.250411558405805, accuracy)",12435,0,0.0,0,inf
dpctgan,"LocalNeighbourhood(L_2, 0.250411558405805, accuracy)",12435,1,0.0,0,inf
dpctgan,"LocalNeighbourhood(L_2, 0.250411558405805, accuracy)",12435,0,0.0,0,inf
dpctgan,"LocalNeighbourhood(L_2, 0.250411558405805, accuracy)",12435,1,0.0,0,inf
dpctgan,"LocalNeighbourhood(L_2, 0.250411558405805, accuracy)",12435,0,0.0,0,inf
dpctgan,"LocalNeighbourhood(L_2, 0.250411558405805, accuracy)",12435,1,0.0,0,inf
dpctgan,"LocalNeighbourhood(L_2, 0.250411558405805, accuracy)",12435,0,0.0,0,inf
dpctgan,"LocalNeighbourhood(L_2, 0.250411558405805, accuracy)",12435,1,0.0,0,inf
dpctgan,"LocalNeighbourhood(L_2, 0.250411558405805, accuracy)",12435,0,0.0,0,inf
dpctgan,"LocalNeighbourhood(L_2, 0.250411558405805, accuracy)",12435,1,0.0,0,inf
dpctgan,"LocalNeighbourhood(L_2, 0.250411558405805, accuracy)",12435,0,0.0,0,inf
dpctgan,"LocalNeighbourhood(L_2, 0.250411558405805, accuracy)",12435,1,0.0,0,inf
dpctgan,"LocalNeighbourhood(L_2, 0.250411558405805, accuracy)",12435,0,0.0,0,inf
dpctgan,"LocalNeighbourhood(L_2, 0.250411558405805, accuracy)",12435,1,0.0,0,inf
dpctgan,"LocalNeighbourhood(L_2, 0.250411558405805, accuracy)",12435,0,0.0,0,inf
dpctgan,"LocalNeighbourhood(L_2, 0.250411558405805, accuracy)",12435,1,0.0,0,inf
dpctgan,"LocalNeighbourhood(L_2, 0.250411558405805, accuracy)",12435,0,0.0,0,inf
dpctgan,"LocalNeighbourhood(L_2, 0.250411558405805, accuracy)",12435,1,0.0,0,inf
dpctgan,"LocalNeighbourhood(L_2, 0.250411558405805, accuracy)",12435,0,0.0,0,inf
dpctgan,"LocalNeighbourhood(L_2, 0.250411558405805, accuracy)",12435,1,0.0,0,inf
dpctgan,"LocalNeighbourhood(L_2, 0.250411558405805, accuracy)",12435,0,0.0,0,inf
dpctgan,"LocalNeighbourhood(L_2, 0.250411558405805, accuracy)",12435,1,0.0,0,inf
dpctgan,"LocalNeighbourhood(L_2, 0.250411558405805, accuracy)",12435,0,0.0,0,inf
dpctgan,"LocalNeighbourhood(L_2, 0.250411558405805, accuracy)",12435,1,0.0,0,inf
dpctgan,"LocalNeighbourhood(L_2, 0.250411558405805, accuracy)",12435,0,0.0,0,inf
dpctgan,"LocalNeighbourhood(L_2, 0.250411558405805, accuracy)",12435,1,0.0,0,inf
dpctgan,"LocalNeighbourhood(L_2, 0.250411558405805, accuracy)",12435,0,0.0,0,inf
dpctgan,"LocalNeighbourhood(L_2, 0.250411558405805, accuracy)",12435,1,0.0,0,inf
dpctgan,"LocalNeighbourhood(L_2, 0.250411558405805, accuracy)",12435,0,0.0,0,inf
dpctgan,"LocalNeighbourhood(L_2, 0.250411558405805, accuracy)",12435,1,0.0,0,inf
dpctgan,"LocalNeighbourhood(L_2, 0.250411558405805, accuracy)",12435,0,0.0,0,inf
dpctgan,"LocalNeighbourhood(L_2, 0.250411558405805, accuracy)",12435,1,0.0,0,inf
dpctgan,"LocalNeighbourhood(L_2, 0.250411558405805, accuracy)",12435,0,0.0,0,inf
dpctgan,"LocalNeighbourhood(L_2, 0.250411558405805, accuracy)",12435,1,0.0,0,inf
dpctgan,"LocalNeighbourhood(L_2, 0.250411558405805, accuracy)",12435,0,0.0,0,inf
dpctgan,"LocalNeighbourhood(L_2, 0.250411558405805, accuracy)",12435,1,0.0,0,inf
dpctgan,"LocalNeighbourhood(L_2, 0.250411558405805, accuracy)",12435,0,0.0,0,inf
dpctgan,"LocalNeighbourhood(L_2, 0.250411558405805, accuracy)",12435,1,0.0,0,inf
dpctgan,"LocalNeighbourhood(L_2, 0.250411558405805, accuracy)",12435,0,0.0,0,inf
dpctgan,"LocalNeighbourhood(L_2, 0.250411558405805, accuracy)",12435,1,0.0,0,inf
dpctgan,"LocalNeighbourhood(L_2, 0.250411558405805, accuracy)",12435,0,0.0,0,inf
dpctgan,"LocalNeighbourhood(L_2, 0.250411558405805, accuracy)",12435,1,0.0,0,inf
dpctgan,"LocalNeighbourhood(L_2, 0.250411558405805, accuracy)",12435,0,0.0,0,inf
dpctgan,"LocalNeighbourhood(L_2, 0.250411558405805, accuracy)",12435,1,0.0,0,inf
dpctgan,"LocalNeighbourhood(L_2, 0.250411558405805, accuracy)",12435,0,0.0,0,inf
dpctgan,"LocalNeighbourhood(L_2, 0.250411558405805, accuracy)",12435,1,0.0,0,inf
dpctgan,"LocalNeighbourhood(L_2, 0.250411558405805, accuracy)",12435,0,0.0,0,inf
dpctgan,"LocalNeighbourhood(L_2, 0.250411558405805, accuracy)",12435,1,0.0,0,inf
dpctgan,"LocalNeighbourhood(L_2, 0.250411558405805, accuracy)",12435,0,0.0,0,inf
dpctgan,"LocalNeighbourhood(L_2, 0.250411558405805, accuracy)",12435,1,0.0,0,inf
dpctgan,"LocalNeighbourhood(L_2, 0.250411558405805, accuracy)",12435,0,0.0,0,inf
dpctgan,"LocalNeighbourhood(L_2, 0.250411558405805, accuracy)",12435,1,0.0,0,inf
dpctgan,"LocalNeighbourhood(L_2, 0.250411558405805, accuracy)",12435,0,0.0,0,inf
dpctgan,"LocalNeighbourhood(L_2, 0.250411558405805, accuracy)",12435,1,0.0,0,inf
dpctgan,"LocalNeighbourhood(L_2, 0.250411558405805, accuracy)",12435,0,0.0,0,inf
dpctgan,"LocalNeighbourhood(L_2, 0.250411558405805, accuracy)",12435,1,0.0,0,inf
dpctgan,"LocalNeighbourhood(L_2, 0.250411558405805, accuracy)",12435,0,0.0,0,inf
dpctgan,"LocalNeighbourhood(L_2, 0.250411558405805, accuracy)",12435,1,0.0,0,inf
dpctgan,"LocalNeighbourhood(L_2, 0.250411558405805, accuracy)",12435,0,0.0,0,inf
dpctgan,"LocalNeighbourhood(L_2, 0.250411558405805, accuracy)",12435,1,0.0,0,inf
dpctgan,"LocalNeighbourhood(L_2, 0.250411558405805, accuracy)",12435,0,0.0,0,inf
dpctgan,"LocalNeighbourhood(L_2, 0.250411558405805, accuracy)",12435,1,0.0,0,inf
dpctgan,"LocalNeighbourhood(L_2, 0.250411558405805, accuracy)",12435,0,0.0,0,inf
dpctgan,"LocalNeighbourhood(L_2, 0.250411558405805, accuracy)",12435,1,0.0,0,inf
dpctgan,"LocalNeighbourhood(L_2, 0.250411558405805, accuracy)",12435,0,0.0,0,inf
dpctgan,"LocalNeighbourhood(L_2, 0.250411558405805, accuracy)",12435,1,0.0,0,inf
dpctgan,"LocalNeighbourhood(L_2, 0.250411558405805, accuracy)",12435,0,0.0,0,inf
dpctgan,"LocalNeighbourhood(L_2, 0.250411558405805, accuracy)",12435,1,0.0,0,inf
dpctgan,"LocalNeighbourhood(L_2, 0.250411558405805, accuracy)",12435,0,0.0,0,inf
dpctgan,"LocalNeighbourhood(L_2, 0.250411558405805, accuracy)",12435,1,0.0,0,inf
dpctgan,"LocalNeighbourhood(L_2, 0.250411558405805, accuracy)",12435,0,0.0,0,inf
dpctgan,"LocalNeighbourhood(L_2, 0.250411558405805, accuracy)",12435,1,0.0,0,inf
dpctgan,"LocalNeighbourhood(L_2, 0.250411558405805, accuracy)",12435,0,0.0,0,inf
dpctgan,"LocalNeighbourhood(L_2, 0.250411558405805, accuracy)",12435,1,0.0,0,inf
dpctgan,"LocalNeighbourhood(L_2, 0.250411558405805, accuracy)",12435,0,0.0,0,inf
dpctgan,"LocalNeighbourhood(L_2, 0.250411558405805, accuracy)",12435,1,0.0,0,inf
dpctgan,"LocalNeighbourhood(L_2, 0.250411558405805, accuracy)",12435,0,0.0,0,inf
dpctgan,"LocalNeighbourhood(L_2, 0.250411558405805, accuracy)",12435,1,0.0,0,inf
dpctgan,"LocalNeighbourhood(L_2, 0.250411558405805, accuracy)",12435,0,0.0,0,inf
dpctgan,"LocalNeighbourhood(L_2, 0.250411558405805, accuracy)",12435,1,0.0,0,inf
dpctgan,"LocalNeighbourhood(L_2, 0.250411558405805, accuracy)",12435,0,0.0,0,inf
dpctgan,"LocalNeighbourhood(L_2, 0.250411558405805, accuracy)",12435,1,0.0,0,inf
dpctgan,"LocalNeighbourhood(L_2, 0.250411558405805, accuracy)",12435,0,0.0,0,inf
dpctgan,"LocalNeighbourhood(L_2, 0.250411558405805, accuracy)",12435,1,0.0,0,inf
dpctgan,"LocalNeighbourhood(L_2, 0.250411558405805, accuracy)",12435,0,0.0,0,inf
dpctgan,"LocalNeighbourhood(L_2, 0.250411558405805, accuracy)",12435,1,0.0,0,inf
dpctgan,"LocalNeighbourhood(L_2, 0.250411558405805, accuracy)",12435,0,0.0,0,inf
dpctgan,"LocalNeighbourhood(L_2, 0.250411558405805, accuracy)",12435,1,0.0,0,inf
dpctgan,"LocalNeighbourhood(L_2, 0.250411558405805, accuracy)",12435,0,0.0,0,inf
dpctgan,"LocalNeighbourhood(L_2, 0.250411558405805, accuracy)",12435,1,0.0,0,inf
dpctgan,"LocalNeighbourhood(L_2, 0.250411558405805, accuracy)",12435,0,0.0,0,inf
dpctgan,"LocalNeighbourhood(L_2, 0.250411558405805, accuracy)",12435,1,0.0,0,inf
dpctgan,"LocalNeighbourhood(L_2, 0.250411558405805, accuracy)",12435,0,0.0,0,inf
dpctgan,"LocalNeighbourhood(L_2, 0.250411558405805, accuracy)",12435,1,0.0,0,inf
dpctgan,"LocalNeighbourhood(L_2, 0.250411558405805, accuracy)",12435,0,0.0,0,inf
dpctgan,"LocalNeighbourhood(L_2, 0.250411558405805, accuracy)",12435,1,0.0,0,inf
dpctgan,"LocalNeighbourhood(L_2, 0.250411558405805, accuracy)",12435,0,0.0,0,inf
dpctgan,"LocalNeighbourhood(L_2, 0.250411558405805, accuracy)",12435,1,0.0,0,inf
dpctgan,"LocalNeighbourhood(L_2, 0.250411558405805, accuracy)",12435,0,0.0,0,inf
dpctgan,"LocalNeighbourhood(L_2, 0.250411558405805, accuracy)",12435,1,0.0,0,inf
dpctgan,"LocalNeighbourhood(L_2, 0.250411558405805, accuracy)",12435,0,0.0,0,inf
dpctgan,"LocalNeighbourhood(L_2, 0.250411558405805, accuracy)",12435,1,0.0,0,inf
dpctgan,"LocalNeighbourhood(L_2, 0.250411558405805, accuracy)",12435,0,0.0,0,inf
dpctgan,"LocalNeighbourhood(L_2, 0.250411558405805, accuracy)",12435,1,0.0,0,inf
dpctgan,"LocalNeighbourhood(L_2, 0.250411558405805, accuracy)",12435,0,0.0,0,inf
dpctgan,"LocalNeighbourhood(L_2, 0.250411558405805, accuracy)",12435,1,0.0,0,inf
dpctgan,"LocalNeighbourhood(L_2, 0.250411558405805, accuracy)",12435,0,0.0,0,inf
dpctgan,"LocalNeighbourhood(L_2, 0.250411558405805, accuracy)",12435,1,0.0,0,inf
dpctgan,"LocalNeighbourhood(L_2, 0.250411558405805, accuracy)",12435,0,0.0,0,inf
dpctgan,"LocalNeighbourhood(L_2, 0.250411558405805, accuracy)",12435,1,0.0,0,inf
dpctgan,"LocalNeighbourhood(L_2, 0.250411558405805, accuracy)",12435,0,0.0,0,inf
dpctgan,"LocalNeighbourhood(L_2, 0.250411558405805, accuracy)",12435,1,0.0,0,inf
dpctgan,"LocalNeighbourhood(L_2, 0.250411558405805, accuracy)",12435,0,0.0,0,inf
dpctgan,"LocalNeighbourhood(L_2, 0.250411558405805, accuracy)",12435,1,0.0,0,inf
dpctgan,"LocalNeighbourhood(L_2, 0.250411558405805, accuracy)",12435,0,0.0,0,inf
dpctgan,"LocalNeighbourhood(L_2, 0.250411558405805, accuracy)",12435,1,0.0,0,inf
dpctgan,"LocalNeighbourhood(L_2, 0.250411558405805, accuracy)",12435,0,0.0,0,inf
dpctgan,"LocalNeighbourhood(L_2, 0.250411558405805, accuracy)",12435,1,0.0,0,inf
dpctgan,"LocalNeighbourhood(L_2, 0.250411558405805, accuracy)",12435,0,0.0,0,inf
dpctgan,"LocalNeighbourhood(L_2, 0.250411558405805, accuracy)",12435,1,0.0,0,inf
dpctgan,"LocalNeighbourhood(L_2, 0.250411558405805, accuracy)",12435,0,0.0,0,inf
dpctgan,"LocalNeighbourhood(L_2, 0.250411558405805, accuracy)",12435,1,0.0,0,inf
dpctgan,"LocalNeighbourhood(L_2, 0.250411558405805, accuracy)",12435,0,0.0,0,inf
dpctgan,"LocalNeighbourhood(L_2, 0.250411558405805, accuracy)",12435,1,0.0,0,inf
dpctgan,"LocalNeighbourhood(L_2, 0.250411558405805, accuracy)",12435,0,0.0,0,inf
dpctgan,"LocalNeighbourhood(L_2, 0.250411558405805, accuracy)",12435,1,0.0,0,inf
dpctgan,"LocalNeighbourhood(L_2, 0.250411558405805, accuracy)",12435,0,0.0,0,inf
dpctgan,"LocalNeighbourhood(L_2, 0.250411558405805, accuracy)",12435,1,0.0,0,inf
dpctgan,"LocalNeighbourhood(L_2, 0.250411558405805, accuracy)",12435,0,0.0,0,inf
dpctgan,"LocalNeighbourhood(L_2, 0.250411558405805, accuracy)",12435,1,0.0,0,inf
dpctgan,"LocalNeighbourhood(L_2, 0.250411558405805, accuracy)",12435,0,0.0,0,inf
dpctgan,"LocalNeighbourhood(L_2, 0.250411558405805, accuracy)",12435,1,0.0,0,inf
dpctgan,"LocalNeighbourhood(L_2, 0.250411558405805, accuracy)",12435,0,0.0,0,inf
dpctgan,"LocalNeighbourhood(L_2, 0.250411558405805, accuracy)",12435,1,0.0,0,inf
dpctgan,"LocalNeighbourhood(L_2, 0.250411558405805, accuracy)",12435,0,0.0,0,inf
dpctgan,"LocalNeighbourhood(L_2, 0.250411558405805, accuracy)",12435,1,0.0,0,inf
dpctgan,"LocalNeighbourhood(L_2, 0.250411558405805, accuracy)",12435,0,0.0,0,inf
dpctgan,"LocalNeighbourhood(L_2, 0.250411558405805, accuracy)",12435,1,0.0,0,inf
dpctgan,"LocalNeighbourhood(L_2, 0.250411558405805, accuracy)",12435,0,0.0,0,inf
dpctgan,"LocalNeighbourhood(L_2, 0.250411558405805, accuracy)",12435,1,0.0,0,inf
dpctgan,"LocalNeighbourhood(L_2, 0.250411558405805, accuracy)",12435,0,0.0,0,inf
dpctgan,"LocalNeighbourhood(L_2, 0.250411558405805, accuracy)",12435,1,0.0,0,inf
dpctgan,"LocalNeighbourhood(L_2, 0.250411558405805, accuracy)",12435,0,0.0,0,inf
dpctgan,"LocalNeighbourhood(L_2, 0.250411558405805, accuracy)",12435,1,0.0,0,inf
dpctgan,"LocalNeighbourhood(L_2, 0.250411558405805, accuracy)",12435,0,0.0,0,inf
dpctgan,"LocalNeighbourhood(L_2, 0.250411558405805, accuracy)",12435,1,0.0,0,inf
dpctgan,"LocalNeighbourhood(L_2, 0.250411558405805, accuracy)",12435,0,0.0,0,inf
dpctgan,"LocalNeighbourhood(L_2, 0.250411558405805, accuracy)",12435,1,0.0,0,inf
dpctgan,"LocalNeighbourhood(L_2, 0.250411558405805, accuracy)",12435,0,0.0,0,inf
dpctgan,"LocalNeighbourhood(L_2, 0.250411558405805, accuracy)",12435,1,0.0,0,inf
dpctgan,"LocalNeighbourhood(L_2, 0.250411558405805, accuracy)",12435,0,0.0,0,inf
dpctgan,"LocalNeighbourhood(L_2, 0.250411558405805, accuracy)",12435,1,0.0,0,inf
dpctgan,"LocalNeighbourhood(L_2, 0.250411558405805, accuracy)",12435,0,0.0,0,inf
dpctgan,"LocalNeighbourhood(L_2, 0.250411558405805, accuracy)",12435,1,0.0,0,inf
dpctgan,"LocalNeighbourhood(L_2, 0.250411558405805, accuracy)",12435,0,0.0,0,inf
dpctgan,"LocalNeighbourhood(L_2, 0.250411558405805, accuracy)",12435,1,0.0,0,inf
dpctgan,"LocalNeighbourhood(L_2, 0.250411558405805, accuracy)",12435,0,0.0,0,inf
dpctgan,"LocalNeighbourhood(L_2, 0.250411558405805, accuracy)",12435,1,0.0,0,inf
dpctgan,"LocalNeighbourhood(L_2, 0.250411558405805, accuracy)",12435,0,0.0,0,inf
dpctgan,"LocalNeighbourhood(L_2, 0.250411558405805, accuracy)",12435,1,0.0,0,inf
dpctgan,"LocalNeighbourhood(L_2, 0.250411558405805, accuracy)",12435,0,0.0,0,inf
dpctgan,"LocalNeighbourhood(L_2, 0.250411558405805, accuracy)",12435,1,0.0,0,inf
dpctgan,"LocalNeighbourhood(L_2, 0.250411558405805, accuracy)",12435,0,0.0,0,inf
dpctgan,"LocalNeighbourhood(L_2, 0.250411558405805, accuracy)",12435,1,0.0,0,inf
dpctgan,"LocalNeighbourhood(L_2, 0.250411558405805, accuracy)",12435,0,0.0,0,inf
dpctgan,"LocalNeighbourhood(L_2, 0.250411558405805, accuracy)",12435,1,0.002,0,inf
dpctgan,"LocalNeighbourhood(L_2, 0.250411558405805, accuracy)",12435,0,0.0,0,inf
dpctgan,"LocalNeighbourhood(L_2, 0.250411558405805, accuracy)",12435,1,0.0,0,inf
dpctgan,"LocalNeighbourhood(L_2, 0.250411558405805, accuracy)",12435,0,0.0,0,inf
dpctgan,"LocalNeighbourhood(L_2, 0.250411558405805, accuracy)",12435,1,0.0,0,inf
dpctgan,"LocalNeighbourhood(L_2, 0.250411558405805, accuracy)",12435,0,0.0,0,inf
dpctgan,"LocalNeighbourhood(L_2, 0.250411558405805, accuracy)",12435,1,0.0,0,inf
dpctgan,"LocalNeighbourhood(L_2, 0.250411558405805, accuracy)",12435,0,0.0,0,inf
dpctgan,"LocalNeighbourhood(L_2, 0.250411558405805, accuracy)",12435,1,0.0,0,inf
dpctgan,"LocalNeighbourhood(L_2, 0.250411558405805, accuracy)",12435,0,0.0,0,inf
dpctgan,"LocalNeighbourhood(L_2, 0.250411558405805, accuracy)",12435,1,0.0,0,inf
dpctgan,"LocalNeighbourhood(L_2, 0.250411558405805, accuracy)",12435,0,0.0,0,inf
dpctgan,"LocalNeighbourhood(L_2, 0.250411558405805, accuracy)",12435,1,0.0,0,inf
dpctgan,"LocalNeighbourhood(L_2, 0.250411558405805, accuracy)",12435,0,0.0,0,inf
dpctgan,"LocalNeighbourhood(L_2, 0.250411558405805, accuracy)",12435,1,0.0,0,inf
dpctgan,"LocalNeighbourhood(L_2, 0.250411558405805, accuracy)",12435,0,0.0,0,inf
dpctgan,"LocalNeighbourhood(L_2, 0.250411558405805, accuracy)",12435,1,0.0,0,inf
dpctgan,"LocalNeighbourhood(L_2, 0.250411558405805, accuracy)",12435,0,0.0,0,inf
dpctgan,"LocalNeighbourhood(L_2, 0.250411558405805, accuracy)",12435,1,0.0,0,inf
dpctgan,"LocalNeighbourhood(L_2, 0.250411558405805, accuracy)",12435,0,0.0,0,inf
dpctgan,"LocalNeighbourhood(L_2, 0.250411558405805, accuracy)",12435,1,0.0,0,inf
dpctgan,"LocalNeighbourhood(L_2, 0.250411558405805, accuracy)",12435,0,0.0,0,inf
dpctgan,"LocalNeighbourhood(L_2, 0.250411558405805, accuracy)",12435,1,0.0,0,inf
dpctgan,"LocalNeighbourhood(L_2, 0.250411558405805, accuracy)",12435,0,0.0,0,inf
dpctgan,"LocalNeighbourhood(L_2, 0.250411558405805, accuracy)",12435,1,0.0,0,inf
dpctgan,"LocalNeighbourhood(L_2, 0.250411558405805, accuracy)",12435,0,0.0,0,inf
dpctgan,"LocalNeighbourhood(L_2, 0.250411558405805, accuracy)",12435,1,0.0,0,inf
dpctgan,"LocalNeighbourhood(L_2, 0.250411558405805, accuracy)",12435,0,0.0,0,inf
dpctgan,"LocalNeighbourhood(L_2, 0.250411558405805, accuracy)",12435,1,0.0,0,inf
dpctgan,"LocalNeighbourhood(L_2, 0.250411558405805, accuracy)",12435,0,0.0,0,inf
dpctgan,"LocalNeighbourhood(L_2, 0.250411558405805, accuracy)",12435,1,0.0,0,inf
dpctgan,"LocalNeighbourhood(L_2, 0.250411558405805, accuracy)",12435,0,0.0,0,inf
dpctgan,"LocalNeighbourhood(L_2, 0.250411558405805, accuracy)",12435,1,0.0,0,inf
dpctgan,"LocalNeighbourhood(L_2, 0.250411558405805, accuracy)",12435,0,0.0,0,inf
dpctgan,"LocalNeighbourhood(L_2, 0.250411558405805, accuracy)",12435,1,0.0,0,inf
dpctgan,"LocalNeighbourhood(L_2, 0.250411558405805, accuracy)",12435,0,0.0,0,inf
dpctgan,"LocalNeighbourhood(L_2, 0.250411558405805, accuracy)",12435,1,0.0,0,inf
dpctgan,"LocalNeighbourhood(L_2, 0.250411558405805, accuracy)",12435,0,0.0,0,inf
dpctgan,"LocalNeighbourhood(L_2, 0.250411558405805, accuracy)",12435,1,0.0,0,inf
dpctgan,"LocalNeighbourhood(L_2, 0.250411558405805, accuracy)",12435,0,0.0,0,inf
dpctgan,"LocalNeighbourhood(L_2, 0.250411558405805, accuracy)",12435,1,0.0,0,inf
dpctgan,"LocalNeighbourhood(L_2, 0.250411558405805, accuracy)",12435,0,0.0,0,inf
dpctgan,"LocalNeighbourhood(L_2, 0.250411558405805, accuracy)",12435,1,0.0,0,inf
dpctgan,"LocalNeighbourhood(L_2, 0.250411558405805, accuracy)",12435,0,0.0,0,inf
dpctgan,"LocalNeighbourhood(L_2, 0.250411558405805, accuracy)",12435,1,0.0,0,inf
dpctgan,"LocalNeighbourhood(L_2, 0.250411558405805, accuracy)",12435,0,0.0,0,inf
dpctgan,"LocalNeighbourhood(L_2, 0.250411558405805, accuracy)",12435,1,0.0,0,inf
dpctgan,"LocalNeighbourhood(L_2, 0.250411558405805, accuracy)",12435,0,0.0,0,inf
dpctgan,"LocalNeighbourhood(L_2, 0.250411558405805, accuracy)",12435,1,0.0,0,inf
dpctgan,"LocalNeighbourhood(L_2, 0.250411558405805, accuracy)",12435,0,0.0,0,inf
dpctgan,"LocalNeighbourhood(L_2, 0.250411558405805, accuracy)",12435,1,0.0,0,inf
dpctgan,"LocalNeighbourhood(L_2, 0.250411558405805, accuracy)",12435,0,0.0,0,inf
dpctgan,"LocalNeighbourhood(L_2, 0.250411558405805, accuracy)",12435,1,0.0,0,inf
dpctgan,"LocalNeighbourhood(L_2, 0.250411558405805, accuracy)",12435,0,0.0,0,inf
dpctgan,"LocalNeighbourhood(L_2, 0.250411558405805, accuracy)",12435,1,0.0,0,inf
dpctgan,"LocalNeighbourhood(L_2, 0.250411558405805, accuracy)",12435,0,0.0,0,inf
dpctgan,"LocalNeighbourhood(L_2, 0.250411558405805, accuracy)",12435,1,0.0,0,inf
dpctgan,"LocalNeighbourhood(L_2, 0.250411558405805, accuracy)",12435,0,0.0,0,inf
dpctgan,"LocalNeighbourhood(L_2, 0.250411558405805, accuracy)",12435,1,0.0,0,inf
dpctgan,"LocalNeighbourhood(L_2, 0.250411558405805, accuracy)",12435,0,0.0,0,inf
dpctgan,"LocalNeighbourhood(L_2, 0.250411558405805, accuracy)",12435,1,0.0,0,inf
dpctgan,"LocalNeighbourhood(L_2, 0.250411558405805, accuracy)",12435,0,0.0,0,inf
dpctgan,"LocalNeighbourhood(L_2, 0.250411558405805, accuracy)",12435,1,0.0,0,inf
dpctgan,"LocalNeighbourhood(L_2, 0.250411558405805, accuracy)",12435,0,0.0,0,inf
dpctgan,"LocalNeighbourhood(L_2, 0.250411558405805, accuracy)",12435,1,0.0,0,inf
dpctgan,"LocalNeighbourhood(L_2, 0.250411558405805, accuracy)",12435,0,0.0,0,inf
dpctgan,"LocalNeighbourhood(L_2, 0.250411558405805, accuracy)",12435,1,0.0,0,inf
dpctgan,"LocalNeighbourhood(L_2, 0.250411558405805, accuracy)",12435,0,0.0,0,inf
dpctgan,"LocalNeighbourhood(L_2, 0.250411558405805, accuracy)",12435,1,0.0,0,inf
dpctgan,"LocalNeighbourhood(L_2, 0.250411558405805, accuracy)",12435,0,0.0,0,inf
dpctgan,"LocalNeighbourhood(L_2, 0.250411558405805, accuracy)",12435,1,0.0,0,inf
dpctgan,"LocalNeighbourhood(L_2, 0.250411558405805, accuracy)",12435,0,0.0,0,inf
dpctgan,"LocalNeighbourhood(L_2, 0.250411558405805, accuracy)",12435,1,0.0,0,inf
dpctgan,"LocalNeighbourhood(L_2, 0.250411558405805, accuracy)",12435,0,0.0,0,inf
dpctgan,"LocalNeighbourhood(L_2, 0.250411558405805, accuracy)",12435,1,0.0,0,inf
dpctgan,"LocalNeighbourhood(L_2, 0.250411558405805, accuracy)",12435,0,0.0,0,inf
dpctgan,"LocalNeighbourhood(L_2, 0.250411558405805, accuracy)",12435,1,0.0,0,inf
dpctgan,"LocalNeighbourhood(L_2, 0.250411558405805, accuracy)",12435,0,0.0,0,inf
dpctgan,"LocalNeighbourhood(L_2, 0.250411558405805, accuracy)",12435,1,0.0,0,inf
dpctgan,"LocalNeighbourhood(L_2, 0.250411558405805, accuracy)",12435,0,0.0,0,inf
dpctgan,"LocalNeighbourhood(L_2, 0.250411558405805, accuracy)",12435,1,0.0,0,inf
dpctgan,"LocalNeighbourhood(L_2, 0.250411558405805, accuracy)",12435,0,0.0,0,inf
dpctgan,"LocalNeighbourhood(L_2, 0.250411558405805, accuracy)",12435,1,0.0,0,inf
dpctgan,"LocalNeighbourhood(L_2, 0.250411558405805, accuracy)",12435,0,0.0,0,inf
dpctgan,"LocalNeighbourhood(L_2, 0.250411558405805, accuracy)",12435,1,0.0,0,inf
dpctgan,"LocalNeighbourhood(L_2, 0.250411558405805, accuracy)",12435,0,0.0,0,inf
dpctgan,"LocalNeighbourhood(L_2, 0.250411558405805, accuracy)",12435,1,0.0,0,inf
dpctgan,"LocalNeighbourhood(L_2, 0.250411558405805, accuracy)",12435,0,0.0,0,inf
dpctgan,"LocalNeighbourhood(L_2, 0.250411558405805, accuracy)",12435,1,0.0,0,inf
dpctgan,"LocalNeighbourhood(L_2, 0.250411558405805, accuracy)",12435,0,0.0,0,inf
dpctgan,"LocalNeighbourhood(L_2, 0.250411558405805, accuracy)",12435,1,0.0,0,inf
dpctgan,"LocalNeighbourhood(L_2, 0.250411558405805, accuracy)",12435,0,0.0,0,inf
dpctgan,"LocalNeighbourhood(L_2, 0.250411558405805, accuracy)",12435,1,0.0,0,inf
dpctgan,"LocalNeighbourhood(L_2, 0.250411558405805, accuracy)",12435,0,0.0,0,inf
dpctgan,"LocalNeighbourhood(L_2, 0.250411558405805, accuracy)",12435,1,0.0,0,inf
dpctgan,"LocalNeighbourhood(L_2, 0.250411558405805, accuracy)",12435,0,0.0,0,inf
dpctgan,"LocalNeighbourhood(L_2, 0.250411558405805, accuracy)",12435,1,0.0,0,inf
dpctgan,"LocalNeighbourhood(L_2, 0.250411558405805, accuracy)",12435,0,0.0,0,inf
dpctgan,"LocalNeighbourhood(L_2, 0.250411558405805, accuracy)",12435,1,0.0,0,inf
dpctgan,"LocalNeighbourhood(L_2, 0.250411558405805, accuracy)",12435,0,0.0,0,inf
dpctgan,"LocalNeighbourhood(L_2, 0.250411558405805, accuracy)",12435,1,0.0,0,inf
dpctgan,"LocalNeighbourhood(L_2, 0.250411558405805, accuracy)",12435,0,0.0,0,inf
dpctgan,"LocalNeighbourhood(L_2, 0.250411558405805, accuracy)",12435,1,0.0,0,inf
dpctgan,"LocalNeighbourhood(L_2, 0.250411558405805, accuracy)",12435,0,0.0,0,inf
dpctgan,"LocalNeighbourhood(L_2, 0.250411558405805, accuracy)",12435,1,0.0,0,inf
dpctgan,"LocalNeighbourhood(L_2, 0.250411558405805, accuracy)",12435,0,0.0,0,inf
dpctgan,"LocalNeighbourhood(L_2, 0.250411558405805, accuracy)",12435,1,0.0,0,inf
dpctgan,"LocalNeighbourhood(L_2, 0.250411558405805, accuracy)",12435,0,0.0,0,inf
dpctgan,"LocalNeighbourhood(L_2, 0.250411558405805, accuracy)",12435,1,0.0,0,inf
dpctgan,"LocalNeighbourhood(L_2, 0.250411558405805, accuracy)",12435,0,0.0,0,inf
dpctgan,"LocalNeighbourhood(L_2, 0.250411558405805, accuracy)",12435,1,0.0,0,inf
dpctgan,"LocalNeighbourhood(L_2, 0.250411558405805, accuracy)",12435,0,0.0,0,inf
dpctgan,"LocalNeighbourhood(L_2, 0.250411558405805, accuracy)",12435,1,0.0,0,inf
dpctgan,"LocalNeighbourhood(L_2, 0.250411558405805, accuracy)",12435,0,0.0,0,inf
dpctgan,"LocalNeighbourhood(L_2, 0.250411558405805, accuracy)",12435,1,0.0,0,inf
dpctgan,"LocalNeighbourhood(L_2, 0.250411558405805, accuracy)",12435,0,0.0,0,inf
dpctgan,"LocalNeighbourhood(L_2, 0.250411558405805, accuracy)",12435,1,0.0,0,inf
dpctgan,"LocalNeighbourhood(L_2, 0.250411558405805, accuracy)",12435,0,0.0,0,inf
dpctgan,"LocalNeighbourhood(L_2, 0.250411558405805, accuracy)",12435,1,0.0,0,inf
dpctgan,"LocalNeighbourhood(L_2, 0.250411558405805, accuracy)",12435,0,0.0,0,inf
dpctgan,"LocalNeighbourhood(L_2, 0.250411558405805, accuracy)",12435,1,0.0,0,inf
dpctgan,"LocalNeighbourhood(L_2, 0.250411558405805, accuracy)",12435,0,0.0,0,inf
dpctgan,"LocalNeighbourhood(L_2, 0.250411558405805, accuracy)",12435,1,0.0,0,inf
dpctgan,"LocalNeighbourhood(L_2, 0.250411558405805, accuracy)",12435,0,0.0,0,inf
dpctgan,"LocalNeighbourhood(L_2, 0.250411558405805, accuracy)",12435,1,0.0,0,inf
dpctgan,"LocalNeighbourhood(L_2, 0.250411558405805, accuracy)",12435,0,0.0,0,inf
dpctgan,"LocalNeighbourhood(L_2, 0.250411558405805, accuracy)",12435,1,0.0,0,inf
dpctgan,"LocalNeighbourhood(L_2, 0.250411558405805, accuracy)",12435,0,0.0,0,inf
dpctgan,"LocalNeighbourhood(L_2, 0.250411558405805, accuracy)",12435,1,0.0,0,inf
dpctgan,"LocalNeighbourhood(L_2, 0.250411558405805, accuracy)",12435,0,0.0,0,inf
dpctgan,"LocalNeighbourhood(L_2, 0.250411558405805, accuracy)",12435,1,0.0,0,inf
dpctgan,"LocalNeighbourhood(L_2, 0.250411558405805, accuracy)",12435,0,0.0,0,inf
dpctgan,"LocalNeighbourhood(L_2, 0.250411558405805, accuracy)",12435,1,0.0,0,inf
dpctgan,"LocalNeighbourhood(L_2, 0.250411558405805, accuracy)",12435,0,0.0,0,inf
dpctgan,"LocalNeighbourhood(L_2, 0.250411558405805, accuracy)",12435,1,0.0,0,inf
dpctgan,"LocalNeighbourhood(L_2, 0.250411558405805, accuracy)",12435,0,0.0,0,inf
dpctgan,"LocalNeighbourhood(L_2, 0.250411558405805, accuracy)",12435,1,0.0,0,inf
dpctgan,"LocalNeighbourhood(L_2, 0.250411558405805, accuracy)",12435,0,0.0,0,inf
dpctgan,"LocalNeighbourhood(L_2, 0.250411558405805, accuracy)",12435,1,0.0,0,inf
dpctgan,"LocalNeighbourhood(L_2, 0.250411558405805, accuracy)",12435,0,0.0,0,inf
dpctgan,"LocalNeighbourhood(L_2, 0.250411558405805, accuracy)",12435,1,0.0,0,inf
dpctgan,"LocalNeighbourhood(L_2, 0.250411558405805, accuracy)",12435,0,0.0,0,inf
dpctgan,"LocalNeighbourhood(L_2, 0.250411558405805, accuracy)",12435,1,0.0,0,inf
dpctgan,"LocalNeighbourhood(L_2, 0.250411558405805, accuracy)",12435,0,0.0,0,inf
dpctgan,"LocalNeighbourhood(L_2, 0.250411558405805, accuracy)",12435,1,0.0,0,inf
dpctgan,"LocalNeighbourhood(L_2, 0.250411558405805, accuracy)",12435,0,0.0,0,inf
dpctgan,"LocalNeighbourhood(L_2, 0.250411558405805, accuracy)",12435,1,0.0,0,inf
dpctgan,"LocalNeighbourhood(L_2, 0.250411558405805, accuracy)",12435,0,0.0,0,inf
dpctgan,"LocalNeighbourhood(L_2, 0.250411558405805, accuracy)",12435,1,0.0,0,inf
dpctgan,"LocalNeighbourhood(L_2, 0.250411558405805, accuracy)",12435,0,0.0,0,inf
dpctgan,"LocalNeighbourhood(L_2, 0.250411558405805, accuracy)",12435,1,0.0,0,inf
dpctgan,"LocalNeighbourhood(L_2, 0.250411558405805, accuracy)",12435,0,0.0,0,inf
dpctgan,"LocalNeighbourhood(L_2, 0.250411558405805, accuracy)",12435,1,0.0,0,inf
dpctgan,"LocalNeighbourhood(L_2, 0.250411558405805, accuracy)",12435,0,0.0,0,inf
dpctgan,"LocalNeighbourhood(L_2, 0.250411558405805, accuracy)",12435,1,0.0,0,inf
dpctgan,"LocalNeighbourhood(L_2, 0.250411558405805, accuracy)",12435,0,0.0,0,inf
dpctgan,"LocalNeighbourhood(L_2, 0.250411558405805, accuracy)",12435,1,0.0,0,inf
dpctgan,"LocalNeighbourhood(L_2, 0.250411558405805, accuracy)",12435,0,0.0,0,inf
dpctgan,"LocalNeighbourhood(L_2, 0.250411558405805, accuracy)",12435,1,0.0,0,inf
dpctgan,"LocalNeighbourhood(L_2, 0.250411558405805, accuracy)",12435,0,0.0,0,inf
dpctgan,"LocalNeighbourhood(L_2, 0.250411558405805, accuracy)",12435,1,0.0,0,inf
dpctgan,"LocalNeighbourhood(L_2, 0.250411558405805, accuracy)",12435,0,0.0,0,inf
dpctgan,"LocalNeighbourhood(L_2, 0.250411558405805, accuracy)",12435,1,0.0,0,inf
dpctgan,"LocalNeighbourhood(L_2, 0.250411558405805, accuracy)",12435,0,0.0,0,inf
dpctgan,"LocalNeighbourhood(L_2, 0.250411558405805, accuracy)",12435,1,0.0,0,inf
dpctgan,"LocalNeighbourhood(L_2, 0.250411558405805, accuracy)",12435,0,0.0,0,inf
dpctgan,"LocalNeighbourhood(L_2, 0.250411558405805, accuracy)",12435,1,0.0,0,inf
dpctgan,"LocalNeighbourhood(L_2, 0.250411558405805, accuracy)",12435,0,0.0,0,inf
dpctgan,"LocalNeighbourhood(L_2, 0.250411558405805, accuracy)",12435,1,0.0,0,inf
dpctgan,"LocalNeighbourhood(L_2, 0.250411558405805, accuracy)",12435,0,0.0,0,inf
dpctgan,"LocalNeighbourhood(L_2, 0.250411558405805, accuracy)",12435,1,0.0,0,inf
dpctgan,"LocalNeighbourhood(L_2, 0.250411558405805, accuracy)",12435,0,0.0,0,inf
dpctgan,"LocalNeighbourhood(L_2, 0.250411558405805, accuracy)",12435,1,0.0,0,inf
dpctgan,"LocalNeighbourhood(L_2, 0.250411558405805, accuracy)",12435,0,0.0,0,inf
dpctgan,"LocalNeighbourhood(L_2, 0.250411558405805, accuracy)",12435,1,0.0,0,inf
dpctgan,"LocalNeighbourhood(L_2, 0.250411558405805, accuracy)",12435,0,0.0,0,inf
dpctgan,"LocalNeighbourhood(L_2, 0.250411558405805, accuracy)",12435,1,0.0,0,inf
dpctgan,"LocalNeighbourhood(L_2, 0.250411558405805, accuracy)",12435,0,0.0,0,inf
dpctgan,"LocalNeighbourhood(L_2, 0.250411558405805, accuracy)",12435,1,0.0,0,inf
dpctgan,"LocalNeighbourhood(L_2, 0.250411558405805, accuracy)",12435,0,0.0,0,inf
dpctgan,"LocalNeighbourhood(L_2, 0.250411558405805, accuracy)",12435,1,0.0,0,inf
dpctgan,"LocalNeighbourhood(L_2, 0.250411558405805, accuracy)",12435,0,0.0,0,inf
dpctgan,"LocalNeighbourhood(L_2, 0.250411558405805, accuracy)",12435,1,0.0,0,inf
dpctgan,"LocalNeighbourhood(L_2, 0.250411558405805, accuracy)",12435,0,0.0,0,inf
dpctgan,"LocalNeighbourhood(L_2, 0.250411558405805, accuracy)",12435,1,0.0,0,inf
dpctgan,"LocalNeighbourhood(L_2, 0.250411558405805, accuracy)",12435,0,0.0,0,inf
dpctgan,"LocalNeighbourhood(L_2, 0.250411558405805, accuracy)",12435,1,0.0,0,inf
dpctgan,"LocalNeighbourhood(L_2, 0.250411558405805, accuracy)",12435,0,0.0,0,inf
dpctgan,"LocalNeighbourhood(L_2, 0.250411558405805, accuracy)",12435,1,0.0,0,inf
dpctgan,"LocalNeighbourhood(L_2, 0.250411558405805, accuracy)",12435,0,0.0,0,inf
dpctgan,"LocalNeighbourhood(L_2, 0.250411558405805, accuracy)",12435,1,0.0,0,inf
dpctgan,"LocalNeighbourhood(L_2, 0.250411558405805, accuracy)",12435,0,0.0,0,inf
dpctgan,"LocalNeighbourhood(L_2, 0.250411558405805, accuracy)",12435,1,0.0,0,inf
dpctgan,"LocalNeighbourhood(L_2, 0.250411558405805, accuracy)",12435,0,0.0,0,inf
dpctgan,"LocalNeighbourhood(L_2, 0.250411558405805, accuracy)",12435,1,0.0,0,inf
dpctgan,"LocalNeighbourhood(L_2, 0.250411558405805, accuracy)",12435,0,0.0,0,inf
dpctgan,"LocalNeighbourhood(L_2, 0.250411558405805, accuracy)",12435,1,0.0,0,inf
dpctgan,"LocalNeighbourhood(L_2, 0.250411558405805, accuracy)",12435,0,0.0,0,inf
dpctgan,"LocalNeighbourhood(L_2, 0.250411558405805, accuracy)",12435,1,0.0,0,inf
dpctgan,"LocalNeighbourhood(L_2, 0.250411558405805, accuracy)",12435,0,0.0,0,inf
dpctgan,"LocalNeighbourhood(L_2, 0.250411558405805, accuracy)",12435,1,0.0,0,inf
dpctgan,"LocalNeighbourhood(L_2, 0.250411558405805, accuracy)",12435,0,0.0,0,inf
dpctgan,"LocalNeighbourhood(L_2, 0.250411558405805, accuracy)",12435,1,0.0,0,inf
dpctgan,"LocalNeighbourhood(L_2, 0.250411558405805, accuracy)",12435,0,0.0,0,inf
dpctgan,"LocalNeighbourhood(L_2, 0.250411558405805, accuracy)",12435,1,0.0,0,inf
dpctgan,"LocalNeighbourhood(L_2, 0.250411558405805, accuracy)",12435,0,0.0,0,inf
dpctgan,"LocalNeighbourhood(L_2, 0.250411558405805, accuracy)",12435,1,0.0,0,inf
dpctgan,"LocalNeighbourhood(L_2, 0.250411558405805, accuracy)",12435,0,0.0,0,inf
dpctgan,"LocalNeighbourhood(L_2, 0.250411558405805, accuracy)",12435,1,0.0,0,inf
dpctgan,"LocalNeighbourhood(L_2, 0.250411558405805, accuracy)",12435,0,0.0,0,inf
dpctgan,"LocalNeighbourhood(L_2, 0.250411558405805, accuracy)",12435,1,0.0,0,inf
dpctgan,"LocalNeighbourhood(L_2, 0.250411558405805, accuracy)",12435,0,0.0,0,inf
dpctgan,"LocalNeighbourhood(L_2, 0.250411558405805, accuracy)",12435,1,0.0,0,inf
dpctgan,"LocalNeighbourhood(L_2, 0.250411558405805, accuracy)",12435,0,0.0,0,inf
dpctgan,"LocalNeighbourhood(L_2, 0.250411558405805, accuracy)",12435,1,0.0,0,inf
dpctgan,"LocalNeighbourhood(L_2, 0.250411558405805, accuracy)",12435,0,0.0,0,inf
dpctgan,"LocalNeighbourhood(L_2, 0.250411558405805, accuracy)",12435,1,0.0,0,inf
dpctgan,"LocalNeighbourhood(L_2, 0.250411558405805, accuracy)",12435,0,0.0,0,inf
dpctgan,"LocalNeighbourhood(L_2, 0.250411558405805, accuracy)",12435,1,0.0,0,inf
dpctgan,"LocalNeighbourhood(L_2, 0.250411558405805, accuracy)",12435,0,0.0,0,inf
dpctgan,"LocalNeighbourhood(L_2, 0.250411558405805, accuracy)",12435,1,0.0,0,inf
dpctgan,"LocalNeighbourhood(L_2, 0.250411558405805, accuracy)",12435,0,0.0,0,inf
dpctgan,"LocalNeighbourhood(L_2, 0.250411558405805, accuracy)",12435,1,0.0,0,inf
dpctgan,"LocalNeighbourhood(L_2, 0.250411558405805, accuracy)",12435,0,0.0,0,inf
dpctgan,"LocalNeighbourhood(L_2, 0.250411558405805, accuracy)",12435,1,0.0,0,inf
dpctgan,"LocalNeighbourhood(L_2, 0.250411558405805, accuracy)",12435,0,0.0,0,inf
dpctgan,"LocalNeighbourhood(L_2, 0.250411558405805, accuracy)",12435,1,0.0,0,inf
dpctgan,"LocalNeighbourhood(L_2, 0.250411558405805, accuracy)",12435,0,0.0,0,inf
dpctgan,"LocalNeighbourhood(L_2, 0.250411558405805, accuracy)",12435,1,0.0,0,inf
dpctgan,"LocalNeighbourhood(L_2, 0.250411558405805, accuracy)",12435,0,0.0,0,inf
dpctgan,"LocalNeighbourhood(L_2, 0.250411558405805, accuracy)",12435,1,0.0,0,inf
dpctgan,"LocalNeighbourhood(L_2, 0.250411558405805, accuracy)",12435,0,0.0,0,inf
dpctgan,"LocalNeighbourhood(L_2, 0.250411558405805, accuracy)",12435,1,0.0,0,inf
dpctgan,"LocalNeighbourhood(L_2, 0.250411558405805, accuracy)",12435,0,0.0,0,inf
dpctgan,"LocalNeighbourhood(L_2, 0.250411558405805, accuracy)",12435,1,0.0,0,inf
dpctgan,"LocalNeighbourhood(L_2, 0.250411558405805, accuracy)",12435,0,0.0,0,inf
dpctgan,"LocalNeighbourhood(L_2, 0.250411558405805, accuracy)",12435,1,0.0,0,inf
dpctgan,"LocalNeighbourhood(L_2, 0.250411558405805, accuracy)",12435,0,0.0,0,inf
dpctgan,"LocalNeighbourhood(L_2, 0.250411558405805, accuracy)",12435,1,0.0,0,inf
dpctgan,"LocalNeighbourhood(L_2, 0.250411558405805, accuracy)",12435,0,0.0,0,inf
dpctgan,"LocalNeighbourhood(L_2, 0.250411558405805, accuracy)",12435,1,0.0,0,inf
dpctgan,"LocalNeighbourhood(L_2, 0.250411558405805, accuracy)",12435,0,0.0,0,inf
dpctgan,"LocalNeighbourhood(L_2, 0.250411558405805, accuracy)",12435,1,0.0,0,inf
dpctgan,"LocalNeighbourhood(L_2, 0.250411558405805, accuracy)",12435,0,0.0,0,inf
dpctgan,"LocalNeighbourhood(L_2, 0.250411558405805, accuracy)",12435,1,0.0,0,inf
dpctgan,"LocalNeighbourhood(L_2, 0.250411558405805, accuracy)",12435,0,0.0,0,inf
dpctgan,"LocalNeighbourhood(L_2, 0.250411558405805, accuracy)",12435,1,0.0,0,inf
dpctgan,"LocalNeighbourhood(L_2, 0.250411558405805, accuracy)",12435,0,0.0,0,inf
dpctgan,"LocalNeighbourhood(L_2, 0.250411558405805, accuracy)",12435,1,0.0,0,inf
dpctgan,"LocalNeighbourhood(L_2, 0.250411558405805, accuracy)",12435,0,0.0,0,inf
dpctgan,"LocalNeighbourhood(L_2, 0.250411558405805, accuracy)",12435,1,0.0,0,inf
dpctgan,"LocalNeighbourhood(L_2, 0.250411558405805, accuracy)",12435,0,0.0,0,inf
dpctgan,"LocalNeighbourhood(L_2, 0.250411558405805, accuracy)",12435,1,0.0,0,inf
dpctgan,"LocalNeighbourhood(L_2, 0.250411558405805, accuracy)",12435,0,0.0,0,inf
dpctgan,"LocalNeighbourhood(L_2, 0.250411558405805, accuracy)",12435,1,0.0,0,inf
dpctgan,"LocalNeighbourhood(L_2, 0.250411558405805, accuracy)",12435,0,0.0,0,inf
dpctgan,"LocalNeighbourhood(L_2, 0.250411558405805, accuracy)",12435,1,0.0,0,inf
dpctgan,"LocalNeighbourhood(L_2, 0.250411558405805, accuracy)",12435,0,0.0,0,inf
dpctgan,"LocalNeighbourhood(L_2, 0.250411558405805, accuracy)",12435,1,0.0,0,inf
dpctgan,"LocalNeighbourhood(L_2, 0.250411558405805, accuracy)",12435,0,0.0,0,inf
dpctgan,"LocalNeighbourhood(L_2, 0.250411558405805, accuracy)",12435,1,0.0,0,inf
dpctgan,"LocalNeighbourhood(L_2, 0.250411558405805, accuracy)",12435,0,0.0,0,inf
dpctgan,"LocalNeighbourhood(L_2, 0.250411558405805, accuracy)",12435,1,0.0,0,inf
dpctgan,"LocalNeighbourhood(L_2, 0.250411558405805, accuracy)",12435,0,0.0,0,inf
dpctgan,"LocalNeighbourhood(L_2, 0.250411558405805, accuracy)",12435,1,0.0,0,inf
dpctgan,"LocalNeighbourhood(L_2, 0.250411558405805, accuracy)",12435,0,0.0,0,inf
dpctgan,"LocalNeighbourhood(L_2, 0.250411558405805, accuracy)",12435,1,0.0,0,inf
dpctgan,"LocalNeighbourhood(L_2, 0.250411558405805, accuracy)",12435,0,0.0,0,inf
dpctgan,"LocalNeighbourhood(L_2, 0.250411558405805, accuracy)",12435,1,0.0,0,inf
dpctgan,"LocalNeighbourhood(L_2, 0.250411558405805, accuracy)",12435,0,0.0,0,inf
dpctgan,"LocalNeighbourhood(L_2, 0.250411558405805, accuracy)",12435,1,0.0,0,inf
dpctgan,"LocalNeighbourhood(L_2, 0.250411558405805, accuracy)",12435,0,0.0,0,inf
dpctgan,"LocalNeighbourhood(L_2, 0.250411558405805, accuracy)",12435,1,0.0,0,inf
dpctgan,"LocalNeighbourhood(L_2, 0.250411558405805, accuracy)",12435,0,0.0,0,inf
dpctgan,"LocalNeighbourhood(L_2, 0.250411558405805, accuracy)",12435,1,0.0,0,inf
dpctgan,"LocalNeighbourhood(L_2, 0.250411558405805, accuracy)",12435,0,0.0,0,inf
dpctgan,"LocalNeighbourhood(L_2, 0.250411558405805, accuracy)",12435,1,0.0,0,inf
dpctgan,"LocalNeighbourhood(L_2, 0.250411558405805, accuracy)",12435,0,0.0,0,inf
dpctgan,"LocalNeighbourhood(L_2, 0.250411558405805, accuracy)",12435,1,0.0,0,inf
dpctgan,"LocalNeighbourhood(L_2, 0.250411558405805, accuracy)",12435,0,0.0,0,inf
dpctgan,"LocalNeighbourhood(L_2, 0.250411558405805, accuracy)",12435,1,0.0,0,inf
dpctgan,"LocalNeighbourhood(L_2, 0.250411558405805, accuracy)",12435,0,0.0,0,inf
dpctgan,"LocalNeighbourhood(L_2, 0.250411558405805, accuracy)",12435,1,0.0,0,inf
dpctgan,"LocalNeighbourhood(L_2, 0.250411558405805, accuracy)",12435,0,0.0,0,inf
dpctgan,"LocalNeighbourhood(L_2, 0.250411558405805, accuracy)",12435,1,0.0,0,inf
dpctgan,"LocalNeighbourhood(L_2, 0.250411558405805, accuracy)",12435,0,0.0,0,inf
dpctgan,"LocalNeighbourhood(L_2, 0.250411558405805, accuracy)",12435,1,0.0,0,inf
dpctgan,"LocalNeighbourhood(L_2, 0.250411558405805, accuracy)",12435,0,0.0,0,inf
dpctgan,"LocalNeighbourhood(L_2, 0.250411558405805, accuracy)",12435,1,0.0,0,inf
dpctgan,"LocalNeighbourhood(L_2, 0.250411558405805, accuracy)",12435,0,0.0,0,inf
dpctgan,"LocalNeighbourhood(L_2, 0.250411558405805, accuracy)",12435,1,0.0,0,inf
dpctgan,"LocalNeighbourhood(L_2, 0.250411558405805, accuracy)",12435,0,0.0,0,inf
dpctgan,"LocalNeighbourhood(L_2, 0.250411558405805, accuracy)",12435,1,0.0,0,inf
dpctgan,"LocalNeighbourhood(L_2, 0.250411558405805, accuracy)",12435,0,0.0,0,inf
dpctgan,"LocalNeighbourhood(L_2, 0.250411558405805, accuracy)",12435,1,0.0,0,inf
dpctgan,"LocalNeighbourhood(L_2, 0.250411558405805, accuracy)",12435,0,0.0,0,inf
dpctgan,"LocalNeighbourhood(L_2, 0.250411558405805, accuracy)",12435,1,0.0,0,inf
dpctgan,"LocalNeighbourhood(L_2, 0.250411558405805, accuracy)",12435,0,0.0,0,inf
dpctgan,"LocalNeighbourhood(L_2, 0.250411558405805, accuracy)",12435,1,0.0,0,inf
dpctgan,"LocalNeighbourhood(L_2, 0.250411558405805, accuracy)",12435,0,0.0,0,inf
dpctgan,"LocalNeighbourhood(L_2, 0.250411558405805, accuracy)",12435,1,0.0,0,inf
dpctgan,"LocalNeighbourhood(L_2, 0.250411558405805, accuracy)",12435,0,0.0,0,inf
dpctgan,"LocalNeighbourhood(L_2, 0.250411558405805, accuracy)",12435,1,0.0,0,inf
dpctgan,"LocalNeighbourhood(L_2, 0.250411558405805, accuracy)",12435,0,0.0,0,inf
dpctgan,"LocalNeighbourhood(L_2, 0.250411558405805, accuracy)",12435,1,0.0,0,inf
dpctgan,"LocalNeighbourhood(L_2, 0.250411558405805, accuracy)",12435,0,0.0,0,inf
dpctgan,"LocalNeighbourhood(L_2, 0.250411558405805, accuracy)",12435,1,0.0,0,inf
dpctgan,"LocalNeighbourhood(L_2, 0.250411558405805, accuracy)",12435,0,0.0,0,inf
dpctgan,"LocalNeighbourhood(L_2, 0.250411558405805, accuracy)",12435,1,0.0,0,inf
dpctgan,"LocalNeighbourhood(L_2, 0.250411558405805, accuracy)",12435,0,0.0,0,inf
dpctgan,"LocalNeighbourhood(L_2, 0.250411558405805, accuracy)",12435,1,0.0,0,inf
dpctgan,"LocalNeighbourhood(L_2, 0.250411558405805, accuracy)",12435,0,0.0,0,inf
dpctgan,"LocalNeighbourhood(L_2, 0.250411558405805, accuracy)",12435,1,0.0,0,inf
dpctgan,"LocalNeighbourhood(L_2, 0.250411558405805, accuracy)",12435,0,0.0,0,inf
dpctgan,"LocalNeighbourhood(L_2, 0.250411558405805, accuracy)",12435,1,0.0,0,inf
dpctgan,"LocalNeighbourhood(L_2, 0.250411558405805, accuracy)",12435,0,0.0,0,inf
dpctgan,"LocalNeighbourhood(L_2, 0.250411558405805, accuracy)",12435,1,0.0,0,inf
dpctgan,"LocalNeighbourhood(L_2, 0.250411558405805, accuracy)",12435,0,0.0,0,inf
dpctgan,"LocalNeighbourhood(L_2, 0.250411558405805, accuracy)",12435,1,0.0,0,inf
dpctgan,"LocalNeighbourhood(L_2, 0.250411558405805, accuracy)",12435,0,0.0,0,inf
dpctgan,"LocalNeighbourhood(L_2, 0.250411558405805, accuracy)",12435,1,0.0,0,inf
dpctgan,"LocalNeighbourhood(L_2, 0.250411558405805, accuracy)",12435,0,0.0,0,inf
dpctgan,"LocalNeighbourhood(L_2, 0.250411558405805, accuracy)",12435,1,0.0,0,inf
dpctgan,"LocalNeighbourhood(L_2, 0.250411558405805, accuracy)",12435,0,0.0,0,inf
dpctgan,"LocalNeighbourhood(L_2, 0.250411558405805, accuracy)",12435,1,0.0,0,inf
dpctgan,"LocalNeighbourhood(L_2, 0.250411558405805, accuracy)",12435,0,0.0,0,inf
dpctgan,"LocalNeighbourhood(L_2, 0.250411558405805, accuracy)",12435,1,0.0,0,inf
dpctgan,"LocalNeighbourhood(L_2, 0.250411558405805, accuracy)",12435,0,0.0,0,inf
dpctgan,"LocalNeighbourhood(L_2, 0.250411558405805, accuracy)",12435,1,0.0,0,inf
dpctgan,"LocalNeighbourhood(L_2, 0.250411558405805, accuracy)",12435,0,0.0,0,inf
dpctgan,"LocalNeighbourhood(L_2, 0.250411558405805, accuracy)",12435,1,0.0,0,inf
dpctgan,"LocalNeighbourhood(L_2, 0.250411558405805, accuracy)",12435,0,0.0,0,inf
dpctgan,"LocalNeighbourhood(L_2, 0.250411558405805, accuracy)",12435,1,0.0,0,inf
dpctgan,"LocalNeighbourhood(L_2, 0.250411558405805, accuracy)",12435,0,0.0,0,inf
dpctgan,"LocalNeighbourhood(L_2, 0.250411558405805, accuracy)",12435,1,0.0,0,inf
dpctgan,"LocalNeighbourhood(L_2, 0.250411558405805, accuracy)",12435,0,0.0,0,inf
dpctgan,"LocalNeighbourhood(L_2, 0.250411558405805, accuracy)",12435,1,0.0,0,inf
dpctgan,"LocalNeighbourhood(L_2, 0.250411558405805, accuracy)",12435,0,0.0,0,inf
dpctgan,"LocalNeighbourhood(L_2, 0.250411558405805, accuracy)",12435,1,0.0,0,inf
dpctgan,"LocalNeighbourhood(L_2, 0.250411558405805, accuracy)",12435,0,0.0,0,inf
dpctgan,"LocalNeighbourhood(L_2, 0.250411558405805, accuracy)",12435,1,0.0,0,inf
dpctgan,"LocalNeighbourhood(L_2, 0.250411558405805, accuracy)",12435,0,0.0,0,inf
dpctgan,"LocalNeighbourhood(L_2, 0.250411558405805, accuracy)",12435,1,0.0,0,inf
dpctgan,"LocalNeighbourhood(L_2, 0.250411558405805, accuracy)",12435,0,0.0,0,inf
dpctgan,"LocalNeighbourhood(L_2, 0.250411558405805, accuracy)",12435,1,0.0,0,inf
dpctgan,"LocalNeighbourhood(L_2, 0.250411558405805, accuracy)",12435,0,0.0,0,inf
dpctgan,"LocalNeighbourhood(L_2, 0.250411558405805, accuracy)",12435,1,0.0,0,inf
dpctgan,"LocalNeighbourhood(L_2, 0.250411558405805, accuracy)",12435,0,0.0,0,inf
dpctgan,"LocalNeighbourhood(L_2, 0.250411558405805, accuracy)",12435,1,0.0,0,inf
dpctgan,"LocalNeighbourhood(L_2, 0.250411558405805, accuracy)",12435,0,0.0,0,inf
dpctgan,"LocalNeighbourhood(L_2, 0.250411558405805, accuracy)",12435,1,0.0,0,inf
dpctgan,"LocalNeighbourhood(L_2, 0.250411558405805, accuracy)",12435,0,0.0,0,inf
dpctgan,"LocalNeighbourhood(L_2, 0.250411558405805, accuracy)",12435,1,0.0,0,inf
dpctgan,"LocalNeighbourhood(L_2, 0.250411558405805, accuracy)",12435,0,0.0,0,inf
dpctgan,"LocalNeighbourhood(L_2, 0.250411558405805, accuracy)",12435,1,0.0,0,inf
dpctgan,"LocalNeighbourhood(L_2, 0.250411558405805, accuracy)",12435,0,0.0,0,inf
dpctgan,"LocalNeighbourhood(L_2, 0.250411558405805, accuracy)",12435,1,0.0,0,inf
dpctgan,"LocalNeighbourhood(L_2, 0.250411558405805, accuracy)",12435,0,0.0,0,inf
dpctgan,"LocalNeighbourhood(L_2, 0.250411558405805, accuracy)",12435,1,0.0,0,inf
dpctgan,"LocalNeighbourhood(L_2, 0.250411558405805, accuracy)",12435,0,0.0,0,inf
dpctgan,"LocalNeighbourhood(L_2, 0.250411558405805, accuracy)",12435,1,0.0,0,inf
dpctgan,"LocalNeighbourhood(L_2, 0.250411558405805, accuracy)",12435,0,0.0,0,inf
dpctgan,"LocalNeighbourhood(L_2, 0.250411558405805, accuracy)",12435,1,0.0,0,inf
dpctgan,"LocalNeighbourhood(L_2, 0.250411558405805, accuracy)",12435,0,0.0,0,inf
dpctgan,"LocalNeighbourhood(L_2, 0.250411558405805, accuracy)",12435,1,0.0,0,inf
dpctgan,"LocalNeighbourhood(L_2, 0.250411558405805, accuracy)",12435,0,0.0,0,inf
dpctgan,"LocalNeighbourhood(L_2, 0.250411558405805, accuracy)",12435,1,0.0,0,inf
dpctgan,"LocalNeighbourhood(L_2, 0.250411558405805, accuracy)",12435,0,0.0,0,inf
dpctgan,"LocalNeighbourhood(L_2, 0.250411558405805, accuracy)",12435,1,0.0,0,inf
dpctgan,"LocalNeighbourhood(L_2, 0.250411558405805, accuracy)",12435,0,0.0,0,inf
dpctgan,"LocalNeighbourhood(L_2, 0.250411558405805, accuracy)",12435,1,0.0,0,inf
dpctgan,"LocalNeighbourhood(L_2, 0.250411558405805, accuracy)",12435,0,0.0,0,inf
dpctgan,"LocalNeighbourhood(L_2, 0.250411558405805, accuracy)",12435,1,0.0,0,inf
dpctgan,"LocalNeighbourhood(L_2, 0.250411558405805, accuracy)",12435,0,0.0,0,inf
dpctgan,"LocalNeighbourhood(L_2, 0.250411558405805, accuracy)",12435,1,0.0,0,inf
dpctgan,"LocalNeighbourhood(L_2, 0.250411558405805, accuracy)",12435,0,0.0,0,inf
dpctgan,"LocalNeighbourhood(L_2, 0.250411558405805, accuracy)",12435,1,0.0,0,inf
dpctgan,"LocalNeighbourhood(L_2, 0.250411558405805, accuracy)",12435,0,0.0,0,inf
dpctgan,"LocalNeighbourhood(L_2, 0.250411558405805, accuracy)",12435,1,0.0,0,inf
dpctgan,"LocalNeighbourhood(L_2, 0.250411558405805, accuracy)",12435,0,0.0,0,inf
dpctgan,"LocalNeighbourhood(L_2, 0.250411558405805, accuracy)",12435,1,0.0,0,inf
dpctgan,"LocalNeighbourhood(L_2, 0.250411558405805, accuracy)",12435,0,0.0,0,inf
dpctgan,"LocalNeighbourhood(L_2, 0.250411558405805, accuracy)",12435,1,0.0,0,inf
dpctgan,"LocalNeighbourhood(L_2, 0.250411558405805, accuracy)",12435,0,0.0,0,inf
dpctgan,"LocalNeighbourhood(L_2, 0.250411558405805, accuracy)",12435,1,0.0,0,inf
dpctgan,"LocalNeighbourhood(L_2, 0.250411558405805, accuracy)",12435,0,0.0,0,inf
dpctgan,"LocalNeighbourhood(L_2, 0.250411558405805, accuracy)",12435,1,0.0,0,inf
dpctgan,"LocalNeighbourhood(L_2, 0.250411558405805, accuracy)",12435,0,0.0,0,inf
dpctgan,"LocalNeighbourhood(L_2, 0.250411558405805, accuracy)",12435,1,0.0,0,inf
dpctgan,"LocalNeighbourhood(L_2, 0.250411558405805, accuracy)",12435,0,0.0,0,inf
dpctgan,"LocalNeighbourhood(L_2, 0.250411558405805, accuracy)",12435,1,0.0,0,inf
dpctgan,"LocalNeighbourhood(L_2, 0.250411558405805, accuracy)",12435,0,0.0,0,inf
dpctgan,"LocalNeighbourhood(L_2, 0.250411558405805, accuracy)",12435,1,0.0,0,inf
dpctgan,"LocalNeighbourhood(L_2, 0.250411558405805, accuracy)",12435,0,0.0,0,inf
dpctgan,"LocalNeighbourhood(L_2, 0.250411558405805, accuracy)",12435,1,0.0,0,inf
dpctgan,"LocalNeighbourhood(L_2, 0.250411558405805, accuracy)",12435,0,0.0,0,inf
dpctgan,"LocalNeighbourhood(L_2, 0.250411558405805, accuracy)",12435,1,0.0,0,inf
dpctgan,"LocalNeighbourhood(L_2, 0.250411558405805, accuracy)",12435,0,0.0,0,inf
dpctgan,"LocalNeighbourhood(L_2, 0.250411558405805, accuracy)",12435,1,0.0,0,inf
dpctgan,"LocalNeighbourhood(L_2, 0.250411558405805, accuracy)",12435,0,0.0,0,inf
dpctgan,"LocalNeighbourhood(L_2, 0.250411558405805, accuracy)",12435,1,0.0,0,inf
dpctgan,"LocalNeighbourhood(L_2, 0.250411558405805, accuracy)",12435,0,0.0,0,inf
dpctgan,"LocalNeighbourhood(L_2, 0.250411558405805, accuracy)",12435,1,0.0,0,inf
dpctgan,"LocalNeighbourhood(L_2, 0.250411558405805, accuracy)",12435,0,0.0,0,inf
dpctgan,"LocalNeighbourhood(L_2, 0.250411558405805, accuracy)",12435,1,0.0,0,inf
dpctgan,"LocalNeighbourhood(L_2, 0.250411558405805, accuracy)",12435,0,0.0,0,inf
dpctgan,"LocalNeighbourhood(L_2, 0.250411558405805, accuracy)",12435,1,0.0,0,inf
dpctgan,"LocalNeighbourhood(L_2, 0.250411558405805, accuracy)",12435,0,0.0,0,inf
dpctgan,"LocalNeighbourhood(L_2, 0.250411558405805, accuracy)",12435,1,0.0,0,inf
dpctgan,"LocalNeighbourhood(L_2, 0.250411558405805, accuracy)",12435,0,0.0,0,inf
dpctgan,"LocalNeighbourhood(L_2, 0.250411558405805, accuracy)",12435,1,0.0,0,inf
dpctgan,"LocalNeighbourhood(L_2, 0.250411558405805, accuracy)",12435,0,0.0,0,inf
dpctgan,"LocalNeighbourhood(L_2, 0.250411558405805, accuracy)",12435,1,0.0,0,inf
dpctgan,"LocalNeighbourhood(L_2, 0.250411558405805, accuracy)",12435,0,0.0,0,inf
dpctgan,"LocalNeighbourhood(L_2, 0.250411558405805, accuracy)",12435,1,0.0,0,inf
dpctgan,"LocalNeighbourhood(L_2, 0.250411558405805, accuracy)",12435,0,0.0,0,inf
dpctgan,"LocalNeighbourhood(L_2, 0.250411558405805, accuracy)",12435,1,0.0,0,inf
dpctgan,"LocalNeighbourhood(L_2, 0.250411558405805, accuracy)",12435,0,0.0,0,inf
dpctgan,"LocalNeighbourhood(L_2, 0.250411558405805, accuracy)",12435,1,0.0,0,inf
dpctgan,"LocalNeighbourhood(L_2, 0.250411558405805, accuracy)",12435,0,0.0,0,inf
dpctgan,"LocalNeighbourhood(L_2, 0.250411558405805, accuracy)",12435,1,0.0,0,inf
dpctgan,"LocalNeighbourhood(L_2, 0.250411558405805, accuracy)",12435,0,0.0,0,inf
dpctgan,"LocalNeighbourhood(L_2, 0.250411558405805, accuracy)",12435,1,0.0,0,inf
dpctgan,"LocalNeighbourhood(L_2, 0.250411558405805, accuracy)",12435,0,0.0,0,inf
dpctgan,"LocalNeighbourhood(L_2, 0.250411558405805, accuracy)",12435,1,0.0,0,inf
dpctgan,"LocalNeighbourhood(L_2, 0.250411558405805, accuracy)",12435,0,0.0,0,inf
dpctgan,"LocalNeighbourhood(L_2, 0.250411558405805, accuracy)",12435,1,0.0,0,inf
dpctgan,"LocalNeighbourhood(L_2, 0.250411558405805, accuracy)",12435,0,0.0,0,inf
dpctgan,"LocalNeighbourhood(L_2, 0.250411558405805, accuracy)",12435,1,0.0,0,inf
dpctgan,"LocalNeighbourhood(L_2, 0.250411558405805, accuracy)",12435,0,0.0,0,inf
dpctgan,"LocalNeighbourhood(L_2, 0.250411558405805, accuracy)",12435,1,0.0,0,inf
dpctgan,"LocalNeighbourhood(L_2, 0.250411558405805, accuracy)",12435,0,0.0,0,inf
dpctgan,"LocalNeighbourhood(L_2, 0.250411558405805, accuracy)",12435,1,0.0,0,inf
dpctgan,"LocalNeighbourhood(L_2, 0.250411558405805, accuracy)",12435,0,0.0,0,inf
dpctgan,"LocalNeighbourhood(L_2, 0.250411558405805, accuracy)",12435,1,0.0,0,inf
dpctgan,"LocalNeighbourhood(L_2, 0.250411558405805, accuracy)",12435,0,0.0,0,inf
dpctgan,"LocalNeighbourhood(L_2, 0.250411558405805, accuracy)",12435,1,0.0,0,inf
dpctgan,"LocalNeighbourhood(L_2, 0.250411558405805, accuracy)",12435,0,0.0,0,inf
dpctgan,"LocalNeighbourhood(L_2, 0.250411558405805, accuracy)",12435,1,0.0,0,inf
dpctgan,"LocalNeighbourhood(L_2, 0.250411558405805, accuracy)",12435,0,0.0,0,inf
dpctgan,"LocalNeighbourhood(L_2, 0.250411558405805, accuracy)",12435,1,0.0,0,inf
dpctgan,"LocalNeighbourhood(L_2, 0.250411558405805, accuracy)",12435,0,0.0,0,inf
dpctgan,"LocalNeighbourhood(L_2, 0.250411558405805, accuracy)",12435,1,0.0,0,inf
dpctgan,"LocalNeighbourhood(L_2, 0.250411558405805, accuracy)",12435,0,0.0,0,inf
dpctgan,"LocalNeighbourhood(L_2, 0.250411558405805, accuracy)",12435,1,0.0,0,inf
dpctgan,"LocalNeighbourhood(L_2, 0.250411558405805, accuracy)",12435,0,0.0,0,inf
dpctgan,"LocalNeighbourhood(L_2, 0.250411558405805, accuracy)",12435,1,0.0,0,inf
dpctgan,"LocalNeighbourhood(L_2, 0.250411558405805, accuracy)",12435,0,0.0,0,inf
dpctgan,"LocalNeighbourhood(L_2, 0.250411558405805, accuracy)",12435,1,0.0,0,inf
dpctgan,"LocalNeighbourhood(L_2, 0.250411558405805, accuracy)",12435,0,0.0,0,inf
dpctgan,"LocalNeighbourhood(L_2, 0.250411558405805, accuracy)",12435,1,0.0,0,inf
dpctgan,"LocalNeighbourhood(L_2, 0.250411558405805, accuracy)",12435,0,0.0,0,inf
dpctgan,"LocalNeighbourhood(L_2, 0.250411558405805, accuracy)",12435,1,0.0,0,inf
dpctgan,"LocalNeighbourhood(L_2, 0.250411558405805, accuracy)",12435,0,0.0,0,inf
dpctgan,"LocalNeighbourhood(L_2, 0.250411558405805, accuracy)",12435,1,0.0,0,inf
dpctgan,"LocalNeighbourhood(L_2, 0.250411558405805, accuracy)",12435,0,0.0,0,inf
dpctgan,"LocalNeighbourhood(L_2, 0.250411558405805, accuracy)",12435,1,0.0,0,inf
dpctgan,"LocalNeighbourhood(L_2, 0.250411558405805, accuracy)",12435,0,0.0,0,inf
dpctgan,"LocalNeighbourhood(L_2, 0.250411558405805, accuracy)",12435,1,0.0,0,inf
dpctgan,"LocalNeighbourhood(L_2, 0.250411558405805, accuracy)",12435,0,0.0,0,inf
dpctgan,"LocalNeighbourhood(L_2, 0.250411558405805, accuracy)",12435,1,0.0,0,inf
dpctgan,"LocalNeighbourhood(L_2, 0.250411558405805, accuracy)",12435,0,0.0,0,inf
dpctgan,"LocalNeighbourhood(L_2, 0.250411558405805, accuracy)",12435,1,0.0,0,inf
dpctgan,"LocalNeighbourhood(L_2, 0.250411558405805, accuracy)",12435,0,0.0,0,inf
dpctgan,"LocalNeighbourhood(L_2, 0.250411558405805, accuracy)",12435,1,0.0,0,inf
dpctgan,"LocalNeighbourhood(L_2, 0.250411558405805, accuracy)",12435,0,0.0,0,inf
dpctgan,"LocalNeighbourhood(L_2, 0.250411558405805, accuracy)",12435,1,0.0,0,inf
dpctgan,"LocalNeighbourhood(L_2, 0.250411558405805, accuracy)",12435,0,0.0,0,inf
dpctgan,"LocalNeighbourhood(L_2, 0.250411558405805, accuracy)",12435,1,0.0,0,inf
dpctgan,"LocalNeighbourhood(L_2, 0.250411558405805, accuracy)",12435,0,0.0,0,inf
dpctgan,"LocalNeighbourhood(L_2, 0.250411558405805, accuracy)",12435,1,0.0,0,inf
dpctgan,"LocalNeighbourhood(L_2, 0.250411558405805, accuracy)",12435,0,0.0,0,inf
dpctgan,"LocalNeighbourhood(L_2, 0.250411558405805, accuracy)",12435,1,0.0,0,inf
dpctgan,"LocalNeighbourhood(L_2, 0.250411558405805, accuracy)",12435,0,0.0,0,inf
dpctgan,"LocalNeighbourhood(L_2, 0.250411558405805, accuracy)",12435,1,0.0,0,inf
dpctgan,"LocalNeighbourhood(L_2, 0.250411558405805, accuracy)",12435,0,0.0,0,inf
dpctgan,"LocalNeighbourhood(L_2, 0.250411558405805, accuracy)",12435,1,0.0,0,inf
dpctgan,"LocalNeighbourhood(L_2, 0.250411558405805, accuracy)",12435,0,0.0,0,inf
dpctgan,"LocalNeighbourhood(L_2, 0.250411558405805, accuracy)",12435,1,0.0,0,inf
dpctgan,"LocalNeighbourhood(L_2, 0.250411558405805, accuracy)",12435,0,0.0,0,inf
dpctgan,"LocalNeighbourhood(L_2, 0.250411558405805, accuracy)",12435,1,0.0,0,inf
dpctgan,"LocalNeighbourhood(L_2, 0.250411558405805, accuracy)",12435,0,0.0,0,inf
dpctgan,"LocalNeighbourhood(L_2, 0.250411558405805, accuracy)",12435,1,0.0,0,inf
dpctgan,"LocalNeighbourhood(L_2, 0.250411558405805, accuracy)",12435,0,0.0,0,inf
dpctgan,"LocalNeighbourhood(L_2, 0.250411558405805, accuracy)",12435,1,0.0,0,inf
dpctgan,"LocalNeighbourhood(L_2, 0.250411558405805, accuracy)",12435,0,0.0,0,inf
dpctgan,"LocalNeighbourhood(L_2, 0.250411558405805, accuracy)",12435,1,0.0,0,inf
dpctgan,"LocalNeighbourhood(L_2, 0.250411558405805, accuracy)",12435,0,0.0,0,inf
dpctgan,"LocalNeighbourhood(L_2, 0.250411558405805, accuracy)",12435,1,0.0,0,inf
dpctgan,"LocalNeighbourhood(L_2, 0.250411558405805, accuracy)",12435,0,0.0,0,inf
dpctgan,"LocalNeighbourhood(L_2, 0.250411558405805, accuracy)",12435,1,0.0,0,inf
dpctgan,"LocalNeighbourhood(L_2, 0.250411558405805, accuracy)",12435,0,0.0,0,inf
dpctgan,"LocalNeighbourhood(L_2, 0.250411558405805, accuracy)",12435,1,0.0,0,inf
dpctgan,"LocalNeighbourhood(L_2, 0.250411558405805, accuracy)",12435,0,0.0,0,inf
dpctgan,"LocalNeighbourhood(L_2, 0.250411558405805, accuracy)",12435,1,0.0,0,inf
dpctgan,"LocalNeighbourhood(L_2, 0.250411558405805, accuracy)",12435,0,0.0,0,inf
dpctgan,"LocalNeighbourhood(L_2, 0.250411558405805, accuracy)",12435,1,0.0,0,inf
dpctgan,"LocalNeighbourhood(L_2, 0.250411558405805, accuracy)",12435,0,0.0,0,inf
dpctgan,"LocalNeighbourhood(L_2, 0.250411558405805, accuracy)",12435,1,0.0,0,inf
dpctgan,"LocalNeighbourhood(L_2, 0.250411558405805, accuracy)",12435,0,0.0,0,inf
dpctgan,"LocalNeighbourhood(L_2, 0.250411558405805, accuracy)",12435,1,0.0,0,inf
dpctgan,"LocalNeighbourhood(L_2, 0.250411558405805, accuracy)",12435,0,0.0,0,inf
dpctgan,"LocalNeighbourhood(L_2, 0.250411558405805, accuracy)",12435,1,0.0,0,inf
dpctgan,"LocalNeighbourhood(L_2, 0.250411558405805, accuracy)",12435,0,0.0,0,inf
dpctgan,"LocalNeighbourhood(L_2, 0.250411558405805, accuracy)",12435,1,0.0,0,inf
dpctgan,"LocalNeighbourhood(L_2, 0.250411558405805, accuracy)",12435,0,0.0,0,inf
dpctgan,"LocalNeighbourhood(L_2, 0.250411558405805, accuracy)",12435,1,0.0,0,inf
dpctgan,"LocalNeighbourhood(L_2, 0.250411558405805, accuracy)",12435,0,0.0,0,inf
dpctgan,"LocalNeighbourhood(L_2, 0.250411558405805, accuracy)",12435,1,0.0,0,inf
dpctgan,"LocalNeighbourhood(L_2, 0.250411558405805, accuracy)",12435,0,0.0,0,inf
dpctgan,"LocalNeighbourhood(L_2, 0.250411558405805, accuracy)",12435,1,0.0,0,inf
dpctgan,"LocalNeighbourhood(L_2, 0.250411558405805, accuracy)",12435,0,0.0,0,inf
dpctgan,"LocalNeighbourhood(L_2, 0.250411558405805, accuracy)",12435,1,0.0,0,inf
dpctgan,"LocalNeighbourhood(L_2, 0.250411558405805, accuracy)",12435,0,0.0,0,inf
dpctgan,"LocalNeighbourhood(L_2, 0.250411558405805, accuracy)",12435,1,0.0,0,inf
dpctgan,"LocalNeighbourhood(L_2, 0.250411558405805, accuracy)",12435,0,0.0,0,inf
dpctgan,"LocalNeighbourhood(L_2, 0.250411558405805, accuracy)",12435,1,0.0,0,inf
dpctgan,"LocalNeighbourhood(L_2, 0.250411558405805, accuracy)",12435,0,0.0,0,inf
dpctgan,"LocalNeighbourhood(L_2, 0.250411558405805, accuracy)",12435,1,0.0,0,inf
dpctgan,"LocalNeighbourhood(L_2, 0.250411558405805, accuracy)",12435,0,0.0,0,inf
dpctgan,"LocalNeighbourhood(L_2, 0.250411558405805, accuracy)",12435,1,0.0,0,inf
dpctgan,"LocalNeighbourhood(L_2, 0.250411558405805, accuracy)",12435,0,0.0,0,inf
dpctgan,"LocalNeighbourhood(L_2, 0.250411558405805, accuracy)",12435,1,0.0,0,inf
dpctgan,"LocalNeighbourhood(L_2, 0.250411558405805, accuracy)",12435,0,0.0,0,inf
dpctgan,"LocalNeighbourhood(L_2, 0.250411558405805, accuracy)",12435,1,0.0,0,inf
dpctgan,"LocalNeighbourhood(L_2, 0.250411558405805, accuracy)",12435,0,0.0,0,inf
dpctgan,"LocalNeighbourhood(L_2, 0.250411558405805, accuracy)",12435,1,0.0,0,inf
dpctgan,"LocalNeighbourhood(L_2, 0.250411558405805, accuracy)",12435,0,0.0,0,inf
dpctgan,"LocalNeighbourhood(L_2, 0.250411558405805, accuracy)",12435,1,0.0,0,inf
dpctgan,"LocalNeighbourhood(L_2, 0.250411558405805, accuracy)",12435,0,0.0,0,inf
dpctgan,"LocalNeighbourhood(L_2, 0.250411558405805, accuracy)",12435,1,0.0,0,inf
dpctgan,"LocalNeighbourhood(L_2, 0.250411558405805, accuracy)",12435,0,0.0,0,inf
dpctgan,"LocalNeighbourhood(L_2, 0.250411558405805, accuracy)",12435,1,0.0,0,inf
dpctgan,"LocalNeighbourhood(L_2, 0.250411558405805, accuracy)",12435,0,0.0,0,inf
dpctgan,"LocalNeighbourhood(L_2, 0.250411558405805, accuracy)",12435,1,0.0,0,inf
dpctgan,"LocalNeighbourhood(L_2, 0.250411558405805, accuracy)",12435,0,0.0,0,inf
dpctgan,"LocalNeighbourhood(L_2, 0.250411558405805, accuracy)",12435,1,0.0,0,inf
dpctgan,"LocalNeighbourhood(L_2, 0.250411558405805, accuracy)",12435,0,0.0,0,inf
dpctgan,"LocalNeighbourhood(L_2, 0.250411558405805, accuracy)",12435,1,0.0,0,inf
dpctgan,"LocalNeighbourhood(L_2, 0.250411558405805, accuracy)",12435,0,0.0,0,inf
dpctgan,"LocalNeighbourhood(L_2, 0.250411558405805, accuracy)",12435,1,0.0,0,inf
dpctgan,"LocalNeighbourhood(L_2, 0.250411558405805, accuracy)",12435,0,0.0,0,inf
dpctgan,"LocalNeighbourhood(L_2, 0.250411558405805, accuracy)",12435,1,0.0,0,inf
dpctgan,"LocalNeighbourhood(L_2, 0.250411558405805, accuracy)",12435,0,0.0,0,inf
dpctgan,"LocalNeighbourhood(L_2, 0.250411558405805, accuracy)",12435,1,0.0,0,inf
dpctgan,"LocalNeighbourhood(L_2, 0.250411558405805, accuracy)",12435,0,0.0,0,inf
dpctgan,"LocalNeighbourhood(L_2, 0.250411558405805, accuracy)",12435,1,0.0,0,inf
dpctgan,"LocalNeighbourhood(L_2, 0.250411558405805, accuracy)",12435,0,0.0,0,inf
dpctgan,"LocalNeighbourhood(L_2, 0.250411558405805, accuracy)",12435,1,0.0,0,inf
dpctgan,"LocalNeighbourhood(L_2, 0.250411558405805, accuracy)",12435,0,0.0,0,inf
dpctgan,"LocalNeighbourhood(L_2, 0.250411558405805, accuracy)",12435,1,0.0,0,inf
dpctgan,"LocalNeighbourhood(L_2, 0.250411558405805, accuracy)",12435,0,0.0,0,inf
dpctgan,"LocalNeighbourhood(L_2, 0.250411558405805, accuracy)",12435,1,0.0,0,inf
dpctgan,"LocalNeighbourhood(L_2, 0.250411558405805, accuracy)",12435,0,0.0,0,inf
dpctgan,"LocalNeighbourhood(L_2, 0.250411558405805, accuracy)",12435,1,0.0,0,inf
dpctgan,"LocalNeighbourhood(L_2, 0.250411558405805, accuracy)",12435,0,0.0,0,inf
dpctgan,"LocalNeighbourhood(L_2, 0.250411558405805, accuracy)",12435,1,0.0,0,inf
dpctgan,"LocalNeighbourhood(L_2, 0.250411558405805, accuracy)",12435,0,0.0,0,inf
dpctgan,"LocalNeighbourhood(L_2, 0.250411558405805, accuracy)",12435,1,0.0,0,inf
dpctgan,"LocalNeighbourhood(L_2, 0.250411558405805, accuracy)",12435,0,0.0,0,inf
dpctgan,"LocalNeighbourhood(L_2, 0.250411558405805, accuracy)",12435,1,0.0,0,inf
dpctgan,"LocalNeighbourhood(L_2, 0.250411558405805, accuracy)",12435,0,0.0,0,inf
dpctgan,"LocalNeighbourhood(L_2, 0.250411558405805, accuracy)",12435,1,0.0,0,inf
dpctgan,"LocalNeighbourhood(L_2, 0.250411558405805, accuracy)",12435,0,0.0,0,inf
dpctgan,"LocalNeighbourhood(L_2, 0.250411558405805, accuracy)",12435,1,0.0,0,inf
dpctgan,"LocalNeighbourhood(L_2, 0.250411558405805, accuracy)",12435,0,0.0,0,inf
dpctgan,"LocalNeighbourhood(L_2, 0.250411558405805, accuracy)",12435,1,0.0,0,inf
dpctgan,"LocalNeighbourhood(L_2, 0.250411558405805, accuracy)",12435,0,0.0,0,inf
dpctgan,"LocalNeighbourhood(L_2, 0.250411558405805, accuracy)",12435,1,0.0,0,inf
dpctgan,"LocalNeighbourhood(L_2, 0.250411558405805, accuracy)",12435,0,0.0,0,inf
dpctgan,"LocalNeighbourhood(L_2, 0.250411558405805, accuracy)",12435,1,0.0,0,inf
dpctgan,"LocalNeighbourhood(L_2, 0.250411558405805, accuracy)",12435,0,0.0,0,inf
dpctgan,"LocalNeighbourhood(L_2, 0.250411558405805, accuracy)",12435,1,0.0,0,inf
dpctgan,"LocalNeighbourhood(L_2, 0.250411558405805, accuracy)",12435,0,0.0,0,inf
dpctgan,"LocalNeighbourhood(L_2, 0.250411558405805, accuracy)",12435,1,0.0,0,inf
dpctgan,"LocalNeighbourhood(L_2, 0.250411558405805, accuracy)",12435,0,0.0,0,inf
dpctgan,"LocalNeighbourhood(L_2, 0.250411558405805, accuracy)",12435,1,0.0,0,inf
dpctgan,"LocalNeighbourhood(L_2, 0.250411558405805, accuracy)",12435,0,0.0,0,inf
dpctgan,"LocalNeighbourhood(L_2, 0.250411558405805, accuracy)",12435,1,0.0,0,inf
dpctgan,"LocalNeighbourhood(L_2, 0.250411558405805, accuracy)",12435,0,0.0,0,inf
dpctgan,"LocalNeighbourhood(L_2, 0.250411558405805, accuracy)",12435,1,0.0,0,inf
dpctgan,"LocalNeighbourhood(L_2, 0.250411558405805, accuracy)",12435,0,0.0,0,inf
dpctgan,"LocalNeighbourhood(L_2, 0.250411558405805, accuracy)",12435,1,0.0,0,inf
dpctgan,"LocalNeighbourhood(L_2, 0.250411558405805, accuracy)",12435,0,0.0,0,inf
dpctgan,"LocalNeighbourhood(L_2, 0.250411558405805, accuracy)",12435,1,0.0,0,inf
dpctgan,"LocalNeighbourhood(L_2, 0.250411558405805, accuracy)",12435,0,0.0,0,inf
dpctgan,"LocalNeighbourhood(L_2, 0.250411558405805, accuracy)",12435,1,0.0,0,inf
dpctgan,"LocalNeighbourhood(L_2, 0.250411558405805, accuracy)",12435,0,0.0,0,inf
dpctgan,"LocalNeighbourhood(L_2, 0.250411558405805, accuracy)",12435,1,0.0,0,inf
dpctgan,"LocalNeighbourhood(L_2, 0.250411558405805, accuracy)",12435,0,0.0,0,inf
dpctgan,"LocalNeighbourhood(L_2, 0.250411558405805, accuracy)",12435,1,0.0,0,inf
dpctgan,"LocalNeighbourhood(L_2, 0.250411558405805, accuracy)",12435,0,0.0,0,inf
dpctgan,"LocalNeighbourhood(L_2, 0.250411558405805, accuracy)",12435,1,0.0,0,inf
dpctgan,"LocalNeighbourhood(L_2, 0.250411558405805, accuracy)",12435,0,0.0,0,inf
dpctgan,"LocalNeighbourhood(L_2, 0.250411558405805, accuracy)",12435,1,0.0,0,inf
dpctgan,"LocalNeighbourhood(L_2, 0.250411558405805, accuracy)",12435,0,0.0,0,inf
dpctgan,"LocalNeighbourhood(L_2, 0.250411558405805, accuracy)",12435,1,0.0,0,inf
dpctgan,"LocalNeighbourhood(L_2, 0.250411558405805, accuracy)",12435,0,0.0,0,inf
dpctgan,"LocalNeighbourhood(L_2, 0.250411558405805, accuracy)",12435,1,0.0,0,inf
dpctgan,"LocalNeighbourhood(L_2, 0.250411558405805, accuracy)",12435,0,0.0,0,inf
dpctgan,"LocalNeighbourhood(L_2, 0.250411558405805, accuracy)",12435,1,0.0,0,inf
dpctgan,"LocalNeighbourhood(L_2, 0.250411558405805, accuracy)",12435,0,0.0,0,inf
dpctgan,"LocalNeighbourhood(L_2, 0.250411558405805, accuracy)",12435,1,0.0,0,inf
dpctgan,"LocalNeighbourhood(L_2, 0.250411558405805, accuracy)",12435,0,0.0,0,inf
dpctgan,"LocalNeighbourhood(L_2, 0.250411558405805, accuracy)",12435,1,0.0,0,inf
dpctgan,"LocalNeighbourhood(L_2, 0.250411558405805, accuracy)",12435,0,0.0,0,inf
dpctgan,"LocalNeighbourhood(L_2, 0.250411558405805, accuracy)",12435,1,0.0,0,inf
dpctgan,"LocalNeighbourhood(L_2, 0.250411558405805, accuracy)",12435,0,0.0,0,inf
dpctgan,"LocalNeighbourhood(L_2, 0.250411558405805, accuracy)",12435,1,0.0,0,inf
dpctgan,"LocalNeighbourhood(L_2, 0.250411558405805, accuracy)",12435,0,0.0,0,inf
dpctgan,"LocalNeighbourhood(L_2, 0.250411558405805, accuracy)",12435,1,0.0,0,inf
dpctgan,"LocalNeighbourhood(L_2, 0.250411558405805, accuracy)",12435,0,0.0,0,inf
dpctgan,"LocalNeighbourhood(L_2, 0.250411558405805, accuracy)",12435,1,0.0,0,inf
dpctgan,"LocalNeighbourhood(L_2, 0.250411558405805, accuracy)",12435,0,0.002,0,inf
dpctgan,"LocalNeighbourhood(L_2, 0.250411558405805, accuracy)",12435,1,0.0,0,inf
dpctgan,"LocalNeighbourhood(L_2, 0.250411558405805, accuracy)",12435,0,0.0,0,inf
dpctgan,"LocalNeighbourhood(L_2, 0.250411558405805, accuracy)",12435,1,0.0,0,inf
dpctgan,"LocalNeighbourhood(L_2, 0.250411558405805, accuracy)",12435,0,0.0,0,inf
dpctgan,"LocalNeighbourhood(L_2, 0.250411558405805, accuracy)",12435,1,0.0,0,inf
dpctgan,"LocalNeighbourhood(L_2, 0.250411558405805, accuracy)",12435,0,0.0,0,inf
dpctgan,"LocalNeighbourhood(L_2, 0.250411558405805, accuracy)",12435,1,0.0,0,inf
dpctgan,"LocalNeighbourhood(L_2, 0.250411558405805, accuracy)",12435,0,0.0,0,inf
dpctgan,"LocalNeighbourhood(L_2, 0.250411558405805, accuracy)",12435,1,0.0,0,inf
dpctgan,"LocalNeighbourhood(L_2, 0.250411558405805, accuracy)",12435,0,0.0,0,inf
dpctgan,"LocalNeighbourhood(L_2, 0.250411558405805, accuracy)",12435,1,0.0,0,inf
dpctgan,"LocalNeighbourhood(L_2, 0.250411558405805, accuracy)",12435,0,0.0,0,inf
dpctgan,"LocalNeighbourhood(L_2, 0.250411558405805, accuracy)",12435,1,0.002,0,inf
dpctgan,"LocalNeighbourhood(L_2, 0.250411558405805, accuracy)",12435,0,0.0,0,inf
dpctgan,"LocalNeighbourhood(L_2, 0.250411558405805, accuracy)",12435,1,0.0,0,inf
dpctgan,"LocalNeighbourhood(L_2, 0.250411558405805, accuracy)",12435,0,0.0,0,inf
dpctgan,"LocalNeighbourhood(L_2, 0.250411558405805, accuracy)",12435,1,0.0,0,inf
dpctgan,"LocalNeighbourhood(L_2, 0.250411558405805, accuracy)",12435,0,0.0,0,inf
dpctgan,"LocalNeighbourhood(L_2, 0.250411558405805, accuracy)",12435,1,0.0,0,inf
dpctgan,"LocalNeighbourhood(L_2, 0.250411558405805, accuracy)",12435,0,0.0,0,inf
dpctgan,"LocalNeighbourhood(L_2, 0.250411558405805, accuracy)",12435,1,0.0,0,inf
dpctgan,"LocalNeighbourhood(L_2, 0.250411558405805, accuracy)",12435,0,0.0,0,inf
dpctgan,"LocalNeighbourhood(L_2, 0.250411558405805, accuracy)",12435,1,0.0,0,inf
dpctgan,"LocalNeighbourhood(L_2, 0.250411558405805, accuracy)",12435,0,0.0,0,inf
dpctgan,"LocalNeighbourhood(L_2, 0.250411558405805, accuracy)",12435,1,0.0,0,inf
dpctgan,"LocalNeighbourhood(L_2, 0.250411558405805, accuracy)",12435,0,0.0,0,inf
dpctgan,"LocalNeighbourhood(L_2, 0.250411558405805, accuracy)",12435,1,0.0,0,inf
dpctgan,"LocalNeighbourhood(L_2, 0.250411558405805, accuracy)",12435,0,0.0,0,inf
dpctgan,"LocalNeighbourhood(L_2, 0.250411558405805, accuracy)",12435,1,0.0,0,inf
dpctgan,"LocalNeighbourhood(L_2, 0.250411558405805, accuracy)",12435,0,0.002,0,inf
dpctgan,"LocalNeighbourhood(L_2, 0.250411558405805, accuracy)",12435,1,0.0,0,inf
dpctgan,"LocalNeighbourhood(L_2, 0.250411558405805, accuracy)",12435,0,0.0,0,inf
dpctgan,"LocalNeighbourhood(L_2, 0.250411558405805, accuracy)",12435,1,0.0,0,inf
dpctgan,"LocalNeighbourhood(L_2, 0.250411558405805, accuracy)",12435,0,0.0,0,inf
dpctgan,"LocalNeighbourhood(L_2, 0.250411558405805, accuracy)",12435,1,0.0,0,inf
dpctgan,"LocalNeighbourhood(L_2, 0.250411558405805, accuracy)",12435,0,0.0,0,inf
dpctgan,"LocalNeighbourhood(L_2, 0.250411558405805, accuracy)",12435,1,0.0,0,inf
dpctgan,"LocalNeighbourhood(L_2, 0.250411558405805, accuracy)",12435,0,0.0,0,inf
dpctgan,"LocalNeighbourhood(L_2, 0.250411558405805, accuracy)",12435,1,0.0,0,inf
dpctgan,"LocalNeighbourhood(L_2, 0.250411558405805, accuracy)",12435,0,0.0,0,inf
dpctgan,"LocalNeighbourhood(L_2, 0.250411558405805, accuracy)",12435,1,0.0,0,inf
dpctgan,"LocalNeighbourhood(L_2, 0.250411558405805, accuracy)",12435,0,0.0,0,inf
dpctgan,"LocalNeighbourhood(L_2, 0.250411558405805, accuracy)",12435,1,0.0,0,inf
dpctgan,"LocalNeighbourhood(L_2, 0.250411558405805, accuracy)",12435,0,0.0,0,inf
dpctgan,"LocalNeighbourhood(L_2, 0.250411558405805, accuracy)",12435,1,0.0,0,inf
dpctgan,"LocalNeighbourhood(L_2, 0.250411558405805, accuracy)",12435,0,0.0,0,inf
dpctgan,"LocalNeighbourhood(L_2, 0.250411558405805, accuracy)",12435,1,0.0,0,inf
dpctgan,"LocalNeighbourhood(L_2, 0.250411558405805, accuracy)",12435,0,0.0,0,inf
dpctgan,"LocalNeighbourhood(L_2, 0.250411558405805, accuracy)",12435,1,0.0,0,inf
dpctgan,"LocalNeighbourhood(L_2, 0.250411558405805, accuracy)",12435,0,0.0,0,inf
dpctgan,"LocalNeighbourhood(L_2, 0.250411558405805, accuracy)",12435,1,0.0,0,inf
dpctgan,"LocalNeighbourhood(L_2, 0.250411558405805, accuracy)",12435,0,0.0,0,inf
dpctgan,"LocalNeighbourhood(L_2, 0.250411558405805, accuracy)",12435,1,0.0,0,inf
dpctgan,"LocalNeighbourhood(L_2, 0.250411558405805, accuracy)",12435,0,0.0,0,inf
dpctgan,"LocalNeighbourhood(L_2, 0.250411558405805, accuracy)",12435,1,0.0,0,inf
dpctgan,"LocalNeighbourhood(L_2, 0.250411558405805, accuracy)",12435,0,0.0,0,inf
dpctgan,"LocalNeighbourhood(L_2, 0.250411558405805, accuracy)",12435,1,0.0,0,inf
dpctgan,"LocalNeighbourhood(L_2, 0.250411558405805, accuracy)",12435,0,0.0,0,inf
dpctgan,"LocalNeighbourhood(L_2, 0.250411558405805, accuracy)",12435,1,0.0,0,inf
dpctgan,"LocalNeighbourhood(L_2, 0.250411558405805, accuracy)",12435,0,0.0,0,inf
dpctgan,"LocalNeighbourhood(L_2, 0.250411558405805, accuracy)",12435,1,0.0,0,inf
dpctgan,"LocalNeighbourhood(L_2, 0.250411558405805, accuracy)",12435,0,0.0,0,inf
dpctgan,"LocalNeighbourhood(L_2, 0.250411558405805, accuracy)",12435,1,0.0,0,inf
dpctgan,"LocalNeighbourhood(L_2, 0.250411558405805, accuracy)",12435,0,0.0,0,inf
dpctgan,"LocalNeighbourhood(L_2, 0.250411558405805, accuracy)",12435,1,0.0,0,inf
dpctgan,"LocalNeighbourhood(L_2, 0.250411558405805, accuracy)",12435,0,0.0,0,inf
dpctgan,"LocalNeighbourhood(L_2, 0.250411558405805, accuracy)",12435,1,0.0,0,inf
dpctgan,"LocalNeighbourhood(L_2, 0.250411558405805, accuracy)",12435,0,0.0,0,inf
dpctgan,"LocalNeighbourhood(L_2, 0.250411558405805, accuracy)",12435,1,0.0,0,inf
dpctgan,"LocalNeighbourhood(L_2, 0.250411558405805, accuracy)",12435,0,0.0,0,inf
dpctgan,"LocalNeighbourhood(L_2, 0.250411558405805, accuracy)",12435,1,0.0,0,inf
dpctgan,"LocalNeighbourhood(L_2, 0.250411558405805, accuracy)",12435,0,0.0,0,inf
dpctgan,"LocalNeighbourhood(L_2, 0.250411558405805, accuracy)",12435,1,0.0,0,inf
dpctgan,"LocalNeighbourhood(L_2, 0.250411558405805, accuracy)",12435,0,0.0,0,inf
dpctgan,"LocalNeighbourhood(L_2, 0.250411558405805, accuracy)",12435,1,0.0,0,inf
dpctgan,"LocalNeighbourhood(L_2, 0.250411558405805, accuracy)",12435,0,0.0,0,inf
dpctgan,"LocalNeighbourhood(L_2, 0.250411558405805, accuracy)",12435,1,0.0,0,inf
dpctgan,"LocalNeighbourhood(L_2, 0.250411558405805, accuracy)",12435,0,0.0,0,inf
dpctgan,"LocalNeighbourhood(L_2, 0.250411558405805, accuracy)",12435,1,0.0,0,inf
dpctgan,"LocalNeighbourhood(L_2, 0.250411558405805, accuracy)",12435,0,0.0,0,inf
dpctgan,"LocalNeighbourhood(L_2, 0.250411558405805, accuracy)",12435,1,0.0,0,inf
dpctgan,"LocalNeighbourhood(L_2, 0.250411558405805, accuracy)",12435,0,0.0,0,inf
dpctgan,"LocalNeighbourhood(L_2, 0.250411558405805, accuracy)",12435,1,0.0,0,inf
dpctgan,"LocalNeighbourhood(L_2, 0.250411558405805, accuracy)",12435,0,0.0,0,inf
dpctgan,"LocalNeighbourhood(L_2, 0.250411558405805, accuracy)",12435,1,0.0,0,inf
dpctgan,"LocalNeighbourhood(L_2, 0.250411558405805, accuracy)",12435,0,0.0,0,inf
dpctgan,"LocalNeighbourhood(L_2, 0.250411558405805, accuracy)",12435,1,0.0,0,inf
dpctgan,"LocalNeighbourhood(L_2, 0.250411558405805, accuracy)",12435,0,0.0,0,inf
dpctgan,"LocalNeighbourhood(L_2, 0.250411558405805, accuracy)",12435,1,0.0,0,inf
dpctgan,"LocalNeighbourhood(L_2, 0.250411558405805, accuracy)",12435,0,0.0,0,inf
dpctgan,"LocalNeighbourhood(L_2, 0.250411558405805, accuracy)",12435,1,0.0,0,inf
dpctgan,"LocalNeighbourhood(L_2, 0.250411558405805, accuracy)",12435,0,0.0,0,inf
dpctgan,"LocalNeighbourhood(L_2, 0.250411558405805, accuracy)",12435,1,0.0,0,inf
dpctgan,"LocalNeighbourhood(L_2, 0.250411558405805, accuracy)",12435,0,0.0,0,inf
dpctgan,"LocalNeighbourhood(L_2, 0.250411558405805, accuracy)",12435,1,0.0,0,inf
dpctgan,"LocalNeighbourhood(L_2, 0.250411558405805, accuracy)",12435,0,0.0,0,inf
dpctgan,"LocalNeighbourhood(L_2, 0.250411558405805, accuracy)",12435,1,0.0,0,inf
dpctgan,"LocalNeighbourhood(L_2, 0.250411558405805, accuracy)",12435,0,0.0,0,inf
dpctgan,"LocalNeighbourhood(L_2, 0.250411558405805, accuracy)",12435,1,0.0,0,inf
dpctgan,"LocalNeighbourhood(L_2, 0.250411558405805, accuracy)",12435,0,0.0,0,inf
dpctgan,"LocalNeighbourhood(L_2, 0.250411558405805, accuracy)",12435,1,0.0,0,inf
dpctgan,"LocalNeighbourhood(L_2, 0.250411558405805, accuracy)",12435,0,0.0,0,inf
dpctgan,"LocalNeighbourhood(L_2, 0.250411558405805, accuracy)",12435,1,0.0,0,inf
dpctgan,"LocalNeighbourhood(L_2, 0.250411558405805, accuracy)",12435,0,0.0,0,inf
dpctgan,"LocalNeighbourhood(L_2, 0.250411558405805, accuracy)",12435,1,0.0,0,inf
dpctgan,"LocalNeighbourhood(L_2, 0.250411558405805, accuracy)",12435,0,0.0,0,inf
dpctgan,"LocalNeighbourhood(L_2, 0.250411558405805, accuracy)",12435,1,0.0,0,inf
dpctgan,"LocalNeighbourhood(L_2, 0.250411558405805, accuracy)",12435,0,0.0,0,inf
dpctgan,"LocalNeighbourhood(L_2, 0.250411558405805, accuracy)",12435,1,0.0,0,inf
dpctgan,"LocalNeighbourhood(L_2, 0.250411558405805, accuracy)",12435,0,0.0,0,inf
dpctgan,"LocalNeighbourhood(L_2, 0.250411558405805, accuracy)",12435,1,0.0,0,inf
dpctgan,"LocalNeighbourhood(L_2, 0.250411558405805, accuracy)",12435,0,0.0,0,inf
dpctgan,"LocalNeighbourhood(L_2, 0.250411558405805, accuracy)",12435,1,0.0,0,inf
dpctgan,"LocalNeighbourhood(L_2, 0.250411558405805, accuracy)",12435,0,0.0,0,inf
dpctgan,"LocalNeighbourhood(L_2, 0.250411558405805, accuracy)",12435,1,0.0,0,inf
dpctgan,"LocalNeighbourhood(L_2, 0.250411558405805, accuracy)",12435,0,0.0,0,inf
dpctgan,"LocalNeighbourhood(L_2, 0.250411558405805, accuracy)",12435,1,0.0,0,inf
dpctgan,"LocalNeighbourhood(L_2, 0.250411558405805, accuracy)",12435,0,0.0,0,inf
dpctgan,"LocalNeighbourhood(L_2, 0.250411558405805, accuracy)",12435,1,0.0,0,inf
dpctgan,"LocalNeighbourhood(L_2, 0.250411558405805, accuracy)",12435,0,0.0,0,inf
dpctgan,"LocalNeighbourhood(L_2, 0.250411558405805, accuracy)",12435,1,0.0,0,inf
dpctgan,"LocalNeighbourhood(L_2, 0.250411558405805, accuracy)",12435,0,0.0,0,inf
dpctgan,"LocalNeighbourhood(L_2, 0.250411558405805, accuracy)",12435,1,0.0,0,inf
dpctgan,"LocalNeighbourhood(L_2, 0.250411558405805, accuracy)",12435,0,0.0,0,inf
dpctgan,"LocalNeighbourhood(L_2, 0.250411558405805, accuracy)",12435,1,0.0,0,inf
dpctgan,"LocalNeighbourhood(L_2, 0.250411558405805, accuracy)",12435,0,0.0,0,inf
dpctgan,"LocalNeighbourhood(L_2, 0.250411558405805, accuracy)",12435,1,0.0,0,inf
dpctgan,"LocalNeighbourhood(L_2, 0.250411558405805, accuracy)",12435,0,0.0,0,inf
dpctgan,"LocalNeighbourhood(L_2, 0.250411558405805, accuracy)",12435,1,0.0,0,inf
dpctgan,"LocalNeighbourhood(L_2, 0.250411558405805, accuracy)",12435,0,0.0,0,inf
dpctgan,"LocalNeighbourhood(L_2, 0.250411558405805, accuracy)",12435,1,0.0,0,inf
dpctgan,"LocalNeighbourhood(L_2, 0.250411558405805, accuracy)",12435,0,0.0,0,inf
dpctgan,"LocalNeighbourhood(L_2, 0.250411558405805, accuracy)",12435,1,0.0,0,inf
dpctgan,"LocalNeighbourhood(L_2, 0.250411558405805, accuracy)",12435,0,0.0,0,inf
dpctgan,"LocalNeighbourhood(L_2, 0.250411558405805, accuracy)",12435,1,0.0,0,inf
dpctgan,"LocalNeighbourhood(L_2, 0.250411558405805, accuracy)",12435,0,0.0,0,inf
dpctgan,"LocalNeighbourhood(L_2, 0.250411558405805, accuracy)",12435,1,0.0,0,inf
dpctgan,"LocalNeighbourhood(L_2, 0.250411558405805, accuracy)",12435,0,0.0,0,inf
dpctgan,"LocalNeighbourhood(L_2, 0.250411558405805, accuracy)",12435,1,0.0,0,inf
dpctgan,"LocalNeighbourhood(L_2, 0.250411558405805, accuracy)",12435,0,0.0,0,inf
dpctgan,"LocalNeighbourhood(L_2, 0.250411558405805, accuracy)",12435,1,0.0,0,inf
dpctgan,"LocalNeighbourhood(L_2, 0.250411558405805, accuracy)",12435,0,0.0,0,inf
dpctgan,"LocalNeighbourhood(L_2, 0.250411558405805, accuracy)",12435,1,0.0,0,inf
dpctgan,"LocalNeighbourhood(L_2, 0.250411558405805, accuracy)",12435,0,0.0,0,inf
dpctgan,"LocalNeighbourhood(L_2, 0.250411558405805, accuracy)",12435,1,0.0,0,inf
dpctgan,"LocalNeighbourhood(L_2, 0.250411558405805, accuracy)",12435,0,0.0,0,inf
dpctgan,"LocalNeighbourhood(L_2, 0.250411558405805, accuracy)",12435,1,0.0,0,inf
dpctgan,"LocalNeighbourhood(L_2, 0.250411558405805, accuracy)",12435,0,0.0,0,inf
dpctgan,"LocalNeighbourhood(L_2, 0.250411558405805, accuracy)",12435,1,0.0,0,inf
dpctgan,"LocalNeighbourhood(L_2, 0.250411558405805, accuracy)",12435,0,0.0,0,inf
dpctgan,"LocalNeighbourhood(L_2, 0.250411558405805, accuracy)",12435,1,0.0,0,inf
dpctgan,"LocalNeighbourhood(L_2, 0.250411558405805, accuracy)",12435,0,0.0,0,inf
dpctgan,"LocalNeighbourhood(L_2, 0.250411558405805, accuracy)",12435,1,0.0,0,inf
dpctgan,"LocalNeighbourhood(L_2, 0.250411558405805, accuracy)",12435,0,0.0,0,inf
dpctgan,"LocalNeighbourhood(L_2, 0.250411558405805, accuracy)",12435,1,0.0,0,inf
dpctgan,"LocalNeighbourhood(L_2, 0.250411558405805, accuracy)",12435,0,0.0,0,inf
dpctgan,"LocalNeighbourhood(L_2, 0.250411558405805, accuracy)",12435,1,0.0,0,inf
dpctgan,"LocalNeighbourhood(L_2, 0.250411558405805, accuracy)",12435,0,0.0,0,inf
dpctgan,"LocalNeighbourhood(L_2, 0.250411558405805, accuracy)",12435,1,0.0,0,inf
dpctgan,"LocalNeighbourhood(L_2, 0.250411558405805, accuracy)",12435,0,0.0,0,inf
dpctgan,"LocalNeighbourhood(L_2, 0.250411558405805, accuracy)",12435,1,0.0,0,inf
dpctgan,"LocalNeighbourhood(L_2, 0.250411558405805, accuracy)",12435,0,0.0,0,inf
dpctgan,"LocalNeighbourhood(L_2, 0.250411558405805, accuracy)",12435,1,0.0,0,inf
dpctgan,"LocalNeighbourhood(L_2, 0.250411558405805, accuracy)",12435,0,0.0,0,inf
dpctgan,"LocalNeighbourhood(L_2, 0.250411558405805, accuracy)",12435,1,0.0,0,inf
dpctgan,"LocalNeighbourhood(L_2, 0.250411558405805, accuracy)",12435,0,0.0,0,inf
dpctgan,"LocalNeighbourhood(L_2, 0.250411558405805, accuracy)",12435,1,0.0,0,inf
dpctgan,"LocalNeighbourhood(L_2, 0.250411558405805, accuracy)",12435,0,0.0,0,inf
dpctgan,"LocalNeighbourhood(L_2, 0.250411558405805, accuracy)",12435,1,0.0,0,inf
dpctgan,"LocalNeighbourhood(L_2, 0.250411558405805, accuracy)",12435,0,0.0,0,inf
dpctgan,"LocalNeighbourhood(L_2, 0.250411558405805, accuracy)",12435,1,0.0,0,inf
dpctgan,"LocalNeighbourhood(L_2, 0.250411558405805, accuracy)",12435,0,0.0,0,inf
dpctgan,"LocalNeighbourhood(L_2, 0.250411558405805, accuracy)",12435,1,0.0,0,inf
dpctgan,"LocalNeighbourhood(L_2, 0.250411558405805, accuracy)",12435,0,0.0,0,inf
dpctgan,"LocalNeighbourhood(L_2, 0.250411558405805, accuracy)",12435,1,0.0,0,inf
dpctgan,"LocalNeighbourhood(L_2, 0.250411558405805, accuracy)",12435,0,0.0,0,inf
dpctgan,"LocalNeighbourhood(L_2, 0.250411558405805, accuracy)",12435,1,0.0,0,inf
dpctgan,"LocalNeighbourhood(L_2, 0.250411558405805, accuracy)",12435,0,0.0,0,inf
dpctgan,"LocalNeighbourhood(L_2, 0.250411558405805, accuracy)",12435,1,0.0,0,inf
dpctgan,"LocalNeighbourhood(L_2, 0.250411558405805, accuracy)",12435,0,0.0,0,inf
dpctgan,"LocalNeighbourhood(L_2, 0.250411558405805, accuracy)",12435,1,0.0,0,inf
dpctgan,"LocalNeighbourhood(L_2, 0.250411558405805, accuracy)",12435,0,0.0,0,inf
dpctgan,"LocalNeighbourhood(L_2, 0.250411558405805, accuracy)",12435,1,0.0,0,inf
dpctgan,"LocalNeighbourhood(L_2, 0.250411558405805, accuracy)",12435,0,0.0,0,inf
dpctgan,"LocalNeighbourhood(L_2, 0.250411558405805, accuracy)",12435,1,0.0,0,inf
dpctgan,"LocalNeighbourhood(L_2, 0.250411558405805, accuracy)",12435,0,0.0,0,inf
dpctgan,"LocalNeighbourhood(L_2, 0.250411558405805, accuracy)",12435,1,0.0,0,inf
dpctgan,"LocalNeighbourhood(L_2, 0.250411558405805, accuracy)",12435,0,0.0,0,inf
dpctgan,"LocalNeighbourhood(L_2, 0.250411558405805, accuracy)",12435,1,0.0,0,inf
dpctgan,"LocalNeighbourhood(L_2, 0.250411558405805, accuracy)",12435,0,0.0,0,inf
dpctgan,"LocalNeighbourhood(L_2, 0.250411558405805, accuracy)",12435,1,0.0,0,inf
dpctgan,"LocalNeighbourhood(L_2, 0.250411558405805, accuracy)",12435,0,0.0,0,inf
dpctgan,"LocalNeighbourhood(L_2, 0.250411558405805, accuracy)",12435,1,0.0,0,inf
dpctgan,"LocalNeighbourhood(L_2, 0.250411558405805, accuracy)",12435,0,0.0,0,inf
dpctgan,"LocalNeighbourhood(L_2, 0.250411558405805, accuracy)",12435,1,0.0,0,inf
dpctgan,"LocalNeighbourhood(L_2, 0.250411558405805, accuracy)",12435,0,0.0,0,inf
dpctgan,"LocalNeighbourhood(L_2, 0.250411558405805, accuracy)",12435,1,0.0,0,inf
dpctgan,"LocalNeighbourhood(L_2, 0.250411558405805, accuracy)",12435,0,0.0,0,inf
dpctgan,"LocalNeighbourhood(L_2, 0.250411558405805, accuracy)",12435,1,0.0,0,inf
dpctgan,"LocalNeighbourhood(L_2, 0.250411558405805, accuracy)",12435,0,0.0,0,inf
dpctgan,"LocalNeighbourhood(L_2, 0.250411558405805, accuracy)",12435,1,0.0,0,inf
dpctgan,"LocalNeighbourhood(L_2, 0.250411558405805, accuracy)",12435,0,0.0,0,inf
dpctgan,"LocalNeighbourhood(L_2, 0.250411558405805, accuracy)",12435,1,0.0,0,inf
dpctgan,"LocalNeighbourhood(L_2, 0.250411558405805, accuracy)",12435,0,0.0,0,inf
dpctgan,"LocalNeighbourhood(L_2, 0.250411558405805, accuracy)",12435,1,0.0,0,inf
dpctgan,"LocalNeighbourhood(L_2, 0.250411558405805, accuracy)",12435,0,0.0,0,inf
dpctgan,"LocalNeighbourhood(L_2, 0.250411558405805, accuracy)",12435,1,0.0,0,inf
dpctgan,"LocalNeighbourhood(L_2, 0.250411558405805, accuracy)",12435,0,0.0,0,inf
dpctgan,"LocalNeighbourhood(L_2, 0.250411558405805, accuracy)",12435,1,0.0,0,inf
dpctgan,"LocalNeighbourhood(L_2, 0.250411558405805, accuracy)",12435,0,0.0,0,inf
dpctgan,"LocalNeighbourhood(L_2, 0.250411558405805, accuracy)",12435,1,0.0,0,inf
dpctgan,"LocalNeighbourhood(L_2, 0.250411558405805, accuracy)",12435,0,0.0,0,inf
dpctgan,"LocalNeighbourhood(L_2, 0.250411558405805, accuracy)",12435,1,0.0,0,inf
dpctgan,"LocalNeighbourhood(L_2, 0.250411558405805, accuracy)",12435,0,0.0,0,inf
dpctgan,"LocalNeighbourhood(L_2, 0.250411558405805, accuracy)",12435,1,0.0,0,inf
dpctgan,"LocalNeighbourhood(L_2, 0.250411558405805, accuracy)",12435,0,0.0,0,inf
dpctgan,"LocalNeighbourhood(L_2, 0.250411558405805, accuracy)",12435,1,0.0,0,inf
dpctgan,"LocalNeighbourhood(L_2, 0.250411558405805, accuracy)",12435,0,0.0,0,inf
dpctgan,"LocalNeighbourhood(L_2, 0.250411558405805, accuracy)",12435,1,0.0,0,inf
dpctgan,"LocalNeighbourhood(L_2, 0.250411558405805, accuracy)",12435,0,0.0,0,inf
dpctgan,"LocalNeighbourhood(L_2, 0.250411558405805, accuracy)",12435,1,0.0,0,inf
dpctgan,"LocalNeighbourhood(L_2, 0.250411558405805, accuracy)",12435,0,0.0,0,inf
dpctgan,"LocalNeighbourhood(L_2, 0.250411558405805, accuracy)",12435,1,0.0,0,inf
dpctgan,"LocalNeighbourhood(L_2, 0.250411558405805, accuracy)",12435,0,0.0,0,inf
dpctgan,"LocalNeighbourhood(L_2, 0.250411558405805, accuracy)",12435,1,0.0,0,inf
dpctgan,"LocalNeighbourhood(L_2, 0.250411558405805, accuracy)",12435,0,0.0,0,inf
dpctgan,"LocalNeighbourhood(L_2, 0.250411558405805, accuracy)",12435,1,0.0,0,inf
dpctgan,"LocalNeighbourhood(L_2, 0.250411558405805, accuracy)",12435,0,0.0,0,inf
dpctgan,"LocalNeighbourhood(L_2, 0.250411558405805, accuracy)",12435,1,0.0,0,inf
dpctgan,"LocalNeighbourhood(L_2, 0.250411558405805, accuracy)",12435,0,0.0,0,inf
dpctgan,"LocalNeighbourhood(L_2, 0.250411558405805, accuracy)",12435,1,0.0,0,inf
dpctgan,"LocalNeighbourhood(L_2, 0.250411558405805, accuracy)",12435,0,0.0,0,inf
dpctgan,"LocalNeighbourhood(L_2, 0.250411558405805, accuracy)",12435,1,0.0,0,inf
dpctgan,"LocalNeighbourhood(L_2, 0.250411558405805, accuracy)",12435,0,0.0,0,inf
dpctgan,"LocalNeighbourhood(L_2, 0.250411558405805, accuracy)",12435,1,0.0,0,inf
dpctgan,"LocalNeighbourhood(L_2, 0.250411558405805, accuracy)",12435,0,0.0,0,inf
dpctgan,"LocalNeighbourhood(L_2, 0.250411558405805, accuracy)",12435,1,0.0,0,inf
dpctgan,"LocalNeighbourhood(L_2, 0.250411558405805, accuracy)",12435,0,0.0,0,inf
dpctgan,"LocalNeighbourhood(L_2, 0.250411558405805, accuracy)",12435,1,0.0,0,inf
dpctgan,"LocalNeighbourhood(L_2, 0.250411558405805, accuracy)",12435,0,0.0,0,inf
dpctgan,"LocalNeighbourhood(L_2, 0.250411558405805, accuracy)",12435,1,0.0,0,inf
dpctgan,"LocalNeighbourhood(L_2, 0.250411558405805, accuracy)",12435,0,0.0,0,inf
dpctgan,"LocalNeighbourhood(L_2, 0.250411558405805, accuracy)",12435,1,0.0,0,inf
dpctgan,"LocalNeighbourhood(L_2, 0.250411558405805, accuracy)",12435,0,0.0,0,inf
dpctgan,"LocalNeighbourhood(L_2, 0.250411558405805, accuracy)",12435,1,0.0,0,inf
dpctgan,"LocalNeighbourhood(L_2, 0.250411558405805, accuracy)",12435,0,0.0,0,inf
dpctgan,"LocalNeighbourhood(L_2, 0.250411558405805, accuracy)",12435,1,0.0,0,inf
dpctgan,"LocalNeighbourhood(L_2, 0.250411558405805, accuracy)",12435,0,0.0,0,inf
dpctgan,"LocalNeighbourhood(L_2, 0.250411558405805, accuracy)",12435,1,0.0,0,inf
dpctgan,"LocalNeighbourhood(L_2, 0.250411558405805, accuracy)",12435,0,0.0,0,inf
dpctgan,"LocalNeighbourhood(L_2, 0.250411558405805, accuracy)",12435,1,0.0,0,inf
dpctgan,"LocalNeighbourhood(L_2, 0.250411558405805, accuracy)",12435,0,0.0,0,inf
dpctgan,"LocalNeighbourhood(L_2, 0.250411558405805, accuracy)",12435,1,0.0,0,inf
dpctgan,"LocalNeighbourhood(L_2, 0.250411558405805, accuracy)",12435,0,0.0,0,inf
dpctgan,"LocalNeighbourhood(L_2, 0.250411558405805, accuracy)",12435,1,0.0,0,inf
dpctgan,"LocalNeighbourhood(L_2, 0.250411558405805, accuracy)",12435,0,0.0,0,inf
dpctgan,"LocalNeighbourhood(L_2, 0.250411558405805, accuracy)",12435,1,0.0,0,inf
dpctgan,"LocalNeighbourhood(L_2, 0.250411558405805, accuracy)",12435,0,0.0,0,inf
dpctgan,"LocalNeighbourhood(L_2, 0.250411558405805, accuracy)",12435,1,0.0,0,inf
dpctgan,"LocalNeighbourhood(L_2, 0.250411558405805, accuracy)",12435,0,0.0,0,inf
dpctgan,"LocalNeighbourhood(L_2, 0.250411558405805, accuracy)",12435,1,0.0,0,inf
dpctgan,"LocalNeighbourhood(L_2, 0.250411558405805, accuracy)",12435,0,0.0,0,inf
dpctgan,"LocalNeighbourhood(L_2, 0.250411558405805, accuracy)",12435,1,0.0,0,inf
dpctgan,"LocalNeighbourhood(L_2, 0.250411558405805, accuracy)",12435,0,0.0,0,inf
dpctgan,"LocalNeighbourhood(L_2, 0.250411558405805, accuracy)",12435,1,0.0,0,inf
dpctgan,"LocalNeighbourhood(L_2, 0.250411558405805, accuracy)",12435,0,0.0,0,inf
dpctgan,"LocalNeighbourhood(L_2, 0.250411558405805, accuracy)",12435,1,0.0,0,inf
dpctgan,"LocalNeighbourhood(L_2, 0.250411558405805, accuracy)",12435,0,0.0,0,inf
dpctgan,"LocalNeighbourhood(L_2, 0.250411558405805, accuracy)",12435,1,0.0,0,inf
dpctgan,"LocalNeighbourhood(L_2, 0.250411558405805, accuracy)",12435,0,0.0,0,inf
dpctgan,"LocalNeighbourhood(L_2, 0.250411558405805, accuracy)",12435,1,0.0,0,inf
dpctgan,"LocalNeighbourhood(L_2, 0.250411558405805, accuracy)",12435,0,0.0,0,inf
dpctgan,"LocalNeighbourhood(L_2, 0.250411558405805, accuracy)",12435,1,0.0,0,inf
dpctgan,"LocalNeighbourhood(L_2, 0.250411558405805, accuracy)",12435,0,0.0,0,inf
dpctgan,"LocalNeighbourhood(L_2, 0.250411558405805, accuracy)",12435,1,0.0,0,inf
dpctgan,"LocalNeighbourhood(L_2, 0.250411558405805, accuracy)",12435,0,0.0,0,inf
dpctgan,"LocalNeighbourhood(L_2, 0.250411558405805, accuracy)",12435,1,0.0,0,inf
dpctgan,"LocalNeighbourhood(L_2, 0.250411558405805, accuracy)",12435,0,0.0,0,inf
dpctgan,"LocalNeighbourhood(L_2, 0.250411558405805, accuracy)",12435,1,0.0,0,inf
dpctgan,"LocalNeighbourhood(L_2, 0.250411558405805, accuracy)",12435,0,0.0,0,inf
dpctgan,"LocalNeighbourhood(L_2, 0.250411558405805, accuracy)",12435,1,0.0,0,inf
dpctgan,"LocalNeighbourhood(L_2, 0.250411558405805, accuracy)",12435,0,0.0,0,inf
dpctgan,"LocalNeighbourhood(L_2, 0.250411558405805, accuracy)",12435,1,0.0,0,inf
dpctgan,"LocalNeighbourhood(L_2, 0.250411558405805, accuracy)",12435,0,0.0,0,inf
dpctgan,"LocalNeighbourhood(L_2, 0.250411558405805, accuracy)",12435,1,0.0,0,inf
dpctgan,"LocalNeighbourhood(L_2, 0.250411558405805, accuracy)",12435,0,0.0,0,inf
dpctgan,"LocalNeighbourhood(L_2, 0.250411558405805, accuracy)",12435,1,0.0,0,inf
dpctgan,"LocalNeighbourhood(L_2, 0.250411558405805, accuracy)",12435,0,0.0,0,inf
dpctgan,"LocalNeighbourhood(L_2, 0.250411558405805, accuracy)",12435,1,0.0,0,inf
dpctgan,"LocalNeighbourhood(L_2, 0.250411558405805, accuracy)",12435,0,0.0,0,inf
dpctgan,"LocalNeighbourhood(L_2, 0.250411558405805, accuracy)",12435,1,0.0,0,inf
dpctgan,"LocalNeighbourhood(L_2, 0.250411558405805, accuracy)",12435,0,0.0,0,inf
dpctgan,"LocalNeighbourhood(L_2, 0.250411558405805, accuracy)",12435,1,0.0,0,inf
dpctgan,"LocalNeighbourhood(L_2, 0.250411558405805, accuracy)",12435,0,0.0,0,inf
dpctgan,"LocalNeighbourhood(L_2, 0.250411558405805, accuracy)",12435,1,0.0,0,inf
dpctgan,"LocalNeighbourhood(L_2, 0.250411558405805, accuracy)",12435,0,0.0,0,inf
dpctgan,"LocalNeighbourhood(L_2, 0.250411558405805, accuracy)",12435,1,0.0,0,inf
dpctgan,"LocalNeighbourhood(L_2, 0.250411558405805, accuracy)",12435,0,0.0,0,inf
dpctgan,"LocalNeighbourhood(L_2, 0.250411558405805, accuracy)",12435,1,0.0,0,inf
dpctgan,"LocalNeighbourhood(L_2, 0.250411558405805, accuracy)",12435,0,0.0,0,inf
dpctgan,"LocalNeighbourhood(L_2, 0.250411558405805, accuracy)",12435,1,0.0,0,inf
dpctgan,"LocalNeighbourhood(L_2, 0.250411558405805, accuracy)",12435,0,0.0,0,inf
dpctgan,ProbabilityEstimation(KernelDensity()),12435,1,-84.9648166905869,1,-85.26381013525544
dpctgan,ProbabilityEstimation(KernelDensity()),12435,0,-84.91581721536667,1,-85.26381013525544
dpctgan,ProbabilityEstimation(KernelDensity()),12435,1,-84.53765934668665,1,-85.26381013525544
dpctgan,ProbabilityEstimation(KernelDensity()),12435,0,-84.7576767593557,1,-85.26381013525544
dpctgan,ProbabilityEstimation(KernelDensity()),12435,1,-85.18639571598925,1,-85.26381013525544
dpctgan,ProbabilityEstimation(KernelDensity()),12435,0,-84.61122063636299,1,-85.26381013525544
dpctgan,ProbabilityEstimation(KernelDensity()),12435,1,-84.84713247101524,1,-85.26381013525544
dpctgan,ProbabilityEstimation(KernelDensity()),12435,0,-85.2172666772942,1,-85.26381013525544
dpctgan,ProbabilityEstimation(KernelDensity()),12435,1,-84.35051841431974,1,-85.26381013525544
dpctgan,ProbabilityEstimation(KernelDensity()),12435,0,-85.06780103060042,1,-85.26381013525544
dpctgan,ProbabilityEstimation(KernelDensity()),12435,1,-85.08991843462736,1,-85.26381013525544
dpctgan,ProbabilityEstimation(KernelDensity()),12435,0,-85.38371057219545,0,-85.26381013525544
dpctgan,ProbabilityEstimation(KernelDensity()),12435,1,-84.86002249001078,1,-85.26381013525544
dpctgan,ProbabilityEstimation(KernelDensity()),12435,0,-85.03020321555121,1,-85.26381013525544
dpctgan,ProbabilityEstimation(KernelDensity()),12435,1,-85.28839977281893,0,-85.26381013525544
dpctgan,ProbabilityEstimation(KernelDensity()),12435,0,-84.67893466843731,1,-85.26381013525544
dpctgan,ProbabilityEstimation(KernelDensity()),12435,1,-84.7604403452645,1,-85.26381013525544
dpctgan,ProbabilityEstimation(KernelDensity()),12435,0,-85.08194263236065,1,-85.26381013525544
dpctgan,ProbabilityEstimation(KernelDensity()),12435,1,-84.51363548230003,1,-85.26381013525544
dpctgan,ProbabilityEstimation(KernelDensity()),12435,0,-85.25660558019563,1,-85.26381013525544
dpctgan,ProbabilityEstimation(KernelDensity()),12435,1,-84.56871344849401,1,-85.26381013525544
dpctgan,ProbabilityEstimation(KernelDensity()),12435,0,-85.01954484836804,1,-85.26381013525544
dpctgan,ProbabilityEstimation(KernelDensity()),12435,1,-85.03976359850327,1,-85.26381013525544
dpctgan,ProbabilityEstimation(KernelDensity()),12435,0,-85.21839913394837,1,-85.26381013525544
dpctgan,ProbabilityEstimation(KernelDensity()),12435,1,-84.60983997313151,1,-85.26381013525544
dpctgan,ProbabilityEstimation(KernelDensity()),12435,0,-84.86823261541008,1,-85.26381013525544
dpctgan,ProbabilityEstimation(KernelDensity()),12435,1,-84.32944769517873,1,-85.26381013525544
dpctgan,ProbabilityEstimation(KernelDensity()),12435,0,-84.85810992781109,1,-85.26381013525544
dpctgan,ProbabilityEstimation(KernelDensity()),12435,1,-84.50123562385934,1,-85.26381013525544
dpctgan,ProbabilityEstimation(KernelDensity()),12435,0,-84.95471681453154,1,-85.26381013525544
dpctgan,ProbabilityEstimation(KernelDensity()),12435,1,-85.07702423802823,1,-85.26381013525544
dpctgan,ProbabilityEstimation(KernelDensity()),12435,0,-85.32715680624183,0,-85.26381013525544
dpctgan,ProbabilityEstimation(KernelDensity()),12435,1,-85.31815624158669,0,-85.26381013525544
dpctgan,ProbabilityEstimation(KernelDensity()),12435,0,-84.85958224841332,1,-85.26381013525544
dpctgan,ProbabilityEstimation(KernelDensity()),12435,1,-84.34810472893201,1,-85.26381013525544
dpctgan,ProbabilityEstimation(KernelDensity()),12435,0,-84.52650803514746,1,-85.26381013525544
dpctgan,ProbabilityEstimation(KernelDensity()),12435,1,-84.90895163497709,1,-85.26381013525544
dpctgan,ProbabilityEstimation(KernelDensity()),12435,0,-85.13936728226022,1,-85.26381013525544
dpctgan,ProbabilityEstimation(KernelDensity()),12435,1,-84.96356186139984,1,-85.26381013525544
dpctgan,ProbabilityEstimation(KernelDensity()),12435,0,-84.85255495884715,1,-85.26381013525544
dpctgan,ProbabilityEstimation(KernelDensity()),12435,1,-85.05058404686895,1,-85.26381013525544
dpctgan,ProbabilityEstimation(KernelDensity()),12435,0,-84.95105988199671,1,-85.26381013525544
dpctgan,ProbabilityEstimation(KernelDensity()),12435,1,-85.29399125430818,0,-85.26381013525544
dpctgan,ProbabilityEstimation(KernelDensity()),12435,0,-84.45529604162428,1,-85.26381013525544
dpctgan,ProbabilityEstimation(KernelDensity()),12435,1,-85.1327898941614,1,-85.26381013525544
dpctgan,ProbabilityEstimation(KernelDensity()),12435,0,-84.88262487481683,1,-85.26381013525544
dpctgan,ProbabilityEstimation(KernelDensity()),12435,1,-85.0565486733228,1,-85.26381013525544
dpctgan,ProbabilityEstimation(KernelDensity()),12435,0,-84.80146250585081,1,-85.26381013525544
dpctgan,ProbabilityEstimation(KernelDensity()),12435,1,-84.67427154510042,1,-85.26381013525544
dpctgan,ProbabilityEstimation(KernelDensity()),12435,0,-85.51149047583883,0,-85.26381013525544
dpctgan,ProbabilityEstimation(KernelDensity()),12435,1,-84.84818774560136,1,-85.26381013525544
dpctgan,ProbabilityEstimation(KernelDensity()),12435,0,-85.02922368438756,1,-85.26381013525544
dpctgan,ProbabilityEstimation(KernelDensity()),12435,1,-85.27995746972984,0,-85.26381013525544
dpctgan,ProbabilityEstimation(KernelDensity()),12435,0,-85.31149908141248,0,-85.26381013525544
dpctgan,ProbabilityEstimation(KernelDensity()),12435,1,-84.61718984740254,1,-85.26381013525544
dpctgan,ProbabilityEstimation(KernelDensity()),12435,0,-85.15463246941235,1,-85.26381013525544
dpctgan,ProbabilityEstimation(KernelDensity()),12435,1,-85.26968423460298,0,-85.26381013525544
dpctgan,ProbabilityEstimation(KernelDensity()),12435,0,-85.18264668987287,1,-85.26381013525544
dpctgan,ProbabilityEstimation(KernelDensity()),12435,1,-84.87386843737917,1,-85.26381013525544
dpctgan,ProbabilityEstimation(KernelDensity()),12435,0,-84.97147202864078,1,-85.26381013525544
dpctgan,ProbabilityEstimation(KernelDensity()),12435,1,-85.13880280876157,1,-85.26381013525544
dpctgan,ProbabilityEstimation(KernelDensity()),12435,0,-85.32487826635831,0,-85.26381013525544
dpctgan,ProbabilityEstimation(KernelDensity()),12435,1,-85.23208352742799,1,-85.26381013525544
dpctgan,ProbabilityEstimation(KernelDensity()),12435,0,-84.79040069975618,1,-85.26381013525544
dpctgan,ProbabilityEstimation(KernelDensity()),12435,1,-84.88952085321208,1,-85.26381013525544
dpctgan,ProbabilityEstimation(KernelDensity()),12435,0,-84.46575958146539,1,-85.26381013525544
dpctgan,ProbabilityEstimation(KernelDensity()),12435,1,-85.48988886485463,0,-85.26381013525544
dpctgan,ProbabilityEstimation(KernelDensity()),12435,0,-85.15732541015913,1,-85.26381013525544
dpctgan,ProbabilityEstimation(KernelDensity()),12435,1,-85.00668896186592,1,-85.26381013525544
dpctgan,ProbabilityEstimation(KernelDensity()),12435,0,-84.64262623073941,1,-85.26381013525544
dpctgan,ProbabilityEstimation(KernelDensity()),12435,1,-84.38158747088707,1,-85.26381013525544
dpctgan,ProbabilityEstimation(KernelDensity()),12435,0,-85.34824774504237,0,-85.26381013525544
dpctgan,ProbabilityEstimation(KernelDensity()),12435,1,-84.41967736164887,1,-85.26381013525544
dpctgan,ProbabilityEstimation(KernelDensity()),12435,0,-85.23472114299314,1,-85.26381013525544
dpctgan,ProbabilityEstimation(KernelDensity()),12435,1,-84.81448916517674,1,-85.26381013525544
dpctgan,ProbabilityEstimation(KernelDensity()),12435,0,-85.13371828614052,1,-85.26381013525544
dpctgan,ProbabilityEstimation(KernelDensity()),12435,1,-84.76376777311314,1,-85.26381013525544
dpctgan,ProbabilityEstimation(KernelDensity()),12435,0,-85.25559772689279,1,-85.26381013525544
dpctgan,ProbabilityEstimation(KernelDensity()),12435,1,-84.57835357439701,1,-85.26381013525544
dpctgan,ProbabilityEstimation(KernelDensity()),12435,0,-84.89661607787764,1,-85.26381013525544
dpctgan,ProbabilityEstimation(KernelDensity()),12435,1,-84.38930892724291,1,-85.26381013525544
dpctgan,ProbabilityEstimation(KernelDensity()),12435,0,-84.64822655504597,1,-85.26381013525544
dpctgan,ProbabilityEstimation(KernelDensity()),12435,1,-84.94889476137503,1,-85.26381013525544
dpctgan,ProbabilityEstimation(KernelDensity()),12435,0,-84.93026697568014,1,-85.26381013525544
dpctgan,ProbabilityEstimation(KernelDensity()),12435,1,-84.57703883190617,1,-85.26381013525544
dpctgan,ProbabilityEstimation(KernelDensity()),12435,0,-84.52598972575504,1,-85.26381013525544
dpctgan,ProbabilityEstimation(KernelDensity()),12435,1,-84.85339671189483,1,-85.26381013525544
dpctgan,ProbabilityEstimation(KernelDensity()),12435,0,-85.41497278348693,0,-85.26381013525544
dpctgan,ProbabilityEstimation(KernelDensity()),12435,1,-84.9309420055063,1,-85.26381013525544
dpctgan,ProbabilityEstimation(KernelDensity()),12435,0,-84.42282367976264,1,-85.26381013525544
dpctgan,ProbabilityEstimation(KernelDensity()),12435,1,-85.05655012390422,1,-85.26381013525544
dpctgan,ProbabilityEstimation(KernelDensity()),12435,0,-84.63633893479766,1,-85.26381013525544
dpctgan,ProbabilityEstimation(KernelDensity()),12435,1,-85.0049857839534,1,-85.26381013525544
dpctgan,ProbabilityEstimation(KernelDensity()),12435,0,-85.12668247636176,1,-85.26381013525544
dpctgan,ProbabilityEstimation(KernelDensity()),12435,1,-85.02768192277807,1,-85.26381013525544
dpctgan,ProbabilityEstimation(KernelDensity()),12435,0,-85.14526681719968,1,-85.26381013525544
dpctgan,ProbabilityEstimation(KernelDensity()),12435,1,-84.37301472998462,1,-85.26381013525544
dpctgan,ProbabilityEstimation(KernelDensity()),12435,0,-85.16225108351588,1,-85.26381013525544
dpctgan,ProbabilityEstimation(KernelDensity()),12435,1,-83.80236008636425,1,-85.26381013525544
dpctgan,ProbabilityEstimation(KernelDensity()),12435,0,-84.68382849008113,1,-85.26381013525544
dpctgan,ProbabilityEstimation(KernelDensity()),12435,1,-85.62213983695455,0,-85.26381013525544
dpctgan,ProbabilityEstimation(KernelDensity()),12435,0,-85.0262593237015,1,-85.26381013525544
dpctgan,ProbabilityEstimation(KernelDensity()),12435,1,-84.03077224817527,1,-85.26381013525544
dpctgan,ProbabilityEstimation(KernelDensity()),12435,0,-85.32405008148488,0,-85.26381013525544
dpctgan,ProbabilityEstimation(KernelDensity()),12435,1,-84.69983518292977,1,-85.26381013525544
dpctgan,ProbabilityEstimation(KernelDensity()),12435,0,-85.2447488535676,1,-85.26381013525544
dpctgan,ProbabilityEstimation(KernelDensity()),12435,1,-84.04490448881583,1,-85.26381013525544
dpctgan,ProbabilityEstimation(KernelDensity()),12435,0,-84.93178388595673,1,-85.26381013525544
dpctgan,ProbabilityEstimation(KernelDensity()),12435,1,-85.5709194787495,0,-85.26381013525544
dpctgan,ProbabilityEstimation(KernelDensity()),12435,0,-85.04236465836307,1,-85.26381013525544
dpctgan,ProbabilityEstimation(KernelDensity()),12435,1,-85.27174840953217,0,-85.26381013525544
dpctgan,ProbabilityEstimation(KernelDensity()),12435,0,-84.55787635947867,1,-85.26381013525544
dpctgan,ProbabilityEstimation(KernelDensity()),12435,1,-85.07690682481412,1,-85.26381013525544
dpctgan,ProbabilityEstimation(KernelDensity()),12435,0,-85.52501692082261,0,-85.26381013525544
dpctgan,ProbabilityEstimation(KernelDensity()),12435,1,-84.90188817196163,1,-85.26381013525544
dpctgan,ProbabilityEstimation(KernelDensity()),12435,0,-84.84983908826526,1,-85.26381013525544
dpctgan,ProbabilityEstimation(KernelDensity()),12435,1,-84.6156773195478,1,-85.26381013525544
dpctgan,ProbabilityEstimation(KernelDensity()),12435,0,-84.76311321336958,1,-85.26381013525544
dpctgan,ProbabilityEstimation(KernelDensity()),12435,1,-84.93778224557948,1,-85.26381013525544
dpctgan,ProbabilityEstimation(KernelDensity()),12435,0,-84.88081918125536,1,-85.26381013525544
dpctgan,ProbabilityEstimation(KernelDensity()),12435,1,-84.76900487966277,1,-85.26381013525544
dpctgan,ProbabilityEstimation(KernelDensity()),12435,0,-85.11432133589786,1,-85.26381013525544
dpctgan,ProbabilityEstimation(KernelDensity()),12435,1,-84.85010561950503,1,-85.26381013525544
dpctgan,ProbabilityEstimation(KernelDensity()),12435,0,-84.20627136731822,1,-85.26381013525544
dpctgan,ProbabilityEstimation(KernelDensity()),12435,1,-84.79230694941025,1,-85.26381013525544
dpctgan,ProbabilityEstimation(KernelDensity()),12435,0,-84.21907042598582,1,-85.26381013525544
dpctgan,ProbabilityEstimation(KernelDensity()),12435,1,-84.8759116046644,1,-85.26381013525544
dpctgan,ProbabilityEstimation(KernelDensity()),12435,0,-85.04910181919621,1,-85.26381013525544
dpctgan,ProbabilityEstimation(KernelDensity()),12435,1,-84.7634106983966,1,-85.26381013525544
dpctgan,ProbabilityEstimation(KernelDensity()),12435,0,-84.98708116125579,1,-85.26381013525544
dpctgan,ProbabilityEstimation(KernelDensity()),12435,1,-85.40663164420535,0,-85.26381013525544
dpctgan,ProbabilityEstimation(KernelDensity()),12435,0,-85.4311533721259,0,-85.26381013525544
dpctgan,ProbabilityEstimation(KernelDensity()),12435,1,-85.4230211818814,0,-85.26381013525544
dpctgan,ProbabilityEstimation(KernelDensity()),12435,0,-85.40049859003601,0,-85.26381013525544
dpctgan,ProbabilityEstimation(KernelDensity()),12435,1,-85.12430079725269,1,-85.26381013525544
dpctgan,ProbabilityEstimation(KernelDensity()),12435,0,-84.73467640759662,1,-85.26381013525544
dpctgan,ProbabilityEstimation(KernelDensity()),12435,1,-84.89808911475909,1,-85.26381013525544
dpctgan,ProbabilityEstimation(KernelDensity()),12435,0,-84.95447074157288,1,-85.26381013525544
dpctgan,ProbabilityEstimation(KernelDensity()),12435,1,-84.62076046671345,1,-85.26381013525544
dpctgan,ProbabilityEstimation(KernelDensity()),12435,0,-85.30090964954654,0,-85.26381013525544
dpctgan,ProbabilityEstimation(KernelDensity()),12435,1,-84.87874836621444,1,-85.26381013525544
dpctgan,ProbabilityEstimation(KernelDensity()),12435,0,-84.94297189177419,1,-85.26381013525544
dpctgan,ProbabilityEstimation(KernelDensity()),12435,1,-85.11074389803737,1,-85.26381013525544
dpctgan,ProbabilityEstimation(KernelDensity()),12435,0,-84.56729047461005,1,-85.26381013525544
dpctgan,ProbabilityEstimation(KernelDensity()),12435,1,-84.27572032566968,1,-85.26381013525544
dpctgan,ProbabilityEstimation(KernelDensity()),12435,0,-84.9789768683492,1,-85.26381013525544
dpctgan,ProbabilityEstimation(KernelDensity()),12435,1,-85.31790483651427,0,-85.26381013525544
dpctgan,ProbabilityEstimation(KernelDensity()),12435,0,-84.50080268805738,1,-85.26381013525544
dpctgan,ProbabilityEstimation(KernelDensity()),12435,1,-85.05671687574782,1,-85.26381013525544
dpctgan,ProbabilityEstimation(KernelDensity()),12435,0,-85.3966061163994,0,-85.26381013525544
dpctgan,ProbabilityEstimation(KernelDensity()),12435,1,-84.87149616029143,1,-85.26381013525544
dpctgan,ProbabilityEstimation(KernelDensity()),12435,0,-84.71414406594043,1,-85.26381013525544
dpctgan,ProbabilityEstimation(KernelDensity()),12435,1,-84.605589855688,1,-85.26381013525544
dpctgan,ProbabilityEstimation(KernelDensity()),12435,0,-85.0480873759166,1,-85.26381013525544
dpctgan,ProbabilityEstimation(KernelDensity()),12435,1,-85.43003359424266,0,-85.26381013525544
dpctgan,ProbabilityEstimation(KernelDensity()),12435,0,-84.56704269236658,1,-85.26381013525544
dpctgan,ProbabilityEstimation(KernelDensity()),12435,1,-85.24873498715918,1,-85.26381013525544
dpctgan,ProbabilityEstimation(KernelDensity()),12435,0,-85.21908640561426,1,-85.26381013525544
dpctgan,ProbabilityEstimation(KernelDensity()),12435,1,-84.76863331958319,1,-85.26381013525544
dpctgan,ProbabilityEstimation(KernelDensity()),12435,0,-85.13426763793841,1,-85.26381013525544
dpctgan,ProbabilityEstimation(KernelDensity()),12435,1,-84.6323762676952,1,-85.26381013525544
dpctgan,ProbabilityEstimation(KernelDensity()),12435,0,-84.49370864420862,1,-85.26381013525544
dpctgan,ProbabilityEstimation(KernelDensity()),12435,1,-84.60734477151456,1,-85.26381013525544
dpctgan,ProbabilityEstimation(KernelDensity()),12435,0,-84.76928404622029,1,-85.26381013525544
dpctgan,ProbabilityEstimation(KernelDensity()),12435,1,-84.37729024801195,1,-85.26381013525544
dpctgan,ProbabilityEstimation(KernelDensity()),12435,0,-85.04204315049206,1,-85.26381013525544
dpctgan,ProbabilityEstimation(KernelDensity()),12435,1,-84.42251144517108,1,-85.26381013525544
dpctgan,ProbabilityEstimation(KernelDensity()),12435,0,-85.28185743108943,0,-85.26381013525544
dpctgan,ProbabilityEstimation(KernelDensity()),12435,1,-84.68305548866304,1,-85.26381013525544
dpctgan,ProbabilityEstimation(KernelDensity()),12435,0,-84.61100566897716,1,-85.26381013525544
dpctgan,ProbabilityEstimation(KernelDensity()),12435,1,-84.36629954375955,1,-85.26381013525544
dpctgan,ProbabilityEstimation(KernelDensity()),12435,0,-84.86109633482552,1,-85.26381013525544
dpctgan,ProbabilityEstimation(KernelDensity()),12435,1,-85.03861923259623,1,-85.26381013525544
dpctgan,ProbabilityEstimation(KernelDensity()),12435,0,-84.87292817862172,1,-85.26381013525544
dpctgan,ProbabilityEstimation(KernelDensity()),12435,1,-85.37482025589716,0,-85.26381013525544
dpctgan,ProbabilityEstimation(KernelDensity()),12435,0,-84.77065097749109,1,-85.26381013525544
dpctgan,ProbabilityEstimation(KernelDensity()),12435,1,-84.53422452703825,1,-85.26381013525544
dpctgan,ProbabilityEstimation(KernelDensity()),12435,0,-85.14331869329816,1,-85.26381013525544
dpctgan,ProbabilityEstimation(KernelDensity()),12435,1,-84.76564150593455,1,-85.26381013525544
dpctgan,ProbabilityEstimation(KernelDensity()),12435,0,-84.69578141383957,1,-85.26381013525544
dpctgan,ProbabilityEstimation(KernelDensity()),12435,1,-84.57580192558981,1,-85.26381013525544
dpctgan,ProbabilityEstimation(KernelDensity()),12435,0,-85.18004191054764,1,-85.26381013525544
dpctgan,ProbabilityEstimation(KernelDensity()),12435,1,-85.03238361232454,1,-85.26381013525544
dpctgan,ProbabilityEstimation(KernelDensity()),12435,0,-84.996474588753,1,-85.26381013525544
dpctgan,ProbabilityEstimation(KernelDensity()),12435,1,-85.00896398192998,1,-85.26381013525544
dpctgan,ProbabilityEstimation(KernelDensity()),12435,0,-85.19008892724639,1,-85.26381013525544
dpctgan,ProbabilityEstimation(KernelDensity()),12435,1,-85.040124748104,1,-85.26381013525544
dpctgan,ProbabilityEstimation(KernelDensity()),12435,0,-84.77086339144299,1,-85.26381013525544
dpctgan,ProbabilityEstimation(KernelDensity()),12435,1,-85.46945593055905,0,-85.26381013525544
dpctgan,ProbabilityEstimation(KernelDensity()),12435,0,-85.03512394459804,1,-85.26381013525544
dpctgan,ProbabilityEstimation(KernelDensity()),12435,1,-85.53071359161858,0,-85.26381013525544
dpctgan,ProbabilityEstimation(KernelDensity()),12435,0,-84.68329337937828,1,-85.26381013525544
dpctgan,ProbabilityEstimation(KernelDensity()),12435,1,-84.84233140803164,1,-85.26381013525544
dpctgan,ProbabilityEstimation(KernelDensity()),12435,0,-84.91402219829081,1,-85.26381013525544
dpctgan,ProbabilityEstimation(KernelDensity()),12435,1,-85.27185247348753,0,-85.26381013525544
dpctgan,ProbabilityEstimation(KernelDensity()),12435,0,-84.79835333122074,1,-85.26381013525544
dpctgan,ProbabilityEstimation(KernelDensity()),12435,1,-84.72888995928845,1,-85.26381013525544
dpctgan,ProbabilityEstimation(KernelDensity()),12435,0,-84.48625384823472,1,-85.26381013525544
dpctgan,ProbabilityEstimation(KernelDensity()),12435,1,-84.52735720152401,1,-85.26381013525544
dpctgan,ProbabilityEstimation(KernelDensity()),12435,0,-84.82298970828629,1,-85.26381013525544
dpctgan,ProbabilityEstimation(KernelDensity()),12435,1,-84.64561692821871,1,-85.26381013525544
dpctgan,ProbabilityEstimation(KernelDensity()),12435,0,-84.7763771890299,1,-85.26381013525544
dpctgan,ProbabilityEstimation(KernelDensity()),12435,1,-84.86635412245084,1,-85.26381013525544
dpctgan,ProbabilityEstimation(KernelDensity()),12435,0,-85.23525197186638,1,-85.26381013525544
dpctgan,ProbabilityEstimation(KernelDensity()),12435,1,-84.82546018414186,1,-85.26381013525544
dpctgan,ProbabilityEstimation(KernelDensity()),12435,0,-84.59311347392634,1,-85.26381013525544
dpctgan,ProbabilityEstimation(KernelDensity()),12435,1,-84.98384671786017,1,-85.26381013525544
dpctgan,ProbabilityEstimation(KernelDensity()),12435,0,-85.38325557341446,0,-85.26381013525544
dpctgan,ProbabilityEstimation(KernelDensity()),12435,1,-84.83560477706193,1,-85.26381013525544
dpctgan,ProbabilityEstimation(KernelDensity()),12435,0,-85.47725333296611,0,-85.26381013525544
dpctgan,ProbabilityEstimation(KernelDensity()),12435,1,-85.43330779762931,0,-85.26381013525544
dpctgan,ProbabilityEstimation(KernelDensity()),12435,0,-84.10313029994784,1,-85.26381013525544
dpctgan,ProbabilityEstimation(KernelDensity()),12435,1,-84.21331518598802,1,-85.26381013525544
dpctgan,ProbabilityEstimation(KernelDensity()),12435,0,-84.09451872634435,1,-85.26381013525544
dpctgan,ProbabilityEstimation(KernelDensity()),12435,1,-84.82828112532223,1,-85.26381013525544
dpctgan,ProbabilityEstimation(KernelDensity()),12435,0,-85.32838341018815,0,-85.26381013525544
dpctgan,ProbabilityEstimation(KernelDensity()),12435,1,-84.09318247705103,1,-85.26381013525544
dpctgan,ProbabilityEstimation(KernelDensity()),12435,0,-84.70572142790824,1,-85.26381013525544
dpctgan,ProbabilityEstimation(KernelDensity()),12435,1,-84.47189973288022,1,-85.26381013525544
dpctgan,ProbabilityEstimation(KernelDensity()),12435,0,-84.63452331896659,1,-85.26381013525544
dpctgan,ProbabilityEstimation(KernelDensity()),12435,1,-85.21719465009816,1,-85.26381013525544
dpctgan,ProbabilityEstimation(KernelDensity()),12435,0,-84.78723994205762,1,-85.26381013525544
dpctgan,ProbabilityEstimation(KernelDensity()),12435,1,-84.46773993111664,1,-85.26381013525544
dpctgan,ProbabilityEstimation(KernelDensity()),12435,0,-84.49698754666584,1,-85.26381013525544
dpctgan,ProbabilityEstimation(KernelDensity()),12435,1,-84.70192442601288,1,-85.26381013525544
dpctgan,ProbabilityEstimation(KernelDensity()),12435,0,-84.69012767870797,1,-85.26381013525544
dpctgan,ProbabilityEstimation(KernelDensity()),12435,1,-85.18074180766405,1,-85.26381013525544
dpctgan,ProbabilityEstimation(KernelDensity()),12435,0,-85.03356133169558,1,-85.26381013525544
dpctgan,ProbabilityEstimation(KernelDensity()),12435,1,-84.76835835143764,1,-85.26381013525544
dpctgan,ProbabilityEstimation(KernelDensity()),12435,0,-84.83374114461917,1,-85.26381013525544
dpctgan,ProbabilityEstimation(KernelDensity()),12435,1,-85.28274425910361,0,-85.26381013525544
dpctgan,ProbabilityEstimation(KernelDensity()),12435,0,-84.76539995746347,1,-85.26381013525544
dpctgan,ProbabilityEstimation(KernelDensity()),12435,1,-85.08264797756901,1,-85.26381013525544
dpctgan,ProbabilityEstimation(KernelDensity()),12435,0,-84.40308801471741,1,-85.26381013525544
dpctgan,ProbabilityEstimation(KernelDensity()),12435,1,-84.94139570810779,1,-85.26381013525544
dpctgan,ProbabilityEstimation(KernelDensity()),12435,0,-84.76251927702111,1,-85.26381013525544
dpctgan,ProbabilityEstimation(KernelDensity()),12435,1,-84.35906597447936,1,-85.26381013525544
dpctgan,ProbabilityEstimation(KernelDensity()),12435,0,-84.71190892460203,1,-85.26381013525544
dpctgan,ProbabilityEstimation(KernelDensity()),12435,1,-84.92291504627568,1,-85.26381013525544
dpctgan,ProbabilityEstimation(KernelDensity()),12435,0,-84.82192291797045,1,-85.26381013525544
dpctgan,ProbabilityEstimation(KernelDensity()),12435,1,-84.88592266643808,1,-85.26381013525544
dpctgan,ProbabilityEstimation(KernelDensity()),12435,0,-85.17352688662773,1,-85.26381013525544
dpctgan,ProbabilityEstimation(KernelDensity()),12435,1,-84.50539029882707,1,-85.26381013525544
dpctgan,ProbabilityEstimation(KernelDensity()),12435,0,-85.05324902551015,1,-85.26381013525544
dpctgan,ProbabilityEstimation(KernelDensity()),12435,1,-85.24687190251632,1,-85.26381013525544
dpctgan,ProbabilityEstimation(KernelDensity()),12435,0,-84.88784379397862,1,-85.26381013525544
dpctgan,ProbabilityEstimation(KernelDensity()),12435,1,-84.25865799609653,1,-85.26381013525544
dpctgan,ProbabilityEstimation(KernelDensity()),12435,0,-84.43539457917085,1,-85.26381013525544
dpctgan,ProbabilityEstimation(KernelDensity()),12435,1,-84.95617911652627,1,-85.26381013525544
dpctgan,ProbabilityEstimation(KernelDensity()),12435,0,-84.59978769149825,1,-85.26381013525544
dpctgan,ProbabilityEstimation(KernelDensity()),12435,1,-85.15950628850702,1,-85.26381013525544
dpctgan,ProbabilityEstimation(KernelDensity()),12435,0,-84.85358103684023,1,-85.26381013525544
dpctgan,ProbabilityEstimation(KernelDensity()),12435,1,-85.20734499848423,1,-85.26381013525544
dpctgan,ProbabilityEstimation(KernelDensity()),12435,0,-85.3553122146069,0,-85.26381013525544
dpctgan,ProbabilityEstimation(KernelDensity()),12435,1,-85.07750181460361,1,-85.26381013525544
dpctgan,ProbabilityEstimation(KernelDensity()),12435,0,-84.9783191018889,1,-85.26381013525544
dpctgan,ProbabilityEstimation(KernelDensity()),12435,1,-85.26989241199765,0,-85.26381013525544
dpctgan,ProbabilityEstimation(KernelDensity()),12435,0,-84.91349760442844,1,-85.26381013525544
dpctgan,ProbabilityEstimation(KernelDensity()),12435,1,-84.75422896596793,1,-85.26381013525544
dpctgan,ProbabilityEstimation(KernelDensity()),12435,0,-85.14062157524432,1,-85.26381013525544
dpctgan,ProbabilityEstimation(KernelDensity()),12435,1,-85.02838746341061,1,-85.26381013525544
dpctgan,ProbabilityEstimation(KernelDensity()),12435,0,-84.76603662253139,1,-85.26381013525544
dpctgan,ProbabilityEstimation(KernelDensity()),12435,1,-85.00857992168044,1,-85.26381013525544
dpctgan,ProbabilityEstimation(KernelDensity()),12435,0,-84.83337643248045,1,-85.26381013525544
dpctgan,ProbabilityEstimation(KernelDensity()),12435,1,-85.12669883442331,1,-85.26381013525544
dpctgan,ProbabilityEstimation(KernelDensity()),12435,0,-85.21336262462738,1,-85.26381013525544
dpctgan,ProbabilityEstimation(KernelDensity()),12435,1,-84.81688846078723,1,-85.26381013525544
dpctgan,ProbabilityEstimation(KernelDensity()),12435,0,-84.73588702948862,1,-85.26381013525544
dpctgan,ProbabilityEstimation(KernelDensity()),12435,1,-84.86294293106583,1,-85.26381013525544
dpctgan,ProbabilityEstimation(KernelDensity()),12435,0,-85.36770685277551,0,-85.26381013525544
dpctgan,ProbabilityEstimation(KernelDensity()),12435,1,-85.00630459563547,1,-85.26381013525544
dpctgan,ProbabilityEstimation(KernelDensity()),12435,0,-84.69138524210385,1,-85.26381013525544
dpctgan,ProbabilityEstimation(KernelDensity()),12435,1,-85.18764502067677,1,-85.26381013525544
dpctgan,ProbabilityEstimation(KernelDensity()),12435,0,-84.90135008326524,1,-85.26381013525544
dpctgan,ProbabilityEstimation(KernelDensity()),12435,1,-84.1980585627813,1,-85.26381013525544
dpctgan,ProbabilityEstimation(KernelDensity()),12435,0,-84.29951016561344,1,-85.26381013525544
dpctgan,ProbabilityEstimation(KernelDensity()),12435,1,-84.81728039335336,1,-85.26381013525544
dpctgan,ProbabilityEstimation(KernelDensity()),12435,0,-85.37259499830432,0,-85.26381013525544
dpctgan,ProbabilityEstimation(KernelDensity()),12435,1,-85.51471877429412,0,-85.26381013525544
dpctgan,ProbabilityEstimation(KernelDensity()),12435,0,-85.19613126905399,1,-85.26381013525544
dpctgan,ProbabilityEstimation(KernelDensity()),12435,1,-84.16884200796137,1,-85.26381013525544
dpctgan,ProbabilityEstimation(KernelDensity()),12435,0,-84.58145066789518,1,-85.26381013525544
dpctgan,ProbabilityEstimation(KernelDensity()),12435,1,-85.12399731491584,1,-85.26381013525544
dpctgan,ProbabilityEstimation(KernelDensity()),12435,0,-83.98506036476716,1,-85.26381013525544
dpctgan,ProbabilityEstimation(KernelDensity()),12435,1,-84.86211872958752,1,-85.26381013525544
dpctgan,ProbabilityEstimation(KernelDensity()),12435,0,-84.92601602243408,1,-85.26381013525544
dpctgan,ProbabilityEstimation(KernelDensity()),12435,1,-84.73299728692824,1,-85.26381013525544
dpctgan,ProbabilityEstimation(KernelDensity()),12435,0,-84.71916440837413,1,-85.26381013525544
dpctgan,ProbabilityEstimation(KernelDensity()),12435,1,-84.24587512680841,1,-85.26381013525544
dpctgan,ProbabilityEstimation(KernelDensity()),12435,0,-84.55568347943272,1,-85.26381013525544
dpctgan,ProbabilityEstimation(KernelDensity()),12435,1,-85.04506423327312,1,-85.26381013525544
dpctgan,ProbabilityEstimation(KernelDensity()),12435,0,-85.27494591517676,0,-85.26381013525544
dpctgan,ProbabilityEstimation(KernelDensity()),12435,1,-84.38737077618,1,-85.26381013525544
dpctgan,ProbabilityEstimation(KernelDensity()),12435,0,-84.72865844190379,1,-85.26381013525544
dpctgan,ProbabilityEstimation(KernelDensity()),12435,1,-84.63969656611725,1,-85.26381013525544
dpctgan,ProbabilityEstimation(KernelDensity()),12435,0,-84.9376610952697,1,-85.26381013525544
dpctgan,ProbabilityEstimation(KernelDensity()),12435,1,-84.2726562314977,1,-85.26381013525544
dpctgan,ProbabilityEstimation(KernelDensity()),12435,0,-85.34020771447948,0,-85.26381013525544
dpctgan,ProbabilityEstimation(KernelDensity()),12435,1,-84.82174054370864,1,-85.26381013525544
dpctgan,ProbabilityEstimation(KernelDensity()),12435,0,-84.87953205382422,1,-85.26381013525544
dpctgan,ProbabilityEstimation(KernelDensity()),12435,1,-85.28687792960763,0,-85.26381013525544
dpctgan,ProbabilityEstimation(KernelDensity()),12435,0,-84.69600894953363,1,-85.26381013525544
dpctgan,ProbabilityEstimation(KernelDensity()),12435,1,-84.8549900666804,1,-85.26381013525544
dpctgan,ProbabilityEstimation(KernelDensity()),12435,0,-85.11997885105943,1,-85.26381013525544
dpctgan,ProbabilityEstimation(KernelDensity()),12435,1,-85.1328124658508,1,-85.26381013525544
dpctgan,ProbabilityEstimation(KernelDensity()),12435,0,-84.92786692710706,1,-85.26381013525544
dpctgan,ProbabilityEstimation(KernelDensity()),12435,1,-85.21721230725836,1,-85.26381013525544
dpctgan,ProbabilityEstimation(KernelDensity()),12435,0,-85.17990233458065,1,-85.26381013525544
dpctgan,ProbabilityEstimation(KernelDensity()),12435,1,-85.10959561533461,1,-85.26381013525544
dpctgan,ProbabilityEstimation(KernelDensity()),12435,0,-85.48780625976492,0,-85.26381013525544
dpctgan,ProbabilityEstimation(KernelDensity()),12435,1,-85.03315197272701,1,-85.26381013525544
dpctgan,ProbabilityEstimation(KernelDensity()),12435,0,-85.13599351699888,1,-85.26381013525544
dpctgan,ProbabilityEstimation(KernelDensity()),12435,1,-84.79776126594206,1,-85.26381013525544
dpctgan,ProbabilityEstimation(KernelDensity()),12435,0,-84.88167592978854,1,-85.26381013525544
dpctgan,ProbabilityEstimation(KernelDensity()),12435,1,-85.07266764375753,1,-85.26381013525544
dpctgan,ProbabilityEstimation(KernelDensity()),12435,0,-85.06095044550169,1,-85.26381013525544
dpctgan,ProbabilityEstimation(KernelDensity()),12435,1,-85.33493199388047,0,-85.26381013525544
dpctgan,ProbabilityEstimation(KernelDensity()),12435,0,-84.8711740913508,1,-85.26381013525544
dpctgan,ProbabilityEstimation(KernelDensity()),12435,1,-85.47780713780384,0,-85.26381013525544
dpctgan,ProbabilityEstimation(KernelDensity()),12435,0,-85.56269244042475,0,-85.26381013525544
dpctgan,ProbabilityEstimation(KernelDensity()),12435,1,-85.19443376710635,1,-85.26381013525544
dpctgan,ProbabilityEstimation(KernelDensity()),12435,0,-85.29613016468096,0,-85.26381013525544
dpctgan,ProbabilityEstimation(KernelDensity()),12435,1,-85.31301920430265,0,-85.26381013525544
dpctgan,ProbabilityEstimation(KernelDensity()),12435,0,-85.60126023752265,0,-85.26381013525544
dpctgan,ProbabilityEstimation(KernelDensity()),12435,1,-84.39738726650565,1,-85.26381013525544
dpctgan,ProbabilityEstimation(KernelDensity()),12435,0,-84.5533531041165,1,-85.26381013525544
dpctgan,ProbabilityEstimation(KernelDensity()),12435,1,-84.62441933716535,1,-85.26381013525544
dpctgan,ProbabilityEstimation(KernelDensity()),12435,0,-84.62453001167756,1,-85.26381013525544
dpctgan,ProbabilityEstimation(KernelDensity()),12435,1,-84.94226394605072,1,-85.26381013525544
dpctgan,ProbabilityEstimation(KernelDensity()),12435,0,-85.12661423134024,1,-85.26381013525544
dpctgan,ProbabilityEstimation(KernelDensity()),12435,1,-84.74655185635157,1,-85.26381013525544
dpctgan,ProbabilityEstimation(KernelDensity()),12435,0,-85.03172438337451,1,-85.26381013525544
dpctgan,ProbabilityEstimation(KernelDensity()),12435,1,-84.96290355823903,1,-85.26381013525544
dpctgan,ProbabilityEstimation(KernelDensity()),12435,0,-83.9779644455439,1,-85.26381013525544
dpctgan,ProbabilityEstimation(KernelDensity()),12435,1,-85.49064102855014,0,-85.26381013525544
dpctgan,ProbabilityEstimation(KernelDensity()),12435,0,-84.86505123222885,1,-85.26381013525544
dpctgan,ProbabilityEstimation(KernelDensity()),12435,1,-84.41831659678907,1,-85.26381013525544
dpctgan,ProbabilityEstimation(KernelDensity()),12435,0,-84.8060983479776,1,-85.26381013525544
dpctgan,ProbabilityEstimation(KernelDensity()),12435,1,-84.61041715513703,1,-85.26381013525544
dpctgan,ProbabilityEstimation(KernelDensity()),12435,0,-85.27309829203287,0,-85.26381013525544
dpctgan,ProbabilityEstimation(KernelDensity()),12435,1,-84.36874676760333,1,-85.26381013525544
dpctgan,ProbabilityEstimation(KernelDensity()),12435,0,-84.58488074627142,1,-85.26381013525544
dpctgan,ProbabilityEstimation(KernelDensity()),12435,1,-84.85414491954793,1,-85.26381013525544
dpctgan,ProbabilityEstimation(KernelDensity()),12435,0,-84.51084803475395,1,-85.26381013525544
dpctgan,ProbabilityEstimation(KernelDensity()),12435,1,-84.69320194318904,1,-85.26381013525544
dpctgan,ProbabilityEstimation(KernelDensity()),12435,0,-85.66496211844921,0,-85.26381013525544
dpctgan,ProbabilityEstimation(KernelDensity()),12435,1,-84.83271057532622,1,-85.26381013525544
dpctgan,ProbabilityEstimation(KernelDensity()),12435,0,-84.23586622549071,1,-85.26381013525544
dpctgan,ProbabilityEstimation(KernelDensity()),12435,1,-84.90236582474752,1,-85.26381013525544
dpctgan,ProbabilityEstimation(KernelDensity()),12435,0,-84.25164008337438,1,-85.26381013525544
dpctgan,ProbabilityEstimation(KernelDensity()),12435,1,-84.13007529694869,1,-85.26381013525544
dpctgan,ProbabilityEstimation(KernelDensity()),12435,0,-84.22707474625477,1,-85.26381013525544
dpctgan,ProbabilityEstimation(KernelDensity()),12435,1,-84.86187795144292,1,-85.26381013525544
dpctgan,ProbabilityEstimation(KernelDensity()),12435,0,-85.2879413950694,0,-85.26381013525544
dpctgan,ProbabilityEstimation(KernelDensity()),12435,1,-85.25071291578573,1,-85.26381013525544
dpctgan,ProbabilityEstimation(KernelDensity()),12435,0,-84.76098648726237,1,-85.26381013525544
dpctgan,ProbabilityEstimation(KernelDensity()),12435,1,-85.22337755412612,1,-85.26381013525544
dpctgan,ProbabilityEstimation(KernelDensity()),12435,0,-85.18808748396866,1,-85.26381013525544
dpctgan,ProbabilityEstimation(KernelDensity()),12435,1,-84.53749295719912,1,-85.26381013525544
dpctgan,ProbabilityEstimation(KernelDensity()),12435,0,-85.12992533363601,1,-85.26381013525544
dpctgan,ProbabilityEstimation(KernelDensity()),12435,1,-84.87845483685096,1,-85.26381013525544
dpctgan,ProbabilityEstimation(KernelDensity()),12435,0,-85.17526709624497,1,-85.26381013525544
dpctgan,ProbabilityEstimation(KernelDensity()),12435,1,-85.03939285983313,1,-85.26381013525544
dpctgan,ProbabilityEstimation(KernelDensity()),12435,0,-84.71039906037122,1,-85.26381013525544
dpctgan,ProbabilityEstimation(KernelDensity()),12435,1,-84.61189078252102,1,-85.26381013525544
dpctgan,ProbabilityEstimation(KernelDensity()),12435,0,-84.66574189271537,1,-85.26381013525544
dpctgan,ProbabilityEstimation(KernelDensity()),12435,1,-85.07417200534698,1,-85.26381013525544
dpctgan,ProbabilityEstimation(KernelDensity()),12435,0,-85.07069517368548,1,-85.26381013525544
dpctgan,ProbabilityEstimation(KernelDensity()),12435,1,-84.9558751406077,1,-85.26381013525544
dpctgan,ProbabilityEstimation(KernelDensity()),12435,0,-85.09469902228493,1,-85.26381013525544
dpctgan,ProbabilityEstimation(KernelDensity()),12435,1,-84.83326026943082,1,-85.26381013525544
dpctgan,ProbabilityEstimation(KernelDensity()),12435,0,-84.78230015258293,1,-85.26381013525544
dpctgan,ProbabilityEstimation(KernelDensity()),12435,1,-85.55366692967,0,-85.26381013525544
dpctgan,ProbabilityEstimation(KernelDensity()),12435,0,-84.85501513848335,1,-85.26381013525544
dpctgan,ProbabilityEstimation(KernelDensity()),12435,1,-84.72170222726028,1,-85.26381013525544
dpctgan,ProbabilityEstimation(KernelDensity()),12435,0,-84.85357159373902,1,-85.26381013525544
dpctgan,ProbabilityEstimation(KernelDensity()),12435,1,-85.09228914257113,1,-85.26381013525544
dpctgan,ProbabilityEstimation(KernelDensity()),12435,0,-85.11459497758412,1,-85.26381013525544
dpctgan,ProbabilityEstimation(KernelDensity()),12435,1,-84.95227648874524,1,-85.26381013525544
dpctgan,ProbabilityEstimation(KernelDensity()),12435,0,-84.77343729850558,1,-85.26381013525544
dpctgan,ProbabilityEstimation(KernelDensity()),12435,1,-84.48887910140157,1,-85.26381013525544
dpctgan,ProbabilityEstimation(KernelDensity()),12435,0,-85.06070487909788,1,-85.26381013525544
dpctgan,ProbabilityEstimation(KernelDensity()),12435,1,-84.13953982774973,1,-85.26381013525544
dpctgan,ProbabilityEstimation(KernelDensity()),12435,0,-84.92654461521062,1,-85.26381013525544
dpctgan,ProbabilityEstimation(KernelDensity()),12435,1,-84.88036428063496,1,-85.26381013525544
dpctgan,ProbabilityEstimation(KernelDensity()),12435,0,-85.18351444981172,1,-85.26381013525544
dpctgan,ProbabilityEstimation(KernelDensity()),12435,1,-85.09513244758057,1,-85.26381013525544
dpctgan,ProbabilityEstimation(KernelDensity()),12435,0,-84.79921722833089,1,-85.26381013525544
dpctgan,ProbabilityEstimation(KernelDensity()),12435,1,-85.12686621097434,1,-85.26381013525544
dpctgan,ProbabilityEstimation(KernelDensity()),12435,0,-84.75882462789005,1,-85.26381013525544
dpctgan,ProbabilityEstimation(KernelDensity()),12435,1,-84.87516983082315,1,-85.26381013525544
dpctgan,ProbabilityEstimation(KernelDensity()),12435,0,-84.64592890031115,1,-85.26381013525544
dpctgan,ProbabilityEstimation(KernelDensity()),12435,1,-84.51284720270394,1,-85.26381013525544
dpctgan,ProbabilityEstimation(KernelDensity()),12435,0,-84.57745617463311,1,-85.26381013525544
dpctgan,ProbabilityEstimation(KernelDensity()),12435,1,-85.224926266511,1,-85.26381013525544
dpctgan,ProbabilityEstimation(KernelDensity()),12435,0,-84.83077320454264,1,-85.26381013525544
dpctgan,ProbabilityEstimation(KernelDensity()),12435,1,-85.21975154260856,1,-85.26381013525544
dpctgan,ProbabilityEstimation(KernelDensity()),12435,0,-85.16260862633507,1,-85.26381013525544
dpctgan,ProbabilityEstimation(KernelDensity()),12435,1,-84.98202537344511,1,-85.26381013525544
dpctgan,ProbabilityEstimation(KernelDensity()),12435,0,-84.55750046776984,1,-85.26381013525544
dpctgan,ProbabilityEstimation(KernelDensity()),12435,1,-85.09265975367393,1,-85.26381013525544
dpctgan,ProbabilityEstimation(KernelDensity()),12435,0,-85.09901809472215,1,-85.26381013525544
dpctgan,ProbabilityEstimation(KernelDensity()),12435,1,-85.4485597819477,0,-85.26381013525544
dpctgan,ProbabilityEstimation(KernelDensity()),12435,0,-84.40933239799362,1,-85.26381013525544
dpctgan,ProbabilityEstimation(KernelDensity()),12435,1,-85.3531269026921,0,-85.26381013525544
dpctgan,ProbabilityEstimation(KernelDensity()),12435,0,-85.11109347582267,1,-85.26381013525544
dpctgan,ProbabilityEstimation(KernelDensity()),12435,1,-84.62225131888053,1,-85.26381013525544
dpctgan,ProbabilityEstimation(KernelDensity()),12435,0,-84.75131225590849,1,-85.26381013525544
dpctgan,ProbabilityEstimation(KernelDensity()),12435,1,-84.24271466290894,1,-85.26381013525544
dpctgan,ProbabilityEstimation(KernelDensity()),12435,0,-84.76996106137227,1,-85.26381013525544
dpctgan,ProbabilityEstimation(KernelDensity()),12435,1,-84.48651868597895,1,-85.26381013525544
dpctgan,ProbabilityEstimation(KernelDensity()),12435,0,-84.35199469937503,1,-85.26381013525544
dpctgan,ProbabilityEstimation(KernelDensity()),12435,1,-85.11935939225545,1,-85.26381013525544
dpctgan,ProbabilityEstimation(KernelDensity()),12435,0,-85.39402124496148,0,-85.26381013525544
dpctgan,ProbabilityEstimation(KernelDensity()),12435,1,-84.60218121901808,1,-85.26381013525544
dpctgan,ProbabilityEstimation(KernelDensity()),12435,0,-84.52985703032607,1,-85.26381013525544
dpctgan,ProbabilityEstimation(KernelDensity()),12435,1,-84.33038623455225,1,-85.26381013525544
dpctgan,ProbabilityEstimation(KernelDensity()),12435,0,-85.13646908549174,1,-85.26381013525544
dpctgan,ProbabilityEstimation(KernelDensity()),12435,1,-84.85064064405222,1,-85.26381013525544
dpctgan,ProbabilityEstimation(KernelDensity()),12435,0,-84.93291750294539,1,-85.26381013525544
dpctgan,ProbabilityEstimation(KernelDensity()),12435,1,-84.6244060506889,1,-85.26381013525544
dpctgan,ProbabilityEstimation(KernelDensity()),12435,0,-85.19517149975337,1,-85.26381013525544
dpctgan,ProbabilityEstimation(KernelDensity()),12435,1,-84.57639907535868,1,-85.26381013525544
dpctgan,ProbabilityEstimation(KernelDensity()),12435,0,-85.16142406759253,1,-85.26381013525544
dpctgan,ProbabilityEstimation(KernelDensity()),12435,1,-85.17121905141944,1,-85.26381013525544
dpctgan,ProbabilityEstimation(KernelDensity()),12435,0,-84.57757571698644,1,-85.26381013525544
dpctgan,ProbabilityEstimation(KernelDensity()),12435,1,-85.59964245708204,0,-85.26381013525544
dpctgan,ProbabilityEstimation(KernelDensity()),12435,0,-84.78444058816079,1,-85.26381013525544
dpctgan,ProbabilityEstimation(KernelDensity()),12435,1,-84.8799894289342,1,-85.26381013525544
dpctgan,ProbabilityEstimation(KernelDensity()),12435,0,-84.98235443992624,1,-85.26381013525544
dpctgan,ProbabilityEstimation(KernelDensity()),12435,1,-85.30053152655815,0,-85.26381013525544
dpctgan,ProbabilityEstimation(KernelDensity()),12435,0,-85.19438055100072,1,-85.26381013525544
dpctgan,ProbabilityEstimation(KernelDensity()),12435,1,-84.71338778165865,1,-85.26381013525544
dpctgan,ProbabilityEstimation(KernelDensity()),12435,0,-85.00104458730597,1,-85.26381013525544
dpctgan,ProbabilityEstimation(KernelDensity()),12435,1,-84.980019196999,1,-85.26381013525544
dpctgan,ProbabilityEstimation(KernelDensity()),12435,0,-84.56212438869798,1,-85.26381013525544
dpctgan,ProbabilityEstimation(KernelDensity()),12435,1,-84.86614506807983,1,-85.26381013525544
dpctgan,ProbabilityEstimation(KernelDensity()),12435,0,-85.23089996901298,1,-85.26381013525544
dpctgan,ProbabilityEstimation(KernelDensity()),12435,1,-85.03861366389008,1,-85.26381013525544
dpctgan,ProbabilityEstimation(KernelDensity()),12435,0,-84.75102369037936,1,-85.26381013525544
dpctgan,ProbabilityEstimation(KernelDensity()),12435,1,-84.52214679296925,1,-85.26381013525544
dpctgan,ProbabilityEstimation(KernelDensity()),12435,0,-85.55286961446255,0,-85.26381013525544
dpctgan,ProbabilityEstimation(KernelDensity()),12435,1,-84.62098603185659,1,-85.26381013525544
dpctgan,ProbabilityEstimation(KernelDensity()),12435,0,-84.44174896935931,1,-85.26381013525544
dpctgan,ProbabilityEstimation(KernelDensity()),12435,1,-85.21802334180927,1,-85.26381013525544
dpctgan,ProbabilityEstimation(KernelDensity()),12435,0,-85.36016452941415,0,-85.26381013525544
dpctgan,ProbabilityEstimation(KernelDensity()),12435,1,-85.00594460092466,1,-85.26381013525544
dpctgan,ProbabilityEstimation(KernelDensity()),12435,0,-85.20739292199433,1,-85.26381013525544
dpctgan,ProbabilityEstimation(KernelDensity()),12435,1,-84.65014375343756,1,-85.26381013525544
dpctgan,ProbabilityEstimation(KernelDensity()),12435,0,-84.97411582897884,1,-85.26381013525544
dpctgan,ProbabilityEstimation(KernelDensity()),12435,1,-84.73428459932185,1,-85.26381013525544
dpctgan,ProbabilityEstimation(KernelDensity()),12435,0,-84.86581905972147,1,-85.26381013525544
dpctgan,ProbabilityEstimation(KernelDensity()),12435,1,-84.78949356997252,1,-85.26381013525544
dpctgan,ProbabilityEstimation(KernelDensity()),12435,0,-85.49916086736947,0,-85.26381013525544
dpctgan,ProbabilityEstimation(KernelDensity()),12435,1,-85.0649481445986,1,-85.26381013525544
dpctgan,ProbabilityEstimation(KernelDensity()),12435,0,-84.80655215293173,1,-85.26381013525544
dpctgan,ProbabilityEstimation(KernelDensity()),12435,1,-84.59749816487226,1,-85.26381013525544
dpctgan,ProbabilityEstimation(KernelDensity()),12435,0,-85.49374035364796,0,-85.26381013525544
dpctgan,ProbabilityEstimation(KernelDensity()),12435,1,-84.88998789971659,1,-85.26381013525544
dpctgan,ProbabilityEstimation(KernelDensity()),12435,0,-84.77809594404002,1,-85.26381013525544
dpctgan,ProbabilityEstimation(KernelDensity()),12435,1,-85.06087321432858,1,-85.26381013525544
dpctgan,ProbabilityEstimation(KernelDensity()),12435,0,-84.63112351434718,1,-85.26381013525544
dpctgan,ProbabilityEstimation(KernelDensity()),12435,1,-84.97187764377031,1,-85.26381013525544
dpctgan,ProbabilityEstimation(KernelDensity()),12435,0,-84.95334194914054,1,-85.26381013525544
dpctgan,ProbabilityEstimation(KernelDensity()),12435,1,-85.02442797661863,1,-85.26381013525544
dpctgan,ProbabilityEstimation(KernelDensity()),12435,0,-85.15892265025204,1,-85.26381013525544
dpctgan,ProbabilityEstimation(KernelDensity()),12435,1,-84.9941618407745,1,-85.26381013525544
dpctgan,ProbabilityEstimation(KernelDensity()),12435,0,-85.31422994563245,0,-85.26381013525544
dpctgan,ProbabilityEstimation(KernelDensity()),12435,1,-85.13127370542091,1,-85.26381013525544
dpctgan,ProbabilityEstimation(KernelDensity()),12435,0,-85.19335843743525,1,-85.26381013525544
dpctgan,ProbabilityEstimation(KernelDensity()),12435,1,-85.21128011873716,1,-85.26381013525544
dpctgan,ProbabilityEstimation(KernelDensity()),12435,0,-85.30277093560557,0,-85.26381013525544
dpctgan,ProbabilityEstimation(KernelDensity()),12435,1,-84.64138884927716,1,-85.26381013525544
dpctgan,ProbabilityEstimation(KernelDensity()),12435,0,-85.11096845632571,1,-85.26381013525544
dpctgan,ProbabilityEstimation(KernelDensity()),12435,1,-85.23458989077612,1,-85.26381013525544
dpctgan,ProbabilityEstimation(KernelDensity()),12435,0,-84.94389974428054,1,-85.26381013525544
dpctgan,ProbabilityEstimation(KernelDensity()),12435,1,-84.81372698006085,1,-85.26381013525544
dpctgan,ProbabilityEstimation(KernelDensity()),12435,0,-84.72631782442508,1,-85.26381013525544
dpctgan,ProbabilityEstimation(KernelDensity()),12435,1,-85.2403206661269,1,-85.26381013525544
dpctgan,ProbabilityEstimation(KernelDensity()),12435,0,-84.27664454341593,1,-85.26381013525544
dpctgan,ProbabilityEstimation(KernelDensity()),12435,1,-84.52773384402703,1,-85.26381013525544
dpctgan,ProbabilityEstimation(KernelDensity()),12435,0,-84.96174630795757,1,-85.26381013525544
dpctgan,ProbabilityEstimation(KernelDensity()),12435,1,-84.15633368001039,1,-85.26381013525544
dpctgan,ProbabilityEstimation(KernelDensity()),12435,0,-84.60611407753527,1,-85.26381013525544
dpctgan,ProbabilityEstimation(KernelDensity()),12435,1,-84.65270179121732,1,-85.26381013525544
dpctgan,ProbabilityEstimation(KernelDensity()),12435,0,-84.58560787208734,1,-85.26381013525544
dpctgan,ProbabilityEstimation(KernelDensity()),12435,1,-84.8824767668408,1,-85.26381013525544
dpctgan,ProbabilityEstimation(KernelDensity()),12435,0,-85.14401700243114,1,-85.26381013525544
dpctgan,ProbabilityEstimation(KernelDensity()),12435,1,-85.07843742997991,1,-85.26381013525544
dpctgan,ProbabilityEstimation(KernelDensity()),12435,0,-85.4348392492697,0,-85.26381013525544
dpctgan,ProbabilityEstimation(KernelDensity()),12435,1,-84.80841758950825,1,-85.26381013525544
dpctgan,ProbabilityEstimation(KernelDensity()),12435,0,-84.84681627240406,1,-85.26381013525544
dpctgan,ProbabilityEstimation(KernelDensity()),12435,1,-85.09042060729439,1,-85.26381013525544
dpctgan,ProbabilityEstimation(KernelDensity()),12435,0,-84.55124359818898,1,-85.26381013525544
dpctgan,ProbabilityEstimation(KernelDensity()),12435,1,-84.86623130358329,1,-85.26381013525544
dpctgan,ProbabilityEstimation(KernelDensity()),12435,0,-84.9277255566338,1,-85.26381013525544
dpctgan,ProbabilityEstimation(KernelDensity()),12435,1,-84.68645621606088,1,-85.26381013525544
dpctgan,ProbabilityEstimation(KernelDensity()),12435,0,-85.16897882353301,1,-85.26381013525544
dpctgan,ProbabilityEstimation(KernelDensity()),12435,1,-85.25007685356226,1,-85.26381013525544
dpctgan,ProbabilityEstimation(KernelDensity()),12435,0,-84.84599171283028,1,-85.26381013525544
dpctgan,ProbabilityEstimation(KernelDensity()),12435,1,-84.74563733685937,1,-85.26381013525544
dpctgan,ProbabilityEstimation(KernelDensity()),12435,0,-84.39541693281778,1,-85.26381013525544
dpctgan,ProbabilityEstimation(KernelDensity()),12435,1,-84.83854383055842,1,-85.26381013525544
dpctgan,ProbabilityEstimation(KernelDensity()),12435,0,-85.1704712178761,1,-85.26381013525544
dpctgan,ProbabilityEstimation(KernelDensity()),12435,1,-85.33013959434578,0,-85.26381013525544
dpctgan,ProbabilityEstimation(KernelDensity()),12435,0,-84.8795901253547,1,-85.26381013525544
dpctgan,ProbabilityEstimation(KernelDensity()),12435,1,-84.68739147746686,1,-85.26381013525544
dpctgan,ProbabilityEstimation(KernelDensity()),12435,0,-85.44397134158658,0,-85.26381013525544
dpctgan,ProbabilityEstimation(KernelDensity()),12435,1,-84.79474210561811,1,-85.26381013525544
dpctgan,ProbabilityEstimation(KernelDensity()),12435,0,-85.16991229451948,1,-85.26381013525544
dpctgan,ProbabilityEstimation(KernelDensity()),12435,1,-85.65548191360126,0,-85.26381013525544
dpctgan,ProbabilityEstimation(KernelDensity()),12435,0,-85.36844747729597,0,-85.26381013525544
dpctgan,ProbabilityEstimation(KernelDensity()),12435,1,-85.21449693416501,1,-85.26381013525544
dpctgan,ProbabilityEstimation(KernelDensity()),12435,0,-84.93260537176702,1,-85.26381013525544
dpctgan,ProbabilityEstimation(KernelDensity()),12435,1,-84.61612477762226,1,-85.26381013525544
dpctgan,ProbabilityEstimation(KernelDensity()),12435,0,-84.51736498027053,1,-85.26381013525544
dpctgan,ProbabilityEstimation(KernelDensity()),12435,1,-84.45690582726057,1,-85.26381013525544
dpctgan,ProbabilityEstimation(KernelDensity()),12435,0,-85.46399941244381,0,-85.26381013525544
dpctgan,ProbabilityEstimation(KernelDensity()),12435,1,-84.91605192844077,1,-85.26381013525544
dpctgan,ProbabilityEstimation(KernelDensity()),12435,0,-84.3007194171542,1,-85.26381013525544
dpctgan,ProbabilityEstimation(KernelDensity()),12435,1,-84.58402448762924,1,-85.26381013525544
dpctgan,ProbabilityEstimation(KernelDensity()),12435,0,-84.75305338385085,1,-85.26381013525544
dpctgan,ProbabilityEstimation(KernelDensity()),12435,1,-85.37523079489458,0,-85.26381013525544
dpctgan,ProbabilityEstimation(KernelDensity()),12435,0,-84.83817813456739,1,-85.26381013525544
dpctgan,ProbabilityEstimation(KernelDensity()),12435,1,-84.96111319323428,1,-85.26381013525544
dpctgan,ProbabilityEstimation(KernelDensity()),12435,0,-84.5351363874539,1,-85.26381013525544
dpctgan,ProbabilityEstimation(KernelDensity()),12435,1,-85.02902773601254,1,-85.26381013525544
dpctgan,ProbabilityEstimation(KernelDensity()),12435,0,-85.07387589028613,1,-85.26381013525544
dpctgan,ProbabilityEstimation(KernelDensity()),12435,1,-85.18738958682731,1,-85.26381013525544
dpctgan,ProbabilityEstimation(KernelDensity()),12435,0,-85.12813623562333,1,-85.26381013525544
dpctgan,ProbabilityEstimation(KernelDensity()),12435,1,-85.0024128401127,1,-85.26381013525544
dpctgan,ProbabilityEstimation(KernelDensity()),12435,0,-85.34246175772181,0,-85.26381013525544
dpctgan,ProbabilityEstimation(KernelDensity()),12435,1,-85.02445227253446,1,-85.26381013525544
dpctgan,ProbabilityEstimation(KernelDensity()),12435,0,-84.76072556053143,1,-85.26381013525544
dpctgan,ProbabilityEstimation(KernelDensity()),12435,1,-84.62547987461849,1,-85.26381013525544
dpctgan,ProbabilityEstimation(KernelDensity()),12435,0,-84.48219463185751,1,-85.26381013525544
dpctgan,ProbabilityEstimation(KernelDensity()),12435,1,-84.69048778436759,1,-85.26381013525544
dpctgan,ProbabilityEstimation(KernelDensity()),12435,0,-84.90120184335393,1,-85.26381013525544
dpctgan,ProbabilityEstimation(KernelDensity()),12435,1,-85.24051823139789,1,-85.26381013525544
dpctgan,ProbabilityEstimation(KernelDensity()),12435,0,-84.8761716382373,1,-85.26381013525544
dpctgan,ProbabilityEstimation(KernelDensity()),12435,1,-85.1743105230549,1,-85.26381013525544
dpctgan,ProbabilityEstimation(KernelDensity()),12435,0,-84.80174795832872,1,-85.26381013525544
dpctgan,ProbabilityEstimation(KernelDensity()),12435,1,-85.21913368638405,1,-85.26381013525544
dpctgan,ProbabilityEstimation(KernelDensity()),12435,0,-85.2629365185951,1,-85.26381013525544
dpctgan,ProbabilityEstimation(KernelDensity()),12435,1,-85.21942202481695,1,-85.26381013525544
dpctgan,ProbabilityEstimation(KernelDensity()),12435,0,-85.19434433511192,1,-85.26381013525544
dpctgan,ProbabilityEstimation(KernelDensity()),12435,1,-84.94177336107641,1,-85.26381013525544
dpctgan,ProbabilityEstimation(KernelDensity()),12435,0,-84.83297344450166,1,-85.26381013525544
dpctgan,ProbabilityEstimation(KernelDensity()),12435,1,-84.56510000330222,1,-85.26381013525544
dpctgan,ProbabilityEstimation(KernelDensity()),12435,0,-84.68910569776858,1,-85.26381013525544
dpctgan,ProbabilityEstimation(KernelDensity()),12435,1,-84.87159574696226,1,-85.26381013525544
dpctgan,ProbabilityEstimation(KernelDensity()),12435,0,-84.42156507463869,1,-85.26381013525544
dpctgan,ProbabilityEstimation(KernelDensity()),12435,1,-84.5115746151635,1,-85.26381013525544
dpctgan,ProbabilityEstimation(KernelDensity()),12435,0,-85.13608235953768,1,-85.26381013525544
dpctgan,ProbabilityEstimation(KernelDensity()),12435,1,-84.58941748207424,1,-85.26381013525544
dpctgan,ProbabilityEstimation(KernelDensity()),12435,0,-85.48634979911716,0,-85.26381013525544
dpctgan,ProbabilityEstimation(KernelDensity()),12435,1,-85.2428746385726,1,-85.26381013525544
dpctgan,ProbabilityEstimation(KernelDensity()),12435,0,-84.45590065236331,1,-85.26381013525544
dpctgan,ProbabilityEstimation(KernelDensity()),12435,1,-84.58607902904856,1,-85.26381013525544
dpctgan,ProbabilityEstimation(KernelDensity()),12435,0,-84.57484999272064,1,-85.26381013525544
dpctgan,ProbabilityEstimation(KernelDensity()),12435,1,-84.90770802663639,1,-85.26381013525544
dpctgan,ProbabilityEstimation(KernelDensity()),12435,0,-84.76897262871344,1,-85.26381013525544
dpctgan,ProbabilityEstimation(KernelDensity()),12435,1,-85.08074499073447,1,-85.26381013525544
dpctgan,ProbabilityEstimation(KernelDensity()),12435,0,-84.89880919219125,1,-85.26381013525544
dpctgan,ProbabilityEstimation(KernelDensity()),12435,1,-84.72808069355871,1,-85.26381013525544
dpctgan,ProbabilityEstimation(KernelDensity()),12435,0,-85.17376421208328,1,-85.26381013525544
dpctgan,ProbabilityEstimation(KernelDensity()),12435,1,-84.9140918649701,1,-85.26381013525544
dpctgan,ProbabilityEstimation(KernelDensity()),12435,0,-84.78046659657589,1,-85.26381013525544
dpctgan,ProbabilityEstimation(KernelDensity()),12435,1,-84.8981047753194,1,-85.26381013525544
dpctgan,ProbabilityEstimation(KernelDensity()),12435,0,-84.28764881843567,1,-85.26381013525544
dpctgan,ProbabilityEstimation(KernelDensity()),12435,1,-84.5926904359763,1,-85.26381013525544
dpctgan,ProbabilityEstimation(KernelDensity()),12435,0,-85.1126419694267,1,-85.26381013525544
dpctgan,ProbabilityEstimation(KernelDensity()),12435,1,-84.25101026967262,1,-85.26381013525544
dpctgan,ProbabilityEstimation(KernelDensity()),12435,0,-84.91334194273469,1,-85.26381013525544
dpctgan,ProbabilityEstimation(KernelDensity()),12435,1,-84.44067299657922,1,-85.26381013525544
dpctgan,ProbabilityEstimation(KernelDensity()),12435,0,-85.21977200152722,1,-85.26381013525544
dpctgan,ProbabilityEstimation(KernelDensity()),12435,1,-84.8374485560382,1,-85.26381013525544
dpctgan,ProbabilityEstimation(KernelDensity()),12435,0,-85.46642668569883,0,-85.26381013525544
dpctgan,ProbabilityEstimation(KernelDensity()),12435,1,-84.6297617942441,1,-85.26381013525544
dpctgan,ProbabilityEstimation(KernelDensity()),12435,0,-84.81464706642096,1,-85.26381013525544
dpctgan,ProbabilityEstimation(KernelDensity()),12435,1,-84.70050924132035,1,-85.26381013525544
dpctgan,ProbabilityEstimation(KernelDensity()),12435,0,-84.53902202508625,1,-85.26381013525544
dpctgan,ProbabilityEstimation(KernelDensity()),12435,1,-84.57928861070747,1,-85.26381013525544
dpctgan,ProbabilityEstimation(KernelDensity()),12435,0,-85.01058728648533,1,-85.26381013525544
dpctgan,ProbabilityEstimation(KernelDensity()),12435,1,-84.41181005031942,1,-85.26381013525544
dpctgan,ProbabilityEstimation(KernelDensity()),12435,0,-84.56262985265742,1,-85.26381013525544
dpctgan,ProbabilityEstimation(KernelDensity()),12435,1,-84.99260755527135,1,-85.26381013525544
dpctgan,ProbabilityEstimation(KernelDensity()),12435,0,-84.72031274021276,1,-85.26381013525544
dpctgan,ProbabilityEstimation(KernelDensity()),12435,1,-85.29651534021643,0,-85.26381013525544
dpctgan,ProbabilityEstimation(KernelDensity()),12435,0,-84.58093505856891,1,-85.26381013525544
dpctgan,ProbabilityEstimation(KernelDensity()),12435,1,-84.87233753916779,1,-85.26381013525544
dpctgan,ProbabilityEstimation(KernelDensity()),12435,0,-84.60687362953826,1,-85.26381013525544
dpctgan,ProbabilityEstimation(KernelDensity()),12435,1,-85.31385734941509,0,-85.26381013525544
dpctgan,ProbabilityEstimation(KernelDensity()),12435,0,-85.00777992308655,1,-85.26381013525544
dpctgan,ProbabilityEstimation(KernelDensity()),12435,1,-85.21583193476964,1,-85.26381013525544
dpctgan,ProbabilityEstimation(KernelDensity()),12435,0,-84.53435795545582,1,-85.26381013525544
dpctgan,ProbabilityEstimation(KernelDensity()),12435,1,-84.9160261465387,1,-85.26381013525544
dpctgan,ProbabilityEstimation(KernelDensity()),12435,0,-84.77162816315908,1,-85.26381013525544
dpctgan,ProbabilityEstimation(KernelDensity()),12435,1,-85.30980187277679,0,-85.26381013525544
dpctgan,ProbabilityEstimation(KernelDensity()),12435,0,-84.63130839862946,1,-85.26381013525544
dpctgan,ProbabilityEstimation(KernelDensity()),12435,1,-84.34090382949356,1,-85.26381013525544
dpctgan,ProbabilityEstimation(KernelDensity()),12435,0,-84.12400165031816,1,-85.26381013525544
dpctgan,ProbabilityEstimation(KernelDensity()),12435,1,-84.74237237439203,1,-85.26381013525544
dpctgan,ProbabilityEstimation(KernelDensity()),12435,0,-85.48139341221196,0,-85.26381013525544
dpctgan,ProbabilityEstimation(KernelDensity()),12435,1,-84.92383273758446,1,-85.26381013525544
dpctgan,ProbabilityEstimation(KernelDensity()),12435,0,-84.88270591749163,1,-85.26381013525544
dpctgan,ProbabilityEstimation(KernelDensity()),12435,1,-84.540781507398,1,-85.26381013525544
dpctgan,ProbabilityEstimation(KernelDensity()),12435,0,-84.45895526495417,1,-85.26381013525544
dpctgan,ProbabilityEstimation(KernelDensity()),12435,1,-85.16582434955802,1,-85.26381013525544
dpctgan,ProbabilityEstimation(KernelDensity()),12435,0,-85.37977715442324,0,-85.26381013525544
dpctgan,ProbabilityEstimation(KernelDensity()),12435,1,-84.92022244202313,1,-85.26381013525544
dpctgan,ProbabilityEstimation(KernelDensity()),12435,0,-84.6396284553837,1,-85.26381013525544
dpctgan,ProbabilityEstimation(KernelDensity()),12435,1,-84.82504552523926,1,-85.26381013525544
dpctgan,ProbabilityEstimation(KernelDensity()),12435,0,-84.71879858446161,1,-85.26381013525544
dpctgan,ProbabilityEstimation(KernelDensity()),12435,1,-84.7926417969578,1,-85.26381013525544
dpctgan,ProbabilityEstimation(KernelDensity()),12435,0,-85.07137307786289,1,-85.26381013525544
dpctgan,ProbabilityEstimation(KernelDensity()),12435,1,-84.54501971551949,1,-85.26381013525544
dpctgan,ProbabilityEstimation(KernelDensity()),12435,0,-85.20330860131548,1,-85.26381013525544
dpctgan,ProbabilityEstimation(KernelDensity()),12435,1,-84.9622774914825,1,-85.26381013525544
dpctgan,ProbabilityEstimation(KernelDensity()),12435,0,-84.86661692696696,1,-85.26381013525544
dpctgan,ProbabilityEstimation(KernelDensity()),12435,1,-84.72826084861092,1,-85.26381013525544
dpctgan,ProbabilityEstimation(KernelDensity()),12435,0,-85.31113291579871,0,-85.26381013525544
dpctgan,ProbabilityEstimation(KernelDensity()),12435,1,-84.78730940914754,1,-85.26381013525544
dpctgan,ProbabilityEstimation(KernelDensity()),12435,0,-84.90845132854349,1,-85.26381013525544
dpctgan,ProbabilityEstimation(KernelDensity()),12435,1,-85.42308453839848,0,-85.26381013525544
dpctgan,ProbabilityEstimation(KernelDensity()),12435,0,-84.449298170725,1,-85.26381013525544
dpctgan,ProbabilityEstimation(KernelDensity()),12435,1,-85.45599492382128,0,-85.26381013525544
dpctgan,ProbabilityEstimation(KernelDensity()),12435,0,-84.77687755258827,1,-85.26381013525544
dpctgan,ProbabilityEstimation(KernelDensity()),12435,1,-84.55196489628987,1,-85.26381013525544
dpctgan,ProbabilityEstimation(KernelDensity()),12435,0,-85.00284281184038,1,-85.26381013525544
dpctgan,ProbabilityEstimation(KernelDensity()),12435,1,-85.0866212754094,1,-85.26381013525544
dpctgan,ProbabilityEstimation(KernelDensity()),12435,0,-85.34569064127626,0,-85.26381013525544
dpctgan,ProbabilityEstimation(KernelDensity()),12435,1,-84.67766803960107,1,-85.26381013525544
dpctgan,ProbabilityEstimation(KernelDensity()),12435,0,-84.23354040945057,1,-85.26381013525544
dpctgan,ProbabilityEstimation(KernelDensity()),12435,1,-84.45316501238933,1,-85.26381013525544
dpctgan,ProbabilityEstimation(KernelDensity()),12435,0,-84.50302201237092,1,-85.26381013525544
dpctgan,ProbabilityEstimation(KernelDensity()),12435,1,-84.47174994014127,1,-85.26381013525544
dpctgan,ProbabilityEstimation(KernelDensity()),12435,0,-84.75633613004383,1,-85.26381013525544
dpctgan,ProbabilityEstimation(KernelDensity()),12435,1,-84.70093644348738,1,-85.26381013525544
dpctgan,ProbabilityEstimation(KernelDensity()),12435,0,-84.40499444728836,1,-85.26381013525544
dpctgan,ProbabilityEstimation(KernelDensity()),12435,1,-84.99225267803737,1,-85.26381013525544
dpctgan,ProbabilityEstimation(KernelDensity()),12435,0,-84.80080772163092,1,-85.26381013525544
dpctgan,ProbabilityEstimation(KernelDensity()),12435,1,-84.55310829720307,1,-85.26381013525544
dpctgan,ProbabilityEstimation(KernelDensity()),12435,0,-85.08344715322484,1,-85.26381013525544
dpctgan,ProbabilityEstimation(KernelDensity()),12435,1,-85.31748137183475,0,-85.26381013525544
dpctgan,ProbabilityEstimation(KernelDensity()),12435,0,-85.26850636880283,0,-85.26381013525544
dpctgan,ProbabilityEstimation(KernelDensity()),12435,1,-85.08436032628538,1,-85.26381013525544
dpctgan,ProbabilityEstimation(KernelDensity()),12435,0,-85.54622883539945,0,-85.26381013525544
dpctgan,ProbabilityEstimation(KernelDensity()),12435,1,-85.29967746889369,0,-85.26381013525544
dpctgan,ProbabilityEstimation(KernelDensity()),12435,0,-85.03086710324843,1,-85.26381013525544
dpctgan,ProbabilityEstimation(KernelDensity()),12435,1,-84.56716762304465,1,-85.26381013525544
dpctgan,ProbabilityEstimation(KernelDensity()),12435,0,-85.24294769074716,1,-85.26381013525544
dpctgan,ProbabilityEstimation(KernelDensity()),12435,1,-85.54215161699817,0,-85.26381013525544
dpctgan,ProbabilityEstimation(KernelDensity()),12435,0,-84.72511672794887,1,-85.26381013525544
dpctgan,ProbabilityEstimation(KernelDensity()),12435,1,-85.43994980763493,0,-85.26381013525544
dpctgan,ProbabilityEstimation(KernelDensity()),12435,0,-84.80503458137345,1,-85.26381013525544
dpctgan,ProbabilityEstimation(KernelDensity()),12435,1,-84.22578352860205,1,-85.26381013525544
dpctgan,ProbabilityEstimation(KernelDensity()),12435,0,-84.65458376867184,1,-85.26381013525544
dpctgan,ProbabilityEstimation(KernelDensity()),12435,1,-85.38795734840348,0,-85.26381013525544
dpctgan,ProbabilityEstimation(KernelDensity()),12435,0,-84.47401588866745,1,-85.26381013525544
dpctgan,ProbabilityEstimation(KernelDensity()),12435,1,-84.64651025024419,1,-85.26381013525544
dpctgan,ProbabilityEstimation(KernelDensity()),12435,0,-84.60292129328654,1,-85.26381013525544
dpctgan,ProbabilityEstimation(KernelDensity()),12435,1,-85.05840883884638,1,-85.26381013525544
dpctgan,ProbabilityEstimation(KernelDensity()),12435,0,-85.14644006310164,1,-85.26381013525544
dpctgan,ProbabilityEstimation(KernelDensity()),12435,1,-85.60513643650066,0,-85.26381013525544
dpctgan,ProbabilityEstimation(KernelDensity()),12435,0,-84.5185563658596,1,-85.26381013525544
dpctgan,ProbabilityEstimation(KernelDensity()),12435,1,-84.59089333274076,1,-85.26381013525544
dpctgan,ProbabilityEstimation(KernelDensity()),12435,0,-85.17580998626032,1,-85.26381013525544
dpctgan,ProbabilityEstimation(KernelDensity()),12435,1,-84.85215781539095,1,-85.26381013525544
dpctgan,ProbabilityEstimation(KernelDensity()),12435,0,-85.25916475984125,1,-85.26381013525544
dpctgan,ProbabilityEstimation(KernelDensity()),12435,1,-85.34734252178497,0,-85.26381013525544
dpctgan,ProbabilityEstimation(KernelDensity()),12435,0,-84.46568920245993,1,-85.26381013525544
dpctgan,ProbabilityEstimation(KernelDensity()),12435,1,-84.8911355694732,1,-85.26381013525544
dpctgan,ProbabilityEstimation(KernelDensity()),12435,0,-85.09279302803876,1,-85.26381013525544
dpctgan,ProbabilityEstimation(KernelDensity()),12435,1,-85.08539192018154,1,-85.26381013525544
dpctgan,ProbabilityEstimation(KernelDensity()),12435,0,-84.37153657572344,1,-85.26381013525544
dpctgan,ProbabilityEstimation(KernelDensity()),12435,1,-85.16905095134797,1,-85.26381013525544
dpctgan,ProbabilityEstimation(KernelDensity()),12435,0,-84.74763579018635,1,-85.26381013525544
dpctgan,ProbabilityEstimation(KernelDensity()),12435,1,-85.3066428388262,0,-85.26381013525544
dpctgan,ProbabilityEstimation(KernelDensity()),12435,0,-85.04846594723745,1,-85.26381013525544
dpctgan,ProbabilityEstimation(KernelDensity()),12435,1,-84.54348124680148,1,-85.26381013525544
dpctgan,ProbabilityEstimation(KernelDensity()),12435,0,-84.94125885624837,1,-85.26381013525544
dpctgan,ProbabilityEstimation(KernelDensity()),12435,1,-84.37118701502696,1,-85.26381013525544
dpctgan,ProbabilityEstimation(KernelDensity()),12435,0,-84.55755007049433,1,-85.26381013525544
dpctgan,ProbabilityEstimation(KernelDensity()),12435,1,-85.01670194039178,1,-85.26381013525544
dpctgan,ProbabilityEstimation(KernelDensity()),12435,0,-84.39694307806887,1,-85.26381013525544
dpctgan,ProbabilityEstimation(KernelDensity()),12435,1,-84.82926543200143,1,-85.26381013525544
dpctgan,ProbabilityEstimation(KernelDensity()),12435,0,-84.48306957043906,1,-85.26381013525544
dpctgan,ProbabilityEstimation(KernelDensity()),12435,1,-84.978423253483,1,-85.26381013525544
dpctgan,ProbabilityEstimation(KernelDensity()),12435,0,-84.71155964143259,1,-85.26381013525544
dpctgan,ProbabilityEstimation(KernelDensity()),12435,1,-84.94034916354221,1,-85.26381013525544
dpctgan,ProbabilityEstimation(KernelDensity()),12435,0,-85.09002564727155,1,-85.26381013525544
dpctgan,ProbabilityEstimation(KernelDensity()),12435,1,-84.44898184817536,1,-85.26381013525544
dpctgan,ProbabilityEstimation(KernelDensity()),12435,0,-84.84982131425726,1,-85.26381013525544
dpctgan,ProbabilityEstimation(KernelDensity()),12435,1,-84.40676491229009,1,-85.26381013525544
dpctgan,ProbabilityEstimation(KernelDensity()),12435,0,-84.85582020201898,1,-85.26381013525544
dpctgan,ProbabilityEstimation(KernelDensity()),12435,1,-84.4364598172096,1,-85.26381013525544
dpctgan,ProbabilityEstimation(KernelDensity()),12435,0,-85.03667295066442,1,-85.26381013525544
dpctgan,ProbabilityEstimation(KernelDensity()),12435,1,-84.69456837791547,1,-85.26381013525544
dpctgan,ProbabilityEstimation(KernelDensity()),12435,0,-85.4146550706428,0,-85.26381013525544
dpctgan,ProbabilityEstimation(KernelDensity()),12435,1,-84.57680816970246,1,-85.26381013525544
dpctgan,ProbabilityEstimation(KernelDensity()),12435,0,-85.42231862331326,0,-85.26381013525544
dpctgan,ProbabilityEstimation(KernelDensity()),12435,1,-85.18871517030371,1,-85.26381013525544
dpctgan,ProbabilityEstimation(KernelDensity()),12435,0,-84.95290913808725,1,-85.26381013525544
dpctgan,ProbabilityEstimation(KernelDensity()),12435,1,-85.06151451334085,1,-85.26381013525544
dpctgan,ProbabilityEstimation(KernelDensity()),12435,0,-84.38161123025985,1,-85.26381013525544
dpctgan,ProbabilityEstimation(KernelDensity()),12435,1,-84.87037120936749,1,-85.26381013525544
dpctgan,ProbabilityEstimation(KernelDensity()),12435,0,-84.84684483761835,1,-85.26381013525544
dpctgan,ProbabilityEstimation(KernelDensity()),12435,1,-84.60032603420962,1,-85.26381013525544
dpctgan,ProbabilityEstimation(KernelDensity()),12435,0,-84.98252654097398,1,-85.26381013525544
dpctgan,ProbabilityEstimation(KernelDensity()),12435,1,-85.04862463636776,1,-85.26381013525544
dpctgan,ProbabilityEstimation(KernelDensity()),12435,0,-84.47463173990238,1,-85.26381013525544
dpctgan,ProbabilityEstimation(KernelDensity()),12435,1,-85.08736253760294,1,-85.26381013525544
dpctgan,ProbabilityEstimation(KernelDensity()),12435,0,-84.59011334844966,1,-85.26381013525544
dpctgan,ProbabilityEstimation(KernelDensity()),12435,1,-85.23359455200217,1,-85.26381013525544
dpctgan,ProbabilityEstimation(KernelDensity()),12435,0,-84.8247339304583,1,-85.26381013525544
dpctgan,ProbabilityEstimation(KernelDensity()),12435,1,-84.1620368537151,1,-85.26381013525544
dpctgan,ProbabilityEstimation(KernelDensity()),12435,0,-84.5749708406494,1,-85.26381013525544
dpctgan,ProbabilityEstimation(KernelDensity()),12435,1,-84.32177795146336,1,-85.26381013525544
dpctgan,ProbabilityEstimation(KernelDensity()),12435,0,-84.4597239677579,1,-85.26381013525544
dpctgan,ProbabilityEstimation(KernelDensity()),12435,1,-85.23978722982974,1,-85.26381013525544
dpctgan,ProbabilityEstimation(KernelDensity()),12435,0,-85.31317138083025,0,-85.26381013525544
dpctgan,ProbabilityEstimation(KernelDensity()),12435,1,-85.31051819110502,0,-85.26381013525544
dpctgan,ProbabilityEstimation(KernelDensity()),12435,0,-84.25750387030008,1,-85.26381013525544
dpctgan,ProbabilityEstimation(KernelDensity()),12435,1,-84.51214164551757,1,-85.26381013525544
dpctgan,ProbabilityEstimation(KernelDensity()),12435,0,-84.49830164275333,1,-85.26381013525544
dpctgan,ProbabilityEstimation(KernelDensity()),12435,1,-84.19729786910008,1,-85.26381013525544
dpctgan,ProbabilityEstimation(KernelDensity()),12435,0,-84.94273216756558,1,-85.26381013525544
dpctgan,ProbabilityEstimation(KernelDensity()),12435,1,-85.20222278088572,1,-85.26381013525544
dpctgan,ProbabilityEstimation(KernelDensity()),12435,0,-84.98116261519847,1,-85.26381013525544
dpctgan,ProbabilityEstimation(KernelDensity()),12435,1,-85.02532409740354,1,-85.26381013525544
dpctgan,ProbabilityEstimation(KernelDensity()),12435,0,-84.94182358380276,1,-85.26381013525544
dpctgan,ProbabilityEstimation(KernelDensity()),12435,1,-85.11811928764494,1,-85.26381013525544
dpctgan,ProbabilityEstimation(KernelDensity()),12435,0,-85.25213914569386,1,-85.26381013525544
dpctgan,ProbabilityEstimation(KernelDensity()),12435,1,-85.44883344073517,0,-85.26381013525544
dpctgan,ProbabilityEstimation(KernelDensity()),12435,0,-84.7105088702921,1,-85.26381013525544
dpctgan,ProbabilityEstimation(KernelDensity()),12435,1,-84.55410584426875,1,-85.26381013525544
dpctgan,ProbabilityEstimation(KernelDensity()),12435,0,-84.16328101734457,1,-85.26381013525544
dpctgan,ProbabilityEstimation(KernelDensity()),12435,1,-84.41621407387633,1,-85.26381013525544
dpctgan,ProbabilityEstimation(KernelDensity()),12435,0,-84.88425910961342,1,-85.26381013525544
dpctgan,ProbabilityEstimation(KernelDensity()),12435,1,-85.12233953820564,1,-85.26381013525544
dpctgan,ProbabilityEstimation(KernelDensity()),12435,0,-85.23549260358318,1,-85.26381013525544
dpctgan,ProbabilityEstimation(KernelDensity()),12435,1,-84.36226940529582,1,-85.26381013525544
dpctgan,ProbabilityEstimation(KernelDensity()),12435,0,-84.4709273258889,1,-85.26381013525544
dpctgan,ProbabilityEstimation(KernelDensity()),12435,1,-85.43059889852593,0,-85.26381013525544
dpctgan,ProbabilityEstimation(KernelDensity()),12435,0,-83.97034020235502,1,-85.26381013525544
dpctgan,ProbabilityEstimation(KernelDensity()),12435,1,-84.30394764380547,1,-85.26381013525544
dpctgan,ProbabilityEstimation(KernelDensity()),12435,0,-85.57382186599088,0,-85.26381013525544
dpctgan,ProbabilityEstimation(KernelDensity()),12435,1,-84.90044266557237,1,-85.26381013525544
dpctgan,ProbabilityEstimation(KernelDensity()),12435,0,-84.98472345551073,1,-85.26381013525544
dpctgan,ProbabilityEstimation(KernelDensity()),12435,1,-84.48781190611163,1,-85.26381013525544
dpctgan,ProbabilityEstimation(KernelDensity()),12435,0,-85.32274174669486,0,-85.26381013525544
dpctgan,ProbabilityEstimation(KernelDensity()),12435,1,-84.99158931509578,1,-85.26381013525544
dpctgan,ProbabilityEstimation(KernelDensity()),12435,0,-84.52642107409012,1,-85.26381013525544
dpctgan,ProbabilityEstimation(KernelDensity()),12435,1,-84.34775642095494,1,-85.26381013525544
dpctgan,ProbabilityEstimation(KernelDensity()),12435,0,-84.93679371852775,1,-85.26381013525544
dpctgan,ProbabilityEstimation(KernelDensity()),12435,1,-85.0611347786108,1,-85.26381013525544
dpctgan,ProbabilityEstimation(KernelDensity()),12435,0,-84.71420027098284,1,-85.26381013525544
dpctgan,ProbabilityEstimation(KernelDensity()),12435,1,-84.94602661645725,1,-85.26381013525544
dpctgan,ProbabilityEstimation(KernelDensity()),12435,0,-84.38785656900475,1,-85.26381013525544
dpctgan,ProbabilityEstimation(KernelDensity()),12435,1,-84.74956324224638,1,-85.26381013525544
dpctgan,ProbabilityEstimation(KernelDensity()),12435,0,-84.338128663781,1,-85.26381013525544
dpctgan,ProbabilityEstimation(KernelDensity()),12435,1,-85.14874412116289,1,-85.26381013525544
dpctgan,ProbabilityEstimation(KernelDensity()),12435,0,-84.90871165673414,1,-85.26381013525544
dpctgan,ProbabilityEstimation(KernelDensity()),12435,1,-85.08973037678977,1,-85.26381013525544
dpctgan,ProbabilityEstimation(KernelDensity()),12435,0,-85.07115943881,1,-85.26381013525544
dpctgan,ProbabilityEstimation(KernelDensity()),12435,1,-84.68393759288595,1,-85.26381013525544
dpctgan,ProbabilityEstimation(KernelDensity()),12435,0,-84.74945570036215,1,-85.26381013525544
dpctgan,ProbabilityEstimation(KernelDensity()),12435,1,-84.65231534991791,1,-85.26381013525544
dpctgan,ProbabilityEstimation(KernelDensity()),12435,0,-84.46169869217701,1,-85.26381013525544
dpctgan,ProbabilityEstimation(KernelDensity()),12435,1,-85.06258827897787,1,-85.26381013525544
dpctgan,ProbabilityEstimation(KernelDensity()),12435,0,-84.67309525063997,1,-85.26381013525544
dpctgan,ProbabilityEstimation(KernelDensity()),12435,1,-85.04287984854612,1,-85.26381013525544
dpctgan,ProbabilityEstimation(KernelDensity()),12435,0,-85.41478915576927,0,-85.26381013525544
dpctgan,ProbabilityEstimation(KernelDensity()),12435,1,-84.91223561904017,1,-85.26381013525544
dpctgan,ProbabilityEstimation(KernelDensity()),12435,0,-85.45464537168108,0,-85.26381013525544
dpctgan,ProbabilityEstimation(KernelDensity()),12435,1,-84.79048990119314,1,-85.26381013525544
dpctgan,ProbabilityEstimation(KernelDensity()),12435,0,-84.51766363719773,1,-85.26381013525544
dpctgan,ProbabilityEstimation(KernelDensity()),12435,1,-84.94157609704104,1,-85.26381013525544
dpctgan,ProbabilityEstimation(KernelDensity()),12435,0,-84.58693792375678,1,-85.26381013525544
dpctgan,ProbabilityEstimation(KernelDensity()),12435,1,-84.75557404615665,1,-85.26381013525544
dpctgan,ProbabilityEstimation(KernelDensity()),12435,0,-85.0712692433487,1,-85.26381013525544
dpctgan,ProbabilityEstimation(KernelDensity()),12435,1,-84.79211534337263,1,-85.26381013525544
dpctgan,ProbabilityEstimation(KernelDensity()),12435,0,-84.89359367514834,1,-85.26381013525544
dpctgan,ProbabilityEstimation(KernelDensity()),12435,1,-85.00838526035785,1,-85.26381013525544
dpctgan,ProbabilityEstimation(KernelDensity()),12435,0,-84.46982539968715,1,-85.26381013525544
dpctgan,ProbabilityEstimation(KernelDensity()),12435,1,-84.93955530954801,1,-85.26381013525544
dpctgan,ProbabilityEstimation(KernelDensity()),12435,0,-85.29986289385462,0,-85.26381013525544
dpctgan,ProbabilityEstimation(KernelDensity()),12435,1,-84.49079312673985,1,-85.26381013525544
dpctgan,ProbabilityEstimation(KernelDensity()),12435,0,-84.8880458969716,1,-85.26381013525544
dpctgan,ProbabilityEstimation(KernelDensity()),12435,1,-85.0603326240946,1,-85.26381013525544
dpctgan,ProbabilityEstimation(KernelDensity()),12435,0,-84.83920718329105,1,-85.26381013525544
dpctgan,ProbabilityEstimation(KernelDensity()),12435,1,-84.88084591212267,1,-85.26381013525544
dpctgan,ProbabilityEstimation(KernelDensity()),12435,0,-84.51870461433275,1,-85.26381013525544
dpctgan,ProbabilityEstimation(KernelDensity()),12435,1,-84.53907829705928,1,-85.26381013525544
dpctgan,ProbabilityEstimation(KernelDensity()),12435,0,-85.18461298248263,1,-85.26381013525544
dpctgan,ProbabilityEstimation(KernelDensity()),12435,1,-84.81948932009668,1,-85.26381013525544
dpctgan,ProbabilityEstimation(KernelDensity()),12435,0,-84.61200061035392,1,-85.26381013525544
dpctgan,ProbabilityEstimation(KernelDensity()),12435,1,-84.99465029748704,1,-85.26381013525544
dpctgan,ProbabilityEstimation(KernelDensity()),12435,0,-84.70911604948557,1,-85.26381013525544
dpctgan,ProbabilityEstimation(KernelDensity()),12435,1,-85.29429421420234,0,-85.26381013525544
dpctgan,ProbabilityEstimation(KernelDensity()),12435,0,-84.62363564021787,1,-85.26381013525544
dpctgan,ProbabilityEstimation(KernelDensity()),12435,1,-84.40976278978285,1,-85.26381013525544
dpctgan,ProbabilityEstimation(KernelDensity()),12435,0,-85.51325858243624,0,-85.26381013525544
dpctgan,ProbabilityEstimation(KernelDensity()),12435,1,-84.91148358427056,1,-85.26381013525544
dpctgan,ProbabilityEstimation(KernelDensity()),12435,0,-85.14144614440255,1,-85.26381013525544
dpctgan,ProbabilityEstimation(KernelDensity()),12435,1,-84.89887000149105,1,-85.26381013525544
dpctgan,ProbabilityEstimation(KernelDensity()),12435,0,-85.01377225769406,1,-85.26381013525544
dpctgan,ProbabilityEstimation(KernelDensity()),12435,1,-84.97094399863971,1,-85.26381013525544
dpctgan,ProbabilityEstimation(KernelDensity()),12435,0,-84.66007373047812,1,-85.26381013525544
dpctgan,ProbabilityEstimation(KernelDensity()),12435,1,-85.17928002896988,1,-85.26381013525544
dpctgan,ProbabilityEstimation(KernelDensity()),12435,0,-84.76876735300904,1,-85.26381013525544
dpctgan,ProbabilityEstimation(KernelDensity()),12435,1,-84.25759071888479,1,-85.26381013525544
dpctgan,ProbabilityEstimation(KernelDensity()),12435,0,-85.25174496269162,1,-85.26381013525544
dpctgan,ProbabilityEstimation(KernelDensity()),12435,1,-84.78095495026909,1,-85.26381013525544
dpctgan,ProbabilityEstimation(KernelDensity()),12435,0,-84.71352154875792,1,-85.26381013525544
dpctgan,ProbabilityEstimation(KernelDensity()),12435,1,-85.17454024122944,1,-85.26381013525544
dpctgan,ProbabilityEstimation(KernelDensity()),12435,0,-84.9690435956462,1,-85.26381013525544
dpctgan,ProbabilityEstimation(KernelDensity()),12435,1,-85.20191945703675,1,-85.26381013525544
dpctgan,ProbabilityEstimation(KernelDensity()),12435,0,-84.99077004827268,1,-85.26381013525544
dpctgan,ProbabilityEstimation(KernelDensity()),12435,1,-84.7133539641223,1,-85.26381013525544
dpctgan,ProbabilityEstimation(KernelDensity()),12435,0,-84.33652612013644,1,-85.26381013525544
dpctgan,ProbabilityEstimation(KernelDensity()),12435,1,-84.5982786092433,1,-85.26381013525544
dpctgan,ProbabilityEstimation(KernelDensity()),12435,0,-85.09526568394027,1,-85.26381013525544
dpctgan,ProbabilityEstimation(KernelDensity()),12435,1,-84.60568216802544,1,-85.26381013525544
dpctgan,ProbabilityEstimation(KernelDensity()),12435,0,-84.65595861065785,1,-85.26381013525544
dpctgan,ProbabilityEstimation(KernelDensity()),12435,1,-84.74039695368117,1,-85.26381013525544
dpctgan,ProbabilityEstimation(KernelDensity()),12435,0,-84.09065489083372,1,-85.26381013525544
dpctgan,ProbabilityEstimation(KernelDensity()),12435,1,-84.57543866894433,1,-85.26381013525544
dpctgan,ProbabilityEstimation(KernelDensity()),12435,0,-85.2864411284083,0,-85.26381013525544
dpctgan,ProbabilityEstimation(KernelDensity()),12435,1,-84.36787973094161,1,-85.26381013525544
dpctgan,ProbabilityEstimation(KernelDensity()),12435,0,-85.71950968975737,0,-85.26381013525544
dpctgan,ProbabilityEstimation(KernelDensity()),12435,1,-84.2612133207082,1,-85.26381013525544
dpctgan,ProbabilityEstimation(KernelDensity()),12435,0,-85.22902553733714,1,-85.26381013525544
dpctgan,ProbabilityEstimation(KernelDensity()),12435,1,-84.8290831150879,1,-85.26381013525544
dpctgan,ProbabilityEstimation(KernelDensity()),12435,0,-85.03252446399917,1,-85.26381013525544
dpctgan,ProbabilityEstimation(KernelDensity()),12435,1,-84.54487206133669,1,-85.26381013525544
dpctgan,ProbabilityEstimation(KernelDensity()),12435,0,-85.45482420368208,0,-85.26381013525544
dpctgan,ProbabilityEstimation(KernelDensity()),12435,1,-84.67005204841993,1,-85.26381013525544
dpctgan,ProbabilityEstimation(KernelDensity()),12435,0,-84.3121161053703,1,-85.26381013525544
dpctgan,ProbabilityEstimation(KernelDensity()),12435,1,-84.33887453014059,1,-85.26381013525544
dpctgan,ProbabilityEstimation(KernelDensity()),12435,0,-85.49894884391843,0,-85.26381013525544
dpctgan,ProbabilityEstimation(KernelDensity()),12435,1,-84.78467733774713,1,-85.26381013525544
dpctgan,ProbabilityEstimation(KernelDensity()),12435,0,-84.61981366408985,1,-85.26381013525544
dpctgan,ProbabilityEstimation(KernelDensity()),12435,1,-85.14444067030804,1,-85.26381013525544
dpctgan,ProbabilityEstimation(KernelDensity()),12435,0,-84.93637997051977,1,-85.26381013525544
dpctgan,ProbabilityEstimation(KernelDensity()),12435,1,-85.3879383371791,0,-85.26381013525544
dpctgan,ProbabilityEstimation(KernelDensity()),12435,0,-84.58647364630374,1,-85.26381013525544
dpctgan,ProbabilityEstimation(KernelDensity()),12435,1,-85.07285878789936,1,-85.26381013525544
dpctgan,ProbabilityEstimation(KernelDensity()),12435,0,-84.8350670407876,1,-85.26381013525544
dpctgan,ProbabilityEstimation(KernelDensity()),12435,1,-84.58793198102356,1,-85.26381013525544
dpctgan,ProbabilityEstimation(KernelDensity()),12435,0,-84.81529167493352,1,-85.26381013525544
dpctgan,ProbabilityEstimation(KernelDensity()),12435,1,-85.12304389778085,1,-85.26381013525544
dpctgan,ProbabilityEstimation(KernelDensity()),12435,0,-84.6685550824834,1,-85.26381013525544
dpctgan,ProbabilityEstimation(KernelDensity()),12435,1,-84.68003466655523,1,-85.26381013525544
dpctgan,ProbabilityEstimation(KernelDensity()),12435,0,-85.52628369901437,0,-85.26381013525544
dpctgan,ProbabilityEstimation(KernelDensity()),12435,1,-84.89616784689773,1,-85.26381013525544
dpctgan,ProbabilityEstimation(KernelDensity()),12435,0,-84.90477566755433,1,-85.26381013525544
dpctgan,ProbabilityEstimation(KernelDensity()),12435,1,-84.5381322176404,1,-85.26381013525544
dpctgan,ProbabilityEstimation(KernelDensity()),12435,0,-84.98728890783859,1,-85.26381013525544
dpctgan,ProbabilityEstimation(KernelDensity()),12435,1,-85.0072016847625,1,-85.26381013525544
dpctgan,ProbabilityEstimation(KernelDensity()),12435,0,-85.20983658604332,1,-85.26381013525544
dpctgan,ProbabilityEstimation(KernelDensity()),12435,1,-84.97260255680737,1,-85.26381013525544
dpctgan,ProbabilityEstimation(KernelDensity()),12435,0,-85.17569554050608,1,-85.26381013525544
dpctgan,ProbabilityEstimation(KernelDensity()),12435,1,-85.16120044088856,1,-85.26381013525544
dpctgan,ProbabilityEstimation(KernelDensity()),12435,0,-84.91140275207012,1,-85.26381013525544
dpctgan,ProbabilityEstimation(KernelDensity()),12435,1,-85.13619686595331,1,-85.26381013525544
dpctgan,ProbabilityEstimation(KernelDensity()),12435,0,-85.50418457140607,0,-85.26381013525544
dpctgan,ProbabilityEstimation(KernelDensity()),12435,1,-84.64305874575798,1,-85.26381013525544
dpctgan,ProbabilityEstimation(KernelDensity()),12435,0,-84.59370235215746,1,-85.26381013525544
dpctgan,ProbabilityEstimation(KernelDensity()),12435,1,-84.60881227659814,1,-85.26381013525544
dpctgan,ProbabilityEstimation(KernelDensity()),12435,0,-84.90889362207041,1,-85.26381013525544
dpctgan,ProbabilityEstimation(KernelDensity()),12435,1,-84.42506310047304,1,-85.26381013525544
dpctgan,ProbabilityEstimation(KernelDensity()),12435,0,-85.0666496492419,1,-85.26381013525544
dpctgan,ProbabilityEstimation(KernelDensity()),12435,1,-84.93854724018948,1,-85.26381013525544
dpctgan,ProbabilityEstimation(KernelDensity()),12435,0,-85.11279930334993,1,-85.26381013525544
dpctgan,ProbabilityEstimation(KernelDensity()),12435,1,-85.12567857827224,1,-85.26381013525544
dpctgan,ProbabilityEstimation(KernelDensity()),12435,0,-85.00668171039001,1,-85.26381013525544
dpctgan,ProbabilityEstimation(KernelDensity()),12435,1,-85.00903765146421,1,-85.26381013525544
dpctgan,ProbabilityEstimation(KernelDensity()),12435,0,-84.64444325360371,1,-85.26381013525544
dpctgan,ProbabilityEstimation(KernelDensity()),12435,1,-84.91222777372052,1,-85.26381013525544
dpctgan,ProbabilityEstimation(KernelDensity()),12435,0,-85.23667799593164,1,-85.26381013525544
dpctgan,ProbabilityEstimation(KernelDensity()),12435,1,-84.75169693654922,1,-85.26381013525544
dpctgan,ProbabilityEstimation(KernelDensity()),12435,0,-85.3448363377193,0,-85.26381013525544
dpctgan,ProbabilityEstimation(KernelDensity()),12435,1,-85.021192525334,1,-85.26381013525544
dpctgan,ProbabilityEstimation(KernelDensity()),12435,0,-84.49926757784912,1,-85.26381013525544
dpctgan,ProbabilityEstimation(KernelDensity()),12435,1,-84.46180845153701,1,-85.26381013525544
dpctgan,ProbabilityEstimation(KernelDensity()),12435,0,-85.31549151664734,0,-85.26381013525544
dpctgan,ProbabilityEstimation(KernelDensity()),12435,1,-84.51549633130439,1,-85.26381013525544
dpctgan,ProbabilityEstimation(KernelDensity()),12435,0,-84.94311881911855,1,-85.26381013525544
dpctgan,ProbabilityEstimation(KernelDensity()),12435,1,-84.7794058030835,1,-85.26381013525544
dpctgan,ProbabilityEstimation(KernelDensity()),12435,0,-84.23585225331173,1,-85.26381013525544
dpctgan,ProbabilityEstimation(KernelDensity()),12435,1,-84.57829170421535,1,-85.26381013525544
dpctgan,ProbabilityEstimation(KernelDensity()),12435,0,-85.02323495692839,1,-85.26381013525544
dpctgan,ProbabilityEstimation(KernelDensity()),12435,1,-85.13046009858378,1,-85.26381013525544
dpctgan,ProbabilityEstimation(KernelDensity()),12435,0,-85.29279443765768,0,-85.26381013525544
dpctgan,ProbabilityEstimation(KernelDensity()),12435,1,-84.76258937618378,1,-85.26381013525544
dpctgan,ProbabilityEstimation(KernelDensity()),12435,0,-85.47931761440579,0,-85.26381013525544
dpctgan,ProbabilityEstimation(KernelDensity()),12435,1,-84.89686840960805,1,-85.26381013525544
dpctgan,ProbabilityEstimation(KernelDensity()),12435,0,-85.18407089419252,1,-85.26381013525544
dpctgan,ProbabilityEstimation(KernelDensity()),12435,1,-84.59795207638801,1,-85.26381013525544
dpctgan,ProbabilityEstimation(KernelDensity()),12435,0,-84.8886857635338,1,-85.26381013525544
dpctgan,ProbabilityEstimation(KernelDensity()),12435,1,-85.184508906548,1,-85.26381013525544
dpctgan,ProbabilityEstimation(KernelDensity()),12435,0,-84.97872645226144,1,-85.26381013525544
dpctgan,ProbabilityEstimation(KernelDensity()),12435,1,-85.11710006150331,1,-85.26381013525544
dpctgan,ProbabilityEstimation(KernelDensity()),12435,0,-85.06305570338776,1,-85.26381013525544
dpctgan,ProbabilityEstimation(KernelDensity()),12435,1,-84.90429981639967,1,-85.26381013525544
dpctgan,ProbabilityEstimation(KernelDensity()),12435,0,-84.71475400980086,1,-85.26381013525544
dpctgan,ProbabilityEstimation(KernelDensity()),12435,1,-84.7982287773412,1,-85.26381013525544
dpctgan,ProbabilityEstimation(KernelDensity()),12435,0,-85.02536366760503,1,-85.26381013525544
dpctgan,ProbabilityEstimation(KernelDensity()),12435,1,-84.31993086459553,1,-85.26381013525544
dpctgan,ProbabilityEstimation(KernelDensity()),12435,0,-84.72873954563332,1,-85.26381013525544
dpctgan,ProbabilityEstimation(KernelDensity()),12435,1,-84.81173140568342,1,-85.26381013525544
dpctgan,ProbabilityEstimation(KernelDensity()),12435,0,-84.82625076206865,1,-85.26381013525544
dpctgan,ProbabilityEstimation(KernelDensity()),12435,1,-85.19578889625885,1,-85.26381013525544
dpctgan,ProbabilityEstimation(KernelDensity()),12435,0,-85.16142597642069,1,-85.26381013525544
dpctgan,ProbabilityEstimation(KernelDensity()),12435,1,-85.29633883533045,0,-85.26381013525544
dpctgan,ProbabilityEstimation(KernelDensity()),12435,0,-85.46101177593196,0,-85.26381013525544
dpctgan,ProbabilityEstimation(KernelDensity()),12435,1,-85.00843662454334,1,-85.26381013525544
dpctgan,ProbabilityEstimation(KernelDensity()),12435,0,-84.95652568109948,1,-85.26381013525544
dpctgan,ProbabilityEstimation(KernelDensity()),12435,1,-85.04559701599858,1,-85.26381013525544
dpctgan,ProbabilityEstimation(KernelDensity()),12435,0,-84.75864160844355,1,-85.26381013525544
dpctgan,ProbabilityEstimation(KernelDensity()),12435,1,-84.65852910189524,1,-85.26381013525544
dpctgan,ProbabilityEstimation(KernelDensity()),12435,0,-85.47963854558893,0,-85.26381013525544
dpctgan,ProbabilityEstimation(KernelDensity()),12435,1,-84.6875911311417,1,-85.26381013525544
dpctgan,ProbabilityEstimation(KernelDensity()),12435,0,-84.78350764643992,1,-85.26381013525544
dpctgan,ProbabilityEstimation(KernelDensity()),12435,1,-85.3609369581287,0,-85.26381013525544
dpctgan,ProbabilityEstimation(KernelDensity()),12435,0,-84.68317355256657,1,-85.26381013525544
dpctgan,ProbabilityEstimation(KernelDensity()),12435,1,-84.33472603628819,1,-85.26381013525544
dpctgan,ProbabilityEstimation(KernelDensity()),12435,0,-85.08405276662414,1,-85.26381013525544
dpctgan,ProbabilityEstimation(KernelDensity()),12435,1,-84.94293316037519,1,-85.26381013525544
dpctgan,ProbabilityEstimation(KernelDensity()),12435,0,-85.16494891064252,1,-85.26381013525544
dpctgan,ProbabilityEstimation(KernelDensity()),12435,1,-84.77950622780587,1,-85.26381013525544
dpctgan,ProbabilityEstimation(KernelDensity()),12435,0,-85.39849982159068,0,-85.26381013525544
dpctgan,ProbabilityEstimation(KernelDensity()),12435,1,-84.68259687200299,1,-85.26381013525544
dpctgan,ProbabilityEstimation(KernelDensity()),12435,0,-84.5863617434111,1,-85.26381013525544
dpctgan,ProbabilityEstimation(KernelDensity()),12435,1,-84.97817570160252,1,-85.26381013525544
dpctgan,ProbabilityEstimation(KernelDensity()),12435,0,-85.38325083605532,0,-85.26381013525544
dpctgan,ProbabilityEstimation(KernelDensity()),12435,1,-85.36954634064959,0,-85.26381013525544
dpctgan,ProbabilityEstimation(KernelDensity()),12435,0,-84.55398236069607,1,-85.26381013525544
dpctgan,ProbabilityEstimation(KernelDensity()),12435,1,-85.40672032228828,0,-85.26381013525544
dpctgan,ProbabilityEstimation(KernelDensity()),12435,0,-85.69978932188312,0,-85.26381013525544
dpctgan,ProbabilityEstimation(KernelDensity()),12435,1,-84.91731042728861,1,-85.26381013525544
dpctgan,ProbabilityEstimation(KernelDensity()),12435,0,-85.03630548495464,1,-85.26381013525544
dpctgan,ProbabilityEstimation(KernelDensity()),12435,1,-84.94412734182535,1,-85.26381013525544
dpctgan,ProbabilityEstimation(KernelDensity()),12435,0,-84.74856532266331,1,-85.26381013525544
dpctgan,ProbabilityEstimation(KernelDensity()),12435,1,-84.74005900164187,1,-85.26381013525544
dpctgan,ProbabilityEstimation(KernelDensity()),12435,0,-85.14239062554911,1,-85.26381013525544
dpctgan,ProbabilityEstimation(KernelDensity()),12435,1,-84.75050924915205,1,-85.26381013525544
dpctgan,ProbabilityEstimation(KernelDensity()),12435,0,-85.02606503178707,1,-85.26381013525544
dpctgan,ProbabilityEstimation(KernelDensity()),12435,1,-84.71040536593823,1,-85.26381013525544
dpctgan,ProbabilityEstimation(KernelDensity()),12435,0,-84.84847466245633,1,-85.26381013525544
dpctgan,ProbabilityEstimation(KernelDensity()),12435,1,-84.75100912928036,1,-85.26381013525544
dpctgan,ProbabilityEstimation(KernelDensity()),12435,0,-84.61020154187226,1,-85.26381013525544
dpctgan,ProbabilityEstimation(KernelDensity()),12435,1,-85.0553439818787,1,-85.26381013525544
dpctgan,ProbabilityEstimation(KernelDensity()),12435,0,-85.18429726934737,1,-85.26381013525544
dpctgan,ProbabilityEstimation(KernelDensity()),12435,1,-84.59881245040029,1,-85.26381013525544
dpctgan,ProbabilityEstimation(KernelDensity()),12435,0,-85.68340906962955,0,-85.26381013525544
dpctgan,ProbabilityEstimation(KernelDensity()),12435,1,-84.89058447279399,1,-85.26381013525544
dpctgan,ProbabilityEstimation(KernelDensity()),12435,0,-84.74842695739297,1,-85.26381013525544
dpctgan,ProbabilityEstimation(KernelDensity()),12435,1,-85.42134407265765,0,-85.26381013525544
dpctgan,ProbabilityEstimation(KernelDensity()),12435,0,-84.63442813201482,1,-85.26381013525544
dpctgan,ProbabilityEstimation(KernelDensity()),12435,1,-84.88316252808656,1,-85.26381013525544
dpctgan,ProbabilityEstimation(KernelDensity()),12435,0,-84.96461943807628,1,-85.26381013525544
dpctgan,ProbabilityEstimation(KernelDensity()),12435,1,-85.03762182325895,1,-85.26381013525544
dpctgan,ProbabilityEstimation(KernelDensity()),12435,0,-85.10750255681185,1,-85.26381013525544
dpctgan,ProbabilityEstimation(KernelDensity()),12435,1,-85.23521729978083,1,-85.26381013525544
dpctgan,ProbabilityEstimation(KernelDensity()),12435,0,-84.96806103953976,1,-85.26381013525544
dpctgan,ProbabilityEstimation(KernelDensity()),12435,1,-85.02516291609778,1,-85.26381013525544
dpctgan,ProbabilityEstimation(KernelDensity()),12435,0,-84.94320350923064,1,-85.26381013525544
dpctgan,ProbabilityEstimation(KernelDensity()),12435,1,-84.55819184619422,1,-85.26381013525544
dpctgan,ProbabilityEstimation(KernelDensity()),12435,0,-84.92696425675733,1,-85.26381013525544
dpctgan,ProbabilityEstimation(KernelDensity()),12435,1,-85.35490818363627,0,-85.26381013525544
dpctgan,ProbabilityEstimation(KernelDensity()),12435,0,-84.48848043469718,1,-85.26381013525544
dpctgan,ProbabilityEstimation(KernelDensity()),12435,1,-85.10816684729296,1,-85.26381013525544
dpctgan,ProbabilityEstimation(KernelDensity()),12435,0,-85.33574923742276,0,-85.26381013525544
dpctgan,ProbabilityEstimation(KernelDensity()),12435,1,-84.6746385799521,1,-85.26381013525544
dpctgan,ProbabilityEstimation(KernelDensity()),12435,0,-85.26117596979104,1,-85.26381013525544
dpctgan,ProbabilityEstimation(KernelDensity()),12435,1,-85.60610124731514,0,-85.26381013525544
dpctgan,ProbabilityEstimation(KernelDensity()),12435,0,-84.76395373553542,1,-85.26381013525544
dpctgan,ProbabilityEstimation(KernelDensity()),12435,1,-85.27341846343587,0,-85.26381013525544
dpctgan,ProbabilityEstimation(KernelDensity()),12435,0,-84.3652610109124,1,-85.26381013525544
dpctgan,ProbabilityEstimation(KernelDensity()),12435,1,-84.56320715123913,1,-85.26381013525544
dpctgan,ProbabilityEstimation(KernelDensity()),12435,0,-84.84560171450383,1,-85.26381013525544
dpctgan,ProbabilityEstimation(KernelDensity()),12435,1,-84.6787368225762,1,-85.26381013525544
dpctgan,ProbabilityEstimation(KernelDensity()),12435,0,-85.11117892706191,1,-85.26381013525544
dpctgan,ProbabilityEstimation(KernelDensity()),12435,1,-84.91023182802543,1,-85.26381013525544
dpctgan,ProbabilityEstimation(KernelDensity()),12435,0,-84.73592350415004,1,-85.26381013525544
dpctgan,ProbabilityEstimation(KernelDensity()),12435,1,-84.51340999708084,1,-85.26381013525544
dpctgan,ProbabilityEstimation(KernelDensity()),12435,0,-84.41589123555464,1,-85.26381013525544
dpctgan,ProbabilityEstimation(KernelDensity()),12435,1,-85.06950057958771,1,-85.26381013525544
dpctgan,ProbabilityEstimation(KernelDensity()),12435,0,-85.38991004892576,0,-85.26381013525544
dpctgan,ProbabilityEstimation(KernelDensity()),12435,1,-84.71650017285053,1,-85.26381013525544
dpctgan,ProbabilityEstimation(KernelDensity()),12435,0,-85.00602229858325,1,-85.26381013525544
dpctgan,ProbabilityEstimation(KernelDensity()),12435,1,-85.1120066912046,1,-85.26381013525544
dpctgan,ProbabilityEstimation(KernelDensity()),12435,0,-84.94577637809661,1,-85.26381013525544
dpctgan,ProbabilityEstimation(KernelDensity()),12435,1,-84.50968666403213,1,-85.26381013525544
dpctgan,ProbabilityEstimation(KernelDensity()),12435,0,-84.62026705873708,1,-85.26381013525544
dpctgan,ProbabilityEstimation(KernelDensity()),12435,1,-84.76910847249147,1,-85.26381013525544
dpctgan,ProbabilityEstimation(KernelDensity()),12435,0,-84.66847535386457,1,-85.26381013525544
dpctgan,ProbabilityEstimation(KernelDensity()),12435,1,-84.7772929900951,1,-85.26381013525544
dpctgan,ProbabilityEstimation(KernelDensity()),12435,0,-84.99021219079759,1,-85.26381013525544
dpctgan,ProbabilityEstimation(KernelDensity()),12435,1,-84.96106255097737,1,-85.26381013525544
dpctgan,ProbabilityEstimation(KernelDensity()),12435,0,-85.41756718512741,0,-85.26381013525544
dpctgan,ProbabilityEstimation(KernelDensity()),12435,1,-85.14391464822071,1,-85.26381013525544
dpctgan,ProbabilityEstimation(KernelDensity()),12435,0,-85.07346535467423,1,-85.26381013525544
dpctgan,ProbabilityEstimation(KernelDensity()),12435,1,-85.29591272222095,0,-85.26381013525544
dpctgan,ProbabilityEstimation(KernelDensity()),12435,0,-84.44425746819626,1,-85.26381013525544
dpctgan,ProbabilityEstimation(KernelDensity()),12435,1,-84.79932062581217,1,-85.26381013525544
dpctgan,ProbabilityEstimation(KernelDensity()),12435,0,-85.22650129034004,1,-85.26381013525544
dpctgan,ProbabilityEstimation(KernelDensity()),12435,1,-84.69813491806762,1,-85.26381013525544
dpctgan,ProbabilityEstimation(KernelDensity()),12435,0,-85.03818608116734,1,-85.26381013525544
dpctgan,ProbabilityEstimation(KernelDensity()),12435,1,-84.47913567439996,1,-85.26381013525544
dpctgan,ProbabilityEstimation(KernelDensity()),12435,0,-84.7073425861235,1,-85.26381013525544
dpctgan,ProbabilityEstimation(KernelDensity()),12435,1,-85.13796016084326,1,-85.26381013525544
dpctgan,ProbabilityEstimation(KernelDensity()),12435,0,-85.33380778054284,0,-85.26381013525544
dpctgan,ProbabilityEstimation(KernelDensity()),12435,1,-84.83618300532656,1,-85.26381013525544
dpctgan,ProbabilityEstimation(KernelDensity()),12435,0,-84.81268390303612,1,-85.26381013525544
dpctgan,ProbabilityEstimation(KernelDensity()),12435,1,-84.76602875774043,1,-85.26381013525544
dpctgan,ProbabilityEstimation(KernelDensity()),12435,0,-84.2909582741163,1,-85.26381013525544
dpctgan,ProbabilityEstimation(KernelDensity()),12435,1,-85.16969372910947,1,-85.26381013525544
dpctgan,ProbabilityEstimation(KernelDensity()),12435,0,-85.34643786694,0,-85.26381013525544
dpctgan,ProbabilityEstimation(KernelDensity()),12435,1,-84.8348324272135,1,-85.26381013525544
dpctgan,ProbabilityEstimation(KernelDensity()),12435,0,-84.70737256511029,1,-85.26381013525544
dpctgan,ProbabilityEstimation(KernelDensity()),12435,1,-85.55039223015096,0,-85.26381013525544
dpctgan,ProbabilityEstimation(KernelDensity()),12435,0,-84.12223319275064,1,-85.26381013525544
dpctgan,ProbabilityEstimation(KernelDensity()),12435,1,-84.78902916263662,1,-85.26381013525544
dpctgan,ProbabilityEstimation(KernelDensity()),12435,0,-85.00974079400187,1,-85.26381013525544
dpctgan,ProbabilityEstimation(KernelDensity()),12435,1,-85.29192180858546,0,-85.26381013525544
dpctgan,ProbabilityEstimation(KernelDensity()),12435,0,-84.95929020092836,1,-85.26381013525544
dpctgan,ProbabilityEstimation(KernelDensity()),12435,1,-84.76614605274537,1,-85.26381013525544
dpctgan,ProbabilityEstimation(KernelDensity()),12435,0,-84.77423628919668,1,-85.26381013525544
dpctgan,ProbabilityEstimation(KernelDensity()),12435,1,-85.3530133729858,0,-85.26381013525544
dpctgan,ProbabilityEstimation(KernelDensity()),12435,0,-85.28321779135209,0,-85.26381013525544
dpctgan,ProbabilityEstimation(KernelDensity()),12435,1,-84.70544890604236,1,-85.26381013525544
dpctgan,ProbabilityEstimation(KernelDensity()),12435,0,-85.23416270874503,1,-85.26381013525544
dpctgan,ProbabilityEstimation(KernelDensity()),12435,1,-84.3700448559589,1,-85.26381013525544
dpctgan,ProbabilityEstimation(KernelDensity()),12435,0,-84.77544057965655,1,-85.26381013525544
dpctgan,ProbabilityEstimation(KernelDensity()),12435,1,-84.35458004760893,1,-85.26381013525544
dpctgan,ProbabilityEstimation(KernelDensity()),12435,0,-85.00382799387936,1,-85.26381013525544
dpctgan,ProbabilityEstimation(KernelDensity()),12435,1,-85.08914033431138,1,-85.26381013525544
dpctgan,ProbabilityEstimation(KernelDensity()),12435,0,-85.11473824001901,1,-85.26381013525544
dpctgan,ProbabilityEstimation(KernelDensity()),12435,1,-84.92077914114836,1,-85.26381013525544
dpctgan,ProbabilityEstimation(KernelDensity()),12435,0,-85.53423819404101,0,-85.26381013525544
dpctgan,ProbabilityEstimation(KernelDensity()),12435,1,-84.40597807711264,1,-85.26381013525544
dpctgan,ProbabilityEstimation(KernelDensity()),12435,0,-84.36000234083555,1,-85.26381013525544
dpctgan,ProbabilityEstimation(KernelDensity()),12435,1,-84.62031053158918,1,-85.26381013525544
dpctgan,ProbabilityEstimation(KernelDensity()),12435,0,-85.01799532957584,1,-85.26381013525544
dpctgan,ProbabilityEstimation(KernelDensity()),12435,1,-84.93559503222636,1,-85.26381013525544
dpctgan,ProbabilityEstimation(KernelDensity()),12435,0,-84.88152721497548,1,-85.26381013525544
dpctgan,ProbabilityEstimation(KernelDensity()),12435,1,-84.68287376363787,1,-85.26381013525544
dpctgan,ProbabilityEstimation(KernelDensity()),12435,0,-85.36867561067737,0,-85.26381013525544
dpctgan,ProbabilityEstimation(KernelDensity()),12435,1,-85.09504868061178,1,-85.26381013525544
dpctgan,ProbabilityEstimation(KernelDensity()),12435,0,-84.64945361495779,1,-85.26381013525544
dpctgan,ProbabilityEstimation(KernelDensity()),12435,1,-85.1343010002778,1,-85.26381013525544
dpctgan,ProbabilityEstimation(KernelDensity()),12435,0,-84.87516129164048,1,-85.26381013525544
dpctgan,ProbabilityEstimation(KernelDensity()),12435,1,-84.49171005442292,1,-85.26381013525544
dpctgan,ProbabilityEstimation(KernelDensity()),12435,0,-84.77594357140671,1,-85.26381013525544
dpctgan,ProbabilityEstimation(KernelDensity()),12435,1,-84.48999956825546,1,-85.26381013525544
dpctgan,ProbabilityEstimation(KernelDensity()),12435,0,-85.11415815601319,1,-85.26381013525544
dpctgan,ProbabilityEstimation(KernelDensity()),12435,1,-85.42741528398966,0,-85.26381013525544
dpctgan,ProbabilityEstimation(KernelDensity()),12435,0,-85.00276459154222,1,-85.26381013525544
dpctgan,ProbabilityEstimation(KernelDensity()),12435,1,-84.553108468195,1,-85.26381013525544
dpctgan,ProbabilityEstimation(KernelDensity()),12435,0,-84.85276424454932,1,-85.26381013525544
dpctgan,ProbabilityEstimation(KernelDensity()),12435,1,-85.0427074070474,1,-85.26381013525544
dpctgan,ProbabilityEstimation(KernelDensity()),12435,0,-85.41517081396708,0,-85.26381013525544
dpctgan,ProbabilityEstimation(KernelDensity()),12435,1,-84.99044476025857,1,-85.26381013525544
dpctgan,ProbabilityEstimation(KernelDensity()),12435,0,-85.01069453222226,1,-85.26381013525544
dpctgan,ProbabilityEstimation(KernelDensity()),12435,1,-85.21957838659905,1,-85.26381013525544
dpctgan,ProbabilityEstimation(KernelDensity()),12435,0,-84.72137412438194,1,-85.26381013525544
dpctgan,ProbabilityEstimation(KernelDensity()),12435,1,-85.6308487782249,0,-85.26381013525544
dpctgan,ProbabilityEstimation(KernelDensity()),12435,0,-85.218750887451,1,-85.26381013525544
dpctgan,ProbabilityEstimation(KernelDensity()),12435,1,-84.75988146835974,1,-85.26381013525544
dpctgan,ProbabilityEstimation(KernelDensity()),12435,0,-85.1305315499207,1,-85.26381013525544
dpctgan,ProbabilityEstimation(KernelDensity()),12435,1,-84.44433312913031,1,-85.26381013525544
dpctgan,ProbabilityEstimation(KernelDensity()),12435,0,-83.81196225717338,1,-85.26381013525544
dpctgan,ProbabilityEstimation(KernelDensity()),12435,1,-84.24468321059425,1,-85.26381013525544
dpctgan,ProbabilityEstimation(KernelDensity()),12435,0,-84.5088875281964,1,-85.26381013525544
dpctgan,ProbabilityEstimation(KernelDensity()),12435,1,-84.63896276993502,1,-85.26381013525544
dpctgan,ProbabilityEstimation(KernelDensity()),12435,0,-85.04249767096978,1,-85.26381013525544
dpctgan,ProbabilityEstimation(KernelDensity()),12435,1,-84.76142320444812,1,-85.26381013525544
dpctgan,ProbabilityEstimation(KernelDensity()),12435,0,-84.86581482876002,1,-85.26381013525544
dpctgan,ProbabilityEstimation(KernelDensity()),12435,1,-84.20313109350127,1,-85.26381013525544
dpctgan,ProbabilityEstimation(KernelDensity()),12435,0,-84.96654454786224,1,-85.26381013525544
dpctgan,ProbabilityEstimation(KernelDensity()),12435,1,-85.41899827601677,0,-85.26381013525544
dpctgan,ProbabilityEstimation(KernelDensity()),12435,0,-84.81096822944323,1,-85.26381013525544
dpctgan,ProbabilityEstimation(KernelDensity()),12435,1,-84.96856796874533,1,-85.26381013525544
dpctgan,ProbabilityEstimation(KernelDensity()),12435,0,-85.17552343012895,1,-85.26381013525544
dpctgan,ProbabilityEstimation(KernelDensity()),12435,1,-84.43968435551602,1,-85.26381013525544
dpctgan,ProbabilityEstimation(KernelDensity()),12435,0,-84.50835015817056,1,-85.26381013525544
dpctgan,ProbabilityEstimation(KernelDensity()),12435,1,-84.82284148684172,1,-85.26381013525544
dpctgan,ProbabilityEstimation(KernelDensity()),12435,0,-85.20422180702886,1,-85.26381013525544
dpctgan,ProbabilityEstimation(KernelDensity()),12435,1,-85.1702534198366,1,-85.26381013525544
dpctgan,ProbabilityEstimation(KernelDensity()),12435,0,-85.08503224137678,1,-85.26381013525544
dpctgan,ProbabilityEstimation(KernelDensity()),12435,1,-85.1036379621536,1,-85.26381013525544
dpctgan,ProbabilityEstimation(KernelDensity()),12435,0,-84.72202391567264,1,-85.26381013525544
dpctgan,ProbabilityEstimation(KernelDensity()),12435,1,-85.14113607400913,1,-85.26381013525544
dpctgan,ProbabilityEstimation(KernelDensity()),12435,0,-85.08092738877421,1,-85.26381013525544
dpctgan,ProbabilityEstimation(KernelDensity()),12435,1,-84.98596096807762,1,-85.26381013525544
dpctgan,ProbabilityEstimation(KernelDensity()),12435,0,-85.34374924876523,0,-85.26381013525544
dpctgan,ProbabilityEstimation(KernelDensity()),12435,1,-84.61056574213855,1,-85.26381013525544
dpctgan,ProbabilityEstimation(KernelDensity()),12435,0,-85.19429859739965,1,-85.26381013525544
dpctgan,ProbabilityEstimation(KernelDensity()),12435,1,-84.90458224885906,1,-85.26381013525544
dpctgan,ProbabilityEstimation(KernelDensity()),12435,0,-84.83094842504302,1,-85.26381013525544
dpctgan,ProbabilityEstimation(KernelDensity()),12435,1,-84.59551264816133,1,-85.26381013525544
dpctgan,ProbabilityEstimation(KernelDensity()),12435,0,-84.87230969787984,1,-85.26381013525544
dpctgan,ProbabilityEstimation(KernelDensity()),12435,1,-84.65661885409806,1,-85.26381013525544
dpctgan,ProbabilityEstimation(KernelDensity()),12435,0,-85.24868462496036,1,-85.26381013525544
dpctgan,ProbabilityEstimation(KernelDensity()),12435,1,-83.99870912075181,1,-85.26381013525544
dpctgan,ProbabilityEstimation(KernelDensity()),12435,0,-85.17494218617784,1,-85.26381013525544
dpctgan,ProbabilityEstimation(KernelDensity()),12435,1,-84.98714785503556,1,-85.26381013525544
dpctgan,ProbabilityEstimation(KernelDensity()),12435,0,-84.67800307336294,1,-85.26381013525544
dpctgan,ProbabilityEstimation(KernelDensity()),12435,1,-85.23163454297213,1,-85.26381013525544
dpctgan,ProbabilityEstimation(KernelDensity()),12435,0,-85.05246979754277,1,-85.26381013525544
dpctgan,ProbabilityEstimation(KernelDensity()),12435,1,-84.67623706329857,1,-85.26381013525544
dpctgan,ProbabilityEstimation(KernelDensity()),12435,0,-85.08395745770879,1,-85.26381013525544
dpctgan,ProbabilityEstimation(KernelDensity()),12435,1,-85.68916521624139,0,-85.26381013525544
dpctgan,ProbabilityEstimation(KernelDensity()),12435,0,-84.88435973437932,1,-85.26381013525544
dpctgan,ProbabilityEstimation(KernelDensity()),12435,1,-84.86535136630344,1,-85.26381013525544
dpctgan,ProbabilityEstimation(KernelDensity()),12435,0,-85.32321624612904,0,-85.26381013525544
dpctgan,ProbabilityEstimation(KernelDensity()),12435,1,-84.78800300243707,1,-85.26381013525544
dpctgan,ProbabilityEstimation(KernelDensity()),12435,0,-85.22446673047641,1,-85.26381013525544
dpctgan,ProbabilityEstimation(KernelDensity()),12435,1,-85.18021444021251,1,-85.26381013525544
dpctgan,ProbabilityEstimation(KernelDensity()),12435,0,-85.05046281901618,1,-85.26381013525544
dpctgan,ProbabilityEstimation(KernelDensity()),12435,1,-85.31304135365158,0,-85.26381013525544
dpctgan,ProbabilityEstimation(KernelDensity()),12435,0,-84.98955763411963,1,-85.26381013525544
dpctgan,ProbabilityEstimation(KernelDensity()),12435,1,-85.05224652057224,1,-85.26381013525544
dpctgan,ProbabilityEstimation(KernelDensity()),12435,0,-84.44894651588056,1,-85.26381013525544
dpctgan,ProbabilityEstimation(KernelDensity()),12435,1,-85.24587215196568,1,-85.26381013525544
dpctgan,ProbabilityEstimation(KernelDensity()),12435,0,-85.2512799936935,1,-85.26381013525544
dpctgan,ProbabilityEstimation(KernelDensity()),12435,1,-85.15283595505427,1,-85.26381013525544
dpctgan,ProbabilityEstimation(KernelDensity()),12435,0,-84.77677727934326,1,-85.26381013525544
dpctgan,ProbabilityEstimation(KernelDensity()),12435,1,-84.87545760504304,1,-85.26381013525544
dpctgan,ProbabilityEstimation(KernelDensity()),12435,0,-84.36655545517182,1,-85.26381013525544
dpctgan,ProbabilityEstimation(KernelDensity()),12435,1,-85.04612073865798,1,-85.26381013525544
dpctgan,ProbabilityEstimation(KernelDensity()),12435,0,-85.08676661427367,1,-85.26381013525544
dpctgan,ProbabilityEstimation(KernelDensity()),12435,1,-85.38148288335927,0,-85.26381013525544
dpctgan,ProbabilityEstimation(KernelDensity()),12435,0,-85.1168389962789,1,-85.26381013525544
dpctgan,ProbabilityEstimation(KernelDensity()),12435,1,-84.75235081462544,1,-85.26381013525544
dpctgan,ProbabilityEstimation(KernelDensity()),12435,0,-84.73125869688566,1,-85.26381013525544
dpctgan,ProbabilityEstimation(KernelDensity()),12435,1,-84.90902972219685,1,-85.26381013525544
dpctgan,ProbabilityEstimation(KernelDensity()),12435,0,-84.37127006571603,1,-85.26381013525544
dpctgan,ProbabilityEstimation(KernelDensity()),12435,1,-84.9552492048039,1,-85.26381013525544
dpctgan,ProbabilityEstimation(KernelDensity()),12435,0,-85.12216300555848,1,-85.26381013525544
dpctgan,ProbabilityEstimation(KernelDensity()),12435,1,-85.44438385479422,0,-85.26381013525544
dpctgan,ProbabilityEstimation(KernelDensity()),12435,0,-85.19967238239168,1,-85.26381013525544
dpctgan,ProbabilityEstimation(KernelDensity()),12435,1,-84.8852145018398,1,-85.26381013525544
dpctgan,ProbabilityEstimation(KernelDensity()),12435,0,-85.29649384276212,0,-85.26381013525544
dpctgan,ProbabilityEstimation(KernelDensity()),12435,1,-84.90502084653177,1,-85.26381013525544
dpctgan,ProbabilityEstimation(KernelDensity()),12435,0,-84.96638376661261,1,-85.26381013525544
dpctgan,ProbabilityEstimation(KernelDensity()),12435,1,-84.63287470281004,1,-85.26381013525544
dpctgan,ProbabilityEstimation(KernelDensity()),12435,0,-85.2171275502635,1,-85.26381013525544
dpctgan,ProbabilityEstimation(KernelDensity()),12435,1,-84.58015365753265,1,-85.26381013525544
dpctgan,ProbabilityEstimation(KernelDensity()),12435,0,-84.74363742396305,1,-85.26381013525544
dpctgan,ProbabilityEstimation(KernelDensity()),12435,1,-83.93702418711091,1,-85.26381013525544
dpctgan,ProbabilityEstimation(KernelDensity()),12435,0,-84.61333563118934,1,-85.26381013525544
dpctgan,ProbabilityEstimation(KernelDensity()),12435,1,-84.72245150288056,1,-85.26381013525544
dpctgan,ProbabilityEstimation(KernelDensity()),12435,0,-84.4389562003368,1,-85.26381013525544
dpctgan,ProbabilityEstimation(KernelDensity()),12435,1,-85.59879632499202,0,-85.26381013525544
dpctgan,ProbabilityEstimation(KernelDensity()),12435,0,-84.77384296386396,1,-85.26381013525544
dpctgan,ProbabilityEstimation(KernelDensity()),12435,1,-84.73950829463894,1,-85.26381013525544
dpctgan,ProbabilityEstimation(KernelDensity()),12435,0,-84.74934977613384,1,-85.26381013525544
dpctgan,ProbabilityEstimation(KernelDensity()),12435,1,-84.96008294797376,1,-85.26381013525544
dpctgan,ProbabilityEstimation(KernelDensity()),12435,0,-84.6792156346927,1,-85.26381013525544
dpctgan,ProbabilityEstimation(KernelDensity()),12435,1,-84.90706620755405,1,-85.26381013525544
dpctgan,ProbabilityEstimation(KernelDensity()),12435,0,-85.46578698790768,0,-85.26381013525544
dpctgan,ProbabilityEstimation(KernelDensity()),12435,1,-84.88655578223238,1,-85.26381013525544
dpctgan,ProbabilityEstimation(KernelDensity()),12435,0,-84.45895173314081,1,-85.26381013525544
dpctgan,ProbabilityEstimation(KernelDensity()),12435,1,-85.18282539530799,1,-85.26381013525544
dpctgan,ProbabilityEstimation(KernelDensity()),12435,0,-85.0989149534869,1,-85.26381013525544
dpctgan,ProbabilityEstimation(KernelDensity()),12435,1,-84.62763949563288,1,-85.26381013525544
dpctgan,ProbabilityEstimation(KernelDensity()),12435,0,-84.70994234521653,1,-85.26381013525544
dpctgan,ProbabilityEstimation(KernelDensity()),12435,1,-85.09502066079453,1,-85.26381013525544
dpctgan,ProbabilityEstimation(KernelDensity()),12435,0,-84.73607380161874,1,-85.26381013525544
dpctgan,ProbabilityEstimation(KernelDensity()),12435,1,-84.82338872326817,1,-85.26381013525544
dpctgan,ProbabilityEstimation(KernelDensity()),12435,0,-85.02713230691795,1,-85.26381013525544
dpctgan,ProbabilityEstimation(KernelDensity()),12435,1,-85.1086064702681,1,-85.26381013525544
dpctgan,ProbabilityEstimation(KernelDensity()),12435,0,-84.90372414473161,1,-85.26381013525544
dpctgan,ProbabilityEstimation(KernelDensity()),12435,1,-84.15203485744722,1,-85.26381013525544
dpctgan,ProbabilityEstimation(KernelDensity()),12435,0,-85.18787889452202,1,-85.26381013525544
dpctgan,ProbabilityEstimation(KernelDensity()),12435,1,-84.34592670503005,1,-85.26381013525544
dpctgan,ProbabilityEstimation(KernelDensity()),12435,0,-84.73175707850508,1,-85.26381013525544
dpctgan,ProbabilityEstimation(KernelDensity()),12435,1,-84.77547484821145,1,-85.26381013525544
dpctgan,ProbabilityEstimation(KernelDensity()),12435,0,-85.22961579792938,1,-85.26381013525544
dpctgan,ProbabilityEstimation(KernelDensity()),12435,1,-85.12823818263332,1,-85.26381013525544
dpctgan,ProbabilityEstimation(KernelDensity()),12435,0,-84.4481781213213,1,-85.26381013525544
dpctgan,ProbabilityEstimation(KernelDensity()),12435,1,-84.76301531511214,1,-85.26381013525544
dpctgan,ProbabilityEstimation(KernelDensity()),12435,0,-85.24895689473848,1,-85.26381013525544
dpctgan,ProbabilityEstimation(KernelDensity()),12435,1,-84.78583088282252,1,-85.26381013525544
dpctgan,ProbabilityEstimation(KernelDensity()),12435,0,-84.7762254586498,1,-85.26381013525544
dpctgan,ProbabilityEstimation(KernelDensity()),12435,1,-85.07385463682628,1,-85.26381013525544
dpctgan,ProbabilityEstimation(KernelDensity()),12435,0,-85.28678562944249,0,-85.26381013525544
dpctgan,ProbabilityEstimation(KernelDensity()),12435,1,-85.11934607527928,1,-85.26381013525544
dpctgan,ProbabilityEstimation(KernelDensity()),12435,0,-84.35297220752805,1,-85.26381013525544
dpctgan,ProbabilityEstimation(KernelDensity()),12435,1,-85.17495565349886,1,-85.26381013525544
dpctgan,ProbabilityEstimation(KernelDensity()),12435,0,-84.96035110684052,1,-85.26381013525544
dpctgan,ProbabilityEstimation(KernelDensity()),12435,1,-85.40942474301079,0,-85.26381013525544
dpctgan,ProbabilityEstimation(KernelDensity()),12435,0,-84.66565806871961,1,-85.26381013525544
dpctgan,ProbabilityEstimation(KernelDensity()),12435,1,-84.95334438695521,1,-85.26381013525544
dpctgan,ProbabilityEstimation(KernelDensity()),12435,0,-85.03855968760544,1,-85.26381013525544
dpctgan,ProbabilityEstimation(KernelDensity()),12435,1,-84.74399855321954,1,-85.26381013525544
dpctgan,ProbabilityEstimation(KernelDensity()),12435,0,-85.05460366057461,1,-85.26381013525544
dpctgan,ProbabilityEstimation(KernelDensity()),12435,1,-83.9888078647601,1,-85.26381013525544
dpctgan,ProbabilityEstimation(KernelDensity()),12435,0,-84.75927019533329,1,-85.26381013525544
dpctgan,ProbabilityEstimation(KernelDensity()),12435,1,-85.05611005524318,1,-85.26381013525544
dpctgan,ProbabilityEstimation(KernelDensity()),12435,0,-85.11898840094801,1,-85.26381013525544
dpctgan,ProbabilityEstimation(KernelDensity()),12435,1,-84.91198766963528,1,-85.26381013525544
dpctgan,ProbabilityEstimation(KernelDensity()),12435,0,-85.00477302241913,1,-85.26381013525544
dpctgan,ProbabilityEstimation(KernelDensity()),12435,1,-84.79289628644413,1,-85.26381013525544
dpctgan,ProbabilityEstimation(KernelDensity()),12435,0,-84.56866684876458,1,-85.26381013525544
dpctgan,ProbabilityEstimation(KernelDensity()),12435,1,-84.62878135244476,1,-85.26381013525544
dpctgan,ProbabilityEstimation(KernelDensity()),12435,0,-85.15520205033494,1,-85.26381013525544
dpctgan,ProbabilityEstimation(KernelDensity()),12435,1,-84.6929233224245,1,-85.26381013525544
dpctgan,ProbabilityEstimation(KernelDensity()),12435,0,-85.53035896339924,0,-85.26381013525544
dpctgan,ProbabilityEstimation(KernelDensity()),12435,1,-84.62091409423986,1,-85.26381013525544
dpctgan,ProbabilityEstimation(KernelDensity()),12435,0,-84.83807034355263,1,-85.26381013525544
dpctgan,ProbabilityEstimation(KernelDensity()),12435,1,-85.19699008662971,1,-85.26381013525544
dpctgan,ProbabilityEstimation(KernelDensity()),12435,0,-84.70871789282194,1,-85.26381013525544
dpctgan,ProbabilityEstimation(KernelDensity()),12435,1,-84.5094511912688,1,-85.26381013525544
dpctgan,ProbabilityEstimation(KernelDensity()),12435,0,-85.15663157293308,1,-85.26381013525544
dpctgan,ProbabilityEstimation(KernelDensity()),12435,1,-85.00327247476994,1,-85.26381013525544
dpctgan,ProbabilityEstimation(KernelDensity()),12435,0,-85.42881355701579,0,-85.26381013525544
dpctgan,ProbabilityEstimation(KernelDensity()),12435,1,-85.31529558952566,0,-85.26381013525544
dpctgan,ProbabilityEstimation(KernelDensity()),12435,0,-84.98639259563693,1,-85.26381013525544
dpctgan,ProbabilityEstimation(KernelDensity()),12435,1,-84.8675872520699,1,-85.26381013525544
dpctgan,ProbabilityEstimation(KernelDensity()),12435,0,-85.05826190575698,1,-85.26381013525544
dpctgan,ProbabilityEstimation(KernelDensity()),12435,1,-84.62438291674927,1,-85.26381013525544
dpctgan,ProbabilityEstimation(KernelDensity()),12435,0,-85.36563576717147,0,-85.26381013525544
dpctgan,ProbabilityEstimation(KernelDensity()),12435,1,-84.76718724255217,1,-85.26381013525544
dpctgan,ProbabilityEstimation(KernelDensity()),12435,0,-84.72820484767942,1,-85.26381013525544
dpctgan,ProbabilityEstimation(KernelDensity()),12435,1,-84.37839281027098,1,-85.26381013525544
dpctgan,ProbabilityEstimation(KernelDensity()),12435,0,-84.76519890557077,1,-85.26381013525544
dpctgan,ProbabilityEstimation(KernelDensity()),12435,1,-84.72798446279367,1,-85.26381013525544
dpctgan,ProbabilityEstimation(KernelDensity()),12435,0,-83.90512678545463,1,-85.26381013525544
dpctgan,ProbabilityEstimation(KernelDensity()),12435,1,-85.16215548141582,1,-85.26381013525544
dpctgan,ProbabilityEstimation(KernelDensity()),12435,0,-85.21914749917508,1,-85.26381013525544
dpctgan,ProbabilityEstimation(KernelDensity()),12435,1,-84.99771076873049,1,-85.26381013525544
dpctgan,ProbabilityEstimation(KernelDensity()),12435,0,-84.96814285360678,1,-85.26381013525544
dpctgan,ProbabilityEstimation(KernelDensity()),12435,1,-84.97690085173925,1,-85.26381013525544
dpctgan,ProbabilityEstimation(KernelDensity()),12435,0,-84.84992085691462,1,-85.26381013525544
dpctgan,ProbabilityEstimation(KernelDensity()),12435,1,-85.17744704466487,1,-85.26381013525544
dpctgan,ProbabilityEstimation(KernelDensity()),12435,0,-85.16855223992899,1,-85.26381013525544
dpctgan,ProbabilityEstimation(KernelDensity()),12435,1,-84.65728856032868,1,-85.26381013525544
dpctgan,ProbabilityEstimation(KernelDensity()),12435,0,-85.10925041312983,1,-85.26381013525544
dpctgan,ProbabilityEstimation(KernelDensity()),12435,1,-85.14969054978604,1,-85.26381013525544
dpctgan,ProbabilityEstimation(KernelDensity()),12435,0,-84.84310381697186,1,-85.26381013525544
dpctgan,ProbabilityEstimation(KernelDensity()),12435,1,-84.81441523301343,1,-85.26381013525544
dpctgan,ProbabilityEstimation(KernelDensity()),12435,0,-85.52289384238688,0,-85.26381013525544
dpctgan,ProbabilityEstimation(KernelDensity()),12435,1,-84.43130893843026,1,-85.26381013525544
dpctgan,ProbabilityEstimation(KernelDensity()),12435,0,-84.83111741031449,1,-85.26381013525544
dpctgan,ProbabilityEstimation(KernelDensity()),12435,1,-84.87099424276946,1,-85.26381013525544
dpctgan,ProbabilityEstimation(KernelDensity()),12435,0,-84.78936699986671,1,-85.26381013525544
dpctgan,ProbabilityEstimation(KernelDensity()),12435,1,-85.02296517340564,1,-85.26381013525544
dpctgan,ProbabilityEstimation(KernelDensity()),12435,0,-85.1116030267777,1,-85.26381013525544
dpctgan,ProbabilityEstimation(KernelDensity()),12435,1,-85.4037914795111,0,-85.26381013525544
dpctgan,ProbabilityEstimation(KernelDensity()),12435,0,-85.37497655856998,0,-85.26381013525544
dpctgan,ProbabilityEstimation(KernelDensity()),12435,1,-84.34155919300039,1,-85.26381013525544
dpctgan,ProbabilityEstimation(KernelDensity()),12435,0,-85.32140438829002,0,-85.26381013525544
dpctgan,ProbabilityEstimation(KernelDensity()),12435,1,-85.38711806656568,0,-85.26381013525544
dpctgan,ProbabilityEstimation(KernelDensity()),12435,0,-84.63062443501218,1,-85.26381013525544
dpctgan,ProbabilityEstimation(KernelDensity()),12435,1,-84.60068175441742,1,-85.26381013525544
dpctgan,ProbabilityEstimation(KernelDensity()),12435,0,-85.13763391385515,1,-85.26381013525544
dpctgan,ProbabilityEstimation(KernelDensity()),12435,1,-85.04187888431194,1,-85.26381013525544
dpctgan,ProbabilityEstimation(KernelDensity()),12435,0,-84.54373885715613,1,-85.26381013525544
dpctgan,ProbabilityEstimation(KernelDensity()),12435,1,-84.50673825102447,1,-85.26381013525544
dpctgan,ProbabilityEstimation(KernelDensity()),12435,0,-85.15129859322516,1,-85.26381013525544
dpctgan,ProbabilityEstimation(KernelDensity()),12435,1,-85.24586913012145,1,-85.26381013525544
dpctgan,ProbabilityEstimation(KernelDensity()),12435,0,-84.8486759887158,1,-85.26381013525544
dpctgan,ProbabilityEstimation(KernelDensity()),12435,1,-84.94751509708401,1,-85.26381013525544
dpctgan,ProbabilityEstimation(KernelDensity()),12435,0,-84.67144586815576,1,-85.26381013525544
dpctgan,ProbabilityEstimation(KernelDensity()),12435,1,-85.31390643144005,0,-85.26381013525544
dpctgan,ProbabilityEstimation(KernelDensity()),12435,0,-84.51265825091035,1,-85.26381013525544
dpctgan,ProbabilityEstimation(KernelDensity()),12435,1,-84.75745638746275,1,-85.26381013525544
dpctgan,ProbabilityEstimation(KernelDensity()),12435,0,-84.63236244964449,1,-85.26381013525544
dpctgan,ProbabilityEstimation(KernelDensity()),12435,1,-85.11786473421154,1,-85.26381013525544
dpctgan,ProbabilityEstimation(KernelDensity()),12435,0,-84.8241562638359,1,-85.26381013525544
dpctgan,ProbabilityEstimation(KernelDensity()),12435,1,-85.20711344103668,1,-85.26381013525544
dpctgan,ProbabilityEstimation(KernelDensity()),12435,0,-85.22501110782625,1,-85.26381013525544
dpctgan,ProbabilityEstimation(KernelDensity()),12435,1,-84.64127106673524,1,-85.26381013525544
dpctgan,ProbabilityEstimation(KernelDensity()),12435,0,-85.28757852059644,0,-85.26381013525544
dpctgan,ProbabilityEstimation(KernelDensity()),12435,1,-85.24073241531343,1,-85.26381013525544
dpctgan,ProbabilityEstimation(KernelDensity()),12435,0,-84.57870964859424,1,-85.26381013525544
dpctgan,ProbabilityEstimation(KernelDensity()),12435,1,-84.93118394100314,1,-85.26381013525544
dpctgan,ProbabilityEstimation(KernelDensity()),12435,0,-85.3976511870549,0,-85.26381013525544
dpctgan,ProbabilityEstimation(KernelDensity()),12435,1,-84.01344320444176,1,-85.26381013525544
dpctgan,ProbabilityEstimation(KernelDensity()),12435,0,-84.73075732140644,1,-85.26381013525544
dpctgan,ProbabilityEstimation(KernelDensity()),12435,1,-85.0930433469536,1,-85.26381013525544
dpctgan,ProbabilityEstimation(KernelDensity()),12435,0,-84.8406465315554,1,-85.26381013525544
dpctgan,ProbabilityEstimation(KernelDensity()),12435,1,-85.43050400657675,0,-85.26381013525544
dpctgan,ProbabilityEstimation(KernelDensity()),12435,0,-84.96736363728546,1,-85.26381013525544
dpctgan,ProbabilityEstimation(KernelDensity()),12435,1,-85.02679057741045,1,-85.26381013525544
dpctgan,ProbabilityEstimation(KernelDensity()),12435,0,-85.11055574174898,1,-85.26381013525544
dpctgan,ProbabilityEstimation(KernelDensity()),12435,1,-84.72499656066663,1,-85.26381013525544
dpctgan,ProbabilityEstimation(KernelDensity()),12435,0,-84.87104369318585,1,-85.26381013525544
dpctgan,ProbabilityEstimation(KernelDensity()),12435,1,-84.92494978893184,1,-85.26381013525544
dpctgan,ProbabilityEstimation(KernelDensity()),12435,0,-85.38645455102021,0,-85.26381013525544
dpctgan,ProbabilityEstimation(KernelDensity()),12435,1,-84.7965344262198,1,-85.26381013525544
dpctgan,ProbabilityEstimation(KernelDensity()),12435,0,-85.42063635601795,0,-85.26381013525544
dpctgan,ProbabilityEstimation(KernelDensity()),12435,1,-84.8663645549521,1,-85.26381013525544
dpctgan,ProbabilityEstimation(KernelDensity()),12435,0,-84.58983807392325,1,-85.26381013525544
dpctgan,ProbabilityEstimation(KernelDensity()),12435,1,-85.09886049982944,1,-85.26381013525544
dpctgan,ProbabilityEstimation(KernelDensity()),12435,0,-84.95829966341302,1,-85.26381013525544
dpctgan,ProbabilityEstimation(KernelDensity()),12435,1,-84.439095273046,1,-85.26381013525544
dpctgan,ProbabilityEstimation(KernelDensity()),12435,0,-85.1797314233592,1,-85.26381013525544
dpctgan,ProbabilityEstimation(KernelDensity()),12435,1,-84.57343268329981,1,-85.26381013525544
dpctgan,ProbabilityEstimation(KernelDensity()),12435,0,-84.16677570706476,1,-85.26381013525544
dpctgan,ProbabilityEstimation(KernelDensity()),12435,1,-84.45399592628678,1,-85.26381013525544
dpctgan,ProbabilityEstimation(KernelDensity()),12435,0,-85.13440941246411,1,-85.26381013525544
dpctgan,ProbabilityEstimation(KernelDensity()),12435,1,-84.6013537566507,1,-85.26381013525544
dpctgan,ProbabilityEstimation(KernelDensity()),12435,0,-84.84257969452602,1,-85.26381013525544
dpctgan,ProbabilityEstimation(KernelDensity()),12435,1,-84.52048375464645,1,-85.26381013525544
dpctgan,ProbabilityEstimation(KernelDensity()),12435,0,-85.37609983938333,0,-85.26381013525544
dpctgan,ProbabilityEstimation(KernelDensity()),12435,1,-84.8447781841687,1,-85.26381013525544
dpctgan,ProbabilityEstimation(KernelDensity()),12435,0,-84.72070364898701,1,-85.26381013525544
dpctgan,ProbabilityEstimation(KernelDensity()),12435,1,-84.6592709841039,1,-85.26381013525544
dpctgan,ProbabilityEstimation(KernelDensity()),12435,0,-85.38240958559373,0,-85.26381013525544
dpctgan,ProbabilityEstimation(KernelDensity()),12435,1,-84.71309368029475,1,-85.26381013525544
dpctgan,ProbabilityEstimation(KernelDensity()),12435,0,-85.248876239056,1,-85.26381013525544
dpctgan,ProbabilityEstimation(KernelDensity()),12435,1,-84.71286328020561,1,-85.26381013525544
dpctgan,ProbabilityEstimation(KernelDensity()),12435,0,-84.78280844858052,1,-85.26381013525544
dpctgan,ProbabilityEstimation(KernelDensity()),12435,1,-84.44358562242353,1,-85.26381013525544
dpctgan,ProbabilityEstimation(KernelDensity()),12435,0,-85.11937415617822,1,-85.26381013525544
dpctgan,ProbabilityEstimation(KernelDensity()),12435,1,-84.55108847901626,1,-85.26381013525544
dpctgan,ProbabilityEstimation(KernelDensity()),12435,0,-84.99074756017174,1,-85.26381013525544
dpctgan,ProbabilityEstimation(KernelDensity()),12435,1,-84.61786459675017,1,-85.26381013525544
dpctgan,ProbabilityEstimation(KernelDensity()),12435,0,-85.11287222161388,1,-85.26381013525544
dpctgan,ProbabilityEstimation(KernelDensity()),12435,1,-84.8454049201457,1,-85.26381013525544
dpctgan,ProbabilityEstimation(KernelDensity()),12435,0,-85.21437900474893,1,-85.26381013525544
dpctgan,ProbabilityEstimation(KernelDensity()),12435,1,-84.7595788478615,1,-85.26381013525544
dpctgan,ProbabilityEstimation(KernelDensity()),12435,0,-85.06962278724356,1,-85.26381013525544
dpctgan,ProbabilityEstimation(KernelDensity()),12435,1,-84.98866386751776,1,-85.26381013525544
dpctgan,ProbabilityEstimation(KernelDensity()),12435,0,-85.28173891166352,0,-85.26381013525544
dpctgan,ProbabilityEstimation(KernelDensity()),12435,1,-85.13810408306504,1,-85.26381013525544
dpctgan,ProbabilityEstimation(KernelDensity()),12435,0,-85.32210424318849,0,-85.26381013525544
dpctgan,ProbabilityEstimation(KernelDensity()),12435,1,-84.40799134295109,1,-85.26381013525544
dpctgan,ProbabilityEstimation(KernelDensity()),12435,0,-85.30617496070609,0,-85.26381013525544
dpctgan,ProbabilityEstimation(KernelDensity()),12435,1,-85.50082097158743,0,-85.26381013525544
dpctgan,ProbabilityEstimation(KernelDensity()),12435,0,-84.93803391391319,1,-85.26381013525544
dpctgan,ProbabilityEstimation(KernelDensity()),12435,1,-84.319974150074,1,-85.26381013525544
dpctgan,ProbabilityEstimation(KernelDensity()),12435,0,-84.72357143597593,1,-85.26381013525544
dpctgan,ProbabilityEstimation(KernelDensity()),12435,1,-85.00692135845611,1,-85.26381013525544
dpctgan,ProbabilityEstimation(KernelDensity()),12435,0,-84.14686409307221,1,-85.26381013525544
dpctgan,ProbabilityEstimation(KernelDensity()),12435,1,-84.54566861778105,1,-85.26381013525544
dpctgan,ProbabilityEstimation(KernelDensity()),12435,0,-85.61748511251326,0,-85.26381013525544
dpctgan,ProbabilityEstimation(KernelDensity()),12435,1,-84.9786228394173,1,-85.26381013525544
dpctgan,ProbabilityEstimation(KernelDensity()),12435,0,-85.04460241129524,1,-85.26381013525544
dpctgan,ProbabilityEstimation(KernelDensity()),12435,1,-85.32206215230043,0,-85.26381013525544
dpctgan,ProbabilityEstimation(KernelDensity()),12435,0,-85.0162544973447,1,-85.26381013525544
dpctgan,ProbabilityEstimation(KernelDensity()),12435,1,-84.71157135663177,1,-85.26381013525544
dpctgan,ProbabilityEstimation(KernelDensity()),12435,0,-85.57070974477935,0,-85.26381013525544
dpctgan,ProbabilityEstimation(KernelDensity()),12435,1,-85.11227559696317,1,-85.26381013525544
dpctgan,ProbabilityEstimation(KernelDensity()),12435,0,-84.87706925271806,1,-85.26381013525544
dpctgan,ProbabilityEstimation(KernelDensity()),12435,1,-84.18800629511598,1,-85.26381013525544
dpctgan,ProbabilityEstimation(KernelDensity()),12435,0,-85.1172495593054,1,-85.26381013525544
dpctgan,ProbabilityEstimation(KernelDensity()),12435,1,-84.48295457352292,1,-85.26381013525544
dpctgan,ProbabilityEstimation(KernelDensity()),12435,0,-85.29054884452853,0,-85.26381013525544
dpctgan,ProbabilityEstimation(KernelDensity()),12435,1,-85.07605018327416,1,-85.26381013525544
dpctgan,ProbabilityEstimation(KernelDensity()),12435,0,-85.49683972461999,0,-85.26381013525544
dpctgan,ProbabilityEstimation(KernelDensity()),12435,1,-84.38599260542813,1,-85.26381013525544
dpctgan,ProbabilityEstimation(KernelDensity()),12435,0,-85.34577177782751,0,-85.26381013525544
dpctgan,ProbabilityEstimation(KernelDensity()),12435,1,-85.40642959646277,0,-85.26381013525544
dpctgan,ProbabilityEstimation(KernelDensity()),12435,0,-84.93114423096277,1,-85.26381013525544
dpctgan,ProbabilityEstimation(KernelDensity()),12435,1,-85.36821239482526,0,-85.26381013525544
dpctgan,ProbabilityEstimation(KernelDensity()),12435,0,-85.06259630783872,1,-85.26381013525544
dpctgan,ProbabilityEstimation(KernelDensity()),12435,1,-84.9034565777404,1,-85.26381013525544
dpctgan,ProbabilityEstimation(KernelDensity()),12435,0,-84.27640836365927,1,-85.26381013525544
dpctgan,ProbabilityEstimation(KernelDensity()),12435,1,-85.15483541909765,1,-85.26381013525544
dpctgan,ProbabilityEstimation(KernelDensity()),12435,0,-84.3732586983505,1,-85.26381013525544
dpctgan,ProbabilityEstimation(KernelDensity()),12435,1,-84.61680451420347,1,-85.26381013525544
dpctgan,ProbabilityEstimation(KernelDensity()),12435,0,-84.6329189641056,1,-85.26381013525544
dpctgan,ProbabilityEstimation(KernelDensity()),12435,1,-85.10238556057791,1,-85.26381013525544
dpctgan,ProbabilityEstimation(KernelDensity()),12435,0,-85.05058094885841,1,-85.26381013525544
dpctgan,ProbabilityEstimation(KernelDensity()),12435,1,-84.55672011819487,1,-85.26381013525544
dpctgan,ProbabilityEstimation(KernelDensity()),12435,0,-84.8455140654454,1,-85.26381013525544
dpctgan,ProbabilityEstimation(KernelDensity()),12435,1,-84.67457028228375,1,-85.26381013525544
dpctgan,ProbabilityEstimation(KernelDensity()),12435,0,-84.54323577917286,1,-85.26381013525544
dpctgan,ProbabilityEstimation(KernelDensity()),12435,1,-84.6668050653561,1,-85.26381013525544
dpctgan,ProbabilityEstimation(KernelDensity()),12435,0,-84.8076729920911,1,-85.26381013525544
dpctgan,ProbabilityEstimation(KernelDensity()),12435,1,-84.95045480091696,1,-85.26381013525544
dpctgan,ProbabilityEstimation(KernelDensity()),12435,0,-85.03204796377784,1,-85.26381013525544
dpctgan,ProbabilityEstimation(KernelDensity()),12435,1,-85.38613259144473,0,-85.26381013525544
dpctgan,ProbabilityEstimation(KernelDensity()),12435,0,-84.8164316005568,1,-85.26381013525544
dpctgan,ProbabilityEstimation(KernelDensity()),12435,1,-84.67683153665556,1,-85.26381013525544
dpctgan,ProbabilityEstimation(KernelDensity()),12435,0,-85.29510198165535,0,-85.26381013525544
dpctgan,ProbabilityEstimation(KernelDensity()),12435,1,-85.17872211151273,1,-85.26381013525544
dpctgan,ProbabilityEstimation(KernelDensity()),12435,0,-84.97160019214456,1,-85.26381013525544
dpctgan,ProbabilityEstimation(KernelDensity()),12435,1,-84.23121408490208,1,-85.26381013525544
dpctgan,ProbabilityEstimation(KernelDensity()),12435,0,-85.23516505089202,1,-85.26381013525544
dpctgan,ProbabilityEstimation(KernelDensity()),12435,1,-85.11655192187439,1,-85.26381013525544
dpctgan,ProbabilityEstimation(KernelDensity()),12435,0,-85.07263677522883,1,-85.26381013525544
dpctgan,ProbabilityEstimation(KernelDensity()),12435,1,-85.24942673513165,1,-85.26381013525544
dpctgan,ProbabilityEstimation(KernelDensity()),12435,0,-84.73378733289888,1,-85.26381013525544
dpctgan,ProbabilityEstimation(KernelDensity()),12435,1,-85.23420716634384,1,-85.26381013525544
dpctgan,ProbabilityEstimation(KernelDensity()),12435,0,-84.68392547943732,1,-85.26381013525544
dpctgan,ProbabilityEstimation(KernelDensity()),12435,1,-84.88354906210725,1,-85.26381013525544
dpctgan,ProbabilityEstimation(KernelDensity()),12435,0,-85.15134797051539,1,-85.26381013525544
dpctgan,ProbabilityEstimation(KernelDensity()),12435,1,-84.64753308155416,1,-85.26381013525544
dpctgan,ProbabilityEstimation(KernelDensity()),12435,0,-84.71315147049745,1,-85.26381013525544
dpctgan,ProbabilityEstimation(KernelDensity()),12435,1,-85.19347842689474,1,-85.26381013525544
dpctgan,ProbabilityEstimation(KernelDensity()),12435,0,-84.67913404232387,1,-85.26381013525544
dpctgan,ProbabilityEstimation(KernelDensity()),12435,1,-85.1882662067594,1,-85.26381013525544
dpctgan,ProbabilityEstimation(KernelDensity()),12435,0,-84.45434079593684,1,-85.26381013525544
dpctgan,ProbabilityEstimation(KernelDensity()),12435,1,-84.5912096918545,1,-85.26381013525544
dpctgan,ProbabilityEstimation(KernelDensity()),12435,0,-84.76253744379846,1,-85.26381013525544
dpctgan,ProbabilityEstimation(KernelDensity()),12435,1,-85.43668506472204,0,-85.26381013525544
dpctgan,ProbabilityEstimation(KernelDensity()),12435,0,-85.25750458413194,1,-85.26381013525544
dpctgan,ProbabilityEstimation(KernelDensity()),12435,1,-84.88576364426712,1,-85.26381013525544
dpctgan,ProbabilityEstimation(KernelDensity()),12435,0,-84.69731408473608,1,-85.26381013525544
dpctgan,ProbabilityEstimation(KernelDensity()),12435,1,-85.00572971154422,1,-85.26381013525544
dpctgan,ProbabilityEstimation(KernelDensity()),12435,0,-84.92595838679567,1,-85.26381013525544
dpctgan,ProbabilityEstimation(KernelDensity()),12435,1,-85.61916993704125,0,-85.26381013525544
dpctgan,ProbabilityEstimation(KernelDensity()),12435,0,-85.02518323292985,1,-85.26381013525544
dpctgan,ProbabilityEstimation(KernelDensity()),12435,1,-84.96424222926855,1,-85.26381013525544
dpctgan,ProbabilityEstimation(KernelDensity()),12435,0,-84.86809230801268,1,-85.26381013525544
dpctgan,ProbabilityEstimation(KernelDensity()),12435,1,-85.57611877532428,0,-85.26381013525544
dpctgan,ProbabilityEstimation(KernelDensity()),12435,0,-84.69604998185154,1,-85.26381013525544
dpctgan,ProbabilityEstimation(KernelDensity()),12435,1,-84.48586693448446,1,-85.26381013525544
dpctgan,ProbabilityEstimation(KernelDensity()),12435,0,-84.75091205572475,1,-85.26381013525544
dpctgan,ProbabilityEstimation(KernelDensity()),12435,1,-84.80412665286387,1,-85.26381013525544
dpctgan,ProbabilityEstimation(KernelDensity()),12435,0,-85.22051483589367,1,-85.26381013525544
dpctgan,ProbabilityEstimation(KernelDensity()),12435,1,-85.16967591043992,1,-85.26381013525544
dpctgan,ProbabilityEstimation(KernelDensity()),12435,0,-84.56432889760438,1,-85.26381013525544
dpctgan,ProbabilityEstimation(KernelDensity()),12435,1,-84.66967380105444,1,-85.26381013525544
dpctgan,ProbabilityEstimation(KernelDensity()),12435,0,-85.36750491327292,0,-85.26381013525544
dpctgan,ProbabilityEstimation(KernelDensity()),12435,1,-84.61958548183758,1,-85.26381013525544
dpctgan,ProbabilityEstimation(KernelDensity()),12435,0,-84.99920749589816,1,-85.26381013525544
dpctgan,ProbabilityEstimation(KernelDensity()),12435,1,-84.63357840395787,1,-85.26381013525544
dpctgan,ProbabilityEstimation(KernelDensity()),12435,0,-84.88572078867435,1,-85.26381013525544
dpctgan,ProbabilityEstimation(KernelDensity()),12435,1,-85.18896514628481,1,-85.26381013525544
dpctgan,ProbabilityEstimation(KernelDensity()),12435,0,-85.18735658491683,1,-85.26381013525544
dpctgan,ProbabilityEstimation(KernelDensity()),12435,1,-84.90607671575145,1,-85.26381013525544
dpctgan,ProbabilityEstimation(KernelDensity()),12435,0,-84.85387585099463,1,-85.26381013525544
dpctgan,ProbabilityEstimation(KernelDensity()),12435,1,-85.32243763707355,0,-85.26381013525544
dpctgan,ProbabilityEstimation(KernelDensity()),12435,0,-84.45180431785771,1,-85.26381013525544
dpctgan,ProbabilityEstimation(KernelDensity()),12435,1,-85.19753387728268,1,-85.26381013525544
dpctgan,ProbabilityEstimation(KernelDensity()),12435,0,-84.55315099373917,1,-85.26381013525544
dpctgan,ProbabilityEstimation(KernelDensity()),12435,1,-85.33088038404694,0,-85.26381013525544
dpctgan,ProbabilityEstimation(KernelDensity()),12435,0,-84.17875006232241,1,-85.26381013525544
dpctgan,ProbabilityEstimation(KernelDensity()),12435,1,-84.75003282445908,1,-85.26381013525544
dpctgan,ProbabilityEstimation(KernelDensity()),12435,0,-84.49051849945545,1,-85.26381013525544
dpctgan,ProbabilityEstimation(KernelDensity()),12435,1,-84.74216054885706,1,-85.26381013525544
dpctgan,ProbabilityEstimation(KernelDensity()),12435,0,-84.66665359771311,1,-85.26381013525544
dpctgan,ProbabilityEstimation(KernelDensity()),12435,1,-85.25263106696768,1,-85.26381013525544
dpctgan,ProbabilityEstimation(KernelDensity()),12435,0,-84.96331774295335,1,-85.26381013525544
dpctgan,ProbabilityEstimation(KernelDensity()),12435,1,-84.35627074345194,1,-85.26381013525544
dpctgan,ProbabilityEstimation(KernelDensity()),12435,0,-84.62166398385189,1,-85.26381013525544
dpctgan,ProbabilityEstimation(KernelDensity()),12435,1,-84.72879888088521,1,-85.26381013525544
dpctgan,ProbabilityEstimation(KernelDensity()),12435,0,-84.5162336156612,1,-85.26381013525544
dpctgan,ProbabilityEstimation(KernelDensity()),12435,1,-84.96106962738381,1,-85.26381013525544
dpctgan,ProbabilityEstimation(KernelDensity()),12435,0,-84.61154091779096,1,-85.26381013525544
dpctgan,ProbabilityEstimation(KernelDensity()),12435,1,-85.20045636919873,1,-85.26381013525544
dpctgan,ProbabilityEstimation(KernelDensity()),12435,0,-85.30634033821056,0,-85.26381013525544
dpctgan,ProbabilityEstimation(KernelDensity()),12435,1,-84.44122280447007,1,-85.26381013525544
dpctgan,ProbabilityEstimation(KernelDensity()),12435,0,-84.46692734668198,1,-85.26381013525544
dpctgan,ProbabilityEstimation(KernelDensity()),12435,1,-85.62324303551847,0,-85.26381013525544
dpctgan,ProbabilityEstimation(KernelDensity()),12435,0,-84.22967956370636,1,-85.26381013525544
dpctgan,ProbabilityEstimation(KernelDensity()),12435,1,-85.24443926497047,1,-85.26381013525544
dpctgan,ProbabilityEstimation(KernelDensity()),12435,0,-85.45617504529831,0,-85.26381013525544
dpctgan,ProbabilityEstimation(KernelDensity()),12435,1,-85.3819432454461,0,-85.26381013525544
dpctgan,ProbabilityEstimation(KernelDensity()),12435,0,-84.75059598153851,1,-85.26381013525544
dpctgan,ProbabilityEstimation(KernelDensity()),12435,1,-84.92403589881106,1,-85.26381013525544
dpctgan,ProbabilityEstimation(KernelDensity()),12435,0,-84.76102164754059,1,-85.26381013525544
dpctgan,ProbabilityEstimation(KernelDensity()),12435,1,-85.4363571102079,0,-85.26381013525544
dpctgan,ProbabilityEstimation(KernelDensity()),12435,0,-85.11095691643531,1,-85.26381013525544
dpctgan,ProbabilityEstimation(KernelDensity()),12435,1,-84.87572761654373,1,-85.26381013525544
dpctgan,ProbabilityEstimation(KernelDensity()),12435,0,-85.11547627314187,1,-85.26381013525544
dpctgan,ProbabilityEstimation(KernelDensity()),12435,1,-84.560471405288,1,-85.26381013525544
dpctgan,ProbabilityEstimation(KernelDensity()),12435,0,-85.00394398082678,1,-85.26381013525544
dpctgan,ProbabilityEstimation(KernelDensity()),12435,1,-85.35632236368244,0,-85.26381013525544
dpctgan,ProbabilityEstimation(KernelDensity()),12435,0,-84.61371020887098,1,-85.26381013525544
dpctgan,ProbabilityEstimation(KernelDensity()),12435,1,-84.65217737597509,1,-85.26381013525544
dpctgan,ProbabilityEstimation(KernelDensity()),12435,0,-85.22540776675366,1,-85.26381013525544
dpctgan,ProbabilityEstimation(KernelDensity()),12435,1,-84.92028382741661,1,-85.26381013525544
dpctgan,ProbabilityEstimation(KernelDensity()),12435,0,-85.0464787202545,1,-85.26381013525544
dpctgan,ProbabilityEstimation(KernelDensity()),12435,1,-85.08834834964304,1,-85.26381013525544
dpctgan,ProbabilityEstimation(KernelDensity()),12435,0,-85.01232248423064,1,-85.26381013525544
dpctgan,ProbabilityEstimation(KernelDensity()),12435,1,-85.17358748887537,1,-85.26381013525544
dpctgan,ProbabilityEstimation(KernelDensity()),12435,0,-84.93421959024185,1,-85.26381013525544
dpctgan,ProbabilityEstimation(KernelDensity()),12435,1,-84.78717282248817,1,-85.26381013525544
dpctgan,ProbabilityEstimation(KernelDensity()),12435,0,-84.41561882318523,1,-85.26381013525544
dpctgan,ProbabilityEstimation(KernelDensity()),12435,1,-84.70833334017044,1,-85.26381013525544
dpctgan,ProbabilityEstimation(KernelDensity()),12435,0,-84.78824221267698,1,-85.26381013525544
dpctgan,ProbabilityEstimation(KernelDensity()),12435,1,-84.95830342595897,1,-85.26381013525544
dpctgan,ProbabilityEstimation(KernelDensity()),12435,0,-84.52672955274736,1,-85.26381013525544
dpctgan,ProbabilityEstimation(KernelDensity()),12435,1,-84.85225761269488,1,-85.26381013525544
dpctgan,ProbabilityEstimation(KernelDensity()),12435,0,-84.51861757860081,1,-85.26381013525544
dpctgan,ProbabilityEstimation(KernelDensity()),12435,1,-85.22729804709468,1,-85.26381013525544
dpctgan,ProbabilityEstimation(KernelDensity()),12435,0,-84.93268556502329,1,-85.26381013525544
dpctgan,ProbabilityEstimation(KernelDensity()),12435,1,-84.76769906217937,1,-85.26381013525544
dpctgan,ProbabilityEstimation(KernelDensity()),12435,0,-84.96817935941093,1,-85.26381013525544
dpctgan,ProbabilityEstimation(KernelDensity()),12435,1,-84.36524823070883,1,-85.26381013525544
dpctgan,ProbabilityEstimation(KernelDensity()),12435,0,-84.54352655817829,1,-85.26381013525544
dpctgan,ProbabilityEstimation(KernelDensity()),12435,1,-84.39526728164455,1,-85.26381013525544
dpctgan,ProbabilityEstimation(KernelDensity()),12435,0,-85.66712034072194,0,-85.26381013525544
dpctgan,ProbabilityEstimation(KernelDensity()),12435,1,-84.63226085667095,1,-85.26381013525544
dpctgan,ProbabilityEstimation(KernelDensity()),12435,0,-84.57737212534384,1,-85.26381013525544
dpctgan,ProbabilityEstimation(KernelDensity()),12435,1,-84.63771246772778,1,-85.26381013525544
dpctgan,ProbabilityEstimation(KernelDensity()),12435,0,-85.45762674937474,0,-85.26381013525544
dpctgan,ProbabilityEstimation(KernelDensity()),12435,1,-85.41837089000907,0,-85.26381013525544
dpctgan,ProbabilityEstimation(KernelDensity()),12435,0,-84.93440626327121,1,-85.26381013525544
dpctgan,ProbabilityEstimation(KernelDensity()),12435,1,-84.98042652040483,1,-85.26381013525544
dpctgan,ProbabilityEstimation(KernelDensity()),12435,0,-85.01961774164253,1,-85.26381013525544
dpctgan,ProbabilityEstimation(KernelDensity()),12435,1,-84.70794096661581,1,-85.26381013525544
dpctgan,ProbabilityEstimation(KernelDensity()),12435,0,-85.1512914102139,1,-85.26381013525544
dpctgan,ProbabilityEstimation(KernelDensity()),12435,1,-84.89256172740055,1,-85.26381013525544
dpctgan,ProbabilityEstimation(KernelDensity()),12435,0,-85.28646160770737,0,-85.26381013525544
dpctgan,ProbabilityEstimation(KernelDensity()),12435,1,-84.57574084679791,1,-85.26381013525544
dpctgan,ProbabilityEstimation(KernelDensity()),12435,0,-84.93701769078575,1,-85.26381013525544
dpctgan,ProbabilityEstimation(KernelDensity()),12435,1,-84.59089317536512,1,-85.26381013525544
dpctgan,ProbabilityEstimation(KernelDensity()),12435,0,-84.59177173262607,1,-85.26381013525544
dpctgan,ProbabilityEstimation(KernelDensity()),12435,1,-85.01480728382965,1,-85.26381013525544
dpctgan,ProbabilityEstimation(KernelDensity()),12435,0,-85.28044765337614,0,-85.26381013525544
dpctgan,ProbabilityEstimation(KernelDensity()),12435,1,-84.53953288499727,1,-85.26381013525544
dpctgan,ProbabilityEstimation(KernelDensity()),12435,0,-84.6909724222629,1,-85.26381013525544
dpctgan,ProbabilityEstimation(KernelDensity()),12435,1,-85.08813812259892,1,-85.26381013525544
dpctgan,ProbabilityEstimation(KernelDensity()),12435,0,-84.86163504074497,1,-85.26381013525544
dpctgan,ProbabilityEstimation(KernelDensity()),12435,1,-84.96442984752088,1,-85.26381013525544
dpctgan,ProbabilityEstimation(KernelDensity()),12435,0,-85.0877694160729,1,-85.26381013525544
dpctgan,ProbabilityEstimation(KernelDensity()),12435,1,-84.82979061934866,1,-85.26381013525544
dpctgan,ProbabilityEstimation(KernelDensity()),12435,0,-84.7379464891984,1,-85.26381013525544
dpctgan,ProbabilityEstimation(KernelDensity()),12435,1,-84.70620213659171,1,-85.26381013525544
dpctgan,ProbabilityEstimation(KernelDensity()),12435,0,-84.91390814663588,1,-85.26381013525544
dpctgan,ProbabilityEstimation(KernelDensity()),12435,1,-84.69833147327664,1,-85.26381013525544
dpctgan,ProbabilityEstimation(KernelDensity()),12435,0,-85.13309789134793,1,-85.26381013525544
dpctgan,ProbabilityEstimation(KernelDensity()),12435,1,-85.50194340958447,0,-85.26381013525544
dpctgan,ProbabilityEstimation(KernelDensity()),12435,0,-84.34963321631494,1,-85.26381013525544
dpctgan,ProbabilityEstimation(KernelDensity()),12435,1,-84.83098874946995,1,-85.26381013525544
dpctgan,ProbabilityEstimation(KernelDensity()),12435,0,-85.32517459919129,0,-85.26381013525544
dpctgan,ProbabilityEstimation(KernelDensity()),12435,1,-85.15804117148059,1,-85.26381013525544
dpctgan,ProbabilityEstimation(KernelDensity()),12435,0,-85.85974070008604,0,-85.26381013525544
dpctgan,ProbabilityEstimation(KernelDensity()),12435,1,-85.78429856077467,0,-85.26381013525544
dpctgan,ProbabilityEstimation(KernelDensity()),12435,0,-84.52102905225493,1,-85.26381013525544
dpctgan,ProbabilityEstimation(KernelDensity()),12435,1,-85.02641502235348,1,-85.26381013525544
dpctgan,ProbabilityEstimation(KernelDensity()),12435,0,-84.91472008684411,1,-85.26381013525544
dpctgan,ProbabilityEstimation(KernelDensity()),12435,1,-84.89633750521593,1,-85.26381013525544
dpctgan,ProbabilityEstimation(KernelDensity()),12435,0,-84.83985133988762,1,-85.26381013525544
dpctgan,ProbabilityEstimation(KernelDensity()),12435,1,-84.80612968858807,1,-85.26381013525544
dpctgan,ProbabilityEstimation(KernelDensity()),12435,0,-85.13189395665457,1,-85.26381013525544
dpctgan,ProbabilityEstimation(KernelDensity()),12435,1,-85.10792596767696,1,-85.26381013525544
dpctgan,ProbabilityEstimation(KernelDensity()),12435,0,-85.31645990458091,0,-85.26381013525544
dpctgan,ProbabilityEstimation(KernelDensity()),12435,1,-84.4793873416872,1,-85.26381013525544
dpctgan,ProbabilityEstimation(KernelDensity()),12435,0,-84.55045164865238,1,-85.26381013525544
dpctgan,ProbabilityEstimation(KernelDensity()),12435,1,-84.71730267991654,1,-85.26381013525544
dpctgan,ProbabilityEstimation(KernelDensity()),12435,0,-85.40786284737938,0,-85.26381013525544
dpctgan,ProbabilityEstimation(KernelDensity()),12435,1,-85.59399018948285,0,-85.26381013525544
dpctgan,ProbabilityEstimation(KernelDensity()),12435,0,-84.79375066573856,1,-85.26381013525544
dpctgan,ProbabilityEstimation(KernelDensity()),12435,1,-84.84309371033999,1,-85.26381013525544
dpctgan,ProbabilityEstimation(KernelDensity()),12435,0,-85.6437933798254,0,-85.26381013525544
dpctgan,ProbabilityEstimation(KernelDensity()),12435,1,-85.03415549684154,1,-85.26381013525544
dpctgan,ProbabilityEstimation(KernelDensity()),12435,0,-84.25579703261882,1,-85.26381013525544
dpctgan,ProbabilityEstimation(KernelDensity()),12435,1,-85.25883702254305,1,-85.26381013525544
dpctgan,ProbabilityEstimation(KernelDensity()),12435,0,-85.39604692525475,0,-85.26381013525544
dpctgan,ProbabilityEstimation(KernelDensity()),12435,1,-84.54287948524913,1,-85.26381013525544
dpctgan,ProbabilityEstimation(KernelDensity()),12435,0,-84.76212844131823,1,-85.26381013525544
dpctgan,ProbabilityEstimation(KernelDensity()),12435,1,-84.84941258220503,1,-85.26381013525544
dpctgan,ProbabilityEstimation(KernelDensity()),12435,0,-85.10094560945102,1,-85.26381013525544
dpctgan,ProbabilityEstimation(KernelDensity()),12435,1,-84.94142888328496,1,-85.26381013525544
dpctgan,ProbabilityEstimation(KernelDensity()),12435,0,-85.35322729190206,0,-85.26381013525544
dpctgan,ProbabilityEstimation(KernelDensity()),12435,1,-85.39455440204968,0,-85.26381013525544
dpctgan,ProbabilityEstimation(KernelDensity()),12435,0,-85.23275813795806,1,-85.26381013525544
dpctgan,ProbabilityEstimation(KernelDensity()),12435,1,-85.37175149301837,0,-85.26381013525544
dpctgan,ProbabilityEstimation(KernelDensity()),12435,0,-84.64665028025598,1,-85.26381013525544
dpctgan,ProbabilityEstimation(KernelDensity()),12435,1,-84.64825277438636,1,-85.26381013525544
dpctgan,ProbabilityEstimation(KernelDensity()),12435,0,-85.41163081292333,0,-85.26381013525544
dpctgan,ProbabilityEstimation(KernelDensity()),12435,1,-84.89483012658286,1,-85.26381013525544
dpctgan,ProbabilityEstimation(KernelDensity()),12435,0,-84.76260254932575,1,-85.26381013525544
dpctgan,ProbabilityEstimation(KernelDensity()),12435,1,-84.88360947606171,1,-85.26381013525544
dpctgan,ProbabilityEstimation(KernelDensity()),12435,0,-85.3142745217992,0,-85.26381013525544
dpctgan,ProbabilityEstimation(KernelDensity()),12435,1,-84.58138430271467,1,-85.26381013525544
dpctgan,ProbabilityEstimation(KernelDensity()),12435,0,-85.104868638291,1,-85.26381013525544
dpctgan,ProbabilityEstimation(KernelDensity()),12435,1,-84.43921546925411,1,-85.26381013525544
dpctgan,ProbabilityEstimation(KernelDensity()),12435,0,-85.60176833016132,0,-85.26381013525544
dpctgan,ProbabilityEstimation(KernelDensity()),12435,1,-84.48717383074961,1,-85.26381013525544
dpctgan,ProbabilityEstimation(KernelDensity()),12435,0,-84.95075873750368,1,-85.26381013525544
dpctgan,ProbabilityEstimation(KernelDensity()),12435,1,-85.0806287745161,1,-85.26381013525544
dpctgan,ProbabilityEstimation(KernelDensity()),12435,0,-84.57026209000261,1,-85.26381013525544
dpctgan,ProbabilityEstimation(KernelDensity()),12435,1,-84.93398874549828,1,-85.26381013525544
dpctgan,ProbabilityEstimation(KernelDensity()),12435,0,-84.80346898132242,1,-85.26381013525544
dpctgan,ProbabilityEstimation(KernelDensity()),12435,1,-84.88714515608251,1,-85.26381013525544
dpctgan,ProbabilityEstimation(KernelDensity()),12435,0,-85.13029755438433,1,-85.26381013525544
dpctgan,ProbabilityEstimation(KernelDensity()),12435,1,-84.89655426789669,1,-85.26381013525544
dpctgan,ProbabilityEstimation(KernelDensity()),12435,0,-85.06138221726023,1,-85.26381013525544
dpctgan,ProbabilityEstimation(KernelDensity()),12435,1,-84.21520069241672,1,-85.26381013525544
dpctgan,ProbabilityEstimation(KernelDensity()),12435,0,-84.91943256511696,1,-85.26381013525544
dpctgan,ProbabilityEstimation(KernelDensity()),12435,1,-84.93079849791788,1,-85.26381013525544
dpctgan,ProbabilityEstimation(KernelDensity()),12435,0,-85.79944231637346,0,-85.26381013525544
dpctgan,ProbabilityEstimation(KernelDensity()),12435,1,-84.99108317719093,1,-85.26381013525544
dpctgan,ProbabilityEstimation(KernelDensity()),12435,0,-84.67640597855213,1,-85.26381013525544
dpctgan,ProbabilityEstimation(KernelDensity()),12435,1,-84.36867411914152,1,-85.26381013525544
dpctgan,ProbabilityEstimation(KernelDensity()),12435,0,-85.04755833614948,1,-85.26381013525544
dpctgan,ProbabilityEstimation(KernelDensity()),12435,1,-85.04428537968653,1,-85.26381013525544
dpctgan,ProbabilityEstimation(KernelDensity()),12435,0,-84.5802716021738,1,-85.26381013525544
dpctgan,ProbabilityEstimation(KernelDensity()),12435,1,-84.95870962269385,1,-85.26381013525544
dpctgan,ProbabilityEstimation(KernelDensity()),12435,0,-84.49924780544451,1,-85.26381013525544
dpctgan,ProbabilityEstimation(KernelDensity()),12435,1,-84.86400634084443,1,-85.26381013525544
dpctgan,ProbabilityEstimation(KernelDensity()),12435,0,-85.32235436504897,0,-85.26381013525544
dpctgan,ProbabilityEstimation(KernelDensity()),12435,1,-84.93182606444815,1,-85.26381013525544
dpctgan,ProbabilityEstimation(KernelDensity()),12435,0,-84.7927608835503,1,-85.26381013525544
dpctgan,ProbabilityEstimation(KernelDensity()),12435,1,-84.72972305738216,1,-85.26381013525544
dpctgan,ProbabilityEstimation(KernelDensity()),12435,0,-84.66166993988915,1,-85.26381013525544
dpctgan,ProbabilityEstimation(KernelDensity()),12435,1,-85.40654679259899,0,-85.26381013525544
dpctgan,ProbabilityEstimation(KernelDensity()),12435,0,-84.7075534615454,1,-85.26381013525544
dpctgan,ProbabilityEstimation(KernelDensity()),12435,1,-85.13450431398917,1,-85.26381013525544
dpctgan,ProbabilityEstimation(KernelDensity()),12435,0,-84.80666151358335,1,-85.26381013525544
dpctgan,ProbabilityEstimation(KernelDensity()),12435,1,-84.74036663455723,1,-85.26381013525544
dpctgan,ProbabilityEstimation(KernelDensity()),12435,0,-85.05871267347845,1,-85.26381013525544
dpctgan,ProbabilityEstimation(KernelDensity()),12435,1,-85.00393217443502,1,-85.26381013525544
dpctgan,ProbabilityEstimation(KernelDensity()),12435,0,-85.40688313585908,0,-85.26381013525544
dpctgan,ProbabilityEstimation(KernelDensity()),12435,1,-85.3504996993678,0,-85.26381013525544
dpctgan,ProbabilityEstimation(KernelDensity()),12435,0,-85.0868889688982,1,-85.26381013525544
dpctgan,ProbabilityEstimation(KernelDensity()),12435,1,-84.78652787841395,1,-85.26381013525544
dpctgan,ProbabilityEstimation(KernelDensity()),12435,0,-85.3493760026923,0,-85.26381013525544
dpctgan,ProbabilityEstimation(KernelDensity()),12435,1,-85.03826511712998,1,-85.26381013525544
dpctgan,ProbabilityEstimation(KernelDensity()),12435,0,-84.94572931368184,1,-85.26381013525544
dpctgan,ProbabilityEstimation(KernelDensity()),12435,1,-84.84547773410226,1,-85.26381013525544
dpctgan,ProbabilityEstimation(KernelDensity()),12435,0,-84.74084291258025,1,-85.26381013525544
dpctgan,ProbabilityEstimation(KernelDensity()),12435,1,-84.90404829075048,1,-85.26381013525544
dpctgan,ProbabilityEstimation(KernelDensity()),12435,0,-84.99155589823552,1,-85.26381013525544
dpctgan,ProbabilityEstimation(KernelDensity()),12435,1,-84.88924914394616,1,-85.26381013525544
dpctgan,ProbabilityEstimation(KernelDensity()),12435,0,-85.34616576919896,0,-85.26381013525544
dpctgan,ProbabilityEstimation(KernelDensity()),12435,1,-85.09632850060046,1,-85.26381013525544
dpctgan,ProbabilityEstimation(KernelDensity()),12435,0,-84.94350548185074,1,-85.26381013525544
dpctgan,ProbabilityEstimation(KernelDensity()),12435,1,-84.41124720177277,1,-85.26381013525544
dpctgan,ProbabilityEstimation(KernelDensity()),12435,0,-85.1361918818659,1,-85.26381013525544
dpctgan,ProbabilityEstimation(KernelDensity()),12435,1,-85.00025672751718,1,-85.26381013525544
dpctgan,ProbabilityEstimation(KernelDensity()),12435,0,-85.29079446661696,0,-85.26381013525544
dpctgan,ProbabilityEstimation(KernelDensity()),12435,1,-84.59226946643125,1,-85.26381013525544
dpctgan,ProbabilityEstimation(KernelDensity()),12435,0,-84.83742316077799,1,-85.26381013525544
dpctgan,ProbabilityEstimation(KernelDensity()),12435,1,-84.77340434303434,1,-85.26381013525544
dpctgan,ProbabilityEstimation(KernelDensity()),12435,0,-84.91077300963501,1,-85.26381013525544
dpctgan,ProbabilityEstimation(KernelDensity()),12435,1,-84.69005126018655,1,-85.26381013525544
dpctgan,ProbabilityEstimation(KernelDensity()),12435,0,-85.3748423886524,0,-85.26381013525544
dpctgan,ProbabilityEstimation(KernelDensity()),12435,1,-84.82727609693168,1,-85.26381013525544
dpctgan,ProbabilityEstimation(KernelDensity()),12435,0,-84.8306054101708,1,-85.26381013525544
dpctgan,ProbabilityEstimation(KernelDensity()),12435,1,-84.73194886679718,1,-85.26381013525544
dpctgan,ProbabilityEstimation(KernelDensity()),12435,0,-84.87659081395742,1,-85.26381013525544
dpctgan,ProbabilityEstimation(KernelDensity()),12435,1,-84.87077199913438,1,-85.26381013525544
dpctgan,ProbabilityEstimation(KernelDensity()),12435,0,-85.33391690152796,0,-85.26381013525544
dpctgan,ProbabilityEstimation(KernelDensity()),12435,1,-85.18448164232336,1,-85.26381013525544
dpctgan,ProbabilityEstimation(KernelDensity()),12435,0,-85.16665257705837,1,-85.26381013525544
dpctgan,ProbabilityEstimation(KernelDensity()),12435,1,-84.92226025983207,1,-85.26381013525544
dpctgan,ProbabilityEstimation(KernelDensity()),12435,0,-85.28178925103275,0,-85.26381013525544
dpctgan,ProbabilityEstimation(KernelDensity()),12435,1,-84.84068331504908,1,-85.26381013525544
dpctgan,ProbabilityEstimation(KernelDensity()),12435,0,-84.57170203633798,1,-85.26381013525544
dpctgan,ProbabilityEstimation(KernelDensity()),12435,1,-84.71453169893347,1,-85.26381013525544
dpctgan,ProbabilityEstimation(KernelDensity()),12435,0,-84.9489655445589,1,-85.26381013525544
dpctgan,ProbabilityEstimation(KernelDensity()),12435,1,-84.8919968165427,1,-85.26381013525544
dpctgan,ProbabilityEstimation(KernelDensity()),12435,0,-84.99291624340829,1,-85.26381013525544
dpctgan,ProbabilityEstimation(KernelDensity()),12435,1,-84.5946406962968,1,-85.26381013525544
dpctgan,ProbabilityEstimation(KernelDensity()),12435,0,-85.1644523866495,1,-85.26381013525544
dpctgan,ProbabilityEstimation(KernelDensity()),12435,1,-84.85854839932173,1,-85.26381013525544
dpctgan,ProbabilityEstimation(KernelDensity()),12435,0,-84.30216744402107,1,-85.26381013525544
dpctgan,ProbabilityEstimation(KernelDensity()),12435,1,-84.82717325526076,1,-85.26381013525544
dpctgan,ProbabilityEstimation(KernelDensity()),12435,0,-84.92296423251328,1,-85.26381013525544
dpctgan,ProbabilityEstimation(KernelDensity()),12435,1,-84.9543094146774,1,-85.26381013525544
dpctgan,ProbabilityEstimation(KernelDensity()),12435,0,-85.05731273604616,1,-85.26381013525544
dpctgan,ProbabilityEstimation(KernelDensity()),12435,1,-85.07887017821874,1,-85.26381013525544
dpctgan,ProbabilityEstimation(KernelDensity()),12435,0,-84.58659889506836,1,-85.26381013525544
dpctgan,ProbabilityEstimation(KernelDensity()),12435,1,-85.19440315744748,1,-85.26381013525544
dpctgan,ProbabilityEstimation(KernelDensity()),12435,0,-85.44535138477076,0,-85.26381013525544
dpctgan,ProbabilityEstimation(KernelDensity()),12435,1,-84.53979553214349,1,-85.26381013525544
dpctgan,ProbabilityEstimation(KernelDensity()),12435,0,-85.13855578840186,1,-85.26381013525544
dpctgan,ProbabilityEstimation(KernelDensity()),12435,1,-85.17671398954286,1,-85.26381013525544
dpctgan,ProbabilityEstimation(KernelDensity()),12435,0,-85.06088124114116,1,-85.26381013525544
dpctgan,ProbabilityEstimation(KernelDensity()),12435,1,-85.1273568422292,1,-85.26381013525544
dpctgan,ProbabilityEstimation(KernelDensity()),12435,0,-84.46771768211083,1,-85.26381013525544
dpctgan,ProbabilityEstimation(KernelDensity()),12435,1,-85.31471936961185,0,-85.26381013525544
dpctgan,ProbabilityEstimation(KernelDensity()),12435,0,-84.78596858786634,1,-85.26381013525544
dpctgan,ProbabilityEstimation(KernelDensity()),12435,1,-84.7815059573064,1,-85.26381013525544
dpctgan,ProbabilityEstimation(KernelDensity()),12435,0,-84.47000129912719,1,-85.26381013525544
dpctgan,ProbabilityEstimation(KernelDensity()),12435,1,-84.47811831321722,1,-85.26381013525544
dpctgan,ProbabilityEstimation(KernelDensity()),12435,0,-85.12768191201059,1,-85.26381013525544
dpctgan,ProbabilityEstimation(KernelDensity()),12435,1,-85.2421568771816,1,-85.26381013525544
dpctgan,ProbabilityEstimation(KernelDensity()),12435,0,-84.706715696012,1,-85.26381013525544
dpctgan,ProbabilityEstimation(KernelDensity()),12435,1,-84.78750921565653,1,-85.26381013525544
dpctgan,ProbabilityEstimation(KernelDensity()),12435,0,-84.76501655958263,1,-85.26381013525544
dpctgan,ProbabilityEstimation(KernelDensity()),12435,1,-85.05969650048488,1,-85.26381013525544
dpctgan,ProbabilityEstimation(KernelDensity()),12435,0,-84.7807038743332,1,-85.26381013525544
dpctgan,ProbabilityEstimation(KernelDensity()),12435,1,-84.87810318098883,1,-85.26381013525544
dpctgan,ProbabilityEstimation(KernelDensity()),12435,0,-84.9254522854776,1,-85.26381013525544
dpctgan,ProbabilityEstimation(KernelDensity()),12435,1,-84.76504117961443,1,-85.26381013525544
dpctgan,ProbabilityEstimation(KernelDensity()),12435,0,-85.39418609057599,0,-85.26381013525544
dpctgan,ProbabilityEstimation(KernelDensity()),12435,1,-84.45593975061377,1,-85.26381013525544
dpctgan,ProbabilityEstimation(KernelDensity()),12435,0,-84.87169033550221,1,-85.26381013525544
dpctgan,ProbabilityEstimation(KernelDensity()),12435,1,-84.61704234159855,1,-85.26381013525544
dpctgan,ProbabilityEstimation(KernelDensity()),12435,0,-85.06709959173864,1,-85.26381013525544
dpctgan,ProbabilityEstimation(KernelDensity()),12435,1,-84.86623390962349,1,-85.26381013525544
dpctgan,ProbabilityEstimation(KernelDensity()),12435,0,-85.09997274573746,1,-85.26381013525544
dpctgan,ProbabilityEstimation(KernelDensity()),12435,1,-85.04853748367736,1,-85.26381013525544
dpctgan,ProbabilityEstimation(KernelDensity()),12435,0,-84.71867060053799,1,-85.26381013525544
dpctgan,ProbabilityEstimation(KernelDensity()),12435,1,-85.11832717262989,1,-85.26381013525544
dpctgan,ProbabilityEstimation(KernelDensity()),12435,0,-85.22869317085608,1,-85.26381013525544
dpctgan,ProbabilityEstimation(KernelDensity()),12435,1,-84.7014944051634,1,-85.26381013525544
dpctgan,ProbabilityEstimation(KernelDensity()),12435,0,-85.51024317091112,0,-85.26381013525544
dpctgan,ProbabilityEstimation(KernelDensity()),12435,1,-84.72550175892712,1,-85.26381013525544
dpctgan,ProbabilityEstimation(KernelDensity()),12435,0,-83.89912682662266,1,-85.26381013525544
dpctgan,ProbabilityEstimation(KernelDensity()),12435,1,-84.82861216437085,1,-85.26381013525544
dpctgan,ProbabilityEstimation(KernelDensity()),12435,0,-85.36658439624719,0,-85.26381013525544
dpctgan,ProbabilityEstimation(KernelDensity()),12435,1,-85.2448244943045,1,-85.26381013525544
dpctgan,ProbabilityEstimation(KernelDensity()),12435,0,-84.56813307902821,1,-85.26381013525544
dpctgan,ProbabilityEstimation(KernelDensity()),12435,1,-84.95232764419592,1,-85.26381013525544
dpctgan,ProbabilityEstimation(KernelDensity()),12435,0,-85.31332989491038,0,-85.26381013525544
dpctgan,ProbabilityEstimation(KernelDensity()),12435,1,-85.10165877420184,1,-85.26381013525544
dpctgan,ProbabilityEstimation(KernelDensity()),12435,0,-85.17753299580075,1,-85.26381013525544
dpctgan,ProbabilityEstimation(KernelDensity()),12435,1,-84.06227218813538,1,-85.26381013525544
dpctgan,ProbabilityEstimation(KernelDensity()),12435,0,-84.75996651687561,1,-85.26381013525544
dpctgan,ProbabilityEstimation(KernelDensity()),12435,1,-85.01588750104904,1,-85.26381013525544
dpctgan,ProbabilityEstimation(KernelDensity()),12435,0,-84.69097690395122,1,-85.26381013525544
dpctgan,ProbabilityEstimation(KernelDensity()),12435,1,-85.09618271021154,1,-85.26381013525544
dpctgan,ProbabilityEstimation(KernelDensity()),12435,0,-85.05185065589264,1,-85.26381013525544
dpctgan,ProbabilityEstimation(KernelDensity()),12435,1,-84.94834109929445,1,-85.26381013525544
dpctgan,ProbabilityEstimation(KernelDensity()),12435,0,-85.27749827424569,0,-85.26381013525544
dpctgan,ProbabilityEstimation(KernelDensity()),12435,1,-84.9059145134098,1,-85.26381013525544
dpctgan,ProbabilityEstimation(KernelDensity()),12435,0,-85.13242986229344,1,-85.26381013525544
dpctgan,ProbabilityEstimation(KernelDensity()),12435,1,-84.65735414892981,1,-85.26381013525544
dpctgan,ProbabilityEstimation(KernelDensity()),12435,0,-84.85519241031021,1,-85.26381013525544
dpctgan,ProbabilityEstimation(KernelDensity()),12435,1,-85.3431158640797,0,-85.26381013525544
dpctgan,ProbabilityEstimation(KernelDensity()),12435,0,-85.56465811145767,0,-85.26381013525544
dpctgan,ProbabilityEstimation(KernelDensity()),12435,1,-84.85834354607513,1,-85.26381013525544
dpctgan,ProbabilityEstimation(KernelDensity()),12435,0,-84.96812351193057,1,-85.26381013525544
dpctgan,ProbabilityEstimation(KernelDensity()),12435,1,-84.77658934817153,1,-85.26381013525544
dpctgan,ProbabilityEstimation(KernelDensity()),12435,0,-84.77510198034922,1,-85.26381013525544
dpctgan,ProbabilityEstimation(KernelDensity()),12435,1,-85.17259717544923,1,-85.26381013525544
dpctgan,ProbabilityEstimation(KernelDensity()),12435,0,-84.1170324629973,1,-85.26381013525544
dpctgan,ProbabilityEstimation(KernelDensity()),12435,1,-84.82819163760254,1,-85.26381013525544
dpctgan,ProbabilityEstimation(KernelDensity()),12435,0,-84.41779466464833,1,-85.26381013525544
dpctgan,ProbabilityEstimation(KernelDensity()),12435,1,-85.23587112507022,1,-85.26381013525544
dpctgan,ProbabilityEstimation(KernelDensity()),12435,0,-84.59414200192997,1,-85.26381013525544
dpctgan,ProbabilityEstimation(KernelDensity()),12435,1,-84.83535952526711,1,-85.26381013525544
dpctgan,ProbabilityEstimation(KernelDensity()),12435,0,-85.52481877563415,0,-85.26381013525544
dpctgan,ProbabilityEstimation(KernelDensity()),12435,1,-84.50183439674323,1,-85.26381013525544
dpctgan,ProbabilityEstimation(KernelDensity()),12435,0,-85.03819060245684,1,-85.26381013525544
dpctgan,ProbabilityEstimation(KernelDensity()),12435,1,-85.31012852424514,0,-85.26381013525544
dpctgan,ProbabilityEstimation(KernelDensity()),12435,0,-84.96508973469166,1,-85.26381013525544
dpctgan,ProbabilityEstimation(KernelDensity()),12435,1,-84.53322407518566,1,-85.26381013525544
dpctgan,ProbabilityEstimation(KernelDensity()),12435,0,-84.70878731180548,1,-85.26381013525544
dpctgan,ProbabilityEstimation(KernelDensity()),12435,1,-84.92637476934394,1,-85.26381013525544
dpctgan,ProbabilityEstimation(KernelDensity()),12435,0,-85.24877189452533,1,-85.26381013525544
dpctgan,ProbabilityEstimation(KernelDensity()),12435,1,-85.1708017383428,1,-85.26381013525544
dpctgan,ProbabilityEstimation(KernelDensity()),12435,0,-85.28195349797744,0,-85.26381013525544
dpctgan,ProbabilityEstimation(KernelDensity()),12435,1,-84.75805151066956,1,-85.26381013525544
dpctgan,ProbabilityEstimation(KernelDensity()),12435,0,-84.97781037931361,1,-85.26381013525544
dpctgan,ProbabilityEstimation(KernelDensity()),12435,1,-84.45662549968904,1,-85.26381013525544
dpctgan,ProbabilityEstimation(KernelDensity()),12435,0,-85.17582270207791,1,-85.26381013525544
dpctgan,ProbabilityEstimation(KernelDensity()),12435,1,-84.94779756651397,1,-85.26381013525544
dpctgan,ProbabilityEstimation(KernelDensity()),12435,0,-84.82693649838653,1,-85.26381013525544
dpctgan,ProbabilityEstimation(KernelDensity()),12435,1,-85.08049404596139,1,-85.26381013525544
dpctgan,ProbabilityEstimation(KernelDensity()),12435,0,-85.03736480850341,1,-85.26381013525544
dpctgan,ProbabilityEstimation(KernelDensity()),12435,1,-84.88187722395212,1,-85.26381013525544
dpctgan,ProbabilityEstimation(KernelDensity()),12435,0,-84.9293071699378,1,-85.26381013525544
dpctgan,ProbabilityEstimation(KernelDensity()),12435,1,-84.62581185787988,1,-85.26381013525544
dpctgan,ProbabilityEstimation(KernelDensity()),12435,0,-85.0673682045084,1,-85.26381013525544
dpctgan,ProbabilityEstimation(KernelDensity()),12435,1,-84.81362634271797,1,-85.26381013525544
dpctgan,ProbabilityEstimation(KernelDensity()),12435,0,-84.76708466327513,1,-85.26381013525544
dpctgan,ProbabilityEstimation(KernelDensity()),12435,1,-85.00856325049118,1,-85.26381013525544
dpctgan,ProbabilityEstimation(KernelDensity()),12435,0,-84.7924780136498,1,-85.26381013525544
dpctgan,ProbabilityEstimation(KernelDensity()),12435,1,-85.66885073596758,0,-85.26381013525544
dpctgan,ProbabilityEstimation(KernelDensity()),12435,0,-85.51887327919893,0,-85.26381013525544
dpctgan,ProbabilityEstimation(KernelDensity()),12435,1,-85.09983816101463,1,-85.26381013525544
dpctgan,ProbabilityEstimation(KernelDensity()),12435,0,-85.1195734473005,1,-85.26381013525544
dpctgan,ProbabilityEstimation(KernelDensity()),12435,1,-85.171012535361,1,-85.26381013525544
dpctgan,ProbabilityEstimation(KernelDensity()),12435,0,-84.9084519845908,1,-85.26381013525544
dpctgan,ProbabilityEstimation(KernelDensity()),12435,1,-84.43999451957852,1,-85.26381013525544
dpctgan,ProbabilityEstimation(KernelDensity()),12435,0,-85.09341319816689,1,-85.26381013525544
dpctgan,ProbabilityEstimation(KernelDensity()),12435,1,-85.3234370309739,0,-85.26381013525544
dpctgan,ProbabilityEstimation(KernelDensity()),12435,0,-84.81077026232145,1,-85.26381013525544
dpctgan,ProbabilityEstimation(KernelDensity()),12435,1,-84.73286447697541,1,-85.26381013525544
dpctgan,ProbabilityEstimation(KernelDensity()),12435,0,-84.55482525828313,1,-85.26381013525544
dpctgan,ProbabilityEstimation(KernelDensity()),12435,1,-85.05229330442936,1,-85.26381013525544
dpctgan,ProbabilityEstimation(KernelDensity()),12435,0,-84.6697267371516,1,-85.26381013525544
dpctgan,ProbabilityEstimation(KernelDensity()),12435,1,-85.22081704327942,1,-85.26381013525544
dpctgan,ProbabilityEstimation(KernelDensity()),12435,0,-84.49660523204881,1,-85.26381013525544
dpctgan,ProbabilityEstimation(KernelDensity()),12435,1,-84.4695958281833,1,-85.26381013525544
dpctgan,ProbabilityEstimation(KernelDensity()),12435,0,-84.64461448544422,1,-85.26381013525544
dpctgan,ProbabilityEstimation(KernelDensity()),12435,1,-84.62955754757488,1,-85.26381013525544
dpctgan,ProbabilityEstimation(KernelDensity()),12435,0,-85.60216683305048,0,-85.26381013525544
dpctgan,ProbabilityEstimation(KernelDensity()),12435,1,-85.14409719608675,1,-85.26381013525544
dpctgan,ProbabilityEstimation(KernelDensity()),12435,0,-84.74153934433859,1,-85.26381013525544
dpctgan,ProbabilityEstimation(KernelDensity()),12435,1,-85.2415999679535,1,-85.26381013525544
dpctgan,ProbabilityEstimation(KernelDensity()),12435,0,-84.71591540281928,1,-85.26381013525544
dpctgan,ProbabilityEstimation(KernelDensity()),12435,1,-85.16697129802198,1,-85.26381013525544
dpctgan,ProbabilityEstimation(KernelDensity()),12435,0,-84.88555764811454,1,-85.26381013525544
dpctgan,ProbabilityEstimation(KernelDensity()),12435,1,-84.67251300776506,1,-85.26381013525544
dpctgan,ProbabilityEstimation(KernelDensity()),12435,0,-85.24141478133738,1,-85.26381013525544
dpctgan,ProbabilityEstimation(KernelDensity()),12435,1,-83.98601742217065,1,-85.26381013525544
dpctgan,ProbabilityEstimation(KernelDensity()),12435,0,-85.60345050377256,0,-85.26381013525544
dpctgan,ProbabilityEstimation(KernelDensity()),12435,1,-85.07782032900256,1,-85.26381013525544
dpctgan,ProbabilityEstimation(KernelDensity()),12435,0,-85.02826514573802,1,-85.26381013525544
dpctgan,ProbabilityEstimation(KernelDensity()),12435,1,-84.94740654104808,1,-85.26381013525544
dpctgan,ProbabilityEstimation(KernelDensity()),12435,0,-85.1067153035694,1,-85.26381013525544
dpctgan,ProbabilityEstimation(KernelDensity()),12435,1,-84.60458682065905,1,-85.26381013525544
dpctgan,ProbabilityEstimation(KernelDensity()),12435,0,-84.92130131521877,1,-85.26381013525544
dpctgan,ProbabilityEstimation(KernelDensity()),12435,1,-84.62328580738664,1,-85.26381013525544
dpctgan,ProbabilityEstimation(KernelDensity()),12435,0,-85.22113123449374,1,-85.26381013525544
dpctgan,ProbabilityEstimation(KernelDensity()),12435,1,-85.05892406451291,1,-85.26381013525544
dpctgan,ProbabilityEstimation(KernelDensity()),12435,0,-84.56899869325414,1,-85.26381013525544
dpctgan,ProbabilityEstimation(KernelDensity()),12435,1,-85.12843879692119,1,-85.26381013525544
dpctgan,ProbabilityEstimation(KernelDensity()),12435,0,-84.80987182470037,1,-85.26381013525544
dpctgan,ProbabilityEstimation(KernelDensity()),12435,1,-84.36909160440295,1,-85.26381013525544
dpctgan,ProbabilityEstimation(KernelDensity()),12435,0,-84.67747624838877,1,-85.26381013525544
dpctgan,ProbabilityEstimation(KernelDensity()),12435,1,-85.03010749374793,1,-85.26381013525544
dpctgan,ProbabilityEstimation(KernelDensity()),12435,0,-84.36807934601244,1,-85.26381013525544
dpctgan,ProbabilityEstimation(KernelDensity()),12435,1,-84.75584351900737,1,-85.26381013525544
dpctgan,ProbabilityEstimation(KernelDensity()),12435,0,-84.84287136017896,1,-85.26381013525544
dpctgan,ProbabilityEstimation(KernelDensity()),12435,1,-84.98635291668177,1,-85.26381013525544
dpctgan,ProbabilityEstimation(KernelDensity()),12435,0,-84.97037940348288,1,-85.26381013525544
dpctgan,ProbabilityEstimation(KernelDensity()),12435,1,-84.50451230463062,1,-85.26381013525544
dpctgan,ProbabilityEstimation(KernelDensity()),12435,0,-85.02151414591043,1,-85.26381013525544
dpctgan,ProbabilityEstimation(KernelDensity()),12435,1,-84.86689499308063,1,-85.26381013525544
dpctgan,ProbabilityEstimation(KernelDensity()),12435,0,-84.39637333997594,1,-85.26381013525544
dpctgan,ProbabilityEstimation(KernelDensity()),12435,1,-84.74431574318334,1,-85.26381013525544
dpctgan,ProbabilityEstimation(KernelDensity()),12435,0,-85.06399421778593,1,-85.26381013525544
dpctgan,ProbabilityEstimation(KernelDensity()),12435,1,-85.39916946740135,0,-85.26381013525544
dpctgan,ProbabilityEstimation(KernelDensity()),12435,0,-84.61739829595847,1,-85.26381013525544
dpctgan,ProbabilityEstimation(KernelDensity()),12435,1,-84.67844532094318,1,-85.26381013525544
dpctgan,ProbabilityEstimation(KernelDensity()),12435,0,-84.7255784105456,1,-85.26381013525544
dpctgan,ProbabilityEstimation(KernelDensity()),12435,1,-85.28498851371882,0,-85.26381013525544
dpctgan,ProbabilityEstimation(KernelDensity()),12435,0,-84.4981792073816,1,-85.26381013525544
dpctgan,ProbabilityEstimation(KernelDensity()),12435,1,-84.85019979666053,1,-85.26381013525544
dpctgan,ProbabilityEstimation(KernelDensity()),12435,0,-84.87922190915013,1,-85.26381013525544
dpctgan,ProbabilityEstimation(KernelDensity()),12435,1,-85.04594240604564,1,-85.26381013525544
dpctgan,ProbabilityEstimation(KernelDensity()),12435,0,-84.59375191561017,1,-85.26381013525544
dpctgan,ProbabilityEstimation(KernelDensity()),12435,1,-85.18035422163686,1,-85.26381013525544
dpctgan,ProbabilityEstimation(KernelDensity()),12435,0,-85.17226242075935,1,-85.26381013525544
dpctgan,ProbabilityEstimation(KernelDensity()),12435,1,-85.45786483007318,0,-85.26381013525544
dpctgan,ProbabilityEstimation(KernelDensity()),12435,0,-85.0204311946826,1,-85.26381013525544
dpctgan,ProbabilityEstimation(KernelDensity()),12435,1,-84.55413029021743,1,-85.26381013525544
dpctgan,ProbabilityEstimation(KernelDensity()),12435,0,-84.23619173525026,1,-85.26381013525544
dpctgan,ProbabilityEstimation(KernelDensity()),12435,1,-84.9111529002533,1,-85.26381013525544
dpctgan,ProbabilityEstimation(KernelDensity()),12435,0,-85.29577530921162,0,-85.26381013525544
dpctgan,ProbabilityEstimation(KernelDensity()),12435,1,-84.65326259327945,1,-85.26381013525544
dpctgan,ProbabilityEstimation(KernelDensity()),12435,0,-85.11654310379639,1,-85.26381013525544
dpctgan,ProbabilityEstimation(KernelDensity()),12435,1,-85.05750568079098,1,-85.26381013525544
dpctgan,ProbabilityEstimation(KernelDensity()),12435,0,-84.69176667755302,1,-85.26381013525544
dpctgan,ProbabilityEstimation(KernelDensity()),12435,1,-85.54686302230884,0,-85.26381013525544
dpctgan,ProbabilityEstimation(KernelDensity()),12435,0,-85.01183537106792,1,-85.26381013525544
dpctgan,ProbabilityEstimation(KernelDensity()),12435,1,-84.68465632699791,1,-85.26381013525544
dpctgan,ProbabilityEstimation(KernelDensity()),12435,0,-84.22115986132225,1,-85.26381013525544
dpctgan,ProbabilityEstimation(KernelDensity()),12435,1,-84.46462293548824,1,-85.26381013525544
dpctgan,ProbabilityEstimation(KernelDensity()),12435,0,-85.52679739771347,0,-85.26381013525544
dpctgan,ProbabilityEstimation(KernelDensity()),12435,1,-85.2893217162492,0,-85.26381013525544
dpctgan,ProbabilityEstimation(KernelDensity()),12435,0,-85.07845435805582,1,-85.26381013525544
dpctgan,ProbabilityEstimation(KernelDensity()),12435,1,-85.17857269569636,1,-85.26381013525544
dpctgan,ProbabilityEstimation(KernelDensity()),12435,0,-85.44995561569561,0,-85.26381013525544
dpctgan,ProbabilityEstimation(KernelDensity()),12435,1,-84.48593435606753,1,-85.26381013525544
dpctgan,ProbabilityEstimation(KernelDensity()),12435,0,-85.08126530698307,1,-85.26381013525544
dpctgan,ProbabilityEstimation(KernelDensity()),12435,1,-84.84208271621605,1,-85.26381013525544
dpctgan,ProbabilityEstimation(KernelDensity()),12435,0,-85.69268115309794,0,-85.26381013525544
dpctgan,ProbabilityEstimation(KernelDensity()),12435,1,-85.12411346796605,1,-85.26381013525544
dpctgan,ProbabilityEstimation(KernelDensity()),12435,0,-85.21710543255784,1,-85.26381013525544
dpctgan,ProbabilityEstimation(KernelDensity()),12435,1,-85.21184743491695,1,-85.26381013525544
dpctgan,ProbabilityEstimation(KernelDensity()),12435,0,-85.4821682213867,0,-85.26381013525544
dpctgan,ProbabilityEstimation(KernelDensity()),12435,1,-84.68387344905038,1,-85.26381013525544
dpctgan,ProbabilityEstimation(KernelDensity()),12435,0,-84.35918113751018,1,-85.26381013525544
dpctgan,ProbabilityEstimation(KernelDensity()),12435,1,-84.99308207596552,1,-85.26381013525544
dpctgan,ProbabilityEstimation(KernelDensity()),12435,0,-85.0520401316259,1,-85.26381013525544
dpctgan,ProbabilityEstimation(KernelDensity()),12435,1,-84.94546826941901,1,-85.26381013525544
dpctgan,ProbabilityEstimation(KernelDensity()),12435,0,-84.25836760220437,1,-85.26381013525544
dpctgan,ProbabilityEstimation(KernelDensity()),12435,1,-84.44973006448,1,-85.26381013525544
dpctgan,ProbabilityEstimation(KernelDensity()),12435,0,-84.98448875257776,1,-85.26381013525544
dpctgan,ProbabilityEstimation(KernelDensity()),12435,1,-84.91922526928869,1,-85.26381013525544
dpctgan,ProbabilityEstimation(KernelDensity()),12435,0,-84.67586354496504,1,-85.26381013525544
dpctgan,ProbabilityEstimation(KernelDensity()),12435,1,-84.76611529507493,1,-85.26381013525544
dpctgan,ProbabilityEstimation(KernelDensity()),12435,0,-84.28745039539531,1,-85.26381013525544
dpctgan,ProbabilityEstimation(KernelDensity()),12435,1,-85.07582528945764,1,-85.26381013525544
dpctgan,ProbabilityEstimation(KernelDensity()),12435,0,-85.29542307376502,0,-85.26381013525544
dpctgan,ProbabilityEstimation(KernelDensity()),12435,1,-85.20560281065582,1,-85.26381013525544
dpctgan,ProbabilityEstimation(KernelDensity()),12435,0,-84.84780270004394,1,-85.26381013525544
dpctgan,ProbabilityEstimation(KernelDensity()),12435,1,-84.86430017065148,1,-85.26381013525544
dpctgan,ProbabilityEstimation(KernelDensity()),12435,0,-85.37834460321235,0,-85.26381013525544
dpctgan,ProbabilityEstimation(KernelDensity()),12435,1,-85.19707969255715,1,-85.26381013525544
dpctgan,ProbabilityEstimation(KernelDensity()),12435,0,-84.89652432123209,1,-85.26381013525544
dpctgan,ProbabilityEstimation(KernelDensity()),12435,1,-85.160799476367,1,-85.26381013525544
dpctgan,ProbabilityEstimation(KernelDensity()),12435,0,-84.97089337885905,1,-85.26381013525544
dpctgan,ProbabilityEstimation(KernelDensity()),12435,1,-84.9958224597404,1,-85.26381013525544
dpctgan,ProbabilityEstimation(KernelDensity()),12435,0,-85.08095043668264,1,-85.26381013525544
dpctgan,ProbabilityEstimation(KernelDensity()),12435,1,-84.90934931601856,1,-85.26381013525544
dpctgan,ProbabilityEstimation(KernelDensity()),12435,0,-84.85636168552298,1,-85.26381013525544
dpctgan,ProbabilityEstimation(KernelDensity()),12435,1,-84.76154287470524,1,-85.26381013525544
dpctgan,ProbabilityEstimation(KernelDensity()),12435,0,-85.03667402617062,1,-85.26381013525544
dpctgan,ProbabilityEstimation(KernelDensity()),12435,1,-85.04559525369858,1,-85.26381013525544
dpctgan,ProbabilityEstimation(KernelDensity()),12435,0,-85.51498619075473,0,-85.26381013525544
dpctgan,ProbabilityEstimation(KernelDensity()),12435,1,-84.72031404880231,1,-85.26381013525544
dpctgan,ProbabilityEstimation(KernelDensity()),12435,0,-85.13592408392466,1,-85.26381013525544
dpctgan,ProbabilityEstimation(KernelDensity()),12435,1,-84.81522662832873,1,-85.26381013525544
dpctgan,ProbabilityEstimation(KernelDensity()),12435,0,-84.9438330556232,1,-85.26381013525544
dpctgan,ProbabilityEstimation(KernelDensity()),12435,1,-84.53883310516834,1,-85.26381013525544
dpctgan,ProbabilityEstimation(KernelDensity()),12435,0,-85.5891196192742,0,-85.26381013525544
dpctgan,ProbabilityEstimation(KernelDensity()),12435,1,-84.60985034210114,1,-85.26381013525544
dpctgan,ProbabilityEstimation(KernelDensity()),12435,0,-84.6757534297432,1,-85.26381013525544
dpctgan,ProbabilityEstimation(KernelDensity()),12435,1,-84.60374213243986,1,-85.26381013525544
dpctgan,ProbabilityEstimation(KernelDensity()),12435,0,-85.00897328473945,1,-85.26381013525544
dpctgan,ProbabilityEstimation(KernelDensity()),12435,1,-84.42827119145795,1,-85.26381013525544
dpctgan,ProbabilityEstimation(KernelDensity()),12435,0,-84.59800999739471,1,-85.26381013525544
dpctgan,ProbabilityEstimation(KernelDensity()),12435,1,-84.92506209849002,1,-85.26381013525544
dpctgan,ProbabilityEstimation(KernelDensity()),12435,0,-85.18013799301455,1,-85.26381013525544
dpctgan,ProbabilityEstimation(KernelDensity()),12435,1,-85.01399140925201,1,-85.26381013525544
dpctgan,ProbabilityEstimation(KernelDensity()),12435,0,-84.57018428899586,1,-85.26381013525544
dpctgan,ProbabilityEstimation(KernelDensity()),12435,1,-84.49621697329022,1,-85.26381013525544
dpctgan,ProbabilityEstimation(KernelDensity()),12435,0,-84.68356200453307,1,-85.26381013525544
dpctgan,ProbabilityEstimation(KernelDensity()),12435,1,-84.80316087627651,1,-85.26381013525544
dpctgan,ProbabilityEstimation(KernelDensity()),12435,0,-84.91591270367284,1,-85.26381013525544
dpctgan,ProbabilityEstimation(KernelDensity()),12435,1,-84.84634253674815,1,-85.26381013525544
dpctgan,ProbabilityEstimation(KernelDensity()),12435,0,-84.99581103062629,1,-85.26381013525544
dpctgan,ProbabilityEstimation(KernelDensity()),12435,1,-85.04264697285562,1,-85.26381013525544
dpctgan,ProbabilityEstimation(KernelDensity()),12435,0,-84.64213170109925,1,-85.26381013525544
dpctgan,ProbabilityEstimation(KernelDensity()),12435,1,-85.1501907272201,1,-85.26381013525544
dpctgan,ProbabilityEstimation(KernelDensity()),12435,0,-84.66855536659223,1,-85.26381013525544
dpctgan,ProbabilityEstimation(KernelDensity()),12435,1,-85.11928970734598,1,-85.26381013525544
dpctgan,ProbabilityEstimation(KernelDensity()),12435,0,-84.94585949956766,1,-85.26381013525544
dpctgan,ProbabilityEstimation(KernelDensity()),12435,1,-84.89021824587809,1,-85.26381013525544
dpctgan,ProbabilityEstimation(KernelDensity()),12435,0,-84.62169679030416,1,-85.26381013525544
dpctgan,ProbabilityEstimation(KernelDensity()),12435,1,-85.13775237128759,1,-85.26381013525544
dpctgan,ProbabilityEstimation(KernelDensity()),12435,0,-84.89791304883089,1,-85.26381013525544
dpctgan,ProbabilityEstimation(KernelDensity()),12435,1,-84.58344564936817,1,-85.26381013525544
dpctgan,ProbabilityEstimation(KernelDensity()),12435,0,-84.80367461357298,1,-85.26381013525544
dpctgan,ProbabilityEstimation(KernelDensity()),12435,1,-85.10261980950746,1,-85.26381013525544
dpctgan,ProbabilityEstimation(KernelDensity()),12435,0,-84.53171516636071,1,-85.26381013525544
dpctgan,ProbabilityEstimation(KernelDensity()),12435,1,-85.01904664521386,1,-85.26381013525544
dpctgan,ProbabilityEstimation(KernelDensity()),12435,0,-84.41395572441476,1,-85.26381013525544
dpctgan,ProbabilityEstimation(KernelDensity()),12435,1,-84.90601029257115,1,-85.26381013525544
dpctgan,ProbabilityEstimation(KernelDensity()),12435,0,-85.76605256162611,0,-85.26381013525544
dpctgan,ProbabilityEstimation(KernelDensity()),12435,1,-84.46663867422119,1,-85.26381013525544
dpctgan,ProbabilityEstimation(KernelDensity()),12435,0,-85.18466958011436,1,-85.26381013525544
dpctgan,ProbabilityEstimation(KernelDensity()),12435,1,-84.61585687544485,1,-85.26381013525544
dpctgan,ProbabilityEstimation(KernelDensity()),12435,0,-84.88880962571723,1,-85.26381013525544
dpctgan,ProbabilityEstimation(KernelDensity()),12435,1,-85.00114650400724,1,-85.26381013525544
dpctgan,ProbabilityEstimation(KernelDensity()),12435,0,-85.4929148705103,0,-85.26381013525544
dpctgan,ProbabilityEstimation(KernelDensity()),12435,1,-84.73405587318926,1,-85.26381013525544
dpctgan,ProbabilityEstimation(KernelDensity()),12435,0,-84.91716975713257,1,-85.26381013525544
dpctgan,ProbabilityEstimation(KernelDensity()),12435,1,-84.75917711722916,1,-85.26381013525544
dpctgan,ProbabilityEstimation(KernelDensity()),12435,0,-84.9277909704346,1,-85.26381013525544
dpctgan,ProbabilityEstimation(KernelDensity()),12435,1,-84.84714721460224,1,-85.26381013525544
dpctgan,ProbabilityEstimation(KernelDensity()),12435,0,-84.72920257249854,1,-85.26381013525544
dpctgan,ProbabilityEstimation(KernelDensity()),12435,1,-84.30375115615068,1,-85.26381013525544
dpctgan,ProbabilityEstimation(KernelDensity()),12435,0,-84.34207682387829,1,-85.26381013525544
dpctgan,ProbabilityEstimation(KernelDensity()),12435,1,-84.58916057341662,1,-85.26381013525544
dpctgan,ProbabilityEstimation(KernelDensity()),12435,0,-84.38684255606884,1,-85.26381013525544
dpctgan,ProbabilityEstimation(KernelDensity()),12435,1,-84.59663452867305,1,-85.26381013525544
dpctgan,ProbabilityEstimation(KernelDensity()),12435,0,-85.08109623454614,1,-85.26381013525544
dpctgan,ProbabilityEstimation(KernelDensity()),12435,1,-84.92245513726932,1,-85.26381013525544
dpctgan,ProbabilityEstimation(KernelDensity()),12435,0,-84.6304063367602,1,-85.26381013525544
dpctgan,ProbabilityEstimation(KernelDensity()),12435,1,-85.28956650151119,0,-85.26381013525544
dpctgan,ProbabilityEstimation(KernelDensity()),12435,0,-84.70630850903767,1,-85.26381013525544
dpctgan,ProbabilityEstimation(KernelDensity()),12435,1,-85.04438561672058,1,-85.26381013525544
dpctgan,ProbabilityEstimation(KernelDensity()),12435,0,-84.75454615906557,1,-85.26381013525544
dpctgan,ProbabilityEstimation(KernelDensity()),12435,1,-85.07779972746185,1,-85.26381013525544
dpctgan,ProbabilityEstimation(KernelDensity()),12435,0,-84.33540602992706,1,-85.26381013525544
dpctgan,ProbabilityEstimation(KernelDensity()),12435,1,-84.51332981934202,1,-85.26381013525544
dpctgan,ProbabilityEstimation(KernelDensity()),12435,0,-84.6978206128781,1,-85.26381013525544
dpctgan,ProbabilityEstimation(KernelDensity()),12435,1,-85.20930462210885,1,-85.26381013525544
dpctgan,ProbabilityEstimation(KernelDensity()),12435,0,-85.0804282462724,1,-85.26381013525544
dpctgan,ProbabilityEstimation(KernelDensity()),12435,1,-85.68035407586738,0,-85.26381013525544
dpctgan,ProbabilityEstimation(KernelDensity()),12435,0,-84.5505316080558,1,-85.26381013525544
dpctgan,ProbabilityEstimation(KernelDensity()),12435,1,-84.87910803378193,1,-85.26381013525544
dpctgan,ProbabilityEstimation(KernelDensity()),12435,0,-84.59076748239379,1,-85.26381013525544
dpctgan,ProbabilityEstimation(KernelDensity()),12435,1,-84.60284570874455,1,-85.26381013525544
dpctgan,ProbabilityEstimation(KernelDensity()),12435,0,-84.40757739692775,1,-85.26381013525544
dpctgan,ProbabilityEstimation(KernelDensity()),12435,1,-84.34988272874266,1,-85.26381013525544
dpctgan,ProbabilityEstimation(KernelDensity()),12435,0,-84.76468898087363,1,-85.26381013525544
dpctgan,ProbabilityEstimation(KernelDensity()),12435,1,-85.18463810996144,1,-85.26381013525544
dpctgan,ProbabilityEstimation(KernelDensity()),12435,0,-85.05046672559793,1,-85.26381013525544
dpctgan,ProbabilityEstimation(KernelDensity()),12435,1,-84.54217649477086,1,-85.26381013525544
dpctgan,ProbabilityEstimation(KernelDensity()),12435,0,-84.58751991283185,1,-85.26381013525544
dpctgan,ProbabilityEstimation(KernelDensity()),12435,1,-84.61571953827575,1,-85.26381013525544
dpctgan,ProbabilityEstimation(KernelDensity()),12435,0,-84.55020581994897,1,-85.26381013525544
dpctgan,ProbabilityEstimation(KernelDensity()),12435,1,-84.7424401196522,1,-85.26381013525544
dpctgan,ProbabilityEstimation(KernelDensity()),12435,0,-84.36869368974443,1,-85.26381013525544
dpctgan,ProbabilityEstimation(KernelDensity()),12435,1,-84.94874051022626,1,-85.26381013525544
dpctgan,ProbabilityEstimation(KernelDensity()),12435,0,-85.00376264937456,1,-85.26381013525544
dpctgan,ProbabilityEstimation(KernelDensity()),12435,1,-84.7245135433094,1,-85.26381013525544
dpctgan,ProbabilityEstimation(KernelDensity()),12435,0,-85.03154541399316,1,-85.26381013525544
dpctgan,ProbabilityEstimation(KernelDensity()),12435,1,-84.63295809042164,1,-85.26381013525544
dpctgan,ProbabilityEstimation(KernelDensity()),12435,0,-84.75898224642161,1,-85.26381013525544
dpctgan,ProbabilityEstimation(KernelDensity()),12435,1,-85.17586824171005,1,-85.26381013525544
dpctgan,ProbabilityEstimation(KernelDensity()),12435,0,-85.22506510130462,1,-85.26381013525544
dpctgan,ProbabilityEstimation(KernelDensity()),12435,1,-85.27056006431462,0,-85.26381013525544
dpctgan,ProbabilityEstimation(KernelDensity()),12435,0,-85.33417216673611,0,-85.26381013525544
dpctgan,ProbabilityEstimation(KernelDensity()),12435,1,-84.51188332187986,1,-85.26381013525544
dpctgan,ProbabilityEstimation(KernelDensity()),12435,0,-84.81172746255612,1,-85.26381013525544
dpctgan,ProbabilityEstimation(KernelDensity()),12435,1,-84.63462254622532,1,-85.26381013525544
dpctgan,ProbabilityEstimation(KernelDensity()),12435,0,-84.53315378860864,1,-85.26381013525544
dpctgan,ProbabilityEstimation(KernelDensity()),12435,1,-85.20123482392006,1,-85.26381013525544
dpctgan,ProbabilityEstimation(KernelDensity()),12435,0,-84.96358040316325,1,-85.26381013525544
dpctgan,ProbabilityEstimation(KernelDensity()),12435,1,-84.41405409506551,1,-85.26381013525544
dpctgan,ProbabilityEstimation(KernelDensity()),12435,0,-85.02042687203442,1,-85.26381013525544
dpctgan,ProbabilityEstimation(KernelDensity()),12435,1,-84.84320447042842,1,-85.26381013525544
dpctgan,ProbabilityEstimation(KernelDensity()),12435,0,-84.5319336142452,1,-85.26381013525544
dpctgan,ProbabilityEstimation(KernelDensity()),12435,1,-84.75896107652378,1,-85.26381013525544
dpctgan,ProbabilityEstimation(KernelDensity()),12435,0,-85.19767967691213,1,-85.26381013525544
dpctgan,ProbabilityEstimation(KernelDensity()),12435,1,-85.38437803469154,0,-85.26381013525544
dpctgan,ProbabilityEstimation(KernelDensity()),12435,0,-84.3598794664415,1,-85.26381013525544
dpctgan,ProbabilityEstimation(KernelDensity()),12435,1,-84.82218268974945,1,-85.26381013525544
dpctgan,ProbabilityEstimation(KernelDensity()),12435,0,-84.97938199390983,1,-85.26381013525544
dpctgan,ProbabilityEstimation(KernelDensity()),12435,1,-84.68567887002095,1,-85.26381013525544
dpctgan,ProbabilityEstimation(KernelDensity()),12435,0,-84.87177496194303,1,-85.26381013525544
dpctgan,ProbabilityEstimation(KernelDensity()),12435,1,-84.78097187544003,1,-85.26381013525544
dpctgan,ProbabilityEstimation(KernelDensity()),12435,0,-84.89331398600811,1,-85.26381013525544
dpctgan,ProbabilityEstimation(KernelDensity()),12435,1,-84.35184842172501,1,-85.26381013525544
dpctgan,ProbabilityEstimation(KernelDensity()),12435,0,-84.85857416475346,1,-85.26381013525544
dpctgan,ProbabilityEstimation(KernelDensity()),12435,1,-84.9717215092487,1,-85.26381013525544
dpctgan,ProbabilityEstimation(KernelDensity()),12435,0,-84.44548759786576,1,-85.26381013525544
dpctgan,ProbabilityEstimation(KernelDensity()),12435,1,-84.71145007695655,1,-85.26381013525544
dpctgan,ProbabilityEstimation(KernelDensity()),12435,0,-85.25275094321934,1,-85.26381013525544
dpctgan,ProbabilityEstimation(KernelDensity()),12435,1,-84.85826010578636,1,-85.26381013525544
dpctgan,ProbabilityEstimation(KernelDensity()),12435,0,-84.78298242643525,1,-85.26381013525544
dpctgan,ProbabilityEstimation(KernelDensity()),12435,1,-84.80245132537378,1,-85.26381013525544
dpctgan,ProbabilityEstimation(KernelDensity()),12435,0,-84.89204224121517,1,-85.26381013525544
dpctgan,ProbabilityEstimation(KernelDensity()),12435,1,-85.25729239619591,1,-85.26381013525544
dpctgan,ProbabilityEstimation(KernelDensity()),12435,0,-84.36438843614766,1,-85.26381013525544
dpctgan,ProbabilityEstimation(KernelDensity()),12435,1,-84.97363976453936,1,-85.26381013525544
dpctgan,ProbabilityEstimation(KernelDensity()),12435,0,-84.96991179986249,1,-85.26381013525544
dpctgan,ProbabilityEstimation(KernelDensity()),12435,1,-84.87149135283917,1,-85.26381013525544
dpctgan,ProbabilityEstimation(KernelDensity()),12435,0,-84.8420149641541,1,-85.26381013525544
dpctgan,ProbabilityEstimation(KernelDensity()),12435,1,-84.38409480546218,1,-85.26381013525544
dpctgan,ProbabilityEstimation(KernelDensity()),12435,0,-84.52138851562566,1,-85.26381013525544
dpctgan,ProbabilityEstimation(KernelDensity()),12435,1,-84.9891242042898,1,-85.26381013525544
dpctgan,ProbabilityEstimation(KernelDensity()),12435,0,-84.47725018365405,1,-85.26381013525544
dpctgan,ProbabilityEstimation(KernelDensity()),12435,1,-84.99775675016818,1,-85.26381013525544
dpctgan,ProbabilityEstimation(KernelDensity()),12435,0,-84.99383525900477,1,-85.26381013525544
dpctgan,ProbabilityEstimation(KernelDensity()),12435,1,-84.51751290699171,1,-85.26381013525544
dpctgan,ProbabilityEstimation(KernelDensity()),12435,0,-85.02308917654975,1,-85.26381013525544
dpctgan,ProbabilityEstimation(KernelDensity()),12435,1,-85.36161065636034,0,-85.26381013525544
dpctgan,ProbabilityEstimation(KernelDensity()),12435,0,-84.69269316397656,1,-85.26381013525544
dpctgan,ProbabilityEstimation(KernelDensity()),12435,1,-85.33860248536988,0,-85.26381013525544
dpctgan,ProbabilityEstimation(KernelDensity()),12435,0,-84.99491770690264,1,-85.26381013525544
dpctgan,ProbabilityEstimation(KernelDensity()),12435,1,-83.88614651654149,1,-85.26381013525544
dpctgan,ProbabilityEstimation(KernelDensity()),12435,0,-85.24172158350387,1,-85.26381013525544
dpctgan,ProbabilityEstimation(KernelDensity()),12435,1,-85.3715102532477,0,-85.26381013525544
dpctgan,ProbabilityEstimation(KernelDensity()),12435,0,-84.34286465992406,1,-85.26381013525544
dpctgan,ProbabilityEstimation(KernelDensity()),12435,1,-84.8681194280833,1,-85.26381013525544
dpctgan,ProbabilityEstimation(KernelDensity()),12435,0,-85.40186496292333,0,-85.26381013525544
dpctgan,ProbabilityEstimation(KernelDensity()),12435,1,-84.61684357597728,1,-85.26381013525544
dpctgan,ProbabilityEstimation(KernelDensity()),12435,0,-85.37983647571657,0,-85.26381013525544
dpctgan,ProbabilityEstimation(KernelDensity()),12435,1,-84.80425368617817,1,-85.26381013525544
dpctgan,ProbabilityEstimation(KernelDensity()),12435,0,-85.42949967311907,0,-85.26381013525544
dpctgan,ProbabilityEstimation(KernelDensity()),12435,1,-84.5766116924732,1,-85.26381013525544
dpctgan,ProbabilityEstimation(KernelDensity()),12435,0,-85.45490439274967,0,-85.26381013525544
dpctgan,ProbabilityEstimation(KernelDensity()),12435,1,-85.09145191881916,1,-85.26381013525544
dpctgan,ProbabilityEstimation(KernelDensity()),12435,0,-84.63714449460234,1,-85.26381013525544
dpctgan,ProbabilityEstimation(KernelDensity()),12435,1,-84.54697555681926,1,-85.26381013525544
dpctgan,ProbabilityEstimation(KernelDensity()),12435,0,-84.60284012561875,1,-85.26381013525544
dpctgan,ProbabilityEstimation(KernelDensity()),12435,1,-84.58558412354985,1,-85.26381013525544
dpctgan,ProbabilityEstimation(KernelDensity()),12435,0,-84.7166789985139,1,-85.26381013525544
dpctgan,ProbabilityEstimation(KernelDensity()),12435,1,-85.10087499151163,1,-85.26381013525544
dpctgan,ProbabilityEstimation(KernelDensity()),12435,0,-85.33429666295886,0,-85.26381013525544
dpctgan,ProbabilityEstimation(KernelDensity()),12435,1,-85.11149830586646,1,-85.26381013525544
dpctgan,ProbabilityEstimation(KernelDensity()),12435,0,-84.86259619819113,1,-85.26381013525544
dpctgan,ProbabilityEstimation(KernelDensity()),12435,1,-84.5570223140691,1,-85.26381013525544
dpctgan,ProbabilityEstimation(KernelDensity()),12435,0,-84.89746988485075,1,-85.26381013525544
dpctgan,ProbabilityEstimation(KernelDensity()),12435,1,-84.5979095083839,1,-85.26381013525544
dpctgan,ProbabilityEstimation(KernelDensity()),12435,0,-84.80049448750773,1,-85.26381013525544
dpctgan,ProbabilityEstimation(KernelDensity()),12435,1,-84.36900635004869,1,-85.26381013525544
dpctgan,ProbabilityEstimation(KernelDensity()),12435,0,-84.69073549861268,1,-85.26381013525544
dpctgan,ProbabilityEstimation(KernelDensity()),12435,1,-85.3079580485888,0,-85.26381013525544
dpctgan,ProbabilityEstimation(KernelDensity()),12435,0,-85.21548757885469,1,-85.26381013525544
dpctgan,ProbabilityEstimation(KernelDensity()),12435,1,-85.07081099767237,1,-85.26381013525544
dpctgan,ProbabilityEstimation(KernelDensity()),12435,0,-85.48369094376889,0,-85.26381013525544
dpctgan,ProbabilityEstimation(KernelDensity()),12435,1,-84.78018348783303,1,-85.26381013525544
dpctgan,ProbabilityEstimation(KernelDensity()),12435,0,-84.76267806035766,1,-85.26381013525544
dpctgan,ProbabilityEstimation(KernelDensity()),12435,1,-85.29728665058585,0,-85.26381013525544
dpctgan,ProbabilityEstimation(KernelDensity()),12435,0,-84.75672772575184,1,-85.26381013525544
dpctgan,ProbabilityEstimation(KernelDensity()),12435,1,-84.57380445896057,1,-85.26381013525544
dpctgan,ProbabilityEstimation(KernelDensity()),12435,0,-85.11088236546303,1,-85.26381013525544
dpctgan,ProbabilityEstimation(KernelDensity()),12435,1,-85.20036968246451,1,-85.26381013525544
dpctgan,ProbabilityEstimation(KernelDensity()),12435,0,-85.0178274491144,1,-85.26381013525544
dpctgan,ProbabilityEstimation(KernelDensity()),12435,1,-84.8989056718775,1,-85.26381013525544
dpctgan,ProbabilityEstimation(KernelDensity()),12435,0,-85.3666898817613,0,-85.26381013525544
dpctgan,ProbabilityEstimation(KernelDensity()),12435,1,-84.99353409321014,1,-85.26381013525544
dpctgan,ProbabilityEstimation(KernelDensity()),12435,0,-84.68482512021856,1,-85.26381013525544
dpctgan,ProbabilityEstimation(KernelDensity()),12435,1,-84.68709157117686,1,-85.26381013525544
dpctgan,ProbabilityEstimation(KernelDensity()),12435,0,-84.715945535795,1,-85.26381013525544
dpctgan,ProbabilityEstimation(KernelDensity()),12435,1,-85.04178799967418,1,-85.26381013525544
dpctgan,ProbabilityEstimation(KernelDensity()),12435,0,-85.47456204415596,0,-85.26381013525544
dpctgan,ProbabilityEstimation(KernelDensity()),12435,1,-85.23181610999958,1,-85.26381013525544
dpctgan,ProbabilityEstimation(KernelDensity()),12435,0,-84.69031731477855,1,-85.26381013525544
dpctgan,ProbabilityEstimation(KernelDensity()),12435,1,-84.57362071308576,1,-85.26381013525544
dpctgan,ProbabilityEstimation(KernelDensity()),12435,0,-85.10772948288754,1,-85.26381013525544
dpctgan,ProbabilityEstimation(KernelDensity()),12435,1,-84.89639668141295,1,-85.26381013525544
dpctgan,ProbabilityEstimation(KernelDensity()),12435,0,-84.79840218464608,1,-85.26381013525544
dpctgan,ProbabilityEstimation(KernelDensity()),12435,1,-85.0952919632838,1,-85.26381013525544
dpctgan,ProbabilityEstimation(KernelDensity()),12435,0,-85.31895391614881,0,-85.26381013525544
dpctgan,ProbabilityEstimation(KernelDensity()),12435,1,-85.21005235892348,1,-85.26381013525544
dpctgan,ProbabilityEstimation(KernelDensity()),12435,0,-83.99112100157573,1,-85.26381013525544
dpctgan,ProbabilityEstimation(KernelDensity()),12435,1,-85.12249411441299,1,-85.26381013525544
dpctgan,ProbabilityEstimation(KernelDensity()),12435,0,-84.9935322954155,1,-85.26381013525544
dpctgan,ProbabilityEstimation(KernelDensity()),12435,1,-84.87773939080125,1,-85.26381013525544
dpctgan,ProbabilityEstimation(KernelDensity()),12435,0,-84.93576392309755,1,-85.26381013525544
dpctgan,ProbabilityEstimation(KernelDensity()),12435,1,-84.37511485873891,1,-85.26381013525544
dpctgan,ProbabilityEstimation(KernelDensity()),12435,0,-85.21760521129225,1,-85.26381013525544
dpctgan,ProbabilityEstimation(KernelDensity()),12435,1,-85.07388428104314,1,-85.26381013525544
dpctgan,ProbabilityEstimation(KernelDensity()),12435,0,-84.86518888497906,1,-85.26381013525544
dpctgan,ProbabilityEstimation(KernelDensity()),12435,1,-85.19603219759026,1,-85.26381013525544
dpctgan,ProbabilityEstimation(KernelDensity()),12435,0,-84.26423108531631,1,-85.26381013525544
dpctgan,ProbabilityEstimation(KernelDensity()),12435,1,-85.78848930181825,0,-85.26381013525544
dpctgan,ProbabilityEstimation(KernelDensity()),12435,0,-84.8500790640806,1,-85.26381013525544
dpctgan,ProbabilityEstimation(KernelDensity()),12435,1,-84.57673845871724,1,-85.26381013525544
dpctgan,ProbabilityEstimation(KernelDensity()),12435,0,-85.01429651188414,1,-85.26381013525544
dpctgan,ProbabilityEstimation(KernelDensity()),12435,1,-84.7267783206409,1,-85.26381013525544
dpctgan,ProbabilityEstimation(KernelDensity()),12435,0,-84.55351393077888,1,-85.26381013525544
dpctgan,ProbabilityEstimation(KernelDensity()),12435,1,-84.81865456120059,1,-85.26381013525544
dpctgan,ProbabilityEstimation(KernelDensity()),12435,0,-84.80301574320285,1,-85.26381013525544
dpctgan,ProbabilityEstimation(KernelDensity()),12435,1,-84.38996911349294,1,-85.26381013525544
dpctgan,ProbabilityEstimation(KernelDensity()),12435,0,-85.07961333502341,1,-85.26381013525544
dpctgan,ProbabilityEstimation(KernelDensity()),12435,1,-85.34342360804784,0,-85.26381013525544
dpctgan,ProbabilityEstimation(KernelDensity()),12435,0,-85.14668319763251,1,-85.26381013525544
dpctgan,ProbabilityEstimation(KernelDensity()),12435,1,-85.3627695668379,0,-85.26381013525544
dpctgan,ProbabilityEstimation(KernelDensity()),12435,0,-84.41794876770513,1,-85.26381013525544
dpctgan,ProbabilityEstimation(KernelDensity()),12435,1,-84.4002064713258,1,-85.26381013525544
dpctgan,ProbabilityEstimation(KernelDensity()),12435,0,-84.53126087334184,1,-85.26381013525544
dpctgan,ProbabilityEstimation(KernelDensity()),12435,1,-84.81934238355676,1,-85.26381013525544
dpctgan,ProbabilityEstimation(KernelDensity()),12435,0,-84.8337383692212,1,-85.26381013525544
dpctgan,ProbabilityEstimation(KernelDensity()),12435,1,-85.57579457516674,0,-85.26381013525544
dpctgan,ProbabilityEstimation(KernelDensity()),12435,0,-84.54783803080113,1,-85.26381013525544
dpctgan,ProbabilityEstimation(KernelDensity()),12435,1,-84.61466853278544,1,-85.26381013525544
dpctgan,ProbabilityEstimation(KernelDensity()),12435,0,-84.55543393874612,1,-85.26381013525544
dpctgan,ProbabilityEstimation(KernelDensity()),12435,1,-85.00352008856296,1,-85.26381013525544
dpctgan,ProbabilityEstimation(KernelDensity()),12435,0,-84.95284395118365,1,-85.26381013525544
dpctgan,ProbabilityEstimation(KernelDensity()),12435,1,-85.39549122813793,0,-85.26381013525544
dpctgan,ProbabilityEstimation(KernelDensity()),12435,0,-84.82350276098292,1,-85.26381013525544
dpctgan,ProbabilityEstimation(KernelDensity()),12435,1,-85.34920879698487,0,-85.26381013525544
dpctgan,ProbabilityEstimation(KernelDensity()),12435,0,-84.61168108901894,1,-85.26381013525544
dpctgan,ProbabilityEstimation(KernelDensity()),12435,1,-84.4765912734793,1,-85.26381013525544
dpctgan,ProbabilityEstimation(KernelDensity()),12435,0,-85.30817051649245,0,-85.26381013525544
dpctgan,ProbabilityEstimation(KernelDensity()),12435,1,-84.22871694920109,1,-85.26381013525544
dpctgan,ProbabilityEstimation(KernelDensity()),12435,0,-85.29338800289068,0,-85.26381013525544
dpctgan,ProbabilityEstimation(KernelDensity()),12435,1,-84.92617195560065,1,-85.26381013525544
dpctgan,ProbabilityEstimation(KernelDensity()),12435,0,-84.6104245538763,1,-85.26381013525544
dpctgan,ProbabilityEstimation(KernelDensity()),12435,1,-85.07375223534221,1,-85.26381013525544
dpctgan,ProbabilityEstimation(KernelDensity()),12435,0,-84.954175980663,1,-85.26381013525544
dpctgan,ProbabilityEstimation(KernelDensity()),12435,1,-84.5452980463314,1,-85.26381013525544
dpctgan,ProbabilityEstimation(KernelDensity()),12435,0,-85.34527408250764,0,-85.26381013525544
dpctgan,ProbabilityEstimation(KernelDensity()),12435,1,-85.40375698356084,0,-85.26381013525544
dpctgan,ProbabilityEstimation(KernelDensity()),12435,0,-84.47748347251294,1,-85.26381013525544
dpctgan,ProbabilityEstimation(KernelDensity()),12435,1,-85.44296191233758,0,-85.26381013525544
dpctgan,ProbabilityEstimation(KernelDensity()),12435,0,-84.96535841111262,1,-85.26381013525544
dpctgan,ProbabilityEstimation(KernelDensity()),12435,1,-84.23593683423356,1,-85.26381013525544
dpctgan,ProbabilityEstimation(KernelDensity()),12435,0,-85.22866957590082,1,-85.26381013525544
dpctgan,ProbabilityEstimation(KernelDensity()),12435,1,-85.25720359265145,1,-85.26381013525544
dpctgan,ProbabilityEstimation(KernelDensity()),12435,0,-85.17139675218425,1,-85.26381013525544
dpctgan,ProbabilityEstimation(KernelDensity()),12435,1,-84.37827018557205,1,-85.26381013525544
dpctgan,ProbabilityEstimation(KernelDensity()),12435,0,-85.05437931474923,1,-85.26381013525544
dpctgan,ProbabilityEstimation(KernelDensity()),12435,1,-85.01818057314985,1,-85.26381013525544
dpctgan,ProbabilityEstimation(KernelDensity()),12435,0,-84.80921694439664,1,-85.26381013525544
dpctgan,ProbabilityEstimation(KernelDensity()),12435,1,-84.58925400242552,1,-85.26381013525544
dpctgan,ProbabilityEstimation(KernelDensity()),12435,0,-85.16655270471473,1,-85.26381013525544
dpctgan,ProbabilityEstimation(KernelDensity()),12435,1,-84.50702275510365,1,-85.26381013525544
dpctgan,ProbabilityEstimation(KernelDensity()),12435,0,-84.74307578852854,1,-85.26381013525544
dpctgan,ProbabilityEstimation(KernelDensity()),12435,1,-84.4191792964812,1,-85.26381013525544
dpctgan,ProbabilityEstimation(KernelDensity()),12435,0,-85.03747373820855,1,-85.26381013525544
dpctgan,ProbabilityEstimation(KernelDensity()),12435,1,-85.05996297887347,1,-85.26381013525544
dpctgan,ProbabilityEstimation(KernelDensity()),12435,0,-85.36282189469489,0,-85.26381013525544
dpctgan,ProbabilityEstimation(KernelDensity()),12435,1,-84.43091407636305,1,-85.26381013525544
dpctgan,ProbabilityEstimation(KernelDensity()),12435,0,-85.06155660228545,1,-85.26381013525544
dpctgan,ProbabilityEstimation(KernelDensity()),12435,1,-85.28531513501193,0,-85.26381013525544
dpctgan,ProbabilityEstimation(KernelDensity()),12435,0,-85.27993681748389,0,-85.26381013525544
dpctgan,ProbabilityEstimation(KernelDensity()),12435,1,-85.06484129292598,1,-85.26381013525544
dpctgan,ProbabilityEstimation(KernelDensity()),12435,0,-84.63535851956892,1,-85.26381013525544
dpctgan,ProbabilityEstimation(KernelDensity()),12435,1,-85.0599228280138,1,-85.26381013525544
dpctgan,ProbabilityEstimation(KernelDensity()),12435,0,-84.73273335197965,1,-85.26381013525544
dpctgan,ProbabilityEstimation(KernelDensity()),12435,1,-85.3799397264462,0,-85.26381013525544
dpctgan,ProbabilityEstimation(KernelDensity()),12435,0,-85.26107975036776,1,-85.26381013525544
dpctgan,ProbabilityEstimation(KernelDensity()),12435,1,-84.64049939642976,1,-85.26381013525544
dpctgan,ProbabilityEstimation(KernelDensity()),12435,0,-85.48669996651466,0,-85.26381013525544
dpctgan,ProbabilityEstimation(KernelDensity()),12435,1,-84.96469977999229,1,-85.26381013525544
dpctgan,ProbabilityEstimation(KernelDensity()),12435,0,-85.07212396249525,1,-85.26381013525544
dpctgan,ProbabilityEstimation(KernelDensity()),12435,1,-85.36175149290686,0,-85.26381013525544
dpctgan,ProbabilityEstimation(KernelDensity()),12435,0,-85.6417020720324,0,-85.26381013525544
dpctgan,ProbabilityEstimation(KernelDensity()),12435,1,-84.28695296515627,1,-85.26381013525544
dpctgan,ProbabilityEstimation(KernelDensity()),12435,0,-84.89001326337727,1,-85.26381013525544
dpctgan,ProbabilityEstimation(KernelDensity()),12435,1,-84.24391926371806,1,-85.26381013525544
dpctgan,ProbabilityEstimation(KernelDensity()),12435,0,-84.86254361561485,1,-85.26381013525544
dpctgan,ProbabilityEstimation(KernelDensity()),12435,1,-84.89438581459643,1,-85.26381013525544
dpctgan,ProbabilityEstimation(KernelDensity()),12435,0,-85.10301059616141,1,-85.26381013525544
dpctgan,ProbabilityEstimation(KernelDensity()),12435,1,-84.77910474945877,1,-85.26381013525544
dpctgan,ProbabilityEstimation(KernelDensity()),12435,0,-84.74799848538369,1,-85.26381013525544
dpctgan,ProbabilityEstimation(KernelDensity()),12435,1,-84.55819016858916,1,-85.26381013525544
dpctgan,ProbabilityEstimation(KernelDensity()),12435,0,-85.12191135625403,1,-85.26381013525544
dpctgan,ProbabilityEstimation(KernelDensity()),12435,1,-85.39152994910194,0,-85.26381013525544
dpctgan,ProbabilityEstimation(KernelDensity()),12435,0,-85.57186790437444,0,-85.26381013525544
dpctgan,ProbabilityEstimation(KernelDensity()),12435,1,-85.34669221729649,0,-85.26381013525544
dpctgan,ProbabilityEstimation(KernelDensity()),12435,0,-85.07925828517713,1,-85.26381013525544
dpctgan,ProbabilityEstimation(KernelDensity()),12435,1,-85.07298199367852,1,-85.26381013525544
dpctgan,ProbabilityEstimation(KernelDensity()),12435,0,-85.51776716572873,0,-85.26381013525544
dpctgan,ProbabilityEstimation(KernelDensity()),12435,1,-85.30358451079589,0,-85.26381013525544
dpctgan,ProbabilityEstimation(KernelDensity()),12435,0,-84.60641701784849,1,-85.26381013525544
dpctgan,ProbabilityEstimation(KernelDensity()),12435,1,-84.74790637157757,1,-85.26381013525544
dpctgan,ProbabilityEstimation(KernelDensity()),12435,0,-85.2406654185036,1,-85.26381013525544
dpctgan,ProbabilityEstimation(KernelDensity()),12435,1,-84.25669696257353,1,-85.26381013525544
dpctgan,ProbabilityEstimation(KernelDensity()),12435,0,-84.94742419731104,1,-85.26381013525544
dpctgan,ProbabilityEstimation(KernelDensity()),12435,1,-84.91896488967838,1,-85.26381013525544
dpctgan,ProbabilityEstimation(KernelDensity()),12435,0,-84.97510497170002,1,-85.26381013525544
dpctgan,ProbabilityEstimation(KernelDensity()),12435,1,-84.66890664239598,1,-85.26381013525544
dpctgan,ProbabilityEstimation(KernelDensity()),12435,0,-85.13923473603553,1,-85.26381013525544
dpctgan,ProbabilityEstimation(KernelDensity()),12435,1,-84.71402588825818,1,-85.26381013525544
dpctgan,ProbabilityEstimation(KernelDensity()),12435,0,-84.88267817730363,1,-85.26381013525544
dpctgan,ProbabilityEstimation(KernelDensity()),12435,1,-84.72629597203345,1,-85.26381013525544
dpctgan,ProbabilityEstimation(KernelDensity()),12435,0,-84.89441593027635,1,-85.26381013525544
dpctgan,ProbabilityEstimation(KernelDensity()),12435,1,-84.41807438450857,1,-85.26381013525544
dpctgan,ProbabilityEstimation(KernelDensity()),12435,0,-85.02915376115678,1,-85.26381013525544
dpctgan,ProbabilityEstimation(KernelDensity()),12435,1,-84.70336947398054,1,-85.26381013525544
dpctgan,ProbabilityEstimation(KernelDensity()),12435,0,-84.51951671466539,1,-85.26381013525544
dpctgan,ProbabilityEstimation(KernelDensity()),12435,1,-84.63374140361874,1,-85.26381013525544
dpctgan,ProbabilityEstimation(KernelDensity()),12435,0,-85.26285269513684,1,-85.26381013525544
dpctgan,ProbabilityEstimation(KernelDensity()),12435,1,-84.01122678104785,1,-85.26381013525544
dpctgan,ProbabilityEstimation(KernelDensity()),12435,0,-84.20652564830368,1,-85.26381013525544
dpctgan,ProbabilityEstimation(KernelDensity()),12435,1,-84.21019410055393,1,-85.26381013525544
dpctgan,ProbabilityEstimation(KernelDensity()),12435,0,-85.29811151264843,0,-85.26381013525544
dpctgan,ProbabilityEstimation(KernelDensity()),12435,1,-85.02536667361335,1,-85.26381013525544
dpctgan,ProbabilityEstimation(KernelDensity()),12435,0,-85.40455294979124,0,-85.26381013525544
dpctgan,ProbabilityEstimation(KernelDensity()),12435,1,-84.97173280117921,1,-85.26381013525544
dpctgan,ProbabilityEstimation(KernelDensity()),12435,0,-84.96502026637978,1,-85.26381013525544
dpctgan,ProbabilityEstimation(KernelDensity()),12435,1,-85.41953699445219,0,-85.26381013525544
dpctgan,ProbabilityEstimation(KernelDensity()),12435,0,-84.26908666378735,1,-85.26381013525544
dpctgan,ProbabilityEstimation(KernelDensity()),12435,1,-84.93087697479794,1,-85.26381013525544
dpctgan,ProbabilityEstimation(KernelDensity()),12435,0,-84.78781599942566,1,-85.26381013525544
dpctgan,ProbabilityEstimation(KernelDensity()),12435,1,-84.71629540376885,1,-85.26381013525544
dpctgan,ProbabilityEstimation(KernelDensity()),12435,0,-84.98047968983099,1,-85.26381013525544
dpctgan,ProbabilityEstimation(KernelDensity()),12435,1,-85.48823635577394,0,-85.26381013525544
dpctgan,ProbabilityEstimation(KernelDensity()),12435,0,-85.39331854945073,0,-85.26381013525544
dpctgan,ProbabilityEstimation(KernelDensity()),12435,1,-85.13086270238522,1,-85.26381013525544
dpctgan,ProbabilityEstimation(KernelDensity()),12435,0,-85.12521154760232,1,-85.26381013525544
dpctgan,ProbabilityEstimation(KernelDensity()),12435,1,-84.87044948345263,1,-85.26381013525544
dpctgan,ProbabilityEstimation(KernelDensity()),12435,0,-85.01991637525282,1,-85.26381013525544
dpctgan,ProbabilityEstimation(KernelDensity()),12435,1,-85.12350812613253,1,-85.26381013525544
dpctgan,ProbabilityEstimation(KernelDensity()),12435,0,-84.86994825480352,1,-85.26381013525544
dpctgan,ProbabilityEstimation(KernelDensity()),12435,1,-84.48946142290845,1,-85.26381013525544
dpctgan,ProbabilityEstimation(KernelDensity()),12435,0,-84.69552603750498,1,-85.26381013525544
dpctgan,ProbabilityEstimation(KernelDensity()),12435,1,-85.13483202737609,1,-85.26381013525544
dpctgan,ProbabilityEstimation(KernelDensity()),12435,0,-85.14332107790511,1,-85.26381013525544
dpctgan,ProbabilityEstimation(KernelDensity()),12435,1,-84.78270663539082,1,-85.26381013525544
dpctgan,ProbabilityEstimation(KernelDensity()),12435,0,-84.95137371836051,1,-85.26381013525544
dpctgan,ProbabilityEstimation(KernelDensity()),12435,1,-84.83537199823363,1,-85.26381013525544
dpctgan,ProbabilityEstimation(KernelDensity()),12435,0,-85.0948855075612,1,-85.26381013525544
dpctgan,ProbabilityEstimation(KernelDensity()),12435,1,-84.63703991821694,1,-85.26381013525544
dpctgan,ProbabilityEstimation(KernelDensity()),12435,0,-85.27208040257973,0,-85.26381013525544
dpctgan,ProbabilityEstimation(KernelDensity()),12435,1,-85.08535032263008,1,-85.26381013525544
dpctgan,ProbabilityEstimation(KernelDensity()),12435,0,-84.90277888717598,1,-85.26381013525544
dpctgan,ProbabilityEstimation(KernelDensity()),12435,1,-85.02549301633613,1,-85.26381013525544
dpctgan,ProbabilityEstimation(KernelDensity()),12435,0,-84.93125889292534,1,-85.26381013525544
dpctgan,ProbabilityEstimation(KernelDensity()),12435,1,-84.83892050234287,1,-85.26381013525544
dpctgan,ProbabilityEstimation(KernelDensity()),12435,0,-84.74258778730845,1,-85.26381013525544
dpctgan,ProbabilityEstimation(KernelDensity()),12435,1,-85.04197917630313,1,-85.26381013525544
dpctgan,ProbabilityEstimation(KernelDensity()),12435,0,-85.15805747141518,1,-85.26381013525544
dpctgan,ProbabilityEstimation(KernelDensity()),12435,1,-84.3632471550793,1,-85.26381013525544
dpctgan,ProbabilityEstimation(KernelDensity()),12435,0,-84.40465198456941,1,-85.26381013525544
dpctgan,ProbabilityEstimation(KernelDensity()),12435,1,-84.68643152300888,1,-85.26381013525544
dpctgan,ProbabilityEstimation(KernelDensity()),12435,0,-84.89169297356433,1,-85.26381013525544
dpctgan,ProbabilityEstimation(KernelDensity()),12435,1,-85.06044567135157,1,-85.26381013525544
dpctgan,ProbabilityEstimation(KernelDensity()),12435,0,-85.03008324260728,1,-85.26381013525544
dpctgan,ProbabilityEstimation(KernelDensity()),12435,1,-84.93378464235867,1,-85.26381013525544
dpctgan,ProbabilityEstimation(KernelDensity()),12435,0,-84.5319370991143,1,-85.26381013525544
dpctgan,ProbabilityEstimation(KernelDensity()),12435,1,-85.11750598910831,1,-85.26381013525544
dpctgan,ProbabilityEstimation(KernelDensity()),12435,0,-84.83492414603538,1,-85.26381013525544
dpctgan,ProbabilityEstimation(KernelDensity()),12435,1,-85.18830274911207,1,-85.26381013525544
dpctgan,ProbabilityEstimation(KernelDensity()),12435,0,-84.9895388119894,1,-85.26381013525544
dpctgan,ProbabilityEstimation(KernelDensity()),12435,1,-84.96959052795329,1,-85.26381013525544
dpctgan,ProbabilityEstimation(KernelDensity()),12435,0,-84.9226216202453,1,-85.26381013525544
dpctgan,ProbabilityEstimation(KernelDensity()),12435,1,-85.04736764483364,1,-85.26381013525544
dpctgan,ProbabilityEstimation(KernelDensity()),12435,0,-84.7454104841797,1,-85.26381013525544
dpctgan,ProbabilityEstimation(KernelDensity()),12435,1,-84.57327070646436,1,-85.26381013525544
dpctgan,ProbabilityEstimation(KernelDensity()),12435,0,-84.99751563573273,1,-85.26381013525544
dpctgan,ProbabilityEstimation(KernelDensity()),12435,1,-85.0666383058225,1,-85.26381013525544
dpctgan,ProbabilityEstimation(KernelDensity()),12435,0,-84.82708726149623,1,-85.26381013525544
dpctgan,ProbabilityEstimation(KernelDensity()),12435,1,-84.97859829920552,1,-85.26381013525544
dpctgan,ProbabilityEstimation(KernelDensity()),12435,0,-84.79568167625904,1,-85.26381013525544
dpctgan,ProbabilityEstimation(KernelDensity()),12435,1,-84.85472711614143,1,-85.26381013525544
dpctgan,ProbabilityEstimation(KernelDensity()),12435,0,-84.90297745085851,1,-85.26381013525544
dpctgan,ProbabilityEstimation(KernelDensity()),12435,1,-85.160209325582,1,-85.26381013525544
dpctgan,ProbabilityEstimation(KernelDensity()),12435,0,-84.7566360144344,1,-85.26381013525544
dpctgan,ProbabilityEstimation(KernelDensity()),12435,1,-84.72926316928734,1,-85.26381013525544
dpctgan,ProbabilityEstimation(KernelDensity()),12435,0,-84.86108889946527,1,-85.26381013525544
dpctgan,ProbabilityEstimation(KernelDensity()),12435,1,-84.90715500470246,1,-85.26381013525544
dpctgan,ProbabilityEstimation(KernelDensity()),12435,0,-85.0100724741548,1,-85.26381013525544
dpctgan,ProbabilityEstimation(KernelDensity()),12435,1,-84.90792340180688,1,-85.26381013525544
dpctgan,ProbabilityEstimation(KernelDensity()),12435,0,-85.00624689920984,1,-85.26381013525544
dpctgan,ProbabilityEstimation(KernelDensity()),12435,1,-84.76830776673172,1,-85.26381013525544
dpctgan,ProbabilityEstimation(KernelDensity()),12435,0,-84.90415118140524,1,-85.26381013525544
dpctgan,ProbabilityEstimation(KernelDensity()),12435,1,-84.79183090654561,1,-85.26381013525544
dpctgan,ProbabilityEstimation(KernelDensity()),12435,0,-84.51483646189675,1,-85.26381013525544
dpctgan,ProbabilityEstimation(KernelDensity()),12435,1,-84.47380764104469,1,-85.26381013525544
dpctgan,ProbabilityEstimation(KernelDensity()),12435,0,-85.33126049770112,0,-85.26381013525544
dpctgan,ProbabilityEstimation(KernelDensity()),12435,1,-84.79375089775299,1,-85.26381013525544
dpctgan,ProbabilityEstimation(KernelDensity()),12435,0,-84.71020282273568,1,-85.26381013525544
dpctgan,ProbabilityEstimation(KernelDensity()),12435,1,-84.81855914062325,1,-85.26381013525544
dpctgan,ProbabilityEstimation(KernelDensity()),12435,0,-84.44654777849969,1,-85.26381013525544
dpctgan,ProbabilityEstimation(KernelDensity()),12435,1,-84.52914919982263,1,-85.26381013525544
dpctgan,ProbabilityEstimation(KernelDensity()),12435,0,-85.13865926193098,1,-85.26381013525544
dpctgan,ProbabilityEstimation(KernelDensity()),12435,1,-85.35083758650781,0,-85.26381013525544
dpctgan,ProbabilityEstimation(KernelDensity()),12435,0,-84.96514748562821,1,-85.26381013525544
dpctgan,ProbabilityEstimation(KernelDensity()),12435,1,-85.26823989678054,0,-85.26381013525544
dpctgan,ProbabilityEstimation(KernelDensity()),12435,0,-85.04344570911887,1,-85.26381013525544
dpctgan,ProbabilityEstimation(KernelDensity()),12435,1,-85.24488790603809,1,-85.26381013525544
dpctgan,ProbabilityEstimation(KernelDensity()),12435,0,-84.95532702863915,1,-85.26381013525544
dpctgan,ProbabilityEstimation(KernelDensity()),12435,1,-85.24999382084626,1,-85.26381013525544
dpctgan,ProbabilityEstimation(KernelDensity()),12435,0,-85.03267255050022,1,-85.26381013525544
dpctgan,ProbabilityEstimation(KernelDensity()),12435,1,-85.02370191583326,1,-85.26381013525544
dpctgan,ProbabilityEstimation(KernelDensity()),12435,0,-85.16184093880834,1,-85.26381013525544
dpctgan,ProbabilityEstimation(KernelDensity()),12435,1,-84.63660620708906,1,-85.26381013525544
dpctgan,ProbabilityEstimation(KernelDensity()),12435,0,-84.74693411559404,1,-85.26381013525544
dpctgan,ProbabilityEstimation(KernelDensity()),12435,1,-85.0602732872001,1,-85.26381013525544
dpctgan,ProbabilityEstimation(KernelDensity()),12435,0,-85.37424896181955,0,-85.26381013525544
dpctgan,ProbabilityEstimation(KernelDensity()),12435,1,-85.71812793598818,0,-85.26381013525544
dpctgan,ProbabilityEstimation(KernelDensity()),12435,0,-84.92762681864875,1,-85.26381013525544
dpctgan,ProbabilityEstimation(KernelDensity()),12435,1,-84.50860273176708,1,-85.26381013525544
dpctgan,ProbabilityEstimation(KernelDensity()),12435,0,-84.4163328953427,1,-85.26381013525544
dpctgan,ProbabilityEstimation(KernelDensity()),12435,1,-84.95445057596864,1,-85.26381013525544
dpctgan,ProbabilityEstimation(KernelDensity()),12435,0,-84.8189361894699,1,-85.26381013525544
dpctgan,ProbabilityEstimation(KernelDensity()),12435,1,-84.88409145794174,1,-85.26381013525544
dpctgan,ProbabilityEstimation(KernelDensity()),12435,0,-85.33172218926295,0,-85.26381013525544
dpctgan,ProbabilityEstimation(KernelDensity()),12435,1,-84.81915396342079,1,-85.26381013525544
dpctgan,ProbabilityEstimation(KernelDensity()),12435,0,-84.93005661270327,1,-85.26381013525544
dpctgan,ProbabilityEstimation(KernelDensity()),12435,1,-85.20420345736441,1,-85.26381013525544
dpctgan,ProbabilityEstimation(KernelDensity()),12435,0,-85.161736089696,1,-85.26381013525544
dpctgan,ProbabilityEstimation(KernelDensity()),12435,1,-84.81206018781292,1,-85.26381013525544
dpctgan,ProbabilityEstimation(KernelDensity()),12435,0,-84.53650728380894,1,-85.26381013525544
dpctgan,ProbabilityEstimation(KernelDensity()),12435,1,-84.60107641253633,1,-85.26381013525544
dpctgan,ProbabilityEstimation(KernelDensity()),12435,0,-85.28792722959166,0,-85.26381013525544
dpctgan,ProbabilityEstimation(KernelDensity()),12435,1,-84.66701274089364,1,-85.26381013525544
dpctgan,ProbabilityEstimation(KernelDensity()),12435,0,-85.00043793378148,1,-85.26381013525544
dpctgan,ProbabilityEstimation(KernelDensity()),12435,1,-84.43307070201867,1,-85.26381013525544
dpctgan,ProbabilityEstimation(KernelDensity()),12435,0,-84.65292202187402,1,-85.26381013525544
dpctgan,ProbabilityEstimation(KernelDensity()),12435,1,-84.93083559625032,1,-85.26381013525544
dpctgan,ProbabilityEstimation(KernelDensity()),12435,0,-85.05073910826198,1,-85.26381013525544
dpctgan,ProbabilityEstimation(KernelDensity()),12435,1,-84.86604965847508,1,-85.26381013525544
dpctgan,ProbabilityEstimation(KernelDensity()),12435,0,-84.57531130663737,1,-85.26381013525544
dpctgan,ProbabilityEstimation(KernelDensity()),12435,1,-84.5933306209855,1,-85.26381013525544
dpctgan,ProbabilityEstimation(KernelDensity()),12435,0,-85.09068462148753,1,-85.26381013525544
dpctgan,ProbabilityEstimation(KernelDensity()),12435,1,-85.25573321260966,1,-85.26381013525544
dpctgan,ProbabilityEstimation(KernelDensity()),12435,0,-84.57270476729381,1,-85.26381013525544
dpctgan,ProbabilityEstimation(KernelDensity()),12435,1,-85.28960625743997,0,-85.26381013525544
dpctgan,ProbabilityEstimation(KernelDensity()),12435,0,-84.598909487845,1,-85.26381013525544
dpctgan,ProbabilityEstimation(KernelDensity()),12435,1,-84.7214268569293,1,-85.26381013525544
dpctgan,ProbabilityEstimation(KernelDensity()),12435,0,-85.00377719729158,1,-85.26381013525544
dpctgan,ProbabilityEstimation(KernelDensity()),12435,1,-84.89109490457844,1,-85.26381013525544
dpctgan,ProbabilityEstimation(KernelDensity()),12435,0,-84.457679317491,1,-85.26381013525544
dpctgan,ProbabilityEstimation(KernelDensity()),12435,1,-85.09013247648801,1,-85.26381013525544
dpctgan,ProbabilityEstimation(KernelDensity()),12435,0,-85.22577644704997,1,-85.26381013525544
dpctgan,ProbabilityEstimation(KernelDensity()),12435,1,-84.45155589058476,1,-85.26381013525544
dpctgan,ProbabilityEstimation(KernelDensity()),12435,0,-84.94069405737068,1,-85.26381013525544
dpctgan,ProbabilityEstimation(KernelDensity()),12435,1,-85.0562251513728,1,-85.26381013525544
dpctgan,ProbabilityEstimation(KernelDensity()),12435,0,-84.36994522850298,1,-85.26381013525544
dpctgan,ProbabilityEstimation(KernelDensity()),12435,1,-84.57688727970142,1,-85.26381013525544
dpctgan,ProbabilityEstimation(KernelDensity()),12435,0,-85.0597708056223,1,-85.26381013525544
dpctgan,ProbabilityEstimation(KernelDensity()),12435,1,-84.91493531512918,1,-85.26381013525544
dpctgan,ProbabilityEstimation(KernelDensity()),12435,0,-84.54764884934814,1,-85.26381013525544
dpctgan,ProbabilityEstimation(KernelDensity()),12435,1,-84.74760799603527,1,-85.26381013525544
dpctgan,ProbabilityEstimation(KernelDensity()),12435,0,-85.39605936334085,0,-85.26381013525544
dpctgan,ProbabilityEstimation(KernelDensity()),12435,1,-85.10836872135287,1,-85.26381013525544
dpctgan,ProbabilityEstimation(KernelDensity()),12435,0,-84.56438979255688,1,-85.26381013525544
dpctgan,ProbabilityEstimation(KernelDensity()),12435,1,-84.86611673780854,1,-85.26381013525544
dpctgan,ProbabilityEstimation(KernelDensity()),12435,0,-84.41910710737724,1,-85.26381013525544
dpctgan,ProbabilityEstimation(KernelDensity()),12435,1,-84.90195668462144,1,-85.26381013525544
dpctgan,ProbabilityEstimation(KernelDensity()),12435,0,-84.51277353613929,1,-85.26381013525544
dpctgan,ProbabilityEstimation(KernelDensity()),12435,1,-85.01174144916034,1,-85.26381013525544
dpctgan,ProbabilityEstimation(KernelDensity()),12435,0,-84.96753072983205,1,-85.26381013525544
dpctgan,ProbabilityEstimation(KernelDensity()),12435,1,-84.80092190390884,1,-85.26381013525544
dpctgan,ProbabilityEstimation(KernelDensity()),12435,0,-84.95715473166501,1,-85.26381013525544
dpctgan,ProbabilityEstimation(KernelDensity()),12435,1,-84.98557320612858,1,-85.26381013525544
dpctgan,ProbabilityEstimation(KernelDensity()),12435,0,-85.04862810221464,1,-85.26381013525544
dpctgan,ProbabilityEstimation(KernelDensity()),12435,1,-84.64958526121514,1,-85.26381013525544
dpctgan,ProbabilityEstimation(KernelDensity()),12435,0,-84.68256959526983,1,-85.26381013525544
dpctgan,ProbabilityEstimation(KernelDensity()),12435,1,-84.83042009180853,1,-85.26381013525544
dpctgan,ProbabilityEstimation(KernelDensity()),12435,0,-84.794964790817,1,-85.26381013525544
dpctgan,ProbabilityEstimation(KernelDensity()),12435,1,-85.23145319179147,1,-85.26381013525544
dpctgan,ProbabilityEstimation(KernelDensity()),12435,0,-85.35504551367121,0,-85.26381013525544
dpctgan,ProbabilityEstimation(KernelDensity()),12435,1,-84.89647603518297,1,-85.26381013525544
dpctgan,ProbabilityEstimation(KernelDensity()),12435,0,-84.93324333165754,1,-85.26381013525544
dpctgan,ProbabilityEstimation(KernelDensity()),12435,1,-85.03252051083412,1,-85.26381013525544
dpctgan,ProbabilityEstimation(KernelDensity()),12435,0,-84.64752010491686,1,-85.26381013525544
dpctgan,ProbabilityEstimation(KernelDensity()),12435,1,-85.07450419902483,1,-85.26381013525544
dpctgan,ProbabilityEstimation(KernelDensity()),12435,0,-84.79878530801555,1,-85.26381013525544
dpctgan,ProbabilityEstimation(KernelDensity()),12435,1,-84.90314903833047,1,-85.26381013525544
dpctgan,ProbabilityEstimation(KernelDensity()),12435,0,-84.54531367383903,1,-85.26381013525544
dpctgan,ProbabilityEstimation(KernelDensity()),12435,1,-84.94513982824778,1,-85.26381013525544
dpctgan,ProbabilityEstimation(KernelDensity()),12435,0,-84.80684782681028,1,-85.26381013525544
dpctgan,ProbabilityEstimation(KernelDensity()),12435,1,-84.76992619326832,1,-85.26381013525544
dpctgan,ProbabilityEstimation(KernelDensity()),12435,0,-84.9615428686106,1,-85.26381013525544
dpctgan,ProbabilityEstimation(KernelDensity()),12435,1,-85.11137061145651,1,-85.26381013525544
dpctgan,ProbabilityEstimation(KernelDensity()),12435,0,-84.64832366244434,1,-85.26381013525544
dpctgan,ProbabilityEstimation(KernelDensity()),12435,1,-85.04971930094668,1,-85.26381013525544
dpctgan,ProbabilityEstimation(KernelDensity()),12435,0,-84.66359102100634,1,-85.26381013525544
dpctgan,ProbabilityEstimation(KernelDensity()),12435,1,-85.06834480287107,1,-85.26381013525544
dpctgan,ProbabilityEstimation(KernelDensity()),12435,0,-85.00885233502534,1,-85.26381013525544
dpctgan,ProbabilityEstimation(KernelDensity()),12435,1,-85.35620766370587,0,-85.26381013525544
dpctgan,ProbabilityEstimation(KernelDensity()),12435,0,-84.99702073910352,1,-85.26381013525544
dpctgan,ProbabilityEstimation(KernelDensity()),12435,1,-84.71918957919195,1,-85.26381013525544
dpctgan,ProbabilityEstimation(KernelDensity()),12435,0,-85.32689921624738,0,-85.26381013525544
dpctgan,ProbabilityEstimation(KernelDensity()),12435,1,-85.17457722116508,1,-85.26381013525544
dpctgan,ProbabilityEstimation(KernelDensity()),12435,0,-84.91279261600978,1,-85.26381013525544
dpctgan,ProbabilityEstimation(KernelDensity()),12435,1,-84.49610111507548,1,-85.26381013525544
dpctgan,ProbabilityEstimation(KernelDensity()),12435,0,-84.60725710740472,1,-85.26381013525544
dpctgan,ProbabilityEstimation(KernelDensity()),12435,1,-85.08764752991956,1,-85.26381013525544
dpctgan,ProbabilityEstimation(KernelDensity()),12435,0,-85.13572604666452,1,-85.26381013525544
dpctgan,ProbabilityEstimation(KernelDensity()),12435,1,-85.38838539664108,0,-85.26381013525544
dpctgan,ProbabilityEstimation(KernelDensity()),12435,0,-85.39052521763527,0,-85.26381013525544
dpctgan,ProbabilityEstimation(KernelDensity()),12435,1,-85.33460122082258,0,-85.26381013525544
dpctgan,ProbabilityEstimation(KernelDensity()),12435,0,-84.595478365115,1,-85.26381013525544
dpctgan,ProbabilityEstimation(KernelDensity()),12435,1,-84.27364511538359,1,-85.26381013525544
dpctgan,ProbabilityEstimation(KernelDensity()),12435,0,-84.81387216325264,1,-85.26381013525544
dpctgan,ProbabilityEstimation(KernelDensity()),12435,1,-85.081888059098,1,-85.26381013525544
dpctgan,ProbabilityEstimation(KernelDensity()),12435,0,-84.79541124807884,1,-85.26381013525544
dpctgan,ProbabilityEstimation(KernelDensity()),12435,1,-84.83456372490028,1,-85.26381013525544
dpctgan,ProbabilityEstimation(KernelDensity()),12435,0,-84.69414642174819,1,-85.26381013525544
dpctgan,ProbabilityEstimation(KernelDensity()),12435,1,-84.95532480434628,1,-85.26381013525544
dpctgan,ProbabilityEstimation(KernelDensity()),12435,0,-85.12292454615957,1,-85.26381013525544
dpctgan,ProbabilityEstimation(KernelDensity()),12435,1,-84.65112450060924,1,-85.26381013525544
dpctgan,ProbabilityEstimation(KernelDensity()),12435,0,-84.97095379674526,1,-85.26381013525544
dpctgan,ProbabilityEstimation(KernelDensity()),12435,1,-84.88123567234697,1,-85.26381013525544
dpctgan,ProbabilityEstimation(KernelDensity()),12435,0,-85.26187024189424,1,-85.26381013525544
dpctgan,ProbabilityEstimation(KernelDensity()),12435,1,-84.71645369664134,1,-85.26381013525544
dpctgan,ProbabilityEstimation(KernelDensity()),12435,0,-84.90289544850096,1,-85.26381013525544
dpctgan,ProbabilityEstimation(KernelDensity()),12435,1,-85.04379510284828,1,-85.26381013525544
dpctgan,ProbabilityEstimation(KernelDensity()),12435,0,-84.82375444499701,1,-85.26381013525544
dpctgan,ProbabilityEstimation(KernelDensity()),12435,1,-84.866961435213,1,-85.26381013525544
dpctgan,ProbabilityEstimation(KernelDensity()),12435,0,-84.60420064536002,1,-85.26381013525544
dpctgan,ProbabilityEstimation(KernelDensity()),12435,1,-84.63231448672204,1,-85.26381013525544
dpctgan,ProbabilityEstimation(KernelDensity()),12435,0,-84.94623949782151,1,-85.26381013525544
dpctgan,ProbabilityEstimation(KernelDensity()),12435,1,-84.93836456219822,1,-85.26381013525544
dpctgan,ProbabilityEstimation(KernelDensity()),12435,0,-84.68023620572751,1,-85.26381013525544
dpctgan,ProbabilityEstimation(KernelDensity()),12435,1,-84.3853959055656,1,-85.26381013525544
dpctgan,ProbabilityEstimation(KernelDensity()),12435,0,-84.772650162186,1,-85.26381013525544
dpctgan,ProbabilityEstimation(KernelDensity()),12435,1,-84.27992956239333,1,-85.26381013525544
dpctgan,ProbabilityEstimation(KernelDensity()),12435,0,-85.13429900681093,1,-85.26381013525544
dpctgan,ProbabilityEstimation(KernelDensity()),12435,1,-85.29207972123987,0,-85.26381013525544
dpctgan,ProbabilityEstimation(KernelDensity()),12435,0,-84.71049970535084,1,-85.26381013525544
dpctgan,ProbabilityEstimation(KernelDensity()),12435,1,-84.49996725263541,1,-85.26381013525544
dpctgan,ProbabilityEstimation(KernelDensity()),12435,0,-85.13488632268238,1,-85.26381013525544
dpctgan,ProbabilityEstimation(KernelDensity()),12435,1,-85.50079539553221,0,-85.26381013525544
dpctgan,ProbabilityEstimation(KernelDensity()),12435,0,-84.71262583320531,1,-85.26381013525544
dpctgan,ProbabilityEstimation(KernelDensity()),12435,1,-84.64607871637388,1,-85.26381013525544
dpctgan,ProbabilityEstimation(KernelDensity()),12435,0,-84.76042043860762,1,-85.26381013525544
dpctgan,ProbabilityEstimation(KernelDensity()),12435,1,-85.22189900297066,1,-85.26381013525544
dpctgan,ProbabilityEstimation(KernelDensity()),12435,0,-85.36992166560242,0,-85.26381013525544
dpctgan,ProbabilityEstimation(KernelDensity()),12435,1,-84.902384766926,1,-85.26381013525544
dpctgan,ProbabilityEstimation(KernelDensity()),12435,0,-84.35314591643684,1,-85.26381013525544
dpctgan,ProbabilityEstimation(KernelDensity()),12435,1,-85.28961206211068,0,-85.26381013525544
dpctgan,ProbabilityEstimation(KernelDensity()),12435,0,-85.09772687556452,1,-85.26381013525544
dpctgan,ProbabilityEstimation(KernelDensity()),12435,1,-84.9001504054018,1,-85.26381013525544
dpctgan,ProbabilityEstimation(KernelDensity()),12435,0,-84.7034143331791,1,-85.26381013525544
dpctgan,ProbabilityEstimation(KernelDensity()),12435,1,-85.1335721703826,1,-85.26381013525544
dpctgan,ProbabilityEstimation(KernelDensity()),12435,0,-84.9366008370874,1,-85.26381013525544
dpctgan,ProbabilityEstimation(KernelDensity()),12435,1,-84.89266448129622,1,-85.26381013525544
dpctgan,ProbabilityEstimation(KernelDensity()),12435,0,-85.47994811786049,0,-85.26381013525544
dpctgan,ProbabilityEstimation(KernelDensity()),12435,1,-84.98235118482462,1,-85.26381013525544
dpctgan,ProbabilityEstimation(KernelDensity()),12435,0,-84.7092657162819,1,-85.26381013525544
dpctgan,ProbabilityEstimation(KernelDensity()),12435,1,-85.41255449095743,0,-85.26381013525544
dpctgan,ProbabilityEstimation(KernelDensity()),12435,0,-84.64791093345285,1,-85.26381013525544
dpctgan,ProbabilityEstimation(KernelDensity()),12435,1,-84.90646599285402,1,-85.26381013525544
dpctgan,ProbabilityEstimation(KernelDensity()),12435,0,-85.28702972687935,0,-85.26381013525544
dpctgan,ProbabilityEstimation(KernelDensity()),12435,1,-84.58589074167504,1,-85.26381013525544
dpctgan,ProbabilityEstimation(KernelDensity()),12435,0,-84.67151188543353,1,-85.26381013525544
dpctgan,ProbabilityEstimation(KernelDensity()),12435,1,-84.93245432465532,1,-85.26381013525544
dpctgan,ProbabilityEstimation(KernelDensity()),12435,0,-84.86164496531352,1,-85.26381013525544
dpctgan,ProbabilityEstimation(KernelDensity()),12435,1,-84.81888521862125,1,-85.26381013525544
dpctgan,ProbabilityEstimation(KernelDensity()),12435,0,-85.33853838954286,0,-85.26381013525544
dpctgan,ProbabilityEstimation(KernelDensity()),12435,1,-85.09878244550005,1,-85.26381013525544
dpctgan,ProbabilityEstimation(KernelDensity()),12435,0,-85.7286866805961,0,-85.26381013525544
dpctgan,ProbabilityEstimation(KernelDensity()),12435,1,-84.84072121951854,1,-85.26381013525544
dpctgan,ProbabilityEstimation(KernelDensity()),12435,0,-84.96899265484289,1,-85.26381013525544
dpctgan,ProbabilityEstimation(KernelDensity()),12435,1,-84.5728695211551,1,-85.26381013525544
dpctgan,ProbabilityEstimation(KernelDensity()),12435,0,-84.43231508453002,1,-85.26381013525544
dpctgan,ProbabilityEstimation(KernelDensity()),12435,1,-84.61353896210096,1,-85.26381013525544
dpctgan,ProbabilityEstimation(KernelDensity()),12435,0,-84.76983337051888,1,-85.26381013525544
dpctgan,ProbabilityEstimation(KernelDensity()),12435,1,-84.82160329720465,1,-85.26381013525544
dpctgan,ProbabilityEstimation(KernelDensity()),12435,0,-85.47769389476171,0,-85.26381013525544
dpctgan,ProbabilityEstimation(KernelDensity()),12435,1,-84.71493208125088,1,-85.26381013525544
dpctgan,ProbabilityEstimation(KernelDensity()),12435,0,-85.08874076594041,1,-85.26381013525544
dpctgan,ProbabilityEstimation(KernelDensity()),12435,1,-84.67643726038604,1,-85.26381013525544
dpctgan,ProbabilityEstimation(KernelDensity()),12435,0,-85.37261848757477,0,-85.26381013525544
dpctgan,ProbabilityEstimation(KernelDensity()),12435,1,-84.38083211710845,1,-85.26381013525544
dpctgan,ProbabilityEstimation(KernelDensity()),12435,0,-85.27323442119437,0,-85.26381013525544
dpctgan,ProbabilityEstimation(KernelDensity()),12435,1,-85.24627149476257,1,-85.26381013525544
dpctgan,ProbabilityEstimation(KernelDensity()),12435,0,-85.3709786692136,0,-85.26381013525544
dpctgan,ProbabilityEstimation(KernelDensity()),12435,1,-84.22077468850614,1,-85.26381013525544
dpctgan,ProbabilityEstimation(KernelDensity()),12435,0,-84.83227970892385,1,-85.26381013525544
dpctgan,ProbabilityEstimation(KernelDensity()),12435,1,-84.7040779342142,1,-85.26381013525544
dpctgan,ProbabilityEstimation(KernelDensity()),12435,0,-84.69907302339404,1,-85.26381013525544
dpctgan,ProbabilityEstimation(KernelDensity()),12435,1,-84.2438826757994,1,-85.26381013525544
dpctgan,ProbabilityEstimation(KernelDensity()),12435,0,-85.47426351054841,0,-85.26381013525544
dpctgan,ProbabilityEstimation(KernelDensity()),12435,1,-84.43821882292815,1,-85.26381013525544
dpctgan,ProbabilityEstimation(KernelDensity()),12435,0,-84.77958697320122,1,-85.26381013525544
dpctgan,ProbabilityEstimation(KernelDensity()),12435,1,-84.9474678260067,1,-85.26381013525544
dpctgan,ProbabilityEstimation(KernelDensity()),12435,0,-84.69014179361216,1,-85.26381013525544
dpctgan,ProbabilityEstimation(KernelDensity()),12435,1,-84.8696117439904,1,-85.26381013525544
dpctgan,ProbabilityEstimation(KernelDensity()),12435,0,-85.41977703610797,0,-85.26381013525544
dpctgan,ProbabilityEstimation(KernelDensity()),12435,1,-84.73908735683366,1,-85.26381013525544
dpctgan,ProbabilityEstimation(KernelDensity()),12435,0,-85.33454498076482,0,-85.26381013525544
dpctgan,ProbabilityEstimation(KernelDensity()),12435,1,-84.68388082685838,1,-85.26381013525544
dpctgan,ProbabilityEstimation(KernelDensity()),12435,0,-84.54757839443182,1,-85.26381013525544
dpctgan,ProbabilityEstimation(KernelDensity()),12435,1,-84.35767432851804,1,-85.26381013525544
dpctgan,ProbabilityEstimation(KernelDensity()),12435,0,-84.88879045552322,1,-85.26381013525544
dpctgan,ProbabilityEstimation(KernelDensity()),12435,1,-84.65714926418914,1,-85.26381013525544
dpctgan,ProbabilityEstimation(KernelDensity()),12435,0,-84.95823664601771,1,-85.26381013525544
dpctgan,ProbabilityEstimation(KernelDensity()),12435,1,-84.84057575487765,1,-85.26381013525544
dpctgan,ProbabilityEstimation(KernelDensity()),12435,0,-84.30073256336125,1,-85.26381013525544
dpctgan,ProbabilityEstimation(KernelDensity()),12435,1,-84.78329179558287,1,-85.26381013525544
dpctgan,ProbabilityEstimation(KernelDensity()),12435,0,-85.08679051714986,1,-85.26381013525544
dpctgan,ProbabilityEstimation(KernelDensity()),12435,1,-84.75558508212026,1,-85.26381013525544
dpctgan,ProbabilityEstimation(KernelDensity()),12435,0,-85.03846650119627,1,-85.26381013525544
dpctgan,"ClosestDistance(L_2, accuracy)",12435,1,-1.425286810656701,1,-1.4574036068269993
dpctgan,"ClosestDistance(L_2, accuracy)",12435,0,-1.432725858368445,1,-1.4574036068269993
dpctgan,"ClosestDistance(L_2, accuracy)",12435,1,-1.425447807489331,1,-1.4574036068269993
dpctgan,"ClosestDistance(L_2, accuracy)",12435,0,-1.4401021903935616,1,-1.4574036068269993
dpctgan,"ClosestDistance(L_2, accuracy)",12435,1,-1.4202198765179248,1,-1.4574036068269993
dpctgan,"ClosestDistance(L_2, accuracy)",12435,0,-1.4309132420144444,1,-1.4574036068269993
dpctgan,"ClosestDistance(L_2, accuracy)",12435,1,-1.4254100148400812,1,-1.4574036068269993
dpctgan,"ClosestDistance(L_2, accuracy)",12435,0,-1.4585433685871596,0,-1.4574036068269993
dpctgan,"ClosestDistance(L_2, accuracy)",12435,1,-1.4212489825737558,1,-1.4574036068269993
dpctgan,"ClosestDistance(L_2, accuracy)",12435,0,-1.4347296900451119,1,-1.4574036068269993
dpctgan,"ClosestDistance(L_2, accuracy)",12435,1,-1.4417981525492918,1,-1.4574036068269993
dpctgan,"ClosestDistance(L_2, accuracy)",12435,0,-1.4406288808951047,1,-1.4574036068269993
dpctgan,"ClosestDistance(L_2, accuracy)",12435,1,-1.420474062589366,1,-1.4574036068269993
dpctgan,"ClosestDistance(L_2, accuracy)",12435,0,-1.428692278616706,1,-1.4574036068269993
dpctgan,"ClosestDistance(L_2, accuracy)",12435,1,-1.4381254475874266,1,-1.4574036068269993
dpctgan,"ClosestDistance(L_2, accuracy)",12435,0,-1.4425170495362727,1,-1.4574036068269993
dpctgan,"ClosestDistance(L_2, accuracy)",12435,1,-1.4347899223015341,1,-1.4574036068269993
dpctgan,"ClosestDistance(L_2, accuracy)",12435,0,-1.4386107585056627,1,-1.4574036068269993
dpctgan,"ClosestDistance(L_2, accuracy)",12435,1,-1.4233756524447552,1,-1.4574036068269993
dpctgan,"ClosestDistance(L_2, accuracy)",12435,0,-1.4790123817187897,0,-1.4574036068269993
dpctgan,"ClosestDistance(L_2, accuracy)",12435,1,-1.425795551054561,1,-1.4574036068269993
dpctgan,"ClosestDistance(L_2, accuracy)",12435,0,-1.4462674677408294,1,-1.4574036068269993
dpctgan,"ClosestDistance(L_2, accuracy)",12435,1,-1.4370595956029877,1,-1.4574036068269993
dpctgan,"ClosestDistance(L_2, accuracy)",12435,0,-1.42264631180813,1,-1.4574036068269993
dpctgan,"ClosestDistance(L_2, accuracy)",12435,1,-1.422844002786785,1,-1.4574036068269993
dpctgan,"ClosestDistance(L_2, accuracy)",12435,0,-1.4315572601220707,1,-1.4574036068269993
dpctgan,"ClosestDistance(L_2, accuracy)",12435,1,-1.4362597140581674,1,-1.4574036068269993
dpctgan,"ClosestDistance(L_2, accuracy)",12435,0,-1.4240879739853725,1,-1.4574036068269993
dpctgan,"ClosestDistance(L_2, accuracy)",12435,1,-1.4295536075486606,1,-1.4574036068269993
dpctgan,"ClosestDistance(L_2, accuracy)",12435,0,-1.4603496245419256,0,-1.4574036068269993
dpctgan,"ClosestDistance(L_2, accuracy)",12435,1,-1.4411878105531009,1,-1.4574036068269993
dpctgan,"ClosestDistance(L_2, accuracy)",12435,0,-1.4523371073817657,1,-1.4574036068269993
dpctgan,"ClosestDistance(L_2, accuracy)",12435,1,-1.4407634433532004,1,-1.4574036068269993
dpctgan,"ClosestDistance(L_2, accuracy)",12435,0,-1.4185489289279751,1,-1.4574036068269993
dpctgan,"ClosestDistance(L_2, accuracy)",12435,1,-1.4191859777542704,1,-1.4574036068269993
dpctgan,"ClosestDistance(L_2, accuracy)",12435,0,-1.4240665589163015,1,-1.4574036068269993
dpctgan,"ClosestDistance(L_2, accuracy)",12435,1,-1.438004367836398,1,-1.4574036068269993
dpctgan,"ClosestDistance(L_2, accuracy)",12435,0,-1.4608960382158522,0,-1.4574036068269993
dpctgan,"ClosestDistance(L_2, accuracy)",12435,1,-1.4201985410730051,1,-1.4574036068269993
dpctgan,"ClosestDistance(L_2, accuracy)",12435,0,-1.4342628372235087,1,-1.4574036068269993
dpctgan,"ClosestDistance(L_2, accuracy)",12435,1,-1.4623995117371236,0,-1.4574036068269993
dpctgan,"ClosestDistance(L_2, accuracy)",12435,0,-1.479472638899022,0,-1.4574036068269993
dpctgan,"ClosestDistance(L_2, accuracy)",12435,1,-1.4339623834545225,1,-1.4574036068269993
dpctgan,"ClosestDistance(L_2, accuracy)",12435,0,-1.4209587064913127,1,-1.4574036068269993
dpctgan,"ClosestDistance(L_2, accuracy)",12435,1,-1.4567211850705464,1,-1.4574036068269993
dpctgan,"ClosestDistance(L_2, accuracy)",12435,0,-1.4367296814597572,1,-1.4574036068269993
dpctgan,"ClosestDistance(L_2, accuracy)",12435,1,-1.4552397720058305,1,-1.4574036068269993
dpctgan,"ClosestDistance(L_2, accuracy)",12435,0,-1.428495294423922,1,-1.4574036068269993
dpctgan,"ClosestDistance(L_2, accuracy)",12435,1,-1.430221236599303,1,-1.4574036068269993
dpctgan,"ClosestDistance(L_2, accuracy)",12435,0,-1.5465204174686416,0,-1.4574036068269993
dpctgan,"ClosestDistance(L_2, accuracy)",12435,1,-1.4206639217935384,1,-1.4574036068269993
dpctgan,"ClosestDistance(L_2, accuracy)",12435,0,-1.4312195051512109,1,-1.4574036068269993
dpctgan,"ClosestDistance(L_2, accuracy)",12435,1,-1.4492392933541236,1,-1.4574036068269993
dpctgan,"ClosestDistance(L_2, accuracy)",12435,0,-2.0052910365573613,0,-1.4574036068269993
dpctgan,"ClosestDistance(L_2, accuracy)",12435,1,-1.4256774539768053,1,-1.4574036068269993
dpctgan,"ClosestDistance(L_2, accuracy)",12435,0,-1.4810438556315444,0,-1.4574036068269993
dpctgan,"ClosestDistance(L_2, accuracy)",12435,1,-1.4391883578735003,1,-1.4574036068269993
dpctgan,"ClosestDistance(L_2, accuracy)",12435,0,-1.4338069686411972,1,-1.4574036068269993
dpctgan,"ClosestDistance(L_2, accuracy)",12435,1,-2.008574630212801,0,-1.4574036068269993
dpctgan,"ClosestDistance(L_2, accuracy)",12435,0,-1.44071181303557,1,-1.4574036068269993
dpctgan,"ClosestDistance(L_2, accuracy)",12435,1,-1.4194707848701495,1,-1.4574036068269993
dpctgan,"ClosestDistance(L_2, accuracy)",12435,0,-1.4916827830720134,0,-1.4574036068269993
dpctgan,"ClosestDistance(L_2, accuracy)",12435,1,-1.4674319577972623,0,-1.4574036068269993
dpctgan,"ClosestDistance(L_2, accuracy)",12435,0,-0.4604784719722892,1,-1.4574036068269993
dpctgan,"ClosestDistance(L_2, accuracy)",12435,1,-1.4275448381521354,1,-1.4574036068269993
dpctgan,"ClosestDistance(L_2, accuracy)",12435,0,-1.4433175349946774,1,-1.4574036068269993
dpctgan,"ClosestDistance(L_2, accuracy)",12435,1,-2.0120618809279858,0,-1.4574036068269993
dpctgan,"ClosestDistance(L_2, accuracy)",12435,0,-1.4169849592244856,1,-1.4574036068269993
dpctgan,"ClosestDistance(L_2, accuracy)",12435,1,-1.4305923474927988,1,-1.4574036068269993
dpctgan,"ClosestDistance(L_2, accuracy)",12435,0,-1.4291755377816078,1,-1.4574036068269993
dpctgan,"ClosestDistance(L_2, accuracy)",12435,1,-1.427571132064043,1,-1.4574036068269993
dpctgan,"ClosestDistance(L_2, accuracy)",12435,0,-2.010856332643059,0,-1.4574036068269993
dpctgan,"ClosestDistance(L_2, accuracy)",12435,1,-1.4163454467995082,1,-1.4574036068269993
dpctgan,"ClosestDistance(L_2, accuracy)",12435,0,-1.4145398247838117,1,-1.4574036068269993
dpctgan,"ClosestDistance(L_2, accuracy)",12435,1,-1.4456890227785755,1,-1.4574036068269993
dpctgan,"ClosestDistance(L_2, accuracy)",12435,0,-1.4709631975370001,0,-1.4574036068269993
dpctgan,"ClosestDistance(L_2, accuracy)",12435,1,-1.428296400994157,1,-1.4574036068269993
dpctgan,"ClosestDistance(L_2, accuracy)",12435,0,-1.4458083456296311,1,-1.4574036068269993
dpctgan,"ClosestDistance(L_2, accuracy)",12435,1,-1.4220897878883803,1,-1.4574036068269993
dpctgan,"ClosestDistance(L_2, accuracy)",12435,0,-1.4302973398942302,1,-1.4574036068269993
dpctgan,"ClosestDistance(L_2, accuracy)",12435,1,-1.4218908384297158,1,-1.4574036068269993
dpctgan,"ClosestDistance(L_2, accuracy)",12435,0,-1.4221154606458102,1,-1.4574036068269993
dpctgan,"ClosestDistance(L_2, accuracy)",12435,1,-1.4230668059421383,1,-1.4574036068269993
dpctgan,"ClosestDistance(L_2, accuracy)",12435,0,-1.4581424603453932,0,-1.4574036068269993
dpctgan,"ClosestDistance(L_2, accuracy)",12435,1,-1.4253348322841077,1,-1.4574036068269993
dpctgan,"ClosestDistance(L_2, accuracy)",12435,0,-1.4352318054519375,1,-1.4574036068269993
dpctgan,"ClosestDistance(L_2, accuracy)",12435,1,-1.454929380224448,1,-1.4574036068269993
dpctgan,"ClosestDistance(L_2, accuracy)",12435,0,-1.4284473604266603,1,-1.4574036068269993
dpctgan,"ClosestDistance(L_2, accuracy)",12435,1,-1.4221808855964446,1,-1.4574036068269993
dpctgan,"ClosestDistance(L_2, accuracy)",12435,0,-1.4311066460503965,1,-1.4574036068269993
dpctgan,"ClosestDistance(L_2, accuracy)",12435,1,-1.4168957235226853,1,-1.4574036068269993
dpctgan,"ClosestDistance(L_2, accuracy)",12435,0,-1.4327172323272972,1,-1.4574036068269993
dpctgan,"ClosestDistance(L_2, accuracy)",12435,1,-1.4398195503378288,1,-1.4574036068269993
dpctgan,"ClosestDistance(L_2, accuracy)",12435,0,-1.4595823403771684,0,-1.4574036068269993
dpctgan,"ClosestDistance(L_2, accuracy)",12435,1,-1.4862038879331858,0,-1.4574036068269993
dpctgan,"ClosestDistance(L_2, accuracy)",12435,0,-1.418312741932028,1,-1.4574036068269993
dpctgan,"ClosestDistance(L_2, accuracy)",12435,1,-1.4176342594331275,1,-1.4574036068269993
dpctgan,"ClosestDistance(L_2, accuracy)",12435,0,-1.4299026859080721,1,-1.4574036068269993
dpctgan,"ClosestDistance(L_2, accuracy)",12435,1,-0.3762461813649469,1,-1.4574036068269993
dpctgan,"ClosestDistance(L_2, accuracy)",12435,0,-1.4265458979544545,1,-1.4574036068269993
dpctgan,"ClosestDistance(L_2, accuracy)",12435,1,-2.011893532883629,0,-1.4574036068269993
dpctgan,"ClosestDistance(L_2, accuracy)",12435,0,-1.4761857988507598,0,-1.4574036068269993
dpctgan,"ClosestDistance(L_2, accuracy)",12435,1,-1.4233841138377175,1,-1.4574036068269993
dpctgan,"ClosestDistance(L_2, accuracy)",12435,0,-1.4419697719367783,1,-1.4574036068269993
dpctgan,"ClosestDistance(L_2, accuracy)",12435,1,-1.4450180508176629,1,-1.4574036068269993
dpctgan,"ClosestDistance(L_2, accuracy)",12435,0,-1.4328828615209277,1,-1.4574036068269993
dpctgan,"ClosestDistance(L_2, accuracy)",12435,1,-1.423056437723333,1,-1.4574036068269993
dpctgan,"ClosestDistance(L_2, accuracy)",12435,0,-1.4291986044334475,1,-1.4574036068269993
dpctgan,"ClosestDistance(L_2, accuracy)",12435,1,-1.4351332672655366,1,-1.4574036068269993
dpctgan,"ClosestDistance(L_2, accuracy)",12435,0,-1.452924078684389,1,-1.4574036068269993
dpctgan,"ClosestDistance(L_2, accuracy)",12435,1,-1.4569825512361378,1,-1.4574036068269993
dpctgan,"ClosestDistance(L_2, accuracy)",12435,0,-1.4192617796151656,1,-1.4574036068269993
dpctgan,"ClosestDistance(L_2, accuracy)",12435,1,-1.4565679309330157,1,-1.4574036068269993
dpctgan,"ClosestDistance(L_2, accuracy)",12435,0,-1.5415703092028636,0,-1.4574036068269993
dpctgan,"ClosestDistance(L_2, accuracy)",12435,1,-1.428138040131422,1,-1.4574036068269993
dpctgan,"ClosestDistance(L_2, accuracy)",12435,0,-1.4399922319948728,1,-1.4574036068269993
dpctgan,"ClosestDistance(L_2, accuracy)",12435,1,-1.4199685025267141,1,-1.4574036068269993
dpctgan,"ClosestDistance(L_2, accuracy)",12435,0,-1.418310349047108,1,-1.4574036068269993
dpctgan,"ClosestDistance(L_2, accuracy)",12435,1,-1.4474492841836983,1,-1.4574036068269993
dpctgan,"ClosestDistance(L_2, accuracy)",12435,0,-1.4199666842534604,1,-1.4574036068269993
dpctgan,"ClosestDistance(L_2, accuracy)",12435,1,-1.4375425605849939,1,-1.4574036068269993
dpctgan,"ClosestDistance(L_2, accuracy)",12435,0,-1.4251484958373757,1,-1.4574036068269993
dpctgan,"ClosestDistance(L_2, accuracy)",12435,1,-1.4170351484639396,1,-1.4574036068269993
dpctgan,"ClosestDistance(L_2, accuracy)",12435,0,-1.4156709677234813,1,-1.4574036068269993
dpctgan,"ClosestDistance(L_2, accuracy)",12435,1,-1.4320923206786642,1,-1.4574036068269993
dpctgan,"ClosestDistance(L_2, accuracy)",12435,0,-1.4348907964861322,1,-1.4574036068269993
dpctgan,"ClosestDistance(L_2, accuracy)",12435,1,-1.4215023877682016,1,-1.4574036068269993
dpctgan,"ClosestDistance(L_2, accuracy)",12435,0,-1.4410732278955634,1,-1.4574036068269993
dpctgan,"ClosestDistance(L_2, accuracy)",12435,1,-1.4536180609688871,1,-1.4574036068269993
dpctgan,"ClosestDistance(L_2, accuracy)",12435,0,-2.001039948655033,0,-1.4574036068269993
dpctgan,"ClosestDistance(L_2, accuracy)",12435,1,-1.4832299647950908,0,-1.4574036068269993
dpctgan,"ClosestDistance(L_2, accuracy)",12435,0,-1.477477845185672,0,-1.4574036068269993
dpctgan,"ClosestDistance(L_2, accuracy)",12435,1,-1.500091286835803,0,-1.4574036068269993
dpctgan,"ClosestDistance(L_2, accuracy)",12435,0,-1.4487374456014914,1,-1.4574036068269993
dpctgan,"ClosestDistance(L_2, accuracy)",12435,1,-1.456102468544409,1,-1.4574036068269993
dpctgan,"ClosestDistance(L_2, accuracy)",12435,0,-1.4865961456146557,0,-1.4574036068269993
dpctgan,"ClosestDistance(L_2, accuracy)",12435,1,-1.42025673799395,1,-1.4574036068269993
dpctgan,"ClosestDistance(L_2, accuracy)",12435,0,-1.4199507850858801,1,-1.4574036068269993
dpctgan,"ClosestDistance(L_2, accuracy)",12435,1,-1.4270634224264858,1,-1.4574036068269993
dpctgan,"ClosestDistance(L_2, accuracy)",12435,0,-1.4378194084036606,1,-1.4574036068269993
dpctgan,"ClosestDistance(L_2, accuracy)",12435,1,-1.4274878466364664,1,-1.4574036068269993
dpctgan,"ClosestDistance(L_2, accuracy)",12435,0,-1.4374073391567188,1,-1.4574036068269993
dpctgan,"ClosestDistance(L_2, accuracy)",12435,1,-1.4428514411453097,1,-1.4574036068269993
dpctgan,"ClosestDistance(L_2, accuracy)",12435,0,-1.419458571345737,1,-1.4574036068269993
dpctgan,"ClosestDistance(L_2, accuracy)",12435,1,-0.6896518080569752,1,-1.4574036068269993
dpctgan,"ClosestDistance(L_2, accuracy)",12435,0,-1.4513617364544342,1,-1.4574036068269993
dpctgan,"ClosestDistance(L_2, accuracy)",12435,1,-1.4326115978745624,1,-1.4574036068269993
dpctgan,"ClosestDistance(L_2, accuracy)",12435,0,-1.4191664139399778,1,-1.4574036068269993
dpctgan,"ClosestDistance(L_2, accuracy)",12435,1,-1.4354477466281057,1,-1.4574036068269993
dpctgan,"ClosestDistance(L_2, accuracy)",12435,0,-1.4671190413955681,0,-1.4574036068269993
dpctgan,"ClosestDistance(L_2, accuracy)",12435,1,-1.4223873216616258,1,-1.4574036068269993
dpctgan,"ClosestDistance(L_2, accuracy)",12435,0,-1.422158362493616,1,-1.4574036068269993
dpctgan,"ClosestDistance(L_2, accuracy)",12435,1,-1.4197135756340837,1,-1.4574036068269993
dpctgan,"ClosestDistance(L_2, accuracy)",12435,0,-1.4396374783688832,1,-1.4574036068269993
dpctgan,"ClosestDistance(L_2, accuracy)",12435,1,-1.423866858409062,1,-1.4574036068269993
dpctgan,"ClosestDistance(L_2, accuracy)",12435,0,-1.4348992705683794,1,-1.4574036068269993
dpctgan,"ClosestDistance(L_2, accuracy)",12435,1,-1.4643062792489843,0,-1.4574036068269993
dpctgan,"ClosestDistance(L_2, accuracy)",12435,0,-1.4440696809172853,1,-1.4574036068269993
dpctgan,"ClosestDistance(L_2, accuracy)",12435,1,-1.4220737758652204,1,-1.4574036068269993
dpctgan,"ClosestDistance(L_2, accuracy)",12435,0,-1.462641180912607,0,-1.4574036068269993
dpctgan,"ClosestDistance(L_2, accuracy)",12435,1,-1.4224982149204086,1,-1.4574036068269993
dpctgan,"ClosestDistance(L_2, accuracy)",12435,0,-1.434577911680851,1,-1.4574036068269993
dpctgan,"ClosestDistance(L_2, accuracy)",12435,1,-0.2665244364758353,1,-1.4574036068269993
dpctgan,"ClosestDistance(L_2, accuracy)",12435,0,-1.4427643818267248,1,-1.4574036068269993
dpctgan,"ClosestDistance(L_2, accuracy)",12435,1,-1.4298686682181616,1,-1.4574036068269993
dpctgan,"ClosestDistance(L_2, accuracy)",12435,0,-1.4157981436611282,1,-1.4574036068269993
dpctgan,"ClosestDistance(L_2, accuracy)",12435,1,-1.43239079724585,1,-1.4574036068269993
dpctgan,"ClosestDistance(L_2, accuracy)",12435,0,-1.4567996963691563,1,-1.4574036068269993
dpctgan,"ClosestDistance(L_2, accuracy)",12435,1,-1.4226510807032509,1,-1.4574036068269993
dpctgan,"ClosestDistance(L_2, accuracy)",12435,0,-1.4239889556054142,1,-1.4574036068269993
dpctgan,"ClosestDistance(L_2, accuracy)",12435,1,-1.4264706626837635,1,-1.4574036068269993
dpctgan,"ClosestDistance(L_2, accuracy)",12435,0,-1.4363457319215251,1,-1.4574036068269993
dpctgan,"ClosestDistance(L_2, accuracy)",12435,1,-1.4362751984242024,1,-1.4574036068269993
dpctgan,"ClosestDistance(L_2, accuracy)",12435,0,-1.4628061795541347,0,-1.4574036068269993
dpctgan,"ClosestDistance(L_2, accuracy)",12435,1,-1.4771001211800985,0,-1.4574036068269993
dpctgan,"ClosestDistance(L_2, accuracy)",12435,0,-1.4196719786034613,1,-1.4574036068269993
dpctgan,"ClosestDistance(L_2, accuracy)",12435,1,-1.4177861661902496,1,-1.4574036068269993
dpctgan,"ClosestDistance(L_2, accuracy)",12435,0,-1.4488479688323612,1,-1.4574036068269993
dpctgan,"ClosestDistance(L_2, accuracy)",12435,1,-1.4255283673874828,1,-1.4574036068269993
dpctgan,"ClosestDistance(L_2, accuracy)",12435,0,-1.4458997373938731,1,-1.4574036068269993
dpctgan,"ClosestDistance(L_2, accuracy)",12435,1,-1.4281734107629178,1,-1.4574036068269993
dpctgan,"ClosestDistance(L_2, accuracy)",12435,0,-1.4604338780051935,0,-1.4574036068269993
dpctgan,"ClosestDistance(L_2, accuracy)",12435,1,-1.42116883074278,1,-1.4574036068269993
dpctgan,"ClosestDistance(L_2, accuracy)",12435,0,-1.4172873558863615,1,-1.4574036068269993
dpctgan,"ClosestDistance(L_2, accuracy)",12435,1,-1.4185515456681466,1,-1.4574036068269993
dpctgan,"ClosestDistance(L_2, accuracy)",12435,0,-1.4376315410017015,1,-1.4574036068269993
dpctgan,"ClosestDistance(L_2, accuracy)",12435,1,-1.4340122692691744,1,-1.4574036068269993
dpctgan,"ClosestDistance(L_2, accuracy)",12435,0,-1.495961556539723,0,-1.4574036068269993
dpctgan,"ClosestDistance(L_2, accuracy)",12435,1,-2.0062442848204576,0,-1.4574036068269993
dpctgan,"ClosestDistance(L_2, accuracy)",12435,0,-1.4511011356364552,1,-1.4574036068269993
dpctgan,"ClosestDistance(L_2, accuracy)",12435,1,-1.4262231119903586,1,-1.4574036068269993
dpctgan,"ClosestDistance(L_2, accuracy)",12435,0,-1.4272625026491526,1,-1.4574036068269993
dpctgan,"ClosestDistance(L_2, accuracy)",12435,1,-1.438646849588937,1,-1.4574036068269993
dpctgan,"ClosestDistance(L_2, accuracy)",12435,0,-1.4453226604412188,1,-1.4574036068269993
dpctgan,"ClosestDistance(L_2, accuracy)",12435,1,-1.4558707489018121,1,-1.4574036068269993
dpctgan,"ClosestDistance(L_2, accuracy)",12435,0,-1.4260667966968983,1,-1.4574036068269993
dpctgan,"ClosestDistance(L_2, accuracy)",12435,1,-1.418711904690448,1,-1.4574036068269993
dpctgan,"ClosestDistance(L_2, accuracy)",12435,0,-1.4225777845717107,1,-1.4574036068269993
dpctgan,"ClosestDistance(L_2, accuracy)",12435,1,-1.4200524503325709,1,-1.4574036068269993
dpctgan,"ClosestDistance(L_2, accuracy)",12435,0,-1.417222391458765,1,-1.4574036068269993
dpctgan,"ClosestDistance(L_2, accuracy)",12435,1,-1.4250212609307085,1,-1.4574036068269993
dpctgan,"ClosestDistance(L_2, accuracy)",12435,0,-1.415012549254438,1,-1.4574036068269993
dpctgan,"ClosestDistance(L_2, accuracy)",12435,1,-1.434987644206493,1,-1.4574036068269993
dpctgan,"ClosestDistance(L_2, accuracy)",12435,0,-1.4228519218476106,1,-1.4574036068269993
dpctgan,"ClosestDistance(L_2, accuracy)",12435,1,-1.4291868292635521,1,-1.4574036068269993
dpctgan,"ClosestDistance(L_2, accuracy)",12435,0,-1.4190402158023943,1,-1.4574036068269993
dpctgan,"ClosestDistance(L_2, accuracy)",12435,1,-1.447049151317702,1,-1.4574036068269993
dpctgan,"ClosestDistance(L_2, accuracy)",12435,0,-1.425801695140851,1,-1.4574036068269993
dpctgan,"ClosestDistance(L_2, accuracy)",12435,1,-1.4361243424554642,1,-1.4574036068269993
dpctgan,"ClosestDistance(L_2, accuracy)",12435,0,-2.0166454387097237,0,-1.4574036068269993
dpctgan,"ClosestDistance(L_2, accuracy)",12435,1,-1.420819408108042,1,-1.4574036068269993
dpctgan,"ClosestDistance(L_2, accuracy)",12435,0,-1.415753558084069,1,-1.4574036068269993
dpctgan,"ClosestDistance(L_2, accuracy)",12435,1,-1.4149626761839917,1,-1.4574036068269993
dpctgan,"ClosestDistance(L_2, accuracy)",12435,0,-1.420515790288559,1,-1.4574036068269993
dpctgan,"ClosestDistance(L_2, accuracy)",12435,1,-1.4233854925959797,1,-1.4574036068269993
dpctgan,"ClosestDistance(L_2, accuracy)",12435,0,-1.4451947609324498,1,-1.4574036068269993
dpctgan,"ClosestDistance(L_2, accuracy)",12435,1,-1.4170651301469284,1,-1.4574036068269993
dpctgan,"ClosestDistance(L_2, accuracy)",12435,0,-1.4328076090463624,1,-1.4574036068269993
dpctgan,"ClosestDistance(L_2, accuracy)",12435,1,-1.4237711187127498,1,-1.4574036068269993
dpctgan,"ClosestDistance(L_2, accuracy)",12435,0,-1.4215528757328983,1,-1.4574036068269993
dpctgan,"ClosestDistance(L_2, accuracy)",12435,1,-1.4204612480039958,1,-1.4574036068269993
dpctgan,"ClosestDistance(L_2, accuracy)",12435,0,-1.428536772818373,1,-1.4574036068269993
dpctgan,"ClosestDistance(L_2, accuracy)",12435,1,-1.4246507171154539,1,-1.4574036068269993
dpctgan,"ClosestDistance(L_2, accuracy)",12435,0,-1.4148184891211786,1,-1.4574036068269993
dpctgan,"ClosestDistance(L_2, accuracy)",12435,1,-1.4296291151490488,1,-1.4574036068269993
dpctgan,"ClosestDistance(L_2, accuracy)",12435,0,-1.4144179992191588,1,-1.4574036068269993
dpctgan,"ClosestDistance(L_2, accuracy)",12435,1,-1.4446086653913572,1,-1.4574036068269993
dpctgan,"ClosestDistance(L_2, accuracy)",12435,0,-1.447244775059325,1,-1.4574036068269993
dpctgan,"ClosestDistance(L_2, accuracy)",12435,1,-1.4202089532034343,1,-1.4574036068269993
dpctgan,"ClosestDistance(L_2, accuracy)",12435,0,-1.428554258704276,1,-1.4574036068269993
dpctgan,"ClosestDistance(L_2, accuracy)",12435,1,-1.4389380821392925,1,-1.4574036068269993
dpctgan,"ClosestDistance(L_2, accuracy)",12435,0,-1.4236986754143997,1,-1.4574036068269993
dpctgan,"ClosestDistance(L_2, accuracy)",12435,1,-1.4619428987119343,0,-1.4574036068269993
dpctgan,"ClosestDistance(L_2, accuracy)",12435,0,-1.4177165088690402,1,-1.4574036068269993
dpctgan,"ClosestDistance(L_2, accuracy)",12435,1,-1.4336897257076944,1,-1.4574036068269993
dpctgan,"ClosestDistance(L_2, accuracy)",12435,0,-1.4302526163777387,1,-1.4574036068269993
dpctgan,"ClosestDistance(L_2, accuracy)",12435,1,-0.2797913694721533,1,-1.4574036068269993
dpctgan,"ClosestDistance(L_2, accuracy)",12435,0,-1.4221416573101575,1,-1.4574036068269993
dpctgan,"ClosestDistance(L_2, accuracy)",12435,1,-1.4243840502696632,1,-1.4574036068269993
dpctgan,"ClosestDistance(L_2, accuracy)",12435,0,-1.4352527331306613,1,-1.4574036068269993
dpctgan,"ClosestDistance(L_2, accuracy)",12435,1,-1.4541104010352495,1,-1.4574036068269993
dpctgan,"ClosestDistance(L_2, accuracy)",12435,0,-1.4443690143719805,1,-1.4574036068269993
dpctgan,"ClosestDistance(L_2, accuracy)",12435,1,-1.4578986759427006,0,-1.4574036068269993
dpctgan,"ClosestDistance(L_2, accuracy)",12435,0,-1.4617650762929646,0,-1.4574036068269993
dpctgan,"ClosestDistance(L_2, accuracy)",12435,1,-1.459025494521873,0,-1.4574036068269993
dpctgan,"ClosestDistance(L_2, accuracy)",12435,0,-1.433214538619425,1,-1.4574036068269993
dpctgan,"ClosestDistance(L_2, accuracy)",12435,1,-1.4180816810764096,1,-1.4574036068269993
dpctgan,"ClosestDistance(L_2, accuracy)",12435,0,-1.4680875876444295,0,-1.4574036068269993
dpctgan,"ClosestDistance(L_2, accuracy)",12435,1,-1.4401598345244766,1,-1.4574036068269993
dpctgan,"ClosestDistance(L_2, accuracy)",12435,0,-1.4398162865564108,1,-1.4574036068269993
dpctgan,"ClosestDistance(L_2, accuracy)",12435,1,-1.4303281117376996,1,-1.4574036068269993
dpctgan,"ClosestDistance(L_2, accuracy)",12435,0,-1.4421907389694246,1,-1.4574036068269993
dpctgan,"ClosestDistance(L_2, accuracy)",12435,1,-1.4324842528991646,1,-1.4574036068269993
dpctgan,"ClosestDistance(L_2, accuracy)",12435,0,-2.014972903927741,0,-1.4574036068269993
dpctgan,"ClosestDistance(L_2, accuracy)",12435,1,-1.462459138658837,0,-1.4574036068269993
dpctgan,"ClosestDistance(L_2, accuracy)",12435,0,-1.435061778403989,1,-1.4574036068269993
dpctgan,"ClosestDistance(L_2, accuracy)",12435,1,-1.471478317346064,0,-1.4574036068269993
dpctgan,"ClosestDistance(L_2, accuracy)",12435,0,-1.4334347766918865,1,-1.4574036068269993
dpctgan,"ClosestDistance(L_2, accuracy)",12435,1,-1.430226211260742,1,-1.4574036068269993
dpctgan,"ClosestDistance(L_2, accuracy)",12435,0,-1.4234725326572137,1,-1.4574036068269993
dpctgan,"ClosestDistance(L_2, accuracy)",12435,1,-1.4386896267620801,1,-1.4574036068269993
dpctgan,"ClosestDistance(L_2, accuracy)",12435,0,-1.4318210970638983,1,-1.4574036068269993
dpctgan,"ClosestDistance(L_2, accuracy)",12435,1,-1.464115430104049,0,-1.4574036068269993
dpctgan,"ClosestDistance(L_2, accuracy)",12435,0,-1.435771412304369,1,-1.4574036068269993
dpctgan,"ClosestDistance(L_2, accuracy)",12435,1,-1.4434086017679535,1,-1.4574036068269993
dpctgan,"ClosestDistance(L_2, accuracy)",12435,0,-1.453273351319177,1,-1.4574036068269993
dpctgan,"ClosestDistance(L_2, accuracy)",12435,1,-1.4197542280604043,1,-1.4574036068269993
dpctgan,"ClosestDistance(L_2, accuracy)",12435,0,-1.4284308054977373,1,-1.4574036068269993
dpctgan,"ClosestDistance(L_2, accuracy)",12435,1,-0.4158760891059155,1,-1.4574036068269993
dpctgan,"ClosestDistance(L_2, accuracy)",12435,0,-1.4312988012492383,1,-1.4574036068269993
dpctgan,"ClosestDistance(L_2, accuracy)",12435,1,-1.4639418039582766,0,-1.4574036068269993
dpctgan,"ClosestDistance(L_2, accuracy)",12435,0,-1.4463166465460753,1,-1.4574036068269993
dpctgan,"ClosestDistance(L_2, accuracy)",12435,1,-1.4427711408661938,1,-1.4574036068269993
dpctgan,"ClosestDistance(L_2, accuracy)",12435,0,-1.4338590832763722,1,-1.4574036068269993
dpctgan,"ClosestDistance(L_2, accuracy)",12435,1,-1.415584756124163,1,-1.4574036068269993
dpctgan,"ClosestDistance(L_2, accuracy)",12435,0,-0.4714947629766606,1,-1.4574036068269993
dpctgan,"ClosestDistance(L_2, accuracy)",12435,1,-1.4328879551241511,1,-1.4574036068269993
dpctgan,"ClosestDistance(L_2, accuracy)",12435,0,-1.445991045433215,1,-1.4574036068269993
dpctgan,"ClosestDistance(L_2, accuracy)",12435,1,-1.5042638155156605,0,-1.4574036068269993
dpctgan,"ClosestDistance(L_2, accuracy)",12435,0,-2.003957842390263,0,-1.4574036068269993
dpctgan,"ClosestDistance(L_2, accuracy)",12435,1,-1.429715488318702,1,-1.4574036068269993
dpctgan,"ClosestDistance(L_2, accuracy)",12435,0,-0.3164511848981734,1,-1.4574036068269993
dpctgan,"ClosestDistance(L_2, accuracy)",12435,1,-1.4571712593152808,1,-1.4574036068269993
dpctgan,"ClosestDistance(L_2, accuracy)",12435,0,-1.4164587801667392,1,-1.4574036068269993
dpctgan,"ClosestDistance(L_2, accuracy)",12435,1,-1.4314877969512794,1,-1.4574036068269993
dpctgan,"ClosestDistance(L_2, accuracy)",12435,0,-1.42753075180286,1,-1.4574036068269993
dpctgan,"ClosestDistance(L_2, accuracy)",12435,1,-1.438990660576626,1,-1.4574036068269993
dpctgan,"ClosestDistance(L_2, accuracy)",12435,0,-1.4221954967514476,1,-1.4574036068269993
dpctgan,"ClosestDistance(L_2, accuracy)",12435,1,-1.4218641506189222,1,-1.4574036068269993
dpctgan,"ClosestDistance(L_2, accuracy)",12435,0,-1.4214114480784488,1,-1.4574036068269993
dpctgan,"ClosestDistance(L_2, accuracy)",12435,1,-1.4271606315058172,1,-1.4574036068269993
dpctgan,"ClosestDistance(L_2, accuracy)",12435,0,-1.422831852629011,1,-1.4574036068269993
dpctgan,"ClosestDistance(L_2, accuracy)",12435,1,-1.426056406035676,1,-1.4574036068269993
dpctgan,"ClosestDistance(L_2, accuracy)",12435,0,-1.4540820526391507,1,-1.4574036068269993
dpctgan,"ClosestDistance(L_2, accuracy)",12435,1,-1.4402717755876573,1,-1.4574036068269993
dpctgan,"ClosestDistance(L_2, accuracy)",12435,0,-1.4227772850283105,1,-1.4574036068269993
dpctgan,"ClosestDistance(L_2, accuracy)",12435,1,-1.4510679988271231,1,-1.4574036068269993
dpctgan,"ClosestDistance(L_2, accuracy)",12435,0,-1.5083385192384742,0,-1.4574036068269993
dpctgan,"ClosestDistance(L_2, accuracy)",12435,1,-1.43421521754928,1,-1.4574036068269993
dpctgan,"ClosestDistance(L_2, accuracy)",12435,0,-1.4282880950922263,1,-1.4574036068269993
dpctgan,"ClosestDistance(L_2, accuracy)",12435,1,-1.4387255343995804,1,-1.4574036068269993
dpctgan,"ClosestDistance(L_2, accuracy)",12435,0,-1.428610024083166,1,-1.4574036068269993
dpctgan,"ClosestDistance(L_2, accuracy)",12435,1,-1.4318393091573098,1,-1.4574036068269993
dpctgan,"ClosestDistance(L_2, accuracy)",12435,0,-1.4323516152393694,1,-1.4574036068269993
dpctgan,"ClosestDistance(L_2, accuracy)",12435,1,-1.4642609802936868,0,-1.4574036068269993
dpctgan,"ClosestDistance(L_2, accuracy)",12435,0,-1.431742469916704,1,-1.4574036068269993
dpctgan,"ClosestDistance(L_2, accuracy)",12435,1,-1.4618915476719707,0,-1.4574036068269993
dpctgan,"ClosestDistance(L_2, accuracy)",12435,0,-1.4299657178117458,1,-1.4574036068269993
dpctgan,"ClosestDistance(L_2, accuracy)",12435,1,-1.4697350246126764,0,-1.4574036068269993
dpctgan,"ClosestDistance(L_2, accuracy)",12435,0,-1.4170931625165466,1,-1.4574036068269993
dpctgan,"ClosestDistance(L_2, accuracy)",12435,1,-1.4363944649858684,1,-1.4574036068269993
dpctgan,"ClosestDistance(L_2, accuracy)",12435,0,-1.4252052681345355,1,-1.4574036068269993
dpctgan,"ClosestDistance(L_2, accuracy)",12435,1,-1.4246138372516757,1,-1.4574036068269993
dpctgan,"ClosestDistance(L_2, accuracy)",12435,0,-0.43361713951002484,1,-1.4574036068269993
dpctgan,"ClosestDistance(L_2, accuracy)",12435,1,-1.423903912326554,1,-1.4574036068269993
dpctgan,"ClosestDistance(L_2, accuracy)",12435,0,-1.4318753423998327,1,-1.4574036068269993
dpctgan,"ClosestDistance(L_2, accuracy)",12435,1,-1.4376734621593679,1,-1.4574036068269993
dpctgan,"ClosestDistance(L_2, accuracy)",12435,0,-1.4220007659258604,1,-1.4574036068269993
dpctgan,"ClosestDistance(L_2, accuracy)",12435,1,-2.0058083491533387,0,-1.4574036068269993
dpctgan,"ClosestDistance(L_2, accuracy)",12435,0,-2.0154969879832225,0,-1.4574036068269993
dpctgan,"ClosestDistance(L_2, accuracy)",12435,1,-1.4219039395078152,1,-1.4574036068269993
dpctgan,"ClosestDistance(L_2, accuracy)",12435,0,-1.4652744311415775,0,-1.4574036068269993
dpctgan,"ClosestDistance(L_2, accuracy)",12435,1,-1.4479657536685129,1,-1.4574036068269993
dpctgan,"ClosestDistance(L_2, accuracy)",12435,0,-2.010694946756663,0,-1.4574036068269993
dpctgan,"ClosestDistance(L_2, accuracy)",12435,1,-1.4210977697383613,1,-1.4574036068269993
dpctgan,"ClosestDistance(L_2, accuracy)",12435,0,-1.4218689446564514,1,-1.4574036068269993
dpctgan,"ClosestDistance(L_2, accuracy)",12435,1,-1.4448182836567744,1,-1.4574036068269993
dpctgan,"ClosestDistance(L_2, accuracy)",12435,0,-1.4317599620352452,1,-1.4574036068269993
dpctgan,"ClosestDistance(L_2, accuracy)",12435,1,-1.4190587297866706,1,-1.4574036068269993
dpctgan,"ClosestDistance(L_2, accuracy)",12435,0,-1.424552626328472,1,-1.4574036068269993
dpctgan,"ClosestDistance(L_2, accuracy)",12435,1,-1.4284444664871259,1,-1.4574036068269993
dpctgan,"ClosestDistance(L_2, accuracy)",12435,0,-1.4343682843587275,1,-1.4574036068269993
dpctgan,"ClosestDistance(L_2, accuracy)",12435,1,-1.4445657888454344,1,-1.4574036068269993
dpctgan,"ClosestDistance(L_2, accuracy)",12435,0,-1.4274292658323502,1,-1.4574036068269993
dpctgan,"ClosestDistance(L_2, accuracy)",12435,1,-1.4722711614428048,0,-1.4574036068269993
dpctgan,"ClosestDistance(L_2, accuracy)",12435,0,-1.4293561107061281,1,-1.4574036068269993
dpctgan,"ClosestDistance(L_2, accuracy)",12435,1,-1.422018869394338,1,-1.4574036068269993
dpctgan,"ClosestDistance(L_2, accuracy)",12435,0,-1.4256416642509784,1,-1.4574036068269993
dpctgan,"ClosestDistance(L_2, accuracy)",12435,1,-1.4311458291863868,1,-1.4574036068269993
dpctgan,"ClosestDistance(L_2, accuracy)",12435,0,-1.4226220503024176,1,-1.4574036068269993
dpctgan,"ClosestDistance(L_2, accuracy)",12435,1,-1.4206571763605333,1,-1.4574036068269993
dpctgan,"ClosestDistance(L_2, accuracy)",12435,0,-1.4279315660762437,1,-1.4574036068269993
dpctgan,"ClosestDistance(L_2, accuracy)",12435,1,-1.424882404272409,1,-1.4574036068269993
dpctgan,"ClosestDistance(L_2, accuracy)",12435,0,-1.429139916272741,1,-1.4574036068269993
dpctgan,"ClosestDistance(L_2, accuracy)",12435,1,-1.4311407903906268,1,-1.4574036068269993
dpctgan,"ClosestDistance(L_2, accuracy)",12435,0,-1.4341581938689607,1,-1.4574036068269993
dpctgan,"ClosestDistance(L_2, accuracy)",12435,1,-1.415706106921235,1,-1.4574036068269993
dpctgan,"ClosestDistance(L_2, accuracy)",12435,0,-1.4203797541617922,1,-1.4574036068269993
dpctgan,"ClosestDistance(L_2, accuracy)",12435,1,-1.4327117162325504,1,-1.4574036068269993
dpctgan,"ClosestDistance(L_2, accuracy)",12435,0,-1.4172035869254163,1,-1.4574036068269993
dpctgan,"ClosestDistance(L_2, accuracy)",12435,1,-1.4197746058245038,1,-1.4574036068269993
dpctgan,"ClosestDistance(L_2, accuracy)",12435,0,-0.38250405050476116,1,-1.4574036068269993
dpctgan,"ClosestDistance(L_2, accuracy)",12435,1,-1.4282013812962877,1,-1.4574036068269993
dpctgan,"ClosestDistance(L_2, accuracy)",12435,0,-1.426340403040635,1,-1.4574036068269993
dpctgan,"ClosestDistance(L_2, accuracy)",12435,1,-1.444797101312219,1,-1.4574036068269993
dpctgan,"ClosestDistance(L_2, accuracy)",12435,0,-1.4288009776633,1,-1.4574036068269993
dpctgan,"ClosestDistance(L_2, accuracy)",12435,1,-1.4330004143619157,1,-1.4574036068269993
dpctgan,"ClosestDistance(L_2, accuracy)",12435,0,-1.4344555894952993,1,-1.4574036068269993
dpctgan,"ClosestDistance(L_2, accuracy)",12435,1,-1.4416517621219753,1,-1.4574036068269993
dpctgan,"ClosestDistance(L_2, accuracy)",12435,0,-1.4634233573503816,0,-1.4574036068269993
dpctgan,"ClosestDistance(L_2, accuracy)",12435,1,-1.4301233562949895,1,-1.4574036068269993
dpctgan,"ClosestDistance(L_2, accuracy)",12435,0,-1.4362509595075525,1,-1.4574036068269993
dpctgan,"ClosestDistance(L_2, accuracy)",12435,1,-1.4203582036031475,1,-1.4574036068269993
dpctgan,"ClosestDistance(L_2, accuracy)",12435,0,-1.4250198909683602,1,-1.4574036068269993
dpctgan,"ClosestDistance(L_2, accuracy)",12435,1,-1.4206736574859302,1,-1.4574036068269993
dpctgan,"ClosestDistance(L_2, accuracy)",12435,0,-0.178128790711985,1,-1.4574036068269993
dpctgan,"ClosestDistance(L_2, accuracy)",12435,1,-1.4408646087671282,1,-1.4574036068269993
dpctgan,"ClosestDistance(L_2, accuracy)",12435,0,-1.4501515126024973,1,-1.4574036068269993
dpctgan,"ClosestDistance(L_2, accuracy)",12435,1,-1.4560959611313256,1,-1.4574036068269993
dpctgan,"ClosestDistance(L_2, accuracy)",12435,0,-1.4359500124391638,1,-1.4574036068269993
dpctgan,"ClosestDistance(L_2, accuracy)",12435,1,-1.4567267565739257,1,-1.4574036068269993
dpctgan,"ClosestDistance(L_2, accuracy)",12435,0,-1.4347404721741484,1,-1.4574036068269993
dpctgan,"ClosestDistance(L_2, accuracy)",12435,1,-2.00142965690674,0,-1.4574036068269993
dpctgan,"ClosestDistance(L_2, accuracy)",12435,0,-1.4399305160784994,1,-1.4574036068269993
dpctgan,"ClosestDistance(L_2, accuracy)",12435,1,-1.4271060123309618,1,-1.4574036068269993
dpctgan,"ClosestDistance(L_2, accuracy)",12435,0,-1.426753555668834,1,-1.4574036068269993
dpctgan,"ClosestDistance(L_2, accuracy)",12435,1,-1.4205300430282157,1,-1.4574036068269993
dpctgan,"ClosestDistance(L_2, accuracy)",12435,0,-1.4388236368343676,1,-1.4574036068269993
dpctgan,"ClosestDistance(L_2, accuracy)",12435,1,-1.4527890048446161,1,-1.4574036068269993
dpctgan,"ClosestDistance(L_2, accuracy)",12435,0,-1.4393131606051057,1,-1.4574036068269993
dpctgan,"ClosestDistance(L_2, accuracy)",12435,1,-1.4293658779114826,1,-1.4574036068269993
dpctgan,"ClosestDistance(L_2, accuracy)",12435,0,-1.4743795519522152,0,-1.4574036068269993
dpctgan,"ClosestDistance(L_2, accuracy)",12435,1,-1.4159484575083825,1,-1.4574036068269993
dpctgan,"ClosestDistance(L_2, accuracy)",12435,0,-1.4316259380527379,1,-1.4574036068269993
dpctgan,"ClosestDistance(L_2, accuracy)",12435,1,-1.4205402102920792,1,-1.4574036068269993
dpctgan,"ClosestDistance(L_2, accuracy)",12435,0,-1.420947014034098,1,-1.4574036068269993
dpctgan,"ClosestDistance(L_2, accuracy)",12435,1,-1.4295335799124615,1,-1.4574036068269993
dpctgan,"ClosestDistance(L_2, accuracy)",12435,0,-1.4373154972390336,1,-1.4574036068269993
dpctgan,"ClosestDistance(L_2, accuracy)",12435,1,-1.417834438673625,1,-1.4574036068269993
dpctgan,"ClosestDistance(L_2, accuracy)",12435,0,-1.4292581311112806,1,-1.4574036068269993
dpctgan,"ClosestDistance(L_2, accuracy)",12435,1,-1.4620977741861114,0,-1.4574036068269993
dpctgan,"ClosestDistance(L_2, accuracy)",12435,0,-1.448558962233331,1,-1.4574036068269993
dpctgan,"ClosestDistance(L_2, accuracy)",12435,1,-1.4315745972272829,1,-1.4574036068269993
dpctgan,"ClosestDistance(L_2, accuracy)",12435,0,-1.4346850024319389,1,-1.4574036068269993
dpctgan,"ClosestDistance(L_2, accuracy)",12435,1,-1.4230147237089708,1,-1.4574036068269993
dpctgan,"ClosestDistance(L_2, accuracy)",12435,0,-1.4199104149530162,1,-1.4574036068269993
dpctgan,"ClosestDistance(L_2, accuracy)",12435,1,-1.4624149020118071,0,-1.4574036068269993
dpctgan,"ClosestDistance(L_2, accuracy)",12435,0,-1.4879704447346154,0,-1.4574036068269993
dpctgan,"ClosestDistance(L_2, accuracy)",12435,1,-1.4486283068056656,1,-1.4574036068269993
dpctgan,"ClosestDistance(L_2, accuracy)",12435,0,-1.4408458401189563,1,-1.4574036068269993
dpctgan,"ClosestDistance(L_2, accuracy)",12435,1,-1.4343132294777723,1,-1.4574036068269993
dpctgan,"ClosestDistance(L_2, accuracy)",12435,0,-1.4257354213110038,1,-1.4574036068269993
dpctgan,"ClosestDistance(L_2, accuracy)",12435,1,-2.005741284160983,0,-1.4574036068269993
dpctgan,"ClosestDistance(L_2, accuracy)",12435,0,-1.418582209526468,1,-1.4574036068269993
dpctgan,"ClosestDistance(L_2, accuracy)",12435,1,-1.4399275529484195,1,-1.4574036068269993
dpctgan,"ClosestDistance(L_2, accuracy)",12435,0,-1.4552325751492015,1,-1.4574036068269993
dpctgan,"ClosestDistance(L_2, accuracy)",12435,1,-1.4193938790100047,1,-1.4574036068269993
dpctgan,"ClosestDistance(L_2, accuracy)",12435,0,-1.4297100996333338,1,-1.4574036068269993
dpctgan,"ClosestDistance(L_2, accuracy)",12435,1,-1.4307817985678015,1,-1.4574036068269993
dpctgan,"ClosestDistance(L_2, accuracy)",12435,0,-1.4490607270974198,1,-1.4574036068269993
dpctgan,"ClosestDistance(L_2, accuracy)",12435,1,-1.4180082080641587,1,-1.4574036068269993
dpctgan,"ClosestDistance(L_2, accuracy)",12435,0,-1.423519758957364,1,-1.4574036068269993
dpctgan,"ClosestDistance(L_2, accuracy)",12435,1,-1.4446644219295848,1,-1.4574036068269993
dpctgan,"ClosestDistance(L_2, accuracy)",12435,0,-1.432723270433868,1,-1.4574036068269993
dpctgan,"ClosestDistance(L_2, accuracy)",12435,1,-1.4206337524108188,1,-1.4574036068269993
dpctgan,"ClosestDistance(L_2, accuracy)",12435,0,-1.4243072698086818,1,-1.4574036068269993
dpctgan,"ClosestDistance(L_2, accuracy)",12435,1,-1.4236448584521137,1,-1.4574036068269993
dpctgan,"ClosestDistance(L_2, accuracy)",12435,0,-1.4392336479101044,1,-1.4574036068269993
dpctgan,"ClosestDistance(L_2, accuracy)",12435,1,-1.4174362361326445,1,-1.4574036068269993
dpctgan,"ClosestDistance(L_2, accuracy)",12435,0,-1.4308894184435241,1,-1.4574036068269993
dpctgan,"ClosestDistance(L_2, accuracy)",12435,1,-1.4204978483674822,1,-1.4574036068269993
dpctgan,"ClosestDistance(L_2, accuracy)",12435,0,-1.4766312061618276,0,-1.4574036068269993
dpctgan,"ClosestDistance(L_2, accuracy)",12435,1,-1.4357212657913185,1,-1.4574036068269993
dpctgan,"ClosestDistance(L_2, accuracy)",12435,0,-1.534275265156434,0,-1.4574036068269993
dpctgan,"ClosestDistance(L_2, accuracy)",12435,1,-1.5402621924472948,0,-1.4574036068269993
dpctgan,"ClosestDistance(L_2, accuracy)",12435,0,-1.423497285172483,1,-1.4574036068269993
dpctgan,"ClosestDistance(L_2, accuracy)",12435,1,-1.537198802481282,0,-1.4574036068269993
dpctgan,"ClosestDistance(L_2, accuracy)",12435,0,-1.417588095673668,1,-1.4574036068269993
dpctgan,"ClosestDistance(L_2, accuracy)",12435,1,-1.4236170238290062,1,-1.4574036068269993
dpctgan,"ClosestDistance(L_2, accuracy)",12435,0,-1.4912650569482269,0,-1.4574036068269993
dpctgan,"ClosestDistance(L_2, accuracy)",12435,1,-1.4803071606314127,0,-1.4574036068269993
dpctgan,"ClosestDistance(L_2, accuracy)",12435,0,-1.4421090146795268,1,-1.4574036068269993
dpctgan,"ClosestDistance(L_2, accuracy)",12435,1,-1.4221295361974484,1,-1.4574036068269993
dpctgan,"ClosestDistance(L_2, accuracy)",12435,0,-1.4891452589473857,0,-1.4574036068269993
dpctgan,"ClosestDistance(L_2, accuracy)",12435,1,-1.4216657795229042,1,-1.4574036068269993
dpctgan,"ClosestDistance(L_2, accuracy)",12435,0,-1.419468064431483,1,-1.4574036068269993
dpctgan,"ClosestDistance(L_2, accuracy)",12435,1,-1.4306203928520156,1,-1.4574036068269993
dpctgan,"ClosestDistance(L_2, accuracy)",12435,0,-1.4397216437694675,1,-1.4574036068269993
dpctgan,"ClosestDistance(L_2, accuracy)",12435,1,-1.485496064913046,0,-1.4574036068269993
dpctgan,"ClosestDistance(L_2, accuracy)",12435,0,-1.435082094095168,1,-1.4574036068269993
dpctgan,"ClosestDistance(L_2, accuracy)",12435,1,-1.41957256167697,1,-1.4574036068269993
dpctgan,"ClosestDistance(L_2, accuracy)",12435,0,-1.443018285579478,1,-1.4574036068269993
dpctgan,"ClosestDistance(L_2, accuracy)",12435,1,-1.4591458685015,0,-1.4574036068269993
dpctgan,"ClosestDistance(L_2, accuracy)",12435,0,-0.2419760829380059,1,-1.4574036068269993
dpctgan,"ClosestDistance(L_2, accuracy)",12435,1,-1.4218339706046073,1,-1.4574036068269993
dpctgan,"ClosestDistance(L_2, accuracy)",12435,0,-1.4539593720587916,1,-1.4574036068269993
dpctgan,"ClosestDistance(L_2, accuracy)",12435,1,-1.438933189849482,1,-1.4574036068269993
dpctgan,"ClosestDistance(L_2, accuracy)",12435,0,-1.4453829034905659,1,-1.4574036068269993
dpctgan,"ClosestDistance(L_2, accuracy)",12435,1,-1.4291166744531267,1,-1.4574036068269993
dpctgan,"ClosestDistance(L_2, accuracy)",12435,0,-1.4394391616066338,1,-1.4574036068269993
dpctgan,"ClosestDistance(L_2, accuracy)",12435,1,-1.4181894045017343,1,-1.4574036068269993
dpctgan,"ClosestDistance(L_2, accuracy)",12435,0,-1.4344894495323617,1,-1.4574036068269993
dpctgan,"ClosestDistance(L_2, accuracy)",12435,1,-1.4323308521650364,1,-1.4574036068269993
dpctgan,"ClosestDistance(L_2, accuracy)",12435,0,-1.524575255334503,0,-1.4574036068269993
dpctgan,"ClosestDistance(L_2, accuracy)",12435,1,-1.43182714850889,1,-1.4574036068269993
dpctgan,"ClosestDistance(L_2, accuracy)",12435,0,-1.4206340799631556,1,-1.4574036068269993
dpctgan,"ClosestDistance(L_2, accuracy)",12435,1,-1.4171511603231934,1,-1.4574036068269993
dpctgan,"ClosestDistance(L_2, accuracy)",12435,0,-1.4541630890688932,1,-1.4574036068269993
dpctgan,"ClosestDistance(L_2, accuracy)",12435,1,-1.4335605021917557,1,-1.4574036068269993
dpctgan,"ClosestDistance(L_2, accuracy)",12435,0,-1.4237298365902193,1,-1.4574036068269993
dpctgan,"ClosestDistance(L_2, accuracy)",12435,1,-1.4477778905687486,1,-1.4574036068269993
dpctgan,"ClosestDistance(L_2, accuracy)",12435,0,-1.4331150049621977,1,-1.4574036068269993
dpctgan,"ClosestDistance(L_2, accuracy)",12435,1,-1.4351471092621382,1,-1.4574036068269993
dpctgan,"ClosestDistance(L_2, accuracy)",12435,0,-1.4436770826996044,1,-1.4574036068269993
dpctgan,"ClosestDistance(L_2, accuracy)",12435,1,-1.4223257974513561,1,-1.4574036068269993
dpctgan,"ClosestDistance(L_2, accuracy)",12435,0,-1.4568507381147557,1,-1.4574036068269993
dpctgan,"ClosestDistance(L_2, accuracy)",12435,1,-1.4723766699375076,0,-1.4574036068269993
dpctgan,"ClosestDistance(L_2, accuracy)",12435,0,-1.447417918887103,1,-1.4574036068269993
dpctgan,"ClosestDistance(L_2, accuracy)",12435,1,-1.4370053390610842,1,-1.4574036068269993
dpctgan,"ClosestDistance(L_2, accuracy)",12435,0,-1.4199834062561343,1,-1.4574036068269993
dpctgan,"ClosestDistance(L_2, accuracy)",12435,1,-1.4442900877219225,1,-1.4574036068269993
dpctgan,"ClosestDistance(L_2, accuracy)",12435,0,-1.4164004662400376,1,-1.4574036068269993
dpctgan,"ClosestDistance(L_2, accuracy)",12435,1,-1.4262876228209214,1,-1.4574036068269993
dpctgan,"ClosestDistance(L_2, accuracy)",12435,0,-1.42178733372029,1,-1.4574036068269993
dpctgan,"ClosestDistance(L_2, accuracy)",12435,1,-1.4297022396272445,1,-1.4574036068269993
dpctgan,"ClosestDistance(L_2, accuracy)",12435,0,-1.4335237694383232,1,-1.4574036068269993
dpctgan,"ClosestDistance(L_2, accuracy)",12435,1,-1.4232456946020313,1,-1.4574036068269993
dpctgan,"ClosestDistance(L_2, accuracy)",12435,0,-1.4430086083572817,1,-1.4574036068269993
dpctgan,"ClosestDistance(L_2, accuracy)",12435,1,-1.451211157078726,1,-1.4574036068269993
dpctgan,"ClosestDistance(L_2, accuracy)",12435,0,-1.4163143029371805,1,-1.4574036068269993
dpctgan,"ClosestDistance(L_2, accuracy)",12435,1,-1.4156913535664388,1,-1.4574036068269993
dpctgan,"ClosestDistance(L_2, accuracy)",12435,0,-1.4425409448457291,1,-1.4574036068269993
dpctgan,"ClosestDistance(L_2, accuracy)",12435,1,-1.425867689917574,1,-1.4574036068269993
dpctgan,"ClosestDistance(L_2, accuracy)",12435,0,-1.4227687342181197,1,-1.4574036068269993
dpctgan,"ClosestDistance(L_2, accuracy)",12435,1,-1.4199841526735457,1,-1.4574036068269993
dpctgan,"ClosestDistance(L_2, accuracy)",12435,0,-1.4236140603506253,1,-1.4574036068269993
dpctgan,"ClosestDistance(L_2, accuracy)",12435,1,-1.4451191898421958,1,-1.4574036068269993
dpctgan,"ClosestDistance(L_2, accuracy)",12435,0,-1.449155562529366,1,-1.4574036068269993
dpctgan,"ClosestDistance(L_2, accuracy)",12435,1,-1.4613206466403064,0,-1.4574036068269993
dpctgan,"ClosestDistance(L_2, accuracy)",12435,0,-2.0124787986538486,0,-1.4574036068269993
dpctgan,"ClosestDistance(L_2, accuracy)",12435,1,-1.444007454944039,1,-1.4574036068269993
dpctgan,"ClosestDistance(L_2, accuracy)",12435,0,-1.4196087191283504,1,-1.4574036068269993
dpctgan,"ClosestDistance(L_2, accuracy)",12435,1,-1.433116284333399,1,-1.4574036068269993
dpctgan,"ClosestDistance(L_2, accuracy)",12435,0,-1.435700399576282,1,-1.4574036068269993
dpctgan,"ClosestDistance(L_2, accuracy)",12435,1,-1.4330335984340405,1,-1.4574036068269993
dpctgan,"ClosestDistance(L_2, accuracy)",12435,0,-1.4276420046233405,1,-1.4574036068269993
dpctgan,"ClosestDistance(L_2, accuracy)",12435,1,-1.4806200584206355,0,-1.4574036068269993
dpctgan,"ClosestDistance(L_2, accuracy)",12435,0,-2.0033181955090695,0,-1.4574036068269993
dpctgan,"ClosestDistance(L_2, accuracy)",12435,1,-1.4904382308183788,0,-1.4574036068269993
dpctgan,"ClosestDistance(L_2, accuracy)",12435,0,-1.4483869848385802,1,-1.4574036068269993
dpctgan,"ClosestDistance(L_2, accuracy)",12435,1,-1.420300474810449,1,-1.4574036068269993
dpctgan,"ClosestDistance(L_2, accuracy)",12435,0,-1.4283523574661696,1,-1.4574036068269993
dpctgan,"ClosestDistance(L_2, accuracy)",12435,1,-1.4319801350426955,1,-1.4574036068269993
dpctgan,"ClosestDistance(L_2, accuracy)",12435,0,-2.007381977956317,0,-1.4574036068269993
dpctgan,"ClosestDistance(L_2, accuracy)",12435,1,-1.4529165256948744,1,-1.4574036068269993
dpctgan,"ClosestDistance(L_2, accuracy)",12435,0,-1.4638738363469135,0,-1.4574036068269993
dpctgan,"ClosestDistance(L_2, accuracy)",12435,1,-1.4226001829179413,1,-1.4574036068269993
dpctgan,"ClosestDistance(L_2, accuracy)",12435,0,-2.010432269747259,0,-1.4574036068269993
dpctgan,"ClosestDistance(L_2, accuracy)",12435,1,-1.433490314694548,1,-1.4574036068269993
dpctgan,"ClosestDistance(L_2, accuracy)",12435,0,-1.4281835615027194,1,-1.4574036068269993
dpctgan,"ClosestDistance(L_2, accuracy)",12435,1,-1.4229416027654258,1,-1.4574036068269993
dpctgan,"ClosestDistance(L_2, accuracy)",12435,0,-2.0052740455388167,0,-1.4574036068269993
dpctgan,"ClosestDistance(L_2, accuracy)",12435,1,-1.4614470096386627,0,-1.4574036068269993
dpctgan,"ClosestDistance(L_2, accuracy)",12435,0,-1.4450049462337957,1,-1.4574036068269993
dpctgan,"ClosestDistance(L_2, accuracy)",12435,1,-1.4233963941139518,1,-1.4574036068269993
dpctgan,"ClosestDistance(L_2, accuracy)",12435,0,-1.4186916586319525,1,-1.4574036068269993
dpctgan,"ClosestDistance(L_2, accuracy)",12435,1,-1.4173345230218721,1,-1.4574036068269993
dpctgan,"ClosestDistance(L_2, accuracy)",12435,0,-1.5209934855872296,0,-1.4574036068269993
dpctgan,"ClosestDistance(L_2, accuracy)",12435,1,-1.4352822471372104,1,-1.4574036068269993
dpctgan,"ClosestDistance(L_2, accuracy)",12435,0,-0.29291489413168625,1,-1.4574036068269993
dpctgan,"ClosestDistance(L_2, accuracy)",12435,1,-1.4319330889595656,1,-1.4574036068269993
dpctgan,"ClosestDistance(L_2, accuracy)",12435,0,-1.4233464756227259,1,-1.4574036068269993
dpctgan,"ClosestDistance(L_2, accuracy)",12435,1,-1.440957937785849,1,-1.4574036068269993
dpctgan,"ClosestDistance(L_2, accuracy)",12435,0,-1.4258353909856862,1,-1.4574036068269993
dpctgan,"ClosestDistance(L_2, accuracy)",12435,1,-1.4271287130670887,1,-1.4574036068269993
dpctgan,"ClosestDistance(L_2, accuracy)",12435,0,-1.4300698551326425,1,-1.4574036068269993
dpctgan,"ClosestDistance(L_2, accuracy)",12435,1,-1.4380813600806457,1,-1.4574036068269993
dpctgan,"ClosestDistance(L_2, accuracy)",12435,0,-1.418738306489645,1,-1.4574036068269993
dpctgan,"ClosestDistance(L_2, accuracy)",12435,1,-1.4575224148896717,0,-1.4574036068269993
dpctgan,"ClosestDistance(L_2, accuracy)",12435,0,-1.4391908223635552,1,-1.4574036068269993
dpctgan,"ClosestDistance(L_2, accuracy)",12435,1,-1.4490333422116755,1,-1.4574036068269993
dpctgan,"ClosestDistance(L_2, accuracy)",12435,0,-1.4612358066160154,0,-1.4574036068269993
dpctgan,"ClosestDistance(L_2, accuracy)",12435,1,-1.4560539066175309,1,-1.4574036068269993
dpctgan,"ClosestDistance(L_2, accuracy)",12435,0,-1.4206546611651443,1,-1.4574036068269993
dpctgan,"ClosestDistance(L_2, accuracy)",12435,1,-1.4235923336064162,1,-1.4574036068269993
dpctgan,"ClosestDistance(L_2, accuracy)",12435,0,-1.4319446346524207,1,-1.4574036068269993
dpctgan,"ClosestDistance(L_2, accuracy)",12435,1,-1.4228051713773795,1,-1.4574036068269993
dpctgan,"ClosestDistance(L_2, accuracy)",12435,0,-1.4762227307977522,0,-1.4574036068269993
dpctgan,"ClosestDistance(L_2, accuracy)",12435,1,-1.42643732029017,1,-1.4574036068269993
dpctgan,"ClosestDistance(L_2, accuracy)",12435,0,-1.4220190160631188,1,-1.4574036068269993
dpctgan,"ClosestDistance(L_2, accuracy)",12435,1,-1.454481072105997,1,-1.4574036068269993
dpctgan,"ClosestDistance(L_2, accuracy)",12435,0,-1.4319124180921432,1,-1.4574036068269993
dpctgan,"ClosestDistance(L_2, accuracy)",12435,1,-1.4617449821799526,0,-1.4574036068269993
dpctgan,"ClosestDistance(L_2, accuracy)",12435,0,-1.5197424447716743,0,-1.4574036068269993
dpctgan,"ClosestDistance(L_2, accuracy)",12435,1,-1.4225032458065383,1,-1.4574036068269993
dpctgan,"ClosestDistance(L_2, accuracy)",12435,0,-1.4565303571201387,1,-1.4574036068269993
dpctgan,"ClosestDistance(L_2, accuracy)",12435,1,-1.439961157147844,1,-1.4574036068269993
dpctgan,"ClosestDistance(L_2, accuracy)",12435,0,-1.4204242596905081,1,-1.4574036068269993
dpctgan,"ClosestDistance(L_2, accuracy)",12435,1,-1.4186669339005047,1,-1.4574036068269993
dpctgan,"ClosestDistance(L_2, accuracy)",12435,0,-1.4363875171783176,1,-1.4574036068269993
dpctgan,"ClosestDistance(L_2, accuracy)",12435,1,-1.4274251366873063,1,-1.4574036068269993
dpctgan,"ClosestDistance(L_2, accuracy)",12435,0,-1.4323831832733798,1,-1.4574036068269993
dpctgan,"ClosestDistance(L_2, accuracy)",12435,1,-1.4377445593373837,1,-1.4574036068269993
dpctgan,"ClosestDistance(L_2, accuracy)",12435,0,-1.4587417219361565,0,-1.4574036068269993
dpctgan,"ClosestDistance(L_2, accuracy)",12435,1,-1.421471905997335,1,-1.4574036068269993
dpctgan,"ClosestDistance(L_2, accuracy)",12435,0,-1.4300823676732963,1,-1.4574036068269993
dpctgan,"ClosestDistance(L_2, accuracy)",12435,1,-1.439159800579173,1,-1.4574036068269993
dpctgan,"ClosestDistance(L_2, accuracy)",12435,0,-1.4221449625637974,1,-1.4574036068269993
dpctgan,"ClosestDistance(L_2, accuracy)",12435,1,-1.422382136647006,1,-1.4574036068269993
dpctgan,"ClosestDistance(L_2, accuracy)",12435,0,-1.4154805595996625,1,-1.4574036068269993
dpctgan,"ClosestDistance(L_2, accuracy)",12435,1,-1.4440949301740826,1,-1.4574036068269993
dpctgan,"ClosestDistance(L_2, accuracy)",12435,0,-1.4614795514067938,0,-1.4574036068269993
dpctgan,"ClosestDistance(L_2, accuracy)",12435,1,-1.4405484212246968,1,-1.4574036068269993
dpctgan,"ClosestDistance(L_2, accuracy)",12435,0,-1.4163343604939855,1,-1.4574036068269993
dpctgan,"ClosestDistance(L_2, accuracy)",12435,1,-1.4205168300930802,1,-1.4574036068269993
dpctgan,"ClosestDistance(L_2, accuracy)",12435,0,-1.4367399552102575,1,-1.4574036068269993
dpctgan,"ClosestDistance(L_2, accuracy)",12435,1,-1.4299328627149719,1,-1.4574036068269993
dpctgan,"ClosestDistance(L_2, accuracy)",12435,0,-1.422599843812382,1,-1.4574036068269993
dpctgan,"ClosestDistance(L_2, accuracy)",12435,1,-1.4244455254452841,1,-1.4574036068269993
dpctgan,"ClosestDistance(L_2, accuracy)",12435,0,-1.4192510674859962,1,-1.4574036068269993
dpctgan,"ClosestDistance(L_2, accuracy)",12435,1,-1.4253686949702835,1,-1.4574036068269993
dpctgan,"ClosestDistance(L_2, accuracy)",12435,0,-1.4443739030007468,1,-1.4574036068269993
dpctgan,"ClosestDistance(L_2, accuracy)",12435,1,-1.4610873971806668,0,-1.4574036068269993
dpctgan,"ClosestDistance(L_2, accuracy)",12435,0,-1.4373643654684656,1,-1.4574036068269993
dpctgan,"ClosestDistance(L_2, accuracy)",12435,1,-1.4262998975717969,1,-1.4574036068269993
dpctgan,"ClosestDistance(L_2, accuracy)",12435,0,-1.473346208849712,0,-1.4574036068269993
dpctgan,"ClosestDistance(L_2, accuracy)",12435,1,-1.4302178417108913,1,-1.4574036068269993
dpctgan,"ClosestDistance(L_2, accuracy)",12435,0,-2.003291277277684,0,-1.4574036068269993
dpctgan,"ClosestDistance(L_2, accuracy)",12435,1,-1.4385395560822911,1,-1.4574036068269993
dpctgan,"ClosestDistance(L_2, accuracy)",12435,0,-1.4249650487656544,1,-1.4574036068269993
dpctgan,"ClosestDistance(L_2, accuracy)",12435,1,-1.4393570570540606,1,-1.4574036068269993
dpctgan,"ClosestDistance(L_2, accuracy)",12435,0,-1.4272346071696866,1,-1.4574036068269993
dpctgan,"ClosestDistance(L_2, accuracy)",12435,1,-0.5157332206236415,1,-1.4574036068269993
dpctgan,"ClosestDistance(L_2, accuracy)",12435,0,-1.4423484494137695,1,-1.4574036068269993
dpctgan,"ClosestDistance(L_2, accuracy)",12435,1,-1.4201858970890473,1,-1.4574036068269993
dpctgan,"ClosestDistance(L_2, accuracy)",12435,0,-1.4310033724930384,1,-1.4574036068269993
dpctgan,"ClosestDistance(L_2, accuracy)",12435,1,-1.4251706153041463,1,-1.4574036068269993
dpctgan,"ClosestDistance(L_2, accuracy)",12435,0,-1.4358579718074282,1,-1.4574036068269993
dpctgan,"ClosestDistance(L_2, accuracy)",12435,1,-1.4226404313095686,1,-1.4574036068269993
dpctgan,"ClosestDistance(L_2, accuracy)",12435,0,-1.4305296889433021,1,-1.4574036068269993
dpctgan,"ClosestDistance(L_2, accuracy)",12435,1,-1.464030660714624,0,-1.4574036068269993
dpctgan,"ClosestDistance(L_2, accuracy)",12435,0,-1.4169903059096007,1,-1.4574036068269993
dpctgan,"ClosestDistance(L_2, accuracy)",12435,1,-1.4410790008644592,1,-1.4574036068269993
dpctgan,"ClosestDistance(L_2, accuracy)",12435,0,-1.5166476948017509,0,-1.4574036068269993
dpctgan,"ClosestDistance(L_2, accuracy)",12435,1,-1.4464549855456175,1,-1.4574036068269993
dpctgan,"ClosestDistance(L_2, accuracy)",12435,0,-1.419576277380801,1,-1.4574036068269993
dpctgan,"ClosestDistance(L_2, accuracy)",12435,1,-1.4327637681815442,1,-1.4574036068269993
dpctgan,"ClosestDistance(L_2, accuracy)",12435,0,-1.4159679623446457,1,-1.4574036068269993
dpctgan,"ClosestDistance(L_2, accuracy)",12435,1,-1.4398676787991653,1,-1.4574036068269993
dpctgan,"ClosestDistance(L_2, accuracy)",12435,0,-1.4654152499978708,0,-1.4574036068269993
dpctgan,"ClosestDistance(L_2, accuracy)",12435,1,-1.422172156981459,1,-1.4574036068269993
dpctgan,"ClosestDistance(L_2, accuracy)",12435,0,-1.41505060986999,1,-1.4574036068269993
dpctgan,"ClosestDistance(L_2, accuracy)",12435,1,-1.430626656459994,1,-1.4574036068269993
dpctgan,"ClosestDistance(L_2, accuracy)",12435,0,-1.4862799938877271,0,-1.4574036068269993
dpctgan,"ClosestDistance(L_2, accuracy)",12435,1,-1.4279956413231778,1,-1.4574036068269993
dpctgan,"ClosestDistance(L_2, accuracy)",12435,0,-1.435748076444944,1,-1.4574036068269993
dpctgan,"ClosestDistance(L_2, accuracy)",12435,1,-1.4444578633685856,1,-1.4574036068269993
dpctgan,"ClosestDistance(L_2, accuracy)",12435,0,-0.6764910536328375,1,-1.4574036068269993
dpctgan,"ClosestDistance(L_2, accuracy)",12435,1,-1.4210944176283857,1,-1.4574036068269993
dpctgan,"ClosestDistance(L_2, accuracy)",12435,0,-1.4464420995942349,1,-1.4574036068269993
dpctgan,"ClosestDistance(L_2, accuracy)",12435,1,-1.4340790120012188,1,-1.4574036068269993
dpctgan,"ClosestDistance(L_2, accuracy)",12435,0,-1.4428711617706078,1,-1.4574036068269993
dpctgan,"ClosestDistance(L_2, accuracy)",12435,1,-1.4557202218913134,1,-1.4574036068269993
dpctgan,"ClosestDistance(L_2, accuracy)",12435,0,-1.4263140789361475,1,-1.4574036068269993
dpctgan,"ClosestDistance(L_2, accuracy)",12435,1,-1.4352503231832057,1,-1.4574036068269993
dpctgan,"ClosestDistance(L_2, accuracy)",12435,0,-1.461304788503728,0,-1.4574036068269993
dpctgan,"ClosestDistance(L_2, accuracy)",12435,1,-1.4314692627778465,1,-1.4574036068269993
dpctgan,"ClosestDistance(L_2, accuracy)",12435,0,-2.0012649403065597,0,-1.4574036068269993
dpctgan,"ClosestDistance(L_2, accuracy)",12435,1,-1.4575295454910038,0,-1.4574036068269993
dpctgan,"ClosestDistance(L_2, accuracy)",12435,0,-1.4306798027393344,1,-1.4574036068269993
dpctgan,"ClosestDistance(L_2, accuracy)",12435,1,-1.4347963529488537,1,-1.4574036068269993
dpctgan,"ClosestDistance(L_2, accuracy)",12435,0,-1.4328548750727454,1,-1.4574036068269993
dpctgan,"ClosestDistance(L_2, accuracy)",12435,1,-1.437201960039135,1,-1.4574036068269993
dpctgan,"ClosestDistance(L_2, accuracy)",12435,0,-1.433826608185618,1,-1.4574036068269993
dpctgan,"ClosestDistance(L_2, accuracy)",12435,1,-1.4669378195803224,0,-1.4574036068269993
dpctgan,"ClosestDistance(L_2, accuracy)",12435,0,-1.4189517419133033,1,-1.4574036068269993
dpctgan,"ClosestDistance(L_2, accuracy)",12435,1,-2.0030274455598325,0,-1.4574036068269993
dpctgan,"ClosestDistance(L_2, accuracy)",12435,0,-1.4252387953640118,1,-1.4574036068269993
dpctgan,"ClosestDistance(L_2, accuracy)",12435,1,-1.4276258522128644,1,-1.4574036068269993
dpctgan,"ClosestDistance(L_2, accuracy)",12435,0,-1.4697714903307366,0,-1.4574036068269993
dpctgan,"ClosestDistance(L_2, accuracy)",12435,1,-0.2858256224087534,1,-1.4574036068269993
dpctgan,"ClosestDistance(L_2, accuracy)",12435,0,-1.4875338705202108,0,-1.4574036068269993
dpctgan,"ClosestDistance(L_2, accuracy)",12435,1,-1.4314192091381244,1,-1.4574036068269993
dpctgan,"ClosestDistance(L_2, accuracy)",12435,0,-1.4233603412688072,1,-1.4574036068269993
dpctgan,"ClosestDistance(L_2, accuracy)",12435,1,-1.4359579418233652,1,-1.4574036068269993
dpctgan,"ClosestDistance(L_2, accuracy)",12435,0,-1.429381716468104,1,-1.4574036068269993
dpctgan,"ClosestDistance(L_2, accuracy)",12435,1,-1.420830524069979,1,-1.4574036068269993
dpctgan,"ClosestDistance(L_2, accuracy)",12435,0,-1.4392470308425398,1,-1.4574036068269993
dpctgan,"ClosestDistance(L_2, accuracy)",12435,1,-0.5585278011404265,1,-1.4574036068269993
dpctgan,"ClosestDistance(L_2, accuracy)",12435,0,-1.4221325047113353,1,-1.4574036068269993
dpctgan,"ClosestDistance(L_2, accuracy)",12435,1,-1.4285823709538377,1,-1.4574036068269993
dpctgan,"ClosestDistance(L_2, accuracy)",12435,0,-1.430978752095112,1,-1.4574036068269993
dpctgan,"ClosestDistance(L_2, accuracy)",12435,1,-1.4438192042003604,1,-1.4574036068269993
dpctgan,"ClosestDistance(L_2, accuracy)",12435,0,-1.426918654846538,1,-1.4574036068269993
dpctgan,"ClosestDistance(L_2, accuracy)",12435,1,-1.4752113578167583,0,-1.4574036068269993
dpctgan,"ClosestDistance(L_2, accuracy)",12435,0,-1.4412454821868728,1,-1.4574036068269993
dpctgan,"ClosestDistance(L_2, accuracy)",12435,1,-1.4258602805702947,1,-1.4574036068269993
dpctgan,"ClosestDistance(L_2, accuracy)",12435,0,-1.4693788474054303,0,-1.4574036068269993
dpctgan,"ClosestDistance(L_2, accuracy)",12435,1,-1.4524396900633252,1,-1.4574036068269993
dpctgan,"ClosestDistance(L_2, accuracy)",12435,0,-1.4367668822412416,1,-1.4574036068269993
dpctgan,"ClosestDistance(L_2, accuracy)",12435,1,-1.4674414941900789,0,-1.4574036068269993
dpctgan,"ClosestDistance(L_2, accuracy)",12435,0,-1.4201569607689706,1,-1.4574036068269993
dpctgan,"ClosestDistance(L_2, accuracy)",12435,1,-1.5408572169365318,0,-1.4574036068269993
dpctgan,"ClosestDistance(L_2, accuracy)",12435,0,-1.4195351074194522,1,-1.4574036068269993
dpctgan,"ClosestDistance(L_2, accuracy)",12435,1,-1.5207684260776608,0,-1.4574036068269993
dpctgan,"ClosestDistance(L_2, accuracy)",12435,0,-1.4256369707398207,1,-1.4574036068269993
dpctgan,"ClosestDistance(L_2, accuracy)",12435,1,-1.4302323217448427,1,-1.4574036068269993
dpctgan,"ClosestDistance(L_2, accuracy)",12435,0,-1.4242582937074444,1,-1.4574036068269993
dpctgan,"ClosestDistance(L_2, accuracy)",12435,1,-1.4408393464868974,1,-1.4574036068269993
dpctgan,"ClosestDistance(L_2, accuracy)",12435,0,-1.4442749764414065,1,-1.4574036068269993
dpctgan,"ClosestDistance(L_2, accuracy)",12435,1,-1.423068090949064,1,-1.4574036068269993
dpctgan,"ClosestDistance(L_2, accuracy)",12435,0,-1.4212202720553482,1,-1.4574036068269993
dpctgan,"ClosestDistance(L_2, accuracy)",12435,1,-1.4361867794668683,1,-1.4574036068269993
dpctgan,"ClosestDistance(L_2, accuracy)",12435,0,-1.4718388875973505,0,-1.4574036068269993
dpctgan,"ClosestDistance(L_2, accuracy)",12435,1,-2.004555388222695,0,-1.4574036068269993
dpctgan,"ClosestDistance(L_2, accuracy)",12435,0,-1.4339330424607104,1,-1.4574036068269993
dpctgan,"ClosestDistance(L_2, accuracy)",12435,1,-1.4260397992883675,1,-1.4574036068269993
dpctgan,"ClosestDistance(L_2, accuracy)",12435,0,-1.4605638342177316,0,-1.4574036068269993
dpctgan,"ClosestDistance(L_2, accuracy)",12435,1,-1.427802836777942,1,-1.4574036068269993
dpctgan,"ClosestDistance(L_2, accuracy)",12435,0,-1.5868303796375194,0,-1.4574036068269993
dpctgan,"ClosestDistance(L_2, accuracy)",12435,1,-1.5091217311037113,0,-1.4574036068269993
dpctgan,"ClosestDistance(L_2, accuracy)",12435,0,-1.4367020521328566,1,-1.4574036068269993
dpctgan,"ClosestDistance(L_2, accuracy)",12435,1,-1.4229703532609774,1,-1.4574036068269993
dpctgan,"ClosestDistance(L_2, accuracy)",12435,0,-1.4373090640305386,1,-1.4574036068269993
dpctgan,"ClosestDistance(L_2, accuracy)",12435,1,-1.4271435850462906,1,-1.4574036068269993
dpctgan,"ClosestDistance(L_2, accuracy)",12435,0,-1.418424095508464,1,-1.4574036068269993
dpctgan,"ClosestDistance(L_2, accuracy)",12435,1,-1.4158905032380782,1,-1.4574036068269993
dpctgan,"ClosestDistance(L_2, accuracy)",12435,0,-1.4439026471593097,1,-1.4574036068269993
dpctgan,"ClosestDistance(L_2, accuracy)",12435,1,-1.4232152018516926,1,-1.4574036068269993
dpctgan,"ClosestDistance(L_2, accuracy)",12435,0,-1.4344061203497922,1,-1.4574036068269993
dpctgan,"ClosestDistance(L_2, accuracy)",12435,1,-1.430025075644134,1,-1.4574036068269993
dpctgan,"ClosestDistance(L_2, accuracy)",12435,0,-1.4286532453396554,1,-1.4574036068269993
dpctgan,"ClosestDistance(L_2, accuracy)",12435,1,-1.4238723966711324,1,-1.4574036068269993
dpctgan,"ClosestDistance(L_2, accuracy)",12435,0,-1.415724094604875,1,-1.4574036068269993
dpctgan,"ClosestDistance(L_2, accuracy)",12435,1,-1.4400779934421502,1,-1.4574036068269993
dpctgan,"ClosestDistance(L_2, accuracy)",12435,0,-1.4225287132618412,1,-1.4574036068269993
dpctgan,"ClosestDistance(L_2, accuracy)",12435,1,-1.4359424593669055,1,-1.4574036068269993
dpctgan,"ClosestDistance(L_2, accuracy)",12435,0,-1.4166251753782273,1,-1.4574036068269993
dpctgan,"ClosestDistance(L_2, accuracy)",12435,1,-1.4217178156175687,1,-1.4574036068269993
dpctgan,"ClosestDistance(L_2, accuracy)",12435,0,-1.4626905139409527,0,-1.4574036068269993
dpctgan,"ClosestDistance(L_2, accuracy)",12435,1,-1.4173880643946346,1,-1.4574036068269993
dpctgan,"ClosestDistance(L_2, accuracy)",12435,0,-1.4568320748941779,1,-1.4574036068269993
dpctgan,"ClosestDistance(L_2, accuracy)",12435,1,-1.4193845812515702,1,-1.4574036068269993
dpctgan,"ClosestDistance(L_2, accuracy)",12435,0,-1.4280219638143898,1,-1.4574036068269993
dpctgan,"ClosestDistance(L_2, accuracy)",12435,1,-1.4265482295217182,1,-1.4574036068269993
dpctgan,"ClosestDistance(L_2, accuracy)",12435,0,-1.415073869244831,1,-1.4574036068269993
dpctgan,"ClosestDistance(L_2, accuracy)",12435,1,-1.4224393435908171,1,-1.4574036068269993
dpctgan,"ClosestDistance(L_2, accuracy)",12435,0,-1.428388872737495,1,-1.4574036068269993
dpctgan,"ClosestDistance(L_2, accuracy)",12435,1,-1.4369073957230847,1,-1.4574036068269993
dpctgan,"ClosestDistance(L_2, accuracy)",12435,0,-1.4570596625761636,1,-1.4574036068269993
dpctgan,"ClosestDistance(L_2, accuracy)",12435,1,-1.4280706000736532,1,-1.4574036068269993
dpctgan,"ClosestDistance(L_2, accuracy)",12435,0,-1.4468813135488914,1,-1.4574036068269993
dpctgan,"ClosestDistance(L_2, accuracy)",12435,1,-1.4470283148644287,1,-1.4574036068269993
dpctgan,"ClosestDistance(L_2, accuracy)",12435,0,-1.4229211772978505,1,-1.4574036068269993
dpctgan,"ClosestDistance(L_2, accuracy)",12435,1,-1.4302525013873835,1,-1.4574036068269993
dpctgan,"ClosestDistance(L_2, accuracy)",12435,0,-1.422849196336846,1,-1.4574036068269993
dpctgan,"ClosestDistance(L_2, accuracy)",12435,1,-1.430992205424688,1,-1.4574036068269993
dpctgan,"ClosestDistance(L_2, accuracy)",12435,0,-1.4157395801852621,1,-1.4574036068269993
dpctgan,"ClosestDistance(L_2, accuracy)",12435,1,-1.4385773191008544,1,-1.4574036068269993
dpctgan,"ClosestDistance(L_2, accuracy)",12435,0,-1.44180711371725,1,-1.4574036068269993
dpctgan,"ClosestDistance(L_2, accuracy)",12435,1,-1.4408280028895941,1,-1.4574036068269993
dpctgan,"ClosestDistance(L_2, accuracy)",12435,0,-1.4496542750724615,1,-1.4574036068269993
dpctgan,"ClosestDistance(L_2, accuracy)",12435,1,-1.4277852310689003,1,-1.4574036068269993
dpctgan,"ClosestDistance(L_2, accuracy)",12435,0,-1.4196587304536483,1,-1.4574036068269993
dpctgan,"ClosestDistance(L_2, accuracy)",12435,1,-1.4288818210385787,1,-1.4574036068269993
dpctgan,"ClosestDistance(L_2, accuracy)",12435,0,-1.4288627739454631,1,-1.4574036068269993
dpctgan,"ClosestDistance(L_2, accuracy)",12435,1,-0.40703503211378383,1,-1.4574036068269993
dpctgan,"ClosestDistance(L_2, accuracy)",12435,0,-1.4305815461673752,1,-1.4574036068269993
dpctgan,"ClosestDistance(L_2, accuracy)",12435,1,-1.4176297801906463,1,-1.4574036068269993
dpctgan,"ClosestDistance(L_2, accuracy)",12435,0,-1.4282934863126684,1,-1.4574036068269993
dpctgan,"ClosestDistance(L_2, accuracy)",12435,1,-1.4243023442469194,1,-1.4574036068269993
dpctgan,"ClosestDistance(L_2, accuracy)",12435,0,-2.0096033066058587,0,-1.4574036068269993
dpctgan,"ClosestDistance(L_2, accuracy)",12435,1,-1.4176158874857878,1,-1.4574036068269993
dpctgan,"ClosestDistance(L_2, accuracy)",12435,0,-1.4280182067794234,1,-1.4574036068269993
dpctgan,"ClosestDistance(L_2, accuracy)",12435,1,-0.44987648775926625,1,-1.4574036068269993
dpctgan,"ClosestDistance(L_2, accuracy)",12435,0,-1.4153014807242998,1,-1.4574036068269993
dpctgan,"ClosestDistance(L_2, accuracy)",12435,1,-1.4151059569263624,1,-1.4574036068269993
dpctgan,"ClosestDistance(L_2, accuracy)",12435,0,-1.4379230159678582,1,-1.4574036068269993
dpctgan,"ClosestDistance(L_2, accuracy)",12435,1,-1.4762238528456129,0,-1.4574036068269993
dpctgan,"ClosestDistance(L_2, accuracy)",12435,0,-1.4167487445410083,1,-1.4574036068269993
dpctgan,"ClosestDistance(L_2, accuracy)",12435,1,-1.4590632250465299,0,-1.4574036068269993
dpctgan,"ClosestDistance(L_2, accuracy)",12435,0,-1.4170603459438764,1,-1.4574036068269993
dpctgan,"ClosestDistance(L_2, accuracy)",12435,1,-1.4516880892984918,1,-1.4574036068269993
dpctgan,"ClosestDistance(L_2, accuracy)",12435,0,-1.453692018533864,1,-1.4574036068269993
dpctgan,"ClosestDistance(L_2, accuracy)",12435,1,-1.429345031982753,1,-1.4574036068269993
dpctgan,"ClosestDistance(L_2, accuracy)",12435,0,-1.4282776418177692,1,-1.4574036068269993
dpctgan,"ClosestDistance(L_2, accuracy)",12435,1,-1.4291136919721579,1,-1.4574036068269993
dpctgan,"ClosestDistance(L_2, accuracy)",12435,0,-1.4483455955481512,1,-1.4574036068269993
dpctgan,"ClosestDistance(L_2, accuracy)",12435,1,-1.4338121927768108,1,-1.4574036068269993
dpctgan,"ClosestDistance(L_2, accuracy)",12435,0,-1.4405729285502926,1,-1.4574036068269993
dpctgan,"ClosestDistance(L_2, accuracy)",12435,1,-0.4746279657338876,1,-1.4574036068269993
dpctgan,"ClosestDistance(L_2, accuracy)",12435,0,-1.4359075212694312,1,-1.4574036068269993
dpctgan,"ClosestDistance(L_2, accuracy)",12435,1,-1.4182885915271124,1,-1.4574036068269993
dpctgan,"ClosestDistance(L_2, accuracy)",12435,0,-1.4226182581499691,1,-1.4574036068269993
dpctgan,"ClosestDistance(L_2, accuracy)",12435,1,-1.4388550279274626,1,-1.4574036068269993
dpctgan,"ClosestDistance(L_2, accuracy)",12435,0,-1.4162119102211141,1,-1.4574036068269993
dpctgan,"ClosestDistance(L_2, accuracy)",12435,1,-1.4207545514644728,1,-1.4574036068269993
dpctgan,"ClosestDistance(L_2, accuracy)",12435,0,-1.4943124171685664,0,-1.4574036068269993
dpctgan,"ClosestDistance(L_2, accuracy)",12435,1,-1.4531198929343452,1,-1.4574036068269993
dpctgan,"ClosestDistance(L_2, accuracy)",12435,0,-1.4223481691670474,1,-1.4574036068269993
dpctgan,"ClosestDistance(L_2, accuracy)",12435,1,-1.4232601879301647,1,-1.4574036068269993
dpctgan,"ClosestDistance(L_2, accuracy)",12435,0,-1.4234791648542011,1,-1.4574036068269993
dpctgan,"ClosestDistance(L_2, accuracy)",12435,1,-1.4288714137302656,1,-1.4574036068269993
dpctgan,"ClosestDistance(L_2, accuracy)",12435,0,-0.10304483214627039,1,-1.4574036068269993
dpctgan,"ClosestDistance(L_2, accuracy)",12435,1,-1.4241379214371253,1,-1.4574036068269993
dpctgan,"ClosestDistance(L_2, accuracy)",12435,0,-1.4357068273526297,1,-1.4574036068269993
dpctgan,"ClosestDistance(L_2, accuracy)",12435,1,-1.4185612859143422,1,-1.4574036068269993
dpctgan,"ClosestDistance(L_2, accuracy)",12435,0,-1.427161891787653,1,-1.4574036068269993
dpctgan,"ClosestDistance(L_2, accuracy)",12435,1,-1.4297427732034433,1,-1.4574036068269993
dpctgan,"ClosestDistance(L_2, accuracy)",12435,0,-1.4281896177480886,1,-1.4574036068269993
dpctgan,"ClosestDistance(L_2, accuracy)",12435,1,-1.4172885845825733,1,-1.4574036068269993
dpctgan,"ClosestDistance(L_2, accuracy)",12435,0,-0.2799252022038702,1,-1.4574036068269993
dpctgan,"ClosestDistance(L_2, accuracy)",12435,1,-1.4572224061663792,1,-1.4574036068269993
dpctgan,"ClosestDistance(L_2, accuracy)",12435,0,-1.449060695158233,1,-1.4574036068269993
dpctgan,"ClosestDistance(L_2, accuracy)",12435,1,-1.4220520638645118,1,-1.4574036068269993
dpctgan,"ClosestDistance(L_2, accuracy)",12435,0,-1.4605111224905565,0,-1.4574036068269993
dpctgan,"ClosestDistance(L_2, accuracy)",12435,1,-1.4206147412292323,1,-1.4574036068269993
dpctgan,"ClosestDistance(L_2, accuracy)",12435,0,-1.4224870204604172,1,-1.4574036068269993
dpctgan,"ClosestDistance(L_2, accuracy)",12435,1,-1.4395356258849679,1,-1.4574036068269993
dpctgan,"ClosestDistance(L_2, accuracy)",12435,0,-1.4213696357828016,1,-1.4574036068269993
dpctgan,"ClosestDistance(L_2, accuracy)",12435,1,-1.4448713439204004,1,-1.4574036068269993
dpctgan,"ClosestDistance(L_2, accuracy)",12435,0,-1.4293959025428697,1,-1.4574036068269993
dpctgan,"ClosestDistance(L_2, accuracy)",12435,1,-1.4419711921898906,1,-1.4574036068269993
dpctgan,"ClosestDistance(L_2, accuracy)",12435,0,-1.4229607439257645,1,-1.4574036068269993
dpctgan,"ClosestDistance(L_2, accuracy)",12435,1,-1.430060919852522,1,-1.4574036068269993
dpctgan,"ClosestDistance(L_2, accuracy)",12435,0,-1.4497075230570988,1,-1.4574036068269993
dpctgan,"ClosestDistance(L_2, accuracy)",12435,1,-1.4349703062735595,1,-1.4574036068269993
dpctgan,"ClosestDistance(L_2, accuracy)",12435,0,-1.4413783271597886,1,-1.4574036068269993
dpctgan,"ClosestDistance(L_2, accuracy)",12435,1,-1.437875925441435,1,-1.4574036068269993
dpctgan,"ClosestDistance(L_2, accuracy)",12435,0,-1.4309484482611043,1,-1.4574036068269993
dpctgan,"ClosestDistance(L_2, accuracy)",12435,1,-1.4169450834867126,1,-1.4574036068269993
dpctgan,"ClosestDistance(L_2, accuracy)",12435,0,-1.4651785171561087,0,-1.4574036068269993
dpctgan,"ClosestDistance(L_2, accuracy)",12435,1,-1.448700423643409,1,-1.4574036068269993
dpctgan,"ClosestDistance(L_2, accuracy)",12435,0,-1.4852258264077127,0,-1.4574036068269993
dpctgan,"ClosestDistance(L_2, accuracy)",12435,1,-1.4430251338857085,1,-1.4574036068269993
dpctgan,"ClosestDistance(L_2, accuracy)",12435,0,-1.4372486166150877,1,-1.4574036068269993
dpctgan,"ClosestDistance(L_2, accuracy)",12435,1,-1.4414502621221423,1,-1.4574036068269993
dpctgan,"ClosestDistance(L_2, accuracy)",12435,0,-1.4215606052718917,1,-1.4574036068269993
dpctgan,"ClosestDistance(L_2, accuracy)",12435,1,-1.4409301047552876,1,-1.4574036068269993
dpctgan,"ClosestDistance(L_2, accuracy)",12435,0,-1.4390386283485206,1,-1.4574036068269993
dpctgan,"ClosestDistance(L_2, accuracy)",12435,1,-1.4446002750006246,1,-1.4574036068269993
dpctgan,"ClosestDistance(L_2, accuracy)",12435,0,-1.425049290651903,1,-1.4574036068269993
dpctgan,"ClosestDistance(L_2, accuracy)",12435,1,-1.4334887166291974,1,-1.4574036068269993
dpctgan,"ClosestDistance(L_2, accuracy)",12435,0,-1.4272585697287088,1,-1.4574036068269993
dpctgan,"ClosestDistance(L_2, accuracy)",12435,1,-1.415570965293773,1,-1.4574036068269993
dpctgan,"ClosestDistance(L_2, accuracy)",12435,0,-1.4482157363225663,1,-1.4574036068269993
dpctgan,"ClosestDistance(L_2, accuracy)",12435,1,-1.4412720364093832,1,-1.4574036068269993
dpctgan,"ClosestDistance(L_2, accuracy)",12435,0,-1.4433555718676008,1,-1.4574036068269993
dpctgan,"ClosestDistance(L_2, accuracy)",12435,1,-1.4575306955481449,0,-1.4574036068269993
dpctgan,"ClosestDistance(L_2, accuracy)",12435,0,-1.447901013017307,1,-1.4574036068269993
dpctgan,"ClosestDistance(L_2, accuracy)",12435,1,-1.4715307057941795,0,-1.4574036068269993
dpctgan,"ClosestDistance(L_2, accuracy)",12435,0,-1.4331344905968746,1,-1.4574036068269993
dpctgan,"ClosestDistance(L_2, accuracy)",12435,1,-1.418156892587464,1,-1.4574036068269993
dpctgan,"ClosestDistance(L_2, accuracy)",12435,0,-1.4435211120862688,1,-1.4574036068269993
dpctgan,"ClosestDistance(L_2, accuracy)",12435,1,-1.4337067225973943,1,-1.4574036068269993
dpctgan,"ClosestDistance(L_2, accuracy)",12435,0,-1.4147873047733386,1,-1.4574036068269993
dpctgan,"ClosestDistance(L_2, accuracy)",12435,1,-1.4216774758892214,1,-1.4574036068269993
dpctgan,"ClosestDistance(L_2, accuracy)",12435,0,-1.4436076576957555,1,-1.4574036068269993
dpctgan,"ClosestDistance(L_2, accuracy)",12435,1,-1.420116720435368,1,-1.4574036068269993
dpctgan,"ClosestDistance(L_2, accuracy)",12435,0,-1.4207971552944365,1,-1.4574036068269993
dpctgan,"ClosestDistance(L_2, accuracy)",12435,1,-1.5061189037474143,0,-1.4574036068269993
dpctgan,"ClosestDistance(L_2, accuracy)",12435,0,-1.4322650967919208,1,-1.4574036068269993
dpctgan,"ClosestDistance(L_2, accuracy)",12435,1,-1.414720406873148,1,-1.4574036068269993
dpctgan,"ClosestDistance(L_2, accuracy)",12435,0,-1.470525746203547,0,-1.4574036068269993
dpctgan,"ClosestDistance(L_2, accuracy)",12435,1,-1.4257187358618506,1,-1.4574036068269993
dpctgan,"ClosestDistance(L_2, accuracy)",12435,0,-1.4363992149797584,1,-1.4574036068269993
dpctgan,"ClosestDistance(L_2, accuracy)",12435,1,-1.4241780737532996,1,-1.4574036068269993
dpctgan,"ClosestDistance(L_2, accuracy)",12435,0,-1.4452387227085173,1,-1.4574036068269993
dpctgan,"ClosestDistance(L_2, accuracy)",12435,1,-2.009695504203258,0,-1.4574036068269993
dpctgan,"ClosestDistance(L_2, accuracy)",12435,0,-1.4210755811284865,1,-1.4574036068269993
dpctgan,"ClosestDistance(L_2, accuracy)",12435,1,-1.432029629773572,1,-1.4574036068269993
dpctgan,"ClosestDistance(L_2, accuracy)",12435,0,-1.4195712293219023,1,-1.4574036068269993
dpctgan,"ClosestDistance(L_2, accuracy)",12435,1,-1.4272743973031616,1,-1.4574036068269993
dpctgan,"ClosestDistance(L_2, accuracy)",12435,0,-1.437709447653481,1,-1.4574036068269993
dpctgan,"ClosestDistance(L_2, accuracy)",12435,1,-1.4177994256479816,1,-1.4574036068269993
dpctgan,"ClosestDistance(L_2, accuracy)",12435,0,-1.4177246229669307,1,-1.4574036068269993
dpctgan,"ClosestDistance(L_2, accuracy)",12435,1,-1.4200031112298912,1,-1.4574036068269993
dpctgan,"ClosestDistance(L_2, accuracy)",12435,0,-1.4177882727416964,1,-1.4574036068269993
dpctgan,"ClosestDistance(L_2, accuracy)",12435,1,-1.4310254975369492,1,-1.4574036068269993
dpctgan,"ClosestDistance(L_2, accuracy)",12435,0,-1.4225274273881723,1,-1.4574036068269993
dpctgan,"ClosestDistance(L_2, accuracy)",12435,1,-1.4277958175815637,1,-1.4574036068269993
dpctgan,"ClosestDistance(L_2, accuracy)",12435,0,-2.0061337609933276,0,-1.4574036068269993
dpctgan,"ClosestDistance(L_2, accuracy)",12435,1,-1.4227818276016773,1,-1.4574036068269993
dpctgan,"ClosestDistance(L_2, accuracy)",12435,0,-1.4491871011115682,1,-1.4574036068269993
dpctgan,"ClosestDistance(L_2, accuracy)",12435,1,-1.449597606902468,1,-1.4574036068269993
dpctgan,"ClosestDistance(L_2, accuracy)",12435,0,-1.4499655591963434,1,-1.4574036068269993
dpctgan,"ClosestDistance(L_2, accuracy)",12435,1,-1.42754393683288,1,-1.4574036068269993
dpctgan,"ClosestDistance(L_2, accuracy)",12435,0,-2.0045832626822824,0,-1.4574036068269993
dpctgan,"ClosestDistance(L_2, accuracy)",12435,1,-1.439083452698839,1,-1.4574036068269993
dpctgan,"ClosestDistance(L_2, accuracy)",12435,0,-1.416903304745804,1,-1.4574036068269993
dpctgan,"ClosestDistance(L_2, accuracy)",12435,1,-1.4153100182490503,1,-1.4574036068269993
dpctgan,"ClosestDistance(L_2, accuracy)",12435,0,-1.4418632069883581,1,-1.4574036068269993
dpctgan,"ClosestDistance(L_2, accuracy)",12435,1,-1.4322286941798654,1,-1.4574036068269993
dpctgan,"ClosestDistance(L_2, accuracy)",12435,0,-1.4286473851820851,1,-1.4574036068269993
dpctgan,"ClosestDistance(L_2, accuracy)",12435,1,-1.6041259297961434,0,-1.4574036068269993
dpctgan,"ClosestDistance(L_2, accuracy)",12435,0,-1.433027625852313,1,-1.4574036068269993
dpctgan,"ClosestDistance(L_2, accuracy)",12435,1,-1.451800304503725,1,-1.4574036068269993
dpctgan,"ClosestDistance(L_2, accuracy)",12435,0,-1.4195640155318001,1,-1.4574036068269993
dpctgan,"ClosestDistance(L_2, accuracy)",12435,1,-1.4387129719468257,1,-1.4574036068269993
dpctgan,"ClosestDistance(L_2, accuracy)",12435,0,-1.419489149842326,1,-1.4574036068269993
dpctgan,"ClosestDistance(L_2, accuracy)",12435,1,-1.420069346359393,1,-1.4574036068269993
dpctgan,"ClosestDistance(L_2, accuracy)",12435,0,-1.4277900006981135,1,-1.4574036068269993
dpctgan,"ClosestDistance(L_2, accuracy)",12435,1,-1.4811879593655164,0,-1.4574036068269993
dpctgan,"ClosestDistance(L_2, accuracy)",12435,0,-1.4334780734078216,1,-1.4574036068269993
dpctgan,"ClosestDistance(L_2, accuracy)",12435,1,-1.4314189772747732,1,-1.4574036068269993
dpctgan,"ClosestDistance(L_2, accuracy)",12435,0,-2.0188366951902013,0,-1.4574036068269993
dpctgan,"ClosestDistance(L_2, accuracy)",12435,1,-1.4411968145952316,1,-1.4574036068269993
dpctgan,"ClosestDistance(L_2, accuracy)",12435,0,-1.4234184347305698,1,-1.4574036068269993
dpctgan,"ClosestDistance(L_2, accuracy)",12435,1,-1.4310499196079398,1,-1.4574036068269993
dpctgan,"ClosestDistance(L_2, accuracy)",12435,0,-1.438565708526288,1,-1.4574036068269993
dpctgan,"ClosestDistance(L_2, accuracy)",12435,1,-1.4430939553269373,1,-1.4574036068269993
dpctgan,"ClosestDistance(L_2, accuracy)",12435,0,-1.4351042406310868,1,-1.4574036068269993
dpctgan,"ClosestDistance(L_2, accuracy)",12435,1,-1.4281923778444279,1,-1.4574036068269993
dpctgan,"ClosestDistance(L_2, accuracy)",12435,0,-1.4235921238015283,1,-1.4574036068269993
dpctgan,"ClosestDistance(L_2, accuracy)",12435,1,-1.4327530600885006,1,-1.4574036068269993
dpctgan,"ClosestDistance(L_2, accuracy)",12435,0,-1.4306738068513627,1,-1.4574036068269993
dpctgan,"ClosestDistance(L_2, accuracy)",12435,1,-1.4462789324761005,1,-1.4574036068269993
dpctgan,"ClosestDistance(L_2, accuracy)",12435,0,-1.4417895823110614,1,-1.4574036068269993
dpctgan,"ClosestDistance(L_2, accuracy)",12435,1,-1.4174147927263987,1,-1.4574036068269993
dpctgan,"ClosestDistance(L_2, accuracy)",12435,0,-1.420532588589227,1,-1.4574036068269993
dpctgan,"ClosestDistance(L_2, accuracy)",12435,1,-1.4167280707726273,1,-1.4574036068269993
dpctgan,"ClosestDistance(L_2, accuracy)",12435,0,-1.4239255286339938,1,-1.4574036068269993
dpctgan,"ClosestDistance(L_2, accuracy)",12435,1,-0.2801748964025229,1,-1.4574036068269993
dpctgan,"ClosestDistance(L_2, accuracy)",12435,0,-1.4777011316576645,0,-1.4574036068269993
dpctgan,"ClosestDistance(L_2, accuracy)",12435,1,-1.4387716313761705,1,-1.4574036068269993
dpctgan,"ClosestDistance(L_2, accuracy)",12435,0,-1.4463482437118367,1,-1.4574036068269993
dpctgan,"ClosestDistance(L_2, accuracy)",12435,1,-1.4376160696417508,1,-1.4574036068269993
dpctgan,"ClosestDistance(L_2, accuracy)",12435,0,-1.4276799594425733,1,-1.4574036068269993
dpctgan,"ClosestDistance(L_2, accuracy)",12435,1,-1.419944603107568,1,-1.4574036068269993
dpctgan,"ClosestDistance(L_2, accuracy)",12435,0,-1.4289836792347295,1,-1.4574036068269993
dpctgan,"ClosestDistance(L_2, accuracy)",12435,1,-1.4331353216105365,1,-1.4574036068269993
dpctgan,"ClosestDistance(L_2, accuracy)",12435,0,-1.4565196197173786,1,-1.4574036068269993
dpctgan,"ClosestDistance(L_2, accuracy)",12435,1,-1.4374129223605063,1,-1.4574036068269993
dpctgan,"ClosestDistance(L_2, accuracy)",12435,0,-1.4648852012753026,0,-1.4574036068269993
dpctgan,"ClosestDistance(L_2, accuracy)",12435,1,-1.4463531948326054,1,-1.4574036068269993
dpctgan,"ClosestDistance(L_2, accuracy)",12435,0,-1.4175483001826257,1,-1.4574036068269993
dpctgan,"ClosestDistance(L_2, accuracy)",12435,1,-1.4336270829306657,1,-1.4574036068269993
dpctgan,"ClosestDistance(L_2, accuracy)",12435,0,-1.4370795980286823,1,-1.4574036068269993
dpctgan,"ClosestDistance(L_2, accuracy)",12435,1,-1.430022811651082,1,-1.4574036068269993
dpctgan,"ClosestDistance(L_2, accuracy)",12435,0,-1.4283366373712536,1,-1.4574036068269993
dpctgan,"ClosestDistance(L_2, accuracy)",12435,1,-1.4156340553394358,1,-1.4574036068269993
dpctgan,"ClosestDistance(L_2, accuracy)",12435,0,-1.4239542528567943,1,-1.4574036068269993
dpctgan,"ClosestDistance(L_2, accuracy)",12435,1,-1.4343627097766896,1,-1.4574036068269993
dpctgan,"ClosestDistance(L_2, accuracy)",12435,0,-1.4320310532183633,1,-1.4574036068269993
dpctgan,"ClosestDistance(L_2, accuracy)",12435,1,-1.4247050684077656,1,-1.4574036068269993
dpctgan,"ClosestDistance(L_2, accuracy)",12435,0,-1.4365680531766993,1,-1.4574036068269993
dpctgan,"ClosestDistance(L_2, accuracy)",12435,1,-1.4307601209179608,1,-1.4574036068269993
dpctgan,"ClosestDistance(L_2, accuracy)",12435,0,-1.529610023672361,0,-1.4574036068269993
dpctgan,"ClosestDistance(L_2, accuracy)",12435,1,-1.4420789571554382,1,-1.4574036068269993
dpctgan,"ClosestDistance(L_2, accuracy)",12435,0,-1.430445142038466,1,-1.4574036068269993
dpctgan,"ClosestDistance(L_2, accuracy)",12435,1,-1.4262239932647485,1,-1.4574036068269993
dpctgan,"ClosestDistance(L_2, accuracy)",12435,0,-1.450324173405556,1,-1.4574036068269993
dpctgan,"ClosestDistance(L_2, accuracy)",12435,1,-1.4373442982687203,1,-1.4574036068269993
dpctgan,"ClosestDistance(L_2, accuracy)",12435,0,-1.4305121419959397,1,-1.4574036068269993
dpctgan,"ClosestDistance(L_2, accuracy)",12435,1,-1.4936849073678193,0,-1.4574036068269993
dpctgan,"ClosestDistance(L_2, accuracy)",12435,0,-1.4535794122364103,1,-1.4574036068269993
dpctgan,"ClosestDistance(L_2, accuracy)",12435,1,-1.4395522901119482,1,-1.4574036068269993
dpctgan,"ClosestDistance(L_2, accuracy)",12435,0,-1.4175739709230069,1,-1.4574036068269993
dpctgan,"ClosestDistance(L_2, accuracy)",12435,1,-1.4551244689909195,1,-1.4574036068269993
dpctgan,"ClosestDistance(L_2, accuracy)",12435,0,-1.4628818314575083,0,-1.4574036068269993
dpctgan,"ClosestDistance(L_2, accuracy)",12435,1,-1.4152494392957213,1,-1.4574036068269993
dpctgan,"ClosestDistance(L_2, accuracy)",12435,0,-1.421000989537128,1,-1.4574036068269993
dpctgan,"ClosestDistance(L_2, accuracy)",12435,1,-1.43416096692019,1,-1.4574036068269993
dpctgan,"ClosestDistance(L_2, accuracy)",12435,0,-1.4390487865111856,1,-1.4574036068269993
dpctgan,"ClosestDistance(L_2, accuracy)",12435,1,-1.4255147469236662,1,-1.4574036068269993
dpctgan,"ClosestDistance(L_2, accuracy)",12435,0,-1.456571556042026,1,-1.4574036068269993
dpctgan,"ClosestDistance(L_2, accuracy)",12435,1,-1.455148314344625,1,-1.4574036068269993
dpctgan,"ClosestDistance(L_2, accuracy)",12435,0,-1.4500892127500813,1,-1.4574036068269993
dpctgan,"ClosestDistance(L_2, accuracy)",12435,1,-1.4236280349059054,1,-1.4574036068269993
dpctgan,"ClosestDistance(L_2, accuracy)",12435,0,-1.4436713399147565,1,-1.4574036068269993
dpctgan,"ClosestDistance(L_2, accuracy)",12435,1,-1.4447425873449062,1,-1.4574036068269993
dpctgan,"ClosestDistance(L_2, accuracy)",12435,0,-1.4217656966379937,1,-1.4574036068269993
dpctgan,"ClosestDistance(L_2, accuracy)",12435,1,-1.4176115113165937,1,-1.4574036068269993
dpctgan,"ClosestDistance(L_2, accuracy)",12435,0,-1.5160731675944363,0,-1.4574036068269993
dpctgan,"ClosestDistance(L_2, accuracy)",12435,1,-1.4307076264595147,1,-1.4574036068269993
dpctgan,"ClosestDistance(L_2, accuracy)",12435,0,-1.4585002109986398,0,-1.4574036068269993
dpctgan,"ClosestDistance(L_2, accuracy)",12435,1,-1.4302314796039521,1,-1.4574036068269993
dpctgan,"ClosestDistance(L_2, accuracy)",12435,0,-1.419193766589257,1,-1.4574036068269993
dpctgan,"ClosestDistance(L_2, accuracy)",12435,1,-1.4200698301880457,1,-1.4574036068269993
dpctgan,"ClosestDistance(L_2, accuracy)",12435,0,-1.4468933486754092,1,-1.4574036068269993
dpctgan,"ClosestDistance(L_2, accuracy)",12435,1,-1.4282915139433598,1,-1.4574036068269993
dpctgan,"ClosestDistance(L_2, accuracy)",12435,0,-1.4212598372231022,1,-1.4574036068269993
dpctgan,"ClosestDistance(L_2, accuracy)",12435,1,-1.4308815757516418,1,-1.4574036068269993
dpctgan,"ClosestDistance(L_2, accuracy)",12435,0,-1.4220733071330838,1,-1.4574036068269993
dpctgan,"ClosestDistance(L_2, accuracy)",12435,1,-1.4199344797084714,1,-1.4574036068269993
dpctgan,"ClosestDistance(L_2, accuracy)",12435,0,-1.424724073230854,1,-1.4574036068269993
dpctgan,"ClosestDistance(L_2, accuracy)",12435,1,-1.4504066545502254,1,-1.4574036068269993
dpctgan,"ClosestDistance(L_2, accuracy)",12435,0,-1.4833638394349096,0,-1.4574036068269993
dpctgan,"ClosestDistance(L_2, accuracy)",12435,1,-1.4290525495001647,1,-1.4574036068269993
dpctgan,"ClosestDistance(L_2, accuracy)",12435,0,-1.4346342692065088,1,-1.4574036068269993
dpctgan,"ClosestDistance(L_2, accuracy)",12435,1,-1.4400480993305647,1,-1.4574036068269993
dpctgan,"ClosestDistance(L_2, accuracy)",12435,0,-1.5073441921446316,0,-1.4574036068269993
dpctgan,"ClosestDistance(L_2, accuracy)",12435,1,-1.4231249529057588,1,-1.4574036068269993
dpctgan,"ClosestDistance(L_2, accuracy)",12435,0,-1.4467733818801058,1,-1.4574036068269993
dpctgan,"ClosestDistance(L_2, accuracy)",12435,1,-1.4473792710990372,1,-1.4574036068269993
dpctgan,"ClosestDistance(L_2, accuracy)",12435,0,-1.4252337451470636,1,-1.4574036068269993
dpctgan,"ClosestDistance(L_2, accuracy)",12435,1,-1.4383939094501723,1,-1.4574036068269993
dpctgan,"ClosestDistance(L_2, accuracy)",12435,0,-1.4347427083930901,1,-1.4574036068269993
dpctgan,"ClosestDistance(L_2, accuracy)",12435,1,-1.4296363102899587,1,-1.4574036068269993
dpctgan,"ClosestDistance(L_2, accuracy)",12435,0,-1.4480808887981567,1,-1.4574036068269993
dpctgan,"ClosestDistance(L_2, accuracy)",12435,1,-1.4479218248233574,1,-1.4574036068269993
dpctgan,"ClosestDistance(L_2, accuracy)",12435,0,-1.4304219547157355,1,-1.4574036068269993
dpctgan,"ClosestDistance(L_2, accuracy)",12435,1,-1.423102193615328,1,-1.4574036068269993
dpctgan,"ClosestDistance(L_2, accuracy)",12435,0,-1.4194405273250459,1,-1.4574036068269993
dpctgan,"ClosestDistance(L_2, accuracy)",12435,1,-1.420168621955742,1,-1.4574036068269993
dpctgan,"ClosestDistance(L_2, accuracy)",12435,0,-1.4200002482076766,1,-1.4574036068269993
dpctgan,"ClosestDistance(L_2, accuracy)",12435,1,-1.4294151186084325,1,-1.4574036068269993
dpctgan,"ClosestDistance(L_2, accuracy)",12435,0,-2.0109700631774254,0,-1.4574036068269993
dpctgan,"ClosestDistance(L_2, accuracy)",12435,1,-1.4177802927227805,1,-1.4574036068269993
dpctgan,"ClosestDistance(L_2, accuracy)",12435,0,-1.4262791906604566,1,-1.4574036068269993
dpctgan,"ClosestDistance(L_2, accuracy)",12435,1,-1.4316718657480667,1,-1.4574036068269993
dpctgan,"ClosestDistance(L_2, accuracy)",12435,0,-1.4214077431093328,1,-1.4574036068269993
dpctgan,"ClosestDistance(L_2, accuracy)",12435,1,-1.4257730584973736,1,-1.4574036068269993
dpctgan,"ClosestDistance(L_2, accuracy)",12435,0,-1.4835317070749157,0,-1.4574036068269993
dpctgan,"ClosestDistance(L_2, accuracy)",12435,1,-1.430523783700391,1,-1.4574036068269993
dpctgan,"ClosestDistance(L_2, accuracy)",12435,0,-1.4429436531310331,1,-1.4574036068269993
dpctgan,"ClosestDistance(L_2, accuracy)",12435,1,-1.4219882772592358,1,-1.4574036068269993
dpctgan,"ClosestDistance(L_2, accuracy)",12435,0,-1.4378726653325171,1,-1.4574036068269993
dpctgan,"ClosestDistance(L_2, accuracy)",12435,1,-1.466436455078475,0,-1.4574036068269993
dpctgan,"ClosestDistance(L_2, accuracy)",12435,0,-1.4198976451472576,1,-1.4574036068269993
dpctgan,"ClosestDistance(L_2, accuracy)",12435,1,-1.4449230169252953,1,-1.4574036068269993
dpctgan,"ClosestDistance(L_2, accuracy)",12435,0,-1.4163955113332392,1,-1.4574036068269993
dpctgan,"ClosestDistance(L_2, accuracy)",12435,1,-2.0054718317673035,0,-1.4574036068269993
dpctgan,"ClosestDistance(L_2, accuracy)",12435,0,-1.4205135739967567,1,-1.4574036068269993
dpctgan,"ClosestDistance(L_2, accuracy)",12435,1,-1.476711518074752,0,-1.4574036068269993
dpctgan,"ClosestDistance(L_2, accuracy)",12435,0,-1.4337456977367335,1,-1.4574036068269993
dpctgan,"ClosestDistance(L_2, accuracy)",12435,1,-1.4203585063660018,1,-1.4574036068269993
dpctgan,"ClosestDistance(L_2, accuracy)",12435,0,-1.436219786927131,1,-1.4574036068269993
dpctgan,"ClosestDistance(L_2, accuracy)",12435,1,-2.0285068091069056,0,-1.4574036068269993
dpctgan,"ClosestDistance(L_2, accuracy)",12435,0,-1.4394674993094834,1,-1.4574036068269993
dpctgan,"ClosestDistance(L_2, accuracy)",12435,1,-1.4222731442425665,1,-1.4574036068269993
dpctgan,"ClosestDistance(L_2, accuracy)",12435,0,-1.4251469553051574,1,-1.4574036068269993
dpctgan,"ClosestDistance(L_2, accuracy)",12435,1,-1.435250263864824,1,-1.4574036068269993
dpctgan,"ClosestDistance(L_2, accuracy)",12435,0,-1.431674739955482,1,-1.4574036068269993
dpctgan,"ClosestDistance(L_2, accuracy)",12435,1,-1.4154894236373357,1,-1.4574036068269993
dpctgan,"ClosestDistance(L_2, accuracy)",12435,0,-1.4367385830765327,1,-1.4574036068269993
dpctgan,"ClosestDistance(L_2, accuracy)",12435,1,-1.4255395847369838,1,-1.4574036068269993
dpctgan,"ClosestDistance(L_2, accuracy)",12435,0,-1.473408552182953,0,-1.4574036068269993
dpctgan,"ClosestDistance(L_2, accuracy)",12435,1,-1.423079042249389,1,-1.4574036068269993
dpctgan,"ClosestDistance(L_2, accuracy)",12435,0,-1.4166830289978773,1,-1.4574036068269993
dpctgan,"ClosestDistance(L_2, accuracy)",12435,1,-1.424582417429578,1,-1.4574036068269993
dpctgan,"ClosestDistance(L_2, accuracy)",12435,0,-1.440611331223725,1,-1.4574036068269993
dpctgan,"ClosestDistance(L_2, accuracy)",12435,1,-1.4217975688732298,1,-1.4574036068269993
dpctgan,"ClosestDistance(L_2, accuracy)",12435,0,-1.4308361852080889,1,-1.4574036068269993
dpctgan,"ClosestDistance(L_2, accuracy)",12435,1,-1.426125693221836,1,-1.4574036068269993
dpctgan,"ClosestDistance(L_2, accuracy)",12435,0,-1.4392193951077492,1,-1.4574036068269993
dpctgan,"ClosestDistance(L_2, accuracy)",12435,1,-1.4286393174393066,1,-1.4574036068269993
dpctgan,"ClosestDistance(L_2, accuracy)",12435,0,-1.4183512742285123,1,-1.4574036068269993
dpctgan,"ClosestDistance(L_2, accuracy)",12435,1,-1.41690346923982,1,-1.4574036068269993
dpctgan,"ClosestDistance(L_2, accuracy)",12435,0,-1.4409983947027851,1,-1.4574036068269993
dpctgan,"ClosestDistance(L_2, accuracy)",12435,1,-1.4327186845941478,1,-1.4574036068269993
dpctgan,"ClosestDistance(L_2, accuracy)",12435,0,-1.4387285490323147,1,-1.4574036068269993
dpctgan,"ClosestDistance(L_2, accuracy)",12435,1,-1.4340490974395934,1,-1.4574036068269993
dpctgan,"ClosestDistance(L_2, accuracy)",12435,0,-1.4202129528162495,1,-1.4574036068269993
dpctgan,"ClosestDistance(L_2, accuracy)",12435,1,-1.4573683463972538,1,-1.4574036068269993
dpctgan,"ClosestDistance(L_2, accuracy)",12435,0,-1.4296248586478026,1,-1.4574036068269993
dpctgan,"ClosestDistance(L_2, accuracy)",12435,1,-1.4570479023568235,1,-1.4574036068269993
dpctgan,"ClosestDistance(L_2, accuracy)",12435,0,-1.4264038089798772,1,-1.4574036068269993
dpctgan,"ClosestDistance(L_2, accuracy)",12435,1,-1.4331010984956705,1,-1.4574036068269993
dpctgan,"ClosestDistance(L_2, accuracy)",12435,0,-1.500248336242403,0,-1.4574036068269993
dpctgan,"ClosestDistance(L_2, accuracy)",12435,1,-1.4317014614892793,1,-1.4574036068269993
dpctgan,"ClosestDistance(L_2, accuracy)",12435,0,-1.4411703861947995,1,-1.4574036068269993
dpctgan,"ClosestDistance(L_2, accuracy)",12435,1,-1.4176841513138376,1,-1.4574036068269993
dpctgan,"ClosestDistance(L_2, accuracy)",12435,0,-1.417546584077155,1,-1.4574036068269993
dpctgan,"ClosestDistance(L_2, accuracy)",12435,1,-1.458645228060823,0,-1.4574036068269993
dpctgan,"ClosestDistance(L_2, accuracy)",12435,0,-1.4222403763213107,1,-1.4574036068269993
dpctgan,"ClosestDistance(L_2, accuracy)",12435,1,-1.4660663038427477,0,-1.4574036068269993
dpctgan,"ClosestDistance(L_2, accuracy)",12435,0,-1.4363308865576865,1,-1.4574036068269993
dpctgan,"ClosestDistance(L_2, accuracy)",12435,1,-1.4425347618089346,1,-1.4574036068269993
dpctgan,"ClosestDistance(L_2, accuracy)",12435,0,-1.4145130795494654,1,-1.4574036068269993
dpctgan,"ClosestDistance(L_2, accuracy)",12435,1,-1.422259841183778,1,-1.4574036068269993
dpctgan,"ClosestDistance(L_2, accuracy)",12435,0,-1.4559199654020465,1,-1.4574036068269993
dpctgan,"ClosestDistance(L_2, accuracy)",12435,1,-1.436369771459024,1,-1.4574036068269993
dpctgan,"ClosestDistance(L_2, accuracy)",12435,0,-1.4239521042440546,1,-1.4574036068269993
dpctgan,"ClosestDistance(L_2, accuracy)",12435,1,-1.459975506307686,0,-1.4574036068269993
dpctgan,"ClosestDistance(L_2, accuracy)",12435,0,-1.4274485281737364,1,-1.4574036068269993
dpctgan,"ClosestDistance(L_2, accuracy)",12435,1,-1.4667283548775658,0,-1.4574036068269993
dpctgan,"ClosestDistance(L_2, accuracy)",12435,0,-1.4684627566735287,0,-1.4574036068269993
dpctgan,"ClosestDistance(L_2, accuracy)",12435,1,-1.47394267016047,0,-1.4574036068269993
dpctgan,"ClosestDistance(L_2, accuracy)",12435,0,-1.4260807443310703,1,-1.4574036068269993
dpctgan,"ClosestDistance(L_2, accuracy)",12435,1,-1.4625929298083273,0,-1.4574036068269993
dpctgan,"ClosestDistance(L_2, accuracy)",12435,0,-1.4258301736854702,1,-1.4574036068269993
dpctgan,"ClosestDistance(L_2, accuracy)",12435,1,-1.4771237888879867,0,-1.4574036068269993
dpctgan,"ClosestDistance(L_2, accuracy)",12435,0,-1.4426649176624304,1,-1.4574036068269993
dpctgan,"ClosestDistance(L_2, accuracy)",12435,1,-1.4238140858331776,1,-1.4574036068269993
dpctgan,"ClosestDistance(L_2, accuracy)",12435,0,-1.4589153243416428,0,-1.4574036068269993
dpctgan,"ClosestDistance(L_2, accuracy)",12435,1,-1.4217739658904738,1,-1.4574036068269993
dpctgan,"ClosestDistance(L_2, accuracy)",12435,0,-1.4228362114733835,1,-1.4574036068269993
dpctgan,"ClosestDistance(L_2, accuracy)",12435,1,-1.4265245246622176,1,-1.4574036068269993
dpctgan,"ClosestDistance(L_2, accuracy)",12435,0,-1.4294653009017506,1,-1.4574036068269993
dpctgan,"ClosestDistance(L_2, accuracy)",12435,1,-1.454868126516788,1,-1.4574036068269993
dpctgan,"ClosestDistance(L_2, accuracy)",12435,0,-1.4273928067371078,1,-1.4574036068269993
dpctgan,"ClosestDistance(L_2, accuracy)",12435,1,-1.4194643576758916,1,-1.4574036068269993
dpctgan,"ClosestDistance(L_2, accuracy)",12435,0,-1.4494702869640985,1,-1.4574036068269993
dpctgan,"ClosestDistance(L_2, accuracy)",12435,1,-1.427573530938676,1,-1.4574036068269993
dpctgan,"ClosestDistance(L_2, accuracy)",12435,0,-1.417126054280342,1,-1.4574036068269993
dpctgan,"ClosestDistance(L_2, accuracy)",12435,1,-1.4281534852988933,1,-1.4574036068269993
dpctgan,"ClosestDistance(L_2, accuracy)",12435,0,-1.4349991739724837,1,-1.4574036068269993
dpctgan,"ClosestDistance(L_2, accuracy)",12435,1,-1.4499323377751836,1,-1.4574036068269993
dpctgan,"ClosestDistance(L_2, accuracy)",12435,0,-1.4288149271569555,1,-1.4574036068269993
dpctgan,"ClosestDistance(L_2, accuracy)",12435,1,-1.4353394452686337,1,-1.4574036068269993
dpctgan,"ClosestDistance(L_2, accuracy)",12435,0,-1.4296968157516186,1,-1.4574036068269993
dpctgan,"ClosestDistance(L_2, accuracy)",12435,1,-1.4322506830562491,1,-1.4574036068269993
dpctgan,"ClosestDistance(L_2, accuracy)",12435,0,-1.4203977932193264,1,-1.4574036068269993
dpctgan,"ClosestDistance(L_2, accuracy)",12435,1,-1.5208989061363,0,-1.4574036068269993
dpctgan,"ClosestDistance(L_2, accuracy)",12435,0,-1.433351078618231,1,-1.4574036068269993
dpctgan,"ClosestDistance(L_2, accuracy)",12435,1,-1.4307094060424281,1,-1.4574036068269993
dpctgan,"ClosestDistance(L_2, accuracy)",12435,0,-1.4252929955504365,1,-1.4574036068269993
dpctgan,"ClosestDistance(L_2, accuracy)",12435,1,-1.417871536548381,1,-1.4574036068269993
dpctgan,"ClosestDistance(L_2, accuracy)",12435,0,-1.4365297385129905,1,-1.4574036068269993
dpctgan,"ClosestDistance(L_2, accuracy)",12435,1,-1.4607934299210723,0,-1.4574036068269993
dpctgan,"ClosestDistance(L_2, accuracy)",12435,0,-1.4756604581576893,0,-1.4574036068269993
dpctgan,"ClosestDistance(L_2, accuracy)",12435,1,-1.4261293152198242,1,-1.4574036068269993
dpctgan,"ClosestDistance(L_2, accuracy)",12435,0,-1.4429768838134,1,-1.4574036068269993
dpctgan,"ClosestDistance(L_2, accuracy)",12435,1,-1.415509450859963,1,-1.4574036068269993
dpctgan,"ClosestDistance(L_2, accuracy)",12435,0,-1.5168187019905421,0,-1.4574036068269993
dpctgan,"ClosestDistance(L_2, accuracy)",12435,1,-1.4400986973913619,1,-1.4574036068269993
dpctgan,"ClosestDistance(L_2, accuracy)",12435,0,-1.4652760993299214,0,-1.4574036068269993
dpctgan,"ClosestDistance(L_2, accuracy)",12435,1,-1.5083245434856982,0,-1.4574036068269993
dpctgan,"ClosestDistance(L_2, accuracy)",12435,0,-1.4458900727438053,1,-1.4574036068269993
dpctgan,"ClosestDistance(L_2, accuracy)",12435,1,-1.431150390065938,1,-1.4574036068269993
dpctgan,"ClosestDistance(L_2, accuracy)",12435,0,-1.416244191717591,1,-1.4574036068269993
dpctgan,"ClosestDistance(L_2, accuracy)",12435,1,-1.4597556039528488,0,-1.4574036068269993
dpctgan,"ClosestDistance(L_2, accuracy)",12435,0,-1.450716158163137,1,-1.4574036068269993
dpctgan,"ClosestDistance(L_2, accuracy)",12435,1,-1.4385580447380149,1,-1.4574036068269993
dpctgan,"ClosestDistance(L_2, accuracy)",12435,0,-1.4244861633968506,1,-1.4574036068269993
dpctgan,"ClosestDistance(L_2, accuracy)",12435,1,-1.4310500803560904,1,-1.4574036068269993
dpctgan,"ClosestDistance(L_2, accuracy)",12435,0,-1.4269137093640727,1,-1.4574036068269993
dpctgan,"ClosestDistance(L_2, accuracy)",12435,1,-1.4238995084132768,1,-1.4574036068269993
dpctgan,"ClosestDistance(L_2, accuracy)",12435,0,-1.4289795878417455,1,-1.4574036068269993
dpctgan,"ClosestDistance(L_2, accuracy)",12435,1,-1.4332467496431753,1,-1.4574036068269993
dpctgan,"ClosestDistance(L_2, accuracy)",12435,0,-1.4625870570678323,0,-1.4574036068269993
dpctgan,"ClosestDistance(L_2, accuracy)",12435,1,-1.4284060367932323,1,-1.4574036068269993
dpctgan,"ClosestDistance(L_2, accuracy)",12435,0,-1.4291432223815874,1,-1.4574036068269993
dpctgan,"ClosestDistance(L_2, accuracy)",12435,1,-1.4751350189604409,0,-1.4574036068269993
dpctgan,"ClosestDistance(L_2, accuracy)",12435,0,-1.4184359560687259,1,-1.4574036068269993
dpctgan,"ClosestDistance(L_2, accuracy)",12435,1,-1.449726820058897,1,-1.4574036068269993
dpctgan,"ClosestDistance(L_2, accuracy)",12435,0,-1.4422323604245437,1,-1.4574036068269993
dpctgan,"ClosestDistance(L_2, accuracy)",12435,1,-1.4200955631326855,1,-1.4574036068269993
dpctgan,"ClosestDistance(L_2, accuracy)",12435,0,-1.4303846457533242,1,-1.4574036068269993
dpctgan,"ClosestDistance(L_2, accuracy)",12435,1,-1.4450438914191237,1,-1.4574036068269993
dpctgan,"ClosestDistance(L_2, accuracy)",12435,0,-1.4153631747907058,1,-1.4574036068269993
dpctgan,"ClosestDistance(L_2, accuracy)",12435,1,-1.423820506626401,1,-1.4574036068269993
dpctgan,"ClosestDistance(L_2, accuracy)",12435,0,-1.4271010972995357,1,-1.4574036068269993
dpctgan,"ClosestDistance(L_2, accuracy)",12435,1,-1.4364756906997809,1,-1.4574036068269993
dpctgan,"ClosestDistance(L_2, accuracy)",12435,0,-1.4283766294615468,1,-1.4574036068269993
dpctgan,"ClosestDistance(L_2, accuracy)",12435,1,-2.000649511608822,0,-1.4574036068269993
dpctgan,"ClosestDistance(L_2, accuracy)",12435,0,-1.4243855909585803,1,-1.4574036068269993
dpctgan,"ClosestDistance(L_2, accuracy)",12435,1,-1.4251267128104206,1,-1.4574036068269993
dpctgan,"ClosestDistance(L_2, accuracy)",12435,0,-1.4997103070968383,0,-1.4574036068269993
dpctgan,"ClosestDistance(L_2, accuracy)",12435,1,-1.4293448697943227,1,-1.4574036068269993
dpctgan,"ClosestDistance(L_2, accuracy)",12435,0,-1.4434180192420456,1,-1.4574036068269993
dpctgan,"ClosestDistance(L_2, accuracy)",12435,1,-1.433984565325249,1,-1.4574036068269993
dpctgan,"ClosestDistance(L_2, accuracy)",12435,0,-1.4524280125769027,1,-1.4574036068269993
dpctgan,"ClosestDistance(L_2, accuracy)",12435,1,-1.4264173292362945,1,-1.4574036068269993
dpctgan,"ClosestDistance(L_2, accuracy)",12435,0,-1.4177623558089745,1,-1.4574036068269993
dpctgan,"ClosestDistance(L_2, accuracy)",12435,1,-1.441451993315578,1,-1.4574036068269993
dpctgan,"ClosestDistance(L_2, accuracy)",12435,0,-1.441350441381812,1,-1.4574036068269993
dpctgan,"ClosestDistance(L_2, accuracy)",12435,1,-1.4304301880087322,1,-1.4574036068269993
dpctgan,"ClosestDistance(L_2, accuracy)",12435,0,-1.421156369629936,1,-1.4574036068269993
dpctgan,"ClosestDistance(L_2, accuracy)",12435,1,-1.4369834062793105,1,-1.4574036068269993
dpctgan,"ClosestDistance(L_2, accuracy)",12435,0,-1.4369203107504946,1,-1.4574036068269993
dpctgan,"ClosestDistance(L_2, accuracy)",12435,1,-1.4698289993634577,0,-1.4574036068269993
dpctgan,"ClosestDistance(L_2, accuracy)",12435,0,-1.4369956231466865,1,-1.4574036068269993
dpctgan,"ClosestDistance(L_2, accuracy)",12435,1,-1.4313328607106295,1,-1.4574036068269993
dpctgan,"ClosestDistance(L_2, accuracy)",12435,0,-1.4225230744117467,1,-1.4574036068269993
dpctgan,"ClosestDistance(L_2, accuracy)",12435,1,-1.428097703111271,1,-1.4574036068269993
dpctgan,"ClosestDistance(L_2, accuracy)",12435,0,-1.5005553251734558,0,-1.4574036068269993
dpctgan,"ClosestDistance(L_2, accuracy)",12435,1,-1.4500483239487238,1,-1.4574036068269993
dpctgan,"ClosestDistance(L_2, accuracy)",12435,0,-1.4434568870737898,1,-1.4574036068269993
dpctgan,"ClosestDistance(L_2, accuracy)",12435,1,-1.4382693849152568,1,-1.4574036068269993
dpctgan,"ClosestDistance(L_2, accuracy)",12435,0,-2.0097345120533228,0,-1.4574036068269993
dpctgan,"ClosestDistance(L_2, accuracy)",12435,1,-1.475780220180429,0,-1.4574036068269993
dpctgan,"ClosestDistance(L_2, accuracy)",12435,0,-1.4309517795209017,1,-1.4574036068269993
dpctgan,"ClosestDistance(L_2, accuracy)",12435,1,-1.4257420103810854,1,-1.4574036068269993
dpctgan,"ClosestDistance(L_2, accuracy)",12435,0,-1.4412907806956838,1,-1.4574036068269993
dpctgan,"ClosestDistance(L_2, accuracy)",12435,1,-1.4458571472817472,1,-1.4574036068269993
dpctgan,"ClosestDistance(L_2, accuracy)",12435,0,-1.4232663669736436,1,-1.4574036068269993
dpctgan,"ClosestDistance(L_2, accuracy)",12435,1,-1.474962480812988,0,-1.4574036068269993
dpctgan,"ClosestDistance(L_2, accuracy)",12435,0,-1.484303915189506,0,-1.4574036068269993
dpctgan,"ClosestDistance(L_2, accuracy)",12435,1,-1.446737716132093,1,-1.4574036068269993
dpctgan,"ClosestDistance(L_2, accuracy)",12435,0,-1.4318047207339921,1,-1.4574036068269993
dpctgan,"ClosestDistance(L_2, accuracy)",12435,1,-1.453536627095467,1,-1.4574036068269993
dpctgan,"ClosestDistance(L_2, accuracy)",12435,0,-1.4209452288106805,1,-1.4574036068269993
dpctgan,"ClosestDistance(L_2, accuracy)",12435,1,-1.4380254788920337,1,-1.4574036068269993
dpctgan,"ClosestDistance(L_2, accuracy)",12435,0,-1.4392076567228094,1,-1.4574036068269993
dpctgan,"ClosestDistance(L_2, accuracy)",12435,1,-1.423270567046584,1,-1.4574036068269993
dpctgan,"ClosestDistance(L_2, accuracy)",12435,0,-1.4384543043977995,1,-1.4574036068269993
dpctgan,"ClosestDistance(L_2, accuracy)",12435,1,-1.4358324530070152,1,-1.4574036068269993
dpctgan,"ClosestDistance(L_2, accuracy)",12435,0,-1.424546199620632,1,-1.4574036068269993
dpctgan,"ClosestDistance(L_2, accuracy)",12435,1,-1.4250837896423754,1,-1.4574036068269993
dpctgan,"ClosestDistance(L_2, accuracy)",12435,0,-1.4177658305915823,1,-1.4574036068269993
dpctgan,"ClosestDistance(L_2, accuracy)",12435,1,-1.4207803767467635,1,-1.4574036068269993
dpctgan,"ClosestDistance(L_2, accuracy)",12435,0,-1.4439559341104322,1,-1.4574036068269993
dpctgan,"ClosestDistance(L_2, accuracy)",12435,1,-1.4439834115860875,1,-1.4574036068269993
dpctgan,"ClosestDistance(L_2, accuracy)",12435,0,-1.432205154259867,1,-1.4574036068269993
dpctgan,"ClosestDistance(L_2, accuracy)",12435,1,-1.4365008474610297,1,-1.4574036068269993
dpctgan,"ClosestDistance(L_2, accuracy)",12435,0,-1.551181638656343,0,-1.4574036068269993
dpctgan,"ClosestDistance(L_2, accuracy)",12435,1,-1.518525730759606,0,-1.4574036068269993
dpctgan,"ClosestDistance(L_2, accuracy)",12435,0,-1.4328656641513877,1,-1.4574036068269993
dpctgan,"ClosestDistance(L_2, accuracy)",12435,1,-1.4362007593921857,1,-1.4574036068269993
dpctgan,"ClosestDistance(L_2, accuracy)",12435,0,-1.4665702879502547,0,-1.4574036068269993
dpctgan,"ClosestDistance(L_2, accuracy)",12435,1,-1.4195019875484611,1,-1.4574036068269993
dpctgan,"ClosestDistance(L_2, accuracy)",12435,0,-1.4339032010696662,1,-1.4574036068269993
dpctgan,"ClosestDistance(L_2, accuracy)",12435,1,-1.4194616896972367,1,-1.4574036068269993
dpctgan,"ClosestDistance(L_2, accuracy)",12435,0,-1.4205426610116436,1,-1.4574036068269993
dpctgan,"ClosestDistance(L_2, accuracy)",12435,1,-1.4228587379956792,1,-1.4574036068269993
dpctgan,"ClosestDistance(L_2, accuracy)",12435,0,-1.4295189071127743,1,-1.4574036068269993
dpctgan,"ClosestDistance(L_2, accuracy)",12435,1,-2.000777621647242,0,-1.4574036068269993
dpctgan,"ClosestDistance(L_2, accuracy)",12435,0,-1.4335305104307663,1,-1.4574036068269993
dpctgan,"ClosestDistance(L_2, accuracy)",12435,1,-1.4279678911278273,1,-1.4574036068269993
dpctgan,"ClosestDistance(L_2, accuracy)",12435,0,-1.4264993511643502,1,-1.4574036068269993
dpctgan,"ClosestDistance(L_2, accuracy)",12435,1,-1.424592551008548,1,-1.4574036068269993
dpctgan,"ClosestDistance(L_2, accuracy)",12435,0,-1.4211802130516542,1,-1.4574036068269993
dpctgan,"ClosestDistance(L_2, accuracy)",12435,1,-1.429106235868802,1,-1.4574036068269993
dpctgan,"ClosestDistance(L_2, accuracy)",12435,0,-1.458458744516004,0,-1.4574036068269993
dpctgan,"ClosestDistance(L_2, accuracy)",12435,1,-1.4242089345626374,1,-1.4574036068269993
dpctgan,"ClosestDistance(L_2, accuracy)",12435,0,-1.4215381896220496,1,-1.4574036068269993
dpctgan,"ClosestDistance(L_2, accuracy)",12435,1,-1.4250883425978198,1,-1.4574036068269993
dpctgan,"ClosestDistance(L_2, accuracy)",12435,0,-1.4415803081265237,1,-1.4574036068269993
dpctgan,"ClosestDistance(L_2, accuracy)",12435,1,-1.4149466856679593,1,-1.4574036068269993
dpctgan,"ClosestDistance(L_2, accuracy)",12435,0,-1.4414389658956104,1,-1.4574036068269993
dpctgan,"ClosestDistance(L_2, accuracy)",12435,1,-1.4297949862639012,1,-1.4574036068269993
dpctgan,"ClosestDistance(L_2, accuracy)",12435,0,-1.438058146955136,1,-1.4574036068269993
dpctgan,"ClosestDistance(L_2, accuracy)",12435,1,-1.4265207955578134,1,-1.4574036068269993
dpctgan,"ClosestDistance(L_2, accuracy)",12435,0,-1.4201260644854028,1,-1.4574036068269993
dpctgan,"ClosestDistance(L_2, accuracy)",12435,1,-1.4295103432116532,1,-1.4574036068269993
dpctgan,"ClosestDistance(L_2, accuracy)",12435,0,-1.4586632251313911,0,-1.4574036068269993
dpctgan,"ClosestDistance(L_2, accuracy)",12435,1,-1.4152217715375826,1,-1.4574036068269993
dpctgan,"ClosestDistance(L_2, accuracy)",12435,0,-1.4483688131995571,1,-1.4574036068269993
dpctgan,"ClosestDistance(L_2, accuracy)",12435,1,-1.4233701895363884,1,-1.4574036068269993
dpctgan,"ClosestDistance(L_2, accuracy)",12435,0,-1.4301541281057346,1,-1.4574036068269993
dpctgan,"ClosestDistance(L_2, accuracy)",12435,1,-1.4273598393112805,1,-1.4574036068269993
dpctgan,"ClosestDistance(L_2, accuracy)",12435,0,-1.4497831495331077,1,-1.4574036068269993
dpctgan,"ClosestDistance(L_2, accuracy)",12435,1,-1.4330607952830052,1,-1.4574036068269993
dpctgan,"ClosestDistance(L_2, accuracy)",12435,0,-1.4149922567565398,1,-1.4574036068269993
dpctgan,"ClosestDistance(L_2, accuracy)",12435,1,-1.4529058836836402,1,-1.4574036068269993
dpctgan,"ClosestDistance(L_2, accuracy)",12435,0,-1.4585111196168168,0,-1.4574036068269993
dpctgan,"ClosestDistance(L_2, accuracy)",12435,1,-1.4191093537850967,1,-1.4574036068269993
dpctgan,"ClosestDistance(L_2, accuracy)",12435,0,-1.4288699080854828,1,-1.4574036068269993
dpctgan,"ClosestDistance(L_2, accuracy)",12435,1,-1.4247097481334736,1,-1.4574036068269993
dpctgan,"ClosestDistance(L_2, accuracy)",12435,0,-1.4331777361059992,1,-1.4574036068269993
dpctgan,"ClosestDistance(L_2, accuracy)",12435,1,-1.441688733184951,1,-1.4574036068269993
dpctgan,"ClosestDistance(L_2, accuracy)",12435,0,-1.4215603447150207,1,-1.4574036068269993
dpctgan,"ClosestDistance(L_2, accuracy)",12435,1,-1.477949316948891,0,-1.4574036068269993
dpctgan,"ClosestDistance(L_2, accuracy)",12435,0,-1.4426351716304644,1,-1.4574036068269993
dpctgan,"ClosestDistance(L_2, accuracy)",12435,1,-1.426724911851642,1,-1.4574036068269993
dpctgan,"ClosestDistance(L_2, accuracy)",12435,0,-1.4363400898196501,1,-1.4574036068269993
dpctgan,"ClosestDistance(L_2, accuracy)",12435,1,-1.4183361142879953,1,-1.4574036068269993
dpctgan,"ClosestDistance(L_2, accuracy)",12435,0,-1.4310401319733934,1,-1.4574036068269993
dpctgan,"ClosestDistance(L_2, accuracy)",12435,1,-1.4631071467781864,0,-1.4574036068269993
dpctgan,"ClosestDistance(L_2, accuracy)",12435,0,-1.433427561707004,1,-1.4574036068269993
dpctgan,"ClosestDistance(L_2, accuracy)",12435,1,-1.4167529847844056,1,-1.4574036068269993
dpctgan,"ClosestDistance(L_2, accuracy)",12435,0,-1.4481883411981915,1,-1.4574036068269993
dpctgan,"ClosestDistance(L_2, accuracy)",12435,1,-1.424532231907883,1,-1.4574036068269993
dpctgan,"ClosestDistance(L_2, accuracy)",12435,0,-1.4263402519264736,1,-1.4574036068269993
dpctgan,"ClosestDistance(L_2, accuracy)",12435,1,-1.4511208494539558,1,-1.4574036068269993
dpctgan,"ClosestDistance(L_2, accuracy)",12435,0,-1.4348898205612635,1,-1.4574036068269993
dpctgan,"ClosestDistance(L_2, accuracy)",12435,1,-1.4215702828526393,1,-1.4574036068269993
dpctgan,"ClosestDistance(L_2, accuracy)",12435,0,-1.4212768134847393,1,-1.4574036068269993
dpctgan,"ClosestDistance(L_2, accuracy)",12435,1,-1.4385773144346925,1,-1.4574036068269993
dpctgan,"ClosestDistance(L_2, accuracy)",12435,0,-1.4596275886553234,0,-1.4574036068269993
dpctgan,"ClosestDistance(L_2, accuracy)",12435,1,-1.4480650227454779,1,-1.4574036068269993
dpctgan,"ClosestDistance(L_2, accuracy)",12435,0,-1.4684673689121586,0,-1.4574036068269993
dpctgan,"ClosestDistance(L_2, accuracy)",12435,1,-1.4248877680305938,1,-1.4574036068269993
dpctgan,"ClosestDistance(L_2, accuracy)",12435,0,-1.42788669697291,1,-1.4574036068269993
dpctgan,"ClosestDistance(L_2, accuracy)",12435,1,-1.4361059675646481,1,-1.4574036068269993
dpctgan,"ClosestDistance(L_2, accuracy)",12435,0,-1.4330300064815436,1,-1.4574036068269993
dpctgan,"ClosestDistance(L_2, accuracy)",12435,1,-1.4239049929602572,1,-1.4574036068269993
dpctgan,"ClosestDistance(L_2, accuracy)",12435,0,-1.4438297606796318,1,-1.4574036068269993
dpctgan,"ClosestDistance(L_2, accuracy)",12435,1,-1.455262982288374,1,-1.4574036068269993
dpctgan,"ClosestDistance(L_2, accuracy)",12435,0,-1.4381156799868335,1,-1.4574036068269993
dpctgan,"ClosestDistance(L_2, accuracy)",12435,1,-1.4253249685225482,1,-1.4574036068269993
dpctgan,"ClosestDistance(L_2, accuracy)",12435,0,-1.464229238970673,0,-1.4574036068269993
dpctgan,"ClosestDistance(L_2, accuracy)",12435,1,-1.4770781024104964,0,-1.4574036068269993
dpctgan,"ClosestDistance(L_2, accuracy)",12435,0,-1.4311259579991429,1,-1.4574036068269993
dpctgan,"ClosestDistance(L_2, accuracy)",12435,1,-0.35834006302267446,1,-1.4574036068269993
dpctgan,"ClosestDistance(L_2, accuracy)",12435,0,-2.0036173618111883,0,-1.4574036068269993
dpctgan,"ClosestDistance(L_2, accuracy)",12435,1,-1.4258322351159778,1,-1.4574036068269993
dpctgan,"ClosestDistance(L_2, accuracy)",12435,0,-1.425679273341295,1,-1.4574036068269993
dpctgan,"ClosestDistance(L_2, accuracy)",12435,1,-1.4226086532265692,1,-1.4574036068269993
dpctgan,"ClosestDistance(L_2, accuracy)",12435,0,-1.4480795106494149,1,-1.4574036068269993
dpctgan,"ClosestDistance(L_2, accuracy)",12435,1,-1.4149830618605495,1,-1.4574036068269993
dpctgan,"ClosestDistance(L_2, accuracy)",12435,0,-0.6029392557995709,1,-1.4574036068269993
dpctgan,"ClosestDistance(L_2, accuracy)",12435,1,-1.4368367253384657,1,-1.4574036068269993
dpctgan,"ClosestDistance(L_2, accuracy)",12435,0,-1.4395440838504587,1,-1.4574036068269993
dpctgan,"ClosestDistance(L_2, accuracy)",12435,1,-1.4551116760101972,1,-1.4574036068269993
dpctgan,"ClosestDistance(L_2, accuracy)",12435,0,-1.4416072007924572,1,-1.4574036068269993
dpctgan,"ClosestDistance(L_2, accuracy)",12435,1,-1.4298814097502126,1,-1.4574036068269993
dpctgan,"ClosestDistance(L_2, accuracy)",12435,0,-1.4509058028861426,1,-1.4574036068269993
dpctgan,"ClosestDistance(L_2, accuracy)",12435,1,-1.4462331725959638,1,-1.4574036068269993
dpctgan,"ClosestDistance(L_2, accuracy)",12435,0,-1.4407303905895457,1,-1.4574036068269993
dpctgan,"ClosestDistance(L_2, accuracy)",12435,1,-1.4705646189791746,0,-1.4574036068269993
dpctgan,"ClosestDistance(L_2, accuracy)",12435,0,-1.4294699449415595,1,-1.4574036068269993
dpctgan,"ClosestDistance(L_2, accuracy)",12435,1,-1.4187465181735712,1,-1.4574036068269993
dpctgan,"ClosestDistance(L_2, accuracy)",12435,0,-1.4202188277799204,1,-1.4574036068269993
dpctgan,"ClosestDistance(L_2, accuracy)",12435,1,-1.4253296620278326,1,-1.4574036068269993
dpctgan,"ClosestDistance(L_2, accuracy)",12435,0,-1.4339672694529872,1,-1.4574036068269993
dpctgan,"ClosestDistance(L_2, accuracy)",12435,1,-1.4149551478063722,1,-1.4574036068269993
dpctgan,"ClosestDistance(L_2, accuracy)",12435,0,-1.423639882710471,1,-1.4574036068269993
dpctgan,"ClosestDistance(L_2, accuracy)",12435,1,-1.4483954863484672,1,-1.4574036068269993
dpctgan,"ClosestDistance(L_2, accuracy)",12435,0,-1.419683147686491,1,-1.4574036068269993
dpctgan,"ClosestDistance(L_2, accuracy)",12435,1,-1.4374201935174877,1,-1.4574036068269993
dpctgan,"ClosestDistance(L_2, accuracy)",12435,0,-1.436955991951224,1,-1.4574036068269993
dpctgan,"ClosestDistance(L_2, accuracy)",12435,1,-1.4563084068651724,1,-1.4574036068269993
dpctgan,"ClosestDistance(L_2, accuracy)",12435,0,-1.4344980362087996,1,-1.4574036068269993
dpctgan,"ClosestDistance(L_2, accuracy)",12435,1,-0.35156418667344547,1,-1.4574036068269993
dpctgan,"ClosestDistance(L_2, accuracy)",12435,0,-1.4583887800877744,0,-1.4574036068269993
dpctgan,"ClosestDistance(L_2, accuracy)",12435,1,-1.4628943149908031,0,-1.4574036068269993
dpctgan,"ClosestDistance(L_2, accuracy)",12435,0,-1.423689551058907,1,-1.4574036068269993
dpctgan,"ClosestDistance(L_2, accuracy)",12435,1,-1.4378157340961772,1,-1.4574036068269993
dpctgan,"ClosestDistance(L_2, accuracy)",12435,0,-1.4240364168899469,1,-1.4574036068269993
dpctgan,"ClosestDistance(L_2, accuracy)",12435,1,-1.453500365313313,1,-1.4574036068269993
dpctgan,"ClosestDistance(L_2, accuracy)",12435,0,-1.4191958816769434,1,-1.4574036068269993
dpctgan,"ClosestDistance(L_2, accuracy)",12435,1,-1.4166894048536918,1,-1.4574036068269993
dpctgan,"ClosestDistance(L_2, accuracy)",12435,0,-1.4543065618231221,1,-1.4574036068269993
dpctgan,"ClosestDistance(L_2, accuracy)",12435,1,-1.46206389636384,0,-1.4574036068269993
dpctgan,"ClosestDistance(L_2, accuracy)",12435,0,-1.4209538016970107,1,-1.4574036068269993
dpctgan,"ClosestDistance(L_2, accuracy)",12435,1,-1.4273679819916598,1,-1.4574036068269993
dpctgan,"ClosestDistance(L_2, accuracy)",12435,0,-1.4407197830544438,1,-1.4574036068269993
dpctgan,"ClosestDistance(L_2, accuracy)",12435,1,-1.5177734629568134,0,-1.4574036068269993
dpctgan,"ClosestDistance(L_2, accuracy)",12435,0,-1.4169965395752957,1,-1.4574036068269993
dpctgan,"ClosestDistance(L_2, accuracy)",12435,1,-1.4327644644582131,1,-1.4574036068269993
dpctgan,"ClosestDistance(L_2, accuracy)",12435,0,-1.4261039841200776,1,-1.4574036068269993
dpctgan,"ClosestDistance(L_2, accuracy)",12435,1,-1.4332278830283733,1,-1.4574036068269993
dpctgan,"ClosestDistance(L_2, accuracy)",12435,0,-1.4373198286822435,1,-1.4574036068269993
dpctgan,"ClosestDistance(L_2, accuracy)",12435,1,-1.4653852898235447,0,-1.4574036068269993
dpctgan,"ClosestDistance(L_2, accuracy)",12435,0,-1.4168405186732105,1,-1.4574036068269993
dpctgan,"ClosestDistance(L_2, accuracy)",12435,1,-1.4389638237582834,1,-1.4574036068269993
dpctgan,"ClosestDistance(L_2, accuracy)",12435,0,-1.4454168433175993,1,-1.4574036068269993
dpctgan,"ClosestDistance(L_2, accuracy)",12435,1,-1.4431079040500923,1,-1.4574036068269993
dpctgan,"ClosestDistance(L_2, accuracy)",12435,0,-1.4333545482072174,1,-1.4574036068269993
dpctgan,"ClosestDistance(L_2, accuracy)",12435,1,-1.438052641518078,1,-1.4574036068269993
dpctgan,"ClosestDistance(L_2, accuracy)",12435,0,-1.4708533743789174,0,-1.4574036068269993
dpctgan,"ClosestDistance(L_2, accuracy)",12435,1,-1.425720840195218,1,-1.4574036068269993
dpctgan,"ClosestDistance(L_2, accuracy)",12435,0,-1.4373114647785976,1,-1.4574036068269993
dpctgan,"ClosestDistance(L_2, accuracy)",12435,1,-2.0027540567684476,0,-1.4574036068269993
dpctgan,"ClosestDistance(L_2, accuracy)",12435,0,-1.4315500308912514,1,-1.4574036068269993
dpctgan,"ClosestDistance(L_2, accuracy)",12435,1,-1.501970048861634,0,-1.4574036068269993
dpctgan,"ClosestDistance(L_2, accuracy)",12435,0,-1.446013668352145,1,-1.4574036068269993
dpctgan,"ClosestDistance(L_2, accuracy)",12435,1,-1.4445503309862848,1,-1.4574036068269993
dpctgan,"ClosestDistance(L_2, accuracy)",12435,0,-1.424280325700495,1,-1.4574036068269993
dpctgan,"ClosestDistance(L_2, accuracy)",12435,1,-1.41992617147689,1,-1.4574036068269993
dpctgan,"ClosestDistance(L_2, accuracy)",12435,0,-1.451030818467457,1,-1.4574036068269993
dpctgan,"ClosestDistance(L_2, accuracy)",12435,1,-1.4293231454863409,1,-1.4574036068269993
dpctgan,"ClosestDistance(L_2, accuracy)",12435,0,-1.4282686141404155,1,-1.4574036068269993
dpctgan,"ClosestDistance(L_2, accuracy)",12435,1,-1.4455308536239173,1,-1.4574036068269993
dpctgan,"ClosestDistance(L_2, accuracy)",12435,0,-1.4736562254033498,0,-1.4574036068269993
dpctgan,"ClosestDistance(L_2, accuracy)",12435,1,-1.42780360037477,1,-1.4574036068269993
dpctgan,"ClosestDistance(L_2, accuracy)",12435,0,-1.4335043345277696,1,-1.4574036068269993
dpctgan,"ClosestDistance(L_2, accuracy)",12435,1,-1.4328650740594133,1,-1.4574036068269993
dpctgan,"ClosestDistance(L_2, accuracy)",12435,0,-1.4268356185922813,1,-1.4574036068269993
dpctgan,"ClosestDistance(L_2, accuracy)",12435,1,-1.4277751530829508,1,-1.4574036068269993
dpctgan,"ClosestDistance(L_2, accuracy)",12435,0,-1.4507244145904203,1,-1.4574036068269993
dpctgan,"ClosestDistance(L_2, accuracy)",12435,1,-1.4229313080834944,1,-1.4574036068269993
dpctgan,"ClosestDistance(L_2, accuracy)",12435,0,-1.4191149906501324,1,-1.4574036068269993
dpctgan,"ClosestDistance(L_2, accuracy)",12435,1,-1.4326873276557397,1,-1.4574036068269993
dpctgan,"ClosestDistance(L_2, accuracy)",12435,0,-1.4275333257354008,1,-1.4574036068269993
dpctgan,"ClosestDistance(L_2, accuracy)",12435,1,-1.4430551622582377,1,-1.4574036068269993
dpctgan,"ClosestDistance(L_2, accuracy)",12435,0,-1.4202928063938582,1,-1.4574036068269993
dpctgan,"ClosestDistance(L_2, accuracy)",12435,1,-1.417845400855591,1,-1.4574036068269993
dpctgan,"ClosestDistance(L_2, accuracy)",12435,0,-1.4588596870823463,0,-1.4574036068269993
dpctgan,"ClosestDistance(L_2, accuracy)",12435,1,-1.4330626125825718,1,-1.4574036068269993
dpctgan,"ClosestDistance(L_2, accuracy)",12435,0,-1.4211137164632777,1,-1.4574036068269993
dpctgan,"ClosestDistance(L_2, accuracy)",12435,1,-1.4280134771967565,1,-1.4574036068269993
dpctgan,"ClosestDistance(L_2, accuracy)",12435,0,-1.42873291563143,1,-1.4574036068269993
dpctgan,"ClosestDistance(L_2, accuracy)",12435,1,-1.4335556011930155,1,-1.4574036068269993
dpctgan,"ClosestDistance(L_2, accuracy)",12435,0,-1.431874074387096,1,-1.4574036068269993
dpctgan,"ClosestDistance(L_2, accuracy)",12435,1,-1.4619575754012748,0,-1.4574036068269993
dpctgan,"ClosestDistance(L_2, accuracy)",12435,0,-1.4697208183779458,0,-1.4574036068269993
dpctgan,"ClosestDistance(L_2, accuracy)",12435,1,-1.4288862571186833,1,-1.4574036068269993
dpctgan,"ClosestDistance(L_2, accuracy)",12435,0,-1.4409886853891587,1,-1.4574036068269993
dpctgan,"ClosestDistance(L_2, accuracy)",12435,1,-0.4769931385425851,1,-1.4574036068269993
dpctgan,"ClosestDistance(L_2, accuracy)",12435,0,-1.4351681189322534,1,-1.4574036068269993
dpctgan,"ClosestDistance(L_2, accuracy)",12435,1,-1.4305647683960847,1,-1.4574036068269993
dpctgan,"ClosestDistance(L_2, accuracy)",12435,0,-1.469212530876271,0,-1.4574036068269993
dpctgan,"ClosestDistance(L_2, accuracy)",12435,1,-1.4646654684505163,0,-1.4574036068269993
dpctgan,"ClosestDistance(L_2, accuracy)",12435,0,-1.4760826761622055,0,-1.4574036068269993
dpctgan,"ClosestDistance(L_2, accuracy)",12435,1,-1.4317153990227738,1,-1.4574036068269993
dpctgan,"ClosestDistance(L_2, accuracy)",12435,0,-1.4578647848090425,0,-1.4574036068269993
dpctgan,"ClosestDistance(L_2, accuracy)",12435,1,-1.4213397724628059,1,-1.4574036068269993
dpctgan,"ClosestDistance(L_2, accuracy)",12435,0,-1.4349056068060528,1,-1.4574036068269993
dpctgan,"ClosestDistance(L_2, accuracy)",12435,1,-1.4226493727748852,1,-1.4574036068269993
dpctgan,"ClosestDistance(L_2, accuracy)",12435,0,-1.4264651894994969,1,-1.4574036068269993
dpctgan,"ClosestDistance(L_2, accuracy)",12435,1,-1.4183633139287122,1,-1.4574036068269993
dpctgan,"ClosestDistance(L_2, accuracy)",12435,0,-1.4422395583663,1,-1.4574036068269993
dpctgan,"ClosestDistance(L_2, accuracy)",12435,1,-2.002023917081296,0,-1.4574036068269993
dpctgan,"ClosestDistance(L_2, accuracy)",12435,0,-1.448395539358374,1,-1.4574036068269993
dpctgan,"ClosestDistance(L_2, accuracy)",12435,1,-1.4483668441680015,1,-1.4574036068269993
dpctgan,"ClosestDistance(L_2, accuracy)",12435,0,-1.425114335452072,1,-1.4574036068269993
dpctgan,"ClosestDistance(L_2, accuracy)",12435,1,-1.4260523656890989,1,-1.4574036068269993
dpctgan,"ClosestDistance(L_2, accuracy)",12435,0,-1.4219267522474128,1,-1.4574036068269993
dpctgan,"ClosestDistance(L_2, accuracy)",12435,1,-1.4160914492807963,1,-1.4574036068269993
dpctgan,"ClosestDistance(L_2, accuracy)",12435,0,-2.007076255950022,0,-1.4574036068269993
dpctgan,"ClosestDistance(L_2, accuracy)",12435,1,-1.4311231055435223,1,-1.4574036068269993
dpctgan,"ClosestDistance(L_2, accuracy)",12435,0,-1.4212098627298826,1,-1.4574036068269993
dpctgan,"ClosestDistance(L_2, accuracy)",12435,1,-1.480294464512009,0,-1.4574036068269993
dpctgan,"ClosestDistance(L_2, accuracy)",12435,0,-1.462142420559711,0,-1.4574036068269993
dpctgan,"ClosestDistance(L_2, accuracy)",12435,1,-1.4237259130916098,1,-1.4574036068269993
dpctgan,"ClosestDistance(L_2, accuracy)",12435,0,-2.001460561136849,0,-1.4574036068269993
dpctgan,"ClosestDistance(L_2, accuracy)",12435,1,-1.4273284744125705,1,-1.4574036068269993
dpctgan,"ClosestDistance(L_2, accuracy)",12435,0,-1.4224721243130085,1,-1.4574036068269993
dpctgan,"ClosestDistance(L_2, accuracy)",12435,1,-0.15415077747652964,1,-1.4574036068269993
dpctgan,"ClosestDistance(L_2, accuracy)",12435,0,-1.433668264960299,1,-1.4574036068269993
dpctgan,"ClosestDistance(L_2, accuracy)",12435,1,-1.4235374337683022,1,-1.4574036068269993
dpctgan,"ClosestDistance(L_2, accuracy)",12435,0,-1.559198134674108,0,-1.4574036068269993
dpctgan,"ClosestDistance(L_2, accuracy)",12435,1,-1.4216305059027272,1,-1.4574036068269993
dpctgan,"ClosestDistance(L_2, accuracy)",12435,0,-1.4574659632312612,0,-1.4574036068269993
dpctgan,"ClosestDistance(L_2, accuracy)",12435,1,-1.4180948048664137,1,-1.4574036068269993
dpctgan,"ClosestDistance(L_2, accuracy)",12435,0,-1.4697571693636,0,-1.4574036068269993
dpctgan,"ClosestDistance(L_2, accuracy)",12435,1,-1.538771334210182,0,-1.4574036068269993
dpctgan,"ClosestDistance(L_2, accuracy)",12435,0,-1.4359417469698121,1,-1.4574036068269993
dpctgan,"ClosestDistance(L_2, accuracy)",12435,1,-2.0134906550286806,0,-1.4574036068269993
dpctgan,"ClosestDistance(L_2, accuracy)",12435,0,-1.4272010098031815,1,-1.4574036068269993
dpctgan,"ClosestDistance(L_2, accuracy)",12435,1,-1.4256316800733086,1,-1.4574036068269993
dpctgan,"ClosestDistance(L_2, accuracy)",12435,0,-1.4316806719976267,1,-1.4574036068269993
dpctgan,"ClosestDistance(L_2, accuracy)",12435,1,-1.4491891284157412,1,-1.4574036068269993
dpctgan,"ClosestDistance(L_2, accuracy)",12435,0,-1.4265048915470784,1,-1.4574036068269993
dpctgan,"ClosestDistance(L_2, accuracy)",12435,1,-0.28790250412761836,1,-1.4574036068269993
dpctgan,"ClosestDistance(L_2, accuracy)",12435,0,-1.438346859285469,1,-1.4574036068269993
dpctgan,"ClosestDistance(L_2, accuracy)",12435,1,-1.4171012746729654,1,-1.4574036068269993
dpctgan,"ClosestDistance(L_2, accuracy)",12435,0,-1.4382633112703298,1,-1.4574036068269993
dpctgan,"ClosestDistance(L_2, accuracy)",12435,1,-1.4158180358293517,1,-1.4574036068269993
dpctgan,"ClosestDistance(L_2, accuracy)",12435,0,-1.4384326742613167,1,-1.4574036068269993
dpctgan,"ClosestDistance(L_2, accuracy)",12435,1,-1.4487109646431233,1,-1.4574036068269993
dpctgan,"ClosestDistance(L_2, accuracy)",12435,0,-1.4245762954401675,1,-1.4574036068269993
dpctgan,"ClosestDistance(L_2, accuracy)",12435,1,-1.4333697589090493,1,-1.4574036068269993
dpctgan,"ClosestDistance(L_2, accuracy)",12435,0,-1.4433555569655594,1,-1.4574036068269993
dpctgan,"ClosestDistance(L_2, accuracy)",12435,1,-1.4209714869869992,1,-1.4574036068269993
dpctgan,"ClosestDistance(L_2, accuracy)",12435,0,-1.4556894082879492,1,-1.4574036068269993
dpctgan,"ClosestDistance(L_2, accuracy)",12435,1,-1.4461966671804942,1,-1.4574036068269993
dpctgan,"ClosestDistance(L_2, accuracy)",12435,0,-1.4507538830621165,1,-1.4574036068269993
dpctgan,"ClosestDistance(L_2, accuracy)",12435,1,-1.4300989230943206,1,-1.4574036068269993
dpctgan,"ClosestDistance(L_2, accuracy)",12435,0,-1.4638839398594259,0,-1.4574036068269993
dpctgan,"ClosestDistance(L_2, accuracy)",12435,1,-1.4338264587815839,1,-1.4574036068269993
dpctgan,"ClosestDistance(L_2, accuracy)",12435,0,-1.437063448093802,1,-1.4574036068269993
dpctgan,"ClosestDistance(L_2, accuracy)",12435,1,-1.4172137278957824,1,-1.4574036068269993
dpctgan,"ClosestDistance(L_2, accuracy)",12435,0,-1.4543413921515407,1,-1.4574036068269993
dpctgan,"ClosestDistance(L_2, accuracy)",12435,1,-1.4713749863022156,0,-1.4574036068269993
dpctgan,"ClosestDistance(L_2, accuracy)",12435,0,-1.4595367712300396,0,-1.4574036068269993
dpctgan,"ClosestDistance(L_2, accuracy)",12435,1,-1.4841008958319912,0,-1.4574036068269993
dpctgan,"ClosestDistance(L_2, accuracy)",12435,0,-1.4274767119360452,1,-1.4574036068269993
dpctgan,"ClosestDistance(L_2, accuracy)",12435,1,-1.4288211767855232,1,-1.4574036068269993
dpctgan,"ClosestDistance(L_2, accuracy)",12435,0,-1.4326978490415374,1,-1.4574036068269993
dpctgan,"ClosestDistance(L_2, accuracy)",12435,1,-1.4353885934239432,1,-1.4574036068269993
dpctgan,"ClosestDistance(L_2, accuracy)",12435,0,-1.4572641600237863,1,-1.4574036068269993
dpctgan,"ClosestDistance(L_2, accuracy)",12435,1,-1.4301865056212815,1,-1.4574036068269993
dpctgan,"ClosestDistance(L_2, accuracy)",12435,0,-1.4397870597051563,1,-1.4574036068269993
dpctgan,"ClosestDistance(L_2, accuracy)",12435,1,-1.4495015180540594,1,-1.4574036068269993
dpctgan,"ClosestDistance(L_2, accuracy)",12435,0,-1.4364249452846538,1,-1.4574036068269993
dpctgan,"ClosestDistance(L_2, accuracy)",12435,1,-1.4282185416667823,1,-1.4574036068269993
dpctgan,"ClosestDistance(L_2, accuracy)",12435,0,-1.4285198592789425,1,-1.4574036068269993
dpctgan,"ClosestDistance(L_2, accuracy)",12435,1,-1.4222217352654722,1,-1.4574036068269993
dpctgan,"ClosestDistance(L_2, accuracy)",12435,0,-1.4150728909454466,1,-1.4574036068269993
dpctgan,"ClosestDistance(L_2, accuracy)",12435,1,-1.4360658464343077,1,-1.4574036068269993
dpctgan,"ClosestDistance(L_2, accuracy)",12435,0,-2.013930895923034,0,-1.4574036068269993
dpctgan,"ClosestDistance(L_2, accuracy)",12435,1,-1.4653283578303125,0,-1.4574036068269993
dpctgan,"ClosestDistance(L_2, accuracy)",12435,0,-1.418512875936982,1,-1.4574036068269993
dpctgan,"ClosestDistance(L_2, accuracy)",12435,1,-1.4482246168516886,1,-1.4574036068269993
dpctgan,"ClosestDistance(L_2, accuracy)",12435,0,-1.4200246866494581,1,-1.4574036068269993
dpctgan,"ClosestDistance(L_2, accuracy)",12435,1,-2.0065021541530133,0,-1.4574036068269993
dpctgan,"ClosestDistance(L_2, accuracy)",12435,0,-1.4227137564682777,1,-1.4574036068269993
dpctgan,"ClosestDistance(L_2, accuracy)",12435,1,-1.4289895804795736,1,-1.4574036068269993
dpctgan,"ClosestDistance(L_2, accuracy)",12435,0,-1.4245596787418866,1,-1.4574036068269993
dpctgan,"ClosestDistance(L_2, accuracy)",12435,1,-2.012411252009736,0,-1.4574036068269993
dpctgan,"ClosestDistance(L_2, accuracy)",12435,0,-1.429603353199904,1,-1.4574036068269993
dpctgan,"ClosestDistance(L_2, accuracy)",12435,1,-1.4500854620314814,1,-1.4574036068269993
dpctgan,"ClosestDistance(L_2, accuracy)",12435,0,-1.4160183933428736,1,-1.4574036068269993
dpctgan,"ClosestDistance(L_2, accuracy)",12435,1,-1.4377902299225467,1,-1.4574036068269993
dpctgan,"ClosestDistance(L_2, accuracy)",12435,0,-2.004092423866599,0,-1.4574036068269993
dpctgan,"ClosestDistance(L_2, accuracy)",12435,1,-1.54326630205134,0,-1.4574036068269993
dpctgan,"ClosestDistance(L_2, accuracy)",12435,0,-1.4449151653813048,1,-1.4574036068269993
dpctgan,"ClosestDistance(L_2, accuracy)",12435,1,-1.4308119963274393,1,-1.4574036068269993
dpctgan,"ClosestDistance(L_2, accuracy)",12435,0,-1.4484064924783222,1,-1.4574036068269993
dpctgan,"ClosestDistance(L_2, accuracy)",12435,1,-1.419150513838702,1,-1.4574036068269993
dpctgan,"ClosestDistance(L_2, accuracy)",12435,0,-1.452685094954203,1,-1.4574036068269993
dpctgan,"ClosestDistance(L_2, accuracy)",12435,1,-1.4158973350983615,1,-1.4574036068269993
dpctgan,"ClosestDistance(L_2, accuracy)",12435,0,-1.4208769204192906,1,-1.4574036068269993
dpctgan,"ClosestDistance(L_2, accuracy)",12435,1,-1.4393474237857282,1,-1.4574036068269993
dpctgan,"ClosestDistance(L_2, accuracy)",12435,0,-1.4370171776498473,1,-1.4574036068269993
dpctgan,"ClosestDistance(L_2, accuracy)",12435,1,-1.4473500307522023,1,-1.4574036068269993
dpctgan,"ClosestDistance(L_2, accuracy)",12435,0,-1.423369846170513,1,-1.4574036068269993
dpctgan,"ClosestDistance(L_2, accuracy)",12435,1,-2.006856535232254,0,-1.4574036068269993
dpctgan,"ClosestDistance(L_2, accuracy)",12435,0,-1.4371195261323058,1,-1.4574036068269993
dpctgan,"ClosestDistance(L_2, accuracy)",12435,1,-1.4337851901081753,1,-1.4574036068269993
dpctgan,"ClosestDistance(L_2, accuracy)",12435,0,-1.4171859179407682,1,-1.4574036068269993
dpctgan,"ClosestDistance(L_2, accuracy)",12435,1,-1.4230343031052988,1,-1.4574036068269993
dpctgan,"ClosestDistance(L_2, accuracy)",12435,0,-1.4169309000545374,1,-1.4574036068269993
dpctgan,"ClosestDistance(L_2, accuracy)",12435,1,-1.4235533930805497,1,-1.4574036068269993
dpctgan,"ClosestDistance(L_2, accuracy)",12435,0,-1.4272333858376225,1,-1.4574036068269993
dpctgan,"ClosestDistance(L_2, accuracy)",12435,1,-1.4334461709208193,1,-1.4574036068269993
dpctgan,"ClosestDistance(L_2, accuracy)",12435,0,-1.4377063328950646,1,-1.4574036068269993
dpctgan,"ClosestDistance(L_2, accuracy)",12435,1,-1.4718811838126673,0,-1.4574036068269993
dpctgan,"ClosestDistance(L_2, accuracy)",12435,0,-1.429511063935759,1,-1.4574036068269993
dpctgan,"ClosestDistance(L_2, accuracy)",12435,1,-1.4198354806600277,1,-1.4574036068269993
dpctgan,"ClosestDistance(L_2, accuracy)",12435,0,-1.4176746816862198,1,-1.4574036068269993
dpctgan,"ClosestDistance(L_2, accuracy)",12435,1,-1.4319257356175688,1,-1.4574036068269993
dpctgan,"ClosestDistance(L_2, accuracy)",12435,0,-1.4237930814832167,1,-1.4574036068269993
dpctgan,"ClosestDistance(L_2, accuracy)",12435,1,-1.447514212807923,1,-1.4574036068269993
dpctgan,"ClosestDistance(L_2, accuracy)",12435,0,-1.4177344834448442,1,-1.4574036068269993
dpctgan,"ClosestDistance(L_2, accuracy)",12435,1,-1.441149562090588,1,-1.4574036068269993
dpctgan,"ClosestDistance(L_2, accuracy)",12435,0,-1.4715691249644443,0,-1.4574036068269993
dpctgan,"ClosestDistance(L_2, accuracy)",12435,1,-1.4438754877905735,1,-1.4574036068269993
dpctgan,"ClosestDistance(L_2, accuracy)",12435,0,-1.4190505731264862,1,-1.4574036068269993
dpctgan,"ClosestDistance(L_2, accuracy)",12435,1,-2.0041571115097248,0,-1.4574036068269993
dpctgan,"ClosestDistance(L_2, accuracy)",12435,0,-1.4334388635432118,1,-1.4574036068269993
dpctgan,"ClosestDistance(L_2, accuracy)",12435,1,-1.4174321235239484,1,-1.4574036068269993
dpctgan,"ClosestDistance(L_2, accuracy)",12435,0,-1.446139033821439,1,-1.4574036068269993
dpctgan,"ClosestDistance(L_2, accuracy)",12435,1,-1.491745981762738,0,-1.4574036068269993
dpctgan,"ClosestDistance(L_2, accuracy)",12435,0,-1.4232703271734444,1,-1.4574036068269993
dpctgan,"ClosestDistance(L_2, accuracy)",12435,1,-1.4259744542078756,1,-1.4574036068269993
dpctgan,"ClosestDistance(L_2, accuracy)",12435,0,-0.29238689802472084,1,-1.4574036068269993
dpctgan,"ClosestDistance(L_2, accuracy)",12435,1,-2.0133804442710495,0,-1.4574036068269993
dpctgan,"ClosestDistance(L_2, accuracy)",12435,0,-1.4369693507870258,1,-1.4574036068269993
dpctgan,"ClosestDistance(L_2, accuracy)",12435,1,-1.4299264742002207,1,-1.4574036068269993
dpctgan,"ClosestDistance(L_2, accuracy)",12435,0,-1.439255741477183,1,-1.4574036068269993
dpctgan,"ClosestDistance(L_2, accuracy)",12435,1,-1.421445914777061,1,-1.4574036068269993
dpctgan,"ClosestDistance(L_2, accuracy)",12435,0,-1.4243529377895714,1,-1.4574036068269993
dpctgan,"ClosestDistance(L_2, accuracy)",12435,1,-0.27850114653109254,1,-1.4574036068269993
dpctgan,"ClosestDistance(L_2, accuracy)",12435,0,-1.4162710369977387,1,-1.4574036068269993
dpctgan,"ClosestDistance(L_2, accuracy)",12435,1,-1.415632450520007,1,-1.4574036068269993
dpctgan,"ClosestDistance(L_2, accuracy)",12435,0,-1.467412537637088,0,-1.4574036068269993
dpctgan,"ClosestDistance(L_2, accuracy)",12435,1,-1.432814103676473,1,-1.4574036068269993
dpctgan,"ClosestDistance(L_2, accuracy)",12435,0,-1.4725316196540559,0,-1.4574036068269993
dpctgan,"ClosestDistance(L_2, accuracy)",12435,1,-1.4272342682829668,1,-1.4574036068269993
dpctgan,"ClosestDistance(L_2, accuracy)",12435,0,-1.4619014159870964,0,-1.4574036068269993
dpctgan,"ClosestDistance(L_2, accuracy)",12435,1,-1.429966483919235,1,-1.4574036068269993
dpctgan,"ClosestDistance(L_2, accuracy)",12435,0,-1.4494770287118623,1,-1.4574036068269993
dpctgan,"ClosestDistance(L_2, accuracy)",12435,1,-1.4183021429054778,1,-1.4574036068269993
dpctgan,"ClosestDistance(L_2, accuracy)",12435,0,-1.4278026112865871,1,-1.4574036068269993
dpctgan,"ClosestDistance(L_2, accuracy)",12435,1,-1.4251953509352746,1,-1.4574036068269993
dpctgan,"ClosestDistance(L_2, accuracy)",12435,0,-1.4394057840478782,1,-1.4574036068269993
dpctgan,"ClosestDistance(L_2, accuracy)",12435,1,-1.440577814437307,1,-1.4574036068269993
dpctgan,"ClosestDistance(L_2, accuracy)",12435,0,-1.420294216118454,1,-1.4574036068269993
dpctgan,"ClosestDistance(L_2, accuracy)",12435,1,-1.450418040314854,1,-1.4574036068269993
dpctgan,"ClosestDistance(L_2, accuracy)",12435,0,-0.4809100160680477,1,-1.4574036068269993
dpctgan,"ClosestDistance(L_2, accuracy)",12435,1,-1.4247575107009014,1,-1.4574036068269993
dpctgan,"ClosestDistance(L_2, accuracy)",12435,0,-1.4170031680792716,1,-1.4574036068269993
dpctgan,"ClosestDistance(L_2, accuracy)",12435,1,-1.4213022436724212,1,-1.4574036068269993
dpctgan,"ClosestDistance(L_2, accuracy)",12435,0,-1.4430156784740082,1,-1.4574036068269993
dpctgan,"ClosestDistance(L_2, accuracy)",12435,1,-1.4288560649615285,1,-1.4574036068269993
dpctgan,"ClosestDistance(L_2, accuracy)",12435,0,-1.4400512383931396,1,-1.4574036068269993
dpctgan,"ClosestDistance(L_2, accuracy)",12435,1,-1.4154137340352115,1,-1.4574036068269993
dpctgan,"ClosestDistance(L_2, accuracy)",12435,0,-2.0058876719818715,0,-1.4574036068269993
dpctgan,"ClosestDistance(L_2, accuracy)",12435,1,-1.4466396053748178,1,-1.4574036068269993
dpctgan,"ClosestDistance(L_2, accuracy)",12435,0,-1.4349652802155395,1,-1.4574036068269993
dpctgan,"ClosestDistance(L_2, accuracy)",12435,1,-1.423420105216089,1,-1.4574036068269993
dpctgan,"ClosestDistance(L_2, accuracy)",12435,0,-2.0120642366630697,0,-1.4574036068269993
dpctgan,"ClosestDistance(L_2, accuracy)",12435,1,-1.461892151983005,0,-1.4574036068269993
dpctgan,"ClosestDistance(L_2, accuracy)",12435,0,-1.4381626571623352,1,-1.4574036068269993
dpctgan,"ClosestDistance(L_2, accuracy)",12435,1,-1.4329253332426606,1,-1.4574036068269993
dpctgan,"ClosestDistance(L_2, accuracy)",12435,0,-1.4316984115429021,1,-1.4574036068269993
dpctgan,"ClosestDistance(L_2, accuracy)",12435,1,-1.4227021275060647,1,-1.4574036068269993
dpctgan,"ClosestDistance(L_2, accuracy)",12435,0,-1.4376632040042374,1,-1.4574036068269993
dpctgan,"ClosestDistance(L_2, accuracy)",12435,1,-1.4342877236422336,1,-1.4574036068269993
dpctgan,"ClosestDistance(L_2, accuracy)",12435,0,-1.507996400091486,0,-1.4574036068269993
dpctgan,"ClosestDistance(L_2, accuracy)",12435,1,-1.4348455540267508,1,-1.4574036068269993
dpctgan,"ClosestDistance(L_2, accuracy)",12435,0,-1.4356209524096113,1,-1.4574036068269993
dpctgan,"ClosestDistance(L_2, accuracy)",12435,1,-1.435677100266085,1,-1.4574036068269993
dpctgan,"ClosestDistance(L_2, accuracy)",12435,0,-1.4850231191583203,0,-1.4574036068269993
dpctgan,"ClosestDistance(L_2, accuracy)",12435,1,-1.4153600450158643,1,-1.4574036068269993
dpctgan,"ClosestDistance(L_2, accuracy)",12435,0,-2.00211216044146,0,-1.4574036068269993
dpctgan,"ClosestDistance(L_2, accuracy)",12435,1,-1.415879694058153,1,-1.4574036068269993
dpctgan,"ClosestDistance(L_2, accuracy)",12435,0,-1.4303054701703704,1,-1.4574036068269993
dpctgan,"ClosestDistance(L_2, accuracy)",12435,1,-1.4611329592759505,0,-1.4574036068269993
dpctgan,"ClosestDistance(L_2, accuracy)",12435,0,-1.4276636227417718,1,-1.4574036068269993
dpctgan,"ClosestDistance(L_2, accuracy)",12435,1,-1.4372827582577172,1,-1.4574036068269993
dpctgan,"ClosestDistance(L_2, accuracy)",12435,0,-1.4567427969668432,1,-1.4574036068269993
dpctgan,"ClosestDistance(L_2, accuracy)",12435,1,-1.4634268878073788,0,-1.4574036068269993
dpctgan,"ClosestDistance(L_2, accuracy)",12435,0,-1.4286419712597942,1,-1.4574036068269993
dpctgan,"ClosestDistance(L_2, accuracy)",12435,1,-1.4211022130953272,1,-1.4574036068269993
dpctgan,"ClosestDistance(L_2, accuracy)",12435,0,-1.4474096707650017,1,-1.4574036068269993
dpctgan,"ClosestDistance(L_2, accuracy)",12435,1,-1.4469879515680526,1,-1.4574036068269993
dpctgan,"ClosestDistance(L_2, accuracy)",12435,0,-1.4279183610738617,1,-1.4574036068269993
dpctgan,"ClosestDistance(L_2, accuracy)",12435,1,-1.4205643589188908,1,-1.4574036068269993
dpctgan,"ClosestDistance(L_2, accuracy)",12435,0,-1.4148310598617064,1,-1.4574036068269993
dpctgan,"ClosestDistance(L_2, accuracy)",12435,1,-1.4422140103416372,1,-1.4574036068269993
dpctgan,"ClosestDistance(L_2, accuracy)",12435,0,-1.4767623728245893,0,-1.4574036068269993
dpctgan,"ClosestDistance(L_2, accuracy)",12435,1,-1.4418951899915196,1,-1.4574036068269993
dpctgan,"ClosestDistance(L_2, accuracy)",12435,0,-2.025406384907047,0,-1.4574036068269993
dpctgan,"ClosestDistance(L_2, accuracy)",12435,1,-1.4431910865505144,1,-1.4574036068269993
dpctgan,"ClosestDistance(L_2, accuracy)",12435,0,-1.4248967191943387,1,-1.4574036068269993
dpctgan,"ClosestDistance(L_2, accuracy)",12435,1,-1.423057832555765,1,-1.4574036068269993
dpctgan,"ClosestDistance(L_2, accuracy)",12435,0,-1.4209580461426377,1,-1.4574036068269993
dpctgan,"ClosestDistance(L_2, accuracy)",12435,1,-1.4552909374178566,1,-1.4574036068269993
dpctgan,"ClosestDistance(L_2, accuracy)",12435,0,-1.4192602807092891,1,-1.4574036068269993
dpctgan,"ClosestDistance(L_2, accuracy)",12435,1,-1.4288786394599806,1,-1.4574036068269993
dpctgan,"ClosestDistance(L_2, accuracy)",12435,0,-1.4282871637514671,1,-1.4574036068269993
dpctgan,"ClosestDistance(L_2, accuracy)",12435,1,-1.4658351782231274,0,-1.4574036068269993
dpctgan,"ClosestDistance(L_2, accuracy)",12435,0,-2.007227692209528,0,-1.4574036068269993
dpctgan,"ClosestDistance(L_2, accuracy)",12435,1,-1.4210017003143613,1,-1.4574036068269993
dpctgan,"ClosestDistance(L_2, accuracy)",12435,0,-1.430023226247003,1,-1.4574036068269993
dpctgan,"ClosestDistance(L_2, accuracy)",12435,1,-1.4270873311568257,1,-1.4574036068269993
dpctgan,"ClosestDistance(L_2, accuracy)",12435,0,-2.0130428317741487,0,-1.4574036068269993
dpctgan,"ClosestDistance(L_2, accuracy)",12435,1,-1.4772616667999428,0,-1.4574036068269993
dpctgan,"ClosestDistance(L_2, accuracy)",12435,0,-1.4362467185487158,1,-1.4574036068269993
dpctgan,"ClosestDistance(L_2, accuracy)",12435,1,-1.4268517705600916,1,-1.4574036068269993
dpctgan,"ClosestDistance(L_2, accuracy)",12435,0,-1.4607857918288703,0,-1.4574036068269993
dpctgan,"ClosestDistance(L_2, accuracy)",12435,1,-1.4224289491925541,1,-1.4574036068269993
dpctgan,"ClosestDistance(L_2, accuracy)",12435,0,-1.421964190210591,1,-1.4574036068269993
dpctgan,"ClosestDistance(L_2, accuracy)",12435,1,-2.0100869361708438,0,-1.4574036068269993
dpctgan,"ClosestDistance(L_2, accuracy)",12435,0,-1.465110567398493,0,-1.4574036068269993
dpctgan,"ClosestDistance(L_2, accuracy)",12435,1,-1.417280045119773,1,-1.4574036068269993
dpctgan,"ClosestDistance(L_2, accuracy)",12435,0,-1.4390762408815099,1,-1.4574036068269993
dpctgan,"ClosestDistance(L_2, accuracy)",12435,1,-1.4341877389483582,1,-1.4574036068269993
dpctgan,"ClosestDistance(L_2, accuracy)",12435,0,-1.434639194872465,1,-1.4574036068269993
dpctgan,"ClosestDistance(L_2, accuracy)",12435,1,-1.4293158558054835,1,-1.4574036068269993
dpctgan,"ClosestDistance(L_2, accuracy)",12435,0,-1.4328783160944831,1,-1.4574036068269993
dpctgan,"ClosestDistance(L_2, accuracy)",12435,1,-1.4389707477243165,1,-1.4574036068269993
dpctgan,"ClosestDistance(L_2, accuracy)",12435,0,-1.4615026478337039,0,-1.4574036068269993
dpctgan,"ClosestDistance(L_2, accuracy)",12435,1,-1.445516213665719,1,-1.4574036068269993
dpctgan,"ClosestDistance(L_2, accuracy)",12435,0,-1.447359207388878,1,-1.4574036068269993
dpctgan,"ClosestDistance(L_2, accuracy)",12435,1,-1.427652979080017,1,-1.4574036068269993
dpctgan,"ClosestDistance(L_2, accuracy)",12435,0,-1.45049702397459,1,-1.4574036068269993
dpctgan,"ClosestDistance(L_2, accuracy)",12435,1,-1.4278688880737191,1,-1.4574036068269993
dpctgan,"ClosestDistance(L_2, accuracy)",12435,0,-1.4398879416617056,1,-1.4574036068269993
dpctgan,"ClosestDistance(L_2, accuracy)",12435,1,-1.4700184374457697,0,-1.4574036068269993
dpctgan,"ClosestDistance(L_2, accuracy)",12435,0,-1.430605370253119,1,-1.4574036068269993
dpctgan,"ClosestDistance(L_2, accuracy)",12435,1,-1.424559299798552,1,-1.4574036068269993
dpctgan,"ClosestDistance(L_2, accuracy)",12435,0,-1.4759476945932422,0,-1.4574036068269993
dpctgan,"ClosestDistance(L_2, accuracy)",12435,1,-1.4323898277627354,1,-1.4574036068269993
dpctgan,"ClosestDistance(L_2, accuracy)",12435,0,-2.000556191366627,0,-1.4574036068269993
dpctgan,"ClosestDistance(L_2, accuracy)",12435,1,-1.4303243938257173,1,-1.4574036068269993
dpctgan,"ClosestDistance(L_2, accuracy)",12435,0,-1.4218845548590722,1,-1.4574036068269993
dpctgan,"ClosestDistance(L_2, accuracy)",12435,1,-1.42183181399261,1,-1.4574036068269993
dpctgan,"ClosestDistance(L_2, accuracy)",12435,0,-1.4280935937458732,1,-1.4574036068269993
dpctgan,"ClosestDistance(L_2, accuracy)",12435,1,-1.4322361310932354,1,-1.4574036068269993
dpctgan,"ClosestDistance(L_2, accuracy)",12435,0,-1.4187873467546197,1,-1.4574036068269993
dpctgan,"ClosestDistance(L_2, accuracy)",12435,1,-1.4199291188820857,1,-1.4574036068269993
dpctgan,"ClosestDistance(L_2, accuracy)",12435,0,-1.4334971384010875,1,-1.4574036068269993
dpctgan,"ClosestDistance(L_2, accuracy)",12435,1,-1.453070401781336,1,-1.4574036068269993
dpctgan,"ClosestDistance(L_2, accuracy)",12435,0,-1.4468291978624124,1,-1.4574036068269993
dpctgan,"ClosestDistance(L_2, accuracy)",12435,1,-1.4328052928346595,1,-1.4574036068269993
dpctgan,"ClosestDistance(L_2, accuracy)",12435,0,-1.4278907344768808,1,-1.4574036068269993
dpctgan,"ClosestDistance(L_2, accuracy)",12435,1,-0.24856611611011725,1,-1.4574036068269993
dpctgan,"ClosestDistance(L_2, accuracy)",12435,0,-2.0150592230214865,0,-1.4574036068269993
dpctgan,"ClosestDistance(L_2, accuracy)",12435,1,-1.4237395587625032,1,-1.4574036068269993
dpctgan,"ClosestDistance(L_2, accuracy)",12435,0,-1.4277554065931892,1,-1.4574036068269993
dpctgan,"ClosestDistance(L_2, accuracy)",12435,1,-1.4147980304289631,1,-1.4574036068269993
dpctgan,"ClosestDistance(L_2, accuracy)",12435,0,-1.4775511548870217,0,-1.4574036068269993
dpctgan,"ClosestDistance(L_2, accuracy)",12435,1,-1.4586326265375351,0,-1.4574036068269993
dpctgan,"ClosestDistance(L_2, accuracy)",12435,0,-1.4279719980615084,1,-1.4574036068269993
dpctgan,"ClosestDistance(L_2, accuracy)",12435,1,-1.4205161333491918,1,-1.4574036068269993
dpctgan,"ClosestDistance(L_2, accuracy)",12435,0,-1.4248689349546793,1,-1.4574036068269993
dpctgan,"ClosestDistance(L_2, accuracy)",12435,1,-1.424970866650391,1,-1.4574036068269993
dpctgan,"ClosestDistance(L_2, accuracy)",12435,0,-1.4764154819490674,0,-1.4574036068269993
dpctgan,"ClosestDistance(L_2, accuracy)",12435,1,-1.4156292885317718,1,-1.4574036068269993
dpctgan,"ClosestDistance(L_2, accuracy)",12435,0,-1.4666892002703318,0,-1.4574036068269993
dpctgan,"ClosestDistance(L_2, accuracy)",12435,1,-1.4305235607700684,1,-1.4574036068269993
dpctgan,"ClosestDistance(L_2, accuracy)",12435,0,-1.4605651189857567,0,-1.4574036068269993
dpctgan,"ClosestDistance(L_2, accuracy)",12435,1,-1.4381577239197505,1,-1.4574036068269993
dpctgan,"ClosestDistance(L_2, accuracy)",12435,0,-1.4264255908840497,1,-1.4574036068269993
dpctgan,"ClosestDistance(L_2, accuracy)",12435,1,-1.4437562664817771,1,-1.4574036068269993
dpctgan,"ClosestDistance(L_2, accuracy)",12435,0,-1.4178068052332178,1,-1.4574036068269993
dpctgan,"ClosestDistance(L_2, accuracy)",12435,1,-1.4204369742688927,1,-1.4574036068269993
dpctgan,"ClosestDistance(L_2, accuracy)",12435,0,-1.4201950964959074,1,-1.4574036068269993
dpctgan,"ClosestDistance(L_2, accuracy)",12435,1,-1.4518830240380187,1,-1.4574036068269993
dpctgan,"ClosestDistance(L_2, accuracy)",12435,0,-1.4271827271956525,1,-1.4574036068269993
dpctgan,"ClosestDistance(L_2, accuracy)",12435,1,-2.006384694875444,0,-1.4574036068269993
dpctgan,"ClosestDistance(L_2, accuracy)",12435,0,-1.4487931558909326,1,-1.4574036068269993
dpctgan,"ClosestDistance(L_2, accuracy)",12435,1,-1.4286999033302898,1,-1.4574036068269993
dpctgan,"ClosestDistance(L_2, accuracy)",12435,0,-1.4431501449181199,1,-1.4574036068269993
dpctgan,"ClosestDistance(L_2, accuracy)",12435,1,-1.424390974379757,1,-1.4574036068269993
dpctgan,"ClosestDistance(L_2, accuracy)",12435,0,-1.422409267113132,1,-1.4574036068269993
dpctgan,"ClosestDistance(L_2, accuracy)",12435,1,-1.4272104528458407,1,-1.4574036068269993
dpctgan,"ClosestDistance(L_2, accuracy)",12435,0,-1.4308407285895661,1,-1.4574036068269993
dpctgan,"ClosestDistance(L_2, accuracy)",12435,1,-1.4391716649367454,1,-1.4574036068269993
dpctgan,"ClosestDistance(L_2, accuracy)",12435,0,-1.439345596047297,1,-1.4574036068269993
dpctgan,"ClosestDistance(L_2, accuracy)",12435,1,-1.446111192933041,1,-1.4574036068269993
dpctgan,"ClosestDistance(L_2, accuracy)",12435,0,-1.4320704593023554,1,-1.4574036068269993
dpctgan,"ClosestDistance(L_2, accuracy)",12435,1,-1.4583981691093744,0,-1.4574036068269993
dpctgan,"ClosestDistance(L_2, accuracy)",12435,0,-1.419059496662248,1,-1.4574036068269993
dpctgan,"ClosestDistance(L_2, accuracy)",12435,1,-1.4266291301584946,1,-1.4574036068269993
dpctgan,"ClosestDistance(L_2, accuracy)",12435,0,-1.4544088844629648,1,-1.4574036068269993
dpctgan,"ClosestDistance(L_2, accuracy)",12435,1,-1.4325489504833233,1,-1.4574036068269993
dpctgan,"ClosestDistance(L_2, accuracy)",12435,0,-1.4252491055448682,1,-1.4574036068269993
dpctgan,"ClosestDistance(L_2, accuracy)",12435,1,-1.4204491631701774,1,-1.4574036068269993
dpctgan,"ClosestDistance(L_2, accuracy)",12435,0,-1.4303620455395676,1,-1.4574036068269993
dpctgan,"ClosestDistance(L_2, accuracy)",12435,1,-1.4580046620705847,0,-1.4574036068269993
dpctgan,"ClosestDistance(L_2, accuracy)",12435,0,-1.4156848965652093,1,-1.4574036068269993
dpctgan,"ClosestDistance(L_2, accuracy)",12435,1,-1.4253832326085185,1,-1.4574036068269993
dpctgan,"ClosestDistance(L_2, accuracy)",12435,0,-2.0107443474731554,0,-1.4574036068269993
dpctgan,"ClosestDistance(L_2, accuracy)",12435,1,-1.4192464281682073,1,-1.4574036068269993
dpctgan,"ClosestDistance(L_2, accuracy)",12435,0,-1.4186106196396355,1,-1.4574036068269993
dpctgan,"ClosestDistance(L_2, accuracy)",12435,1,-1.434917393574747,1,-1.4574036068269993
dpctgan,"ClosestDistance(L_2, accuracy)",12435,0,-1.422887157725055,1,-1.4574036068269993
dpctgan,"ClosestDistance(L_2, accuracy)",12435,1,-1.4565175728205393,1,-1.4574036068269993
dpctgan,"ClosestDistance(L_2, accuracy)",12435,0,-1.4270114334976334,1,-1.4574036068269993
dpctgan,"ClosestDistance(L_2, accuracy)",12435,1,-1.4815975976229074,0,-1.4574036068269993
dpctgan,"ClosestDistance(L_2, accuracy)",12435,0,-1.4510737101540947,1,-1.4574036068269993
dpctgan,"ClosestDistance(L_2, accuracy)",12435,1,-1.4193970228170054,1,-1.4574036068269993
dpctgan,"ClosestDistance(L_2, accuracy)",12435,0,-1.4343403974959616,1,-1.4574036068269993
dpctgan,"ClosestDistance(L_2, accuracy)",12435,1,-1.4214919663899328,1,-1.4574036068269993
dpctgan,"ClosestDistance(L_2, accuracy)",12435,0,-1.4401041461935649,1,-1.4574036068269993
dpctgan,"ClosestDistance(L_2, accuracy)",12435,1,-1.4288956598113463,1,-1.4574036068269993
dpctgan,"ClosestDistance(L_2, accuracy)",12435,0,-1.4184806522231306,1,-1.4574036068269993
dpctgan,"ClosestDistance(L_2, accuracy)",12435,1,-1.440922930010339,1,-1.4574036068269993
dpctgan,"ClosestDistance(L_2, accuracy)",12435,0,-1.4290717581519639,1,-1.4574036068269993
dpctgan,"ClosestDistance(L_2, accuracy)",12435,1,-1.4491902477625895,1,-1.4574036068269993
dpctgan,"ClosestDistance(L_2, accuracy)",12435,0,-1.473730708070798,0,-1.4574036068269993
dpctgan,"ClosestDistance(L_2, accuracy)",12435,1,-1.4281679776872058,1,-1.4574036068269993
dpctgan,"ClosestDistance(L_2, accuracy)",12435,0,-1.4372051055475021,1,-1.4574036068269993
dpctgan,"ClosestDistance(L_2, accuracy)",12435,1,-1.4691773064459654,0,-1.4574036068269993
dpctgan,"ClosestDistance(L_2, accuracy)",12435,0,-1.4179281243284934,1,-1.4574036068269993
dpctgan,"ClosestDistance(L_2, accuracy)",12435,1,-1.4484410233045917,1,-1.4574036068269993
dpctgan,"ClosestDistance(L_2, accuracy)",12435,0,-1.4408388381857946,1,-1.4574036068269993
dpctgan,"ClosestDistance(L_2, accuracy)",12435,1,-1.470078535010881,0,-1.4574036068269993
dpctgan,"ClosestDistance(L_2, accuracy)",12435,0,-1.4306206507341919,1,-1.4574036068269993
dpctgan,"ClosestDistance(L_2, accuracy)",12435,1,-1.4237551759498608,1,-1.4574036068269993
dpctgan,"ClosestDistance(L_2, accuracy)",12435,0,-2.0108008142703166,0,-1.4574036068269993
dpctgan,"ClosestDistance(L_2, accuracy)",12435,1,-1.4150619140649592,1,-1.4574036068269993
dpctgan,"ClosestDistance(L_2, accuracy)",12435,0,-0.3392940699817144,1,-1.4574036068269993
dpctgan,"ClosestDistance(L_2, accuracy)",12435,1,-1.4329317504368817,1,-1.4574036068269993
dpctgan,"ClosestDistance(L_2, accuracy)",12435,0,-1.421427556972519,1,-1.4574036068269993
dpctgan,"ClosestDistance(L_2, accuracy)",12435,1,-1.4234185815135243,1,-1.4574036068269993
dpctgan,"ClosestDistance(L_2, accuracy)",12435,0,-1.417530861495551,1,-1.4574036068269993
dpctgan,"ClosestDistance(L_2, accuracy)",12435,1,-1.4646304174027038,0,-1.4574036068269993
dpctgan,"ClosestDistance(L_2, accuracy)",12435,0,-1.4173477482758998,1,-1.4574036068269993
dpctgan,"ClosestDistance(L_2, accuracy)",12435,1,-1.4233705964217194,1,-1.4574036068269993
dpctgan,"ClosestDistance(L_2, accuracy)",12435,0,-1.417814557514998,1,-1.4574036068269993
dpctgan,"ClosestDistance(L_2, accuracy)",12435,1,-1.4173306545208357,1,-1.4574036068269993
dpctgan,"ClosestDistance(L_2, accuracy)",12435,0,-1.4422271711057584,1,-1.4574036068269993
dpctgan,"ClosestDistance(L_2, accuracy)",12435,1,-1.5111309152099666,0,-1.4574036068269993
dpctgan,"ClosestDistance(L_2, accuracy)",12435,0,-1.41661503905179,1,-1.4574036068269993
dpctgan,"ClosestDistance(L_2, accuracy)",12435,1,-1.4260503077308937,1,-1.4574036068269993
dpctgan,"ClosestDistance(L_2, accuracy)",12435,0,-1.430477446922662,1,-1.4574036068269993
dpctgan,"ClosestDistance(L_2, accuracy)",12435,1,-1.4329101316155546,1,-1.4574036068269993
dpctgan,"ClosestDistance(L_2, accuracy)",12435,0,-1.4318131213421295,1,-1.4574036068269993
dpctgan,"ClosestDistance(L_2, accuracy)",12435,1,-1.4798367164873438,0,-1.4574036068269993
dpctgan,"ClosestDistance(L_2, accuracy)",12435,0,-1.431405144370309,1,-1.4574036068269993
dpctgan,"ClosestDistance(L_2, accuracy)",12435,1,-1.4256349423666277,1,-1.4574036068269993
dpctgan,"ClosestDistance(L_2, accuracy)",12435,0,-1.4384071363217084,1,-1.4574036068269993
dpctgan,"ClosestDistance(L_2, accuracy)",12435,1,-1.4360523856291474,1,-1.4574036068269993
dpctgan,"ClosestDistance(L_2, accuracy)",12435,0,-1.4190181047722994,1,-1.4574036068269993
dpctgan,"ClosestDistance(L_2, accuracy)",12435,1,-1.4229085261796641,1,-1.4574036068269993
dpctgan,"ClosestDistance(L_2, accuracy)",12435,0,-1.4357618995435517,1,-1.4574036068269993
dpctgan,"ClosestDistance(L_2, accuracy)",12435,1,-1.430865022048938,1,-1.4574036068269993
dpctgan,"ClosestDistance(L_2, accuracy)",12435,0,-1.4173225783105599,1,-1.4574036068269993
dpctgan,"ClosestDistance(L_2, accuracy)",12435,1,-1.4902317051658638,0,-1.4574036068269993
dpctgan,"ClosestDistance(L_2, accuracy)",12435,0,-1.4190225936197467,1,-1.4574036068269993
dpctgan,"ClosestDistance(L_2, accuracy)",12435,1,-1.424134740657951,1,-1.4574036068269993
dpctgan,"ClosestDistance(L_2, accuracy)",12435,0,-2.0051379215016105,0,-1.4574036068269993
dpctgan,"ClosestDistance(L_2, accuracy)",12435,1,-1.4159371895205766,1,-1.4574036068269993
dpctgan,"ClosestDistance(L_2, accuracy)",12435,0,-1.4298280387324571,1,-1.4574036068269993
dpctgan,"ClosestDistance(L_2, accuracy)",12435,1,-1.435006537047492,1,-1.4574036068269993
dpctgan,"ClosestDistance(L_2, accuracy)",12435,0,-1.4165328318501005,1,-1.4574036068269993
dpctgan,"ClosestDistance(L_2, accuracy)",12435,1,-1.4193977754390905,1,-1.4574036068269993
dpctgan,"ClosestDistance(L_2, accuracy)",12435,0,-1.426102878773708,1,-1.4574036068269993
dpctgan,"ClosestDistance(L_2, accuracy)",12435,1,-1.4665767024930683,0,-1.4574036068269993
dpctgan,"ClosestDistance(L_2, accuracy)",12435,0,-1.432280148955805,1,-1.4574036068269993
dpctgan,"ClosestDistance(L_2, accuracy)",12435,1,-1.4709445543705677,0,-1.4574036068269993
dpctgan,"ClosestDistance(L_2, accuracy)",12435,0,-1.4281968861359544,1,-1.4574036068269993
dpctgan,"ClosestDistance(L_2, accuracy)",12435,1,-1.4683598472169084,0,-1.4574036068269993
dpctgan,"ClosestDistance(L_2, accuracy)",12435,0,-1.4259883436694254,1,-1.4574036068269993
dpctgan,"ClosestDistance(L_2, accuracy)",12435,1,-1.4173417270287025,1,-1.4574036068269993
dpctgan,"ClosestDistance(L_2, accuracy)",12435,0,-1.4259640396816582,1,-1.4574036068269993
dpctgan,"ClosestDistance(L_2, accuracy)",12435,1,-1.431557491427544,1,-1.4574036068269993
dpctgan,"ClosestDistance(L_2, accuracy)",12435,0,-1.4401884155416633,1,-1.4574036068269993
dpctgan,"ClosestDistance(L_2, accuracy)",12435,1,-1.4438802491716385,1,-1.4574036068269993
dpctgan,"ClosestDistance(L_2, accuracy)",12435,0,-1.4728297167366446,0,-1.4574036068269993
dpctgan,"ClosestDistance(L_2, accuracy)",12435,1,-1.4440564526138435,1,-1.4574036068269993
dpctgan,"ClosestDistance(L_2, accuracy)",12435,0,-1.4566802399527707,1,-1.4574036068269993
dpctgan,"ClosestDistance(L_2, accuracy)",12435,1,-1.4567276327642376,1,-1.4574036068269993
dpctgan,"ClosestDistance(L_2, accuracy)",12435,0,-1.4617802594711693,0,-1.4574036068269993
dpctgan,"ClosestDistance(L_2, accuracy)",12435,1,-1.4346759830369522,1,-1.4574036068269993
dpctgan,"ClosestDistance(L_2, accuracy)",12435,0,-1.423486221577224,1,-1.4574036068269993
dpctgan,"ClosestDistance(L_2, accuracy)",12435,1,-1.4384195589700453,1,-1.4574036068269993
dpctgan,"ClosestDistance(L_2, accuracy)",12435,0,-2.0030217108919324,0,-1.4574036068269993
dpctgan,"ClosestDistance(L_2, accuracy)",12435,1,-1.4334412135029944,1,-1.4574036068269993
dpctgan,"ClosestDistance(L_2, accuracy)",12435,0,-1.4343472154482695,1,-1.4574036068269993
dpctgan,"ClosestDistance(L_2, accuracy)",12435,1,-1.4199959397409092,1,-1.4574036068269993
dpctgan,"ClosestDistance(L_2, accuracy)",12435,0,-1.4427942599359493,1,-1.4574036068269993
dpctgan,"ClosestDistance(L_2, accuracy)",12435,1,-1.4405792088936715,1,-1.4574036068269993
dpctgan,"ClosestDistance(L_2, accuracy)",12435,0,-1.4224145587510608,1,-1.4574036068269993
dpctgan,"ClosestDistance(L_2, accuracy)",12435,1,-1.4179051707851844,1,-1.4574036068269993
dpctgan,"ClosestDistance(L_2, accuracy)",12435,0,-1.4309232783665706,1,-1.4574036068269993
dpctgan,"ClosestDistance(L_2, accuracy)",12435,1,-1.4327078584220796,1,-1.4574036068269993
dpctgan,"ClosestDistance(L_2, accuracy)",12435,0,-1.4297320233831206,1,-1.4574036068269993
dpctgan,"ClosestDistance(L_2, accuracy)",12435,1,-1.4251947312683368,1,-1.4574036068269993
dpctgan,"ClosestDistance(L_2, accuracy)",12435,0,-1.4545984105164038,1,-1.4574036068269993
dpctgan,"ClosestDistance(L_2, accuracy)",12435,1,-1.4148459157889155,1,-1.4574036068269993
dpctgan,"ClosestDistance(L_2, accuracy)",12435,0,-1.4390154107229365,1,-1.4574036068269993
dpctgan,"ClosestDistance(L_2, accuracy)",12435,1,-1.4809360948241688,0,-1.4574036068269993
dpctgan,"ClosestDistance(L_2, accuracy)",12435,0,-1.4304170521614785,1,-1.4574036068269993
dpctgan,"ClosestDistance(L_2, accuracy)",12435,1,-1.4289834240553927,1,-1.4574036068269993
dpctgan,"ClosestDistance(L_2, accuracy)",12435,0,-1.4354271491771353,1,-1.4574036068269993
dpctgan,"ClosestDistance(L_2, accuracy)",12435,1,-1.4653378370241263,0,-1.4574036068269993
dpctgan,"ClosestDistance(L_2, accuracy)",12435,0,-1.4744641038649433,0,-1.4574036068269993
dpctgan,"ClosestDistance(L_2, accuracy)",12435,1,-1.4402806260351149,1,-1.4574036068269993
dpctgan,"ClosestDistance(L_2, accuracy)",12435,0,-2.002564417701829,0,-1.4574036068269993
dpctgan,"ClosestDistance(L_2, accuracy)",12435,1,-1.4220813631961635,1,-1.4574036068269993
dpctgan,"ClosestDistance(L_2, accuracy)",12435,0,-1.4351904250780778,1,-1.4574036068269993
dpctgan,"ClosestDistance(L_2, accuracy)",12435,1,-1.4260585229918394,1,-1.4574036068269993
dpctgan,"ClosestDistance(L_2, accuracy)",12435,0,-1.435380599143769,1,-1.4574036068269993
dpctgan,"ClosestDistance(L_2, accuracy)",12435,1,-1.462679834623023,0,-1.4574036068269993
dpctgan,"ClosestDistance(L_2, accuracy)",12435,0,-1.4408242504718085,1,-1.4574036068269993
dpctgan,"ClosestDistance(L_2, accuracy)",12435,1,-1.470181541478855,0,-1.4574036068269993
dpctgan,"ClosestDistance(L_2, accuracy)",12435,0,-1.4205398407208638,1,-1.4574036068269993
dpctgan,"ClosestDistance(L_2, accuracy)",12435,1,-1.4361096016016393,1,-1.4574036068269993
dpctgan,"ClosestDistance(L_2, accuracy)",12435,0,-1.4454618782453452,1,-1.4574036068269993
dpctgan,"ClosestDistance(L_2, accuracy)",12435,1,-1.4352189691900665,1,-1.4574036068269993
dpctgan,"ClosestDistance(L_2, accuracy)",12435,0,-1.4360313749433373,1,-1.4574036068269993
dpctgan,"ClosestDistance(L_2, accuracy)",12435,1,-1.442561690036174,1,-1.4574036068269993
dpctgan,"ClosestDistance(L_2, accuracy)",12435,0,-1.4247368036995383,1,-1.4574036068269993
dpctgan,"ClosestDistance(L_2, accuracy)",12435,1,-1.4448947702217392,1,-1.4574036068269993
dpctgan,"ClosestDistance(L_2, accuracy)",12435,0,-1.422862058894904,1,-1.4574036068269993
dpctgan,"ClosestDistance(L_2, accuracy)",12435,1,-2.0107283232354223,0,-1.4574036068269993
dpctgan,"ClosestDistance(L_2, accuracy)",12435,0,-1.433764129851859,1,-1.4574036068269993
dpctgan,"ClosestDistance(L_2, accuracy)",12435,1,-1.4447229275513311,1,-1.4574036068269993
dpctgan,"ClosestDistance(L_2, accuracy)",12435,0,-1.4580467858514954,0,-1.4574036068269993
dpctgan,"ClosestDistance(L_2, accuracy)",12435,1,-1.4838180067376092,0,-1.4574036068269993
dpctgan,"ClosestDistance(L_2, accuracy)",12435,0,-1.469920182172681,0,-1.4574036068269993
dpctgan,"ClosestDistance(L_2, accuracy)",12435,1,-1.4155182486048419,1,-1.4574036068269993
dpctgan,"ClosestDistance(L_2, accuracy)",12435,0,-1.427434607889433,1,-1.4574036068269993
dpctgan,"ClosestDistance(L_2, accuracy)",12435,1,-1.4293780361309867,1,-1.4574036068269993
dpctgan,"ClosestDistance(L_2, accuracy)",12435,0,-1.4273308087978613,1,-1.4574036068269993
dpctgan,"ClosestDistance(L_2, accuracy)",12435,1,-1.4285782805621474,1,-1.4574036068269993
dpctgan,"ClosestDistance(L_2, accuracy)",12435,0,-1.425580437708951,1,-1.4574036068269993
dpctgan,"ClosestDistance(L_2, accuracy)",12435,1,-1.4459398186680235,1,-1.4574036068269993
dpctgan,"ClosestDistance(L_2, accuracy)",12435,0,-1.440827117150523,1,-1.4574036068269993
dpctgan,"ClosestDistance(L_2, accuracy)",12435,1,-1.4264100824204817,1,-1.4574036068269993
dpctgan,"ClosestDistance(L_2, accuracy)",12435,0,-1.4195519697895977,1,-1.4574036068269993
dpctgan,"ClosestDistance(L_2, accuracy)",12435,1,-1.426929958574815,1,-1.4574036068269993
dpctgan,"ClosestDistance(L_2, accuracy)",12435,0,-1.4428705354652391,1,-1.4574036068269993
dpctgan,"ClosestDistance(L_2, accuracy)",12435,1,-1.431850522470023,1,-1.4574036068269993
dpctgan,"ClosestDistance(L_2, accuracy)",12435,0,-1.4191692911356124,1,-1.4574036068269993
dpctgan,"ClosestDistance(L_2, accuracy)",12435,1,-1.4357855609836403,1,-1.4574036068269993
dpctgan,"ClosestDistance(L_2, accuracy)",12435,0,-1.4268208224481544,1,-1.4574036068269993
dpctgan,"ClosestDistance(L_2, accuracy)",12435,1,-1.4605212581204028,0,-1.4574036068269993
dpctgan,"ClosestDistance(L_2, accuracy)",12435,0,-1.4325205552916145,1,-1.4574036068269993
dpctgan,"ClosestDistance(L_2, accuracy)",12435,1,-1.4415523799952226,1,-1.4574036068269993
dpctgan,"ClosestDistance(L_2, accuracy)",12435,0,-1.4314557971748596,1,-1.4574036068269993
dpctgan,"ClosestDistance(L_2, accuracy)",12435,1,-1.4271777958803107,1,-1.4574036068269993
dpctgan,"ClosestDistance(L_2, accuracy)",12435,0,-1.4509146010285414,1,-1.4574036068269993
dpctgan,"ClosestDistance(L_2, accuracy)",12435,1,-1.4146924493419581,1,-1.4574036068269993
dpctgan,"ClosestDistance(L_2, accuracy)",12435,0,-1.4699905609248614,0,-1.4574036068269993
dpctgan,"ClosestDistance(L_2, accuracy)",12435,1,-1.4490981643160918,1,-1.4574036068269993
dpctgan,"ClosestDistance(L_2, accuracy)",12435,0,-1.430983637429765,1,-1.4574036068269993
dpctgan,"ClosestDistance(L_2, accuracy)",12435,1,-1.426940722530944,1,-1.4574036068269993
dpctgan,"ClosestDistance(L_2, accuracy)",12435,0,-1.468812049368092,0,-1.4574036068269993
dpctgan,"ClosestDistance(L_2, accuracy)",12435,1,-1.41830517911154,1,-1.4574036068269993
dpctgan,"ClosestDistance(L_2, accuracy)",12435,0,-1.4291568043719307,1,-1.4574036068269993
dpctgan,"ClosestDistance(L_2, accuracy)",12435,1,-1.4320717183058038,1,-1.4574036068269993
dpctgan,"ClosestDistance(L_2, accuracy)",12435,0,-1.4258932224727332,1,-1.4574036068269993
dpctgan,"ClosestDistance(L_2, accuracy)",12435,1,-1.4238090335801068,1,-1.4574036068269993
dpctgan,"ClosestDistance(L_2, accuracy)",12435,0,-1.4372145670997836,1,-1.4574036068269993
dpctgan,"ClosestDistance(L_2, accuracy)",12435,1,-1.4260520413870945,1,-1.4574036068269993
dpctgan,"ClosestDistance(L_2, accuracy)",12435,0,-1.4428206604395304,1,-1.4574036068269993
dpctgan,"ClosestDistance(L_2, accuracy)",12435,1,-1.4225981388767508,1,-1.4574036068269993
dpctgan,"ClosestDistance(L_2, accuracy)",12435,0,-1.4913047052507005,0,-1.4574036068269993
dpctgan,"ClosestDistance(L_2, accuracy)",12435,1,-1.4299163741444814,1,-1.4574036068269993
dpctgan,"ClosestDistance(L_2, accuracy)",12435,0,-1.4163128076932634,1,-1.4574036068269993
dpctgan,"ClosestDistance(L_2, accuracy)",12435,1,-1.4301995884383534,1,-1.4574036068269993
dpctgan,"ClosestDistance(L_2, accuracy)",12435,0,-1.430819052747835,1,-1.4574036068269993
dpctgan,"ClosestDistance(L_2, accuracy)",12435,1,-1.457015169575465,1,-1.4574036068269993
dpctgan,"ClosestDistance(L_2, accuracy)",12435,0,-1.458353695352929,0,-1.4574036068269993
dpctgan,"ClosestDistance(L_2, accuracy)",12435,1,-1.4164708395297005,1,-1.4574036068269993
dpctgan,"ClosestDistance(L_2, accuracy)",12435,0,-1.4276631041584449,1,-1.4574036068269993
dpctgan,"ClosestDistance(L_2, accuracy)",12435,1,-1.430152752556704,1,-1.4574036068269993
dpctgan,"ClosestDistance(L_2, accuracy)",12435,0,-1.4481847183403471,1,-1.4574036068269993
dpctgan,"ClosestDistance(L_2, accuracy)",12435,1,-1.4247794221148533,1,-1.4574036068269993
dpctgan,"ClosestDistance(L_2, accuracy)",12435,0,-1.4647037655230468,0,-1.4574036068269993
dpctgan,"ClosestDistance(L_2, accuracy)",12435,1,-1.5033734532221121,0,-1.4574036068269993
dpctgan,"ClosestDistance(L_2, accuracy)",12435,0,-1.4187825253988193,1,-1.4574036068269993
dpctgan,"ClosestDistance(L_2, accuracy)",12435,1,-1.4308805562229823,1,-1.4574036068269993
dpctgan,"ClosestDistance(L_2, accuracy)",12435,0,-1.4196640501991993,1,-1.4574036068269993
dpctgan,"ClosestDistance(L_2, accuracy)",12435,1,-1.4312984681048653,1,-1.4574036068269993
dpctgan,"ClosestDistance(L_2, accuracy)",12435,0,-1.4366736468316026,1,-1.4574036068269993
dpctgan,"ClosestDistance(L_2, accuracy)",12435,1,-1.426287272710901,1,-1.4574036068269993
dpctgan,"ClosestDistance(L_2, accuracy)",12435,0,-1.439365802258625,1,-1.4574036068269993
dpctgan,"ClosestDistance(L_2, accuracy)",12435,1,-1.432115749919717,1,-1.4574036068269993
dpctgan,"ClosestDistance(L_2, accuracy)",12435,0,-1.419998078734615,1,-1.4574036068269993
dpctgan,"ClosestDistance(L_2, accuracy)",12435,1,-1.427589623258193,1,-1.4574036068269993
dpctgan,"ClosestDistance(L_2, accuracy)",12435,0,-1.45584273477686,1,-1.4574036068269993
dpctgan,"ClosestDistance(L_2, accuracy)",12435,1,-1.4312514178695763,1,-1.4574036068269993
dpctgan,"ClosestDistance(L_2, accuracy)",12435,0,-1.4393714549329075,1,-1.4574036068269993
dpctgan,"ClosestDistance(L_2, accuracy)",12435,1,-1.4359130816012458,1,-1.4574036068269993
dpctgan,"ClosestDistance(L_2, accuracy)",12435,0,-1.4189205960004967,1,-1.4574036068269993
dpctgan,"ClosestDistance(L_2, accuracy)",12435,1,-1.4298792526316797,1,-1.4574036068269993
dpctgan,"ClosestDistance(L_2, accuracy)",12435,0,-1.4407781199344956,1,-1.4574036068269993
dpctgan,"ClosestDistance(L_2, accuracy)",12435,1,-1.4274606881356784,1,-1.4574036068269993
dpctgan,"ClosestDistance(L_2, accuracy)",12435,0,-1.4168900021992223,1,-1.4574036068269993
dpctgan,"ClosestDistance(L_2, accuracy)",12435,1,-1.509479259738935,0,-1.4574036068269993
dpctgan,"ClosestDistance(L_2, accuracy)",12435,0,-1.4476592736252443,1,-1.4574036068269993
dpctgan,"ClosestDistance(L_2, accuracy)",12435,1,-2.0104810867669727,0,-1.4574036068269993
dpctgan,"ClosestDistance(L_2, accuracy)",12435,0,-1.4297777836452503,1,-1.4574036068269993
dpctgan,"ClosestDistance(L_2, accuracy)",12435,1,-1.4179189492553985,1,-1.4574036068269993
dpctgan,"ClosestDistance(L_2, accuracy)",12435,0,-1.4219929890642917,1,-1.4574036068269993
dpctgan,"ClosestDistance(L_2, accuracy)",12435,1,-0.33759260217151127,1,-1.4574036068269993
dpctgan,"ClosestDistance(L_2, accuracy)",12435,0,-1.458300036847906,0,-1.4574036068269993
dpctgan,"ClosestDistance(L_2, accuracy)",12435,1,-1.469657588310626,0,-1.4574036068269993
dpctgan,"ClosestDistance(L_2, accuracy)",12435,0,-1.422126642907107,1,-1.4574036068269993
dpctgan,"ClosestDistance(L_2, accuracy)",12435,1,-1.443596728916686,1,-1.4574036068269993
dpctgan,"ClosestDistance(L_2, accuracy)",12435,0,-1.523034151185101,0,-1.4574036068269993
dpctgan,"ClosestDistance(L_2, accuracy)",12435,1,-1.4307141244096397,1,-1.4574036068269993
dpctgan,"ClosestDistance(L_2, accuracy)",12435,0,-1.4522316243183127,1,-1.4574036068269993
dpctgan,"ClosestDistance(L_2, accuracy)",12435,1,-1.4277323692890063,1,-1.4574036068269993
dpctgan,"ClosestDistance(L_2, accuracy)",12435,0,-1.449484739219047,1,-1.4574036068269993
dpctgan,"ClosestDistance(L_2, accuracy)",12435,1,-1.4214454428554713,1,-1.4574036068269993
dpctgan,"ClosestDistance(L_2, accuracy)",12435,0,-1.4537318032081032,1,-1.4574036068269993
dpctgan,"ClosestDistance(L_2, accuracy)",12435,1,-1.5051918983855563,0,-1.4574036068269993
dpctgan,"ClosestDistance(L_2, accuracy)",12435,0,-1.4946971179469257,0,-1.4574036068269993
dpctgan,"ClosestDistance(L_2, accuracy)",12435,1,-1.4225386157429216,1,-1.4574036068269993
dpctgan,"ClosestDistance(L_2, accuracy)",12435,0,-1.4178114700128779,1,-1.4574036068269993
dpctgan,"ClosestDistance(L_2, accuracy)",12435,1,-1.521204620021968,0,-1.4574036068269993
dpctgan,"ClosestDistance(L_2, accuracy)",12435,0,-1.420053119307781,1,-1.4574036068269993
dpctgan,"ClosestDistance(L_2, accuracy)",12435,1,-1.4391132504774582,1,-1.4574036068269993
dpctgan,"ClosestDistance(L_2, accuracy)",12435,0,-1.416871527964833,1,-1.4574036068269993
dpctgan,"ClosestDistance(L_2, accuracy)",12435,1,-1.416507664036531,1,-1.4574036068269993
dpctgan,"ClosestDistance(L_2, accuracy)",12435,0,-1.4371796280880833,1,-1.4574036068269993
dpctgan,"ClosestDistance(L_2, accuracy)",12435,1,-1.4306576594753524,1,-1.4574036068269993
dpctgan,"ClosestDistance(L_2, accuracy)",12435,0,-1.4331298787301523,1,-1.4574036068269993
dpctgan,"ClosestDistance(L_2, accuracy)",12435,1,-0.6166909644998285,1,-1.4574036068269993
dpctgan,"ClosestDistance(L_2, accuracy)",12435,0,-1.43462063756882,1,-1.4574036068269993
dpctgan,"ClosestDistance(L_2, accuracy)",12435,1,-1.4264034310859923,1,-1.4574036068269993
dpctgan,"ClosestDistance(L_2, accuracy)",12435,0,-1.4304341596257988,1,-1.4574036068269993
dpctgan,"ClosestDistance(L_2, accuracy)",12435,1,-1.480917841680066,0,-1.4574036068269993
dpctgan,"ClosestDistance(L_2, accuracy)",12435,0,-1.4279687005377146,1,-1.4574036068269993
dpctgan,"ClosestDistance(L_2, accuracy)",12435,1,-1.420939302618687,1,-1.4574036068269993
dpctgan,"ClosestDistance(L_2, accuracy)",12435,0,-1.4924801220463297,0,-1.4574036068269993
dpctgan,"ClosestDistance(L_2, accuracy)",12435,1,-1.4190249852818724,1,-1.4574036068269993
dpctgan,"ClosestDistance(L_2, accuracy)",12435,0,-1.4447710901450048,1,-1.4574036068269993
dpctgan,"ClosestDistance(L_2, accuracy)",12435,1,-2.0047129217761124,0,-1.4574036068269993
dpctgan,"ClosestDistance(L_2, accuracy)",12435,0,-1.4264819752855549,1,-1.4574036068269993
dpctgan,"ClosestDistance(L_2, accuracy)",12435,1,-1.4436708166675976,1,-1.4574036068269993
dpctgan,"ClosestDistance(L_2, accuracy)",12435,0,-1.4264263873210798,1,-1.4574036068269993
dpctgan,"ClosestDistance(L_2, accuracy)",12435,1,-1.4271423692493328,1,-1.4574036068269993
dpctgan,"ClosestDistance(L_2, accuracy)",12435,0,-1.4189288901409989,1,-1.4574036068269993
dpctgan,"ClosestDistance(L_2, accuracy)",12435,1,-1.4286986085646327,1,-1.4574036068269993
dpctgan,"ClosestDistance(L_2, accuracy)",12435,0,-1.4262962292693733,1,-1.4574036068269993
dpctgan,"ClosestDistance(L_2, accuracy)",12435,1,-1.4400073661152657,1,-1.4574036068269993
dpctgan,"ClosestDistance(L_2, accuracy)",12435,0,-1.5168455208900378,0,-1.4574036068269993
dpctgan,"ClosestDistance(L_2, accuracy)",12435,1,-1.4355739149632787,1,-1.4574036068269993
dpctgan,"ClosestDistance(L_2, accuracy)",12435,0,-1.435363716009159,1,-1.4574036068269993
dpctgan,"ClosestDistance(L_2, accuracy)",12435,1,-1.4309939695905463,1,-1.4574036068269993
dpctgan,"ClosestDistance(L_2, accuracy)",12435,0,-1.4505202268734454,1,-1.4574036068269993
dpctgan,"ClosestDistance(L_2, accuracy)",12435,1,-1.4181345976457576,1,-1.4574036068269993
dpctgan,"ClosestDistance(L_2, accuracy)",12435,0,-1.4703505173947908,0,-1.4574036068269993
dpctgan,"ClosestDistance(L_2, accuracy)",12435,1,-1.4315774379906052,1,-1.4574036068269993
dpctgan,"ClosestDistance(L_2, accuracy)",12435,0,-1.428928414140288,1,-1.4574036068269993
dpctgan,"ClosestDistance(L_2, accuracy)",12435,1,-1.425073051236828,1,-1.4574036068269993
dpctgan,"ClosestDistance(L_2, accuracy)",12435,0,-1.4420444003776667,1,-1.4574036068269993
dpctgan,"ClosestDistance(L_2, accuracy)",12435,1,-1.4186921634695437,1,-1.4574036068269993
dpctgan,"ClosestDistance(L_2, accuracy)",12435,0,-1.4445794140388661,1,-1.4574036068269993
dpctgan,"ClosestDistance(L_2, accuracy)",12435,1,-1.4333405373096455,1,-1.4574036068269993
dpctgan,"ClosestDistance(L_2, accuracy)",12435,0,-1.4820461750062053,0,-1.4574036068269993
dpctgan,"ClosestDistance(L_2, accuracy)",12435,1,-1.4385508388555628,1,-1.4574036068269993
dpctgan,"ClosestDistance(L_2, accuracy)",12435,0,-1.436723424938764,1,-1.4574036068269993
dpctgan,"ClosestDistance(L_2, accuracy)",12435,1,-1.4201238559114142,1,-1.4574036068269993
dpctgan,"ClosestDistance(L_2, accuracy)",12435,0,-1.4313606019201939,1,-1.4574036068269993
dpctgan,"ClosestDistance(L_2, accuracy)",12435,1,-1.4253735868875155,1,-1.4574036068269993
dpctgan,"ClosestDistance(L_2, accuracy)",12435,0,-1.4262807740847618,1,-1.4574036068269993
dpctgan,"ClosestDistance(L_2, accuracy)",12435,1,-1.4430610355529991,1,-1.4574036068269993
dpctgan,"ClosestDistance(L_2, accuracy)",12435,0,-1.427138244966132,1,-1.4574036068269993
dpctgan,"ClosestDistance(L_2, accuracy)",12435,1,-1.4210263616829002,1,-1.4574036068269993
dpctgan,"ClosestDistance(L_2, accuracy)",12435,0,-1.4173245500842369,1,-1.4574036068269993
dpctgan,"ClosestDistance(L_2, accuracy)",12435,1,-1.4334648762199753,1,-1.4574036068269993
dpctgan,"ClosestDistance(L_2, accuracy)",12435,0,-1.4272114178517203,1,-1.4574036068269993
dpctgan,"ClosestDistance(L_2, accuracy)",12435,1,-1.4549200697857807,1,-1.4574036068269993
dpctgan,"ClosestDistance(L_2, accuracy)",12435,0,-1.4489363833878766,1,-1.4574036068269993
dpctgan,"ClosestDistance(L_2, accuracy)",12435,1,-1.4224522389980994,1,-1.4574036068269993
dpctgan,"ClosestDistance(L_2, accuracy)",12435,0,-1.4182033253418025,1,-1.4574036068269993
dpctgan,"ClosestDistance(L_2, accuracy)",12435,1,-1.4217996754672306,1,-1.4574036068269993
dpctgan,"ClosestDistance(L_2, accuracy)",12435,0,-1.4276232533490645,1,-1.4574036068269993
dpctgan,"ClosestDistance(L_2, accuracy)",12435,1,-1.4319003313067724,1,-1.4574036068269993
dpctgan,"ClosestDistance(L_2, accuracy)",12435,0,-1.4345972355183039,1,-1.4574036068269993
dpctgan,"ClosestDistance(L_2, accuracy)",12435,1,-1.4301183522558252,1,-1.4574036068269993
dpctgan,"ClosestDistance(L_2, accuracy)",12435,0,-1.417700340254425,1,-1.4574036068269993
dpctgan,"ClosestDistance(L_2, accuracy)",12435,1,-1.4681301148296766,0,-1.4574036068269993
dpctgan,"ClosestDistance(L_2, accuracy)",12435,0,-1.4196372693668082,1,-1.4574036068269993
dpctgan,"ClosestDistance(L_2, accuracy)",12435,1,-1.429397808401928,1,-1.4574036068269993
dpctgan,"ClosestDistance(L_2, accuracy)",12435,0,-2.008908870201614,0,-1.4574036068269993
dpctgan,"ClosestDistance(L_2, accuracy)",12435,1,-1.4164552689820558,1,-1.4574036068269993
dpctgan,"ClosestDistance(L_2, accuracy)",12435,0,-1.4376482274017228,1,-1.4574036068269993
dpctgan,"ClosestDistance(L_2, accuracy)",12435,1,-1.429647901030302,1,-1.4574036068269993
dpctgan,"ClosestDistance(L_2, accuracy)",12435,0,-1.421143031026292,1,-1.4574036068269993
dpctgan,"ClosestDistance(L_2, accuracy)",12435,1,-1.4448270458393362,1,-1.4574036068269993
dpctgan,"ClosestDistance(L_2, accuracy)",12435,0,-2.0228442652026315,0,-1.4574036068269993
dpctgan,"ClosestDistance(L_2, accuracy)",12435,1,-1.424470335930158,1,-1.4574036068269993
dpctgan,"ClosestDistance(L_2, accuracy)",12435,0,-1.4166013414324896,1,-1.4574036068269993
dpctgan,"ClosestDistance(L_2, accuracy)",12435,1,-1.4646346917449395,0,-1.4574036068269993
dpctgan,"ClosestDistance(L_2, accuracy)",12435,0,-1.432714384030035,1,-1.4574036068269993
dpctgan,"ClosestDistance(L_2, accuracy)",12435,1,-1.4247208936940228,1,-1.4574036068269993
dpctgan,"ClosestDistance(L_2, accuracy)",12435,0,-1.440932340613972,1,-1.4574036068269993
dpctgan,"ClosestDistance(L_2, accuracy)",12435,1,-1.4245727614738937,1,-1.4574036068269993
dpctgan,"ClosestDistance(L_2, accuracy)",12435,0,-1.4173561888944521,1,-1.4574036068269993
dpctgan,"ClosestDistance(L_2, accuracy)",12435,1,-1.420078467927141,1,-1.4574036068269993
dpctgan,"ClosestDistance(L_2, accuracy)",12435,0,-1.4195015536531868,1,-1.4574036068269993
dpctgan,"ClosestDistance(L_2, accuracy)",12435,1,-1.4290923518841954,1,-1.4574036068269993
dpctgan,"ClosestDistance(L_2, accuracy)",12435,0,-2.0018172574107997,0,-1.4574036068269993
dpctgan,"ClosestDistance(L_2, accuracy)",12435,1,-1.4374090455834951,1,-1.4574036068269993
dpctgan,"ClosestDistance(L_2, accuracy)",12435,0,-0.6447600399431024,1,-1.4574036068269993
dpctgan,"ClosestDistance(L_2, accuracy)",12435,1,-1.4162126718831993,1,-1.4574036068269993
dpctgan,"ClosestDistance(L_2, accuracy)",12435,0,-0.4042746566140141,1,-1.4574036068269993
dpctgan,"ClosestDistance(L_2, accuracy)",12435,1,-1.4242846408048195,1,-1.4574036068269993
dpctgan,"ClosestDistance(L_2, accuracy)",12435,0,-1.4158397319665648,1,-1.4574036068269993
dpctgan,"ClosestDistance(L_2, accuracy)",12435,1,-1.4435960942115655,1,-1.4574036068269993
dpctgan,"ClosestDistance(L_2, accuracy)",12435,0,-1.4287177249466418,1,-1.4574036068269993
dpctgan,"ClosestDistance(L_2, accuracy)",12435,1,-1.4199899264754037,1,-1.4574036068269993
dpctgan,"ClosestDistance(L_2, accuracy)",12435,0,-1.4390501622832395,1,-1.4574036068269993
dpctgan,"ClosestDistance(L_2, accuracy)",12435,1,-1.432821887964425,1,-1.4574036068269993
dpctgan,"ClosestDistance(L_2, accuracy)",12435,0,-1.4387256065946399,1,-1.4574036068269993
dpctgan,"ClosestDistance(L_2, accuracy)",12435,1,-2.0287906493046215,0,-1.4574036068269993
dpctgan,"ClosestDistance(L_2, accuracy)",12435,0,-1.4303744411228183,1,-1.4574036068269993
dpctgan,"ClosestDistance(L_2, accuracy)",12435,1,-1.4245624030718136,1,-1.4574036068269993
dpctgan,"ClosestDistance(L_2, accuracy)",12435,0,-1.4478290489562748,1,-1.4574036068269993
dpctgan,"ClosestDistance(L_2, accuracy)",12435,1,-1.4212707111238827,1,-1.4574036068269993
dpctgan,"ClosestDistance(L_2, accuracy)",12435,0,-1.4257543502735508,1,-1.4574036068269993
dpctgan,"ClosestDistance(L_2, accuracy)",12435,1,-1.4278444725109143,1,-1.4574036068269993
dpctgan,"ClosestDistance(L_2, accuracy)",12435,0,-1.4231935667252635,1,-1.4574036068269993
dpctgan,"ClosestDistance(L_2, accuracy)",12435,1,-1.4378357975058045,1,-1.4574036068269993
dpctgan,"ClosestDistance(L_2, accuracy)",12435,0,-1.4648694754640375,0,-1.4574036068269993
dpctgan,"ClosestDistance(L_2, accuracy)",12435,1,-1.4158482992219197,1,-1.4574036068269993
dpctgan,"ClosestDistance(L_2, accuracy)",12435,0,-1.4297756774468886,1,-1.4574036068269993
dpctgan,"ClosestDistance(L_2, accuracy)",12435,1,-1.4410997582039722,1,-1.4574036068269993
dpctgan,"ClosestDistance(L_2, accuracy)",12435,0,-1.443588795760919,1,-1.4574036068269993
dpctgan,"ClosestDistance(L_2, accuracy)",12435,1,-1.435889972721941,1,-1.4574036068269993
dpctgan,"ClosestDistance(L_2, accuracy)",12435,0,-0.34481507904458875,1,-1.4574036068269993
dpctgan,"ClosestDistance(L_2, accuracy)",12435,1,-1.4339477161155105,1,-1.4574036068269993
dpctgan,"ClosestDistance(L_2, accuracy)",12435,0,-1.4350933280526736,1,-1.4574036068269993
dpctgan,"ClosestDistance(L_2, accuracy)",12435,1,-1.4450215907675565,1,-1.4574036068269993
dpctgan,"ClosestDistance(L_2, accuracy)",12435,0,-1.436969297018302,1,-1.4574036068269993
dpctgan,"ClosestDistance(L_2, accuracy)",12435,1,-1.4144250677552317,1,-1.4574036068269993
dpctgan,"ClosestDistance(L_2, accuracy)",12435,0,-1.4321908066886082,1,-1.4574036068269993
dpctgan,"ClosestDistance(L_2, accuracy)",12435,1,-1.45139033564565,1,-1.4574036068269993
dpctgan,"ClosestDistance(L_2, accuracy)",12435,0,-1.4358254825918035,1,-1.4574036068269993
dpctgan,"ClosestDistance(L_2, accuracy)",12435,1,-1.4499344904448803,1,-1.4574036068269993
dpctgan,"ClosestDistance(L_2, accuracy)",12435,0,-1.4525310738738102,1,-1.4574036068269993
dpctgan,"ClosestDistance(L_2, accuracy)",12435,1,-1.4258184456734666,1,-1.4574036068269993
dpctgan,"ClosestDistance(L_2, accuracy)",12435,0,-1.4569330706657,1,-1.4574036068269993
dpctgan,"ClosestDistance(L_2, accuracy)",12435,1,-1.4284376675038775,1,-1.4574036068269993
dpctgan,"ClosestDistance(L_2, accuracy)",12435,0,-1.4208143852793569,1,-1.4574036068269993
dpctgan,"ClosestDistance(L_2, accuracy)",12435,1,-1.421758312298326,1,-1.4574036068269993
dpctgan,"ClosestDistance(L_2, accuracy)",12435,0,-1.4433374753008275,1,-1.4574036068269993
dpctgan,"ClosestDistance(L_2, accuracy)",12435,1,-1.417501261801312,1,-1.4574036068269993
dpctgan,"ClosestDistance(L_2, accuracy)",12435,0,-1.4504287557802167,1,-1.4574036068269993
dpctgan,"ClosestDistance(L_2, accuracy)",12435,1,-1.4242657919566573,1,-1.4574036068269993
dpctgan,"ClosestDistance(L_2, accuracy)",12435,0,-1.4163624014166896,1,-1.4574036068269993
dpctgan,"ClosestDistance(L_2, accuracy)",12435,1,-1.4322301212338258,1,-1.4574036068269993
dpctgan,"ClosestDistance(L_2, accuracy)",12435,0,-1.4402198474308596,1,-1.4574036068269993
dpctgan,"ClosestDistance(L_2, accuracy)",12435,1,-1.4294451922213827,1,-1.4574036068269993
dpctgan,"ClosestDistance(L_2, accuracy)",12435,0,-1.4198831387632438,1,-1.4574036068269993
dpctgan,"ClosestDistance(L_2, accuracy)",12435,1,-1.44538708874263,1,-1.4574036068269993
dpctgan,"ClosestDistance(L_2, accuracy)",12435,0,-1.427898246922629,1,-1.4574036068269993
dpctgan,"ClosestDistance(L_2, accuracy)",12435,1,-1.44853457181159,1,-1.4574036068269993
dpctgan,"ClosestDistance(L_2, accuracy)",12435,0,-1.4168566036762555,1,-1.4574036068269993
dpctgan,"ClosestDistance(L_2, accuracy)",12435,1,-1.423245193466992,1,-1.4574036068269993
dpctgan,"ClosestDistance(L_2, accuracy)",12435,0,-1.4468909361857418,1,-1.4574036068269993
dpctgan,"ClosestDistance(L_2, accuracy)",12435,1,-1.4172910684009914,1,-1.4574036068269993
dpctgan,"ClosestDistance(L_2, accuracy)",12435,0,-1.4702551099805494,0,-1.4574036068269993
dpctgan,"ClosestDistance(L_2, accuracy)",12435,1,-1.423413375683904,1,-1.4574036068269993
dpctgan,"ClosestDistance(L_2, accuracy)",12435,0,-1.442274043980633,1,-1.4574036068269993
dpctgan,"ClosestDistance(L_2, accuracy)",12435,1,-1.4308095508100924,1,-1.4574036068269993
dpctgan,"ClosestDistance(L_2, accuracy)",12435,0,-1.4526334528324225,1,-1.4574036068269993
dpctgan,"ClosestDistance(L_2, accuracy)",12435,1,-1.4256814409398326,1,-1.4574036068269993
dpctgan,"ClosestDistance(L_2, accuracy)",12435,0,-1.430974554365384,1,-1.4574036068269993
dpctgan,"ClosestDistance(L_2, accuracy)",12435,1,-1.4239106146530487,1,-1.4574036068269993
dpctgan,"ClosestDistance(L_2, accuracy)",12435,0,-1.434863057680882,1,-1.4574036068269993
dpctgan,"ClosestDistance(L_2, accuracy)",12435,1,-1.421631390618643,1,-1.4574036068269993
dpctgan,"ClosestDistance(L_2, accuracy)",12435,0,-1.428372856302247,1,-1.4574036068269993
dpctgan,"ClosestDistance(L_2, accuracy)",12435,1,-0.27102990648202335,1,-1.4574036068269993
dpctgan,"ClosestDistance(L_2, accuracy)",12435,0,-1.4248530914273296,1,-1.4574036068269993
dpctgan,"ClosestDistance(L_2, accuracy)",12435,1,-1.4446860797091101,1,-1.4574036068269993
dpctgan,"ClosestDistance(L_2, accuracy)",12435,0,-1.4330190316435543,1,-1.4574036068269993
dpctgan,"ClosestDistance(L_2, accuracy)",12435,1,-1.416349579526444,1,-1.4574036068269993
dpctgan,"ClosestDistance(L_2, accuracy)",12435,0,-1.4327287115897114,1,-1.4574036068269993
dpctgan,"ClosestDistance(L_2, accuracy)",12435,1,-1.4364024595134495,1,-1.4574036068269993
dpctgan,"ClosestDistance(L_2, accuracy)",12435,0,-1.4235454322294765,1,-1.4574036068269993
dpctgan,"ClosestDistance(L_2, accuracy)",12435,1,-1.4544407355793674,1,-1.4574036068269993
dpctgan,"ClosestDistance(L_2, accuracy)",12435,0,-1.4222377687224403,1,-1.4574036068269993
dpctgan,"ClosestDistance(L_2, accuracy)",12435,1,-1.4202942914175765,1,-1.4574036068269993
dpctgan,"ClosestDistance(L_2, accuracy)",12435,0,-1.4194763154330297,1,-1.4574036068269993
dpctgan,"ClosestDistance(L_2, accuracy)",12435,1,-1.5005723213701037,0,-1.4574036068269993
dpctgan,"ClosestDistance(L_2, accuracy)",12435,0,-1.445464596910491,1,-1.4574036068269993
dpctgan,"ClosestDistance(L_2, accuracy)",12435,1,-1.4715358213564036,0,-1.4574036068269993
dpctgan,"ClosestDistance(L_2, accuracy)",12435,0,-1.4150211161758965,1,-1.4574036068269993
dpctgan,"ClosestDistance(L_2, accuracy)",12435,1,-1.435859864344948,1,-1.4574036068269993
dpctgan,"ClosestDistance(L_2, accuracy)",12435,0,-1.423124730704066,1,-1.4574036068269993
dpctgan,"ClosestDistance(L_2, accuracy)",12435,1,-1.4698134682120771,0,-1.4574036068269993
dpctgan,"ClosestDistance(L_2, accuracy)",12435,0,-1.4259750345985884,1,-1.4574036068269993
dpctgan,"ClosestDistance(L_2, accuracy)",12435,1,-1.4381315474250667,1,-1.4574036068269993
dpctgan,"ClosestDistance(L_2, accuracy)",12435,0,-1.4671952487134483,0,-1.4574036068269993
dpctgan,"ClosestDistance(L_2, accuracy)",12435,1,-1.4150404895361874,1,-1.4574036068269993
dpctgan,"ClosestDistance(L_2, accuracy)",12435,0,-1.4352917611374942,1,-1.4574036068269993
dpctgan,"ClosestDistance(L_2, accuracy)",12435,1,-1.4209290801882823,1,-1.4574036068269993
dpctgan,"ClosestDistance(L_2, accuracy)",12435,0,-1.4824315264153973,0,-1.4574036068269993
dpctgan,"ClosestDistance(L_2, accuracy)",12435,1,-1.4176847205966743,1,-1.4574036068269993
dpctgan,"ClosestDistance(L_2, accuracy)",12435,0,-1.5005429028427437,0,-1.4574036068269993
dpctgan,"ClosestDistance(L_2, accuracy)",12435,1,-1.4189834621066124,1,-1.4574036068269993
dpctgan,"ClosestDistance(L_2, accuracy)",12435,0,-1.4196669556830086,1,-1.4574036068269993
dpctgan,"ClosestDistance(L_2, accuracy)",12435,1,-1.418977201122964,1,-1.4574036068269993
dpctgan,"ClosestDistance(L_2, accuracy)",12435,0,-1.420011238222791,1,-1.4574036068269993
dpctgan,"ClosestDistance(L_2, accuracy)",12435,1,-1.4513015591801064,1,-1.4574036068269993
dpctgan,"ClosestDistance(L_2, accuracy)",12435,0,-1.423938222375821,1,-1.4574036068269993
dpctgan,"ClosestDistance(L_2, accuracy)",12435,1,-1.4474012737777604,1,-1.4574036068269993
dpctgan,"ClosestDistance(L_2, accuracy)",12435,0,-1.5249981321012964,0,-1.4574036068269993
dpctgan,"ClosestDistance(L_2, accuracy)",12435,1,-0.4129264726157307,1,-1.4574036068269993
dpctgan,"ClosestDistance(L_2, accuracy)",12435,0,-1.4229129570782995,1,-1.4574036068269993
dpctgan,"ClosestDistance(L_2, accuracy)",12435,1,-1.4214256219948709,1,-1.4574036068269993
dpctgan,"ClosestDistance(L_2, accuracy)",12435,0,-1.4482167183425196,1,-1.4574036068269993
dpctgan,"ClosestDistance(L_2, accuracy)",12435,1,-1.4294491654403652,1,-1.4574036068269993
dpctgan,"ClosestDistance(L_2, accuracy)",12435,0,-1.4400998556640474,1,-1.4574036068269993
dpctgan,"ClosestDistance(L_2, accuracy)",12435,1,-1.4303825440374673,1,-1.4574036068269993
dpctgan,"ClosestDistance(L_2, accuracy)",12435,0,-1.4386694731796765,1,-1.4574036068269993
dpctgan,"ClosestDistance(L_2, accuracy)",12435,1,-1.4263225595131872,1,-1.4574036068269993
dpctgan,"ClosestDistance(L_2, accuracy)",12435,0,-1.4355324244977465,1,-1.4574036068269993
dpctgan,"ClosestDistance(L_2, accuracy)",12435,1,-1.4239810253344065,1,-1.4574036068269993
dpctgan,"ClosestDistance(L_2, accuracy)",12435,0,-1.4704958442942302,0,-1.4574036068269993
dpctgan,"ClosestDistance(L_2, accuracy)",12435,1,-1.4236898697959157,1,-1.4574036068269993
dpctgan,"ClosestDistance(L_2, accuracy)",12435,0,-1.425074752386335,1,-1.4574036068269993
dpctgan,"ClosestDistance(L_2, accuracy)",12435,1,-1.4824440540051778,0,-1.4574036068269993
dpctgan,"ClosestDistance(L_2, accuracy)",12435,0,-1.4397775014818293,1,-1.4574036068269993
dpctgan,"ClosestDistance(L_2, accuracy)",12435,1,-1.4322171403712634,1,-1.4574036068269993
dpctgan,"ClosestDistance(L_2, accuracy)",12435,0,-1.5105601901420844,0,-1.4574036068269993
dpctgan,"ClosestDistance(L_2, accuracy)",12435,1,-1.4796432891389038,0,-1.4574036068269993
dpctgan,"ClosestDistance(L_2, accuracy)",12435,0,-1.4559264323462562,1,-1.4574036068269993
dpctgan,"ClosestDistance(L_2, accuracy)",12435,1,-1.4259351431053213,1,-1.4574036068269993
dpctgan,"ClosestDistance(L_2, accuracy)",12435,0,-1.4837664213563926,0,-1.4574036068269993
dpctgan,"ClosestDistance(L_2, accuracy)",12435,1,-1.4364777637982773,1,-1.4574036068269993
dpctgan,"ClosestDistance(L_2, accuracy)",12435,0,-1.4413694904133394,1,-1.4574036068269993
dpctgan,"ClosestDistance(L_2, accuracy)",12435,1,-1.4321217320993702,1,-1.4574036068269993
dpctgan,"ClosestDistance(L_2, accuracy)",12435,0,-1.4200674339283854,1,-1.4574036068269993
dpctgan,"ClosestDistance(L_2, accuracy)",12435,1,-1.4407933989056758,1,-1.4574036068269993
dpctgan,"ClosestDistance(L_2, accuracy)",12435,0,-1.431891782395351,1,-1.4574036068269993
dpctgan,"ClosestDistance(L_2, accuracy)",12435,1,-1.4306255832798747,1,-1.4574036068269993
dpctgan,"ClosestDistance(L_2, accuracy)",12435,0,-1.4175172372266491,1,-1.4574036068269993
dpctgan,"ClosestDistance(L_2, accuracy)",12435,1,-1.434939369248754,1,-1.4574036068269993
dpctgan,"ClosestDistance(L_2, accuracy)",12435,0,-1.452180281954117,1,-1.4574036068269993
dpctgan,"ClosestDistance(L_2, accuracy)",12435,1,-1.42703189416885,1,-1.4574036068269993
dpctgan,"ClosestDistance(L_2, accuracy)",12435,0,-1.437795112378648,1,-1.4574036068269993
dpctgan,"ClosestDistance(L_2, accuracy)",12435,1,-1.442857136642136,1,-1.4574036068269993
dpctgan,"ClosestDistance(L_2, accuracy)",12435,0,-1.4660020695847538,0,-1.4574036068269993
dpctgan,"ClosestDistance(L_2, accuracy)",12435,1,-1.5649977990962813,0,-1.4574036068269993
dpctgan,"ClosestDistance(L_2, accuracy)",12435,0,-1.4163817528116445,1,-1.4574036068269993
dpctgan,"ClosestDistance(L_2, accuracy)",12435,1,-1.4803416791436919,0,-1.4574036068269993
dpctgan,"ClosestDistance(L_2, accuracy)",12435,0,-1.4453572795822178,1,-1.4574036068269993
dpctgan,"ClosestDistance(L_2, accuracy)",12435,1,-1.4233729358083038,1,-1.4574036068269993
dpctgan,"ClosestDistance(L_2, accuracy)",12435,0,-1.4516663391104934,1,-1.4574036068269993
dpctgan,"ClosestDistance(L_2, accuracy)",12435,1,-1.4199559370388761,1,-1.4574036068269993
dpctgan,"ClosestDistance(L_2, accuracy)",12435,0,-1.4442235355139097,1,-1.4574036068269993
dpctgan,"ClosestDistance(L_2, accuracy)",12435,1,-1.4370527015609702,1,-1.4574036068269993
dpctgan,"ClosestDistance(L_2, accuracy)",12435,0,-1.4291952159258374,1,-1.4574036068269993
dpctgan,"ClosestDistance(L_2, accuracy)",12435,1,-1.417137277897268,1,-1.4574036068269993
dpctgan,"ClosestDistance(L_2, accuracy)",12435,0,-1.4277095229538743,1,-1.4574036068269993
dpctgan,"ClosestDistance(L_2, accuracy)",12435,1,-2.0133179858982237,0,-1.4574036068269993
dpctgan,"ClosestDistance(L_2, accuracy)",12435,0,-1.4360141164313822,1,-1.4574036068269993
dpctgan,"ClosestDistance(L_2, accuracy)",12435,1,-1.4248163230308784,1,-1.4574036068269993
dpctgan,"ClosestDistance(L_2, accuracy)",12435,0,-1.4213492856879637,1,-1.4574036068269993
dpctgan,"ClosestDistance(L_2, accuracy)",12435,1,-1.4214772409366856,1,-1.4574036068269993
dpctgan,"ClosestDistance(L_2, accuracy)",12435,0,-1.4208023021469776,1,-1.4574036068269993
dpctgan,"ClosestDistance(L_2, accuracy)",12435,1,-1.421428268974874,1,-1.4574036068269993
dpctgan,"ClosestDistance(L_2, accuracy)",12435,0,-1.4263911650243453,1,-1.4574036068269993
dpctgan,"ClosestDistance(L_2, accuracy)",12435,1,-1.4251607108884,1,-1.4574036068269993
dpctgan,"ClosestDistance(L_2, accuracy)",12435,0,-1.4637650186754292,0,-1.4574036068269993
dpctgan,"ClosestDistance(L_2, accuracy)",12435,1,-1.4265608006776456,1,-1.4574036068269993
dpctgan,"ClosestDistance(L_2, accuracy)",12435,0,-1.4410348202073604,1,-1.4574036068269993
dpctgan,"ClosestDistance(L_2, accuracy)",12435,1,-1.4787921265505308,0,-1.4574036068269993
dpctgan,"ClosestDistance(L_2, accuracy)",12435,0,-1.4166751370177704,1,-1.4574036068269993
dpctgan,"ClosestDistance(L_2, accuracy)",12435,1,-1.4200512741739255,1,-1.4574036068269993
dpctgan,"ClosestDistance(L_2, accuracy)",12435,0,-1.439575339941742,1,-1.4574036068269993
dpctgan,"ClosestDistance(L_2, accuracy)",12435,1,-1.4313214527043339,1,-1.4574036068269993
dpctgan,"ClosestDistance(L_2, accuracy)",12435,0,-1.4156386533725833,1,-1.4574036068269993
dpctgan,"ClosestDistance(L_2, accuracy)",12435,1,-2.0379169974588067,0,-1.4574036068269993
dpctgan,"ClosestDistance(L_2, accuracy)",12435,0,-1.4237885338919147,1,-1.4574036068269993
dpctgan,"ClosestDistance(L_2, accuracy)",12435,1,-1.4421003352582746,1,-1.4574036068269993
dpctgan,"ClosestDistance(L_2, accuracy)",12435,0,-1.435803131524514,1,-1.4574036068269993
dpctgan,"ClosestDistance(L_2, accuracy)",12435,1,-1.4426029712632047,1,-1.4574036068269993
dpctgan,"ClosestDistance(L_2, accuracy)",12435,0,-1.4444826218669948,1,-1.4574036068269993
dpctgan,"ClosestDistance(L_2, accuracy)",12435,1,-1.420580761297024,1,-1.4574036068269993
dpctgan,"ClosestDistance(L_2, accuracy)",12435,0,-1.4229654880275346,1,-1.4574036068269993
dpctgan,"ClosestDistance(L_2, accuracy)",12435,1,-1.4400970042447159,1,-1.4574036068269993
dpctgan,"ClosestDistance(L_2, accuracy)",12435,0,-1.419853316554328,1,-1.4574036068269993
dpctgan,"ClosestDistance(L_2, accuracy)",12435,1,-1.426833527665227,1,-1.4574036068269993
dpctgan,"ClosestDistance(L_2, accuracy)",12435,0,-2.003638030402126,0,-1.4574036068269993
dpctgan,"ClosestDistance(L_2, accuracy)",12435,1,-1.4240868253798589,1,-1.4574036068269993
dpctgan,"ClosestDistance(L_2, accuracy)",12435,0,-1.5653188391702326,0,-1.4574036068269993
dpctgan,"ClosestDistance(L_2, accuracy)",12435,1,-1.430192677873879,1,-1.4574036068269993
dpctgan,"ClosestDistance(L_2, accuracy)",12435,0,-1.4336943982260297,1,-1.4574036068269993
dpctgan,"ClosestDistance(L_2, accuracy)",12435,1,-1.447250739512428,1,-1.4574036068269993
dpctgan,"ClosestDistance(L_2, accuracy)",12435,0,-1.4261107696488018,1,-1.4574036068269993
dpctgan,"ClosestDistance(L_2, accuracy)",12435,1,-1.4181891026565645,1,-1.4574036068269993
dpctgan,"ClosestDistance(L_2, accuracy)",12435,0,-1.4389115734635831,1,-1.4574036068269993
dpctgan,"ClosestDistance(L_2, accuracy)",12435,1,-2.0099587497257305,0,-1.4574036068269993
dpctgan,"ClosestDistance(L_2, accuracy)",12435,0,-1.4233518345121507,1,-1.4574036068269993
dpctgan,"ClosestDistance(L_2, accuracy)",12435,1,-1.4430787793895279,1,-1.4574036068269993
dpctgan,"ClosestDistance(L_2, accuracy)",12435,0,-1.4334597696752875,1,-1.4574036068269993
dpctgan,"ClosestDistance(L_2, accuracy)",12435,1,-1.4155153618709337,1,-1.4574036068269993
dpctgan,"ClosestDistance(L_2, accuracy)",12435,0,-1.440367122162646,1,-1.4574036068269993
dpctgan,"ClosestDistance(L_2, accuracy)",12435,1,-1.4410255138057626,1,-1.4574036068269993
dpctgan,"ClosestDistance(L_2, accuracy)",12435,0,-0.46591495392950677,1,-1.4574036068269993
dpctgan,"ClosestDistance(L_2, accuracy)",12435,1,-1.4308711423909632,1,-1.4574036068269993
dpctgan,"ClosestDistance(L_2, accuracy)",12435,0,-1.4258385320251978,1,-1.4574036068269993
dpctgan,"ClosestDistance(L_2, accuracy)",12435,1,-1.42921221415227,1,-1.4574036068269993
dpctgan,"ClosestDistance(L_2, accuracy)",12435,0,-1.4606626097172986,0,-1.4574036068269993
dpctgan,"ClosestDistance(L_2, accuracy)",12435,1,-1.4287025237668975,1,-1.4574036068269993
dpctgan,"ClosestDistance(L_2, accuracy)",12435,0,-1.4673940609796066,0,-1.4574036068269993
dpctgan,"ClosestDistance(L_2, accuracy)",12435,1,-1.4597518407842518,0,-1.4574036068269993
dpctgan,"ClosestDistance(L_2, accuracy)",12435,0,-1.4253677584940017,1,-1.4574036068269993
dpctgan,"ClosestDistance(L_2, accuracy)",12435,1,-1.4163295045236242,1,-1.4574036068269993
dpctgan,"ClosestDistance(L_2, accuracy)",12435,0,-1.4472003030712393,1,-1.4574036068269993
dpctgan,"ClosestDistance(L_2, accuracy)",12435,1,-1.4386349825160127,1,-1.4574036068269993
dpctgan,"ClosestDistance(L_2, accuracy)",12435,0,-1.5023932962411772,0,-1.4574036068269993
dpctgan,"ClosestDistance(L_2, accuracy)",12435,1,-1.4298724872617736,1,-1.4574036068269993
dpctgan,"ClosestDistance(L_2, accuracy)",12435,0,-1.4617421100213568,0,-1.4574036068269993
dpctgan,"ClosestDistance(L_2, accuracy)",12435,1,-1.458621253434447,0,-1.4574036068269993
dpctgan,"ClosestDistance(L_2, accuracy)",12435,0,-1.4331912829681879,1,-1.4574036068269993
dpctgan,"ClosestDistance(L_2, accuracy)",12435,1,-1.4146822551291738,1,-1.4574036068269993
dpctgan,"ClosestDistance(L_2, accuracy)",12435,0,-1.4191158849557972,1,-1.4574036068269993
dpctgan,"ClosestDistance(L_2, accuracy)",12435,1,-1.4221422701239192,1,-1.4574036068269993
dpctgan,"ClosestDistance(L_2, accuracy)",12435,0,-1.4254957518938314,1,-1.4574036068269993
dpctgan,"ClosestDistance(L_2, accuracy)",12435,1,-1.4355428776746295,1,-1.4574036068269993
dpctgan,"ClosestDistance(L_2, accuracy)",12435,0,-1.4762280019799432,0,-1.4574036068269993
dpctgan,"ClosestDistance(L_2, accuracy)",12435,1,-1.4349324193813364,1,-1.4574036068269993
dpctgan,"ClosestDistance(L_2, accuracy)",12435,0,-1.4216324252536843,1,-1.4574036068269993
dpctgan,"ClosestDistance(L_2, accuracy)",12435,1,-1.4278049410381737,1,-1.4574036068269993
dpctgan,"ClosestDistance(L_2, accuracy)",12435,0,-1.4538361189007192,1,-1.4574036068269993
dpctgan,"ClosestDistance(L_2, accuracy)",12435,1,-2.00942922232387,0,-1.4574036068269993
dpctgan,"ClosestDistance(L_2, accuracy)",12435,0,-2.0212261125270614,0,-1.4574036068269993
dpctgan,"ClosestDistance(L_2, accuracy)",12435,1,-1.416556580411522,1,-1.4574036068269993
dpctgan,"ClosestDistance(L_2, accuracy)",12435,0,-1.448819299696783,1,-1.4574036068269993
dpctgan,"ClosestDistance(L_2, accuracy)",12435,1,-0.5394956634116935,1,-1.4574036068269993
dpctgan,"ClosestDistance(L_2, accuracy)",12435,0,-1.4152959143432153,1,-1.4574036068269993
dpctgan,"ClosestDistance(L_2, accuracy)",12435,1,-1.421094661748463,1,-1.4574036068269993
dpctgan,"ClosestDistance(L_2, accuracy)",12435,0,-1.442420856467116,1,-1.4574036068269993
dpctgan,"ClosestDistance(L_2, accuracy)",12435,1,-1.4311591859945862,1,-1.4574036068269993
dpctgan,"ClosestDistance(L_2, accuracy)",12435,0,-1.4463522526273764,1,-1.4574036068269993
dpctgan,"ClosestDistance(L_2, accuracy)",12435,1,-1.4262894323091668,1,-1.4574036068269993
dpctgan,"ClosestDistance(L_2, accuracy)",12435,0,-1.4706716342872017,0,-1.4574036068269993
dpctgan,"ClosestDistance(L_2, accuracy)",12435,1,-1.4225996625124597,1,-1.4574036068269993
dpctgan,"ClosestDistance(L_2, accuracy)",12435,0,-1.455087837926269,1,-1.4574036068269993
dpctgan,"ClosestDistance(L_2, accuracy)",12435,1,-1.4353017098895178,1,-1.4574036068269993
dpctgan,"ClosestDistance(L_2, accuracy)",12435,0,-1.4431837920041608,1,-1.4574036068269993
dpctgan,"ClosestDistance(L_2, accuracy)",12435,1,-1.431848314030457,1,-1.4574036068269993
dpctgan,"ClosestDistance(L_2, accuracy)",12435,0,-1.4819163248842464,0,-1.4574036068269993
dpctgan,"ClosestDistance(L_2, accuracy)",12435,1,-1.432377529154466,1,-1.4574036068269993
dpctgan,"ClosestDistance(L_2, accuracy)",12435,0,-1.4317464288084534,1,-1.4574036068269993
dpctgan,"ClosestDistance(L_2, accuracy)",12435,1,-1.4589158430355817,0,-1.4574036068269993
dpctgan,"ClosestDistance(L_2, accuracy)",12435,0,-1.4247112845522791,1,-1.4574036068269993
dpctgan,"ClosestDistance(L_2, accuracy)",12435,1,-1.4188990842891829,1,-1.4574036068269993
dpctgan,"ClosestDistance(L_2, accuracy)",12435,0,-1.4411459324544253,1,-1.4574036068269993
dpctgan,"ClosestDistance(L_2, accuracy)",12435,1,-1.4184118592092951,1,-1.4574036068269993
dpctgan,"ClosestDistance(L_2, accuracy)",12435,0,-1.4572382747610473,1,-1.4574036068269993
dpctgan,"ClosestDistance(L_2, accuracy)",12435,1,-1.4390948687936111,1,-1.4574036068269993
dpctgan,"ClosestDistance(L_2, accuracy)",12435,0,-1.5409665389640814,0,-1.4574036068269993
dpctgan,"ClosestDistance(L_2, accuracy)",12435,1,-1.4319338225373224,1,-1.4574036068269993
dpctgan,"ClosestDistance(L_2, accuracy)",12435,0,-1.4485898800659014,1,-1.4574036068269993
dpctgan,"ClosestDistance(L_2, accuracy)",12435,1,-1.432387651669435,1,-1.4574036068269993
dpctgan,"ClosestDistance(L_2, accuracy)",12435,0,-0.2363919287468984,1,-1.4574036068269993
dpctgan,"ClosestDistance(L_2, accuracy)",12435,1,-1.414792929705036,1,-1.4574036068269993
dpctgan,"ClosestDistance(L_2, accuracy)",12435,0,-1.4431336296305204,1,-1.4574036068269993
dpctgan,"ClosestDistance(L_2, accuracy)",12435,1,-1.4309340399809665,1,-1.4574036068269993
dpctgan,"ClosestDistance(L_2, accuracy)",12435,0,-1.4417812017248381,1,-1.4574036068269993
dpctgan,"ClosestDistance(L_2, accuracy)",12435,1,-1.417982221620339,1,-1.4574036068269993
dpctgan,"ClosestDistance(L_2, accuracy)",12435,0,-1.4404129533495,1,-1.4574036068269993
dpctgan,"ClosestDistance(L_2, accuracy)",12435,1,-1.4178524974294768,1,-1.4574036068269993
dpctgan,"ClosestDistance(L_2, accuracy)",12435,0,-1.4207683479007553,1,-1.4574036068269993
dpctgan,"ClosestDistance(L_2, accuracy)",12435,1,-1.4169486725816627,1,-1.4574036068269993
dpctgan,"ClosestDistance(L_2, accuracy)",12435,0,-1.4652089815311589,0,-1.4574036068269993
dpctgan,"ClosestDistance(L_2, accuracy)",12435,1,-1.4468527308893795,1,-1.4574036068269993
dpctgan,"ClosestDistance(L_2, accuracy)",12435,0,-1.4410536471337239,1,-1.4574036068269993
dpctgan,"ClosestDistance(L_2, accuracy)",12435,1,-0.16967695497766908,1,-1.4574036068269993
dpctgan,"ClosestDistance(L_2, accuracy)",12435,0,-1.4180953977112347,1,-1.4574036068269993
dpctgan,"ClosestDistance(L_2, accuracy)",12435,1,-1.435120570782192,1,-1.4574036068269993
dpctgan,"ClosestDistance(L_2, accuracy)",12435,0,-1.4214112116861781,1,-1.4574036068269993
dpctgan,"ClosestDistance(L_2, accuracy)",12435,1,-1.4291372649997776,1,-1.4574036068269993
dpctgan,"ClosestDistance(L_2, accuracy)",12435,0,-1.4372079783755378,1,-1.4574036068269993
dpctgan,"ClosestDistance(L_2, accuracy)",12435,1,-1.4487248709341518,1,-1.4574036068269993
dpctgan,"ClosestDistance(L_2, accuracy)",12435,0,-1.4197575796712125,1,-1.4574036068269993
dpctgan,"ClosestDistance(L_2, accuracy)",12435,1,-1.4451261586603128,1,-1.4574036068269993
dpctgan,"ClosestDistance(L_2, accuracy)",12435,0,-1.443000126074919,1,-1.4574036068269993
dpctgan,"ClosestDistance(L_2, accuracy)",12435,1,-1.43996782578104,1,-1.4574036068269993
dpctgan,"ClosestDistance(L_2, accuracy)",12435,0,-1.4632214337284417,0,-1.4574036068269993
dpctgan,"ClosestDistance(L_2, accuracy)",12435,1,-1.4201539014205746,1,-1.4574036068269993
dpctgan,"ClosestDistance(L_2, accuracy)",12435,0,-1.4443949541297447,1,-1.4574036068269993
dpctgan,"ClosestDistance(L_2, accuracy)",12435,1,-1.476027530117623,0,-1.4574036068269993
dpctgan,"ClosestDistance(L_2, accuracy)",12435,0,-1.4285757956206298,1,-1.4574036068269993
dpctgan,"ClosestDistance(L_2, accuracy)",12435,1,-1.4408804663453392,1,-1.4574036068269993
dpctgan,"ClosestDistance(L_2, accuracy)",12435,0,-0.23190271152960093,1,-1.4574036068269993
dpctgan,"ClosestDistance(L_2, accuracy)",12435,1,-1.442742844243963,1,-1.4574036068269993
dpctgan,"ClosestDistance(L_2, accuracy)",12435,0,-1.4529102421310194,1,-1.4574036068269993
dpctgan,"ClosestDistance(L_2, accuracy)",12435,1,-1.428982959522865,1,-1.4574036068269993
dpctgan,"ClosestDistance(L_2, accuracy)",12435,0,-1.450359007386222,1,-1.4574036068269993
dpctgan,"ClosestDistance(L_2, accuracy)",12435,1,-1.4234132672318236,1,-1.4574036068269993
dpctgan,"ClosestDistance(L_2, accuracy)",12435,0,-1.5233015172441484,0,-1.4574036068269993
dpctgan,"ClosestDistance(L_2, accuracy)",12435,1,-1.4363742457256912,1,-1.4574036068269993
dpctgan,"ClosestDistance(L_2, accuracy)",12435,0,-1.4275919073321073,1,-1.4574036068269993
dpctgan,"ClosestDistance(L_2, accuracy)",12435,1,-1.4517248151181024,1,-1.4574036068269993
dpctgan,"ClosestDistance(L_2, accuracy)",12435,0,-1.4410937996408013,1,-1.4574036068269993
dpctgan,"ClosestDistance(L_2, accuracy)",12435,1,-1.4296598694623726,1,-1.4574036068269993
dpctgan,"ClosestDistance(L_2, accuracy)",12435,0,-1.4199225124251067,1,-1.4574036068269993
dpctgan,"ClosestDistance(L_2, accuracy)",12435,1,-1.443895148484518,1,-1.4574036068269993
dpctgan,"ClosestDistance(L_2, accuracy)",12435,0,-1.4268241846377672,1,-1.4574036068269993
dpctgan,"ClosestDistance(L_2, accuracy)",12435,1,-1.4158004496390666,1,-1.4574036068269993
dpctgan,"ClosestDistance(L_2, accuracy)",12435,0,-1.4194466761736801,1,-1.4574036068269993
dpctgan,"ClosestDistance(L_2, accuracy)",12435,1,-1.4237106983353505,1,-1.4574036068269993
dpctgan,"ClosestDistance(L_2, accuracy)",12435,0,-1.4189178309198929,1,-1.4574036068269993
dpctgan,"ClosestDistance(L_2, accuracy)",12435,1,-1.437308382884393,1,-1.4574036068269993
dpctgan,"ClosestDistance(L_2, accuracy)",12435,0,-1.4354841224003043,1,-1.4574036068269993
dpctgan,"ClosestDistance(L_2, accuracy)",12435,1,-1.545439467826303,0,-1.4574036068269993
dpctgan,"ClosestDistance(L_2, accuracy)",12435,0,-1.4359670812984082,1,-1.4574036068269993
dpctgan,"ClosestDistance(L_2, accuracy)",12435,1,-1.4478578057934661,1,-1.4574036068269993
dpctgan,"ClosestDistance(L_2, accuracy)",12435,0,-1.418763911457335,1,-1.4574036068269993
dpctgan,"ClosestDistance(L_2, accuracy)",12435,1,-0.7302216570668059,1,-1.4574036068269993
dpctgan,"ClosestDistance(L_2, accuracy)",12435,0,-1.4430555440446295,1,-1.4574036068269993
dpctgan,"ClosestDistance(L_2, accuracy)",12435,1,-1.4374751645059534,1,-1.4574036068269993
dpctgan,"ClosestDistance(L_2, accuracy)",12435,0,-1.4634983544397944,0,-1.4574036068269993
dpctgan,"ClosestDistance(L_2, accuracy)",12435,1,-1.420033810304139,1,-1.4574036068269993
dpctgan,"ClosestDistance(L_2, accuracy)",12435,0,-1.4524005020197168,1,-1.4574036068269993
dpctgan,"ClosestDistance(L_2, accuracy)",12435,1,-1.4214286160550134,1,-1.4574036068269993
dpctgan,"ClosestDistance(L_2, accuracy)",12435,0,-1.4196471580256196,1,-1.4574036068269993
dpctgan,"ClosestDistance(L_2, accuracy)",12435,1,-1.426435673201101,1,-1.4574036068269993
dpctgan,"ClosestDistance(L_2, accuracy)",12435,0,-1.4346370763836536,1,-1.4574036068269993
dpctgan,"ClosestDistance(L_2, accuracy)",12435,1,-1.4175463431151913,1,-1.4574036068269993
dpctgan,"ClosestDistance(L_2, accuracy)",12435,0,-1.4203198434727526,1,-1.4574036068269993
dpctgan,"ClosestDistance(L_2, accuracy)",12435,1,-1.4443650175058222,1,-1.4574036068269993
dpctgan,"ClosestDistance(L_2, accuracy)",12435,0,-1.4212575925175135,1,-1.4574036068269993
dpctgan,"ClosestDistance(L_2, accuracy)",12435,1,-1.4418137582531527,1,-1.4574036068269993
dpctgan,"ClosestDistance(L_2, accuracy)",12435,0,-1.4472679851832093,1,-1.4574036068269993
dpctgan,"ClosestDistance(L_2, accuracy)",12435,1,-1.4682345955546603,0,-1.4574036068269993
dpctgan,"ClosestDistance(L_2, accuracy)",12435,0,-1.4243585487632238,1,-1.4574036068269993
dpctgan,"ClosestDistance(L_2, accuracy)",12435,1,-1.4305897755447405,1,-1.4574036068269993
dpctgan,"ClosestDistance(L_2, accuracy)",12435,0,-1.4214256183792973,1,-1.4574036068269993
dpctgan,"ClosestDistance(L_2, accuracy)",12435,1,-1.4772166498774506,0,-1.4574036068269993
dpctgan,"ClosestDistance(L_2, accuracy)",12435,0,-1.4299670119974583,1,-1.4574036068269993
dpctgan,"ClosestDistance(L_2, accuracy)",12435,1,-1.4347221638055752,1,-1.4574036068269993
dpctgan,"ClosestDistance(L_2, accuracy)",12435,0,-1.4464157024857607,1,-1.4574036068269993
dpctgan,"ClosestDistance(L_2, accuracy)",12435,1,-1.4384906602765888,1,-1.4574036068269993
dpctgan,"ClosestDistance(L_2, accuracy)",12435,0,-1.4370220696763643,1,-1.4574036068269993
dpctgan,"ClosestDistance(L_2, accuracy)",12435,1,-1.425421471571013,1,-1.4574036068269993
dpctgan,"ClosestDistance(L_2, accuracy)",12435,0,-1.4216560963870908,1,-1.4574036068269993
dpctgan,"ClosestDistance(L_2, accuracy)",12435,1,-1.4309683994420743,1,-1.4574036068269993
dpctgan,"ClosestDistance(L_2, accuracy)",12435,0,-1.4623087239874424,0,-1.4574036068269993
dpctgan,"ClosestDistance(L_2, accuracy)",12435,1,-1.4215119848190285,1,-1.4574036068269993
dpctgan,"ClosestDistance(L_2, accuracy)",12435,0,-1.4259334469292906,1,-1.4574036068269993
dpctgan,"ClosestDistance(L_2, accuracy)",12435,1,-1.4189402864962077,1,-1.4574036068269993
dpctgan,"ClosestDistance(L_2, accuracy)",12435,0,-1.4267485253296242,1,-1.4574036068269993
dpctgan,"ClosestDistance(L_2, accuracy)",12435,1,-1.4203515062967427,1,-1.4574036068269993
dpctgan,"ClosestDistance(L_2, accuracy)",12435,0,-1.4341583206616295,1,-1.4574036068269993
dpctgan,"ClosestDistance(L_2, accuracy)",12435,1,-1.4748265604730053,0,-1.4574036068269993
dpctgan,"ClosestDistance(L_2, accuracy)",12435,0,-1.4495355143337498,1,-1.4574036068269993
dpctgan,"ClosestDistance(L_2, accuracy)",12435,1,-2.001068849879945,0,-1.4574036068269993
dpctgan,"ClosestDistance(L_2, accuracy)",12435,0,-1.4397879157634903,1,-1.4574036068269993
dpctgan,"ClosestDistance(L_2, accuracy)",12435,1,-1.4527571320863724,1,-1.4574036068269993
dpctgan,"ClosestDistance(L_2, accuracy)",12435,0,-1.4569525606678426,1,-1.4574036068269993
dpctgan,"ClosestDistance(L_2, accuracy)",12435,1,-1.4327250678818635,1,-1.4574036068269993
dpctgan,"ClosestDistance(L_2, accuracy)",12435,0,-1.415165908048403,1,-1.4574036068269993
dpctgan,"ClosestDistance(L_2, accuracy)",12435,1,-1.4709851610548301,0,-1.4574036068269993
dpctgan,"ClosestDistance(L_2, accuracy)",12435,0,-1.4896319988939857,0,-1.4574036068269993
dpctgan,"ClosestDistance(L_2, accuracy)",12435,1,-1.4207105314300534,1,-1.4574036068269993
dpctgan,"ClosestDistance(L_2, accuracy)",12435,0,-1.4427328740059229,1,-1.4574036068269993
dpctgan,"ClosestDistance(L_2, accuracy)",12435,1,-1.4850186441358337,0,-1.4574036068269993
dpctgan,"ClosestDistance(L_2, accuracy)",12435,0,-1.4351079159462372,1,-1.4574036068269993
dpctgan,"ClosestDistance(L_2, accuracy)",12435,1,-2.0071411543092297,0,-1.4574036068269993
dpctgan,"ClosestDistance(L_2, accuracy)",12435,0,-1.4378041197304987,1,-1.4574036068269993
dpctgan,"ClosestDistance(L_2, accuracy)",12435,1,-1.4220267758949428,1,-1.4574036068269993
dpctgan,"ClosestDistance(L_2, accuracy)",12435,0,-1.4202667281129335,1,-1.4574036068269993
dpctgan,"ClosestDistance(L_2, accuracy)",12435,1,-1.4585893540194192,0,-1.4574036068269993
dpctgan,"ClosestDistance(L_2, accuracy)",12435,0,-1.4303418288352425,1,-1.4574036068269993
dpctgan,"ClosestDistance(L_2, accuracy)",12435,1,-1.436085241746089,1,-1.4574036068269993
dpctgan,"ClosestDistance(L_2, accuracy)",12435,0,-1.4237182362345426,1,-1.4574036068269993
dpctgan,"ClosestDistance(L_2, accuracy)",12435,1,-1.4281703580433067,1,-1.4574036068269993
dpctgan,"ClosestDistance(L_2, accuracy)",12435,0,-1.43081411688691,1,-1.4574036068269993
dpctgan,"ClosestDistance(L_2, accuracy)",12435,1,-1.5179873828889647,0,-1.4574036068269993
dpctgan,"ClosestDistance(L_2, accuracy)",12435,0,-1.4283383406348762,1,-1.4574036068269993
dpctgan,"ClosestDistance(L_2, accuracy)",12435,1,-1.4325066715916306,1,-1.4574036068269993
dpctgan,"ClosestDistance(L_2, accuracy)",12435,0,-0.37849187593980615,1,-1.4574036068269993
dpctgan,"ClosestDistance(L_2, accuracy)",12435,1,-1.4281213481512796,1,-1.4574036068269993
dpctgan,"ClosestDistance(L_2, accuracy)",12435,0,-1.4214912848386623,1,-1.4574036068269993
dpctgan,"ClosestDistance(L_2, accuracy)",12435,1,-1.4258297614356168,1,-1.4574036068269993
dpctgan,"ClosestDistance(L_2, accuracy)",12435,0,-1.44364999093991,1,-1.4574036068269993
dpctgan,"ClosestDistance(L_2, accuracy)",12435,1,-1.4265889843483026,1,-1.4574036068269993
dpctgan,"ClosestDistance(L_2, accuracy)",12435,0,-1.4244155964123515,1,-1.4574036068269993
dpctgan,"ClosestDistance(L_2, accuracy)",12435,1,-1.442952522872355,1,-1.4574036068269993
dpctgan,"ClosestDistance(L_2, accuracy)",12435,0,-1.4211901376199394,1,-1.4574036068269993
dpctgan,"ClosestDistance(L_2, accuracy)",12435,1,-1.432337272527521,1,-1.4574036068269993
dpctgan,"ClosestDistance(L_2, accuracy)",12435,0,-1.418112077126857,1,-1.4574036068269993
dpctgan,"ClosestDistance(L_2, accuracy)",12435,1,-1.433877170636377,1,-1.4574036068269993
dpctgan,"ClosestDistance(L_2, accuracy)",12435,0,-1.4454484597618493,1,-1.4574036068269993
dpctgan,"ClosestDistance(L_2, accuracy)",12435,1,-1.4210198879834812,1,-1.4574036068269993
dpctgan,"ClosestDistance(L_2, accuracy)",12435,0,-1.4182180585176054,1,-1.4574036068269993
dpctgan,"ClosestDistance(L_2, accuracy)",12435,1,-1.4525924870026297,1,-1.4574036068269993
dpctgan,"ClosestDistance(L_2, accuracy)",12435,0,-1.4169102597723053,1,-1.4574036068269993
dpctgan,"ClosestDistance(L_2, accuracy)",12435,1,-1.4233237361990254,1,-1.4574036068269993
dpctgan,"ClosestDistance(L_2, accuracy)",12435,0,-1.4692274112338972,0,-1.4574036068269993
dpctgan,"ClosestDistance(L_2, accuracy)",12435,1,-1.430723216730086,1,-1.4574036068269993
dpctgan,"ClosestDistance(L_2, accuracy)",12435,0,-1.4222205360935785,1,-1.4574036068269993
dpctgan,"ClosestDistance(L_2, accuracy)",12435,1,-1.4177196135914536,1,-1.4574036068269993
dpctgan,"ClosestDistance(L_2, accuracy)",12435,0,-1.4453192178417664,1,-1.4574036068269993
dpctgan,"ClosestDistance(L_2, accuracy)",12435,1,-1.427262643302526,1,-1.4574036068269993
dpctgan,"ClosestDistance(L_2, accuracy)",12435,0,-1.431541805015323,1,-1.4574036068269993
dpctgan,"ClosestDistance(L_2, accuracy)",12435,1,-1.4244808294801905,1,-1.4574036068269993
dpctgan,"ClosestDistance(L_2, accuracy)",12435,0,-1.427130940180525,1,-1.4574036068269993
dpctgan,"ClosestDistance(L_2, accuracy)",12435,1,-1.4649775794041895,0,-1.4574036068269993
dpctgan,"ClosestDistance(L_2, accuracy)",12435,0,-1.4215911439385605,1,-1.4574036068269993
dpctgan,"ClosestDistance(L_2, accuracy)",12435,1,-1.4462371879308344,1,-1.4574036068269993
dpctgan,"ClosestDistance(L_2, accuracy)",12435,0,-1.4407125741926612,1,-1.4574036068269993
dpctgan,"ClosestDistance(L_2, accuracy)",12435,1,-1.4242366916158335,1,-1.4574036068269993
dpctgan,"ClosestDistance(L_2, accuracy)",12435,0,-1.466838455737227,0,-1.4574036068269993
dpctgan,"ClosestDistance(L_2, accuracy)",12435,1,-1.4196531036767652,1,-1.4574036068269993
dpctgan,"ClosestDistance(L_2, accuracy)",12435,0,-1.4408081581818686,1,-1.4574036068269993
dpctgan,"ClosestDistance(L_2, accuracy)",12435,1,-1.423513364838764,1,-1.4574036068269993
dpctgan,"ClosestDistance(L_2, accuracy)",12435,0,-1.4235702329933486,1,-1.4574036068269993
dpctgan,"ClosestDistance(L_2, accuracy)",12435,1,-1.4286161204164642,1,-1.4574036068269993
dpctgan,"ClosestDistance(L_2, accuracy)",12435,0,-1.4308304620109762,1,-1.4574036068269993
dpctgan,"ClosestDistance(L_2, accuracy)",12435,1,-1.4791899539132498,0,-1.4574036068269993
dpctgan,"ClosestDistance(L_2, accuracy)",12435,0,-1.4350723559534875,1,-1.4574036068269993
dpctgan,"ClosestDistance(L_2, accuracy)",12435,1,-1.4212899693271843,1,-1.4574036068269993
dpctgan,"ClosestDistance(L_2, accuracy)",12435,0,-1.4671409240085969,0,-1.4574036068269993
dpctgan,"ClosestDistance(L_2, accuracy)",12435,1,-1.4682819448468283,0,-1.4574036068269993
dpctgan,"ClosestDistance(L_2, accuracy)",12435,0,-1.4682573526855331,0,-1.4574036068269993
dpctgan,"ClosestDistance(L_2, accuracy)",12435,1,-1.4219618044005164,1,-1.4574036068269993
dpctgan,"ClosestDistance(L_2, accuracy)",12435,0,-1.4173593953432801,1,-1.4574036068269993
dpctgan,"ClosestDistance(L_2, accuracy)",12435,1,-1.439911396256552,1,-1.4574036068269993
dpctgan,"ClosestDistance(L_2, accuracy)",12435,0,-1.417160052314331,1,-1.4574036068269993
dpctgan,"ClosestDistance(L_2, accuracy)",12435,1,-1.4435555143294916,1,-1.4574036068269993
dpctgan,"ClosestDistance(L_2, accuracy)",12435,0,-1.4349762840841955,1,-1.4574036068269993
dpctgan,"ClosestDistance(L_2, accuracy)",12435,1,-1.4229866650042309,1,-1.4574036068269993
dpctgan,"ClosestDistance(L_2, accuracy)",12435,0,-1.4264403826026881,1,-1.4574036068269993
dpctgan,"ClosestDistance(L_2, accuracy)",12435,1,-1.450664195442425,1,-1.4574036068269993
dpctgan,"ClosestDistance(L_2, accuracy)",12435,0,-1.4262658394146772,1,-1.4574036068269993
dpctgan,"ClosestDistance(L_2, accuracy)",12435,1,-1.4218686564940868,1,-1.4574036068269993
dpctgan,"ClosestDistance(L_2, accuracy)",12435,0,-1.423234284046076,1,-1.4574036068269993
dpctgan,"ClosestDistance(L_2, accuracy)",12435,1,-1.4233886245174203,1,-1.4574036068269993
dpctgan,"ClosestDistance(L_2, accuracy)",12435,0,-1.4254503643687897,1,-1.4574036068269993
dpctgan,"ClosestDistance(L_2, accuracy)",12435,1,-1.4252320071479911,1,-1.4574036068269993
dpctgan,"ClosestDistance(L_2, accuracy)",12435,0,-1.4304932900885492,1,-1.4574036068269993
dpctgan,"ClosestDistance(L_2, accuracy)",12435,1,-1.4196901281615664,1,-1.4574036068269993
dpctgan,"ClosestDistance(L_2, accuracy)",12435,0,-1.445002070778351,1,-1.4574036068269993
dpctgan,"ClosestDistance(L_2, accuracy)",12435,1,-1.4370148647317775,1,-1.4574036068269993
dpctgan,"ClosestDistance(L_2, accuracy)",12435,0,-1.4177567420006196,1,-1.4574036068269993
dpctgan,"ClosestDistance(L_2, accuracy)",12435,1,-1.4332165345601557,1,-1.4574036068269993
dpctgan,"ClosestDistance(L_2, accuracy)",12435,0,-1.4152415525566369,1,-1.4574036068269993
dpctgan,"ClosestDistance(L_2, accuracy)",12435,1,-1.4360713867295902,1,-1.4574036068269993
dpctgan,"ClosestDistance(L_2, accuracy)",12435,0,-1.4384280180749338,1,-1.4574036068269993
dpctgan,"ClosestDistance(L_2, accuracy)",12435,1,-1.4364402083030983,1,-1.4574036068269993
dpctgan,"ClosestDistance(L_2, accuracy)",12435,0,-1.4211684282979211,1,-1.4574036068269993
dpctgan,"ClosestDistance(L_2, accuracy)",12435,1,-1.4192807670273497,1,-1.4574036068269993
dpctgan,"ClosestDistance(L_2, accuracy)",12435,0,-1.5172465749144672,0,-1.4574036068269993
dpctgan,"ClosestDistance(L_2, accuracy)",12435,1,-1.436649918705587,1,-1.4574036068269993
dpctgan,"ClosestDistance(L_2, accuracy)",12435,0,-1.4384746304728875,1,-1.4574036068269993
dpctgan,"ClosestDistance(L_2, accuracy)",12435,1,-1.4175030657686016,1,-1.4574036068269993
dpctgan,"ClosestDistance(L_2, accuracy)",12435,0,-1.45604617800604,1,-1.4574036068269993
dpctgan,"ClosestDistance(L_2, accuracy)",12435,1,-1.4286869439240288,1,-1.4574036068269993
dpctgan,"ClosestDistance(L_2, accuracy)",12435,0,-1.435723496275938,1,-1.4574036068269993
dpctgan,"ClosestDistance(L_2, accuracy)",12435,1,-1.4231394030200049,1,-1.4574036068269993
dpctgan,"ClosestDistance(L_2, accuracy)",12435,0,-1.4573937119807736,1,-1.4574036068269993
dpctgan,"ClosestDistance(L_2, accuracy)",12435,1,-1.487704221463941,0,-1.4574036068269993
dpctgan,"ClosestDistance(L_2, accuracy)",12435,0,-1.445684764954853,1,-1.4574036068269993
dpctgan,"ClosestDistance(L_2, accuracy)",12435,1,-0.7264698313012448,1,-1.4574036068269993
dpctgan,"ClosestDistance(L_2, accuracy)",12435,0,-1.4302743507878803,1,-1.4574036068269993
dpctgan,"ClosestDistance(L_2, accuracy)",12435,1,-1.4463208012862372,1,-1.4574036068269993
dpctgan,"ClosestDistance(L_2, accuracy)",12435,0,-1.4180679255381239,1,-1.4574036068269993
dpctgan,"ClosestDistance(L_2, accuracy)",12435,1,-1.4418163787026883,1,-1.4574036068269993
dpctgan,"ClosestDistance(L_2, accuracy)",12435,0,-1.4284482458294465,1,-1.4574036068269993
dpctgan,"ClosestDistance(L_2, accuracy)",12435,1,-1.4238564429428384,1,-1.4574036068269993
dpctgan,"ClosestDistance(L_2, accuracy)",12435,0,-1.4159606336575528,1,-1.4574036068269993
dpctgan,"ClosestDistance(L_2, accuracy)",12435,1,-1.4218856745061301,1,-1.4574036068269993
dpctgan,"ClosestDistance(L_2, accuracy)",12435,0,-1.4456939706148897,1,-1.4574036068269993
dpctgan,"ClosestDistance(L_2, accuracy)",12435,1,-1.425055834321485,1,-1.4574036068269993
dpctgan,"ClosestDistance(L_2, accuracy)",12435,0,-1.425194959676895,1,-1.4574036068269993
dpctgan,"ClosestDistance(L_2, accuracy)",12435,1,-1.4543319187793007,1,-1.4574036068269993
dpctgan,"ClosestDistance(L_2, accuracy)",12435,0,-1.4507503859688589,1,-1.4574036068269993
dpctgan,"ClosestDistance(L_2, accuracy)",12435,1,-1.421316276721792,1,-1.4574036068269993
dpctgan,"ClosestDistance(L_2, accuracy)",12435,0,-1.4242331075090449,1,-1.4574036068269993
dpctgan,"ClosestDistance(L_2, accuracy)",12435,1,-1.450910707289301,1,-1.4574036068269993
dpctgan,"ClosestDistance(L_2, accuracy)",12435,0,-1.4289836350290117,1,-1.4574036068269993
dpctgan,"ClosestDistance(L_2, accuracy)",12435,1,-1.4366793368280282,1,-1.4574036068269993
dpctgan,"ClosestDistance(L_2, accuracy)",12435,0,-1.4434602293502607,1,-1.4574036068269993
dpctgan,"ClosestDistance(L_2, accuracy)",12435,1,-1.4320502169218292,1,-1.4574036068269993
dpctgan,"ClosestDistance(L_2, accuracy)",12435,0,-1.4340490756805175,1,-1.4574036068269993
dpctgan,"ClosestDistance(L_2, accuracy)",12435,1,-1.41821209132777,1,-1.4574036068269993
dpctgan,"ClosestDistance(L_2, accuracy)",12435,0,-1.4381216534677959,1,-1.4574036068269993
dpctgan,"ClosestDistance(L_2, accuracy)",12435,1,-1.4195349451855042,1,-1.4574036068269993
dpctgan,"ClosestDistance(L_2, accuracy)",12435,0,-1.4541489543313435,1,-1.4574036068269993
dpctgan,"ClosestDistance(L_2, accuracy)",12435,1,-1.504034262950464,0,-1.4574036068269993
dpctgan,"ClosestDistance(L_2, accuracy)",12435,0,-1.4263561818919481,1,-1.4574036068269993
dpctgan,"ClosestDistance(L_2, accuracy)",12435,1,-1.4333805140306912,1,-1.4574036068269993
dpctgan,"ClosestDistance(L_2, accuracy)",12435,0,-1.4585940265721147,0,-1.4574036068269993
dpctgan,"ClosestDistance(L_2, accuracy)",12435,1,-1.450047242906476,1,-1.4574036068269993
dpctgan,"ClosestDistance(L_2, accuracy)",12435,0,-1.433818703453342,1,-1.4574036068269993
dpctgan,"ClosestDistance(L_2, accuracy)",12435,1,-1.4277641710002107,1,-1.4574036068269993
dpctgan,"ClosestDistance(L_2, accuracy)",12435,0,-1.4728930458526355,0,-1.4574036068269993
dpctgan,"ClosestDistance(L_2, accuracy)",12435,1,-1.4696140989397133,0,-1.4574036068269993
dpctgan,"ClosestDistance(L_2, accuracy)",12435,0,-1.4254557118091533,1,-1.4574036068269993
dpctgan,"ClosestDistance(L_2, accuracy)",12435,1,-1.4421849839817882,1,-1.4574036068269993
dpctgan,"ClosestDistance(L_2, accuracy)",12435,0,-1.4186289993184933,1,-1.4574036068269993
dpctgan,"ClosestDistance(L_2, accuracy)",12435,1,-1.4710575692857162,0,-1.4574036068269993
dpctgan,"ClosestDistance(L_2, accuracy)",12435,0,-1.4247761357254083,1,-1.4574036068269993
dpctgan,"ClosestDistance(L_2, accuracy)",12435,1,-1.4332733903472579,1,-1.4574036068269993
dpctgan,"ClosestDistance(L_2, accuracy)",12435,0,-1.4269561633077983,1,-1.4574036068269993
dpctgan,"ClosestDistance(L_2, accuracy)",12435,1,-1.4572192004685194,1,-1.4574036068269993
dpctgan,"ClosestDistance(L_2, accuracy)",12435,0,-1.4281836013626203,1,-1.4574036068269993
dpctgan,"ClosestDistance(L_2, accuracy)",12435,1,-1.4256722587267747,1,-1.4574036068269993
dpctgan,"ClosestDistance(L_2, accuracy)",12435,0,-1.4551428796948855,1,-1.4574036068269993
dpctgan,"ClosestDistance(L_2, accuracy)",12435,1,-1.421636385387022,1,-1.4574036068269993
dpctgan,"ClosestDistance(L_2, accuracy)",12435,0,-1.4334566126658481,1,-1.4574036068269993
dpctgan,"ClosestDistance(L_2, accuracy)",12435,1,-2.000747253180197,0,-1.4574036068269993
dpctgan,"ClosestDistance(L_2, accuracy)",12435,0,-1.429352782854312,1,-1.4574036068269993
dpctgan,"ClosestDistance(L_2, accuracy)",12435,1,-1.4540925879508273,1,-1.4574036068269993
dpctgan,"ClosestDistance(L_2, accuracy)",12435,0,-2.0182507864464454,0,-1.4574036068269993
dpctgan,"ClosestDistance(L_2, accuracy)",12435,1,-1.4350525365205813,1,-1.4574036068269993
dpctgan,"ClosestDistance(L_2, accuracy)",12435,0,-1.4390005496914624,1,-1.4574036068269993
dpctgan,"ClosestDistance(L_2, accuracy)",12435,1,-1.4217867089000675,1,-1.4574036068269993
dpctgan,"ClosestDistance(L_2, accuracy)",12435,0,-1.418964146826178,1,-1.4574036068269993
dpctgan,"ClosestDistance(L_2, accuracy)",12435,1,-1.4306264359219536,1,-1.4574036068269993
dpctgan,"ClosestDistance(L_2, accuracy)",12435,0,-1.4597556143546486,0,-1.4574036068269993
dpctgan,"ClosestDistance(L_2, accuracy)",12435,1,-1.4173421995680808,1,-1.4574036068269993
dpctgan,"ClosestDistance(L_2, accuracy)",12435,0,-1.5293276958572808,0,-1.4574036068269993
dpctgan,"ClosestDistance(L_2, accuracy)",12435,1,-1.4218852000167441,1,-1.4574036068269993
dpctgan,"ClosestDistance(L_2, accuracy)",12435,0,-1.4322130852152686,1,-1.4574036068269993
dpctgan,"ClosestDistance(L_2, accuracy)",12435,1,-1.4295589234594046,1,-1.4574036068269993
dpctgan,"ClosestDistance(L_2, accuracy)",12435,0,-1.4568272389846872,1,-1.4574036068269993
dpctgan,"ClosestDistance(L_2, accuracy)",12435,1,-1.4321735060231995,1,-1.4574036068269993
dpctgan,"ClosestDistance(L_2, accuracy)",12435,0,-1.4394504276524744,1,-1.4574036068269993
dpctgan,"ClosestDistance(L_2, accuracy)",12435,1,-1.4492291554682566,1,-1.4574036068269993
dpctgan,"ClosestDistance(L_2, accuracy)",12435,0,-1.4687115873182457,0,-1.4574036068269993
dpctgan,"ClosestDistance(L_2, accuracy)",12435,1,-1.4408065366518192,1,-1.4574036068269993
dpctgan,"ClosestDistance(L_2, accuracy)",12435,0,-1.4502446354218672,1,-1.4574036068269993
dpctgan,"ClosestDistance(L_2, accuracy)",12435,1,-1.4239097137530694,1,-1.4574036068269993
dpctgan,"ClosestDistance(L_2, accuracy)",12435,0,-2.0103557455946266,0,-1.4574036068269993
dpctgan,"ClosestDistance(L_2, accuracy)",12435,1,-0.43586331219493674,1,-1.4574036068269993
dpctgan,"ClosestDistance(L_2, accuracy)",12435,0,-1.4432325893959048,1,-1.4574036068269993
dpctgan,"ClosestDistance(L_2, accuracy)",12435,1,-1.4244296138278474,1,-1.4574036068269993
dpctgan,"ClosestDistance(L_2, accuracy)",12435,0,-1.4493150778476962,1,-1.4574036068269993
dpctgan,"ClosestDistance(L_2, accuracy)",12435,1,-1.4180198654849496,1,-1.4574036068269993
dpctgan,"ClosestDistance(L_2, accuracy)",12435,0,-1.4589062658510143,0,-1.4574036068269993
dpctgan,"ClosestDistance(L_2, accuracy)",12435,1,-1.4424449019252477,1,-1.4574036068269993
dpctgan,"ClosestDistance(L_2, accuracy)",12435,0,-1.44679255841359,1,-1.4574036068269993
dpctgan,"ClosestDistance(L_2, accuracy)",12435,1,-1.4274464853346742,1,-1.4574036068269993
dpctgan,"ClosestDistance(L_2, accuracy)",12435,0,-1.4254884352681787,1,-1.4574036068269993
dpctgan,"ClosestDistance(L_2, accuracy)",12435,1,-1.4283104642992706,1,-1.4574036068269993
dpctgan,"ClosestDistance(L_2, accuracy)",12435,0,-1.4235977179258188,1,-1.4574036068269993
dpctgan,"ClosestDistance(L_2, accuracy)",12435,1,-1.4192098434041567,1,-1.4574036068269993
dpctgan,"ClosestDistance(L_2, accuracy)",12435,0,-1.423371799955207,1,-1.4574036068269993
dpctgan,"ClosestDistance(L_2, accuracy)",12435,1,-1.4405070301120828,1,-1.4574036068269993
dpctgan,"ClosestDistance(L_2, accuracy)",12435,0,-2.00470530400503,0,-1.4574036068269993
dpctgan,"ClosestDistance(L_2, accuracy)",12435,1,-1.4255946689454593,1,-1.4574036068269993
dpctgan,"ClosestDistance(L_2, accuracy)",12435,0,-1.4687610093214416,0,-1.4574036068269993
dpctgan,"ClosestDistance(L_2, accuracy)",12435,1,-1.449782287944802,1,-1.4574036068269993
dpctgan,"ClosestDistance(L_2, accuracy)",12435,0,-1.4197353451063908,1,-1.4574036068269993
dpctgan,"ClosestDistance(L_2, accuracy)",12435,1,-1.434324530130405,1,-1.4574036068269993
dpctgan,"ClosestDistance(L_2, accuracy)",12435,0,-1.4375347978116493,1,-1.4574036068269993
dpctgan,"ClosestDistance(L_2, accuracy)",12435,1,-1.456292897976322,1,-1.4574036068269993
dpctgan,"ClosestDistance(L_2, accuracy)",12435,0,-1.4398858719432959,1,-1.4574036068269993
dpctgan,"ClosestDistance(L_2, accuracy)",12435,1,-1.4313340714546323,1,-1.4574036068269993
dpctgan,"ClosestDistance(L_2, accuracy)",12435,0,-1.4251420204968432,1,-1.4574036068269993
dpctgan,"ClosestDistance(L_2, accuracy)",12435,1,-1.4185275483757032,1,-1.4574036068269993
dpctgan,"ClosestDistance(L_2, accuracy)",12435,0,-1.429622038898335,1,-1.4574036068269993
dpctgan,"ClosestDistance(L_2, accuracy)",12435,1,-1.4277211299911179,1,-1.4574036068269993
dpctgan,"ClosestDistance(L_2, accuracy)",12435,0,-1.4347613906079222,1,-1.4574036068269993
