generator,attack,target_id,ground_truth,raw_score,binary_prediction,threshold
dpctgan,Groundhog,12435,1,0.56,1,0.5
dpctgan,Groundhog,12435,0,0.42,0,0.5
dpctgan,Groundhog,12435,1,0.44,0,0.5
dpctgan,Groundhog,12435,0,0.63,1,0.5
dpctgan,Groundhog,12435,1,0.36,0,0.5
dpctgan,Groundhog,12435,0,0.46,0,0.5
dpctgan,Groundhog,12435,1,0.5,0,0.5
dpctgan,Groundhog,12435,0,0.49,0,0.5
dpctgan,Groundhog,12435,1,0.4,0,0.5
dpctgan,Groundhog,12435,0,0.46,0,0.5
dpctgan,Groundhog,12435,1,0.47,0,0.5
dpctgan,Groundhog,12435,0,0.4,0,0.5
dpctgan,Groundhog,12435,1,0.61,1,0.5
dpctgan,Groundhog,12435,0,0.6,1,0.5
dpctgan,Groundhog,12435,1,0.53,1,0.5
dpctgan,Groundhog,12435,0,0.48,0,0.5
dpctgan,Groundhog,12435,1,0.51,1,0.5
dpctgan,Groundhog,12435,0,0.43,0,0.5
dpctgan,Groundhog,12435,1,0.42,0,0.5
dpctgan,Groundhog,12435,0,0.61,1,0.5
dpctgan,Groundhog,12435,1,0.45,0,0.5
dpctgan,Groundhog,12435,0,0.54,1,0.5
dpctgan,Groundhog,12435,1,0.53,1,0.5
dpctgan,Groundhog,12435,0,0.5,0,0.5
dpctgan,Groundhog,12435,1,0.55,1,0.5
dpctgan,Groundhog,12435,0,0.51,1,0.5
dpctgan,Groundhog,12435,1,0.46,0,0.5
dpctgan,Groundhog,12435,0,0.44,0,0.5
dpctgan,Groundhog,12435,1,0.43,0,0.5
dpctgan,Groundhog,12435,0,0.51,1,0.5
dpctgan,Groundhog,12435,1,0.57,1,0.5
dpctgan,Groundhog,12435,0,0.46,0,0.5
dpctgan,Groundhog,12435,1,0.45,0,0.5
dpctgan,Groundhog,12435,0,0.57,1,0.5
dpctgan,Groundhog,12435,1,0.49,0,0.5
dpctgan,Groundhog,12435,0,0.52,1,0.5
dpctgan,Groundhog,12435,1,0.46,0,0.5
dpctgan,Groundhog,12435,0,0.43,0,0.5
dpctgan,Groundhog,12435,1,0.57,1,0.5
dpctgan,Groundhog,12435,0,0.54,1,0.5
dpctgan,Groundhog,12435,1,0.5,0,0.5
dpctgan,Groundhog,12435,0,0.47,0,0.5
dpctgan,Groundhog,12435,1,0.49,0,0.5
dpctgan,Groundhog,12435,0,0.54,1,0.5
dpctgan,Groundhog,12435,1,0.47,0,0.5
dpctgan,Groundhog,12435,0,0.55,1,0.5
dpctgan,Groundhog,12435,1,0.43,0,0.5
dpctgan,Groundhog,12435,0,0.54,1,0.5
dpctgan,Groundhog,12435,1,0.47,0,0.5
dpctgan,Groundhog,12435,0,0.5,0,0.5
dpctgan,Groundhog,12435,1,0.59,1,0.5
dpctgan,Groundhog,12435,0,0.63,1,0.5
dpctgan,Groundhog,12435,1,0.51,1,0.5
dpctgan,Groundhog,12435,0,0.67,1,0.5
dpctgan,Groundhog,12435,1,0.49,0,0.5
dpctgan,Groundhog,12435,0,0.56,1,0.5
dpctgan,Groundhog,12435,1,0.56,1,0.5
dpctgan,Groundhog,12435,0,0.5,0,0.5
dpctgan,Groundhog,12435,1,0.39,0,0.5
dpctgan,Groundhog,12435,0,0.59,1,0.5
dpctgan,Groundhog,12435,1,0.53,1,0.5
dpctgan,Groundhog,12435,0,0.6,1,0.5
dpctgan,Groundhog,12435,1,0.54,1,0.5
dpctgan,Groundhog,12435,0,0.52,1,0.5
dpctgan,Groundhog,12435,1,0.65,1,0.5
dpctgan,Groundhog,12435,0,0.47,0,0.5
dpctgan,Groundhog,12435,1,0.48,0,0.5
dpctgan,Groundhog,12435,0,0.53,1,0.5
dpctgan,Groundhog,12435,1,0.41,0,0.5
dpctgan,Groundhog,12435,0,0.54,1,0.5
dpctgan,Groundhog,12435,1,0.54,1,0.5
dpctgan,Groundhog,12435,0,0.41,0,0.5
dpctgan,Groundhog,12435,1,0.4,0,0.5
dpctgan,Groundhog,12435,0,0.44,0,0.5
dpctgan,Groundhog,12435,1,0.51,1,0.5
dpctgan,Groundhog,12435,0,0.52,1,0.5
dpctgan,Groundhog,12435,1,0.41,0,0.5
dpctgan,Groundhog,12435,0,0.44,0,0.5
dpctgan,Groundhog,12435,1,0.56,1,0.5
dpctgan,Groundhog,12435,0,0.45,0,0.5
dpctgan,Groundhog,12435,1,0.52,1,0.5
dpctgan,Groundhog,12435,0,0.53,1,0.5
dpctgan,Groundhog,12435,1,0.48,0,0.5
dpctgan,Groundhog,12435,0,0.36,0,0.5
dpctgan,Groundhog,12435,1,0.54,1,0.5
dpctgan,Groundhog,12435,0,0.54,1,0.5
dpctgan,Groundhog,12435,1,0.5,0,0.5
dpctgan,Groundhog,12435,0,0.49,0,0.5
dpctgan,Groundhog,12435,1,0.5,0,0.5
dpctgan,Groundhog,12435,0,0.53,1,0.5
dpctgan,Groundhog,12435,1,0.52,1,0.5
dpctgan,Groundhog,12435,0,0.5,0,0.5
dpctgan,Groundhog,12435,1,0.47,0,0.5
dpctgan,Groundhog,12435,0,0.46,0,0.5
dpctgan,Groundhog,12435,1,0.54,1,0.5
dpctgan,Groundhog,12435,0,0.45,0,0.5
dpctgan,Groundhog,12435,1,0.46,0,0.5
dpctgan,Groundhog,12435,0,0.57,1,0.5
dpctgan,Groundhog,12435,1,0.44,0,0.5
dpctgan,Groundhog,12435,0,0.52,1,0.5
dpctgan,Groundhog,12435,1,0.5,0,0.5
dpctgan,Groundhog,12435,0,0.51,1,0.5
dpctgan,Groundhog,12435,1,0.51,1,0.5
dpctgan,Groundhog,12435,0,0.49,0,0.5
dpctgan,Groundhog,12435,1,0.46,0,0.5
dpctgan,Groundhog,12435,0,0.38,0,0.5
dpctgan,Groundhog,12435,1,0.61,1,0.5
dpctgan,Groundhog,12435,0,0.62,1,0.5
dpctgan,Groundhog,12435,1,0.45,0,0.5
dpctgan,Groundhog,12435,0,0.48,0,0.5
dpctgan,Groundhog,12435,1,0.5,0,0.5
dpctgan,Groundhog,12435,0,0.57,1,0.5
dpctgan,Groundhog,12435,1,0.56,1,0.5
dpctgan,Groundhog,12435,0,0.46,0,0.5
dpctgan,Groundhog,12435,1,0.52,1,0.5
dpctgan,Groundhog,12435,0,0.54,1,0.5
dpctgan,Groundhog,12435,1,0.38,0,0.5
dpctgan,Groundhog,12435,0,0.53,1,0.5
dpctgan,Groundhog,12435,1,0.37,0,0.5
dpctgan,Groundhog,12435,0,0.46,0,0.5
dpctgan,Groundhog,12435,1,0.39,0,0.5
dpctgan,Groundhog,12435,0,0.46,0,0.5
dpctgan,Groundhog,12435,1,0.58,1,0.5
dpctgan,Groundhog,12435,0,0.44,0,0.5
dpctgan,Groundhog,12435,1,0.47,0,0.5
dpctgan,Groundhog,12435,0,0.5,0,0.5
dpctgan,Groundhog,12435,1,0.46,0,0.5
dpctgan,Groundhog,12435,0,0.45,0,0.5
dpctgan,Groundhog,12435,1,0.44,0,0.5
dpctgan,Groundhog,12435,0,0.5,0,0.5
dpctgan,Groundhog,12435,1,0.52,1,0.5
dpctgan,Groundhog,12435,0,0.49,0,0.5
dpctgan,Groundhog,12435,1,0.48,0,0.5
dpctgan,Groundhog,12435,0,0.58,1,0.5
dpctgan,Groundhog,12435,1,0.52,1,0.5
dpctgan,Groundhog,12435,0,0.47,0,0.5
dpctgan,Groundhog,12435,1,0.52,1,0.5
dpctgan,Groundhog,12435,0,0.55,1,0.5
dpctgan,Groundhog,12435,1,0.52,1,0.5
dpctgan,Groundhog,12435,0,0.43,0,0.5
dpctgan,Groundhog,12435,1,0.5,0,0.5
dpctgan,Groundhog,12435,0,0.51,1,0.5
dpctgan,Groundhog,12435,1,0.62,1,0.5
dpctgan,Groundhog,12435,0,0.54,1,0.5
dpctgan,Groundhog,12435,1,0.46,0,0.5
dpctgan,Groundhog,12435,0,0.51,1,0.5
dpctgan,Groundhog,12435,1,0.33,0,0.5
dpctgan,Groundhog,12435,0,0.43,0,0.5
dpctgan,Groundhog,12435,1,0.51,1,0.5
dpctgan,Groundhog,12435,0,0.52,1,0.5
dpctgan,Groundhog,12435,1,0.6,1,0.5
dpctgan,Groundhog,12435,0,0.62,1,0.5
dpctgan,Groundhog,12435,1,0.51,1,0.5
dpctgan,Groundhog,12435,0,0.41,0,0.5
dpctgan,Groundhog,12435,1,0.46,0,0.5
dpctgan,Groundhog,12435,0,0.41,0,0.5
dpctgan,Groundhog,12435,1,0.6,1,0.5
dpctgan,Groundhog,12435,0,0.56,1,0.5
dpctgan,Groundhog,12435,1,0.54,1,0.5
dpctgan,Groundhog,12435,0,0.63,1,0.5
dpctgan,Groundhog,12435,1,0.47,0,0.5
dpctgan,Groundhog,12435,0,0.55,1,0.5
dpctgan,Groundhog,12435,1,0.63,1,0.5
dpctgan,Groundhog,12435,0,0.56,1,0.5
dpctgan,Groundhog,12435,1,0.53,1,0.5
dpctgan,Groundhog,12435,0,0.48,0,0.5
dpctgan,Groundhog,12435,1,0.39,0,0.5
dpctgan,Groundhog,12435,0,0.52,1,0.5
dpctgan,Groundhog,12435,1,0.55,1,0.5
dpctgan,Groundhog,12435,0,0.65,1,0.5
dpctgan,Groundhog,12435,1,0.49,0,0.5
dpctgan,Groundhog,12435,0,0.5,0,0.5
dpctgan,Groundhog,12435,1,0.44,0,0.5
dpctgan,Groundhog,12435,0,0.42,0,0.5
dpctgan,Groundhog,12435,1,0.36,0,0.5
dpctgan,Groundhog,12435,0,0.58,1,0.5
dpctgan,Groundhog,12435,1,0.42,0,0.5
dpctgan,Groundhog,12435,0,0.59,1,0.5
dpctgan,Groundhog,12435,1,0.46,0,0.5
dpctgan,Groundhog,12435,0,0.46,0,0.5
dpctgan,Groundhog,12435,1,0.52,1,0.5
dpctgan,Groundhog,12435,0,0.47,0,0.5
dpctgan,Groundhog,12435,1,0.49,0,0.5
dpctgan,Groundhog,12435,0,0.49,0,0.5
dpctgan,Groundhog,12435,1,0.45,0,0.5
dpctgan,Groundhog,12435,0,0.56,1,0.5
dpctgan,Groundhog,12435,1,0.41,0,0.5
dpctgan,Groundhog,12435,0,0.6,1,0.5
dpctgan,Groundhog,12435,1,0.48,0,0.5
dpctgan,Groundhog,12435,0,0.62,1,0.5
dpctgan,Groundhog,12435,1,0.39,0,0.5
dpctgan,Groundhog,12435,0,0.57,1,0.5
dpctgan,Groundhog,12435,1,0.44,0,0.5
dpctgan,Groundhog,12435,0,0.53,1,0.5
dpctgan,Groundhog,12435,1,0.4,0,0.5
dpctgan,Groundhog,12435,0,0.41,0,0.5
dpctgan,Groundhog,12435,1,0.48,0,0.5
dpctgan,Groundhog,12435,0,0.59,1,0.5
dpctgan,Groundhog,12435,1,0.54,1,0.5
dpctgan,Groundhog,12435,0,0.53,1,0.5
dpctgan,Groundhog,12435,1,0.45,0,0.5
dpctgan,Groundhog,12435,0,0.52,1,0.5
dpctgan,Groundhog,12435,1,0.54,1,0.5
dpctgan,Groundhog,12435,0,0.51,1,0.5
dpctgan,Groundhog,12435,1,0.56,1,0.5
dpctgan,Groundhog,12435,0,0.47,0,0.5
dpctgan,Groundhog,12435,1,0.59,1,0.5
dpctgan,Groundhog,12435,0,0.53,1,0.5
dpctgan,Groundhog,12435,1,0.46,0,0.5
dpctgan,Groundhog,12435,0,0.57,1,0.5
dpctgan,Groundhog,12435,1,0.63,1,0.5
dpctgan,Groundhog,12435,0,0.45,0,0.5
dpctgan,Groundhog,12435,1,0.54,1,0.5
dpctgan,Groundhog,12435,0,0.55,1,0.5
dpctgan,Groundhog,12435,1,0.55,1,0.5
dpctgan,Groundhog,12435,0,0.44,0,0.5
dpctgan,Groundhog,12435,1,0.44,0,0.5
dpctgan,Groundhog,12435,0,0.47,0,0.5
dpctgan,Groundhog,12435,1,0.51,1,0.5
dpctgan,Groundhog,12435,0,0.42,0,0.5
dpctgan,Groundhog,12435,1,0.51,1,0.5
dpctgan,Groundhog,12435,0,0.63,1,0.5
dpctgan,Groundhog,12435,1,0.5,0,0.5
dpctgan,Groundhog,12435,0,0.48,0,0.5
dpctgan,Groundhog,12435,1,0.55,1,0.5
dpctgan,Groundhog,12435,0,0.44,0,0.5
dpctgan,Groundhog,12435,1,0.33,0,0.5
dpctgan,Groundhog,12435,0,0.45,0,0.5
dpctgan,Groundhog,12435,1,0.55,1,0.5
dpctgan,Groundhog,12435,0,0.52,1,0.5
dpctgan,Groundhog,12435,1,0.38,0,0.5
dpctgan,Groundhog,12435,0,0.45,0,0.5
dpctgan,Groundhog,12435,1,0.47,0,0.5
dpctgan,Groundhog,12435,0,0.52,1,0.5
dpctgan,Groundhog,12435,1,0.56,1,0.5
dpctgan,Groundhog,12435,0,0.47,0,0.5
dpctgan,Groundhog,12435,1,0.48,0,0.5
dpctgan,Groundhog,12435,0,0.53,1,0.5
dpctgan,Groundhog,12435,1,0.49,0,0.5
dpctgan,Groundhog,12435,0,0.47,0,0.5
dpctgan,Groundhog,12435,1,0.48,0,0.5
dpctgan,Groundhog,12435,0,0.48,0,0.5
dpctgan,Groundhog,12435,1,0.51,1,0.5
dpctgan,Groundhog,12435,0,0.43,0,0.5
dpctgan,Groundhog,12435,1,0.64,1,0.5
dpctgan,Groundhog,12435,0,0.53,1,0.5
dpctgan,Groundhog,12435,1,0.41,0,0.5
dpctgan,Groundhog,12435,0,0.54,1,0.5
dpctgan,Groundhog,12435,1,0.57,1,0.5
dpctgan,Groundhog,12435,0,0.49,0,0.5
dpctgan,Groundhog,12435,1,0.47,0,0.5
dpctgan,Groundhog,12435,0,0.57,1,0.5
dpctgan,Groundhog,12435,1,0.6,1,0.5
dpctgan,Groundhog,12435,0,0.53,1,0.5
dpctgan,Groundhog,12435,1,0.52,1,0.5
dpctgan,Groundhog,12435,0,0.56,1,0.5
dpctgan,Groundhog,12435,1,0.59,1,0.5
dpctgan,Groundhog,12435,0,0.47,0,0.5
dpctgan,Groundhog,12435,1,0.54,1,0.5
dpctgan,Groundhog,12435,0,0.54,1,0.5
dpctgan,Groundhog,12435,1,0.61,1,0.5
dpctgan,Groundhog,12435,0,0.55,1,0.5
dpctgan,Groundhog,12435,1,0.43,0,0.5
dpctgan,Groundhog,12435,0,0.45,0,0.5
dpctgan,Groundhog,12435,1,0.41,0,0.5
dpctgan,Groundhog,12435,0,0.6,1,0.5
dpctgan,Groundhog,12435,1,0.48,0,0.5
dpctgan,Groundhog,12435,0,0.52,1,0.5
dpctgan,Groundhog,12435,1,0.41,0,0.5
dpctgan,Groundhog,12435,0,0.38,0,0.5
dpctgan,Groundhog,12435,1,0.59,1,0.5
dpctgan,Groundhog,12435,0,0.58,1,0.5
dpctgan,Groundhog,12435,1,0.51,1,0.5
dpctgan,Groundhog,12435,0,0.56,1,0.5
dpctgan,Groundhog,12435,1,0.48,0,0.5
dpctgan,Groundhog,12435,0,0.55,1,0.5
dpctgan,Groundhog,12435,1,0.46,0,0.5
dpctgan,Groundhog,12435,0,0.54,1,0.5
dpctgan,Groundhog,12435,1,0.43,0,0.5
dpctgan,Groundhog,12435,0,0.57,1,0.5
dpctgan,Groundhog,12435,1,0.51,1,0.5
dpctgan,Groundhog,12435,0,0.5,0,0.5
dpctgan,Groundhog,12435,1,0.55,1,0.5
dpctgan,Groundhog,12435,0,0.53,1,0.5
dpctgan,Groundhog,12435,1,0.6,1,0.5
dpctgan,Groundhog,12435,0,0.5,0,0.5
dpctgan,Groundhog,12435,1,0.5,0,0.5
dpctgan,Groundhog,12435,0,0.58,1,0.5
dpctgan,Groundhog,12435,1,0.47,0,0.5
dpctgan,Groundhog,12435,0,0.65,1,0.5
dpctgan,Groundhog,12435,1,0.57,1,0.5
dpctgan,Groundhog,12435,0,0.47,0,0.5
dpctgan,Groundhog,12435,1,0.44,0,0.5
dpctgan,Groundhog,12435,0,0.5,0,0.5
dpctgan,Groundhog,12435,1,0.5,0,0.5
dpctgan,Groundhog,12435,0,0.52,1,0.5
dpctgan,Groundhog,12435,1,0.5,0,0.5
dpctgan,Groundhog,12435,0,0.45,0,0.5
dpctgan,Groundhog,12435,1,0.43,0,0.5
dpctgan,Groundhog,12435,0,0.58,1,0.5
dpctgan,Groundhog,12435,1,0.56,1,0.5
dpctgan,Groundhog,12435,0,0.61,1,0.5
dpctgan,Groundhog,12435,1,0.56,1,0.5
dpctgan,Groundhog,12435,0,0.46,0,0.5
dpctgan,Groundhog,12435,1,0.56,1,0.5
dpctgan,Groundhog,12435,0,0.42,0,0.5
dpctgan,Groundhog,12435,1,0.48,0,0.5
dpctgan,Groundhog,12435,0,0.52,1,0.5
dpctgan,Groundhog,12435,1,0.46,0,0.5
dpctgan,Groundhog,12435,0,0.53,1,0.5
dpctgan,Groundhog,12435,1,0.56,1,0.5
dpctgan,Groundhog,12435,0,0.53,1,0.5
dpctgan,Groundhog,12435,1,0.52,1,0.5
dpctgan,Groundhog,12435,0,0.58,1,0.5
dpctgan,Groundhog,12435,1,0.44,0,0.5
dpctgan,Groundhog,12435,0,0.55,1,0.5
dpctgan,Groundhog,12435,1,0.57,1,0.5
dpctgan,Groundhog,12435,0,0.42,0,0.5
dpctgan,Groundhog,12435,1,0.47,0,0.5
dpctgan,Groundhog,12435,0,0.47,0,0.5
dpctgan,Groundhog,12435,1,0.51,1,0.5
dpctgan,Groundhog,12435,0,0.55,1,0.5
dpctgan,Groundhog,12435,1,0.5,0,0.5
dpctgan,Groundhog,12435,0,0.47,0,0.5
dpctgan,Groundhog,12435,1,0.43,0,0.5
dpctgan,Groundhog,12435,0,0.57,1,0.5
dpctgan,Groundhog,12435,1,0.5,0,0.5
dpctgan,Groundhog,12435,0,0.48,0,0.5
dpctgan,Groundhog,12435,1,0.41,0,0.5
dpctgan,Groundhog,12435,0,0.56,1,0.5
dpctgan,Groundhog,12435,1,0.56,1,0.5
dpctgan,Groundhog,12435,0,0.55,1,0.5
dpctgan,Groundhog,12435,1,0.45,0,0.5
dpctgan,Groundhog,12435,0,0.5,0,0.5
dpctgan,Groundhog,12435,1,0.6,1,0.5
dpctgan,Groundhog,12435,0,0.48,0,0.5
dpctgan,Groundhog,12435,1,0.38,0,0.5
dpctgan,Groundhog,12435,0,0.5,0,0.5
dpctgan,Groundhog,12435,1,0.53,1,0.5
dpctgan,Groundhog,12435,0,0.53,1,0.5
dpctgan,Groundhog,12435,1,0.5,0,0.5
dpctgan,Groundhog,12435,0,0.55,1,0.5
dpctgan,Groundhog,12435,1,0.57,1,0.5
dpctgan,Groundhog,12435,0,0.48,0,0.5
dpctgan,Groundhog,12435,1,0.46,0,0.5
dpctgan,Groundhog,12435,0,0.51,1,0.5
dpctgan,Groundhog,12435,1,0.6,1,0.5
dpctgan,Groundhog,12435,0,0.54,1,0.5
dpctgan,Groundhog,12435,1,0.45,0,0.5
dpctgan,Groundhog,12435,0,0.53,1,0.5
dpctgan,Groundhog,12435,1,0.52,1,0.5
dpctgan,Groundhog,12435,0,0.5,0,0.5
dpctgan,Groundhog,12435,1,0.51,1,0.5
dpctgan,Groundhog,12435,0,0.49,0,0.5
dpctgan,Groundhog,12435,1,0.48,0,0.5
dpctgan,Groundhog,12435,0,0.55,1,0.5
dpctgan,Groundhog,12435,1,0.36,0,0.5
dpctgan,Groundhog,12435,0,0.49,0,0.5
dpctgan,Groundhog,12435,1,0.57,1,0.5
dpctgan,Groundhog,12435,0,0.5,0,0.5
dpctgan,Groundhog,12435,1,0.45,0,0.5
dpctgan,Groundhog,12435,0,0.44,0,0.5
dpctgan,Groundhog,12435,1,0.47,0,0.5
dpctgan,Groundhog,12435,0,0.5,0,0.5
dpctgan,Groundhog,12435,1,0.47,0,0.5
dpctgan,Groundhog,12435,0,0.5,0,0.5
dpctgan,Groundhog,12435,1,0.52,1,0.5
dpctgan,Groundhog,12435,0,0.51,1,0.5
dpctgan,Groundhog,12435,1,0.45,0,0.5
dpctgan,Groundhog,12435,0,0.45,0,0.5
dpctgan,Groundhog,12435,1,0.39,0,0.5
dpctgan,Groundhog,12435,0,0.42,0,0.5
dpctgan,Groundhog,12435,1,0.55,1,0.5
dpctgan,Groundhog,12435,0,0.43,0,0.5
dpctgan,Groundhog,12435,1,0.46,0,0.5
dpctgan,Groundhog,12435,0,0.52,1,0.5
dpctgan,Groundhog,12435,1,0.48,0,0.5
dpctgan,Groundhog,12435,0,0.62,1,0.5
dpctgan,Groundhog,12435,1,0.46,0,0.5
dpctgan,Groundhog,12435,0,0.45,0,0.5
dpctgan,Groundhog,12435,1,0.34,0,0.5
dpctgan,Groundhog,12435,0,0.6,1,0.5
dpctgan,Groundhog,12435,1,0.54,1,0.5
dpctgan,Groundhog,12435,0,0.44,0,0.5
dpctgan,Groundhog,12435,1,0.5,0,0.5
dpctgan,Groundhog,12435,0,0.46,0,0.5
dpctgan,Groundhog,12435,1,0.51,1,0.5
dpctgan,Groundhog,12435,0,0.52,1,0.5
dpctgan,Groundhog,12435,1,0.54,1,0.5
dpctgan,Groundhog,12435,0,0.43,0,0.5
dpctgan,Groundhog,12435,1,0.57,1,0.5
dpctgan,Groundhog,12435,0,0.51,1,0.5
dpctgan,Groundhog,12435,1,0.44,0,0.5
dpctgan,Groundhog,12435,0,0.49,0,0.5
dpctgan,Groundhog,12435,1,0.6,1,0.5
dpctgan,Groundhog,12435,0,0.5,0,0.5
dpctgan,Groundhog,12435,1,0.47,0,0.5
dpctgan,Groundhog,12435,0,0.55,1,0.5
dpctgan,Groundhog,12435,1,0.51,1,0.5
dpctgan,Groundhog,12435,0,0.51,1,0.5
dpctgan,Groundhog,12435,1,0.43,0,0.5
dpctgan,Groundhog,12435,0,0.53,1,0.5
dpctgan,Groundhog,12435,1,0.49,0,0.5
dpctgan,Groundhog,12435,0,0.42,0,0.5
dpctgan,Groundhog,12435,1,0.35,0,0.5
dpctgan,Groundhog,12435,0,0.51,1,0.5
dpctgan,Groundhog,12435,1,0.56,1,0.5
dpctgan,Groundhog,12435,0,0.56,1,0.5
dpctgan,Groundhog,12435,1,0.5,0,0.5
dpctgan,Groundhog,12435,0,0.46,0,0.5
dpctgan,Groundhog,12435,1,0.46,0,0.5
dpctgan,Groundhog,12435,0,0.53,1,0.5
dpctgan,Groundhog,12435,1,0.41,0,0.5
dpctgan,Groundhog,12435,0,0.4,0,0.5
dpctgan,Groundhog,12435,1,0.54,1,0.5
dpctgan,Groundhog,12435,0,0.56,1,0.5
dpctgan,Groundhog,12435,1,0.46,0,0.5
dpctgan,Groundhog,12435,0,0.62,1,0.5
dpctgan,Groundhog,12435,1,0.53,1,0.5
dpctgan,Groundhog,12435,0,0.54,1,0.5
dpctgan,Groundhog,12435,1,0.53,1,0.5
dpctgan,Groundhog,12435,0,0.53,1,0.5
dpctgan,Groundhog,12435,1,0.44,0,0.5
dpctgan,Groundhog,12435,0,0.43,0,0.5
dpctgan,Groundhog,12435,1,0.49,0,0.5
dpctgan,Groundhog,12435,0,0.45,0,0.5
dpctgan,Groundhog,12435,1,0.51,1,0.5
dpctgan,Groundhog,12435,0,0.41,0,0.5
dpctgan,Groundhog,12435,1,0.59,1,0.5
dpctgan,Groundhog,12435,0,0.54,1,0.5
dpctgan,Groundhog,12435,1,0.51,1,0.5
dpctgan,Groundhog,12435,0,0.58,1,0.5
dpctgan,Groundhog,12435,1,0.42,0,0.5
dpctgan,Groundhog,12435,0,0.52,1,0.5
dpctgan,Groundhog,12435,1,0.57,1,0.5
dpctgan,Groundhog,12435,0,0.49,0,0.5
dpctgan,Groundhog,12435,1,0.52,1,0.5
dpctgan,Groundhog,12435,0,0.53,1,0.5
dpctgan,Groundhog,12435,1,0.53,1,0.5
dpctgan,Groundhog,12435,0,0.55,1,0.5
dpctgan,Groundhog,12435,1,0.56,1,0.5
dpctgan,Groundhog,12435,0,0.38,0,0.5
dpctgan,Groundhog,12435,1,0.45,0,0.5
dpctgan,Groundhog,12435,0,0.47,0,0.5
dpctgan,Groundhog,12435,1,0.4,0,0.5
dpctgan,Groundhog,12435,0,0.5,0,0.5
dpctgan,Groundhog,12435,1,0.52,1,0.5
dpctgan,Groundhog,12435,0,0.6,1,0.5
dpctgan,Groundhog,12435,1,0.58,1,0.5
dpctgan,Groundhog,12435,0,0.52,1,0.5
dpctgan,Groundhog,12435,1,0.58,1,0.5
dpctgan,Groundhog,12435,0,0.51,1,0.5
dpctgan,Groundhog,12435,1,0.54,1,0.5
dpctgan,Groundhog,12435,0,0.51,1,0.5
dpctgan,Groundhog,12435,1,0.48,0,0.5
dpctgan,Groundhog,12435,0,0.48,0,0.5
dpctgan,Groundhog,12435,1,0.41,0,0.5
dpctgan,Groundhog,12435,0,0.49,0,0.5
dpctgan,Groundhog,12435,1,0.52,1,0.5
dpctgan,Groundhog,12435,0,0.53,1,0.5
dpctgan,Groundhog,12435,1,0.49,0,0.5
dpctgan,Groundhog,12435,0,0.5,0,0.5
dpctgan,Groundhog,12435,1,0.45,0,0.5
dpctgan,Groundhog,12435,0,0.49,0,0.5
dpctgan,Groundhog,12435,1,0.53,1,0.5
dpctgan,Groundhog,12435,0,0.54,1,0.5
dpctgan,Groundhog,12435,1,0.56,1,0.5
dpctgan,Groundhog,12435,0,0.54,1,0.5
dpctgan,Groundhog,12435,1,0.57,1,0.5
dpctgan,Groundhog,12435,0,0.5,0,0.5
dpctgan,Groundhog,12435,1,0.48,0,0.5
dpctgan,Groundhog,12435,0,0.45,0,0.5
dpctgan,Groundhog,12435,1,0.49,0,0.5
dpctgan,Groundhog,12435,0,0.55,1,0.5
dpctgan,Groundhog,12435,1,0.39,0,0.5
dpctgan,Groundhog,12435,0,0.42,0,0.5
dpctgan,Groundhog,12435,1,0.53,1,0.5
dpctgan,Groundhog,12435,0,0.48,0,0.5
dpctgan,Groundhog,12435,1,0.48,0,0.5
dpctgan,Groundhog,12435,0,0.46,0,0.5
dpctgan,Groundhog,12435,1,0.43,0,0.5
dpctgan,Groundhog,12435,0,0.49,0,0.5
dpctgan,Groundhog,12435,1,0.54,1,0.5
dpctgan,Groundhog,12435,0,0.52,1,0.5
dpctgan,Groundhog,12435,1,0.46,0,0.5
dpctgan,Groundhog,12435,0,0.55,1,0.5
dpctgan,Groundhog,12435,1,0.56,1,0.5
dpctgan,Groundhog,12435,0,0.53,1,0.5
dpctgan,Groundhog,12435,1,0.57,1,0.5
dpctgan,Groundhog,12435,0,0.43,0,0.5
dpctgan,Groundhog,12435,1,0.55,1,0.5
dpctgan,Groundhog,12435,0,0.52,1,0.5
dpctgan,Groundhog,12435,1,0.52,1,0.5
dpctgan,Groundhog,12435,0,0.55,1,0.5
dpctgan,Groundhog,12435,1,0.45,0,0.5
dpctgan,Groundhog,12435,0,0.51,1,0.5
dpctgan,Groundhog,12435,1,0.45,0,0.5
dpctgan,Groundhog,12435,0,0.44,0,0.5
dpctgan,Groundhog,12435,1,0.41,0,0.5
dpctgan,Groundhog,12435,0,0.42,0,0.5
dpctgan,Groundhog,12435,1,0.4,0,0.5
dpctgan,Groundhog,12435,0,0.48,0,0.5
dpctgan,Groundhog,12435,1,0.55,1,0.5
dpctgan,Groundhog,12435,0,0.48,0,0.5
dpctgan,Groundhog,12435,1,0.45,0,0.5
dpctgan,Groundhog,12435,0,0.47,0,0.5
dpctgan,Groundhog,12435,1,0.54,1,0.5
dpctgan,Groundhog,12435,0,0.43,0,0.5
dpctgan,Groundhog,12435,1,0.57,1,0.5
dpctgan,Groundhog,12435,0,0.45,0,0.5
dpctgan,Groundhog,12435,1,0.46,0,0.5
dpctgan,Groundhog,12435,0,0.54,1,0.5
dpctgan,Groundhog,12435,1,0.48,0,0.5
dpctgan,Groundhog,12435,0,0.49,0,0.5
dpctgan,Groundhog,12435,1,0.53,1,0.5
dpctgan,Groundhog,12435,0,0.46,0,0.5
dpctgan,Groundhog,12435,1,0.57,1,0.5
dpctgan,Groundhog,12435,0,0.53,1,0.5
dpctgan,Groundhog,12435,1,0.38,0,0.5
dpctgan,Groundhog,12435,0,0.53,1,0.5
dpctgan,Groundhog,12435,1,0.48,0,0.5
dpctgan,Groundhog,12435,0,0.4,0,0.5
dpctgan,Groundhog,12435,1,0.63,1,0.5
dpctgan,Groundhog,12435,0,0.64,1,0.5
dpctgan,Groundhog,12435,1,0.53,1,0.5
dpctgan,Groundhog,12435,0,0.48,0,0.5
dpctgan,Groundhog,12435,1,0.5,0,0.5
dpctgan,Groundhog,12435,0,0.53,1,0.5
dpctgan,Groundhog,12435,1,0.59,1,0.5
dpctgan,Groundhog,12435,0,0.55,1,0.5
dpctgan,Groundhog,12435,1,0.58,1,0.5
dpctgan,Groundhog,12435,0,0.45,0,0.5
dpctgan,Groundhog,12435,1,0.51,1,0.5
dpctgan,Groundhog,12435,0,0.51,1,0.5
dpctgan,Groundhog,12435,1,0.55,1,0.5
dpctgan,Groundhog,12435,0,0.51,1,0.5
dpctgan,Groundhog,12435,1,0.41,0,0.5
dpctgan,Groundhog,12435,0,0.57,1,0.5
dpctgan,Groundhog,12435,1,0.47,0,0.5
dpctgan,Groundhog,12435,0,0.54,1,0.5
dpctgan,Groundhog,12435,1,0.48,0,0.5
dpctgan,Groundhog,12435,0,0.59,1,0.5
dpctgan,Groundhog,12435,1,0.45,0,0.5
dpctgan,Groundhog,12435,0,0.49,0,0.5
dpctgan,Groundhog,12435,1,0.51,1,0.5
dpctgan,Groundhog,12435,0,0.56,1,0.5
dpctgan,Groundhog,12435,1,0.56,1,0.5
dpctgan,Groundhog,12435,0,0.46,0,0.5
dpctgan,Groundhog,12435,1,0.53,1,0.5
dpctgan,Groundhog,12435,0,0.55,1,0.5
dpctgan,Groundhog,12435,1,0.5,0,0.5
dpctgan,Groundhog,12435,0,0.47,0,0.5
dpctgan,Groundhog,12435,1,0.49,0,0.5
dpctgan,Groundhog,12435,0,0.52,1,0.5
dpctgan,Groundhog,12435,1,0.47,0,0.5
dpctgan,Groundhog,12435,0,0.41,0,0.5
dpctgan,Groundhog,12435,1,0.52,1,0.5
dpctgan,Groundhog,12435,0,0.55,1,0.5
dpctgan,Groundhog,12435,1,0.47,0,0.5
dpctgan,Groundhog,12435,0,0.48,0,0.5
dpctgan,Groundhog,12435,1,0.43,0,0.5
dpctgan,Groundhog,12435,0,0.45,0,0.5
dpctgan,Groundhog,12435,1,0.48,0,0.5
dpctgan,Groundhog,12435,0,0.43,0,0.5
dpctgan,Groundhog,12435,1,0.53,1,0.5
dpctgan,Groundhog,12435,0,0.61,1,0.5
dpctgan,Groundhog,12435,1,0.47,0,0.5
dpctgan,Groundhog,12435,0,0.5,0,0.5
dpctgan,Groundhog,12435,1,0.62,1,0.5
dpctgan,Groundhog,12435,0,0.44,0,0.5
dpctgan,Groundhog,12435,1,0.5,0,0.5
dpctgan,Groundhog,12435,0,0.54,1,0.5
dpctgan,Groundhog,12435,1,0.45,0,0.5
dpctgan,Groundhog,12435,0,0.49,0,0.5
dpctgan,Groundhog,12435,1,0.7,1,0.5
dpctgan,Groundhog,12435,0,0.53,1,0.5
dpctgan,Groundhog,12435,1,0.59,1,0.5
dpctgan,Groundhog,12435,0,0.54,1,0.5
dpctgan,Groundhog,12435,1,0.64,1,0.5
dpctgan,Groundhog,12435,0,0.61,1,0.5
dpctgan,Groundhog,12435,1,0.54,1,0.5
dpctgan,Groundhog,12435,0,0.44,0,0.5
dpctgan,Groundhog,12435,1,0.48,0,0.5
dpctgan,Groundhog,12435,0,0.56,1,0.5
dpctgan,Groundhog,12435,1,0.57,1,0.5
dpctgan,Groundhog,12435,0,0.34,0,0.5
dpctgan,Groundhog,12435,1,0.5,0,0.5
dpctgan,Groundhog,12435,0,0.39,0,0.5
dpctgan,Groundhog,12435,1,0.47,0,0.5
dpctgan,Groundhog,12435,0,0.58,1,0.5
dpctgan,Groundhog,12435,1,0.35,0,0.5
dpctgan,Groundhog,12435,0,0.49,0,0.5
dpctgan,Groundhog,12435,1,0.48,0,0.5
dpctgan,Groundhog,12435,0,0.39,0,0.5
dpctgan,Groundhog,12435,1,0.48,0,0.5
dpctgan,Groundhog,12435,0,0.51,1,0.5
dpctgan,Groundhog,12435,1,0.56,1,0.5
dpctgan,Groundhog,12435,0,0.48,0,0.5
dpctgan,Groundhog,12435,1,0.46,0,0.5
dpctgan,Groundhog,12435,0,0.56,1,0.5
dpctgan,Groundhog,12435,1,0.44,0,0.5
dpctgan,Groundhog,12435,0,0.52,1,0.5
dpctgan,Groundhog,12435,1,0.54,1,0.5
dpctgan,Groundhog,12435,0,0.49,0,0.5
dpctgan,Groundhog,12435,1,0.49,0,0.5
dpctgan,Groundhog,12435,0,0.46,0,0.5
dpctgan,Groundhog,12435,1,0.57,1,0.5
dpctgan,Groundhog,12435,0,0.48,0,0.5
dpctgan,Groundhog,12435,1,0.48,0,0.5
dpctgan,Groundhog,12435,0,0.44,0,0.5
dpctgan,Groundhog,12435,1,0.57,1,0.5
dpctgan,Groundhog,12435,0,0.45,0,0.5
dpctgan,Groundhog,12435,1,0.53,1,0.5
dpctgan,Groundhog,12435,0,0.49,0,0.5
dpctgan,Groundhog,12435,1,0.45,0,0.5
dpctgan,Groundhog,12435,0,0.45,0,0.5
dpctgan,Groundhog,12435,1,0.49,0,0.5
dpctgan,Groundhog,12435,0,0.47,0,0.5
dpctgan,Groundhog,12435,1,0.55,1,0.5
dpctgan,Groundhog,12435,0,0.46,0,0.5
dpctgan,Groundhog,12435,1,0.61,1,0.5
dpctgan,Groundhog,12435,0,0.57,1,0.5
dpctgan,Groundhog,12435,1,0.52,1,0.5
dpctgan,Groundhog,12435,0,0.38,0,0.5
dpctgan,Groundhog,12435,1,0.48,0,0.5
dpctgan,Groundhog,12435,0,0.57,1,0.5
dpctgan,Groundhog,12435,1,0.49,0,0.5
dpctgan,Groundhog,12435,0,0.47,0,0.5
dpctgan,Groundhog,12435,1,0.51,1,0.5
dpctgan,Groundhog,12435,0,0.53,1,0.5
dpctgan,Groundhog,12435,1,0.57,1,0.5
dpctgan,Groundhog,12435,0,0.43,0,0.5
dpctgan,Groundhog,12435,1,0.54,1,0.5
dpctgan,Groundhog,12435,0,0.45,0,0.5
dpctgan,Groundhog,12435,1,0.6,1,0.5
dpctgan,Groundhog,12435,0,0.42,0,0.5
dpctgan,Groundhog,12435,1,0.51,1,0.5
dpctgan,Groundhog,12435,0,0.49,0,0.5
dpctgan,Groundhog,12435,1,0.45,0,0.5
dpctgan,Groundhog,12435,0,0.6,1,0.5
dpctgan,Groundhog,12435,1,0.55,1,0.5
dpctgan,Groundhog,12435,0,0.5,0,0.5
dpctgan,Groundhog,12435,1,0.49,0,0.5
dpctgan,Groundhog,12435,0,0.51,1,0.5
dpctgan,Groundhog,12435,1,0.62,1,0.5
dpctgan,Groundhog,12435,0,0.47,0,0.5
dpctgan,Groundhog,12435,1,0.38,0,0.5
dpctgan,Groundhog,12435,0,0.53,1,0.5
dpctgan,Groundhog,12435,1,0.51,1,0.5
dpctgan,Groundhog,12435,0,0.46,0,0.5
dpctgan,Groundhog,12435,1,0.46,0,0.5
dpctgan,Groundhog,12435,0,0.45,0,0.5
dpctgan,Groundhog,12435,1,0.44,0,0.5
dpctgan,Groundhog,12435,0,0.49,0,0.5
dpctgan,Groundhog,12435,1,0.45,0,0.5
dpctgan,Groundhog,12435,0,0.41,0,0.5
dpctgan,Groundhog,12435,1,0.48,0,0.5
dpctgan,Groundhog,12435,0,0.46,0,0.5
dpctgan,Groundhog,12435,1,0.58,1,0.5
dpctgan,Groundhog,12435,0,0.49,0,0.5
dpctgan,Groundhog,12435,1,0.35,0,0.5
dpctgan,Groundhog,12435,0,0.53,1,0.5
dpctgan,Groundhog,12435,1,0.51,1,0.5
dpctgan,Groundhog,12435,0,0.47,0,0.5
dpctgan,Groundhog,12435,1,0.46,0,0.5
dpctgan,Groundhog,12435,0,0.58,1,0.5
dpctgan,Groundhog,12435,1,0.51,1,0.5
dpctgan,Groundhog,12435,0,0.57,1,0.5
dpctgan,Groundhog,12435,1,0.54,1,0.5
dpctgan,Groundhog,12435,0,0.54,1,0.5
dpctgan,Groundhog,12435,1,0.45,0,0.5
dpctgan,Groundhog,12435,0,0.47,0,0.5
dpctgan,Groundhog,12435,1,0.39,0,0.5
dpctgan,Groundhog,12435,0,0.55,1,0.5
dpctgan,Groundhog,12435,1,0.5,0,0.5
dpctgan,Groundhog,12435,0,0.47,0,0.5
dpctgan,Groundhog,12435,1,0.5,0,0.5
dpctgan,Groundhog,12435,0,0.51,1,0.5
dpctgan,Groundhog,12435,1,0.45,0,0.5
dpctgan,Groundhog,12435,0,0.5,0,0.5
dpctgan,Groundhog,12435,1,0.49,0,0.5
dpctgan,Groundhog,12435,0,0.5,0,0.5
dpctgan,Groundhog,12435,1,0.48,0,0.5
dpctgan,Groundhog,12435,0,0.55,1,0.5
dpctgan,Groundhog,12435,1,0.52,1,0.5
dpctgan,Groundhog,12435,0,0.48,0,0.5
dpctgan,Groundhog,12435,1,0.61,1,0.5
dpctgan,Groundhog,12435,0,0.5,0,0.5
dpctgan,Groundhog,12435,1,0.54,1,0.5
dpctgan,Groundhog,12435,0,0.52,1,0.5
dpctgan,Groundhog,12435,1,0.55,1,0.5
dpctgan,Groundhog,12435,0,0.5,0,0.5
dpctgan,Groundhog,12435,1,0.59,1,0.5
dpctgan,Groundhog,12435,0,0.46,0,0.5
dpctgan,Groundhog,12435,1,0.52,1,0.5
dpctgan,Groundhog,12435,0,0.58,1,0.5
dpctgan,Groundhog,12435,1,0.48,0,0.5
dpctgan,Groundhog,12435,0,0.45,0,0.5
dpctgan,Groundhog,12435,1,0.51,1,0.5
dpctgan,Groundhog,12435,0,0.48,0,0.5
dpctgan,Groundhog,12435,1,0.49,0,0.5
dpctgan,Groundhog,12435,0,0.49,0,0.5
dpctgan,Groundhog,12435,1,0.6,1,0.5
dpctgan,Groundhog,12435,0,0.48,0,0.5
dpctgan,Groundhog,12435,1,0.45,0,0.5
dpctgan,Groundhog,12435,0,0.42,0,0.5
dpctgan,Groundhog,12435,1,0.51,1,0.5
dpctgan,Groundhog,12435,0,0.6,1,0.5
dpctgan,Groundhog,12435,1,0.52,1,0.5
dpctgan,Groundhog,12435,0,0.53,1,0.5
dpctgan,Groundhog,12435,1,0.48,0,0.5
dpctgan,Groundhog,12435,0,0.5,0,0.5
dpctgan,Groundhog,12435,1,0.54,1,0.5
dpctgan,Groundhog,12435,0,0.53,1,0.5
dpctgan,Groundhog,12435,1,0.5,0,0.5
dpctgan,Groundhog,12435,0,0.56,1,0.5
dpctgan,Groundhog,12435,1,0.49,0,0.5
dpctgan,Groundhog,12435,0,0.49,0,0.5
dpctgan,Groundhog,12435,1,0.46,0,0.5
dpctgan,Groundhog,12435,0,0.51,1,0.5
dpctgan,Groundhog,12435,1,0.55,1,0.5
dpctgan,Groundhog,12435,0,0.53,1,0.5
dpctgan,Groundhog,12435,1,0.49,0,0.5
dpctgan,Groundhog,12435,0,0.55,1,0.5
dpctgan,Groundhog,12435,1,0.52,1,0.5
dpctgan,Groundhog,12435,0,0.44,0,0.5
dpctgan,Groundhog,12435,1,0.64,1,0.5
dpctgan,Groundhog,12435,0,0.59,1,0.5
dpctgan,Groundhog,12435,1,0.48,0,0.5
dpctgan,Groundhog,12435,0,0.57,1,0.5
dpctgan,Groundhog,12435,1,0.46,0,0.5
dpctgan,Groundhog,12435,0,0.44,0,0.5
dpctgan,Groundhog,12435,1,0.51,1,0.5
dpctgan,Groundhog,12435,0,0.52,1,0.5
dpctgan,Groundhog,12435,1,0.46,0,0.5
dpctgan,Groundhog,12435,0,0.59,1,0.5
dpctgan,Groundhog,12435,1,0.64,1,0.5
dpctgan,Groundhog,12435,0,0.48,0,0.5
dpctgan,Groundhog,12435,1,0.54,1,0.5
dpctgan,Groundhog,12435,0,0.57,1,0.5
dpctgan,Groundhog,12435,1,0.56,1,0.5
dpctgan,Groundhog,12435,0,0.51,1,0.5
dpctgan,Groundhog,12435,1,0.48,0,0.5
dpctgan,Groundhog,12435,0,0.4,0,0.5
dpctgan,Groundhog,12435,1,0.5,0,0.5
dpctgan,Groundhog,12435,0,0.5,0,0.5
dpctgan,Groundhog,12435,1,0.51,1,0.5
dpctgan,Groundhog,12435,0,0.43,0,0.5
dpctgan,Groundhog,12435,1,0.58,1,0.5
dpctgan,Groundhog,12435,0,0.54,1,0.5
dpctgan,Groundhog,12435,1,0.5,0,0.5
dpctgan,Groundhog,12435,0,0.48,0,0.5
dpctgan,Groundhog,12435,1,0.57,1,0.5
dpctgan,Groundhog,12435,0,0.49,0,0.5
dpctgan,Groundhog,12435,1,0.43,0,0.5
dpctgan,Groundhog,12435,0,0.56,1,0.5
dpctgan,Groundhog,12435,1,0.45,0,0.5
dpctgan,Groundhog,12435,0,0.51,1,0.5
dpctgan,Groundhog,12435,1,0.32,0,0.5
dpctgan,Groundhog,12435,0,0.58,1,0.5
dpctgan,Groundhog,12435,1,0.4,0,0.5
dpctgan,Groundhog,12435,0,0.54,1,0.5
dpctgan,Groundhog,12435,1,0.39,0,0.5
dpctgan,Groundhog,12435,0,0.42,0,0.5
dpctgan,Groundhog,12435,1,0.49,0,0.5
dpctgan,Groundhog,12435,0,0.59,1,0.5
dpctgan,Groundhog,12435,1,0.45,0,0.5
dpctgan,Groundhog,12435,0,0.44,0,0.5
dpctgan,Groundhog,12435,1,0.5,0,0.5
dpctgan,Groundhog,12435,0,0.5,0,0.5
dpctgan,Groundhog,12435,1,0.57,1,0.5
dpctgan,Groundhog,12435,0,0.53,1,0.5
dpctgan,Groundhog,12435,1,0.46,0,0.5
dpctgan,Groundhog,12435,0,0.51,1,0.5
dpctgan,Groundhog,12435,1,0.48,0,0.5
dpctgan,Groundhog,12435,0,0.43,0,0.5
dpctgan,Groundhog,12435,1,0.46,0,0.5
dpctgan,Groundhog,12435,0,0.68,1,0.5
dpctgan,Groundhog,12435,1,0.44,0,0.5
dpctgan,Groundhog,12435,0,0.58,1,0.5
dpctgan,Groundhog,12435,1,0.49,0,0.5
dpctgan,Groundhog,12435,0,0.45,0,0.5
dpctgan,Groundhog,12435,1,0.57,1,0.5
dpctgan,Groundhog,12435,0,0.57,1,0.5
dpctgan,Groundhog,12435,1,0.41,0,0.5
dpctgan,Groundhog,12435,0,0.48,0,0.5
dpctgan,Groundhog,12435,1,0.52,1,0.5
dpctgan,Groundhog,12435,0,0.47,0,0.5
dpctgan,Groundhog,12435,1,0.52,1,0.5
dpctgan,Groundhog,12435,0,0.48,0,0.5
dpctgan,Groundhog,12435,1,0.55,1,0.5
dpctgan,Groundhog,12435,0,0.47,0,0.5
dpctgan,Groundhog,12435,1,0.42,0,0.5
dpctgan,Groundhog,12435,0,0.44,0,0.5
dpctgan,Groundhog,12435,1,0.5,0,0.5
dpctgan,Groundhog,12435,0,0.38,0,0.5
dpctgan,Groundhog,12435,1,0.42,0,0.5
dpctgan,Groundhog,12435,0,0.61,1,0.5
dpctgan,Groundhog,12435,1,0.53,1,0.5
dpctgan,Groundhog,12435,0,0.55,1,0.5
dpctgan,Groundhog,12435,1,0.63,1,0.5
dpctgan,Groundhog,12435,0,0.47,0,0.5
dpctgan,Groundhog,12435,1,0.52,1,0.5
dpctgan,Groundhog,12435,0,0.44,0,0.5
dpctgan,Groundhog,12435,1,0.43,0,0.5
dpctgan,Groundhog,12435,0,0.48,0,0.5
dpctgan,Groundhog,12435,1,0.47,0,0.5
dpctgan,Groundhog,12435,0,0.62,1,0.5
dpctgan,Groundhog,12435,1,0.55,1,0.5
dpctgan,Groundhog,12435,0,0.43,0,0.5
dpctgan,Groundhog,12435,1,0.43,0,0.5
dpctgan,Groundhog,12435,0,0.54,1,0.5
dpctgan,Groundhog,12435,1,0.59,1,0.5
dpctgan,Groundhog,12435,0,0.54,1,0.5
dpctgan,Groundhog,12435,1,0.5,0,0.5
dpctgan,Groundhog,12435,0,0.48,0,0.5
dpctgan,Groundhog,12435,1,0.64,1,0.5
dpctgan,Groundhog,12435,0,0.58,1,0.5
dpctgan,Groundhog,12435,1,0.46,0,0.5
dpctgan,Groundhog,12435,0,0.58,1,0.5
dpctgan,Groundhog,12435,1,0.47,0,0.5
dpctgan,Groundhog,12435,0,0.45,0,0.5
dpctgan,Groundhog,12435,1,0.5,0,0.5
dpctgan,Groundhog,12435,0,0.35,0,0.5
dpctgan,Groundhog,12435,1,0.55,1,0.5
dpctgan,Groundhog,12435,0,0.5,0,0.5
dpctgan,Groundhog,12435,1,0.59,1,0.5
dpctgan,Groundhog,12435,0,0.52,1,0.5
dpctgan,Groundhog,12435,1,0.53,1,0.5
dpctgan,Groundhog,12435,0,0.43,0,0.5
dpctgan,Groundhog,12435,1,0.57,1,0.5
dpctgan,Groundhog,12435,0,0.47,0,0.5
dpctgan,Groundhog,12435,1,0.53,1,0.5
dpctgan,Groundhog,12435,0,0.49,0,0.5
dpctgan,Groundhog,12435,1,0.43,0,0.5
dpctgan,Groundhog,12435,0,0.56,1,0.5
dpctgan,Groundhog,12435,1,0.39,0,0.5
dpctgan,Groundhog,12435,0,0.51,1,0.5
dpctgan,Groundhog,12435,1,0.56,1,0.5
dpctgan,Groundhog,12435,0,0.37,0,0.5
dpctgan,Groundhog,12435,1,0.55,1,0.5
dpctgan,Groundhog,12435,0,0.34,0,0.5
dpctgan,Groundhog,12435,1,0.49,0,0.5
dpctgan,Groundhog,12435,0,0.41,0,0.5
dpctgan,Groundhog,12435,1,0.53,1,0.5
dpctgan,Groundhog,12435,0,0.49,0,0.5
dpctgan,Groundhog,12435,1,0.51,1,0.5
dpctgan,Groundhog,12435,0,0.44,0,0.5
dpctgan,Groundhog,12435,1,0.49,0,0.5
dpctgan,Groundhog,12435,0,0.51,1,0.5
dpctgan,Groundhog,12435,1,0.5,0,0.5
dpctgan,Groundhog,12435,0,0.5,0,0.5
dpctgan,Groundhog,12435,1,0.48,0,0.5
dpctgan,Groundhog,12435,0,0.48,0,0.5
dpctgan,Groundhog,12435,1,0.44,0,0.5
dpctgan,Groundhog,12435,0,0.57,1,0.5
dpctgan,Groundhog,12435,1,0.62,1,0.5
dpctgan,Groundhog,12435,0,0.4,0,0.5
dpctgan,Groundhog,12435,1,0.46,0,0.5
dpctgan,Groundhog,12435,0,0.58,1,0.5
dpctgan,Groundhog,12435,1,0.38,0,0.5
dpctgan,Groundhog,12435,0,0.5,0,0.5
dpctgan,Groundhog,12435,1,0.58,1,0.5
dpctgan,Groundhog,12435,0,0.38,0,0.5
dpctgan,Groundhog,12435,1,0.51,1,0.5
dpctgan,Groundhog,12435,0,0.42,0,0.5
dpctgan,Groundhog,12435,1,0.56,1,0.5
dpctgan,Groundhog,12435,0,0.55,1,0.5
dpctgan,Groundhog,12435,1,0.65,1,0.5
dpctgan,Groundhog,12435,0,0.49,0,0.5
dpctgan,Groundhog,12435,1,0.62,1,0.5
dpctgan,Groundhog,12435,0,0.54,1,0.5
dpctgan,Groundhog,12435,1,0.58,1,0.5
dpctgan,Groundhog,12435,0,0.53,1,0.5
dpctgan,Groundhog,12435,1,0.45,0,0.5
dpctgan,Groundhog,12435,0,0.44,0,0.5
dpctgan,Groundhog,12435,1,0.56,1,0.5
dpctgan,Groundhog,12435,0,0.52,1,0.5
dpctgan,Groundhog,12435,1,0.39,0,0.5
dpctgan,Groundhog,12435,0,0.51,1,0.5
dpctgan,Groundhog,12435,1,0.5,0,0.5
dpctgan,Groundhog,12435,0,0.41,0,0.5
dpctgan,Groundhog,12435,1,0.54,1,0.5
dpctgan,Groundhog,12435,0,0.53,1,0.5
dpctgan,Groundhog,12435,1,0.5,0,0.5
dpctgan,Groundhog,12435,0,0.48,0,0.5
dpctgan,Groundhog,12435,1,0.53,1,0.5
dpctgan,Groundhog,12435,0,0.43,0,0.5
dpctgan,Groundhog,12435,1,0.63,1,0.5
dpctgan,Groundhog,12435,0,0.46,0,0.5
dpctgan,Groundhog,12435,1,0.55,1,0.5
dpctgan,Groundhog,12435,0,0.47,0,0.5
dpctgan,Groundhog,12435,1,0.45,0,0.5
dpctgan,Groundhog,12435,0,0.4,0,0.5
dpctgan,Groundhog,12435,1,0.51,1,0.5
dpctgan,Groundhog,12435,0,0.53,1,0.5
dpctgan,Groundhog,12435,1,0.39,0,0.5
dpctgan,Groundhog,12435,0,0.5,0,0.5
dpctgan,Groundhog,12435,1,0.57,1,0.5
dpctgan,Groundhog,12435,0,0.53,1,0.5
dpctgan,Groundhog,12435,1,0.48,0,0.5
dpctgan,Groundhog,12435,0,0.53,1,0.5
dpctgan,Groundhog,12435,1,0.56,1,0.5
dpctgan,Groundhog,12435,0,0.52,1,0.5
dpctgan,Groundhog,12435,1,0.54,1,0.5
dpctgan,Groundhog,12435,0,0.32,0,0.5
dpctgan,Groundhog,12435,1,0.58,1,0.5
dpctgan,Groundhog,12435,0,0.48,0,0.5
dpctgan,Groundhog,12435,1,0.56,1,0.5
dpctgan,Groundhog,12435,0,0.62,1,0.5
dpctgan,Groundhog,12435,1,0.54,1,0.5
dpctgan,Groundhog,12435,0,0.52,1,0.5
dpctgan,Groundhog,12435,1,0.52,1,0.5
dpctgan,Groundhog,12435,0,0.49,0,0.5
dpctgan,Groundhog,12435,1,0.52,1,0.5
dpctgan,Groundhog,12435,0,0.42,0,0.5
dpctgan,Groundhog,12435,1,0.56,1,0.5
dpctgan,Groundhog,12435,0,0.46,0,0.5
dpctgan,Groundhog,12435,1,0.51,1,0.5
dpctgan,Groundhog,12435,0,0.45,0,0.5
dpctgan,Groundhog,12435,1,0.43,0,0.5
dpctgan,Groundhog,12435,0,0.51,1,0.5
dpctgan,Groundhog,12435,1,0.43,0,0.5
dpctgan,Groundhog,12435,0,0.48,0,0.5
dpctgan,Groundhog,12435,1,0.59,1,0.5
dpctgan,Groundhog,12435,0,0.5,0,0.5
dpctgan,Groundhog,12435,1,0.48,0,0.5
dpctgan,Groundhog,12435,0,0.5,0,0.5
dpctgan,Groundhog,12435,1,0.55,1,0.5
dpctgan,Groundhog,12435,0,0.45,0,0.5
dpctgan,Groundhog,12435,1,0.55,1,0.5
dpctgan,Groundhog,12435,0,0.49,0,0.5
dpctgan,Groundhog,12435,1,0.45,0,0.5
dpctgan,Groundhog,12435,0,0.54,1,0.5
dpctgan,Groundhog,12435,1,0.56,1,0.5
dpctgan,Groundhog,12435,0,0.53,1,0.5
dpctgan,Groundhog,12435,1,0.67,1,0.5
dpctgan,Groundhog,12435,0,0.53,1,0.5
dpctgan,Groundhog,12435,1,0.47,0,0.5
dpctgan,Groundhog,12435,0,0.42,0,0.5
dpctgan,Groundhog,12435,1,0.52,1,0.5
dpctgan,Groundhog,12435,0,0.5,0,0.5
dpctgan,Groundhog,12435,1,0.52,1,0.5
dpctgan,Groundhog,12435,0,0.57,1,0.5
dpctgan,Groundhog,12435,1,0.53,1,0.5
dpctgan,Groundhog,12435,0,0.46,0,0.5
dpctgan,Groundhog,12435,1,0.49,0,0.5
dpctgan,Groundhog,12435,0,0.53,1,0.5
dpctgan,Groundhog,12435,1,0.57,1,0.5
dpctgan,Groundhog,12435,0,0.55,1,0.5
dpctgan,Groundhog,12435,1,0.62,1,0.5
dpctgan,Groundhog,12435,0,0.42,0,0.5
dpctgan,Groundhog,12435,1,0.5,0,0.5
dpctgan,Groundhog,12435,0,0.44,0,0.5
dpctgan,Groundhog,12435,1,0.48,0,0.5
dpctgan,Groundhog,12435,0,0.53,1,0.5
dpctgan,Groundhog,12435,1,0.55,1,0.5
dpctgan,Groundhog,12435,0,0.43,0,0.5
dpctgan,Groundhog,12435,1,0.62,1,0.5
dpctgan,Groundhog,12435,0,0.37,0,0.5
dpctgan,Groundhog,12435,1,0.57,1,0.5
dpctgan,Groundhog,12435,0,0.36,0,0.5
dpctgan,Groundhog,12435,1,0.47,0,0.5
dpctgan,Groundhog,12435,0,0.35,0,0.5
dpctgan,Groundhog,12435,1,0.51,1,0.5
dpctgan,Groundhog,12435,0,0.49,0,0.5
dpctgan,Groundhog,12435,1,0.45,0,0.5
dpctgan,Groundhog,12435,0,0.49,0,0.5
dpctgan,Groundhog,12435,1,0.6,1,0.5
dpctgan,Groundhog,12435,0,0.54,1,0.5
dpctgan,Groundhog,12435,1,0.6,1,0.5
dpctgan,Groundhog,12435,0,0.51,1,0.5
dpctgan,Groundhog,12435,1,0.46,0,0.5
dpctgan,Groundhog,12435,0,0.45,0,0.5
dpctgan,Groundhog,12435,1,0.47,0,0.5
dpctgan,Groundhog,12435,0,0.48,0,0.5
dpctgan,Groundhog,12435,1,0.53,1,0.5
dpctgan,Groundhog,12435,0,0.49,0,0.5
dpctgan,Groundhog,12435,1,0.51,1,0.5
dpctgan,Groundhog,12435,0,0.45,0,0.5
dpctgan,Groundhog,12435,1,0.58,1,0.5
dpctgan,Groundhog,12435,0,0.5,0,0.5
dpctgan,Groundhog,12435,1,0.53,1,0.5
dpctgan,Groundhog,12435,0,0.48,0,0.5
dpctgan,Groundhog,12435,1,0.55,1,0.5
dpctgan,Groundhog,12435,0,0.54,1,0.5
dpctgan,Groundhog,12435,1,0.56,1,0.5
dpctgan,Groundhog,12435,0,0.43,0,0.5
dpctgan,Groundhog,12435,1,0.48,0,0.5
dpctgan,Groundhog,12435,0,0.5,0,0.5
dpctgan,Groundhog,12435,1,0.45,0,0.5
dpctgan,Groundhog,12435,0,0.49,0,0.5
dpctgan,Groundhog,12435,1,0.47,0,0.5
dpctgan,Groundhog,12435,0,0.58,1,0.5
dpctgan,Groundhog,12435,1,0.61,1,0.5
dpctgan,Groundhog,12435,0,0.56,1,0.5
dpctgan,Groundhog,12435,1,0.65,1,0.5
dpctgan,Groundhog,12435,0,0.57,1,0.5
dpctgan,Groundhog,12435,1,0.48,0,0.5
dpctgan,Groundhog,12435,0,0.48,0,0.5
dpctgan,Groundhog,12435,1,0.49,0,0.5
dpctgan,Groundhog,12435,0,0.51,1,0.5
dpctgan,Groundhog,12435,1,0.43,0,0.5
dpctgan,Groundhog,12435,0,0.47,0,0.5
dpctgan,Groundhog,12435,1,0.42,0,0.5
dpctgan,Groundhog,12435,0,0.55,1,0.5
dpctgan,Groundhog,12435,1,0.4,0,0.5
dpctgan,Groundhog,12435,0,0.61,1,0.5
dpctgan,Groundhog,12435,1,0.49,0,0.5
dpctgan,Groundhog,12435,0,0.45,0,0.5
dpctgan,Groundhog,12435,1,0.47,0,0.5
dpctgan,Groundhog,12435,0,0.42,0,0.5
dpctgan,Groundhog,12435,1,0.47,0,0.5
dpctgan,Groundhog,12435,0,0.36,0,0.5
dpctgan,Groundhog,12435,1,0.49,0,0.5
dpctgan,Groundhog,12435,0,0.41,0,0.5
dpctgan,Groundhog,12435,1,0.41,0,0.5
dpctgan,Groundhog,12435,0,0.43,0,0.5
dpctgan,Groundhog,12435,1,0.45,0,0.5
dpctgan,Groundhog,12435,0,0.44,0,0.5
dpctgan,Groundhog,12435,1,0.49,0,0.5
dpctgan,Groundhog,12435,0,0.56,1,0.5
dpctgan,Groundhog,12435,1,0.36,0,0.5
dpctgan,Groundhog,12435,0,0.53,1,0.5
dpctgan,Groundhog,12435,1,0.53,1,0.5
dpctgan,Groundhog,12435,0,0.4,0,0.5
dpctgan,Groundhog,12435,1,0.54,1,0.5
dpctgan,Groundhog,12435,0,0.53,1,0.5
dpctgan,Groundhog,12435,1,0.52,1,0.5
dpctgan,Groundhog,12435,0,0.48,0,0.5
dpctgan,Groundhog,12435,1,0.4,0,0.5
dpctgan,Groundhog,12435,0,0.4,0,0.5
dpctgan,Groundhog,12435,1,0.62,1,0.5
dpctgan,Groundhog,12435,0,0.51,1,0.5
dpctgan,Groundhog,12435,1,0.54,1,0.5
dpctgan,Groundhog,12435,0,0.58,1,0.5
dpctgan,Groundhog,12435,1,0.55,1,0.5
dpctgan,Groundhog,12435,0,0.6,1,0.5
dpctgan,Groundhog,12435,1,0.5,0,0.5
dpctgan,Groundhog,12435,0,0.52,1,0.5
dpctgan,Groundhog,12435,1,0.53,1,0.5
dpctgan,Groundhog,12435,0,0.45,0,0.5
dpctgan,Groundhog,12435,1,0.54,1,0.5
dpctgan,Groundhog,12435,0,0.56,1,0.5
dpctgan,Groundhog,12435,1,0.56,1,0.5
dpctgan,Groundhog,12435,0,0.52,1,0.5
dpctgan,Groundhog,12435,1,0.44,0,0.5
dpctgan,Groundhog,12435,0,0.55,1,0.5
dpctgan,Groundhog,12435,1,0.47,0,0.5
dpctgan,Groundhog,12435,0,0.53,1,0.5
dpctgan,Groundhog,12435,1,0.6,1,0.5
dpctgan,Groundhog,12435,0,0.51,1,0.5
dpctgan,Groundhog,12435,1,0.55,1,0.5
dpctgan,Groundhog,12435,0,0.4,0,0.5
dpctgan,Groundhog,12435,1,0.37,0,0.5
dpctgan,Groundhog,12435,0,0.6,1,0.5
dpctgan,Groundhog,12435,1,0.45,0,0.5
dpctgan,Groundhog,12435,0,0.48,0,0.5
dpctgan,Groundhog,12435,1,0.52,1,0.5
dpctgan,Groundhog,12435,0,0.53,1,0.5
dpctgan,Groundhog,12435,1,0.45,0,0.5
dpctgan,Groundhog,12435,0,0.58,1,0.5
dpctgan,Groundhog,12435,1,0.53,1,0.5
dpctgan,Groundhog,12435,0,0.46,0,0.5
dpctgan,Groundhog,12435,1,0.43,0,0.5
dpctgan,Groundhog,12435,0,0.47,0,0.5
dpctgan,Groundhog,12435,1,0.46,0,0.5
dpctgan,Groundhog,12435,0,0.76,1,0.5
dpctgan,Groundhog,12435,1,0.57,1,0.5
dpctgan,Groundhog,12435,0,0.54,1,0.5
dpctgan,Groundhog,12435,1,0.57,1,0.5
dpctgan,Groundhog,12435,0,0.47,0,0.5
dpctgan,Groundhog,12435,1,0.4,0,0.5
dpctgan,Groundhog,12435,0,0.58,1,0.5
dpctgan,Groundhog,12435,1,0.48,0,0.5
dpctgan,Groundhog,12435,0,0.49,0,0.5
dpctgan,Groundhog,12435,1,0.5,0,0.5
dpctgan,Groundhog,12435,0,0.36,0,0.5
dpctgan,Groundhog,12435,1,0.5,0,0.5
dpctgan,Groundhog,12435,0,0.47,0,0.5
dpctgan,Groundhog,12435,1,0.5,0,0.5
dpctgan,Groundhog,12435,0,0.47,0,0.5
dpctgan,Groundhog,12435,1,0.5,0,0.5
dpctgan,Groundhog,12435,0,0.58,1,0.5
dpctgan,Groundhog,12435,1,0.45,0,0.5
dpctgan,Groundhog,12435,0,0.42,0,0.5
dpctgan,Groundhog,12435,1,0.46,0,0.5
dpctgan,Groundhog,12435,0,0.51,1,0.5
dpctgan,Groundhog,12435,1,0.4,0,0.5
dpctgan,Groundhog,12435,0,0.46,0,0.5
dpctgan,Groundhog,12435,1,0.43,0,0.5
dpctgan,Groundhog,12435,0,0.44,0,0.5
dpctgan,Groundhog,12435,1,0.48,0,0.5
dpctgan,Groundhog,12435,0,0.51,1,0.5
dpctgan,Groundhog,12435,1,0.53,1,0.5
dpctgan,Groundhog,12435,0,0.58,1,0.5
dpctgan,Groundhog,12435,1,0.45,0,0.5
dpctgan,Groundhog,12435,0,0.39,0,0.5
dpctgan,Groundhog,12435,1,0.5,0,0.5
dpctgan,Groundhog,12435,0,0.54,1,0.5
dpctgan,Groundhog,12435,1,0.56,1,0.5
dpctgan,Groundhog,12435,0,0.42,0,0.5
dpctgan,Groundhog,12435,1,0.63,1,0.5
dpctgan,Groundhog,12435,0,0.55,1,0.5
dpctgan,Groundhog,12435,1,0.56,1,0.5
dpctgan,Groundhog,12435,0,0.5,0,0.5
dpctgan,Groundhog,12435,1,0.41,0,0.5
dpctgan,Groundhog,12435,0,0.54,1,0.5
dpctgan,Groundhog,12435,1,0.51,1,0.5
dpctgan,Groundhog,12435,0,0.42,0,0.5
dpctgan,Groundhog,12435,1,0.51,1,0.5
dpctgan,Groundhog,12435,0,0.4,0,0.5
dpctgan,Groundhog,12435,1,0.47,0,0.5
dpctgan,Groundhog,12435,0,0.54,1,0.5
dpctgan,Groundhog,12435,1,0.36,0,0.5
dpctgan,Groundhog,12435,0,0.51,1,0.5
dpctgan,Groundhog,12435,1,0.52,1,0.5
dpctgan,Groundhog,12435,0,0.5,0,0.5
dpctgan,Groundhog,12435,1,0.48,0,0.5
dpctgan,Groundhog,12435,0,0.54,1,0.5
dpctgan,Groundhog,12435,1,0.51,1,0.5
dpctgan,Groundhog,12435,0,0.46,0,0.5
dpctgan,Groundhog,12435,1,0.48,0,0.5
dpctgan,Groundhog,12435,0,0.47,0,0.5
dpctgan,Groundhog,12435,1,0.49,0,0.5
dpctgan,Groundhog,12435,0,0.44,0,0.5
dpctgan,Groundhog,12435,1,0.55,1,0.5
dpctgan,Groundhog,12435,0,0.49,0,0.5
dpctgan,Groundhog,12435,1,0.54,1,0.5
dpctgan,Groundhog,12435,0,0.39,0,0.5
dpctgan,Groundhog,12435,1,0.48,0,0.5
dpctgan,Groundhog,12435,0,0.54,1,0.5
dpctgan,Groundhog,12435,1,0.48,0,0.5
dpctgan,Groundhog,12435,0,0.53,1,0.5
dpctgan,Groundhog,12435,1,0.45,0,0.5
dpctgan,Groundhog,12435,0,0.54,1,0.5
dpctgan,Groundhog,12435,1,0.51,1,0.5
dpctgan,Groundhog,12435,0,0.49,0,0.5
dpctgan,Groundhog,12435,1,0.54,1,0.5
dpctgan,Groundhog,12435,0,0.59,1,0.5
dpctgan,Groundhog,12435,1,0.55,1,0.5
dpctgan,Groundhog,12435,0,0.49,0,0.5
dpctgan,Groundhog,12435,1,0.54,1,0.5
dpctgan,Groundhog,12435,0,0.4,0,0.5
dpctgan,Groundhog,12435,1,0.49,0,0.5
dpctgan,Groundhog,12435,0,0.57,1,0.5
dpctgan,Groundhog,12435,1,0.49,0,0.5
dpctgan,Groundhog,12435,0,0.58,1,0.5
dpctgan,Groundhog,12435,1,0.36,0,0.5
dpctgan,Groundhog,12435,0,0.47,0,0.5
dpctgan,Groundhog,12435,1,0.51,1,0.5
dpctgan,Groundhog,12435,0,0.39,0,0.5
dpctgan,Groundhog,12435,1,0.61,1,0.5
dpctgan,Groundhog,12435,0,0.49,0,0.5
dpctgan,Groundhog,12435,1,0.52,1,0.5
dpctgan,Groundhog,12435,0,0.55,1,0.5
dpctgan,Groundhog,12435,1,0.4,0,0.5
dpctgan,Groundhog,12435,0,0.45,0,0.5
dpctgan,Groundhog,12435,1,0.58,1,0.5
dpctgan,Groundhog,12435,0,0.43,0,0.5
dpctgan,Groundhog,12435,1,0.6,1,0.5
dpctgan,Groundhog,12435,0,0.42,0,0.5
dpctgan,Groundhog,12435,1,0.5,0,0.5
dpctgan,Groundhog,12435,0,0.6,1,0.5
dpctgan,Groundhog,12435,1,0.61,1,0.5
dpctgan,Groundhog,12435,0,0.45,0,0.5
dpctgan,Groundhog,12435,1,0.35,0,0.5
dpctgan,Groundhog,12435,0,0.63,1,0.5
dpctgan,Groundhog,12435,1,0.52,1,0.5
dpctgan,Groundhog,12435,0,0.44,0,0.5
dpctgan,Groundhog,12435,1,0.55,1,0.5
dpctgan,Groundhog,12435,0,0.63,1,0.5
dpctgan,Groundhog,12435,1,0.46,0,0.5
dpctgan,Groundhog,12435,0,0.51,1,0.5
dpctgan,Groundhog,12435,1,0.48,0,0.5
dpctgan,Groundhog,12435,0,0.44,0,0.5
dpctgan,Groundhog,12435,1,0.51,1,0.5
dpctgan,Groundhog,12435,0,0.51,1,0.5
dpctgan,Groundhog,12435,1,0.47,0,0.5
dpctgan,Groundhog,12435,0,0.44,0,0.5
dpctgan,Groundhog,12435,1,0.56,1,0.5
dpctgan,Groundhog,12435,0,0.55,1,0.5
dpctgan,Groundhog,12435,1,0.46,0,0.5
dpctgan,Groundhog,12435,0,0.42,0,0.5
dpctgan,Groundhog,12435,1,0.51,1,0.5
dpctgan,Groundhog,12435,0,0.43,0,0.5
dpctgan,Groundhog,12435,1,0.48,0,0.5
dpctgan,Groundhog,12435,0,0.36,0,0.5
dpctgan,Groundhog,12435,1,0.52,1,0.5
dpctgan,Groundhog,12435,0,0.41,0,0.5
dpctgan,Groundhog,12435,1,0.49,0,0.5
dpctgan,Groundhog,12435,0,0.55,1,0.5
dpctgan,Groundhog,12435,1,0.57,1,0.5
dpctgan,Groundhog,12435,0,0.54,1,0.5
dpctgan,Groundhog,12435,1,0.41,0,0.5
dpctgan,Groundhog,12435,0,0.53,1,0.5
dpctgan,Groundhog,12435,1,0.42,0,0.5
dpctgan,Groundhog,12435,0,0.48,0,0.5
dpctgan,Groundhog,12435,1,0.45,0,0.5
dpctgan,Groundhog,12435,0,0.5,0,0.5
dpctgan,Groundhog,12435,1,0.55,1,0.5
dpctgan,Groundhog,12435,0,0.51,1,0.5
dpctgan,Groundhog,12435,1,0.42,0,0.5
dpctgan,Groundhog,12435,0,0.45,0,0.5
dpctgan,Groundhog,12435,1,0.47,0,0.5
dpctgan,Groundhog,12435,0,0.48,0,0.5
dpctgan,Groundhog,12435,1,0.5,0,0.5
dpctgan,Groundhog,12435,0,0.39,0,0.5
dpctgan,Groundhog,12435,1,0.59,1,0.5
dpctgan,Groundhog,12435,0,0.41,0,0.5
dpctgan,Groundhog,12435,1,0.51,1,0.5
dpctgan,Groundhog,12435,0,0.53,1,0.5
dpctgan,Groundhog,12435,1,0.54,1,0.5
dpctgan,Groundhog,12435,0,0.46,0,0.5
dpctgan,Groundhog,12435,1,0.6,1,0.5
dpctgan,Groundhog,12435,0,0.59,1,0.5
dpctgan,Groundhog,12435,1,0.32,0,0.5
dpctgan,Groundhog,12435,0,0.56,1,0.5
dpctgan,Groundhog,12435,1,0.55,1,0.5
dpctgan,Groundhog,12435,0,0.52,1,0.5
dpctgan,Groundhog,12435,1,0.65,1,0.5
dpctgan,Groundhog,12435,0,0.57,1,0.5
dpctgan,Groundhog,12435,1,0.62,1,0.5
dpctgan,Groundhog,12435,0,0.5,0,0.5
dpctgan,Groundhog,12435,1,0.48,0,0.5
dpctgan,Groundhog,12435,0,0.48,0,0.5
dpctgan,Groundhog,12435,1,0.41,0,0.5
dpctgan,Groundhog,12435,0,0.39,0,0.5
dpctgan,Groundhog,12435,1,0.49,0,0.5
dpctgan,Groundhog,12435,0,0.43,0,0.5
dpctgan,Groundhog,12435,1,0.51,1,0.5
dpctgan,Groundhog,12435,0,0.53,1,0.5
dpctgan,Groundhog,12435,1,0.48,0,0.5
dpctgan,Groundhog,12435,0,0.5,0,0.5
dpctgan,Groundhog,12435,1,0.52,1,0.5
dpctgan,Groundhog,12435,0,0.44,0,0.5
dpctgan,Groundhog,12435,1,0.49,0,0.5
dpctgan,Groundhog,12435,0,0.46,0,0.5
dpctgan,Groundhog,12435,1,0.64,1,0.5
dpctgan,Groundhog,12435,0,0.54,1,0.5
dpctgan,Groundhog,12435,1,0.51,1,0.5
dpctgan,Groundhog,12435,0,0.49,0,0.5
dpctgan,Groundhog,12435,1,0.56,1,0.5
dpctgan,Groundhog,12435,0,0.58,1,0.5
dpctgan,Groundhog,12435,1,0.49,0,0.5
dpctgan,Groundhog,12435,0,0.58,1,0.5
dpctgan,Groundhog,12435,1,0.5,0,0.5
dpctgan,Groundhog,12435,0,0.62,1,0.5
dpctgan,Groundhog,12435,1,0.44,0,0.5
dpctgan,Groundhog,12435,0,0.53,1,0.5
dpctgan,Groundhog,12435,1,0.55,1,0.5
dpctgan,Groundhog,12435,0,0.45,0,0.5
dpctgan,Groundhog,12435,1,0.44,0,0.5
dpctgan,Groundhog,12435,0,0.49,0,0.5
dpctgan,Groundhog,12435,1,0.53,1,0.5
dpctgan,Groundhog,12435,0,0.39,0,0.5
dpctgan,Groundhog,12435,1,0.54,1,0.5
dpctgan,Groundhog,12435,0,0.51,1,0.5
dpctgan,Groundhog,12435,1,0.58,1,0.5
dpctgan,Groundhog,12435,0,0.56,1,0.5
dpctgan,Groundhog,12435,1,0.45,0,0.5
dpctgan,Groundhog,12435,0,0.44,0,0.5
dpctgan,Groundhog,12435,1,0.43,0,0.5
dpctgan,Groundhog,12435,0,0.44,0,0.5
dpctgan,Groundhog,12435,1,0.47,0,0.5
dpctgan,Groundhog,12435,0,0.53,1,0.5
dpctgan,Groundhog,12435,1,0.36,0,0.5
dpctgan,Groundhog,12435,0,0.52,1,0.5
dpctgan,Groundhog,12435,1,0.41,0,0.5
dpctgan,Groundhog,12435,0,0.56,1,0.5
dpctgan,Groundhog,12435,1,0.6,1,0.5
dpctgan,Groundhog,12435,0,0.59,1,0.5
dpctgan,Groundhog,12435,1,0.59,1,0.5
dpctgan,Groundhog,12435,0,0.55,1,0.5
dpctgan,Groundhog,12435,1,0.42,0,0.5
dpctgan,Groundhog,12435,0,0.4,0,0.5
dpctgan,Groundhog,12435,1,0.5,0,0.5
dpctgan,Groundhog,12435,0,0.43,0,0.5
dpctgan,Groundhog,12435,1,0.45,0,0.5
dpctgan,Groundhog,12435,0,0.52,1,0.5
dpctgan,Groundhog,12435,1,0.43,0,0.5
dpctgan,Groundhog,12435,0,0.46,0,0.5
dpctgan,Groundhog,12435,1,0.57,1,0.5
dpctgan,Groundhog,12435,0,0.4,0,0.5
dpctgan,Groundhog,12435,1,0.53,1,0.5
dpctgan,Groundhog,12435,0,0.5,0,0.5
dpctgan,Groundhog,12435,1,0.55,1,0.5
dpctgan,Groundhog,12435,0,0.51,1,0.5
dpctgan,Groundhog,12435,1,0.51,1,0.5
dpctgan,Groundhog,12435,0,0.44,0,0.5
dpctgan,Groundhog,12435,1,0.45,0,0.5
dpctgan,Groundhog,12435,0,0.44,0,0.5
dpctgan,Groundhog,12435,1,0.54,1,0.5
dpctgan,Groundhog,12435,0,0.46,0,0.5
dpctgan,Groundhog,12435,1,0.53,1,0.5
dpctgan,Groundhog,12435,0,0.45,0,0.5
dpctgan,Groundhog,12435,1,0.57,1,0.5
dpctgan,Groundhog,12435,0,0.55,1,0.5
dpctgan,Groundhog,12435,1,0.64,1,0.5
dpctgan,Groundhog,12435,0,0.46,0,0.5
dpctgan,Groundhog,12435,1,0.54,1,0.5
dpctgan,Groundhog,12435,0,0.56,1,0.5
dpctgan,Groundhog,12435,1,0.55,1,0.5
dpctgan,Groundhog,12435,0,0.49,0,0.5
dpctgan,Groundhog,12435,1,0.56,1,0.5
dpctgan,Groundhog,12435,0,0.39,0,0.5
dpctgan,Groundhog,12435,1,0.52,1,0.5
dpctgan,Groundhog,12435,0,0.39,0,0.5
dpctgan,Groundhog,12435,1,0.57,1,0.5
dpctgan,Groundhog,12435,0,0.45,0,0.5
dpctgan,Groundhog,12435,1,0.53,1,0.5
dpctgan,Groundhog,12435,0,0.6,1,0.5
dpctgan,Groundhog,12435,1,0.45,0,0.5
dpctgan,Groundhog,12435,0,0.46,0,0.5
dpctgan,Groundhog,12435,1,0.52,1,0.5
dpctgan,Groundhog,12435,0,0.49,0,0.5
dpctgan,Groundhog,12435,1,0.57,1,0.5
dpctgan,Groundhog,12435,0,0.48,0,0.5
dpctgan,Groundhog,12435,1,0.48,0,0.5
dpctgan,Groundhog,12435,0,0.47,0,0.5
dpctgan,Groundhog,12435,1,0.45,0,0.5
dpctgan,Groundhog,12435,0,0.49,0,0.5
dpctgan,Groundhog,12435,1,0.5,0,0.5
dpctgan,Groundhog,12435,0,0.47,0,0.5
dpctgan,Groundhog,12435,1,0.47,0,0.5
dpctgan,Groundhog,12435,0,0.62,1,0.5
dpctgan,Groundhog,12435,1,0.49,0,0.5
dpctgan,Groundhog,12435,0,0.36,0,0.5
dpctgan,Groundhog,12435,1,0.42,0,0.5
dpctgan,Groundhog,12435,0,0.52,1,0.5
dpctgan,Groundhog,12435,1,0.51,1,0.5
dpctgan,Groundhog,12435,0,0.41,0,0.5
dpctgan,Groundhog,12435,1,0.56,1,0.5
dpctgan,Groundhog,12435,0,0.47,0,0.5
dpctgan,Groundhog,12435,1,0.62,1,0.5
dpctgan,Groundhog,12435,0,0.58,1,0.5
dpctgan,Groundhog,12435,1,0.58,1,0.5
dpctgan,Groundhog,12435,0,0.43,0,0.5
dpctgan,Groundhog,12435,1,0.48,0,0.5
dpctgan,Groundhog,12435,0,0.44,0,0.5
dpctgan,Groundhog,12435,1,0.56,1,0.5
dpctgan,Groundhog,12435,0,0.55,1,0.5
dpctgan,Groundhog,12435,1,0.5,0,0.5
dpctgan,Groundhog,12435,0,0.55,1,0.5
dpctgan,Groundhog,12435,1,0.51,1,0.5
dpctgan,Groundhog,12435,0,0.4,0,0.5
dpctgan,Groundhog,12435,1,0.46,0,0.5
dpctgan,Groundhog,12435,0,0.39,0,0.5
dpctgan,Groundhog,12435,1,0.47,0,0.5
dpctgan,Groundhog,12435,0,0.47,0,0.5
dpctgan,Groundhog,12435,1,0.57,1,0.5
dpctgan,Groundhog,12435,0,0.51,1,0.5
dpctgan,Groundhog,12435,1,0.51,1,0.5
dpctgan,Groundhog,12435,0,0.4,0,0.5
dpctgan,Groundhog,12435,1,0.51,1,0.5
dpctgan,Groundhog,12435,0,0.53,1,0.5
dpctgan,Groundhog,12435,1,0.48,0,0.5
dpctgan,Groundhog,12435,0,0.55,1,0.5
dpctgan,Groundhog,12435,1,0.52,1,0.5
dpctgan,Groundhog,12435,0,0.61,1,0.5
dpctgan,Groundhog,12435,1,0.6,1,0.5
dpctgan,Groundhog,12435,0,0.58,1,0.5
dpctgan,Groundhog,12435,1,0.61,1,0.5
dpctgan,Groundhog,12435,0,0.54,1,0.5
dpctgan,Groundhog,12435,1,0.52,1,0.5
dpctgan,Groundhog,12435,0,0.53,1,0.5
dpctgan,Groundhog,12435,1,0.47,0,0.5
dpctgan,Groundhog,12435,0,0.55,1,0.5
dpctgan,Groundhog,12435,1,0.39,0,0.5
dpctgan,Groundhog,12435,0,0.32,0,0.5
dpctgan,Groundhog,12435,1,0.39,0,0.5
dpctgan,Groundhog,12435,0,0.46,0,0.5
dpctgan,Groundhog,12435,1,0.52,1,0.5
dpctgan,Groundhog,12435,0,0.52,1,0.5
dpctgan,Groundhog,12435,1,0.57,1,0.5
dpctgan,Groundhog,12435,0,0.53,1,0.5
dpctgan,Groundhog,12435,1,0.49,0,0.5
dpctgan,Groundhog,12435,0,0.5,0,0.5
dpctgan,Groundhog,12435,1,0.54,1,0.5
dpctgan,Groundhog,12435,0,0.33,0,0.5
dpctgan,Groundhog,12435,1,0.48,0,0.5
dpctgan,Groundhog,12435,0,0.47,0,0.5
dpctgan,Groundhog,12435,1,0.46,0,0.5
dpctgan,Groundhog,12435,0,0.52,1,0.5
dpctgan,Groundhog,12435,1,0.49,0,0.5
dpctgan,Groundhog,12435,0,0.49,0,0.5
dpctgan,Groundhog,12435,1,0.39,0,0.5
dpctgan,Groundhog,12435,0,0.55,1,0.5
dpctgan,Groundhog,12435,1,0.47,0,0.5
dpctgan,Groundhog,12435,0,0.48,0,0.5
dpctgan,Groundhog,12435,1,0.42,0,0.5
dpctgan,Groundhog,12435,0,0.45,0,0.5
dpctgan,Groundhog,12435,1,0.53,1,0.5
dpctgan,Groundhog,12435,0,0.47,0,0.5
dpctgan,Groundhog,12435,1,0.48,0,0.5
dpctgan,Groundhog,12435,0,0.55,1,0.5
dpctgan,Groundhog,12435,1,0.6,1,0.5
dpctgan,Groundhog,12435,0,0.46,0,0.5
dpctgan,Groundhog,12435,1,0.5,0,0.5
dpctgan,Groundhog,12435,0,0.57,1,0.5
dpctgan,Groundhog,12435,1,0.56,1,0.5
dpctgan,Groundhog,12435,0,0.46,0,0.5
dpctgan,Groundhog,12435,1,0.44,0,0.5
dpctgan,Groundhog,12435,0,0.44,0,0.5
dpctgan,Groundhog,12435,1,0.45,0,0.5
dpctgan,Groundhog,12435,0,0.46,0,0.5
dpctgan,Groundhog,12435,1,0.49,0,0.5
dpctgan,Groundhog,12435,0,0.36,0,0.5
dpctgan,Groundhog,12435,1,0.49,0,0.5
dpctgan,Groundhog,12435,0,0.49,0,0.5
dpctgan,Groundhog,12435,1,0.58,1,0.5
dpctgan,Groundhog,12435,0,0.49,0,0.5
dpctgan,Groundhog,12435,1,0.42,0,0.5
dpctgan,Groundhog,12435,0,0.54,1,0.5
dpctgan,Groundhog,12435,1,0.39,0,0.5
dpctgan,Groundhog,12435,0,0.51,1,0.5
dpctgan,Groundhog,12435,1,0.53,1,0.5
dpctgan,Groundhog,12435,0,0.53,1,0.5
dpctgan,Groundhog,12435,1,0.5,0,0.5
dpctgan,Groundhog,12435,0,0.42,0,0.5
dpctgan,Groundhog,12435,1,0.46,0,0.5
dpctgan,Groundhog,12435,0,0.48,0,0.5
dpctgan,Groundhog,12435,1,0.46,0,0.5
dpctgan,Groundhog,12435,0,0.48,0,0.5
dpctgan,Groundhog,12435,1,0.55,1,0.5
dpctgan,Groundhog,12435,0,0.49,0,0.5
dpctgan,Groundhog,12435,1,0.54,1,0.5
dpctgan,Groundhog,12435,0,0.61,1,0.5
dpctgan,Groundhog,12435,1,0.48,0,0.5
dpctgan,Groundhog,12435,0,0.53,1,0.5
dpctgan,Groundhog,12435,1,0.6,1,0.5
dpctgan,Groundhog,12435,0,0.51,1,0.5
dpctgan,Groundhog,12435,1,0.57,1,0.5
dpctgan,Groundhog,12435,0,0.59,1,0.5
dpctgan,Groundhog,12435,1,0.38,0,0.5
dpctgan,Groundhog,12435,0,0.61,1,0.5
dpctgan,Groundhog,12435,1,0.54,1,0.5
dpctgan,Groundhog,12435,0,0.56,1,0.5
dpctgan,Groundhog,12435,1,0.45,0,0.5
dpctgan,Groundhog,12435,0,0.51,1,0.5
dpctgan,Groundhog,12435,1,0.55,1,0.5
dpctgan,Groundhog,12435,0,0.38,0,0.5
dpctgan,Groundhog,12435,1,0.54,1,0.5
dpctgan,Groundhog,12435,0,0.51,1,0.5
dpctgan,Groundhog,12435,1,0.59,1,0.5
dpctgan,Groundhog,12435,0,0.38,0,0.5
dpctgan,Groundhog,12435,1,0.51,1,0.5
dpctgan,Groundhog,12435,0,0.44,0,0.5
dpctgan,Groundhog,12435,1,0.45,0,0.5
dpctgan,Groundhog,12435,0,0.44,0,0.5
dpctgan,Groundhog,12435,1,0.41,0,0.5
dpctgan,Groundhog,12435,0,0.55,1,0.5
dpctgan,Groundhog,12435,1,0.62,1,0.5
dpctgan,Groundhog,12435,0,0.43,0,0.5
dpctgan,Groundhog,12435,1,0.54,1,0.5
dpctgan,Groundhog,12435,0,0.51,1,0.5
dpctgan,Groundhog,12435,1,0.44,0,0.5
dpctgan,Groundhog,12435,0,0.46,0,0.5
dpctgan,Groundhog,12435,1,0.65,1,0.5
dpctgan,Groundhog,12435,0,0.45,0,0.5
dpctgan,Groundhog,12435,1,0.49,0,0.5
dpctgan,Groundhog,12435,0,0.45,0,0.5
dpctgan,Groundhog,12435,1,0.58,1,0.5
dpctgan,Groundhog,12435,0,0.39,0,0.5
dpctgan,Groundhog,12435,1,0.58,1,0.5
dpctgan,Groundhog,12435,0,0.63,1,0.5
dpctgan,Groundhog,12435,1,0.47,0,0.5
dpctgan,Groundhog,12435,0,0.6,1,0.5
dpctgan,Groundhog,12435,1,0.59,1,0.5
dpctgan,Groundhog,12435,0,0.55,1,0.5
dpctgan,Groundhog,12435,1,0.49,0,0.5
dpctgan,Groundhog,12435,0,0.45,0,0.5
dpctgan,Groundhog,12435,1,0.52,1,0.5
dpctgan,Groundhog,12435,0,0.49,0,0.5
dpctgan,Groundhog,12435,1,0.48,0,0.5
dpctgan,Groundhog,12435,0,0.63,1,0.5
dpctgan,Groundhog,12435,1,0.47,0,0.5
dpctgan,Groundhog,12435,0,0.5,0,0.5
dpctgan,Groundhog,12435,1,0.55,1,0.5
dpctgan,Groundhog,12435,0,0.47,0,0.5
dpctgan,Groundhog,12435,1,0.63,1,0.5
dpctgan,Groundhog,12435,0,0.49,0,0.5
dpctgan,Groundhog,12435,1,0.41,0,0.5
dpctgan,Groundhog,12435,0,0.45,0,0.5
dpctgan,Groundhog,12435,1,0.56,1,0.5
dpctgan,Groundhog,12435,0,0.55,1,0.5
dpctgan,Groundhog,12435,1,0.51,1,0.5
dpctgan,Groundhog,12435,0,0.41,0,0.5
dpctgan,Groundhog,12435,1,0.5,0,0.5
dpctgan,Groundhog,12435,0,0.55,1,0.5
dpctgan,Groundhog,12435,1,0.47,0,0.5
dpctgan,Groundhog,12435,0,0.44,0,0.5
dpctgan,Groundhog,12435,1,0.47,0,0.5
dpctgan,Groundhog,12435,0,0.55,1,0.5
dpctgan,Groundhog,12435,1,0.45,0,0.5
dpctgan,Groundhog,12435,0,0.59,1,0.5
dpctgan,Groundhog,12435,1,0.43,0,0.5
dpctgan,Groundhog,12435,0,0.49,0,0.5
dpctgan,Groundhog,12435,1,0.53,1,0.5
dpctgan,Groundhog,12435,0,0.54,1,0.5
dpctgan,Groundhog,12435,1,0.52,1,0.5
dpctgan,Groundhog,12435,0,0.42,0,0.5
dpctgan,Groundhog,12435,1,0.57,1,0.5
dpctgan,Groundhog,12435,0,0.56,1,0.5
dpctgan,Groundhog,12435,1,0.44,0,0.5
dpctgan,Groundhog,12435,0,0.45,0,0.5
dpctgan,Groundhog,12435,1,0.51,1,0.5
dpctgan,Groundhog,12435,0,0.51,1,0.5
dpctgan,Groundhog,12435,1,0.48,0,0.5
dpctgan,Groundhog,12435,0,0.54,1,0.5
dpctgan,Groundhog,12435,1,0.54,1,0.5
dpctgan,Groundhog,12435,0,0.49,0,0.5
dpctgan,Groundhog,12435,1,0.51,1,0.5
dpctgan,Groundhog,12435,0,0.45,0,0.5
dpctgan,Groundhog,12435,1,0.59,1,0.5
dpctgan,Groundhog,12435,0,0.48,0,0.5
dpctgan,Groundhog,12435,1,0.46,0,0.5
dpctgan,Groundhog,12435,0,0.42,0,0.5
dpctgan,Groundhog,12435,1,0.53,1,0.5
dpctgan,Groundhog,12435,0,0.49,0,0.5
dpctgan,Groundhog,12435,1,0.5,0,0.5
dpctgan,Groundhog,12435,0,0.69,1,0.5
dpctgan,Groundhog,12435,1,0.4,0,0.5
dpctgan,Groundhog,12435,0,0.47,0,0.5
dpctgan,Groundhog,12435,1,0.48,0,0.5
dpctgan,Groundhog,12435,0,0.32,0,0.5
dpctgan,Groundhog,12435,1,0.46,0,0.5
dpctgan,Groundhog,12435,0,0.57,1,0.5
dpctgan,Groundhog,12435,1,0.56,1,0.5
dpctgan,Groundhog,12435,0,0.44,0,0.5
dpctgan,Groundhog,12435,1,0.54,1,0.5
dpctgan,Groundhog,12435,0,0.46,0,0.5
dpctgan,Groundhog,12435,1,0.5,0,0.5
dpctgan,Groundhog,12435,0,0.55,1,0.5
dpctgan,Groundhog,12435,1,0.45,0,0.5
dpctgan,Groundhog,12435,0,0.46,0,0.5
dpctgan,Groundhog,12435,1,0.41,0,0.5
dpctgan,Groundhog,12435,0,0.61,1,0.5
dpctgan,Groundhog,12435,1,0.59,1,0.5
dpctgan,Groundhog,12435,0,0.54,1,0.5
dpctgan,Groundhog,12435,1,0.45,0,0.5
dpctgan,Groundhog,12435,0,0.34,0,0.5
dpctgan,Groundhog,12435,1,0.46,0,0.5
dpctgan,Groundhog,12435,0,0.51,1,0.5
dpctgan,Groundhog,12435,1,0.46,0,0.5
dpctgan,Groundhog,12435,0,0.35,0,0.5
dpctgan,Groundhog,12435,1,0.5,0,0.5
dpctgan,Groundhog,12435,0,0.56,1,0.5
dpctgan,Groundhog,12435,1,0.53,1,0.5
dpctgan,Groundhog,12435,0,0.47,0,0.5
dpctgan,Groundhog,12435,1,0.47,0,0.5
dpctgan,Groundhog,12435,0,0.48,0,0.5
dpctgan,Groundhog,12435,1,0.52,1,0.5
dpctgan,Groundhog,12435,0,0.45,0,0.5
dpctgan,Groundhog,12435,1,0.48,0,0.5
dpctgan,Groundhog,12435,0,0.57,1,0.5
dpctgan,Groundhog,12435,1,0.44,0,0.5
dpctgan,Groundhog,12435,0,0.48,0,0.5
dpctgan,Groundhog,12435,1,0.43,0,0.5
dpctgan,Groundhog,12435,0,0.43,0,0.5
dpctgan,Groundhog,12435,1,0.44,0,0.5
dpctgan,Groundhog,12435,0,0.42,0,0.5
dpctgan,Groundhog,12435,1,0.5,0,0.5
dpctgan,Groundhog,12435,0,0.53,1,0.5
dpctgan,Groundhog,12435,1,0.42,0,0.5
dpctgan,Groundhog,12435,0,0.42,0,0.5
dpctgan,Groundhog,12435,1,0.55,1,0.5
dpctgan,Groundhog,12435,0,0.6,1,0.5
dpctgan,Groundhog,12435,1,0.5,0,0.5
dpctgan,Groundhog,12435,0,0.5,0,0.5
dpctgan,Groundhog,12435,1,0.55,1,0.5
dpctgan,Groundhog,12435,0,0.46,0,0.5
dpctgan,Groundhog,12435,1,0.63,1,0.5
dpctgan,Groundhog,12435,0,0.49,0,0.5
dpctgan,Groundhog,12435,1,0.57,1,0.5
dpctgan,Groundhog,12435,0,0.53,1,0.5
dpctgan,Groundhog,12435,1,0.52,1,0.5
dpctgan,Groundhog,12435,0,0.61,1,0.5
dpctgan,Groundhog,12435,1,0.49,0,0.5
dpctgan,Groundhog,12435,0,0.58,1,0.5
dpctgan,Groundhog,12435,1,0.5,0,0.5
dpctgan,Groundhog,12435,0,0.57,1,0.5
dpctgan,Groundhog,12435,1,0.54,1,0.5
dpctgan,Groundhog,12435,0,0.44,0,0.5
dpctgan,Groundhog,12435,1,0.45,0,0.5
dpctgan,Groundhog,12435,0,0.59,1,0.5
dpctgan,Groundhog,12435,1,0.49,0,0.5
dpctgan,Groundhog,12435,0,0.47,0,0.5
dpctgan,Groundhog,12435,1,0.6,1,0.5
dpctgan,Groundhog,12435,0,0.48,0,0.5
dpctgan,Groundhog,12435,1,0.45,0,0.5
dpctgan,Groundhog,12435,0,0.58,1,0.5
dpctgan,Groundhog,12435,1,0.49,0,0.5
dpctgan,Groundhog,12435,0,0.46,0,0.5
dpctgan,Groundhog,12435,1,0.52,1,0.5
dpctgan,Groundhog,12435,0,0.58,1,0.5
dpctgan,Groundhog,12435,1,0.48,0,0.5
dpctgan,Groundhog,12435,0,0.42,0,0.5
dpctgan,Groundhog,12435,1,0.5,0,0.5
dpctgan,Groundhog,12435,0,0.38,0,0.5
dpctgan,Groundhog,12435,1,0.44,0,0.5
dpctgan,Groundhog,12435,0,0.5,0,0.5
dpctgan,Groundhog,12435,1,0.41,0,0.5
dpctgan,Groundhog,12435,0,0.44,0,0.5
dpctgan,Groundhog,12435,1,0.51,1,0.5
dpctgan,Groundhog,12435,0,0.44,0,0.5
dpctgan,Groundhog,12435,1,0.5,0,0.5
dpctgan,Groundhog,12435,0,0.56,1,0.5
dpctgan,Groundhog,12435,1,0.41,0,0.5
dpctgan,Groundhog,12435,0,0.54,1,0.5
dpctgan,Groundhog,12435,1,0.61,1,0.5
dpctgan,Groundhog,12435,0,0.47,0,0.5
dpctgan,Groundhog,12435,1,0.48,0,0.5
dpctgan,Groundhog,12435,0,0.53,1,0.5
dpctgan,Groundhog,12435,1,0.46,0,0.5
dpctgan,Groundhog,12435,0,0.5,0,0.5
dpctgan,Groundhog,12435,1,0.47,0,0.5
dpctgan,Groundhog,12435,0,0.5,0,0.5
dpctgan,Groundhog,12435,1,0.55,1,0.5
dpctgan,Groundhog,12435,0,0.59,1,0.5
dpctgan,Groundhog,12435,1,0.56,1,0.5
dpctgan,Groundhog,12435,0,0.47,0,0.5
dpctgan,Groundhog,12435,1,0.52,1,0.5
dpctgan,Groundhog,12435,0,0.56,1,0.5
dpctgan,Groundhog,12435,1,0.56,1,0.5
dpctgan,Groundhog,12435,0,0.53,1,0.5
dpctgan,Groundhog,12435,1,0.61,1,0.5
dpctgan,Groundhog,12435,0,0.47,0,0.5
dpctgan,Groundhog,12435,1,0.44,0,0.5
dpctgan,Groundhog,12435,0,0.46,0,0.5
dpctgan,Groundhog,12435,1,0.38,0,0.5
dpctgan,Groundhog,12435,0,0.47,0,0.5
dpctgan,Groundhog,12435,1,0.5,0,0.5
dpctgan,Groundhog,12435,0,0.42,0,0.5
dpctgan,Groundhog,12435,1,0.53,1,0.5
dpctgan,Groundhog,12435,0,0.37,0,0.5
dpctgan,Groundhog,12435,1,0.52,1,0.5
dpctgan,Groundhog,12435,0,0.45,0,0.5
dpctgan,Groundhog,12435,1,0.49,0,0.5
dpctgan,Groundhog,12435,0,0.52,1,0.5
dpctgan,Groundhog,12435,1,0.4,0,0.5
dpctgan,Groundhog,12435,0,0.47,0,0.5
dpctgan,Groundhog,12435,1,0.51,1,0.5
dpctgan,Groundhog,12435,0,0.58,1,0.5
dpctgan,Groundhog,12435,1,0.64,1,0.5
dpctgan,Groundhog,12435,0,0.55,1,0.5
dpctgan,Groundhog,12435,1,0.52,1,0.5
dpctgan,Groundhog,12435,0,0.39,0,0.5
dpctgan,Groundhog,12435,1,0.51,1,0.5
dpctgan,Groundhog,12435,0,0.52,1,0.5
dpctgan,Groundhog,12435,1,0.47,0,0.5
dpctgan,Groundhog,12435,0,0.55,1,0.5
dpctgan,Groundhog,12435,1,0.58,1,0.5
dpctgan,Groundhog,12435,0,0.49,0,0.5
dpctgan,Groundhog,12435,1,0.52,1,0.5
dpctgan,Groundhog,12435,0,0.54,1,0.5
dpctgan,Groundhog,12435,1,0.43,0,0.5
dpctgan,Groundhog,12435,0,0.54,1,0.5
dpctgan,Groundhog,12435,1,0.5,0,0.5
dpctgan,Groundhog,12435,0,0.56,1,0.5
dpctgan,Groundhog,12435,1,0.53,1,0.5
dpctgan,Groundhog,12435,0,0.48,0,0.5
dpctgan,Groundhog,12435,1,0.56,1,0.5
dpctgan,Groundhog,12435,0,0.48,0,0.5
dpctgan,Groundhog,12435,1,0.53,1,0.5
dpctgan,Groundhog,12435,0,0.4,0,0.5
dpctgan,Groundhog,12435,1,0.47,0,0.5
dpctgan,Groundhog,12435,0,0.57,1,0.5
dpctgan,Groundhog,12435,1,0.52,1,0.5
dpctgan,Groundhog,12435,0,0.64,1,0.5
dpctgan,Groundhog,12435,1,0.43,0,0.5
dpctgan,Groundhog,12435,0,0.47,0,0.5
dpctgan,Groundhog,12435,1,0.56,1,0.5
dpctgan,Groundhog,12435,0,0.52,1,0.5
dpctgan,Groundhog,12435,1,0.42,0,0.5
dpctgan,Groundhog,12435,0,0.54,1,0.5
dpctgan,Groundhog,12435,1,0.55,1,0.5
dpctgan,Groundhog,12435,0,0.57,1,0.5
dpctgan,Groundhog,12435,1,0.54,1,0.5
dpctgan,Groundhog,12435,0,0.53,1,0.5
dpctgan,Groundhog,12435,1,0.43,0,0.5
dpctgan,Groundhog,12435,0,0.48,0,0.5
dpctgan,Groundhog,12435,1,0.48,0,0.5
dpctgan,Groundhog,12435,0,0.66,1,0.5
dpctgan,Groundhog,12435,1,0.6,1,0.5
dpctgan,Groundhog,12435,0,0.5,0,0.5
dpctgan,Groundhog,12435,1,0.53,1,0.5
dpctgan,Groundhog,12435,0,0.41,0,0.5
dpctgan,Groundhog,12435,1,0.58,1,0.5
dpctgan,Groundhog,12435,0,0.56,1,0.5
dpctgan,Groundhog,12435,1,0.57,1,0.5
dpctgan,Groundhog,12435,0,0.55,1,0.5
dpctgan,Groundhog,12435,1,0.47,0,0.5
dpctgan,Groundhog,12435,0,0.53,1,0.5
dpctgan,Groundhog,12435,1,0.47,0,0.5
dpctgan,Groundhog,12435,0,0.57,1,0.5
dpctgan,Groundhog,12435,1,0.61,1,0.5
dpctgan,Groundhog,12435,0,0.46,0,0.5
dpctgan,Groundhog,12435,1,0.58,1,0.5
dpctgan,Groundhog,12435,0,0.6,1,0.5
dpctgan,Groundhog,12435,1,0.51,1,0.5
dpctgan,Groundhog,12435,0,0.46,0,0.5
dpctgan,Groundhog,12435,1,0.59,1,0.5
dpctgan,Groundhog,12435,0,0.41,0,0.5
dpctgan,Groundhog,12435,1,0.5,0,0.5
dpctgan,Groundhog,12435,0,0.49,0,0.5
dpctgan,Groundhog,12435,1,0.48,0,0.5
dpctgan,Groundhog,12435,0,0.44,0,0.5
dpctgan,Groundhog,12435,1,0.5,0,0.5
dpctgan,Groundhog,12435,0,0.46,0,0.5
dpctgan,Groundhog,12435,1,0.46,0,0.5
dpctgan,Groundhog,12435,0,0.38,0,0.5
dpctgan,Groundhog,12435,1,0.32,0,0.5
dpctgan,Groundhog,12435,0,0.52,1,0.5
dpctgan,Groundhog,12435,1,0.46,0,0.5
dpctgan,Groundhog,12435,0,0.48,0,0.5
dpctgan,Groundhog,12435,1,0.49,0,0.5
dpctgan,Groundhog,12435,0,0.51,1,0.5
dpctgan,Groundhog,12435,1,0.51,1,0.5
dpctgan,Groundhog,12435,0,0.35,0,0.5
dpctgan,Groundhog,12435,1,0.59,1,0.5
dpctgan,Groundhog,12435,0,0.5,0,0.5
dpctgan,Groundhog,12435,1,0.57,1,0.5
dpctgan,Groundhog,12435,0,0.47,0,0.5
dpctgan,Groundhog,12435,1,0.53,1,0.5
dpctgan,Groundhog,12435,0,0.48,0,0.5
dpctgan,Groundhog,12435,1,0.53,1,0.5
dpctgan,Groundhog,12435,0,0.45,0,0.5
dpctgan,Groundhog,12435,1,0.54,1,0.5
dpctgan,Groundhog,12435,0,0.41,0,0.5
dpctgan,Groundhog,12435,1,0.45,0,0.5
dpctgan,Groundhog,12435,0,0.49,0,0.5
dpctgan,Groundhog,12435,1,0.56,1,0.5
dpctgan,Groundhog,12435,0,0.38,0,0.5
dpctgan,Groundhog,12435,1,0.49,0,0.5
dpctgan,Groundhog,12435,0,0.56,1,0.5
dpctgan,Groundhog,12435,1,0.4,0,0.5
dpctgan,Groundhog,12435,0,0.36,0,0.5
dpctgan,Groundhog,12435,1,0.46,0,0.5
dpctgan,Groundhog,12435,0,0.45,0,0.5
dpctgan,Groundhog,12435,1,0.36,0,0.5
dpctgan,Groundhog,12435,0,0.47,0,0.5
dpctgan,Groundhog,12435,1,0.53,1,0.5
dpctgan,Groundhog,12435,0,0.29,0,0.5
dpctgan,Groundhog,12435,1,0.47,0,0.5
dpctgan,Groundhog,12435,0,0.49,0,0.5
dpctgan,Groundhog,12435,1,0.54,1,0.5
dpctgan,Groundhog,12435,0,0.45,0,0.5
dpctgan,Groundhog,12435,1,0.49,0,0.5
dpctgan,Groundhog,12435,0,0.49,0,0.5
dpctgan,Groundhog,12435,1,0.41,0,0.5
dpctgan,Groundhog,12435,0,0.5,0,0.5
dpctgan,Groundhog,12435,1,0.56,1,0.5
dpctgan,Groundhog,12435,0,0.46,0,0.5
dpctgan,Groundhog,12435,1,0.51,1,0.5
dpctgan,Groundhog,12435,0,0.37,0,0.5
dpctgan,Groundhog,12435,1,0.52,1,0.5
dpctgan,Groundhog,12435,0,0.54,1,0.5
dpctgan,Groundhog,12435,1,0.44,0,0.5
dpctgan,Groundhog,12435,0,0.51,1,0.5
dpctgan,Groundhog,12435,1,0.48,0,0.5
dpctgan,Groundhog,12435,0,0.5,0,0.5
dpctgan,Groundhog,12435,1,0.46,0,0.5
dpctgan,Groundhog,12435,0,0.48,0,0.5
dpctgan,Groundhog,12435,1,0.55,1,0.5
dpctgan,Groundhog,12435,0,0.45,0,0.5
dpctgan,Groundhog,12435,1,0.51,1,0.5
dpctgan,Groundhog,12435,0,0.53,1,0.5
dpctgan,Groundhog,12435,1,0.52,1,0.5
dpctgan,Groundhog,12435,0,0.52,1,0.5
dpctgan,Groundhog,12435,1,0.53,1,0.5
dpctgan,Groundhog,12435,0,0.54,1,0.5
dpctgan,Groundhog,12435,1,0.55,1,0.5
dpctgan,Groundhog,12435,0,0.41,0,0.5
dpctgan,Groundhog,12435,1,0.52,1,0.5
dpctgan,Groundhog,12435,0,0.36,0,0.5
dpctgan,Groundhog,12435,1,0.5,0,0.5
dpctgan,Groundhog,12435,0,0.51,1,0.5
dpctgan,Groundhog,12435,1,0.5,0,0.5
dpctgan,Groundhog,12435,0,0.5,0,0.5
dpctgan,Groundhog,12435,1,0.53,1,0.5
dpctgan,Groundhog,12435,0,0.69,1,0.5
dpctgan,Groundhog,12435,1,0.46,0,0.5
dpctgan,Groundhog,12435,0,0.45,0,0.5
dpctgan,Groundhog,12435,1,0.58,1,0.5
dpctgan,Groundhog,12435,0,0.48,0,0.5
dpctgan,Groundhog,12435,1,0.58,1,0.5
dpctgan,Groundhog,12435,0,0.55,1,0.5
dpctgan,Groundhog,12435,1,0.48,0,0.5
dpctgan,Groundhog,12435,0,0.46,0,0.5
dpctgan,Groundhog,12435,1,0.54,1,0.5
dpctgan,Groundhog,12435,0,0.5,0,0.5
dpctgan,Groundhog,12435,1,0.52,1,0.5
dpctgan,Groundhog,12435,0,0.53,1,0.5
dpctgan,Groundhog,12435,1,0.44,0,0.5
dpctgan,Groundhog,12435,0,0.51,1,0.5
dpctgan,Groundhog,12435,1,0.52,1,0.5
dpctgan,Groundhog,12435,0,0.48,0,0.5
dpctgan,Groundhog,12435,1,0.52,1,0.5
dpctgan,Groundhog,12435,0,0.51,1,0.5
dpctgan,Groundhog,12435,1,0.45,0,0.5
dpctgan,Groundhog,12435,0,0.45,0,0.5
dpctgan,Groundhog,12435,1,0.69,1,0.5
dpctgan,Groundhog,12435,0,0.41,0,0.5
dpctgan,Groundhog,12435,1,0.47,0,0.5
dpctgan,Groundhog,12435,0,0.54,1,0.5
dpctgan,Groundhog,12435,1,0.41,0,0.5
dpctgan,Groundhog,12435,0,0.52,1,0.5
dpctgan,Groundhog,12435,1,0.51,1,0.5
dpctgan,Groundhog,12435,0,0.48,0,0.5
dpctgan,Groundhog,12435,1,0.44,0,0.5
dpctgan,Groundhog,12435,0,0.43,0,0.5
dpctgan,Groundhog,12435,1,0.48,0,0.5
dpctgan,Groundhog,12435,0,0.47,0,0.5
dpctgan,Groundhog,12435,1,0.43,0,0.5
dpctgan,Groundhog,12435,0,0.42,0,0.5
dpctgan,Groundhog,12435,1,0.61,1,0.5
dpctgan,Groundhog,12435,0,0.46,0,0.5
dpctgan,Groundhog,12435,1,0.52,1,0.5
dpctgan,Groundhog,12435,0,0.52,1,0.5
dpctgan,Groundhog,12435,1,0.54,1,0.5
dpctgan,Groundhog,12435,0,0.45,0,0.5
dpctgan,Groundhog,12435,1,0.5,0,0.5
dpctgan,Groundhog,12435,0,0.53,1,0.5
dpctgan,Groundhog,12435,1,0.56,1,0.5
dpctgan,Groundhog,12435,0,0.5,0,0.5
dpctgan,Groundhog,12435,1,0.56,1,0.5
dpctgan,Groundhog,12435,0,0.52,1,0.5
dpctgan,Groundhog,12435,1,0.55,1,0.5
dpctgan,Groundhog,12435,0,0.56,1,0.5
dpctgan,Groundhog,12435,1,0.47,0,0.5
dpctgan,Groundhog,12435,0,0.43,0,0.5
dpctgan,Groundhog,12435,1,0.43,0,0.5
dpctgan,Groundhog,12435,0,0.56,1,0.5
dpctgan,Groundhog,12435,1,0.45,0,0.5
dpctgan,Groundhog,12435,0,0.54,1,0.5
dpctgan,Groundhog,12435,1,0.51,1,0.5
dpctgan,Groundhog,12435,0,0.65,1,0.5
dpctgan,Groundhog,12435,1,0.43,0,0.5
dpctgan,Groundhog,12435,0,0.42,0,0.5
dpctgan,Groundhog,12435,1,0.48,0,0.5
dpctgan,Groundhog,12435,0,0.63,1,0.5
dpctgan,Groundhog,12435,1,0.45,0,0.5
dpctgan,Groundhog,12435,0,0.5,0,0.5
dpctgan,Groundhog,12435,1,0.53,1,0.5
dpctgan,Groundhog,12435,0,0.47,0,0.5
dpctgan,Groundhog,12435,1,0.58,1,0.5
dpctgan,Groundhog,12435,0,0.54,1,0.5
dpctgan,Groundhog,12435,1,0.49,0,0.5
dpctgan,Groundhog,12435,0,0.47,0,0.5
dpctgan,Groundhog,12435,1,0.55,1,0.5
dpctgan,Groundhog,12435,0,0.33,0,0.5
dpctgan,Groundhog,12435,1,0.29,0,0.5
dpctgan,Groundhog,12435,0,0.46,0,0.5
dpctgan,Groundhog,12435,1,0.38,0,0.5
dpctgan,Groundhog,12435,0,0.43,0,0.5
dpctgan,Groundhog,12435,1,0.51,1,0.5
dpctgan,Groundhog,12435,0,0.55,1,0.5
dpctgan,Groundhog,12435,1,0.5,0,0.5
dpctgan,Groundhog,12435,0,0.44,0,0.5
dpctgan,Groundhog,12435,1,0.54,1,0.5
dpctgan,Groundhog,12435,0,0.49,0,0.5
dpctgan,Groundhog,12435,1,0.51,1,0.5
dpctgan,Groundhog,12435,0,0.49,0,0.5
dpctgan,Groundhog,12435,1,0.46,0,0.5
dpctgan,Groundhog,12435,0,0.55,1,0.5
dpctgan,Groundhog,12435,1,0.55,1,0.5
dpctgan,Groundhog,12435,0,0.51,1,0.5
dpctgan,Groundhog,12435,1,0.51,1,0.5
dpctgan,Groundhog,12435,0,0.44,0,0.5
dpctgan,Groundhog,12435,1,0.6,1,0.5
dpctgan,Groundhog,12435,0,0.51,1,0.5
dpctgan,Groundhog,12435,1,0.52,1,0.5
dpctgan,Groundhog,12435,0,0.51,1,0.5
dpctgan,Groundhog,12435,1,0.47,0,0.5
dpctgan,Groundhog,12435,0,0.56,1,0.5
dpctgan,Groundhog,12435,1,0.65,1,0.5
dpctgan,Groundhog,12435,0,0.65,1,0.5
dpctgan,Groundhog,12435,1,0.54,1,0.5
dpctgan,Groundhog,12435,0,0.58,1,0.5
dpctgan,Groundhog,12435,1,0.51,1,0.5
dpctgan,Groundhog,12435,0,0.49,0,0.5
dpctgan,Groundhog,12435,1,0.41,0,0.5
dpctgan,Groundhog,12435,0,0.42,0,0.5
dpctgan,Groundhog,12435,1,0.45,0,0.5
dpctgan,Groundhog,12435,0,0.5,0,0.5
dpctgan,Groundhog,12435,1,0.43,0,0.5
dpctgan,Groundhog,12435,0,0.48,0,0.5
dpctgan,Groundhog,12435,1,0.41,0,0.5
dpctgan,Groundhog,12435,0,0.52,1,0.5
dpctgan,Groundhog,12435,1,0.55,1,0.5
dpctgan,Groundhog,12435,0,0.52,1,0.5
dpctgan,Groundhog,12435,1,0.5,0,0.5
dpctgan,Groundhog,12435,0,0.53,1,0.5
dpctgan,Groundhog,12435,1,0.51,1,0.5
dpctgan,Groundhog,12435,0,0.54,1,0.5
dpctgan,Groundhog,12435,1,0.59,1,0.5
dpctgan,Groundhog,12435,0,0.62,1,0.5
dpctgan,Groundhog,12435,1,0.47,0,0.5
dpctgan,Groundhog,12435,0,0.52,1,0.5
dpctgan,Groundhog,12435,1,0.6,1,0.5
dpctgan,Groundhog,12435,0,0.55,1,0.5
dpctgan,Groundhog,12435,1,0.45,0,0.5
dpctgan,Groundhog,12435,0,0.37,0,0.5
dpctgan,Groundhog,12435,1,0.49,0,0.5
dpctgan,Groundhog,12435,0,0.49,0,0.5
dpctgan,Groundhog,12435,1,0.59,1,0.5
dpctgan,Groundhog,12435,0,0.47,0,0.5
dpctgan,Groundhog,12435,1,0.46,0,0.5
dpctgan,Groundhog,12435,0,0.42,0,0.5
dpctgan,Groundhog,12435,1,0.54,1,0.5
dpctgan,Groundhog,12435,0,0.59,1,0.5
dpctgan,Groundhog,12435,1,0.58,1,0.5
dpctgan,Groundhog,12435,0,0.46,0,0.5
dpctgan,Groundhog,12435,1,0.55,1,0.5
dpctgan,Groundhog,12435,0,0.55,1,0.5
dpctgan,Groundhog,12435,1,0.55,1,0.5
dpctgan,Groundhog,12435,0,0.54,1,0.5
dpctgan,Groundhog,12435,1,0.6,1,0.5
dpctgan,Groundhog,12435,0,0.5,0,0.5
dpctgan,Groundhog,12435,1,0.46,0,0.5
dpctgan,Groundhog,12435,0,0.49,0,0.5
dpctgan,Groundhog,12435,1,0.49,0,0.5
dpctgan,Groundhog,12435,0,0.52,1,0.5
dpctgan,Groundhog,12435,1,0.44,0,0.5
dpctgan,Groundhog,12435,0,0.5,0,0.5
dpctgan,Groundhog,12435,1,0.55,1,0.5
dpctgan,Groundhog,12435,0,0.43,0,0.5
dpctgan,Groundhog,12435,1,0.55,1,0.5
dpctgan,Groundhog,12435,0,0.5,0,0.5
dpctgan,Groundhog,12435,1,0.51,1,0.5
dpctgan,Groundhog,12435,0,0.49,0,0.5
dpctgan,Groundhog,12435,1,0.52,1,0.5
dpctgan,Groundhog,12435,0,0.37,0,0.5
dpctgan,Groundhog,12435,1,0.54,1,0.5
dpctgan,Groundhog,12435,0,0.49,0,0.5
dpctgan,Groundhog,12435,1,0.46,0,0.5
dpctgan,Groundhog,12435,0,0.53,1,0.5
dpctgan,Groundhog,12435,1,0.48,0,0.5
dpctgan,Groundhog,12435,0,0.55,1,0.5
dpctgan,Groundhog,12435,1,0.52,1,0.5
dpctgan,Groundhog,12435,0,0.43,0,0.5
dpctgan,Groundhog,12435,1,0.55,1,0.5
dpctgan,Groundhog,12435,0,0.52,1,0.5
dpctgan,Groundhog,12435,1,0.59,1,0.5
dpctgan,Groundhog,12435,0,0.52,1,0.5
dpctgan,Groundhog,12435,1,0.38,0,0.5
dpctgan,Groundhog,12435,0,0.67,1,0.5
dpctgan,Groundhog,12435,1,0.48,0,0.5
dpctgan,Groundhog,12435,0,0.44,0,0.5
dpctgan,Groundhog,12435,1,0.55,1,0.5
dpctgan,Groundhog,12435,0,0.44,0,0.5
dpctgan,Groundhog,12435,1,0.54,1,0.5
dpctgan,Groundhog,12435,0,0.51,1,0.5
dpctgan,Groundhog,12435,1,0.46,0,0.5
dpctgan,Groundhog,12435,0,0.49,0,0.5
dpctgan,Groundhog,12435,1,0.55,1,0.5
dpctgan,Groundhog,12435,0,0.45,0,0.5
dpctgan,Groundhog,12435,1,0.51,1,0.5
dpctgan,Groundhog,12435,0,0.44,0,0.5
dpctgan,Groundhog,12435,1,0.55,1,0.5
dpctgan,Groundhog,12435,0,0.51,1,0.5
dpctgan,Groundhog,12435,1,0.45,0,0.5
dpctgan,Groundhog,12435,0,0.42,0,0.5
dpctgan,Groundhog,12435,1,0.49,0,0.5
dpctgan,Groundhog,12435,0,0.58,1,0.5
dpctgan,Groundhog,12435,1,0.47,0,0.5
dpctgan,Groundhog,12435,0,0.57,1,0.5
dpctgan,Groundhog,12435,1,0.42,0,0.5
dpctgan,Groundhog,12435,0,0.39,0,0.5
dpctgan,Groundhog,12435,1,0.53,1,0.5
dpctgan,Groundhog,12435,0,0.5,0,0.5
dpctgan,Groundhog,12435,1,0.54,1,0.5
dpctgan,Groundhog,12435,0,0.54,1,0.5
dpctgan,Groundhog,12435,1,0.54,1,0.5
dpctgan,Groundhog,12435,0,0.46,0,0.5
dpctgan,Groundhog,12435,1,0.44,0,0.5
dpctgan,Groundhog,12435,0,0.57,1,0.5
dpctgan,Groundhog,12435,1,0.54,1,0.5
dpctgan,Groundhog,12435,0,0.47,0,0.5
dpctgan,Groundhog,12435,1,0.52,1,0.5
dpctgan,Groundhog,12435,0,0.49,0,0.5
dpctgan,Groundhog,12435,1,0.59,1,0.5
dpctgan,Groundhog,12435,0,0.39,0,0.5
dpctgan,Groundhog,12435,1,0.45,0,0.5
dpctgan,Groundhog,12435,0,0.46,0,0.5
dpctgan,Groundhog,12435,1,0.38,0,0.5
dpctgan,Groundhog,12435,0,0.59,1,0.5
dpctgan,Groundhog,12435,1,0.5,0,0.5
dpctgan,Groundhog,12435,0,0.53,1,0.5
dpctgan,Groundhog,12435,1,0.55,1,0.5
dpctgan,Groundhog,12435,0,0.47,0,0.5
dpctgan,Groundhog,12435,1,0.63,1,0.5
dpctgan,Groundhog,12435,0,0.59,1,0.5
dpctgan,Groundhog,12435,1,0.52,1,0.5
dpctgan,Groundhog,12435,0,0.49,0,0.5
dpctgan,Groundhog,12435,1,0.47,0,0.5
dpctgan,Groundhog,12435,0,0.53,1,0.5
dpctgan,Groundhog,12435,1,0.47,0,0.5
dpctgan,Groundhog,12435,0,0.59,1,0.5
dpctgan,Groundhog,12435,1,0.39,0,0.5
dpctgan,Groundhog,12435,0,0.56,1,0.5
dpctgan,Groundhog,12435,1,0.44,0,0.5
dpctgan,Groundhog,12435,0,0.5,0,0.5
dpctgan,Groundhog,12435,1,0.51,1,0.5
dpctgan,Groundhog,12435,0,0.54,1,0.5
dpctgan,Groundhog,12435,1,0.41,0,0.5
dpctgan,Groundhog,12435,0,0.45,0,0.5
dpctgan,Groundhog,12435,1,0.46,0,0.5
dpctgan,Groundhog,12435,0,0.44,0,0.5
dpctgan,Groundhog,12435,1,0.49,0,0.5
dpctgan,Groundhog,12435,0,0.48,0,0.5
dpctgan,Groundhog,12435,1,0.54,1,0.5
dpctgan,Groundhog,12435,0,0.49,0,0.5
dpctgan,Groundhog,12435,1,0.48,0,0.5
dpctgan,Groundhog,12435,0,0.5,0,0.5
dpctgan,Groundhog,12435,1,0.46,0,0.5
dpctgan,Groundhog,12435,0,0.49,0,0.5
dpctgan,Groundhog,12435,1,0.37,0,0.5
dpctgan,Groundhog,12435,0,0.42,0,0.5
dpctgan,Groundhog,12435,1,0.53,1,0.5
dpctgan,Groundhog,12435,0,0.53,1,0.5
dpctgan,Groundhog,12435,1,0.46,0,0.5
dpctgan,Groundhog,12435,0,0.49,0,0.5
dpctgan,Groundhog,12435,1,0.45,0,0.5
dpctgan,Groundhog,12435,0,0.64,1,0.5
dpctgan,Groundhog,12435,1,0.39,0,0.5
dpctgan,Groundhog,12435,0,0.46,0,0.5
dpctgan,Groundhog,12435,1,0.64,1,0.5
dpctgan,Groundhog,12435,0,0.49,0,0.5
dpctgan,Groundhog,12435,1,0.51,1,0.5
dpctgan,Groundhog,12435,0,0.41,0,0.5
dpctgan,Groundhog,12435,1,0.58,1,0.5
dpctgan,Groundhog,12435,0,0.47,0,0.5
dpctgan,Groundhog,12435,1,0.45,0,0.5
dpctgan,Groundhog,12435,0,0.49,0,0.5
dpctgan,Groundhog,12435,1,0.35,0,0.5
dpctgan,Groundhog,12435,0,0.51,1,0.5
dpctgan,Groundhog,12435,1,0.54,1,0.5
dpctgan,Groundhog,12435,0,0.47,0,0.5
dpctgan,Groundhog,12435,1,0.47,0,0.5
dpctgan,Groundhog,12435,0,0.52,1,0.5
dpctgan,Groundhog,12435,1,0.59,1,0.5
dpctgan,Groundhog,12435,0,0.51,1,0.5
dpctgan,Groundhog,12435,1,0.38,0,0.5
dpctgan,Groundhog,12435,0,0.44,0,0.5
dpctgan,Groundhog,12435,1,0.48,0,0.5
dpctgan,Groundhog,12435,0,0.52,1,0.5
dpctgan,Groundhog,12435,1,0.63,1,0.5
dpctgan,Groundhog,12435,0,0.58,1,0.5
dpctgan,Groundhog,12435,1,0.6,1,0.5
dpctgan,Groundhog,12435,0,0.46,0,0.5
dpctgan,Groundhog,12435,1,0.51,1,0.5
dpctgan,Groundhog,12435,0,0.58,1,0.5
dpctgan,Groundhog,12435,1,0.51,1,0.5
dpctgan,Groundhog,12435,0,0.53,1,0.5
dpctgan,Groundhog,12435,1,0.45,0,0.5
dpctgan,Groundhog,12435,0,0.48,0,0.5
dpctgan,Groundhog,12435,1,0.43,0,0.5
dpctgan,Groundhog,12435,0,0.47,0,0.5
dpctgan,Groundhog,12435,1,0.46,0,0.5
dpctgan,Groundhog,12435,0,0.58,1,0.5
dpctgan,Groundhog,12435,1,0.6,1,0.5
dpctgan,Groundhog,12435,0,0.55,1,0.5
dpctgan,Groundhog,12435,1,0.54,1,0.5
dpctgan,Groundhog,12435,0,0.6,1,0.5
dpctgan,Groundhog,12435,1,0.52,1,0.5
dpctgan,Groundhog,12435,0,0.43,0,0.5
dpctgan,Groundhog,12435,1,0.59,1,0.5
dpctgan,Groundhog,12435,0,0.58,1,0.5
dpctgan,Groundhog,12435,1,0.66,1,0.5
dpctgan,Groundhog,12435,0,0.52,1,0.5
dpctgan,Groundhog,12435,1,0.5,0,0.5
dpctgan,Groundhog,12435,0,0.57,1,0.5
dpctgan,Groundhog,12435,1,0.51,1,0.5
dpctgan,Groundhog,12435,0,0.5,0,0.5
dpctgan,Groundhog,12435,1,0.56,1,0.5
dpctgan,Groundhog,12435,0,0.58,1,0.5
dpctgan,Groundhog,12435,1,0.54,1,0.5
dpctgan,Groundhog,12435,0,0.55,1,0.5
dpctgan,Groundhog,12435,1,0.57,1,0.5
dpctgan,Groundhog,12435,0,0.58,1,0.5
dpctgan,Groundhog,12435,1,0.49,0,0.5
dpctgan,Groundhog,12435,0,0.45,0,0.5
dpctgan,Groundhog,12435,1,0.54,1,0.5
dpctgan,Groundhog,12435,0,0.52,1,0.5
dpctgan,Groundhog,12435,1,0.53,1,0.5
dpctgan,Groundhog,12435,0,0.52,1,0.5
dpctgan,Groundhog,12435,1,0.51,1,0.5
dpctgan,Groundhog,12435,0,0.53,1,0.5
dpctgan,Groundhog,12435,1,0.53,1,0.5
dpctgan,Groundhog,12435,0,0.63,1,0.5
dpctgan,Groundhog,12435,1,0.56,1,0.5
dpctgan,Groundhog,12435,0,0.61,1,0.5
dpctgan,Groundhog,12435,1,0.5,0,0.5
dpctgan,Groundhog,12435,0,0.42,0,0.5
dpctgan,Groundhog,12435,1,0.42,0,0.5
dpctgan,Groundhog,12435,0,0.58,1,0.5
dpctgan,Groundhog,12435,1,0.51,1,0.5
dpctgan,Groundhog,12435,0,0.52,1,0.5
dpctgan,Groundhog,12435,1,0.4,0,0.5
dpctgan,Groundhog,12435,0,0.57,1,0.5
dpctgan,Groundhog,12435,1,0.52,1,0.5
dpctgan,Groundhog,12435,0,0.41,0,0.5
dpctgan,Groundhog,12435,1,0.55,1,0.5
dpctgan,Groundhog,12435,0,0.51,1,0.5
dpctgan,Groundhog,12435,1,0.69,1,0.5
dpctgan,Groundhog,12435,0,0.46,0,0.5
dpctgan,Groundhog,12435,1,0.43,0,0.5
dpctgan,Groundhog,12435,0,0.6,1,0.5
dpctgan,Groundhog,12435,1,0.5,0,0.5
dpctgan,Groundhog,12435,0,0.44,0,0.5
dpctgan,Groundhog,12435,1,0.45,0,0.5
dpctgan,Groundhog,12435,0,0.5,0,0.5
dpctgan,Groundhog,12435,1,0.47,0,0.5
dpctgan,Groundhog,12435,0,0.44,0,0.5
dpctgan,Groundhog,12435,1,0.51,1,0.5
dpctgan,Groundhog,12435,0,0.48,0,0.5
dpctgan,Groundhog,12435,1,0.5,0,0.5
dpctgan,Groundhog,12435,0,0.48,0,0.5
dpctgan,Groundhog,12435,1,0.54,1,0.5
dpctgan,Groundhog,12435,0,0.43,0,0.5
dpctgan,Groundhog,12435,1,0.5,0,0.5
dpctgan,Groundhog,12435,0,0.48,0,0.5
dpctgan,Groundhog,12435,1,0.55,1,0.5
dpctgan,Groundhog,12435,0,0.42,0,0.5
dpctgan,Groundhog,12435,1,0.49,0,0.5
dpctgan,Groundhog,12435,0,0.57,1,0.5
dpctgan,Groundhog,12435,1,0.48,0,0.5
dpctgan,Groundhog,12435,0,0.58,1,0.5
dpctgan,Groundhog,12435,1,0.44,0,0.5
dpctgan,Groundhog,12435,0,0.45,0,0.5
dpctgan,Groundhog,12435,1,0.54,1,0.5
dpctgan,Groundhog,12435,0,0.43,0,0.5
dpctgan,Groundhog,12435,1,0.49,0,0.5
dpctgan,Groundhog,12435,0,0.51,1,0.5
dpctgan,Groundhog,12435,1,0.47,0,0.5
dpctgan,Groundhog,12435,0,0.47,0,0.5
dpctgan,Groundhog,12435,1,0.52,1,0.5
dpctgan,Groundhog,12435,0,0.38,0,0.5
dpctgan,Groundhog,12435,1,0.43,0,0.5
dpctgan,Groundhog,12435,0,0.51,1,0.5
dpctgan,Groundhog,12435,1,0.48,0,0.5
dpctgan,Groundhog,12435,0,0.49,0,0.5
dpctgan,Groundhog,12435,1,0.63,1,0.5
dpctgan,Groundhog,12435,0,0.55,1,0.5
dpctgan,Groundhog,12435,1,0.57,1,0.5
dpctgan,Groundhog,12435,0,0.4,0,0.5
dpctgan,Groundhog,12435,1,0.5,0,0.5
dpctgan,Groundhog,12435,0,0.5,0,0.5
dpctgan,Groundhog,12435,1,0.58,1,0.5
dpctgan,Groundhog,12435,0,0.51,1,0.5
dpctgan,Groundhog,12435,1,0.44,0,0.5
dpctgan,Groundhog,12435,0,0.55,1,0.5
dpctgan,Groundhog,12435,1,0.54,1,0.5
dpctgan,Groundhog,12435,0,0.46,0,0.5
dpctgan,Groundhog,12435,1,0.46,0,0.5
dpctgan,Groundhog,12435,0,0.44,0,0.5
dpctgan,Groundhog,12435,1,0.43,0,0.5
dpctgan,Groundhog,12435,0,0.44,0,0.5
dpctgan,Groundhog,12435,1,0.43,0,0.5
dpctgan,Groundhog,12435,0,0.47,0,0.5
dpctgan,Groundhog,12435,1,0.48,0,0.5
dpctgan,Groundhog,12435,0,0.52,1,0.5
dpctgan,Groundhog,12435,1,0.52,1,0.5
dpctgan,Groundhog,12435,0,0.41,0,0.5
dpctgan,Groundhog,12435,1,0.52,1,0.5
dpctgan,Groundhog,12435,0,0.48,0,0.5
dpctgan,Groundhog,12435,1,0.56,1,0.5
dpctgan,Groundhog,12435,0,0.57,1,0.5
dpctgan,Groundhog,12435,1,0.41,0,0.5
dpctgan,Groundhog,12435,0,0.54,1,0.5
dpctgan,Groundhog,12435,1,0.48,0,0.5
dpctgan,Groundhog,12435,0,0.44,0,0.5
dpctgan,Groundhog,12435,1,0.46,0,0.5
dpctgan,Groundhog,12435,0,0.53,1,0.5
dpctgan,Groundhog,12435,1,0.48,0,0.5
dpctgan,Groundhog,12435,0,0.42,0,0.5
dpctgan,Groundhog,12435,1,0.57,1,0.5
dpctgan,Groundhog,12435,0,0.55,1,0.5
dpctgan,Groundhog,12435,1,0.49,0,0.5
dpctgan,Groundhog,12435,0,0.41,0,0.5
dpctgan,Groundhog,12435,1,0.51,1,0.5
dpctgan,Groundhog,12435,0,0.42,0,0.5
dpctgan,Groundhog,12435,1,0.47,0,0.5
dpctgan,Groundhog,12435,0,0.55,1,0.5
dpctgan,Groundhog,12435,1,0.56,1,0.5
dpctgan,Groundhog,12435,0,0.54,1,0.5
dpctgan,Groundhog,12435,1,0.45,0,0.5
dpctgan,Groundhog,12435,0,0.5,0,0.5
dpctgan,Groundhog,12435,1,0.42,0,0.5
dpctgan,Groundhog,12435,0,0.5,0,0.5
dpctgan,Groundhog,12435,1,0.47,0,0.5
dpctgan,Groundhog,12435,0,0.52,1,0.5
dpctgan,Groundhog,12435,1,0.41,0,0.5
dpctgan,Groundhog,12435,0,0.52,1,0.5
dpctgan,Groundhog,12435,1,0.58,1,0.5
dpctgan,Groundhog,12435,0,0.56,1,0.5
dpctgan,Groundhog,12435,1,0.48,0,0.5
dpctgan,Groundhog,12435,0,0.31,0,0.5
dpctgan,Groundhog,12435,1,0.54,1,0.5
dpctgan,Groundhog,12435,0,0.44,0,0.5
dpctgan,Groundhog,12435,1,0.52,1,0.5
dpctgan,Groundhog,12435,0,0.56,1,0.5
dpctgan,Groundhog,12435,1,0.56,1,0.5
dpctgan,Groundhog,12435,0,0.36,0,0.5
dpctgan,Groundhog,12435,1,0.55,1,0.5
dpctgan,Groundhog,12435,0,0.57,1,0.5
dpctgan,Groundhog,12435,1,0.46,0,0.5
dpctgan,Groundhog,12435,0,0.48,0,0.5
dpctgan,Groundhog,12435,1,0.6,1,0.5
dpctgan,Groundhog,12435,0,0.41,0,0.5
dpctgan,Groundhog,12435,1,0.54,1,0.5
dpctgan,Groundhog,12435,0,0.41,0,0.5
dpctgan,Groundhog,12435,1,0.55,1,0.5
dpctgan,Groundhog,12435,0,0.47,0,0.5
dpctgan,Groundhog,12435,1,0.59,1,0.5
dpctgan,Groundhog,12435,0,0.45,0,0.5
dpctgan,Groundhog,12435,1,0.54,1,0.5
dpctgan,Groundhog,12435,0,0.47,0,0.5
dpctgan,Groundhog,12435,1,0.56,1,0.5
dpctgan,Groundhog,12435,0,0.41,0,0.5
dpctgan,Groundhog,12435,1,0.52,1,0.5
dpctgan,Groundhog,12435,0,0.48,0,0.5
dpctgan,Groundhog,12435,1,0.49,0,0.5
dpctgan,Groundhog,12435,0,0.57,1,0.5
dpctgan,Groundhog,12435,1,0.43,0,0.5
dpctgan,Groundhog,12435,0,0.53,1,0.5
dpctgan,Groundhog,12435,1,0.51,1,0.5
dpctgan,Groundhog,12435,0,0.51,1,0.5
dpctgan,Groundhog,12435,1,0.6,1,0.5
dpctgan,Groundhog,12435,0,0.39,0,0.5
dpctgan,Groundhog,12435,1,0.44,0,0.5
dpctgan,Groundhog,12435,0,0.45,0,0.5
dpctgan,Groundhog,12435,1,0.47,0,0.5
dpctgan,Groundhog,12435,0,0.47,0,0.5
dpctgan,Groundhog,12435,1,0.55,1,0.5
dpctgan,Groundhog,12435,0,0.45,0,0.5
dpctgan,Groundhog,12435,1,0.51,1,0.5
dpctgan,Groundhog,12435,0,0.55,1,0.5
dpctgan,Groundhog,12435,1,0.54,1,0.5
dpctgan,Groundhog,12435,0,0.35,0,0.5
dpctgan,Groundhog,12435,1,0.48,0,0.5
dpctgan,Groundhog,12435,0,0.55,1,0.5
dpctgan,Groundhog,12435,1,0.55,1,0.5
dpctgan,Groundhog,12435,0,0.64,1,0.5
dpctgan,Groundhog,12435,1,0.55,1,0.5
dpctgan,Groundhog,12435,0,0.48,0,0.5
dpctgan,Groundhog,12435,1,0.39,0,0.5
dpctgan,Groundhog,12435,0,0.49,0,0.5
dpctgan,Groundhog,12435,1,0.45,0,0.5
dpctgan,Groundhog,12435,0,0.53,1,0.5
dpctgan,Groundhog,12435,1,0.42,0,0.5
dpctgan,Groundhog,12435,0,0.48,0,0.5
dpctgan,Groundhog,12435,1,0.5,0,0.5
dpctgan,Groundhog,12435,0,0.43,0,0.5
dpctgan,Groundhog,12435,1,0.39,0,0.5
dpctgan,Groundhog,12435,0,0.5,0,0.5
dpctgan,Groundhog,12435,1,0.45,0,0.5
dpctgan,Groundhog,12435,0,0.49,0,0.5
dpctgan,Groundhog,12435,1,0.57,1,0.5
dpctgan,Groundhog,12435,0,0.56,1,0.5
dpctgan,Groundhog,12435,1,0.59,1,0.5
dpctgan,Groundhog,12435,0,0.5,0,0.5
dpctgan,Groundhog,12435,1,0.37,0,0.5
dpctgan,Groundhog,12435,0,0.47,0,0.5
dpctgan,Groundhog,12435,1,0.39,0,0.5
dpctgan,Groundhog,12435,0,0.49,0,0.5
dpctgan,Groundhog,12435,1,0.46,0,0.5
dpctgan,Groundhog,12435,0,0.5,0,0.5
dpctgan,Groundhog,12435,1,0.61,1,0.5
dpctgan,Groundhog,12435,0,0.45,0,0.5
dpctgan,Groundhog,12435,1,0.47,0,0.5
dpctgan,Groundhog,12435,0,0.51,1,0.5
dpctgan,Groundhog,12435,1,0.42,0,0.5
dpctgan,Groundhog,12435,0,0.5,0,0.5
dpctgan,Groundhog,12435,1,0.47,0,0.5
dpctgan,Groundhog,12435,0,0.46,0,0.5
dpctgan,Groundhog,12435,1,0.57,1,0.5
dpctgan,Groundhog,12435,0,0.62,1,0.5
dpctgan,Groundhog,12435,1,0.58,1,0.5
dpctgan,Groundhog,12435,0,0.45,0,0.5
dpctgan,Groundhog,12435,1,0.47,0,0.5
dpctgan,Groundhog,12435,0,0.58,1,0.5
dpctgan,Groundhog,12435,1,0.4,0,0.5
dpctgan,Groundhog,12435,0,0.57,1,0.5
dpctgan,Groundhog,12435,1,0.53,1,0.5
dpctgan,Groundhog,12435,0,0.46,0,0.5
dpctgan,Groundhog,12435,1,0.55,1,0.5
dpctgan,Groundhog,12435,0,0.51,1,0.5
dpctgan,Groundhog,12435,1,0.59,1,0.5
dpctgan,Groundhog,12435,0,0.5,0,0.5
dpctgan,Groundhog,12435,1,0.61,1,0.5
dpctgan,Groundhog,12435,0,0.43,0,0.5
dpctgan,Groundhog,12435,1,0.57,1,0.5
dpctgan,Groundhog,12435,0,0.54,1,0.5
dpctgan,Groundhog,12435,1,0.63,1,0.5
dpctgan,Groundhog,12435,0,0.52,1,0.5
dpctgan,Groundhog,12435,1,0.51,1,0.5
dpctgan,Groundhog,12435,0,0.43,0,0.5
dpctgan,Groundhog,12435,1,0.47,0,0.5
dpctgan,Groundhog,12435,0,0.51,1,0.5
dpctgan,Groundhog,12435,1,0.56,1,0.5
dpctgan,Groundhog,12435,0,0.47,0,0.5
dpctgan,Groundhog,12435,1,0.54,1,0.5
dpctgan,Groundhog,12435,0,0.56,1,0.5
dpctgan,Groundhog,12435,1,0.45,0,0.5
dpctgan,Groundhog,12435,0,0.53,1,0.5
dpctgan,Groundhog,12435,1,0.5,0,0.5
dpctgan,Groundhog,12435,0,0.5,0,0.5
dpctgan,Groundhog,12435,1,0.51,1,0.5
dpctgan,Groundhog,12435,0,0.58,1,0.5
dpctgan,Groundhog,12435,1,0.4,0,0.5
dpctgan,Groundhog,12435,0,0.55,1,0.5
dpctgan,Groundhog,12435,1,0.55,1,0.5
dpctgan,Groundhog,12435,0,0.56,1,0.5
dpctgan,Groundhog,12435,1,0.51,1,0.5
dpctgan,Groundhog,12435,0,0.53,1,0.5
dpctgan,Groundhog,12435,1,0.54,1,0.5
dpctgan,Groundhog,12435,0,0.53,1,0.5
dpctgan,Groundhog,12435,1,0.48,0,0.5
dpctgan,Groundhog,12435,0,0.46,0,0.5
dpctgan,Groundhog,12435,1,0.52,1,0.5
dpctgan,Groundhog,12435,0,0.51,1,0.5
dpctgan,Groundhog,12435,1,0.54,1,0.5
dpctgan,Groundhog,12435,0,0.5,0,0.5
dpctgan,Groundhog,12435,1,0.45,0,0.5
dpctgan,Groundhog,12435,0,0.53,1,0.5
dpctgan,Groundhog,12435,1,0.54,1,0.5
dpctgan,Groundhog,12435,0,0.52,1,0.5
dpctgan,Groundhog,12435,1,0.53,1,0.5
dpctgan,Groundhog,12435,0,0.46,0,0.5
dpctgan,Groundhog,12435,1,0.5,0,0.5
dpctgan,Groundhog,12435,0,0.54,1,0.5
dpctgan,Groundhog,12435,1,0.35,0,0.5
dpctgan,Groundhog,12435,0,0.63,1,0.5
dpctgan,Groundhog,12435,1,0.5,0,0.5
dpctgan,Groundhog,12435,0,0.56,1,0.5
dpctgan,Groundhog,12435,1,0.47,0,0.5
dpctgan,Groundhog,12435,0,0.59,1,0.5
dpctgan,Groundhog,12435,1,0.56,1,0.5
dpctgan,Groundhog,12435,0,0.63,1,0.5
dpctgan,Groundhog,12435,1,0.47,0,0.5
dpctgan,Groundhog,12435,0,0.52,1,0.5
dpctgan,Groundhog,12435,1,0.45,0,0.5
dpctgan,Groundhog,12435,0,0.6,1,0.5
dpctgan,Groundhog,12435,1,0.36,0,0.5
dpctgan,Groundhog,12435,0,0.48,0,0.5
dpctgan,Groundhog,12435,1,0.55,1,0.5
dpctgan,Groundhog,12435,0,0.55,1,0.5
dpctgan,Groundhog,12435,1,0.63,1,0.5
dpctgan,Groundhog,12435,0,0.48,0,0.5
dpctgan,Groundhog,12435,1,0.43,0,0.5
dpctgan,Groundhog,12435,0,0.51,1,0.5
dpctgan,Groundhog,12435,1,0.46,0,0.5
dpctgan,Groundhog,12435,0,0.54,1,0.5
dpctgan,Groundhog,12435,1,0.56,1,0.5
dpctgan,Groundhog,12435,0,0.43,0,0.5
dpctgan,Groundhog,12435,1,0.46,0,0.5
dpctgan,Groundhog,12435,0,0.52,1,0.5
dpctgan,Groundhog,12435,1,0.57,1,0.5
dpctgan,Groundhog,12435,0,0.43,0,0.5
dpctgan,Groundhog,12435,1,0.57,1,0.5
dpctgan,Groundhog,12435,0,0.61,1,0.5
dpctgan,Groundhog,12435,1,0.49,0,0.5
dpctgan,Groundhog,12435,0,0.48,0,0.5
dpctgan,Groundhog,12435,1,0.45,0,0.5
dpctgan,Groundhog,12435,0,0.51,1,0.5
dpctgan,Groundhog,12435,1,0.59,1,0.5
dpctgan,Groundhog,12435,0,0.55,1,0.5
dpctgan,Groundhog,12435,1,0.54,1,0.5
dpctgan,Groundhog,12435,0,0.59,1,0.5
dpctgan,Groundhog,12435,1,0.53,1,0.5
dpctgan,Groundhog,12435,0,0.51,1,0.5
dpctgan,Groundhog,12435,1,0.48,0,0.5
dpctgan,Groundhog,12435,0,0.52,1,0.5
dpctgan,Groundhog,12435,1,0.53,1,0.5
dpctgan,Groundhog,12435,0,0.43,0,0.5
dpctgan,Groundhog,12435,1,0.49,0,0.5
dpctgan,Groundhog,12435,0,0.41,0,0.5
dpctgan,Groundhog,12435,1,0.68,1,0.5
dpctgan,Groundhog,12435,0,0.48,0,0.5
dpctgan,Groundhog,12435,1,0.53,1,0.5
dpctgan,Groundhog,12435,0,0.54,1,0.5
dpctgan,Groundhog,12435,1,0.48,0,0.5
dpctgan,Groundhog,12435,0,0.53,1,0.5
dpctgan,Groundhog,12435,1,0.53,1,0.5
dpctgan,Groundhog,12435,0,0.48,0,0.5
dpctgan,Groundhog,12435,1,0.44,0,0.5
dpctgan,Groundhog,12435,0,0.52,1,0.5
dpctgan,Groundhog,12435,1,0.52,1,0.5
dpctgan,Groundhog,12435,0,0.48,0,0.5
dpctgan,Groundhog,12435,1,0.54,1,0.5
dpctgan,Groundhog,12435,0,0.45,0,0.5
dpctgan,Groundhog,12435,1,0.5,0,0.5
dpctgan,Groundhog,12435,0,0.49,0,0.5
dpctgan,Groundhog,12435,1,0.45,0,0.5
dpctgan,Groundhog,12435,0,0.64,1,0.5
dpctgan,Groundhog,12435,1,0.41,0,0.5
dpctgan,Groundhog,12435,0,0.53,1,0.5
dpctgan,Groundhog,12435,1,0.47,0,0.5
dpctgan,Groundhog,12435,0,0.42,0,0.5
dpctgan,Groundhog,12435,1,0.52,1,0.5
dpctgan,Groundhog,12435,0,0.67,1,0.5
dpctgan,Groundhog,12435,1,0.48,0,0.5
dpctgan,Groundhog,12435,0,0.49,0,0.5
dpctgan,Groundhog,12435,1,0.55,1,0.5
dpctgan,Groundhog,12435,0,0.51,1,0.5
dpctgan,Groundhog,12435,1,0.56,1,0.5
dpctgan,Groundhog,12435,0,0.58,1,0.5
dpctgan,Groundhog,12435,1,0.52,1,0.5
dpctgan,Groundhog,12435,0,0.49,0,0.5
dpctgan,Groundhog,12435,1,0.44,0,0.5
dpctgan,Groundhog,12435,0,0.46,0,0.5
dpctgan,Groundhog,12435,1,0.54,1,0.5
dpctgan,Groundhog,12435,0,0.37,0,0.5
dpctgan,Groundhog,12435,1,0.53,1,0.5
dpctgan,Groundhog,12435,0,0.48,0,0.5
dpctgan,Groundhog,12435,1,0.51,1,0.5
dpctgan,Groundhog,12435,0,0.49,0,0.5
dpctgan,Groundhog,12435,1,0.56,1,0.5
dpctgan,Groundhog,12435,0,0.57,1,0.5
dpctgan,Groundhog,12435,1,0.47,0,0.5
dpctgan,Groundhog,12435,0,0.45,0,0.5
dpctgan,Groundhog,12435,1,0.5,0,0.5
dpctgan,Groundhog,12435,0,0.44,0,0.5
dpctgan,Groundhog,12435,1,0.41,0,0.5
dpctgan,Groundhog,12435,0,0.53,1,0.5
dpctgan,Groundhog,12435,1,0.59,1,0.5
dpctgan,Groundhog,12435,0,0.54,1,0.5
dpctgan,Groundhog,12435,1,0.67,1,0.5
dpctgan,Groundhog,12435,0,0.61,1,0.5
dpctgan,Groundhog,12435,1,0.54,1,0.5
dpctgan,Groundhog,12435,0,0.49,0,0.5
dpctgan,Groundhog,12435,1,0.61,1,0.5
dpctgan,Groundhog,12435,0,0.57,1,0.5
dpctgan,Groundhog,12435,1,0.54,1,0.5
dpctgan,Groundhog,12435,0,0.4,0,0.5
dpctgan,Groundhog,12435,1,0.48,0,0.5
dpctgan,Groundhog,12435,0,0.49,0,0.5
dpctgan,Groundhog,12435,1,0.57,1,0.5
dpctgan,Groundhog,12435,0,0.46,0,0.5
dpctgan,Groundhog,12435,1,0.45,0,0.5
dpctgan,Groundhog,12435,0,0.46,0,0.5
dpctgan,Groundhog,12435,1,0.58,1,0.5
dpctgan,Groundhog,12435,0,0.4,0,0.5
dpctgan,Groundhog,12435,1,0.46,0,0.5
dpctgan,Groundhog,12435,0,0.5,0,0.5
dpctgan,Groundhog,12435,1,0.5,0,0.5
dpctgan,Groundhog,12435,0,0.71,1,0.5
dpctgan,Groundhog,12435,1,0.51,1,0.5
dpctgan,Groundhog,12435,0,0.5,0,0.5
dpctgan,Groundhog,12435,1,0.44,0,0.5
dpctgan,Groundhog,12435,0,0.49,0,0.5
dpctgan,Groundhog,12435,1,0.55,1,0.5
dpctgan,Groundhog,12435,0,0.44,0,0.5
dpctgan,Groundhog,12435,1,0.45,0,0.5
dpctgan,Groundhog,12435,0,0.44,0,0.5
dpctgan,Groundhog,12435,1,0.49,0,0.5
dpctgan,Groundhog,12435,0,0.47,0,0.5
dpctgan,Groundhog,12435,1,0.43,0,0.5
dpctgan,Groundhog,12435,0,0.38,0,0.5
dpctgan,Groundhog,12435,1,0.47,0,0.5
dpctgan,Groundhog,12435,0,0.54,1,0.5
dpctgan,Groundhog,12435,1,0.48,0,0.5
dpctgan,Groundhog,12435,0,0.49,0,0.5
dpctgan,Groundhog,12435,1,0.46,0,0.5
dpctgan,Groundhog,12435,0,0.48,0,0.5
dpctgan,Groundhog,12435,1,0.56,1,0.5
dpctgan,Groundhog,12435,0,0.6,1,0.5
dpctgan,Groundhog,12435,1,0.5,0,0.5
dpctgan,Groundhog,12435,0,0.56,1,0.5
dpctgan,Groundhog,12435,1,0.54,1,0.5
dpctgan,Groundhog,12435,0,0.53,1,0.5
dpctgan,Groundhog,12435,1,0.53,1,0.5
dpctgan,Groundhog,12435,0,0.57,1,0.5
dpctgan,Groundhog,12435,1,0.5,0,0.5
dpctgan,Groundhog,12435,0,0.58,1,0.5
dpctgan,Groundhog,12435,1,0.59,1,0.5
dpctgan,Groundhog,12435,0,0.49,0,0.5
dpctgan,Groundhog,12435,1,0.64,1,0.5
dpctgan,Groundhog,12435,0,0.51,1,0.5
dpctgan,Groundhog,12435,1,0.49,0,0.5
dpctgan,Groundhog,12435,0,0.62,1,0.5
dpctgan,Groundhog,12435,1,0.46,0,0.5
dpctgan,Groundhog,12435,0,0.43,0,0.5
dpctgan,Groundhog,12435,1,0.43,0,0.5
dpctgan,Groundhog,12435,0,0.32,0,0.5
dpctgan,Groundhog,12435,1,0.51,1,0.5
dpctgan,Groundhog,12435,0,0.38,0,0.5
dpctgan,Groundhog,12435,1,0.51,1,0.5
dpctgan,Groundhog,12435,0,0.46,0,0.5
dpctgan,Groundhog,12435,1,0.43,0,0.5
dpctgan,Groundhog,12435,0,0.52,1,0.5
dpctgan,Groundhog,12435,1,0.58,1,0.5
dpctgan,Groundhog,12435,0,0.4,0,0.5
dpctgan,Groundhog,12435,1,0.38,0,0.5
dpctgan,Groundhog,12435,0,0.53,1,0.5
dpctgan,Groundhog,12435,1,0.51,1,0.5
dpctgan,Groundhog,12435,0,0.55,1,0.5
dpctgan,ShadowModelling(RandomQueries),12435,1,0.36,0,0.5
dpctgan,ShadowModelling(RandomQueries),12435,0,0.52,1,0.5
dpctgan,ShadowModelling(RandomQueries),12435,1,0.45,0,0.5
dpctgan,ShadowModelling(RandomQueries),12435,0,0.68,1,0.5
dpctgan,ShadowModelling(RandomQueries),12435,1,0.48,0,0.5
dpctgan,ShadowModelling(RandomQueries),12435,0,0.5,0,0.5
dpctgan,ShadowModelling(RandomQueries),12435,1,0.53,1,0.5
dpctgan,ShadowModelling(RandomQueries),12435,0,0.48,0,0.5
dpctgan,ShadowModelling(RandomQueries),12435,1,0.37,0,0.5
dpctgan,ShadowModelling(RandomQueries),12435,0,0.35,0,0.5
dpctgan,ShadowModelling(RandomQueries),12435,1,0.69,1,0.5
dpctgan,ShadowModelling(RandomQueries),12435,0,0.35,0,0.5
dpctgan,ShadowModelling(RandomQueries),12435,1,0.37,0,0.5
dpctgan,ShadowModelling(RandomQueries),12435,0,0.39,0,0.5
dpctgan,ShadowModelling(RandomQueries),12435,1,0.36,0,0.5
dpctgan,ShadowModelling(RandomQueries),12435,0,0.58,1,0.5
dpctgan,ShadowModelling(RandomQueries),12435,1,0.43,0,0.5
dpctgan,ShadowModelling(RandomQueries),12435,0,0.4,0,0.5
dpctgan,ShadowModelling(RandomQueries),12435,1,0.23,0,0.5
dpctgan,ShadowModelling(RandomQueries),12435,0,0.66,1,0.5
dpctgan,ShadowModelling(RandomQueries),12435,1,0.59,1,0.5
dpctgan,ShadowModelling(RandomQueries),12435,0,0.3,0,0.5
dpctgan,ShadowModelling(RandomQueries),12435,1,0.36,0,0.5
dpctgan,ShadowModelling(RandomQueries),12435,0,0.34,0,0.5
dpctgan,ShadowModelling(RandomQueries),12435,1,0.54,1,0.5
dpctgan,ShadowModelling(RandomQueries),12435,0,0.51,1,0.5
dpctgan,ShadowModelling(RandomQueries),12435,1,0.48,0,0.5
dpctgan,ShadowModelling(RandomQueries),12435,0,0.45,0,0.5
dpctgan,ShadowModelling(RandomQueries),12435,1,0.56,1,0.5
dpctgan,ShadowModelling(RandomQueries),12435,0,0.61,1,0.5
dpctgan,ShadowModelling(RandomQueries),12435,1,0.5,0,0.5
dpctgan,ShadowModelling(RandomQueries),12435,0,0.42,0,0.5
dpctgan,ShadowModelling(RandomQueries),12435,1,0.52,1,0.5
dpctgan,ShadowModelling(RandomQueries),12435,0,0.57,1,0.5
dpctgan,ShadowModelling(RandomQueries),12435,1,0.35,0,0.5
dpctgan,ShadowModelling(RandomQueries),12435,0,0.69,1,0.5
dpctgan,ShadowModelling(RandomQueries),12435,1,0.2,0,0.5
dpctgan,ShadowModelling(RandomQueries),12435,0,0.37,0,0.5
dpctgan,ShadowModelling(RandomQueries),12435,1,0.56,1,0.5
dpctgan,ShadowModelling(RandomQueries),12435,0,0.39,0,0.5
dpctgan,ShadowModelling(RandomQueries),12435,1,0.7,1,0.5
dpctgan,ShadowModelling(RandomQueries),12435,0,0.32,0,0.5
dpctgan,ShadowModelling(RandomQueries),12435,1,0.37,0,0.5
dpctgan,ShadowModelling(RandomQueries),12435,0,0.71,1,0.5
dpctgan,ShadowModelling(RandomQueries),12435,1,0.52,1,0.5
dpctgan,ShadowModelling(RandomQueries),12435,0,0.43,0,0.5
dpctgan,ShadowModelling(RandomQueries),12435,1,0.51,1,0.5
dpctgan,ShadowModelling(RandomQueries),12435,0,0.52,1,0.5
dpctgan,ShadowModelling(RandomQueries),12435,1,0.66,1,0.5
dpctgan,ShadowModelling(RandomQueries),12435,0,0.41,0,0.5
dpctgan,ShadowModelling(RandomQueries),12435,1,0.61,1,0.5
dpctgan,ShadowModelling(RandomQueries),12435,0,0.54,1,0.5
dpctgan,ShadowModelling(RandomQueries),12435,1,0.51,1,0.5
dpctgan,ShadowModelling(RandomQueries),12435,0,0.6,1,0.5
dpctgan,ShadowModelling(RandomQueries),12435,1,0.41,0,0.5
dpctgan,ShadowModelling(RandomQueries),12435,0,0.61,1,0.5
dpctgan,ShadowModelling(RandomQueries),12435,1,0.45,0,0.5
dpctgan,ShadowModelling(RandomQueries),12435,0,0.58,1,0.5
dpctgan,ShadowModelling(RandomQueries),12435,1,0.33,0,0.5
dpctgan,ShadowModelling(RandomQueries),12435,0,0.72,1,0.5
dpctgan,ShadowModelling(RandomQueries),12435,1,0.59,1,0.5
dpctgan,ShadowModelling(RandomQueries),12435,0,0.53,1,0.5
dpctgan,ShadowModelling(RandomQueries),12435,1,0.53,1,0.5
dpctgan,ShadowModelling(RandomQueries),12435,0,0.7,1,0.5
dpctgan,ShadowModelling(RandomQueries),12435,1,0.55,1,0.5
dpctgan,ShadowModelling(RandomQueries),12435,0,0.43,0,0.5
dpctgan,ShadowModelling(RandomQueries),12435,1,0.47,0,0.5
dpctgan,ShadowModelling(RandomQueries),12435,0,0.59,1,0.5
dpctgan,ShadowModelling(RandomQueries),12435,1,0.34,0,0.5
dpctgan,ShadowModelling(RandomQueries),12435,0,0.66,1,0.5
dpctgan,ShadowModelling(RandomQueries),12435,1,0.52,1,0.5
dpctgan,ShadowModelling(RandomQueries),12435,0,0.26,0,0.5
dpctgan,ShadowModelling(RandomQueries),12435,1,0.29,0,0.5
dpctgan,ShadowModelling(RandomQueries),12435,0,0.63,1,0.5
dpctgan,ShadowModelling(RandomQueries),12435,1,0.37,0,0.5
dpctgan,ShadowModelling(RandomQueries),12435,0,0.25,0,0.5
dpctgan,ShadowModelling(RandomQueries),12435,1,0.47,0,0.5
dpctgan,ShadowModelling(RandomQueries),12435,0,0.48,0,0.5
dpctgan,ShadowModelling(RandomQueries),12435,1,0.67,1,0.5
dpctgan,ShadowModelling(RandomQueries),12435,0,0.46,0,0.5
dpctgan,ShadowModelling(RandomQueries),12435,1,0.55,1,0.5
dpctgan,ShadowModelling(RandomQueries),12435,0,0.46,0,0.5
dpctgan,ShadowModelling(RandomQueries),12435,1,0.34,0,0.5
dpctgan,ShadowModelling(RandomQueries),12435,0,0.55,1,0.5
dpctgan,ShadowModelling(RandomQueries),12435,1,0.55,1,0.5
dpctgan,ShadowModelling(RandomQueries),12435,0,0.36,0,0.5
dpctgan,ShadowModelling(RandomQueries),12435,1,0.62,1,0.5
dpctgan,ShadowModelling(RandomQueries),12435,0,0.41,0,0.5
dpctgan,ShadowModelling(RandomQueries),12435,1,0.51,1,0.5
dpctgan,ShadowModelling(RandomQueries),12435,0,0.59,1,0.5
dpctgan,ShadowModelling(RandomQueries),12435,1,0.33,0,0.5
dpctgan,ShadowModelling(RandomQueries),12435,0,0.57,1,0.5
dpctgan,ShadowModelling(RandomQueries),12435,1,0.74,1,0.5
dpctgan,ShadowModelling(RandomQueries),12435,0,0.4,0,0.5
dpctgan,ShadowModelling(RandomQueries),12435,1,0.58,1,0.5
dpctgan,ShadowModelling(RandomQueries),12435,0,0.51,1,0.5
dpctgan,ShadowModelling(RandomQueries),12435,1,0.68,1,0.5
dpctgan,ShadowModelling(RandomQueries),12435,0,0.57,1,0.5
dpctgan,ShadowModelling(RandomQueries),12435,1,0.41,0,0.5
dpctgan,ShadowModelling(RandomQueries),12435,0,0.69,1,0.5
dpctgan,ShadowModelling(RandomQueries),12435,1,0.24,0,0.5
dpctgan,ShadowModelling(RandomQueries),12435,0,0.39,0,0.5
dpctgan,ShadowModelling(RandomQueries),12435,1,0.38,0,0.5
dpctgan,ShadowModelling(RandomQueries),12435,0,0.35,0,0.5
dpctgan,ShadowModelling(RandomQueries),12435,1,0.57,1,0.5
dpctgan,ShadowModelling(RandomQueries),12435,0,0.3,0,0.5
dpctgan,ShadowModelling(RandomQueries),12435,1,0.54,1,0.5
dpctgan,ShadowModelling(RandomQueries),12435,0,0.64,1,0.5
dpctgan,ShadowModelling(RandomQueries),12435,1,0.49,0,0.5
dpctgan,ShadowModelling(RandomQueries),12435,0,0.51,1,0.5
dpctgan,ShadowModelling(RandomQueries),12435,1,0.31,0,0.5
dpctgan,ShadowModelling(RandomQueries),12435,0,0.41,0,0.5
dpctgan,ShadowModelling(RandomQueries),12435,1,0.33,0,0.5
dpctgan,ShadowModelling(RandomQueries),12435,0,0.38,0,0.5
dpctgan,ShadowModelling(RandomQueries),12435,1,0.45,0,0.5
dpctgan,ShadowModelling(RandomQueries),12435,0,0.72,1,0.5
dpctgan,ShadowModelling(RandomQueries),12435,1,0.56,1,0.5
dpctgan,ShadowModelling(RandomQueries),12435,0,0.65,1,0.5
dpctgan,ShadowModelling(RandomQueries),12435,1,0.27,0,0.5
dpctgan,ShadowModelling(RandomQueries),12435,0,0.25,0,0.5
dpctgan,ShadowModelling(RandomQueries),12435,1,0.52,1,0.5
dpctgan,ShadowModelling(RandomQueries),12435,0,0.3,0,0.5
dpctgan,ShadowModelling(RandomQueries),12435,1,0.36,0,0.5
dpctgan,ShadowModelling(RandomQueries),12435,0,0.36,0,0.5
dpctgan,ShadowModelling(RandomQueries),12435,1,0.5,0,0.5
dpctgan,ShadowModelling(RandomQueries),12435,0,0.59,1,0.5
dpctgan,ShadowModelling(RandomQueries),12435,1,0.41,0,0.5
dpctgan,ShadowModelling(RandomQueries),12435,0,0.29,0,0.5
dpctgan,ShadowModelling(RandomQueries),12435,1,0.39,0,0.5
dpctgan,ShadowModelling(RandomQueries),12435,0,0.35,0,0.5
dpctgan,ShadowModelling(RandomQueries),12435,1,0.36,0,0.5
dpctgan,ShadowModelling(RandomQueries),12435,0,0.53,1,0.5
dpctgan,ShadowModelling(RandomQueries),12435,1,0.43,0,0.5
dpctgan,ShadowModelling(RandomQueries),12435,0,0.66,1,0.5
dpctgan,ShadowModelling(RandomQueries),12435,1,0.58,1,0.5
dpctgan,ShadowModelling(RandomQueries),12435,0,0.43,0,0.5
dpctgan,ShadowModelling(RandomQueries),12435,1,0.35,0,0.5
dpctgan,ShadowModelling(RandomQueries),12435,0,0.57,1,0.5
dpctgan,ShadowModelling(RandomQueries),12435,1,0.45,0,0.5
dpctgan,ShadowModelling(RandomQueries),12435,0,0.36,0,0.5
dpctgan,ShadowModelling(RandomQueries),12435,1,0.55,1,0.5
dpctgan,ShadowModelling(RandomQueries),12435,0,0.67,1,0.5
dpctgan,ShadowModelling(RandomQueries),12435,1,0.47,0,0.5
dpctgan,ShadowModelling(RandomQueries),12435,0,0.36,0,0.5
dpctgan,ShadowModelling(RandomQueries),12435,1,0.48,0,0.5
dpctgan,ShadowModelling(RandomQueries),12435,0,0.37,0,0.5
dpctgan,ShadowModelling(RandomQueries),12435,1,0.31,0,0.5
dpctgan,ShadowModelling(RandomQueries),12435,0,0.39,0,0.5
dpctgan,ShadowModelling(RandomQueries),12435,1,0.51,1,0.5
dpctgan,ShadowModelling(RandomQueries),12435,0,0.7,1,0.5
dpctgan,ShadowModelling(RandomQueries),12435,1,0.58,1,0.5
dpctgan,ShadowModelling(RandomQueries),12435,0,0.48,0,0.5
dpctgan,ShadowModelling(RandomQueries),12435,1,0.37,0,0.5
dpctgan,ShadowModelling(RandomQueries),12435,0,0.32,0,0.5
dpctgan,ShadowModelling(RandomQueries),12435,1,0.49,0,0.5
dpctgan,ShadowModelling(RandomQueries),12435,0,0.59,1,0.5
dpctgan,ShadowModelling(RandomQueries),12435,1,0.68,1,0.5
dpctgan,ShadowModelling(RandomQueries),12435,0,0.48,0,0.5
dpctgan,ShadowModelling(RandomQueries),12435,1,0.35,0,0.5
dpctgan,ShadowModelling(RandomQueries),12435,0,0.48,0,0.5
dpctgan,ShadowModelling(RandomQueries),12435,1,0.54,1,0.5
dpctgan,ShadowModelling(RandomQueries),12435,0,0.48,0,0.5
dpctgan,ShadowModelling(RandomQueries),12435,1,0.49,0,0.5
dpctgan,ShadowModelling(RandomQueries),12435,0,0.43,0,0.5
dpctgan,ShadowModelling(RandomQueries),12435,1,0.57,1,0.5
dpctgan,ShadowModelling(RandomQueries),12435,0,0.58,1,0.5
dpctgan,ShadowModelling(RandomQueries),12435,1,0.5,0,0.5
dpctgan,ShadowModelling(RandomQueries),12435,0,0.55,1,0.5
dpctgan,ShadowModelling(RandomQueries),12435,1,0.68,1,0.5
dpctgan,ShadowModelling(RandomQueries),12435,0,0.47,0,0.5
dpctgan,ShadowModelling(RandomQueries),12435,1,0.27,0,0.5
dpctgan,ShadowModelling(RandomQueries),12435,0,0.44,0,0.5
dpctgan,ShadowModelling(RandomQueries),12435,1,0.3,0,0.5
dpctgan,ShadowModelling(RandomQueries),12435,0,0.63,1,0.5
dpctgan,ShadowModelling(RandomQueries),12435,1,0.51,1,0.5
dpctgan,ShadowModelling(RandomQueries),12435,0,0.29,0,0.5
dpctgan,ShadowModelling(RandomQueries),12435,1,0.68,1,0.5
dpctgan,ShadowModelling(RandomQueries),12435,0,0.52,1,0.5
dpctgan,ShadowModelling(RandomQueries),12435,1,0.62,1,0.5
dpctgan,ShadowModelling(RandomQueries),12435,0,0.41,0,0.5
dpctgan,ShadowModelling(RandomQueries),12435,1,0.45,0,0.5
dpctgan,ShadowModelling(RandomQueries),12435,0,0.3,0,0.5
dpctgan,ShadowModelling(RandomQueries),12435,1,0.49,0,0.5
dpctgan,ShadowModelling(RandomQueries),12435,0,0.42,0,0.5
dpctgan,ShadowModelling(RandomQueries),12435,1,0.46,0,0.5
dpctgan,ShadowModelling(RandomQueries),12435,0,0.51,1,0.5
dpctgan,ShadowModelling(RandomQueries),12435,1,0.56,1,0.5
dpctgan,ShadowModelling(RandomQueries),12435,0,0.45,0,0.5
dpctgan,ShadowModelling(RandomQueries),12435,1,0.51,1,0.5
dpctgan,ShadowModelling(RandomQueries),12435,0,0.43,0,0.5
dpctgan,ShadowModelling(RandomQueries),12435,1,0.27,0,0.5
dpctgan,ShadowModelling(RandomQueries),12435,0,0.46,0,0.5
dpctgan,ShadowModelling(RandomQueries),12435,1,0.54,1,0.5
dpctgan,ShadowModelling(RandomQueries),12435,0,0.62,1,0.5
dpctgan,ShadowModelling(RandomQueries),12435,1,0.26,0,0.5
dpctgan,ShadowModelling(RandomQueries),12435,0,0.49,0,0.5
dpctgan,ShadowModelling(RandomQueries),12435,1,0.34,0,0.5
dpctgan,ShadowModelling(RandomQueries),12435,0,0.65,1,0.5
dpctgan,ShadowModelling(RandomQueries),12435,1,0.5,0,0.5
dpctgan,ShadowModelling(RandomQueries),12435,0,0.25,0,0.5
dpctgan,ShadowModelling(RandomQueries),12435,1,0.57,1,0.5
dpctgan,ShadowModelling(RandomQueries),12435,0,0.37,0,0.5
dpctgan,ShadowModelling(RandomQueries),12435,1,0.43,0,0.5
dpctgan,ShadowModelling(RandomQueries),12435,0,0.69,1,0.5
dpctgan,ShadowModelling(RandomQueries),12435,1,0.66,1,0.5
dpctgan,ShadowModelling(RandomQueries),12435,0,0.54,1,0.5
dpctgan,ShadowModelling(RandomQueries),12435,1,0.56,1,0.5
dpctgan,ShadowModelling(RandomQueries),12435,0,0.58,1,0.5
dpctgan,ShadowModelling(RandomQueries),12435,1,0.35,0,0.5
dpctgan,ShadowModelling(RandomQueries),12435,0,0.49,0,0.5
dpctgan,ShadowModelling(RandomQueries),12435,1,0.67,1,0.5
dpctgan,ShadowModelling(RandomQueries),12435,0,0.3,0,0.5
dpctgan,ShadowModelling(RandomQueries),12435,1,0.51,1,0.5
dpctgan,ShadowModelling(RandomQueries),12435,0,0.51,1,0.5
dpctgan,ShadowModelling(RandomQueries),12435,1,0.66,1,0.5
dpctgan,ShadowModelling(RandomQueries),12435,0,0.47,0,0.5
dpctgan,ShadowModelling(RandomQueries),12435,1,0.49,0,0.5
dpctgan,ShadowModelling(RandomQueries),12435,0,0.31,0,0.5
dpctgan,ShadowModelling(RandomQueries),12435,1,0.68,1,0.5
dpctgan,ShadowModelling(RandomQueries),12435,0,0.51,1,0.5
dpctgan,ShadowModelling(RandomQueries),12435,1,0.64,1,0.5
dpctgan,ShadowModelling(RandomQueries),12435,0,0.68,1,0.5
dpctgan,ShadowModelling(RandomQueries),12435,1,0.25,0,0.5
dpctgan,ShadowModelling(RandomQueries),12435,0,0.74,1,0.5
dpctgan,ShadowModelling(RandomQueries),12435,1,0.48,0,0.5
dpctgan,ShadowModelling(RandomQueries),12435,0,0.39,0,0.5
dpctgan,ShadowModelling(RandomQueries),12435,1,0.46,0,0.5
dpctgan,ShadowModelling(RandomQueries),12435,0,0.48,0,0.5
dpctgan,ShadowModelling(RandomQueries),12435,1,0.28,0,0.5
dpctgan,ShadowModelling(RandomQueries),12435,0,0.61,1,0.5
dpctgan,ShadowModelling(RandomQueries),12435,1,0.24,0,0.5
dpctgan,ShadowModelling(RandomQueries),12435,0,0.4,0,0.5
dpctgan,ShadowModelling(RandomQueries),12435,1,0.55,1,0.5
dpctgan,ShadowModelling(RandomQueries),12435,0,0.4,0,0.5
dpctgan,ShadowModelling(RandomQueries),12435,1,0.64,1,0.5
dpctgan,ShadowModelling(RandomQueries),12435,0,0.36,0,0.5
dpctgan,ShadowModelling(RandomQueries),12435,1,0.68,1,0.5
dpctgan,ShadowModelling(RandomQueries),12435,0,0.53,1,0.5
dpctgan,ShadowModelling(RandomQueries),12435,1,0.46,0,0.5
dpctgan,ShadowModelling(RandomQueries),12435,0,0.27,0,0.5
dpctgan,ShadowModelling(RandomQueries),12435,1,0.38,0,0.5
dpctgan,ShadowModelling(RandomQueries),12435,0,0.61,1,0.5
dpctgan,ShadowModelling(RandomQueries),12435,1,0.68,1,0.5
dpctgan,ShadowModelling(RandomQueries),12435,0,0.45,0,0.5
dpctgan,ShadowModelling(RandomQueries),12435,1,0.41,0,0.5
dpctgan,ShadowModelling(RandomQueries),12435,0,0.54,1,0.5
dpctgan,ShadowModelling(RandomQueries),12435,1,0.57,1,0.5
dpctgan,ShadowModelling(RandomQueries),12435,0,0.47,0,0.5
dpctgan,ShadowModelling(RandomQueries),12435,1,0.38,0,0.5
dpctgan,ShadowModelling(RandomQueries),12435,0,0.48,0,0.5
dpctgan,ShadowModelling(RandomQueries),12435,1,0.52,1,0.5
dpctgan,ShadowModelling(RandomQueries),12435,0,0.59,1,0.5
dpctgan,ShadowModelling(RandomQueries),12435,1,0.8,1,0.5
dpctgan,ShadowModelling(RandomQueries),12435,0,0.42,0,0.5
dpctgan,ShadowModelling(RandomQueries),12435,1,0.57,1,0.5
dpctgan,ShadowModelling(RandomQueries),12435,0,0.66,1,0.5
dpctgan,ShadowModelling(RandomQueries),12435,1,0.5,0,0.5
dpctgan,ShadowModelling(RandomQueries),12435,0,0.54,1,0.5
dpctgan,ShadowModelling(RandomQueries),12435,1,0.5,0,0.5
dpctgan,ShadowModelling(RandomQueries),12435,0,0.41,0,0.5
dpctgan,ShadowModelling(RandomQueries),12435,1,0.66,1,0.5
dpctgan,ShadowModelling(RandomQueries),12435,0,0.56,1,0.5
dpctgan,ShadowModelling(RandomQueries),12435,1,0.62,1,0.5
dpctgan,ShadowModelling(RandomQueries),12435,0,0.42,0,0.5
dpctgan,ShadowModelling(RandomQueries),12435,1,0.49,0,0.5
dpctgan,ShadowModelling(RandomQueries),12435,0,0.79,1,0.5
dpctgan,ShadowModelling(RandomQueries),12435,1,0.54,1,0.5
dpctgan,ShadowModelling(RandomQueries),12435,0,0.47,0,0.5
dpctgan,ShadowModelling(RandomQueries),12435,1,0.34,0,0.5
dpctgan,ShadowModelling(RandomQueries),12435,0,0.52,1,0.5
dpctgan,ShadowModelling(RandomQueries),12435,1,0.28,0,0.5
dpctgan,ShadowModelling(RandomQueries),12435,0,0.74,1,0.5
dpctgan,ShadowModelling(RandomQueries),12435,1,0.74,1,0.5
dpctgan,ShadowModelling(RandomQueries),12435,0,0.49,0,0.5
dpctgan,ShadowModelling(RandomQueries),12435,1,0.51,1,0.5
dpctgan,ShadowModelling(RandomQueries),12435,0,0.51,1,0.5
dpctgan,ShadowModelling(RandomQueries),12435,1,0.18,0,0.5
dpctgan,ShadowModelling(RandomQueries),12435,0,0.67,1,0.5
dpctgan,ShadowModelling(RandomQueries),12435,1,0.35,0,0.5
dpctgan,ShadowModelling(RandomQueries),12435,0,0.62,1,0.5
dpctgan,ShadowModelling(RandomQueries),12435,1,0.39,0,0.5
dpctgan,ShadowModelling(RandomQueries),12435,0,0.52,1,0.5
dpctgan,ShadowModelling(RandomQueries),12435,1,0.57,1,0.5
dpctgan,ShadowModelling(RandomQueries),12435,0,0.47,0,0.5
dpctgan,ShadowModelling(RandomQueries),12435,1,0.45,0,0.5
dpctgan,ShadowModelling(RandomQueries),12435,0,0.42,0,0.5
dpctgan,ShadowModelling(RandomQueries),12435,1,0.64,1,0.5
dpctgan,ShadowModelling(RandomQueries),12435,0,0.51,1,0.5
dpctgan,ShadowModelling(RandomQueries),12435,1,0.53,1,0.5
dpctgan,ShadowModelling(RandomQueries),12435,0,0.63,1,0.5
dpctgan,ShadowModelling(RandomQueries),12435,1,0.52,1,0.5
dpctgan,ShadowModelling(RandomQueries),12435,0,0.5,0,0.5
dpctgan,ShadowModelling(RandomQueries),12435,1,0.34,0,0.5
dpctgan,ShadowModelling(RandomQueries),12435,0,0.46,0,0.5
dpctgan,ShadowModelling(RandomQueries),12435,1,0.58,1,0.5
dpctgan,ShadowModelling(RandomQueries),12435,0,0.53,1,0.5
dpctgan,ShadowModelling(RandomQueries),12435,1,0.39,0,0.5
dpctgan,ShadowModelling(RandomQueries),12435,0,0.42,0,0.5
dpctgan,ShadowModelling(RandomQueries),12435,1,0.34,0,0.5
dpctgan,ShadowModelling(RandomQueries),12435,0,0.72,1,0.5
dpctgan,ShadowModelling(RandomQueries),12435,1,0.56,1,0.5
dpctgan,ShadowModelling(RandomQueries),12435,0,0.56,1,0.5
dpctgan,ShadowModelling(RandomQueries),12435,1,0.54,1,0.5
dpctgan,ShadowModelling(RandomQueries),12435,0,0.44,0,0.5
dpctgan,ShadowModelling(RandomQueries),12435,1,0.44,0,0.5
dpctgan,ShadowModelling(RandomQueries),12435,0,0.57,1,0.5
dpctgan,ShadowModelling(RandomQueries),12435,1,0.53,1,0.5
dpctgan,ShadowModelling(RandomQueries),12435,0,0.39,0,0.5
dpctgan,ShadowModelling(RandomQueries),12435,1,0.57,1,0.5
dpctgan,ShadowModelling(RandomQueries),12435,0,0.63,1,0.5
dpctgan,ShadowModelling(RandomQueries),12435,1,0.63,1,0.5
dpctgan,ShadowModelling(RandomQueries),12435,0,0.46,0,0.5
dpctgan,ShadowModelling(RandomQueries),12435,1,0.68,1,0.5
dpctgan,ShadowModelling(RandomQueries),12435,0,0.5,0,0.5
dpctgan,ShadowModelling(RandomQueries),12435,1,0.51,1,0.5
dpctgan,ShadowModelling(RandomQueries),12435,0,0.35,0,0.5
dpctgan,ShadowModelling(RandomQueries),12435,1,0.73,1,0.5
dpctgan,ShadowModelling(RandomQueries),12435,0,0.57,1,0.5
dpctgan,ShadowModelling(RandomQueries),12435,1,0.63,1,0.5
dpctgan,ShadowModelling(RandomQueries),12435,0,0.51,1,0.5
dpctgan,ShadowModelling(RandomQueries),12435,1,0.66,1,0.5
dpctgan,ShadowModelling(RandomQueries),12435,0,0.47,0,0.5
dpctgan,ShadowModelling(RandomQueries),12435,1,0.55,1,0.5
dpctgan,ShadowModelling(RandomQueries),12435,0,0.56,1,0.5
dpctgan,ShadowModelling(RandomQueries),12435,1,0.47,0,0.5
dpctgan,ShadowModelling(RandomQueries),12435,0,0.39,0,0.5
dpctgan,ShadowModelling(RandomQueries),12435,1,0.32,0,0.5
dpctgan,ShadowModelling(RandomQueries),12435,0,0.45,0,0.5
dpctgan,ShadowModelling(RandomQueries),12435,1,0.32,0,0.5
dpctgan,ShadowModelling(RandomQueries),12435,0,0.64,1,0.5
dpctgan,ShadowModelling(RandomQueries),12435,1,0.53,1,0.5
dpctgan,ShadowModelling(RandomQueries),12435,0,0.58,1,0.5
dpctgan,ShadowModelling(RandomQueries),12435,1,0.57,1,0.5
dpctgan,ShadowModelling(RandomQueries),12435,0,0.62,1,0.5
dpctgan,ShadowModelling(RandomQueries),12435,1,0.47,0,0.5
dpctgan,ShadowModelling(RandomQueries),12435,0,0.61,1,0.5
dpctgan,ShadowModelling(RandomQueries),12435,1,0.39,0,0.5
dpctgan,ShadowModelling(RandomQueries),12435,0,0.54,1,0.5
dpctgan,ShadowModelling(RandomQueries),12435,1,0.59,1,0.5
dpctgan,ShadowModelling(RandomQueries),12435,0,0.5,0,0.5
dpctgan,ShadowModelling(RandomQueries),12435,1,0.51,1,0.5
dpctgan,ShadowModelling(RandomQueries),12435,0,0.36,0,0.5
dpctgan,ShadowModelling(RandomQueries),12435,1,0.8,1,0.5
dpctgan,ShadowModelling(RandomQueries),12435,0,0.55,1,0.5
dpctgan,ShadowModelling(RandomQueries),12435,1,0.74,1,0.5
dpctgan,ShadowModelling(RandomQueries),12435,0,0.44,0,0.5
dpctgan,ShadowModelling(RandomQueries),12435,1,0.33,0,0.5
dpctgan,ShadowModelling(RandomQueries),12435,0,0.68,1,0.5
dpctgan,ShadowModelling(RandomQueries),12435,1,0.39,0,0.5
dpctgan,ShadowModelling(RandomQueries),12435,0,0.66,1,0.5
dpctgan,ShadowModelling(RandomQueries),12435,1,0.54,1,0.5
dpctgan,ShadowModelling(RandomQueries),12435,0,0.56,1,0.5
dpctgan,ShadowModelling(RandomQueries),12435,1,0.61,1,0.5
dpctgan,ShadowModelling(RandomQueries),12435,0,0.4,0,0.5
dpctgan,ShadowModelling(RandomQueries),12435,1,0.4,0,0.5
dpctgan,ShadowModelling(RandomQueries),12435,0,0.38,0,0.5
dpctgan,ShadowModelling(RandomQueries),12435,1,0.52,1,0.5
dpctgan,ShadowModelling(RandomQueries),12435,0,0.25,0,0.5
dpctgan,ShadowModelling(RandomQueries),12435,1,0.59,1,0.5
dpctgan,ShadowModelling(RandomQueries),12435,0,0.62,1,0.5
dpctgan,ShadowModelling(RandomQueries),12435,1,0.25,0,0.5
dpctgan,ShadowModelling(RandomQueries),12435,0,0.6,1,0.5
dpctgan,ShadowModelling(RandomQueries),12435,1,0.57,1,0.5
dpctgan,ShadowModelling(RandomQueries),12435,0,0.49,0,0.5
dpctgan,ShadowModelling(RandomQueries),12435,1,0.32,0,0.5
dpctgan,ShadowModelling(RandomQueries),12435,0,0.42,0,0.5
dpctgan,ShadowModelling(RandomQueries),12435,1,0.44,0,0.5
dpctgan,ShadowModelling(RandomQueries),12435,0,0.38,0,0.5
dpctgan,ShadowModelling(RandomQueries),12435,1,0.55,1,0.5
dpctgan,ShadowModelling(RandomQueries),12435,0,0.52,1,0.5
dpctgan,ShadowModelling(RandomQueries),12435,1,0.6,1,0.5
dpctgan,ShadowModelling(RandomQueries),12435,0,0.49,0,0.5
dpctgan,ShadowModelling(RandomQueries),12435,1,0.29,0,0.5
dpctgan,ShadowModelling(RandomQueries),12435,0,0.49,0,0.5
dpctgan,ShadowModelling(RandomQueries),12435,1,0.54,1,0.5
dpctgan,ShadowModelling(RandomQueries),12435,0,0.32,0,0.5
dpctgan,ShadowModelling(RandomQueries),12435,1,0.28,0,0.5
dpctgan,ShadowModelling(RandomQueries),12435,0,0.6,1,0.5
dpctgan,ShadowModelling(RandomQueries),12435,1,0.38,0,0.5
dpctgan,ShadowModelling(RandomQueries),12435,0,0.62,1,0.5
dpctgan,ShadowModelling(RandomQueries),12435,1,0.48,0,0.5
dpctgan,ShadowModelling(RandomQueries),12435,0,0.3,0,0.5
dpctgan,ShadowModelling(RandomQueries),12435,1,0.66,1,0.5
dpctgan,ShadowModelling(RandomQueries),12435,0,0.31,0,0.5
dpctgan,ShadowModelling(RandomQueries),12435,1,0.41,0,0.5
dpctgan,ShadowModelling(RandomQueries),12435,0,0.53,1,0.5
dpctgan,ShadowModelling(RandomQueries),12435,1,0.45,0,0.5
dpctgan,ShadowModelling(RandomQueries),12435,0,0.39,0,0.5
dpctgan,ShadowModelling(RandomQueries),12435,1,0.57,1,0.5
dpctgan,ShadowModelling(RandomQueries),12435,0,0.51,1,0.5
dpctgan,ShadowModelling(RandomQueries),12435,1,0.33,0,0.5
dpctgan,ShadowModelling(RandomQueries),12435,0,0.63,1,0.5
dpctgan,ShadowModelling(RandomQueries),12435,1,0.64,1,0.5
dpctgan,ShadowModelling(RandomQueries),12435,0,0.51,1,0.5
dpctgan,ShadowModelling(RandomQueries),12435,1,0.53,1,0.5
dpctgan,ShadowModelling(RandomQueries),12435,0,0.59,1,0.5
dpctgan,ShadowModelling(RandomQueries),12435,1,0.5,0,0.5
dpctgan,ShadowModelling(RandomQueries),12435,0,0.51,1,0.5
dpctgan,ShadowModelling(RandomQueries),12435,1,0.4,0,0.5
dpctgan,ShadowModelling(RandomQueries),12435,0,0.4,0,0.5
dpctgan,ShadowModelling(RandomQueries),12435,1,0.29,0,0.5
dpctgan,ShadowModelling(RandomQueries),12435,0,0.55,1,0.5
dpctgan,ShadowModelling(RandomQueries),12435,1,0.64,1,0.5
dpctgan,ShadowModelling(RandomQueries),12435,0,0.4,0,0.5
dpctgan,ShadowModelling(RandomQueries),12435,1,0.25,0,0.5
dpctgan,ShadowModelling(RandomQueries),12435,0,0.5,0,0.5
dpctgan,ShadowModelling(RandomQueries),12435,1,0.57,1,0.5
dpctgan,ShadowModelling(RandomQueries),12435,0,0.54,1,0.5
dpctgan,ShadowModelling(RandomQueries),12435,1,0.22,0,0.5
dpctgan,ShadowModelling(RandomQueries),12435,0,0.53,1,0.5
dpctgan,ShadowModelling(RandomQueries),12435,1,0.47,0,0.5
dpctgan,ShadowModelling(RandomQueries),12435,0,0.39,0,0.5
dpctgan,ShadowModelling(RandomQueries),12435,1,0.41,0,0.5
dpctgan,ShadowModelling(RandomQueries),12435,0,0.57,1,0.5
dpctgan,ShadowModelling(RandomQueries),12435,1,0.68,1,0.5
dpctgan,ShadowModelling(RandomQueries),12435,0,0.22,0,0.5
dpctgan,ShadowModelling(RandomQueries),12435,1,0.31,0,0.5
dpctgan,ShadowModelling(RandomQueries),12435,0,0.5,0,0.5
dpctgan,ShadowModelling(RandomQueries),12435,1,0.47,0,0.5
dpctgan,ShadowModelling(RandomQueries),12435,0,0.55,1,0.5
dpctgan,ShadowModelling(RandomQueries),12435,1,0.38,0,0.5
dpctgan,ShadowModelling(RandomQueries),12435,0,0.39,0,0.5
dpctgan,ShadowModelling(RandomQueries),12435,1,0.32,0,0.5
dpctgan,ShadowModelling(RandomQueries),12435,0,0.35,0,0.5
dpctgan,ShadowModelling(RandomQueries),12435,1,0.49,0,0.5
dpctgan,ShadowModelling(RandomQueries),12435,0,0.42,0,0.5
dpctgan,ShadowModelling(RandomQueries),12435,1,0.44,0,0.5
dpctgan,ShadowModelling(RandomQueries),12435,0,0.55,1,0.5
dpctgan,ShadowModelling(RandomQueries),12435,1,0.53,1,0.5
dpctgan,ShadowModelling(RandomQueries),12435,0,0.74,1,0.5
dpctgan,ShadowModelling(RandomQueries),12435,1,0.41,0,0.5
dpctgan,ShadowModelling(RandomQueries),12435,0,0.42,0,0.5
dpctgan,ShadowModelling(RandomQueries),12435,1,0.61,1,0.5
dpctgan,ShadowModelling(RandomQueries),12435,0,0.3,0,0.5
dpctgan,ShadowModelling(RandomQueries),12435,1,0.73,1,0.5
dpctgan,ShadowModelling(RandomQueries),12435,0,0.54,1,0.5
dpctgan,ShadowModelling(RandomQueries),12435,1,0.6,1,0.5
dpctgan,ShadowModelling(RandomQueries),12435,0,0.37,0,0.5
dpctgan,ShadowModelling(RandomQueries),12435,1,0.56,1,0.5
dpctgan,ShadowModelling(RandomQueries),12435,0,0.56,1,0.5
dpctgan,ShadowModelling(RandomQueries),12435,1,0.54,1,0.5
dpctgan,ShadowModelling(RandomQueries),12435,0,0.47,0,0.5
dpctgan,ShadowModelling(RandomQueries),12435,1,0.51,1,0.5
dpctgan,ShadowModelling(RandomQueries),12435,0,0.65,1,0.5
dpctgan,ShadowModelling(RandomQueries),12435,1,0.41,0,0.5
dpctgan,ShadowModelling(RandomQueries),12435,0,0.5,0,0.5
dpctgan,ShadowModelling(RandomQueries),12435,1,0.6,1,0.5
dpctgan,ShadowModelling(RandomQueries),12435,0,0.52,1,0.5
dpctgan,ShadowModelling(RandomQueries),12435,1,0.58,1,0.5
dpctgan,ShadowModelling(RandomQueries),12435,0,0.6,1,0.5
dpctgan,ShadowModelling(RandomQueries),12435,1,0.58,1,0.5
dpctgan,ShadowModelling(RandomQueries),12435,0,0.35,0,0.5
dpctgan,ShadowModelling(RandomQueries),12435,1,0.59,1,0.5
dpctgan,ShadowModelling(RandomQueries),12435,0,0.64,1,0.5
dpctgan,ShadowModelling(RandomQueries),12435,1,0.52,1,0.5
dpctgan,ShadowModelling(RandomQueries),12435,0,0.33,0,0.5
dpctgan,ShadowModelling(RandomQueries),12435,1,0.42,0,0.5
dpctgan,ShadowModelling(RandomQueries),12435,0,0.5,0,0.5
dpctgan,ShadowModelling(RandomQueries),12435,1,0.36,0,0.5
dpctgan,ShadowModelling(RandomQueries),12435,0,0.48,0,0.5
dpctgan,ShadowModelling(RandomQueries),12435,1,0.63,1,0.5
dpctgan,ShadowModelling(RandomQueries),12435,0,0.54,1,0.5
dpctgan,ShadowModelling(RandomQueries),12435,1,0.49,0,0.5
dpctgan,ShadowModelling(RandomQueries),12435,0,0.38,0,0.5
dpctgan,ShadowModelling(RandomQueries),12435,1,0.52,1,0.5
dpctgan,ShadowModelling(RandomQueries),12435,0,0.48,0,0.5
dpctgan,ShadowModelling(RandomQueries),12435,1,0.34,0,0.5
dpctgan,ShadowModelling(RandomQueries),12435,0,0.32,0,0.5
dpctgan,ShadowModelling(RandomQueries),12435,1,0.47,0,0.5
dpctgan,ShadowModelling(RandomQueries),12435,0,0.75,1,0.5
dpctgan,ShadowModelling(RandomQueries),12435,1,0.67,1,0.5
dpctgan,ShadowModelling(RandomQueries),12435,0,0.59,1,0.5
dpctgan,ShadowModelling(RandomQueries),12435,1,0.52,1,0.5
dpctgan,ShadowModelling(RandomQueries),12435,0,0.65,1,0.5
dpctgan,ShadowModelling(RandomQueries),12435,1,0.28,0,0.5
dpctgan,ShadowModelling(RandomQueries),12435,0,0.56,1,0.5
dpctgan,ShadowModelling(RandomQueries),12435,1,0.4,0,0.5
dpctgan,ShadowModelling(RandomQueries),12435,0,0.44,0,0.5
dpctgan,ShadowModelling(RandomQueries),12435,1,0.71,1,0.5
dpctgan,ShadowModelling(RandomQueries),12435,0,0.46,0,0.5
dpctgan,ShadowModelling(RandomQueries),12435,1,0.42,0,0.5
dpctgan,ShadowModelling(RandomQueries),12435,0,0.58,1,0.5
dpctgan,ShadowModelling(RandomQueries),12435,1,0.52,1,0.5
dpctgan,ShadowModelling(RandomQueries),12435,0,0.49,0,0.5
dpctgan,ShadowModelling(RandomQueries),12435,1,0.4,0,0.5
dpctgan,ShadowModelling(RandomQueries),12435,0,0.58,1,0.5
dpctgan,ShadowModelling(RandomQueries),12435,1,0.39,0,0.5
dpctgan,ShadowModelling(RandomQueries),12435,0,0.58,1,0.5
dpctgan,ShadowModelling(RandomQueries),12435,1,0.54,1,0.5
dpctgan,ShadowModelling(RandomQueries),12435,0,0.3,0,0.5
dpctgan,ShadowModelling(RandomQueries),12435,1,0.54,1,0.5
dpctgan,ShadowModelling(RandomQueries),12435,0,0.29,0,0.5
dpctgan,ShadowModelling(RandomQueries),12435,1,0.69,1,0.5
dpctgan,ShadowModelling(RandomQueries),12435,0,0.46,0,0.5
dpctgan,ShadowModelling(RandomQueries),12435,1,0.43,0,0.5
dpctgan,ShadowModelling(RandomQueries),12435,0,0.38,0,0.5
dpctgan,ShadowModelling(RandomQueries),12435,1,0.28,0,0.5
dpctgan,ShadowModelling(RandomQueries),12435,0,0.46,0,0.5
dpctgan,ShadowModelling(RandomQueries),12435,1,0.44,0,0.5
dpctgan,ShadowModelling(RandomQueries),12435,0,0.56,1,0.5
dpctgan,ShadowModelling(RandomQueries),12435,1,0.5,0,0.5
dpctgan,ShadowModelling(RandomQueries),12435,0,0.52,1,0.5
dpctgan,ShadowModelling(RandomQueries),12435,1,0.51,1,0.5
dpctgan,ShadowModelling(RandomQueries),12435,0,0.46,0,0.5
dpctgan,ShadowModelling(RandomQueries),12435,1,0.44,0,0.5
dpctgan,ShadowModelling(RandomQueries),12435,0,0.34,0,0.5
dpctgan,ShadowModelling(RandomQueries),12435,1,0.58,1,0.5
dpctgan,ShadowModelling(RandomQueries),12435,0,0.5,0,0.5
dpctgan,ShadowModelling(RandomQueries),12435,1,0.31,0,0.5
dpctgan,ShadowModelling(RandomQueries),12435,0,0.62,1,0.5
dpctgan,ShadowModelling(RandomQueries),12435,1,0.42,0,0.5
dpctgan,ShadowModelling(RandomQueries),12435,0,0.33,0,0.5
dpctgan,ShadowModelling(RandomQueries),12435,1,0.45,0,0.5
dpctgan,ShadowModelling(RandomQueries),12435,0,0.76,1,0.5
dpctgan,ShadowModelling(RandomQueries),12435,1,0.7,1,0.5
dpctgan,ShadowModelling(RandomQueries),12435,0,0.63,1,0.5
dpctgan,ShadowModelling(RandomQueries),12435,1,0.52,1,0.5
dpctgan,ShadowModelling(RandomQueries),12435,0,0.61,1,0.5
dpctgan,ShadowModelling(RandomQueries),12435,1,0.3,0,0.5
dpctgan,ShadowModelling(RandomQueries),12435,0,0.38,0,0.5
dpctgan,ShadowModelling(RandomQueries),12435,1,0.6,1,0.5
dpctgan,ShadowModelling(RandomQueries),12435,0,0.29,0,0.5
dpctgan,ShadowModelling(RandomQueries),12435,1,0.43,0,0.5
dpctgan,ShadowModelling(RandomQueries),12435,0,0.5,0,0.5
dpctgan,ShadowModelling(RandomQueries),12435,1,0.34,0,0.5
dpctgan,ShadowModelling(RandomQueries),12435,0,0.65,1,0.5
dpctgan,ShadowModelling(RandomQueries),12435,1,0.55,1,0.5
dpctgan,ShadowModelling(RandomQueries),12435,0,0.43,0,0.5
dpctgan,ShadowModelling(RandomQueries),12435,1,0.7,1,0.5
dpctgan,ShadowModelling(RandomQueries),12435,0,0.36,0,0.5
dpctgan,ShadowModelling(RandomQueries),12435,1,0.7,1,0.5
dpctgan,ShadowModelling(RandomQueries),12435,0,0.36,0,0.5
dpctgan,ShadowModelling(RandomQueries),12435,1,0.62,1,0.5
dpctgan,ShadowModelling(RandomQueries),12435,0,0.7,1,0.5
dpctgan,ShadowModelling(RandomQueries),12435,1,0.48,0,0.5
dpctgan,ShadowModelling(RandomQueries),12435,0,0.36,0,0.5
dpctgan,ShadowModelling(RandomQueries),12435,1,0.47,0,0.5
dpctgan,ShadowModelling(RandomQueries),12435,0,0.68,1,0.5
dpctgan,ShadowModelling(RandomQueries),12435,1,0.44,0,0.5
dpctgan,ShadowModelling(RandomQueries),12435,0,0.45,0,0.5
dpctgan,ShadowModelling(RandomQueries),12435,1,0.67,1,0.5
dpctgan,ShadowModelling(RandomQueries),12435,0,0.55,1,0.5
dpctgan,ShadowModelling(RandomQueries),12435,1,0.55,1,0.5
dpctgan,ShadowModelling(RandomQueries),12435,0,0.58,1,0.5
dpctgan,ShadowModelling(RandomQueries),12435,1,0.54,1,0.5
dpctgan,ShadowModelling(RandomQueries),12435,0,0.6,1,0.5
dpctgan,ShadowModelling(RandomQueries),12435,1,0.56,1,0.5
dpctgan,ShadowModelling(RandomQueries),12435,0,0.55,1,0.5
dpctgan,ShadowModelling(RandomQueries),12435,1,0.53,1,0.5
dpctgan,ShadowModelling(RandomQueries),12435,0,0.62,1,0.5
dpctgan,ShadowModelling(RandomQueries),12435,1,0.65,1,0.5
dpctgan,ShadowModelling(RandomQueries),12435,0,0.54,1,0.5
dpctgan,ShadowModelling(RandomQueries),12435,1,0.51,1,0.5
dpctgan,ShadowModelling(RandomQueries),12435,0,0.45,0,0.5
dpctgan,ShadowModelling(RandomQueries),12435,1,0.45,0,0.5
dpctgan,ShadowModelling(RandomQueries),12435,0,0.53,1,0.5
dpctgan,ShadowModelling(RandomQueries),12435,1,0.68,1,0.5
dpctgan,ShadowModelling(RandomQueries),12435,0,0.53,1,0.5
dpctgan,ShadowModelling(RandomQueries),12435,1,0.58,1,0.5
dpctgan,ShadowModelling(RandomQueries),12435,0,0.45,0,0.5
dpctgan,ShadowModelling(RandomQueries),12435,1,0.64,1,0.5
dpctgan,ShadowModelling(RandomQueries),12435,0,0.45,0,0.5
dpctgan,ShadowModelling(RandomQueries),12435,1,0.4,0,0.5
dpctgan,ShadowModelling(RandomQueries),12435,0,0.55,1,0.5
dpctgan,ShadowModelling(RandomQueries),12435,1,0.47,0,0.5
dpctgan,ShadowModelling(RandomQueries),12435,0,0.47,0,0.5
dpctgan,ShadowModelling(RandomQueries),12435,1,0.52,1,0.5
dpctgan,ShadowModelling(RandomQueries),12435,0,0.42,0,0.5
dpctgan,ShadowModelling(RandomQueries),12435,1,0.45,0,0.5
dpctgan,ShadowModelling(RandomQueries),12435,0,0.25,0,0.5
dpctgan,ShadowModelling(RandomQueries),12435,1,0.34,0,0.5
dpctgan,ShadowModelling(RandomQueries),12435,0,0.53,1,0.5
dpctgan,ShadowModelling(RandomQueries),12435,1,0.59,1,0.5
dpctgan,ShadowModelling(RandomQueries),12435,0,0.34,0,0.5
dpctgan,ShadowModelling(RandomQueries),12435,1,0.66,1,0.5
dpctgan,ShadowModelling(RandomQueries),12435,0,0.5,0,0.5
dpctgan,ShadowModelling(RandomQueries),12435,1,0.72,1,0.5
dpctgan,ShadowModelling(RandomQueries),12435,0,0.62,1,0.5
dpctgan,ShadowModelling(RandomQueries),12435,1,0.48,0,0.5
dpctgan,ShadowModelling(RandomQueries),12435,0,0.43,0,0.5
dpctgan,ShadowModelling(RandomQueries),12435,1,0.62,1,0.5
dpctgan,ShadowModelling(RandomQueries),12435,0,0.33,0,0.5
dpctgan,ShadowModelling(RandomQueries),12435,1,0.48,0,0.5
dpctgan,ShadowModelling(RandomQueries),12435,0,0.28,0,0.5
dpctgan,ShadowModelling(RandomQueries),12435,1,0.49,0,0.5
dpctgan,ShadowModelling(RandomQueries),12435,0,0.37,0,0.5
dpctgan,ShadowModelling(RandomQueries),12435,1,0.63,1,0.5
dpctgan,ShadowModelling(RandomQueries),12435,0,0.76,1,0.5
dpctgan,ShadowModelling(RandomQueries),12435,1,0.59,1,0.5
dpctgan,ShadowModelling(RandomQueries),12435,0,0.38,0,0.5
dpctgan,ShadowModelling(RandomQueries),12435,1,0.55,1,0.5
dpctgan,ShadowModelling(RandomQueries),12435,0,0.32,0,0.5
dpctgan,ShadowModelling(RandomQueries),12435,1,0.14,0,0.5
dpctgan,ShadowModelling(RandomQueries),12435,0,0.28,0,0.5
dpctgan,ShadowModelling(RandomQueries),12435,1,0.57,1,0.5
dpctgan,ShadowModelling(RandomQueries),12435,0,0.48,0,0.5
dpctgan,ShadowModelling(RandomQueries),12435,1,0.49,0,0.5
dpctgan,ShadowModelling(RandomQueries),12435,0,0.6,1,0.5
dpctgan,ShadowModelling(RandomQueries),12435,1,0.63,1,0.5
dpctgan,ShadowModelling(RandomQueries),12435,0,0.7,1,0.5
dpctgan,ShadowModelling(RandomQueries),12435,1,0.48,0,0.5
dpctgan,ShadowModelling(RandomQueries),12435,0,0.37,0,0.5
dpctgan,ShadowModelling(RandomQueries),12435,1,0.64,1,0.5
dpctgan,ShadowModelling(RandomQueries),12435,0,0.38,0,0.5
dpctgan,ShadowModelling(RandomQueries),12435,1,0.35,0,0.5
dpctgan,ShadowModelling(RandomQueries),12435,0,0.51,1,0.5
dpctgan,ShadowModelling(RandomQueries),12435,1,0.5,0,0.5
dpctgan,ShadowModelling(RandomQueries),12435,0,0.34,0,0.5
dpctgan,ShadowModelling(RandomQueries),12435,1,0.48,0,0.5
dpctgan,ShadowModelling(RandomQueries),12435,0,0.39,0,0.5
dpctgan,ShadowModelling(RandomQueries),12435,1,0.43,0,0.5
dpctgan,ShadowModelling(RandomQueries),12435,0,0.47,0,0.5
dpctgan,ShadowModelling(RandomQueries),12435,1,0.65,1,0.5
dpctgan,ShadowModelling(RandomQueries),12435,0,0.59,1,0.5
dpctgan,ShadowModelling(RandomQueries),12435,1,0.5,0,0.5
dpctgan,ShadowModelling(RandomQueries),12435,0,0.38,0,0.5
dpctgan,ShadowModelling(RandomQueries),12435,1,0.67,1,0.5
dpctgan,ShadowModelling(RandomQueries),12435,0,0.29,0,0.5
dpctgan,ShadowModelling(RandomQueries),12435,1,0.5,0,0.5
dpctgan,ShadowModelling(RandomQueries),12435,0,0.45,0,0.5
dpctgan,ShadowModelling(RandomQueries),12435,1,0.56,1,0.5
dpctgan,ShadowModelling(RandomQueries),12435,0,0.44,0,0.5
dpctgan,ShadowModelling(RandomQueries),12435,1,0.61,1,0.5
dpctgan,ShadowModelling(RandomQueries),12435,0,0.34,0,0.5
dpctgan,ShadowModelling(RandomQueries),12435,1,0.45,0,0.5
dpctgan,ShadowModelling(RandomQueries),12435,0,0.38,0,0.5
dpctgan,ShadowModelling(RandomQueries),12435,1,0.28,0,0.5
dpctgan,ShadowModelling(RandomQueries),12435,0,0.41,0,0.5
dpctgan,ShadowModelling(RandomQueries),12435,1,0.6,1,0.5
dpctgan,ShadowModelling(RandomQueries),12435,0,0.39,0,0.5
dpctgan,ShadowModelling(RandomQueries),12435,1,0.73,1,0.5
dpctgan,ShadowModelling(RandomQueries),12435,0,0.53,1,0.5
dpctgan,ShadowModelling(RandomQueries),12435,1,0.51,1,0.5
dpctgan,ShadowModelling(RandomQueries),12435,0,0.4,0,0.5
dpctgan,ShadowModelling(RandomQueries),12435,1,0.66,1,0.5
dpctgan,ShadowModelling(RandomQueries),12435,0,0.36,0,0.5
dpctgan,ShadowModelling(RandomQueries),12435,1,0.57,1,0.5
dpctgan,ShadowModelling(RandomQueries),12435,0,0.51,1,0.5
dpctgan,ShadowModelling(RandomQueries),12435,1,0.51,1,0.5
dpctgan,ShadowModelling(RandomQueries),12435,0,0.57,1,0.5
dpctgan,ShadowModelling(RandomQueries),12435,1,0.45,0,0.5
dpctgan,ShadowModelling(RandomQueries),12435,0,0.47,0,0.5
dpctgan,ShadowModelling(RandomQueries),12435,1,0.69,1,0.5
dpctgan,ShadowModelling(RandomQueries),12435,0,0.58,1,0.5
dpctgan,ShadowModelling(RandomQueries),12435,1,0.56,1,0.5
dpctgan,ShadowModelling(RandomQueries),12435,0,0.39,0,0.5
dpctgan,ShadowModelling(RandomQueries),12435,1,0.52,1,0.5
dpctgan,ShadowModelling(RandomQueries),12435,0,0.62,1,0.5
dpctgan,ShadowModelling(RandomQueries),12435,1,0.49,0,0.5
dpctgan,ShadowModelling(RandomQueries),12435,0,0.69,1,0.5
dpctgan,ShadowModelling(RandomQueries),12435,1,0.62,1,0.5
dpctgan,ShadowModelling(RandomQueries),12435,0,0.66,1,0.5
dpctgan,ShadowModelling(RandomQueries),12435,1,0.56,1,0.5
dpctgan,ShadowModelling(RandomQueries),12435,0,0.54,1,0.5
dpctgan,ShadowModelling(RandomQueries),12435,1,0.26,0,0.5
dpctgan,ShadowModelling(RandomQueries),12435,0,0.28,0,0.5
dpctgan,ShadowModelling(RandomQueries),12435,1,0.6,1,0.5
dpctgan,ShadowModelling(RandomQueries),12435,0,0.29,0,0.5
dpctgan,ShadowModelling(RandomQueries),12435,1,0.6,1,0.5
dpctgan,ShadowModelling(RandomQueries),12435,0,0.61,1,0.5
dpctgan,ShadowModelling(RandomQueries),12435,1,0.4,0,0.5
dpctgan,ShadowModelling(RandomQueries),12435,0,0.54,1,0.5
dpctgan,ShadowModelling(RandomQueries),12435,1,0.68,1,0.5
dpctgan,ShadowModelling(RandomQueries),12435,0,0.52,1,0.5
dpctgan,ShadowModelling(RandomQueries),12435,1,0.53,1,0.5
dpctgan,ShadowModelling(RandomQueries),12435,0,0.45,0,0.5
dpctgan,ShadowModelling(RandomQueries),12435,1,0.41,0,0.5
dpctgan,ShadowModelling(RandomQueries),12435,0,0.72,1,0.5
dpctgan,ShadowModelling(RandomQueries),12435,1,0.61,1,0.5
dpctgan,ShadowModelling(RandomQueries),12435,0,0.61,1,0.5
dpctgan,ShadowModelling(RandomQueries),12435,1,0.58,1,0.5
dpctgan,ShadowModelling(RandomQueries),12435,0,0.56,1,0.5
dpctgan,ShadowModelling(RandomQueries),12435,1,0.63,1,0.5
dpctgan,ShadowModelling(RandomQueries),12435,0,0.69,1,0.5
dpctgan,ShadowModelling(RandomQueries),12435,1,0.47,0,0.5
dpctgan,ShadowModelling(RandomQueries),12435,0,0.42,0,0.5
dpctgan,ShadowModelling(RandomQueries),12435,1,0.39,0,0.5
dpctgan,ShadowModelling(RandomQueries),12435,0,0.48,0,0.5
dpctgan,ShadowModelling(RandomQueries),12435,1,0.7,1,0.5
dpctgan,ShadowModelling(RandomQueries),12435,0,0.55,1,0.5
dpctgan,ShadowModelling(RandomQueries),12435,1,0.54,1,0.5
dpctgan,ShadowModelling(RandomQueries),12435,0,0.5,0,0.5
dpctgan,ShadowModelling(RandomQueries),12435,1,0.48,0,0.5
dpctgan,ShadowModelling(RandomQueries),12435,0,0.59,1,0.5
dpctgan,ShadowModelling(RandomQueries),12435,1,0.39,0,0.5
dpctgan,ShadowModelling(RandomQueries),12435,0,0.43,0,0.5
dpctgan,ShadowModelling(RandomQueries),12435,1,0.5,0,0.5
dpctgan,ShadowModelling(RandomQueries),12435,0,0.45,0,0.5
dpctgan,ShadowModelling(RandomQueries),12435,1,0.57,1,0.5
dpctgan,ShadowModelling(RandomQueries),12435,0,0.47,0,0.5
dpctgan,ShadowModelling(RandomQueries),12435,1,0.6,1,0.5
dpctgan,ShadowModelling(RandomQueries),12435,0,0.61,1,0.5
dpctgan,ShadowModelling(RandomQueries),12435,1,0.62,1,0.5
dpctgan,ShadowModelling(RandomQueries),12435,0,0.44,0,0.5
dpctgan,ShadowModelling(RandomQueries),12435,1,0.51,1,0.5
dpctgan,ShadowModelling(RandomQueries),12435,0,0.57,1,0.5
dpctgan,ShadowModelling(RandomQueries),12435,1,0.6,1,0.5
dpctgan,ShadowModelling(RandomQueries),12435,0,0.39,0,0.5
dpctgan,ShadowModelling(RandomQueries),12435,1,0.44,0,0.5
dpctgan,ShadowModelling(RandomQueries),12435,0,0.38,0,0.5
dpctgan,ShadowModelling(RandomQueries),12435,1,0.59,1,0.5
dpctgan,ShadowModelling(RandomQueries),12435,0,0.46,0,0.5
dpctgan,ShadowModelling(RandomQueries),12435,1,0.46,0,0.5
dpctgan,ShadowModelling(RandomQueries),12435,0,0.52,1,0.5
dpctgan,ShadowModelling(RandomQueries),12435,1,0.5,0,0.5
dpctgan,ShadowModelling(RandomQueries),12435,0,0.57,1,0.5
dpctgan,ShadowModelling(RandomQueries),12435,1,0.7,1,0.5
dpctgan,ShadowModelling(RandomQueries),12435,0,0.52,1,0.5
dpctgan,ShadowModelling(RandomQueries),12435,1,0.66,1,0.5
dpctgan,ShadowModelling(RandomQueries),12435,0,0.44,0,0.5
dpctgan,ShadowModelling(RandomQueries),12435,1,0.63,1,0.5
dpctgan,ShadowModelling(RandomQueries),12435,0,0.4,0,0.5
dpctgan,ShadowModelling(RandomQueries),12435,1,0.39,0,0.5
dpctgan,ShadowModelling(RandomQueries),12435,0,0.64,1,0.5
dpctgan,ShadowModelling(RandomQueries),12435,1,0.49,0,0.5
dpctgan,ShadowModelling(RandomQueries),12435,0,0.3,0,0.5
dpctgan,ShadowModelling(RandomQueries),12435,1,0.56,1,0.5
dpctgan,ShadowModelling(RandomQueries),12435,0,0.45,0,0.5
dpctgan,ShadowModelling(RandomQueries),12435,1,0.54,1,0.5
dpctgan,ShadowModelling(RandomQueries),12435,0,0.64,1,0.5
dpctgan,ShadowModelling(RandomQueries),12435,1,0.49,0,0.5
dpctgan,ShadowModelling(RandomQueries),12435,0,0.62,1,0.5
dpctgan,ShadowModelling(RandomQueries),12435,1,0.66,1,0.5
dpctgan,ShadowModelling(RandomQueries),12435,0,0.27,0,0.5
dpctgan,ShadowModelling(RandomQueries),12435,1,0.46,0,0.5
dpctgan,ShadowModelling(RandomQueries),12435,0,0.64,1,0.5
dpctgan,ShadowModelling(RandomQueries),12435,1,0.52,1,0.5
dpctgan,ShadowModelling(RandomQueries),12435,0,0.71,1,0.5
dpctgan,ShadowModelling(RandomQueries),12435,1,0.65,1,0.5
dpctgan,ShadowModelling(RandomQueries),12435,0,0.44,0,0.5
dpctgan,ShadowModelling(RandomQueries),12435,1,0.65,1,0.5
dpctgan,ShadowModelling(RandomQueries),12435,0,0.33,0,0.5
dpctgan,ShadowModelling(RandomQueries),12435,1,0.54,1,0.5
dpctgan,ShadowModelling(RandomQueries),12435,0,0.51,1,0.5
dpctgan,ShadowModelling(RandomQueries),12435,1,0.37,0,0.5
dpctgan,ShadowModelling(RandomQueries),12435,0,0.34,0,0.5
dpctgan,ShadowModelling(RandomQueries),12435,1,0.28,0,0.5
dpctgan,ShadowModelling(RandomQueries),12435,0,0.53,1,0.5
dpctgan,ShadowModelling(RandomQueries),12435,1,0.42,0,0.5
dpctgan,ShadowModelling(RandomQueries),12435,0,0.51,1,0.5
dpctgan,ShadowModelling(RandomQueries),12435,1,0.57,1,0.5
dpctgan,ShadowModelling(RandomQueries),12435,0,0.42,0,0.5
dpctgan,ShadowModelling(RandomQueries),12435,1,0.46,0,0.5
dpctgan,ShadowModelling(RandomQueries),12435,0,0.48,0,0.5
dpctgan,ShadowModelling(RandomQueries),12435,1,0.35,0,0.5
dpctgan,ShadowModelling(RandomQueries),12435,0,0.44,0,0.5
dpctgan,ShadowModelling(RandomQueries),12435,1,0.61,1,0.5
dpctgan,ShadowModelling(RandomQueries),12435,0,0.48,0,0.5
dpctgan,ShadowModelling(RandomQueries),12435,1,0.71,1,0.5
dpctgan,ShadowModelling(RandomQueries),12435,0,0.55,1,0.5
dpctgan,ShadowModelling(RandomQueries),12435,1,0.67,1,0.5
dpctgan,ShadowModelling(RandomQueries),12435,0,0.5,0,0.5
dpctgan,ShadowModelling(RandomQueries),12435,1,0.23,0,0.5
dpctgan,ShadowModelling(RandomQueries),12435,0,0.47,0,0.5
dpctgan,ShadowModelling(RandomQueries),12435,1,0.38,0,0.5
dpctgan,ShadowModelling(RandomQueries),12435,0,0.45,0,0.5
dpctgan,ShadowModelling(RandomQueries),12435,1,0.45,0,0.5
dpctgan,ShadowModelling(RandomQueries),12435,0,0.35,0,0.5
dpctgan,ShadowModelling(RandomQueries),12435,1,0.28,0,0.5
dpctgan,ShadowModelling(RandomQueries),12435,0,0.43,0,0.5
dpctgan,ShadowModelling(RandomQueries),12435,1,0.45,0,0.5
dpctgan,ShadowModelling(RandomQueries),12435,0,0.36,0,0.5
dpctgan,ShadowModelling(RandomQueries),12435,1,0.41,0,0.5
dpctgan,ShadowModelling(RandomQueries),12435,0,0.47,0,0.5
dpctgan,ShadowModelling(RandomQueries),12435,1,0.49,0,0.5
dpctgan,ShadowModelling(RandomQueries),12435,0,0.38,0,0.5
dpctgan,ShadowModelling(RandomQueries),12435,1,0.47,0,0.5
dpctgan,ShadowModelling(RandomQueries),12435,0,0.4,0,0.5
dpctgan,ShadowModelling(RandomQueries),12435,1,0.47,0,0.5
dpctgan,ShadowModelling(RandomQueries),12435,0,0.55,1,0.5
dpctgan,ShadowModelling(RandomQueries),12435,1,0.63,1,0.5
dpctgan,ShadowModelling(RandomQueries),12435,0,0.31,0,0.5
dpctgan,ShadowModelling(RandomQueries),12435,1,0.57,1,0.5
dpctgan,ShadowModelling(RandomQueries),12435,0,0.68,1,0.5
dpctgan,ShadowModelling(RandomQueries),12435,1,0.51,1,0.5
dpctgan,ShadowModelling(RandomQueries),12435,0,0.52,1,0.5
dpctgan,ShadowModelling(RandomQueries),12435,1,0.45,0,0.5
dpctgan,ShadowModelling(RandomQueries),12435,0,0.53,1,0.5
dpctgan,ShadowModelling(RandomQueries),12435,1,0.6,1,0.5
dpctgan,ShadowModelling(RandomQueries),12435,0,0.59,1,0.5
dpctgan,ShadowModelling(RandomQueries),12435,1,0.5,0,0.5
dpctgan,ShadowModelling(RandomQueries),12435,0,0.3,0,0.5
dpctgan,ShadowModelling(RandomQueries),12435,1,0.49,0,0.5
dpctgan,ShadowModelling(RandomQueries),12435,0,0.46,0,0.5
dpctgan,ShadowModelling(RandomQueries),12435,1,0.4,0,0.5
dpctgan,ShadowModelling(RandomQueries),12435,0,0.66,1,0.5
dpctgan,ShadowModelling(RandomQueries),12435,1,0.43,0,0.5
dpctgan,ShadowModelling(RandomQueries),12435,0,0.46,0,0.5
dpctgan,ShadowModelling(RandomQueries),12435,1,0.35,0,0.5
dpctgan,ShadowModelling(RandomQueries),12435,0,0.49,0,0.5
dpctgan,ShadowModelling(RandomQueries),12435,1,0.6,1,0.5
dpctgan,ShadowModelling(RandomQueries),12435,0,0.62,1,0.5
dpctgan,ShadowModelling(RandomQueries),12435,1,0.6,1,0.5
dpctgan,ShadowModelling(RandomQueries),12435,0,0.51,1,0.5
dpctgan,ShadowModelling(RandomQueries),12435,1,0.62,1,0.5
dpctgan,ShadowModelling(RandomQueries),12435,0,0.46,0,0.5
dpctgan,ShadowModelling(RandomQueries),12435,1,0.45,0,0.5
dpctgan,ShadowModelling(RandomQueries),12435,0,0.57,1,0.5
dpctgan,ShadowModelling(RandomQueries),12435,1,0.49,0,0.5
dpctgan,ShadowModelling(RandomQueries),12435,0,0.45,0,0.5
dpctgan,ShadowModelling(RandomQueries),12435,1,0.5,0,0.5
dpctgan,ShadowModelling(RandomQueries),12435,0,0.49,0,0.5
dpctgan,ShadowModelling(RandomQueries),12435,1,0.72,1,0.5
dpctgan,ShadowModelling(RandomQueries),12435,0,0.6,1,0.5
dpctgan,ShadowModelling(RandomQueries),12435,1,0.46,0,0.5
dpctgan,ShadowModelling(RandomQueries),12435,0,0.58,1,0.5
dpctgan,ShadowModelling(RandomQueries),12435,1,0.33,0,0.5
dpctgan,ShadowModelling(RandomQueries),12435,0,0.64,1,0.5
dpctgan,ShadowModelling(RandomQueries),12435,1,0.27,0,0.5
dpctgan,ShadowModelling(RandomQueries),12435,0,0.68,1,0.5
dpctgan,ShadowModelling(RandomQueries),12435,1,0.34,0,0.5
dpctgan,ShadowModelling(RandomQueries),12435,0,0.44,0,0.5
dpctgan,ShadowModelling(RandomQueries),12435,1,0.6,1,0.5
dpctgan,ShadowModelling(RandomQueries),12435,0,0.37,0,0.5
dpctgan,ShadowModelling(RandomQueries),12435,1,0.45,0,0.5
dpctgan,ShadowModelling(RandomQueries),12435,0,0.6,1,0.5
dpctgan,ShadowModelling(RandomQueries),12435,1,0.36,0,0.5
dpctgan,ShadowModelling(RandomQueries),12435,0,0.59,1,0.5
dpctgan,ShadowModelling(RandomQueries),12435,1,0.53,1,0.5
dpctgan,ShadowModelling(RandomQueries),12435,0,0.32,0,0.5
dpctgan,ShadowModelling(RandomQueries),12435,1,0.81,1,0.5
dpctgan,ShadowModelling(RandomQueries),12435,0,0.58,1,0.5
dpctgan,ShadowModelling(RandomQueries),12435,1,0.54,1,0.5
dpctgan,ShadowModelling(RandomQueries),12435,0,0.69,1,0.5
dpctgan,ShadowModelling(RandomQueries),12435,1,0.51,1,0.5
dpctgan,ShadowModelling(RandomQueries),12435,0,0.52,1,0.5
dpctgan,ShadowModelling(RandomQueries),12435,1,0.59,1,0.5
dpctgan,ShadowModelling(RandomQueries),12435,0,0.56,1,0.5
dpctgan,ShadowModelling(RandomQueries),12435,1,0.45,0,0.5
dpctgan,ShadowModelling(RandomQueries),12435,0,0.44,0,0.5
dpctgan,ShadowModelling(RandomQueries),12435,1,0.6,1,0.5
dpctgan,ShadowModelling(RandomQueries),12435,0,0.45,0,0.5
dpctgan,ShadowModelling(RandomQueries),12435,1,0.3,0,0.5
dpctgan,ShadowModelling(RandomQueries),12435,0,0.65,1,0.5
dpctgan,ShadowModelling(RandomQueries),12435,1,0.59,1,0.5
dpctgan,ShadowModelling(RandomQueries),12435,0,0.53,1,0.5
dpctgan,ShadowModelling(RandomQueries),12435,1,0.4,0,0.5
dpctgan,ShadowModelling(RandomQueries),12435,0,0.45,0,0.5
dpctgan,ShadowModelling(RandomQueries),12435,1,0.46,0,0.5
dpctgan,ShadowModelling(RandomQueries),12435,0,0.52,1,0.5
dpctgan,ShadowModelling(RandomQueries),12435,1,0.52,1,0.5
dpctgan,ShadowModelling(RandomQueries),12435,0,0.39,0,0.5
dpctgan,ShadowModelling(RandomQueries),12435,1,0.67,1,0.5
dpctgan,ShadowModelling(RandomQueries),12435,0,0.34,0,0.5
dpctgan,ShadowModelling(RandomQueries),12435,1,0.42,0,0.5
dpctgan,ShadowModelling(RandomQueries),12435,0,0.46,0,0.5
dpctgan,ShadowModelling(RandomQueries),12435,1,0.7,1,0.5
dpctgan,ShadowModelling(RandomQueries),12435,0,0.41,0,0.5
dpctgan,ShadowModelling(RandomQueries),12435,1,0.39,0,0.5
dpctgan,ShadowModelling(RandomQueries),12435,0,0.34,0,0.5
dpctgan,ShadowModelling(RandomQueries),12435,1,0.53,1,0.5
dpctgan,ShadowModelling(RandomQueries),12435,0,0.53,1,0.5
dpctgan,ShadowModelling(RandomQueries),12435,1,0.62,1,0.5
dpctgan,ShadowModelling(RandomQueries),12435,0,0.36,0,0.5
dpctgan,ShadowModelling(RandomQueries),12435,1,0.33,0,0.5
dpctgan,ShadowModelling(RandomQueries),12435,0,0.43,0,0.5
dpctgan,ShadowModelling(RandomQueries),12435,1,0.59,1,0.5
dpctgan,ShadowModelling(RandomQueries),12435,0,0.53,1,0.5
dpctgan,ShadowModelling(RandomQueries),12435,1,0.43,0,0.5
dpctgan,ShadowModelling(RandomQueries),12435,0,0.59,1,0.5
dpctgan,ShadowModelling(RandomQueries),12435,1,0.43,0,0.5
dpctgan,ShadowModelling(RandomQueries),12435,0,0.69,1,0.5
dpctgan,ShadowModelling(RandomQueries),12435,1,0.35,0,0.5
dpctgan,ShadowModelling(RandomQueries),12435,0,0.27,0,0.5
dpctgan,ShadowModelling(RandomQueries),12435,1,0.45,0,0.5
dpctgan,ShadowModelling(RandomQueries),12435,0,0.53,1,0.5
dpctgan,ShadowModelling(RandomQueries),12435,1,0.58,1,0.5
dpctgan,ShadowModelling(RandomQueries),12435,0,0.36,0,0.5
dpctgan,ShadowModelling(RandomQueries),12435,1,0.46,0,0.5
dpctgan,ShadowModelling(RandomQueries),12435,0,0.74,1,0.5
dpctgan,ShadowModelling(RandomQueries),12435,1,0.48,0,0.5
dpctgan,ShadowModelling(RandomQueries),12435,0,0.58,1,0.5
dpctgan,ShadowModelling(RandomQueries),12435,1,0.42,0,0.5
dpctgan,ShadowModelling(RandomQueries),12435,0,0.46,0,0.5
dpctgan,ShadowModelling(RandomQueries),12435,1,0.77,1,0.5
dpctgan,ShadowModelling(RandomQueries),12435,0,0.51,1,0.5
dpctgan,ShadowModelling(RandomQueries),12435,1,0.51,1,0.5
dpctgan,ShadowModelling(RandomQueries),12435,0,0.44,0,0.5
dpctgan,ShadowModelling(RandomQueries),12435,1,0.64,1,0.5
dpctgan,ShadowModelling(RandomQueries),12435,0,0.45,0,0.5
dpctgan,ShadowModelling(RandomQueries),12435,1,0.56,1,0.5
dpctgan,ShadowModelling(RandomQueries),12435,0,0.6,1,0.5
dpctgan,ShadowModelling(RandomQueries),12435,1,0.52,1,0.5
dpctgan,ShadowModelling(RandomQueries),12435,0,0.54,1,0.5
dpctgan,ShadowModelling(RandomQueries),12435,1,0.35,0,0.5
dpctgan,ShadowModelling(RandomQueries),12435,0,0.49,0,0.5
dpctgan,ShadowModelling(RandomQueries),12435,1,0.44,0,0.5
dpctgan,ShadowModelling(RandomQueries),12435,0,0.25,0,0.5
dpctgan,ShadowModelling(RandomQueries),12435,1,0.36,0,0.5
dpctgan,ShadowModelling(RandomQueries),12435,0,0.38,0,0.5
dpctgan,ShadowModelling(RandomQueries),12435,1,0.63,1,0.5
dpctgan,ShadowModelling(RandomQueries),12435,0,0.47,0,0.5
dpctgan,ShadowModelling(RandomQueries),12435,1,0.46,0,0.5
dpctgan,ShadowModelling(RandomQueries),12435,0,0.26,0,0.5
dpctgan,ShadowModelling(RandomQueries),12435,1,0.67,1,0.5
dpctgan,ShadowModelling(RandomQueries),12435,0,0.22,0,0.5
dpctgan,ShadowModelling(RandomQueries),12435,1,0.47,0,0.5
dpctgan,ShadowModelling(RandomQueries),12435,0,0.51,1,0.5
dpctgan,ShadowModelling(RandomQueries),12435,1,0.61,1,0.5
dpctgan,ShadowModelling(RandomQueries),12435,0,0.47,0,0.5
dpctgan,ShadowModelling(RandomQueries),12435,1,0.72,1,0.5
dpctgan,ShadowModelling(RandomQueries),12435,0,0.56,1,0.5
dpctgan,ShadowModelling(RandomQueries),12435,1,0.44,0,0.5
dpctgan,ShadowModelling(RandomQueries),12435,0,0.73,1,0.5
dpctgan,ShadowModelling(RandomQueries),12435,1,0.52,1,0.5
dpctgan,ShadowModelling(RandomQueries),12435,0,0.54,1,0.5
dpctgan,ShadowModelling(RandomQueries),12435,1,0.41,0,0.5
dpctgan,ShadowModelling(RandomQueries),12435,0,0.49,0,0.5
dpctgan,ShadowModelling(RandomQueries),12435,1,0.6,1,0.5
dpctgan,ShadowModelling(RandomQueries),12435,0,0.66,1,0.5
dpctgan,ShadowModelling(RandomQueries),12435,1,0.4,0,0.5
dpctgan,ShadowModelling(RandomQueries),12435,0,0.56,1,0.5
dpctgan,ShadowModelling(RandomQueries),12435,1,0.41,0,0.5
dpctgan,ShadowModelling(RandomQueries),12435,0,0.76,1,0.5
dpctgan,ShadowModelling(RandomQueries),12435,1,0.39,0,0.5
dpctgan,ShadowModelling(RandomQueries),12435,0,0.63,1,0.5
dpctgan,ShadowModelling(RandomQueries),12435,1,0.56,1,0.5
dpctgan,ShadowModelling(RandomQueries),12435,0,0.52,1,0.5
dpctgan,ShadowModelling(RandomQueries),12435,1,0.37,0,0.5
dpctgan,ShadowModelling(RandomQueries),12435,0,0.45,0,0.5
dpctgan,ShadowModelling(RandomQueries),12435,1,0.51,1,0.5
dpctgan,ShadowModelling(RandomQueries),12435,0,0.4,0,0.5
dpctgan,ShadowModelling(RandomQueries),12435,1,0.44,0,0.5
dpctgan,ShadowModelling(RandomQueries),12435,0,0.33,0,0.5
dpctgan,ShadowModelling(RandomQueries),12435,1,0.56,1,0.5
dpctgan,ShadowModelling(RandomQueries),12435,0,0.42,0,0.5
dpctgan,ShadowModelling(RandomQueries),12435,1,0.57,1,0.5
dpctgan,ShadowModelling(RandomQueries),12435,0,0.57,1,0.5
dpctgan,ShadowModelling(RandomQueries),12435,1,0.37,0,0.5
dpctgan,ShadowModelling(RandomQueries),12435,0,0.49,0,0.5
dpctgan,ShadowModelling(RandomQueries),12435,1,0.53,1,0.5
dpctgan,ShadowModelling(RandomQueries),12435,0,0.5,0,0.5
dpctgan,ShadowModelling(RandomQueries),12435,1,0.65,1,0.5
dpctgan,ShadowModelling(RandomQueries),12435,0,0.5,0,0.5
dpctgan,ShadowModelling(RandomQueries),12435,1,0.65,1,0.5
dpctgan,ShadowModelling(RandomQueries),12435,0,0.6,1,0.5
dpctgan,ShadowModelling(RandomQueries),12435,1,0.69,1,0.5
dpctgan,ShadowModelling(RandomQueries),12435,0,0.49,0,0.5
dpctgan,ShadowModelling(RandomQueries),12435,1,0.62,1,0.5
dpctgan,ShadowModelling(RandomQueries),12435,0,0.53,1,0.5
dpctgan,ShadowModelling(RandomQueries),12435,1,0.45,0,0.5
dpctgan,ShadowModelling(RandomQueries),12435,0,0.52,1,0.5
dpctgan,ShadowModelling(RandomQueries),12435,1,0.52,1,0.5
dpctgan,ShadowModelling(RandomQueries),12435,0,0.43,0,0.5
dpctgan,ShadowModelling(RandomQueries),12435,1,0.35,0,0.5
dpctgan,ShadowModelling(RandomQueries),12435,0,0.25,0,0.5
dpctgan,ShadowModelling(RandomQueries),12435,1,0.34,0,0.5
dpctgan,ShadowModelling(RandomQueries),12435,0,0.36,0,0.5
dpctgan,ShadowModelling(RandomQueries),12435,1,0.45,0,0.5
dpctgan,ShadowModelling(RandomQueries),12435,0,0.44,0,0.5
dpctgan,ShadowModelling(RandomQueries),12435,1,0.57,1,0.5
dpctgan,ShadowModelling(RandomQueries),12435,0,0.48,0,0.5
dpctgan,ShadowModelling(RandomQueries),12435,1,0.44,0,0.5
dpctgan,ShadowModelling(RandomQueries),12435,0,0.28,0,0.5
dpctgan,ShadowModelling(RandomQueries),12435,1,0.62,1,0.5
dpctgan,ShadowModelling(RandomQueries),12435,0,0.48,0,0.5
dpctgan,ShadowModelling(RandomQueries),12435,1,0.47,0,0.5
dpctgan,ShadowModelling(RandomQueries),12435,0,0.53,1,0.5
dpctgan,ShadowModelling(RandomQueries),12435,1,0.46,0,0.5
dpctgan,ShadowModelling(RandomQueries),12435,0,0.66,1,0.5
dpctgan,ShadowModelling(RandomQueries),12435,1,0.63,1,0.5
dpctgan,ShadowModelling(RandomQueries),12435,0,0.5,0,0.5
dpctgan,ShadowModelling(RandomQueries),12435,1,0.67,1,0.5
dpctgan,ShadowModelling(RandomQueries),12435,0,0.56,1,0.5
dpctgan,ShadowModelling(RandomQueries),12435,1,0.49,0,0.5
dpctgan,ShadowModelling(RandomQueries),12435,0,0.66,1,0.5
dpctgan,ShadowModelling(RandomQueries),12435,1,0.56,1,0.5
dpctgan,ShadowModelling(RandomQueries),12435,0,0.31,0,0.5
dpctgan,ShadowModelling(RandomQueries),12435,1,0.46,0,0.5
dpctgan,ShadowModelling(RandomQueries),12435,0,0.52,1,0.5
dpctgan,ShadowModelling(RandomQueries),12435,1,0.61,1,0.5
dpctgan,ShadowModelling(RandomQueries),12435,0,0.61,1,0.5
dpctgan,ShadowModelling(RandomQueries),12435,1,0.53,1,0.5
dpctgan,ShadowModelling(RandomQueries),12435,0,0.45,0,0.5
dpctgan,ShadowModelling(RandomQueries),12435,1,0.59,1,0.5
dpctgan,ShadowModelling(RandomQueries),12435,0,0.58,1,0.5
dpctgan,ShadowModelling(RandomQueries),12435,1,0.53,1,0.5
dpctgan,ShadowModelling(RandomQueries),12435,0,0.43,0,0.5
dpctgan,ShadowModelling(RandomQueries),12435,1,0.41,0,0.5
dpctgan,ShadowModelling(RandomQueries),12435,0,0.5,0,0.5
dpctgan,ShadowModelling(RandomQueries),12435,1,0.47,0,0.5
dpctgan,ShadowModelling(RandomQueries),12435,0,0.63,1,0.5
dpctgan,ShadowModelling(RandomQueries),12435,1,0.34,0,0.5
dpctgan,ShadowModelling(RandomQueries),12435,0,0.31,0,0.5
dpctgan,ShadowModelling(RandomQueries),12435,1,0.58,1,0.5
dpctgan,ShadowModelling(RandomQueries),12435,0,0.37,0,0.5
dpctgan,ShadowModelling(RandomQueries),12435,1,0.45,0,0.5
dpctgan,ShadowModelling(RandomQueries),12435,0,0.54,1,0.5
dpctgan,ShadowModelling(RandomQueries),12435,1,0.45,0,0.5
dpctgan,ShadowModelling(RandomQueries),12435,0,0.44,0,0.5
dpctgan,ShadowModelling(RandomQueries),12435,1,0.44,0,0.5
dpctgan,ShadowModelling(RandomQueries),12435,0,0.79,1,0.5
dpctgan,ShadowModelling(RandomQueries),12435,1,0.46,0,0.5
dpctgan,ShadowModelling(RandomQueries),12435,0,0.53,1,0.5
dpctgan,ShadowModelling(RandomQueries),12435,1,0.66,1,0.5
dpctgan,ShadowModelling(RandomQueries),12435,0,0.55,1,0.5
dpctgan,ShadowModelling(RandomQueries),12435,1,0.59,1,0.5
dpctgan,ShadowModelling(RandomQueries),12435,0,0.5,0,0.5
dpctgan,ShadowModelling(RandomQueries),12435,1,0.49,0,0.5
dpctgan,ShadowModelling(RandomQueries),12435,0,0.43,0,0.5
dpctgan,ShadowModelling(RandomQueries),12435,1,0.6,1,0.5
dpctgan,ShadowModelling(RandomQueries),12435,0,0.5,0,0.5
dpctgan,ShadowModelling(RandomQueries),12435,1,0.43,0,0.5
dpctgan,ShadowModelling(RandomQueries),12435,0,0.41,0,0.5
dpctgan,ShadowModelling(RandomQueries),12435,1,0.36,0,0.5
dpctgan,ShadowModelling(RandomQueries),12435,0,0.37,0,0.5
dpctgan,ShadowModelling(RandomQueries),12435,1,0.57,1,0.5
dpctgan,ShadowModelling(RandomQueries),12435,0,0.51,1,0.5
dpctgan,ShadowModelling(RandomQueries),12435,1,0.5,0,0.5
dpctgan,ShadowModelling(RandomQueries),12435,0,0.45,0,0.5
dpctgan,ShadowModelling(RandomQueries),12435,1,0.44,0,0.5
dpctgan,ShadowModelling(RandomQueries),12435,0,0.27,0,0.5
dpctgan,ShadowModelling(RandomQueries),12435,1,0.67,1,0.5
dpctgan,ShadowModelling(RandomQueries),12435,0,0.64,1,0.5
dpctgan,ShadowModelling(RandomQueries),12435,1,0.29,0,0.5
dpctgan,ShadowModelling(RandomQueries),12435,0,0.52,1,0.5
dpctgan,ShadowModelling(RandomQueries),12435,1,0.41,0,0.5
dpctgan,ShadowModelling(RandomQueries),12435,0,0.47,0,0.5
dpctgan,ShadowModelling(RandomQueries),12435,1,0.37,0,0.5
dpctgan,ShadowModelling(RandomQueries),12435,0,0.71,1,0.5
dpctgan,ShadowModelling(RandomQueries),12435,1,0.32,0,0.5
dpctgan,ShadowModelling(RandomQueries),12435,0,0.35,0,0.5
dpctgan,ShadowModelling(RandomQueries),12435,1,0.79,1,0.5
dpctgan,ShadowModelling(RandomQueries),12435,0,0.42,0,0.5
dpctgan,ShadowModelling(RandomQueries),12435,1,0.51,1,0.5
dpctgan,ShadowModelling(RandomQueries),12435,0,0.34,0,0.5
dpctgan,ShadowModelling(RandomQueries),12435,1,0.46,0,0.5
dpctgan,ShadowModelling(RandomQueries),12435,0,0.52,1,0.5
dpctgan,ShadowModelling(RandomQueries),12435,1,0.45,0,0.5
dpctgan,ShadowModelling(RandomQueries),12435,0,0.56,1,0.5
dpctgan,ShadowModelling(RandomQueries),12435,1,0.51,1,0.5
dpctgan,ShadowModelling(RandomQueries),12435,0,0.5,0,0.5
dpctgan,ShadowModelling(RandomQueries),12435,1,0.59,1,0.5
dpctgan,ShadowModelling(RandomQueries),12435,0,0.48,0,0.5
dpctgan,ShadowModelling(RandomQueries),12435,1,0.57,1,0.5
dpctgan,ShadowModelling(RandomQueries),12435,0,0.59,1,0.5
dpctgan,ShadowModelling(RandomQueries),12435,1,0.46,0,0.5
dpctgan,ShadowModelling(RandomQueries),12435,0,0.66,1,0.5
dpctgan,ShadowModelling(RandomQueries),12435,1,0.48,0,0.5
dpctgan,ShadowModelling(RandomQueries),12435,0,0.75,1,0.5
dpctgan,ShadowModelling(RandomQueries),12435,1,0.62,1,0.5
dpctgan,ShadowModelling(RandomQueries),12435,0,0.66,1,0.5
dpctgan,ShadowModelling(RandomQueries),12435,1,0.5,0,0.5
dpctgan,ShadowModelling(RandomQueries),12435,0,0.26,0,0.5
dpctgan,ShadowModelling(RandomQueries),12435,1,0.62,1,0.5
dpctgan,ShadowModelling(RandomQueries),12435,0,0.36,0,0.5
dpctgan,ShadowModelling(RandomQueries),12435,1,0.61,1,0.5
dpctgan,ShadowModelling(RandomQueries),12435,0,0.4,0,0.5
dpctgan,ShadowModelling(RandomQueries),12435,1,0.49,0,0.5
dpctgan,ShadowModelling(RandomQueries),12435,0,0.55,1,0.5
dpctgan,ShadowModelling(RandomQueries),12435,1,0.33,0,0.5
dpctgan,ShadowModelling(RandomQueries),12435,0,0.57,1,0.5
dpctgan,ShadowModelling(RandomQueries),12435,1,0.58,1,0.5
dpctgan,ShadowModelling(RandomQueries),12435,0,0.47,0,0.5
dpctgan,ShadowModelling(RandomQueries),12435,1,0.31,0,0.5
dpctgan,ShadowModelling(RandomQueries),12435,0,0.51,1,0.5
dpctgan,ShadowModelling(RandomQueries),12435,1,0.7,1,0.5
dpctgan,ShadowModelling(RandomQueries),12435,0,0.46,0,0.5
dpctgan,ShadowModelling(RandomQueries),12435,1,0.53,1,0.5
dpctgan,ShadowModelling(RandomQueries),12435,0,0.52,1,0.5
dpctgan,ShadowModelling(RandomQueries),12435,1,0.44,0,0.5
dpctgan,ShadowModelling(RandomQueries),12435,0,0.59,1,0.5
dpctgan,ShadowModelling(RandomQueries),12435,1,0.68,1,0.5
dpctgan,ShadowModelling(RandomQueries),12435,0,0.66,1,0.5
dpctgan,ShadowModelling(RandomQueries),12435,1,0.38,0,0.5
dpctgan,ShadowModelling(RandomQueries),12435,0,0.4,0,0.5
dpctgan,ShadowModelling(RandomQueries),12435,1,0.56,1,0.5
dpctgan,ShadowModelling(RandomQueries),12435,0,0.45,0,0.5
dpctgan,ShadowModelling(RandomQueries),12435,1,0.67,1,0.5
dpctgan,ShadowModelling(RandomQueries),12435,0,0.76,1,0.5
dpctgan,ShadowModelling(RandomQueries),12435,1,0.36,0,0.5
dpctgan,ShadowModelling(RandomQueries),12435,0,0.25,0,0.5
dpctgan,ShadowModelling(RandomQueries),12435,1,0.52,1,0.5
dpctgan,ShadowModelling(RandomQueries),12435,0,0.48,0,0.5
dpctgan,ShadowModelling(RandomQueries),12435,1,0.39,0,0.5
dpctgan,ShadowModelling(RandomQueries),12435,0,0.58,1,0.5
dpctgan,ShadowModelling(RandomQueries),12435,1,0.59,1,0.5
dpctgan,ShadowModelling(RandomQueries),12435,0,0.5,0,0.5
dpctgan,ShadowModelling(RandomQueries),12435,1,0.28,0,0.5
dpctgan,ShadowModelling(RandomQueries),12435,0,0.53,1,0.5
dpctgan,ShadowModelling(RandomQueries),12435,1,0.45,0,0.5
dpctgan,ShadowModelling(RandomQueries),12435,0,0.38,0,0.5
dpctgan,ShadowModelling(RandomQueries),12435,1,0.69,1,0.5
dpctgan,ShadowModelling(RandomQueries),12435,0,0.5,0,0.5
dpctgan,ShadowModelling(RandomQueries),12435,1,0.27,0,0.5
dpctgan,ShadowModelling(RandomQueries),12435,0,0.51,1,0.5
dpctgan,ShadowModelling(RandomQueries),12435,1,0.62,1,0.5
dpctgan,ShadowModelling(RandomQueries),12435,0,0.53,1,0.5
dpctgan,ShadowModelling(RandomQueries),12435,1,0.57,1,0.5
dpctgan,ShadowModelling(RandomQueries),12435,0,0.31,0,0.5
dpctgan,ShadowModelling(RandomQueries),12435,1,0.61,1,0.5
dpctgan,ShadowModelling(RandomQueries),12435,0,0.46,0,0.5
dpctgan,ShadowModelling(RandomQueries),12435,1,0.37,0,0.5
dpctgan,ShadowModelling(RandomQueries),12435,0,0.55,1,0.5
dpctgan,ShadowModelling(RandomQueries),12435,1,0.53,1,0.5
dpctgan,ShadowModelling(RandomQueries),12435,0,0.39,0,0.5
dpctgan,ShadowModelling(RandomQueries),12435,1,0.6,1,0.5
dpctgan,ShadowModelling(RandomQueries),12435,0,0.4,0,0.5
dpctgan,ShadowModelling(RandomQueries),12435,1,0.6,1,0.5
dpctgan,ShadowModelling(RandomQueries),12435,0,0.66,1,0.5
dpctgan,ShadowModelling(RandomQueries),12435,1,0.31,0,0.5
dpctgan,ShadowModelling(RandomQueries),12435,0,0.6,1,0.5
dpctgan,ShadowModelling(RandomQueries),12435,1,0.56,1,0.5
dpctgan,ShadowModelling(RandomQueries),12435,0,0.48,0,0.5
dpctgan,ShadowModelling(RandomQueries),12435,1,0.52,1,0.5
dpctgan,ShadowModelling(RandomQueries),12435,0,0.44,0,0.5
dpctgan,ShadowModelling(RandomQueries),12435,1,0.4,0,0.5
dpctgan,ShadowModelling(RandomQueries),12435,0,0.47,0,0.5
dpctgan,ShadowModelling(RandomQueries),12435,1,0.5,0,0.5
dpctgan,ShadowModelling(RandomQueries),12435,0,0.34,0,0.5
dpctgan,ShadowModelling(RandomQueries),12435,1,0.44,0,0.5
dpctgan,ShadowModelling(RandomQueries),12435,0,0.36,0,0.5
dpctgan,ShadowModelling(RandomQueries),12435,1,0.46,0,0.5
dpctgan,ShadowModelling(RandomQueries),12435,0,0.61,1,0.5
dpctgan,ShadowModelling(RandomQueries),12435,1,0.52,1,0.5
dpctgan,ShadowModelling(RandomQueries),12435,0,0.64,1,0.5
dpctgan,ShadowModelling(RandomQueries),12435,1,0.6,1,0.5
dpctgan,ShadowModelling(RandomQueries),12435,0,0.21,0,0.5
dpctgan,ShadowModelling(RandomQueries),12435,1,0.36,0,0.5
dpctgan,ShadowModelling(RandomQueries),12435,0,0.51,1,0.5
dpctgan,ShadowModelling(RandomQueries),12435,1,0.54,1,0.5
dpctgan,ShadowModelling(RandomQueries),12435,0,0.26,0,0.5
dpctgan,ShadowModelling(RandomQueries),12435,1,0.56,1,0.5
dpctgan,ShadowModelling(RandomQueries),12435,0,0.49,0,0.5
dpctgan,ShadowModelling(RandomQueries),12435,1,0.71,1,0.5
dpctgan,ShadowModelling(RandomQueries),12435,0,0.47,0,0.5
dpctgan,ShadowModelling(RandomQueries),12435,1,0.55,1,0.5
dpctgan,ShadowModelling(RandomQueries),12435,0,0.45,0,0.5
dpctgan,ShadowModelling(RandomQueries),12435,1,0.63,1,0.5
dpctgan,ShadowModelling(RandomQueries),12435,0,0.59,1,0.5
dpctgan,ShadowModelling(RandomQueries),12435,1,0.56,1,0.5
dpctgan,ShadowModelling(RandomQueries),12435,0,0.31,0,0.5
dpctgan,ShadowModelling(RandomQueries),12435,1,0.5,0,0.5
dpctgan,ShadowModelling(RandomQueries),12435,0,0.4,0,0.5
dpctgan,ShadowModelling(RandomQueries),12435,1,0.43,0,0.5
dpctgan,ShadowModelling(RandomQueries),12435,0,0.42,0,0.5
dpctgan,ShadowModelling(RandomQueries),12435,1,0.32,0,0.5
dpctgan,ShadowModelling(RandomQueries),12435,0,0.58,1,0.5
dpctgan,ShadowModelling(RandomQueries),12435,1,0.66,1,0.5
dpctgan,ShadowModelling(RandomQueries),12435,0,0.46,0,0.5
dpctgan,ShadowModelling(RandomQueries),12435,1,0.39,0,0.5
dpctgan,ShadowModelling(RandomQueries),12435,0,0.56,1,0.5
dpctgan,ShadowModelling(RandomQueries),12435,1,0.5,0,0.5
dpctgan,ShadowModelling(RandomQueries),12435,0,0.41,0,0.5
dpctgan,ShadowModelling(RandomQueries),12435,1,0.4,0,0.5
dpctgan,ShadowModelling(RandomQueries),12435,0,0.55,1,0.5
dpctgan,ShadowModelling(RandomQueries),12435,1,0.54,1,0.5
dpctgan,ShadowModelling(RandomQueries),12435,0,0.61,1,0.5
dpctgan,ShadowModelling(RandomQueries),12435,1,0.5,0,0.5
dpctgan,ShadowModelling(RandomQueries),12435,0,0.25,0,0.5
dpctgan,ShadowModelling(RandomQueries),12435,1,0.48,0,0.5
dpctgan,ShadowModelling(RandomQueries),12435,0,0.6,1,0.5
dpctgan,ShadowModelling(RandomQueries),12435,1,0.45,0,0.5
dpctgan,ShadowModelling(RandomQueries),12435,0,0.3,0,0.5
dpctgan,ShadowModelling(RandomQueries),12435,1,0.62,1,0.5
dpctgan,ShadowModelling(RandomQueries),12435,0,0.43,0,0.5
dpctgan,ShadowModelling(RandomQueries),12435,1,0.67,1,0.5
dpctgan,ShadowModelling(RandomQueries),12435,0,0.29,0,0.5
dpctgan,ShadowModelling(RandomQueries),12435,1,0.6,1,0.5
dpctgan,ShadowModelling(RandomQueries),12435,0,0.52,1,0.5
dpctgan,ShadowModelling(RandomQueries),12435,1,0.56,1,0.5
dpctgan,ShadowModelling(RandomQueries),12435,0,0.47,0,0.5
dpctgan,ShadowModelling(RandomQueries),12435,1,0.56,1,0.5
dpctgan,ShadowModelling(RandomQueries),12435,0,0.37,0,0.5
dpctgan,ShadowModelling(RandomQueries),12435,1,0.58,1,0.5
dpctgan,ShadowModelling(RandomQueries),12435,0,0.24,0,0.5
dpctgan,ShadowModelling(RandomQueries),12435,1,0.51,1,0.5
dpctgan,ShadowModelling(RandomQueries),12435,0,0.36,0,0.5
dpctgan,ShadowModelling(RandomQueries),12435,1,0.54,1,0.5
dpctgan,ShadowModelling(RandomQueries),12435,0,0.43,0,0.5
dpctgan,ShadowModelling(RandomQueries),12435,1,0.3,0,0.5
dpctgan,ShadowModelling(RandomQueries),12435,0,0.53,1,0.5
dpctgan,ShadowModelling(RandomQueries),12435,1,0.45,0,0.5
dpctgan,ShadowModelling(RandomQueries),12435,0,0.66,1,0.5
dpctgan,ShadowModelling(RandomQueries),12435,1,0.49,0,0.5
dpctgan,ShadowModelling(RandomQueries),12435,0,0.42,0,0.5
dpctgan,ShadowModelling(RandomQueries),12435,1,0.72,1,0.5
dpctgan,ShadowModelling(RandomQueries),12435,0,0.38,0,0.5
dpctgan,ShadowModelling(RandomQueries),12435,1,0.58,1,0.5
dpctgan,ShadowModelling(RandomQueries),12435,0,0.52,1,0.5
dpctgan,ShadowModelling(RandomQueries),12435,1,0.46,0,0.5
dpctgan,ShadowModelling(RandomQueries),12435,0,0.26,0,0.5
dpctgan,ShadowModelling(RandomQueries),12435,1,0.53,1,0.5
dpctgan,ShadowModelling(RandomQueries),12435,0,0.39,0,0.5
dpctgan,ShadowModelling(RandomQueries),12435,1,0.51,1,0.5
dpctgan,ShadowModelling(RandomQueries),12435,0,0.21,0,0.5
dpctgan,ShadowModelling(RandomQueries),12435,1,0.45,0,0.5
dpctgan,ShadowModelling(RandomQueries),12435,0,0.61,1,0.5
dpctgan,ShadowModelling(RandomQueries),12435,1,0.39,0,0.5
dpctgan,ShadowModelling(RandomQueries),12435,0,0.55,1,0.5
dpctgan,ShadowModelling(RandomQueries),12435,1,0.48,0,0.5
dpctgan,ShadowModelling(RandomQueries),12435,0,0.47,0,0.5
dpctgan,ShadowModelling(RandomQueries),12435,1,0.47,0,0.5
dpctgan,ShadowModelling(RandomQueries),12435,0,0.58,1,0.5
dpctgan,ShadowModelling(RandomQueries),12435,1,0.35,0,0.5
dpctgan,ShadowModelling(RandomQueries),12435,0,0.64,1,0.5
dpctgan,ShadowModelling(RandomQueries),12435,1,0.6,1,0.5
dpctgan,ShadowModelling(RandomQueries),12435,0,0.35,0,0.5
dpctgan,ShadowModelling(RandomQueries),12435,1,0.5,0,0.5
dpctgan,ShadowModelling(RandomQueries),12435,0,0.46,0,0.5
dpctgan,ShadowModelling(RandomQueries),12435,1,0.67,1,0.5
dpctgan,ShadowModelling(RandomQueries),12435,0,0.66,1,0.5
dpctgan,ShadowModelling(RandomQueries),12435,1,0.49,0,0.5
dpctgan,ShadowModelling(RandomQueries),12435,0,0.43,0,0.5
dpctgan,ShadowModelling(RandomQueries),12435,1,0.32,0,0.5
dpctgan,ShadowModelling(RandomQueries),12435,0,0.41,0,0.5
dpctgan,ShadowModelling(RandomQueries),12435,1,0.49,0,0.5
dpctgan,ShadowModelling(RandomQueries),12435,0,0.43,0,0.5
dpctgan,ShadowModelling(RandomQueries),12435,1,0.66,1,0.5
dpctgan,ShadowModelling(RandomQueries),12435,0,0.45,0,0.5
dpctgan,ShadowModelling(RandomQueries),12435,1,0.4,0,0.5
dpctgan,ShadowModelling(RandomQueries),12435,0,0.48,0,0.5
dpctgan,ShadowModelling(RandomQueries),12435,1,0.58,1,0.5
dpctgan,ShadowModelling(RandomQueries),12435,0,0.56,1,0.5
dpctgan,ShadowModelling(RandomQueries),12435,1,0.47,0,0.5
dpctgan,ShadowModelling(RandomQueries),12435,0,0.56,1,0.5
dpctgan,ShadowModelling(RandomQueries),12435,1,0.6,1,0.5
dpctgan,ShadowModelling(RandomQueries),12435,0,0.27,0,0.5
dpctgan,ShadowModelling(RandomQueries),12435,1,0.7,1,0.5
dpctgan,ShadowModelling(RandomQueries),12435,0,0.27,0,0.5
dpctgan,ShadowModelling(RandomQueries),12435,1,0.49,0,0.5
dpctgan,ShadowModelling(RandomQueries),12435,0,0.63,1,0.5
dpctgan,ShadowModelling(RandomQueries),12435,1,0.66,1,0.5
dpctgan,ShadowModelling(RandomQueries),12435,0,0.5,0,0.5
dpctgan,ShadowModelling(RandomQueries),12435,1,0.56,1,0.5
dpctgan,ShadowModelling(RandomQueries),12435,0,0.4,0,0.5
dpctgan,ShadowModelling(RandomQueries),12435,1,0.35,0,0.5
dpctgan,ShadowModelling(RandomQueries),12435,0,0.59,1,0.5
dpctgan,ShadowModelling(RandomQueries),12435,1,0.62,1,0.5
dpctgan,ShadowModelling(RandomQueries),12435,0,0.49,0,0.5
dpctgan,ShadowModelling(RandomQueries),12435,1,0.53,1,0.5
dpctgan,ShadowModelling(RandomQueries),12435,0,0.68,1,0.5
dpctgan,ShadowModelling(RandomQueries),12435,1,0.32,0,0.5
dpctgan,ShadowModelling(RandomQueries),12435,0,0.48,0,0.5
dpctgan,ShadowModelling(RandomQueries),12435,1,0.53,1,0.5
dpctgan,ShadowModelling(RandomQueries),12435,0,0.4,0,0.5
dpctgan,ShadowModelling(RandomQueries),12435,1,0.65,1,0.5
dpctgan,ShadowModelling(RandomQueries),12435,0,0.55,1,0.5
dpctgan,ShadowModelling(RandomQueries),12435,1,0.61,1,0.5
dpctgan,ShadowModelling(RandomQueries),12435,0,0.45,0,0.5
dpctgan,ShadowModelling(RandomQueries),12435,1,0.25,0,0.5
dpctgan,ShadowModelling(RandomQueries),12435,0,0.39,0,0.5
dpctgan,ShadowModelling(RandomQueries),12435,1,0.74,1,0.5
dpctgan,ShadowModelling(RandomQueries),12435,0,0.72,1,0.5
dpctgan,ShadowModelling(RandomQueries),12435,1,0.57,1,0.5
dpctgan,ShadowModelling(RandomQueries),12435,0,0.58,1,0.5
dpctgan,ShadowModelling(RandomQueries),12435,1,0.47,0,0.5
dpctgan,ShadowModelling(RandomQueries),12435,0,0.57,1,0.5
dpctgan,ShadowModelling(RandomQueries),12435,1,0.56,1,0.5
dpctgan,ShadowModelling(RandomQueries),12435,0,0.49,0,0.5
dpctgan,ShadowModelling(RandomQueries),12435,1,0.62,1,0.5
dpctgan,ShadowModelling(RandomQueries),12435,0,0.44,0,0.5
dpctgan,ShadowModelling(RandomQueries),12435,1,0.36,0,0.5
dpctgan,ShadowModelling(RandomQueries),12435,0,0.49,0,0.5
dpctgan,ShadowModelling(RandomQueries),12435,1,0.4,0,0.5
dpctgan,ShadowModelling(RandomQueries),12435,0,0.62,1,0.5
dpctgan,ShadowModelling(RandomQueries),12435,1,0.36,0,0.5
dpctgan,ShadowModelling(RandomQueries),12435,0,0.3,0,0.5
dpctgan,ShadowModelling(RandomQueries),12435,1,0.54,1,0.5
dpctgan,ShadowModelling(RandomQueries),12435,0,0.31,0,0.5
dpctgan,ShadowModelling(RandomQueries),12435,1,0.53,1,0.5
dpctgan,ShadowModelling(RandomQueries),12435,0,0.54,1,0.5
dpctgan,ShadowModelling(RandomQueries),12435,1,0.7,1,0.5
dpctgan,ShadowModelling(RandomQueries),12435,0,0.38,0,0.5
dpctgan,ShadowModelling(RandomQueries),12435,1,0.37,0,0.5
dpctgan,ShadowModelling(RandomQueries),12435,0,0.65,1,0.5
dpctgan,ShadowModelling(RandomQueries),12435,1,0.47,0,0.5
dpctgan,ShadowModelling(RandomQueries),12435,0,0.53,1,0.5
dpctgan,ShadowModelling(RandomQueries),12435,1,0.47,0,0.5
dpctgan,ShadowModelling(RandomQueries),12435,0,0.41,0,0.5
dpctgan,ShadowModelling(RandomQueries),12435,1,0.46,0,0.5
dpctgan,ShadowModelling(RandomQueries),12435,0,0.64,1,0.5
dpctgan,ShadowModelling(RandomQueries),12435,1,0.69,1,0.5
dpctgan,ShadowModelling(RandomQueries),12435,0,0.23,0,0.5
dpctgan,ShadowModelling(RandomQueries),12435,1,0.72,1,0.5
dpctgan,ShadowModelling(RandomQueries),12435,0,0.34,0,0.5
dpctgan,ShadowModelling(RandomQueries),12435,1,0.64,1,0.5
dpctgan,ShadowModelling(RandomQueries),12435,0,0.21,0,0.5
dpctgan,ShadowModelling(RandomQueries),12435,1,0.14,0,0.5
dpctgan,ShadowModelling(RandomQueries),12435,0,0.47,0,0.5
dpctgan,ShadowModelling(RandomQueries),12435,1,0.48,0,0.5
dpctgan,ShadowModelling(RandomQueries),12435,0,0.47,0,0.5
dpctgan,ShadowModelling(RandomQueries),12435,1,0.62,1,0.5
dpctgan,ShadowModelling(RandomQueries),12435,0,0.59,1,0.5
dpctgan,ShadowModelling(RandomQueries),12435,1,0.54,1,0.5
dpctgan,ShadowModelling(RandomQueries),12435,0,0.59,1,0.5
dpctgan,ShadowModelling(RandomQueries),12435,1,0.52,1,0.5
dpctgan,ShadowModelling(RandomQueries),12435,0,0.58,1,0.5
dpctgan,ShadowModelling(RandomQueries),12435,1,0.49,0,0.5
dpctgan,ShadowModelling(RandomQueries),12435,0,0.6,1,0.5
dpctgan,ShadowModelling(RandomQueries),12435,1,0.46,0,0.5
dpctgan,ShadowModelling(RandomQueries),12435,0,0.6,1,0.5
dpctgan,ShadowModelling(RandomQueries),12435,1,0.6,1,0.5
dpctgan,ShadowModelling(RandomQueries),12435,0,0.39,0,0.5
dpctgan,ShadowModelling(RandomQueries),12435,1,0.62,1,0.5
dpctgan,ShadowModelling(RandomQueries),12435,0,0.42,0,0.5
dpctgan,ShadowModelling(RandomQueries),12435,1,0.64,1,0.5
dpctgan,ShadowModelling(RandomQueries),12435,0,0.4,0,0.5
dpctgan,ShadowModelling(RandomQueries),12435,1,0.49,0,0.5
dpctgan,ShadowModelling(RandomQueries),12435,0,0.6,1,0.5
dpctgan,ShadowModelling(RandomQueries),12435,1,0.51,1,0.5
dpctgan,ShadowModelling(RandomQueries),12435,0,0.57,1,0.5
dpctgan,ShadowModelling(RandomQueries),12435,1,0.49,0,0.5
dpctgan,ShadowModelling(RandomQueries),12435,0,0.39,0,0.5
dpctgan,ShadowModelling(RandomQueries),12435,1,0.47,0,0.5
dpctgan,ShadowModelling(RandomQueries),12435,0,0.37,0,0.5
dpctgan,ShadowModelling(RandomQueries),12435,1,0.59,1,0.5
dpctgan,ShadowModelling(RandomQueries),12435,0,0.42,0,0.5
dpctgan,ShadowModelling(RandomQueries),12435,1,0.54,1,0.5
dpctgan,ShadowModelling(RandomQueries),12435,0,0.56,1,0.5
dpctgan,ShadowModelling(RandomQueries),12435,1,0.41,0,0.5
dpctgan,ShadowModelling(RandomQueries),12435,0,0.63,1,0.5
dpctgan,ShadowModelling(RandomQueries),12435,1,0.67,1,0.5
dpctgan,ShadowModelling(RandomQueries),12435,0,0.34,0,0.5
dpctgan,ShadowModelling(RandomQueries),12435,1,0.32,0,0.5
dpctgan,ShadowModelling(RandomQueries),12435,0,0.52,1,0.5
dpctgan,ShadowModelling(RandomQueries),12435,1,0.69,1,0.5
dpctgan,ShadowModelling(RandomQueries),12435,0,0.52,1,0.5
dpctgan,ShadowModelling(RandomQueries),12435,1,0.4,0,0.5
dpctgan,ShadowModelling(RandomQueries),12435,0,0.51,1,0.5
dpctgan,ShadowModelling(RandomQueries),12435,1,0.68,1,0.5
dpctgan,ShadowModelling(RandomQueries),12435,0,0.52,1,0.5
dpctgan,ShadowModelling(RandomQueries),12435,1,0.7,1,0.5
dpctgan,ShadowModelling(RandomQueries),12435,0,0.25,0,0.5
dpctgan,ShadowModelling(RandomQueries),12435,1,0.3,0,0.5
dpctgan,ShadowModelling(RandomQueries),12435,0,0.5,0,0.5
dpctgan,ShadowModelling(RandomQueries),12435,1,0.61,1,0.5
dpctgan,ShadowModelling(RandomQueries),12435,0,0.32,0,0.5
dpctgan,ShadowModelling(RandomQueries),12435,1,0.23,0,0.5
dpctgan,ShadowModelling(RandomQueries),12435,0,0.38,0,0.5
dpctgan,ShadowModelling(RandomQueries),12435,1,0.38,0,0.5
dpctgan,ShadowModelling(RandomQueries),12435,0,0.29,0,0.5
dpctgan,ShadowModelling(RandomQueries),12435,1,0.47,0,0.5
dpctgan,ShadowModelling(RandomQueries),12435,0,0.39,0,0.5
dpctgan,ShadowModelling(RandomQueries),12435,1,0.67,1,0.5
dpctgan,ShadowModelling(RandomQueries),12435,0,0.54,1,0.5
dpctgan,ShadowModelling(RandomQueries),12435,1,0.66,1,0.5
dpctgan,ShadowModelling(RandomQueries),12435,0,0.54,1,0.5
dpctgan,ShadowModelling(RandomQueries),12435,1,0.63,1,0.5
dpctgan,ShadowModelling(RandomQueries),12435,0,0.6,1,0.5
dpctgan,ShadowModelling(RandomQueries),12435,1,0.53,1,0.5
dpctgan,ShadowModelling(RandomQueries),12435,0,0.49,0,0.5
dpctgan,ShadowModelling(RandomQueries),12435,1,0.4,0,0.5
dpctgan,ShadowModelling(RandomQueries),12435,0,0.65,1,0.5
dpctgan,ShadowModelling(RandomQueries),12435,1,0.7,1,0.5
dpctgan,ShadowModelling(RandomQueries),12435,0,0.33,0,0.5
dpctgan,ShadowModelling(RandomQueries),12435,1,0.42,0,0.5
dpctgan,ShadowModelling(RandomQueries),12435,0,0.57,1,0.5
dpctgan,ShadowModelling(RandomQueries),12435,1,0.31,0,0.5
dpctgan,ShadowModelling(RandomQueries),12435,0,0.74,1,0.5
dpctgan,ShadowModelling(RandomQueries),12435,1,0.66,1,0.5
dpctgan,ShadowModelling(RandomQueries),12435,0,0.63,1,0.5
dpctgan,ShadowModelling(RandomQueries),12435,1,0.37,0,0.5
dpctgan,ShadowModelling(RandomQueries),12435,0,0.47,0,0.5
dpctgan,ShadowModelling(RandomQueries),12435,1,0.29,0,0.5
dpctgan,ShadowModelling(RandomQueries),12435,0,0.42,0,0.5
dpctgan,ShadowModelling(RandomQueries),12435,1,0.38,0,0.5
dpctgan,ShadowModelling(RandomQueries),12435,0,0.53,1,0.5
dpctgan,ShadowModelling(RandomQueries),12435,1,0.69,1,0.5
dpctgan,ShadowModelling(RandomQueries),12435,0,0.39,0,0.5
dpctgan,ShadowModelling(RandomQueries),12435,1,0.58,1,0.5
dpctgan,ShadowModelling(RandomQueries),12435,0,0.68,1,0.5
dpctgan,ShadowModelling(RandomQueries),12435,1,0.62,1,0.5
dpctgan,ShadowModelling(RandomQueries),12435,0,0.66,1,0.5
dpctgan,ShadowModelling(RandomQueries),12435,1,0.52,1,0.5
dpctgan,ShadowModelling(RandomQueries),12435,0,0.48,0,0.5
dpctgan,ShadowModelling(RandomQueries),12435,1,0.57,1,0.5
dpctgan,ShadowModelling(RandomQueries),12435,0,0.34,0,0.5
dpctgan,ShadowModelling(RandomQueries),12435,1,0.23,0,0.5
dpctgan,ShadowModelling(RandomQueries),12435,0,0.42,0,0.5
dpctgan,ShadowModelling(RandomQueries),12435,1,0.6,1,0.5
dpctgan,ShadowModelling(RandomQueries),12435,0,0.45,0,0.5
dpctgan,ShadowModelling(RandomQueries),12435,1,0.53,1,0.5
dpctgan,ShadowModelling(RandomQueries),12435,0,0.63,1,0.5
dpctgan,ShadowModelling(RandomQueries),12435,1,0.5,0,0.5
dpctgan,ShadowModelling(RandomQueries),12435,0,0.56,1,0.5
dpctgan,ShadowModelling(RandomQueries),12435,1,0.62,1,0.5
dpctgan,ShadowModelling(RandomQueries),12435,0,0.52,1,0.5
dpctgan,ShadowModelling(RandomQueries),12435,1,0.38,0,0.5
dpctgan,ShadowModelling(RandomQueries),12435,0,0.52,1,0.5
dpctgan,ShadowModelling(RandomQueries),12435,1,0.45,0,0.5
dpctgan,ShadowModelling(RandomQueries),12435,0,0.7,1,0.5
dpctgan,ShadowModelling(RandomQueries),12435,1,0.52,1,0.5
dpctgan,ShadowModelling(RandomQueries),12435,0,0.5,0,0.5
dpctgan,ShadowModelling(RandomQueries),12435,1,0.44,0,0.5
dpctgan,ShadowModelling(RandomQueries),12435,0,0.42,0,0.5
dpctgan,ShadowModelling(RandomQueries),12435,1,0.4,0,0.5
dpctgan,ShadowModelling(RandomQueries),12435,0,0.36,0,0.5
dpctgan,ShadowModelling(RandomQueries),12435,1,0.4,0,0.5
dpctgan,ShadowModelling(RandomQueries),12435,0,0.5,0,0.5
dpctgan,ShadowModelling(RandomQueries),12435,1,0.55,1,0.5
dpctgan,ShadowModelling(RandomQueries),12435,0,0.44,0,0.5
dpctgan,ShadowModelling(RandomQueries),12435,1,0.72,1,0.5
dpctgan,ShadowModelling(RandomQueries),12435,0,0.5,0,0.5
dpctgan,ShadowModelling(RandomQueries),12435,1,0.29,0,0.5
dpctgan,ShadowModelling(RandomQueries),12435,0,0.57,1,0.5
dpctgan,ShadowModelling(RandomQueries),12435,1,0.54,1,0.5
dpctgan,ShadowModelling(RandomQueries),12435,0,0.6,1,0.5
dpctgan,ShadowModelling(RandomQueries),12435,1,0.45,0,0.5
dpctgan,ShadowModelling(RandomQueries),12435,0,0.38,0,0.5
dpctgan,ShadowModelling(RandomQueries),12435,1,0.37,0,0.5
dpctgan,ShadowModelling(RandomQueries),12435,0,0.69,1,0.5
dpctgan,ShadowModelling(RandomQueries),12435,1,0.43,0,0.5
dpctgan,ShadowModelling(RandomQueries),12435,0,0.37,0,0.5
dpctgan,ShadowModelling(RandomQueries),12435,1,0.33,0,0.5
dpctgan,ShadowModelling(RandomQueries),12435,0,0.44,0,0.5
dpctgan,ShadowModelling(RandomQueries),12435,1,0.6,1,0.5
dpctgan,ShadowModelling(RandomQueries),12435,0,0.42,0,0.5
dpctgan,ShadowModelling(RandomQueries),12435,1,0.52,1,0.5
dpctgan,ShadowModelling(RandomQueries),12435,0,0.4,0,0.5
dpctgan,ShadowModelling(RandomQueries),12435,1,0.46,0,0.5
dpctgan,ShadowModelling(RandomQueries),12435,0,0.4,0,0.5
dpctgan,ShadowModelling(RandomQueries),12435,1,0.39,0,0.5
dpctgan,ShadowModelling(RandomQueries),12435,0,0.78,1,0.5
dpctgan,ShadowModelling(RandomQueries),12435,1,0.38,0,0.5
dpctgan,ShadowModelling(RandomQueries),12435,0,0.64,1,0.5
dpctgan,ShadowModelling(RandomQueries),12435,1,0.55,1,0.5
dpctgan,ShadowModelling(RandomQueries),12435,0,0.35,0,0.5
dpctgan,ShadowModelling(RandomQueries),12435,1,0.62,1,0.5
dpctgan,ShadowModelling(RandomQueries),12435,0,0.47,0,0.5
dpctgan,ShadowModelling(RandomQueries),12435,1,0.51,1,0.5
dpctgan,ShadowModelling(RandomQueries),12435,0,0.73,1,0.5
dpctgan,ShadowModelling(RandomQueries),12435,1,0.57,1,0.5
dpctgan,ShadowModelling(RandomQueries),12435,0,0.53,1,0.5
dpctgan,ShadowModelling(RandomQueries),12435,1,0.51,1,0.5
dpctgan,ShadowModelling(RandomQueries),12435,0,0.46,0,0.5
dpctgan,ShadowModelling(RandomQueries),12435,1,0.46,0,0.5
dpctgan,ShadowModelling(RandomQueries),12435,0,0.51,1,0.5
dpctgan,ShadowModelling(RandomQueries),12435,1,0.54,1,0.5
dpctgan,ShadowModelling(RandomQueries),12435,0,0.38,0,0.5
dpctgan,ShadowModelling(RandomQueries),12435,1,0.58,1,0.5
dpctgan,ShadowModelling(RandomQueries),12435,0,0.43,0,0.5
dpctgan,ShadowModelling(RandomQueries),12435,1,0.62,1,0.5
dpctgan,ShadowModelling(RandomQueries),12435,0,0.45,0,0.5
dpctgan,ShadowModelling(RandomQueries),12435,1,0.51,1,0.5
dpctgan,ShadowModelling(RandomQueries),12435,0,0.61,1,0.5
dpctgan,ShadowModelling(RandomQueries),12435,1,0.44,0,0.5
dpctgan,ShadowModelling(RandomQueries),12435,0,0.66,1,0.5
dpctgan,ShadowModelling(RandomQueries),12435,1,0.29,0,0.5
dpctgan,ShadowModelling(RandomQueries),12435,0,0.54,1,0.5
dpctgan,ShadowModelling(RandomQueries),12435,1,0.49,0,0.5
dpctgan,ShadowModelling(RandomQueries),12435,0,0.51,1,0.5
dpctgan,ShadowModelling(RandomQueries),12435,1,0.61,1,0.5
dpctgan,ShadowModelling(RandomQueries),12435,0,0.45,0,0.5
dpctgan,ShadowModelling(RandomQueries),12435,1,0.67,1,0.5
dpctgan,ShadowModelling(RandomQueries),12435,0,0.58,1,0.5
dpctgan,ShadowModelling(RandomQueries),12435,1,0.54,1,0.5
dpctgan,ShadowModelling(RandomQueries),12435,0,0.33,0,0.5
dpctgan,ShadowModelling(RandomQueries),12435,1,0.43,0,0.5
dpctgan,ShadowModelling(RandomQueries),12435,0,0.51,1,0.5
dpctgan,ShadowModelling(RandomQueries),12435,1,0.58,1,0.5
dpctgan,ShadowModelling(RandomQueries),12435,0,0.59,1,0.5
dpctgan,ShadowModelling(RandomQueries),12435,1,0.65,1,0.5
dpctgan,ShadowModelling(RandomQueries),12435,0,0.38,0,0.5
dpctgan,ShadowModelling(RandomQueries),12435,1,0.63,1,0.5
dpctgan,ShadowModelling(RandomQueries),12435,0,0.6,1,0.5
dpctgan,ShadowModelling(RandomQueries),12435,1,0.65,1,0.5
dpctgan,ShadowModelling(RandomQueries),12435,0,0.51,1,0.5
dpctgan,ShadowModelling(RandomQueries),12435,1,0.69,1,0.5
dpctgan,ShadowModelling(RandomQueries),12435,0,0.31,0,0.5
dpctgan,ShadowModelling(RandomQueries),12435,1,0.45,0,0.5
dpctgan,ShadowModelling(RandomQueries),12435,0,0.51,1,0.5
dpctgan,ShadowModelling(RandomQueries),12435,1,0.55,1,0.5
dpctgan,ShadowModelling(RandomQueries),12435,0,0.41,0,0.5
dpctgan,ShadowModelling(RandomQueries),12435,1,0.32,0,0.5
dpctgan,ShadowModelling(RandomQueries),12435,0,0.57,1,0.5
dpctgan,ShadowModelling(RandomQueries),12435,1,0.57,1,0.5
dpctgan,ShadowModelling(RandomQueries),12435,0,0.51,1,0.5
dpctgan,ShadowModelling(RandomQueries),12435,1,0.56,1,0.5
dpctgan,ShadowModelling(RandomQueries),12435,0,0.48,0,0.5
dpctgan,ShadowModelling(RandomQueries),12435,1,0.44,0,0.5
dpctgan,ShadowModelling(RandomQueries),12435,0,0.49,0,0.5
dpctgan,ShadowModelling(RandomQueries),12435,1,0.53,1,0.5
dpctgan,ShadowModelling(RandomQueries),12435,0,0.7,1,0.5
dpctgan,ShadowModelling(RandomQueries),12435,1,0.49,0,0.5
dpctgan,ShadowModelling(RandomQueries),12435,0,0.54,1,0.5
dpctgan,ShadowModelling(RandomQueries),12435,1,0.51,1,0.5
dpctgan,ShadowModelling(RandomQueries),12435,0,0.63,1,0.5
dpctgan,ShadowModelling(RandomQueries),12435,1,0.51,1,0.5
dpctgan,ShadowModelling(RandomQueries),12435,0,0.54,1,0.5
dpctgan,ShadowModelling(RandomQueries),12435,1,0.33,0,0.5
dpctgan,ShadowModelling(RandomQueries),12435,0,0.5,0,0.5
dpctgan,ShadowModelling(RandomQueries),12435,1,0.43,0,0.5
dpctgan,ShadowModelling(RandomQueries),12435,0,0.37,0,0.5
dpctgan,ShadowModelling(RandomQueries),12435,1,0.73,1,0.5
dpctgan,ShadowModelling(RandomQueries),12435,0,0.37,0,0.5
dpctgan,ShadowModelling(RandomQueries),12435,1,0.37,0,0.5
dpctgan,ShadowModelling(RandomQueries),12435,0,0.31,0,0.5
dpctgan,ShadowModelling(RandomQueries),12435,1,0.42,0,0.5
dpctgan,ShadowModelling(RandomQueries),12435,0,0.59,1,0.5
dpctgan,ShadowModelling(RandomQueries),12435,1,0.44,0,0.5
dpctgan,ShadowModelling(RandomQueries),12435,0,0.46,0,0.5
dpctgan,ShadowModelling(RandomQueries),12435,1,0.49,0,0.5
dpctgan,ShadowModelling(RandomQueries),12435,0,0.48,0,0.5
dpctgan,ShadowModelling(RandomQueries),12435,1,0.49,0,0.5
dpctgan,ShadowModelling(RandomQueries),12435,0,0.67,1,0.5
dpctgan,ShadowModelling(RandomQueries),12435,1,0.58,1,0.5
dpctgan,ShadowModelling(RandomQueries),12435,0,0.7,1,0.5
dpctgan,ShadowModelling(RandomQueries),12435,1,0.56,1,0.5
dpctgan,ShadowModelling(RandomQueries),12435,0,0.65,1,0.5
dpctgan,ShadowModelling(RandomQueries),12435,1,0.33,0,0.5
dpctgan,ShadowModelling(RandomQueries),12435,0,0.6,1,0.5
dpctgan,ShadowModelling(RandomQueries),12435,1,0.55,1,0.5
dpctgan,ShadowModelling(RandomQueries),12435,0,0.53,1,0.5
dpctgan,ShadowModelling(RandomQueries),12435,1,0.45,0,0.5
dpctgan,ShadowModelling(RandomQueries),12435,0,0.42,0,0.5
dpctgan,ShadowModelling(RandomQueries),12435,1,0.36,0,0.5
dpctgan,ShadowModelling(RandomQueries),12435,0,0.65,1,0.5
dpctgan,ShadowModelling(RandomQueries),12435,1,0.7,1,0.5
dpctgan,ShadowModelling(RandomQueries),12435,0,0.38,0,0.5
dpctgan,ShadowModelling(RandomQueries),12435,1,0.67,1,0.5
dpctgan,ShadowModelling(RandomQueries),12435,0,0.56,1,0.5
dpctgan,ShadowModelling(RandomQueries),12435,1,0.7,1,0.5
dpctgan,ShadowModelling(RandomQueries),12435,0,0.5,0,0.5
dpctgan,ShadowModelling(RandomQueries),12435,1,0.48,0,0.5
dpctgan,ShadowModelling(RandomQueries),12435,0,0.46,0,0.5
dpctgan,ShadowModelling(RandomQueries),12435,1,0.44,0,0.5
dpctgan,ShadowModelling(RandomQueries),12435,0,0.41,0,0.5
dpctgan,ShadowModelling(RandomQueries),12435,1,0.73,1,0.5
dpctgan,ShadowModelling(RandomQueries),12435,0,0.32,0,0.5
dpctgan,ShadowModelling(RandomQueries),12435,1,0.67,1,0.5
dpctgan,ShadowModelling(RandomQueries),12435,0,0.35,0,0.5
dpctgan,ShadowModelling(RandomQueries),12435,1,0.31,0,0.5
dpctgan,ShadowModelling(RandomQueries),12435,0,0.42,0,0.5
dpctgan,ShadowModelling(RandomQueries),12435,1,0.37,0,0.5
dpctgan,ShadowModelling(RandomQueries),12435,0,0.33,0,0.5
dpctgan,ShadowModelling(RandomQueries),12435,1,0.76,1,0.5
dpctgan,ShadowModelling(RandomQueries),12435,0,0.62,1,0.5
dpctgan,ShadowModelling(RandomQueries),12435,1,0.43,0,0.5
dpctgan,ShadowModelling(RandomQueries),12435,0,0.45,0,0.5
dpctgan,ShadowModelling(RandomQueries),12435,1,0.34,0,0.5
dpctgan,ShadowModelling(RandomQueries),12435,0,0.41,0,0.5
dpctgan,ShadowModelling(RandomQueries),12435,1,0.34,0,0.5
dpctgan,ShadowModelling(RandomQueries),12435,0,0.62,1,0.5
dpctgan,ShadowModelling(RandomQueries),12435,1,0.42,0,0.5
dpctgan,ShadowModelling(RandomQueries),12435,0,0.66,1,0.5
dpctgan,ShadowModelling(RandomQueries),12435,1,0.39,0,0.5
dpctgan,ShadowModelling(RandomQueries),12435,0,0.54,1,0.5
dpctgan,ShadowModelling(RandomQueries),12435,1,0.31,0,0.5
dpctgan,ShadowModelling(RandomQueries),12435,0,0.41,0,0.5
dpctgan,ShadowModelling(RandomQueries),12435,1,0.6,1,0.5
dpctgan,ShadowModelling(RandomQueries),12435,0,0.4,0,0.5
dpctgan,ShadowModelling(RandomQueries),12435,1,0.5,0,0.5
dpctgan,ShadowModelling(RandomQueries),12435,0,0.3,0,0.5
dpctgan,ShadowModelling(RandomQueries),12435,1,0.37,0,0.5
dpctgan,ShadowModelling(RandomQueries),12435,0,0.45,0,0.5
dpctgan,ShadowModelling(RandomQueries),12435,1,0.5,0,0.5
dpctgan,ShadowModelling(RandomQueries),12435,0,0.68,1,0.5
dpctgan,ShadowModelling(RandomQueries),12435,1,0.57,1,0.5
dpctgan,ShadowModelling(RandomQueries),12435,0,0.63,1,0.5
dpctgan,ShadowModelling(RandomQueries),12435,1,0.42,0,0.5
dpctgan,ShadowModelling(RandomQueries),12435,0,0.42,0,0.5
dpctgan,ShadowModelling(RandomQueries),12435,1,0.42,0,0.5
dpctgan,ShadowModelling(RandomQueries),12435,0,0.49,0,0.5
dpctgan,ShadowModelling(RandomQueries),12435,1,0.67,1,0.5
dpctgan,ShadowModelling(RandomQueries),12435,0,0.57,1,0.5
dpctgan,ShadowModelling(RandomQueries),12435,1,0.47,0,0.5
dpctgan,ShadowModelling(RandomQueries),12435,0,0.47,0,0.5
dpctgan,ShadowModelling(RandomQueries),12435,1,0.52,1,0.5
dpctgan,ShadowModelling(RandomQueries),12435,0,0.56,1,0.5
dpctgan,ShadowModelling(RandomQueries),12435,1,0.35,0,0.5
dpctgan,ShadowModelling(RandomQueries),12435,0,0.39,0,0.5
dpctgan,ShadowModelling(RandomQueries),12435,1,0.45,0,0.5
dpctgan,ShadowModelling(RandomQueries),12435,0,0.44,0,0.5
dpctgan,ShadowModelling(RandomQueries),12435,1,0.28,0,0.5
dpctgan,ShadowModelling(RandomQueries),12435,0,0.46,0,0.5
dpctgan,ShadowModelling(RandomQueries),12435,1,0.53,1,0.5
dpctgan,ShadowModelling(RandomQueries),12435,0,0.49,0,0.5
dpctgan,ShadowModelling(RandomQueries),12435,1,0.31,0,0.5
dpctgan,ShadowModelling(RandomQueries),12435,0,0.55,1,0.5
dpctgan,ShadowModelling(RandomQueries),12435,1,0.48,0,0.5
dpctgan,ShadowModelling(RandomQueries),12435,0,0.33,0,0.5
dpctgan,ShadowModelling(RandomQueries),12435,1,0.54,1,0.5
dpctgan,ShadowModelling(RandomQueries),12435,0,0.47,0,0.5
dpctgan,ShadowModelling(RandomQueries),12435,1,0.43,0,0.5
dpctgan,ShadowModelling(RandomQueries),12435,0,0.68,1,0.5
dpctgan,ShadowModelling(RandomQueries),12435,1,0.48,0,0.5
dpctgan,ShadowModelling(RandomQueries),12435,0,0.53,1,0.5
dpctgan,ShadowModelling(RandomQueries),12435,1,0.34,0,0.5
dpctgan,ShadowModelling(RandomQueries),12435,0,0.67,1,0.5
dpctgan,ShadowModelling(RandomQueries),12435,1,0.47,0,0.5
dpctgan,ShadowModelling(RandomQueries),12435,0,0.18,0,0.5
dpctgan,ShadowModelling(RandomQueries),12435,1,0.37,0,0.5
dpctgan,ShadowModelling(RandomQueries),12435,0,0.49,0,0.5
dpctgan,ShadowModelling(RandomQueries),12435,1,0.58,1,0.5
dpctgan,ShadowModelling(RandomQueries),12435,0,0.54,1,0.5
dpctgan,ShadowModelling(RandomQueries),12435,1,0.48,0,0.5
dpctgan,ShadowModelling(RandomQueries),12435,0,0.3,0,0.5
dpctgan,ShadowModelling(RandomQueries),12435,1,0.35,0,0.5
dpctgan,ShadowModelling(RandomQueries),12435,0,0.45,0,0.5
dpctgan,ShadowModelling(RandomQueries),12435,1,0.57,1,0.5
dpctgan,ShadowModelling(RandomQueries),12435,0,0.75,1,0.5
dpctgan,ShadowModelling(RandomQueries),12435,1,0.26,0,0.5
dpctgan,ShadowModelling(RandomQueries),12435,0,0.45,0,0.5
dpctgan,ShadowModelling(RandomQueries),12435,1,0.52,1,0.5
dpctgan,ShadowModelling(RandomQueries),12435,0,0.79,1,0.5
dpctgan,ShadowModelling(RandomQueries),12435,1,0.56,1,0.5
dpctgan,ShadowModelling(RandomQueries),12435,0,0.53,1,0.5
dpctgan,ShadowModelling(RandomQueries),12435,1,0.51,1,0.5
dpctgan,ShadowModelling(RandomQueries),12435,0,0.44,0,0.5
dpctgan,ShadowModelling(RandomQueries),12435,1,0.61,1,0.5
dpctgan,ShadowModelling(RandomQueries),12435,0,0.45,0,0.5
dpctgan,ShadowModelling(RandomQueries),12435,1,0.14,0,0.5
dpctgan,ShadowModelling(RandomQueries),12435,0,0.67,1,0.5
dpctgan,ShadowModelling(RandomQueries),12435,1,0.57,1,0.5
dpctgan,ShadowModelling(RandomQueries),12435,0,0.3,0,0.5
dpctgan,ShadowModelling(RandomQueries),12435,1,0.57,1,0.5
dpctgan,ShadowModelling(RandomQueries),12435,0,0.62,1,0.5
dpctgan,ShadowModelling(RandomQueries),12435,1,0.47,0,0.5
dpctgan,ShadowModelling(RandomQueries),12435,0,0.43,0,0.5
dpctgan,ShadowModelling(RandomQueries),12435,1,0.58,1,0.5
dpctgan,ShadowModelling(RandomQueries),12435,0,0.55,1,0.5
dpctgan,ShadowModelling(RandomQueries),12435,1,0.56,1,0.5
dpctgan,ShadowModelling(RandomQueries),12435,0,0.47,0,0.5
dpctgan,ShadowModelling(RandomQueries),12435,1,0.34,0,0.5
dpctgan,ShadowModelling(RandomQueries),12435,0,0.78,1,0.5
dpctgan,ShadowModelling(RandomQueries),12435,1,0.46,0,0.5
dpctgan,ShadowModelling(RandomQueries),12435,0,0.36,0,0.5
dpctgan,ShadowModelling(RandomQueries),12435,1,0.57,1,0.5
dpctgan,ShadowModelling(RandomQueries),12435,0,0.33,0,0.5
dpctgan,ShadowModelling(RandomQueries),12435,1,0.73,1,0.5
dpctgan,ShadowModelling(RandomQueries),12435,0,0.51,1,0.5
dpctgan,ShadowModelling(RandomQueries),12435,1,0.55,1,0.5
dpctgan,ShadowModelling(RandomQueries),12435,0,0.51,1,0.5
dpctgan,ShadowModelling(RandomQueries),12435,1,0.26,0,0.5
dpctgan,ShadowModelling(RandomQueries),12435,0,0.41,0,0.5
dpctgan,ShadowModelling(RandomQueries),12435,1,0.5,0,0.5
dpctgan,ShadowModelling(RandomQueries),12435,0,0.47,0,0.5
dpctgan,ShadowModelling(RandomQueries),12435,1,0.33,0,0.5
dpctgan,ShadowModelling(RandomQueries),12435,0,0.48,0,0.5
dpctgan,ShadowModelling(RandomQueries),12435,1,0.4,0,0.5
dpctgan,ShadowModelling(RandomQueries),12435,0,0.58,1,0.5
dpctgan,ShadowModelling(RandomQueries),12435,1,0.53,1,0.5
dpctgan,ShadowModelling(RandomQueries),12435,0,0.47,0,0.5
dpctgan,ShadowModelling(RandomQueries),12435,1,0.56,1,0.5
dpctgan,ShadowModelling(RandomQueries),12435,0,0.34,0,0.5
dpctgan,ShadowModelling(RandomQueries),12435,1,0.3,0,0.5
dpctgan,ShadowModelling(RandomQueries),12435,0,0.28,0,0.5
dpctgan,ShadowModelling(RandomQueries),12435,1,0.59,1,0.5
dpctgan,ShadowModelling(RandomQueries),12435,0,0.51,1,0.5
dpctgan,ShadowModelling(RandomQueries),12435,1,0.28,0,0.5
dpctgan,ShadowModelling(RandomQueries),12435,0,0.47,0,0.5
dpctgan,ShadowModelling(RandomQueries),12435,1,0.54,1,0.5
dpctgan,ShadowModelling(RandomQueries),12435,0,0.48,0,0.5
dpctgan,ShadowModelling(RandomQueries),12435,1,0.47,0,0.5
dpctgan,ShadowModelling(RandomQueries),12435,0,0.27,0,0.5
dpctgan,ShadowModelling(RandomQueries),12435,1,0.64,1,0.5
dpctgan,ShadowModelling(RandomQueries),12435,0,0.4,0,0.5
dpctgan,ShadowModelling(RandomQueries),12435,1,0.29,0,0.5
dpctgan,ShadowModelling(RandomQueries),12435,0,0.7,1,0.5
dpctgan,ShadowModelling(RandomQueries),12435,1,0.72,1,0.5
dpctgan,ShadowModelling(RandomQueries),12435,0,0.53,1,0.5
dpctgan,ShadowModelling(RandomQueries),12435,1,0.62,1,0.5
dpctgan,ShadowModelling(RandomQueries),12435,0,0.33,0,0.5
dpctgan,ShadowModelling(RandomQueries),12435,1,0.47,0,0.5
dpctgan,ShadowModelling(RandomQueries),12435,0,0.51,1,0.5
dpctgan,ShadowModelling(RandomQueries),12435,1,0.65,1,0.5
dpctgan,ShadowModelling(RandomQueries),12435,0,0.31,0,0.5
dpctgan,ShadowModelling(RandomQueries),12435,1,0.57,1,0.5
dpctgan,ShadowModelling(RandomQueries),12435,0,0.72,1,0.5
dpctgan,ShadowModelling(RandomQueries),12435,1,0.5,0,0.5
dpctgan,ShadowModelling(RandomQueries),12435,0,0.64,1,0.5
dpctgan,ShadowModelling(RandomQueries),12435,1,0.53,1,0.5
dpctgan,ShadowModelling(RandomQueries),12435,0,0.52,1,0.5
dpctgan,ShadowModelling(RandomQueries),12435,1,0.44,0,0.5
dpctgan,ShadowModelling(RandomQueries),12435,0,0.21,0,0.5
dpctgan,ShadowModelling(RandomQueries),12435,1,0.39,0,0.5
dpctgan,ShadowModelling(RandomQueries),12435,0,0.67,1,0.5
dpctgan,ShadowModelling(RandomQueries),12435,1,0.58,1,0.5
dpctgan,ShadowModelling(RandomQueries),12435,0,0.42,0,0.5
dpctgan,ShadowModelling(RandomQueries),12435,1,0.37,0,0.5
dpctgan,ShadowModelling(RandomQueries),12435,0,0.4,0,0.5
dpctgan,ShadowModelling(RandomQueries),12435,1,0.45,0,0.5
dpctgan,ShadowModelling(RandomQueries),12435,0,0.67,1,0.5
dpctgan,ShadowModelling(RandomQueries),12435,1,0.57,1,0.5
dpctgan,ShadowModelling(RandomQueries),12435,0,0.43,0,0.5
dpctgan,ShadowModelling(RandomQueries),12435,1,0.44,0,0.5
dpctgan,ShadowModelling(RandomQueries),12435,0,0.58,1,0.5
dpctgan,ShadowModelling(RandomQueries),12435,1,0.51,1,0.5
dpctgan,ShadowModelling(RandomQueries),12435,0,0.44,0,0.5
dpctgan,ShadowModelling(RandomQueries),12435,1,0.4,0,0.5
dpctgan,ShadowModelling(RandomQueries),12435,0,0.39,0,0.5
dpctgan,ShadowModelling(RandomQueries),12435,1,0.7,1,0.5
dpctgan,ShadowModelling(RandomQueries),12435,0,0.43,0,0.5
dpctgan,ShadowModelling(RandomQueries),12435,1,0.61,1,0.5
dpctgan,ShadowModelling(RandomQueries),12435,0,0.44,0,0.5
dpctgan,ShadowModelling(RandomQueries),12435,1,0.45,0,0.5
dpctgan,ShadowModelling(RandomQueries),12435,0,0.53,1,0.5
dpctgan,ShadowModelling(RandomQueries),12435,1,0.67,1,0.5
dpctgan,ShadowModelling(RandomQueries),12435,0,0.56,1,0.5
dpctgan,ShadowModelling(RandomQueries),12435,1,0.65,1,0.5
dpctgan,ShadowModelling(RandomQueries),12435,0,0.38,0,0.5
dpctgan,ShadowModelling(RandomQueries),12435,1,0.68,1,0.5
dpctgan,ShadowModelling(RandomQueries),12435,0,0.56,1,0.5
dpctgan,ShadowModelling(RandomQueries),12435,1,0.57,1,0.5
dpctgan,ShadowModelling(RandomQueries),12435,0,0.6,1,0.5
dpctgan,ShadowModelling(RandomQueries),12435,1,0.44,0,0.5
dpctgan,ShadowModelling(RandomQueries),12435,0,0.59,1,0.5
dpctgan,ShadowModelling(RandomQueries),12435,1,0.47,0,0.5
dpctgan,ShadowModelling(RandomQueries),12435,0,0.7,1,0.5
dpctgan,ShadowModelling(RandomQueries),12435,1,0.49,0,0.5
dpctgan,ShadowModelling(RandomQueries),12435,0,0.58,1,0.5
dpctgan,ShadowModelling(RandomQueries),12435,1,0.48,0,0.5
dpctgan,ShadowModelling(RandomQueries),12435,0,0.52,1,0.5
dpctgan,ShadowModelling(RandomQueries),12435,1,0.35,0,0.5
dpctgan,ShadowModelling(RandomQueries),12435,0,0.41,0,0.5
dpctgan,ShadowModelling(RandomQueries),12435,1,0.63,1,0.5
dpctgan,ShadowModelling(RandomQueries),12435,0,0.48,0,0.5
dpctgan,ShadowModelling(RandomQueries),12435,1,0.69,1,0.5
dpctgan,ShadowModelling(RandomQueries),12435,0,0.71,1,0.5
dpctgan,ShadowModelling(RandomQueries),12435,1,0.65,1,0.5
dpctgan,ShadowModelling(RandomQueries),12435,0,0.31,0,0.5
dpctgan,ShadowModelling(RandomQueries),12435,1,0.46,0,0.5
dpctgan,ShadowModelling(RandomQueries),12435,0,0.56,1,0.5
dpctgan,ShadowModelling(RandomQueries),12435,1,0.34,0,0.5
dpctgan,ShadowModelling(RandomQueries),12435,0,0.54,1,0.5
dpctgan,ShadowModelling(RandomQueries),12435,1,0.55,1,0.5
dpctgan,ShadowModelling(RandomQueries),12435,0,0.42,0,0.5
dpctgan,ShadowModelling(RandomQueries),12435,1,0.31,0,0.5
dpctgan,ShadowModelling(RandomQueries),12435,0,0.55,1,0.5
dpctgan,ShadowModelling(RandomQueries),12435,1,0.51,1,0.5
dpctgan,ShadowModelling(RandomQueries),12435,0,0.51,1,0.5
dpctgan,ShadowModelling(RandomQueries),12435,1,0.39,0,0.5
dpctgan,ShadowModelling(RandomQueries),12435,0,0.34,0,0.5
dpctgan,ShadowModelling(RandomQueries),12435,1,0.66,1,0.5
dpctgan,ShadowModelling(RandomQueries),12435,0,0.49,0,0.5
dpctgan,ShadowModelling(RandomQueries),12435,1,0.64,1,0.5
dpctgan,ShadowModelling(RandomQueries),12435,0,0.4,0,0.5
dpctgan,ShadowModelling(RandomQueries),12435,1,0.64,1,0.5
dpctgan,ShadowModelling(RandomQueries),12435,0,0.58,1,0.5
dpctgan,ShadowModelling(RandomQueries),12435,1,0.45,0,0.5
dpctgan,ShadowModelling(RandomQueries),12435,0,0.37,0,0.5
dpctgan,ShadowModelling(RandomQueries),12435,1,0.35,0,0.5
dpctgan,ShadowModelling(RandomQueries),12435,0,0.46,0,0.5
dpctgan,ShadowModelling(RandomQueries),12435,1,0.54,1,0.5
dpctgan,ShadowModelling(RandomQueries),12435,0,0.57,1,0.5
dpctgan,ShadowModelling(RandomQueries),12435,1,0.36,0,0.5
dpctgan,ShadowModelling(RandomQueries),12435,0,0.37,0,0.5
dpctgan,ShadowModelling(RandomQueries),12435,1,0.62,1,0.5
dpctgan,ShadowModelling(RandomQueries),12435,0,0.42,0,0.5
dpctgan,ShadowModelling(RandomQueries),12435,1,0.35,0,0.5
dpctgan,ShadowModelling(RandomQueries),12435,0,0.49,0,0.5
dpctgan,ShadowModelling(RandomQueries),12435,1,0.51,1,0.5
dpctgan,ShadowModelling(RandomQueries),12435,0,0.51,1,0.5
dpctgan,ShadowModelling(RandomQueries),12435,1,0.53,1,0.5
dpctgan,ShadowModelling(RandomQueries),12435,0,0.34,0,0.5
dpctgan,ShadowModelling(RandomQueries),12435,1,0.37,0,0.5
dpctgan,ShadowModelling(RandomQueries),12435,0,0.37,0,0.5
dpctgan,ShadowModelling(RandomQueries),12435,1,0.39,0,0.5
dpctgan,ShadowModelling(RandomQueries),12435,0,0.45,0,0.5
dpctgan,ShadowModelling(RandomQueries),12435,1,0.27,0,0.5
dpctgan,ShadowModelling(RandomQueries),12435,0,0.52,1,0.5
dpctgan,ShadowModelling(RandomQueries),12435,1,0.58,1,0.5
dpctgan,ShadowModelling(RandomQueries),12435,0,0.57,1,0.5
dpctgan,ShadowModelling(RandomQueries),12435,1,0.44,0,0.5
dpctgan,ShadowModelling(RandomQueries),12435,0,0.33,0,0.5
dpctgan,ShadowModelling(RandomQueries),12435,1,0.44,0,0.5
dpctgan,ShadowModelling(RandomQueries),12435,0,0.69,1,0.5
dpctgan,ShadowModelling(RandomQueries),12435,1,0.56,1,0.5
dpctgan,ShadowModelling(RandomQueries),12435,0,0.43,0,0.5
dpctgan,ShadowModelling(RandomQueries),12435,1,0.49,0,0.5
dpctgan,ShadowModelling(RandomQueries),12435,0,0.54,1,0.5
dpctgan,ShadowModelling(RandomQueries),12435,1,0.48,0,0.5
dpctgan,ShadowModelling(RandomQueries),12435,0,0.39,0,0.5
dpctgan,ShadowModelling(RandomQueries),12435,1,0.4,0,0.5
dpctgan,ShadowModelling(RandomQueries),12435,0,0.33,0,0.5
dpctgan,ShadowModelling(RandomQueries),12435,1,0.53,1,0.5
dpctgan,ShadowModelling(RandomQueries),12435,0,0.48,0,0.5
dpctgan,ShadowModelling(RandomQueries),12435,1,0.62,1,0.5
dpctgan,ShadowModelling(RandomQueries),12435,0,0.48,0,0.5
dpctgan,ShadowModelling(RandomQueries),12435,1,0.45,0,0.5
dpctgan,ShadowModelling(RandomQueries),12435,0,0.63,1,0.5
dpctgan,ShadowModelling(RandomQueries),12435,1,0.62,1,0.5
dpctgan,ShadowModelling(RandomQueries),12435,0,0.39,0,0.5
dpctgan,ShadowModelling(RandomQueries),12435,1,0.55,1,0.5
dpctgan,ShadowModelling(RandomQueries),12435,0,0.41,0,0.5
dpctgan,ShadowModelling(RandomQueries),12435,1,0.52,1,0.5
dpctgan,ShadowModelling(RandomQueries),12435,0,0.38,0,0.5
dpctgan,ShadowModelling(RandomQueries),12435,1,0.44,0,0.5
dpctgan,ShadowModelling(RandomQueries),12435,0,0.6,1,0.5
dpctgan,ShadowModelling(RandomQueries),12435,1,0.73,1,0.5
dpctgan,ShadowModelling(RandomQueries),12435,0,0.37,0,0.5
dpctgan,ShadowModelling(RandomQueries),12435,1,0.71,1,0.5
dpctgan,ShadowModelling(RandomQueries),12435,0,0.58,1,0.5
dpctgan,ShadowModelling(RandomQueries),12435,1,0.44,0,0.5
dpctgan,ShadowModelling(RandomQueries),12435,0,0.27,0,0.5
dpctgan,ShadowModelling(RandomQueries),12435,1,0.62,1,0.5
dpctgan,ShadowModelling(RandomQueries),12435,0,0.66,1,0.5
dpctgan,ShadowModelling(RandomQueries),12435,1,0.34,0,0.5
dpctgan,ShadowModelling(RandomQueries),12435,0,0.56,1,0.5
dpctgan,ShadowModelling(RandomQueries),12435,1,0.42,0,0.5
dpctgan,ShadowModelling(RandomQueries),12435,0,0.37,0,0.5
dpctgan,ShadowModelling(RandomQueries),12435,1,0.48,0,0.5
dpctgan,ShadowModelling(RandomQueries),12435,0,0.77,1,0.5
dpctgan,ShadowModelling(RandomQueries),12435,1,0.47,0,0.5
dpctgan,ShadowModelling(RandomQueries),12435,0,0.32,0,0.5
dpctgan,ShadowModelling(RandomQueries),12435,1,0.41,0,0.5
dpctgan,ShadowModelling(RandomQueries),12435,0,0.72,1,0.5
dpctgan,ShadowModelling(RandomQueries),12435,1,0.62,1,0.5
dpctgan,ShadowModelling(RandomQueries),12435,0,0.64,1,0.5
dpctgan,ShadowModelling(RandomQueries),12435,1,0.46,0,0.5
dpctgan,ShadowModelling(RandomQueries),12435,0,0.72,1,0.5
dpctgan,ShadowModelling(RandomQueries),12435,1,0.47,0,0.5
dpctgan,ShadowModelling(RandomQueries),12435,0,0.39,0,0.5
dpctgan,ShadowModelling(RandomQueries),12435,1,0.45,0,0.5
dpctgan,ShadowModelling(RandomQueries),12435,0,0.69,1,0.5
dpctgan,ShadowModelling(RandomQueries),12435,1,0.51,1,0.5
dpctgan,ShadowModelling(RandomQueries),12435,0,0.51,1,0.5
dpctgan,ShadowModelling(RandomQueries),12435,1,0.37,0,0.5
dpctgan,ShadowModelling(RandomQueries),12435,0,0.24,0,0.5
dpctgan,ShadowModelling(RandomQueries),12435,1,0.62,1,0.5
dpctgan,ShadowModelling(RandomQueries),12435,0,0.57,1,0.5
dpctgan,ShadowModelling(RandomQueries),12435,1,0.5,0,0.5
dpctgan,ShadowModelling(RandomQueries),12435,0,0.46,0,0.5
dpctgan,ShadowModelling(RandomQueries),12435,1,0.57,1,0.5
dpctgan,ShadowModelling(RandomQueries),12435,0,0.5,0,0.5
dpctgan,ShadowModelling(RandomQueries),12435,1,0.58,1,0.5
dpctgan,ShadowModelling(RandomQueries),12435,0,0.63,1,0.5
dpctgan,ShadowModelling(RandomQueries),12435,1,0.38,0,0.5
dpctgan,ShadowModelling(RandomQueries),12435,0,0.27,0,0.5
dpctgan,ShadowModelling(RandomQueries),12435,1,0.48,0,0.5
dpctgan,ShadowModelling(RandomQueries),12435,0,0.61,1,0.5
dpctgan,ShadowModelling(RandomQueries),12435,1,0.64,1,0.5
dpctgan,ShadowModelling(RandomQueries),12435,0,0.52,1,0.5
dpctgan,ShadowModelling(RandomQueries),12435,1,0.33,0,0.5
dpctgan,ShadowModelling(RandomQueries),12435,0,0.63,1,0.5
dpctgan,ShadowModelling(RandomQueries),12435,1,0.56,1,0.5
dpctgan,ShadowModelling(RandomQueries),12435,0,0.34,0,0.5
dpctgan,ShadowModelling(RandomQueries),12435,1,0.71,1,0.5
dpctgan,ShadowModelling(RandomQueries),12435,0,0.36,0,0.5
dpctgan,ShadowModelling(RandomQueries),12435,1,0.75,1,0.5
dpctgan,ShadowModelling(RandomQueries),12435,0,0.46,0,0.5
dpctgan,ShadowModelling(RandomQueries),12435,1,0.6,1,0.5
dpctgan,ShadowModelling(RandomQueries),12435,0,0.56,1,0.5
dpctgan,ShadowModelling(RandomQueries),12435,1,0.3,0,0.5
dpctgan,ShadowModelling(RandomQueries),12435,0,0.58,1,0.5
dpctgan,ShadowModelling(RandomQueries),12435,1,0.32,0,0.5
dpctgan,ShadowModelling(RandomQueries),12435,0,0.62,1,0.5
dpctgan,ShadowModelling(RandomQueries),12435,1,0.45,0,0.5
dpctgan,ShadowModelling(RandomQueries),12435,0,0.23,0,0.5
dpctgan,ShadowModelling(RandomQueries),12435,1,0.46,0,0.5
dpctgan,ShadowModelling(RandomQueries),12435,0,0.57,1,0.5
dpctgan,ShadowModelling(RandomQueries),12435,1,0.26,0,0.5
dpctgan,ShadowModelling(RandomQueries),12435,0,0.5,0,0.5
dpctgan,ShadowModelling(RandomQueries),12435,1,0.54,1,0.5
dpctgan,ShadowModelling(RandomQueries),12435,0,0.35,0,0.5
dpctgan,ShadowModelling(RandomQueries),12435,1,0.64,1,0.5
dpctgan,ShadowModelling(RandomQueries),12435,0,0.68,1,0.5
dpctgan,ShadowModelling(RandomQueries),12435,1,0.38,0,0.5
dpctgan,ShadowModelling(RandomQueries),12435,0,0.43,0,0.5
dpctgan,ShadowModelling(RandomQueries),12435,1,0.6,1,0.5
dpctgan,ShadowModelling(RandomQueries),12435,0,0.5,0,0.5
dpctgan,ShadowModelling(RandomQueries),12435,1,0.34,0,0.5
dpctgan,ShadowModelling(RandomQueries),12435,0,0.49,0,0.5
dpctgan,ShadowModelling(RandomQueries),12435,1,0.49,0,0.5
dpctgan,ShadowModelling(RandomQueries),12435,0,0.55,1,0.5
dpctgan,ShadowModelling(RandomQueries),12435,1,0.55,1,0.5
dpctgan,ShadowModelling(RandomQueries),12435,0,0.56,1,0.5
dpctgan,ShadowModelling(RandomQueries),12435,1,0.5,0,0.5
dpctgan,ShadowModelling(RandomQueries),12435,0,0.57,1,0.5
dpctgan,ShadowModelling(RandomQueries),12435,1,0.46,0,0.5
dpctgan,ShadowModelling(RandomQueries),12435,0,0.47,0,0.5
dpctgan,ShadowModelling(RandomQueries),12435,1,0.45,0,0.5
dpctgan,ShadowModelling(RandomQueries),12435,0,0.38,0,0.5
dpctgan,ShadowModelling(RandomQueries),12435,1,0.62,1,0.5
dpctgan,ShadowModelling(RandomQueries),12435,0,0.48,0,0.5
dpctgan,ShadowModelling(RandomQueries),12435,1,0.62,1,0.5
dpctgan,ShadowModelling(RandomQueries),12435,0,0.66,1,0.5
dpctgan,ShadowModelling(RandomQueries),12435,1,0.42,0,0.5
dpctgan,ShadowModelling(RandomQueries),12435,0,0.4,0,0.5
dpctgan,ShadowModelling(RandomQueries),12435,1,0.64,1,0.5
dpctgan,ShadowModelling(RandomQueries),12435,0,0.54,1,0.5
dpctgan,ShadowModelling(RandomQueries),12435,1,0.44,0,0.5
dpctgan,ShadowModelling(RandomQueries),12435,0,0.28,0,0.5
dpctgan,ShadowModelling(RandomQueries),12435,1,0.52,1,0.5
dpctgan,ShadowModelling(RandomQueries),12435,0,0.45,0,0.5
dpctgan,ShadowModelling(RandomQueries),12435,1,0.72,1,0.5
dpctgan,ShadowModelling(RandomQueries),12435,0,0.66,1,0.5
dpctgan,ShadowModelling(RandomQueries),12435,1,0.42,0,0.5
dpctgan,ShadowModelling(RandomQueries),12435,0,0.44,0,0.5
dpctgan,ShadowModelling(RandomQueries),12435,1,0.19,0,0.5
dpctgan,ShadowModelling(RandomQueries),12435,0,0.44,0,0.5
dpctgan,ShadowModelling(RandomQueries),12435,1,0.5,0,0.5
dpctgan,ShadowModelling(RandomQueries),12435,0,0.48,0,0.5
dpctgan,ShadowModelling(RandomQueries),12435,1,0.59,1,0.5
dpctgan,ShadowModelling(RandomQueries),12435,0,0.34,0,0.5
dpctgan,ShadowModelling(RandomQueries),12435,1,0.47,0,0.5
dpctgan,ShadowModelling(RandomQueries),12435,0,0.58,1,0.5
dpctgan,ShadowModelling(RandomQueries),12435,1,0.57,1,0.5
dpctgan,ShadowModelling(RandomQueries),12435,0,0.34,0,0.5
dpctgan,ShadowModelling(RandomQueries),12435,1,0.58,1,0.5
dpctgan,ShadowModelling(RandomQueries),12435,0,0.43,0,0.5
dpctgan,ShadowModelling(RandomQueries),12435,1,0.46,0,0.5
dpctgan,ShadowModelling(RandomQueries),12435,0,0.41,0,0.5
dpctgan,ShadowModelling(RandomQueries),12435,1,0.46,0,0.5
dpctgan,ShadowModelling(RandomQueries),12435,0,0.52,1,0.5
dpctgan,ShadowModelling(RandomQueries),12435,1,0.51,1,0.5
dpctgan,ShadowModelling(RandomQueries),12435,0,0.48,0,0.5
dpctgan,ShadowModelling(RandomQueries),12435,1,0.44,0,0.5
dpctgan,ShadowModelling(RandomQueries),12435,0,0.47,0,0.5
dpctgan,ShadowModelling(RandomQueries),12435,1,0.58,1,0.5
dpctgan,ShadowModelling(RandomQueries),12435,0,0.51,1,0.5
dpctgan,ShadowModelling(RandomQueries),12435,1,0.22,0,0.5
dpctgan,ShadowModelling(RandomQueries),12435,0,0.47,0,0.5
dpctgan,ShadowModelling(RandomQueries),12435,1,0.5,0,0.5
dpctgan,ShadowModelling(RandomQueries),12435,0,0.6,1,0.5
dpctgan,ShadowModelling(RandomQueries),12435,1,0.7,1,0.5
dpctgan,ShadowModelling(RandomQueries),12435,0,0.68,1,0.5
dpctgan,ShadowModelling(RandomQueries),12435,1,0.52,1,0.5
dpctgan,ShadowModelling(RandomQueries),12435,0,0.64,1,0.5
dpctgan,ShadowModelling(RandomQueries),12435,1,0.64,1,0.5
dpctgan,ShadowModelling(RandomQueries),12435,0,0.73,1,0.5
dpctgan,ShadowModelling(RandomQueries),12435,1,0.65,1,0.5
dpctgan,ShadowModelling(RandomQueries),12435,0,0.41,0,0.5
dpctgan,ShadowModelling(RandomQueries),12435,1,0.47,0,0.5
dpctgan,ShadowModelling(RandomQueries),12435,0,0.32,0,0.5
dpctgan,ShadowModelling(RandomQueries),12435,1,0.46,0,0.5
dpctgan,ShadowModelling(RandomQueries),12435,0,0.42,0,0.5
dpctgan,ShadowModelling(RandomQueries),12435,1,0.43,0,0.5
dpctgan,ShadowModelling(RandomQueries),12435,0,0.63,1,0.5
dpctgan,ShadowModelling(RandomQueries),12435,1,0.32,0,0.5
dpctgan,ShadowModelling(RandomQueries),12435,0,0.32,0,0.5
dpctgan,ShadowModelling(RandomQueries),12435,1,0.59,1,0.5
dpctgan,ShadowModelling(RandomQueries),12435,0,0.69,1,0.5
dpctgan,ShadowModelling(RandomQueries),12435,1,0.55,1,0.5
dpctgan,ShadowModelling(RandomQueries),12435,0,0.5,0,0.5
dpctgan,ShadowModelling(RandomQueries),12435,1,0.56,1,0.5
dpctgan,ShadowModelling(RandomQueries),12435,0,0.61,1,0.5
dpctgan,ShadowModelling(RandomQueries),12435,1,0.63,1,0.5
dpctgan,ShadowModelling(RandomQueries),12435,0,0.58,1,0.5
dpctgan,ShadowModelling(RandomQueries),12435,1,0.63,1,0.5
dpctgan,ShadowModelling(RandomQueries),12435,0,0.39,0,0.5
dpctgan,ShadowModelling(RandomQueries),12435,1,0.5,0,0.5
dpctgan,ShadowModelling(RandomQueries),12435,0,0.38,0,0.5
dpctgan,ShadowModelling(RandomQueries),12435,1,0.61,1,0.5
dpctgan,ShadowModelling(RandomQueries),12435,0,0.5,0,0.5
dpctgan,ShadowModelling(RandomQueries),12435,1,0.33,0,0.5
dpctgan,ShadowModelling(RandomQueries),12435,0,0.6,1,0.5
dpctgan,ShadowModelling(RandomQueries),12435,1,0.33,0,0.5
dpctgan,ShadowModelling(RandomQueries),12435,0,0.35,0,0.5
dpctgan,ShadowModelling(RandomQueries),12435,1,0.44,0,0.5
dpctgan,ShadowModelling(RandomQueries),12435,0,0.53,1,0.5
dpctgan,ShadowModelling(RandomQueries),12435,1,0.83,1,0.5
dpctgan,ShadowModelling(RandomQueries),12435,0,0.41,0,0.5
dpctgan,ShadowModelling(RandomQueries),12435,1,0.35,0,0.5
dpctgan,ShadowModelling(RandomQueries),12435,0,0.7,1,0.5
dpctgan,ShadowModelling(RandomQueries),12435,1,0.41,0,0.5
dpctgan,ShadowModelling(RandomQueries),12435,0,0.64,1,0.5
dpctgan,ShadowModelling(RandomQueries),12435,1,0.37,0,0.5
dpctgan,ShadowModelling(RandomQueries),12435,0,0.43,0,0.5
dpctgan,ShadowModelling(RandomQueries),12435,1,0.48,0,0.5
dpctgan,ShadowModelling(RandomQueries),12435,0,0.44,0,0.5
dpctgan,ShadowModelling(RandomQueries),12435,1,0.38,0,0.5
dpctgan,ShadowModelling(RandomQueries),12435,0,0.62,1,0.5
dpctgan,ShadowModelling(RandomQueries),12435,1,0.52,1,0.5
dpctgan,ShadowModelling(RandomQueries),12435,0,0.46,0,0.5
dpctgan,ShadowModelling(RandomQueries),12435,1,0.61,1,0.5
dpctgan,ShadowModelling(RandomQueries),12435,0,0.45,0,0.5
dpctgan,ShadowModelling(RandomQueries),12435,1,0.42,0,0.5
dpctgan,ShadowModelling(RandomQueries),12435,0,0.5,0,0.5
dpctgan,ShadowModelling(RandomQueries),12435,1,0.37,0,0.5
dpctgan,ShadowModelling(RandomQueries),12435,0,0.47,0,0.5
dpctgan,ShadowModelling(RandomQueries),12435,1,0.61,1,0.5
dpctgan,ShadowModelling(RandomQueries),12435,0,0.45,0,0.5
dpctgan,ShadowModelling(RandomQueries),12435,1,0.4,0,0.5
dpctgan,ShadowModelling(RandomQueries),12435,0,0.42,0,0.5
dpctgan,ShadowModelling(RandomQueries),12435,1,0.41,0,0.5
dpctgan,ShadowModelling(RandomQueries),12435,0,0.48,0,0.5
dpctgan,ShadowModelling(RandomQueries),12435,1,0.52,1,0.5
dpctgan,ShadowModelling(RandomQueries),12435,0,0.48,0,0.5
dpctgan,ShadowModelling(RandomQueries),12435,1,0.42,0,0.5
dpctgan,ShadowModelling(RandomQueries),12435,0,0.4,0,0.5
dpctgan,ShadowModelling(RandomQueries),12435,1,0.7,1,0.5
dpctgan,ShadowModelling(RandomQueries),12435,0,0.59,1,0.5
dpctgan,ShadowModelling(RandomQueries),12435,1,0.45,0,0.5
dpctgan,ShadowModelling(RandomQueries),12435,0,0.8,1,0.5
dpctgan,ShadowModelling(RandomQueries),12435,1,0.63,1,0.5
dpctgan,ShadowModelling(RandomQueries),12435,0,0.5,0,0.5
dpctgan,ShadowModelling(RandomQueries),12435,1,0.53,1,0.5
dpctgan,ShadowModelling(RandomQueries),12435,0,0.55,1,0.5
dpctgan,ShadowModelling(RandomQueries),12435,1,0.44,0,0.5
dpctgan,ShadowModelling(RandomQueries),12435,0,0.33,0,0.5
dpctgan,ShadowModelling(RandomQueries),12435,1,0.38,0,0.5
dpctgan,ShadowModelling(RandomQueries),12435,0,0.47,0,0.5
dpctgan,ShadowModelling(RandomQueries),12435,1,0.41,0,0.5
dpctgan,ShadowModelling(RandomQueries),12435,0,0.42,0,0.5
dpctgan,ShadowModelling(RandomQueries),12435,1,0.57,1,0.5
dpctgan,ShadowModelling(RandomQueries),12435,0,0.57,1,0.5
dpctgan,ShadowModelling(RandomQueries),12435,1,0.45,0,0.5
dpctgan,ShadowModelling(RandomQueries),12435,0,0.52,1,0.5
dpctgan,ShadowModelling(RandomQueries),12435,1,0.46,0,0.5
dpctgan,ShadowModelling(RandomQueries),12435,0,0.37,0,0.5
dpctgan,ShadowModelling(RandomQueries),12435,1,0.67,1,0.5
dpctgan,ShadowModelling(RandomQueries),12435,0,0.53,1,0.5
dpctgan,ShadowModelling(RandomQueries),12435,1,0.46,0,0.5
dpctgan,ShadowModelling(RandomQueries),12435,0,0.55,1,0.5
dpctgan,ShadowModelling(RandomQueries),12435,1,0.4,0,0.5
dpctgan,ShadowModelling(RandomQueries),12435,0,0.42,0,0.5
dpctgan,ShadowModelling(RandomQueries),12435,1,0.49,0,0.5
dpctgan,ShadowModelling(RandomQueries),12435,0,0.42,0,0.5
dpctgan,ShadowModelling(RandomQueries),12435,1,0.55,1,0.5
dpctgan,ShadowModelling(RandomQueries),12435,0,0.52,1,0.5
dpctgan,ShadowModelling(RandomQueries),12435,1,0.46,0,0.5
dpctgan,ShadowModelling(RandomQueries),12435,0,0.53,1,0.5
dpctgan,ShadowModelling(RandomQueries),12435,1,0.3,0,0.5
dpctgan,ShadowModelling(RandomQueries),12435,0,0.54,1,0.5
dpctgan,ShadowModelling(RandomQueries),12435,1,0.26,0,0.5
dpctgan,ShadowModelling(RandomQueries),12435,0,0.29,0,0.5
dpctgan,ShadowModelling(RandomQueries),12435,1,0.23,0,0.5
dpctgan,ShadowModelling(RandomQueries),12435,0,0.58,1,0.5
dpctgan,ShadowModelling(RandomQueries),12435,1,0.72,1,0.5
dpctgan,ShadowModelling(RandomQueries),12435,0,0.28,0,0.5
dpctgan,ShadowModelling(RandomQueries),12435,1,0.51,1,0.5
dpctgan,ShadowModelling(RandomQueries),12435,0,0.57,1,0.5
dpctgan,ShadowModelling(RandomQueries),12435,1,0.58,1,0.5
dpctgan,ShadowModelling(RandomQueries),12435,0,0.47,0,0.5
dpctgan,ShadowModelling(RandomQueries),12435,1,0.65,1,0.5
dpctgan,ShadowModelling(RandomQueries),12435,0,0.55,1,0.5
dpctgan,ShadowModelling(RandomQueries),12435,1,0.36,0,0.5
dpctgan,ShadowModelling(RandomQueries),12435,0,0.57,1,0.5
dpctgan,ShadowModelling(RandomQueries),12435,1,0.33,0,0.5
dpctgan,ShadowModelling(RandomQueries),12435,0,0.65,1,0.5
dpctgan,ShadowModelling(RandomQueries),12435,1,0.61,1,0.5
dpctgan,ShadowModelling(RandomQueries),12435,0,0.49,0,0.5
dpctgan,ShadowModelling(RandomQueries),12435,1,0.44,0,0.5
dpctgan,ShadowModelling(RandomQueries),12435,0,0.55,1,0.5
dpctgan,ShadowModelling(RandomQueries),12435,1,0.32,0,0.5
dpctgan,ShadowModelling(RandomQueries),12435,0,0.38,0,0.5
dpctgan,ShadowModelling(RandomQueries),12435,1,0.7,1,0.5
dpctgan,ShadowModelling(RandomQueries),12435,0,0.52,1,0.5
dpctgan,ShadowModelling(RandomQueries),12435,1,0.53,1,0.5
dpctgan,ShadowModelling(RandomQueries),12435,0,0.31,0,0.5
dpctgan,ShadowModelling(RandomQueries),12435,1,0.46,0,0.5
dpctgan,ShadowModelling(RandomQueries),12435,0,0.57,1,0.5
dpctgan,ShadowModelling(RandomQueries),12435,1,0.25,0,0.5
dpctgan,ShadowModelling(RandomQueries),12435,0,0.33,0,0.5
dpctgan,ShadowModelling(RandomQueries),12435,1,0.32,0,0.5
dpctgan,ShadowModelling(RandomQueries),12435,0,0.36,0,0.5
dpctgan,ShadowModelling(RandomQueries),12435,1,0.46,0,0.5
dpctgan,ShadowModelling(RandomQueries),12435,0,0.39,0,0.5
dpctgan,ShadowModelling(RandomQueries),12435,1,0.41,0,0.5
dpctgan,ShadowModelling(RandomQueries),12435,0,0.45,0,0.5
dpctgan,ShadowModelling(RandomQueries),12435,1,0.52,1,0.5
dpctgan,ShadowModelling(RandomQueries),12435,0,0.6,1,0.5
dpctgan,ShadowModelling(RandomQueries),12435,1,0.51,1,0.5
dpctgan,ShadowModelling(RandomQueries),12435,0,0.5,0,0.5
dpctgan,ShadowModelling(RandomQueries),12435,1,0.57,1,0.5
dpctgan,ShadowModelling(RandomQueries),12435,0,0.44,0,0.5
dpctgan,ShadowModelling(RandomQueries),12435,1,0.47,0,0.5
dpctgan,ShadowModelling(RandomQueries),12435,0,0.67,1,0.5
dpctgan,ShadowModelling(RandomQueries),12435,1,0.73,1,0.5
dpctgan,ShadowModelling(RandomQueries),12435,0,0.31,0,0.5
dpctgan,ShadowModelling(RandomQueries),12435,1,0.69,1,0.5
dpctgan,ShadowModelling(RandomQueries),12435,0,0.56,1,0.5
dpctgan,ShadowModelling(RandomQueries),12435,1,0.65,1,0.5
dpctgan,ShadowModelling(RandomQueries),12435,0,0.38,0,0.5
dpctgan,ShadowModelling(RandomQueries),12435,1,0.59,1,0.5
dpctgan,ShadowModelling(RandomQueries),12435,0,0.52,1,0.5
dpctgan,ShadowModelling(RandomQueries),12435,1,0.44,0,0.5
dpctgan,ShadowModelling(RandomQueries),12435,0,0.52,1,0.5
dpctgan,ShadowModelling(RandomQueries),12435,1,0.45,0,0.5
dpctgan,ShadowModelling(RandomQueries),12435,0,0.65,1,0.5
dpctgan,ShadowModelling(RandomQueries),12435,1,0.7,1,0.5
dpctgan,ShadowModelling(RandomQueries),12435,0,0.51,1,0.5
dpctgan,ShadowModelling(RandomQueries),12435,1,0.63,1,0.5
dpctgan,ShadowModelling(RandomQueries),12435,0,0.51,1,0.5
dpctgan,ShadowModelling(RandomQueries),12435,1,0.55,1,0.5
dpctgan,ShadowModelling(RandomQueries),12435,0,0.65,1,0.5
dpctgan,ShadowModelling(RandomQueries),12435,1,0.52,1,0.5
dpctgan,ShadowModelling(RandomQueries),12435,0,0.39,0,0.5
dpctgan,ShadowModelling(RandomQueries),12435,1,0.52,1,0.5
dpctgan,ShadowModelling(RandomQueries),12435,0,0.59,1,0.5
dpctgan,ShadowModelling(RandomQueries),12435,1,0.42,0,0.5
dpctgan,ShadowModelling(RandomQueries),12435,0,0.26,0,0.5
dpctgan,ShadowModelling(RandomQueries),12435,1,0.23,0,0.5
dpctgan,ShadowModelling(RandomQueries),12435,0,0.46,0,0.5
dpctgan,ShadowModelling(RandomQueries),12435,1,0.45,0,0.5
dpctgan,ShadowModelling(RandomQueries),12435,0,0.27,0,0.5
dpctgan,ShadowModelling(RandomQueries),12435,1,0.43,0,0.5
dpctgan,ShadowModelling(RandomQueries),12435,0,0.59,1,0.5
dpctgan,ShadowModelling(RandomQueries),12435,1,0.7,1,0.5
dpctgan,ShadowModelling(RandomQueries),12435,0,0.64,1,0.5
dpctgan,ShadowModelling(RandomQueries),12435,1,0.49,0,0.5
dpctgan,ShadowModelling(RandomQueries),12435,0,0.4,0,0.5
dpctgan,ShadowModelling(RandomQueries),12435,1,0.55,1,0.5
dpctgan,ShadowModelling(RandomQueries),12435,0,0.42,0,0.5
dpctgan,ShadowModelling(RandomQueries),12435,1,0.59,1,0.5
dpctgan,ShadowModelling(RandomQueries),12435,0,0.61,1,0.5
dpctgan,ShadowModelling(RandomQueries),12435,1,0.35,0,0.5
dpctgan,ShadowModelling(RandomQueries),12435,0,0.48,0,0.5
dpctgan,ShadowModelling(RandomQueries),12435,1,0.53,1,0.5
dpctgan,ShadowModelling(RandomQueries),12435,0,0.51,1,0.5
dpctgan,ShadowModelling(RandomQueries),12435,1,0.7,1,0.5
dpctgan,ShadowModelling(RandomQueries),12435,0,0.41,0,0.5
dpctgan,ShadowModelling(RandomQueries),12435,1,0.62,1,0.5
dpctgan,ShadowModelling(RandomQueries),12435,0,0.54,1,0.5
dpctgan,ShadowModelling(RandomQueries),12435,1,0.48,0,0.5
dpctgan,ShadowModelling(RandomQueries),12435,0,0.52,1,0.5
dpctgan,ShadowModelling(RandomQueries),12435,1,0.52,1,0.5
dpctgan,ShadowModelling(RandomQueries),12435,0,0.7,1,0.5
dpctgan,ShadowModelling(RandomQueries),12435,1,0.32,0,0.5
dpctgan,ShadowModelling(RandomQueries),12435,0,0.56,1,0.5
dpctgan,ShadowModelling(RandomQueries),12435,1,0.37,0,0.5
dpctgan,ShadowModelling(RandomQueries),12435,0,0.59,1,0.5
dpctgan,ShadowModelling(RandomQueries),12435,1,0.17,0,0.5
dpctgan,ShadowModelling(RandomQueries),12435,0,0.6,1,0.5
dpctgan,ShadowModelling(RandomQueries),12435,1,0.54,1,0.5
dpctgan,ShadowModelling(RandomQueries),12435,0,0.49,0,0.5
dpctgan,ShadowModelling(RandomQueries),12435,1,0.71,1,0.5
dpctgan,ShadowModelling(RandomQueries),12435,0,0.59,1,0.5
dpctgan,ShadowModelling(RandomQueries),12435,1,0.59,1,0.5
dpctgan,ShadowModelling(RandomQueries),12435,0,0.36,0,0.5
dpctgan,ShadowModelling(RandomQueries),12435,1,0.45,0,0.5
dpctgan,ShadowModelling(RandomQueries),12435,0,0.57,1,0.5
dpctgan,ShadowModelling(RandomQueries),12435,1,0.3,0,0.5
dpctgan,ShadowModelling(RandomQueries),12435,0,0.42,0,0.5
dpctgan,ShadowModelling(RandomQueries),12435,1,0.64,1,0.5
dpctgan,ShadowModelling(RandomQueries),12435,0,0.66,1,0.5
dpctgan,ShadowModelling(RandomQueries),12435,1,0.47,0,0.5
dpctgan,ShadowModelling(RandomQueries),12435,0,0.56,1,0.5
dpctgan,ShadowModelling(RandomQueries),12435,1,0.51,1,0.5
dpctgan,ShadowModelling(RandomQueries),12435,0,0.46,0,0.5
dpctgan,ShadowModelling(RandomQueries),12435,1,0.51,1,0.5
dpctgan,ShadowModelling(RandomQueries),12435,0,0.6,1,0.5
dpctgan,ShadowModelling(RandomQueries),12435,1,0.5,0,0.5
dpctgan,ShadowModelling(RandomQueries),12435,0,0.57,1,0.5
dpctgan,ShadowModelling(RandomQueries),12435,1,0.52,1,0.5
dpctgan,ShadowModelling(RandomQueries),12435,0,0.63,1,0.5
dpctgan,ShadowModelling(RandomQueries),12435,1,0.45,0,0.5
dpctgan,ShadowModelling(RandomQueries),12435,0,0.48,0,0.5
dpctgan,ShadowModelling(RandomQueries),12435,1,0.57,1,0.5
dpctgan,ShadowModelling(RandomQueries),12435,0,0.29,0,0.5
dpctgan,ShadowModelling(RandomQueries),12435,1,0.56,1,0.5
dpctgan,ShadowModelling(RandomQueries),12435,0,0.57,1,0.5
dpctgan,ShadowModelling(RandomQueries),12435,1,0.52,1,0.5
dpctgan,ShadowModelling(RandomQueries),12435,0,0.4,0,0.5
dpctgan,ShadowModelling(RandomQueries),12435,1,0.68,1,0.5
dpctgan,ShadowModelling(RandomQueries),12435,0,0.34,0,0.5
dpctgan,ShadowModelling(RandomQueries),12435,1,0.68,1,0.5
dpctgan,ShadowModelling(RandomQueries),12435,0,0.52,1,0.5
dpctgan,ShadowModelling(RandomQueries),12435,1,0.28,0,0.5
dpctgan,ShadowModelling(RandomQueries),12435,0,0.59,1,0.5
dpctgan,ShadowModelling(RandomQueries),12435,1,0.24,0,0.5
dpctgan,ShadowModelling(RandomQueries),12435,0,0.75,1,0.5
dpctgan,ShadowModelling(RandomQueries),12435,1,0.58,1,0.5
dpctgan,ShadowModelling(RandomQueries),12435,0,0.47,0,0.5
dpctgan,ShadowModelling(RandomQueries),12435,1,0.3,0,0.5
dpctgan,ShadowModelling(RandomQueries),12435,0,0.47,0,0.5
dpctgan,ShadowModelling(RandomQueries),12435,1,0.36,0,0.5
dpctgan,ShadowModelling(RandomQueries),12435,0,0.53,1,0.5
dpctgan,ShadowModelling(RandomQueries),12435,1,0.65,1,0.5
dpctgan,ShadowModelling(RandomQueries),12435,0,0.54,1,0.5
dpctgan,ShadowModelling(RandomQueries),12435,1,0.6,1,0.5
dpctgan,ShadowModelling(RandomQueries),12435,0,0.5,0,0.5
dpctgan,ShadowModelling(RandomQueries),12435,1,0.39,0,0.5
dpctgan,ShadowModelling(RandomQueries),12435,0,0.51,1,0.5
dpctgan,ShadowModelling(RandomQueries),12435,1,0.27,0,0.5
dpctgan,ShadowModelling(RandomQueries),12435,0,0.37,0,0.5
dpctgan,ShadowModelling(RandomQueries),12435,1,0.42,0,0.5
dpctgan,ShadowModelling(RandomQueries),12435,0,0.42,0,0.5
dpctgan,ShadowModelling(RandomQueries),12435,1,0.36,0,0.5
dpctgan,ShadowModelling(RandomQueries),12435,0,0.47,0,0.5
dpctgan,ShadowModelling(RandomQueries),12435,1,0.54,1,0.5
dpctgan,ShadowModelling(RandomQueries),12435,0,0.44,0,0.5
dpctgan,ShadowModelling(RandomQueries),12435,1,0.39,0,0.5
dpctgan,ShadowModelling(RandomQueries),12435,0,0.46,0,0.5
dpctgan,ShadowModelling(RandomQueries),12435,1,0.44,0,0.5
dpctgan,ShadowModelling(RandomQueries),12435,0,0.63,1,0.5
dpctgan,ShadowModelling(RandomQueries),12435,1,0.48,0,0.5
dpctgan,ShadowModelling(RandomQueries),12435,0,0.68,1,0.5
dpctgan,ShadowModelling(RandomQueries),12435,1,0.51,1,0.5
dpctgan,ShadowModelling(RandomQueries),12435,0,0.39,0,0.5
dpctgan,ShadowModelling(RandomQueries),12435,1,0.38,0,0.5
dpctgan,ShadowModelling(RandomQueries),12435,0,0.52,1,0.5
dpctgan,ShadowModelling(RandomQueries),12435,1,0.54,1,0.5
dpctgan,ShadowModelling(RandomQueries),12435,0,0.49,0,0.5
dpctgan,ShadowModelling(RandomQueries),12435,1,0.36,0,0.5
dpctgan,ShadowModelling(RandomQueries),12435,0,0.54,1,0.5
dpctgan,ShadowModelling(RandomQueries),12435,1,0.27,0,0.5
dpctgan,ShadowModelling(RandomQueries),12435,0,0.51,1,0.5
dpctgan,ShadowModelling(RandomQueries),12435,1,0.38,0,0.5
dpctgan,ShadowModelling(RandomQueries),12435,0,0.43,0,0.5
dpctgan,ShadowModelling(RandomQueries),12435,1,0.41,0,0.5
dpctgan,ShadowModelling(RandomQueries),12435,0,0.27,0,0.5
dpctgan,ShadowModelling(RandomQueries),12435,1,0.3,0,0.5
dpctgan,ShadowModelling(RandomQueries),12435,0,0.58,1,0.5
dpctgan,ShadowModelling(RandomQueries),12435,1,0.53,1,0.5
dpctgan,ShadowModelling(RandomQueries),12435,0,0.33,0,0.5
dpctgan,ShadowModelling(RandomQueries),12435,1,0.5,0,0.5
dpctgan,ShadowModelling(RandomQueries),12435,0,0.29,0,0.5
dpctgan,ShadowModelling(RandomQueries),12435,1,0.35,0,0.5
dpctgan,ShadowModelling(RandomQueries),12435,0,0.53,1,0.5
dpctgan,ShadowModelling(RandomQueries),12435,1,0.42,0,0.5
dpctgan,ShadowModelling(RandomQueries),12435,0,0.37,0,0.5
dpctgan,ShadowModelling(RandomQueries),12435,1,0.35,0,0.5
dpctgan,ShadowModelling(RandomQueries),12435,0,0.43,0,0.5
dpctgan,ShadowModelling(RandomQueries),12435,1,0.6,1,0.5
dpctgan,ShadowModelling(RandomQueries),12435,0,0.46,0,0.5
dpctgan,ShadowModelling(RandomQueries),12435,1,0.55,1,0.5
dpctgan,ShadowModelling(RandomQueries),12435,0,0.48,0,0.5
dpctgan,ShadowModelling(RandomQueries),12435,1,0.64,1,0.5
dpctgan,ShadowModelling(RandomQueries),12435,0,0.43,0,0.5
dpctgan,ShadowModelling(RandomQueries),12435,1,0.63,1,0.5
dpctgan,ShadowModelling(RandomQueries),12435,0,0.54,1,0.5
dpctgan,ShadowModelling(RandomQueries),12435,1,0.63,1,0.5
dpctgan,ShadowModelling(RandomQueries),12435,0,0.54,1,0.5
dpctgan,ShadowModelling(RandomQueries),12435,1,0.55,1,0.5
dpctgan,ShadowModelling(RandomQueries),12435,0,0.71,1,0.5
dpctgan,ShadowModelling(RandomQueries),12435,1,0.46,0,0.5
dpctgan,ShadowModelling(RandomQueries),12435,0,0.5,0,0.5
dpctgan,ShadowModelling(RandomQueries),12435,1,0.69,1,0.5
dpctgan,ShadowModelling(RandomQueries),12435,0,0.4,0,0.5
dpctgan,ShadowModelling(RandomQueries),12435,1,0.72,1,0.5
dpctgan,ShadowModelling(RandomQueries),12435,0,0.42,0,0.5
dpctgan,ShadowModelling(RandomQueries),12435,1,0.46,0,0.5
dpctgan,ShadowModelling(RandomQueries),12435,0,0.4,0,0.5
dpctgan,ShadowModelling(RandomQueries),12435,1,0.46,0,0.5
dpctgan,ShadowModelling(RandomQueries),12435,0,0.38,0,0.5
dpctgan,ShadowModelling(RandomQueries),12435,1,0.5,0,0.5
dpctgan,ShadowModelling(RandomQueries),12435,0,0.46,0,0.5
dpctgan,ShadowModelling(RandomQueries),12435,1,0.6,1,0.5
dpctgan,ShadowModelling(RandomQueries),12435,0,0.45,0,0.5
dpctgan,ShadowModelling(RandomQueries),12435,1,0.49,0,0.5
dpctgan,ShadowModelling(RandomQueries),12435,0,0.67,1,0.5
dpctgan,ShadowModelling(RandomQueries),12435,1,0.54,1,0.5
dpctgan,ShadowModelling(RandomQueries),12435,0,0.63,1,0.5
dpctgan,ShadowModelling(RandomQueries),12435,1,0.32,0,0.5
dpctgan,ShadowModelling(RandomQueries),12435,0,0.56,1,0.5
dpctgan,ShadowModelling(RandomQueries),12435,1,0.36,0,0.5
dpctgan,ShadowModelling(RandomQueries),12435,0,0.39,0,0.5
dpctgan,ShadowModelling(RandomQueries),12435,1,0.54,1,0.5
dpctgan,ShadowModelling(RandomQueries),12435,0,0.47,0,0.5
dpctgan,ShadowModelling(RandomQueries),12435,1,0.28,0,0.5
dpctgan,ShadowModelling(RandomQueries),12435,0,0.43,0,0.5
dpctgan,ShadowModelling(RandomQueries),12435,1,0.4,0,0.5
dpctgan,ShadowModelling(RandomQueries),12435,0,0.47,0,0.5
dpctgan,ShadowModelling(RandomQueries),12435,1,0.54,1,0.5
dpctgan,ShadowModelling(RandomQueries),12435,0,0.36,0,0.5
dpctgan,ShadowModelling(RandomQueries),12435,1,0.57,1,0.5
dpctgan,ShadowModelling(RandomQueries),12435,0,0.52,1,0.5
dpctgan,ShadowModelling(RandomQueries),12435,1,0.55,1,0.5
dpctgan,ShadowModelling(RandomQueries),12435,0,0.54,1,0.5
dpctgan,ShadowModelling(RandomQueries),12435,1,0.6,1,0.5
dpctgan,ShadowModelling(RandomQueries),12435,0,0.54,1,0.5
dpctgan,ShadowModelling(RandomQueries),12435,1,0.59,1,0.5
dpctgan,ShadowModelling(RandomQueries),12435,0,0.34,0,0.5
dpctgan,ShadowModelling(RandomQueries),12435,1,0.42,0,0.5
dpctgan,ShadowModelling(RandomQueries),12435,0,0.56,1,0.5
dpctgan,ShadowModelling(RandomQueries),12435,1,0.4,0,0.5
dpctgan,ShadowModelling(RandomQueries),12435,0,0.44,0,0.5
dpctgan,ShadowModelling(RandomQueries),12435,1,0.5,0,0.5
dpctgan,ShadowModelling(RandomQueries),12435,0,0.63,1,0.5
dpctgan,ShadowModelling(RandomQueries),12435,1,0.34,0,0.5
dpctgan,ShadowModelling(RandomQueries),12435,0,0.43,0,0.5
dpctgan,ShadowModelling(RandomQueries),12435,1,0.45,0,0.5
dpctgan,ShadowModelling(RandomQueries),12435,0,0.48,0,0.5
dpctgan,ShadowModelling(RandomQueries),12435,1,0.34,0,0.5
dpctgan,ShadowModelling(RandomQueries),12435,0,0.25,0,0.5
dpctgan,ShadowModelling(RandomQueries),12435,1,0.48,0,0.5
dpctgan,ShadowModelling(RandomQueries),12435,0,0.48,0,0.5
dpctgan,ShadowModelling(RandomQueries),12435,1,0.56,1,0.5
dpctgan,ShadowModelling(RandomQueries),12435,0,0.53,1,0.5
dpctgan,ShadowModelling(RandomQueries),12435,1,0.55,1,0.5
dpctgan,ShadowModelling(RandomQueries),12435,0,0.57,1,0.5
dpctgan,ShadowModelling(RandomQueries),12435,1,0.57,1,0.5
dpctgan,ShadowModelling(RandomQueries),12435,0,0.61,1,0.5
dpctgan,ShadowModelling(RandomQueries),12435,1,0.55,1,0.5
dpctgan,ShadowModelling(RandomQueries),12435,0,0.47,0,0.5
dpctgan,ShadowModelling(RandomQueries),12435,1,0.53,1,0.5
dpctgan,ShadowModelling(RandomQueries),12435,0,0.6,1,0.5
dpctgan,ShadowModelling(RandomQueries),12435,1,0.5,0,0.5
dpctgan,ShadowModelling(RandomQueries),12435,0,0.49,0,0.5
dpctgan,ShadowModelling(RandomQueries),12435,1,0.59,1,0.5
dpctgan,ShadowModelling(RandomQueries),12435,0,0.39,0,0.5
dpctgan,ShadowModelling(RandomQueries),12435,1,0.62,1,0.5
dpctgan,ShadowModelling(RandomQueries),12435,0,0.35,0,0.5
dpctgan,ShadowModelling(RandomQueries),12435,1,0.57,1,0.5
dpctgan,ShadowModelling(RandomQueries),12435,0,0.52,1,0.5
dpctgan,ShadowModelling(RandomQueries),12435,1,0.42,0,0.5
dpctgan,ShadowModelling(RandomQueries),12435,0,0.47,0,0.5
dpctgan,ShadowModelling(RandomQueries),12435,1,0.44,0,0.5
dpctgan,ShadowModelling(RandomQueries),12435,0,0.44,0,0.5
dpctgan,ShadowModelling(RandomQueries),12435,1,0.49,0,0.5
dpctgan,ShadowModelling(RandomQueries),12435,0,0.44,0,0.5
dpctgan,ShadowModelling(RandomQueries),12435,1,0.53,1,0.5
dpctgan,ShadowModelling(RandomQueries),12435,0,0.42,0,0.5
dpctgan,ShadowModelling(RandomQueries),12435,1,0.58,1,0.5
dpctgan,ShadowModelling(RandomQueries),12435,0,0.69,1,0.5
dpctgan,ShadowModelling(RandomQueries),12435,1,0.46,0,0.5
dpctgan,ShadowModelling(RandomQueries),12435,0,0.68,1,0.5
dpctgan,ShadowModelling(RandomQueries),12435,1,0.58,1,0.5
dpctgan,ShadowModelling(RandomQueries),12435,0,0.46,0,0.5
dpctgan,ShadowModelling(RandomQueries),12435,1,0.48,0,0.5
dpctgan,ShadowModelling(RandomQueries),12435,0,0.56,1,0.5
dpctgan,ShadowModelling(RandomQueries),12435,1,0.57,1,0.5
dpctgan,ShadowModelling(RandomQueries),12435,0,0.46,0,0.5
dpctgan,ShadowModelling(RandomQueries),12435,1,0.69,1,0.5
dpctgan,ShadowModelling(RandomQueries),12435,0,0.4,0,0.5
dpctgan,ShadowModelling(RandomQueries),12435,1,0.39,0,0.5
dpctgan,ShadowModelling(RandomQueries),12435,0,0.38,0,0.5
dpctgan,ShadowModelling(RandomQueries),12435,1,0.55,1,0.5
dpctgan,ShadowModelling(RandomQueries),12435,0,0.53,1,0.5
dpctgan,ShadowModelling(RandomQueries),12435,1,0.42,0,0.5
dpctgan,ShadowModelling(RandomQueries),12435,0,0.49,0,0.5
dpctgan,ShadowModelling(RandomQueries),12435,1,0.57,1,0.5
dpctgan,ShadowModelling(RandomQueries),12435,0,0.55,1,0.5
dpctgan,ShadowModelling(RandomQueries),12435,1,0.62,1,0.5
dpctgan,ShadowModelling(RandomQueries),12435,0,0.46,0,0.5
dpctgan,ShadowModelling(RandomQueries),12435,1,0.41,0,0.5
dpctgan,ShadowModelling(RandomQueries),12435,0,0.69,1,0.5
dpctgan,ShadowModelling(RandomQueries),12435,1,0.6,1,0.5
dpctgan,ShadowModelling(RandomQueries),12435,0,0.61,1,0.5
dpctgan,ShadowModelling(RandomQueries),12435,1,0.39,0,0.5
dpctgan,ShadowModelling(RandomQueries),12435,0,0.76,1,0.5
dpctgan,ShadowModelling(RandomQueries),12435,1,0.52,1,0.5
dpctgan,ShadowModelling(RandomQueries),12435,0,0.49,0,0.5
dpctgan,ShadowModelling(RandomQueries),12435,1,0.54,1,0.5
dpctgan,ShadowModelling(RandomQueries),12435,0,0.62,1,0.5
dpctgan,ShadowModelling(RandomQueries),12435,1,0.44,0,0.5
dpctgan,ShadowModelling(RandomQueries),12435,0,0.6,1,0.5
dpctgan,ShadowModelling(RandomQueries),12435,1,0.61,1,0.5
dpctgan,ShadowModelling(RandomQueries),12435,0,0.34,0,0.5
dpctgan,ShadowModelling(RandomQueries),12435,1,0.29,0,0.5
dpctgan,ShadowModelling(RandomQueries),12435,0,0.5,0,0.5
dpctgan,ShadowModelling(RandomQueries),12435,1,0.58,1,0.5
dpctgan,ShadowModelling(RandomQueries),12435,0,0.52,1,0.5
dpctgan,ShadowModelling(RandomQueries),12435,1,0.77,1,0.5
dpctgan,ShadowModelling(RandomQueries),12435,0,0.5,0,0.5
dpctgan,ShadowModelling(RandomQueries),12435,1,0.44,0,0.5
dpctgan,ShadowModelling(RandomQueries),12435,0,0.63,1,0.5
dpctgan,ShadowModelling(RandomQueries),12435,1,0.38,0,0.5
dpctgan,ShadowModelling(RandomQueries),12435,0,0.62,1,0.5
dpctgan,ShadowModelling(RandomQueries),12435,1,0.61,1,0.5
dpctgan,ShadowModelling(RandomQueries),12435,0,0.63,1,0.5
dpctgan,ShadowModelling(RandomQueries),12435,1,0.46,0,0.5
dpctgan,ShadowModelling(RandomQueries),12435,0,0.47,0,0.5
dpctgan,ShadowModelling(RandomQueries),12435,1,0.4,0,0.5
dpctgan,ShadowModelling(RandomQueries),12435,0,0.34,0,0.5
dpctgan,ShadowModelling(RandomQueries),12435,1,0.52,1,0.5
dpctgan,ShadowModelling(RandomQueries),12435,0,0.61,1,0.5
dpctgan,ShadowModelling(RandomQueries),12435,1,0.51,1,0.5
dpctgan,ShadowModelling(RandomQueries),12435,0,0.59,1,0.5
dpctgan,ShadowModelling(RandomQueries),12435,1,0.42,0,0.5
dpctgan,ShadowModelling(RandomQueries),12435,0,0.29,0,0.5
dpctgan,ShadowModelling(RandomQueries),12435,1,0.43,0,0.5
dpctgan,ShadowModelling(RandomQueries),12435,0,0.5,0,0.5
dpctgan,ShadowModelling(RandomQueries),12435,1,0.53,1,0.5
dpctgan,ShadowModelling(RandomQueries),12435,0,0.57,1,0.5
dpctgan,ShadowModelling(RandomQueries),12435,1,0.54,1,0.5
dpctgan,ShadowModelling(RandomQueries),12435,0,0.54,1,0.5
dpctgan,ShadowModelling(RandomQueries),12435,1,0.51,1,0.5
dpctgan,ShadowModelling(RandomQueries),12435,0,0.33,0,0.5
dpctgan,ShadowModelling(RandomQueries),12435,1,0.56,1,0.5
dpctgan,ShadowModelling(RandomQueries),12435,0,0.48,0,0.5
dpctgan,ShadowModelling(RandomQueries),12435,1,0.38,0,0.5
dpctgan,ShadowModelling(RandomQueries),12435,0,0.38,0,0.5
dpctgan,ShadowModelling(RandomQueries),12435,1,0.49,0,0.5
dpctgan,ShadowModelling(RandomQueries),12435,0,0.54,1,0.5
dpctgan,ShadowModelling(RandomQueries),12435,1,0.39,0,0.5
dpctgan,ShadowModelling(RandomQueries),12435,0,0.5,0,0.5
dpctgan,ShadowModelling(RandomQueries),12435,1,0.46,0,0.5
dpctgan,ShadowModelling(RandomQueries),12435,0,0.6,1,0.5
dpctgan,ShadowModelling(RandomQueries),12435,1,0.51,1,0.5
dpctgan,ShadowModelling(RandomQueries),12435,0,0.68,1,0.5
dpctgan,ShadowModelling(RandomQueries),12435,1,0.54,1,0.5
dpctgan,ShadowModelling(RandomQueries),12435,0,0.44,0,0.5
dpctgan,ShadowModelling(RandomQueries),12435,1,0.64,1,0.5
dpctgan,ShadowModelling(RandomQueries),12435,0,0.7,1,0.5
dpctgan,ShadowModelling(RandomQueries),12435,1,0.42,0,0.5
dpctgan,ShadowModelling(RandomQueries),12435,0,0.38,0,0.5
dpctgan,ShadowModelling(RandomQueries),12435,1,0.47,0,0.5
dpctgan,ShadowModelling(RandomQueries),12435,0,0.41,0,0.5
dpctgan,ShadowModelling(RandomQueries),12435,1,0.42,0,0.5
dpctgan,ShadowModelling(RandomQueries),12435,0,0.5,0,0.5
dpctgan,ShadowModelling(RandomQueries),12435,1,0.68,1,0.5
dpctgan,ShadowModelling(RandomQueries),12435,0,0.31,0,0.5
dpctgan,ShadowModelling(RandomQueries),12435,1,0.6,1,0.5
dpctgan,ShadowModelling(RandomQueries),12435,0,0.48,0,0.5
dpctgan,ShadowModelling(RandomQueries),12435,1,0.51,1,0.5
dpctgan,ShadowModelling(RandomQueries),12435,0,0.37,0,0.5
dpctgan,ShadowModelling(RandomQueries),12435,1,0.56,1,0.5
dpctgan,ShadowModelling(RandomQueries),12435,0,0.51,1,0.5
dpctgan,ShadowModelling(RandomQueries),12435,1,0.65,1,0.5
dpctgan,ShadowModelling(RandomQueries),12435,0,0.43,0,0.5
dpctgan,ShadowModelling(RandomQueries),12435,1,0.58,1,0.5
dpctgan,ShadowModelling(RandomQueries),12435,0,0.56,1,0.5
dpctgan,ShadowModelling(RandomQueries),12435,1,0.55,1,0.5
dpctgan,ShadowModelling(RandomQueries),12435,0,0.51,1,0.5
dpctgan,ShadowModelling(RandomQueries),12435,1,0.65,1,0.5
dpctgan,ShadowModelling(RandomQueries),12435,0,0.76,1,0.5
dpctgan,ShadowModelling(RandomQueries),12435,1,0.48,0,0.5
dpctgan,ShadowModelling(RandomQueries),12435,0,0.57,1,0.5
dpctgan,ShadowModelling(RandomQueries),12435,1,0.46,0,0.5
dpctgan,ShadowModelling(RandomQueries),12435,0,0.41,0,0.5
dpctgan,ShadowModelling(RandomQueries),12435,1,0.49,0,0.5
dpctgan,ShadowModelling(RandomQueries),12435,0,0.56,1,0.5
dpctgan,ShadowModelling(RandomQueries),12435,1,0.73,1,0.5
dpctgan,ShadowModelling(RandomQueries),12435,0,0.44,0,0.5
dpctgan,ShadowModelling(RandomQueries),12435,1,0.42,0,0.5
dpctgan,ShadowModelling(RandomQueries),12435,0,0.57,1,0.5
dpctgan,ShadowModelling(RandomQueries),12435,1,0.66,1,0.5
dpctgan,ShadowModelling(RandomQueries),12435,0,0.42,0,0.5
dpctgan,ShadowModelling(RandomQueries),12435,1,0.53,1,0.5
dpctgan,ShadowModelling(RandomQueries),12435,0,0.47,0,0.5
dpctgan,ShadowModelling(RandomQueries),12435,1,0.52,1,0.5
dpctgan,ShadowModelling(RandomQueries),12435,0,0.57,1,0.5
dpctgan,ShadowModelling(RandomQueries),12435,1,0.52,1,0.5
dpctgan,ShadowModelling(RandomQueries),12435,0,0.39,0,0.5
dpctgan,ShadowModelling(RandomQueries),12435,1,0.54,1,0.5
dpctgan,ShadowModelling(RandomQueries),12435,0,0.48,0,0.5
dpctgan,ShadowModelling(RandomQueries),12435,1,0.56,1,0.5
dpctgan,ShadowModelling(RandomQueries),12435,0,0.3,0,0.5
dpctgan,ShadowModelling(RandomQueries),12435,1,0.72,1,0.5
dpctgan,ShadowModelling(RandomQueries),12435,0,0.54,1,0.5
dpctgan,ShadowModelling(RandomQueries),12435,1,0.72,1,0.5
dpctgan,ShadowModelling(RandomQueries),12435,0,0.48,0,0.5
dpctgan,ShadowModelling(RandomQueries),12435,1,0.45,0,0.5
dpctgan,ShadowModelling(RandomQueries),12435,0,0.46,0,0.5
dpctgan,ShadowModelling(RandomQueries),12435,1,0.48,0,0.5
dpctgan,ShadowModelling(RandomQueries),12435,0,0.35,0,0.5
dpctgan,ShadowModelling(RandomQueries),12435,1,0.39,0,0.5
dpctgan,ShadowModelling(RandomQueries),12435,0,0.47,0,0.5
dpctgan,ShadowModelling(RandomQueries),12435,1,0.49,0,0.5
dpctgan,ShadowModelling(RandomQueries),12435,0,0.58,1,0.5
dpctgan,ShadowModelling(RandomQueries),12435,1,0.53,1,0.5
dpctgan,ShadowModelling(RandomQueries),12435,0,0.5,0,0.5
dpctgan,ShadowModelling(RandomQueries),12435,1,0.33,0,0.5
dpctgan,ShadowModelling(RandomQueries),12435,0,0.52,1,0.5
dpctgan,ShadowModelling(RandomQueries),12435,1,0.51,1,0.5
dpctgan,ShadowModelling(RandomQueries),12435,0,0.47,0,0.5
dpctgan,ShadowModelling(RandomQueries),12435,1,0.56,1,0.5
dpctgan,ShadowModelling(RandomQueries),12435,0,0.43,0,0.5
dpctgan,ShadowModelling(RandomQueries),12435,1,0.68,1,0.5
dpctgan,ShadowModelling(RandomQueries),12435,0,0.64,1,0.5
dpctgan,ShadowModelling(RandomQueries),12435,1,0.46,0,0.5
dpctgan,ShadowModelling(RandomQueries),12435,0,0.2,0,0.5
dpctgan,ShadowModelling(RandomQueries),12435,1,0.41,0,0.5
dpctgan,ShadowModelling(RandomQueries),12435,0,0.54,1,0.5
dpctgan,ShadowModelling(RandomQueries),12435,1,0.5,0,0.5
dpctgan,ShadowModelling(RandomQueries),12435,0,0.46,0,0.5
dpctgan,ShadowModelling(RandomQueries),12435,1,0.6,1,0.5
dpctgan,ShadowModelling(RandomQueries),12435,0,0.58,1,0.5
dpctgan,ShadowModelling(RandomQueries),12435,1,0.5,0,0.5
dpctgan,ShadowModelling(RandomQueries),12435,0,0.35,0,0.5
dpctgan,ShadowModelling(RandomQueries),12435,1,0.33,0,0.5
dpctgan,ShadowModelling(RandomQueries),12435,0,0.44,0,0.5
dpctgan,ShadowModelling(RandomQueries),12435,1,0.6,1,0.5
dpctgan,ShadowModelling(RandomQueries),12435,0,0.34,0,0.5
dpctgan,ShadowModelling(RandomQueries),12435,1,0.3,0,0.5
dpctgan,ShadowModelling(RandomQueries),12435,0,0.65,1,0.5
dpctgan,ShadowModelling(RandomQueries),12435,1,0.55,1,0.5
dpctgan,ShadowModelling(RandomQueries),12435,0,0.56,1,0.5
dpctgan,ShadowModelling(RandomQueries),12435,1,0.26,0,0.5
dpctgan,ShadowModelling(RandomQueries),12435,0,0.35,0,0.5
dpctgan,ShadowModelling(RandomQueries),12435,1,0.59,1,0.5
dpctgan,ShadowModelling(RandomQueries),12435,0,0.51,1,0.5
dpctgan,ShadowModelling(RandomQueries),12435,1,0.41,0,0.5
dpctgan,ShadowModelling(RandomQueries),12435,0,0.25,0,0.5
dpctgan,ShadowModelling(RandomQueries),12435,1,0.58,1,0.5
dpctgan,ShadowModelling(RandomQueries),12435,0,0.69,1,0.5
dpctgan,ShadowModelling(RandomQueries),12435,1,0.47,0,0.5
dpctgan,ShadowModelling(RandomQueries),12435,0,0.43,0,0.5
dpctgan,ShadowModelling(RandomQueries),12435,1,0.51,1,0.5
dpctgan,ShadowModelling(RandomQueries),12435,0,0.4,0,0.5
dpctgan,ShadowModelling(RandomQueries),12435,1,0.43,0,0.5
dpctgan,ShadowModelling(RandomQueries),12435,0,0.71,1,0.5
dpctgan,ShadowModelling(RandomQueries),12435,1,0.43,0,0.5
dpctgan,ShadowModelling(RandomQueries),12435,0,0.54,1,0.5
dpctgan,ShadowModelling(RandomQueries),12435,1,0.49,0,0.5
dpctgan,ShadowModelling(RandomQueries),12435,0,0.34,0,0.5
dpctgan,ShadowModelling(RandomQueries),12435,1,0.3,0,0.5
dpctgan,ShadowModelling(RandomQueries),12435,0,0.59,1,0.5
dpctgan,ShadowModelling(RandomQueries),12435,1,0.49,0,0.5
dpctgan,ShadowModelling(RandomQueries),12435,0,0.4,0,0.5
dpctgan,ShadowModelling(RandomQueries),12435,1,0.28,0,0.5
dpctgan,ShadowModelling(RandomQueries),12435,0,0.5,0,0.5
dpctgan,ShadowModelling(RandomQueries),12435,1,0.62,1,0.5
dpctgan,ShadowModelling(RandomQueries),12435,0,0.44,0,0.5
dpctgan,ShadowModelling(RandomQueries),12435,1,0.56,1,0.5
dpctgan,ShadowModelling(RandomQueries),12435,0,0.38,0,0.5
dpctgan,ShadowModelling(RandomQueries),12435,1,0.73,1,0.5
dpctgan,ShadowModelling(RandomQueries),12435,0,0.34,0,0.5
dpctgan,ShadowModelling(RandomQueries),12435,1,0.41,0,0.5
dpctgan,ShadowModelling(RandomQueries),12435,0,0.56,1,0.5
dpctgan,ShadowModelling(RandomQueries),12435,1,0.66,1,0.5
dpctgan,ShadowModelling(RandomQueries),12435,0,0.47,0,0.5
dpctgan,ShadowModelling(RandomQueries),12435,1,0.42,0,0.5
dpctgan,ShadowModelling(RandomQueries),12435,0,0.36,0,0.5
dpctgan,ShadowModelling(RandomQueries),12435,1,0.63,1,0.5
dpctgan,ShadowModelling(RandomQueries),12435,0,0.14,0,0.5
dpctgan,ShadowModelling(RandomQueries),12435,1,0.57,1,0.5
dpctgan,ShadowModelling(RandomQueries),12435,0,0.58,1,0.5
dpctgan,ShadowModelling(RandomQueries),12435,1,0.58,1,0.5
dpctgan,ShadowModelling(RandomQueries),12435,0,0.43,0,0.5
dpctgan,ShadowModelling(RandomQueries),12435,1,0.58,1,0.5
dpctgan,ShadowModelling(RandomQueries),12435,0,0.58,1,0.5
dpctgan,ShadowModelling(RandomQueries),12435,1,0.46,0,0.5
dpctgan,ShadowModelling(RandomQueries),12435,0,0.68,1,0.5
dpctgan,ShadowModelling(RandomQueries),12435,1,0.57,1,0.5
dpctgan,ShadowModelling(RandomQueries),12435,0,0.6,1,0.5
dpctgan,"LocalNeighbourhood(L_2, 0.250411558405805, accuracy)",12435,1,0.0,0,0.002
dpctgan,"LocalNeighbourhood(L_2, 0.250411558405805, accuracy)",12435,0,0.0,0,0.002
dpctgan,"LocalNeighbourhood(L_2, 0.250411558405805, accuracy)",12435,1,0.0,0,0.002
dpctgan,"LocalNeighbourhood(L_2, 0.250411558405805, accuracy)",12435,0,0.0,0,0.002
dpctgan,"LocalNeighbourhood(L_2, 0.250411558405805, accuracy)",12435,1,0.0,0,0.002
dpctgan,"LocalNeighbourhood(L_2, 0.250411558405805, accuracy)",12435,0,0.0,0,0.002
dpctgan,"LocalNeighbourhood(L_2, 0.250411558405805, accuracy)",12435,1,0.0,0,0.002
dpctgan,"LocalNeighbourhood(L_2, 0.250411558405805, accuracy)",12435,0,0.0,0,0.002
dpctgan,"LocalNeighbourhood(L_2, 0.250411558405805, accuracy)",12435,1,0.0,0,0.002
dpctgan,"LocalNeighbourhood(L_2, 0.250411558405805, accuracy)",12435,0,0.0,0,0.002
dpctgan,"LocalNeighbourhood(L_2, 0.250411558405805, accuracy)",12435,1,0.006,1,0.002
dpctgan,"LocalNeighbourhood(L_2, 0.250411558405805, accuracy)",12435,0,0.0,0,0.002
dpctgan,"LocalNeighbourhood(L_2, 0.250411558405805, accuracy)",12435,1,0.0,0,0.002
dpctgan,"LocalNeighbourhood(L_2, 0.250411558405805, accuracy)",12435,0,0.0,0,0.002
dpctgan,"LocalNeighbourhood(L_2, 0.250411558405805, accuracy)",12435,1,0.0,0,0.002
dpctgan,"LocalNeighbourhood(L_2, 0.250411558405805, accuracy)",12435,0,0.0,0,0.002
dpctgan,"LocalNeighbourhood(L_2, 0.250411558405805, accuracy)",12435,1,0.0,0,0.002
dpctgan,"LocalNeighbourhood(L_2, 0.250411558405805, accuracy)",12435,0,0.0,0,0.002
dpctgan,"LocalNeighbourhood(L_2, 0.250411558405805, accuracy)",12435,1,0.0,0,0.002
dpctgan,"LocalNeighbourhood(L_2, 0.250411558405805, accuracy)",12435,0,0.006,1,0.002
dpctgan,"LocalNeighbourhood(L_2, 0.250411558405805, accuracy)",12435,1,0.002,1,0.002
dpctgan,"LocalNeighbourhood(L_2, 0.250411558405805, accuracy)",12435,0,0.0,0,0.002
dpctgan,"LocalNeighbourhood(L_2, 0.250411558405805, accuracy)",12435,1,0.0,0,0.002
dpctgan,"LocalNeighbourhood(L_2, 0.250411558405805, accuracy)",12435,0,0.0,0,0.002
dpctgan,"LocalNeighbourhood(L_2, 0.250411558405805, accuracy)",12435,1,0.0,0,0.002
dpctgan,"LocalNeighbourhood(L_2, 0.250411558405805, accuracy)",12435,0,0.0,0,0.002
dpctgan,"LocalNeighbourhood(L_2, 0.250411558405805, accuracy)",12435,1,0.0,0,0.002
dpctgan,"LocalNeighbourhood(L_2, 0.250411558405805, accuracy)",12435,0,0.0,0,0.002
dpctgan,"LocalNeighbourhood(L_2, 0.250411558405805, accuracy)",12435,1,0.0,0,0.002
dpctgan,"LocalNeighbourhood(L_2, 0.250411558405805, accuracy)",12435,0,0.0,0,0.002
dpctgan,"LocalNeighbourhood(L_2, 0.250411558405805, accuracy)",12435,1,0.0,0,0.002
dpctgan,"LocalNeighbourhood(L_2, 0.250411558405805, accuracy)",12435,0,0.0,0,0.002
dpctgan,"LocalNeighbourhood(L_2, 0.250411558405805, accuracy)",12435,1,0.0,0,0.002
dpctgan,"LocalNeighbourhood(L_2, 0.250411558405805, accuracy)",12435,0,0.0,0,0.002
dpctgan,"LocalNeighbourhood(L_2, 0.250411558405805, accuracy)",12435,1,0.0,0,0.002
dpctgan,"LocalNeighbourhood(L_2, 0.250411558405805, accuracy)",12435,0,0.008,1,0.002
dpctgan,"LocalNeighbourhood(L_2, 0.250411558405805, accuracy)",12435,1,0.0,0,0.002
dpctgan,"LocalNeighbourhood(L_2, 0.250411558405805, accuracy)",12435,0,0.0,0,0.002
dpctgan,"LocalNeighbourhood(L_2, 0.250411558405805, accuracy)",12435,1,0.0,0,0.002
dpctgan,"LocalNeighbourhood(L_2, 0.250411558405805, accuracy)",12435,0,0.0,0,0.002
dpctgan,"LocalNeighbourhood(L_2, 0.250411558405805, accuracy)",12435,1,0.0,0,0.002
dpctgan,"LocalNeighbourhood(L_2, 0.250411558405805, accuracy)",12435,0,0.0,0,0.002
dpctgan,"LocalNeighbourhood(L_2, 0.250411558405805, accuracy)",12435,1,0.0,0,0.002
dpctgan,"LocalNeighbourhood(L_2, 0.250411558405805, accuracy)",12435,0,0.0,0,0.002
dpctgan,"LocalNeighbourhood(L_2, 0.250411558405805, accuracy)",12435,1,0.0,0,0.002
dpctgan,"LocalNeighbourhood(L_2, 0.250411558405805, accuracy)",12435,0,0.0,0,0.002
dpctgan,"LocalNeighbourhood(L_2, 0.250411558405805, accuracy)",12435,1,0.0,0,0.002
dpctgan,"LocalNeighbourhood(L_2, 0.250411558405805, accuracy)",12435,0,0.0,0,0.002
dpctgan,"LocalNeighbourhood(L_2, 0.250411558405805, accuracy)",12435,1,0.0,0,0.002
dpctgan,"LocalNeighbourhood(L_2, 0.250411558405805, accuracy)",12435,0,0.0,0,0.002
dpctgan,"LocalNeighbourhood(L_2, 0.250411558405805, accuracy)",12435,1,0.0,0,0.002
dpctgan,"LocalNeighbourhood(L_2, 0.250411558405805, accuracy)",12435,0,0.0,0,0.002
dpctgan,"LocalNeighbourhood(L_2, 0.250411558405805, accuracy)",12435,1,0.0,0,0.002
dpctgan,"LocalNeighbourhood(L_2, 0.250411558405805, accuracy)",12435,0,0.0,0,0.002
dpctgan,"LocalNeighbourhood(L_2, 0.250411558405805, accuracy)",12435,1,0.0,0,0.002
dpctgan,"LocalNeighbourhood(L_2, 0.250411558405805, accuracy)",12435,0,0.0,0,0.002
dpctgan,"LocalNeighbourhood(L_2, 0.250411558405805, accuracy)",12435,1,0.0,0,0.002
dpctgan,"LocalNeighbourhood(L_2, 0.250411558405805, accuracy)",12435,0,0.0,0,0.002
dpctgan,"LocalNeighbourhood(L_2, 0.250411558405805, accuracy)",12435,1,0.0,0,0.002
dpctgan,"LocalNeighbourhood(L_2, 0.250411558405805, accuracy)",12435,0,0.0,0,0.002
dpctgan,"LocalNeighbourhood(L_2, 0.250411558405805, accuracy)",12435,1,0.0,0,0.002
dpctgan,"LocalNeighbourhood(L_2, 0.250411558405805, accuracy)",12435,0,0.0,0,0.002
dpctgan,"LocalNeighbourhood(L_2, 0.250411558405805, accuracy)",12435,1,0.0,0,0.002
dpctgan,"LocalNeighbourhood(L_2, 0.250411558405805, accuracy)",12435,0,0.006,1,0.002
dpctgan,"LocalNeighbourhood(L_2, 0.250411558405805, accuracy)",12435,1,0.0,0,0.002
dpctgan,"LocalNeighbourhood(L_2, 0.250411558405805, accuracy)",12435,0,0.0,0,0.002
dpctgan,"LocalNeighbourhood(L_2, 0.250411558405805, accuracy)",12435,1,0.0,0,0.002
dpctgan,"LocalNeighbourhood(L_2, 0.250411558405805, accuracy)",12435,0,0.0,0,0.002
dpctgan,"LocalNeighbourhood(L_2, 0.250411558405805, accuracy)",12435,1,0.0,0,0.002
dpctgan,"LocalNeighbourhood(L_2, 0.250411558405805, accuracy)",12435,0,0.0,0,0.002
dpctgan,"LocalNeighbourhood(L_2, 0.250411558405805, accuracy)",12435,1,0.0,0,0.002
dpctgan,"LocalNeighbourhood(L_2, 0.250411558405805, accuracy)",12435,0,0.0,0,0.002
dpctgan,"LocalNeighbourhood(L_2, 0.250411558405805, accuracy)",12435,1,0.0,0,0.002
dpctgan,"LocalNeighbourhood(L_2, 0.250411558405805, accuracy)",12435,0,0.0,0,0.002
dpctgan,"LocalNeighbourhood(L_2, 0.250411558405805, accuracy)",12435,1,0.0,0,0.002
dpctgan,"LocalNeighbourhood(L_2, 0.250411558405805, accuracy)",12435,0,0.0,0,0.002
dpctgan,"LocalNeighbourhood(L_2, 0.250411558405805, accuracy)",12435,1,0.0,0,0.002
dpctgan,"LocalNeighbourhood(L_2, 0.250411558405805, accuracy)",12435,0,0.0,0,0.002
dpctgan,"LocalNeighbourhood(L_2, 0.250411558405805, accuracy)",12435,1,0.0,0,0.002
dpctgan,"LocalNeighbourhood(L_2, 0.250411558405805, accuracy)",12435,0,0.0,0,0.002
dpctgan,"LocalNeighbourhood(L_2, 0.250411558405805, accuracy)",12435,1,0.0,0,0.002
dpctgan,"LocalNeighbourhood(L_2, 0.250411558405805, accuracy)",12435,0,0.0,0,0.002
dpctgan,"LocalNeighbourhood(L_2, 0.250411558405805, accuracy)",12435,1,0.0,0,0.002
dpctgan,"LocalNeighbourhood(L_2, 0.250411558405805, accuracy)",12435,0,0.0,0,0.002
dpctgan,"LocalNeighbourhood(L_2, 0.250411558405805, accuracy)",12435,1,0.0,0,0.002
dpctgan,"LocalNeighbourhood(L_2, 0.250411558405805, accuracy)",12435,0,0.002,1,0.002
dpctgan,"LocalNeighbourhood(L_2, 0.250411558405805, accuracy)",12435,1,0.002,1,0.002
dpctgan,"LocalNeighbourhood(L_2, 0.250411558405805, accuracy)",12435,0,0.0,0,0.002
dpctgan,"LocalNeighbourhood(L_2, 0.250411558405805, accuracy)",12435,1,0.0,0,0.002
dpctgan,"LocalNeighbourhood(L_2, 0.250411558405805, accuracy)",12435,0,0.002,1,0.002
dpctgan,"LocalNeighbourhood(L_2, 0.250411558405805, accuracy)",12435,1,0.0,0,0.002
dpctgan,"LocalNeighbourhood(L_2, 0.250411558405805, accuracy)",12435,0,0.0,0,0.002
dpctgan,"LocalNeighbourhood(L_2, 0.250411558405805, accuracy)",12435,1,0.0,0,0.002
dpctgan,"LocalNeighbourhood(L_2, 0.250411558405805, accuracy)",12435,0,0.0,0,0.002
dpctgan,"LocalNeighbourhood(L_2, 0.250411558405805, accuracy)",12435,1,0.0,0,0.002
dpctgan,"LocalNeighbourhood(L_2, 0.250411558405805, accuracy)",12435,0,0.0,0,0.002
dpctgan,"LocalNeighbourhood(L_2, 0.250411558405805, accuracy)",12435,1,0.0,0,0.002
dpctgan,"LocalNeighbourhood(L_2, 0.250411558405805, accuracy)",12435,0,0.0,0,0.002
dpctgan,"LocalNeighbourhood(L_2, 0.250411558405805, accuracy)",12435,1,0.0,0,0.002
dpctgan,"LocalNeighbourhood(L_2, 0.250411558405805, accuracy)",12435,0,0.0,0,0.002
dpctgan,"LocalNeighbourhood(L_2, 0.250411558405805, accuracy)",12435,1,0.0,0,0.002
dpctgan,"LocalNeighbourhood(L_2, 0.250411558405805, accuracy)",12435,0,0.0,0,0.002
dpctgan,"LocalNeighbourhood(L_2, 0.250411558405805, accuracy)",12435,1,0.0,0,0.002
dpctgan,"LocalNeighbourhood(L_2, 0.250411558405805, accuracy)",12435,0,0.0,0,0.002
dpctgan,"LocalNeighbourhood(L_2, 0.250411558405805, accuracy)",12435,1,0.0,0,0.002
dpctgan,"LocalNeighbourhood(L_2, 0.250411558405805, accuracy)",12435,0,0.0,0,0.002
dpctgan,"LocalNeighbourhood(L_2, 0.250411558405805, accuracy)",12435,1,0.0,0,0.002
dpctgan,"LocalNeighbourhood(L_2, 0.250411558405805, accuracy)",12435,0,0.004,1,0.002
dpctgan,"LocalNeighbourhood(L_2, 0.250411558405805, accuracy)",12435,1,0.0,0,0.002
dpctgan,"LocalNeighbourhood(L_2, 0.250411558405805, accuracy)",12435,0,0.0,0,0.002
dpctgan,"LocalNeighbourhood(L_2, 0.250411558405805, accuracy)",12435,1,0.0,0,0.002
dpctgan,"LocalNeighbourhood(L_2, 0.250411558405805, accuracy)",12435,0,0.0,0,0.002
dpctgan,"LocalNeighbourhood(L_2, 0.250411558405805, accuracy)",12435,1,0.0,0,0.002
dpctgan,"LocalNeighbourhood(L_2, 0.250411558405805, accuracy)",12435,0,0.0,0,0.002
dpctgan,"LocalNeighbourhood(L_2, 0.250411558405805, accuracy)",12435,1,0.0,0,0.002
dpctgan,"LocalNeighbourhood(L_2, 0.250411558405805, accuracy)",12435,0,0.0,0,0.002
dpctgan,"LocalNeighbourhood(L_2, 0.250411558405805, accuracy)",12435,1,0.0,0,0.002
dpctgan,"LocalNeighbourhood(L_2, 0.250411558405805, accuracy)",12435,0,0.0,0,0.002
dpctgan,"LocalNeighbourhood(L_2, 0.250411558405805, accuracy)",12435,1,0.0,0,0.002
dpctgan,"LocalNeighbourhood(L_2, 0.250411558405805, accuracy)",12435,0,0.0,0,0.002
dpctgan,"LocalNeighbourhood(L_2, 0.250411558405805, accuracy)",12435,1,0.0,0,0.002
dpctgan,"LocalNeighbourhood(L_2, 0.250411558405805, accuracy)",12435,0,0.0,0,0.002
dpctgan,"LocalNeighbourhood(L_2, 0.250411558405805, accuracy)",12435,1,0.0,0,0.002
dpctgan,"LocalNeighbourhood(L_2, 0.250411558405805, accuracy)",12435,0,0.0,0,0.002
dpctgan,"LocalNeighbourhood(L_2, 0.250411558405805, accuracy)",12435,1,0.0,0,0.002
dpctgan,"LocalNeighbourhood(L_2, 0.250411558405805, accuracy)",12435,0,0.0,0,0.002
dpctgan,"LocalNeighbourhood(L_2, 0.250411558405805, accuracy)",12435,1,0.0,0,0.002
dpctgan,"LocalNeighbourhood(L_2, 0.250411558405805, accuracy)",12435,0,0.0,0,0.002
dpctgan,"LocalNeighbourhood(L_2, 0.250411558405805, accuracy)",12435,1,0.0,0,0.002
dpctgan,"LocalNeighbourhood(L_2, 0.250411558405805, accuracy)",12435,0,0.0,0,0.002
dpctgan,"LocalNeighbourhood(L_2, 0.250411558405805, accuracy)",12435,1,0.0,0,0.002
dpctgan,"LocalNeighbourhood(L_2, 0.250411558405805, accuracy)",12435,0,0.0,0,0.002
dpctgan,"LocalNeighbourhood(L_2, 0.250411558405805, accuracy)",12435,1,0.0,0,0.002
dpctgan,"LocalNeighbourhood(L_2, 0.250411558405805, accuracy)",12435,0,0.0,0,0.002
dpctgan,"LocalNeighbourhood(L_2, 0.250411558405805, accuracy)",12435,1,0.0,0,0.002
dpctgan,"LocalNeighbourhood(L_2, 0.250411558405805, accuracy)",12435,0,0.006,1,0.002
dpctgan,"LocalNeighbourhood(L_2, 0.250411558405805, accuracy)",12435,1,0.0,0,0.002
dpctgan,"LocalNeighbourhood(L_2, 0.250411558405805, accuracy)",12435,0,0.0,0,0.002
dpctgan,"LocalNeighbourhood(L_2, 0.250411558405805, accuracy)",12435,1,0.0,0,0.002
dpctgan,"LocalNeighbourhood(L_2, 0.250411558405805, accuracy)",12435,0,0.0,0,0.002
dpctgan,"LocalNeighbourhood(L_2, 0.250411558405805, accuracy)",12435,1,0.0,0,0.002
dpctgan,"LocalNeighbourhood(L_2, 0.250411558405805, accuracy)",12435,0,0.002,1,0.002
dpctgan,"LocalNeighbourhood(L_2, 0.250411558405805, accuracy)",12435,1,0.0,0,0.002
dpctgan,"LocalNeighbourhood(L_2, 0.250411558405805, accuracy)",12435,0,0.0,0,0.002
dpctgan,"LocalNeighbourhood(L_2, 0.250411558405805, accuracy)",12435,1,0.0,0,0.002
dpctgan,"LocalNeighbourhood(L_2, 0.250411558405805, accuracy)",12435,0,0.0,0,0.002
dpctgan,"LocalNeighbourhood(L_2, 0.250411558405805, accuracy)",12435,1,0.0,0,0.002
dpctgan,"LocalNeighbourhood(L_2, 0.250411558405805, accuracy)",12435,0,0.0,0,0.002
dpctgan,"LocalNeighbourhood(L_2, 0.250411558405805, accuracy)",12435,1,0.0,0,0.002
dpctgan,"LocalNeighbourhood(L_2, 0.250411558405805, accuracy)",12435,0,0.0,0,0.002
dpctgan,"LocalNeighbourhood(L_2, 0.250411558405805, accuracy)",12435,1,0.0,0,0.002
dpctgan,"LocalNeighbourhood(L_2, 0.250411558405805, accuracy)",12435,0,0.0,0,0.002
dpctgan,"LocalNeighbourhood(L_2, 0.250411558405805, accuracy)",12435,1,0.0,0,0.002
dpctgan,"LocalNeighbourhood(L_2, 0.250411558405805, accuracy)",12435,0,0.0,0,0.002
dpctgan,"LocalNeighbourhood(L_2, 0.250411558405805, accuracy)",12435,1,0.0,0,0.002
dpctgan,"LocalNeighbourhood(L_2, 0.250411558405805, accuracy)",12435,0,0.0,0,0.002
dpctgan,"LocalNeighbourhood(L_2, 0.250411558405805, accuracy)",12435,1,0.0,0,0.002
dpctgan,"LocalNeighbourhood(L_2, 0.250411558405805, accuracy)",12435,0,0.0,0,0.002
dpctgan,"LocalNeighbourhood(L_2, 0.250411558405805, accuracy)",12435,1,0.0,0,0.002
dpctgan,"LocalNeighbourhood(L_2, 0.250411558405805, accuracy)",12435,0,0.0,0,0.002
dpctgan,"LocalNeighbourhood(L_2, 0.250411558405805, accuracy)",12435,1,0.0,0,0.002
dpctgan,"LocalNeighbourhood(L_2, 0.250411558405805, accuracy)",12435,0,0.0,0,0.002
dpctgan,"LocalNeighbourhood(L_2, 0.250411558405805, accuracy)",12435,1,0.0,0,0.002
dpctgan,"LocalNeighbourhood(L_2, 0.250411558405805, accuracy)",12435,0,0.0,0,0.002
dpctgan,"LocalNeighbourhood(L_2, 0.250411558405805, accuracy)",12435,1,0.0,0,0.002
dpctgan,"LocalNeighbourhood(L_2, 0.250411558405805, accuracy)",12435,0,0.0,0,0.002
dpctgan,"LocalNeighbourhood(L_2, 0.250411558405805, accuracy)",12435,1,0.0,0,0.002
dpctgan,"LocalNeighbourhood(L_2, 0.250411558405805, accuracy)",12435,0,0.0,0,0.002
dpctgan,"LocalNeighbourhood(L_2, 0.250411558405805, accuracy)",12435,1,0.0,0,0.002
dpctgan,"LocalNeighbourhood(L_2, 0.250411558405805, accuracy)",12435,0,0.0,0,0.002
dpctgan,"LocalNeighbourhood(L_2, 0.250411558405805, accuracy)",12435,1,0.0,0,0.002
dpctgan,"LocalNeighbourhood(L_2, 0.250411558405805, accuracy)",12435,0,0.0,0,0.002
dpctgan,"LocalNeighbourhood(L_2, 0.250411558405805, accuracy)",12435,1,0.0,0,0.002
dpctgan,"LocalNeighbourhood(L_2, 0.250411558405805, accuracy)",12435,0,0.0,0,0.002
dpctgan,"LocalNeighbourhood(L_2, 0.250411558405805, accuracy)",12435,1,0.0,0,0.002
dpctgan,"LocalNeighbourhood(L_2, 0.250411558405805, accuracy)",12435,0,0.0,0,0.002
dpctgan,"LocalNeighbourhood(L_2, 0.250411558405805, accuracy)",12435,1,0.002,1,0.002
dpctgan,"LocalNeighbourhood(L_2, 0.250411558405805, accuracy)",12435,0,0.0,0,0.002
dpctgan,"LocalNeighbourhood(L_2, 0.250411558405805, accuracy)",12435,1,0.0,0,0.002
dpctgan,"LocalNeighbourhood(L_2, 0.250411558405805, accuracy)",12435,0,0.0,0,0.002
dpctgan,"LocalNeighbourhood(L_2, 0.250411558405805, accuracy)",12435,1,0.0,0,0.002
dpctgan,"LocalNeighbourhood(L_2, 0.250411558405805, accuracy)",12435,0,0.0,0,0.002
dpctgan,"LocalNeighbourhood(L_2, 0.250411558405805, accuracy)",12435,1,0.0,0,0.002
dpctgan,"LocalNeighbourhood(L_2, 0.250411558405805, accuracy)",12435,0,0.0,0,0.002
dpctgan,"LocalNeighbourhood(L_2, 0.250411558405805, accuracy)",12435,1,0.0,0,0.002
dpctgan,"LocalNeighbourhood(L_2, 0.250411558405805, accuracy)",12435,0,0.0,0,0.002
dpctgan,"LocalNeighbourhood(L_2, 0.250411558405805, accuracy)",12435,1,0.0,0,0.002
dpctgan,"LocalNeighbourhood(L_2, 0.250411558405805, accuracy)",12435,0,0.0,0,0.002
dpctgan,"LocalNeighbourhood(L_2, 0.250411558405805, accuracy)",12435,1,0.0,0,0.002
dpctgan,"LocalNeighbourhood(L_2, 0.250411558405805, accuracy)",12435,0,0.0,0,0.002
dpctgan,"LocalNeighbourhood(L_2, 0.250411558405805, accuracy)",12435,1,0.0,0,0.002
dpctgan,"LocalNeighbourhood(L_2, 0.250411558405805, accuracy)",12435,0,0.0,0,0.002
dpctgan,"LocalNeighbourhood(L_2, 0.250411558405805, accuracy)",12435,1,0.0,0,0.002
dpctgan,"LocalNeighbourhood(L_2, 0.250411558405805, accuracy)",12435,0,0.0,0,0.002
dpctgan,"LocalNeighbourhood(L_2, 0.250411558405805, accuracy)",12435,1,0.0,0,0.002
dpctgan,"LocalNeighbourhood(L_2, 0.250411558405805, accuracy)",12435,0,0.0,0,0.002
dpctgan,"LocalNeighbourhood(L_2, 0.250411558405805, accuracy)",12435,1,0.0,0,0.002
dpctgan,"LocalNeighbourhood(L_2, 0.250411558405805, accuracy)",12435,0,0.0,0,0.002
dpctgan,"LocalNeighbourhood(L_2, 0.250411558405805, accuracy)",12435,1,0.0,0,0.002
dpctgan,"LocalNeighbourhood(L_2, 0.250411558405805, accuracy)",12435,0,0.0,0,0.002
dpctgan,"LocalNeighbourhood(L_2, 0.250411558405805, accuracy)",12435,1,0.008,1,0.002
dpctgan,"LocalNeighbourhood(L_2, 0.250411558405805, accuracy)",12435,0,0.0,0,0.002
dpctgan,"LocalNeighbourhood(L_2, 0.250411558405805, accuracy)",12435,1,0.0,0,0.002
dpctgan,"LocalNeighbourhood(L_2, 0.250411558405805, accuracy)",12435,0,0.0,0,0.002
dpctgan,"LocalNeighbourhood(L_2, 0.250411558405805, accuracy)",12435,1,0.0,0,0.002
dpctgan,"LocalNeighbourhood(L_2, 0.250411558405805, accuracy)",12435,0,0.0,0,0.002
dpctgan,"LocalNeighbourhood(L_2, 0.250411558405805, accuracy)",12435,1,0.0,0,0.002
dpctgan,"LocalNeighbourhood(L_2, 0.250411558405805, accuracy)",12435,0,0.0,0,0.002
dpctgan,"LocalNeighbourhood(L_2, 0.250411558405805, accuracy)",12435,1,0.0,0,0.002
dpctgan,"LocalNeighbourhood(L_2, 0.250411558405805, accuracy)",12435,0,0.0,0,0.002
dpctgan,"LocalNeighbourhood(L_2, 0.250411558405805, accuracy)",12435,1,0.0,0,0.002
dpctgan,"LocalNeighbourhood(L_2, 0.250411558405805, accuracy)",12435,0,0.0,0,0.002
dpctgan,"LocalNeighbourhood(L_2, 0.250411558405805, accuracy)",12435,1,0.0,0,0.002
dpctgan,"LocalNeighbourhood(L_2, 0.250411558405805, accuracy)",12435,0,0.0,0,0.002
dpctgan,"LocalNeighbourhood(L_2, 0.250411558405805, accuracy)",12435,1,0.0,0,0.002
dpctgan,"LocalNeighbourhood(L_2, 0.250411558405805, accuracy)",12435,0,0.0,0,0.002
dpctgan,"LocalNeighbourhood(L_2, 0.250411558405805, accuracy)",12435,1,0.0,0,0.002
dpctgan,"LocalNeighbourhood(L_2, 0.250411558405805, accuracy)",12435,0,0.0,0,0.002
dpctgan,"LocalNeighbourhood(L_2, 0.250411558405805, accuracy)",12435,1,0.002,1,0.002
dpctgan,"LocalNeighbourhood(L_2, 0.250411558405805, accuracy)",12435,0,0.0,0,0.002
dpctgan,"LocalNeighbourhood(L_2, 0.250411558405805, accuracy)",12435,1,0.0,0,0.002
dpctgan,"LocalNeighbourhood(L_2, 0.250411558405805, accuracy)",12435,0,0.0,0,0.002
dpctgan,"LocalNeighbourhood(L_2, 0.250411558405805, accuracy)",12435,1,0.0,0,0.002
dpctgan,"LocalNeighbourhood(L_2, 0.250411558405805, accuracy)",12435,0,0.0,0,0.002
dpctgan,"LocalNeighbourhood(L_2, 0.250411558405805, accuracy)",12435,1,0.0,0,0.002
dpctgan,"LocalNeighbourhood(L_2, 0.250411558405805, accuracy)",12435,0,0.0,0,0.002
dpctgan,"LocalNeighbourhood(L_2, 0.250411558405805, accuracy)",12435,1,0.0,0,0.002
dpctgan,"LocalNeighbourhood(L_2, 0.250411558405805, accuracy)",12435,0,0.0,0,0.002
dpctgan,"LocalNeighbourhood(L_2, 0.250411558405805, accuracy)",12435,1,0.0,0,0.002
dpctgan,"LocalNeighbourhood(L_2, 0.250411558405805, accuracy)",12435,0,0.0,0,0.002
dpctgan,"LocalNeighbourhood(L_2, 0.250411558405805, accuracy)",12435,1,0.0,0,0.002
dpctgan,"LocalNeighbourhood(L_2, 0.250411558405805, accuracy)",12435,0,0.0,0,0.002
dpctgan,"LocalNeighbourhood(L_2, 0.250411558405805, accuracy)",12435,1,0.0,0,0.002
dpctgan,"LocalNeighbourhood(L_2, 0.250411558405805, accuracy)",12435,0,0.0,0,0.002
dpctgan,"LocalNeighbourhood(L_2, 0.250411558405805, accuracy)",12435,1,0.02,1,0.002
dpctgan,"LocalNeighbourhood(L_2, 0.250411558405805, accuracy)",12435,0,0.0,0,0.002
dpctgan,"LocalNeighbourhood(L_2, 0.250411558405805, accuracy)",12435,1,0.0,0,0.002
dpctgan,"LocalNeighbourhood(L_2, 0.250411558405805, accuracy)",12435,0,0.0,0,0.002
dpctgan,"LocalNeighbourhood(L_2, 0.250411558405805, accuracy)",12435,1,0.0,0,0.002
dpctgan,"LocalNeighbourhood(L_2, 0.250411558405805, accuracy)",12435,0,0.0,0,0.002
dpctgan,"LocalNeighbourhood(L_2, 0.250411558405805, accuracy)",12435,1,0.0,0,0.002
dpctgan,"LocalNeighbourhood(L_2, 0.250411558405805, accuracy)",12435,0,0.0,0,0.002
dpctgan,"LocalNeighbourhood(L_2, 0.250411558405805, accuracy)",12435,1,0.0,0,0.002
dpctgan,"LocalNeighbourhood(L_2, 0.250411558405805, accuracy)",12435,0,0.0,0,0.002
dpctgan,"LocalNeighbourhood(L_2, 0.250411558405805, accuracy)",12435,1,0.0,0,0.002
dpctgan,"LocalNeighbourhood(L_2, 0.250411558405805, accuracy)",12435,0,0.0,0,0.002
dpctgan,"LocalNeighbourhood(L_2, 0.250411558405805, accuracy)",12435,1,0.0,0,0.002
dpctgan,"LocalNeighbourhood(L_2, 0.250411558405805, accuracy)",12435,0,0.0,0,0.002
dpctgan,"LocalNeighbourhood(L_2, 0.250411558405805, accuracy)",12435,1,0.0,0,0.002
dpctgan,"LocalNeighbourhood(L_2, 0.250411558405805, accuracy)",12435,0,0.002,1,0.002
dpctgan,"LocalNeighbourhood(L_2, 0.250411558405805, accuracy)",12435,1,0.0,0,0.002
dpctgan,"LocalNeighbourhood(L_2, 0.250411558405805, accuracy)",12435,0,0.0,0,0.002
dpctgan,"LocalNeighbourhood(L_2, 0.250411558405805, accuracy)",12435,1,0.0,0,0.002
dpctgan,"LocalNeighbourhood(L_2, 0.250411558405805, accuracy)",12435,0,0.0,0,0.002
dpctgan,"LocalNeighbourhood(L_2, 0.250411558405805, accuracy)",12435,1,0.0,0,0.002
dpctgan,"LocalNeighbourhood(L_2, 0.250411558405805, accuracy)",12435,0,0.002,1,0.002
dpctgan,"LocalNeighbourhood(L_2, 0.250411558405805, accuracy)",12435,1,0.0,0,0.002
dpctgan,"LocalNeighbourhood(L_2, 0.250411558405805, accuracy)",12435,0,0.0,0,0.002
dpctgan,"LocalNeighbourhood(L_2, 0.250411558405805, accuracy)",12435,1,0.0,0,0.002
dpctgan,"LocalNeighbourhood(L_2, 0.250411558405805, accuracy)",12435,0,0.0,0,0.002
dpctgan,"LocalNeighbourhood(L_2, 0.250411558405805, accuracy)",12435,1,0.0,0,0.002
dpctgan,"LocalNeighbourhood(L_2, 0.250411558405805, accuracy)",12435,0,0.008,1,0.002
dpctgan,"LocalNeighbourhood(L_2, 0.250411558405805, accuracy)",12435,1,0.0,0,0.002
dpctgan,"LocalNeighbourhood(L_2, 0.250411558405805, accuracy)",12435,0,0.0,0,0.002
dpctgan,"LocalNeighbourhood(L_2, 0.250411558405805, accuracy)",12435,1,0.0,0,0.002
dpctgan,"LocalNeighbourhood(L_2, 0.250411558405805, accuracy)",12435,0,0.0,0,0.002
dpctgan,"LocalNeighbourhood(L_2, 0.250411558405805, accuracy)",12435,1,0.0,0,0.002
dpctgan,"LocalNeighbourhood(L_2, 0.250411558405805, accuracy)",12435,0,0.0,0,0.002
dpctgan,"LocalNeighbourhood(L_2, 0.250411558405805, accuracy)",12435,1,0.0,0,0.002
dpctgan,"LocalNeighbourhood(L_2, 0.250411558405805, accuracy)",12435,0,0.0,0,0.002
dpctgan,"LocalNeighbourhood(L_2, 0.250411558405805, accuracy)",12435,1,0.0,0,0.002
dpctgan,"LocalNeighbourhood(L_2, 0.250411558405805, accuracy)",12435,0,0.0,0,0.002
dpctgan,"LocalNeighbourhood(L_2, 0.250411558405805, accuracy)",12435,1,0.0,0,0.002
dpctgan,"LocalNeighbourhood(L_2, 0.250411558405805, accuracy)",12435,0,0.0,0,0.002
dpctgan,"LocalNeighbourhood(L_2, 0.250411558405805, accuracy)",12435,1,0.0,0,0.002
dpctgan,"LocalNeighbourhood(L_2, 0.250411558405805, accuracy)",12435,0,0.0,0,0.002
dpctgan,"LocalNeighbourhood(L_2, 0.250411558405805, accuracy)",12435,1,0.0,0,0.002
dpctgan,"LocalNeighbourhood(L_2, 0.250411558405805, accuracy)",12435,0,0.0,0,0.002
dpctgan,"LocalNeighbourhood(L_2, 0.250411558405805, accuracy)",12435,1,0.0,0,0.002
dpctgan,"LocalNeighbourhood(L_2, 0.250411558405805, accuracy)",12435,0,0.0,0,0.002
dpctgan,"LocalNeighbourhood(L_2, 0.250411558405805, accuracy)",12435,1,0.008,1,0.002
dpctgan,"LocalNeighbourhood(L_2, 0.250411558405805, accuracy)",12435,0,0.0,0,0.002
dpctgan,"LocalNeighbourhood(L_2, 0.250411558405805, accuracy)",12435,1,0.0,0,0.002
dpctgan,"LocalNeighbourhood(L_2, 0.250411558405805, accuracy)",12435,0,0.0,0,0.002
dpctgan,"LocalNeighbourhood(L_2, 0.250411558405805, accuracy)",12435,1,0.0,0,0.002
dpctgan,"LocalNeighbourhood(L_2, 0.250411558405805, accuracy)",12435,0,0.0,0,0.002
dpctgan,"LocalNeighbourhood(L_2, 0.250411558405805, accuracy)",12435,1,0.0,0,0.002
dpctgan,"LocalNeighbourhood(L_2, 0.250411558405805, accuracy)",12435,0,0.0,0,0.002
dpctgan,"LocalNeighbourhood(L_2, 0.250411558405805, accuracy)",12435,1,0.0,0,0.002
dpctgan,"LocalNeighbourhood(L_2, 0.250411558405805, accuracy)",12435,0,0.0,0,0.002
dpctgan,"LocalNeighbourhood(L_2, 0.250411558405805, accuracy)",12435,1,0.0,0,0.002
dpctgan,"LocalNeighbourhood(L_2, 0.250411558405805, accuracy)",12435,0,0.0,0,0.002
dpctgan,"LocalNeighbourhood(L_2, 0.250411558405805, accuracy)",12435,1,0.0,0,0.002
dpctgan,"LocalNeighbourhood(L_2, 0.250411558405805, accuracy)",12435,0,0.0,0,0.002
dpctgan,"LocalNeighbourhood(L_2, 0.250411558405805, accuracy)",12435,1,0.0,0,0.002
dpctgan,"LocalNeighbourhood(L_2, 0.250411558405805, accuracy)",12435,0,0.0,0,0.002
dpctgan,"LocalNeighbourhood(L_2, 0.250411558405805, accuracy)",12435,1,0.0,0,0.002
dpctgan,"LocalNeighbourhood(L_2, 0.250411558405805, accuracy)",12435,0,0.0,0,0.002
dpctgan,"LocalNeighbourhood(L_2, 0.250411558405805, accuracy)",12435,1,0.0,0,0.002
dpctgan,"LocalNeighbourhood(L_2, 0.250411558405805, accuracy)",12435,0,0.0,0,0.002
dpctgan,"LocalNeighbourhood(L_2, 0.250411558405805, accuracy)",12435,1,0.0,0,0.002
dpctgan,"LocalNeighbourhood(L_2, 0.250411558405805, accuracy)",12435,0,0.0,0,0.002
dpctgan,"LocalNeighbourhood(L_2, 0.250411558405805, accuracy)",12435,1,0.0,0,0.002
dpctgan,"LocalNeighbourhood(L_2, 0.250411558405805, accuracy)",12435,0,0.0,0,0.002
dpctgan,"LocalNeighbourhood(L_2, 0.250411558405805, accuracy)",12435,1,0.0,0,0.002
dpctgan,"LocalNeighbourhood(L_2, 0.250411558405805, accuracy)",12435,0,0.0,0,0.002
dpctgan,"LocalNeighbourhood(L_2, 0.250411558405805, accuracy)",12435,1,0.0,0,0.002
dpctgan,"LocalNeighbourhood(L_2, 0.250411558405805, accuracy)",12435,0,0.0,0,0.002
dpctgan,"LocalNeighbourhood(L_2, 0.250411558405805, accuracy)",12435,1,0.0,0,0.002
dpctgan,"LocalNeighbourhood(L_2, 0.250411558405805, accuracy)",12435,0,0.0,0,0.002
dpctgan,"LocalNeighbourhood(L_2, 0.250411558405805, accuracy)",12435,1,0.0,0,0.002
dpctgan,"LocalNeighbourhood(L_2, 0.250411558405805, accuracy)",12435,0,0.0,0,0.002
dpctgan,"LocalNeighbourhood(L_2, 0.250411558405805, accuracy)",12435,1,0.0,0,0.002
dpctgan,"LocalNeighbourhood(L_2, 0.250411558405805, accuracy)",12435,0,0.0,0,0.002
dpctgan,"LocalNeighbourhood(L_2, 0.250411558405805, accuracy)",12435,1,0.0,0,0.002
dpctgan,"LocalNeighbourhood(L_2, 0.250411558405805, accuracy)",12435,0,0.0,0,0.002
dpctgan,"LocalNeighbourhood(L_2, 0.250411558405805, accuracy)",12435,1,0.002,1,0.002
dpctgan,"LocalNeighbourhood(L_2, 0.250411558405805, accuracy)",12435,0,0.0,0,0.002
dpctgan,"LocalNeighbourhood(L_2, 0.250411558405805, accuracy)",12435,1,0.0,0,0.002
dpctgan,"LocalNeighbourhood(L_2, 0.250411558405805, accuracy)",12435,0,0.0,0,0.002
dpctgan,"LocalNeighbourhood(L_2, 0.250411558405805, accuracy)",12435,1,0.0,0,0.002
dpctgan,"LocalNeighbourhood(L_2, 0.250411558405805, accuracy)",12435,0,0.002,1,0.002
dpctgan,"LocalNeighbourhood(L_2, 0.250411558405805, accuracy)",12435,1,0.02,1,0.002
dpctgan,"LocalNeighbourhood(L_2, 0.250411558405805, accuracy)",12435,0,0.0,0,0.002
dpctgan,"LocalNeighbourhood(L_2, 0.250411558405805, accuracy)",12435,1,0.0,0,0.002
dpctgan,"LocalNeighbourhood(L_2, 0.250411558405805, accuracy)",12435,0,0.0,0,0.002
dpctgan,"LocalNeighbourhood(L_2, 0.250411558405805, accuracy)",12435,1,0.0,0,0.002
dpctgan,"LocalNeighbourhood(L_2, 0.250411558405805, accuracy)",12435,0,0.0,0,0.002
dpctgan,"LocalNeighbourhood(L_2, 0.250411558405805, accuracy)",12435,1,0.0,0,0.002
dpctgan,"LocalNeighbourhood(L_2, 0.250411558405805, accuracy)",12435,0,0.0,0,0.002
dpctgan,"LocalNeighbourhood(L_2, 0.250411558405805, accuracy)",12435,1,0.0,0,0.002
dpctgan,"LocalNeighbourhood(L_2, 0.250411558405805, accuracy)",12435,0,0.0,0,0.002
dpctgan,"LocalNeighbourhood(L_2, 0.250411558405805, accuracy)",12435,1,0.0,0,0.002
dpctgan,"LocalNeighbourhood(L_2, 0.250411558405805, accuracy)",12435,0,0.01,1,0.002
dpctgan,"LocalNeighbourhood(L_2, 0.250411558405805, accuracy)",12435,1,0.0,0,0.002
dpctgan,"LocalNeighbourhood(L_2, 0.250411558405805, accuracy)",12435,0,0.0,0,0.002
dpctgan,"LocalNeighbourhood(L_2, 0.250411558405805, accuracy)",12435,1,0.0,0,0.002
dpctgan,"LocalNeighbourhood(L_2, 0.250411558405805, accuracy)",12435,0,0.0,0,0.002
dpctgan,"LocalNeighbourhood(L_2, 0.250411558405805, accuracy)",12435,1,0.0,0,0.002
dpctgan,"LocalNeighbourhood(L_2, 0.250411558405805, accuracy)",12435,0,0.0,0,0.002
dpctgan,"LocalNeighbourhood(L_2, 0.250411558405805, accuracy)",12435,1,0.0,0,0.002
dpctgan,"LocalNeighbourhood(L_2, 0.250411558405805, accuracy)",12435,0,0.0,0,0.002
dpctgan,"LocalNeighbourhood(L_2, 0.250411558405805, accuracy)",12435,1,0.0,0,0.002
dpctgan,"LocalNeighbourhood(L_2, 0.250411558405805, accuracy)",12435,0,0.0,0,0.002
dpctgan,"LocalNeighbourhood(L_2, 0.250411558405805, accuracy)",12435,1,0.0,0,0.002
dpctgan,"LocalNeighbourhood(L_2, 0.250411558405805, accuracy)",12435,0,0.0,0,0.002
dpctgan,"LocalNeighbourhood(L_2, 0.250411558405805, accuracy)",12435,1,0.0,0,0.002
dpctgan,"LocalNeighbourhood(L_2, 0.250411558405805, accuracy)",12435,0,0.002,1,0.002
dpctgan,"LocalNeighbourhood(L_2, 0.250411558405805, accuracy)",12435,1,0.0,0,0.002
dpctgan,"LocalNeighbourhood(L_2, 0.250411558405805, accuracy)",12435,0,0.0,0,0.002
dpctgan,"LocalNeighbourhood(L_2, 0.250411558405805, accuracy)",12435,1,0.0,0,0.002
dpctgan,"LocalNeighbourhood(L_2, 0.250411558405805, accuracy)",12435,0,0.002,1,0.002
dpctgan,"LocalNeighbourhood(L_2, 0.250411558405805, accuracy)",12435,1,0.0,0,0.002
dpctgan,"LocalNeighbourhood(L_2, 0.250411558405805, accuracy)",12435,0,0.0,0,0.002
dpctgan,"LocalNeighbourhood(L_2, 0.250411558405805, accuracy)",12435,1,0.0,0,0.002
dpctgan,"LocalNeighbourhood(L_2, 0.250411558405805, accuracy)",12435,0,0.0,0,0.002
dpctgan,"LocalNeighbourhood(L_2, 0.250411558405805, accuracy)",12435,1,0.0,0,0.002
dpctgan,"LocalNeighbourhood(L_2, 0.250411558405805, accuracy)",12435,0,0.0,0,0.002
dpctgan,"LocalNeighbourhood(L_2, 0.250411558405805, accuracy)",12435,1,0.002,1,0.002
dpctgan,"LocalNeighbourhood(L_2, 0.250411558405805, accuracy)",12435,0,0.0,0,0.002
dpctgan,"LocalNeighbourhood(L_2, 0.250411558405805, accuracy)",12435,1,0.0,0,0.002
dpctgan,"LocalNeighbourhood(L_2, 0.250411558405805, accuracy)",12435,0,0.0,0,0.002
dpctgan,"LocalNeighbourhood(L_2, 0.250411558405805, accuracy)",12435,1,0.002,1,0.002
dpctgan,"LocalNeighbourhood(L_2, 0.250411558405805, accuracy)",12435,0,0.0,0,0.002
dpctgan,"LocalNeighbourhood(L_2, 0.250411558405805, accuracy)",12435,1,0.0,0,0.002
dpctgan,"LocalNeighbourhood(L_2, 0.250411558405805, accuracy)",12435,0,0.0,0,0.002
dpctgan,"LocalNeighbourhood(L_2, 0.250411558405805, accuracy)",12435,1,0.0,0,0.002
dpctgan,"LocalNeighbourhood(L_2, 0.250411558405805, accuracy)",12435,0,0.0,0,0.002
dpctgan,"LocalNeighbourhood(L_2, 0.250411558405805, accuracy)",12435,1,0.0,0,0.002
dpctgan,"LocalNeighbourhood(L_2, 0.250411558405805, accuracy)",12435,0,0.0,0,0.002
dpctgan,"LocalNeighbourhood(L_2, 0.250411558405805, accuracy)",12435,1,0.0,0,0.002
dpctgan,"LocalNeighbourhood(L_2, 0.250411558405805, accuracy)",12435,0,0.0,0,0.002
dpctgan,"LocalNeighbourhood(L_2, 0.250411558405805, accuracy)",12435,1,0.0,0,0.002
dpctgan,"LocalNeighbourhood(L_2, 0.250411558405805, accuracy)",12435,0,0.0,0,0.002
dpctgan,"LocalNeighbourhood(L_2, 0.250411558405805, accuracy)",12435,1,0.0,0,0.002
dpctgan,"LocalNeighbourhood(L_2, 0.250411558405805, accuracy)",12435,0,0.0,0,0.002
dpctgan,"LocalNeighbourhood(L_2, 0.250411558405805, accuracy)",12435,1,0.0,0,0.002
dpctgan,"LocalNeighbourhood(L_2, 0.250411558405805, accuracy)",12435,0,0.0,0,0.002
dpctgan,"LocalNeighbourhood(L_2, 0.250411558405805, accuracy)",12435,1,0.0,0,0.002
dpctgan,"LocalNeighbourhood(L_2, 0.250411558405805, accuracy)",12435,0,0.002,1,0.002
dpctgan,"LocalNeighbourhood(L_2, 0.250411558405805, accuracy)",12435,1,0.0,0,0.002
dpctgan,"LocalNeighbourhood(L_2, 0.250411558405805, accuracy)",12435,0,0.0,0,0.002
dpctgan,"LocalNeighbourhood(L_2, 0.250411558405805, accuracy)",12435,1,0.0,0,0.002
dpctgan,"LocalNeighbourhood(L_2, 0.250411558405805, accuracy)",12435,0,0.0,0,0.002
dpctgan,"LocalNeighbourhood(L_2, 0.250411558405805, accuracy)",12435,1,0.0,0,0.002
dpctgan,"LocalNeighbourhood(L_2, 0.250411558405805, accuracy)",12435,0,0.0,0,0.002
dpctgan,"LocalNeighbourhood(L_2, 0.250411558405805, accuracy)",12435,1,0.0,0,0.002
dpctgan,"LocalNeighbourhood(L_2, 0.250411558405805, accuracy)",12435,0,0.0,0,0.002
dpctgan,"LocalNeighbourhood(L_2, 0.250411558405805, accuracy)",12435,1,0.0,0,0.002
dpctgan,"LocalNeighbourhood(L_2, 0.250411558405805, accuracy)",12435,0,0.0,0,0.002
dpctgan,"LocalNeighbourhood(L_2, 0.250411558405805, accuracy)",12435,1,0.0,0,0.002
dpctgan,"LocalNeighbourhood(L_2, 0.250411558405805, accuracy)",12435,0,0.0,0,0.002
dpctgan,"LocalNeighbourhood(L_2, 0.250411558405805, accuracy)",12435,1,0.0,0,0.002
dpctgan,"LocalNeighbourhood(L_2, 0.250411558405805, accuracy)",12435,0,0.0,0,0.002
dpctgan,"LocalNeighbourhood(L_2, 0.250411558405805, accuracy)",12435,1,0.0,0,0.002
dpctgan,"LocalNeighbourhood(L_2, 0.250411558405805, accuracy)",12435,0,0.0,0,0.002
dpctgan,"LocalNeighbourhood(L_2, 0.250411558405805, accuracy)",12435,1,0.0,0,0.002
dpctgan,"LocalNeighbourhood(L_2, 0.250411558405805, accuracy)",12435,0,0.0,0,0.002
dpctgan,"LocalNeighbourhood(L_2, 0.250411558405805, accuracy)",12435,1,0.0,0,0.002
dpctgan,"LocalNeighbourhood(L_2, 0.250411558405805, accuracy)",12435,0,0.0,0,0.002
dpctgan,"LocalNeighbourhood(L_2, 0.250411558405805, accuracy)",12435,1,0.0,0,0.002
dpctgan,"LocalNeighbourhood(L_2, 0.250411558405805, accuracy)",12435,0,0.0,0,0.002
dpctgan,"LocalNeighbourhood(L_2, 0.250411558405805, accuracy)",12435,1,0.0,0,0.002
dpctgan,"LocalNeighbourhood(L_2, 0.250411558405805, accuracy)",12435,0,0.0,0,0.002
dpctgan,"LocalNeighbourhood(L_2, 0.250411558405805, accuracy)",12435,1,0.0,0,0.002
dpctgan,"LocalNeighbourhood(L_2, 0.250411558405805, accuracy)",12435,0,0.0,0,0.002
dpctgan,"LocalNeighbourhood(L_2, 0.250411558405805, accuracy)",12435,1,0.0,0,0.002
dpctgan,"LocalNeighbourhood(L_2, 0.250411558405805, accuracy)",12435,0,0.0,0,0.002
dpctgan,"LocalNeighbourhood(L_2, 0.250411558405805, accuracy)",12435,1,0.0,0,0.002
dpctgan,"LocalNeighbourhood(L_2, 0.250411558405805, accuracy)",12435,0,0.002,1,0.002
dpctgan,"LocalNeighbourhood(L_2, 0.250411558405805, accuracy)",12435,1,0.0,0,0.002
dpctgan,"LocalNeighbourhood(L_2, 0.250411558405805, accuracy)",12435,0,0.0,0,0.002
dpctgan,"LocalNeighbourhood(L_2, 0.250411558405805, accuracy)",12435,1,0.0,0,0.002
dpctgan,"LocalNeighbourhood(L_2, 0.250411558405805, accuracy)",12435,0,0.0,0,0.002
dpctgan,"LocalNeighbourhood(L_2, 0.250411558405805, accuracy)",12435,1,0.0,0,0.002
dpctgan,"LocalNeighbourhood(L_2, 0.250411558405805, accuracy)",12435,0,0.0,0,0.002
dpctgan,"LocalNeighbourhood(L_2, 0.250411558405805, accuracy)",12435,1,0.0,0,0.002
dpctgan,"LocalNeighbourhood(L_2, 0.250411558405805, accuracy)",12435,0,0.0,0,0.002
dpctgan,"LocalNeighbourhood(L_2, 0.250411558405805, accuracy)",12435,1,0.0,0,0.002
dpctgan,"LocalNeighbourhood(L_2, 0.250411558405805, accuracy)",12435,0,0.0,0,0.002
dpctgan,"LocalNeighbourhood(L_2, 0.250411558405805, accuracy)",12435,1,0.0,0,0.002
dpctgan,"LocalNeighbourhood(L_2, 0.250411558405805, accuracy)",12435,0,0.0,0,0.002
dpctgan,"LocalNeighbourhood(L_2, 0.250411558405805, accuracy)",12435,1,0.052,1,0.002
dpctgan,"LocalNeighbourhood(L_2, 0.250411558405805, accuracy)",12435,0,0.0,0,0.002
dpctgan,"LocalNeighbourhood(L_2, 0.250411558405805, accuracy)",12435,1,0.0,0,0.002
dpctgan,"LocalNeighbourhood(L_2, 0.250411558405805, accuracy)",12435,0,0.0,0,0.002
dpctgan,"LocalNeighbourhood(L_2, 0.250411558405805, accuracy)",12435,1,0.002,1,0.002
dpctgan,"LocalNeighbourhood(L_2, 0.250411558405805, accuracy)",12435,0,0.0,0,0.002
dpctgan,"LocalNeighbourhood(L_2, 0.250411558405805, accuracy)",12435,1,0.0,0,0.002
dpctgan,"LocalNeighbourhood(L_2, 0.250411558405805, accuracy)",12435,0,0.0,0,0.002
dpctgan,"LocalNeighbourhood(L_2, 0.250411558405805, accuracy)",12435,1,0.0,0,0.002
dpctgan,"LocalNeighbourhood(L_2, 0.250411558405805, accuracy)",12435,0,0.0,0,0.002
dpctgan,"LocalNeighbourhood(L_2, 0.250411558405805, accuracy)",12435,1,0.0,0,0.002
dpctgan,"LocalNeighbourhood(L_2, 0.250411558405805, accuracy)",12435,0,0.0,0,0.002
dpctgan,"LocalNeighbourhood(L_2, 0.250411558405805, accuracy)",12435,1,0.0,0,0.002
dpctgan,"LocalNeighbourhood(L_2, 0.250411558405805, accuracy)",12435,0,0.0,0,0.002
dpctgan,"LocalNeighbourhood(L_2, 0.250411558405805, accuracy)",12435,1,0.0,0,0.002
dpctgan,"LocalNeighbourhood(L_2, 0.250411558405805, accuracy)",12435,0,0.0,0,0.002
dpctgan,"LocalNeighbourhood(L_2, 0.250411558405805, accuracy)",12435,1,0.0,0,0.002
dpctgan,"LocalNeighbourhood(L_2, 0.250411558405805, accuracy)",12435,0,0.0,0,0.002
dpctgan,"LocalNeighbourhood(L_2, 0.250411558405805, accuracy)",12435,1,0.002,1,0.002
dpctgan,"LocalNeighbourhood(L_2, 0.250411558405805, accuracy)",12435,0,0.0,0,0.002
dpctgan,"LocalNeighbourhood(L_2, 0.250411558405805, accuracy)",12435,1,0.0,0,0.002
dpctgan,"LocalNeighbourhood(L_2, 0.250411558405805, accuracy)",12435,0,0.004,1,0.002
dpctgan,"LocalNeighbourhood(L_2, 0.250411558405805, accuracy)",12435,1,0.0,0,0.002
dpctgan,"LocalNeighbourhood(L_2, 0.250411558405805, accuracy)",12435,0,0.0,0,0.002
dpctgan,"LocalNeighbourhood(L_2, 0.250411558405805, accuracy)",12435,1,0.0,0,0.002
dpctgan,"LocalNeighbourhood(L_2, 0.250411558405805, accuracy)",12435,0,0.0,0,0.002
dpctgan,"LocalNeighbourhood(L_2, 0.250411558405805, accuracy)",12435,1,0.0,0,0.002
dpctgan,"LocalNeighbourhood(L_2, 0.250411558405805, accuracy)",12435,0,0.0,0,0.002
dpctgan,"LocalNeighbourhood(L_2, 0.250411558405805, accuracy)",12435,1,0.0,0,0.002
dpctgan,"LocalNeighbourhood(L_2, 0.250411558405805, accuracy)",12435,0,0.0,0,0.002
dpctgan,"LocalNeighbourhood(L_2, 0.250411558405805, accuracy)",12435,1,0.0,0,0.002
dpctgan,"LocalNeighbourhood(L_2, 0.250411558405805, accuracy)",12435,0,0.0,0,0.002
dpctgan,"LocalNeighbourhood(L_2, 0.250411558405805, accuracy)",12435,1,0.0,0,0.002
dpctgan,"LocalNeighbourhood(L_2, 0.250411558405805, accuracy)",12435,0,0.0,0,0.002
dpctgan,"LocalNeighbourhood(L_2, 0.250411558405805, accuracy)",12435,1,0.0,0,0.002
dpctgan,"LocalNeighbourhood(L_2, 0.250411558405805, accuracy)",12435,0,0.0,0,0.002
dpctgan,"LocalNeighbourhood(L_2, 0.250411558405805, accuracy)",12435,1,0.0,0,0.002
dpctgan,"LocalNeighbourhood(L_2, 0.250411558405805, accuracy)",12435,0,0.0,0,0.002
dpctgan,"LocalNeighbourhood(L_2, 0.250411558405805, accuracy)",12435,1,0.0,0,0.002
dpctgan,"LocalNeighbourhood(L_2, 0.250411558405805, accuracy)",12435,0,0.0,0,0.002
dpctgan,"LocalNeighbourhood(L_2, 0.250411558405805, accuracy)",12435,1,0.002,1,0.002
dpctgan,"LocalNeighbourhood(L_2, 0.250411558405805, accuracy)",12435,0,0.0,0,0.002
dpctgan,"LocalNeighbourhood(L_2, 0.250411558405805, accuracy)",12435,1,0.0,0,0.002
dpctgan,"LocalNeighbourhood(L_2, 0.250411558405805, accuracy)",12435,0,0.0,0,0.002
dpctgan,"LocalNeighbourhood(L_2, 0.250411558405805, accuracy)",12435,1,0.0,0,0.002
dpctgan,"LocalNeighbourhood(L_2, 0.250411558405805, accuracy)",12435,0,0.002,1,0.002
dpctgan,"LocalNeighbourhood(L_2, 0.250411558405805, accuracy)",12435,1,0.0,0,0.002
dpctgan,"LocalNeighbourhood(L_2, 0.250411558405805, accuracy)",12435,0,0.0,0,0.002
dpctgan,"LocalNeighbourhood(L_2, 0.250411558405805, accuracy)",12435,1,0.0,0,0.002
dpctgan,"LocalNeighbourhood(L_2, 0.250411558405805, accuracy)",12435,0,0.0,0,0.002
dpctgan,"LocalNeighbourhood(L_2, 0.250411558405805, accuracy)",12435,1,0.002,1,0.002
dpctgan,"LocalNeighbourhood(L_2, 0.250411558405805, accuracy)",12435,0,0.0,0,0.002
dpctgan,"LocalNeighbourhood(L_2, 0.250411558405805, accuracy)",12435,1,0.0,0,0.002
dpctgan,"LocalNeighbourhood(L_2, 0.250411558405805, accuracy)",12435,0,0.0,0,0.002
dpctgan,"LocalNeighbourhood(L_2, 0.250411558405805, accuracy)",12435,1,0.0,0,0.002
dpctgan,"LocalNeighbourhood(L_2, 0.250411558405805, accuracy)",12435,0,0.0,0,0.002
dpctgan,"LocalNeighbourhood(L_2, 0.250411558405805, accuracy)",12435,1,0.0,0,0.002
dpctgan,"LocalNeighbourhood(L_2, 0.250411558405805, accuracy)",12435,0,0.0,0,0.002
dpctgan,"LocalNeighbourhood(L_2, 0.250411558405805, accuracy)",12435,1,0.0,0,0.002
dpctgan,"LocalNeighbourhood(L_2, 0.250411558405805, accuracy)",12435,0,0.0,0,0.002
dpctgan,"LocalNeighbourhood(L_2, 0.250411558405805, accuracy)",12435,1,0.0,0,0.002
dpctgan,"LocalNeighbourhood(L_2, 0.250411558405805, accuracy)",12435,0,0.0,0,0.002
dpctgan,"LocalNeighbourhood(L_2, 0.250411558405805, accuracy)",12435,1,0.0,0,0.002
dpctgan,"LocalNeighbourhood(L_2, 0.250411558405805, accuracy)",12435,0,0.0,0,0.002
dpctgan,"LocalNeighbourhood(L_2, 0.250411558405805, accuracy)",12435,1,0.0,0,0.002
dpctgan,"LocalNeighbourhood(L_2, 0.250411558405805, accuracy)",12435,0,0.0,0,0.002
dpctgan,"LocalNeighbourhood(L_2, 0.250411558405805, accuracy)",12435,1,0.0,0,0.002
dpctgan,"LocalNeighbourhood(L_2, 0.250411558405805, accuracy)",12435,0,0.0,0,0.002
dpctgan,"LocalNeighbourhood(L_2, 0.250411558405805, accuracy)",12435,1,0.0,0,0.002
dpctgan,"LocalNeighbourhood(L_2, 0.250411558405805, accuracy)",12435,0,0.0,0,0.002
dpctgan,"LocalNeighbourhood(L_2, 0.250411558405805, accuracy)",12435,1,0.0,0,0.002
dpctgan,"LocalNeighbourhood(L_2, 0.250411558405805, accuracy)",12435,0,0.0,0,0.002
dpctgan,"LocalNeighbourhood(L_2, 0.250411558405805, accuracy)",12435,1,0.0,0,0.002
dpctgan,"LocalNeighbourhood(L_2, 0.250411558405805, accuracy)",12435,0,0.0,0,0.002
dpctgan,"LocalNeighbourhood(L_2, 0.250411558405805, accuracy)",12435,1,0.0,0,0.002
dpctgan,"LocalNeighbourhood(L_2, 0.250411558405805, accuracy)",12435,0,0.0,0,0.002
dpctgan,"LocalNeighbourhood(L_2, 0.250411558405805, accuracy)",12435,1,0.0,0,0.002
dpctgan,"LocalNeighbourhood(L_2, 0.250411558405805, accuracy)",12435,0,0.0,0,0.002
dpctgan,"LocalNeighbourhood(L_2, 0.250411558405805, accuracy)",12435,1,0.0,0,0.002
dpctgan,"LocalNeighbourhood(L_2, 0.250411558405805, accuracy)",12435,0,0.0,0,0.002
dpctgan,"LocalNeighbourhood(L_2, 0.250411558405805, accuracy)",12435,1,0.0,0,0.002
dpctgan,"LocalNeighbourhood(L_2, 0.250411558405805, accuracy)",12435,0,0.0,0,0.002
dpctgan,"LocalNeighbourhood(L_2, 0.250411558405805, accuracy)",12435,1,0.0,0,0.002
dpctgan,"LocalNeighbourhood(L_2, 0.250411558405805, accuracy)",12435,0,0.0,0,0.002
dpctgan,"LocalNeighbourhood(L_2, 0.250411558405805, accuracy)",12435,1,0.0,0,0.002
dpctgan,"LocalNeighbourhood(L_2, 0.250411558405805, accuracy)",12435,0,0.0,0,0.002
dpctgan,"LocalNeighbourhood(L_2, 0.250411558405805, accuracy)",12435,1,0.0,0,0.002
dpctgan,"LocalNeighbourhood(L_2, 0.250411558405805, accuracy)",12435,0,0.004,1,0.002
dpctgan,"LocalNeighbourhood(L_2, 0.250411558405805, accuracy)",12435,1,0.0,0,0.002
dpctgan,"LocalNeighbourhood(L_2, 0.250411558405805, accuracy)",12435,0,0.0,0,0.002
dpctgan,"LocalNeighbourhood(L_2, 0.250411558405805, accuracy)",12435,1,0.006,1,0.002
dpctgan,"LocalNeighbourhood(L_2, 0.250411558405805, accuracy)",12435,0,0.0,0,0.002
dpctgan,"LocalNeighbourhood(L_2, 0.250411558405805, accuracy)",12435,1,0.002,1,0.002
dpctgan,"LocalNeighbourhood(L_2, 0.250411558405805, accuracy)",12435,0,0.0,0,0.002
dpctgan,"LocalNeighbourhood(L_2, 0.250411558405805, accuracy)",12435,1,0.0,0,0.002
dpctgan,"LocalNeighbourhood(L_2, 0.250411558405805, accuracy)",12435,0,0.0,0,0.002
dpctgan,"LocalNeighbourhood(L_2, 0.250411558405805, accuracy)",12435,1,0.0,0,0.002
dpctgan,"LocalNeighbourhood(L_2, 0.250411558405805, accuracy)",12435,0,0.0,0,0.002
dpctgan,"LocalNeighbourhood(L_2, 0.250411558405805, accuracy)",12435,1,0.0,0,0.002
dpctgan,"LocalNeighbourhood(L_2, 0.250411558405805, accuracy)",12435,0,0.0,0,0.002
dpctgan,"LocalNeighbourhood(L_2, 0.250411558405805, accuracy)",12435,1,0.0,0,0.002
dpctgan,"LocalNeighbourhood(L_2, 0.250411558405805, accuracy)",12435,0,0.0,0,0.002
dpctgan,"LocalNeighbourhood(L_2, 0.250411558405805, accuracy)",12435,1,0.0,0,0.002
dpctgan,"LocalNeighbourhood(L_2, 0.250411558405805, accuracy)",12435,0,0.0,0,0.002
dpctgan,"LocalNeighbourhood(L_2, 0.250411558405805, accuracy)",12435,1,0.0,0,0.002
dpctgan,"LocalNeighbourhood(L_2, 0.250411558405805, accuracy)",12435,0,0.0,0,0.002
dpctgan,"LocalNeighbourhood(L_2, 0.250411558405805, accuracy)",12435,1,0.0,0,0.002
dpctgan,"LocalNeighbourhood(L_2, 0.250411558405805, accuracy)",12435,0,0.0,0,0.002
dpctgan,"LocalNeighbourhood(L_2, 0.250411558405805, accuracy)",12435,1,0.006,1,0.002
dpctgan,"LocalNeighbourhood(L_2, 0.250411558405805, accuracy)",12435,0,0.0,0,0.002
dpctgan,"LocalNeighbourhood(L_2, 0.250411558405805, accuracy)",12435,1,0.0,0,0.002
dpctgan,"LocalNeighbourhood(L_2, 0.250411558405805, accuracy)",12435,0,0.0,0,0.002
dpctgan,"LocalNeighbourhood(L_2, 0.250411558405805, accuracy)",12435,1,0.0,0,0.002
dpctgan,"LocalNeighbourhood(L_2, 0.250411558405805, accuracy)",12435,0,0.0,0,0.002
dpctgan,"LocalNeighbourhood(L_2, 0.250411558405805, accuracy)",12435,1,0.002,1,0.002
dpctgan,"LocalNeighbourhood(L_2, 0.250411558405805, accuracy)",12435,0,0.002,1,0.002
dpctgan,"LocalNeighbourhood(L_2, 0.250411558405805, accuracy)",12435,1,0.0,0,0.002
dpctgan,"LocalNeighbourhood(L_2, 0.250411558405805, accuracy)",12435,0,0.0,0,0.002
dpctgan,"LocalNeighbourhood(L_2, 0.250411558405805, accuracy)",12435,1,0.0,0,0.002
dpctgan,"LocalNeighbourhood(L_2, 0.250411558405805, accuracy)",12435,0,0.0,0,0.002
dpctgan,"LocalNeighbourhood(L_2, 0.250411558405805, accuracy)",12435,1,0.0,0,0.002
dpctgan,"LocalNeighbourhood(L_2, 0.250411558405805, accuracy)",12435,0,0.0,0,0.002
dpctgan,"LocalNeighbourhood(L_2, 0.250411558405805, accuracy)",12435,1,0.0,0,0.002
dpctgan,"LocalNeighbourhood(L_2, 0.250411558405805, accuracy)",12435,0,0.0,0,0.002
dpctgan,"LocalNeighbourhood(L_2, 0.250411558405805, accuracy)",12435,1,0.0,0,0.002
dpctgan,"LocalNeighbourhood(L_2, 0.250411558405805, accuracy)",12435,0,0.0,0,0.002
dpctgan,"LocalNeighbourhood(L_2, 0.250411558405805, accuracy)",12435,1,0.0,0,0.002
dpctgan,"LocalNeighbourhood(L_2, 0.250411558405805, accuracy)",12435,0,0.0,0,0.002
dpctgan,"LocalNeighbourhood(L_2, 0.250411558405805, accuracy)",12435,1,0.0,0,0.002
dpctgan,"LocalNeighbourhood(L_2, 0.250411558405805, accuracy)",12435,0,0.0,0,0.002
dpctgan,"LocalNeighbourhood(L_2, 0.250411558405805, accuracy)",12435,1,0.0,0,0.002
dpctgan,"LocalNeighbourhood(L_2, 0.250411558405805, accuracy)",12435,0,0.0,0,0.002
dpctgan,"LocalNeighbourhood(L_2, 0.250411558405805, accuracy)",12435,1,0.0,0,0.002
dpctgan,"LocalNeighbourhood(L_2, 0.250411558405805, accuracy)",12435,0,0.0,0,0.002
dpctgan,"LocalNeighbourhood(L_2, 0.250411558405805, accuracy)",12435,1,0.0,0,0.002
dpctgan,"LocalNeighbourhood(L_2, 0.250411558405805, accuracy)",12435,0,0.0,0,0.002
dpctgan,"LocalNeighbourhood(L_2, 0.250411558405805, accuracy)",12435,1,0.002,1,0.002
dpctgan,"LocalNeighbourhood(L_2, 0.250411558405805, accuracy)",12435,0,0.0,0,0.002
dpctgan,"LocalNeighbourhood(L_2, 0.250411558405805, accuracy)",12435,1,0.0,0,0.002
dpctgan,"LocalNeighbourhood(L_2, 0.250411558405805, accuracy)",12435,0,0.0,0,0.002
dpctgan,"LocalNeighbourhood(L_2, 0.250411558405805, accuracy)",12435,1,0.0,0,0.002
dpctgan,"LocalNeighbourhood(L_2, 0.250411558405805, accuracy)",12435,0,0.0,0,0.002
dpctgan,"LocalNeighbourhood(L_2, 0.250411558405805, accuracy)",12435,1,0.0,0,0.002
dpctgan,"LocalNeighbourhood(L_2, 0.250411558405805, accuracy)",12435,0,0.0,0,0.002
dpctgan,"LocalNeighbourhood(L_2, 0.250411558405805, accuracy)",12435,1,0.0,0,0.002
dpctgan,"LocalNeighbourhood(L_2, 0.250411558405805, accuracy)",12435,0,0.0,0,0.002
dpctgan,"LocalNeighbourhood(L_2, 0.250411558405805, accuracy)",12435,1,0.0,0,0.002
dpctgan,"LocalNeighbourhood(L_2, 0.250411558405805, accuracy)",12435,0,0.0,0,0.002
dpctgan,"LocalNeighbourhood(L_2, 0.250411558405805, accuracy)",12435,1,0.0,0,0.002
dpctgan,"LocalNeighbourhood(L_2, 0.250411558405805, accuracy)",12435,0,0.0,0,0.002
dpctgan,"LocalNeighbourhood(L_2, 0.250411558405805, accuracy)",12435,1,0.0,0,0.002
dpctgan,"LocalNeighbourhood(L_2, 0.250411558405805, accuracy)",12435,0,0.0,0,0.002
dpctgan,"LocalNeighbourhood(L_2, 0.250411558405805, accuracy)",12435,1,0.0,0,0.002
dpctgan,"LocalNeighbourhood(L_2, 0.250411558405805, accuracy)",12435,0,0.0,0,0.002
dpctgan,"LocalNeighbourhood(L_2, 0.250411558405805, accuracy)",12435,1,0.0,0,0.002
dpctgan,"LocalNeighbourhood(L_2, 0.250411558405805, accuracy)",12435,0,0.0,0,0.002
dpctgan,"LocalNeighbourhood(L_2, 0.250411558405805, accuracy)",12435,1,0.0,0,0.002
dpctgan,"LocalNeighbourhood(L_2, 0.250411558405805, accuracy)",12435,0,0.0,0,0.002
dpctgan,"LocalNeighbourhood(L_2, 0.250411558405805, accuracy)",12435,1,0.0,0,0.002
dpctgan,"LocalNeighbourhood(L_2, 0.250411558405805, accuracy)",12435,0,0.0,0,0.002
dpctgan,"LocalNeighbourhood(L_2, 0.250411558405805, accuracy)",12435,1,0.0,0,0.002
dpctgan,"LocalNeighbourhood(L_2, 0.250411558405805, accuracy)",12435,0,0.0,0,0.002
dpctgan,"LocalNeighbourhood(L_2, 0.250411558405805, accuracy)",12435,1,0.0,0,0.002
dpctgan,"LocalNeighbourhood(L_2, 0.250411558405805, accuracy)",12435,0,0.0,0,0.002
dpctgan,"LocalNeighbourhood(L_2, 0.250411558405805, accuracy)",12435,1,0.0,0,0.002
dpctgan,"LocalNeighbourhood(L_2, 0.250411558405805, accuracy)",12435,0,0.0,0,0.002
dpctgan,"LocalNeighbourhood(L_2, 0.250411558405805, accuracy)",12435,1,0.0,0,0.002
dpctgan,"LocalNeighbourhood(L_2, 0.250411558405805, accuracy)",12435,0,0.0,0,0.002
dpctgan,"LocalNeighbourhood(L_2, 0.250411558405805, accuracy)",12435,1,0.0,0,0.002
dpctgan,"LocalNeighbourhood(L_2, 0.250411558405805, accuracy)",12435,0,0.0,0,0.002
dpctgan,"LocalNeighbourhood(L_2, 0.250411558405805, accuracy)",12435,1,0.0,0,0.002
dpctgan,"LocalNeighbourhood(L_2, 0.250411558405805, accuracy)",12435,0,0.0,0,0.002
dpctgan,"LocalNeighbourhood(L_2, 0.250411558405805, accuracy)",12435,1,0.0,0,0.002
dpctgan,"LocalNeighbourhood(L_2, 0.250411558405805, accuracy)",12435,0,0.0,0,0.002
dpctgan,"LocalNeighbourhood(L_2, 0.250411558405805, accuracy)",12435,1,0.0,0,0.002
dpctgan,"LocalNeighbourhood(L_2, 0.250411558405805, accuracy)",12435,0,0.0,0,0.002
dpctgan,"LocalNeighbourhood(L_2, 0.250411558405805, accuracy)",12435,1,0.006,1,0.002
dpctgan,"LocalNeighbourhood(L_2, 0.250411558405805, accuracy)",12435,0,0.0,0,0.002
dpctgan,"LocalNeighbourhood(L_2, 0.250411558405805, accuracy)",12435,1,0.0,0,0.002
dpctgan,"LocalNeighbourhood(L_2, 0.250411558405805, accuracy)",12435,0,0.0,0,0.002
dpctgan,"LocalNeighbourhood(L_2, 0.250411558405805, accuracy)",12435,1,0.0,0,0.002
dpctgan,"LocalNeighbourhood(L_2, 0.250411558405805, accuracy)",12435,0,0.0,0,0.002
dpctgan,"LocalNeighbourhood(L_2, 0.250411558405805, accuracy)",12435,1,0.0,0,0.002
dpctgan,"LocalNeighbourhood(L_2, 0.250411558405805, accuracy)",12435,0,0.0,0,0.002
dpctgan,"LocalNeighbourhood(L_2, 0.250411558405805, accuracy)",12435,1,0.0,0,0.002
dpctgan,"LocalNeighbourhood(L_2, 0.250411558405805, accuracy)",12435,0,0.0,0,0.002
dpctgan,"LocalNeighbourhood(L_2, 0.250411558405805, accuracy)",12435,1,0.0,0,0.002
dpctgan,"LocalNeighbourhood(L_2, 0.250411558405805, accuracy)",12435,0,0.0,0,0.002
dpctgan,"LocalNeighbourhood(L_2, 0.250411558405805, accuracy)",12435,1,0.0,0,0.002
dpctgan,"LocalNeighbourhood(L_2, 0.250411558405805, accuracy)",12435,0,0.004,1,0.002
dpctgan,"LocalNeighbourhood(L_2, 0.250411558405805, accuracy)",12435,1,0.0,0,0.002
dpctgan,"LocalNeighbourhood(L_2, 0.250411558405805, accuracy)",12435,0,0.0,0,0.002
dpctgan,"LocalNeighbourhood(L_2, 0.250411558405805, accuracy)",12435,1,0.0,0,0.002
dpctgan,"LocalNeighbourhood(L_2, 0.250411558405805, accuracy)",12435,0,0.0,0,0.002
dpctgan,"LocalNeighbourhood(L_2, 0.250411558405805, accuracy)",12435,1,0.0,0,0.002
dpctgan,"LocalNeighbourhood(L_2, 0.250411558405805, accuracy)",12435,0,0.0,0,0.002
dpctgan,"LocalNeighbourhood(L_2, 0.250411558405805, accuracy)",12435,1,0.0,0,0.002
dpctgan,"LocalNeighbourhood(L_2, 0.250411558405805, accuracy)",12435,0,0.0,0,0.002
dpctgan,"LocalNeighbourhood(L_2, 0.250411558405805, accuracy)",12435,1,0.0,0,0.002
dpctgan,"LocalNeighbourhood(L_2, 0.250411558405805, accuracy)",12435,0,0.0,0,0.002
dpctgan,"LocalNeighbourhood(L_2, 0.250411558405805, accuracy)",12435,1,0.0,0,0.002
dpctgan,"LocalNeighbourhood(L_2, 0.250411558405805, accuracy)",12435,0,0.0,0,0.002
dpctgan,"LocalNeighbourhood(L_2, 0.250411558405805, accuracy)",12435,1,0.0,0,0.002
dpctgan,"LocalNeighbourhood(L_2, 0.250411558405805, accuracy)",12435,0,0.0,0,0.002
dpctgan,"LocalNeighbourhood(L_2, 0.250411558405805, accuracy)",12435,1,0.0,0,0.002
dpctgan,"LocalNeighbourhood(L_2, 0.250411558405805, accuracy)",12435,0,0.0,0,0.002
dpctgan,"LocalNeighbourhood(L_2, 0.250411558405805, accuracy)",12435,1,0.0,0,0.002
dpctgan,"LocalNeighbourhood(L_2, 0.250411558405805, accuracy)",12435,0,0.0,0,0.002
dpctgan,"LocalNeighbourhood(L_2, 0.250411558405805, accuracy)",12435,1,0.0,0,0.002
dpctgan,"LocalNeighbourhood(L_2, 0.250411558405805, accuracy)",12435,0,0.0,0,0.002
dpctgan,"LocalNeighbourhood(L_2, 0.250411558405805, accuracy)",12435,1,0.0,0,0.002
dpctgan,"LocalNeighbourhood(L_2, 0.250411558405805, accuracy)",12435,0,0.0,0,0.002
dpctgan,"LocalNeighbourhood(L_2, 0.250411558405805, accuracy)",12435,1,0.0,0,0.002
dpctgan,"LocalNeighbourhood(L_2, 0.250411558405805, accuracy)",12435,0,0.0,0,0.002
dpctgan,"LocalNeighbourhood(L_2, 0.250411558405805, accuracy)",12435,1,0.0,0,0.002
dpctgan,"LocalNeighbourhood(L_2, 0.250411558405805, accuracy)",12435,0,0.002,1,0.002
dpctgan,"LocalNeighbourhood(L_2, 0.250411558405805, accuracy)",12435,1,0.0,0,0.002
dpctgan,"LocalNeighbourhood(L_2, 0.250411558405805, accuracy)",12435,0,0.0,0,0.002
dpctgan,"LocalNeighbourhood(L_2, 0.250411558405805, accuracy)",12435,1,0.0,0,0.002
dpctgan,"LocalNeighbourhood(L_2, 0.250411558405805, accuracy)",12435,0,0.0,0,0.002
dpctgan,"LocalNeighbourhood(L_2, 0.250411558405805, accuracy)",12435,1,0.0,0,0.002
dpctgan,"LocalNeighbourhood(L_2, 0.250411558405805, accuracy)",12435,0,0.002,1,0.002
dpctgan,"LocalNeighbourhood(L_2, 0.250411558405805, accuracy)",12435,1,0.0,0,0.002
dpctgan,"LocalNeighbourhood(L_2, 0.250411558405805, accuracy)",12435,0,0.002,1,0.002
dpctgan,"LocalNeighbourhood(L_2, 0.250411558405805, accuracy)",12435,1,0.0,0,0.002
dpctgan,"LocalNeighbourhood(L_2, 0.250411558405805, accuracy)",12435,0,0.004,1,0.002
dpctgan,"LocalNeighbourhood(L_2, 0.250411558405805, accuracy)",12435,1,0.0,0,0.002
dpctgan,"LocalNeighbourhood(L_2, 0.250411558405805, accuracy)",12435,0,0.0,0,0.002
dpctgan,"LocalNeighbourhood(L_2, 0.250411558405805, accuracy)",12435,1,0.0,0,0.002
dpctgan,"LocalNeighbourhood(L_2, 0.250411558405805, accuracy)",12435,0,0.0,0,0.002
dpctgan,"LocalNeighbourhood(L_2, 0.250411558405805, accuracy)",12435,1,0.0,0,0.002
dpctgan,"LocalNeighbourhood(L_2, 0.250411558405805, accuracy)",12435,0,0.0,0,0.002
dpctgan,"LocalNeighbourhood(L_2, 0.250411558405805, accuracy)",12435,1,0.0,0,0.002
dpctgan,"LocalNeighbourhood(L_2, 0.250411558405805, accuracy)",12435,0,0.0,0,0.002
dpctgan,"LocalNeighbourhood(L_2, 0.250411558405805, accuracy)",12435,1,0.0,0,0.002
dpctgan,"LocalNeighbourhood(L_2, 0.250411558405805, accuracy)",12435,0,0.0,0,0.002
dpctgan,"LocalNeighbourhood(L_2, 0.250411558405805, accuracy)",12435,1,0.008,1,0.002
dpctgan,"LocalNeighbourhood(L_2, 0.250411558405805, accuracy)",12435,0,0.0,0,0.002
dpctgan,"LocalNeighbourhood(L_2, 0.250411558405805, accuracy)",12435,1,0.0,0,0.002
dpctgan,"LocalNeighbourhood(L_2, 0.250411558405805, accuracy)",12435,0,0.0,0,0.002
dpctgan,"LocalNeighbourhood(L_2, 0.250411558405805, accuracy)",12435,1,0.0,0,0.002
dpctgan,"LocalNeighbourhood(L_2, 0.250411558405805, accuracy)",12435,0,0.0,0,0.002
dpctgan,"LocalNeighbourhood(L_2, 0.250411558405805, accuracy)",12435,1,0.0,0,0.002
dpctgan,"LocalNeighbourhood(L_2, 0.250411558405805, accuracy)",12435,0,0.004,1,0.002
dpctgan,"LocalNeighbourhood(L_2, 0.250411558405805, accuracy)",12435,1,0.0,0,0.002
dpctgan,"LocalNeighbourhood(L_2, 0.250411558405805, accuracy)",12435,0,0.006,1,0.002
dpctgan,"LocalNeighbourhood(L_2, 0.250411558405805, accuracy)",12435,1,0.0,0,0.002
dpctgan,"LocalNeighbourhood(L_2, 0.250411558405805, accuracy)",12435,0,0.0,0,0.002
dpctgan,"LocalNeighbourhood(L_2, 0.250411558405805, accuracy)",12435,1,0.0,0,0.002
dpctgan,"LocalNeighbourhood(L_2, 0.250411558405805, accuracy)",12435,0,0.0,0,0.002
dpctgan,"LocalNeighbourhood(L_2, 0.250411558405805, accuracy)",12435,1,0.0,0,0.002
dpctgan,"LocalNeighbourhood(L_2, 0.250411558405805, accuracy)",12435,0,0.0,0,0.002
dpctgan,"LocalNeighbourhood(L_2, 0.250411558405805, accuracy)",12435,1,0.0,0,0.002
dpctgan,"LocalNeighbourhood(L_2, 0.250411558405805, accuracy)",12435,0,0.0,0,0.002
dpctgan,"LocalNeighbourhood(L_2, 0.250411558405805, accuracy)",12435,1,0.0,0,0.002
dpctgan,"LocalNeighbourhood(L_2, 0.250411558405805, accuracy)",12435,0,0.0,0,0.002
dpctgan,"LocalNeighbourhood(L_2, 0.250411558405805, accuracy)",12435,1,0.0,0,0.002
dpctgan,"LocalNeighbourhood(L_2, 0.250411558405805, accuracy)",12435,0,0.0,0,0.002
dpctgan,"LocalNeighbourhood(L_2, 0.250411558405805, accuracy)",12435,1,0.0,0,0.002
dpctgan,"LocalNeighbourhood(L_2, 0.250411558405805, accuracy)",12435,0,0.0,0,0.002
dpctgan,"LocalNeighbourhood(L_2, 0.250411558405805, accuracy)",12435,1,0.0,0,0.002
dpctgan,"LocalNeighbourhood(L_2, 0.250411558405805, accuracy)",12435,0,0.002,1,0.002
dpctgan,"LocalNeighbourhood(L_2, 0.250411558405805, accuracy)",12435,1,0.0,0,0.002
dpctgan,"LocalNeighbourhood(L_2, 0.250411558405805, accuracy)",12435,0,0.0,0,0.002
dpctgan,"LocalNeighbourhood(L_2, 0.250411558405805, accuracy)",12435,1,0.0,0,0.002
dpctgan,"LocalNeighbourhood(L_2, 0.250411558405805, accuracy)",12435,0,0.0,0,0.002
dpctgan,"LocalNeighbourhood(L_2, 0.250411558405805, accuracy)",12435,1,0.002,1,0.002
dpctgan,"LocalNeighbourhood(L_2, 0.250411558405805, accuracy)",12435,0,0.0,0,0.002
dpctgan,"LocalNeighbourhood(L_2, 0.250411558405805, accuracy)",12435,1,0.004,1,0.002
dpctgan,"LocalNeighbourhood(L_2, 0.250411558405805, accuracy)",12435,0,0.0,0,0.002
dpctgan,"LocalNeighbourhood(L_2, 0.250411558405805, accuracy)",12435,1,0.0,0,0.002
dpctgan,"LocalNeighbourhood(L_2, 0.250411558405805, accuracy)",12435,0,0.0,0,0.002
dpctgan,"LocalNeighbourhood(L_2, 0.250411558405805, accuracy)",12435,1,0.0,0,0.002
dpctgan,"LocalNeighbourhood(L_2, 0.250411558405805, accuracy)",12435,0,0.0,0,0.002
dpctgan,"LocalNeighbourhood(L_2, 0.250411558405805, accuracy)",12435,1,0.0,0,0.002
dpctgan,"LocalNeighbourhood(L_2, 0.250411558405805, accuracy)",12435,0,0.0,0,0.002
dpctgan,"LocalNeighbourhood(L_2, 0.250411558405805, accuracy)",12435,1,0.0,0,0.002
dpctgan,"LocalNeighbourhood(L_2, 0.250411558405805, accuracy)",12435,0,0.0,0,0.002
dpctgan,"LocalNeighbourhood(L_2, 0.250411558405805, accuracy)",12435,1,0.0,0,0.002
dpctgan,"LocalNeighbourhood(L_2, 0.250411558405805, accuracy)",12435,0,0.0,0,0.002
dpctgan,"LocalNeighbourhood(L_2, 0.250411558405805, accuracy)",12435,1,0.0,0,0.002
dpctgan,"LocalNeighbourhood(L_2, 0.250411558405805, accuracy)",12435,0,0.0,0,0.002
dpctgan,"LocalNeighbourhood(L_2, 0.250411558405805, accuracy)",12435,1,0.0,0,0.002
dpctgan,"LocalNeighbourhood(L_2, 0.250411558405805, accuracy)",12435,0,0.0,0,0.002
dpctgan,"LocalNeighbourhood(L_2, 0.250411558405805, accuracy)",12435,1,0.0,0,0.002
dpctgan,"LocalNeighbourhood(L_2, 0.250411558405805, accuracy)",12435,0,0.0,0,0.002
dpctgan,"LocalNeighbourhood(L_2, 0.250411558405805, accuracy)",12435,1,0.0,0,0.002
dpctgan,"LocalNeighbourhood(L_2, 0.250411558405805, accuracy)",12435,0,0.0,0,0.002
dpctgan,"LocalNeighbourhood(L_2, 0.250411558405805, accuracy)",12435,1,0.0,0,0.002
dpctgan,"LocalNeighbourhood(L_2, 0.250411558405805, accuracy)",12435,0,0.0,0,0.002
dpctgan,"LocalNeighbourhood(L_2, 0.250411558405805, accuracy)",12435,1,0.0,0,0.002
dpctgan,"LocalNeighbourhood(L_2, 0.250411558405805, accuracy)",12435,0,0.0,0,0.002
dpctgan,"LocalNeighbourhood(L_2, 0.250411558405805, accuracy)",12435,1,0.016,1,0.002
dpctgan,"LocalNeighbourhood(L_2, 0.250411558405805, accuracy)",12435,0,0.0,0,0.002
dpctgan,"LocalNeighbourhood(L_2, 0.250411558405805, accuracy)",12435,1,0.0,0,0.002
dpctgan,"LocalNeighbourhood(L_2, 0.250411558405805, accuracy)",12435,0,0.0,0,0.002
dpctgan,"LocalNeighbourhood(L_2, 0.250411558405805, accuracy)",12435,1,0.0,0,0.002
dpctgan,"LocalNeighbourhood(L_2, 0.250411558405805, accuracy)",12435,0,0.0,0,0.002
dpctgan,"LocalNeighbourhood(L_2, 0.250411558405805, accuracy)",12435,1,0.0,0,0.002
dpctgan,"LocalNeighbourhood(L_2, 0.250411558405805, accuracy)",12435,0,0.0,0,0.002
dpctgan,"LocalNeighbourhood(L_2, 0.250411558405805, accuracy)",12435,1,0.0,0,0.002
dpctgan,"LocalNeighbourhood(L_2, 0.250411558405805, accuracy)",12435,0,0.0,0,0.002
dpctgan,"LocalNeighbourhood(L_2, 0.250411558405805, accuracy)",12435,1,0.0,0,0.002
dpctgan,"LocalNeighbourhood(L_2, 0.250411558405805, accuracy)",12435,0,0.0,0,0.002
dpctgan,"LocalNeighbourhood(L_2, 0.250411558405805, accuracy)",12435,1,0.0,0,0.002
dpctgan,"LocalNeighbourhood(L_2, 0.250411558405805, accuracy)",12435,0,0.0,0,0.002
dpctgan,"LocalNeighbourhood(L_2, 0.250411558405805, accuracy)",12435,1,0.0,0,0.002
dpctgan,"LocalNeighbourhood(L_2, 0.250411558405805, accuracy)",12435,0,0.0,0,0.002
dpctgan,"LocalNeighbourhood(L_2, 0.250411558405805, accuracy)",12435,1,0.0,0,0.002
dpctgan,"LocalNeighbourhood(L_2, 0.250411558405805, accuracy)",12435,0,0.0,0,0.002
dpctgan,"LocalNeighbourhood(L_2, 0.250411558405805, accuracy)",12435,1,0.0,0,0.002
dpctgan,"LocalNeighbourhood(L_2, 0.250411558405805, accuracy)",12435,0,0.0,0,0.002
dpctgan,"LocalNeighbourhood(L_2, 0.250411558405805, accuracy)",12435,1,0.0,0,0.002
dpctgan,"LocalNeighbourhood(L_2, 0.250411558405805, accuracy)",12435,0,0.0,0,0.002
dpctgan,"LocalNeighbourhood(L_2, 0.250411558405805, accuracy)",12435,1,0.0,0,0.002
dpctgan,"LocalNeighbourhood(L_2, 0.250411558405805, accuracy)",12435,0,0.0,0,0.002
dpctgan,"LocalNeighbourhood(L_2, 0.250411558405805, accuracy)",12435,1,0.0,0,0.002
dpctgan,"LocalNeighbourhood(L_2, 0.250411558405805, accuracy)",12435,0,0.0,0,0.002
dpctgan,"LocalNeighbourhood(L_2, 0.250411558405805, accuracy)",12435,1,0.03,1,0.002
dpctgan,"LocalNeighbourhood(L_2, 0.250411558405805, accuracy)",12435,0,0.0,0,0.002
dpctgan,"LocalNeighbourhood(L_2, 0.250411558405805, accuracy)",12435,1,0.0,0,0.002
dpctgan,"LocalNeighbourhood(L_2, 0.250411558405805, accuracy)",12435,0,0.0,0,0.002
dpctgan,"LocalNeighbourhood(L_2, 0.250411558405805, accuracy)",12435,1,0.0,0,0.002
dpctgan,"LocalNeighbourhood(L_2, 0.250411558405805, accuracy)",12435,0,0.0,0,0.002
dpctgan,"LocalNeighbourhood(L_2, 0.250411558405805, accuracy)",12435,1,0.002,1,0.002
dpctgan,"LocalNeighbourhood(L_2, 0.250411558405805, accuracy)",12435,0,0.0,0,0.002
dpctgan,"LocalNeighbourhood(L_2, 0.250411558405805, accuracy)",12435,1,0.0,0,0.002
dpctgan,"LocalNeighbourhood(L_2, 0.250411558405805, accuracy)",12435,0,0.0,0,0.002
dpctgan,"LocalNeighbourhood(L_2, 0.250411558405805, accuracy)",12435,1,0.0,0,0.002
dpctgan,"LocalNeighbourhood(L_2, 0.250411558405805, accuracy)",12435,0,0.0,0,0.002
dpctgan,"LocalNeighbourhood(L_2, 0.250411558405805, accuracy)",12435,1,0.0,0,0.002
dpctgan,"LocalNeighbourhood(L_2, 0.250411558405805, accuracy)",12435,0,0.0,0,0.002
dpctgan,"LocalNeighbourhood(L_2, 0.250411558405805, accuracy)",12435,1,0.0,0,0.002
dpctgan,"LocalNeighbourhood(L_2, 0.250411558405805, accuracy)",12435,0,0.0,0,0.002
dpctgan,"LocalNeighbourhood(L_2, 0.250411558405805, accuracy)",12435,1,0.0,0,0.002
dpctgan,"LocalNeighbourhood(L_2, 0.250411558405805, accuracy)",12435,0,0.0,0,0.002
dpctgan,"LocalNeighbourhood(L_2, 0.250411558405805, accuracy)",12435,1,0.0,0,0.002
dpctgan,"LocalNeighbourhood(L_2, 0.250411558405805, accuracy)",12435,0,0.0,0,0.002
dpctgan,"LocalNeighbourhood(L_2, 0.250411558405805, accuracy)",12435,1,0.0,0,0.002
dpctgan,"LocalNeighbourhood(L_2, 0.250411558405805, accuracy)",12435,0,0.0,0,0.002
dpctgan,"LocalNeighbourhood(L_2, 0.250411558405805, accuracy)",12435,1,0.0,0,0.002
dpctgan,"LocalNeighbourhood(L_2, 0.250411558405805, accuracy)",12435,0,0.0,0,0.002
dpctgan,"LocalNeighbourhood(L_2, 0.250411558405805, accuracy)",12435,1,0.0,0,0.002
dpctgan,"LocalNeighbourhood(L_2, 0.250411558405805, accuracy)",12435,0,0.0,0,0.002
dpctgan,"LocalNeighbourhood(L_2, 0.250411558405805, accuracy)",12435,1,0.0,0,0.002
dpctgan,"LocalNeighbourhood(L_2, 0.250411558405805, accuracy)",12435,0,0.0,0,0.002
dpctgan,"LocalNeighbourhood(L_2, 0.250411558405805, accuracy)",12435,1,0.0,0,0.002
dpctgan,"LocalNeighbourhood(L_2, 0.250411558405805, accuracy)",12435,0,0.002,1,0.002
dpctgan,"LocalNeighbourhood(L_2, 0.250411558405805, accuracy)",12435,1,0.0,0,0.002
dpctgan,"LocalNeighbourhood(L_2, 0.250411558405805, accuracy)",12435,0,0.0,0,0.002
dpctgan,"LocalNeighbourhood(L_2, 0.250411558405805, accuracy)",12435,1,0.0,0,0.002
dpctgan,"LocalNeighbourhood(L_2, 0.250411558405805, accuracy)",12435,0,0.0,0,0.002
dpctgan,"LocalNeighbourhood(L_2, 0.250411558405805, accuracy)",12435,1,0.0,0,0.002
dpctgan,"LocalNeighbourhood(L_2, 0.250411558405805, accuracy)",12435,0,0.0,0,0.002
dpctgan,"LocalNeighbourhood(L_2, 0.250411558405805, accuracy)",12435,1,0.002,1,0.002
dpctgan,"LocalNeighbourhood(L_2, 0.250411558405805, accuracy)",12435,0,0.0,0,0.002
dpctgan,"LocalNeighbourhood(L_2, 0.250411558405805, accuracy)",12435,1,0.002,1,0.002
dpctgan,"LocalNeighbourhood(L_2, 0.250411558405805, accuracy)",12435,0,0.0,0,0.002
dpctgan,"LocalNeighbourhood(L_2, 0.250411558405805, accuracy)",12435,1,0.0,0,0.002
dpctgan,"LocalNeighbourhood(L_2, 0.250411558405805, accuracy)",12435,0,0.0,0,0.002
dpctgan,"LocalNeighbourhood(L_2, 0.250411558405805, accuracy)",12435,1,0.0,0,0.002
dpctgan,"LocalNeighbourhood(L_2, 0.250411558405805, accuracy)",12435,0,0.002,1,0.002
dpctgan,"LocalNeighbourhood(L_2, 0.250411558405805, accuracy)",12435,1,0.0,0,0.002
dpctgan,"LocalNeighbourhood(L_2, 0.250411558405805, accuracy)",12435,0,0.0,0,0.002
dpctgan,"LocalNeighbourhood(L_2, 0.250411558405805, accuracy)",12435,1,0.0,0,0.002
dpctgan,"LocalNeighbourhood(L_2, 0.250411558405805, accuracy)",12435,0,0.0,0,0.002
dpctgan,"LocalNeighbourhood(L_2, 0.250411558405805, accuracy)",12435,1,0.0,0,0.002
dpctgan,"LocalNeighbourhood(L_2, 0.250411558405805, accuracy)",12435,0,0.0,0,0.002
dpctgan,"LocalNeighbourhood(L_2, 0.250411558405805, accuracy)",12435,1,0.0,0,0.002
dpctgan,"LocalNeighbourhood(L_2, 0.250411558405805, accuracy)",12435,0,0.0,0,0.002
dpctgan,"LocalNeighbourhood(L_2, 0.250411558405805, accuracy)",12435,1,0.0,0,0.002
dpctgan,"LocalNeighbourhood(L_2, 0.250411558405805, accuracy)",12435,0,0.0,0,0.002
dpctgan,"LocalNeighbourhood(L_2, 0.250411558405805, accuracy)",12435,1,0.0,0,0.002
dpctgan,"LocalNeighbourhood(L_2, 0.250411558405805, accuracy)",12435,0,0.0,0,0.002
dpctgan,"LocalNeighbourhood(L_2, 0.250411558405805, accuracy)",12435,1,0.0,0,0.002
dpctgan,"LocalNeighbourhood(L_2, 0.250411558405805, accuracy)",12435,0,0.0,0,0.002
dpctgan,"LocalNeighbourhood(L_2, 0.250411558405805, accuracy)",12435,1,0.002,1,0.002
dpctgan,"LocalNeighbourhood(L_2, 0.250411558405805, accuracy)",12435,0,0.0,0,0.002
dpctgan,"LocalNeighbourhood(L_2, 0.250411558405805, accuracy)",12435,1,0.0,0,0.002
dpctgan,"LocalNeighbourhood(L_2, 0.250411558405805, accuracy)",12435,0,0.0,0,0.002
dpctgan,"LocalNeighbourhood(L_2, 0.250411558405805, accuracy)",12435,1,0.002,1,0.002
dpctgan,"LocalNeighbourhood(L_2, 0.250411558405805, accuracy)",12435,0,0.0,0,0.002
dpctgan,"LocalNeighbourhood(L_2, 0.250411558405805, accuracy)",12435,1,0.0,0,0.002
dpctgan,"LocalNeighbourhood(L_2, 0.250411558405805, accuracy)",12435,0,0.0,0,0.002
dpctgan,"LocalNeighbourhood(L_2, 0.250411558405805, accuracy)",12435,1,0.0,0,0.002
dpctgan,"LocalNeighbourhood(L_2, 0.250411558405805, accuracy)",12435,0,0.0,0,0.002
dpctgan,"LocalNeighbourhood(L_2, 0.250411558405805, accuracy)",12435,1,0.0,0,0.002
dpctgan,"LocalNeighbourhood(L_2, 0.250411558405805, accuracy)",12435,0,0.0,0,0.002
dpctgan,"LocalNeighbourhood(L_2, 0.250411558405805, accuracy)",12435,1,0.0,0,0.002
dpctgan,"LocalNeighbourhood(L_2, 0.250411558405805, accuracy)",12435,0,0.002,1,0.002
dpctgan,"LocalNeighbourhood(L_2, 0.250411558405805, accuracy)",12435,1,0.0,0,0.002
dpctgan,"LocalNeighbourhood(L_2, 0.250411558405805, accuracy)",12435,0,0.0,0,0.002
dpctgan,"LocalNeighbourhood(L_2, 0.250411558405805, accuracy)",12435,1,0.0,0,0.002
dpctgan,"LocalNeighbourhood(L_2, 0.250411558405805, accuracy)",12435,0,0.0,0,0.002
dpctgan,"LocalNeighbourhood(L_2, 0.250411558405805, accuracy)",12435,1,0.0,0,0.002
dpctgan,"LocalNeighbourhood(L_2, 0.250411558405805, accuracy)",12435,0,0.0,0,0.002
dpctgan,"LocalNeighbourhood(L_2, 0.250411558405805, accuracy)",12435,1,0.0,0,0.002
dpctgan,"LocalNeighbourhood(L_2, 0.250411558405805, accuracy)",12435,0,0.0,0,0.002
dpctgan,"LocalNeighbourhood(L_2, 0.250411558405805, accuracy)",12435,1,0.0,0,0.002
dpctgan,"LocalNeighbourhood(L_2, 0.250411558405805, accuracy)",12435,0,0.0,0,0.002
dpctgan,"LocalNeighbourhood(L_2, 0.250411558405805, accuracy)",12435,1,0.0,0,0.002
dpctgan,"LocalNeighbourhood(L_2, 0.250411558405805, accuracy)",12435,0,0.0,0,0.002
dpctgan,"LocalNeighbourhood(L_2, 0.250411558405805, accuracy)",12435,1,0.0,0,0.002
dpctgan,"LocalNeighbourhood(L_2, 0.250411558405805, accuracy)",12435,0,0.0,0,0.002
dpctgan,"LocalNeighbourhood(L_2, 0.250411558405805, accuracy)",12435,1,0.0,0,0.002
dpctgan,"LocalNeighbourhood(L_2, 0.250411558405805, accuracy)",12435,0,0.0,0,0.002
dpctgan,"LocalNeighbourhood(L_2, 0.250411558405805, accuracy)",12435,1,0.0,0,0.002
dpctgan,"LocalNeighbourhood(L_2, 0.250411558405805, accuracy)",12435,0,0.0,0,0.002
dpctgan,"LocalNeighbourhood(L_2, 0.250411558405805, accuracy)",12435,1,0.0,0,0.002
dpctgan,"LocalNeighbourhood(L_2, 0.250411558405805, accuracy)",12435,0,0.0,0,0.002
dpctgan,"LocalNeighbourhood(L_2, 0.250411558405805, accuracy)",12435,1,0.0,0,0.002
dpctgan,"LocalNeighbourhood(L_2, 0.250411558405805, accuracy)",12435,0,0.008,1,0.002
dpctgan,"LocalNeighbourhood(L_2, 0.250411558405805, accuracy)",12435,1,0.0,0,0.002
dpctgan,"LocalNeighbourhood(L_2, 0.250411558405805, accuracy)",12435,0,0.0,0,0.002
dpctgan,"LocalNeighbourhood(L_2, 0.250411558405805, accuracy)",12435,1,0.0,0,0.002
dpctgan,"LocalNeighbourhood(L_2, 0.250411558405805, accuracy)",12435,0,0.0,0,0.002
dpctgan,"LocalNeighbourhood(L_2, 0.250411558405805, accuracy)",12435,1,0.0,0,0.002
dpctgan,"LocalNeighbourhood(L_2, 0.250411558405805, accuracy)",12435,0,0.0,0,0.002
dpctgan,"LocalNeighbourhood(L_2, 0.250411558405805, accuracy)",12435,1,0.0,0,0.002
dpctgan,"LocalNeighbourhood(L_2, 0.250411558405805, accuracy)",12435,0,0.0,0,0.002
dpctgan,"LocalNeighbourhood(L_2, 0.250411558405805, accuracy)",12435,1,0.002,1,0.002
dpctgan,"LocalNeighbourhood(L_2, 0.250411558405805, accuracy)",12435,0,0.0,0,0.002
dpctgan,"LocalNeighbourhood(L_2, 0.250411558405805, accuracy)",12435,1,0.0,0,0.002
dpctgan,"LocalNeighbourhood(L_2, 0.250411558405805, accuracy)",12435,0,0.0,0,0.002
dpctgan,"LocalNeighbourhood(L_2, 0.250411558405805, accuracy)",12435,1,0.0,0,0.002
dpctgan,"LocalNeighbourhood(L_2, 0.250411558405805, accuracy)",12435,0,0.0,0,0.002
dpctgan,"LocalNeighbourhood(L_2, 0.250411558405805, accuracy)",12435,1,0.0,0,0.002
dpctgan,"LocalNeighbourhood(L_2, 0.250411558405805, accuracy)",12435,0,0.0,0,0.002
dpctgan,"LocalNeighbourhood(L_2, 0.250411558405805, accuracy)",12435,1,0.0,0,0.002
dpctgan,"LocalNeighbourhood(L_2, 0.250411558405805, accuracy)",12435,0,0.0,0,0.002
dpctgan,"LocalNeighbourhood(L_2, 0.250411558405805, accuracy)",12435,1,0.0,0,0.002
dpctgan,"LocalNeighbourhood(L_2, 0.250411558405805, accuracy)",12435,0,0.0,0,0.002
dpctgan,"LocalNeighbourhood(L_2, 0.250411558405805, accuracy)",12435,1,0.0,0,0.002
dpctgan,"LocalNeighbourhood(L_2, 0.250411558405805, accuracy)",12435,0,0.0,0,0.002
dpctgan,"LocalNeighbourhood(L_2, 0.250411558405805, accuracy)",12435,1,0.0,0,0.002
dpctgan,"LocalNeighbourhood(L_2, 0.250411558405805, accuracy)",12435,0,0.0,0,0.002
dpctgan,"LocalNeighbourhood(L_2, 0.250411558405805, accuracy)",12435,1,0.0,0,0.002
dpctgan,"LocalNeighbourhood(L_2, 0.250411558405805, accuracy)",12435,0,0.0,0,0.002
dpctgan,"LocalNeighbourhood(L_2, 0.250411558405805, accuracy)",12435,1,0.02,1,0.002
dpctgan,"LocalNeighbourhood(L_2, 0.250411558405805, accuracy)",12435,0,0.0,0,0.002
dpctgan,"LocalNeighbourhood(L_2, 0.250411558405805, accuracy)",12435,1,0.0,0,0.002
dpctgan,"LocalNeighbourhood(L_2, 0.250411558405805, accuracy)",12435,0,0.002,1,0.002
dpctgan,"LocalNeighbourhood(L_2, 0.250411558405805, accuracy)",12435,1,0.0,0,0.002
dpctgan,"LocalNeighbourhood(L_2, 0.250411558405805, accuracy)",12435,0,0.0,0,0.002
dpctgan,"LocalNeighbourhood(L_2, 0.250411558405805, accuracy)",12435,1,0.0,0,0.002
dpctgan,"LocalNeighbourhood(L_2, 0.250411558405805, accuracy)",12435,0,0.0,0,0.002
dpctgan,"LocalNeighbourhood(L_2, 0.250411558405805, accuracy)",12435,1,0.0,0,0.002
dpctgan,"LocalNeighbourhood(L_2, 0.250411558405805, accuracy)",12435,0,0.0,0,0.002
dpctgan,"LocalNeighbourhood(L_2, 0.250411558405805, accuracy)",12435,1,0.014,1,0.002
dpctgan,"LocalNeighbourhood(L_2, 0.250411558405805, accuracy)",12435,0,0.0,0,0.002
dpctgan,"LocalNeighbourhood(L_2, 0.250411558405805, accuracy)",12435,1,0.0,0,0.002
dpctgan,"LocalNeighbourhood(L_2, 0.250411558405805, accuracy)",12435,0,0.0,0,0.002
dpctgan,"LocalNeighbourhood(L_2, 0.250411558405805, accuracy)",12435,1,0.006,1,0.002
dpctgan,"LocalNeighbourhood(L_2, 0.250411558405805, accuracy)",12435,0,0.0,0,0.002
dpctgan,"LocalNeighbourhood(L_2, 0.250411558405805, accuracy)",12435,1,0.002,1,0.002
dpctgan,"LocalNeighbourhood(L_2, 0.250411558405805, accuracy)",12435,0,0.0,0,0.002
dpctgan,"LocalNeighbourhood(L_2, 0.250411558405805, accuracy)",12435,1,0.0,0,0.002
dpctgan,"LocalNeighbourhood(L_2, 0.250411558405805, accuracy)",12435,0,0.0,0,0.002
dpctgan,"LocalNeighbourhood(L_2, 0.250411558405805, accuracy)",12435,1,0.0,0,0.002
dpctgan,"LocalNeighbourhood(L_2, 0.250411558405805, accuracy)",12435,0,0.002,1,0.002
dpctgan,"LocalNeighbourhood(L_2, 0.250411558405805, accuracy)",12435,1,0.0,0,0.002
dpctgan,"LocalNeighbourhood(L_2, 0.250411558405805, accuracy)",12435,0,0.002,1,0.002
dpctgan,"LocalNeighbourhood(L_2, 0.250411558405805, accuracy)",12435,1,0.0,0,0.002
dpctgan,"LocalNeighbourhood(L_2, 0.250411558405805, accuracy)",12435,0,0.0,0,0.002
dpctgan,"LocalNeighbourhood(L_2, 0.250411558405805, accuracy)",12435,1,0.0,0,0.002
dpctgan,"LocalNeighbourhood(L_2, 0.250411558405805, accuracy)",12435,0,0.0,0,0.002
dpctgan,"LocalNeighbourhood(L_2, 0.250411558405805, accuracy)",12435,1,0.0,0,0.002
dpctgan,"LocalNeighbourhood(L_2, 0.250411558405805, accuracy)",12435,0,0.0,0,0.002
dpctgan,"LocalNeighbourhood(L_2, 0.250411558405805, accuracy)",12435,1,0.0,0,0.002
dpctgan,"LocalNeighbourhood(L_2, 0.250411558405805, accuracy)",12435,0,0.0,0,0.002
dpctgan,"LocalNeighbourhood(L_2, 0.250411558405805, accuracy)",12435,1,0.0,0,0.002
dpctgan,"LocalNeighbourhood(L_2, 0.250411558405805, accuracy)",12435,0,0.0,0,0.002
dpctgan,"LocalNeighbourhood(L_2, 0.250411558405805, accuracy)",12435,1,0.0,0,0.002
dpctgan,"LocalNeighbourhood(L_2, 0.250411558405805, accuracy)",12435,0,0.0,0,0.002
dpctgan,"LocalNeighbourhood(L_2, 0.250411558405805, accuracy)",12435,1,0.0,0,0.002
dpctgan,"LocalNeighbourhood(L_2, 0.250411558405805, accuracy)",12435,0,0.0,0,0.002
dpctgan,"LocalNeighbourhood(L_2, 0.250411558405805, accuracy)",12435,1,0.0,0,0.002
dpctgan,"LocalNeighbourhood(L_2, 0.250411558405805, accuracy)",12435,0,0.0,0,0.002
dpctgan,"LocalNeighbourhood(L_2, 0.250411558405805, accuracy)",12435,1,0.0,0,0.002
dpctgan,"LocalNeighbourhood(L_2, 0.250411558405805, accuracy)",12435,0,0.0,0,0.002
dpctgan,"LocalNeighbourhood(L_2, 0.250411558405805, accuracy)",12435,1,0.002,1,0.002
dpctgan,"LocalNeighbourhood(L_2, 0.250411558405805, accuracy)",12435,0,0.004,1,0.002
dpctgan,"LocalNeighbourhood(L_2, 0.250411558405805, accuracy)",12435,1,0.0,0,0.002
dpctgan,"LocalNeighbourhood(L_2, 0.250411558405805, accuracy)",12435,0,0.0,0,0.002
dpctgan,"LocalNeighbourhood(L_2, 0.250411558405805, accuracy)",12435,1,0.0,0,0.002
dpctgan,"LocalNeighbourhood(L_2, 0.250411558405805, accuracy)",12435,0,0.0,0,0.002
dpctgan,"LocalNeighbourhood(L_2, 0.250411558405805, accuracy)",12435,1,0.006,1,0.002
dpctgan,"LocalNeighbourhood(L_2, 0.250411558405805, accuracy)",12435,0,0.0,0,0.002
dpctgan,"LocalNeighbourhood(L_2, 0.250411558405805, accuracy)",12435,1,0.0,0,0.002
dpctgan,"LocalNeighbourhood(L_2, 0.250411558405805, accuracy)",12435,0,0.0,0,0.002
dpctgan,"LocalNeighbourhood(L_2, 0.250411558405805, accuracy)",12435,1,0.0,0,0.002
dpctgan,"LocalNeighbourhood(L_2, 0.250411558405805, accuracy)",12435,0,0.0,0,0.002
dpctgan,"LocalNeighbourhood(L_2, 0.250411558405805, accuracy)",12435,1,0.0,0,0.002
dpctgan,"LocalNeighbourhood(L_2, 0.250411558405805, accuracy)",12435,0,0.0,0,0.002
dpctgan,"LocalNeighbourhood(L_2, 0.250411558405805, accuracy)",12435,1,0.0,0,0.002
dpctgan,"LocalNeighbourhood(L_2, 0.250411558405805, accuracy)",12435,0,0.0,0,0.002
dpctgan,"LocalNeighbourhood(L_2, 0.250411558405805, accuracy)",12435,1,0.0,0,0.002
dpctgan,"LocalNeighbourhood(L_2, 0.250411558405805, accuracy)",12435,0,0.0,0,0.002
dpctgan,"LocalNeighbourhood(L_2, 0.250411558405805, accuracy)",12435,1,0.0,0,0.002
dpctgan,"LocalNeighbourhood(L_2, 0.250411558405805, accuracy)",12435,0,0.0,0,0.002
dpctgan,"LocalNeighbourhood(L_2, 0.250411558405805, accuracy)",12435,1,0.0,0,0.002
dpctgan,"LocalNeighbourhood(L_2, 0.250411558405805, accuracy)",12435,0,0.0,0,0.002
dpctgan,"LocalNeighbourhood(L_2, 0.250411558405805, accuracy)",12435,1,0.0,0,0.002
dpctgan,"LocalNeighbourhood(L_2, 0.250411558405805, accuracy)",12435,0,0.0,0,0.002
dpctgan,"LocalNeighbourhood(L_2, 0.250411558405805, accuracy)",12435,1,0.0,0,0.002
dpctgan,"LocalNeighbourhood(L_2, 0.250411558405805, accuracy)",12435,0,0.0,0,0.002
dpctgan,"LocalNeighbourhood(L_2, 0.250411558405805, accuracy)",12435,1,0.002,1,0.002
dpctgan,"LocalNeighbourhood(L_2, 0.250411558405805, accuracy)",12435,0,0.0,0,0.002
dpctgan,"LocalNeighbourhood(L_2, 0.250411558405805, accuracy)",12435,1,0.0,0,0.002
dpctgan,"LocalNeighbourhood(L_2, 0.250411558405805, accuracy)",12435,0,0.004,1,0.002
dpctgan,"LocalNeighbourhood(L_2, 0.250411558405805, accuracy)",12435,1,0.002,1,0.002
dpctgan,"LocalNeighbourhood(L_2, 0.250411558405805, accuracy)",12435,0,0.0,0,0.002
dpctgan,"LocalNeighbourhood(L_2, 0.250411558405805, accuracy)",12435,1,0.0,0,0.002
dpctgan,"LocalNeighbourhood(L_2, 0.250411558405805, accuracy)",12435,0,0.0,0,0.002
dpctgan,"LocalNeighbourhood(L_2, 0.250411558405805, accuracy)",12435,1,0.0,0,0.002
dpctgan,"LocalNeighbourhood(L_2, 0.250411558405805, accuracy)",12435,0,0.0,0,0.002
dpctgan,"LocalNeighbourhood(L_2, 0.250411558405805, accuracy)",12435,1,0.0,0,0.002
dpctgan,"LocalNeighbourhood(L_2, 0.250411558405805, accuracy)",12435,0,0.0,0,0.002
dpctgan,"LocalNeighbourhood(L_2, 0.250411558405805, accuracy)",12435,1,0.0,0,0.002
dpctgan,"LocalNeighbourhood(L_2, 0.250411558405805, accuracy)",12435,0,0.0,0,0.002
dpctgan,"LocalNeighbourhood(L_2, 0.250411558405805, accuracy)",12435,1,0.0,0,0.002
dpctgan,"LocalNeighbourhood(L_2, 0.250411558405805, accuracy)",12435,0,0.002,1,0.002
dpctgan,"LocalNeighbourhood(L_2, 0.250411558405805, accuracy)",12435,1,0.0,0,0.002
dpctgan,"LocalNeighbourhood(L_2, 0.250411558405805, accuracy)",12435,0,0.0,0,0.002
dpctgan,"LocalNeighbourhood(L_2, 0.250411558405805, accuracy)",12435,1,0.0,0,0.002
dpctgan,"LocalNeighbourhood(L_2, 0.250411558405805, accuracy)",12435,0,0.0,0,0.002
dpctgan,"LocalNeighbourhood(L_2, 0.250411558405805, accuracy)",12435,1,0.0,0,0.002
dpctgan,"LocalNeighbourhood(L_2, 0.250411558405805, accuracy)",12435,0,0.0,0,0.002
dpctgan,"LocalNeighbourhood(L_2, 0.250411558405805, accuracy)",12435,1,0.0,0,0.002
dpctgan,"LocalNeighbourhood(L_2, 0.250411558405805, accuracy)",12435,0,0.0,0,0.002
dpctgan,"LocalNeighbourhood(L_2, 0.250411558405805, accuracy)",12435,1,0.0,0,0.002
dpctgan,"LocalNeighbourhood(L_2, 0.250411558405805, accuracy)",12435,0,0.0,0,0.002
dpctgan,"LocalNeighbourhood(L_2, 0.250411558405805, accuracy)",12435,1,0.0,0,0.002
dpctgan,"LocalNeighbourhood(L_2, 0.250411558405805, accuracy)",12435,0,0.0,0,0.002
dpctgan,"LocalNeighbourhood(L_2, 0.250411558405805, accuracy)",12435,1,0.0,0,0.002
dpctgan,"LocalNeighbourhood(L_2, 0.250411558405805, accuracy)",12435,0,0.0,0,0.002
dpctgan,"LocalNeighbourhood(L_2, 0.250411558405805, accuracy)",12435,1,0.0,0,0.002
dpctgan,"LocalNeighbourhood(L_2, 0.250411558405805, accuracy)",12435,0,0.002,1,0.002
dpctgan,"LocalNeighbourhood(L_2, 0.250411558405805, accuracy)",12435,1,0.006,1,0.002
dpctgan,"LocalNeighbourhood(L_2, 0.250411558405805, accuracy)",12435,0,0.0,0,0.002
dpctgan,"LocalNeighbourhood(L_2, 0.250411558405805, accuracy)",12435,1,0.0,0,0.002
dpctgan,"LocalNeighbourhood(L_2, 0.250411558405805, accuracy)",12435,0,0.0,0,0.002
dpctgan,"LocalNeighbourhood(L_2, 0.250411558405805, accuracy)",12435,1,0.0,0,0.002
dpctgan,"LocalNeighbourhood(L_2, 0.250411558405805, accuracy)",12435,0,0.0,0,0.002
dpctgan,"LocalNeighbourhood(L_2, 0.250411558405805, accuracy)",12435,1,0.0,0,0.002
dpctgan,"LocalNeighbourhood(L_2, 0.250411558405805, accuracy)",12435,0,0.002,1,0.002
dpctgan,"LocalNeighbourhood(L_2, 0.250411558405805, accuracy)",12435,1,0.0,0,0.002
dpctgan,"LocalNeighbourhood(L_2, 0.250411558405805, accuracy)",12435,0,0.0,0,0.002
dpctgan,"LocalNeighbourhood(L_2, 0.250411558405805, accuracy)",12435,1,0.0,0,0.002
dpctgan,"LocalNeighbourhood(L_2, 0.250411558405805, accuracy)",12435,0,0.002,1,0.002
dpctgan,"LocalNeighbourhood(L_2, 0.250411558405805, accuracy)",12435,1,0.0,0,0.002
dpctgan,"LocalNeighbourhood(L_2, 0.250411558405805, accuracy)",12435,0,0.0,0,0.002
dpctgan,"LocalNeighbourhood(L_2, 0.250411558405805, accuracy)",12435,1,0.0,0,0.002
dpctgan,"LocalNeighbourhood(L_2, 0.250411558405805, accuracy)",12435,0,0.0,0,0.002
dpctgan,"LocalNeighbourhood(L_2, 0.250411558405805, accuracy)",12435,1,0.0,0,0.002
dpctgan,"LocalNeighbourhood(L_2, 0.250411558405805, accuracy)",12435,0,0.0,0,0.002
dpctgan,"LocalNeighbourhood(L_2, 0.250411558405805, accuracy)",12435,1,0.008,1,0.002
dpctgan,"LocalNeighbourhood(L_2, 0.250411558405805, accuracy)",12435,0,0.0,0,0.002
dpctgan,"LocalNeighbourhood(L_2, 0.250411558405805, accuracy)",12435,1,0.0,0,0.002
dpctgan,"LocalNeighbourhood(L_2, 0.250411558405805, accuracy)",12435,0,0.0,0,0.002
dpctgan,"LocalNeighbourhood(L_2, 0.250411558405805, accuracy)",12435,1,0.0,0,0.002
dpctgan,"LocalNeighbourhood(L_2, 0.250411558405805, accuracy)",12435,0,0.0,0,0.002
dpctgan,"LocalNeighbourhood(L_2, 0.250411558405805, accuracy)",12435,1,0.0,0,0.002
dpctgan,"LocalNeighbourhood(L_2, 0.250411558405805, accuracy)",12435,0,0.0,0,0.002
dpctgan,"LocalNeighbourhood(L_2, 0.250411558405805, accuracy)",12435,1,0.0,0,0.002
dpctgan,"LocalNeighbourhood(L_2, 0.250411558405805, accuracy)",12435,0,0.0,0,0.002
dpctgan,"LocalNeighbourhood(L_2, 0.250411558405805, accuracy)",12435,1,0.0,0,0.002
dpctgan,"LocalNeighbourhood(L_2, 0.250411558405805, accuracy)",12435,0,0.0,0,0.002
dpctgan,"LocalNeighbourhood(L_2, 0.250411558405805, accuracy)",12435,1,0.0,0,0.002
dpctgan,"LocalNeighbourhood(L_2, 0.250411558405805, accuracy)",12435,0,0.0,0,0.002
dpctgan,"LocalNeighbourhood(L_2, 0.250411558405805, accuracy)",12435,1,0.0,0,0.002
dpctgan,"LocalNeighbourhood(L_2, 0.250411558405805, accuracy)",12435,0,0.0,0,0.002
dpctgan,"LocalNeighbourhood(L_2, 0.250411558405805, accuracy)",12435,1,0.0,0,0.002
dpctgan,"LocalNeighbourhood(L_2, 0.250411558405805, accuracy)",12435,0,0.0,0,0.002
dpctgan,"LocalNeighbourhood(L_2, 0.250411558405805, accuracy)",12435,1,0.0,0,0.002
dpctgan,"LocalNeighbourhood(L_2, 0.250411558405805, accuracy)",12435,0,0.0,0,0.002
dpctgan,"LocalNeighbourhood(L_2, 0.250411558405805, accuracy)",12435,1,0.0,0,0.002
dpctgan,"LocalNeighbourhood(L_2, 0.250411558405805, accuracy)",12435,0,0.0,0,0.002
dpctgan,"LocalNeighbourhood(L_2, 0.250411558405805, accuracy)",12435,1,0.0,0,0.002
dpctgan,"LocalNeighbourhood(L_2, 0.250411558405805, accuracy)",12435,0,0.0,0,0.002
dpctgan,"LocalNeighbourhood(L_2, 0.250411558405805, accuracy)",12435,1,0.0,0,0.002
dpctgan,"LocalNeighbourhood(L_2, 0.250411558405805, accuracy)",12435,0,0.0,0,0.002
dpctgan,"LocalNeighbourhood(L_2, 0.250411558405805, accuracy)",12435,1,0.0,0,0.002
dpctgan,"LocalNeighbourhood(L_2, 0.250411558405805, accuracy)",12435,0,0.0,0,0.002
dpctgan,"LocalNeighbourhood(L_2, 0.250411558405805, accuracy)",12435,1,0.0,0,0.002
dpctgan,"LocalNeighbourhood(L_2, 0.250411558405805, accuracy)",12435,0,0.0,0,0.002
dpctgan,"LocalNeighbourhood(L_2, 0.250411558405805, accuracy)",12435,1,0.006,1,0.002
dpctgan,"LocalNeighbourhood(L_2, 0.250411558405805, accuracy)",12435,0,0.002,1,0.002
dpctgan,"LocalNeighbourhood(L_2, 0.250411558405805, accuracy)",12435,1,0.0,0,0.002
dpctgan,"LocalNeighbourhood(L_2, 0.250411558405805, accuracy)",12435,0,0.0,0,0.002
dpctgan,"LocalNeighbourhood(L_2, 0.250411558405805, accuracy)",12435,1,0.0,0,0.002
dpctgan,"LocalNeighbourhood(L_2, 0.250411558405805, accuracy)",12435,0,0.0,0,0.002
dpctgan,"LocalNeighbourhood(L_2, 0.250411558405805, accuracy)",12435,1,0.0,0,0.002
dpctgan,"LocalNeighbourhood(L_2, 0.250411558405805, accuracy)",12435,0,0.0,0,0.002
dpctgan,"LocalNeighbourhood(L_2, 0.250411558405805, accuracy)",12435,1,0.0,0,0.002
dpctgan,"LocalNeighbourhood(L_2, 0.250411558405805, accuracy)",12435,0,0.0,0,0.002
dpctgan,"LocalNeighbourhood(L_2, 0.250411558405805, accuracy)",12435,1,0.0,0,0.002
dpctgan,"LocalNeighbourhood(L_2, 0.250411558405805, accuracy)",12435,0,0.0,0,0.002
dpctgan,"LocalNeighbourhood(L_2, 0.250411558405805, accuracy)",12435,1,0.0,0,0.002
dpctgan,"LocalNeighbourhood(L_2, 0.250411558405805, accuracy)",12435,0,0.0,0,0.002
dpctgan,"LocalNeighbourhood(L_2, 0.250411558405805, accuracy)",12435,1,0.0,0,0.002
dpctgan,"LocalNeighbourhood(L_2, 0.250411558405805, accuracy)",12435,0,0.0,0,0.002
dpctgan,"LocalNeighbourhood(L_2, 0.250411558405805, accuracy)",12435,1,0.0,0,0.002
dpctgan,"LocalNeighbourhood(L_2, 0.250411558405805, accuracy)",12435,0,0.0,0,0.002
dpctgan,"LocalNeighbourhood(L_2, 0.250411558405805, accuracy)",12435,1,0.002,1,0.002
dpctgan,"LocalNeighbourhood(L_2, 0.250411558405805, accuracy)",12435,0,0.0,0,0.002
dpctgan,"LocalNeighbourhood(L_2, 0.250411558405805, accuracy)",12435,1,0.0,0,0.002
dpctgan,"LocalNeighbourhood(L_2, 0.250411558405805, accuracy)",12435,0,0.0,0,0.002
dpctgan,"LocalNeighbourhood(L_2, 0.250411558405805, accuracy)",12435,1,0.0,0,0.002
dpctgan,"LocalNeighbourhood(L_2, 0.250411558405805, accuracy)",12435,0,0.004,1,0.002
dpctgan,"LocalNeighbourhood(L_2, 0.250411558405805, accuracy)",12435,1,0.0,0,0.002
dpctgan,"LocalNeighbourhood(L_2, 0.250411558405805, accuracy)",12435,0,0.0,0,0.002
dpctgan,"LocalNeighbourhood(L_2, 0.250411558405805, accuracy)",12435,1,0.004,1,0.002
dpctgan,"LocalNeighbourhood(L_2, 0.250411558405805, accuracy)",12435,0,0.0,0,0.002
dpctgan,"LocalNeighbourhood(L_2, 0.250411558405805, accuracy)",12435,1,0.0,0,0.002
dpctgan,"LocalNeighbourhood(L_2, 0.250411558405805, accuracy)",12435,0,0.0,0,0.002
dpctgan,"LocalNeighbourhood(L_2, 0.250411558405805, accuracy)",12435,1,0.0,0,0.002
dpctgan,"LocalNeighbourhood(L_2, 0.250411558405805, accuracy)",12435,0,0.0,0,0.002
dpctgan,"LocalNeighbourhood(L_2, 0.250411558405805, accuracy)",12435,1,0.0,0,0.002
dpctgan,"LocalNeighbourhood(L_2, 0.250411558405805, accuracy)",12435,0,0.0,0,0.002
dpctgan,"LocalNeighbourhood(L_2, 0.250411558405805, accuracy)",12435,1,0.0,0,0.002
dpctgan,"LocalNeighbourhood(L_2, 0.250411558405805, accuracy)",12435,0,0.0,0,0.002
dpctgan,"LocalNeighbourhood(L_2, 0.250411558405805, accuracy)",12435,1,0.0,0,0.002
dpctgan,"LocalNeighbourhood(L_2, 0.250411558405805, accuracy)",12435,0,0.0,0,0.002
dpctgan,"LocalNeighbourhood(L_2, 0.250411558405805, accuracy)",12435,1,0.0,0,0.002
dpctgan,"LocalNeighbourhood(L_2, 0.250411558405805, accuracy)",12435,0,0.0,0,0.002
dpctgan,"LocalNeighbourhood(L_2, 0.250411558405805, accuracy)",12435,1,0.0,0,0.002
dpctgan,"LocalNeighbourhood(L_2, 0.250411558405805, accuracy)",12435,0,0.0,0,0.002
dpctgan,"LocalNeighbourhood(L_2, 0.250411558405805, accuracy)",12435,1,0.0,0,0.002
dpctgan,"LocalNeighbourhood(L_2, 0.250411558405805, accuracy)",12435,0,0.0,0,0.002
dpctgan,"LocalNeighbourhood(L_2, 0.250411558405805, accuracy)",12435,1,0.0,0,0.002
dpctgan,"LocalNeighbourhood(L_2, 0.250411558405805, accuracy)",12435,0,0.0,0,0.002
dpctgan,"LocalNeighbourhood(L_2, 0.250411558405805, accuracy)",12435,1,0.0,0,0.002
dpctgan,"LocalNeighbourhood(L_2, 0.250411558405805, accuracy)",12435,0,0.0,0,0.002
dpctgan,"LocalNeighbourhood(L_2, 0.250411558405805, accuracy)",12435,1,0.0,0,0.002
dpctgan,"LocalNeighbourhood(L_2, 0.250411558405805, accuracy)",12435,0,0.008,1,0.002
dpctgan,"LocalNeighbourhood(L_2, 0.250411558405805, accuracy)",12435,1,0.0,0,0.002
dpctgan,"LocalNeighbourhood(L_2, 0.250411558405805, accuracy)",12435,0,0.006,1,0.002
dpctgan,"LocalNeighbourhood(L_2, 0.250411558405805, accuracy)",12435,1,0.0,0,0.002
dpctgan,"LocalNeighbourhood(L_2, 0.250411558405805, accuracy)",12435,0,0.0,0,0.002
dpctgan,"LocalNeighbourhood(L_2, 0.250411558405805, accuracy)",12435,1,0.0,0,0.002
dpctgan,"LocalNeighbourhood(L_2, 0.250411558405805, accuracy)",12435,0,0.0,0,0.002
dpctgan,"LocalNeighbourhood(L_2, 0.250411558405805, accuracy)",12435,1,0.0,0,0.002
dpctgan,"LocalNeighbourhood(L_2, 0.250411558405805, accuracy)",12435,0,0.002,1,0.002
dpctgan,"LocalNeighbourhood(L_2, 0.250411558405805, accuracy)",12435,1,0.0,0,0.002
dpctgan,"LocalNeighbourhood(L_2, 0.250411558405805, accuracy)",12435,0,0.0,0,0.002
dpctgan,"LocalNeighbourhood(L_2, 0.250411558405805, accuracy)",12435,1,0.0,0,0.002
dpctgan,"LocalNeighbourhood(L_2, 0.250411558405805, accuracy)",12435,0,0.0,0,0.002
dpctgan,"LocalNeighbourhood(L_2, 0.250411558405805, accuracy)",12435,1,0.03,1,0.002
dpctgan,"LocalNeighbourhood(L_2, 0.250411558405805, accuracy)",12435,0,0.0,0,0.002
dpctgan,"LocalNeighbourhood(L_2, 0.250411558405805, accuracy)",12435,1,0.0,0,0.002
dpctgan,"LocalNeighbourhood(L_2, 0.250411558405805, accuracy)",12435,0,0.0,0,0.002
dpctgan,"LocalNeighbourhood(L_2, 0.250411558405805, accuracy)",12435,1,0.0,0,0.002
dpctgan,"LocalNeighbourhood(L_2, 0.250411558405805, accuracy)",12435,0,0.0,0,0.002
dpctgan,"LocalNeighbourhood(L_2, 0.250411558405805, accuracy)",12435,1,0.0,0,0.002
dpctgan,"LocalNeighbourhood(L_2, 0.250411558405805, accuracy)",12435,0,0.0,0,0.002
dpctgan,"LocalNeighbourhood(L_2, 0.250411558405805, accuracy)",12435,1,0.0,0,0.002
dpctgan,"LocalNeighbourhood(L_2, 0.250411558405805, accuracy)",12435,0,0.0,0,0.002
dpctgan,"LocalNeighbourhood(L_2, 0.250411558405805, accuracy)",12435,1,0.0,0,0.002
dpctgan,"LocalNeighbourhood(L_2, 0.250411558405805, accuracy)",12435,0,0.0,0,0.002
dpctgan,"LocalNeighbourhood(L_2, 0.250411558405805, accuracy)",12435,1,0.0,0,0.002
dpctgan,"LocalNeighbourhood(L_2, 0.250411558405805, accuracy)",12435,0,0.0,0,0.002
dpctgan,"LocalNeighbourhood(L_2, 0.250411558405805, accuracy)",12435,1,0.0,0,0.002
dpctgan,"LocalNeighbourhood(L_2, 0.250411558405805, accuracy)",12435,0,0.0,0,0.002
dpctgan,"LocalNeighbourhood(L_2, 0.250411558405805, accuracy)",12435,1,0.0,0,0.002
dpctgan,"LocalNeighbourhood(L_2, 0.250411558405805, accuracy)",12435,0,0.0,0,0.002
dpctgan,"LocalNeighbourhood(L_2, 0.250411558405805, accuracy)",12435,1,0.0,0,0.002
dpctgan,"LocalNeighbourhood(L_2, 0.250411558405805, accuracy)",12435,0,0.0,0,0.002
dpctgan,"LocalNeighbourhood(L_2, 0.250411558405805, accuracy)",12435,1,0.002,1,0.002
dpctgan,"LocalNeighbourhood(L_2, 0.250411558405805, accuracy)",12435,0,0.0,0,0.002
dpctgan,"LocalNeighbourhood(L_2, 0.250411558405805, accuracy)",12435,1,0.0,0,0.002
dpctgan,"LocalNeighbourhood(L_2, 0.250411558405805, accuracy)",12435,0,0.0,0,0.002
dpctgan,"LocalNeighbourhood(L_2, 0.250411558405805, accuracy)",12435,1,0.002,1,0.002
dpctgan,"LocalNeighbourhood(L_2, 0.250411558405805, accuracy)",12435,0,0.0,0,0.002
dpctgan,"LocalNeighbourhood(L_2, 0.250411558405805, accuracy)",12435,1,0.0,0,0.002
dpctgan,"LocalNeighbourhood(L_2, 0.250411558405805, accuracy)",12435,0,0.002,1,0.002
dpctgan,"LocalNeighbourhood(L_2, 0.250411558405805, accuracy)",12435,1,0.0,0,0.002
dpctgan,"LocalNeighbourhood(L_2, 0.250411558405805, accuracy)",12435,0,0.0,0,0.002
dpctgan,"LocalNeighbourhood(L_2, 0.250411558405805, accuracy)",12435,1,0.0,0,0.002
dpctgan,"LocalNeighbourhood(L_2, 0.250411558405805, accuracy)",12435,0,0.0,0,0.002
dpctgan,"LocalNeighbourhood(L_2, 0.250411558405805, accuracy)",12435,1,0.0,0,0.002
dpctgan,"LocalNeighbourhood(L_2, 0.250411558405805, accuracy)",12435,0,0.0,0,0.002
dpctgan,"LocalNeighbourhood(L_2, 0.250411558405805, accuracy)",12435,1,0.0,0,0.002
dpctgan,"LocalNeighbourhood(L_2, 0.250411558405805, accuracy)",12435,0,0.0,0,0.002
dpctgan,"LocalNeighbourhood(L_2, 0.250411558405805, accuracy)",12435,1,0.0,0,0.002
dpctgan,"LocalNeighbourhood(L_2, 0.250411558405805, accuracy)",12435,0,0.0,0,0.002
dpctgan,"LocalNeighbourhood(L_2, 0.250411558405805, accuracy)",12435,1,0.0,0,0.002
dpctgan,"LocalNeighbourhood(L_2, 0.250411558405805, accuracy)",12435,0,0.0,0,0.002
dpctgan,"LocalNeighbourhood(L_2, 0.250411558405805, accuracy)",12435,1,0.002,1,0.002
dpctgan,"LocalNeighbourhood(L_2, 0.250411558405805, accuracy)",12435,0,0.0,0,0.002
dpctgan,"LocalNeighbourhood(L_2, 0.250411558405805, accuracy)",12435,1,0.0,0,0.002
dpctgan,"LocalNeighbourhood(L_2, 0.250411558405805, accuracy)",12435,0,0.0,0,0.002
dpctgan,"LocalNeighbourhood(L_2, 0.250411558405805, accuracy)",12435,1,0.0,0,0.002
dpctgan,"LocalNeighbourhood(L_2, 0.250411558405805, accuracy)",12435,0,0.0,0,0.002
dpctgan,"LocalNeighbourhood(L_2, 0.250411558405805, accuracy)",12435,1,0.0,0,0.002
dpctgan,"LocalNeighbourhood(L_2, 0.250411558405805, accuracy)",12435,0,0.0,0,0.002
dpctgan,"LocalNeighbourhood(L_2, 0.250411558405805, accuracy)",12435,1,0.0,0,0.002
dpctgan,"LocalNeighbourhood(L_2, 0.250411558405805, accuracy)",12435,0,0.0,0,0.002
dpctgan,"LocalNeighbourhood(L_2, 0.250411558405805, accuracy)",12435,1,0.0,0,0.002
dpctgan,"LocalNeighbourhood(L_2, 0.250411558405805, accuracy)",12435,0,0.0,0,0.002
dpctgan,"LocalNeighbourhood(L_2, 0.250411558405805, accuracy)",12435,1,0.0,0,0.002
dpctgan,"LocalNeighbourhood(L_2, 0.250411558405805, accuracy)",12435,0,0.0,0,0.002
dpctgan,"LocalNeighbourhood(L_2, 0.250411558405805, accuracy)",12435,1,0.0,0,0.002
dpctgan,"LocalNeighbourhood(L_2, 0.250411558405805, accuracy)",12435,0,0.0,0,0.002
dpctgan,"LocalNeighbourhood(L_2, 0.250411558405805, accuracy)",12435,1,0.0,0,0.002
dpctgan,"LocalNeighbourhood(L_2, 0.250411558405805, accuracy)",12435,0,0.0,0,0.002
dpctgan,"LocalNeighbourhood(L_2, 0.250411558405805, accuracy)",12435,1,0.0,0,0.002
dpctgan,"LocalNeighbourhood(L_2, 0.250411558405805, accuracy)",12435,0,0.0,0,0.002
dpctgan,"LocalNeighbourhood(L_2, 0.250411558405805, accuracy)",12435,1,0.0,0,0.002
dpctgan,"LocalNeighbourhood(L_2, 0.250411558405805, accuracy)",12435,0,0.0,0,0.002
dpctgan,"LocalNeighbourhood(L_2, 0.250411558405805, accuracy)",12435,1,0.0,0,0.002
dpctgan,"LocalNeighbourhood(L_2, 0.250411558405805, accuracy)",12435,0,0.0,0,0.002
dpctgan,"LocalNeighbourhood(L_2, 0.250411558405805, accuracy)",12435,1,0.006,1,0.002
dpctgan,"LocalNeighbourhood(L_2, 0.250411558405805, accuracy)",12435,0,0.0,0,0.002
dpctgan,"LocalNeighbourhood(L_2, 0.250411558405805, accuracy)",12435,1,0.0,0,0.002
dpctgan,"LocalNeighbourhood(L_2, 0.250411558405805, accuracy)",12435,0,0.006,1,0.002
dpctgan,"LocalNeighbourhood(L_2, 0.250411558405805, accuracy)",12435,1,0.0,0,0.002
dpctgan,"LocalNeighbourhood(L_2, 0.250411558405805, accuracy)",12435,0,0.0,0,0.002
dpctgan,"LocalNeighbourhood(L_2, 0.250411558405805, accuracy)",12435,1,0.0,0,0.002
dpctgan,"LocalNeighbourhood(L_2, 0.250411558405805, accuracy)",12435,0,0.0,0,0.002
dpctgan,"LocalNeighbourhood(L_2, 0.250411558405805, accuracy)",12435,1,0.0,0,0.002
dpctgan,"LocalNeighbourhood(L_2, 0.250411558405805, accuracy)",12435,0,0.0,0,0.002
dpctgan,"LocalNeighbourhood(L_2, 0.250411558405805, accuracy)",12435,1,0.0,0,0.002
dpctgan,"LocalNeighbourhood(L_2, 0.250411558405805, accuracy)",12435,0,0.0,0,0.002
dpctgan,"LocalNeighbourhood(L_2, 0.250411558405805, accuracy)",12435,1,0.0,0,0.002
dpctgan,"LocalNeighbourhood(L_2, 0.250411558405805, accuracy)",12435,0,0.0,0,0.002
dpctgan,"LocalNeighbourhood(L_2, 0.250411558405805, accuracy)",12435,1,0.0,0,0.002
dpctgan,"LocalNeighbourhood(L_2, 0.250411558405805, accuracy)",12435,0,0.0,0,0.002
dpctgan,"LocalNeighbourhood(L_2, 0.250411558405805, accuracy)",12435,1,0.0,0,0.002
dpctgan,"LocalNeighbourhood(L_2, 0.250411558405805, accuracy)",12435,0,0.0,0,0.002
dpctgan,"LocalNeighbourhood(L_2, 0.250411558405805, accuracy)",12435,1,0.0,0,0.002
dpctgan,"LocalNeighbourhood(L_2, 0.250411558405805, accuracy)",12435,0,0.0,0,0.002
dpctgan,"LocalNeighbourhood(L_2, 0.250411558405805, accuracy)",12435,1,0.0,0,0.002
dpctgan,"LocalNeighbourhood(L_2, 0.250411558405805, accuracy)",12435,0,0.0,0,0.002
dpctgan,"LocalNeighbourhood(L_2, 0.250411558405805, accuracy)",12435,1,0.0,0,0.002
dpctgan,"LocalNeighbourhood(L_2, 0.250411558405805, accuracy)",12435,0,0.0,0,0.002
dpctgan,"LocalNeighbourhood(L_2, 0.250411558405805, accuracy)",12435,1,0.024,1,0.002
dpctgan,"LocalNeighbourhood(L_2, 0.250411558405805, accuracy)",12435,0,0.0,0,0.002
dpctgan,"LocalNeighbourhood(L_2, 0.250411558405805, accuracy)",12435,1,0.0,0,0.002
dpctgan,"LocalNeighbourhood(L_2, 0.250411558405805, accuracy)",12435,0,0.0,0,0.002
dpctgan,"LocalNeighbourhood(L_2, 0.250411558405805, accuracy)",12435,1,0.006,1,0.002
dpctgan,"LocalNeighbourhood(L_2, 0.250411558405805, accuracy)",12435,0,0.0,0,0.002
dpctgan,"LocalNeighbourhood(L_2, 0.250411558405805, accuracy)",12435,1,0.0,0,0.002
dpctgan,"LocalNeighbourhood(L_2, 0.250411558405805, accuracy)",12435,0,0.0,0,0.002
dpctgan,"LocalNeighbourhood(L_2, 0.250411558405805, accuracy)",12435,1,0.0,0,0.002
dpctgan,"LocalNeighbourhood(L_2, 0.250411558405805, accuracy)",12435,0,0.0,0,0.002
dpctgan,"LocalNeighbourhood(L_2, 0.250411558405805, accuracy)",12435,1,0.0,0,0.002
dpctgan,"LocalNeighbourhood(L_2, 0.250411558405805, accuracy)",12435,0,0.0,0,0.002
dpctgan,"LocalNeighbourhood(L_2, 0.250411558405805, accuracy)",12435,1,0.0,0,0.002
dpctgan,"LocalNeighbourhood(L_2, 0.250411558405805, accuracy)",12435,0,0.0,0,0.002
dpctgan,"LocalNeighbourhood(L_2, 0.250411558405805, accuracy)",12435,1,0.0,0,0.002
dpctgan,"LocalNeighbourhood(L_2, 0.250411558405805, accuracy)",12435,0,0.006,1,0.002
dpctgan,"LocalNeighbourhood(L_2, 0.250411558405805, accuracy)",12435,1,0.0,0,0.002
dpctgan,"LocalNeighbourhood(L_2, 0.250411558405805, accuracy)",12435,0,0.0,0,0.002
dpctgan,"LocalNeighbourhood(L_2, 0.250411558405805, accuracy)",12435,1,0.0,0,0.002
dpctgan,"LocalNeighbourhood(L_2, 0.250411558405805, accuracy)",12435,0,0.0,0,0.002
dpctgan,"LocalNeighbourhood(L_2, 0.250411558405805, accuracy)",12435,1,0.002,1,0.002
dpctgan,"LocalNeighbourhood(L_2, 0.250411558405805, accuracy)",12435,0,0.0,0,0.002
dpctgan,"LocalNeighbourhood(L_2, 0.250411558405805, accuracy)",12435,1,0.0,0,0.002
dpctgan,"LocalNeighbourhood(L_2, 0.250411558405805, accuracy)",12435,0,0.0,0,0.002
dpctgan,"LocalNeighbourhood(L_2, 0.250411558405805, accuracy)",12435,1,0.0,0,0.002
dpctgan,"LocalNeighbourhood(L_2, 0.250411558405805, accuracy)",12435,0,0.0,0,0.002
dpctgan,"LocalNeighbourhood(L_2, 0.250411558405805, accuracy)",12435,1,0.0,0,0.002
dpctgan,"LocalNeighbourhood(L_2, 0.250411558405805, accuracy)",12435,0,0.0,0,0.002
dpctgan,"LocalNeighbourhood(L_2, 0.250411558405805, accuracy)",12435,1,0.0,0,0.002
dpctgan,"LocalNeighbourhood(L_2, 0.250411558405805, accuracy)",12435,0,0.0,0,0.002
dpctgan,"LocalNeighbourhood(L_2, 0.250411558405805, accuracy)",12435,1,0.0,0,0.002
dpctgan,"LocalNeighbourhood(L_2, 0.250411558405805, accuracy)",12435,0,0.0,0,0.002
dpctgan,"LocalNeighbourhood(L_2, 0.250411558405805, accuracy)",12435,1,0.0,0,0.002
dpctgan,"LocalNeighbourhood(L_2, 0.250411558405805, accuracy)",12435,0,0.0,0,0.002
dpctgan,"LocalNeighbourhood(L_2, 0.250411558405805, accuracy)",12435,1,0.0,0,0.002
dpctgan,"LocalNeighbourhood(L_2, 0.250411558405805, accuracy)",12435,0,0.0,0,0.002
dpctgan,"LocalNeighbourhood(L_2, 0.250411558405805, accuracy)",12435,1,0.0,0,0.002
dpctgan,"LocalNeighbourhood(L_2, 0.250411558405805, accuracy)",12435,0,0.0,0,0.002
dpctgan,"LocalNeighbourhood(L_2, 0.250411558405805, accuracy)",12435,1,0.0,0,0.002
dpctgan,"LocalNeighbourhood(L_2, 0.250411558405805, accuracy)",12435,0,0.0,0,0.002
dpctgan,"LocalNeighbourhood(L_2, 0.250411558405805, accuracy)",12435,1,0.0,0,0.002
dpctgan,"LocalNeighbourhood(L_2, 0.250411558405805, accuracy)",12435,0,0.0,0,0.002
dpctgan,"LocalNeighbourhood(L_2, 0.250411558405805, accuracy)",12435,1,0.0,0,0.002
dpctgan,"LocalNeighbourhood(L_2, 0.250411558405805, accuracy)",12435,0,0.0,0,0.002
dpctgan,"LocalNeighbourhood(L_2, 0.250411558405805, accuracy)",12435,1,0.0,0,0.002
dpctgan,"LocalNeighbourhood(L_2, 0.250411558405805, accuracy)",12435,0,0.0,0,0.002
dpctgan,"LocalNeighbourhood(L_2, 0.250411558405805, accuracy)",12435,1,0.004,1,0.002
dpctgan,"LocalNeighbourhood(L_2, 0.250411558405805, accuracy)",12435,0,0.0,0,0.002
dpctgan,"LocalNeighbourhood(L_2, 0.250411558405805, accuracy)",12435,1,0.0,0,0.002
dpctgan,"LocalNeighbourhood(L_2, 0.250411558405805, accuracy)",12435,0,0.0,0,0.002
dpctgan,"LocalNeighbourhood(L_2, 0.250411558405805, accuracy)",12435,1,0.002,1,0.002
dpctgan,"LocalNeighbourhood(L_2, 0.250411558405805, accuracy)",12435,0,0.0,0,0.002
dpctgan,"LocalNeighbourhood(L_2, 0.250411558405805, accuracy)",12435,1,0.0,0,0.002
dpctgan,"LocalNeighbourhood(L_2, 0.250411558405805, accuracy)",12435,0,0.0,0,0.002
dpctgan,"LocalNeighbourhood(L_2, 0.250411558405805, accuracy)",12435,1,0.0,0,0.002
dpctgan,"LocalNeighbourhood(L_2, 0.250411558405805, accuracy)",12435,0,0.0,0,0.002
dpctgan,"LocalNeighbourhood(L_2, 0.250411558405805, accuracy)",12435,1,0.0,0,0.002
dpctgan,"LocalNeighbourhood(L_2, 0.250411558405805, accuracy)",12435,0,0.0,0,0.002
dpctgan,"LocalNeighbourhood(L_2, 0.250411558405805, accuracy)",12435,1,0.0,0,0.002
dpctgan,"LocalNeighbourhood(L_2, 0.250411558405805, accuracy)",12435,0,0.0,0,0.002
dpctgan,"LocalNeighbourhood(L_2, 0.250411558405805, accuracy)",12435,1,0.002,1,0.002
dpctgan,"LocalNeighbourhood(L_2, 0.250411558405805, accuracy)",12435,0,0.0,0,0.002
dpctgan,"LocalNeighbourhood(L_2, 0.250411558405805, accuracy)",12435,1,0.0,0,0.002
dpctgan,"LocalNeighbourhood(L_2, 0.250411558405805, accuracy)",12435,0,0.0,0,0.002
dpctgan,"LocalNeighbourhood(L_2, 0.250411558405805, accuracy)",12435,1,0.004,1,0.002
dpctgan,"LocalNeighbourhood(L_2, 0.250411558405805, accuracy)",12435,0,0.0,0,0.002
dpctgan,"LocalNeighbourhood(L_2, 0.250411558405805, accuracy)",12435,1,0.0,0,0.002
dpctgan,"LocalNeighbourhood(L_2, 0.250411558405805, accuracy)",12435,0,0.0,0,0.002
dpctgan,"LocalNeighbourhood(L_2, 0.250411558405805, accuracy)",12435,1,0.0,0,0.002
dpctgan,"LocalNeighbourhood(L_2, 0.250411558405805, accuracy)",12435,0,0.0,0,0.002
dpctgan,"LocalNeighbourhood(L_2, 0.250411558405805, accuracy)",12435,1,0.0,0,0.002
dpctgan,"LocalNeighbourhood(L_2, 0.250411558405805, accuracy)",12435,0,0.0,0,0.002
dpctgan,"LocalNeighbourhood(L_2, 0.250411558405805, accuracy)",12435,1,0.0,0,0.002
dpctgan,"LocalNeighbourhood(L_2, 0.250411558405805, accuracy)",12435,0,0.0,0,0.002
dpctgan,"LocalNeighbourhood(L_2, 0.250411558405805, accuracy)",12435,1,0.0,0,0.002
dpctgan,"LocalNeighbourhood(L_2, 0.250411558405805, accuracy)",12435,0,0.0,0,0.002
dpctgan,"LocalNeighbourhood(L_2, 0.250411558405805, accuracy)",12435,1,0.0,0,0.002
dpctgan,"LocalNeighbourhood(L_2, 0.250411558405805, accuracy)",12435,0,0.0,0,0.002
dpctgan,"LocalNeighbourhood(L_2, 0.250411558405805, accuracy)",12435,1,0.0,0,0.002
dpctgan,"LocalNeighbourhood(L_2, 0.250411558405805, accuracy)",12435,0,0.012,1,0.002
dpctgan,"LocalNeighbourhood(L_2, 0.250411558405805, accuracy)",12435,1,0.0,0,0.002
dpctgan,"LocalNeighbourhood(L_2, 0.250411558405805, accuracy)",12435,0,0.0,0,0.002
dpctgan,"LocalNeighbourhood(L_2, 0.250411558405805, accuracy)",12435,1,0.0,0,0.002
dpctgan,"LocalNeighbourhood(L_2, 0.250411558405805, accuracy)",12435,0,0.0,0,0.002
dpctgan,"LocalNeighbourhood(L_2, 0.250411558405805, accuracy)",12435,1,0.0,0,0.002
dpctgan,"LocalNeighbourhood(L_2, 0.250411558405805, accuracy)",12435,0,0.0,0,0.002
dpctgan,"LocalNeighbourhood(L_2, 0.250411558405805, accuracy)",12435,1,0.0,0,0.002
dpctgan,"LocalNeighbourhood(L_2, 0.250411558405805, accuracy)",12435,0,0.0,0,0.002
dpctgan,"LocalNeighbourhood(L_2, 0.250411558405805, accuracy)",12435,1,0.0,0,0.002
dpctgan,"LocalNeighbourhood(L_2, 0.250411558405805, accuracy)",12435,0,0.0,0,0.002
dpctgan,"LocalNeighbourhood(L_2, 0.250411558405805, accuracy)",12435,1,0.0,0,0.002
dpctgan,"LocalNeighbourhood(L_2, 0.250411558405805, accuracy)",12435,0,0.0,0,0.002
dpctgan,"LocalNeighbourhood(L_2, 0.250411558405805, accuracy)",12435,1,0.0,0,0.002
dpctgan,"LocalNeighbourhood(L_2, 0.250411558405805, accuracy)",12435,0,0.0,0,0.002
dpctgan,"LocalNeighbourhood(L_2, 0.250411558405805, accuracy)",12435,1,0.0,0,0.002
dpctgan,"LocalNeighbourhood(L_2, 0.250411558405805, accuracy)",12435,0,0.0,0,0.002
dpctgan,"LocalNeighbourhood(L_2, 0.250411558405805, accuracy)",12435,1,0.0,0,0.002
dpctgan,"LocalNeighbourhood(L_2, 0.250411558405805, accuracy)",12435,0,0.0,0,0.002
dpctgan,"LocalNeighbourhood(L_2, 0.250411558405805, accuracy)",12435,1,0.0,0,0.002
dpctgan,"LocalNeighbourhood(L_2, 0.250411558405805, accuracy)",12435,0,0.0,0,0.002
dpctgan,"LocalNeighbourhood(L_2, 0.250411558405805, accuracy)",12435,1,0.0,0,0.002
dpctgan,"LocalNeighbourhood(L_2, 0.250411558405805, accuracy)",12435,0,0.0,0,0.002
dpctgan,"LocalNeighbourhood(L_2, 0.250411558405805, accuracy)",12435,1,0.0,0,0.002
dpctgan,"LocalNeighbourhood(L_2, 0.250411558405805, accuracy)",12435,0,0.0,0,0.002
dpctgan,"LocalNeighbourhood(L_2, 0.250411558405805, accuracy)",12435,1,0.0,0,0.002
dpctgan,"LocalNeighbourhood(L_2, 0.250411558405805, accuracy)",12435,0,0.0,0,0.002
dpctgan,"LocalNeighbourhood(L_2, 0.250411558405805, accuracy)",12435,1,0.0,0,0.002
dpctgan,"LocalNeighbourhood(L_2, 0.250411558405805, accuracy)",12435,0,0.002,1,0.002
dpctgan,"LocalNeighbourhood(L_2, 0.250411558405805, accuracy)",12435,1,0.0,0,0.002
dpctgan,"LocalNeighbourhood(L_2, 0.250411558405805, accuracy)",12435,0,0.0,0,0.002
dpctgan,"LocalNeighbourhood(L_2, 0.250411558405805, accuracy)",12435,1,0.0,0,0.002
dpctgan,"LocalNeighbourhood(L_2, 0.250411558405805, accuracy)",12435,0,0.0,0,0.002
dpctgan,"LocalNeighbourhood(L_2, 0.250411558405805, accuracy)",12435,1,0.0,0,0.002
dpctgan,"LocalNeighbourhood(L_2, 0.250411558405805, accuracy)",12435,0,0.004,1,0.002
dpctgan,"LocalNeighbourhood(L_2, 0.250411558405805, accuracy)",12435,1,0.0,0,0.002
dpctgan,"LocalNeighbourhood(L_2, 0.250411558405805, accuracy)",12435,0,0.0,0,0.002
dpctgan,"LocalNeighbourhood(L_2, 0.250411558405805, accuracy)",12435,1,0.0,0,0.002
dpctgan,"LocalNeighbourhood(L_2, 0.250411558405805, accuracy)",12435,0,0.0,0,0.002
dpctgan,"LocalNeighbourhood(L_2, 0.250411558405805, accuracy)",12435,1,0.0,0,0.002
dpctgan,"LocalNeighbourhood(L_2, 0.250411558405805, accuracy)",12435,0,0.0,0,0.002
dpctgan,"LocalNeighbourhood(L_2, 0.250411558405805, accuracy)",12435,1,0.0,0,0.002
dpctgan,"LocalNeighbourhood(L_2, 0.250411558405805, accuracy)",12435,0,0.0,0,0.002
dpctgan,"LocalNeighbourhood(L_2, 0.250411558405805, accuracy)",12435,1,0.0,0,0.002
dpctgan,"LocalNeighbourhood(L_2, 0.250411558405805, accuracy)",12435,0,0.0,0,0.002
dpctgan,"LocalNeighbourhood(L_2, 0.250411558405805, accuracy)",12435,1,0.0,0,0.002
dpctgan,"LocalNeighbourhood(L_2, 0.250411558405805, accuracy)",12435,0,0.0,0,0.002
dpctgan,"LocalNeighbourhood(L_2, 0.250411558405805, accuracy)",12435,1,0.0,0,0.002
dpctgan,"LocalNeighbourhood(L_2, 0.250411558405805, accuracy)",12435,0,0.002,1,0.002
dpctgan,"LocalNeighbourhood(L_2, 0.250411558405805, accuracy)",12435,1,0.004,1,0.002
dpctgan,"LocalNeighbourhood(L_2, 0.250411558405805, accuracy)",12435,0,0.0,0,0.002
dpctgan,"LocalNeighbourhood(L_2, 0.250411558405805, accuracy)",12435,1,0.0,0,0.002
dpctgan,"LocalNeighbourhood(L_2, 0.250411558405805, accuracy)",12435,0,0.0,0,0.002
dpctgan,"LocalNeighbourhood(L_2, 0.250411558405805, accuracy)",12435,1,0.0,0,0.002
dpctgan,"LocalNeighbourhood(L_2, 0.250411558405805, accuracy)",12435,0,0.0,0,0.002
dpctgan,"LocalNeighbourhood(L_2, 0.250411558405805, accuracy)",12435,1,0.0,0,0.002
dpctgan,"LocalNeighbourhood(L_2, 0.250411558405805, accuracy)",12435,0,0.0,0,0.002
dpctgan,"LocalNeighbourhood(L_2, 0.250411558405805, accuracy)",12435,1,0.0,0,0.002
dpctgan,"LocalNeighbourhood(L_2, 0.250411558405805, accuracy)",12435,0,0.0,0,0.002
dpctgan,"LocalNeighbourhood(L_2, 0.250411558405805, accuracy)",12435,1,0.0,0,0.002
dpctgan,"LocalNeighbourhood(L_2, 0.250411558405805, accuracy)",12435,0,0.0,0,0.002
dpctgan,"LocalNeighbourhood(L_2, 0.250411558405805, accuracy)",12435,1,0.0,0,0.002
dpctgan,"LocalNeighbourhood(L_2, 0.250411558405805, accuracy)",12435,0,0.0,0,0.002
dpctgan,"LocalNeighbourhood(L_2, 0.250411558405805, accuracy)",12435,1,0.0,0,0.002
dpctgan,"LocalNeighbourhood(L_2, 0.250411558405805, accuracy)",12435,0,0.0,0,0.002
dpctgan,"LocalNeighbourhood(L_2, 0.250411558405805, accuracy)",12435,1,0.0,0,0.002
dpctgan,"LocalNeighbourhood(L_2, 0.250411558405805, accuracy)",12435,0,0.0,0,0.002
dpctgan,"LocalNeighbourhood(L_2, 0.250411558405805, accuracy)",12435,1,0.0,0,0.002
dpctgan,"LocalNeighbourhood(L_2, 0.250411558405805, accuracy)",12435,0,0.0,0,0.002
dpctgan,"LocalNeighbourhood(L_2, 0.250411558405805, accuracy)",12435,1,0.0,0,0.002
dpctgan,"LocalNeighbourhood(L_2, 0.250411558405805, accuracy)",12435,0,0.0,0,0.002
dpctgan,"LocalNeighbourhood(L_2, 0.250411558405805, accuracy)",12435,1,0.0,0,0.002
dpctgan,"LocalNeighbourhood(L_2, 0.250411558405805, accuracy)",12435,0,0.0,0,0.002
dpctgan,"LocalNeighbourhood(L_2, 0.250411558405805, accuracy)",12435,1,0.0,0,0.002
dpctgan,"LocalNeighbourhood(L_2, 0.250411558405805, accuracy)",12435,0,0.0,0,0.002
dpctgan,"LocalNeighbourhood(L_2, 0.250411558405805, accuracy)",12435,1,0.0,0,0.002
dpctgan,"LocalNeighbourhood(L_2, 0.250411558405805, accuracy)",12435,0,0.0,0,0.002
dpctgan,"LocalNeighbourhood(L_2, 0.250411558405805, accuracy)",12435,1,0.0,0,0.002
dpctgan,"LocalNeighbourhood(L_2, 0.250411558405805, accuracy)",12435,0,0.0,0,0.002
dpctgan,"LocalNeighbourhood(L_2, 0.250411558405805, accuracy)",12435,1,0.006,1,0.002
dpctgan,"LocalNeighbourhood(L_2, 0.250411558405805, accuracy)",12435,0,0.0,0,0.002
dpctgan,"LocalNeighbourhood(L_2, 0.250411558405805, accuracy)",12435,1,0.0,0,0.002
dpctgan,"LocalNeighbourhood(L_2, 0.250411558405805, accuracy)",12435,0,0.0,0,0.002
dpctgan,"LocalNeighbourhood(L_2, 0.250411558405805, accuracy)",12435,1,0.0,0,0.002
dpctgan,"LocalNeighbourhood(L_2, 0.250411558405805, accuracy)",12435,0,0.0,0,0.002
dpctgan,"LocalNeighbourhood(L_2, 0.250411558405805, accuracy)",12435,1,0.0,0,0.002
dpctgan,"LocalNeighbourhood(L_2, 0.250411558405805, accuracy)",12435,0,0.0,0,0.002
dpctgan,"LocalNeighbourhood(L_2, 0.250411558405805, accuracy)",12435,1,0.0,0,0.002
dpctgan,"LocalNeighbourhood(L_2, 0.250411558405805, accuracy)",12435,0,0.0,0,0.002
dpctgan,"LocalNeighbourhood(L_2, 0.250411558405805, accuracy)",12435,1,0.0,0,0.002
dpctgan,"LocalNeighbourhood(L_2, 0.250411558405805, accuracy)",12435,0,0.0,0,0.002
dpctgan,"LocalNeighbourhood(L_2, 0.250411558405805, accuracy)",12435,1,0.0,0,0.002
dpctgan,"LocalNeighbourhood(L_2, 0.250411558405805, accuracy)",12435,0,0.0,0,0.002
dpctgan,"LocalNeighbourhood(L_2, 0.250411558405805, accuracy)",12435,1,0.0,0,0.002
dpctgan,"LocalNeighbourhood(L_2, 0.250411558405805, accuracy)",12435,0,0.0,0,0.002
dpctgan,"LocalNeighbourhood(L_2, 0.250411558405805, accuracy)",12435,1,0.0,0,0.002
dpctgan,"LocalNeighbourhood(L_2, 0.250411558405805, accuracy)",12435,0,0.0,0,0.002
dpctgan,"LocalNeighbourhood(L_2, 0.250411558405805, accuracy)",12435,1,0.0,0,0.002
dpctgan,"LocalNeighbourhood(L_2, 0.250411558405805, accuracy)",12435,0,0.0,0,0.002
dpctgan,"LocalNeighbourhood(L_2, 0.250411558405805, accuracy)",12435,1,0.0,0,0.002
dpctgan,"LocalNeighbourhood(L_2, 0.250411558405805, accuracy)",12435,0,0.024,1,0.002
dpctgan,"LocalNeighbourhood(L_2, 0.250411558405805, accuracy)",12435,1,0.0,0,0.002
dpctgan,"LocalNeighbourhood(L_2, 0.250411558405805, accuracy)",12435,0,0.006,1,0.002
dpctgan,"LocalNeighbourhood(L_2, 0.250411558405805, accuracy)",12435,1,0.0,0,0.002
dpctgan,"LocalNeighbourhood(L_2, 0.250411558405805, accuracy)",12435,0,0.0,0,0.002
dpctgan,"LocalNeighbourhood(L_2, 0.250411558405805, accuracy)",12435,1,0.0,0,0.002
dpctgan,"LocalNeighbourhood(L_2, 0.250411558405805, accuracy)",12435,0,0.0,0,0.002
dpctgan,"LocalNeighbourhood(L_2, 0.250411558405805, accuracy)",12435,1,0.0,0,0.002
dpctgan,"LocalNeighbourhood(L_2, 0.250411558405805, accuracy)",12435,0,0.0,0,0.002
dpctgan,"LocalNeighbourhood(L_2, 0.250411558405805, accuracy)",12435,1,0.0,0,0.002
dpctgan,"LocalNeighbourhood(L_2, 0.250411558405805, accuracy)",12435,0,0.0,0,0.002
dpctgan,"LocalNeighbourhood(L_2, 0.250411558405805, accuracy)",12435,1,0.0,0,0.002
dpctgan,"LocalNeighbourhood(L_2, 0.250411558405805, accuracy)",12435,0,0.002,1,0.002
dpctgan,"LocalNeighbourhood(L_2, 0.250411558405805, accuracy)",12435,1,0.004,1,0.002
dpctgan,"LocalNeighbourhood(L_2, 0.250411558405805, accuracy)",12435,0,0.0,0,0.002
dpctgan,"LocalNeighbourhood(L_2, 0.250411558405805, accuracy)",12435,1,0.0,0,0.002
dpctgan,"LocalNeighbourhood(L_2, 0.250411558405805, accuracy)",12435,0,0.0,0,0.002
dpctgan,"LocalNeighbourhood(L_2, 0.250411558405805, accuracy)",12435,1,0.0,0,0.002
dpctgan,"LocalNeighbourhood(L_2, 0.250411558405805, accuracy)",12435,0,0.0,0,0.002
dpctgan,"LocalNeighbourhood(L_2, 0.250411558405805, accuracy)",12435,1,0.0,0,0.002
dpctgan,"LocalNeighbourhood(L_2, 0.250411558405805, accuracy)",12435,0,0.0,0,0.002
dpctgan,"LocalNeighbourhood(L_2, 0.250411558405805, accuracy)",12435,1,0.0,0,0.002
dpctgan,"LocalNeighbourhood(L_2, 0.250411558405805, accuracy)",12435,0,0.0,0,0.002
dpctgan,"LocalNeighbourhood(L_2, 0.250411558405805, accuracy)",12435,1,0.0,0,0.002
dpctgan,"LocalNeighbourhood(L_2, 0.250411558405805, accuracy)",12435,0,0.0,0,0.002
dpctgan,"LocalNeighbourhood(L_2, 0.250411558405805, accuracy)",12435,1,0.0,0,0.002
dpctgan,"LocalNeighbourhood(L_2, 0.250411558405805, accuracy)",12435,0,0.004,1,0.002
dpctgan,"LocalNeighbourhood(L_2, 0.250411558405805, accuracy)",12435,1,0.0,0,0.002
dpctgan,"LocalNeighbourhood(L_2, 0.250411558405805, accuracy)",12435,0,0.0,0,0.002
dpctgan,"LocalNeighbourhood(L_2, 0.250411558405805, accuracy)",12435,1,0.0,0,0.002
dpctgan,"LocalNeighbourhood(L_2, 0.250411558405805, accuracy)",12435,0,0.0,0,0.002
dpctgan,"LocalNeighbourhood(L_2, 0.250411558405805, accuracy)",12435,1,0.0,0,0.002
dpctgan,"LocalNeighbourhood(L_2, 0.250411558405805, accuracy)",12435,0,0.0,0,0.002
dpctgan,"LocalNeighbourhood(L_2, 0.250411558405805, accuracy)",12435,1,0.006,1,0.002
dpctgan,"LocalNeighbourhood(L_2, 0.250411558405805, accuracy)",12435,0,0.0,0,0.002
dpctgan,"LocalNeighbourhood(L_2, 0.250411558405805, accuracy)",12435,1,0.0,0,0.002
dpctgan,"LocalNeighbourhood(L_2, 0.250411558405805, accuracy)",12435,0,0.0,0,0.002
dpctgan,"LocalNeighbourhood(L_2, 0.250411558405805, accuracy)",12435,1,0.0,0,0.002
dpctgan,"LocalNeighbourhood(L_2, 0.250411558405805, accuracy)",12435,0,0.0,0,0.002
dpctgan,"LocalNeighbourhood(L_2, 0.250411558405805, accuracy)",12435,1,0.0,0,0.002
dpctgan,"LocalNeighbourhood(L_2, 0.250411558405805, accuracy)",12435,0,0.0,0,0.002
dpctgan,"LocalNeighbourhood(L_2, 0.250411558405805, accuracy)",12435,1,0.0,0,0.002
dpctgan,"LocalNeighbourhood(L_2, 0.250411558405805, accuracy)",12435,0,0.0,0,0.002
dpctgan,"LocalNeighbourhood(L_2, 0.250411558405805, accuracy)",12435,1,0.0,0,0.002
dpctgan,"LocalNeighbourhood(L_2, 0.250411558405805, accuracy)",12435,0,0.004,1,0.002
dpctgan,"LocalNeighbourhood(L_2, 0.250411558405805, accuracy)",12435,1,0.0,0,0.002
dpctgan,"LocalNeighbourhood(L_2, 0.250411558405805, accuracy)",12435,0,0.0,0,0.002
dpctgan,"LocalNeighbourhood(L_2, 0.250411558405805, accuracy)",12435,1,0.0,0,0.002
dpctgan,"LocalNeighbourhood(L_2, 0.250411558405805, accuracy)",12435,0,0.0,0,0.002
dpctgan,"LocalNeighbourhood(L_2, 0.250411558405805, accuracy)",12435,1,0.0,0,0.002
dpctgan,"LocalNeighbourhood(L_2, 0.250411558405805, accuracy)",12435,0,0.0,0,0.002
dpctgan,"LocalNeighbourhood(L_2, 0.250411558405805, accuracy)",12435,1,0.0,0,0.002
dpctgan,"LocalNeighbourhood(L_2, 0.250411558405805, accuracy)",12435,0,0.0,0,0.002
dpctgan,"LocalNeighbourhood(L_2, 0.250411558405805, accuracy)",12435,1,0.0,0,0.002
dpctgan,"LocalNeighbourhood(L_2, 0.250411558405805, accuracy)",12435,0,0.0,0,0.002
dpctgan,"LocalNeighbourhood(L_2, 0.250411558405805, accuracy)",12435,1,0.0,0,0.002
dpctgan,"LocalNeighbourhood(L_2, 0.250411558405805, accuracy)",12435,0,0.0,0,0.002
dpctgan,"LocalNeighbourhood(L_2, 0.250411558405805, accuracy)",12435,1,0.0,0,0.002
dpctgan,"LocalNeighbourhood(L_2, 0.250411558405805, accuracy)",12435,0,0.0,0,0.002
dpctgan,"LocalNeighbourhood(L_2, 0.250411558405805, accuracy)",12435,1,0.0,0,0.002
dpctgan,"LocalNeighbourhood(L_2, 0.250411558405805, accuracy)",12435,0,0.0,0,0.002
dpctgan,"LocalNeighbourhood(L_2, 0.250411558405805, accuracy)",12435,1,0.0,0,0.002
dpctgan,"LocalNeighbourhood(L_2, 0.250411558405805, accuracy)",12435,0,0.0,0,0.002
dpctgan,"LocalNeighbourhood(L_2, 0.250411558405805, accuracy)",12435,1,0.0,0,0.002
dpctgan,"LocalNeighbourhood(L_2, 0.250411558405805, accuracy)",12435,0,0.0,0,0.002
dpctgan,"LocalNeighbourhood(L_2, 0.250411558405805, accuracy)",12435,1,0.0,0,0.002
dpctgan,"LocalNeighbourhood(L_2, 0.250411558405805, accuracy)",12435,0,0.0,0,0.002
dpctgan,"LocalNeighbourhood(L_2, 0.250411558405805, accuracy)",12435,1,0.0,0,0.002
dpctgan,"LocalNeighbourhood(L_2, 0.250411558405805, accuracy)",12435,0,0.0,0,0.002
dpctgan,"LocalNeighbourhood(L_2, 0.250411558405805, accuracy)",12435,1,0.0,0,0.002
dpctgan,"LocalNeighbourhood(L_2, 0.250411558405805, accuracy)",12435,0,0.0,0,0.002
dpctgan,"LocalNeighbourhood(L_2, 0.250411558405805, accuracy)",12435,1,0.022,1,0.002
dpctgan,"LocalNeighbourhood(L_2, 0.250411558405805, accuracy)",12435,0,0.0,0,0.002
dpctgan,"LocalNeighbourhood(L_2, 0.250411558405805, accuracy)",12435,1,0.0,0,0.002
dpctgan,"LocalNeighbourhood(L_2, 0.250411558405805, accuracy)",12435,0,0.002,1,0.002
dpctgan,"LocalNeighbourhood(L_2, 0.250411558405805, accuracy)",12435,1,0.0,0,0.002
dpctgan,"LocalNeighbourhood(L_2, 0.250411558405805, accuracy)",12435,0,0.0,0,0.002
dpctgan,"LocalNeighbourhood(L_2, 0.250411558405805, accuracy)",12435,1,0.0,0,0.002
dpctgan,"LocalNeighbourhood(L_2, 0.250411558405805, accuracy)",12435,0,0.0,0,0.002
dpctgan,"LocalNeighbourhood(L_2, 0.250411558405805, accuracy)",12435,1,0.0,0,0.002
dpctgan,"LocalNeighbourhood(L_2, 0.250411558405805, accuracy)",12435,0,0.0,0,0.002
dpctgan,"LocalNeighbourhood(L_2, 0.250411558405805, accuracy)",12435,1,0.0,0,0.002
dpctgan,"LocalNeighbourhood(L_2, 0.250411558405805, accuracy)",12435,0,0.0,0,0.002
dpctgan,"LocalNeighbourhood(L_2, 0.250411558405805, accuracy)",12435,1,0.0,0,0.002
dpctgan,"LocalNeighbourhood(L_2, 0.250411558405805, accuracy)",12435,0,0.0,0,0.002
dpctgan,"LocalNeighbourhood(L_2, 0.250411558405805, accuracy)",12435,1,0.0,0,0.002
dpctgan,"LocalNeighbourhood(L_2, 0.250411558405805, accuracy)",12435,0,0.0,0,0.002
dpctgan,"LocalNeighbourhood(L_2, 0.250411558405805, accuracy)",12435,1,0.0,0,0.002
dpctgan,"LocalNeighbourhood(L_2, 0.250411558405805, accuracy)",12435,0,0.002,1,0.002
dpctgan,"LocalNeighbourhood(L_2, 0.250411558405805, accuracy)",12435,1,0.0,0,0.002
dpctgan,"LocalNeighbourhood(L_2, 0.250411558405805, accuracy)",12435,0,0.0,0,0.002
dpctgan,"LocalNeighbourhood(L_2, 0.250411558405805, accuracy)",12435,1,0.0,0,0.002
dpctgan,"LocalNeighbourhood(L_2, 0.250411558405805, accuracy)",12435,0,0.0,0,0.002
dpctgan,"LocalNeighbourhood(L_2, 0.250411558405805, accuracy)",12435,1,0.0,0,0.002
dpctgan,"LocalNeighbourhood(L_2, 0.250411558405805, accuracy)",12435,0,0.0,0,0.002
dpctgan,"LocalNeighbourhood(L_2, 0.250411558405805, accuracy)",12435,1,0.0,0,0.002
dpctgan,"LocalNeighbourhood(L_2, 0.250411558405805, accuracy)",12435,0,0.0,0,0.002
dpctgan,"LocalNeighbourhood(L_2, 0.250411558405805, accuracy)",12435,1,0.0,0,0.002
dpctgan,"LocalNeighbourhood(L_2, 0.250411558405805, accuracy)",12435,0,0.002,1,0.002
dpctgan,"LocalNeighbourhood(L_2, 0.250411558405805, accuracy)",12435,1,0.0,0,0.002
dpctgan,"LocalNeighbourhood(L_2, 0.250411558405805, accuracy)",12435,0,0.004,1,0.002
dpctgan,"LocalNeighbourhood(L_2, 0.250411558405805, accuracy)",12435,1,0.0,0,0.002
dpctgan,"LocalNeighbourhood(L_2, 0.250411558405805, accuracy)",12435,0,0.0,0,0.002
dpctgan,"LocalNeighbourhood(L_2, 0.250411558405805, accuracy)",12435,1,0.0,0,0.002
dpctgan,"LocalNeighbourhood(L_2, 0.250411558405805, accuracy)",12435,0,0.004,1,0.002
dpctgan,"LocalNeighbourhood(L_2, 0.250411558405805, accuracy)",12435,1,0.0,0,0.002
dpctgan,"LocalNeighbourhood(L_2, 0.250411558405805, accuracy)",12435,0,0.002,1,0.002
dpctgan,"LocalNeighbourhood(L_2, 0.250411558405805, accuracy)",12435,1,0.0,0,0.002
dpctgan,"LocalNeighbourhood(L_2, 0.250411558405805, accuracy)",12435,0,0.0,0,0.002
dpctgan,"LocalNeighbourhood(L_2, 0.250411558405805, accuracy)",12435,1,0.0,0,0.002
dpctgan,"LocalNeighbourhood(L_2, 0.250411558405805, accuracy)",12435,0,0.0,0,0.002
dpctgan,"LocalNeighbourhood(L_2, 0.250411558405805, accuracy)",12435,1,0.0,0,0.002
dpctgan,"LocalNeighbourhood(L_2, 0.250411558405805, accuracy)",12435,0,0.0,0,0.002
dpctgan,"LocalNeighbourhood(L_2, 0.250411558405805, accuracy)",12435,1,0.0,0,0.002
dpctgan,"LocalNeighbourhood(L_2, 0.250411558405805, accuracy)",12435,0,0.0,0,0.002
dpctgan,"LocalNeighbourhood(L_2, 0.250411558405805, accuracy)",12435,1,0.0,0,0.002
dpctgan,"LocalNeighbourhood(L_2, 0.250411558405805, accuracy)",12435,0,0.0,0,0.002
dpctgan,"LocalNeighbourhood(L_2, 0.250411558405805, accuracy)",12435,1,0.0,0,0.002
dpctgan,"LocalNeighbourhood(L_2, 0.250411558405805, accuracy)",12435,0,0.0,0,0.002
dpctgan,"LocalNeighbourhood(L_2, 0.250411558405805, accuracy)",12435,1,0.0,0,0.002
dpctgan,"LocalNeighbourhood(L_2, 0.250411558405805, accuracy)",12435,0,0.0,0,0.002
dpctgan,"LocalNeighbourhood(L_2, 0.250411558405805, accuracy)",12435,1,0.01,1,0.002
dpctgan,"LocalNeighbourhood(L_2, 0.250411558405805, accuracy)",12435,0,0.0,0,0.002
dpctgan,"LocalNeighbourhood(L_2, 0.250411558405805, accuracy)",12435,1,0.0,0,0.002
dpctgan,"LocalNeighbourhood(L_2, 0.250411558405805, accuracy)",12435,0,0.0,0,0.002
dpctgan,"LocalNeighbourhood(L_2, 0.250411558405805, accuracy)",12435,1,0.0,0,0.002
dpctgan,"LocalNeighbourhood(L_2, 0.250411558405805, accuracy)",12435,0,0.0,0,0.002
dpctgan,"LocalNeighbourhood(L_2, 0.250411558405805, accuracy)",12435,1,0.0,0,0.002
dpctgan,"LocalNeighbourhood(L_2, 0.250411558405805, accuracy)",12435,0,0.0,0,0.002
dpctgan,"LocalNeighbourhood(L_2, 0.250411558405805, accuracy)",12435,1,0.0,0,0.002
dpctgan,"LocalNeighbourhood(L_2, 0.250411558405805, accuracy)",12435,0,0.0,0,0.002
dpctgan,"LocalNeighbourhood(L_2, 0.250411558405805, accuracy)",12435,1,0.0,0,0.002
dpctgan,"LocalNeighbourhood(L_2, 0.250411558405805, accuracy)",12435,0,0.0,0,0.002
dpctgan,"LocalNeighbourhood(L_2, 0.250411558405805, accuracy)",12435,1,0.0,0,0.002
dpctgan,"LocalNeighbourhood(L_2, 0.250411558405805, accuracy)",12435,0,0.0,0,0.002
dpctgan,"LocalNeighbourhood(L_2, 0.250411558405805, accuracy)",12435,1,0.0,0,0.002
dpctgan,"LocalNeighbourhood(L_2, 0.250411558405805, accuracy)",12435,0,0.0,0,0.002
dpctgan,"LocalNeighbourhood(L_2, 0.250411558405805, accuracy)",12435,1,0.0,0,0.002
dpctgan,"LocalNeighbourhood(L_2, 0.250411558405805, accuracy)",12435,0,0.004,1,0.002
dpctgan,"LocalNeighbourhood(L_2, 0.250411558405805, accuracy)",12435,1,0.0,0,0.002
dpctgan,"LocalNeighbourhood(L_2, 0.250411558405805, accuracy)",12435,0,0.0,0,0.002
dpctgan,"LocalNeighbourhood(L_2, 0.250411558405805, accuracy)",12435,1,0.0,0,0.002
dpctgan,"LocalNeighbourhood(L_2, 0.250411558405805, accuracy)",12435,0,0.0,0,0.002
dpctgan,"LocalNeighbourhood(L_2, 0.250411558405805, accuracy)",12435,1,0.0,0,0.002
dpctgan,"LocalNeighbourhood(L_2, 0.250411558405805, accuracy)",12435,0,0.0,0,0.002
dpctgan,"LocalNeighbourhood(L_2, 0.250411558405805, accuracy)",12435,1,0.0,0,0.002
dpctgan,"LocalNeighbourhood(L_2, 0.250411558405805, accuracy)",12435,0,0.0,0,0.002
dpctgan,"LocalNeighbourhood(L_2, 0.250411558405805, accuracy)",12435,1,0.0,0,0.002
dpctgan,"LocalNeighbourhood(L_2, 0.250411558405805, accuracy)",12435,0,0.0,0,0.002
dpctgan,"LocalNeighbourhood(L_2, 0.250411558405805, accuracy)",12435,1,0.0,0,0.002
dpctgan,"LocalNeighbourhood(L_2, 0.250411558405805, accuracy)",12435,0,0.0,0,0.002
dpctgan,"LocalNeighbourhood(L_2, 0.250411558405805, accuracy)",12435,1,0.0,0,0.002
dpctgan,"LocalNeighbourhood(L_2, 0.250411558405805, accuracy)",12435,0,0.0,0,0.002
dpctgan,"LocalNeighbourhood(L_2, 0.250411558405805, accuracy)",12435,1,0.0,0,0.002
dpctgan,"LocalNeighbourhood(L_2, 0.250411558405805, accuracy)",12435,0,0.0,0,0.002
dpctgan,"LocalNeighbourhood(L_2, 0.250411558405805, accuracy)",12435,1,0.0,0,0.002
dpctgan,"LocalNeighbourhood(L_2, 0.250411558405805, accuracy)",12435,0,0.0,0,0.002
dpctgan,"LocalNeighbourhood(L_2, 0.250411558405805, accuracy)",12435,1,0.0,0,0.002
dpctgan,"LocalNeighbourhood(L_2, 0.250411558405805, accuracy)",12435,0,0.0,0,0.002
dpctgan,"LocalNeighbourhood(L_2, 0.250411558405805, accuracy)",12435,1,0.016,1,0.002
dpctgan,"LocalNeighbourhood(L_2, 0.250411558405805, accuracy)",12435,0,0.0,0,0.002
dpctgan,"LocalNeighbourhood(L_2, 0.250411558405805, accuracy)",12435,1,0.004,1,0.002
dpctgan,"LocalNeighbourhood(L_2, 0.250411558405805, accuracy)",12435,0,0.0,0,0.002
dpctgan,"LocalNeighbourhood(L_2, 0.250411558405805, accuracy)",12435,1,0.0,0,0.002
dpctgan,"LocalNeighbourhood(L_2, 0.250411558405805, accuracy)",12435,0,0.0,0,0.002
dpctgan,"LocalNeighbourhood(L_2, 0.250411558405805, accuracy)",12435,1,0.0,0,0.002
dpctgan,"LocalNeighbourhood(L_2, 0.250411558405805, accuracy)",12435,0,0.0,0,0.002
dpctgan,"LocalNeighbourhood(L_2, 0.250411558405805, accuracy)",12435,1,0.0,0,0.002
dpctgan,"LocalNeighbourhood(L_2, 0.250411558405805, accuracy)",12435,0,0.0,0,0.002
dpctgan,"LocalNeighbourhood(L_2, 0.250411558405805, accuracy)",12435,1,0.0,0,0.002
dpctgan,"LocalNeighbourhood(L_2, 0.250411558405805, accuracy)",12435,0,0.0,0,0.002
dpctgan,"LocalNeighbourhood(L_2, 0.250411558405805, accuracy)",12435,1,0.0,0,0.002
dpctgan,"LocalNeighbourhood(L_2, 0.250411558405805, accuracy)",12435,0,0.002,1,0.002
dpctgan,"LocalNeighbourhood(L_2, 0.250411558405805, accuracy)",12435,1,0.0,0,0.002
dpctgan,"LocalNeighbourhood(L_2, 0.250411558405805, accuracy)",12435,0,0.0,0,0.002
dpctgan,"LocalNeighbourhood(L_2, 0.250411558405805, accuracy)",12435,1,0.0,0,0.002
dpctgan,"LocalNeighbourhood(L_2, 0.250411558405805, accuracy)",12435,0,0.0,0,0.002
dpctgan,"LocalNeighbourhood(L_2, 0.250411558405805, accuracy)",12435,1,0.0,0,0.002
dpctgan,"LocalNeighbourhood(L_2, 0.250411558405805, accuracy)",12435,0,0.0,0,0.002
dpctgan,"LocalNeighbourhood(L_2, 0.250411558405805, accuracy)",12435,1,0.0,0,0.002
dpctgan,"LocalNeighbourhood(L_2, 0.250411558405805, accuracy)",12435,0,0.0,0,0.002
dpctgan,"LocalNeighbourhood(L_2, 0.250411558405805, accuracy)",12435,1,0.0,0,0.002
dpctgan,"LocalNeighbourhood(L_2, 0.250411558405805, accuracy)",12435,0,0.0,0,0.002
dpctgan,"LocalNeighbourhood(L_2, 0.250411558405805, accuracy)",12435,1,0.0,0,0.002
dpctgan,"LocalNeighbourhood(L_2, 0.250411558405805, accuracy)",12435,0,0.0,0,0.002
dpctgan,"LocalNeighbourhood(L_2, 0.250411558405805, accuracy)",12435,1,0.0,0,0.002
dpctgan,"LocalNeighbourhood(L_2, 0.250411558405805, accuracy)",12435,0,0.0,0,0.002
dpctgan,"LocalNeighbourhood(L_2, 0.250411558405805, accuracy)",12435,1,0.0,0,0.002
dpctgan,"LocalNeighbourhood(L_2, 0.250411558405805, accuracy)",12435,0,0.0,0,0.002
dpctgan,"LocalNeighbourhood(L_2, 0.250411558405805, accuracy)",12435,1,0.0,0,0.002
dpctgan,"LocalNeighbourhood(L_2, 0.250411558405805, accuracy)",12435,0,0.0,0,0.002
dpctgan,"LocalNeighbourhood(L_2, 0.250411558405805, accuracy)",12435,1,0.0,0,0.002
dpctgan,"LocalNeighbourhood(L_2, 0.250411558405805, accuracy)",12435,0,0.0,0,0.002
dpctgan,"LocalNeighbourhood(L_2, 0.250411558405805, accuracy)",12435,1,0.0,0,0.002
dpctgan,"LocalNeighbourhood(L_2, 0.250411558405805, accuracy)",12435,0,0.0,0,0.002
dpctgan,"LocalNeighbourhood(L_2, 0.250411558405805, accuracy)",12435,1,0.0,0,0.002
dpctgan,"LocalNeighbourhood(L_2, 0.250411558405805, accuracy)",12435,0,0.006,1,0.002
dpctgan,"LocalNeighbourhood(L_2, 0.250411558405805, accuracy)",12435,1,0.0,0,0.002
dpctgan,"LocalNeighbourhood(L_2, 0.250411558405805, accuracy)",12435,0,0.0,0,0.002
dpctgan,"LocalNeighbourhood(L_2, 0.250411558405805, accuracy)",12435,1,0.0,0,0.002
dpctgan,"LocalNeighbourhood(L_2, 0.250411558405805, accuracy)",12435,0,0.0,0,0.002
dpctgan,"LocalNeighbourhood(L_2, 0.250411558405805, accuracy)",12435,1,0.0,0,0.002
dpctgan,"LocalNeighbourhood(L_2, 0.250411558405805, accuracy)",12435,0,0.008,1,0.002
dpctgan,"LocalNeighbourhood(L_2, 0.250411558405805, accuracy)",12435,1,0.0,0,0.002
dpctgan,"LocalNeighbourhood(L_2, 0.250411558405805, accuracy)",12435,0,0.0,0,0.002
dpctgan,"LocalNeighbourhood(L_2, 0.250411558405805, accuracy)",12435,1,0.0,0,0.002
dpctgan,"LocalNeighbourhood(L_2, 0.250411558405805, accuracy)",12435,0,0.0,0,0.002
dpctgan,"LocalNeighbourhood(L_2, 0.250411558405805, accuracy)",12435,1,0.0,0,0.002
dpctgan,"LocalNeighbourhood(L_2, 0.250411558405805, accuracy)",12435,0,0.0,0,0.002
dpctgan,"LocalNeighbourhood(L_2, 0.250411558405805, accuracy)",12435,1,0.0,0,0.002
dpctgan,"LocalNeighbourhood(L_2, 0.250411558405805, accuracy)",12435,0,0.0,0,0.002
dpctgan,"LocalNeighbourhood(L_2, 0.250411558405805, accuracy)",12435,1,0.006,1,0.002
dpctgan,"LocalNeighbourhood(L_2, 0.250411558405805, accuracy)",12435,0,0.0,0,0.002
dpctgan,"LocalNeighbourhood(L_2, 0.250411558405805, accuracy)",12435,1,0.0,0,0.002
dpctgan,"LocalNeighbourhood(L_2, 0.250411558405805, accuracy)",12435,0,0.0,0,0.002
dpctgan,"LocalNeighbourhood(L_2, 0.250411558405805, accuracy)",12435,1,0.0,0,0.002
dpctgan,"LocalNeighbourhood(L_2, 0.250411558405805, accuracy)",12435,0,0.0,0,0.002
dpctgan,"LocalNeighbourhood(L_2, 0.250411558405805, accuracy)",12435,1,0.0,0,0.002
dpctgan,"LocalNeighbourhood(L_2, 0.250411558405805, accuracy)",12435,0,0.0,0,0.002
dpctgan,"LocalNeighbourhood(L_2, 0.250411558405805, accuracy)",12435,1,0.0,0,0.002
dpctgan,"LocalNeighbourhood(L_2, 0.250411558405805, accuracy)",12435,0,0.0,0,0.002
dpctgan,"LocalNeighbourhood(L_2, 0.250411558405805, accuracy)",12435,1,0.0,0,0.002
dpctgan,"LocalNeighbourhood(L_2, 0.250411558405805, accuracy)",12435,0,0.0,0,0.002
dpctgan,"LocalNeighbourhood(L_2, 0.250411558405805, accuracy)",12435,1,0.0,0,0.002
dpctgan,"LocalNeighbourhood(L_2, 0.250411558405805, accuracy)",12435,0,0.0,0,0.002
dpctgan,"LocalNeighbourhood(L_2, 0.250411558405805, accuracy)",12435,1,0.0,0,0.002
dpctgan,"LocalNeighbourhood(L_2, 0.250411558405805, accuracy)",12435,0,0.0,0,0.002
dpctgan,"LocalNeighbourhood(L_2, 0.250411558405805, accuracy)",12435,1,0.0,0,0.002
dpctgan,"LocalNeighbourhood(L_2, 0.250411558405805, accuracy)",12435,0,0.0,0,0.002
dpctgan,"LocalNeighbourhood(L_2, 0.250411558405805, accuracy)",12435,1,0.0,0,0.002
dpctgan,"LocalNeighbourhood(L_2, 0.250411558405805, accuracy)",12435,0,0.0,0,0.002
dpctgan,"LocalNeighbourhood(L_2, 0.250411558405805, accuracy)",12435,1,0.0,0,0.002
dpctgan,"LocalNeighbourhood(L_2, 0.250411558405805, accuracy)",12435,0,0.0,0,0.002
dpctgan,"LocalNeighbourhood(L_2, 0.250411558405805, accuracy)",12435,1,0.0,0,0.002
dpctgan,"LocalNeighbourhood(L_2, 0.250411558405805, accuracy)",12435,0,0.0,0,0.002
dpctgan,"LocalNeighbourhood(L_2, 0.250411558405805, accuracy)",12435,1,0.002,1,0.002
dpctgan,"LocalNeighbourhood(L_2, 0.250411558405805, accuracy)",12435,0,0.0,0,0.002
dpctgan,"LocalNeighbourhood(L_2, 0.250411558405805, accuracy)",12435,1,0.0,0,0.002
dpctgan,"LocalNeighbourhood(L_2, 0.250411558405805, accuracy)",12435,0,0.0,0,0.002
dpctgan,"LocalNeighbourhood(L_2, 0.250411558405805, accuracy)",12435,1,0.0,0,0.002
dpctgan,"LocalNeighbourhood(L_2, 0.250411558405805, accuracy)",12435,0,0.0,0,0.002
dpctgan,"LocalNeighbourhood(L_2, 0.250411558405805, accuracy)",12435,1,0.0,0,0.002
dpctgan,"LocalNeighbourhood(L_2, 0.250411558405805, accuracy)",12435,0,0.0,0,0.002
dpctgan,"LocalNeighbourhood(L_2, 0.250411558405805, accuracy)",12435,1,0.0,0,0.002
dpctgan,"LocalNeighbourhood(L_2, 0.250411558405805, accuracy)",12435,0,0.0,0,0.002
dpctgan,"LocalNeighbourhood(L_2, 0.250411558405805, accuracy)",12435,1,0.0,0,0.002
dpctgan,"LocalNeighbourhood(L_2, 0.250411558405805, accuracy)",12435,0,0.0,0,0.002
dpctgan,"LocalNeighbourhood(L_2, 0.250411558405805, accuracy)",12435,1,0.0,0,0.002
dpctgan,"LocalNeighbourhood(L_2, 0.250411558405805, accuracy)",12435,0,0.0,0,0.002
dpctgan,"LocalNeighbourhood(L_2, 0.250411558405805, accuracy)",12435,1,0.0,0,0.002
dpctgan,"LocalNeighbourhood(L_2, 0.250411558405805, accuracy)",12435,0,0.0,0,0.002
dpctgan,"LocalNeighbourhood(L_2, 0.250411558405805, accuracy)",12435,1,0.0,0,0.002
dpctgan,"LocalNeighbourhood(L_2, 0.250411558405805, accuracy)",12435,0,0.0,0,0.002
dpctgan,"LocalNeighbourhood(L_2, 0.250411558405805, accuracy)",12435,1,0.0,0,0.002
dpctgan,"LocalNeighbourhood(L_2, 0.250411558405805, accuracy)",12435,0,0.0,0,0.002
dpctgan,"LocalNeighbourhood(L_2, 0.250411558405805, accuracy)",12435,1,0.0,0,0.002
dpctgan,"LocalNeighbourhood(L_2, 0.250411558405805, accuracy)",12435,0,0.0,0,0.002
dpctgan,"LocalNeighbourhood(L_2, 0.250411558405805, accuracy)",12435,1,0.0,0,0.002
dpctgan,"LocalNeighbourhood(L_2, 0.250411558405805, accuracy)",12435,0,0.0,0,0.002
dpctgan,"LocalNeighbourhood(L_2, 0.250411558405805, accuracy)",12435,1,0.0,0,0.002
dpctgan,"LocalNeighbourhood(L_2, 0.250411558405805, accuracy)",12435,0,0.0,0,0.002
dpctgan,"LocalNeighbourhood(L_2, 0.250411558405805, accuracy)",12435,1,0.0,0,0.002
dpctgan,"LocalNeighbourhood(L_2, 0.250411558405805, accuracy)",12435,0,0.0,0,0.002
dpctgan,"LocalNeighbourhood(L_2, 0.250411558405805, accuracy)",12435,1,0.0,0,0.002
dpctgan,"LocalNeighbourhood(L_2, 0.250411558405805, accuracy)",12435,0,0.0,0,0.002
dpctgan,"LocalNeighbourhood(L_2, 0.250411558405805, accuracy)",12435,1,0.0,0,0.002
dpctgan,"LocalNeighbourhood(L_2, 0.250411558405805, accuracy)",12435,0,0.0,0,0.002
dpctgan,"LocalNeighbourhood(L_2, 0.250411558405805, accuracy)",12435,1,0.0,0,0.002
dpctgan,"LocalNeighbourhood(L_2, 0.250411558405805, accuracy)",12435,0,0.0,0,0.002
dpctgan,"LocalNeighbourhood(L_2, 0.250411558405805, accuracy)",12435,1,0.0,0,0.002
dpctgan,"LocalNeighbourhood(L_2, 0.250411558405805, accuracy)",12435,0,0.0,0,0.002
dpctgan,"LocalNeighbourhood(L_2, 0.250411558405805, accuracy)",12435,1,0.0,0,0.002
dpctgan,"LocalNeighbourhood(L_2, 0.250411558405805, accuracy)",12435,0,0.0,0,0.002
dpctgan,"LocalNeighbourhood(L_2, 0.250411558405805, accuracy)",12435,1,0.0,0,0.002
dpctgan,"LocalNeighbourhood(L_2, 0.250411558405805, accuracy)",12435,0,0.0,0,0.002
dpctgan,"LocalNeighbourhood(L_2, 0.250411558405805, accuracy)",12435,1,0.0,0,0.002
dpctgan,"LocalNeighbourhood(L_2, 0.250411558405805, accuracy)",12435,0,0.0,0,0.002
dpctgan,"LocalNeighbourhood(L_2, 0.250411558405805, accuracy)",12435,1,0.0,0,0.002
dpctgan,"LocalNeighbourhood(L_2, 0.250411558405805, accuracy)",12435,0,0.0,0,0.002
dpctgan,"LocalNeighbourhood(L_2, 0.250411558405805, accuracy)",12435,1,0.0,0,0.002
dpctgan,"LocalNeighbourhood(L_2, 0.250411558405805, accuracy)",12435,0,0.0,0,0.002
dpctgan,"LocalNeighbourhood(L_2, 0.250411558405805, accuracy)",12435,1,0.0,0,0.002
dpctgan,"LocalNeighbourhood(L_2, 0.250411558405805, accuracy)",12435,0,0.0,0,0.002
dpctgan,"LocalNeighbourhood(L_2, 0.250411558405805, accuracy)",12435,1,0.0,0,0.002
dpctgan,"LocalNeighbourhood(L_2, 0.250411558405805, accuracy)",12435,0,0.0,0,0.002
dpctgan,"LocalNeighbourhood(L_2, 0.250411558405805, accuracy)",12435,1,0.0,0,0.002
dpctgan,"LocalNeighbourhood(L_2, 0.250411558405805, accuracy)",12435,0,0.0,0,0.002
dpctgan,"LocalNeighbourhood(L_2, 0.250411558405805, accuracy)",12435,1,0.0,0,0.002
dpctgan,"LocalNeighbourhood(L_2, 0.250411558405805, accuracy)",12435,0,0.0,0,0.002
dpctgan,"LocalNeighbourhood(L_2, 0.250411558405805, accuracy)",12435,1,0.0,0,0.002
dpctgan,"LocalNeighbourhood(L_2, 0.250411558405805, accuracy)",12435,0,0.0,0,0.002
dpctgan,"LocalNeighbourhood(L_2, 0.250411558405805, accuracy)",12435,1,0.0,0,0.002
dpctgan,"LocalNeighbourhood(L_2, 0.250411558405805, accuracy)",12435,0,0.0,0,0.002
dpctgan,"LocalNeighbourhood(L_2, 0.250411558405805, accuracy)",12435,1,0.0,0,0.002
dpctgan,"LocalNeighbourhood(L_2, 0.250411558405805, accuracy)",12435,0,0.0,0,0.002
dpctgan,"LocalNeighbourhood(L_2, 0.250411558405805, accuracy)",12435,1,0.0,0,0.002
dpctgan,"LocalNeighbourhood(L_2, 0.250411558405805, accuracy)",12435,0,0.0,0,0.002
dpctgan,"LocalNeighbourhood(L_2, 0.250411558405805, accuracy)",12435,1,0.0,0,0.002
dpctgan,"LocalNeighbourhood(L_2, 0.250411558405805, accuracy)",12435,0,0.0,0,0.002
dpctgan,"LocalNeighbourhood(L_2, 0.250411558405805, accuracy)",12435,1,0.0,0,0.002
dpctgan,"LocalNeighbourhood(L_2, 0.250411558405805, accuracy)",12435,0,0.0,0,0.002
dpctgan,"LocalNeighbourhood(L_2, 0.250411558405805, accuracy)",12435,1,0.0,0,0.002
dpctgan,"LocalNeighbourhood(L_2, 0.250411558405805, accuracy)",12435,0,0.0,0,0.002
dpctgan,"LocalNeighbourhood(L_2, 0.250411558405805, accuracy)",12435,1,0.0,0,0.002
dpctgan,"LocalNeighbourhood(L_2, 0.250411558405805, accuracy)",12435,0,0.0,0,0.002
dpctgan,"LocalNeighbourhood(L_2, 0.250411558405805, accuracy)",12435,1,0.0,0,0.002
dpctgan,"LocalNeighbourhood(L_2, 0.250411558405805, accuracy)",12435,0,0.0,0,0.002
dpctgan,"LocalNeighbourhood(L_2, 0.250411558405805, accuracy)",12435,1,0.0,0,0.002
dpctgan,"LocalNeighbourhood(L_2, 0.250411558405805, accuracy)",12435,0,0.0,0,0.002
dpctgan,"LocalNeighbourhood(L_2, 0.250411558405805, accuracy)",12435,1,0.006,1,0.002
dpctgan,"LocalNeighbourhood(L_2, 0.250411558405805, accuracy)",12435,0,0.0,0,0.002
dpctgan,"LocalNeighbourhood(L_2, 0.250411558405805, accuracy)",12435,1,0.0,0,0.002
dpctgan,"LocalNeighbourhood(L_2, 0.250411558405805, accuracy)",12435,0,0.0,0,0.002
dpctgan,"LocalNeighbourhood(L_2, 0.250411558405805, accuracy)",12435,1,0.0,0,0.002
dpctgan,"LocalNeighbourhood(L_2, 0.250411558405805, accuracy)",12435,0,0.0,0,0.002
dpctgan,"LocalNeighbourhood(L_2, 0.250411558405805, accuracy)",12435,1,0.0,0,0.002
dpctgan,"LocalNeighbourhood(L_2, 0.250411558405805, accuracy)",12435,0,0.0,0,0.002
dpctgan,"LocalNeighbourhood(L_2, 0.250411558405805, accuracy)",12435,1,0.0,0,0.002
dpctgan,"LocalNeighbourhood(L_2, 0.250411558405805, accuracy)",12435,0,0.0,0,0.002
dpctgan,"LocalNeighbourhood(L_2, 0.250411558405805, accuracy)",12435,1,0.0,0,0.002
dpctgan,"LocalNeighbourhood(L_2, 0.250411558405805, accuracy)",12435,0,0.0,0,0.002
dpctgan,"LocalNeighbourhood(L_2, 0.250411558405805, accuracy)",12435,1,0.0,0,0.002
dpctgan,"LocalNeighbourhood(L_2, 0.250411558405805, accuracy)",12435,0,0.0,0,0.002
dpctgan,"LocalNeighbourhood(L_2, 0.250411558405805, accuracy)",12435,1,0.0,0,0.002
dpctgan,"LocalNeighbourhood(L_2, 0.250411558405805, accuracy)",12435,0,0.0,0,0.002
dpctgan,"LocalNeighbourhood(L_2, 0.250411558405805, accuracy)",12435,1,0.0,0,0.002
dpctgan,"LocalNeighbourhood(L_2, 0.250411558405805, accuracy)",12435,0,0.0,0,0.002
dpctgan,"LocalNeighbourhood(L_2, 0.250411558405805, accuracy)",12435,1,0.0,0,0.002
dpctgan,"LocalNeighbourhood(L_2, 0.250411558405805, accuracy)",12435,0,0.0,0,0.002
dpctgan,"LocalNeighbourhood(L_2, 0.250411558405805, accuracy)",12435,1,0.0,0,0.002
dpctgan,"LocalNeighbourhood(L_2, 0.250411558405805, accuracy)",12435,0,0.0,0,0.002
dpctgan,"LocalNeighbourhood(L_2, 0.250411558405805, accuracy)",12435,1,0.0,0,0.002
dpctgan,"LocalNeighbourhood(L_2, 0.250411558405805, accuracy)",12435,0,0.0,0,0.002
dpctgan,"LocalNeighbourhood(L_2, 0.250411558405805, accuracy)",12435,1,0.0,0,0.002
dpctgan,"LocalNeighbourhood(L_2, 0.250411558405805, accuracy)",12435,0,0.0,0,0.002
dpctgan,"LocalNeighbourhood(L_2, 0.250411558405805, accuracy)",12435,1,0.002,1,0.002
dpctgan,"LocalNeighbourhood(L_2, 0.250411558405805, accuracy)",12435,0,0.0,0,0.002
dpctgan,"LocalNeighbourhood(L_2, 0.250411558405805, accuracy)",12435,1,0.0,0,0.002
dpctgan,"LocalNeighbourhood(L_2, 0.250411558405805, accuracy)",12435,0,0.0,0,0.002
dpctgan,"LocalNeighbourhood(L_2, 0.250411558405805, accuracy)",12435,1,0.0,0,0.002
dpctgan,"LocalNeighbourhood(L_2, 0.250411558405805, accuracy)",12435,0,0.0,0,0.002
dpctgan,"LocalNeighbourhood(L_2, 0.250411558405805, accuracy)",12435,1,0.0,0,0.002
dpctgan,"LocalNeighbourhood(L_2, 0.250411558405805, accuracy)",12435,0,0.0,0,0.002
dpctgan,"LocalNeighbourhood(L_2, 0.250411558405805, accuracy)",12435,1,0.0,0,0.002
dpctgan,"LocalNeighbourhood(L_2, 0.250411558405805, accuracy)",12435,0,0.0,0,0.002
dpctgan,"LocalNeighbourhood(L_2, 0.250411558405805, accuracy)",12435,1,0.0,0,0.002
dpctgan,"LocalNeighbourhood(L_2, 0.250411558405805, accuracy)",12435,0,0.0,0,0.002
dpctgan,"LocalNeighbourhood(L_2, 0.250411558405805, accuracy)",12435,1,0.0,0,0.002
dpctgan,"LocalNeighbourhood(L_2, 0.250411558405805, accuracy)",12435,0,0.0,0,0.002
dpctgan,"LocalNeighbourhood(L_2, 0.250411558405805, accuracy)",12435,1,0.0,0,0.002
dpctgan,"LocalNeighbourhood(L_2, 0.250411558405805, accuracy)",12435,0,0.0,0,0.002
dpctgan,"LocalNeighbourhood(L_2, 0.250411558405805, accuracy)",12435,1,0.002,1,0.002
dpctgan,"LocalNeighbourhood(L_2, 0.250411558405805, accuracy)",12435,0,0.0,0,0.002
dpctgan,"LocalNeighbourhood(L_2, 0.250411558405805, accuracy)",12435,1,0.0,0,0.002
dpctgan,"LocalNeighbourhood(L_2, 0.250411558405805, accuracy)",12435,0,0.0,0,0.002
dpctgan,"LocalNeighbourhood(L_2, 0.250411558405805, accuracy)",12435,1,0.0,0,0.002
dpctgan,"LocalNeighbourhood(L_2, 0.250411558405805, accuracy)",12435,0,0.0,0,0.002
dpctgan,"LocalNeighbourhood(L_2, 0.250411558405805, accuracy)",12435,1,0.0,0,0.002
dpctgan,"LocalNeighbourhood(L_2, 0.250411558405805, accuracy)",12435,0,0.0,0,0.002
dpctgan,"LocalNeighbourhood(L_2, 0.250411558405805, accuracy)",12435,1,0.002,1,0.002
dpctgan,"LocalNeighbourhood(L_2, 0.250411558405805, accuracy)",12435,0,0.0,0,0.002
dpctgan,"LocalNeighbourhood(L_2, 0.250411558405805, accuracy)",12435,1,0.0,0,0.002
dpctgan,"LocalNeighbourhood(L_2, 0.250411558405805, accuracy)",12435,0,0.0,0,0.002
dpctgan,"LocalNeighbourhood(L_2, 0.250411558405805, accuracy)",12435,1,0.0,0,0.002
dpctgan,"LocalNeighbourhood(L_2, 0.250411558405805, accuracy)",12435,0,0.0,0,0.002
dpctgan,"LocalNeighbourhood(L_2, 0.250411558405805, accuracy)",12435,1,0.0,0,0.002
dpctgan,"LocalNeighbourhood(L_2, 0.250411558405805, accuracy)",12435,0,0.0,0,0.002
dpctgan,"LocalNeighbourhood(L_2, 0.250411558405805, accuracy)",12435,1,0.0,0,0.002
dpctgan,"LocalNeighbourhood(L_2, 0.250411558405805, accuracy)",12435,0,0.0,0,0.002
dpctgan,"LocalNeighbourhood(L_2, 0.250411558405805, accuracy)",12435,1,0.0,0,0.002
dpctgan,"LocalNeighbourhood(L_2, 0.250411558405805, accuracy)",12435,0,0.0,0,0.002
dpctgan,"LocalNeighbourhood(L_2, 0.250411558405805, accuracy)",12435,1,0.002,1,0.002
dpctgan,"LocalNeighbourhood(L_2, 0.250411558405805, accuracy)",12435,0,0.0,0,0.002
dpctgan,"LocalNeighbourhood(L_2, 0.250411558405805, accuracy)",12435,1,0.004,1,0.002
dpctgan,"LocalNeighbourhood(L_2, 0.250411558405805, accuracy)",12435,0,0.0,0,0.002
dpctgan,"LocalNeighbourhood(L_2, 0.250411558405805, accuracy)",12435,1,0.0,0,0.002
dpctgan,"LocalNeighbourhood(L_2, 0.250411558405805, accuracy)",12435,0,0.0,0,0.002
dpctgan,"LocalNeighbourhood(L_2, 0.250411558405805, accuracy)",12435,1,0.0,0,0.002
dpctgan,"LocalNeighbourhood(L_2, 0.250411558405805, accuracy)",12435,0,0.0,0,0.002
dpctgan,"LocalNeighbourhood(L_2, 0.250411558405805, accuracy)",12435,1,0.0,0,0.002
dpctgan,"LocalNeighbourhood(L_2, 0.250411558405805, accuracy)",12435,0,0.0,0,0.002
dpctgan,"LocalNeighbourhood(L_2, 0.250411558405805, accuracy)",12435,1,0.0,0,0.002
dpctgan,"LocalNeighbourhood(L_2, 0.250411558405805, accuracy)",12435,0,0.0,0,0.002
dpctgan,"LocalNeighbourhood(L_2, 0.250411558405805, accuracy)",12435,1,0.0,0,0.002
dpctgan,"LocalNeighbourhood(L_2, 0.250411558405805, accuracy)",12435,0,0.002,1,0.002
dpctgan,"LocalNeighbourhood(L_2, 0.250411558405805, accuracy)",12435,1,0.0,0,0.002
dpctgan,"LocalNeighbourhood(L_2, 0.250411558405805, accuracy)",12435,0,0.0,0,0.002
dpctgan,"LocalNeighbourhood(L_2, 0.250411558405805, accuracy)",12435,1,0.002,1,0.002
dpctgan,"LocalNeighbourhood(L_2, 0.250411558405805, accuracy)",12435,0,0.0,0,0.002
dpctgan,"LocalNeighbourhood(L_2, 0.250411558405805, accuracy)",12435,1,0.0,0,0.002
dpctgan,"LocalNeighbourhood(L_2, 0.250411558405805, accuracy)",12435,0,0.0,0,0.002
dpctgan,"LocalNeighbourhood(L_2, 0.250411558405805, accuracy)",12435,1,0.0,0,0.002
dpctgan,"LocalNeighbourhood(L_2, 0.250411558405805, accuracy)",12435,0,0.0,0,0.002
dpctgan,"LocalNeighbourhood(L_2, 0.250411558405805, accuracy)",12435,1,0.0,0,0.002
dpctgan,"LocalNeighbourhood(L_2, 0.250411558405805, accuracy)",12435,0,0.0,0,0.002
dpctgan,"LocalNeighbourhood(L_2, 0.250411558405805, accuracy)",12435,1,0.0,0,0.002
dpctgan,"LocalNeighbourhood(L_2, 0.250411558405805, accuracy)",12435,0,0.0,0,0.002
dpctgan,"LocalNeighbourhood(L_2, 0.250411558405805, accuracy)",12435,1,0.002,1,0.002
dpctgan,"LocalNeighbourhood(L_2, 0.250411558405805, accuracy)",12435,0,0.0,0,0.002
dpctgan,"LocalNeighbourhood(L_2, 0.250411558405805, accuracy)",12435,1,0.0,0,0.002
dpctgan,"LocalNeighbourhood(L_2, 0.250411558405805, accuracy)",12435,0,0.0,0,0.002
dpctgan,"LocalNeighbourhood(L_2, 0.250411558405805, accuracy)",12435,1,0.0,0,0.002
dpctgan,"LocalNeighbourhood(L_2, 0.250411558405805, accuracy)",12435,0,0.002,1,0.002
dpctgan,"LocalNeighbourhood(L_2, 0.250411558405805, accuracy)",12435,1,0.0,0,0.002
dpctgan,"LocalNeighbourhood(L_2, 0.250411558405805, accuracy)",12435,0,0.0,0,0.002
dpctgan,"LocalNeighbourhood(L_2, 0.250411558405805, accuracy)",12435,1,0.004,1,0.002
dpctgan,"LocalNeighbourhood(L_2, 0.250411558405805, accuracy)",12435,0,0.0,0,0.002
dpctgan,"LocalNeighbourhood(L_2, 0.250411558405805, accuracy)",12435,1,0.0,0,0.002
dpctgan,"LocalNeighbourhood(L_2, 0.250411558405805, accuracy)",12435,0,0.0,0,0.002
dpctgan,"LocalNeighbourhood(L_2, 0.250411558405805, accuracy)",12435,1,0.0,0,0.002
dpctgan,"LocalNeighbourhood(L_2, 0.250411558405805, accuracy)",12435,0,0.002,1,0.002
dpctgan,"LocalNeighbourhood(L_2, 0.250411558405805, accuracy)",12435,1,0.0,0,0.002
dpctgan,"LocalNeighbourhood(L_2, 0.250411558405805, accuracy)",12435,0,0.0,0,0.002
dpctgan,"LocalNeighbourhood(L_2, 0.250411558405805, accuracy)",12435,1,0.0,0,0.002
dpctgan,"LocalNeighbourhood(L_2, 0.250411558405805, accuracy)",12435,0,0.0,0,0.002
dpctgan,"LocalNeighbourhood(L_2, 0.250411558405805, accuracy)",12435,1,0.0,0,0.002
dpctgan,"LocalNeighbourhood(L_2, 0.250411558405805, accuracy)",12435,0,0.0,0,0.002
dpctgan,"LocalNeighbourhood(L_2, 0.250411558405805, accuracy)",12435,1,0.0,0,0.002
dpctgan,"LocalNeighbourhood(L_2, 0.250411558405805, accuracy)",12435,0,0.0,0,0.002
dpctgan,"LocalNeighbourhood(L_2, 0.250411558405805, accuracy)",12435,1,0.0,0,0.002
dpctgan,"LocalNeighbourhood(L_2, 0.250411558405805, accuracy)",12435,0,0.0,0,0.002
dpctgan,"LocalNeighbourhood(L_2, 0.250411558405805, accuracy)",12435,1,0.0,0,0.002
dpctgan,"LocalNeighbourhood(L_2, 0.250411558405805, accuracy)",12435,0,0.0,0,0.002
dpctgan,"LocalNeighbourhood(L_2, 0.250411558405805, accuracy)",12435,1,0.0,0,0.002
dpctgan,"LocalNeighbourhood(L_2, 0.250411558405805, accuracy)",12435,0,0.026,1,0.002
dpctgan,"LocalNeighbourhood(L_2, 0.250411558405805, accuracy)",12435,1,0.0,0,0.002
dpctgan,"LocalNeighbourhood(L_2, 0.250411558405805, accuracy)",12435,0,0.0,0,0.002
dpctgan,"LocalNeighbourhood(L_2, 0.250411558405805, accuracy)",12435,1,0.0,0,0.002
dpctgan,"LocalNeighbourhood(L_2, 0.250411558405805, accuracy)",12435,0,0.0,0,0.002
dpctgan,"LocalNeighbourhood(L_2, 0.250411558405805, accuracy)",12435,1,0.0,0,0.002
dpctgan,"LocalNeighbourhood(L_2, 0.250411558405805, accuracy)",12435,0,0.0,0,0.002
dpctgan,"LocalNeighbourhood(L_2, 0.250411558405805, accuracy)",12435,1,0.0,0,0.002
dpctgan,"LocalNeighbourhood(L_2, 0.250411558405805, accuracy)",12435,0,0.0,0,0.002
dpctgan,"LocalNeighbourhood(L_2, 0.250411558405805, accuracy)",12435,1,0.0,0,0.002
dpctgan,"LocalNeighbourhood(L_2, 0.250411558405805, accuracy)",12435,0,0.0,0,0.002
dpctgan,"LocalNeighbourhood(L_2, 0.250411558405805, accuracy)",12435,1,0.0,0,0.002
dpctgan,"LocalNeighbourhood(L_2, 0.250411558405805, accuracy)",12435,0,0.0,0,0.002
dpctgan,"LocalNeighbourhood(L_2, 0.250411558405805, accuracy)",12435,1,0.0,0,0.002
dpctgan,"LocalNeighbourhood(L_2, 0.250411558405805, accuracy)",12435,0,0.0,0,0.002
dpctgan,"LocalNeighbourhood(L_2, 0.250411558405805, accuracy)",12435,1,0.0,0,0.002
dpctgan,"LocalNeighbourhood(L_2, 0.250411558405805, accuracy)",12435,0,0.0,0,0.002
dpctgan,"LocalNeighbourhood(L_2, 0.250411558405805, accuracy)",12435,1,0.0,0,0.002
dpctgan,"LocalNeighbourhood(L_2, 0.250411558405805, accuracy)",12435,0,0.0,0,0.002
dpctgan,"LocalNeighbourhood(L_2, 0.250411558405805, accuracy)",12435,1,0.0,0,0.002
dpctgan,"LocalNeighbourhood(L_2, 0.250411558405805, accuracy)",12435,0,0.0,0,0.002
dpctgan,"LocalNeighbourhood(L_2, 0.250411558405805, accuracy)",12435,1,0.0,0,0.002
dpctgan,"LocalNeighbourhood(L_2, 0.250411558405805, accuracy)",12435,0,0.0,0,0.002
dpctgan,"LocalNeighbourhood(L_2, 0.250411558405805, accuracy)",12435,1,0.0,0,0.002
dpctgan,"LocalNeighbourhood(L_2, 0.250411558405805, accuracy)",12435,0,0.0,0,0.002
dpctgan,"LocalNeighbourhood(L_2, 0.250411558405805, accuracy)",12435,1,0.0,0,0.002
dpctgan,"LocalNeighbourhood(L_2, 0.250411558405805, accuracy)",12435,0,0.0,0,0.002
dpctgan,"LocalNeighbourhood(L_2, 0.250411558405805, accuracy)",12435,1,0.0,0,0.002
dpctgan,"LocalNeighbourhood(L_2, 0.250411558405805, accuracy)",12435,0,0.0,0,0.002
dpctgan,"LocalNeighbourhood(L_2, 0.250411558405805, accuracy)",12435,1,0.0,0,0.002
dpctgan,"LocalNeighbourhood(L_2, 0.250411558405805, accuracy)",12435,0,0.0,0,0.002
dpctgan,"LocalNeighbourhood(L_2, 0.250411558405805, accuracy)",12435,1,0.0,0,0.002
dpctgan,"LocalNeighbourhood(L_2, 0.250411558405805, accuracy)",12435,0,0.0,0,0.002
dpctgan,"LocalNeighbourhood(L_2, 0.250411558405805, accuracy)",12435,1,0.0,0,0.002
dpctgan,"LocalNeighbourhood(L_2, 0.250411558405805, accuracy)",12435,0,0.0,0,0.002
dpctgan,"LocalNeighbourhood(L_2, 0.250411558405805, accuracy)",12435,1,0.0,0,0.002
dpctgan,"LocalNeighbourhood(L_2, 0.250411558405805, accuracy)",12435,0,0.004,1,0.002
dpctgan,"LocalNeighbourhood(L_2, 0.250411558405805, accuracy)",12435,1,0.0,0,0.002
dpctgan,"LocalNeighbourhood(L_2, 0.250411558405805, accuracy)",12435,0,0.0,0,0.002
dpctgan,"LocalNeighbourhood(L_2, 0.250411558405805, accuracy)",12435,1,0.0,0,0.002
dpctgan,"LocalNeighbourhood(L_2, 0.250411558405805, accuracy)",12435,0,0.0,0,0.002
dpctgan,"LocalNeighbourhood(L_2, 0.250411558405805, accuracy)",12435,1,0.0,0,0.002
dpctgan,"LocalNeighbourhood(L_2, 0.250411558405805, accuracy)",12435,0,0.0,0,0.002
dpctgan,"LocalNeighbourhood(L_2, 0.250411558405805, accuracy)",12435,1,0.0,0,0.002
dpctgan,"LocalNeighbourhood(L_2, 0.250411558405805, accuracy)",12435,0,0.0,0,0.002
dpctgan,"LocalNeighbourhood(L_2, 0.250411558405805, accuracy)",12435,1,0.0,0,0.002
dpctgan,"LocalNeighbourhood(L_2, 0.250411558405805, accuracy)",12435,0,0.0,0,0.002
dpctgan,"LocalNeighbourhood(L_2, 0.250411558405805, accuracy)",12435,1,0.018,1,0.002
dpctgan,"LocalNeighbourhood(L_2, 0.250411558405805, accuracy)",12435,0,0.0,0,0.002
dpctgan,"LocalNeighbourhood(L_2, 0.250411558405805, accuracy)",12435,1,0.0,0,0.002
dpctgan,"LocalNeighbourhood(L_2, 0.250411558405805, accuracy)",12435,0,0.0,0,0.002
dpctgan,"LocalNeighbourhood(L_2, 0.250411558405805, accuracy)",12435,1,0.0,0,0.002
dpctgan,"LocalNeighbourhood(L_2, 0.250411558405805, accuracy)",12435,0,0.0,0,0.002
dpctgan,"LocalNeighbourhood(L_2, 0.250411558405805, accuracy)",12435,1,0.0,0,0.002
dpctgan,"LocalNeighbourhood(L_2, 0.250411558405805, accuracy)",12435,0,0.0,0,0.002
dpctgan,"LocalNeighbourhood(L_2, 0.250411558405805, accuracy)",12435,1,0.0,0,0.002
dpctgan,"LocalNeighbourhood(L_2, 0.250411558405805, accuracy)",12435,0,0.0,0,0.002
dpctgan,"LocalNeighbourhood(L_2, 0.250411558405805, accuracy)",12435,1,0.0,0,0.002
dpctgan,"LocalNeighbourhood(L_2, 0.250411558405805, accuracy)",12435,0,0.0,0,0.002
dpctgan,"LocalNeighbourhood(L_2, 0.250411558405805, accuracy)",12435,1,0.0,0,0.002
dpctgan,"LocalNeighbourhood(L_2, 0.250411558405805, accuracy)",12435,0,0.0,0,0.002
dpctgan,"LocalNeighbourhood(L_2, 0.250411558405805, accuracy)",12435,1,0.0,0,0.002
dpctgan,"LocalNeighbourhood(L_2, 0.250411558405805, accuracy)",12435,0,0.0,0,0.002
dpctgan,"LocalNeighbourhood(L_2, 0.250411558405805, accuracy)",12435,1,0.0,0,0.002
dpctgan,"LocalNeighbourhood(L_2, 0.250411558405805, accuracy)",12435,0,0.002,1,0.002
dpctgan,"LocalNeighbourhood(L_2, 0.250411558405805, accuracy)",12435,1,0.0,0,0.002
dpctgan,"LocalNeighbourhood(L_2, 0.250411558405805, accuracy)",12435,0,0.0,0,0.002
dpctgan,"LocalNeighbourhood(L_2, 0.250411558405805, accuracy)",12435,1,0.0,0,0.002
dpctgan,"LocalNeighbourhood(L_2, 0.250411558405805, accuracy)",12435,0,0.0,0,0.002
dpctgan,"LocalNeighbourhood(L_2, 0.250411558405805, accuracy)",12435,1,0.0,0,0.002
dpctgan,"LocalNeighbourhood(L_2, 0.250411558405805, accuracy)",12435,0,0.0,0,0.002
dpctgan,"LocalNeighbourhood(L_2, 0.250411558405805, accuracy)",12435,1,0.0,0,0.002
dpctgan,"LocalNeighbourhood(L_2, 0.250411558405805, accuracy)",12435,0,0.0,0,0.002
dpctgan,"LocalNeighbourhood(L_2, 0.250411558405805, accuracy)",12435,1,0.0,0,0.002
dpctgan,"LocalNeighbourhood(L_2, 0.250411558405805, accuracy)",12435,0,0.0,0,0.002
dpctgan,"LocalNeighbourhood(L_2, 0.250411558405805, accuracy)",12435,1,0.0,0,0.002
dpctgan,"LocalNeighbourhood(L_2, 0.250411558405805, accuracy)",12435,0,0.0,0,0.002
dpctgan,"LocalNeighbourhood(L_2, 0.250411558405805, accuracy)",12435,1,0.0,0,0.002
dpctgan,"LocalNeighbourhood(L_2, 0.250411558405805, accuracy)",12435,0,0.0,0,0.002
dpctgan,"LocalNeighbourhood(L_2, 0.250411558405805, accuracy)",12435,1,0.002,1,0.002
dpctgan,"LocalNeighbourhood(L_2, 0.250411558405805, accuracy)",12435,0,0.0,0,0.002
dpctgan,"LocalNeighbourhood(L_2, 0.250411558405805, accuracy)",12435,1,0.0,0,0.002
dpctgan,"LocalNeighbourhood(L_2, 0.250411558405805, accuracy)",12435,0,0.002,1,0.002
dpctgan,"LocalNeighbourhood(L_2, 0.250411558405805, accuracy)",12435,1,0.0,0,0.002
dpctgan,"LocalNeighbourhood(L_2, 0.250411558405805, accuracy)",12435,0,0.0,0,0.002
dpctgan,"LocalNeighbourhood(L_2, 0.250411558405805, accuracy)",12435,1,0.0,0,0.002
dpctgan,"LocalNeighbourhood(L_2, 0.250411558405805, accuracy)",12435,0,0.0,0,0.002
dpctgan,"LocalNeighbourhood(L_2, 0.250411558405805, accuracy)",12435,1,0.0,0,0.002
dpctgan,"LocalNeighbourhood(L_2, 0.250411558405805, accuracy)",12435,0,0.0,0,0.002
dpctgan,"LocalNeighbourhood(L_2, 0.250411558405805, accuracy)",12435,1,0.0,0,0.002
dpctgan,"LocalNeighbourhood(L_2, 0.250411558405805, accuracy)",12435,0,0.0,0,0.002
dpctgan,"LocalNeighbourhood(L_2, 0.250411558405805, accuracy)",12435,1,0.0,0,0.002
dpctgan,"LocalNeighbourhood(L_2, 0.250411558405805, accuracy)",12435,0,0.0,0,0.002
dpctgan,"LocalNeighbourhood(L_2, 0.250411558405805, accuracy)",12435,1,0.0,0,0.002
dpctgan,"LocalNeighbourhood(L_2, 0.250411558405805, accuracy)",12435,0,0.002,1,0.002
dpctgan,"LocalNeighbourhood(L_2, 0.250411558405805, accuracy)",12435,1,0.0,0,0.002
dpctgan,"LocalNeighbourhood(L_2, 0.250411558405805, accuracy)",12435,0,0.0,0,0.002
dpctgan,"LocalNeighbourhood(L_2, 0.250411558405805, accuracy)",12435,1,0.0,0,0.002
dpctgan,"LocalNeighbourhood(L_2, 0.250411558405805, accuracy)",12435,0,0.0,0,0.002
dpctgan,"LocalNeighbourhood(L_2, 0.250411558405805, accuracy)",12435,1,0.0,0,0.002
dpctgan,"LocalNeighbourhood(L_2, 0.250411558405805, accuracy)",12435,0,0.0,0,0.002
dpctgan,"LocalNeighbourhood(L_2, 0.250411558405805, accuracy)",12435,1,0.0,0,0.002
dpctgan,"LocalNeighbourhood(L_2, 0.250411558405805, accuracy)",12435,0,0.0,0,0.002
dpctgan,"LocalNeighbourhood(L_2, 0.250411558405805, accuracy)",12435,1,0.0,0,0.002
dpctgan,"LocalNeighbourhood(L_2, 0.250411558405805, accuracy)",12435,0,0.0,0,0.002
dpctgan,"LocalNeighbourhood(L_2, 0.250411558405805, accuracy)",12435,1,0.002,1,0.002
dpctgan,"LocalNeighbourhood(L_2, 0.250411558405805, accuracy)",12435,0,0.0,0,0.002
dpctgan,"LocalNeighbourhood(L_2, 0.250411558405805, accuracy)",12435,1,0.0,0,0.002
dpctgan,"LocalNeighbourhood(L_2, 0.250411558405805, accuracy)",12435,0,0.0,0,0.002
dpctgan,"LocalNeighbourhood(L_2, 0.250411558405805, accuracy)",12435,1,0.002,1,0.002
dpctgan,"LocalNeighbourhood(L_2, 0.250411558405805, accuracy)",12435,0,0.0,0,0.002
dpctgan,"LocalNeighbourhood(L_2, 0.250411558405805, accuracy)",12435,1,0.0,0,0.002
dpctgan,"LocalNeighbourhood(L_2, 0.250411558405805, accuracy)",12435,0,0.0,0,0.002
dpctgan,"LocalNeighbourhood(L_2, 0.250411558405805, accuracy)",12435,1,0.0,0,0.002
dpctgan,"LocalNeighbourhood(L_2, 0.250411558405805, accuracy)",12435,0,0.0,0,0.002
dpctgan,"LocalNeighbourhood(L_2, 0.250411558405805, accuracy)",12435,1,0.0,0,0.002
dpctgan,"LocalNeighbourhood(L_2, 0.250411558405805, accuracy)",12435,0,0.0,0,0.002
dpctgan,"LocalNeighbourhood(L_2, 0.250411558405805, accuracy)",12435,1,0.0,0,0.002
dpctgan,"LocalNeighbourhood(L_2, 0.250411558405805, accuracy)",12435,0,0.0,0,0.002
dpctgan,"LocalNeighbourhood(L_2, 0.250411558405805, accuracy)",12435,1,0.0,0,0.002
dpctgan,"LocalNeighbourhood(L_2, 0.250411558405805, accuracy)",12435,0,0.0,0,0.002
dpctgan,"LocalNeighbourhood(L_2, 0.250411558405805, accuracy)",12435,1,0.0,0,0.002
dpctgan,"LocalNeighbourhood(L_2, 0.250411558405805, accuracy)",12435,0,0.0,0,0.002
dpctgan,"LocalNeighbourhood(L_2, 0.250411558405805, accuracy)",12435,1,0.0,0,0.002
dpctgan,"LocalNeighbourhood(L_2, 0.250411558405805, accuracy)",12435,0,0.0,0,0.002
dpctgan,"LocalNeighbourhood(L_2, 0.250411558405805, accuracy)",12435,1,0.0,0,0.002
dpctgan,"LocalNeighbourhood(L_2, 0.250411558405805, accuracy)",12435,0,0.0,0,0.002
dpctgan,"LocalNeighbourhood(L_2, 0.250411558405805, accuracy)",12435,1,0.002,1,0.002
dpctgan,"LocalNeighbourhood(L_2, 0.250411558405805, accuracy)",12435,0,0.0,0,0.002
dpctgan,"LocalNeighbourhood(L_2, 0.250411558405805, accuracy)",12435,1,0.0,0,0.002
dpctgan,"LocalNeighbourhood(L_2, 0.250411558405805, accuracy)",12435,0,0.0,0,0.002
dpctgan,"LocalNeighbourhood(L_2, 0.250411558405805, accuracy)",12435,1,0.0,0,0.002
dpctgan,"LocalNeighbourhood(L_2, 0.250411558405805, accuracy)",12435,0,0.0,0,0.002
dpctgan,"LocalNeighbourhood(L_2, 0.250411558405805, accuracy)",12435,1,0.002,1,0.002
dpctgan,"LocalNeighbourhood(L_2, 0.250411558405805, accuracy)",12435,0,0.0,0,0.002
dpctgan,"LocalNeighbourhood(L_2, 0.250411558405805, accuracy)",12435,1,0.0,0,0.002
dpctgan,"LocalNeighbourhood(L_2, 0.250411558405805, accuracy)",12435,0,0.0,0,0.002
dpctgan,"LocalNeighbourhood(L_2, 0.250411558405805, accuracy)",12435,1,0.0,0,0.002
dpctgan,"LocalNeighbourhood(L_2, 0.250411558405805, accuracy)",12435,0,0.0,0,0.002
dpctgan,"LocalNeighbourhood(L_2, 0.250411558405805, accuracy)",12435,1,0.0,0,0.002
dpctgan,"LocalNeighbourhood(L_2, 0.250411558405805, accuracy)",12435,0,0.0,0,0.002
dpctgan,"LocalNeighbourhood(L_2, 0.250411558405805, accuracy)",12435,1,0.0,0,0.002
dpctgan,"LocalNeighbourhood(L_2, 0.250411558405805, accuracy)",12435,0,0.0,0,0.002
dpctgan,"LocalNeighbourhood(L_2, 0.250411558405805, accuracy)",12435,1,0.0,0,0.002
dpctgan,"LocalNeighbourhood(L_2, 0.250411558405805, accuracy)",12435,0,0.0,0,0.002
dpctgan,"LocalNeighbourhood(L_2, 0.250411558405805, accuracy)",12435,1,0.0,0,0.002
dpctgan,"LocalNeighbourhood(L_2, 0.250411558405805, accuracy)",12435,0,0.002,1,0.002
dpctgan,"LocalNeighbourhood(L_2, 0.250411558405805, accuracy)",12435,1,0.006,1,0.002
dpctgan,"LocalNeighbourhood(L_2, 0.250411558405805, accuracy)",12435,0,0.0,0,0.002
dpctgan,"LocalNeighbourhood(L_2, 0.250411558405805, accuracy)",12435,1,0.0,0,0.002
dpctgan,"LocalNeighbourhood(L_2, 0.250411558405805, accuracy)",12435,0,0.0,0,0.002
dpctgan,"LocalNeighbourhood(L_2, 0.250411558405805, accuracy)",12435,1,0.0,0,0.002
dpctgan,"LocalNeighbourhood(L_2, 0.250411558405805, accuracy)",12435,0,0.0,0,0.002
dpctgan,"LocalNeighbourhood(L_2, 0.250411558405805, accuracy)",12435,1,0.0,0,0.002
dpctgan,"LocalNeighbourhood(L_2, 0.250411558405805, accuracy)",12435,0,0.0,0,0.002
dpctgan,"LocalNeighbourhood(L_2, 0.250411558405805, accuracy)",12435,1,0.0,0,0.002
dpctgan,"LocalNeighbourhood(L_2, 0.250411558405805, accuracy)",12435,0,0.0,0,0.002
dpctgan,"LocalNeighbourhood(L_2, 0.250411558405805, accuracy)",12435,1,0.008,1,0.002
dpctgan,"LocalNeighbourhood(L_2, 0.250411558405805, accuracy)",12435,0,0.006,1,0.002
dpctgan,"LocalNeighbourhood(L_2, 0.250411558405805, accuracy)",12435,1,0.0,0,0.002
dpctgan,"LocalNeighbourhood(L_2, 0.250411558405805, accuracy)",12435,0,0.0,0,0.002
dpctgan,"LocalNeighbourhood(L_2, 0.250411558405805, accuracy)",12435,1,0.0,0,0.002
dpctgan,"LocalNeighbourhood(L_2, 0.250411558405805, accuracy)",12435,0,0.0,0,0.002
dpctgan,"LocalNeighbourhood(L_2, 0.250411558405805, accuracy)",12435,1,0.0,0,0.002
dpctgan,"LocalNeighbourhood(L_2, 0.250411558405805, accuracy)",12435,0,0.0,0,0.002
dpctgan,"LocalNeighbourhood(L_2, 0.250411558405805, accuracy)",12435,1,0.0,0,0.002
dpctgan,"LocalNeighbourhood(L_2, 0.250411558405805, accuracy)",12435,0,0.0,0,0.002
dpctgan,"LocalNeighbourhood(L_2, 0.250411558405805, accuracy)",12435,1,0.0,0,0.002
dpctgan,"LocalNeighbourhood(L_2, 0.250411558405805, accuracy)",12435,0,0.004,1,0.002
dpctgan,"LocalNeighbourhood(L_2, 0.250411558405805, accuracy)",12435,1,0.0,0,0.002
dpctgan,"LocalNeighbourhood(L_2, 0.250411558405805, accuracy)",12435,0,0.0,0,0.002
dpctgan,"LocalNeighbourhood(L_2, 0.250411558405805, accuracy)",12435,1,0.0,0,0.002
dpctgan,"LocalNeighbourhood(L_2, 0.250411558405805, accuracy)",12435,0,0.0,0,0.002
dpctgan,"LocalNeighbourhood(L_2, 0.250411558405805, accuracy)",12435,1,0.0,0,0.002
dpctgan,"LocalNeighbourhood(L_2, 0.250411558405805, accuracy)",12435,0,0.0,0,0.002
dpctgan,"LocalNeighbourhood(L_2, 0.250411558405805, accuracy)",12435,1,0.0,0,0.002
dpctgan,"LocalNeighbourhood(L_2, 0.250411558405805, accuracy)",12435,0,0.0,0,0.002
dpctgan,"LocalNeighbourhood(L_2, 0.250411558405805, accuracy)",12435,1,0.0,0,0.002
dpctgan,"LocalNeighbourhood(L_2, 0.250411558405805, accuracy)",12435,0,0.0,0,0.002
dpctgan,"LocalNeighbourhood(L_2, 0.250411558405805, accuracy)",12435,1,0.0,0,0.002
dpctgan,"LocalNeighbourhood(L_2, 0.250411558405805, accuracy)",12435,0,0.0,0,0.002
dpctgan,"LocalNeighbourhood(L_2, 0.250411558405805, accuracy)",12435,1,0.004,1,0.002
dpctgan,"LocalNeighbourhood(L_2, 0.250411558405805, accuracy)",12435,0,0.0,0,0.002
dpctgan,"LocalNeighbourhood(L_2, 0.250411558405805, accuracy)",12435,1,0.0,0,0.002
dpctgan,"LocalNeighbourhood(L_2, 0.250411558405805, accuracy)",12435,0,0.002,1,0.002
dpctgan,"LocalNeighbourhood(L_2, 0.250411558405805, accuracy)",12435,1,0.0,0,0.002
dpctgan,"LocalNeighbourhood(L_2, 0.250411558405805, accuracy)",12435,0,0.0,0,0.002
dpctgan,"LocalNeighbourhood(L_2, 0.250411558405805, accuracy)",12435,1,0.0,0,0.002
dpctgan,"LocalNeighbourhood(L_2, 0.250411558405805, accuracy)",12435,0,0.0,0,0.002
dpctgan,"LocalNeighbourhood(L_2, 0.250411558405805, accuracy)",12435,1,0.0,0,0.002
dpctgan,"LocalNeighbourhood(L_2, 0.250411558405805, accuracy)",12435,0,0.0,0,0.002
dpctgan,"LocalNeighbourhood(L_2, 0.250411558405805, accuracy)",12435,1,0.0,0,0.002
dpctgan,"LocalNeighbourhood(L_2, 0.250411558405805, accuracy)",12435,0,0.002,1,0.002
dpctgan,"LocalNeighbourhood(L_2, 0.250411558405805, accuracy)",12435,1,0.0,0,0.002
dpctgan,"LocalNeighbourhood(L_2, 0.250411558405805, accuracy)",12435,0,0.0,0,0.002
dpctgan,"LocalNeighbourhood(L_2, 0.250411558405805, accuracy)",12435,1,0.01,1,0.002
dpctgan,"LocalNeighbourhood(L_2, 0.250411558405805, accuracy)",12435,0,0.0,0,0.002
dpctgan,"LocalNeighbourhood(L_2, 0.250411558405805, accuracy)",12435,1,0.0,0,0.002
dpctgan,"LocalNeighbourhood(L_2, 0.250411558405805, accuracy)",12435,0,0.0,0,0.002
dpctgan,"LocalNeighbourhood(L_2, 0.250411558405805, accuracy)",12435,1,0.0,0,0.002
dpctgan,"LocalNeighbourhood(L_2, 0.250411558405805, accuracy)",12435,0,0.0,0,0.002
dpctgan,"LocalNeighbourhood(L_2, 0.250411558405805, accuracy)",12435,1,0.0,0,0.002
dpctgan,"LocalNeighbourhood(L_2, 0.250411558405805, accuracy)",12435,0,0.002,1,0.002
dpctgan,"LocalNeighbourhood(L_2, 0.250411558405805, accuracy)",12435,1,0.0,0,0.002
dpctgan,"LocalNeighbourhood(L_2, 0.250411558405805, accuracy)",12435,0,0.0,0,0.002
dpctgan,"LocalNeighbourhood(L_2, 0.250411558405805, accuracy)",12435,1,0.0,0,0.002
dpctgan,"LocalNeighbourhood(L_2, 0.250411558405805, accuracy)",12435,0,0.0,0,0.002
dpctgan,"LocalNeighbourhood(L_2, 0.250411558405805, accuracy)",12435,1,0.0,0,0.002
dpctgan,"LocalNeighbourhood(L_2, 0.250411558405805, accuracy)",12435,0,0.0,0,0.002
dpctgan,"LocalNeighbourhood(L_2, 0.250411558405805, accuracy)",12435,1,0.0,0,0.002
dpctgan,"LocalNeighbourhood(L_2, 0.250411558405805, accuracy)",12435,0,0.0,0,0.002
dpctgan,"LocalNeighbourhood(L_2, 0.250411558405805, accuracy)",12435,1,0.0,0,0.002
dpctgan,"LocalNeighbourhood(L_2, 0.250411558405805, accuracy)",12435,0,0.0,0,0.002
dpctgan,"LocalNeighbourhood(L_2, 0.250411558405805, accuracy)",12435,1,0.0,0,0.002
dpctgan,"LocalNeighbourhood(L_2, 0.250411558405805, accuracy)",12435,0,0.0,0,0.002
dpctgan,"LocalNeighbourhood(L_2, 0.250411558405805, accuracy)",12435,1,0.0,0,0.002
dpctgan,"LocalNeighbourhood(L_2, 0.250411558405805, accuracy)",12435,0,0.022,1,0.002
dpctgan,"LocalNeighbourhood(L_2, 0.250411558405805, accuracy)",12435,1,0.0,0,0.002
dpctgan,"LocalNeighbourhood(L_2, 0.250411558405805, accuracy)",12435,0,0.0,0,0.002
dpctgan,"LocalNeighbourhood(L_2, 0.250411558405805, accuracy)",12435,1,0.0,0,0.002
dpctgan,"LocalNeighbourhood(L_2, 0.250411558405805, accuracy)",12435,0,0.0,0,0.002
dpctgan,"LocalNeighbourhood(L_2, 0.250411558405805, accuracy)",12435,1,0.0,0,0.002
dpctgan,"LocalNeighbourhood(L_2, 0.250411558405805, accuracy)",12435,0,0.0,0,0.002
dpctgan,"LocalNeighbourhood(L_2, 0.250411558405805, accuracy)",12435,1,0.0,0,0.002
dpctgan,"LocalNeighbourhood(L_2, 0.250411558405805, accuracy)",12435,0,0.0,0,0.002
dpctgan,"LocalNeighbourhood(L_2, 0.250411558405805, accuracy)",12435,1,0.0,0,0.002
dpctgan,"LocalNeighbourhood(L_2, 0.250411558405805, accuracy)",12435,0,0.0,0,0.002
dpctgan,"LocalNeighbourhood(L_2, 0.250411558405805, accuracy)",12435,1,0.014,1,0.002
dpctgan,"LocalNeighbourhood(L_2, 0.250411558405805, accuracy)",12435,0,0.0,0,0.002
dpctgan,"LocalNeighbourhood(L_2, 0.250411558405805, accuracy)",12435,1,0.0,0,0.002
dpctgan,"LocalNeighbourhood(L_2, 0.250411558405805, accuracy)",12435,0,0.0,0,0.002
dpctgan,"LocalNeighbourhood(L_2, 0.250411558405805, accuracy)",12435,1,0.002,1,0.002
dpctgan,"LocalNeighbourhood(L_2, 0.250411558405805, accuracy)",12435,0,0.0,0,0.002
dpctgan,"LocalNeighbourhood(L_2, 0.250411558405805, accuracy)",12435,1,0.0,0,0.002
dpctgan,"LocalNeighbourhood(L_2, 0.250411558405805, accuracy)",12435,0,0.002,1,0.002
dpctgan,"LocalNeighbourhood(L_2, 0.250411558405805, accuracy)",12435,1,0.0,0,0.002
dpctgan,"LocalNeighbourhood(L_2, 0.250411558405805, accuracy)",12435,0,0.0,0,0.002
dpctgan,"LocalNeighbourhood(L_2, 0.250411558405805, accuracy)",12435,1,0.0,0,0.002
dpctgan,"LocalNeighbourhood(L_2, 0.250411558405805, accuracy)",12435,0,0.0,0,0.002
dpctgan,"LocalNeighbourhood(L_2, 0.250411558405805, accuracy)",12435,1,0.004,1,0.002
dpctgan,"LocalNeighbourhood(L_2, 0.250411558405805, accuracy)",12435,0,0.0,0,0.002
dpctgan,"LocalNeighbourhood(L_2, 0.250411558405805, accuracy)",12435,1,0.0,0,0.002
dpctgan,"LocalNeighbourhood(L_2, 0.250411558405805, accuracy)",12435,0,0.0,0,0.002
dpctgan,"LocalNeighbourhood(L_2, 0.250411558405805, accuracy)",12435,1,0.0,0,0.002
dpctgan,"LocalNeighbourhood(L_2, 0.250411558405805, accuracy)",12435,0,0.0,0,0.002
dpctgan,"LocalNeighbourhood(L_2, 0.250411558405805, accuracy)",12435,1,0.0,0,0.002
dpctgan,"LocalNeighbourhood(L_2, 0.250411558405805, accuracy)",12435,0,0.0,0,0.002
dpctgan,"LocalNeighbourhood(L_2, 0.250411558405805, accuracy)",12435,1,0.0,0,0.002
dpctgan,"LocalNeighbourhood(L_2, 0.250411558405805, accuracy)",12435,0,0.0,0,0.002
dpctgan,"LocalNeighbourhood(L_2, 0.250411558405805, accuracy)",12435,1,0.0,0,0.002
dpctgan,"LocalNeighbourhood(L_2, 0.250411558405805, accuracy)",12435,0,0.0,0,0.002
dpctgan,"LocalNeighbourhood(L_2, 0.250411558405805, accuracy)",12435,1,0.0,0,0.002
dpctgan,"LocalNeighbourhood(L_2, 0.250411558405805, accuracy)",12435,0,0.0,0,0.002
dpctgan,"LocalNeighbourhood(L_2, 0.250411558405805, accuracy)",12435,1,0.0,0,0.002
dpctgan,"LocalNeighbourhood(L_2, 0.250411558405805, accuracy)",12435,0,0.0,0,0.002
dpctgan,"LocalNeighbourhood(L_2, 0.250411558405805, accuracy)",12435,1,0.0,0,0.002
dpctgan,"LocalNeighbourhood(L_2, 0.250411558405805, accuracy)",12435,0,0.0,0,0.002
dpctgan,"LocalNeighbourhood(L_2, 0.250411558405805, accuracy)",12435,1,0.0,0,0.002
dpctgan,"LocalNeighbourhood(L_2, 0.250411558405805, accuracy)",12435,0,0.0,0,0.002
dpctgan,"LocalNeighbourhood(L_2, 0.250411558405805, accuracy)",12435,1,0.0,0,0.002
dpctgan,"LocalNeighbourhood(L_2, 0.250411558405805, accuracy)",12435,0,0.004,1,0.002
dpctgan,"LocalNeighbourhood(L_2, 0.250411558405805, accuracy)",12435,1,0.0,0,0.002
dpctgan,"LocalNeighbourhood(L_2, 0.250411558405805, accuracy)",12435,0,0.0,0,0.002
dpctgan,"LocalNeighbourhood(L_2, 0.250411558405805, accuracy)",12435,1,0.0,0,0.002
dpctgan,"LocalNeighbourhood(L_2, 0.250411558405805, accuracy)",12435,0,0.01,1,0.002
dpctgan,"LocalNeighbourhood(L_2, 0.250411558405805, accuracy)",12435,1,0.0,0,0.002
dpctgan,"LocalNeighbourhood(L_2, 0.250411558405805, accuracy)",12435,0,0.0,0,0.002
dpctgan,"LocalNeighbourhood(L_2, 0.250411558405805, accuracy)",12435,1,0.0,0,0.002
dpctgan,"LocalNeighbourhood(L_2, 0.250411558405805, accuracy)",12435,0,0.0,0,0.002
dpctgan,"LocalNeighbourhood(L_2, 0.250411558405805, accuracy)",12435,1,0.0,0,0.002
dpctgan,"LocalNeighbourhood(L_2, 0.250411558405805, accuracy)",12435,0,0.0,0,0.002
dpctgan,"LocalNeighbourhood(L_2, 0.250411558405805, accuracy)",12435,1,0.0,0,0.002
dpctgan,"LocalNeighbourhood(L_2, 0.250411558405805, accuracy)",12435,0,0.0,0,0.002
dpctgan,"LocalNeighbourhood(L_2, 0.250411558405805, accuracy)",12435,1,0.0,0,0.002
dpctgan,"LocalNeighbourhood(L_2, 0.250411558405805, accuracy)",12435,0,0.0,0,0.002
dpctgan,"LocalNeighbourhood(L_2, 0.250411558405805, accuracy)",12435,1,0.0,0,0.002
dpctgan,"LocalNeighbourhood(L_2, 0.250411558405805, accuracy)",12435,0,0.0,0,0.002
dpctgan,"LocalNeighbourhood(L_2, 0.250411558405805, accuracy)",12435,1,0.0,0,0.002
dpctgan,"LocalNeighbourhood(L_2, 0.250411558405805, accuracy)",12435,0,0.0,0,0.002
dpctgan,"LocalNeighbourhood(L_2, 0.250411558405805, accuracy)",12435,1,0.0,0,0.002
dpctgan,"LocalNeighbourhood(L_2, 0.250411558405805, accuracy)",12435,0,0.0,0,0.002
dpctgan,"LocalNeighbourhood(L_2, 0.250411558405805, accuracy)",12435,1,0.0,0,0.002
dpctgan,"LocalNeighbourhood(L_2, 0.250411558405805, accuracy)",12435,0,0.0,0,0.002
dpctgan,"LocalNeighbourhood(L_2, 0.250411558405805, accuracy)",12435,1,0.0,0,0.002
dpctgan,"LocalNeighbourhood(L_2, 0.250411558405805, accuracy)",12435,0,0.0,0,0.002
dpctgan,"LocalNeighbourhood(L_2, 0.250411558405805, accuracy)",12435,1,0.0,0,0.002
dpctgan,"LocalNeighbourhood(L_2, 0.250411558405805, accuracy)",12435,0,0.0,0,0.002
dpctgan,"LocalNeighbourhood(L_2, 0.250411558405805, accuracy)",12435,1,0.0,0,0.002
dpctgan,"LocalNeighbourhood(L_2, 0.250411558405805, accuracy)",12435,0,0.002,1,0.002
dpctgan,"LocalNeighbourhood(L_2, 0.250411558405805, accuracy)",12435,1,0.0,0,0.002
dpctgan,"LocalNeighbourhood(L_2, 0.250411558405805, accuracy)",12435,0,0.0,0,0.002
dpctgan,"LocalNeighbourhood(L_2, 0.250411558405805, accuracy)",12435,1,0.0,0,0.002
dpctgan,"LocalNeighbourhood(L_2, 0.250411558405805, accuracy)",12435,0,0.0,0,0.002
dpctgan,"LocalNeighbourhood(L_2, 0.250411558405805, accuracy)",12435,1,0.0,0,0.002
dpctgan,"LocalNeighbourhood(L_2, 0.250411558405805, accuracy)",12435,0,0.0,0,0.002
dpctgan,"LocalNeighbourhood(L_2, 0.250411558405805, accuracy)",12435,1,0.0,0,0.002
dpctgan,"LocalNeighbourhood(L_2, 0.250411558405805, accuracy)",12435,0,0.0,0,0.002
dpctgan,"LocalNeighbourhood(L_2, 0.250411558405805, accuracy)",12435,1,0.0,0,0.002
dpctgan,"LocalNeighbourhood(L_2, 0.250411558405805, accuracy)",12435,0,0.0,0,0.002
dpctgan,"LocalNeighbourhood(L_2, 0.250411558405805, accuracy)",12435,1,0.0,0,0.002
dpctgan,"LocalNeighbourhood(L_2, 0.250411558405805, accuracy)",12435,0,0.0,0,0.002
dpctgan,"LocalNeighbourhood(L_2, 0.250411558405805, accuracy)",12435,1,0.0,0,0.002
dpctgan,"LocalNeighbourhood(L_2, 0.250411558405805, accuracy)",12435,0,0.0,0,0.002
dpctgan,"LocalNeighbourhood(L_2, 0.250411558405805, accuracy)",12435,1,0.0,0,0.002
dpctgan,"LocalNeighbourhood(L_2, 0.250411558405805, accuracy)",12435,0,0.0,0,0.002
dpctgan,"LocalNeighbourhood(L_2, 0.250411558405805, accuracy)",12435,1,0.0,0,0.002
dpctgan,"LocalNeighbourhood(L_2, 0.250411558405805, accuracy)",12435,0,0.004,1,0.002
dpctgan,"LocalNeighbourhood(L_2, 0.250411558405805, accuracy)",12435,1,0.0,0,0.002
dpctgan,"LocalNeighbourhood(L_2, 0.250411558405805, accuracy)",12435,0,0.0,0,0.002
dpctgan,"LocalNeighbourhood(L_2, 0.250411558405805, accuracy)",12435,1,0.002,1,0.002
dpctgan,"LocalNeighbourhood(L_2, 0.250411558405805, accuracy)",12435,0,0.004,1,0.002
dpctgan,"LocalNeighbourhood(L_2, 0.250411558405805, accuracy)",12435,1,0.0,0,0.002
dpctgan,"LocalNeighbourhood(L_2, 0.250411558405805, accuracy)",12435,0,0.0,0,0.002
dpctgan,"LocalNeighbourhood(L_2, 0.250411558405805, accuracy)",12435,1,0.0,0,0.002
dpctgan,"LocalNeighbourhood(L_2, 0.250411558405805, accuracy)",12435,0,0.0,0,0.002
dpctgan,"LocalNeighbourhood(L_2, 0.250411558405805, accuracy)",12435,1,0.004,1,0.002
dpctgan,"LocalNeighbourhood(L_2, 0.250411558405805, accuracy)",12435,0,0.0,0,0.002
dpctgan,"LocalNeighbourhood(L_2, 0.250411558405805, accuracy)",12435,1,0.0,0,0.002
dpctgan,"LocalNeighbourhood(L_2, 0.250411558405805, accuracy)",12435,0,0.0,0,0.002
dpctgan,"LocalNeighbourhood(L_2, 0.250411558405805, accuracy)",12435,1,0.0,0,0.002
dpctgan,"LocalNeighbourhood(L_2, 0.250411558405805, accuracy)",12435,0,0.002,1,0.002
dpctgan,"LocalNeighbourhood(L_2, 0.250411558405805, accuracy)",12435,1,0.0,0,0.002
dpctgan,"LocalNeighbourhood(L_2, 0.250411558405805, accuracy)",12435,0,0.0,0,0.002
dpctgan,"LocalNeighbourhood(L_2, 0.250411558405805, accuracy)",12435,1,0.018,1,0.002
dpctgan,"LocalNeighbourhood(L_2, 0.250411558405805, accuracy)",12435,0,0.0,0,0.002
dpctgan,"LocalNeighbourhood(L_2, 0.250411558405805, accuracy)",12435,1,0.0,0,0.002
dpctgan,"LocalNeighbourhood(L_2, 0.250411558405805, accuracy)",12435,0,0.0,0,0.002
dpctgan,"LocalNeighbourhood(L_2, 0.250411558405805, accuracy)",12435,1,0.0,0,0.002
dpctgan,"LocalNeighbourhood(L_2, 0.250411558405805, accuracy)",12435,0,0.0,0,0.002
dpctgan,"LocalNeighbourhood(L_2, 0.250411558405805, accuracy)",12435,1,0.0,0,0.002
dpctgan,"LocalNeighbourhood(L_2, 0.250411558405805, accuracy)",12435,0,0.0,0,0.002
dpctgan,"LocalNeighbourhood(L_2, 0.250411558405805, accuracy)",12435,1,0.002,1,0.002
dpctgan,"LocalNeighbourhood(L_2, 0.250411558405805, accuracy)",12435,0,0.0,0,0.002
dpctgan,"LocalNeighbourhood(L_2, 0.250411558405805, accuracy)",12435,1,0.0,0,0.002
dpctgan,"LocalNeighbourhood(L_2, 0.250411558405805, accuracy)",12435,0,0.0,0,0.002
dpctgan,"LocalNeighbourhood(L_2, 0.250411558405805, accuracy)",12435,1,0.0,0,0.002
dpctgan,"LocalNeighbourhood(L_2, 0.250411558405805, accuracy)",12435,0,0.0,0,0.002
dpctgan,"LocalNeighbourhood(L_2, 0.250411558405805, accuracy)",12435,1,0.0,0,0.002
dpctgan,"LocalNeighbourhood(L_2, 0.250411558405805, accuracy)",12435,0,0.006,1,0.002
dpctgan,"LocalNeighbourhood(L_2, 0.250411558405805, accuracy)",12435,1,0.0,0,0.002
dpctgan,"LocalNeighbourhood(L_2, 0.250411558405805, accuracy)",12435,0,0.0,0,0.002
dpctgan,"LocalNeighbourhood(L_2, 0.250411558405805, accuracy)",12435,1,0.0,0,0.002
dpctgan,"LocalNeighbourhood(L_2, 0.250411558405805, accuracy)",12435,0,0.0,0,0.002
dpctgan,"LocalNeighbourhood(L_2, 0.250411558405805, accuracy)",12435,1,0.0,0,0.002
dpctgan,"LocalNeighbourhood(L_2, 0.250411558405805, accuracy)",12435,0,0.0,0,0.002
dpctgan,"LocalNeighbourhood(L_2, 0.250411558405805, accuracy)",12435,1,0.0,0,0.002
dpctgan,"LocalNeighbourhood(L_2, 0.250411558405805, accuracy)",12435,0,0.0,0,0.002
dpctgan,"LocalNeighbourhood(L_2, 0.250411558405805, accuracy)",12435,1,0.006,1,0.002
dpctgan,"LocalNeighbourhood(L_2, 0.250411558405805, accuracy)",12435,0,0.0,0,0.002
dpctgan,"LocalNeighbourhood(L_2, 0.250411558405805, accuracy)",12435,1,0.0,0,0.002
dpctgan,"LocalNeighbourhood(L_2, 0.250411558405805, accuracy)",12435,0,0.0,0,0.002
dpctgan,"LocalNeighbourhood(L_2, 0.250411558405805, accuracy)",12435,1,0.0,0,0.002
dpctgan,"LocalNeighbourhood(L_2, 0.250411558405805, accuracy)",12435,0,0.0,0,0.002
dpctgan,"LocalNeighbourhood(L_2, 0.250411558405805, accuracy)",12435,1,0.0,0,0.002
dpctgan,"LocalNeighbourhood(L_2, 0.250411558405805, accuracy)",12435,0,0.0,0,0.002
dpctgan,"LocalNeighbourhood(L_2, 0.250411558405805, accuracy)",12435,1,0.0,0,0.002
dpctgan,"LocalNeighbourhood(L_2, 0.250411558405805, accuracy)",12435,0,0.0,0,0.002
dpctgan,"LocalNeighbourhood(L_2, 0.250411558405805, accuracy)",12435,1,0.0,0,0.002
dpctgan,"LocalNeighbourhood(L_2, 0.250411558405805, accuracy)",12435,0,0.0,0,0.002
dpctgan,"LocalNeighbourhood(L_2, 0.250411558405805, accuracy)",12435,1,0.002,1,0.002
dpctgan,"LocalNeighbourhood(L_2, 0.250411558405805, accuracy)",12435,0,0.0,0,0.002
dpctgan,"LocalNeighbourhood(L_2, 0.250411558405805, accuracy)",12435,1,0.0,0,0.002
dpctgan,"LocalNeighbourhood(L_2, 0.250411558405805, accuracy)",12435,0,0.0,0,0.002
dpctgan,"LocalNeighbourhood(L_2, 0.250411558405805, accuracy)",12435,1,0.0,0,0.002
dpctgan,"LocalNeighbourhood(L_2, 0.250411558405805, accuracy)",12435,0,0.0,0,0.002
dpctgan,"LocalNeighbourhood(L_2, 0.250411558405805, accuracy)",12435,1,0.0,0,0.002
dpctgan,"LocalNeighbourhood(L_2, 0.250411558405805, accuracy)",12435,0,0.0,0,0.002
dpctgan,"LocalNeighbourhood(L_2, 0.250411558405805, accuracy)",12435,1,0.0,0,0.002
dpctgan,"LocalNeighbourhood(L_2, 0.250411558405805, accuracy)",12435,0,0.02,1,0.002
dpctgan,"LocalNeighbourhood(L_2, 0.250411558405805, accuracy)",12435,1,0.0,0,0.002
dpctgan,"LocalNeighbourhood(L_2, 0.250411558405805, accuracy)",12435,0,0.0,0,0.002
dpctgan,"LocalNeighbourhood(L_2, 0.250411558405805, accuracy)",12435,1,0.0,0,0.002
dpctgan,"LocalNeighbourhood(L_2, 0.250411558405805, accuracy)",12435,0,0.0,0,0.002
dpctgan,"LocalNeighbourhood(L_2, 0.250411558405805, accuracy)",12435,1,0.0,0,0.002
dpctgan,"LocalNeighbourhood(L_2, 0.250411558405805, accuracy)",12435,0,0.0,0,0.002
dpctgan,"LocalNeighbourhood(L_2, 0.250411558405805, accuracy)",12435,1,0.0,0,0.002
dpctgan,"LocalNeighbourhood(L_2, 0.250411558405805, accuracy)",12435,0,0.0,0,0.002
dpctgan,"LocalNeighbourhood(L_2, 0.250411558405805, accuracy)",12435,1,0.002,1,0.002
dpctgan,"LocalNeighbourhood(L_2, 0.250411558405805, accuracy)",12435,0,0.0,0,0.002
dpctgan,"LocalNeighbourhood(L_2, 0.250411558405805, accuracy)",12435,1,0.0,0,0.002
dpctgan,"LocalNeighbourhood(L_2, 0.250411558405805, accuracy)",12435,0,0.0,0,0.002
dpctgan,"LocalNeighbourhood(L_2, 0.250411558405805, accuracy)",12435,1,0.0,0,0.002
dpctgan,"LocalNeighbourhood(L_2, 0.250411558405805, accuracy)",12435,0,0.0,0,0.002
dpctgan,"LocalNeighbourhood(L_2, 0.250411558405805, accuracy)",12435,1,0.0,0,0.002
dpctgan,"LocalNeighbourhood(L_2, 0.250411558405805, accuracy)",12435,0,0.0,0,0.002
dpctgan,"LocalNeighbourhood(L_2, 0.250411558405805, accuracy)",12435,1,0.0,0,0.002
dpctgan,"LocalNeighbourhood(L_2, 0.250411558405805, accuracy)",12435,0,0.0,0,0.002
dpctgan,"LocalNeighbourhood(L_2, 0.250411558405805, accuracy)",12435,1,0.0,0,0.002
dpctgan,"LocalNeighbourhood(L_2, 0.250411558405805, accuracy)",12435,0,0.0,0,0.002
dpctgan,"LocalNeighbourhood(L_2, 0.250411558405805, accuracy)",12435,1,0.0,0,0.002
dpctgan,"LocalNeighbourhood(L_2, 0.250411558405805, accuracy)",12435,0,0.0,0,0.002
dpctgan,"LocalNeighbourhood(L_2, 0.250411558405805, accuracy)",12435,1,0.0,0,0.002
dpctgan,"LocalNeighbourhood(L_2, 0.250411558405805, accuracy)",12435,0,0.0,0,0.002
dpctgan,"LocalNeighbourhood(L_2, 0.250411558405805, accuracy)",12435,1,0.0,0,0.002
dpctgan,"LocalNeighbourhood(L_2, 0.250411558405805, accuracy)",12435,0,0.004,1,0.002
dpctgan,"LocalNeighbourhood(L_2, 0.250411558405805, accuracy)",12435,1,0.0,0,0.002
dpctgan,"LocalNeighbourhood(L_2, 0.250411558405805, accuracy)",12435,0,0.0,0,0.002
dpctgan,"LocalNeighbourhood(L_2, 0.250411558405805, accuracy)",12435,1,0.0,0,0.002
dpctgan,"LocalNeighbourhood(L_2, 0.250411558405805, accuracy)",12435,0,0.0,0,0.002
dpctgan,"LocalNeighbourhood(L_2, 0.250411558405805, accuracy)",12435,1,0.0,0,0.002
dpctgan,"LocalNeighbourhood(L_2, 0.250411558405805, accuracy)",12435,0,0.0,0,0.002
dpctgan,"LocalNeighbourhood(L_2, 0.250411558405805, accuracy)",12435,1,0.0,0,0.002
dpctgan,"LocalNeighbourhood(L_2, 0.250411558405805, accuracy)",12435,0,0.0,0,0.002
dpctgan,"LocalNeighbourhood(L_2, 0.250411558405805, accuracy)",12435,1,0.0,0,0.002
dpctgan,"LocalNeighbourhood(L_2, 0.250411558405805, accuracy)",12435,0,0.004,1,0.002
dpctgan,"LocalNeighbourhood(L_2, 0.250411558405805, accuracy)",12435,1,0.022,1,0.002
dpctgan,"LocalNeighbourhood(L_2, 0.250411558405805, accuracy)",12435,0,0.0,0,0.002
dpctgan,"LocalNeighbourhood(L_2, 0.250411558405805, accuracy)",12435,1,0.0,0,0.002
dpctgan,"LocalNeighbourhood(L_2, 0.250411558405805, accuracy)",12435,0,0.0,0,0.002
dpctgan,"LocalNeighbourhood(L_2, 0.250411558405805, accuracy)",12435,1,0.0,0,0.002
dpctgan,"LocalNeighbourhood(L_2, 0.250411558405805, accuracy)",12435,0,0.0,0,0.002
dpctgan,"LocalNeighbourhood(L_2, 0.250411558405805, accuracy)",12435,1,0.0,0,0.002
dpctgan,"LocalNeighbourhood(L_2, 0.250411558405805, accuracy)",12435,0,0.0,0,0.002
dpctgan,"LocalNeighbourhood(L_2, 0.250411558405805, accuracy)",12435,1,0.0,0,0.002
dpctgan,"LocalNeighbourhood(L_2, 0.250411558405805, accuracy)",12435,0,0.0,0,0.002
dpctgan,"LocalNeighbourhood(L_2, 0.250411558405805, accuracy)",12435,1,0.0,0,0.002
dpctgan,"LocalNeighbourhood(L_2, 0.250411558405805, accuracy)",12435,0,0.0,0,0.002
dpctgan,"LocalNeighbourhood(L_2, 0.250411558405805, accuracy)",12435,1,0.0,0,0.002
dpctgan,"LocalNeighbourhood(L_2, 0.250411558405805, accuracy)",12435,0,0.0,0,0.002
dpctgan,"LocalNeighbourhood(L_2, 0.250411558405805, accuracy)",12435,1,0.0,0,0.002
dpctgan,"LocalNeighbourhood(L_2, 0.250411558405805, accuracy)",12435,0,0.0,0,0.002
dpctgan,"LocalNeighbourhood(L_2, 0.250411558405805, accuracy)",12435,1,0.0,0,0.002
dpctgan,"LocalNeighbourhood(L_2, 0.250411558405805, accuracy)",12435,0,0.0,0,0.002
dpctgan,"LocalNeighbourhood(L_2, 0.250411558405805, accuracy)",12435,1,0.0,0,0.002
dpctgan,"LocalNeighbourhood(L_2, 0.250411558405805, accuracy)",12435,0,0.0,0,0.002
dpctgan,"LocalNeighbourhood(L_2, 0.250411558405805, accuracy)",12435,1,0.0,0,0.002
dpctgan,"LocalNeighbourhood(L_2, 0.250411558405805, accuracy)",12435,0,0.0,0,0.002
dpctgan,"LocalNeighbourhood(L_2, 0.250411558405805, accuracy)",12435,1,0.0,0,0.002
dpctgan,"LocalNeighbourhood(L_2, 0.250411558405805, accuracy)",12435,0,0.0,0,0.002
dpctgan,"LocalNeighbourhood(L_2, 0.250411558405805, accuracy)",12435,1,0.0,0,0.002
dpctgan,"LocalNeighbourhood(L_2, 0.250411558405805, accuracy)",12435,0,0.0,0,0.002
dpctgan,"LocalNeighbourhood(L_2, 0.250411558405805, accuracy)",12435,1,0.0,0,0.002
dpctgan,"LocalNeighbourhood(L_2, 0.250411558405805, accuracy)",12435,0,0.0,0,0.002
dpctgan,"LocalNeighbourhood(L_2, 0.250411558405805, accuracy)",12435,1,0.0,0,0.002
dpctgan,"LocalNeighbourhood(L_2, 0.250411558405805, accuracy)",12435,0,0.0,0,0.002
dpctgan,"LocalNeighbourhood(L_2, 0.250411558405805, accuracy)",12435,1,0.002,1,0.002
dpctgan,"LocalNeighbourhood(L_2, 0.250411558405805, accuracy)",12435,0,0.0,0,0.002
dpctgan,"LocalNeighbourhood(L_2, 0.250411558405805, accuracy)",12435,1,0.004,1,0.002
dpctgan,"LocalNeighbourhood(L_2, 0.250411558405805, accuracy)",12435,0,0.0,0,0.002
dpctgan,"LocalNeighbourhood(L_2, 0.250411558405805, accuracy)",12435,1,0.0,0,0.002
dpctgan,"LocalNeighbourhood(L_2, 0.250411558405805, accuracy)",12435,0,0.0,0,0.002
dpctgan,"LocalNeighbourhood(L_2, 0.250411558405805, accuracy)",12435,1,0.0,0,0.002
dpctgan,"LocalNeighbourhood(L_2, 0.250411558405805, accuracy)",12435,0,0.0,0,0.002
dpctgan,"LocalNeighbourhood(L_2, 0.250411558405805, accuracy)",12435,1,0.0,0,0.002
dpctgan,"LocalNeighbourhood(L_2, 0.250411558405805, accuracy)",12435,0,0.0,0,0.002
dpctgan,"LocalNeighbourhood(L_2, 0.250411558405805, accuracy)",12435,1,0.0,0,0.002
dpctgan,"LocalNeighbourhood(L_2, 0.250411558405805, accuracy)",12435,0,0.0,0,0.002
dpctgan,"LocalNeighbourhood(L_2, 0.250411558405805, accuracy)",12435,1,0.0,0,0.002
dpctgan,"LocalNeighbourhood(L_2, 0.250411558405805, accuracy)",12435,0,0.0,0,0.002
dpctgan,"LocalNeighbourhood(L_2, 0.250411558405805, accuracy)",12435,1,0.0,0,0.002
dpctgan,"LocalNeighbourhood(L_2, 0.250411558405805, accuracy)",12435,0,0.0,0,0.002
dpctgan,"LocalNeighbourhood(L_2, 0.250411558405805, accuracy)",12435,1,0.002,1,0.002
dpctgan,"LocalNeighbourhood(L_2, 0.250411558405805, accuracy)",12435,0,0.0,0,0.002
dpctgan,"LocalNeighbourhood(L_2, 0.250411558405805, accuracy)",12435,1,0.0,0,0.002
dpctgan,"LocalNeighbourhood(L_2, 0.250411558405805, accuracy)",12435,0,0.0,0,0.002
dpctgan,"LocalNeighbourhood(L_2, 0.250411558405805, accuracy)",12435,1,0.0,0,0.002
dpctgan,"LocalNeighbourhood(L_2, 0.250411558405805, accuracy)",12435,0,0.0,0,0.002
dpctgan,"LocalNeighbourhood(L_2, 0.250411558405805, accuracy)",12435,1,0.0,0,0.002
dpctgan,"LocalNeighbourhood(L_2, 0.250411558405805, accuracy)",12435,0,0.0,0,0.002
dpctgan,"LocalNeighbourhood(L_2, 0.250411558405805, accuracy)",12435,1,0.0,0,0.002
dpctgan,"LocalNeighbourhood(L_2, 0.250411558405805, accuracy)",12435,0,0.0,0,0.002
dpctgan,"LocalNeighbourhood(L_2, 0.250411558405805, accuracy)",12435,1,0.0,0,0.002
dpctgan,"LocalNeighbourhood(L_2, 0.250411558405805, accuracy)",12435,0,0.0,0,0.002
dpctgan,"LocalNeighbourhood(L_2, 0.250411558405805, accuracy)",12435,1,0.0,0,0.002
dpctgan,"LocalNeighbourhood(L_2, 0.250411558405805, accuracy)",12435,0,0.0,0,0.002
dpctgan,"LocalNeighbourhood(L_2, 0.250411558405805, accuracy)",12435,1,0.0,0,0.002
dpctgan,"LocalNeighbourhood(L_2, 0.250411558405805, accuracy)",12435,0,0.004,1,0.002
dpctgan,"LocalNeighbourhood(L_2, 0.250411558405805, accuracy)",12435,1,0.0,0,0.002
dpctgan,"LocalNeighbourhood(L_2, 0.250411558405805, accuracy)",12435,0,0.0,0,0.002
dpctgan,"LocalNeighbourhood(L_2, 0.250411558405805, accuracy)",12435,1,0.0,0,0.002
dpctgan,"LocalNeighbourhood(L_2, 0.250411558405805, accuracy)",12435,0,0.0,0,0.002
dpctgan,"LocalNeighbourhood(L_2, 0.250411558405805, accuracy)",12435,1,0.0,0,0.002
dpctgan,"LocalNeighbourhood(L_2, 0.250411558405805, accuracy)",12435,0,0.0,0,0.002
dpctgan,"LocalNeighbourhood(L_2, 0.250411558405805, accuracy)",12435,1,0.0,0,0.002
dpctgan,"LocalNeighbourhood(L_2, 0.250411558405805, accuracy)",12435,0,0.0,0,0.002
dpctgan,"LocalNeighbourhood(L_2, 0.250411558405805, accuracy)",12435,1,0.0,0,0.002
dpctgan,"LocalNeighbourhood(L_2, 0.250411558405805, accuracy)",12435,0,0.0,0,0.002
dpctgan,"LocalNeighbourhood(L_2, 0.250411558405805, accuracy)",12435,1,0.0,0,0.002
dpctgan,"LocalNeighbourhood(L_2, 0.250411558405805, accuracy)",12435,0,0.0,0,0.002
dpctgan,"LocalNeighbourhood(L_2, 0.250411558405805, accuracy)",12435,1,0.0,0,0.002
dpctgan,"LocalNeighbourhood(L_2, 0.250411558405805, accuracy)",12435,0,0.0,0,0.002
dpctgan,"LocalNeighbourhood(L_2, 0.250411558405805, accuracy)",12435,1,0.004,1,0.002
dpctgan,"LocalNeighbourhood(L_2, 0.250411558405805, accuracy)",12435,0,0.0,0,0.002
dpctgan,"LocalNeighbourhood(L_2, 0.250411558405805, accuracy)",12435,1,0.0,0,0.002
dpctgan,"LocalNeighbourhood(L_2, 0.250411558405805, accuracy)",12435,0,0.0,0,0.002
dpctgan,"LocalNeighbourhood(L_2, 0.250411558405805, accuracy)",12435,1,0.0,0,0.002
dpctgan,"LocalNeighbourhood(L_2, 0.250411558405805, accuracy)",12435,0,0.0,0,0.002
dpctgan,"LocalNeighbourhood(L_2, 0.250411558405805, accuracy)",12435,1,0.0,0,0.002
dpctgan,"LocalNeighbourhood(L_2, 0.250411558405805, accuracy)",12435,0,0.0,0,0.002
dpctgan,"LocalNeighbourhood(L_2, 0.250411558405805, accuracy)",12435,1,0.0,0,0.002
dpctgan,"LocalNeighbourhood(L_2, 0.250411558405805, accuracy)",12435,0,0.0,0,0.002
dpctgan,"LocalNeighbourhood(L_2, 0.250411558405805, accuracy)",12435,1,0.0,0,0.002
dpctgan,"LocalNeighbourhood(L_2, 0.250411558405805, accuracy)",12435,0,0.018,1,0.002
dpctgan,"LocalNeighbourhood(L_2, 0.250411558405805, accuracy)",12435,1,0.0,0,0.002
dpctgan,"LocalNeighbourhood(L_2, 0.250411558405805, accuracy)",12435,0,0.0,0,0.002
dpctgan,"LocalNeighbourhood(L_2, 0.250411558405805, accuracy)",12435,1,0.0,0,0.002
dpctgan,"LocalNeighbourhood(L_2, 0.250411558405805, accuracy)",12435,0,0.0,0,0.002
dpctgan,"LocalNeighbourhood(L_2, 0.250411558405805, accuracy)",12435,1,0.0,0,0.002
dpctgan,"LocalNeighbourhood(L_2, 0.250411558405805, accuracy)",12435,0,0.0,0,0.002
dpctgan,"LocalNeighbourhood(L_2, 0.250411558405805, accuracy)",12435,1,0.0,0,0.002
dpctgan,"LocalNeighbourhood(L_2, 0.250411558405805, accuracy)",12435,0,0.0,0,0.002
dpctgan,"LocalNeighbourhood(L_2, 0.250411558405805, accuracy)",12435,1,0.0,0,0.002
dpctgan,"LocalNeighbourhood(L_2, 0.250411558405805, accuracy)",12435,0,0.0,0,0.002
dpctgan,"LocalNeighbourhood(L_2, 0.250411558405805, accuracy)",12435,1,0.0,0,0.002
dpctgan,"LocalNeighbourhood(L_2, 0.250411558405805, accuracy)",12435,0,0.0,0,0.002
dpctgan,"LocalNeighbourhood(L_2, 0.250411558405805, accuracy)",12435,1,0.0,0,0.002
dpctgan,"LocalNeighbourhood(L_2, 0.250411558405805, accuracy)",12435,0,0.0,0,0.002
dpctgan,"LocalNeighbourhood(L_2, 0.250411558405805, accuracy)",12435,1,0.0,0,0.002
dpctgan,"LocalNeighbourhood(L_2, 0.250411558405805, accuracy)",12435,0,0.0,0,0.002
dpctgan,"LocalNeighbourhood(L_2, 0.250411558405805, accuracy)",12435,1,0.0,0,0.002
dpctgan,"LocalNeighbourhood(L_2, 0.250411558405805, accuracy)",12435,0,0.0,0,0.002
dpctgan,"LocalNeighbourhood(L_2, 0.250411558405805, accuracy)",12435,1,0.0,0,0.002
dpctgan,"LocalNeighbourhood(L_2, 0.250411558405805, accuracy)",12435,0,0.0,0,0.002
dpctgan,"LocalNeighbourhood(L_2, 0.250411558405805, accuracy)",12435,1,0.0,0,0.002
dpctgan,"LocalNeighbourhood(L_2, 0.250411558405805, accuracy)",12435,0,0.0,0,0.002
dpctgan,"LocalNeighbourhood(L_2, 0.250411558405805, accuracy)",12435,1,0.0,0,0.002
dpctgan,"LocalNeighbourhood(L_2, 0.250411558405805, accuracy)",12435,0,0.0,0,0.002
dpctgan,"LocalNeighbourhood(L_2, 0.250411558405805, accuracy)",12435,1,0.0,0,0.002
dpctgan,"LocalNeighbourhood(L_2, 0.250411558405805, accuracy)",12435,0,0.0,0,0.002
dpctgan,"LocalNeighbourhood(L_2, 0.250411558405805, accuracy)",12435,1,0.0,0,0.002
dpctgan,"LocalNeighbourhood(L_2, 0.250411558405805, accuracy)",12435,0,0.0,0,0.002
dpctgan,"LocalNeighbourhood(L_2, 0.250411558405805, accuracy)",12435,1,0.0,0,0.002
dpctgan,"LocalNeighbourhood(L_2, 0.250411558405805, accuracy)",12435,0,0.0,0,0.002
dpctgan,"LocalNeighbourhood(L_2, 0.250411558405805, accuracy)",12435,1,0.0,0,0.002
dpctgan,"LocalNeighbourhood(L_2, 0.250411558405805, accuracy)",12435,0,0.002,1,0.002
dpctgan,"LocalNeighbourhood(L_2, 0.250411558405805, accuracy)",12435,1,0.0,0,0.002
dpctgan,"LocalNeighbourhood(L_2, 0.250411558405805, accuracy)",12435,0,0.0,0,0.002
dpctgan,"LocalNeighbourhood(L_2, 0.250411558405805, accuracy)",12435,1,0.0,0,0.002
dpctgan,"LocalNeighbourhood(L_2, 0.250411558405805, accuracy)",12435,0,0.002,1,0.002
dpctgan,"LocalNeighbourhood(L_2, 0.250411558405805, accuracy)",12435,1,0.0,0,0.002
dpctgan,"LocalNeighbourhood(L_2, 0.250411558405805, accuracy)",12435,0,0.0,0,0.002
dpctgan,"LocalNeighbourhood(L_2, 0.250411558405805, accuracy)",12435,1,0.0,0,0.002
dpctgan,"LocalNeighbourhood(L_2, 0.250411558405805, accuracy)",12435,0,0.0,0,0.002
dpctgan,"LocalNeighbourhood(L_2, 0.250411558405805, accuracy)",12435,1,0.0,0,0.002
dpctgan,"LocalNeighbourhood(L_2, 0.250411558405805, accuracy)",12435,0,0.0,0,0.002
dpctgan,"LocalNeighbourhood(L_2, 0.250411558405805, accuracy)",12435,1,0.002,1,0.002
dpctgan,"LocalNeighbourhood(L_2, 0.250411558405805, accuracy)",12435,0,0.0,0,0.002
dpctgan,"LocalNeighbourhood(L_2, 0.250411558405805, accuracy)",12435,1,0.0,0,0.002
dpctgan,"LocalNeighbourhood(L_2, 0.250411558405805, accuracy)",12435,0,0.0,0,0.002
dpctgan,"LocalNeighbourhood(L_2, 0.250411558405805, accuracy)",12435,1,0.0,0,0.002
dpctgan,"LocalNeighbourhood(L_2, 0.250411558405805, accuracy)",12435,0,0.0,0,0.002
dpctgan,"LocalNeighbourhood(L_2, 0.250411558405805, accuracy)",12435,1,0.0,0,0.002
dpctgan,"LocalNeighbourhood(L_2, 0.250411558405805, accuracy)",12435,0,0.004,1,0.002
dpctgan,"LocalNeighbourhood(L_2, 0.250411558405805, accuracy)",12435,1,0.0,0,0.002
dpctgan,"LocalNeighbourhood(L_2, 0.250411558405805, accuracy)",12435,0,0.006,1,0.002
dpctgan,"LocalNeighbourhood(L_2, 0.250411558405805, accuracy)",12435,1,0.0,0,0.002
dpctgan,"LocalNeighbourhood(L_2, 0.250411558405805, accuracy)",12435,0,0.0,0,0.002
dpctgan,"LocalNeighbourhood(L_2, 0.250411558405805, accuracy)",12435,1,0.0,0,0.002
dpctgan,"LocalNeighbourhood(L_2, 0.250411558405805, accuracy)",12435,0,0.0,0,0.002
dpctgan,"LocalNeighbourhood(L_2, 0.250411558405805, accuracy)",12435,1,0.0,0,0.002
dpctgan,"LocalNeighbourhood(L_2, 0.250411558405805, accuracy)",12435,0,0.002,1,0.002
dpctgan,"LocalNeighbourhood(L_2, 0.250411558405805, accuracy)",12435,1,0.002,1,0.002
dpctgan,"LocalNeighbourhood(L_2, 0.250411558405805, accuracy)",12435,0,0.002,1,0.002
dpctgan,"LocalNeighbourhood(L_2, 0.250411558405805, accuracy)",12435,1,0.008,1,0.002
dpctgan,"LocalNeighbourhood(L_2, 0.250411558405805, accuracy)",12435,0,0.0,0,0.002
dpctgan,"LocalNeighbourhood(L_2, 0.250411558405805, accuracy)",12435,1,0.0,0,0.002
dpctgan,"LocalNeighbourhood(L_2, 0.250411558405805, accuracy)",12435,0,0.0,0,0.002
dpctgan,"LocalNeighbourhood(L_2, 0.250411558405805, accuracy)",12435,1,0.0,0,0.002
dpctgan,"LocalNeighbourhood(L_2, 0.250411558405805, accuracy)",12435,0,0.0,0,0.002
dpctgan,"LocalNeighbourhood(L_2, 0.250411558405805, accuracy)",12435,1,0.0,0,0.002
dpctgan,"LocalNeighbourhood(L_2, 0.250411558405805, accuracy)",12435,0,0.0,0,0.002
dpctgan,"LocalNeighbourhood(L_2, 0.250411558405805, accuracy)",12435,1,0.0,0,0.002
dpctgan,"LocalNeighbourhood(L_2, 0.250411558405805, accuracy)",12435,0,0.0,0,0.002
dpctgan,"LocalNeighbourhood(L_2, 0.250411558405805, accuracy)",12435,1,0.0,0,0.002
dpctgan,"LocalNeighbourhood(L_2, 0.250411558405805, accuracy)",12435,0,0.0,0,0.002
dpctgan,"LocalNeighbourhood(L_2, 0.250411558405805, accuracy)",12435,1,0.0,0,0.002
dpctgan,"LocalNeighbourhood(L_2, 0.250411558405805, accuracy)",12435,0,0.0,0,0.002
dpctgan,"LocalNeighbourhood(L_2, 0.250411558405805, accuracy)",12435,1,0.0,0,0.002
dpctgan,"LocalNeighbourhood(L_2, 0.250411558405805, accuracy)",12435,0,0.0,0,0.002
dpctgan,"LocalNeighbourhood(L_2, 0.250411558405805, accuracy)",12435,1,0.0,0,0.002
dpctgan,"LocalNeighbourhood(L_2, 0.250411558405805, accuracy)",12435,0,0.0,0,0.002
dpctgan,"LocalNeighbourhood(L_2, 0.250411558405805, accuracy)",12435,1,0.0,0,0.002
dpctgan,"LocalNeighbourhood(L_2, 0.250411558405805, accuracy)",12435,0,0.0,0,0.002
dpctgan,"LocalNeighbourhood(L_2, 0.250411558405805, accuracy)",12435,1,0.0,0,0.002
dpctgan,"LocalNeighbourhood(L_2, 0.250411558405805, accuracy)",12435,0,0.0,0,0.002
dpctgan,"LocalNeighbourhood(L_2, 0.250411558405805, accuracy)",12435,1,0.0,0,0.002
dpctgan,"LocalNeighbourhood(L_2, 0.250411558405805, accuracy)",12435,0,0.0,0,0.002
dpctgan,"LocalNeighbourhood(L_2, 0.250411558405805, accuracy)",12435,1,0.0,0,0.002
dpctgan,"LocalNeighbourhood(L_2, 0.250411558405805, accuracy)",12435,0,0.002,1,0.002
dpctgan,"LocalNeighbourhood(L_2, 0.250411558405805, accuracy)",12435,1,0.0,0,0.002
dpctgan,"LocalNeighbourhood(L_2, 0.250411558405805, accuracy)",12435,0,0.0,0,0.002
dpctgan,"LocalNeighbourhood(L_2, 0.250411558405805, accuracy)",12435,1,0.0,0,0.002
dpctgan,"LocalNeighbourhood(L_2, 0.250411558405805, accuracy)",12435,0,0.0,0,0.002
dpctgan,"LocalNeighbourhood(L_2, 0.250411558405805, accuracy)",12435,1,0.0,0,0.002
dpctgan,"LocalNeighbourhood(L_2, 0.250411558405805, accuracy)",12435,0,0.0,0,0.002
dpctgan,"LocalNeighbourhood(L_2, 0.250411558405805, accuracy)",12435,1,0.0,0,0.002
dpctgan,"LocalNeighbourhood(L_2, 0.250411558405805, accuracy)",12435,0,0.0,0,0.002
dpctgan,"LocalNeighbourhood(L_2, 0.250411558405805, accuracy)",12435,1,0.0,0,0.002
dpctgan,"LocalNeighbourhood(L_2, 0.250411558405805, accuracy)",12435,0,0.0,0,0.002
dpctgan,"LocalNeighbourhood(L_2, 0.250411558405805, accuracy)",12435,1,0.0,0,0.002
dpctgan,"LocalNeighbourhood(L_2, 0.250411558405805, accuracy)",12435,0,0.0,0,0.002
dpctgan,"LocalNeighbourhood(L_2, 0.250411558405805, accuracy)",12435,1,0.0,0,0.002
dpctgan,"LocalNeighbourhood(L_2, 0.250411558405805, accuracy)",12435,0,0.0,0,0.002
dpctgan,"LocalNeighbourhood(L_2, 0.250411558405805, accuracy)",12435,1,0.0,0,0.002
dpctgan,"LocalNeighbourhood(L_2, 0.250411558405805, accuracy)",12435,0,0.0,0,0.002
dpctgan,"LocalNeighbourhood(L_2, 0.250411558405805, accuracy)",12435,1,0.0,0,0.002
dpctgan,"LocalNeighbourhood(L_2, 0.250411558405805, accuracy)",12435,0,0.0,0,0.002
dpctgan,"LocalNeighbourhood(L_2, 0.250411558405805, accuracy)",12435,1,0.0,0,0.002
dpctgan,"LocalNeighbourhood(L_2, 0.250411558405805, accuracy)",12435,0,0.0,0,0.002
dpctgan,"LocalNeighbourhood(L_2, 0.250411558405805, accuracy)",12435,1,0.002,1,0.002
dpctgan,"LocalNeighbourhood(L_2, 0.250411558405805, accuracy)",12435,0,0.0,0,0.002
dpctgan,"LocalNeighbourhood(L_2, 0.250411558405805, accuracy)",12435,1,0.006,1,0.002
dpctgan,"LocalNeighbourhood(L_2, 0.250411558405805, accuracy)",12435,0,0.002,1,0.002
dpctgan,"LocalNeighbourhood(L_2, 0.250411558405805, accuracy)",12435,1,0.008,1,0.002
dpctgan,"LocalNeighbourhood(L_2, 0.250411558405805, accuracy)",12435,0,0.002,1,0.002
dpctgan,"LocalNeighbourhood(L_2, 0.250411558405805, accuracy)",12435,1,0.0,0,0.002
dpctgan,"LocalNeighbourhood(L_2, 0.250411558405805, accuracy)",12435,0,0.0,0,0.002
dpctgan,"LocalNeighbourhood(L_2, 0.250411558405805, accuracy)",12435,1,0.0,0,0.002
dpctgan,"LocalNeighbourhood(L_2, 0.250411558405805, accuracy)",12435,0,0.0,0,0.002
dpctgan,"LocalNeighbourhood(L_2, 0.250411558405805, accuracy)",12435,1,0.0,0,0.002
dpctgan,"LocalNeighbourhood(L_2, 0.250411558405805, accuracy)",12435,0,0.0,0,0.002
dpctgan,"LocalNeighbourhood(L_2, 0.250411558405805, accuracy)",12435,1,0.0,0,0.002
dpctgan,"LocalNeighbourhood(L_2, 0.250411558405805, accuracy)",12435,0,0.0,0,0.002
dpctgan,"LocalNeighbourhood(L_2, 0.250411558405805, accuracy)",12435,1,0.0,0,0.002
dpctgan,"LocalNeighbourhood(L_2, 0.250411558405805, accuracy)",12435,0,0.0,0,0.002
dpctgan,"LocalNeighbourhood(L_2, 0.250411558405805, accuracy)",12435,1,0.0,0,0.002
dpctgan,"LocalNeighbourhood(L_2, 0.250411558405805, accuracy)",12435,0,0.0,0,0.002
dpctgan,"LocalNeighbourhood(L_2, 0.250411558405805, accuracy)",12435,1,0.0,0,0.002
dpctgan,"LocalNeighbourhood(L_2, 0.250411558405805, accuracy)",12435,0,0.0,0,0.002
dpctgan,"LocalNeighbourhood(L_2, 0.250411558405805, accuracy)",12435,1,0.0,0,0.002
dpctgan,"LocalNeighbourhood(L_2, 0.250411558405805, accuracy)",12435,0,0.0,0,0.002
dpctgan,"LocalNeighbourhood(L_2, 0.250411558405805, accuracy)",12435,1,0.0,0,0.002
dpctgan,"LocalNeighbourhood(L_2, 0.250411558405805, accuracy)",12435,0,0.0,0,0.002
dpctgan,"LocalNeighbourhood(L_2, 0.250411558405805, accuracy)",12435,1,0.0,0,0.002
dpctgan,"LocalNeighbourhood(L_2, 0.250411558405805, accuracy)",12435,0,0.0,0,0.002
dpctgan,"LocalNeighbourhood(L_2, 0.250411558405805, accuracy)",12435,1,0.0,0,0.002
dpctgan,"LocalNeighbourhood(L_2, 0.250411558405805, accuracy)",12435,0,0.0,0,0.002
dpctgan,"LocalNeighbourhood(L_2, 0.250411558405805, accuracy)",12435,1,0.0,0,0.002
dpctgan,"LocalNeighbourhood(L_2, 0.250411558405805, accuracy)",12435,0,0.0,0,0.002
dpctgan,"LocalNeighbourhood(L_2, 0.250411558405805, accuracy)",12435,1,0.002,1,0.002
dpctgan,"LocalNeighbourhood(L_2, 0.250411558405805, accuracy)",12435,0,0.004,1,0.002
dpctgan,"LocalNeighbourhood(L_2, 0.250411558405805, accuracy)",12435,1,0.0,0,0.002
dpctgan,"LocalNeighbourhood(L_2, 0.250411558405805, accuracy)",12435,0,0.0,0,0.002
dpctgan,"LocalNeighbourhood(L_2, 0.250411558405805, accuracy)",12435,1,0.0,0,0.002
dpctgan,"LocalNeighbourhood(L_2, 0.250411558405805, accuracy)",12435,0,0.0,0,0.002
dpctgan,"LocalNeighbourhood(L_2, 0.250411558405805, accuracy)",12435,1,0.0,0,0.002
dpctgan,"LocalNeighbourhood(L_2, 0.250411558405805, accuracy)",12435,0,0.0,0,0.002
dpctgan,"LocalNeighbourhood(L_2, 0.250411558405805, accuracy)",12435,1,0.0,0,0.002
dpctgan,"LocalNeighbourhood(L_2, 0.250411558405805, accuracy)",12435,0,0.0,0,0.002
dpctgan,"LocalNeighbourhood(L_2, 0.250411558405805, accuracy)",12435,1,0.0,0,0.002
dpctgan,"LocalNeighbourhood(L_2, 0.250411558405805, accuracy)",12435,0,0.0,0,0.002
dpctgan,"LocalNeighbourhood(L_2, 0.250411558405805, accuracy)",12435,1,0.0,0,0.002
dpctgan,"LocalNeighbourhood(L_2, 0.250411558405805, accuracy)",12435,0,0.0,0,0.002
dpctgan,"LocalNeighbourhood(L_2, 0.250411558405805, accuracy)",12435,1,0.0,0,0.002
dpctgan,"LocalNeighbourhood(L_2, 0.250411558405805, accuracy)",12435,0,0.0,0,0.002
dpctgan,"LocalNeighbourhood(L_2, 0.250411558405805, accuracy)",12435,1,0.0,0,0.002
dpctgan,"LocalNeighbourhood(L_2, 0.250411558405805, accuracy)",12435,0,0.0,0,0.002
dpctgan,"LocalNeighbourhood(L_2, 0.250411558405805, accuracy)",12435,1,0.0,0,0.002
dpctgan,"LocalNeighbourhood(L_2, 0.250411558405805, accuracy)",12435,0,0.01,1,0.002
dpctgan,"LocalNeighbourhood(L_2, 0.250411558405805, accuracy)",12435,1,0.0,0,0.002
dpctgan,"LocalNeighbourhood(L_2, 0.250411558405805, accuracy)",12435,0,0.0,0,0.002
dpctgan,"LocalNeighbourhood(L_2, 0.250411558405805, accuracy)",12435,1,0.002,1,0.002
dpctgan,"LocalNeighbourhood(L_2, 0.250411558405805, accuracy)",12435,0,0.0,0,0.002
dpctgan,"LocalNeighbourhood(L_2, 0.250411558405805, accuracy)",12435,1,0.0,0,0.002
dpctgan,"LocalNeighbourhood(L_2, 0.250411558405805, accuracy)",12435,0,0.0,0,0.002
dpctgan,"LocalNeighbourhood(L_2, 0.250411558405805, accuracy)",12435,1,0.0,0,0.002
dpctgan,"LocalNeighbourhood(L_2, 0.250411558405805, accuracy)",12435,0,0.0,0,0.002
dpctgan,"LocalNeighbourhood(L_2, 0.250411558405805, accuracy)",12435,1,0.0,0,0.002
dpctgan,"LocalNeighbourhood(L_2, 0.250411558405805, accuracy)",12435,0,0.0,0,0.002
dpctgan,"LocalNeighbourhood(L_2, 0.250411558405805, accuracy)",12435,1,0.0,0,0.002
dpctgan,"LocalNeighbourhood(L_2, 0.250411558405805, accuracy)",12435,0,0.0,0,0.002
dpctgan,"LocalNeighbourhood(L_2, 0.250411558405805, accuracy)",12435,1,0.0,0,0.002
dpctgan,"LocalNeighbourhood(L_2, 0.250411558405805, accuracy)",12435,0,0.0,0,0.002
dpctgan,"LocalNeighbourhood(L_2, 0.250411558405805, accuracy)",12435,1,0.0,0,0.002
dpctgan,"LocalNeighbourhood(L_2, 0.250411558405805, accuracy)",12435,0,0.0,0,0.002
dpctgan,"LocalNeighbourhood(L_2, 0.250411558405805, accuracy)",12435,1,0.0,0,0.002
dpctgan,"LocalNeighbourhood(L_2, 0.250411558405805, accuracy)",12435,0,0.0,0,0.002
dpctgan,"LocalNeighbourhood(L_2, 0.250411558405805, accuracy)",12435,1,0.0,0,0.002
dpctgan,"LocalNeighbourhood(L_2, 0.250411558405805, accuracy)",12435,0,0.0,0,0.002
dpctgan,"LocalNeighbourhood(L_2, 0.250411558405805, accuracy)",12435,1,0.0,0,0.002
dpctgan,"LocalNeighbourhood(L_2, 0.250411558405805, accuracy)",12435,0,0.01,1,0.002
dpctgan,"LocalNeighbourhood(L_2, 0.250411558405805, accuracy)",12435,1,0.0,0,0.002
dpctgan,"LocalNeighbourhood(L_2, 0.250411558405805, accuracy)",12435,0,0.0,0,0.002
dpctgan,"LocalNeighbourhood(L_2, 0.250411558405805, accuracy)",12435,1,0.0,0,0.002
dpctgan,"LocalNeighbourhood(L_2, 0.250411558405805, accuracy)",12435,0,0.0,0,0.002
dpctgan,"LocalNeighbourhood(L_2, 0.250411558405805, accuracy)",12435,1,0.006,1,0.002
dpctgan,"LocalNeighbourhood(L_2, 0.250411558405805, accuracy)",12435,0,0.0,0,0.002
dpctgan,"LocalNeighbourhood(L_2, 0.250411558405805, accuracy)",12435,1,0.0,0,0.002
dpctgan,"LocalNeighbourhood(L_2, 0.250411558405805, accuracy)",12435,0,0.002,1,0.002
dpctgan,"LocalNeighbourhood(L_2, 0.250411558405805, accuracy)",12435,1,0.0,0,0.002
dpctgan,"LocalNeighbourhood(L_2, 0.250411558405805, accuracy)",12435,0,0.0,0,0.002
dpctgan,"LocalNeighbourhood(L_2, 0.250411558405805, accuracy)",12435,1,0.0,0,0.002
dpctgan,"LocalNeighbourhood(L_2, 0.250411558405805, accuracy)",12435,0,0.0,0,0.002
dpctgan,"LocalNeighbourhood(L_2, 0.250411558405805, accuracy)",12435,1,0.0,0,0.002
dpctgan,"LocalNeighbourhood(L_2, 0.250411558405805, accuracy)",12435,0,0.0,0,0.002
dpctgan,"LocalNeighbourhood(L_2, 0.250411558405805, accuracy)",12435,1,0.0,0,0.002
dpctgan,"LocalNeighbourhood(L_2, 0.250411558405805, accuracy)",12435,0,0.0,0,0.002
dpctgan,"LocalNeighbourhood(L_2, 0.250411558405805, accuracy)",12435,1,0.002,1,0.002
dpctgan,"LocalNeighbourhood(L_2, 0.250411558405805, accuracy)",12435,0,0.002,1,0.002
dpctgan,"LocalNeighbourhood(L_2, 0.250411558405805, accuracy)",12435,1,0.0,0,0.002
dpctgan,"LocalNeighbourhood(L_2, 0.250411558405805, accuracy)",12435,0,0.0,0,0.002
dpctgan,"LocalNeighbourhood(L_2, 0.250411558405805, accuracy)",12435,1,0.0,0,0.002
dpctgan,"LocalNeighbourhood(L_2, 0.250411558405805, accuracy)",12435,0,0.0,0,0.002
dpctgan,"LocalNeighbourhood(L_2, 0.250411558405805, accuracy)",12435,1,0.0,0,0.002
dpctgan,"LocalNeighbourhood(L_2, 0.250411558405805, accuracy)",12435,0,0.0,0,0.002
dpctgan,"LocalNeighbourhood(L_2, 0.250411558405805, accuracy)",12435,1,0.0,0,0.002
dpctgan,"LocalNeighbourhood(L_2, 0.250411558405805, accuracy)",12435,0,0.0,0,0.002
dpctgan,"LocalNeighbourhood(L_2, 0.250411558405805, accuracy)",12435,1,0.0,0,0.002
dpctgan,"LocalNeighbourhood(L_2, 0.250411558405805, accuracy)",12435,0,0.0,0,0.002
dpctgan,"LocalNeighbourhood(L_2, 0.250411558405805, accuracy)",12435,1,0.0,0,0.002
dpctgan,"LocalNeighbourhood(L_2, 0.250411558405805, accuracy)",12435,0,0.0,0,0.002
dpctgan,"LocalNeighbourhood(L_2, 0.250411558405805, accuracy)",12435,1,0.0,0,0.002
dpctgan,"LocalNeighbourhood(L_2, 0.250411558405805, accuracy)",12435,0,0.006,1,0.002
dpctgan,"LocalNeighbourhood(L_2, 0.250411558405805, accuracy)",12435,1,0.0,0,0.002
dpctgan,"LocalNeighbourhood(L_2, 0.250411558405805, accuracy)",12435,0,0.0,0,0.002
dpctgan,"LocalNeighbourhood(L_2, 0.250411558405805, accuracy)",12435,1,0.0,0,0.002
dpctgan,"LocalNeighbourhood(L_2, 0.250411558405805, accuracy)",12435,0,0.0,0,0.002
dpctgan,"LocalNeighbourhood(L_2, 0.250411558405805, accuracy)",12435,1,0.0,0,0.002
dpctgan,"LocalNeighbourhood(L_2, 0.250411558405805, accuracy)",12435,0,0.0,0,0.002
dpctgan,"LocalNeighbourhood(L_2, 0.250411558405805, accuracy)",12435,1,0.0,0,0.002
dpctgan,"LocalNeighbourhood(L_2, 0.250411558405805, accuracy)",12435,0,0.0,0,0.002
dpctgan,"LocalNeighbourhood(L_2, 0.250411558405805, accuracy)",12435,1,0.0,0,0.002
dpctgan,"LocalNeighbourhood(L_2, 0.250411558405805, accuracy)",12435,0,0.0,0,0.002
dpctgan,"LocalNeighbourhood(L_2, 0.250411558405805, accuracy)",12435,1,0.0,0,0.002
dpctgan,"LocalNeighbourhood(L_2, 0.250411558405805, accuracy)",12435,0,0.0,0,0.002
dpctgan,"LocalNeighbourhood(L_2, 0.250411558405805, accuracy)",12435,1,0.0,0,0.002
dpctgan,"LocalNeighbourhood(L_2, 0.250411558405805, accuracy)",12435,0,0.0,0,0.002
dpctgan,"LocalNeighbourhood(L_2, 0.250411558405805, accuracy)",12435,1,0.0,0,0.002
dpctgan,"LocalNeighbourhood(L_2, 0.250411558405805, accuracy)",12435,0,0.0,0,0.002
dpctgan,"LocalNeighbourhood(L_2, 0.250411558405805, accuracy)",12435,1,0.0,0,0.002
dpctgan,"LocalNeighbourhood(L_2, 0.250411558405805, accuracy)",12435,0,0.0,0,0.002
dpctgan,"LocalNeighbourhood(L_2, 0.250411558405805, accuracy)",12435,1,0.0,0,0.002
dpctgan,"LocalNeighbourhood(L_2, 0.250411558405805, accuracy)",12435,0,0.0,0,0.002
dpctgan,"LocalNeighbourhood(L_2, 0.250411558405805, accuracy)",12435,1,0.0,0,0.002
dpctgan,"LocalNeighbourhood(L_2, 0.250411558405805, accuracy)",12435,0,0.0,0,0.002
dpctgan,"LocalNeighbourhood(L_2, 0.250411558405805, accuracy)",12435,1,0.0,0,0.002
dpctgan,"LocalNeighbourhood(L_2, 0.250411558405805, accuracy)",12435,0,0.002,1,0.002
dpctgan,"LocalNeighbourhood(L_2, 0.250411558405805, accuracy)",12435,1,0.0,0,0.002
dpctgan,"LocalNeighbourhood(L_2, 0.250411558405805, accuracy)",12435,0,0.0,0,0.002
dpctgan,"LocalNeighbourhood(L_2, 0.250411558405805, accuracy)",12435,1,0.0,0,0.002
dpctgan,"LocalNeighbourhood(L_2, 0.250411558405805, accuracy)",12435,0,0.0,0,0.002
dpctgan,"LocalNeighbourhood(L_2, 0.250411558405805, accuracy)",12435,1,0.0,0,0.002
dpctgan,"LocalNeighbourhood(L_2, 0.250411558405805, accuracy)",12435,0,0.0,0,0.002
dpctgan,"LocalNeighbourhood(L_2, 0.250411558405805, accuracy)",12435,1,0.0,0,0.002
dpctgan,"LocalNeighbourhood(L_2, 0.250411558405805, accuracy)",12435,0,0.006,1,0.002
dpctgan,"LocalNeighbourhood(L_2, 0.250411558405805, accuracy)",12435,1,0.0,0,0.002
dpctgan,"LocalNeighbourhood(L_2, 0.250411558405805, accuracy)",12435,0,0.0,0,0.002
dpctgan,"LocalNeighbourhood(L_2, 0.250411558405805, accuracy)",12435,1,0.0,0,0.002
dpctgan,"LocalNeighbourhood(L_2, 0.250411558405805, accuracy)",12435,0,0.0,0,0.002
dpctgan,ProbabilityEstimation(KernelDensity()),12435,1,-84.34891504050513,0,-84.2354685609778
dpctgan,ProbabilityEstimation(KernelDensity()),12435,0,-84.70179925947676,0,-84.2354685609778
dpctgan,ProbabilityEstimation(KernelDensity()),12435,1,-85.02536910655726,0,-84.2354685609778
dpctgan,ProbabilityEstimation(KernelDensity()),12435,0,-84.86201709036436,0,-84.2354685609778
dpctgan,ProbabilityEstimation(KernelDensity()),12435,1,-83.60806480782084,1,-84.2354685609778
dpctgan,ProbabilityEstimation(KernelDensity()),12435,0,-84.71605020035162,0,-84.2354685609778
dpctgan,ProbabilityEstimation(KernelDensity()),12435,1,-83.72623931845133,1,-84.2354685609778
dpctgan,ProbabilityEstimation(KernelDensity()),12435,0,-84.09124799828385,1,-84.2354685609778
dpctgan,ProbabilityEstimation(KernelDensity()),12435,1,-84.15620104384315,1,-84.2354685609778
dpctgan,ProbabilityEstimation(KernelDensity()),12435,0,-84.18643433921875,1,-84.2354685609778
dpctgan,ProbabilityEstimation(KernelDensity()),12435,1,-83.45931979667304,1,-84.2354685609778
dpctgan,ProbabilityEstimation(KernelDensity()),12435,0,-84.4045971696167,0,-84.2354685609778
dpctgan,ProbabilityEstimation(KernelDensity()),12435,1,-83.75252719046412,1,-84.2354685609778
dpctgan,ProbabilityEstimation(KernelDensity()),12435,0,-83.96065325923537,1,-84.2354685609778
dpctgan,ProbabilityEstimation(KernelDensity()),12435,1,-85.6620001798753,0,-84.2354685609778
dpctgan,ProbabilityEstimation(KernelDensity()),12435,0,-83.62292809200675,1,-84.2354685609778
dpctgan,ProbabilityEstimation(KernelDensity()),12435,1,-84.009545850477,1,-84.2354685609778
dpctgan,ProbabilityEstimation(KernelDensity()),12435,0,-84.28888891817078,0,-84.2354685609778
dpctgan,ProbabilityEstimation(KernelDensity()),12435,1,-85.34353073033664,0,-84.2354685609778
dpctgan,ProbabilityEstimation(KernelDensity()),12435,0,-83.3049306716244,1,-84.2354685609778
dpctgan,ProbabilityEstimation(KernelDensity()),12435,1,-83.72429079582773,1,-84.2354685609778
dpctgan,ProbabilityEstimation(KernelDensity()),12435,0,-84.30123496566824,0,-84.2354685609778
dpctgan,ProbabilityEstimation(KernelDensity()),12435,1,-84.85190165293844,0,-84.2354685609778
dpctgan,ProbabilityEstimation(KernelDensity()),12435,0,-84.64623209269675,0,-84.2354685609778
dpctgan,ProbabilityEstimation(KernelDensity()),12435,1,-84.71137503595956,0,-84.2354685609778
dpctgan,ProbabilityEstimation(KernelDensity()),12435,0,-83.97625406266863,1,-84.2354685609778
dpctgan,ProbabilityEstimation(KernelDensity()),12435,1,-84.28570421113677,0,-84.2354685609778
dpctgan,ProbabilityEstimation(KernelDensity()),12435,0,-85.45689678096467,0,-84.2354685609778
dpctgan,ProbabilityEstimation(KernelDensity()),12435,1,-84.09162672898022,1,-84.2354685609778
dpctgan,ProbabilityEstimation(KernelDensity()),12435,0,-85.13862253582823,0,-84.2354685609778
dpctgan,ProbabilityEstimation(KernelDensity()),12435,1,-85.47647159943169,0,-84.2354685609778
dpctgan,ProbabilityEstimation(KernelDensity()),12435,0,-84.68878883109686,0,-84.2354685609778
dpctgan,ProbabilityEstimation(KernelDensity()),12435,1,-83.43297609907721,1,-84.2354685609778
dpctgan,ProbabilityEstimation(KernelDensity()),12435,0,-84.46773575725682,0,-84.2354685609778
dpctgan,ProbabilityEstimation(KernelDensity()),12435,1,-84.91567242628058,0,-84.2354685609778
dpctgan,ProbabilityEstimation(KernelDensity()),12435,0,-83.42775371683359,1,-84.2354685609778
dpctgan,ProbabilityEstimation(KernelDensity()),12435,1,-84.08336150250712,1,-84.2354685609778
dpctgan,ProbabilityEstimation(KernelDensity()),12435,0,-84.67684771851593,0,-84.2354685609778
dpctgan,ProbabilityEstimation(KernelDensity()),12435,1,-85.1945490175906,0,-84.2354685609778
dpctgan,ProbabilityEstimation(KernelDensity()),12435,0,-83.75865127496256,1,-84.2354685609778
dpctgan,ProbabilityEstimation(KernelDensity()),12435,1,-85.38748566271997,0,-84.2354685609778
dpctgan,ProbabilityEstimation(KernelDensity()),12435,0,-84.94514809624214,0,-84.2354685609778
dpctgan,ProbabilityEstimation(KernelDensity()),12435,1,-84.98436654515889,0,-84.2354685609778
dpctgan,ProbabilityEstimation(KernelDensity()),12435,0,-85.44346447643159,0,-84.2354685609778
dpctgan,ProbabilityEstimation(KernelDensity()),12435,1,-83.69875140461428,1,-84.2354685609778
dpctgan,ProbabilityEstimation(KernelDensity()),12435,0,-83.9893575799672,1,-84.2354685609778
dpctgan,ProbabilityEstimation(KernelDensity()),12435,1,-85.32470138086423,0,-84.2354685609778
dpctgan,ProbabilityEstimation(KernelDensity()),12435,0,-84.3314112495553,0,-84.2354685609778
dpctgan,ProbabilityEstimation(KernelDensity()),12435,1,-85.46139449626847,0,-84.2354685609778
dpctgan,ProbabilityEstimation(KernelDensity()),12435,0,-84.41777752046968,0,-84.2354685609778
dpctgan,ProbabilityEstimation(KernelDensity()),12435,1,-83.9700781425274,1,-84.2354685609778
dpctgan,ProbabilityEstimation(KernelDensity()),12435,0,-84.41467874245232,0,-84.2354685609778
dpctgan,ProbabilityEstimation(KernelDensity()),12435,1,-83.59836835336503,1,-84.2354685609778
dpctgan,ProbabilityEstimation(KernelDensity()),12435,0,-84.78588684534692,0,-84.2354685609778
dpctgan,ProbabilityEstimation(KernelDensity()),12435,1,-84.36196623394528,0,-84.2354685609778
dpctgan,ProbabilityEstimation(KernelDensity()),12435,0,-85.52602952800684,0,-84.2354685609778
dpctgan,ProbabilityEstimation(KernelDensity()),12435,1,-85.20132796466537,0,-84.2354685609778
dpctgan,ProbabilityEstimation(KernelDensity()),12435,0,-84.90068692596464,0,-84.2354685609778
dpctgan,ProbabilityEstimation(KernelDensity()),12435,1,-83.62182288977905,1,-84.2354685609778
dpctgan,ProbabilityEstimation(KernelDensity()),12435,0,-83.55785800479114,1,-84.2354685609778
dpctgan,ProbabilityEstimation(KernelDensity()),12435,1,-83.78006159697908,1,-84.2354685609778
dpctgan,ProbabilityEstimation(KernelDensity()),12435,0,-83.6281631995124,1,-84.2354685609778
dpctgan,ProbabilityEstimation(KernelDensity()),12435,1,-85.37825109943704,0,-84.2354685609778
dpctgan,ProbabilityEstimation(KernelDensity()),12435,0,-83.14227195500928,1,-84.2354685609778
dpctgan,ProbabilityEstimation(KernelDensity()),12435,1,-85.34494425233049,0,-84.2354685609778
dpctgan,ProbabilityEstimation(KernelDensity()),12435,0,-84.36949554013404,0,-84.2354685609778
dpctgan,ProbabilityEstimation(KernelDensity()),12435,1,-84.54196876048887,0,-84.2354685609778
dpctgan,ProbabilityEstimation(KernelDensity()),12435,0,-84.77444321809523,0,-84.2354685609778
dpctgan,ProbabilityEstimation(KernelDensity()),12435,1,-83.78018294898833,1,-84.2354685609778
dpctgan,ProbabilityEstimation(KernelDensity()),12435,0,-84.25622350851297,0,-84.2354685609778
dpctgan,ProbabilityEstimation(KernelDensity()),12435,1,-85.61227912059708,0,-84.2354685609778
dpctgan,ProbabilityEstimation(KernelDensity()),12435,0,-84.87686809528769,0,-84.2354685609778
dpctgan,ProbabilityEstimation(KernelDensity()),12435,1,-85.32248473399497,0,-84.2354685609778
dpctgan,ProbabilityEstimation(KernelDensity()),12435,0,-83.8398922771537,1,-84.2354685609778
dpctgan,ProbabilityEstimation(KernelDensity()),12435,1,-84.03076669721179,1,-84.2354685609778
dpctgan,ProbabilityEstimation(KernelDensity()),12435,0,-84.77876956124236,0,-84.2354685609778
dpctgan,ProbabilityEstimation(KernelDensity()),12435,1,-83.62686222972746,1,-84.2354685609778
dpctgan,ProbabilityEstimation(KernelDensity()),12435,0,-85.04822805791144,0,-84.2354685609778
dpctgan,ProbabilityEstimation(KernelDensity()),12435,1,-83.79246366316227,1,-84.2354685609778
dpctgan,ProbabilityEstimation(KernelDensity()),12435,0,-85.2625372249982,0,-84.2354685609778
dpctgan,ProbabilityEstimation(KernelDensity()),12435,1,-84.1429384204487,1,-84.2354685609778
dpctgan,ProbabilityEstimation(KernelDensity()),12435,0,-85.14722273478148,0,-84.2354685609778
dpctgan,ProbabilityEstimation(KernelDensity()),12435,1,-85.07559462850521,0,-84.2354685609778
dpctgan,ProbabilityEstimation(KernelDensity()),12435,0,-84.17455792406793,1,-84.2354685609778
dpctgan,ProbabilityEstimation(KernelDensity()),12435,1,-85.74965756644168,0,-84.2354685609778
dpctgan,ProbabilityEstimation(KernelDensity()),12435,0,-83.96314550218675,1,-84.2354685609778
dpctgan,ProbabilityEstimation(KernelDensity()),12435,1,-82.99431290024532,1,-84.2354685609778
dpctgan,ProbabilityEstimation(KernelDensity()),12435,0,-83.93834884804713,1,-84.2354685609778
dpctgan,ProbabilityEstimation(KernelDensity()),12435,1,-83.92011333603384,1,-84.2354685609778
dpctgan,ProbabilityEstimation(KernelDensity()),12435,0,-83.63816826372738,1,-84.2354685609778
dpctgan,ProbabilityEstimation(KernelDensity()),12435,1,-84.62923263106177,0,-84.2354685609778
dpctgan,ProbabilityEstimation(KernelDensity()),12435,0,-84.92160150594503,0,-84.2354685609778
dpctgan,ProbabilityEstimation(KernelDensity()),12435,1,-84.34602635618138,0,-84.2354685609778
dpctgan,ProbabilityEstimation(KernelDensity()),12435,0,-84.96986005787855,0,-84.2354685609778
dpctgan,ProbabilityEstimation(KernelDensity()),12435,1,-85.74474879058067,0,-84.2354685609778
dpctgan,ProbabilityEstimation(KernelDensity()),12435,0,-83.89387263504705,1,-84.2354685609778
dpctgan,ProbabilityEstimation(KernelDensity()),12435,1,-83.85005152285875,1,-84.2354685609778
dpctgan,ProbabilityEstimation(KernelDensity()),12435,0,-84.60545062092518,0,-84.2354685609778
dpctgan,ProbabilityEstimation(KernelDensity()),12435,1,-84.07884184649592,1,-84.2354685609778
dpctgan,ProbabilityEstimation(KernelDensity()),12435,0,-84.68565624977342,0,-84.2354685609778
dpctgan,ProbabilityEstimation(KernelDensity()),12435,1,-84.7343639078451,0,-84.2354685609778
dpctgan,ProbabilityEstimation(KernelDensity()),12435,0,-83.74455743878987,1,-84.2354685609778
dpctgan,ProbabilityEstimation(KernelDensity()),12435,1,-84.70570965582546,0,-84.2354685609778
dpctgan,ProbabilityEstimation(KernelDensity()),12435,0,-84.01568912057348,1,-84.2354685609778
dpctgan,ProbabilityEstimation(KernelDensity()),12435,1,-84.32762028692596,0,-84.2354685609778
dpctgan,ProbabilityEstimation(KernelDensity()),12435,0,-84.84097676101842,0,-84.2354685609778
dpctgan,ProbabilityEstimation(KernelDensity()),12435,1,-84.22121210726795,1,-84.2354685609778
dpctgan,ProbabilityEstimation(KernelDensity()),12435,0,-82.86980702759335,1,-84.2354685609778
dpctgan,ProbabilityEstimation(KernelDensity()),12435,1,-85.72864905800422,0,-84.2354685609778
dpctgan,ProbabilityEstimation(KernelDensity()),12435,0,-85.56809119144147,0,-84.2354685609778
dpctgan,ProbabilityEstimation(KernelDensity()),12435,1,-84.1525452193488,1,-84.2354685609778
dpctgan,ProbabilityEstimation(KernelDensity()),12435,0,-84.45842977951938,0,-84.2354685609778
dpctgan,ProbabilityEstimation(KernelDensity()),12435,1,-85.28054204146542,0,-84.2354685609778
dpctgan,ProbabilityEstimation(KernelDensity()),12435,0,-83.44217214444926,1,-84.2354685609778
dpctgan,ProbabilityEstimation(KernelDensity()),12435,1,-85.01068146886998,0,-84.2354685609778
dpctgan,ProbabilityEstimation(KernelDensity()),12435,0,-84.77199445710335,0,-84.2354685609778
dpctgan,ProbabilityEstimation(KernelDensity()),12435,1,-83.55010971948943,1,-84.2354685609778
dpctgan,ProbabilityEstimation(KernelDensity()),12435,0,-85.11697184011861,0,-84.2354685609778
dpctgan,ProbabilityEstimation(KernelDensity()),12435,1,-85.0826365921691,0,-84.2354685609778
dpctgan,ProbabilityEstimation(KernelDensity()),12435,0,-84.77432225416648,0,-84.2354685609778
dpctgan,ProbabilityEstimation(KernelDensity()),12435,1,-84.32546320572838,0,-84.2354685609778
dpctgan,ProbabilityEstimation(KernelDensity()),12435,0,-85.49399751763139,0,-84.2354685609778
dpctgan,ProbabilityEstimation(KernelDensity()),12435,1,-84.79750051756555,0,-84.2354685609778
dpctgan,ProbabilityEstimation(KernelDensity()),12435,0,-84.19462514171094,1,-84.2354685609778
dpctgan,ProbabilityEstimation(KernelDensity()),12435,1,-83.96571840218913,1,-84.2354685609778
dpctgan,ProbabilityEstimation(KernelDensity()),12435,0,-83.35932068324458,1,-84.2354685609778
dpctgan,ProbabilityEstimation(KernelDensity()),12435,1,-84.6625624760778,0,-84.2354685609778
dpctgan,ProbabilityEstimation(KernelDensity()),12435,0,-85.0782412578539,0,-84.2354685609778
dpctgan,ProbabilityEstimation(KernelDensity()),12435,1,-83.5601758263395,1,-84.2354685609778
dpctgan,ProbabilityEstimation(KernelDensity()),12435,0,-84.23057840287667,1,-84.2354685609778
dpctgan,ProbabilityEstimation(KernelDensity()),12435,1,-84.39051324690035,0,-84.2354685609778
dpctgan,ProbabilityEstimation(KernelDensity()),12435,0,-83.63642944535407,1,-84.2354685609778
dpctgan,ProbabilityEstimation(KernelDensity()),12435,1,-83.79009885057698,1,-84.2354685609778
dpctgan,ProbabilityEstimation(KernelDensity()),12435,0,-84.95990031066795,0,-84.2354685609778
dpctgan,ProbabilityEstimation(KernelDensity()),12435,1,-85.09787253664491,0,-84.2354685609778
dpctgan,ProbabilityEstimation(KernelDensity()),12435,0,-82.90594114677029,1,-84.2354685609778
dpctgan,ProbabilityEstimation(KernelDensity()),12435,1,-84.66045184097561,0,-84.2354685609778
dpctgan,ProbabilityEstimation(KernelDensity()),12435,0,-84.42532030654792,0,-84.2354685609778
dpctgan,ProbabilityEstimation(KernelDensity()),12435,1,-85.22041318740493,0,-84.2354685609778
dpctgan,ProbabilityEstimation(KernelDensity()),12435,0,-83.92654578544771,1,-84.2354685609778
dpctgan,ProbabilityEstimation(KernelDensity()),12435,1,-84.77990270513521,0,-84.2354685609778
dpctgan,ProbabilityEstimation(KernelDensity()),12435,0,-83.57997070951444,1,-84.2354685609778
dpctgan,ProbabilityEstimation(KernelDensity()),12435,1,-83.8667219952017,1,-84.2354685609778
dpctgan,ProbabilityEstimation(KernelDensity()),12435,0,-84.72048791320171,0,-84.2354685609778
dpctgan,ProbabilityEstimation(KernelDensity()),12435,1,-84.53637294435526,0,-84.2354685609778
dpctgan,ProbabilityEstimation(KernelDensity()),12435,0,-83.99053730188035,1,-84.2354685609778
dpctgan,ProbabilityEstimation(KernelDensity()),12435,1,-84.02996817055707,1,-84.2354685609778
dpctgan,ProbabilityEstimation(KernelDensity()),12435,0,-83.38233496171328,1,-84.2354685609778
dpctgan,ProbabilityEstimation(KernelDensity()),12435,1,-83.75609346548231,1,-84.2354685609778
dpctgan,ProbabilityEstimation(KernelDensity()),12435,0,-85.273836848715,0,-84.2354685609778
dpctgan,ProbabilityEstimation(KernelDensity()),12435,1,-85.37450344671925,0,-84.2354685609778
dpctgan,ProbabilityEstimation(KernelDensity()),12435,0,-84.61126115666328,0,-84.2354685609778
dpctgan,ProbabilityEstimation(KernelDensity()),12435,1,-85.14596134676538,0,-84.2354685609778
dpctgan,ProbabilityEstimation(KernelDensity()),12435,0,-84.63916796811404,0,-84.2354685609778
dpctgan,ProbabilityEstimation(KernelDensity()),12435,1,-85.04554054839477,0,-84.2354685609778
dpctgan,ProbabilityEstimation(KernelDensity()),12435,0,-84.40965896927152,0,-84.2354685609778
dpctgan,ProbabilityEstimation(KernelDensity()),12435,1,-84.93318441707505,0,-84.2354685609778
dpctgan,ProbabilityEstimation(KernelDensity()),12435,0,-86.23007805307272,0,-84.2354685609778
dpctgan,ProbabilityEstimation(KernelDensity()),12435,1,-84.92743399998825,0,-84.2354685609778
dpctgan,ProbabilityEstimation(KernelDensity()),12435,0,-83.33592998564977,1,-84.2354685609778
dpctgan,ProbabilityEstimation(KernelDensity()),12435,1,-86.66483131876413,0,-84.2354685609778
dpctgan,ProbabilityEstimation(KernelDensity()),12435,0,-83.69107982880253,1,-84.2354685609778
dpctgan,ProbabilityEstimation(KernelDensity()),12435,1,-85.00907965208788,0,-84.2354685609778
dpctgan,ProbabilityEstimation(KernelDensity()),12435,0,-83.8518655753952,1,-84.2354685609778
dpctgan,ProbabilityEstimation(KernelDensity()),12435,1,-84.92153499308138,0,-84.2354685609778
dpctgan,ProbabilityEstimation(KernelDensity()),12435,0,-83.90519663576924,1,-84.2354685609778
dpctgan,ProbabilityEstimation(KernelDensity()),12435,1,-84.32010259887927,0,-84.2354685609778
dpctgan,ProbabilityEstimation(KernelDensity()),12435,0,-85.20662313989855,0,-84.2354685609778
dpctgan,ProbabilityEstimation(KernelDensity()),12435,1,-83.95013570927199,1,-84.2354685609778
dpctgan,ProbabilityEstimation(KernelDensity()),12435,0,-83.67242720236189,1,-84.2354685609778
dpctgan,ProbabilityEstimation(KernelDensity()),12435,1,-84.94507217729321,0,-84.2354685609778
dpctgan,ProbabilityEstimation(KernelDensity()),12435,0,-83.78081816438906,1,-84.2354685609778
dpctgan,ProbabilityEstimation(KernelDensity()),12435,1,-85.60901235235922,0,-84.2354685609778
dpctgan,ProbabilityEstimation(KernelDensity()),12435,0,-83.59677994975662,1,-84.2354685609778
dpctgan,ProbabilityEstimation(KernelDensity()),12435,1,-85.26661508954072,0,-84.2354685609778
dpctgan,ProbabilityEstimation(KernelDensity()),12435,0,-84.66355340511996,0,-84.2354685609778
dpctgan,ProbabilityEstimation(KernelDensity()),12435,1,-83.91632194732475,1,-84.2354685609778
dpctgan,ProbabilityEstimation(KernelDensity()),12435,0,-84.3100511640773,0,-84.2354685609778
dpctgan,ProbabilityEstimation(KernelDensity()),12435,1,-83.82546223961319,1,-84.2354685609778
dpctgan,ProbabilityEstimation(KernelDensity()),12435,0,-85.04730186006199,0,-84.2354685609778
dpctgan,ProbabilityEstimation(KernelDensity()),12435,1,-85.3407063268135,0,-84.2354685609778
dpctgan,ProbabilityEstimation(KernelDensity()),12435,0,-83.93468886883504,1,-84.2354685609778
dpctgan,ProbabilityEstimation(KernelDensity()),12435,1,-84.11556484869953,1,-84.2354685609778
dpctgan,ProbabilityEstimation(KernelDensity()),12435,0,-85.94225014748513,0,-84.2354685609778
dpctgan,ProbabilityEstimation(KernelDensity()),12435,1,-84.30250881243477,0,-84.2354685609778
dpctgan,ProbabilityEstimation(KernelDensity()),12435,0,-84.28557723585665,0,-84.2354685609778
dpctgan,ProbabilityEstimation(KernelDensity()),12435,1,-84.4946694604444,0,-84.2354685609778
dpctgan,ProbabilityEstimation(KernelDensity()),12435,0,-85.43021395094537,0,-84.2354685609778
dpctgan,ProbabilityEstimation(KernelDensity()),12435,1,-86.27713473432829,0,-84.2354685609778
dpctgan,ProbabilityEstimation(KernelDensity()),12435,0,-84.8083246070245,0,-84.2354685609778
dpctgan,ProbabilityEstimation(KernelDensity()),12435,1,-85.76697976055485,0,-84.2354685609778
dpctgan,ProbabilityEstimation(KernelDensity()),12435,0,-85.76204366978375,0,-84.2354685609778
dpctgan,ProbabilityEstimation(KernelDensity()),12435,1,-83.94827129911062,1,-84.2354685609778
dpctgan,ProbabilityEstimation(KernelDensity()),12435,0,-83.64924493640561,1,-84.2354685609778
dpctgan,ProbabilityEstimation(KernelDensity()),12435,1,-84.58667151289067,0,-84.2354685609778
dpctgan,ProbabilityEstimation(KernelDensity()),12435,0,-84.18273181096228,1,-84.2354685609778
dpctgan,ProbabilityEstimation(KernelDensity()),12435,1,-83.99465432417236,1,-84.2354685609778
dpctgan,ProbabilityEstimation(KernelDensity()),12435,0,-84.24995247594798,0,-84.2354685609778
dpctgan,ProbabilityEstimation(KernelDensity()),12435,1,-84.12322537780396,1,-84.2354685609778
dpctgan,ProbabilityEstimation(KernelDensity()),12435,0,-83.97050923996228,1,-84.2354685609778
dpctgan,ProbabilityEstimation(KernelDensity()),12435,1,-83.06639212611444,1,-84.2354685609778
dpctgan,ProbabilityEstimation(KernelDensity()),12435,0,-84.71426845872361,0,-84.2354685609778
dpctgan,ProbabilityEstimation(KernelDensity()),12435,1,-84.32651595436418,0,-84.2354685609778
dpctgan,ProbabilityEstimation(KernelDensity()),12435,0,-85.00745601729784,0,-84.2354685609778
dpctgan,ProbabilityEstimation(KernelDensity()),12435,1,-84.0682372300569,1,-84.2354685609778
dpctgan,ProbabilityEstimation(KernelDensity()),12435,0,-84.01113040316277,1,-84.2354685609778
dpctgan,ProbabilityEstimation(KernelDensity()),12435,1,-84.32063663855621,0,-84.2354685609778
dpctgan,ProbabilityEstimation(KernelDensity()),12435,0,-84.56889957248592,0,-84.2354685609778
dpctgan,ProbabilityEstimation(KernelDensity()),12435,1,-84.78345602317965,0,-84.2354685609778
dpctgan,ProbabilityEstimation(KernelDensity()),12435,0,-84.07674690756083,1,-84.2354685609778
dpctgan,ProbabilityEstimation(KernelDensity()),12435,1,-85.41139788295958,0,-84.2354685609778
dpctgan,ProbabilityEstimation(KernelDensity()),12435,0,-84.674317992476,0,-84.2354685609778
dpctgan,ProbabilityEstimation(KernelDensity()),12435,1,-85.4744852484365,0,-84.2354685609778
dpctgan,ProbabilityEstimation(KernelDensity()),12435,0,-84.41758411103868,0,-84.2354685609778
dpctgan,ProbabilityEstimation(KernelDensity()),12435,1,-84.34671825883048,0,-84.2354685609778
dpctgan,ProbabilityEstimation(KernelDensity()),12435,0,-83.53258719566178,1,-84.2354685609778
dpctgan,ProbabilityEstimation(KernelDensity()),12435,1,-83.93542138244193,1,-84.2354685609778
dpctgan,ProbabilityEstimation(KernelDensity()),12435,0,-84.69865191064878,0,-84.2354685609778
dpctgan,ProbabilityEstimation(KernelDensity()),12435,1,-83.8461772044774,1,-84.2354685609778
dpctgan,ProbabilityEstimation(KernelDensity()),12435,0,-84.71927173539224,0,-84.2354685609778
dpctgan,ProbabilityEstimation(KernelDensity()),12435,1,-85.21263671919472,0,-84.2354685609778
dpctgan,ProbabilityEstimation(KernelDensity()),12435,0,-84.20581505769269,1,-84.2354685609778
dpctgan,ProbabilityEstimation(KernelDensity()),12435,1,-85.31100789353468,0,-84.2354685609778
dpctgan,ProbabilityEstimation(KernelDensity()),12435,0,-83.21538993489827,1,-84.2354685609778
dpctgan,ProbabilityEstimation(KernelDensity()),12435,1,-85.61006165881834,0,-84.2354685609778
dpctgan,ProbabilityEstimation(KernelDensity()),12435,0,-84.75353727805155,0,-84.2354685609778
dpctgan,ProbabilityEstimation(KernelDensity()),12435,1,-84.87993657189452,0,-84.2354685609778
dpctgan,ProbabilityEstimation(KernelDensity()),12435,0,-84.29027667331874,0,-84.2354685609778
dpctgan,ProbabilityEstimation(KernelDensity()),12435,1,-84.22328260355857,1,-84.2354685609778
dpctgan,ProbabilityEstimation(KernelDensity()),12435,0,-84.35295117296991,0,-84.2354685609778
dpctgan,ProbabilityEstimation(KernelDensity()),12435,1,-84.36403754674429,0,-84.2354685609778
dpctgan,ProbabilityEstimation(KernelDensity()),12435,0,-84.57765330766557,0,-84.2354685609778
dpctgan,ProbabilityEstimation(KernelDensity()),12435,1,-84.34016450480667,0,-84.2354685609778
dpctgan,ProbabilityEstimation(KernelDensity()),12435,0,-85.66872903618346,0,-84.2354685609778
dpctgan,ProbabilityEstimation(KernelDensity()),12435,1,-83.09159195707949,1,-84.2354685609778
dpctgan,ProbabilityEstimation(KernelDensity()),12435,0,-84.40669452210587,0,-84.2354685609778
dpctgan,ProbabilityEstimation(KernelDensity()),12435,1,-85.44136948056352,0,-84.2354685609778
dpctgan,ProbabilityEstimation(KernelDensity()),12435,0,-84.23286690143878,1,-84.2354685609778
dpctgan,ProbabilityEstimation(KernelDensity()),12435,1,-84.43836370063677,0,-84.2354685609778
dpctgan,ProbabilityEstimation(KernelDensity()),12435,0,-83.43666785335753,1,-84.2354685609778
dpctgan,ProbabilityEstimation(KernelDensity()),12435,1,-84.96975579660779,0,-84.2354685609778
dpctgan,ProbabilityEstimation(KernelDensity()),12435,0,-85.75336976590027,0,-84.2354685609778
dpctgan,ProbabilityEstimation(KernelDensity()),12435,1,-85.16993800082035,0,-84.2354685609778
dpctgan,ProbabilityEstimation(KernelDensity()),12435,0,-84.41635015451178,0,-84.2354685609778
dpctgan,ProbabilityEstimation(KernelDensity()),12435,1,-85.4247829920942,0,-84.2354685609778
dpctgan,ProbabilityEstimation(KernelDensity()),12435,0,-83.90059974403309,1,-84.2354685609778
dpctgan,ProbabilityEstimation(KernelDensity()),12435,1,-85.71239603665082,0,-84.2354685609778
dpctgan,ProbabilityEstimation(KernelDensity()),12435,0,-85.84237847541435,0,-84.2354685609778
dpctgan,ProbabilityEstimation(KernelDensity()),12435,1,-83.8355674904321,1,-84.2354685609778
dpctgan,ProbabilityEstimation(KernelDensity()),12435,0,-84.02410940440548,1,-84.2354685609778
dpctgan,ProbabilityEstimation(KernelDensity()),12435,1,-84.5360807089022,0,-84.2354685609778
dpctgan,ProbabilityEstimation(KernelDensity()),12435,0,-83.85727101731737,1,-84.2354685609778
dpctgan,ProbabilityEstimation(KernelDensity()),12435,1,-84.40784277942663,0,-84.2354685609778
dpctgan,ProbabilityEstimation(KernelDensity()),12435,0,-84.20362416333863,1,-84.2354685609778
dpctgan,ProbabilityEstimation(KernelDensity()),12435,1,-84.26375001878624,0,-84.2354685609778
dpctgan,ProbabilityEstimation(KernelDensity()),12435,0,-83.90121663383869,1,-84.2354685609778
dpctgan,ProbabilityEstimation(KernelDensity()),12435,1,-85.71189704940276,0,-84.2354685609778
dpctgan,ProbabilityEstimation(KernelDensity()),12435,0,-84.88347810853091,0,-84.2354685609778
dpctgan,ProbabilityEstimation(KernelDensity()),12435,1,-85.34930271428782,0,-84.2354685609778
dpctgan,ProbabilityEstimation(KernelDensity()),12435,0,-83.92648566671213,1,-84.2354685609778
dpctgan,ProbabilityEstimation(KernelDensity()),12435,1,-85.03576185104436,0,-84.2354685609778
dpctgan,ProbabilityEstimation(KernelDensity()),12435,0,-83.50260104695928,1,-84.2354685609778
dpctgan,ProbabilityEstimation(KernelDensity()),12435,1,-83.47840217658656,1,-84.2354685609778
dpctgan,ProbabilityEstimation(KernelDensity()),12435,0,-84.83654127512037,0,-84.2354685609778
dpctgan,ProbabilityEstimation(KernelDensity()),12435,1,-85.24539367025938,0,-84.2354685609778
dpctgan,ProbabilityEstimation(KernelDensity()),12435,0,-84.02594320541864,1,-84.2354685609778
dpctgan,ProbabilityEstimation(KernelDensity()),12435,1,-83.90960071478763,1,-84.2354685609778
dpctgan,ProbabilityEstimation(KernelDensity()),12435,0,-84.45265301635364,0,-84.2354685609778
dpctgan,ProbabilityEstimation(KernelDensity()),12435,1,-84.0954516472801,1,-84.2354685609778
dpctgan,ProbabilityEstimation(KernelDensity()),12435,0,-84.31878547760097,0,-84.2354685609778
dpctgan,ProbabilityEstimation(KernelDensity()),12435,1,-84.7031614740775,0,-84.2354685609778
dpctgan,ProbabilityEstimation(KernelDensity()),12435,0,-85.00914280415537,0,-84.2354685609778
dpctgan,ProbabilityEstimation(KernelDensity()),12435,1,-83.81419431327818,1,-84.2354685609778
dpctgan,ProbabilityEstimation(KernelDensity()),12435,0,-84.4446251826358,0,-84.2354685609778
dpctgan,ProbabilityEstimation(KernelDensity()),12435,1,-84.1304247263806,1,-84.2354685609778
dpctgan,ProbabilityEstimation(KernelDensity()),12435,0,-84.82846101318887,0,-84.2354685609778
dpctgan,ProbabilityEstimation(KernelDensity()),12435,1,-85.15252704431421,0,-84.2354685609778
dpctgan,ProbabilityEstimation(KernelDensity()),12435,0,-83.53565416296293,1,-84.2354685609778
dpctgan,ProbabilityEstimation(KernelDensity()),12435,1,-84.0535496283215,1,-84.2354685609778
dpctgan,ProbabilityEstimation(KernelDensity()),12435,0,-85.6734626073651,0,-84.2354685609778
dpctgan,ProbabilityEstimation(KernelDensity()),12435,1,-83.04337502379272,1,-84.2354685609778
dpctgan,ProbabilityEstimation(KernelDensity()),12435,0,-83.45170842302224,1,-84.2354685609778
dpctgan,ProbabilityEstimation(KernelDensity()),12435,1,-84.2940835450604,0,-84.2354685609778
dpctgan,ProbabilityEstimation(KernelDensity()),12435,0,-85.03517295616109,0,-84.2354685609778
dpctgan,ProbabilityEstimation(KernelDensity()),12435,1,-85.32664159341141,0,-84.2354685609778
dpctgan,ProbabilityEstimation(KernelDensity()),12435,0,-85.38175633498396,0,-84.2354685609778
dpctgan,ProbabilityEstimation(KernelDensity()),12435,1,-83.65829748325366,1,-84.2354685609778
dpctgan,ProbabilityEstimation(KernelDensity()),12435,0,-84.92079524863351,0,-84.2354685609778
dpctgan,ProbabilityEstimation(KernelDensity()),12435,1,-85.44845497560843,0,-84.2354685609778
dpctgan,ProbabilityEstimation(KernelDensity()),12435,0,-83.27551288444106,1,-84.2354685609778
dpctgan,ProbabilityEstimation(KernelDensity()),12435,1,-84.1265827954842,1,-84.2354685609778
dpctgan,ProbabilityEstimation(KernelDensity()),12435,0,-84.20428596835319,1,-84.2354685609778
dpctgan,ProbabilityEstimation(KernelDensity()),12435,1,-85.57439188184912,0,-84.2354685609778
dpctgan,ProbabilityEstimation(KernelDensity()),12435,0,-83.98072476733574,1,-84.2354685609778
dpctgan,ProbabilityEstimation(KernelDensity()),12435,1,-84.27358536436176,0,-84.2354685609778
dpctgan,ProbabilityEstimation(KernelDensity()),12435,0,-84.28809930756093,0,-84.2354685609778
dpctgan,ProbabilityEstimation(KernelDensity()),12435,1,-84.35151037247743,0,-84.2354685609778
dpctgan,ProbabilityEstimation(KernelDensity()),12435,0,-84.86115311821284,0,-84.2354685609778
dpctgan,ProbabilityEstimation(KernelDensity()),12435,1,-85.0484368080419,0,-84.2354685609778
dpctgan,ProbabilityEstimation(KernelDensity()),12435,0,-84.46034484868382,0,-84.2354685609778
dpctgan,ProbabilityEstimation(KernelDensity()),12435,1,-83.21465535479426,1,-84.2354685609778
dpctgan,ProbabilityEstimation(KernelDensity()),12435,0,-84.81353072337049,0,-84.2354685609778
dpctgan,ProbabilityEstimation(KernelDensity()),12435,1,-84.4378094375904,0,-84.2354685609778
dpctgan,ProbabilityEstimation(KernelDensity()),12435,0,-84.5790366787626,0,-84.2354685609778
dpctgan,ProbabilityEstimation(KernelDensity()),12435,1,-84.18804940184164,1,-84.2354685609778
dpctgan,ProbabilityEstimation(KernelDensity()),12435,0,-85.72280061918003,0,-84.2354685609778
dpctgan,ProbabilityEstimation(KernelDensity()),12435,1,-84.25820190755942,0,-84.2354685609778
dpctgan,ProbabilityEstimation(KernelDensity()),12435,0,-83.82801866861826,1,-84.2354685609778
dpctgan,ProbabilityEstimation(KernelDensity()),12435,1,-83.22708735314103,1,-84.2354685609778
dpctgan,ProbabilityEstimation(KernelDensity()),12435,0,-84.51556947565051,0,-84.2354685609778
dpctgan,ProbabilityEstimation(KernelDensity()),12435,1,-84.33434100864382,0,-84.2354685609778
dpctgan,ProbabilityEstimation(KernelDensity()),12435,0,-85.27842040653978,0,-84.2354685609778
dpctgan,ProbabilityEstimation(KernelDensity()),12435,1,-84.26312430419497,0,-84.2354685609778
dpctgan,ProbabilityEstimation(KernelDensity()),12435,0,-84.91550890973006,0,-84.2354685609778
dpctgan,ProbabilityEstimation(KernelDensity()),12435,1,-84.08197488251393,1,-84.2354685609778
dpctgan,ProbabilityEstimation(KernelDensity()),12435,0,-85.01143017869883,0,-84.2354685609778
dpctgan,ProbabilityEstimation(KernelDensity()),12435,1,-83.98447630938361,1,-84.2354685609778
dpctgan,ProbabilityEstimation(KernelDensity()),12435,0,-84.17864978550244,1,-84.2354685609778
dpctgan,ProbabilityEstimation(KernelDensity()),12435,1,-84.43931012123329,0,-84.2354685609778
dpctgan,ProbabilityEstimation(KernelDensity()),12435,0,-83.97045101660987,1,-84.2354685609778
dpctgan,ProbabilityEstimation(KernelDensity()),12435,1,-84.40364066712924,0,-84.2354685609778
dpctgan,ProbabilityEstimation(KernelDensity()),12435,0,-83.70684216127252,1,-84.2354685609778
dpctgan,ProbabilityEstimation(KernelDensity()),12435,1,-82.62454927545184,1,-84.2354685609778
dpctgan,ProbabilityEstimation(KernelDensity()),12435,0,-84.5032651502056,0,-84.2354685609778
dpctgan,ProbabilityEstimation(KernelDensity()),12435,1,-84.2767340447995,0,-84.2354685609778
dpctgan,ProbabilityEstimation(KernelDensity()),12435,0,-84.36908642231373,0,-84.2354685609778
dpctgan,ProbabilityEstimation(KernelDensity()),12435,1,-84.85088061328184,0,-84.2354685609778
dpctgan,ProbabilityEstimation(KernelDensity()),12435,0,-84.1688825300572,1,-84.2354685609778
dpctgan,ProbabilityEstimation(KernelDensity()),12435,1,-85.22063177558213,0,-84.2354685609778
dpctgan,ProbabilityEstimation(KernelDensity()),12435,0,-85.4129510270457,0,-84.2354685609778
dpctgan,ProbabilityEstimation(KernelDensity()),12435,1,-84.36522718750928,0,-84.2354685609778
dpctgan,ProbabilityEstimation(KernelDensity()),12435,0,-83.8454268898477,1,-84.2354685609778
dpctgan,ProbabilityEstimation(KernelDensity()),12435,1,-84.02833485589835,1,-84.2354685609778
dpctgan,ProbabilityEstimation(KernelDensity()),12435,0,-83.5699172645098,1,-84.2354685609778
dpctgan,ProbabilityEstimation(KernelDensity()),12435,1,-84.36601302428397,0,-84.2354685609778
dpctgan,ProbabilityEstimation(KernelDensity()),12435,0,-84.90639829870791,0,-84.2354685609778
dpctgan,ProbabilityEstimation(KernelDensity()),12435,1,-83.89002994823352,1,-84.2354685609778
dpctgan,ProbabilityEstimation(KernelDensity()),12435,0,-84.85561628209906,0,-84.2354685609778
dpctgan,ProbabilityEstimation(KernelDensity()),12435,1,-83.49274730653472,1,-84.2354685609778
dpctgan,ProbabilityEstimation(KernelDensity()),12435,0,-84.96305151666644,0,-84.2354685609778
dpctgan,ProbabilityEstimation(KernelDensity()),12435,1,-84.84026121395044,0,-84.2354685609778
dpctgan,ProbabilityEstimation(KernelDensity()),12435,0,-84.00860608268184,1,-84.2354685609778
dpctgan,ProbabilityEstimation(KernelDensity()),12435,1,-83.50604355437063,1,-84.2354685609778
dpctgan,ProbabilityEstimation(KernelDensity()),12435,0,-84.46221794062434,0,-84.2354685609778
dpctgan,ProbabilityEstimation(KernelDensity()),12435,1,-84.79723364706425,0,-84.2354685609778
dpctgan,ProbabilityEstimation(KernelDensity()),12435,0,-83.84131355581027,1,-84.2354685609778
dpctgan,ProbabilityEstimation(KernelDensity()),12435,1,-85.33962340042798,0,-84.2354685609778
dpctgan,ProbabilityEstimation(KernelDensity()),12435,0,-83.17586896013032,1,-84.2354685609778
dpctgan,ProbabilityEstimation(KernelDensity()),12435,1,-84.33854357570812,0,-84.2354685609778
dpctgan,ProbabilityEstimation(KernelDensity()),12435,0,-83.87757071575454,1,-84.2354685609778
dpctgan,ProbabilityEstimation(KernelDensity()),12435,1,-84.94127818571832,0,-84.2354685609778
dpctgan,ProbabilityEstimation(KernelDensity()),12435,0,-84.5234677846232,0,-84.2354685609778
dpctgan,ProbabilityEstimation(KernelDensity()),12435,1,-83.6685148049276,1,-84.2354685609778
dpctgan,ProbabilityEstimation(KernelDensity()),12435,0,-84.75152742601975,0,-84.2354685609778
dpctgan,ProbabilityEstimation(KernelDensity()),12435,1,-84.45308548151522,0,-84.2354685609778
dpctgan,ProbabilityEstimation(KernelDensity()),12435,0,-84.86628358760939,0,-84.2354685609778
dpctgan,ProbabilityEstimation(KernelDensity()),12435,1,-85.30123992159302,0,-84.2354685609778
dpctgan,ProbabilityEstimation(KernelDensity()),12435,0,-83.91113588417163,1,-84.2354685609778
dpctgan,ProbabilityEstimation(KernelDensity()),12435,1,-83.68972962618172,1,-84.2354685609778
dpctgan,ProbabilityEstimation(KernelDensity()),12435,0,-85.3698081861178,0,-84.2354685609778
dpctgan,ProbabilityEstimation(KernelDensity()),12435,1,-83.51551451727843,1,-84.2354685609778
dpctgan,ProbabilityEstimation(KernelDensity()),12435,0,-83.35629684317274,1,-84.2354685609778
dpctgan,ProbabilityEstimation(KernelDensity()),12435,1,-83.68434614356178,1,-84.2354685609778
dpctgan,ProbabilityEstimation(KernelDensity()),12435,0,-84.16768719383442,1,-84.2354685609778
dpctgan,ProbabilityEstimation(KernelDensity()),12435,1,-84.42343246104389,0,-84.2354685609778
dpctgan,ProbabilityEstimation(KernelDensity()),12435,0,-84.8448941413415,0,-84.2354685609778
dpctgan,ProbabilityEstimation(KernelDensity()),12435,1,-84.08830044572639,1,-84.2354685609778
dpctgan,ProbabilityEstimation(KernelDensity()),12435,0,-84.62885310600257,0,-84.2354685609778
dpctgan,ProbabilityEstimation(KernelDensity()),12435,1,-86.27239616710199,0,-84.2354685609778
dpctgan,ProbabilityEstimation(KernelDensity()),12435,0,-84.44668018172581,0,-84.2354685609778
dpctgan,ProbabilityEstimation(KernelDensity()),12435,1,-84.515176859677,0,-84.2354685609778
dpctgan,ProbabilityEstimation(KernelDensity()),12435,0,-85.23430332153266,0,-84.2354685609778
dpctgan,ProbabilityEstimation(KernelDensity()),12435,1,-84.37545684958467,0,-84.2354685609778
dpctgan,ProbabilityEstimation(KernelDensity()),12435,0,-84.01304770081036,1,-84.2354685609778
dpctgan,ProbabilityEstimation(KernelDensity()),12435,1,-84.3214563518222,0,-84.2354685609778
dpctgan,ProbabilityEstimation(KernelDensity()),12435,0,-84.73980780714459,0,-84.2354685609778
dpctgan,ProbabilityEstimation(KernelDensity()),12435,1,-85.13810144790554,0,-84.2354685609778
dpctgan,ProbabilityEstimation(KernelDensity()),12435,0,-84.96787626859876,0,-84.2354685609778
dpctgan,ProbabilityEstimation(KernelDensity()),12435,1,-85.63561490316201,0,-84.2354685609778
dpctgan,ProbabilityEstimation(KernelDensity()),12435,0,-83.54015009042456,1,-84.2354685609778
dpctgan,ProbabilityEstimation(KernelDensity()),12435,1,-85.61231758277987,0,-84.2354685609778
dpctgan,ProbabilityEstimation(KernelDensity()),12435,0,-85.71203087935834,0,-84.2354685609778
dpctgan,ProbabilityEstimation(KernelDensity()),12435,1,-84.3931732921508,0,-84.2354685609778
dpctgan,ProbabilityEstimation(KernelDensity()),12435,0,-84.01627715835075,1,-84.2354685609778
dpctgan,ProbabilityEstimation(KernelDensity()),12435,1,-84.66212973307603,0,-84.2354685609778
dpctgan,ProbabilityEstimation(KernelDensity()),12435,0,-84.26837669339358,0,-84.2354685609778
dpctgan,ProbabilityEstimation(KernelDensity()),12435,1,-83.93141012738775,1,-84.2354685609778
dpctgan,ProbabilityEstimation(KernelDensity()),12435,0,-85.16336516017493,0,-84.2354685609778
dpctgan,ProbabilityEstimation(KernelDensity()),12435,1,-84.15972892818267,1,-84.2354685609778
dpctgan,ProbabilityEstimation(KernelDensity()),12435,0,-83.70244536911358,1,-84.2354685609778
dpctgan,ProbabilityEstimation(KernelDensity()),12435,1,-85.55728694859444,0,-84.2354685609778
dpctgan,ProbabilityEstimation(KernelDensity()),12435,0,-84.08538251676426,1,-84.2354685609778
dpctgan,ProbabilityEstimation(KernelDensity()),12435,1,-85.43851988563563,0,-84.2354685609778
dpctgan,ProbabilityEstimation(KernelDensity()),12435,0,-84.07178086775846,1,-84.2354685609778
dpctgan,ProbabilityEstimation(KernelDensity()),12435,1,-83.89638886969999,1,-84.2354685609778
dpctgan,ProbabilityEstimation(KernelDensity()),12435,0,-84.18669508807335,1,-84.2354685609778
dpctgan,ProbabilityEstimation(KernelDensity()),12435,1,-83.41473135971641,1,-84.2354685609778
dpctgan,ProbabilityEstimation(KernelDensity()),12435,0,-84.14624218359602,1,-84.2354685609778
dpctgan,ProbabilityEstimation(KernelDensity()),12435,1,-84.05025903506035,1,-84.2354685609778
dpctgan,ProbabilityEstimation(KernelDensity()),12435,0,-84.99263277984147,0,-84.2354685609778
dpctgan,ProbabilityEstimation(KernelDensity()),12435,1,-85.51115650054271,0,-84.2354685609778
dpctgan,ProbabilityEstimation(KernelDensity()),12435,0,-85.4009356297955,0,-84.2354685609778
dpctgan,ProbabilityEstimation(KernelDensity()),12435,1,-84.16196378473043,1,-84.2354685609778
dpctgan,ProbabilityEstimation(KernelDensity()),12435,0,-83.97993117842266,1,-84.2354685609778
dpctgan,ProbabilityEstimation(KernelDensity()),12435,1,-84.17847272376997,1,-84.2354685609778
dpctgan,ProbabilityEstimation(KernelDensity()),12435,0,-84.00423143906721,1,-84.2354685609778
dpctgan,ProbabilityEstimation(KernelDensity()),12435,1,-84.89462793117558,0,-84.2354685609778
dpctgan,ProbabilityEstimation(KernelDensity()),12435,0,-85.98229731766168,0,-84.2354685609778
dpctgan,ProbabilityEstimation(KernelDensity()),12435,1,-84.98529902635482,0,-84.2354685609778
dpctgan,ProbabilityEstimation(KernelDensity()),12435,0,-84.02879932452785,1,-84.2354685609778
dpctgan,ProbabilityEstimation(KernelDensity()),12435,1,-84.21749526009448,1,-84.2354685609778
dpctgan,ProbabilityEstimation(KernelDensity()),12435,0,-83.82281725121408,1,-84.2354685609778
dpctgan,ProbabilityEstimation(KernelDensity()),12435,1,-84.3323200733676,0,-84.2354685609778
dpctgan,ProbabilityEstimation(KernelDensity()),12435,0,-84.70982980980915,0,-84.2354685609778
dpctgan,ProbabilityEstimation(KernelDensity()),12435,1,-85.0498624092694,0,-84.2354685609778
dpctgan,ProbabilityEstimation(KernelDensity()),12435,0,-83.97759033711357,1,-84.2354685609778
dpctgan,ProbabilityEstimation(KernelDensity()),12435,1,-84.1079604523045,1,-84.2354685609778
dpctgan,ProbabilityEstimation(KernelDensity()),12435,0,-83.66878058353291,1,-84.2354685609778
dpctgan,ProbabilityEstimation(KernelDensity()),12435,1,-83.75883019841186,1,-84.2354685609778
dpctgan,ProbabilityEstimation(KernelDensity()),12435,0,-83.39857534348792,1,-84.2354685609778
dpctgan,ProbabilityEstimation(KernelDensity()),12435,1,-84.99377410103882,0,-84.2354685609778
dpctgan,ProbabilityEstimation(KernelDensity()),12435,0,-84.36030326667547,0,-84.2354685609778
dpctgan,ProbabilityEstimation(KernelDensity()),12435,1,-82.4257199218548,1,-84.2354685609778
dpctgan,ProbabilityEstimation(KernelDensity()),12435,0,-85.40720267947115,0,-84.2354685609778
dpctgan,ProbabilityEstimation(KernelDensity()),12435,1,-85.3776837348512,0,-84.2354685609778
dpctgan,ProbabilityEstimation(KernelDensity()),12435,0,-84.65964814892558,0,-84.2354685609778
dpctgan,ProbabilityEstimation(KernelDensity()),12435,1,-83.65143705496888,1,-84.2354685609778
dpctgan,ProbabilityEstimation(KernelDensity()),12435,0,-85.61860362246645,0,-84.2354685609778
dpctgan,ProbabilityEstimation(KernelDensity()),12435,1,-85.67126005451328,0,-84.2354685609778
dpctgan,ProbabilityEstimation(KernelDensity()),12435,0,-84.17554708796244,1,-84.2354685609778
dpctgan,ProbabilityEstimation(KernelDensity()),12435,1,-85.16598996797994,0,-84.2354685609778
dpctgan,ProbabilityEstimation(KernelDensity()),12435,0,-85.87960258207171,0,-84.2354685609778
dpctgan,ProbabilityEstimation(KernelDensity()),12435,1,-84.55480849267363,0,-84.2354685609778
dpctgan,ProbabilityEstimation(KernelDensity()),12435,0,-83.80155496403721,1,-84.2354685609778
dpctgan,ProbabilityEstimation(KernelDensity()),12435,1,-84.60450360278507,0,-84.2354685609778
dpctgan,ProbabilityEstimation(KernelDensity()),12435,0,-83.9292999990917,1,-84.2354685609778
dpctgan,ProbabilityEstimation(KernelDensity()),12435,1,-84.27399733154743,0,-84.2354685609778
dpctgan,ProbabilityEstimation(KernelDensity()),12435,0,-83.93793741410848,1,-84.2354685609778
dpctgan,ProbabilityEstimation(KernelDensity()),12435,1,-84.95748187681224,0,-84.2354685609778
dpctgan,ProbabilityEstimation(KernelDensity()),12435,0,-84.60155282670732,0,-84.2354685609778
dpctgan,ProbabilityEstimation(KernelDensity()),12435,1,-84.39349518572418,0,-84.2354685609778
dpctgan,ProbabilityEstimation(KernelDensity()),12435,0,-84.70842865372208,0,-84.2354685609778
dpctgan,ProbabilityEstimation(KernelDensity()),12435,1,-85.52899075470862,0,-84.2354685609778
dpctgan,ProbabilityEstimation(KernelDensity()),12435,0,-83.02420718662087,1,-84.2354685609778
dpctgan,ProbabilityEstimation(KernelDensity()),12435,1,-84.5186612926499,0,-84.2354685609778
dpctgan,ProbabilityEstimation(KernelDensity()),12435,0,-85.4272676485529,0,-84.2354685609778
dpctgan,ProbabilityEstimation(KernelDensity()),12435,1,-83.51828208543226,1,-84.2354685609778
dpctgan,ProbabilityEstimation(KernelDensity()),12435,0,-83.36530490814118,1,-84.2354685609778
dpctgan,ProbabilityEstimation(KernelDensity()),12435,1,-85.07677646728615,0,-84.2354685609778
dpctgan,ProbabilityEstimation(KernelDensity()),12435,0,-84.07575097633102,1,-84.2354685609778
dpctgan,ProbabilityEstimation(KernelDensity()),12435,1,-83.72637700427859,1,-84.2354685609778
dpctgan,ProbabilityEstimation(KernelDensity()),12435,0,-85.10226714962829,0,-84.2354685609778
dpctgan,ProbabilityEstimation(KernelDensity()),12435,1,-83.55851153447259,1,-84.2354685609778
dpctgan,ProbabilityEstimation(KernelDensity()),12435,0,-84.16526602654871,1,-84.2354685609778
dpctgan,ProbabilityEstimation(KernelDensity()),12435,1,-85.81765402441629,0,-84.2354685609778
dpctgan,ProbabilityEstimation(KernelDensity()),12435,0,-85.70611207119066,0,-84.2354685609778
dpctgan,ProbabilityEstimation(KernelDensity()),12435,1,-84.04459980365826,1,-84.2354685609778
dpctgan,ProbabilityEstimation(KernelDensity()),12435,0,-83.71680001959643,1,-84.2354685609778
dpctgan,ProbabilityEstimation(KernelDensity()),12435,1,-84.35529667154098,0,-84.2354685609778
dpctgan,ProbabilityEstimation(KernelDensity()),12435,0,-84.2267405065259,1,-84.2354685609778
dpctgan,ProbabilityEstimation(KernelDensity()),12435,1,-83.922530197425,1,-84.2354685609778
dpctgan,ProbabilityEstimation(KernelDensity()),12435,0,-84.10135637679701,1,-84.2354685609778
dpctgan,ProbabilityEstimation(KernelDensity()),12435,1,-83.95333262158445,1,-84.2354685609778
dpctgan,ProbabilityEstimation(KernelDensity()),12435,0,-84.51314239970199,0,-84.2354685609778
dpctgan,ProbabilityEstimation(KernelDensity()),12435,1,-84.40713493600036,0,-84.2354685609778
dpctgan,ProbabilityEstimation(KernelDensity()),12435,0,-84.687190507472,0,-84.2354685609778
dpctgan,ProbabilityEstimation(KernelDensity()),12435,1,-84.27356698261501,0,-84.2354685609778
dpctgan,ProbabilityEstimation(KernelDensity()),12435,0,-84.3292515165952,0,-84.2354685609778
dpctgan,ProbabilityEstimation(KernelDensity()),12435,1,-85.2512820271723,0,-84.2354685609778
dpctgan,ProbabilityEstimation(KernelDensity()),12435,0,-84.95674263785126,0,-84.2354685609778
dpctgan,ProbabilityEstimation(KernelDensity()),12435,1,-83.64344732997638,1,-84.2354685609778
dpctgan,ProbabilityEstimation(KernelDensity()),12435,0,-84.10230249404214,1,-84.2354685609778
dpctgan,ProbabilityEstimation(KernelDensity()),12435,1,-83.35305175235185,1,-84.2354685609778
dpctgan,ProbabilityEstimation(KernelDensity()),12435,0,-84.08888062708316,1,-84.2354685609778
dpctgan,ProbabilityEstimation(KernelDensity()),12435,1,-83.45006856423282,1,-84.2354685609778
dpctgan,ProbabilityEstimation(KernelDensity()),12435,0,-84.79329439451928,0,-84.2354685609778
dpctgan,ProbabilityEstimation(KernelDensity()),12435,1,-84.05779204042076,1,-84.2354685609778
dpctgan,ProbabilityEstimation(KernelDensity()),12435,0,-85.10044637220217,0,-84.2354685609778
dpctgan,ProbabilityEstimation(KernelDensity()),12435,1,-84.01891382948683,1,-84.2354685609778
dpctgan,ProbabilityEstimation(KernelDensity()),12435,0,-84.21273109161598,1,-84.2354685609778
dpctgan,ProbabilityEstimation(KernelDensity()),12435,1,-84.93861420272472,0,-84.2354685609778
dpctgan,ProbabilityEstimation(KernelDensity()),12435,0,-84.06141135124035,1,-84.2354685609778
dpctgan,ProbabilityEstimation(KernelDensity()),12435,1,-85.14409799222155,0,-84.2354685609778
dpctgan,ProbabilityEstimation(KernelDensity()),12435,0,-83.87580452541029,1,-84.2354685609778
dpctgan,ProbabilityEstimation(KernelDensity()),12435,1,-85.17357956666353,0,-84.2354685609778
dpctgan,ProbabilityEstimation(KernelDensity()),12435,0,-85.21119313153426,0,-84.2354685609778
dpctgan,ProbabilityEstimation(KernelDensity()),12435,1,-84.08585762255315,1,-84.2354685609778
dpctgan,ProbabilityEstimation(KernelDensity()),12435,0,-84.74308868155565,0,-84.2354685609778
dpctgan,ProbabilityEstimation(KernelDensity()),12435,1,-84.7871941917545,0,-84.2354685609778
dpctgan,ProbabilityEstimation(KernelDensity()),12435,0,-85.69152024527716,0,-84.2354685609778
dpctgan,ProbabilityEstimation(KernelDensity()),12435,1,-85.02761620755507,0,-84.2354685609778
dpctgan,ProbabilityEstimation(KernelDensity()),12435,0,-84.15106360930292,1,-84.2354685609778
dpctgan,ProbabilityEstimation(KernelDensity()),12435,1,-84.50449229193143,0,-84.2354685609778
dpctgan,ProbabilityEstimation(KernelDensity()),12435,0,-84.73148707323548,0,-84.2354685609778
dpctgan,ProbabilityEstimation(KernelDensity()),12435,1,-84.60505510027434,0,-84.2354685609778
dpctgan,ProbabilityEstimation(KernelDensity()),12435,0,-84.9919873029982,0,-84.2354685609778
dpctgan,ProbabilityEstimation(KernelDensity()),12435,1,-84.23517817985477,1,-84.2354685609778
dpctgan,ProbabilityEstimation(KernelDensity()),12435,0,-84.46286875167588,0,-84.2354685609778
dpctgan,ProbabilityEstimation(KernelDensity()),12435,1,-84.31279557722941,0,-84.2354685609778
dpctgan,ProbabilityEstimation(KernelDensity()),12435,0,-83.99389030221911,1,-84.2354685609778
dpctgan,ProbabilityEstimation(KernelDensity()),12435,1,-84.94498967804606,0,-84.2354685609778
dpctgan,ProbabilityEstimation(KernelDensity()),12435,0,-84.31113907255333,0,-84.2354685609778
dpctgan,ProbabilityEstimation(KernelDensity()),12435,1,-84.81113063156279,0,-84.2354685609778
dpctgan,ProbabilityEstimation(KernelDensity()),12435,0,-83.46078217116893,1,-84.2354685609778
dpctgan,ProbabilityEstimation(KernelDensity()),12435,1,-84.80687582902746,0,-84.2354685609778
dpctgan,ProbabilityEstimation(KernelDensity()),12435,0,-83.7648749254994,1,-84.2354685609778
dpctgan,ProbabilityEstimation(KernelDensity()),12435,1,-85.79531837730742,0,-84.2354685609778
dpctgan,ProbabilityEstimation(KernelDensity()),12435,0,-84.58616825102256,0,-84.2354685609778
dpctgan,ProbabilityEstimation(KernelDensity()),12435,1,-85.10174618672085,0,-84.2354685609778
dpctgan,ProbabilityEstimation(KernelDensity()),12435,0,-83.5525260522894,1,-84.2354685609778
dpctgan,ProbabilityEstimation(KernelDensity()),12435,1,-86.03319365650808,0,-84.2354685609778
dpctgan,ProbabilityEstimation(KernelDensity()),12435,0,-85.89294880644213,0,-84.2354685609778
dpctgan,ProbabilityEstimation(KernelDensity()),12435,1,-83.10317895744971,1,-84.2354685609778
dpctgan,ProbabilityEstimation(KernelDensity()),12435,0,-84.91210529500391,0,-84.2354685609778
dpctgan,ProbabilityEstimation(KernelDensity()),12435,1,-83.58939108699913,1,-84.2354685609778
dpctgan,ProbabilityEstimation(KernelDensity()),12435,0,-84.02577210942282,1,-84.2354685609778
dpctgan,ProbabilityEstimation(KernelDensity()),12435,1,-84.30694661159737,0,-84.2354685609778
dpctgan,ProbabilityEstimation(KernelDensity()),12435,0,-84.03921115007331,1,-84.2354685609778
dpctgan,ProbabilityEstimation(KernelDensity()),12435,1,-84.34410404641123,0,-84.2354685609778
dpctgan,ProbabilityEstimation(KernelDensity()),12435,0,-83.5501608545374,1,-84.2354685609778
dpctgan,ProbabilityEstimation(KernelDensity()),12435,1,-84.28672250624973,0,-84.2354685609778
dpctgan,ProbabilityEstimation(KernelDensity()),12435,0,-83.80299293321693,1,-84.2354685609778
dpctgan,ProbabilityEstimation(KernelDensity()),12435,1,-85.95757533012663,0,-84.2354685609778
dpctgan,ProbabilityEstimation(KernelDensity()),12435,0,-84.59281192392366,0,-84.2354685609778
dpctgan,ProbabilityEstimation(KernelDensity()),12435,1,-83.83586287753518,1,-84.2354685609778
dpctgan,ProbabilityEstimation(KernelDensity()),12435,0,-83.52366643285555,1,-84.2354685609778
dpctgan,ProbabilityEstimation(KernelDensity()),12435,1,-84.65316259292669,0,-84.2354685609778
dpctgan,ProbabilityEstimation(KernelDensity()),12435,0,-85.29009719511663,0,-84.2354685609778
dpctgan,ProbabilityEstimation(KernelDensity()),12435,1,-85.33194664555457,0,-84.2354685609778
dpctgan,ProbabilityEstimation(KernelDensity()),12435,0,-85.78848295059191,0,-84.2354685609778
dpctgan,ProbabilityEstimation(KernelDensity()),12435,1,-83.28445633950673,1,-84.2354685609778
dpctgan,ProbabilityEstimation(KernelDensity()),12435,0,-84.60096484349053,0,-84.2354685609778
dpctgan,ProbabilityEstimation(KernelDensity()),12435,1,-84.36334254669663,0,-84.2354685609778
dpctgan,ProbabilityEstimation(KernelDensity()),12435,0,-85.71256648884687,0,-84.2354685609778
dpctgan,ProbabilityEstimation(KernelDensity()),12435,1,-84.90360849490771,0,-84.2354685609778
dpctgan,ProbabilityEstimation(KernelDensity()),12435,0,-83.66206096629767,1,-84.2354685609778
dpctgan,ProbabilityEstimation(KernelDensity()),12435,1,-83.52142138827048,1,-84.2354685609778
dpctgan,ProbabilityEstimation(KernelDensity()),12435,0,-83.75178216277061,1,-84.2354685609778
dpctgan,ProbabilityEstimation(KernelDensity()),12435,1,-84.97104261468596,0,-84.2354685609778
dpctgan,ProbabilityEstimation(KernelDensity()),12435,0,-85.11907608344801,0,-84.2354685609778
dpctgan,ProbabilityEstimation(KernelDensity()),12435,1,-84.80823212512367,0,-84.2354685609778
dpctgan,ProbabilityEstimation(KernelDensity()),12435,0,-84.79907959466149,0,-84.2354685609778
dpctgan,ProbabilityEstimation(KernelDensity()),12435,1,-84.28123498250017,0,-84.2354685609778
dpctgan,ProbabilityEstimation(KernelDensity()),12435,0,-84.36946751210026,0,-84.2354685609778
dpctgan,ProbabilityEstimation(KernelDensity()),12435,1,-85.26345732516522,0,-84.2354685609778
dpctgan,ProbabilityEstimation(KernelDensity()),12435,0,-83.27074542009639,1,-84.2354685609778
dpctgan,ProbabilityEstimation(KernelDensity()),12435,1,-84.29872187955445,0,-84.2354685609778
dpctgan,ProbabilityEstimation(KernelDensity()),12435,0,-83.45937901986149,1,-84.2354685609778
dpctgan,ProbabilityEstimation(KernelDensity()),12435,1,-85.31593435149337,0,-84.2354685609778
dpctgan,ProbabilityEstimation(KernelDensity()),12435,0,-83.73087592979483,1,-84.2354685609778
dpctgan,ProbabilityEstimation(KernelDensity()),12435,1,-84.25657789112904,0,-84.2354685609778
dpctgan,ProbabilityEstimation(KernelDensity()),12435,0,-84.09358456338259,1,-84.2354685609778
dpctgan,ProbabilityEstimation(KernelDensity()),12435,1,-83.70368069448872,1,-84.2354685609778
dpctgan,ProbabilityEstimation(KernelDensity()),12435,0,-84.53680146208117,0,-84.2354685609778
dpctgan,ProbabilityEstimation(KernelDensity()),12435,1,-84.7970397806787,0,-84.2354685609778
dpctgan,ProbabilityEstimation(KernelDensity()),12435,0,-84.41475243495643,0,-84.2354685609778
dpctgan,ProbabilityEstimation(KernelDensity()),12435,1,-85.2411119059478,0,-84.2354685609778
dpctgan,ProbabilityEstimation(KernelDensity()),12435,0,-84.03967341941963,1,-84.2354685609778
dpctgan,ProbabilityEstimation(KernelDensity()),12435,1,-84.59752396017932,0,-84.2354685609778
dpctgan,ProbabilityEstimation(KernelDensity()),12435,0,-85.12326633553057,0,-84.2354685609778
dpctgan,ProbabilityEstimation(KernelDensity()),12435,1,-84.30276035815403,0,-84.2354685609778
dpctgan,ProbabilityEstimation(KernelDensity()),12435,0,-85.7948266680264,0,-84.2354685609778
dpctgan,ProbabilityEstimation(KernelDensity()),12435,1,-83.42408932372705,1,-84.2354685609778
dpctgan,ProbabilityEstimation(KernelDensity()),12435,0,-85.5199393295228,0,-84.2354685609778
dpctgan,ProbabilityEstimation(KernelDensity()),12435,1,-84.23251076893581,1,-84.2354685609778
dpctgan,ProbabilityEstimation(KernelDensity()),12435,0,-85.36308584175782,0,-84.2354685609778
dpctgan,ProbabilityEstimation(KernelDensity()),12435,1,-84.13338631570306,1,-84.2354685609778
dpctgan,ProbabilityEstimation(KernelDensity()),12435,0,-83.33701767793312,1,-84.2354685609778
dpctgan,ProbabilityEstimation(KernelDensity()),12435,1,-85.42027287206801,0,-84.2354685609778
dpctgan,ProbabilityEstimation(KernelDensity()),12435,0,-85.17122598911392,0,-84.2354685609778
dpctgan,ProbabilityEstimation(KernelDensity()),12435,1,-84.34010390672067,0,-84.2354685609778
dpctgan,ProbabilityEstimation(KernelDensity()),12435,0,-84.07035615102315,1,-84.2354685609778
dpctgan,ProbabilityEstimation(KernelDensity()),12435,1,-84.78341324637374,0,-84.2354685609778
dpctgan,ProbabilityEstimation(KernelDensity()),12435,0,-84.04384636344712,1,-84.2354685609778
dpctgan,ProbabilityEstimation(KernelDensity()),12435,1,-83.89740963486284,1,-84.2354685609778
dpctgan,ProbabilityEstimation(KernelDensity()),12435,0,-85.85936532054372,0,-84.2354685609778
dpctgan,ProbabilityEstimation(KernelDensity()),12435,1,-84.44572149135942,0,-84.2354685609778
dpctgan,ProbabilityEstimation(KernelDensity()),12435,0,-86.12375617974098,0,-84.2354685609778
dpctgan,ProbabilityEstimation(KernelDensity()),12435,1,-86.13370509792934,0,-84.2354685609778
dpctgan,ProbabilityEstimation(KernelDensity()),12435,0,-84.69249399105935,0,-84.2354685609778
dpctgan,ProbabilityEstimation(KernelDensity()),12435,1,-84.38473533380747,0,-84.2354685609778
dpctgan,ProbabilityEstimation(KernelDensity()),12435,0,-85.05211970147761,0,-84.2354685609778
dpctgan,ProbabilityEstimation(KernelDensity()),12435,1,-85.3059172467082,0,-84.2354685609778
dpctgan,ProbabilityEstimation(KernelDensity()),12435,0,-84.16771091632741,1,-84.2354685609778
dpctgan,ProbabilityEstimation(KernelDensity()),12435,1,-83.80045105724953,1,-84.2354685609778
dpctgan,ProbabilityEstimation(KernelDensity()),12435,0,-85.34562996115638,0,-84.2354685609778
dpctgan,ProbabilityEstimation(KernelDensity()),12435,1,-85.44840162688648,0,-84.2354685609778
dpctgan,ProbabilityEstimation(KernelDensity()),12435,0,-84.37202652527792,0,-84.2354685609778
dpctgan,ProbabilityEstimation(KernelDensity()),12435,1,-84.58955250420283,0,-84.2354685609778
dpctgan,ProbabilityEstimation(KernelDensity()),12435,0,-85.24446136108756,0,-84.2354685609778
dpctgan,ProbabilityEstimation(KernelDensity()),12435,1,-85.48022775994862,0,-84.2354685609778
dpctgan,ProbabilityEstimation(KernelDensity()),12435,0,-83.94840551045304,1,-84.2354685609778
dpctgan,ProbabilityEstimation(KernelDensity()),12435,1,-85.09058546146413,0,-84.2354685609778
dpctgan,ProbabilityEstimation(KernelDensity()),12435,0,-85.46418754383802,0,-84.2354685609778
dpctgan,ProbabilityEstimation(KernelDensity()),12435,1,-84.68541781608722,0,-84.2354685609778
dpctgan,ProbabilityEstimation(KernelDensity()),12435,0,-84.07183601089527,1,-84.2354685609778
dpctgan,ProbabilityEstimation(KernelDensity()),12435,1,-83.92962867537597,1,-84.2354685609778
dpctgan,ProbabilityEstimation(KernelDensity()),12435,0,-84.32982788963702,0,-84.2354685609778
dpctgan,ProbabilityEstimation(KernelDensity()),12435,1,-83.55536631566952,1,-84.2354685609778
dpctgan,ProbabilityEstimation(KernelDensity()),12435,0,-83.82060582652204,1,-84.2354685609778
dpctgan,ProbabilityEstimation(KernelDensity()),12435,1,-84.11187954048778,1,-84.2354685609778
dpctgan,ProbabilityEstimation(KernelDensity()),12435,0,-84.33151121611382,0,-84.2354685609778
dpctgan,ProbabilityEstimation(KernelDensity()),12435,1,-85.27910725768818,0,-84.2354685609778
dpctgan,ProbabilityEstimation(KernelDensity()),12435,0,-84.50224615871099,0,-84.2354685609778
dpctgan,ProbabilityEstimation(KernelDensity()),12435,1,-82.7180829677151,1,-84.2354685609778
dpctgan,ProbabilityEstimation(KernelDensity()),12435,0,-84.13680805677916,1,-84.2354685609778
dpctgan,ProbabilityEstimation(KernelDensity()),12435,1,-84.36471704019154,0,-84.2354685609778
dpctgan,ProbabilityEstimation(KernelDensity()),12435,0,-84.75458476797712,0,-84.2354685609778
dpctgan,ProbabilityEstimation(KernelDensity()),12435,1,-85.43215162711321,0,-84.2354685609778
dpctgan,ProbabilityEstimation(KernelDensity()),12435,0,-84.70314685591191,0,-84.2354685609778
dpctgan,ProbabilityEstimation(KernelDensity()),12435,1,-84.3109270055635,0,-84.2354685609778
dpctgan,ProbabilityEstimation(KernelDensity()),12435,0,-83.1865715366599,1,-84.2354685609778
dpctgan,ProbabilityEstimation(KernelDensity()),12435,1,-84.98033316474327,0,-84.2354685609778
dpctgan,ProbabilityEstimation(KernelDensity()),12435,0,-83.5801120683434,1,-84.2354685609778
dpctgan,ProbabilityEstimation(KernelDensity()),12435,1,-84.5256106673541,0,-84.2354685609778
dpctgan,ProbabilityEstimation(KernelDensity()),12435,0,-85.00151998225721,0,-84.2354685609778
dpctgan,ProbabilityEstimation(KernelDensity()),12435,1,-85.19095056444137,0,-84.2354685609778
dpctgan,ProbabilityEstimation(KernelDensity()),12435,0,-84.30389536630905,0,-84.2354685609778
dpctgan,ProbabilityEstimation(KernelDensity()),12435,1,-83.6685646089163,1,-84.2354685609778
dpctgan,ProbabilityEstimation(KernelDensity()),12435,0,-85.29074325099629,0,-84.2354685609778
dpctgan,ProbabilityEstimation(KernelDensity()),12435,1,-84.16592696985316,1,-84.2354685609778
dpctgan,ProbabilityEstimation(KernelDensity()),12435,0,-84.11873101181301,1,-84.2354685609778
dpctgan,ProbabilityEstimation(KernelDensity()),12435,1,-83.82513953613665,1,-84.2354685609778
dpctgan,ProbabilityEstimation(KernelDensity()),12435,0,-85.28417524094833,0,-84.2354685609778
dpctgan,ProbabilityEstimation(KernelDensity()),12435,1,-84.2583198111712,0,-84.2354685609778
dpctgan,ProbabilityEstimation(KernelDensity()),12435,0,-84.30444215091718,0,-84.2354685609778
dpctgan,ProbabilityEstimation(KernelDensity()),12435,1,-83.56033121898139,1,-84.2354685609778
dpctgan,ProbabilityEstimation(KernelDensity()),12435,0,-83.71073201074813,1,-84.2354685609778
dpctgan,ProbabilityEstimation(KernelDensity()),12435,1,-85.12006434350403,0,-84.2354685609778
dpctgan,ProbabilityEstimation(KernelDensity()),12435,0,-85.6284140253255,0,-84.2354685609778
dpctgan,ProbabilityEstimation(KernelDensity()),12435,1,-83.91860793733645,1,-84.2354685609778
dpctgan,ProbabilityEstimation(KernelDensity()),12435,0,-83.85408499712611,1,-84.2354685609778
dpctgan,ProbabilityEstimation(KernelDensity()),12435,1,-83.61390228935352,1,-84.2354685609778
dpctgan,ProbabilityEstimation(KernelDensity()),12435,0,-84.53284418328822,0,-84.2354685609778
dpctgan,ProbabilityEstimation(KernelDensity()),12435,1,-83.61682174787518,1,-84.2354685609778
dpctgan,ProbabilityEstimation(KernelDensity()),12435,0,-84.40845920816174,0,-84.2354685609778
dpctgan,ProbabilityEstimation(KernelDensity()),12435,1,-84.40212942666368,0,-84.2354685609778
dpctgan,ProbabilityEstimation(KernelDensity()),12435,0,-83.60160973706842,1,-84.2354685609778
dpctgan,ProbabilityEstimation(KernelDensity()),12435,1,-83.92066816896421,1,-84.2354685609778
dpctgan,ProbabilityEstimation(KernelDensity()),12435,0,-83.77636346183955,1,-84.2354685609778
dpctgan,ProbabilityEstimation(KernelDensity()),12435,1,-85.12925066955604,0,-84.2354685609778
dpctgan,ProbabilityEstimation(KernelDensity()),12435,0,-85.14246284356155,0,-84.2354685609778
dpctgan,ProbabilityEstimation(KernelDensity()),12435,1,-84.20262711826845,1,-84.2354685609778
dpctgan,ProbabilityEstimation(KernelDensity()),12435,0,-84.7337806718001,0,-84.2354685609778
dpctgan,ProbabilityEstimation(KernelDensity()),12435,1,-85.38974281613456,0,-84.2354685609778
dpctgan,ProbabilityEstimation(KernelDensity()),12435,0,-84.30347144860373,0,-84.2354685609778
dpctgan,ProbabilityEstimation(KernelDensity()),12435,1,-86.02479850479145,0,-84.2354685609778
dpctgan,ProbabilityEstimation(KernelDensity()),12435,0,-83.53900392276064,1,-84.2354685609778
dpctgan,ProbabilityEstimation(KernelDensity()),12435,1,-85.13304625177312,0,-84.2354685609778
dpctgan,ProbabilityEstimation(KernelDensity()),12435,0,-84.08065381401342,1,-84.2354685609778
dpctgan,ProbabilityEstimation(KernelDensity()),12435,1,-85.03325686077322,0,-84.2354685609778
dpctgan,ProbabilityEstimation(KernelDensity()),12435,0,-85.05815396014982,0,-84.2354685609778
dpctgan,ProbabilityEstimation(KernelDensity()),12435,1,-84.6842472313752,0,-84.2354685609778
dpctgan,ProbabilityEstimation(KernelDensity()),12435,0,-83.77409399124566,1,-84.2354685609778
dpctgan,ProbabilityEstimation(KernelDensity()),12435,1,-84.97438709170027,0,-84.2354685609778
dpctgan,ProbabilityEstimation(KernelDensity()),12435,0,-85.21358343351925,0,-84.2354685609778
dpctgan,ProbabilityEstimation(KernelDensity()),12435,1,-83.77600816950803,1,-84.2354685609778
dpctgan,ProbabilityEstimation(KernelDensity()),12435,0,-84.76135853350995,0,-84.2354685609778
dpctgan,ProbabilityEstimation(KernelDensity()),12435,1,-83.41519679393186,1,-84.2354685609778
dpctgan,ProbabilityEstimation(KernelDensity()),12435,0,-85.3567092232822,0,-84.2354685609778
dpctgan,ProbabilityEstimation(KernelDensity()),12435,1,-84.6125404533699,0,-84.2354685609778
dpctgan,ProbabilityEstimation(KernelDensity()),12435,0,-84.0858504640363,1,-84.2354685609778
dpctgan,ProbabilityEstimation(KernelDensity()),12435,1,-85.23274235032461,0,-84.2354685609778
dpctgan,ProbabilityEstimation(KernelDensity()),12435,0,-84.16381679712627,1,-84.2354685609778
dpctgan,ProbabilityEstimation(KernelDensity()),12435,1,-84.0682609549995,1,-84.2354685609778
dpctgan,ProbabilityEstimation(KernelDensity()),12435,0,-83.56943544820332,1,-84.2354685609778
dpctgan,ProbabilityEstimation(KernelDensity()),12435,1,-84.37349857676986,0,-84.2354685609778
dpctgan,ProbabilityEstimation(KernelDensity()),12435,0,-83.77739308790183,1,-84.2354685609778
dpctgan,ProbabilityEstimation(KernelDensity()),12435,1,-83.6880467114006,1,-84.2354685609778
dpctgan,ProbabilityEstimation(KernelDensity()),12435,0,-83.20033591245648,1,-84.2354685609778
dpctgan,ProbabilityEstimation(KernelDensity()),12435,1,-84.75815770803777,0,-84.2354685609778
dpctgan,ProbabilityEstimation(KernelDensity()),12435,0,-84.43178145391367,0,-84.2354685609778
dpctgan,ProbabilityEstimation(KernelDensity()),12435,1,-85.14954417498527,0,-84.2354685609778
dpctgan,ProbabilityEstimation(KernelDensity()),12435,0,-83.97777108543826,1,-84.2354685609778
dpctgan,ProbabilityEstimation(KernelDensity()),12435,1,-84.66099027564216,0,-84.2354685609778
dpctgan,ProbabilityEstimation(KernelDensity()),12435,0,-84.11981457964085,1,-84.2354685609778
dpctgan,ProbabilityEstimation(KernelDensity()),12435,1,-84.78126148699698,0,-84.2354685609778
dpctgan,ProbabilityEstimation(KernelDensity()),12435,0,-84.93552412937778,0,-84.2354685609778
dpctgan,ProbabilityEstimation(KernelDensity()),12435,1,-85.47438095599273,0,-84.2354685609778
dpctgan,ProbabilityEstimation(KernelDensity()),12435,0,-84.12137017104408,1,-84.2354685609778
dpctgan,ProbabilityEstimation(KernelDensity()),12435,1,-84.39813254121823,0,-84.2354685609778
dpctgan,ProbabilityEstimation(KernelDensity()),12435,0,-83.8136825067497,1,-84.2354685609778
dpctgan,ProbabilityEstimation(KernelDensity()),12435,1,-83.92760078857307,1,-84.2354685609778
dpctgan,ProbabilityEstimation(KernelDensity()),12435,0,-83.24463241432665,1,-84.2354685609778
dpctgan,ProbabilityEstimation(KernelDensity()),12435,1,-85.49142310295245,0,-84.2354685609778
dpctgan,ProbabilityEstimation(KernelDensity()),12435,0,-86.0669076574328,0,-84.2354685609778
dpctgan,ProbabilityEstimation(KernelDensity()),12435,1,-84.964996055057,0,-84.2354685609778
dpctgan,ProbabilityEstimation(KernelDensity()),12435,0,-84.07410972450464,1,-84.2354685609778
dpctgan,ProbabilityEstimation(KernelDensity()),12435,1,-83.59541853559236,1,-84.2354685609778
dpctgan,ProbabilityEstimation(KernelDensity()),12435,0,-84.93459992068007,0,-84.2354685609778
dpctgan,ProbabilityEstimation(KernelDensity()),12435,1,-83.14401459817907,1,-84.2354685609778
dpctgan,ProbabilityEstimation(KernelDensity()),12435,0,-84.39465819000532,0,-84.2354685609778
dpctgan,ProbabilityEstimation(KernelDensity()),12435,1,-83.91859409885885,1,-84.2354685609778
dpctgan,ProbabilityEstimation(KernelDensity()),12435,0,-85.33486649328664,0,-84.2354685609778
dpctgan,ProbabilityEstimation(KernelDensity()),12435,1,-83.61362588354054,1,-84.2354685609778
dpctgan,ProbabilityEstimation(KernelDensity()),12435,0,-84.30762324776725,0,-84.2354685609778
dpctgan,ProbabilityEstimation(KernelDensity()),12435,1,-83.72073729147303,1,-84.2354685609778
dpctgan,ProbabilityEstimation(KernelDensity()),12435,0,-83.41080720306017,1,-84.2354685609778
dpctgan,ProbabilityEstimation(KernelDensity()),12435,1,-85.52578857367685,0,-84.2354685609778
dpctgan,ProbabilityEstimation(KernelDensity()),12435,0,-85.68030339160977,0,-84.2354685609778
dpctgan,ProbabilityEstimation(KernelDensity()),12435,1,-84.35391716681492,0,-84.2354685609778
dpctgan,ProbabilityEstimation(KernelDensity()),12435,0,-84.77742277361415,0,-84.2354685609778
dpctgan,ProbabilityEstimation(KernelDensity()),12435,1,-84.95189106781986,0,-84.2354685609778
dpctgan,ProbabilityEstimation(KernelDensity()),12435,0,-84.19123086235298,1,-84.2354685609778
dpctgan,ProbabilityEstimation(KernelDensity()),12435,1,-84.8545842824302,0,-84.2354685609778
dpctgan,ProbabilityEstimation(KernelDensity()),12435,0,-85.94293992847413,0,-84.2354685609778
dpctgan,ProbabilityEstimation(KernelDensity()),12435,1,-85.04098851387845,0,-84.2354685609778
dpctgan,ProbabilityEstimation(KernelDensity()),12435,0,-83.98759452931964,1,-84.2354685609778
dpctgan,ProbabilityEstimation(KernelDensity()),12435,1,-84.2491961188921,0,-84.2354685609778
dpctgan,ProbabilityEstimation(KernelDensity()),12435,0,-84.54462993498035,0,-84.2354685609778
dpctgan,ProbabilityEstimation(KernelDensity()),12435,1,-83.82859454544298,1,-84.2354685609778
dpctgan,ProbabilityEstimation(KernelDensity()),12435,0,-84.16430910948775,1,-84.2354685609778
dpctgan,ProbabilityEstimation(KernelDensity()),12435,1,-84.48800603541531,0,-84.2354685609778
dpctgan,ProbabilityEstimation(KernelDensity()),12435,0,-84.72944661147069,0,-84.2354685609778
dpctgan,ProbabilityEstimation(KernelDensity()),12435,1,-82.91689306059067,1,-84.2354685609778
dpctgan,ProbabilityEstimation(KernelDensity()),12435,0,-84.24736338416398,0,-84.2354685609778
dpctgan,ProbabilityEstimation(KernelDensity()),12435,1,-84.2681811234642,0,-84.2354685609778
dpctgan,ProbabilityEstimation(KernelDensity()),12435,0,-84.92317228905674,0,-84.2354685609778
dpctgan,ProbabilityEstimation(KernelDensity()),12435,1,-84.17319831317879,1,-84.2354685609778
dpctgan,ProbabilityEstimation(KernelDensity()),12435,0,-84.28119732668345,0,-84.2354685609778
dpctgan,ProbabilityEstimation(KernelDensity()),12435,1,-83.99925502223678,1,-84.2354685609778
dpctgan,ProbabilityEstimation(KernelDensity()),12435,0,-84.29451584222,0,-84.2354685609778
dpctgan,ProbabilityEstimation(KernelDensity()),12435,1,-83.8567559692126,1,-84.2354685609778
dpctgan,ProbabilityEstimation(KernelDensity()),12435,0,-85.71944627191242,0,-84.2354685609778
dpctgan,ProbabilityEstimation(KernelDensity()),12435,1,-84.81229779052606,0,-84.2354685609778
dpctgan,ProbabilityEstimation(KernelDensity()),12435,0,-83.66789612913769,1,-84.2354685609778
dpctgan,ProbabilityEstimation(KernelDensity()),12435,1,-84.30504965977457,0,-84.2354685609778
dpctgan,ProbabilityEstimation(KernelDensity()),12435,0,-83.06496276799471,1,-84.2354685609778
dpctgan,ProbabilityEstimation(KernelDensity()),12435,1,-83.9145030078678,1,-84.2354685609778
dpctgan,ProbabilityEstimation(KernelDensity()),12435,0,-84.73534995148674,0,-84.2354685609778
dpctgan,ProbabilityEstimation(KernelDensity()),12435,1,-85.23841318991748,0,-84.2354685609778
dpctgan,ProbabilityEstimation(KernelDensity()),12435,0,-85.78197468160093,0,-84.2354685609778
dpctgan,ProbabilityEstimation(KernelDensity()),12435,1,-83.66037239634574,1,-84.2354685609778
dpctgan,ProbabilityEstimation(KernelDensity()),12435,0,-83.70974948056524,1,-84.2354685609778
dpctgan,ProbabilityEstimation(KernelDensity()),12435,1,-85.00094309770559,0,-84.2354685609778
dpctgan,ProbabilityEstimation(KernelDensity()),12435,0,-84.24320470773732,0,-84.2354685609778
dpctgan,ProbabilityEstimation(KernelDensity()),12435,1,-83.9595104831145,1,-84.2354685609778
dpctgan,ProbabilityEstimation(KernelDensity()),12435,0,-85.74053238613543,0,-84.2354685609778
dpctgan,ProbabilityEstimation(KernelDensity()),12435,1,-84.52557372016045,0,-84.2354685609778
dpctgan,ProbabilityEstimation(KernelDensity()),12435,0,-83.8479700580198,1,-84.2354685609778
dpctgan,ProbabilityEstimation(KernelDensity()),12435,1,-82.84685285746018,1,-84.2354685609778
dpctgan,ProbabilityEstimation(KernelDensity()),12435,0,-83.7682412493524,1,-84.2354685609778
dpctgan,ProbabilityEstimation(KernelDensity()),12435,1,-83.9165542688619,1,-84.2354685609778
dpctgan,ProbabilityEstimation(KernelDensity()),12435,0,-84.87737288291785,0,-84.2354685609778
dpctgan,ProbabilityEstimation(KernelDensity()),12435,1,-84.41830122331675,0,-84.2354685609778
dpctgan,ProbabilityEstimation(KernelDensity()),12435,0,-84.95439256769475,0,-84.2354685609778
dpctgan,ProbabilityEstimation(KernelDensity()),12435,1,-84.01346888143334,1,-84.2354685609778
dpctgan,ProbabilityEstimation(KernelDensity()),12435,0,-84.88788667805656,0,-84.2354685609778
dpctgan,ProbabilityEstimation(KernelDensity()),12435,1,-83.29891750214163,1,-84.2354685609778
dpctgan,ProbabilityEstimation(KernelDensity()),12435,0,-83.88744192266454,1,-84.2354685609778
dpctgan,ProbabilityEstimation(KernelDensity()),12435,1,-85.47622716929268,0,-84.2354685609778
dpctgan,ProbabilityEstimation(KernelDensity()),12435,0,-84.59553652130813,0,-84.2354685609778
dpctgan,ProbabilityEstimation(KernelDensity()),12435,1,-84.37326887989659,0,-84.2354685609778
dpctgan,ProbabilityEstimation(KernelDensity()),12435,0,-86.61940108493222,0,-84.2354685609778
dpctgan,ProbabilityEstimation(KernelDensity()),12435,1,-84.44681484480563,0,-84.2354685609778
dpctgan,ProbabilityEstimation(KernelDensity()),12435,0,-84.88685047463706,0,-84.2354685609778
dpctgan,ProbabilityEstimation(KernelDensity()),12435,1,-85.79454990434712,0,-84.2354685609778
dpctgan,ProbabilityEstimation(KernelDensity()),12435,0,-85.72750533566042,0,-84.2354685609778
dpctgan,ProbabilityEstimation(KernelDensity()),12435,1,-84.89766418816124,0,-84.2354685609778
dpctgan,ProbabilityEstimation(KernelDensity()),12435,0,-83.53097490161093,1,-84.2354685609778
dpctgan,ProbabilityEstimation(KernelDensity()),12435,1,-84.45779650385305,0,-84.2354685609778
dpctgan,ProbabilityEstimation(KernelDensity()),12435,0,-83.77433149912686,1,-84.2354685609778
dpctgan,ProbabilityEstimation(KernelDensity()),12435,1,-83.50928838217885,1,-84.2354685609778
dpctgan,ProbabilityEstimation(KernelDensity()),12435,0,-84.80748158458469,0,-84.2354685609778
dpctgan,ProbabilityEstimation(KernelDensity()),12435,1,-83.82059870592593,1,-84.2354685609778
dpctgan,ProbabilityEstimation(KernelDensity()),12435,0,-84.27528099400126,0,-84.2354685609778
dpctgan,ProbabilityEstimation(KernelDensity()),12435,1,-85.0091340150424,0,-84.2354685609778
dpctgan,ProbabilityEstimation(KernelDensity()),12435,0,-85.02019903788013,0,-84.2354685609778
dpctgan,ProbabilityEstimation(KernelDensity()),12435,1,-83.9640775834721,1,-84.2354685609778
dpctgan,ProbabilityEstimation(KernelDensity()),12435,0,-83.65202051845287,1,-84.2354685609778
dpctgan,ProbabilityEstimation(KernelDensity()),12435,1,-83.73026102879405,1,-84.2354685609778
dpctgan,ProbabilityEstimation(KernelDensity()),12435,0,-85.64450974764243,0,-84.2354685609778
dpctgan,ProbabilityEstimation(KernelDensity()),12435,1,-85.44537504517636,0,-84.2354685609778
dpctgan,ProbabilityEstimation(KernelDensity()),12435,0,-84.15402114566469,1,-84.2354685609778
dpctgan,ProbabilityEstimation(KernelDensity()),12435,1,-84.2191086474333,1,-84.2354685609778
dpctgan,ProbabilityEstimation(KernelDensity()),12435,0,-84.44428444494183,0,-84.2354685609778
dpctgan,ProbabilityEstimation(KernelDensity()),12435,1,-83.13465583444452,1,-84.2354685609778
dpctgan,ProbabilityEstimation(KernelDensity()),12435,0,-86.22301552720482,0,-84.2354685609778
dpctgan,ProbabilityEstimation(KernelDensity()),12435,1,-83.67574086547728,1,-84.2354685609778
dpctgan,ProbabilityEstimation(KernelDensity()),12435,0,-84.2747587452503,0,-84.2354685609778
dpctgan,ProbabilityEstimation(KernelDensity()),12435,1,-84.9210402284235,0,-84.2354685609778
dpctgan,ProbabilityEstimation(KernelDensity()),12435,0,-84.81701396734837,0,-84.2354685609778
dpctgan,ProbabilityEstimation(KernelDensity()),12435,1,-84.33674697700113,0,-84.2354685609778
dpctgan,ProbabilityEstimation(KernelDensity()),12435,0,-83.37546162722336,1,-84.2354685609778
dpctgan,ProbabilityEstimation(KernelDensity()),12435,1,-84.1417509013633,1,-84.2354685609778
dpctgan,ProbabilityEstimation(KernelDensity()),12435,0,-83.5351975845123,1,-84.2354685609778
dpctgan,ProbabilityEstimation(KernelDensity()),12435,1,-85.69676537490471,0,-84.2354685609778
dpctgan,ProbabilityEstimation(KernelDensity()),12435,0,-84.66505453895788,0,-84.2354685609778
dpctgan,ProbabilityEstimation(KernelDensity()),12435,1,-84.52590743830551,0,-84.2354685609778
dpctgan,ProbabilityEstimation(KernelDensity()),12435,0,-83.89216720016209,1,-84.2354685609778
dpctgan,ProbabilityEstimation(KernelDensity()),12435,1,-84.40866675668505,0,-84.2354685609778
dpctgan,ProbabilityEstimation(KernelDensity()),12435,0,-84.21945356601019,1,-84.2354685609778
dpctgan,ProbabilityEstimation(KernelDensity()),12435,1,-83.51701425348003,1,-84.2354685609778
dpctgan,ProbabilityEstimation(KernelDensity()),12435,0,-83.96806654039946,1,-84.2354685609778
dpctgan,ProbabilityEstimation(KernelDensity()),12435,1,-84.28603692826715,0,-84.2354685609778
dpctgan,ProbabilityEstimation(KernelDensity()),12435,0,-85.42420962509946,0,-84.2354685609778
dpctgan,ProbabilityEstimation(KernelDensity()),12435,1,-84.42486710224568,0,-84.2354685609778
dpctgan,ProbabilityEstimation(KernelDensity()),12435,0,-84.23531970402219,1,-84.2354685609778
dpctgan,ProbabilityEstimation(KernelDensity()),12435,1,-83.39014698452978,1,-84.2354685609778
dpctgan,ProbabilityEstimation(KernelDensity()),12435,0,-84.23723366470739,0,-84.2354685609778
dpctgan,ProbabilityEstimation(KernelDensity()),12435,1,-85.56654223273117,0,-84.2354685609778
dpctgan,ProbabilityEstimation(KernelDensity()),12435,0,-83.77488583013803,1,-84.2354685609778
dpctgan,ProbabilityEstimation(KernelDensity()),12435,1,-84.07789281521727,1,-84.2354685609778
dpctgan,ProbabilityEstimation(KernelDensity()),12435,0,-85.12463458091875,0,-84.2354685609778
dpctgan,ProbabilityEstimation(KernelDensity()),12435,1,-86.22278610374956,0,-84.2354685609778
dpctgan,ProbabilityEstimation(KernelDensity()),12435,0,-83.9984941036449,1,-84.2354685609778
dpctgan,ProbabilityEstimation(KernelDensity()),12435,1,-84.32903371007764,0,-84.2354685609778
dpctgan,ProbabilityEstimation(KernelDensity()),12435,0,-85.68091178073276,0,-84.2354685609778
dpctgan,ProbabilityEstimation(KernelDensity()),12435,1,-85.05848275599055,0,-84.2354685609778
dpctgan,ProbabilityEstimation(KernelDensity()),12435,0,-84.81748246730166,0,-84.2354685609778
dpctgan,ProbabilityEstimation(KernelDensity()),12435,1,-84.03893347355861,1,-84.2354685609778
dpctgan,ProbabilityEstimation(KernelDensity()),12435,0,-83.72520628870919,1,-84.2354685609778
dpctgan,ProbabilityEstimation(KernelDensity()),12435,1,-84.36178611735988,0,-84.2354685609778
dpctgan,ProbabilityEstimation(KernelDensity()),12435,0,-84.78681569212576,0,-84.2354685609778
dpctgan,ProbabilityEstimation(KernelDensity()),12435,1,-84.33904438394603,0,-84.2354685609778
dpctgan,ProbabilityEstimation(KernelDensity()),12435,0,-84.28529120316803,0,-84.2354685609778
dpctgan,ProbabilityEstimation(KernelDensity()),12435,1,-84.37346108688978,0,-84.2354685609778
dpctgan,ProbabilityEstimation(KernelDensity()),12435,0,-84.80348759364477,0,-84.2354685609778
dpctgan,ProbabilityEstimation(KernelDensity()),12435,1,-84.73384429958702,0,-84.2354685609778
dpctgan,ProbabilityEstimation(KernelDensity()),12435,0,-85.05796944648603,0,-84.2354685609778
dpctgan,ProbabilityEstimation(KernelDensity()),12435,1,-83.75728163711251,1,-84.2354685609778
dpctgan,ProbabilityEstimation(KernelDensity()),12435,0,-83.67269944362833,1,-84.2354685609778
dpctgan,ProbabilityEstimation(KernelDensity()),12435,1,-84.20931903090909,1,-84.2354685609778
dpctgan,ProbabilityEstimation(KernelDensity()),12435,0,-84.08914344970881,1,-84.2354685609778
dpctgan,ProbabilityEstimation(KernelDensity()),12435,1,-83.42226166799371,1,-84.2354685609778
dpctgan,ProbabilityEstimation(KernelDensity()),12435,0,-84.36033629391474,0,-84.2354685609778
dpctgan,ProbabilityEstimation(KernelDensity()),12435,1,-86.1478748464489,0,-84.2354685609778
dpctgan,ProbabilityEstimation(KernelDensity()),12435,0,-85.13626660668525,0,-84.2354685609778
dpctgan,ProbabilityEstimation(KernelDensity()),12435,1,-84.1898722542471,1,-84.2354685609778
dpctgan,ProbabilityEstimation(KernelDensity()),12435,0,-83.72428432593374,1,-84.2354685609778
dpctgan,ProbabilityEstimation(KernelDensity()),12435,1,-83.97360842044748,1,-84.2354685609778
dpctgan,ProbabilityEstimation(KernelDensity()),12435,0,-84.73966014606546,0,-84.2354685609778
dpctgan,ProbabilityEstimation(KernelDensity()),12435,1,-83.25825646647641,1,-84.2354685609778
dpctgan,ProbabilityEstimation(KernelDensity()),12435,0,-83.2598470435069,1,-84.2354685609778
dpctgan,ProbabilityEstimation(KernelDensity()),12435,1,-85.34650745324656,0,-84.2354685609778
dpctgan,ProbabilityEstimation(KernelDensity()),12435,0,-83.61820477270462,1,-84.2354685609778
dpctgan,ProbabilityEstimation(KernelDensity()),12435,1,-85.37998183792996,0,-84.2354685609778
dpctgan,ProbabilityEstimation(KernelDensity()),12435,0,-83.40498817921318,1,-84.2354685609778
dpctgan,ProbabilityEstimation(KernelDensity()),12435,1,-86.17800564051177,0,-84.2354685609778
dpctgan,ProbabilityEstimation(KernelDensity()),12435,0,-84.68828842975464,0,-84.2354685609778
dpctgan,ProbabilityEstimation(KernelDensity()),12435,1,-84.7460919370693,0,-84.2354685609778
dpctgan,ProbabilityEstimation(KernelDensity()),12435,0,-85.68575461522852,0,-84.2354685609778
dpctgan,ProbabilityEstimation(KernelDensity()),12435,1,-83.67362836623478,1,-84.2354685609778
dpctgan,ProbabilityEstimation(KernelDensity()),12435,0,-84.74248375293007,0,-84.2354685609778
dpctgan,ProbabilityEstimation(KernelDensity()),12435,1,-85.17606219261954,0,-84.2354685609778
dpctgan,ProbabilityEstimation(KernelDensity()),12435,0,-85.86949504369338,0,-84.2354685609778
dpctgan,ProbabilityEstimation(KernelDensity()),12435,1,-85.12501460741197,0,-84.2354685609778
dpctgan,ProbabilityEstimation(KernelDensity()),12435,0,-84.42061471643882,0,-84.2354685609778
dpctgan,ProbabilityEstimation(KernelDensity()),12435,1,-83.73168659708733,1,-84.2354685609778
dpctgan,ProbabilityEstimation(KernelDensity()),12435,0,-84.0928982010677,1,-84.2354685609778
dpctgan,ProbabilityEstimation(KernelDensity()),12435,1,-83.91604190388554,1,-84.2354685609778
dpctgan,ProbabilityEstimation(KernelDensity()),12435,0,-83.46295741289073,1,-84.2354685609778
dpctgan,ProbabilityEstimation(KernelDensity()),12435,1,-84.37207495339767,0,-84.2354685609778
dpctgan,ProbabilityEstimation(KernelDensity()),12435,0,-84.45276184859864,0,-84.2354685609778
dpctgan,ProbabilityEstimation(KernelDensity()),12435,1,-85.24908482383498,0,-84.2354685609778
dpctgan,ProbabilityEstimation(KernelDensity()),12435,0,-85.04287427541495,0,-84.2354685609778
dpctgan,ProbabilityEstimation(KernelDensity()),12435,1,-85.22841692791069,0,-84.2354685609778
dpctgan,ProbabilityEstimation(KernelDensity()),12435,0,-86.05678639394863,0,-84.2354685609778
dpctgan,ProbabilityEstimation(KernelDensity()),12435,1,-85.37902991033044,0,-84.2354685609778
dpctgan,ProbabilityEstimation(KernelDensity()),12435,0,-84.22958188561229,1,-84.2354685609778
dpctgan,ProbabilityEstimation(KernelDensity()),12435,1,-82.92408728983236,1,-84.2354685609778
dpctgan,ProbabilityEstimation(KernelDensity()),12435,0,-84.82828031896649,0,-84.2354685609778
dpctgan,ProbabilityEstimation(KernelDensity()),12435,1,-84.44511935403102,0,-84.2354685609778
dpctgan,ProbabilityEstimation(KernelDensity()),12435,0,-84.1028671810288,1,-84.2354685609778
dpctgan,ProbabilityEstimation(KernelDensity()),12435,1,-83.63998138949246,1,-84.2354685609778
dpctgan,ProbabilityEstimation(KernelDensity()),12435,0,-84.5146131909432,0,-84.2354685609778
dpctgan,ProbabilityEstimation(KernelDensity()),12435,1,-84.79824888946808,0,-84.2354685609778
dpctgan,ProbabilityEstimation(KernelDensity()),12435,0,-85.36803358796891,0,-84.2354685609778
dpctgan,ProbabilityEstimation(KernelDensity()),12435,1,-84.8096964581685,0,-84.2354685609778
dpctgan,ProbabilityEstimation(KernelDensity()),12435,0,-84.44474792522084,0,-84.2354685609778
dpctgan,ProbabilityEstimation(KernelDensity()),12435,1,-83.28884992940945,1,-84.2354685609778
dpctgan,ProbabilityEstimation(KernelDensity()),12435,0,-83.86539334361679,1,-84.2354685609778
dpctgan,ProbabilityEstimation(KernelDensity()),12435,1,-83.72380029518591,1,-84.2354685609778
dpctgan,ProbabilityEstimation(KernelDensity()),12435,0,-85.72572007338765,0,-84.2354685609778
dpctgan,ProbabilityEstimation(KernelDensity()),12435,1,-83.15617136478063,1,-84.2354685609778
dpctgan,ProbabilityEstimation(KernelDensity()),12435,0,-84.04408716273879,1,-84.2354685609778
dpctgan,ProbabilityEstimation(KernelDensity()),12435,1,-83.44503229717927,1,-84.2354685609778
dpctgan,ProbabilityEstimation(KernelDensity()),12435,0,-85.43242056606903,0,-84.2354685609778
dpctgan,ProbabilityEstimation(KernelDensity()),12435,1,-84.6036042171277,0,-84.2354685609778
dpctgan,ProbabilityEstimation(KernelDensity()),12435,0,-84.62058996884903,0,-84.2354685609778
dpctgan,ProbabilityEstimation(KernelDensity()),12435,1,-84.34774630631935,0,-84.2354685609778
dpctgan,ProbabilityEstimation(KernelDensity()),12435,0,-84.2108435082694,1,-84.2354685609778
dpctgan,ProbabilityEstimation(KernelDensity()),12435,1,-84.84920156545739,0,-84.2354685609778
dpctgan,ProbabilityEstimation(KernelDensity()),12435,0,-83.76490085440267,1,-84.2354685609778
dpctgan,ProbabilityEstimation(KernelDensity()),12435,1,-83.78501951062975,1,-84.2354685609778
dpctgan,ProbabilityEstimation(KernelDensity()),12435,0,-85.2825925035395,0,-84.2354685609778
dpctgan,ProbabilityEstimation(KernelDensity()),12435,1,-83.93942439084348,1,-84.2354685609778
dpctgan,ProbabilityEstimation(KernelDensity()),12435,0,-84.84529695982764,0,-84.2354685609778
dpctgan,ProbabilityEstimation(KernelDensity()),12435,1,-85.95876514834875,0,-84.2354685609778
dpctgan,ProbabilityEstimation(KernelDensity()),12435,0,-85.80983222030521,0,-84.2354685609778
dpctgan,ProbabilityEstimation(KernelDensity()),12435,1,-85.21106422052777,0,-84.2354685609778
dpctgan,ProbabilityEstimation(KernelDensity()),12435,0,-84.6328220662516,0,-84.2354685609778
dpctgan,ProbabilityEstimation(KernelDensity()),12435,1,-84.98852024054104,0,-84.2354685609778
dpctgan,ProbabilityEstimation(KernelDensity()),12435,0,-83.48449840485243,1,-84.2354685609778
dpctgan,ProbabilityEstimation(KernelDensity()),12435,1,-84.82751108084369,0,-84.2354685609778
dpctgan,ProbabilityEstimation(KernelDensity()),12435,0,-85.48389810432812,0,-84.2354685609778
dpctgan,ProbabilityEstimation(KernelDensity()),12435,1,-84.36916076210332,0,-84.2354685609778
dpctgan,ProbabilityEstimation(KernelDensity()),12435,0,-83.2624848604512,1,-84.2354685609778
dpctgan,ProbabilityEstimation(KernelDensity()),12435,1,-85.18247756752942,0,-84.2354685609778
dpctgan,ProbabilityEstimation(KernelDensity()),12435,0,-86.16592274850868,0,-84.2354685609778
dpctgan,ProbabilityEstimation(KernelDensity()),12435,1,-84.14762874296342,1,-84.2354685609778
dpctgan,ProbabilityEstimation(KernelDensity()),12435,0,-85.38879194233462,0,-84.2354685609778
dpctgan,ProbabilityEstimation(KernelDensity()),12435,1,-84.16001709909324,1,-84.2354685609778
dpctgan,ProbabilityEstimation(KernelDensity()),12435,0,-83.30707976660024,1,-84.2354685609778
dpctgan,ProbabilityEstimation(KernelDensity()),12435,1,-83.91357762183499,1,-84.2354685609778
dpctgan,ProbabilityEstimation(KernelDensity()),12435,0,-83.52109263780491,1,-84.2354685609778
dpctgan,ProbabilityEstimation(KernelDensity()),12435,1,-84.24425226304285,0,-84.2354685609778
dpctgan,ProbabilityEstimation(KernelDensity()),12435,0,-84.87701255750095,0,-84.2354685609778
dpctgan,ProbabilityEstimation(KernelDensity()),12435,1,-83.07747403264706,1,-84.2354685609778
dpctgan,ProbabilityEstimation(KernelDensity()),12435,0,-83.32504715797216,1,-84.2354685609778
dpctgan,ProbabilityEstimation(KernelDensity()),12435,1,-85.20824664178527,0,-84.2354685609778
dpctgan,ProbabilityEstimation(KernelDensity()),12435,0,-85.3822854711232,0,-84.2354685609778
dpctgan,ProbabilityEstimation(KernelDensity()),12435,1,-83.89879719898715,1,-84.2354685609778
dpctgan,ProbabilityEstimation(KernelDensity()),12435,0,-84.90238310836786,0,-84.2354685609778
dpctgan,ProbabilityEstimation(KernelDensity()),12435,1,-84.66867882984447,0,-84.2354685609778
dpctgan,ProbabilityEstimation(KernelDensity()),12435,0,-84.74658366637215,0,-84.2354685609778
dpctgan,ProbabilityEstimation(KernelDensity()),12435,1,-84.27825532559142,0,-84.2354685609778
dpctgan,ProbabilityEstimation(KernelDensity()),12435,0,-83.42097797446957,1,-84.2354685609778
dpctgan,ProbabilityEstimation(KernelDensity()),12435,1,-85.57313828241647,0,-84.2354685609778
dpctgan,ProbabilityEstimation(KernelDensity()),12435,0,-85.96852661415097,0,-84.2354685609778
dpctgan,ProbabilityEstimation(KernelDensity()),12435,1,-84.67667525383635,0,-84.2354685609778
dpctgan,ProbabilityEstimation(KernelDensity()),12435,0,-84.85169676932534,0,-84.2354685609778
dpctgan,ProbabilityEstimation(KernelDensity()),12435,1,-85.32348388714122,0,-84.2354685609778
dpctgan,ProbabilityEstimation(KernelDensity()),12435,0,-84.95472113956382,0,-84.2354685609778
dpctgan,ProbabilityEstimation(KernelDensity()),12435,1,-85.93319744405187,0,-84.2354685609778
dpctgan,ProbabilityEstimation(KernelDensity()),12435,0,-84.93511593835453,0,-84.2354685609778
dpctgan,ProbabilityEstimation(KernelDensity()),12435,1,-84.11970811988017,1,-84.2354685609778
dpctgan,ProbabilityEstimation(KernelDensity()),12435,0,-85.48980237859396,0,-84.2354685609778
dpctgan,ProbabilityEstimation(KernelDensity()),12435,1,-83.28682910219925,1,-84.2354685609778
dpctgan,ProbabilityEstimation(KernelDensity()),12435,0,-85.0023864837255,0,-84.2354685609778
dpctgan,ProbabilityEstimation(KernelDensity()),12435,1,-83.64658110880913,1,-84.2354685609778
dpctgan,ProbabilityEstimation(KernelDensity()),12435,0,-83.89956651983687,1,-84.2354685609778
dpctgan,ProbabilityEstimation(KernelDensity()),12435,1,-83.26241667181814,1,-84.2354685609778
dpctgan,ProbabilityEstimation(KernelDensity()),12435,0,-85.27836853236508,0,-84.2354685609778
dpctgan,ProbabilityEstimation(KernelDensity()),12435,1,-83.60855619249615,1,-84.2354685609778
dpctgan,ProbabilityEstimation(KernelDensity()),12435,0,-84.28529170756151,0,-84.2354685609778
dpctgan,ProbabilityEstimation(KernelDensity()),12435,1,-85.50891275289523,0,-84.2354685609778
dpctgan,ProbabilityEstimation(KernelDensity()),12435,0,-84.30431604806829,0,-84.2354685609778
dpctgan,ProbabilityEstimation(KernelDensity()),12435,1,-85.16380010817316,0,-84.2354685609778
dpctgan,ProbabilityEstimation(KernelDensity()),12435,0,-84.06017373302207,1,-84.2354685609778
dpctgan,ProbabilityEstimation(KernelDensity()),12435,1,-84.08357837010134,1,-84.2354685609778
dpctgan,ProbabilityEstimation(KernelDensity()),12435,0,-84.22525581143766,1,-84.2354685609778
dpctgan,ProbabilityEstimation(KernelDensity()),12435,1,-83.94994722085339,1,-84.2354685609778
dpctgan,ProbabilityEstimation(KernelDensity()),12435,0,-83.93743352676299,1,-84.2354685609778
dpctgan,ProbabilityEstimation(KernelDensity()),12435,1,-84.15825604997838,1,-84.2354685609778
dpctgan,ProbabilityEstimation(KernelDensity()),12435,0,-85.65881794137564,0,-84.2354685609778
dpctgan,ProbabilityEstimation(KernelDensity()),12435,1,-83.89267925646418,1,-84.2354685609778
dpctgan,ProbabilityEstimation(KernelDensity()),12435,0,-83.85790068904915,1,-84.2354685609778
dpctgan,ProbabilityEstimation(KernelDensity()),12435,1,-84.92052330778426,0,-84.2354685609778
dpctgan,ProbabilityEstimation(KernelDensity()),12435,0,-83.21330416621205,1,-84.2354685609778
dpctgan,ProbabilityEstimation(KernelDensity()),12435,1,-83.97593790364888,1,-84.2354685609778
dpctgan,ProbabilityEstimation(KernelDensity()),12435,0,-84.33632000078705,0,-84.2354685609778
dpctgan,ProbabilityEstimation(KernelDensity()),12435,1,-84.80719783788247,0,-84.2354685609778
dpctgan,ProbabilityEstimation(KernelDensity()),12435,0,-85.00711064555021,0,-84.2354685609778
dpctgan,ProbabilityEstimation(KernelDensity()),12435,1,-84.77283490170291,0,-84.2354685609778
dpctgan,ProbabilityEstimation(KernelDensity()),12435,0,-84.48114643504819,0,-84.2354685609778
dpctgan,ProbabilityEstimation(KernelDensity()),12435,1,-83.6832928842738,1,-84.2354685609778
dpctgan,ProbabilityEstimation(KernelDensity()),12435,0,-84.87737049850992,0,-84.2354685609778
dpctgan,ProbabilityEstimation(KernelDensity()),12435,1,-84.9317371376147,0,-84.2354685609778
dpctgan,ProbabilityEstimation(KernelDensity()),12435,0,-83.78917392321246,1,-84.2354685609778
dpctgan,ProbabilityEstimation(KernelDensity()),12435,1,-83.22747270818112,1,-84.2354685609778
dpctgan,ProbabilityEstimation(KernelDensity()),12435,0,-84.24029835891467,0,-84.2354685609778
dpctgan,ProbabilityEstimation(KernelDensity()),12435,1,-85.87095924042798,0,-84.2354685609778
dpctgan,ProbabilityEstimation(KernelDensity()),12435,0,-85.29338937562359,0,-84.2354685609778
dpctgan,ProbabilityEstimation(KernelDensity()),12435,1,-83.31316290771981,1,-84.2354685609778
dpctgan,ProbabilityEstimation(KernelDensity()),12435,0,-84.93242333928946,0,-84.2354685609778
dpctgan,ProbabilityEstimation(KernelDensity()),12435,1,-84.53298173020399,0,-84.2354685609778
dpctgan,ProbabilityEstimation(KernelDensity()),12435,0,-84.25426927078063,0,-84.2354685609778
dpctgan,ProbabilityEstimation(KernelDensity()),12435,1,-84.11161417590021,1,-84.2354685609778
dpctgan,ProbabilityEstimation(KernelDensity()),12435,0,-83.98972787298082,1,-84.2354685609778
dpctgan,ProbabilityEstimation(KernelDensity()),12435,1,-84.29353583816227,0,-84.2354685609778
dpctgan,ProbabilityEstimation(KernelDensity()),12435,0,-83.24350484313337,1,-84.2354685609778
dpctgan,ProbabilityEstimation(KernelDensity()),12435,1,-84.0422059203653,1,-84.2354685609778
dpctgan,ProbabilityEstimation(KernelDensity()),12435,0,-84.05593093866862,1,-84.2354685609778
dpctgan,ProbabilityEstimation(KernelDensity()),12435,1,-85.32026102844496,0,-84.2354685609778
dpctgan,ProbabilityEstimation(KernelDensity()),12435,0,-83.80815510822148,1,-84.2354685609778
dpctgan,ProbabilityEstimation(KernelDensity()),12435,1,-84.42019296669308,0,-84.2354685609778
dpctgan,ProbabilityEstimation(KernelDensity()),12435,0,-85.16890248874341,0,-84.2354685609778
dpctgan,ProbabilityEstimation(KernelDensity()),12435,1,-83.07674795730298,1,-84.2354685609778
dpctgan,ProbabilityEstimation(KernelDensity()),12435,0,-83.70920241707101,1,-84.2354685609778
dpctgan,ProbabilityEstimation(KernelDensity()),12435,1,-84.0480625438405,1,-84.2354685609778
dpctgan,ProbabilityEstimation(KernelDensity()),12435,0,-84.40229734346421,0,-84.2354685609778
dpctgan,ProbabilityEstimation(KernelDensity()),12435,1,-85.2613513699182,0,-84.2354685609778
dpctgan,ProbabilityEstimation(KernelDensity()),12435,0,-84.27283100833262,0,-84.2354685609778
dpctgan,ProbabilityEstimation(KernelDensity()),12435,1,-84.71728007398093,0,-84.2354685609778
dpctgan,ProbabilityEstimation(KernelDensity()),12435,0,-84.44592039304243,0,-84.2354685609778
dpctgan,ProbabilityEstimation(KernelDensity()),12435,1,-85.44278064136218,0,-84.2354685609778
dpctgan,ProbabilityEstimation(KernelDensity()),12435,0,-84.3887038738469,0,-84.2354685609778
dpctgan,ProbabilityEstimation(KernelDensity()),12435,1,-84.56357284629516,0,-84.2354685609778
dpctgan,ProbabilityEstimation(KernelDensity()),12435,0,-85.05932197337737,0,-84.2354685609778
dpctgan,ProbabilityEstimation(KernelDensity()),12435,1,-84.8855911561425,0,-84.2354685609778
dpctgan,ProbabilityEstimation(KernelDensity()),12435,0,-83.6945058679384,1,-84.2354685609778
dpctgan,ProbabilityEstimation(KernelDensity()),12435,1,-84.7909913122388,0,-84.2354685609778
dpctgan,ProbabilityEstimation(KernelDensity()),12435,0,-84.63020450504214,0,-84.2354685609778
dpctgan,ProbabilityEstimation(KernelDensity()),12435,1,-84.89374934614874,0,-84.2354685609778
dpctgan,ProbabilityEstimation(KernelDensity()),12435,0,-85.09004546187052,0,-84.2354685609778
dpctgan,ProbabilityEstimation(KernelDensity()),12435,1,-83.9446214610796,1,-84.2354685609778
dpctgan,ProbabilityEstimation(KernelDensity()),12435,0,-84.3774095622832,0,-84.2354685609778
dpctgan,ProbabilityEstimation(KernelDensity()),12435,1,-83.73391087735091,1,-84.2354685609778
dpctgan,ProbabilityEstimation(KernelDensity()),12435,0,-84.82432307159819,0,-84.2354685609778
dpctgan,ProbabilityEstimation(KernelDensity()),12435,1,-84.55408359117258,0,-84.2354685609778
dpctgan,ProbabilityEstimation(KernelDensity()),12435,0,-83.30100693122046,1,-84.2354685609778
dpctgan,ProbabilityEstimation(KernelDensity()),12435,1,-84.17115482102665,1,-84.2354685609778
dpctgan,ProbabilityEstimation(KernelDensity()),12435,0,-83.7031793114735,1,-84.2354685609778
dpctgan,ProbabilityEstimation(KernelDensity()),12435,1,-84.02405154681442,1,-84.2354685609778
dpctgan,ProbabilityEstimation(KernelDensity()),12435,0,-84.71835141063617,0,-84.2354685609778
dpctgan,ProbabilityEstimation(KernelDensity()),12435,1,-85.44711919323257,0,-84.2354685609778
dpctgan,ProbabilityEstimation(KernelDensity()),12435,0,-84.30169727346278,0,-84.2354685609778
dpctgan,ProbabilityEstimation(KernelDensity()),12435,1,-83.42266798586294,1,-84.2354685609778
dpctgan,ProbabilityEstimation(KernelDensity()),12435,0,-83.37599574933942,1,-84.2354685609778
dpctgan,ProbabilityEstimation(KernelDensity()),12435,1,-84.43524013729274,0,-84.2354685609778
dpctgan,ProbabilityEstimation(KernelDensity()),12435,0,-84.02666821824022,1,-84.2354685609778
dpctgan,ProbabilityEstimation(KernelDensity()),12435,1,-84.89508743426275,0,-84.2354685609778
dpctgan,ProbabilityEstimation(KernelDensity()),12435,0,-84.46168744649016,0,-84.2354685609778
dpctgan,ProbabilityEstimation(KernelDensity()),12435,1,-84.64687294503067,0,-84.2354685609778
dpctgan,ProbabilityEstimation(KernelDensity()),12435,0,-84.6394714161343,0,-84.2354685609778
dpctgan,ProbabilityEstimation(KernelDensity()),12435,1,-84.28016446276062,0,-84.2354685609778
dpctgan,ProbabilityEstimation(KernelDensity()),12435,0,-84.96602402040726,0,-84.2354685609778
dpctgan,ProbabilityEstimation(KernelDensity()),12435,1,-84.76207045470747,0,-84.2354685609778
dpctgan,ProbabilityEstimation(KernelDensity()),12435,0,-84.8115533136443,0,-84.2354685609778
dpctgan,ProbabilityEstimation(KernelDensity()),12435,1,-85.90028696729877,0,-84.2354685609778
dpctgan,ProbabilityEstimation(KernelDensity()),12435,0,-84.16274985039088,1,-84.2354685609778
dpctgan,ProbabilityEstimation(KernelDensity()),12435,1,-84.17390816320457,1,-84.2354685609778
dpctgan,ProbabilityEstimation(KernelDensity()),12435,0,-85.35223344579572,0,-84.2354685609778
dpctgan,ProbabilityEstimation(KernelDensity()),12435,1,-85.9054126545187,0,-84.2354685609778
dpctgan,ProbabilityEstimation(KernelDensity()),12435,0,-83.85210201152036,1,-84.2354685609778
dpctgan,ProbabilityEstimation(KernelDensity()),12435,1,-83.78036555765095,1,-84.2354685609778
dpctgan,ProbabilityEstimation(KernelDensity()),12435,0,-84.88447276691275,0,-84.2354685609778
dpctgan,ProbabilityEstimation(KernelDensity()),12435,1,-84.73760606701562,0,-84.2354685609778
dpctgan,ProbabilityEstimation(KernelDensity()),12435,0,-83.7135447165876,1,-84.2354685609778
dpctgan,ProbabilityEstimation(KernelDensity()),12435,1,-83.67955417382325,1,-84.2354685609778
dpctgan,ProbabilityEstimation(KernelDensity()),12435,0,-83.75139282486731,1,-84.2354685609778
dpctgan,ProbabilityEstimation(KernelDensity()),12435,1,-84.26818508450118,0,-84.2354685609778
dpctgan,ProbabilityEstimation(KernelDensity()),12435,0,-84.94525026511025,0,-84.2354685609778
dpctgan,ProbabilityEstimation(KernelDensity()),12435,1,-83.52666227301711,1,-84.2354685609778
dpctgan,ProbabilityEstimation(KernelDensity()),12435,0,-84.05334612875156,1,-84.2354685609778
dpctgan,ProbabilityEstimation(KernelDensity()),12435,1,-84.89391106777886,0,-84.2354685609778
dpctgan,ProbabilityEstimation(KernelDensity()),12435,0,-84.22631045928937,1,-84.2354685609778
dpctgan,ProbabilityEstimation(KernelDensity()),12435,1,-84.18455082804046,1,-84.2354685609778
dpctgan,ProbabilityEstimation(KernelDensity()),12435,0,-84.58661921267672,0,-84.2354685609778
dpctgan,ProbabilityEstimation(KernelDensity()),12435,1,-85.93023702233185,0,-84.2354685609778
dpctgan,ProbabilityEstimation(KernelDensity()),12435,0,-84.41248011142935,0,-84.2354685609778
dpctgan,ProbabilityEstimation(KernelDensity()),12435,1,-84.25304780293125,0,-84.2354685609778
dpctgan,ProbabilityEstimation(KernelDensity()),12435,0,-83.91255506872632,1,-84.2354685609778
dpctgan,ProbabilityEstimation(KernelDensity()),12435,1,-84.5360106461794,0,-84.2354685609778
dpctgan,ProbabilityEstimation(KernelDensity()),12435,0,-84.39058303410069,0,-84.2354685609778
dpctgan,ProbabilityEstimation(KernelDensity()),12435,1,-84.47411072759996,0,-84.2354685609778
dpctgan,ProbabilityEstimation(KernelDensity()),12435,0,-84.9531874376447,0,-84.2354685609778
dpctgan,ProbabilityEstimation(KernelDensity()),12435,1,-83.98821033315747,1,-84.2354685609778
dpctgan,ProbabilityEstimation(KernelDensity()),12435,0,-84.76720917320986,0,-84.2354685609778
dpctgan,ProbabilityEstimation(KernelDensity()),12435,1,-83.53241648496143,1,-84.2354685609778
dpctgan,ProbabilityEstimation(KernelDensity()),12435,0,-84.41269147363722,0,-84.2354685609778
dpctgan,ProbabilityEstimation(KernelDensity()),12435,1,-83.4477910765629,1,-84.2354685609778
dpctgan,ProbabilityEstimation(KernelDensity()),12435,0,-84.58647443526766,0,-84.2354685609778
dpctgan,ProbabilityEstimation(KernelDensity()),12435,1,-84.3337092671553,0,-84.2354685609778
dpctgan,ProbabilityEstimation(KernelDensity()),12435,0,-86.06119386913986,0,-84.2354685609778
dpctgan,ProbabilityEstimation(KernelDensity()),12435,1,-84.31986359228296,0,-84.2354685609778
dpctgan,ProbabilityEstimation(KernelDensity()),12435,0,-83.49162297085064,1,-84.2354685609778
dpctgan,ProbabilityEstimation(KernelDensity()),12435,1,-83.57772363218912,1,-84.2354685609778
dpctgan,ProbabilityEstimation(KernelDensity()),12435,0,-83.5231246826212,1,-84.2354685609778
dpctgan,ProbabilityEstimation(KernelDensity()),12435,1,-84.63371346002786,0,-84.2354685609778
dpctgan,ProbabilityEstimation(KernelDensity()),12435,0,-85.24248861014563,0,-84.2354685609778
dpctgan,ProbabilityEstimation(KernelDensity()),12435,1,-83.82961157645704,1,-84.2354685609778
dpctgan,ProbabilityEstimation(KernelDensity()),12435,0,-84.48680533149471,0,-84.2354685609778
dpctgan,ProbabilityEstimation(KernelDensity()),12435,1,-83.5939613104628,1,-84.2354685609778
dpctgan,ProbabilityEstimation(KernelDensity()),12435,0,-83.81345108993084,1,-84.2354685609778
dpctgan,ProbabilityEstimation(KernelDensity()),12435,1,-83.93721576503266,1,-84.2354685609778
dpctgan,ProbabilityEstimation(KernelDensity()),12435,0,-84.13806290392189,1,-84.2354685609778
dpctgan,ProbabilityEstimation(KernelDensity()),12435,1,-84.48292126812945,0,-84.2354685609778
dpctgan,ProbabilityEstimation(KernelDensity()),12435,0,-83.67910415735489,1,-84.2354685609778
dpctgan,ProbabilityEstimation(KernelDensity()),12435,1,-82.64683087830134,1,-84.2354685609778
dpctgan,ProbabilityEstimation(KernelDensity()),12435,0,-84.063292300069,1,-84.2354685609778
dpctgan,ProbabilityEstimation(KernelDensity()),12435,1,-84.89893661427423,0,-84.2354685609778
dpctgan,ProbabilityEstimation(KernelDensity()),12435,0,-84.09776476976587,1,-84.2354685609778
dpctgan,ProbabilityEstimation(KernelDensity()),12435,1,-83.42591534108332,1,-84.2354685609778
dpctgan,ProbabilityEstimation(KernelDensity()),12435,0,-83.8044036741308,1,-84.2354685609778
dpctgan,ProbabilityEstimation(KernelDensity()),12435,1,-84.1670515377176,1,-84.2354685609778
dpctgan,ProbabilityEstimation(KernelDensity()),12435,0,-84.24855570789505,0,-84.2354685609778
dpctgan,ProbabilityEstimation(KernelDensity()),12435,1,-85.17568717486286,0,-84.2354685609778
dpctgan,ProbabilityEstimation(KernelDensity()),12435,0,-85.10688534602012,0,-84.2354685609778
dpctgan,ProbabilityEstimation(KernelDensity()),12435,1,-84.39254003820018,0,-84.2354685609778
dpctgan,ProbabilityEstimation(KernelDensity()),12435,0,-85.76709649479952,0,-84.2354685609778
dpctgan,ProbabilityEstimation(KernelDensity()),12435,1,-83.60571611903075,1,-84.2354685609778
dpctgan,ProbabilityEstimation(KernelDensity()),12435,0,-83.98475422799152,1,-84.2354685609778
dpctgan,ProbabilityEstimation(KernelDensity()),12435,1,-85.26947268454366,0,-84.2354685609778
dpctgan,ProbabilityEstimation(KernelDensity()),12435,0,-84.90572415069558,0,-84.2354685609778
dpctgan,ProbabilityEstimation(KernelDensity()),12435,1,-85.12826601304535,0,-84.2354685609778
dpctgan,ProbabilityEstimation(KernelDensity()),12435,0,-85.1454016034904,0,-84.2354685609778
dpctgan,ProbabilityEstimation(KernelDensity()),12435,1,-83.48468898730627,1,-84.2354685609778
dpctgan,ProbabilityEstimation(KernelDensity()),12435,0,-85.46116350832608,0,-84.2354685609778
dpctgan,ProbabilityEstimation(KernelDensity()),12435,1,-83.84091480784237,1,-84.2354685609778
dpctgan,ProbabilityEstimation(KernelDensity()),12435,0,-83.81992892334607,1,-84.2354685609778
dpctgan,ProbabilityEstimation(KernelDensity()),12435,1,-85.23244010811233,0,-84.2354685609778
dpctgan,ProbabilityEstimation(KernelDensity()),12435,0,-85.14739480115433,0,-84.2354685609778
dpctgan,ProbabilityEstimation(KernelDensity()),12435,1,-83.39329340923243,1,-84.2354685609778
dpctgan,ProbabilityEstimation(KernelDensity()),12435,0,-84.77494716573152,0,-84.2354685609778
dpctgan,ProbabilityEstimation(KernelDensity()),12435,1,-84.4013017625713,0,-84.2354685609778
dpctgan,ProbabilityEstimation(KernelDensity()),12435,0,-84.47132284780432,0,-84.2354685609778
dpctgan,ProbabilityEstimation(KernelDensity()),12435,1,-84.63642003085553,0,-84.2354685609778
dpctgan,ProbabilityEstimation(KernelDensity()),12435,0,-85.26494876708031,0,-84.2354685609778
dpctgan,ProbabilityEstimation(KernelDensity()),12435,1,-84.41642076633161,0,-84.2354685609778
dpctgan,ProbabilityEstimation(KernelDensity()),12435,0,-83.46463796544255,1,-84.2354685609778
dpctgan,ProbabilityEstimation(KernelDensity()),12435,1,-85.27423414982084,0,-84.2354685609778
dpctgan,ProbabilityEstimation(KernelDensity()),12435,0,-83.732402196879,1,-84.2354685609778
dpctgan,ProbabilityEstimation(KernelDensity()),12435,1,-83.35706322401629,1,-84.2354685609778
dpctgan,ProbabilityEstimation(KernelDensity()),12435,0,-84.05180048017611,1,-84.2354685609778
dpctgan,ProbabilityEstimation(KernelDensity()),12435,1,-84.26599214829398,0,-84.2354685609778
dpctgan,ProbabilityEstimation(KernelDensity()),12435,0,-84.22497802721146,1,-84.2354685609778
dpctgan,ProbabilityEstimation(KernelDensity()),12435,1,-84.38369243532999,0,-84.2354685609778
dpctgan,ProbabilityEstimation(KernelDensity()),12435,0,-83.77865498598588,1,-84.2354685609778
dpctgan,ProbabilityEstimation(KernelDensity()),12435,1,-83.87539203595789,1,-84.2354685609778
dpctgan,ProbabilityEstimation(KernelDensity()),12435,0,-84.76442206249786,0,-84.2354685609778
dpctgan,ProbabilityEstimation(KernelDensity()),12435,1,-85.0901777324461,0,-84.2354685609778
dpctgan,ProbabilityEstimation(KernelDensity()),12435,0,-83.91855698729782,1,-84.2354685609778
dpctgan,ProbabilityEstimation(KernelDensity()),12435,1,-85.98614743847968,0,-84.2354685609778
dpctgan,ProbabilityEstimation(KernelDensity()),12435,0,-84.7274652408023,0,-84.2354685609778
dpctgan,ProbabilityEstimation(KernelDensity()),12435,1,-85.10003965169969,0,-84.2354685609778
dpctgan,ProbabilityEstimation(KernelDensity()),12435,0,-85.61518905209456,0,-84.2354685609778
dpctgan,ProbabilityEstimation(KernelDensity()),12435,1,-84.71623790220407,0,-84.2354685609778
dpctgan,ProbabilityEstimation(KernelDensity()),12435,0,-84.8529700459038,0,-84.2354685609778
dpctgan,ProbabilityEstimation(KernelDensity()),12435,1,-84.0536015098781,1,-84.2354685609778
dpctgan,ProbabilityEstimation(KernelDensity()),12435,0,-84.61362715320656,0,-84.2354685609778
dpctgan,ProbabilityEstimation(KernelDensity()),12435,1,-84.05218920262658,1,-84.2354685609778
dpctgan,ProbabilityEstimation(KernelDensity()),12435,0,-84.5494498012549,0,-84.2354685609778
dpctgan,ProbabilityEstimation(KernelDensity()),12435,1,-84.27364895754673,0,-84.2354685609778
dpctgan,ProbabilityEstimation(KernelDensity()),12435,0,-85.3384273794176,0,-84.2354685609778
dpctgan,ProbabilityEstimation(KernelDensity()),12435,1,-84.39726653603871,0,-84.2354685609778
dpctgan,ProbabilityEstimation(KernelDensity()),12435,0,-84.91600029530481,0,-84.2354685609778
dpctgan,ProbabilityEstimation(KernelDensity()),12435,1,-85.22226837449824,0,-84.2354685609778
dpctgan,ProbabilityEstimation(KernelDensity()),12435,0,-83.75036815782575,1,-84.2354685609778
dpctgan,ProbabilityEstimation(KernelDensity()),12435,1,-85.06922948376129,0,-84.2354685609778
dpctgan,ProbabilityEstimation(KernelDensity()),12435,0,-85.31904612604603,0,-84.2354685609778
dpctgan,ProbabilityEstimation(KernelDensity()),12435,1,-85.57564214528675,0,-84.2354685609778
dpctgan,ProbabilityEstimation(KernelDensity()),12435,0,-83.30688041283774,1,-84.2354685609778
dpctgan,ProbabilityEstimation(KernelDensity()),12435,1,-83.68161017229626,1,-84.2354685609778
dpctgan,ProbabilityEstimation(KernelDensity()),12435,0,-84.47955248643215,0,-84.2354685609778
dpctgan,ProbabilityEstimation(KernelDensity()),12435,1,-84.5385253030334,0,-84.2354685609778
dpctgan,ProbabilityEstimation(KernelDensity()),12435,0,-83.14206137350743,1,-84.2354685609778
dpctgan,ProbabilityEstimation(KernelDensity()),12435,1,-84.94634106955075,0,-84.2354685609778
dpctgan,ProbabilityEstimation(KernelDensity()),12435,0,-85.02995912633749,0,-84.2354685609778
dpctgan,ProbabilityEstimation(KernelDensity()),12435,1,-84.43764172764023,0,-84.2354685609778
dpctgan,ProbabilityEstimation(KernelDensity()),12435,0,-82.69584260911101,1,-84.2354685609778
dpctgan,ProbabilityEstimation(KernelDensity()),12435,1,-84.91652002878256,0,-84.2354685609778
dpctgan,ProbabilityEstimation(KernelDensity()),12435,0,-84.01072056458558,1,-84.2354685609778
dpctgan,ProbabilityEstimation(KernelDensity()),12435,1,-84.87418562104524,0,-84.2354685609778
dpctgan,ProbabilityEstimation(KernelDensity()),12435,0,-84.75384916167242,0,-84.2354685609778
dpctgan,ProbabilityEstimation(KernelDensity()),12435,1,-84.13424658990746,1,-84.2354685609778
dpctgan,ProbabilityEstimation(KernelDensity()),12435,0,-83.97914747936724,1,-84.2354685609778
dpctgan,ProbabilityEstimation(KernelDensity()),12435,1,-84.71631184788178,0,-84.2354685609778
dpctgan,ProbabilityEstimation(KernelDensity()),12435,0,-84.72932794380566,0,-84.2354685609778
dpctgan,ProbabilityEstimation(KernelDensity()),12435,1,-83.96071629602837,1,-84.2354685609778
dpctgan,ProbabilityEstimation(KernelDensity()),12435,0,-84.11982167504327,1,-84.2354685609778
dpctgan,ProbabilityEstimation(KernelDensity()),12435,1,-85.17909473626253,0,-84.2354685609778
dpctgan,ProbabilityEstimation(KernelDensity()),12435,0,-85.46328445751767,0,-84.2354685609778
dpctgan,ProbabilityEstimation(KernelDensity()),12435,1,-84.10399831204562,1,-84.2354685609778
dpctgan,ProbabilityEstimation(KernelDensity()),12435,0,-83.54948101247534,1,-84.2354685609778
dpctgan,ProbabilityEstimation(KernelDensity()),12435,1,-84.72509045673546,0,-84.2354685609778
dpctgan,ProbabilityEstimation(KernelDensity()),12435,0,-84.1008365257526,1,-84.2354685609778
dpctgan,ProbabilityEstimation(KernelDensity()),12435,1,-82.84585925235197,1,-84.2354685609778
dpctgan,ProbabilityEstimation(KernelDensity()),12435,0,-85.28496525132137,0,-84.2354685609778
dpctgan,ProbabilityEstimation(KernelDensity()),12435,1,-84.96560436754822,0,-84.2354685609778
dpctgan,ProbabilityEstimation(KernelDensity()),12435,0,-84.38053981168176,0,-84.2354685609778
dpctgan,ProbabilityEstimation(KernelDensity()),12435,1,-83.27172536732581,1,-84.2354685609778
dpctgan,ProbabilityEstimation(KernelDensity()),12435,0,-83.77996907688714,1,-84.2354685609778
dpctgan,ProbabilityEstimation(KernelDensity()),12435,1,-85.47541344756992,0,-84.2354685609778
dpctgan,ProbabilityEstimation(KernelDensity()),12435,0,-85.54907790904899,0,-84.2354685609778
dpctgan,ProbabilityEstimation(KernelDensity()),12435,1,-84.84368976593275,0,-84.2354685609778
dpctgan,ProbabilityEstimation(KernelDensity()),12435,0,-85.4187553627565,0,-84.2354685609778
dpctgan,ProbabilityEstimation(KernelDensity()),12435,1,-83.9868523350726,1,-84.2354685609778
dpctgan,ProbabilityEstimation(KernelDensity()),12435,0,-84.34204641787126,0,-84.2354685609778
dpctgan,ProbabilityEstimation(KernelDensity()),12435,1,-84.66647387446902,0,-84.2354685609778
dpctgan,ProbabilityEstimation(KernelDensity()),12435,0,-84.53028931441706,0,-84.2354685609778
dpctgan,ProbabilityEstimation(KernelDensity()),12435,1,-84.89535771574084,0,-84.2354685609778
dpctgan,ProbabilityEstimation(KernelDensity()),12435,0,-83.57419787202504,1,-84.2354685609778
dpctgan,ProbabilityEstimation(KernelDensity()),12435,1,-85.3037770265551,0,-84.2354685609778
dpctgan,ProbabilityEstimation(KernelDensity()),12435,0,-83.85125827857684,1,-84.2354685609778
dpctgan,ProbabilityEstimation(KernelDensity()),12435,1,-83.36072493727919,1,-84.2354685609778
dpctgan,ProbabilityEstimation(KernelDensity()),12435,0,-85.83590871033988,0,-84.2354685609778
dpctgan,ProbabilityEstimation(KernelDensity()),12435,1,-83.08056307944405,1,-84.2354685609778
dpctgan,ProbabilityEstimation(KernelDensity()),12435,0,-84.94866501672684,0,-84.2354685609778
dpctgan,ProbabilityEstimation(KernelDensity()),12435,1,-85.13372351939854,0,-84.2354685609778
dpctgan,ProbabilityEstimation(KernelDensity()),12435,0,-85.15334977204245,0,-84.2354685609778
dpctgan,ProbabilityEstimation(KernelDensity()),12435,1,-84.70686907040925,0,-84.2354685609778
dpctgan,ProbabilityEstimation(KernelDensity()),12435,0,-84.82796914122602,0,-84.2354685609778
dpctgan,ProbabilityEstimation(KernelDensity()),12435,1,-83.86669947653087,1,-84.2354685609778
dpctgan,ProbabilityEstimation(KernelDensity()),12435,0,-83.75061317379448,1,-84.2354685609778
dpctgan,ProbabilityEstimation(KernelDensity()),12435,1,-84.44161872530276,0,-84.2354685609778
dpctgan,ProbabilityEstimation(KernelDensity()),12435,0,-83.42935164162098,1,-84.2354685609778
dpctgan,ProbabilityEstimation(KernelDensity()),12435,1,-85.7605400943954,0,-84.2354685609778
dpctgan,ProbabilityEstimation(KernelDensity()),12435,0,-84.81013322030414,0,-84.2354685609778
dpctgan,ProbabilityEstimation(KernelDensity()),12435,1,-84.33522789021856,0,-84.2354685609778
dpctgan,ProbabilityEstimation(KernelDensity()),12435,0,-83.22815058405544,1,-84.2354685609778
dpctgan,ProbabilityEstimation(KernelDensity()),12435,1,-85.01568835638707,0,-84.2354685609778
dpctgan,ProbabilityEstimation(KernelDensity()),12435,0,-85.5481213502189,0,-84.2354685609778
dpctgan,ProbabilityEstimation(KernelDensity()),12435,1,-84.63999357443036,0,-84.2354685609778
dpctgan,ProbabilityEstimation(KernelDensity()),12435,0,-83.64257858210956,1,-84.2354685609778
dpctgan,ProbabilityEstimation(KernelDensity()),12435,1,-85.38825008427341,0,-84.2354685609778
dpctgan,ProbabilityEstimation(KernelDensity()),12435,0,-84.4242675622434,0,-84.2354685609778
dpctgan,ProbabilityEstimation(KernelDensity()),12435,1,-84.0986204499851,1,-84.2354685609778
dpctgan,ProbabilityEstimation(KernelDensity()),12435,0,-85.51541010051086,0,-84.2354685609778
dpctgan,ProbabilityEstimation(KernelDensity()),12435,1,-84.28073399158761,0,-84.2354685609778
dpctgan,ProbabilityEstimation(KernelDensity()),12435,0,-84.67685592820128,0,-84.2354685609778
dpctgan,ProbabilityEstimation(KernelDensity()),12435,1,-84.30261990880082,0,-84.2354685609778
dpctgan,ProbabilityEstimation(KernelDensity()),12435,0,-84.50706951003338,0,-84.2354685609778
dpctgan,ProbabilityEstimation(KernelDensity()),12435,1,-83.72186036007619,1,-84.2354685609778
dpctgan,ProbabilityEstimation(KernelDensity()),12435,0,-84.5370764173471,0,-84.2354685609778
dpctgan,ProbabilityEstimation(KernelDensity()),12435,1,-85.25367682517896,0,-84.2354685609778
dpctgan,ProbabilityEstimation(KernelDensity()),12435,0,-83.34078534865654,1,-84.2354685609778
dpctgan,ProbabilityEstimation(KernelDensity()),12435,1,-84.26197285630916,0,-84.2354685609778
dpctgan,ProbabilityEstimation(KernelDensity()),12435,0,-84.30099568708881,0,-84.2354685609778
dpctgan,ProbabilityEstimation(KernelDensity()),12435,1,-84.48885355640634,0,-84.2354685609778
dpctgan,ProbabilityEstimation(KernelDensity()),12435,0,-84.07134438787412,1,-84.2354685609778
dpctgan,ProbabilityEstimation(KernelDensity()),12435,1,-85.51410956389722,0,-84.2354685609778
dpctgan,ProbabilityEstimation(KernelDensity()),12435,0,-85.95303952482632,0,-84.2354685609778
dpctgan,ProbabilityEstimation(KernelDensity()),12435,1,-83.53504371283587,1,-84.2354685609778
dpctgan,ProbabilityEstimation(KernelDensity()),12435,0,-84.95104462157255,0,-84.2354685609778
dpctgan,ProbabilityEstimation(KernelDensity()),12435,1,-85.9002640819964,0,-84.2354685609778
dpctgan,ProbabilityEstimation(KernelDensity()),12435,0,-83.76194372507409,1,-84.2354685609778
dpctgan,ProbabilityEstimation(KernelDensity()),12435,1,-82.9363056306765,1,-84.2354685609778
dpctgan,ProbabilityEstimation(KernelDensity()),12435,0,-84.9537468424159,0,-84.2354685609778
dpctgan,ProbabilityEstimation(KernelDensity()),12435,1,-85.13870916823633,0,-84.2354685609778
dpctgan,ProbabilityEstimation(KernelDensity()),12435,0,-83.46927853415166,1,-84.2354685609778
dpctgan,ProbabilityEstimation(KernelDensity()),12435,1,-83.63590251937308,1,-84.2354685609778
dpctgan,ProbabilityEstimation(KernelDensity()),12435,0,-85.77469844112868,0,-84.2354685609778
dpctgan,ProbabilityEstimation(KernelDensity()),12435,1,-84.15440695888438,1,-84.2354685609778
dpctgan,ProbabilityEstimation(KernelDensity()),12435,0,-84.0678841777827,1,-84.2354685609778
dpctgan,ProbabilityEstimation(KernelDensity()),12435,1,-84.25076428805377,0,-84.2354685609778
dpctgan,ProbabilityEstimation(KernelDensity()),12435,0,-84.01073092747725,1,-84.2354685609778
dpctgan,ProbabilityEstimation(KernelDensity()),12435,1,-83.95225337672626,1,-84.2354685609778
dpctgan,ProbabilityEstimation(KernelDensity()),12435,0,-84.20190364599131,1,-84.2354685609778
dpctgan,ProbabilityEstimation(KernelDensity()),12435,1,-83.50653098510696,1,-84.2354685609778
dpctgan,ProbabilityEstimation(KernelDensity()),12435,0,-83.96472397118568,1,-84.2354685609778
dpctgan,ProbabilityEstimation(KernelDensity()),12435,1,-84.11167543815753,1,-84.2354685609778
dpctgan,ProbabilityEstimation(KernelDensity()),12435,0,-83.406861048082,1,-84.2354685609778
dpctgan,ProbabilityEstimation(KernelDensity()),12435,1,-83.84996490436357,1,-84.2354685609778
dpctgan,ProbabilityEstimation(KernelDensity()),12435,0,-85.4430006033837,0,-84.2354685609778
dpctgan,ProbabilityEstimation(KernelDensity()),12435,1,-84.45671044125682,0,-84.2354685609778
dpctgan,ProbabilityEstimation(KernelDensity()),12435,0,-83.45302155410398,1,-84.2354685609778
dpctgan,ProbabilityEstimation(KernelDensity()),12435,1,-83.98901983747629,1,-84.2354685609778
dpctgan,ProbabilityEstimation(KernelDensity()),12435,0,-83.98174755958041,1,-84.2354685609778
dpctgan,ProbabilityEstimation(KernelDensity()),12435,1,-85.00089127729076,0,-84.2354685609778
dpctgan,ProbabilityEstimation(KernelDensity()),12435,0,-83.81127323489417,1,-84.2354685609778
dpctgan,ProbabilityEstimation(KernelDensity()),12435,1,-85.05293307267787,0,-84.2354685609778
dpctgan,ProbabilityEstimation(KernelDensity()),12435,0,-83.64617219564299,1,-84.2354685609778
dpctgan,ProbabilityEstimation(KernelDensity()),12435,1,-84.34379180127922,0,-84.2354685609778
dpctgan,ProbabilityEstimation(KernelDensity()),12435,0,-84.08562980551551,1,-84.2354685609778
dpctgan,ProbabilityEstimation(KernelDensity()),12435,1,-83.67869888637338,1,-84.2354685609778
dpctgan,ProbabilityEstimation(KernelDensity()),12435,0,-85.32634230314352,0,-84.2354685609778
dpctgan,ProbabilityEstimation(KernelDensity()),12435,1,-85.73523164250747,0,-84.2354685609778
dpctgan,ProbabilityEstimation(KernelDensity()),12435,0,-84.40942469218582,0,-84.2354685609778
dpctgan,ProbabilityEstimation(KernelDensity()),12435,1,-85.0289496154892,0,-84.2354685609778
dpctgan,ProbabilityEstimation(KernelDensity()),12435,0,-84.58838641274627,0,-84.2354685609778
dpctgan,ProbabilityEstimation(KernelDensity()),12435,1,-86.00240949108039,0,-84.2354685609778
dpctgan,ProbabilityEstimation(KernelDensity()),12435,0,-84.12717767978373,1,-84.2354685609778
dpctgan,ProbabilityEstimation(KernelDensity()),12435,1,-83.71750987753337,1,-84.2354685609778
dpctgan,ProbabilityEstimation(KernelDensity()),12435,0,-83.69439995113274,1,-84.2354685609778
dpctgan,ProbabilityEstimation(KernelDensity()),12435,1,-83.38249909834458,1,-84.2354685609778
dpctgan,ProbabilityEstimation(KernelDensity()),12435,0,-83.45983094130338,1,-84.2354685609778
dpctgan,ProbabilityEstimation(KernelDensity()),12435,1,-84.10355533144553,1,-84.2354685609778
dpctgan,ProbabilityEstimation(KernelDensity()),12435,0,-85.78975902785429,0,-84.2354685609778
dpctgan,ProbabilityEstimation(KernelDensity()),12435,1,-83.58327635203501,1,-84.2354685609778
dpctgan,ProbabilityEstimation(KernelDensity()),12435,0,-85.09028724292551,0,-84.2354685609778
dpctgan,ProbabilityEstimation(KernelDensity()),12435,1,-83.91532560964323,1,-84.2354685609778
dpctgan,ProbabilityEstimation(KernelDensity()),12435,0,-83.82834318749323,1,-84.2354685609778
dpctgan,ProbabilityEstimation(KernelDensity()),12435,1,-85.18682707409118,0,-84.2354685609778
dpctgan,ProbabilityEstimation(KernelDensity()),12435,0,-83.3492817373814,1,-84.2354685609778
dpctgan,ProbabilityEstimation(KernelDensity()),12435,1,-83.86983626235963,1,-84.2354685609778
dpctgan,ProbabilityEstimation(KernelDensity()),12435,0,-85.44302465208628,0,-84.2354685609778
dpctgan,ProbabilityEstimation(KernelDensity()),12435,1,-83.80898988020142,1,-84.2354685609778
dpctgan,ProbabilityEstimation(KernelDensity()),12435,0,-84.05150882142178,1,-84.2354685609778
dpctgan,ProbabilityEstimation(KernelDensity()),12435,1,-84.18702321626715,1,-84.2354685609778
dpctgan,ProbabilityEstimation(KernelDensity()),12435,0,-83.11631903132671,1,-84.2354685609778
dpctgan,ProbabilityEstimation(KernelDensity()),12435,1,-85.20688050629514,0,-84.2354685609778
dpctgan,ProbabilityEstimation(KernelDensity()),12435,0,-84.93995057633516,0,-84.2354685609778
dpctgan,ProbabilityEstimation(KernelDensity()),12435,1,-84.34574851132228,0,-84.2354685609778
dpctgan,ProbabilityEstimation(KernelDensity()),12435,0,-85.56374181582378,0,-84.2354685609778
dpctgan,ProbabilityEstimation(KernelDensity()),12435,1,-84.25870026278295,0,-84.2354685609778
dpctgan,ProbabilityEstimation(KernelDensity()),12435,0,-85.29623374364617,0,-84.2354685609778
dpctgan,ProbabilityEstimation(KernelDensity()),12435,1,-85.5192012323592,0,-84.2354685609778
dpctgan,ProbabilityEstimation(KernelDensity()),12435,0,-84.51227029361895,0,-84.2354685609778
dpctgan,ProbabilityEstimation(KernelDensity()),12435,1,-83.71473290896388,1,-84.2354685609778
dpctgan,ProbabilityEstimation(KernelDensity()),12435,0,-85.18595032831924,0,-84.2354685609778
dpctgan,ProbabilityEstimation(KernelDensity()),12435,1,-84.93083958746328,0,-84.2354685609778
dpctgan,ProbabilityEstimation(KernelDensity()),12435,0,-84.76870457824714,0,-84.2354685609778
dpctgan,ProbabilityEstimation(KernelDensity()),12435,1,-85.07091713477527,0,-84.2354685609778
dpctgan,ProbabilityEstimation(KernelDensity()),12435,0,-83.27467027333297,1,-84.2354685609778
dpctgan,ProbabilityEstimation(KernelDensity()),12435,1,-83.46967959598857,1,-84.2354685609778
dpctgan,ProbabilityEstimation(KernelDensity()),12435,0,-84.12218791247898,1,-84.2354685609778
dpctgan,ProbabilityEstimation(KernelDensity()),12435,1,-85.51399314979513,0,-84.2354685609778
dpctgan,ProbabilityEstimation(KernelDensity()),12435,0,-83.57418314464141,1,-84.2354685609778
dpctgan,ProbabilityEstimation(KernelDensity()),12435,1,-85.18888009929064,0,-84.2354685609778
dpctgan,ProbabilityEstimation(KernelDensity()),12435,0,-84.53142425849863,0,-84.2354685609778
dpctgan,ProbabilityEstimation(KernelDensity()),12435,1,-84.37448219657526,0,-84.2354685609778
dpctgan,ProbabilityEstimation(KernelDensity()),12435,0,-85.27346002398927,0,-84.2354685609778
dpctgan,ProbabilityEstimation(KernelDensity()),12435,1,-83.71689484871858,1,-84.2354685609778
dpctgan,ProbabilityEstimation(KernelDensity()),12435,0,-84.83209253888018,0,-84.2354685609778
dpctgan,ProbabilityEstimation(KernelDensity()),12435,1,-85.26723235185945,0,-84.2354685609778
dpctgan,ProbabilityEstimation(KernelDensity()),12435,0,-84.29743404175302,0,-84.2354685609778
dpctgan,ProbabilityEstimation(KernelDensity()),12435,1,-83.25538605154152,1,-84.2354685609778
dpctgan,ProbabilityEstimation(KernelDensity()),12435,0,-84.1115096909818,1,-84.2354685609778
dpctgan,ProbabilityEstimation(KernelDensity()),12435,1,-83.55638266656867,1,-84.2354685609778
dpctgan,ProbabilityEstimation(KernelDensity()),12435,0,-84.64455831199258,0,-84.2354685609778
dpctgan,ProbabilityEstimation(KernelDensity()),12435,1,-84.9405189744495,0,-84.2354685609778
dpctgan,ProbabilityEstimation(KernelDensity()),12435,0,-84.17834005681607,1,-84.2354685609778
dpctgan,ProbabilityEstimation(KernelDensity()),12435,1,-85.50891977524314,0,-84.2354685609778
dpctgan,ProbabilityEstimation(KernelDensity()),12435,0,-85.0339938064907,0,-84.2354685609778
dpctgan,ProbabilityEstimation(KernelDensity()),12435,1,-84.271670508824,0,-84.2354685609778
dpctgan,ProbabilityEstimation(KernelDensity()),12435,0,-85.07627076700255,0,-84.2354685609778
dpctgan,ProbabilityEstimation(KernelDensity()),12435,1,-84.41215469631088,0,-84.2354685609778
dpctgan,ProbabilityEstimation(KernelDensity()),12435,0,-83.93105376726777,1,-84.2354685609778
dpctgan,ProbabilityEstimation(KernelDensity()),12435,1,-85.17646724994512,0,-84.2354685609778
dpctgan,ProbabilityEstimation(KernelDensity()),12435,0,-84.61124762167333,0,-84.2354685609778
dpctgan,ProbabilityEstimation(KernelDensity()),12435,1,-84.58800183230757,0,-84.2354685609778
dpctgan,ProbabilityEstimation(KernelDensity()),12435,0,-83.86963985041317,1,-84.2354685609778
dpctgan,ProbabilityEstimation(KernelDensity()),12435,1,-86.11836319586867,0,-84.2354685609778
dpctgan,ProbabilityEstimation(KernelDensity()),12435,0,-84.26986699300633,0,-84.2354685609778
dpctgan,ProbabilityEstimation(KernelDensity()),12435,1,-83.25886309959101,1,-84.2354685609778
dpctgan,ProbabilityEstimation(KernelDensity()),12435,0,-83.36737964161861,1,-84.2354685609778
dpctgan,ProbabilityEstimation(KernelDensity()),12435,1,-85.5289412663897,0,-84.2354685609778
dpctgan,ProbabilityEstimation(KernelDensity()),12435,0,-83.99638038586683,1,-84.2354685609778
dpctgan,ProbabilityEstimation(KernelDensity()),12435,1,-84.70604477651874,0,-84.2354685609778
dpctgan,ProbabilityEstimation(KernelDensity()),12435,0,-85.02200514058482,0,-84.2354685609778
dpctgan,ProbabilityEstimation(KernelDensity()),12435,1,-83.96401280724427,1,-84.2354685609778
dpctgan,ProbabilityEstimation(KernelDensity()),12435,0,-84.76763227668226,0,-84.2354685609778
dpctgan,ProbabilityEstimation(KernelDensity()),12435,1,-83.53499328625578,1,-84.2354685609778
dpctgan,ProbabilityEstimation(KernelDensity()),12435,0,-84.34438144577166,0,-84.2354685609778
dpctgan,ProbabilityEstimation(KernelDensity()),12435,1,-85.11744519899892,0,-84.2354685609778
dpctgan,ProbabilityEstimation(KernelDensity()),12435,0,-84.82128108770222,0,-84.2354685609778
dpctgan,ProbabilityEstimation(KernelDensity()),12435,1,-83.29146203362464,1,-84.2354685609778
dpctgan,ProbabilityEstimation(KernelDensity()),12435,0,-85.37431265474837,0,-84.2354685609778
dpctgan,ProbabilityEstimation(KernelDensity()),12435,1,-84.16087160567427,1,-84.2354685609778
dpctgan,ProbabilityEstimation(KernelDensity()),12435,0,-83.72432599229002,1,-84.2354685609778
dpctgan,ProbabilityEstimation(KernelDensity()),12435,1,-84.2458351600389,0,-84.2354685609778
dpctgan,ProbabilityEstimation(KernelDensity()),12435,0,-85.41583208874808,0,-84.2354685609778
dpctgan,ProbabilityEstimation(KernelDensity()),12435,1,-84.98232856486015,0,-84.2354685609778
dpctgan,ProbabilityEstimation(KernelDensity()),12435,0,-83.58493635848065,1,-84.2354685609778
dpctgan,ProbabilityEstimation(KernelDensity()),12435,1,-85.310767818733,0,-84.2354685609778
dpctgan,ProbabilityEstimation(KernelDensity()),12435,0,-82.6786397848696,1,-84.2354685609778
dpctgan,ProbabilityEstimation(KernelDensity()),12435,1,-84.14303314151093,1,-84.2354685609778
dpctgan,ProbabilityEstimation(KernelDensity()),12435,0,-83.59370437177213,1,-84.2354685609778
dpctgan,ProbabilityEstimation(KernelDensity()),12435,1,-83.18676652602323,1,-84.2354685609778
dpctgan,ProbabilityEstimation(KernelDensity()),12435,0,-83.17769071140327,1,-84.2354685609778
dpctgan,ProbabilityEstimation(KernelDensity()),12435,1,-84.78072694254767,0,-84.2354685609778
dpctgan,ProbabilityEstimation(KernelDensity()),12435,0,-83.2828340038321,1,-84.2354685609778
dpctgan,ProbabilityEstimation(KernelDensity()),12435,1,-84.53797417117008,0,-84.2354685609778
dpctgan,ProbabilityEstimation(KernelDensity()),12435,0,-84.38191301397407,0,-84.2354685609778
dpctgan,ProbabilityEstimation(KernelDensity()),12435,1,-84.661691027648,0,-84.2354685609778
dpctgan,ProbabilityEstimation(KernelDensity()),12435,0,-85.51320973645363,0,-84.2354685609778
dpctgan,ProbabilityEstimation(KernelDensity()),12435,1,-84.207399365844,1,-84.2354685609778
dpctgan,ProbabilityEstimation(KernelDensity()),12435,0,-83.81297757581628,1,-84.2354685609778
dpctgan,ProbabilityEstimation(KernelDensity()),12435,1,-83.68327122762794,1,-84.2354685609778
dpctgan,ProbabilityEstimation(KernelDensity()),12435,0,-85.31990915608601,0,-84.2354685609778
dpctgan,ProbabilityEstimation(KernelDensity()),12435,1,-84.80354269916921,0,-84.2354685609778
dpctgan,ProbabilityEstimation(KernelDensity()),12435,0,-84.31304686794836,0,-84.2354685609778
dpctgan,ProbabilityEstimation(KernelDensity()),12435,1,-85.2051740247349,0,-84.2354685609778
dpctgan,ProbabilityEstimation(KernelDensity()),12435,0,-84.21409472042902,1,-84.2354685609778
dpctgan,ProbabilityEstimation(KernelDensity()),12435,1,-85.35236863385354,0,-84.2354685609778
dpctgan,ProbabilityEstimation(KernelDensity()),12435,0,-83.99398482549904,1,-84.2354685609778
dpctgan,ProbabilityEstimation(KernelDensity()),12435,1,-84.612565074173,0,-84.2354685609778
dpctgan,ProbabilityEstimation(KernelDensity()),12435,0,-84.69941956983764,0,-84.2354685609778
dpctgan,ProbabilityEstimation(KernelDensity()),12435,1,-84.21439653903867,1,-84.2354685609778
dpctgan,ProbabilityEstimation(KernelDensity()),12435,0,-83.9860418574585,1,-84.2354685609778
dpctgan,ProbabilityEstimation(KernelDensity()),12435,1,-83.90957768827937,1,-84.2354685609778
dpctgan,ProbabilityEstimation(KernelDensity()),12435,0,-83.77274186910786,1,-84.2354685609778
dpctgan,ProbabilityEstimation(KernelDensity()),12435,1,-84.16733483768118,1,-84.2354685609778
dpctgan,ProbabilityEstimation(KernelDensity()),12435,0,-84.076335918839,1,-84.2354685609778
dpctgan,ProbabilityEstimation(KernelDensity()),12435,1,-84.19825382596335,1,-84.2354685609778
dpctgan,ProbabilityEstimation(KernelDensity()),12435,0,-83.94204432315031,1,-84.2354685609778
dpctgan,ProbabilityEstimation(KernelDensity()),12435,1,-84.61956717637302,0,-84.2354685609778
dpctgan,ProbabilityEstimation(KernelDensity()),12435,0,-84.89440155381124,0,-84.2354685609778
dpctgan,ProbabilityEstimation(KernelDensity()),12435,1,-83.65858088391803,1,-84.2354685609778
dpctgan,ProbabilityEstimation(KernelDensity()),12435,0,-83.58593811945128,1,-84.2354685609778
dpctgan,ProbabilityEstimation(KernelDensity()),12435,1,-84.99811226893102,0,-84.2354685609778
dpctgan,ProbabilityEstimation(KernelDensity()),12435,0,-83.75227746708752,1,-84.2354685609778
dpctgan,ProbabilityEstimation(KernelDensity()),12435,1,-84.10529238313653,1,-84.2354685609778
dpctgan,ProbabilityEstimation(KernelDensity()),12435,0,-83.80123072925281,1,-84.2354685609778
dpctgan,ProbabilityEstimation(KernelDensity()),12435,1,-83.40526329614512,1,-84.2354685609778
dpctgan,ProbabilityEstimation(KernelDensity()),12435,0,-84.58260604434929,0,-84.2354685609778
dpctgan,ProbabilityEstimation(KernelDensity()),12435,1,-85.45058292485841,0,-84.2354685609778
dpctgan,ProbabilityEstimation(KernelDensity()),12435,0,-84.90396855750822,0,-84.2354685609778
dpctgan,ProbabilityEstimation(KernelDensity()),12435,1,-84.63875017120435,0,-84.2354685609778
dpctgan,ProbabilityEstimation(KernelDensity()),12435,0,-82.86189563508191,1,-84.2354685609778
dpctgan,ProbabilityEstimation(KernelDensity()),12435,1,-84.26645587432013,0,-84.2354685609778
dpctgan,ProbabilityEstimation(KernelDensity()),12435,0,-84.13497555037003,1,-84.2354685609778
dpctgan,ProbabilityEstimation(KernelDensity()),12435,1,-83.13728313311191,1,-84.2354685609778
dpctgan,ProbabilityEstimation(KernelDensity()),12435,0,-83.79513334900966,1,-84.2354685609778
dpctgan,ProbabilityEstimation(KernelDensity()),12435,1,-85.86700493287573,0,-84.2354685609778
dpctgan,ProbabilityEstimation(KernelDensity()),12435,0,-83.86542070030444,1,-84.2354685609778
dpctgan,ProbabilityEstimation(KernelDensity()),12435,1,-83.89536959117954,1,-84.2354685609778
dpctgan,ProbabilityEstimation(KernelDensity()),12435,0,-84.17164389891465,1,-84.2354685609778
dpctgan,ProbabilityEstimation(KernelDensity()),12435,1,-85.9491887231701,0,-84.2354685609778
dpctgan,ProbabilityEstimation(KernelDensity()),12435,0,-84.99811573077709,0,-84.2354685609778
dpctgan,ProbabilityEstimation(KernelDensity()),12435,1,-84.00831105773213,1,-84.2354685609778
dpctgan,ProbabilityEstimation(KernelDensity()),12435,0,-83.69883752325256,1,-84.2354685609778
dpctgan,ProbabilityEstimation(KernelDensity()),12435,1,-85.072390580516,0,-84.2354685609778
dpctgan,ProbabilityEstimation(KernelDensity()),12435,0,-85.246644958184,0,-84.2354685609778
dpctgan,ProbabilityEstimation(KernelDensity()),12435,1,-83.89757398380682,1,-84.2354685609778
dpctgan,ProbabilityEstimation(KernelDensity()),12435,0,-84.42778861573942,0,-84.2354685609778
dpctgan,ProbabilityEstimation(KernelDensity()),12435,1,-83.72651636844971,1,-84.2354685609778
dpctgan,ProbabilityEstimation(KernelDensity()),12435,0,-83.31570648092446,1,-84.2354685609778
dpctgan,ProbabilityEstimation(KernelDensity()),12435,1,-83.79013421985151,1,-84.2354685609778
dpctgan,ProbabilityEstimation(KernelDensity()),12435,0,-84.6498554840085,0,-84.2354685609778
dpctgan,ProbabilityEstimation(KernelDensity()),12435,1,-85.12093705424459,0,-84.2354685609778
dpctgan,ProbabilityEstimation(KernelDensity()),12435,0,-84.15458207868652,1,-84.2354685609778
dpctgan,ProbabilityEstimation(KernelDensity()),12435,1,-84.5175048233116,0,-84.2354685609778
dpctgan,ProbabilityEstimation(KernelDensity()),12435,0,-84.20569000824166,1,-84.2354685609778
dpctgan,ProbabilityEstimation(KernelDensity()),12435,1,-85.67678162952744,0,-84.2354685609778
dpctgan,ProbabilityEstimation(KernelDensity()),12435,0,-84.30269798275108,0,-84.2354685609778
dpctgan,ProbabilityEstimation(KernelDensity()),12435,1,-82.83455574778148,1,-84.2354685609778
dpctgan,ProbabilityEstimation(KernelDensity()),12435,0,-84.58378513833294,0,-84.2354685609778
dpctgan,ProbabilityEstimation(KernelDensity()),12435,1,-84.77054415207377,0,-84.2354685609778
dpctgan,ProbabilityEstimation(KernelDensity()),12435,0,-84.13828503185051,1,-84.2354685609778
dpctgan,ProbabilityEstimation(KernelDensity()),12435,1,-84.74164815430252,0,-84.2354685609778
dpctgan,ProbabilityEstimation(KernelDensity()),12435,0,-84.68954396422917,0,-84.2354685609778
dpctgan,ProbabilityEstimation(KernelDensity()),12435,1,-84.60039514153385,0,-84.2354685609778
dpctgan,ProbabilityEstimation(KernelDensity()),12435,0,-85.89149764197475,0,-84.2354685609778
dpctgan,ProbabilityEstimation(KernelDensity()),12435,1,-83.5855935580851,1,-84.2354685609778
dpctgan,ProbabilityEstimation(KernelDensity()),12435,0,-83.55172412854192,1,-84.2354685609778
dpctgan,ProbabilityEstimation(KernelDensity()),12435,1,-83.67004181304551,1,-84.2354685609778
dpctgan,ProbabilityEstimation(KernelDensity()),12435,0,-85.47518170215992,0,-84.2354685609778
dpctgan,ProbabilityEstimation(KernelDensity()),12435,1,-84.41957747693296,0,-84.2354685609778
dpctgan,ProbabilityEstimation(KernelDensity()),12435,0,-83.81826755820414,1,-84.2354685609778
dpctgan,ProbabilityEstimation(KernelDensity()),12435,1,-83.81273555260235,1,-84.2354685609778
dpctgan,ProbabilityEstimation(KernelDensity()),12435,0,-84.35350848501588,0,-84.2354685609778
dpctgan,ProbabilityEstimation(KernelDensity()),12435,1,-83.70565109140496,1,-84.2354685609778
dpctgan,ProbabilityEstimation(KernelDensity()),12435,0,-83.09960086250076,1,-84.2354685609778
dpctgan,ProbabilityEstimation(KernelDensity()),12435,1,-83.74785320154182,1,-84.2354685609778
dpctgan,ProbabilityEstimation(KernelDensity()),12435,0,-84.4476786272567,0,-84.2354685609778
dpctgan,ProbabilityEstimation(KernelDensity()),12435,1,-84.27270931070376,0,-84.2354685609778
dpctgan,ProbabilityEstimation(KernelDensity()),12435,0,-83.5161808459986,1,-84.2354685609778
dpctgan,ProbabilityEstimation(KernelDensity()),12435,1,-84.01897848745492,1,-84.2354685609778
dpctgan,ProbabilityEstimation(KernelDensity()),12435,0,-84.8105267578806,0,-84.2354685609778
dpctgan,ProbabilityEstimation(KernelDensity()),12435,1,-83.23695375442162,1,-84.2354685609778
dpctgan,ProbabilityEstimation(KernelDensity()),12435,0,-84.37250415750647,0,-84.2354685609778
dpctgan,ProbabilityEstimation(KernelDensity()),12435,1,-83.6730021330751,1,-84.2354685609778
dpctgan,ProbabilityEstimation(KernelDensity()),12435,0,-83.29937708999182,1,-84.2354685609778
dpctgan,ProbabilityEstimation(KernelDensity()),12435,1,-84.56565422245453,0,-84.2354685609778
dpctgan,ProbabilityEstimation(KernelDensity()),12435,0,-83.41592481435467,1,-84.2354685609778
dpctgan,ProbabilityEstimation(KernelDensity()),12435,1,-83.94076473407974,1,-84.2354685609778
dpctgan,ProbabilityEstimation(KernelDensity()),12435,0,-83.88442045668955,1,-84.2354685609778
dpctgan,ProbabilityEstimation(KernelDensity()),12435,1,-85.48585638994876,0,-84.2354685609778
dpctgan,ProbabilityEstimation(KernelDensity()),12435,0,-83.31636001173513,1,-84.2354685609778
dpctgan,ProbabilityEstimation(KernelDensity()),12435,1,-84.53201394481219,0,-84.2354685609778
dpctgan,ProbabilityEstimation(KernelDensity()),12435,0,-84.18385815807564,1,-84.2354685609778
dpctgan,ProbabilityEstimation(KernelDensity()),12435,1,-84.6424442761144,0,-84.2354685609778
dpctgan,ProbabilityEstimation(KernelDensity()),12435,0,-84.1111563638287,1,-84.2354685609778
dpctgan,ProbabilityEstimation(KernelDensity()),12435,1,-84.80525952902005,0,-84.2354685609778
dpctgan,ProbabilityEstimation(KernelDensity()),12435,0,-83.83407135863538,1,-84.2354685609778
dpctgan,ProbabilityEstimation(KernelDensity()),12435,1,-85.76473881207615,0,-84.2354685609778
dpctgan,ProbabilityEstimation(KernelDensity()),12435,0,-84.26607114271145,0,-84.2354685609778
dpctgan,ProbabilityEstimation(KernelDensity()),12435,1,-83.23945570419208,1,-84.2354685609778
dpctgan,ProbabilityEstimation(KernelDensity()),12435,0,-84.28281613229305,0,-84.2354685609778
dpctgan,ProbabilityEstimation(KernelDensity()),12435,1,-84.57038752712639,0,-84.2354685609778
dpctgan,ProbabilityEstimation(KernelDensity()),12435,0,-84.77365220317704,0,-84.2354685609778
dpctgan,ProbabilityEstimation(KernelDensity()),12435,1,-84.086992674799,1,-84.2354685609778
dpctgan,ProbabilityEstimation(KernelDensity()),12435,0,-83.4831669767043,1,-84.2354685609778
dpctgan,ProbabilityEstimation(KernelDensity()),12435,1,-84.40554014209626,0,-84.2354685609778
dpctgan,ProbabilityEstimation(KernelDensity()),12435,0,-85.75572660925211,0,-84.2354685609778
dpctgan,ProbabilityEstimation(KernelDensity()),12435,1,-83.20703886666016,1,-84.2354685609778
dpctgan,ProbabilityEstimation(KernelDensity()),12435,0,-84.99788908543775,0,-84.2354685609778
dpctgan,ProbabilityEstimation(KernelDensity()),12435,1,-83.98785427458827,1,-84.2354685609778
dpctgan,ProbabilityEstimation(KernelDensity()),12435,0,-85.51704190506072,0,-84.2354685609778
dpctgan,ProbabilityEstimation(KernelDensity()),12435,1,-84.98848384136367,0,-84.2354685609778
dpctgan,ProbabilityEstimation(KernelDensity()),12435,0,-85.42398475972635,0,-84.2354685609778
dpctgan,ProbabilityEstimation(KernelDensity()),12435,1,-83.86190937487511,1,-84.2354685609778
dpctgan,ProbabilityEstimation(KernelDensity()),12435,0,-83.92335991166358,1,-84.2354685609778
dpctgan,ProbabilityEstimation(KernelDensity()),12435,1,-85.08979650563919,0,-84.2354685609778
dpctgan,ProbabilityEstimation(KernelDensity()),12435,0,-84.57054012869693,0,-84.2354685609778
dpctgan,ProbabilityEstimation(KernelDensity()),12435,1,-83.47252449449476,1,-84.2354685609778
dpctgan,ProbabilityEstimation(KernelDensity()),12435,0,-85.43323194527436,0,-84.2354685609778
dpctgan,ProbabilityEstimation(KernelDensity()),12435,1,-86.29247787669716,0,-84.2354685609778
dpctgan,ProbabilityEstimation(KernelDensity()),12435,0,-83.43800958253233,1,-84.2354685609778
dpctgan,ProbabilityEstimation(KernelDensity()),12435,1,-85.24092220780183,0,-84.2354685609778
dpctgan,ProbabilityEstimation(KernelDensity()),12435,0,-85.6127670588439,0,-84.2354685609778
dpctgan,ProbabilityEstimation(KernelDensity()),12435,1,-85.00658598933215,0,-84.2354685609778
dpctgan,ProbabilityEstimation(KernelDensity()),12435,0,-83.15389265964097,1,-84.2354685609778
dpctgan,ProbabilityEstimation(KernelDensity()),12435,1,-84.7079676644704,0,-84.2354685609778
dpctgan,ProbabilityEstimation(KernelDensity()),12435,0,-84.41573080052409,0,-84.2354685609778
dpctgan,ProbabilityEstimation(KernelDensity()),12435,1,-84.9396227768894,0,-84.2354685609778
dpctgan,ProbabilityEstimation(KernelDensity()),12435,0,-84.89421851953414,0,-84.2354685609778
dpctgan,ProbabilityEstimation(KernelDensity()),12435,1,-85.42923681208487,0,-84.2354685609778
dpctgan,ProbabilityEstimation(KernelDensity()),12435,0,-83.76067185076896,1,-84.2354685609778
dpctgan,ProbabilityEstimation(KernelDensity()),12435,1,-84.64471955599434,0,-84.2354685609778
dpctgan,ProbabilityEstimation(KernelDensity()),12435,0,-84.82544395248757,0,-84.2354685609778
dpctgan,ProbabilityEstimation(KernelDensity()),12435,1,-85.06133085593441,0,-84.2354685609778
dpctgan,ProbabilityEstimation(KernelDensity()),12435,0,-83.49299865789355,1,-84.2354685609778
dpctgan,ProbabilityEstimation(KernelDensity()),12435,1,-86.34415598427702,0,-84.2354685609778
dpctgan,ProbabilityEstimation(KernelDensity()),12435,0,-85.15092895530088,0,-84.2354685609778
dpctgan,ProbabilityEstimation(KernelDensity()),12435,1,-84.6890404231487,0,-84.2354685609778
dpctgan,ProbabilityEstimation(KernelDensity()),12435,0,-83.33562715209564,1,-84.2354685609778
dpctgan,ProbabilityEstimation(KernelDensity()),12435,1,-85.39069498473728,0,-84.2354685609778
dpctgan,ProbabilityEstimation(KernelDensity()),12435,0,-85.77185951075747,0,-84.2354685609778
dpctgan,ProbabilityEstimation(KernelDensity()),12435,1,-83.37992464102918,1,-84.2354685609778
dpctgan,ProbabilityEstimation(KernelDensity()),12435,0,-84.7487867460473,0,-84.2354685609778
dpctgan,ProbabilityEstimation(KernelDensity()),12435,1,-84.42441255652598,0,-84.2354685609778
dpctgan,ProbabilityEstimation(KernelDensity()),12435,0,-83.74945573271532,1,-84.2354685609778
dpctgan,ProbabilityEstimation(KernelDensity()),12435,1,-82.90633960067589,1,-84.2354685609778
dpctgan,ProbabilityEstimation(KernelDensity()),12435,0,-84.85938740359981,0,-84.2354685609778
dpctgan,ProbabilityEstimation(KernelDensity()),12435,1,-83.66596442283819,1,-84.2354685609778
dpctgan,ProbabilityEstimation(KernelDensity()),12435,0,-83.48677391306136,1,-84.2354685609778
dpctgan,ProbabilityEstimation(KernelDensity()),12435,1,-84.59033249074689,0,-84.2354685609778
dpctgan,ProbabilityEstimation(KernelDensity()),12435,0,-83.7389898220496,1,-84.2354685609778
dpctgan,ProbabilityEstimation(KernelDensity()),12435,1,-83.58878908511099,1,-84.2354685609778
dpctgan,ProbabilityEstimation(KernelDensity()),12435,0,-83.76069573809332,1,-84.2354685609778
dpctgan,ProbabilityEstimation(KernelDensity()),12435,1,-84.78367235828833,0,-84.2354685609778
dpctgan,ProbabilityEstimation(KernelDensity()),12435,0,-84.42726773510543,0,-84.2354685609778
dpctgan,ProbabilityEstimation(KernelDensity()),12435,1,-84.14032058177874,1,-84.2354685609778
dpctgan,ProbabilityEstimation(KernelDensity()),12435,0,-84.4304568875858,0,-84.2354685609778
dpctgan,ProbabilityEstimation(KernelDensity()),12435,1,-84.16842163590361,1,-84.2354685609778
dpctgan,ProbabilityEstimation(KernelDensity()),12435,0,-83.75684814669472,1,-84.2354685609778
dpctgan,ProbabilityEstimation(KernelDensity()),12435,1,-84.31340586455815,0,-84.2354685609778
dpctgan,ProbabilityEstimation(KernelDensity()),12435,0,-83.78197100798502,1,-84.2354685609778
dpctgan,ProbabilityEstimation(KernelDensity()),12435,1,-86.48276701605221,0,-84.2354685609778
dpctgan,ProbabilityEstimation(KernelDensity()),12435,0,-85.32628800445403,0,-84.2354685609778
dpctgan,ProbabilityEstimation(KernelDensity()),12435,1,-84.52140426760913,0,-84.2354685609778
dpctgan,ProbabilityEstimation(KernelDensity()),12435,0,-84.16688397706088,1,-84.2354685609778
dpctgan,ProbabilityEstimation(KernelDensity()),12435,1,-83.70302974873911,1,-84.2354685609778
dpctgan,ProbabilityEstimation(KernelDensity()),12435,0,-84.33711620900189,0,-84.2354685609778
dpctgan,ProbabilityEstimation(KernelDensity()),12435,1,-85.05985855405918,0,-84.2354685609778
dpctgan,ProbabilityEstimation(KernelDensity()),12435,0,-83.99701114678358,1,-84.2354685609778
dpctgan,ProbabilityEstimation(KernelDensity()),12435,1,-83.30820407684804,1,-84.2354685609778
dpctgan,ProbabilityEstimation(KernelDensity()),12435,0,-85.4263695628884,0,-84.2354685609778
dpctgan,ProbabilityEstimation(KernelDensity()),12435,1,-83.9403325160565,1,-84.2354685609778
dpctgan,ProbabilityEstimation(KernelDensity()),12435,0,-83.8788315982664,1,-84.2354685609778
dpctgan,ProbabilityEstimation(KernelDensity()),12435,1,-84.26066573147378,0,-84.2354685609778
dpctgan,ProbabilityEstimation(KernelDensity()),12435,0,-84.99387541613808,0,-84.2354685609778
dpctgan,ProbabilityEstimation(KernelDensity()),12435,1,-85.01737455267465,0,-84.2354685609778
dpctgan,ProbabilityEstimation(KernelDensity()),12435,0,-84.99456632684604,0,-84.2354685609778
dpctgan,ProbabilityEstimation(KernelDensity()),12435,1,-84.76153029230179,0,-84.2354685609778
dpctgan,ProbabilityEstimation(KernelDensity()),12435,0,-83.63597563304366,1,-84.2354685609778
dpctgan,ProbabilityEstimation(KernelDensity()),12435,1,-84.75333359815744,0,-84.2354685609778
dpctgan,ProbabilityEstimation(KernelDensity()),12435,0,-84.80603334720045,0,-84.2354685609778
dpctgan,ProbabilityEstimation(KernelDensity()),12435,1,-84.05958090342978,1,-84.2354685609778
dpctgan,ProbabilityEstimation(KernelDensity()),12435,0,-82.89748171004956,1,-84.2354685609778
dpctgan,ProbabilityEstimation(KernelDensity()),12435,1,-83.63067286362971,1,-84.2354685609778
dpctgan,ProbabilityEstimation(KernelDensity()),12435,0,-83.71709304525098,1,-84.2354685609778
dpctgan,ProbabilityEstimation(KernelDensity()),12435,1,-85.35729758281235,0,-84.2354685609778
dpctgan,ProbabilityEstimation(KernelDensity()),12435,0,-85.1075505611781,0,-84.2354685609778
dpctgan,ProbabilityEstimation(KernelDensity()),12435,1,-83.83753190078465,1,-84.2354685609778
dpctgan,ProbabilityEstimation(KernelDensity()),12435,0,-82.97494075106059,1,-84.2354685609778
dpctgan,ProbabilityEstimation(KernelDensity()),12435,1,-84.32539585050291,0,-84.2354685609778
dpctgan,ProbabilityEstimation(KernelDensity()),12435,0,-85.22020955120635,0,-84.2354685609778
dpctgan,ProbabilityEstimation(KernelDensity()),12435,1,-84.71933220374275,0,-84.2354685609778
dpctgan,ProbabilityEstimation(KernelDensity()),12435,0,-83.65075189379009,1,-84.2354685609778
dpctgan,ProbabilityEstimation(KernelDensity()),12435,1,-83.90596843822743,1,-84.2354685609778
dpctgan,ProbabilityEstimation(KernelDensity()),12435,0,-84.67283373429161,0,-84.2354685609778
dpctgan,ProbabilityEstimation(KernelDensity()),12435,1,-83.69573015504687,1,-84.2354685609778
dpctgan,ProbabilityEstimation(KernelDensity()),12435,0,-84.11728947217281,1,-84.2354685609778
dpctgan,ProbabilityEstimation(KernelDensity()),12435,1,-83.82518702065407,1,-84.2354685609778
dpctgan,ProbabilityEstimation(KernelDensity()),12435,0,-83.94032302728894,1,-84.2354685609778
dpctgan,ProbabilityEstimation(KernelDensity()),12435,1,-85.01624566219118,0,-84.2354685609778
dpctgan,ProbabilityEstimation(KernelDensity()),12435,0,-84.89647861657097,0,-84.2354685609778
dpctgan,ProbabilityEstimation(KernelDensity()),12435,1,-84.54959019132824,0,-84.2354685609778
dpctgan,ProbabilityEstimation(KernelDensity()),12435,0,-83.6989242657341,1,-84.2354685609778
dpctgan,ProbabilityEstimation(KernelDensity()),12435,1,-85.6878033619643,0,-84.2354685609778
dpctgan,ProbabilityEstimation(KernelDensity()),12435,0,-84.19576679954997,1,-84.2354685609778
dpctgan,ProbabilityEstimation(KernelDensity()),12435,1,-84.15770931823535,1,-84.2354685609778
dpctgan,ProbabilityEstimation(KernelDensity()),12435,0,-83.84204933597442,1,-84.2354685609778
dpctgan,ProbabilityEstimation(KernelDensity()),12435,1,-84.8107696928283,0,-84.2354685609778
dpctgan,ProbabilityEstimation(KernelDensity()),12435,0,-84.28709971611315,0,-84.2354685609778
dpctgan,ProbabilityEstimation(KernelDensity()),12435,1,-84.67826433589624,0,-84.2354685609778
dpctgan,ProbabilityEstimation(KernelDensity()),12435,0,-84.93515721451746,0,-84.2354685609778
dpctgan,ProbabilityEstimation(KernelDensity()),12435,1,-83.74806296281315,1,-84.2354685609778
dpctgan,ProbabilityEstimation(KernelDensity()),12435,0,-85.05713347198282,0,-84.2354685609778
dpctgan,ProbabilityEstimation(KernelDensity()),12435,1,-83.84188855980932,1,-84.2354685609778
dpctgan,ProbabilityEstimation(KernelDensity()),12435,0,-84.45181252322269,0,-84.2354685609778
dpctgan,ProbabilityEstimation(KernelDensity()),12435,1,-83.5748254572378,1,-84.2354685609778
dpctgan,ProbabilityEstimation(KernelDensity()),12435,0,-84.14517955903445,1,-84.2354685609778
dpctgan,ProbabilityEstimation(KernelDensity()),12435,1,-85.64355243665851,0,-84.2354685609778
dpctgan,ProbabilityEstimation(KernelDensity()),12435,0,-84.78009590495391,0,-84.2354685609778
dpctgan,ProbabilityEstimation(KernelDensity()),12435,1,-84.81519652070585,0,-84.2354685609778
dpctgan,ProbabilityEstimation(KernelDensity()),12435,0,-84.45484964082438,0,-84.2354685609778
dpctgan,ProbabilityEstimation(KernelDensity()),12435,1,-84.29314495860258,0,-84.2354685609778
dpctgan,ProbabilityEstimation(KernelDensity()),12435,0,-85.13869826168136,0,-84.2354685609778
dpctgan,ProbabilityEstimation(KernelDensity()),12435,1,-84.8502954803562,0,-84.2354685609778
dpctgan,ProbabilityEstimation(KernelDensity()),12435,0,-83.05976758131943,1,-84.2354685609778
dpctgan,ProbabilityEstimation(KernelDensity()),12435,1,-85.4259833076872,0,-84.2354685609778
dpctgan,ProbabilityEstimation(KernelDensity()),12435,0,-84.88440424053364,0,-84.2354685609778
dpctgan,ProbabilityEstimation(KernelDensity()),12435,1,-85.48061024090143,0,-84.2354685609778
dpctgan,ProbabilityEstimation(KernelDensity()),12435,0,-84.36221077618625,0,-84.2354685609778
dpctgan,ProbabilityEstimation(KernelDensity()),12435,1,-84.66871711240088,0,-84.2354685609778
dpctgan,ProbabilityEstimation(KernelDensity()),12435,0,-85.85347846996959,0,-84.2354685609778
dpctgan,ProbabilityEstimation(KernelDensity()),12435,1,-84.33227488105648,0,-84.2354685609778
dpctgan,ProbabilityEstimation(KernelDensity()),12435,0,-84.31449225961589,0,-84.2354685609778
dpctgan,ProbabilityEstimation(KernelDensity()),12435,1,-84.11634309957496,1,-84.2354685609778
dpctgan,ProbabilityEstimation(KernelDensity()),12435,0,-84.9014665972136,0,-84.2354685609778
dpctgan,ProbabilityEstimation(KernelDensity()),12435,1,-83.90838233475499,1,-84.2354685609778
dpctgan,ProbabilityEstimation(KernelDensity()),12435,0,-85.64392079972659,0,-84.2354685609778
dpctgan,ProbabilityEstimation(KernelDensity()),12435,1,-85.46598033267506,0,-84.2354685609778
dpctgan,ProbabilityEstimation(KernelDensity()),12435,0,-83.19767294502572,1,-84.2354685609778
dpctgan,ProbabilityEstimation(KernelDensity()),12435,1,-85.22673788784974,0,-84.2354685609778
dpctgan,ProbabilityEstimation(KernelDensity()),12435,0,-85.03124305713992,0,-84.2354685609778
dpctgan,ProbabilityEstimation(KernelDensity()),12435,1,-84.64703033685522,0,-84.2354685609778
dpctgan,ProbabilityEstimation(KernelDensity()),12435,0,-84.37994098302687,0,-84.2354685609778
dpctgan,ProbabilityEstimation(KernelDensity()),12435,1,-84.59005846002755,0,-84.2354685609778
dpctgan,ProbabilityEstimation(KernelDensity()),12435,0,-83.84812791473696,1,-84.2354685609778
dpctgan,ProbabilityEstimation(KernelDensity()),12435,1,-84.50634032339714,0,-84.2354685609778
dpctgan,ProbabilityEstimation(KernelDensity()),12435,0,-83.26982205475673,1,-84.2354685609778
dpctgan,ProbabilityEstimation(KernelDensity()),12435,1,-85.20412969241814,0,-84.2354685609778
dpctgan,ProbabilityEstimation(KernelDensity()),12435,0,-84.40861337438157,0,-84.2354685609778
dpctgan,ProbabilityEstimation(KernelDensity()),12435,1,-85.71980752610486,0,-84.2354685609778
dpctgan,ProbabilityEstimation(KernelDensity()),12435,0,-84.08566444423134,1,-84.2354685609778
dpctgan,ProbabilityEstimation(KernelDensity()),12435,1,-84.73775589306155,0,-84.2354685609778
dpctgan,ProbabilityEstimation(KernelDensity()),12435,0,-85.50374059597777,0,-84.2354685609778
dpctgan,ProbabilityEstimation(KernelDensity()),12435,1,-84.96684081518386,0,-84.2354685609778
dpctgan,ProbabilityEstimation(KernelDensity()),12435,0,-85.41562691111228,0,-84.2354685609778
dpctgan,ProbabilityEstimation(KernelDensity()),12435,1,-84.35896560232018,0,-84.2354685609778
dpctgan,ProbabilityEstimation(KernelDensity()),12435,0,-83.65593593428666,1,-84.2354685609778
dpctgan,ProbabilityEstimation(KernelDensity()),12435,1,-84.90655496387589,0,-84.2354685609778
dpctgan,ProbabilityEstimation(KernelDensity()),12435,0,-83.38653465179716,1,-84.2354685609778
dpctgan,ProbabilityEstimation(KernelDensity()),12435,1,-84.19214700210416,1,-84.2354685609778
dpctgan,ProbabilityEstimation(KernelDensity()),12435,0,-84.37609476646658,0,-84.2354685609778
dpctgan,ProbabilityEstimation(KernelDensity()),12435,1,-83.98461644713282,1,-84.2354685609778
dpctgan,ProbabilityEstimation(KernelDensity()),12435,0,-85.53053323732976,0,-84.2354685609778
dpctgan,ProbabilityEstimation(KernelDensity()),12435,1,-85.45094864445493,0,-84.2354685609778
dpctgan,ProbabilityEstimation(KernelDensity()),12435,0,-84.95846830880356,0,-84.2354685609778
dpctgan,ProbabilityEstimation(KernelDensity()),12435,1,-85.3194740443733,0,-84.2354685609778
dpctgan,ProbabilityEstimation(KernelDensity()),12435,0,-83.62392741582637,1,-84.2354685609778
dpctgan,ProbabilityEstimation(KernelDensity()),12435,1,-83.90281509928697,1,-84.2354685609778
dpctgan,ProbabilityEstimation(KernelDensity()),12435,0,-83.5266855110625,1,-84.2354685609778
dpctgan,ProbabilityEstimation(KernelDensity()),12435,1,-83.80588407742395,1,-84.2354685609778
dpctgan,ProbabilityEstimation(KernelDensity()),12435,0,-85.61418728029443,0,-84.2354685609778
dpctgan,ProbabilityEstimation(KernelDensity()),12435,1,-84.59064509513291,0,-84.2354685609778
dpctgan,ProbabilityEstimation(KernelDensity()),12435,0,-85.52409654800262,0,-84.2354685609778
dpctgan,ProbabilityEstimation(KernelDensity()),12435,1,-84.01017987411474,1,-84.2354685609778
dpctgan,ProbabilityEstimation(KernelDensity()),12435,0,-83.69998680107709,1,-84.2354685609778
dpctgan,ProbabilityEstimation(KernelDensity()),12435,1,-84.51048167973977,0,-84.2354685609778
dpctgan,ProbabilityEstimation(KernelDensity()),12435,0,-83.84718843370605,1,-84.2354685609778
dpctgan,ProbabilityEstimation(KernelDensity()),12435,1,-83.60497112783577,1,-84.2354685609778
dpctgan,ProbabilityEstimation(KernelDensity()),12435,0,-84.4635044552176,0,-84.2354685609778
dpctgan,ProbabilityEstimation(KernelDensity()),12435,1,-84.76006531331656,0,-84.2354685609778
dpctgan,ProbabilityEstimation(KernelDensity()),12435,0,-83.10701169050573,1,-84.2354685609778
dpctgan,ProbabilityEstimation(KernelDensity()),12435,1,-83.95600877674468,1,-84.2354685609778
dpctgan,ProbabilityEstimation(KernelDensity()),12435,0,-84.71889595559064,0,-84.2354685609778
dpctgan,ProbabilityEstimation(KernelDensity()),12435,1,-85.02842389026105,0,-84.2354685609778
dpctgan,ProbabilityEstimation(KernelDensity()),12435,0,-84.16015344885591,1,-84.2354685609778
dpctgan,ProbabilityEstimation(KernelDensity()),12435,1,-85.70541923357437,0,-84.2354685609778
dpctgan,ProbabilityEstimation(KernelDensity()),12435,0,-85.2367813390993,0,-84.2354685609778
dpctgan,ProbabilityEstimation(KernelDensity()),12435,1,-86.05473429290227,0,-84.2354685609778
dpctgan,ProbabilityEstimation(KernelDensity()),12435,0,-84.92479015332421,0,-84.2354685609778
dpctgan,ProbabilityEstimation(KernelDensity()),12435,1,-84.91407500922888,0,-84.2354685609778
dpctgan,ProbabilityEstimation(KernelDensity()),12435,0,-84.06624580486734,1,-84.2354685609778
dpctgan,ProbabilityEstimation(KernelDensity()),12435,1,-84.15874548981799,1,-84.2354685609778
dpctgan,ProbabilityEstimation(KernelDensity()),12435,0,-85.30551093869829,0,-84.2354685609778
dpctgan,ProbabilityEstimation(KernelDensity()),12435,1,-84.03332413589324,1,-84.2354685609778
dpctgan,ProbabilityEstimation(KernelDensity()),12435,0,-84.53013694884751,0,-84.2354685609778
dpctgan,ProbabilityEstimation(KernelDensity()),12435,1,-83.09253697935263,1,-84.2354685609778
dpctgan,ProbabilityEstimation(KernelDensity()),12435,0,-83.85100176734369,1,-84.2354685609778
dpctgan,ProbabilityEstimation(KernelDensity()),12435,1,-85.2109015331935,0,-84.2354685609778
dpctgan,ProbabilityEstimation(KernelDensity()),12435,0,-85.07804534885125,0,-84.2354685609778
dpctgan,ProbabilityEstimation(KernelDensity()),12435,1,-84.48381727999116,0,-84.2354685609778
dpctgan,ProbabilityEstimation(KernelDensity()),12435,0,-85.56210079700945,0,-84.2354685609778
dpctgan,ProbabilityEstimation(KernelDensity()),12435,1,-85.59733310526846,0,-84.2354685609778
dpctgan,ProbabilityEstimation(KernelDensity()),12435,0,-84.31566784637744,0,-84.2354685609778
dpctgan,ProbabilityEstimation(KernelDensity()),12435,1,-84.61059850608949,0,-84.2354685609778
dpctgan,ProbabilityEstimation(KernelDensity()),12435,0,-84.0165024950289,1,-84.2354685609778
dpctgan,ProbabilityEstimation(KernelDensity()),12435,1,-84.26549836885837,0,-84.2354685609778
dpctgan,ProbabilityEstimation(KernelDensity()),12435,0,-84.48026950695677,0,-84.2354685609778
dpctgan,ProbabilityEstimation(KernelDensity()),12435,1,-83.72902579109463,1,-84.2354685609778
dpctgan,ProbabilityEstimation(KernelDensity()),12435,0,-83.53643811912815,1,-84.2354685609778
dpctgan,ProbabilityEstimation(KernelDensity()),12435,1,-85.48922016086644,0,-84.2354685609778
dpctgan,ProbabilityEstimation(KernelDensity()),12435,0,-84.19243188785994,1,-84.2354685609778
dpctgan,ProbabilityEstimation(KernelDensity()),12435,1,-84.87485112016641,0,-84.2354685609778
dpctgan,ProbabilityEstimation(KernelDensity()),12435,0,-84.6803243714347,0,-84.2354685609778
dpctgan,ProbabilityEstimation(KernelDensity()),12435,1,-83.63141914072577,1,-84.2354685609778
dpctgan,ProbabilityEstimation(KernelDensity()),12435,0,-84.45278709445945,0,-84.2354685609778
dpctgan,ProbabilityEstimation(KernelDensity()),12435,1,-84.55877962930867,0,-84.2354685609778
dpctgan,ProbabilityEstimation(KernelDensity()),12435,0,-85.08464021657751,0,-84.2354685609778
dpctgan,ProbabilityEstimation(KernelDensity()),12435,1,-85.84794538251826,0,-84.2354685609778
dpctgan,ProbabilityEstimation(KernelDensity()),12435,0,-85.00836864731257,0,-84.2354685609778
dpctgan,ProbabilityEstimation(KernelDensity()),12435,1,-84.98376571789386,0,-84.2354685609778
dpctgan,ProbabilityEstimation(KernelDensity()),12435,0,-84.68099941149507,0,-84.2354685609778
dpctgan,ProbabilityEstimation(KernelDensity()),12435,1,-83.28968050330538,1,-84.2354685609778
dpctgan,ProbabilityEstimation(KernelDensity()),12435,0,-84.33466839877273,0,-84.2354685609778
dpctgan,ProbabilityEstimation(KernelDensity()),12435,1,-83.88248948878696,1,-84.2354685609778
dpctgan,ProbabilityEstimation(KernelDensity()),12435,0,-84.19538179837006,1,-84.2354685609778
dpctgan,ProbabilityEstimation(KernelDensity()),12435,1,-83.2826951010727,1,-84.2354685609778
dpctgan,ProbabilityEstimation(KernelDensity()),12435,0,-84.43700505434145,0,-84.2354685609778
dpctgan,ProbabilityEstimation(KernelDensity()),12435,1,-85.52271806832348,0,-84.2354685609778
dpctgan,ProbabilityEstimation(KernelDensity()),12435,0,-84.0570690398263,1,-84.2354685609778
dpctgan,ProbabilityEstimation(KernelDensity()),12435,1,-84.7235146332513,0,-84.2354685609778
dpctgan,ProbabilityEstimation(KernelDensity()),12435,0,-84.07672043301152,1,-84.2354685609778
dpctgan,ProbabilityEstimation(KernelDensity()),12435,1,-85.1551097316534,0,-84.2354685609778
dpctgan,ProbabilityEstimation(KernelDensity()),12435,0,-84.38729153895326,0,-84.2354685609778
dpctgan,ProbabilityEstimation(KernelDensity()),12435,1,-85.45193323160558,0,-84.2354685609778
dpctgan,ProbabilityEstimation(KernelDensity()),12435,0,-85.6774670919215,0,-84.2354685609778
dpctgan,ProbabilityEstimation(KernelDensity()),12435,1,-84.9562641587272,0,-84.2354685609778
dpctgan,ProbabilityEstimation(KernelDensity()),12435,0,-84.9261034236266,0,-84.2354685609778
dpctgan,ProbabilityEstimation(KernelDensity()),12435,1,-83.49783588708864,1,-84.2354685609778
dpctgan,ProbabilityEstimation(KernelDensity()),12435,0,-83.96304267717002,1,-84.2354685609778
dpctgan,ProbabilityEstimation(KernelDensity()),12435,1,-83.9033724683271,1,-84.2354685609778
dpctgan,ProbabilityEstimation(KernelDensity()),12435,0,-84.16670254719479,1,-84.2354685609778
dpctgan,ProbabilityEstimation(KernelDensity()),12435,1,-83.83584542963857,1,-84.2354685609778
dpctgan,ProbabilityEstimation(KernelDensity()),12435,0,-85.02640184558807,0,-84.2354685609778
dpctgan,ProbabilityEstimation(KernelDensity()),12435,1,-85.79312969552807,0,-84.2354685609778
dpctgan,ProbabilityEstimation(KernelDensity()),12435,0,-84.89529081846466,0,-84.2354685609778
dpctgan,ProbabilityEstimation(KernelDensity()),12435,1,-83.34912711233439,1,-84.2354685609778
dpctgan,ProbabilityEstimation(KernelDensity()),12435,0,-83.16956827841744,1,-84.2354685609778
dpctgan,ProbabilityEstimation(KernelDensity()),12435,1,-85.26414314797282,0,-84.2354685609778
dpctgan,ProbabilityEstimation(KernelDensity()),12435,0,-85.32853531499406,0,-84.2354685609778
dpctgan,ProbabilityEstimation(KernelDensity()),12435,1,-84.98363567417618,0,-84.2354685609778
dpctgan,ProbabilityEstimation(KernelDensity()),12435,0,-84.34046128772702,0,-84.2354685609778
dpctgan,ProbabilityEstimation(KernelDensity()),12435,1,-84.76098275175055,0,-84.2354685609778
dpctgan,ProbabilityEstimation(KernelDensity()),12435,0,-85.68912765141341,0,-84.2354685609778
dpctgan,ProbabilityEstimation(KernelDensity()),12435,1,-84.32286827412815,0,-84.2354685609778
dpctgan,ProbabilityEstimation(KernelDensity()),12435,0,-84.29869955634642,0,-84.2354685609778
dpctgan,ProbabilityEstimation(KernelDensity()),12435,1,-83.76948450517918,1,-84.2354685609778
dpctgan,ProbabilityEstimation(KernelDensity()),12435,0,-84.33600369321499,0,-84.2354685609778
dpctgan,ProbabilityEstimation(KernelDensity()),12435,1,-83.47935276366616,1,-84.2354685609778
dpctgan,ProbabilityEstimation(KernelDensity()),12435,0,-84.50768318156308,0,-84.2354685609778
dpctgan,ProbabilityEstimation(KernelDensity()),12435,1,-83.55246162734326,1,-84.2354685609778
dpctgan,ProbabilityEstimation(KernelDensity()),12435,0,-83.7320023468223,1,-84.2354685609778
dpctgan,ProbabilityEstimation(KernelDensity()),12435,1,-84.84620139398436,0,-84.2354685609778
dpctgan,ProbabilityEstimation(KernelDensity()),12435,0,-84.6337578162987,0,-84.2354685609778
dpctgan,ProbabilityEstimation(KernelDensity()),12435,1,-85.99657053234075,0,-84.2354685609778
dpctgan,ProbabilityEstimation(KernelDensity()),12435,0,-84.81805607165495,0,-84.2354685609778
dpctgan,ProbabilityEstimation(KernelDensity()),12435,1,-83.61697333175832,1,-84.2354685609778
dpctgan,ProbabilityEstimation(KernelDensity()),12435,0,-84.76351940416437,0,-84.2354685609778
dpctgan,ProbabilityEstimation(KernelDensity()),12435,1,-84.23570731526806,0,-84.2354685609778
dpctgan,ProbabilityEstimation(KernelDensity()),12435,0,-83.7575076962155,1,-84.2354685609778
dpctgan,ProbabilityEstimation(KernelDensity()),12435,1,-84.50375123508596,0,-84.2354685609778
dpctgan,ProbabilityEstimation(KernelDensity()),12435,0,-83.65675566243394,1,-84.2354685609778
dpctgan,ProbabilityEstimation(KernelDensity()),12435,1,-85.91165118622779,0,-84.2354685609778
dpctgan,ProbabilityEstimation(KernelDensity()),12435,0,-84.3938203920286,0,-84.2354685609778
dpctgan,ProbabilityEstimation(KernelDensity()),12435,1,-83.68703801333353,1,-84.2354685609778
dpctgan,ProbabilityEstimation(KernelDensity()),12435,0,-83.94776587963378,1,-84.2354685609778
dpctgan,ProbabilityEstimation(KernelDensity()),12435,1,-83.46340151934731,1,-84.2354685609778
dpctgan,ProbabilityEstimation(KernelDensity()),12435,0,-84.94020983572196,0,-84.2354685609778
dpctgan,ProbabilityEstimation(KernelDensity()),12435,1,-85.05166880209217,0,-84.2354685609778
dpctgan,ProbabilityEstimation(KernelDensity()),12435,0,-86.12100917870822,0,-84.2354685609778
dpctgan,ProbabilityEstimation(KernelDensity()),12435,1,-84.1174997056725,1,-84.2354685609778
dpctgan,ProbabilityEstimation(KernelDensity()),12435,0,-84.15706909412351,1,-84.2354685609778
dpctgan,ProbabilityEstimation(KernelDensity()),12435,1,-83.62431187451313,1,-84.2354685609778
dpctgan,ProbabilityEstimation(KernelDensity()),12435,0,-84.24352719449173,0,-84.2354685609778
dpctgan,ProbabilityEstimation(KernelDensity()),12435,1,-83.603163576921,1,-84.2354685609778
dpctgan,ProbabilityEstimation(KernelDensity()),12435,0,-83.8237366043372,1,-84.2354685609778
dpctgan,ProbabilityEstimation(KernelDensity()),12435,1,-84.53987323634163,0,-84.2354685609778
dpctgan,ProbabilityEstimation(KernelDensity()),12435,0,-84.98932426158088,0,-84.2354685609778
dpctgan,ProbabilityEstimation(KernelDensity()),12435,1,-85.07293016528516,0,-84.2354685609778
dpctgan,ProbabilityEstimation(KernelDensity()),12435,0,-83.99768413190029,1,-84.2354685609778
dpctgan,ProbabilityEstimation(KernelDensity()),12435,1,-84.16376764392324,1,-84.2354685609778
dpctgan,ProbabilityEstimation(KernelDensity()),12435,0,-83.96164162197336,1,-84.2354685609778
dpctgan,ProbabilityEstimation(KernelDensity()),12435,1,-83.35351151076927,1,-84.2354685609778
dpctgan,ProbabilityEstimation(KernelDensity()),12435,0,-85.65057353894107,0,-84.2354685609778
dpctgan,ProbabilityEstimation(KernelDensity()),12435,1,-85.68084593351438,0,-84.2354685609778
dpctgan,ProbabilityEstimation(KernelDensity()),12435,0,-84.84343147816165,0,-84.2354685609778
dpctgan,ProbabilityEstimation(KernelDensity()),12435,1,-84.93448190019959,0,-84.2354685609778
dpctgan,ProbabilityEstimation(KernelDensity()),12435,0,-84.05828480634254,1,-84.2354685609778
dpctgan,ProbabilityEstimation(KernelDensity()),12435,1,-84.15840550088744,1,-84.2354685609778
dpctgan,ProbabilityEstimation(KernelDensity()),12435,0,-84.91357654868419,0,-84.2354685609778
dpctgan,ProbabilityEstimation(KernelDensity()),12435,1,-85.15937089710502,0,-84.2354685609778
dpctgan,ProbabilityEstimation(KernelDensity()),12435,0,-84.86859013416714,0,-84.2354685609778
dpctgan,ProbabilityEstimation(KernelDensity()),12435,1,-84.93681483040903,0,-84.2354685609778
dpctgan,ProbabilityEstimation(KernelDensity()),12435,0,-84.92006195061936,0,-84.2354685609778
dpctgan,ProbabilityEstimation(KernelDensity()),12435,1,-85.18448179836487,0,-84.2354685609778
dpctgan,ProbabilityEstimation(KernelDensity()),12435,0,-83.49796083557058,1,-84.2354685609778
dpctgan,ProbabilityEstimation(KernelDensity()),12435,1,-84.43192458061986,0,-84.2354685609778
dpctgan,ProbabilityEstimation(KernelDensity()),12435,0,-83.83820102310472,1,-84.2354685609778
dpctgan,ProbabilityEstimation(KernelDensity()),12435,1,-84.43442756741405,0,-84.2354685609778
dpctgan,ProbabilityEstimation(KernelDensity()),12435,0,-84.46427842477482,0,-84.2354685609778
dpctgan,ProbabilityEstimation(KernelDensity()),12435,1,-84.92146458336278,0,-84.2354685609778
dpctgan,ProbabilityEstimation(KernelDensity()),12435,0,-82.81078986295464,1,-84.2354685609778
dpctgan,ProbabilityEstimation(KernelDensity()),12435,1,-84.49712425411109,0,-84.2354685609778
dpctgan,ProbabilityEstimation(KernelDensity()),12435,0,-84.73855319538752,0,-84.2354685609778
dpctgan,ProbabilityEstimation(KernelDensity()),12435,1,-83.75927641034163,1,-84.2354685609778
dpctgan,ProbabilityEstimation(KernelDensity()),12435,0,-84.17325208446532,1,-84.2354685609778
dpctgan,ProbabilityEstimation(KernelDensity()),12435,1,-83.68073791759899,1,-84.2354685609778
dpctgan,ProbabilityEstimation(KernelDensity()),12435,0,-84.33897575638638,0,-84.2354685609778
dpctgan,ProbabilityEstimation(KernelDensity()),12435,1,-84.01704326110482,1,-84.2354685609778
dpctgan,ProbabilityEstimation(KernelDensity()),12435,0,-85.4164145054757,0,-84.2354685609778
dpctgan,ProbabilityEstimation(KernelDensity()),12435,1,-84.06402520858066,1,-84.2354685609778
dpctgan,ProbabilityEstimation(KernelDensity()),12435,0,-83.89283182054513,1,-84.2354685609778
dpctgan,ProbabilityEstimation(KernelDensity()),12435,1,-83.47180479665194,1,-84.2354685609778
dpctgan,ProbabilityEstimation(KernelDensity()),12435,0,-85.20403647811123,0,-84.2354685609778
dpctgan,ProbabilityEstimation(KernelDensity()),12435,1,-84.7060170135705,0,-84.2354685609778
dpctgan,ProbabilityEstimation(KernelDensity()),12435,0,-85.39075910258755,0,-84.2354685609778
dpctgan,ProbabilityEstimation(KernelDensity()),12435,1,-84.07709730040672,1,-84.2354685609778
dpctgan,ProbabilityEstimation(KernelDensity()),12435,0,-84.71541984435878,0,-84.2354685609778
dpctgan,ProbabilityEstimation(KernelDensity()),12435,1,-84.9229706817503,0,-84.2354685609778
dpctgan,ProbabilityEstimation(KernelDensity()),12435,0,-85.06147323900016,0,-84.2354685609778
dpctgan,ProbabilityEstimation(KernelDensity()),12435,1,-84.12919276537191,1,-84.2354685609778
dpctgan,ProbabilityEstimation(KernelDensity()),12435,0,-84.55582425207871,0,-84.2354685609778
dpctgan,ProbabilityEstimation(KernelDensity()),12435,1,-85.12709476553337,0,-84.2354685609778
dpctgan,ProbabilityEstimation(KernelDensity()),12435,0,-86.04936550883407,0,-84.2354685609778
dpctgan,ProbabilityEstimation(KernelDensity()),12435,1,-83.58710951519966,1,-84.2354685609778
dpctgan,ProbabilityEstimation(KernelDensity()),12435,0,-85.18014891657808,0,-84.2354685609778
dpctgan,ProbabilityEstimation(KernelDensity()),12435,1,-83.99814013465645,1,-84.2354685609778
dpctgan,ProbabilityEstimation(KernelDensity()),12435,0,-85.35413252915556,0,-84.2354685609778
dpctgan,ProbabilityEstimation(KernelDensity()),12435,1,-85.24655379968019,0,-84.2354685609778
dpctgan,ProbabilityEstimation(KernelDensity()),12435,0,-84.13642601164356,1,-84.2354685609778
dpctgan,ProbabilityEstimation(KernelDensity()),12435,1,-84.15392295364613,1,-84.2354685609778
dpctgan,ProbabilityEstimation(KernelDensity()),12435,0,-84.93414168265079,0,-84.2354685609778
dpctgan,ProbabilityEstimation(KernelDensity()),12435,1,-85.74133948882147,0,-84.2354685609778
dpctgan,ProbabilityEstimation(KernelDensity()),12435,0,-82.9860935608817,1,-84.2354685609778
dpctgan,ProbabilityEstimation(KernelDensity()),12435,1,-83.75062357355431,1,-84.2354685609778
dpctgan,ProbabilityEstimation(KernelDensity()),12435,0,-85.62566475828208,0,-84.2354685609778
dpctgan,ProbabilityEstimation(KernelDensity()),12435,1,-83.57071239752037,1,-84.2354685609778
dpctgan,ProbabilityEstimation(KernelDensity()),12435,0,-83.53213092169051,1,-84.2354685609778
dpctgan,ProbabilityEstimation(KernelDensity()),12435,1,-85.48894126797963,0,-84.2354685609778
dpctgan,ProbabilityEstimation(KernelDensity()),12435,0,-83.55671318812088,1,-84.2354685609778
dpctgan,ProbabilityEstimation(KernelDensity()),12435,1,-84.93376607568246,0,-84.2354685609778
dpctgan,ProbabilityEstimation(KernelDensity()),12435,0,-84.62101053331102,0,-84.2354685609778
dpctgan,ProbabilityEstimation(KernelDensity()),12435,1,-84.10028116167109,1,-84.2354685609778
dpctgan,ProbabilityEstimation(KernelDensity()),12435,0,-85.67123862612226,0,-84.2354685609778
dpctgan,ProbabilityEstimation(KernelDensity()),12435,1,-84.12509294921733,1,-84.2354685609778
dpctgan,ProbabilityEstimation(KernelDensity()),12435,0,-83.9045062283056,1,-84.2354685609778
dpctgan,ProbabilityEstimation(KernelDensity()),12435,1,-82.89305224021321,1,-84.2354685609778
dpctgan,ProbabilityEstimation(KernelDensity()),12435,0,-85.48370550883601,0,-84.2354685609778
dpctgan,ProbabilityEstimation(KernelDensity()),12435,1,-82.91639383184442,1,-84.2354685609778
dpctgan,ProbabilityEstimation(KernelDensity()),12435,0,-84.5229640211647,0,-84.2354685609778
dpctgan,ProbabilityEstimation(KernelDensity()),12435,1,-84.67474149026542,0,-84.2354685609778
dpctgan,ProbabilityEstimation(KernelDensity()),12435,0,-84.05155024729162,1,-84.2354685609778
dpctgan,ProbabilityEstimation(KernelDensity()),12435,1,-83.79761864257294,1,-84.2354685609778
dpctgan,ProbabilityEstimation(KernelDensity()),12435,0,-84.44613500665156,0,-84.2354685609778
dpctgan,ProbabilityEstimation(KernelDensity()),12435,1,-84.97414579253297,0,-84.2354685609778
dpctgan,ProbabilityEstimation(KernelDensity()),12435,0,-84.1831772428335,1,-84.2354685609778
dpctgan,ProbabilityEstimation(KernelDensity()),12435,1,-84.49464004192383,0,-84.2354685609778
dpctgan,ProbabilityEstimation(KernelDensity()),12435,0,-84.08844108442077,1,-84.2354685609778
dpctgan,ProbabilityEstimation(KernelDensity()),12435,1,-84.19731515623832,1,-84.2354685609778
dpctgan,ProbabilityEstimation(KernelDensity()),12435,0,-84.90701074991097,0,-84.2354685609778
dpctgan,ProbabilityEstimation(KernelDensity()),12435,1,-83.4120022149073,1,-84.2354685609778
dpctgan,ProbabilityEstimation(KernelDensity()),12435,0,-84.31528975933732,0,-84.2354685609778
dpctgan,ProbabilityEstimation(KernelDensity()),12435,1,-83.67034140875217,1,-84.2354685609778
dpctgan,ProbabilityEstimation(KernelDensity()),12435,0,-84.93730412836861,0,-84.2354685609778
dpctgan,ProbabilityEstimation(KernelDensity()),12435,1,-83.9991506427229,1,-84.2354685609778
dpctgan,ProbabilityEstimation(KernelDensity()),12435,0,-83.56806999865063,1,-84.2354685609778
dpctgan,ProbabilityEstimation(KernelDensity()),12435,1,-84.71495691593753,0,-84.2354685609778
dpctgan,ProbabilityEstimation(KernelDensity()),12435,0,-85.4535856199513,0,-84.2354685609778
dpctgan,ProbabilityEstimation(KernelDensity()),12435,1,-83.70642130071673,1,-84.2354685609778
dpctgan,ProbabilityEstimation(KernelDensity()),12435,0,-84.62436634983635,0,-84.2354685609778
dpctgan,ProbabilityEstimation(KernelDensity()),12435,1,-85.34733366930949,0,-84.2354685609778
dpctgan,ProbabilityEstimation(KernelDensity()),12435,0,-84.31842239131915,0,-84.2354685609778
dpctgan,ProbabilityEstimation(KernelDensity()),12435,1,-83.56268600538951,1,-84.2354685609778
dpctgan,ProbabilityEstimation(KernelDensity()),12435,0,-84.43517106268628,0,-84.2354685609778
dpctgan,ProbabilityEstimation(KernelDensity()),12435,1,-83.51380428936999,1,-84.2354685609778
dpctgan,ProbabilityEstimation(KernelDensity()),12435,0,-84.52398847801888,0,-84.2354685609778
dpctgan,ProbabilityEstimation(KernelDensity()),12435,1,-85.17572769118559,0,-84.2354685609778
dpctgan,ProbabilityEstimation(KernelDensity()),12435,0,-83.80228341531117,1,-84.2354685609778
dpctgan,ProbabilityEstimation(KernelDensity()),12435,1,-84.04048139578335,1,-84.2354685609778
dpctgan,ProbabilityEstimation(KernelDensity()),12435,0,-85.38014489792526,0,-84.2354685609778
dpctgan,ProbabilityEstimation(KernelDensity()),12435,1,-83.2123267614277,1,-84.2354685609778
dpctgan,ProbabilityEstimation(KernelDensity()),12435,0,-85.79314279067,0,-84.2354685609778
dpctgan,ProbabilityEstimation(KernelDensity()),12435,1,-83.71441506287175,1,-84.2354685609778
dpctgan,ProbabilityEstimation(KernelDensity()),12435,0,-83.93555696542548,1,-84.2354685609778
dpctgan,ProbabilityEstimation(KernelDensity()),12435,1,-84.26405005125648,0,-84.2354685609778
dpctgan,ProbabilityEstimation(KernelDensity()),12435,0,-84.18055101108114,1,-84.2354685609778
dpctgan,ProbabilityEstimation(KernelDensity()),12435,1,-84.38445885453137,0,-84.2354685609778
dpctgan,ProbabilityEstimation(KernelDensity()),12435,0,-83.29429862172677,1,-84.2354685609778
dpctgan,ProbabilityEstimation(KernelDensity()),12435,1,-83.58440930272316,1,-84.2354685609778
dpctgan,ProbabilityEstimation(KernelDensity()),12435,0,-84.51106865637037,0,-84.2354685609778
dpctgan,ProbabilityEstimation(KernelDensity()),12435,1,-85.3780291163223,0,-84.2354685609778
dpctgan,ProbabilityEstimation(KernelDensity()),12435,0,-83.86058787026734,1,-84.2354685609778
dpctgan,ProbabilityEstimation(KernelDensity()),12435,1,-84.9564151759642,0,-84.2354685609778
dpctgan,ProbabilityEstimation(KernelDensity()),12435,0,-85.35798846048733,0,-84.2354685609778
dpctgan,ProbabilityEstimation(KernelDensity()),12435,1,-85.28376286530481,0,-84.2354685609778
dpctgan,ProbabilityEstimation(KernelDensity()),12435,0,-83.6265119991044,1,-84.2354685609778
dpctgan,ProbabilityEstimation(KernelDensity()),12435,1,-83.71009123767807,1,-84.2354685609778
dpctgan,ProbabilityEstimation(KernelDensity()),12435,0,-85.34414016194933,0,-84.2354685609778
dpctgan,ProbabilityEstimation(KernelDensity()),12435,1,-84.25309509828298,0,-84.2354685609778
dpctgan,ProbabilityEstimation(KernelDensity()),12435,0,-84.116562487849,1,-84.2354685609778
dpctgan,ProbabilityEstimation(KernelDensity()),12435,1,-83.32053938620963,1,-84.2354685609778
dpctgan,ProbabilityEstimation(KernelDensity()),12435,0,-83.82955410135834,1,-84.2354685609778
dpctgan,ProbabilityEstimation(KernelDensity()),12435,1,-84.29225064036896,0,-84.2354685609778
dpctgan,ProbabilityEstimation(KernelDensity()),12435,0,-85.3726562757675,0,-84.2354685609778
dpctgan,ProbabilityEstimation(KernelDensity()),12435,1,-83.34318196248614,1,-84.2354685609778
dpctgan,ProbabilityEstimation(KernelDensity()),12435,0,-84.17182114070202,1,-84.2354685609778
dpctgan,ProbabilityEstimation(KernelDensity()),12435,1,-83.61203553606603,1,-84.2354685609778
dpctgan,ProbabilityEstimation(KernelDensity()),12435,0,-84.03466570728268,1,-84.2354685609778
dpctgan,ProbabilityEstimation(KernelDensity()),12435,1,-85.05197346220132,0,-84.2354685609778
dpctgan,ProbabilityEstimation(KernelDensity()),12435,0,-85.15056199931625,0,-84.2354685609778
dpctgan,ProbabilityEstimation(KernelDensity()),12435,1,-83.43268845492697,1,-84.2354685609778
dpctgan,ProbabilityEstimation(KernelDensity()),12435,0,-84.7314414062114,0,-84.2354685609778
dpctgan,ProbabilityEstimation(KernelDensity()),12435,1,-84.97474477187056,0,-84.2354685609778
dpctgan,ProbabilityEstimation(KernelDensity()),12435,0,-84.67517993470994,0,-84.2354685609778
dpctgan,ProbabilityEstimation(KernelDensity()),12435,1,-83.61899339832941,1,-84.2354685609778
dpctgan,ProbabilityEstimation(KernelDensity()),12435,0,-84.73925879102711,0,-84.2354685609778
dpctgan,ProbabilityEstimation(KernelDensity()),12435,1,-83.93357210104797,1,-84.2354685609778
dpctgan,ProbabilityEstimation(KernelDensity()),12435,0,-83.94519122972739,1,-84.2354685609778
dpctgan,ProbabilityEstimation(KernelDensity()),12435,1,-84.40614096219593,0,-84.2354685609778
dpctgan,ProbabilityEstimation(KernelDensity()),12435,0,-85.18071469046089,0,-84.2354685609778
dpctgan,ProbabilityEstimation(KernelDensity()),12435,1,-84.98150570177212,0,-84.2354685609778
dpctgan,ProbabilityEstimation(KernelDensity()),12435,0,-83.6833416101552,1,-84.2354685609778
dpctgan,ProbabilityEstimation(KernelDensity()),12435,1,-84.5393116265322,0,-84.2354685609778
dpctgan,ProbabilityEstimation(KernelDensity()),12435,0,-84.27625919701444,0,-84.2354685609778
dpctgan,ProbabilityEstimation(KernelDensity()),12435,1,-84.28801952688997,0,-84.2354685609778
dpctgan,ProbabilityEstimation(KernelDensity()),12435,0,-84.68306615457345,0,-84.2354685609778
dpctgan,ProbabilityEstimation(KernelDensity()),12435,1,-83.91967500210912,1,-84.2354685609778
dpctgan,ProbabilityEstimation(KernelDensity()),12435,0,-83.8981398146915,1,-84.2354685609778
dpctgan,ProbabilityEstimation(KernelDensity()),12435,1,-84.10105431639269,1,-84.2354685609778
dpctgan,ProbabilityEstimation(KernelDensity()),12435,0,-84.24162723332702,0,-84.2354685609778
dpctgan,ProbabilityEstimation(KernelDensity()),12435,1,-85.12257545235312,0,-84.2354685609778
dpctgan,ProbabilityEstimation(KernelDensity()),12435,0,-84.71910711856381,0,-84.2354685609778
dpctgan,ProbabilityEstimation(KernelDensity()),12435,1,-84.03873628069059,1,-84.2354685609778
dpctgan,ProbabilityEstimation(KernelDensity()),12435,0,-84.54869145315588,0,-84.2354685609778
dpctgan,ProbabilityEstimation(KernelDensity()),12435,1,-84.15343793324189,1,-84.2354685609778
dpctgan,ProbabilityEstimation(KernelDensity()),12435,0,-83.76909622770877,1,-84.2354685609778
dpctgan,ProbabilityEstimation(KernelDensity()),12435,1,-84.61400709356067,0,-84.2354685609778
dpctgan,ProbabilityEstimation(KernelDensity()),12435,0,-85.6854393565919,0,-84.2354685609778
dpctgan,ProbabilityEstimation(KernelDensity()),12435,1,-84.37214672486654,0,-84.2354685609778
dpctgan,ProbabilityEstimation(KernelDensity()),12435,0,-83.93227454499336,1,-84.2354685609778
dpctgan,ProbabilityEstimation(KernelDensity()),12435,1,-84.23809894231879,0,-84.2354685609778
dpctgan,ProbabilityEstimation(KernelDensity()),12435,0,-85.29651106508747,0,-84.2354685609778
dpctgan,ProbabilityEstimation(KernelDensity()),12435,1,-83.63871915223022,1,-84.2354685609778
dpctgan,ProbabilityEstimation(KernelDensity()),12435,0,-84.01853969692634,1,-84.2354685609778
dpctgan,ProbabilityEstimation(KernelDensity()),12435,1,-84.34651052416419,0,-84.2354685609778
dpctgan,ProbabilityEstimation(KernelDensity()),12435,0,-83.80500188831574,1,-84.2354685609778
dpctgan,ProbabilityEstimation(KernelDensity()),12435,1,-84.87135947938854,0,-84.2354685609778
dpctgan,ProbabilityEstimation(KernelDensity()),12435,0,-82.56691977840384,1,-84.2354685609778
dpctgan,ProbabilityEstimation(KernelDensity()),12435,1,-83.88890307794473,1,-84.2354685609778
dpctgan,ProbabilityEstimation(KernelDensity()),12435,0,-83.30389077912125,1,-84.2354685609778
dpctgan,ProbabilityEstimation(KernelDensity()),12435,1,-83.62582431190069,1,-84.2354685609778
dpctgan,ProbabilityEstimation(KernelDensity()),12435,0,-84.31755323346223,0,-84.2354685609778
dpctgan,ProbabilityEstimation(KernelDensity()),12435,1,-85.22079588873446,0,-84.2354685609778
dpctgan,ProbabilityEstimation(KernelDensity()),12435,0,-85.28637493620042,0,-84.2354685609778
dpctgan,ProbabilityEstimation(KernelDensity()),12435,1,-84.44963087108303,0,-84.2354685609778
dpctgan,ProbabilityEstimation(KernelDensity()),12435,0,-84.18960995989941,1,-84.2354685609778
dpctgan,ProbabilityEstimation(KernelDensity()),12435,1,-83.74549890380626,1,-84.2354685609778
dpctgan,ProbabilityEstimation(KernelDensity()),12435,0,-83.56856240689343,1,-84.2354685609778
dpctgan,ProbabilityEstimation(KernelDensity()),12435,1,-82.91329135899569,1,-84.2354685609778
dpctgan,ProbabilityEstimation(KernelDensity()),12435,0,-83.2498355393814,1,-84.2354685609778
dpctgan,ProbabilityEstimation(KernelDensity()),12435,1,-84.93657081799479,0,-84.2354685609778
dpctgan,ProbabilityEstimation(KernelDensity()),12435,0,-85.62288270754247,0,-84.2354685609778
dpctgan,ProbabilityEstimation(KernelDensity()),12435,1,-84.37682219750592,0,-84.2354685609778
dpctgan,ProbabilityEstimation(KernelDensity()),12435,0,-83.70599139612682,1,-84.2354685609778
dpctgan,ProbabilityEstimation(KernelDensity()),12435,1,-85.53312491842811,0,-84.2354685609778
dpctgan,ProbabilityEstimation(KernelDensity()),12435,0,-85.01434530928823,0,-84.2354685609778
dpctgan,ProbabilityEstimation(KernelDensity()),12435,1,-84.02496874140849,1,-84.2354685609778
dpctgan,ProbabilityEstimation(KernelDensity()),12435,0,-84.5337122451548,0,-84.2354685609778
dpctgan,ProbabilityEstimation(KernelDensity()),12435,1,-83.50929744180695,1,-84.2354685609778
dpctgan,ProbabilityEstimation(KernelDensity()),12435,0,-83.70497413952191,1,-84.2354685609778
dpctgan,ProbabilityEstimation(KernelDensity()),12435,1,-83.55107323600404,1,-84.2354685609778
dpctgan,ProbabilityEstimation(KernelDensity()),12435,0,-84.77745148673992,0,-84.2354685609778
dpctgan,ProbabilityEstimation(KernelDensity()),12435,1,-86.28140152841307,0,-84.2354685609778
dpctgan,ProbabilityEstimation(KernelDensity()),12435,0,-83.83652650380472,1,-84.2354685609778
dpctgan,ProbabilityEstimation(KernelDensity()),12435,1,-84.93483802659976,0,-84.2354685609778
dpctgan,ProbabilityEstimation(KernelDensity()),12435,0,-83.98929746970059,1,-84.2354685609778
dpctgan,ProbabilityEstimation(KernelDensity()),12435,1,-83.53568382221852,1,-84.2354685609778
dpctgan,ProbabilityEstimation(KernelDensity()),12435,0,-84.5809709771757,0,-84.2354685609778
dpctgan,ProbabilityEstimation(KernelDensity()),12435,1,-84.24192643344679,0,-84.2354685609778
dpctgan,ProbabilityEstimation(KernelDensity()),12435,0,-83.82206958906355,1,-84.2354685609778
dpctgan,ProbabilityEstimation(KernelDensity()),12435,1,-85.69727104256206,0,-84.2354685609778
dpctgan,ProbabilityEstimation(KernelDensity()),12435,0,-84.7974224066203,0,-84.2354685609778
dpctgan,ProbabilityEstimation(KernelDensity()),12435,1,-83.6563080944697,1,-84.2354685609778
dpctgan,ProbabilityEstimation(KernelDensity()),12435,0,-85.21427505545101,0,-84.2354685609778
dpctgan,ProbabilityEstimation(KernelDensity()),12435,1,-84.49655453886174,0,-84.2354685609778
dpctgan,ProbabilityEstimation(KernelDensity()),12435,0,-83.75903188855396,1,-84.2354685609778
dpctgan,ProbabilityEstimation(KernelDensity()),12435,1,-83.71541768664109,1,-84.2354685609778
dpctgan,ProbabilityEstimation(KernelDensity()),12435,0,-83.22536286867881,1,-84.2354685609778
dpctgan,ProbabilityEstimation(KernelDensity()),12435,1,-85.18035626301004,0,-84.2354685609778
dpctgan,ProbabilityEstimation(KernelDensity()),12435,0,-85.12915351552336,0,-84.2354685609778
dpctgan,ProbabilityEstimation(KernelDensity()),12435,1,-85.82651974920705,0,-84.2354685609778
dpctgan,ProbabilityEstimation(KernelDensity()),12435,0,-85.12260976657166,0,-84.2354685609778
dpctgan,ProbabilityEstimation(KernelDensity()),12435,1,-84.95130199660454,0,-84.2354685609778
dpctgan,ProbabilityEstimation(KernelDensity()),12435,0,-83.80383027059983,1,-84.2354685609778
dpctgan,ProbabilityEstimation(KernelDensity()),12435,1,-85.99725488600892,0,-84.2354685609778
dpctgan,ProbabilityEstimation(KernelDensity()),12435,0,-84.80184191561314,0,-84.2354685609778
dpctgan,ProbabilityEstimation(KernelDensity()),12435,1,-83.13629594785077,1,-84.2354685609778
dpctgan,ProbabilityEstimation(KernelDensity()),12435,0,-85.31474825507493,0,-84.2354685609778
dpctgan,ProbabilityEstimation(KernelDensity()),12435,1,-84.30091117419649,0,-84.2354685609778
dpctgan,ProbabilityEstimation(KernelDensity()),12435,0,-84.03523466045189,1,-84.2354685609778
dpctgan,ProbabilityEstimation(KernelDensity()),12435,1,-84.08321175678692,1,-84.2354685609778
dpctgan,ProbabilityEstimation(KernelDensity()),12435,0,-84.28801370697646,0,-84.2354685609778
dpctgan,ProbabilityEstimation(KernelDensity()),12435,1,-85.53903912349143,0,-84.2354685609778
dpctgan,ProbabilityEstimation(KernelDensity()),12435,0,-83.58011523608266,1,-84.2354685609778
dpctgan,ProbabilityEstimation(KernelDensity()),12435,1,-85.2917152718807,0,-84.2354685609778
dpctgan,ProbabilityEstimation(KernelDensity()),12435,0,-84.2055269773723,1,-84.2354685609778
dpctgan,ProbabilityEstimation(KernelDensity()),12435,1,-84.25127855216499,0,-84.2354685609778
dpctgan,ProbabilityEstimation(KernelDensity()),12435,0,-84.26376043579228,0,-84.2354685609778
dpctgan,ProbabilityEstimation(KernelDensity()),12435,1,-84.00021907735764,1,-84.2354685609778
dpctgan,ProbabilityEstimation(KernelDensity()),12435,0,-84.70837614388296,0,-84.2354685609778
dpctgan,ProbabilityEstimation(KernelDensity()),12435,1,-85.8865635081784,0,-84.2354685609778
dpctgan,ProbabilityEstimation(KernelDensity()),12435,0,-83.86750920065003,1,-84.2354685609778
dpctgan,ProbabilityEstimation(KernelDensity()),12435,1,-85.00267422860982,0,-84.2354685609778
dpctgan,ProbabilityEstimation(KernelDensity()),12435,0,-83.80502089974887,1,-84.2354685609778
dpctgan,ProbabilityEstimation(KernelDensity()),12435,1,-83.90570156851238,1,-84.2354685609778
dpctgan,ProbabilityEstimation(KernelDensity()),12435,0,-83.50907119742956,1,-84.2354685609778
dpctgan,ProbabilityEstimation(KernelDensity()),12435,1,-84.41116955910951,0,-84.2354685609778
dpctgan,ProbabilityEstimation(KernelDensity()),12435,0,-82.99221350517232,1,-84.2354685609778
dpctgan,ProbabilityEstimation(KernelDensity()),12435,1,-85.99628680924319,0,-84.2354685609778
dpctgan,ProbabilityEstimation(KernelDensity()),12435,0,-84.542819142916,0,-84.2354685609778
dpctgan,ProbabilityEstimation(KernelDensity()),12435,1,-84.59734312179899,0,-84.2354685609778
dpctgan,ProbabilityEstimation(KernelDensity()),12435,0,-85.5182919567881,0,-84.2354685609778
dpctgan,ProbabilityEstimation(KernelDensity()),12435,1,-84.57966584290239,0,-84.2354685609778
dpctgan,ProbabilityEstimation(KernelDensity()),12435,0,-85.39657861040702,0,-84.2354685609778
dpctgan,ProbabilityEstimation(KernelDensity()),12435,1,-84.61809045714354,0,-84.2354685609778
dpctgan,ProbabilityEstimation(KernelDensity()),12435,0,-84.33049897539914,0,-84.2354685609778
dpctgan,ProbabilityEstimation(KernelDensity()),12435,1,-84.91521752005642,0,-84.2354685609778
dpctgan,ProbabilityEstimation(KernelDensity()),12435,0,-83.93195909693029,1,-84.2354685609778
dpctgan,ProbabilityEstimation(KernelDensity()),12435,1,-82.84430213462035,1,-84.2354685609778
dpctgan,ProbabilityEstimation(KernelDensity()),12435,0,-85.50412571079016,0,-84.2354685609778
dpctgan,ProbabilityEstimation(KernelDensity()),12435,1,-83.5535089945945,1,-84.2354685609778
dpctgan,ProbabilityEstimation(KernelDensity()),12435,0,-86.1053995377566,0,-84.2354685609778
dpctgan,ProbabilityEstimation(KernelDensity()),12435,1,-83.38589995992926,1,-84.2354685609778
dpctgan,ProbabilityEstimation(KernelDensity()),12435,0,-84.05685368376203,1,-84.2354685609778
dpctgan,ProbabilityEstimation(KernelDensity()),12435,1,-83.47244699268252,1,-84.2354685609778
dpctgan,ProbabilityEstimation(KernelDensity()),12435,0,-83.74401235052078,1,-84.2354685609778
dpctgan,ProbabilityEstimation(KernelDensity()),12435,1,-84.34494006344757,0,-84.2354685609778
dpctgan,ProbabilityEstimation(KernelDensity()),12435,0,-85.08306611100265,0,-84.2354685609778
dpctgan,ProbabilityEstimation(KernelDensity()),12435,1,-83.42616258249062,1,-84.2354685609778
dpctgan,ProbabilityEstimation(KernelDensity()),12435,0,-84.00780456453626,1,-84.2354685609778
dpctgan,ProbabilityEstimation(KernelDensity()),12435,1,-83.36954903339824,1,-84.2354685609778
dpctgan,ProbabilityEstimation(KernelDensity()),12435,0,-84.91157542148997,0,-84.2354685609778
dpctgan,ProbabilityEstimation(KernelDensity()),12435,1,-85.24866785097454,0,-84.2354685609778
dpctgan,ProbabilityEstimation(KernelDensity()),12435,0,-84.05173258892344,1,-84.2354685609778
dpctgan,ProbabilityEstimation(KernelDensity()),12435,1,-84.44875107462849,0,-84.2354685609778
dpctgan,ProbabilityEstimation(KernelDensity()),12435,0,-83.86269459698765,1,-84.2354685609778
dpctgan,ProbabilityEstimation(KernelDensity()),12435,1,-84.27425282436944,0,-84.2354685609778
dpctgan,ProbabilityEstimation(KernelDensity()),12435,0,-85.36840311264923,0,-84.2354685609778
dpctgan,ProbabilityEstimation(KernelDensity()),12435,1,-85.20873464932242,0,-84.2354685609778
dpctgan,ProbabilityEstimation(KernelDensity()),12435,0,-84.41651257315623,0,-84.2354685609778
dpctgan,ProbabilityEstimation(KernelDensity()),12435,1,-83.31561736862704,1,-84.2354685609778
dpctgan,ProbabilityEstimation(KernelDensity()),12435,0,-84.38748802892837,0,-84.2354685609778
dpctgan,ProbabilityEstimation(KernelDensity()),12435,1,-84.56443665892638,0,-84.2354685609778
dpctgan,ProbabilityEstimation(KernelDensity()),12435,0,-85.62449374360072,0,-84.2354685609778
dpctgan,ProbabilityEstimation(KernelDensity()),12435,1,-84.9485369693672,0,-84.2354685609778
dpctgan,ProbabilityEstimation(KernelDensity()),12435,0,-84.85836337152136,0,-84.2354685609778
dpctgan,ProbabilityEstimation(KernelDensity()),12435,1,-83.88942139555937,1,-84.2354685609778
dpctgan,ProbabilityEstimation(KernelDensity()),12435,0,-83.6730622760146,1,-84.2354685609778
dpctgan,ProbabilityEstimation(KernelDensity()),12435,1,-85.18206391368982,0,-84.2354685609778
dpctgan,ProbabilityEstimation(KernelDensity()),12435,0,-83.72360918041542,1,-84.2354685609778
dpctgan,ProbabilityEstimation(KernelDensity()),12435,1,-84.73063993871418,0,-84.2354685609778
dpctgan,ProbabilityEstimation(KernelDensity()),12435,0,-83.78863879328587,1,-84.2354685609778
dpctgan,ProbabilityEstimation(KernelDensity()),12435,1,-85.67431494054796,0,-84.2354685609778
dpctgan,ProbabilityEstimation(KernelDensity()),12435,0,-83.78242077967138,1,-84.2354685609778
dpctgan,ProbabilityEstimation(KernelDensity()),12435,1,-84.99310431886997,0,-84.2354685609778
dpctgan,ProbabilityEstimation(KernelDensity()),12435,0,-83.90770228301905,1,-84.2354685609778
dpctgan,ProbabilityEstimation(KernelDensity()),12435,1,-85.67985601553391,0,-84.2354685609778
dpctgan,ProbabilityEstimation(KernelDensity()),12435,0,-84.41234783435948,0,-84.2354685609778
dpctgan,ProbabilityEstimation(KernelDensity()),12435,1,-84.25345234059542,0,-84.2354685609778
dpctgan,ProbabilityEstimation(KernelDensity()),12435,0,-83.31819706364747,1,-84.2354685609778
dpctgan,ProbabilityEstimation(KernelDensity()),12435,1,-85.26309517253682,0,-84.2354685609778
dpctgan,ProbabilityEstimation(KernelDensity()),12435,0,-84.78486870627674,0,-84.2354685609778
dpctgan,ProbabilityEstimation(KernelDensity()),12435,1,-84.13867150309531,1,-84.2354685609778
dpctgan,ProbabilityEstimation(KernelDensity()),12435,0,-85.12395716373774,0,-84.2354685609778
dpctgan,ProbabilityEstimation(KernelDensity()),12435,1,-84.80659011361837,0,-84.2354685609778
dpctgan,ProbabilityEstimation(KernelDensity()),12435,0,-83.12964206421839,1,-84.2354685609778
dpctgan,ProbabilityEstimation(KernelDensity()),12435,1,-85.03513127316599,0,-84.2354685609778
dpctgan,ProbabilityEstimation(KernelDensity()),12435,0,-85.04301917337968,0,-84.2354685609778
dpctgan,ProbabilityEstimation(KernelDensity()),12435,1,-83.23370508053934,1,-84.2354685609778
dpctgan,ProbabilityEstimation(KernelDensity()),12435,0,-84.12156262334646,1,-84.2354685609778
dpctgan,ProbabilityEstimation(KernelDensity()),12435,1,-85.27400872316576,0,-84.2354685609778
dpctgan,ProbabilityEstimation(KernelDensity()),12435,0,-84.39837211202024,0,-84.2354685609778
dpctgan,ProbabilityEstimation(KernelDensity()),12435,1,-84.12405393674737,1,-84.2354685609778
dpctgan,ProbabilityEstimation(KernelDensity()),12435,0,-84.60249252843766,0,-84.2354685609778
dpctgan,ProbabilityEstimation(KernelDensity()),12435,1,-85.12753799114589,0,-84.2354685609778
dpctgan,ProbabilityEstimation(KernelDensity()),12435,0,-84.38674777580046,0,-84.2354685609778
dpctgan,ProbabilityEstimation(KernelDensity()),12435,1,-85.74332348608431,0,-84.2354685609778
dpctgan,ProbabilityEstimation(KernelDensity()),12435,0,-84.66413185940687,0,-84.2354685609778
dpctgan,ProbabilityEstimation(KernelDensity()),12435,1,-85.57459485143232,0,-84.2354685609778
dpctgan,ProbabilityEstimation(KernelDensity()),12435,0,-83.80942016599303,1,-84.2354685609778
dpctgan,ProbabilityEstimation(KernelDensity()),12435,1,-84.4163900640624,0,-84.2354685609778
dpctgan,ProbabilityEstimation(KernelDensity()),12435,0,-85.3082615836764,0,-84.2354685609778
dpctgan,ProbabilityEstimation(KernelDensity()),12435,1,-84.24520496697423,0,-84.2354685609778
dpctgan,ProbabilityEstimation(KernelDensity()),12435,0,-85.46234702463806,0,-84.2354685609778
dpctgan,ProbabilityEstimation(KernelDensity()),12435,1,-84.2569260370379,0,-84.2354685609778
dpctgan,ProbabilityEstimation(KernelDensity()),12435,0,-85.41354656869132,0,-84.2354685609778
dpctgan,ProbabilityEstimation(KernelDensity()),12435,1,-83.53515640035836,1,-84.2354685609778
dpctgan,ProbabilityEstimation(KernelDensity()),12435,0,-85.20688366256078,0,-84.2354685609778
dpctgan,ProbabilityEstimation(KernelDensity()),12435,1,-83.37769344595041,1,-84.2354685609778
dpctgan,ProbabilityEstimation(KernelDensity()),12435,0,-83.5050768072985,1,-84.2354685609778
dpctgan,ProbabilityEstimation(KernelDensity()),12435,1,-83.84059537519329,1,-84.2354685609778
dpctgan,ProbabilityEstimation(KernelDensity()),12435,0,-83.3737785439562,1,-84.2354685609778
dpctgan,ProbabilityEstimation(KernelDensity()),12435,1,-85.70084265755003,0,-84.2354685609778
dpctgan,ProbabilityEstimation(KernelDensity()),12435,0,-84.47892722503093,0,-84.2354685609778
dpctgan,ProbabilityEstimation(KernelDensity()),12435,1,-84.66755846880578,0,-84.2354685609778
dpctgan,ProbabilityEstimation(KernelDensity()),12435,0,-83.83110379824471,1,-84.2354685609778
dpctgan,ProbabilityEstimation(KernelDensity()),12435,1,-84.75621561542621,0,-84.2354685609778
dpctgan,ProbabilityEstimation(KernelDensity()),12435,0,-83.35410121496889,1,-84.2354685609778
dpctgan,ProbabilityEstimation(KernelDensity()),12435,1,-84.69471085492145,0,-84.2354685609778
dpctgan,ProbabilityEstimation(KernelDensity()),12435,0,-83.86001781056837,1,-84.2354685609778
dpctgan,ProbabilityEstimation(KernelDensity()),12435,1,-83.25388857110671,1,-84.2354685609778
dpctgan,ProbabilityEstimation(KernelDensity()),12435,0,-83.63258593413589,1,-84.2354685609778
dpctgan,ProbabilityEstimation(KernelDensity()),12435,1,-83.9524841480759,1,-84.2354685609778
dpctgan,ProbabilityEstimation(KernelDensity()),12435,0,-84.83387055437574,0,-84.2354685609778
dpctgan,ProbabilityEstimation(KernelDensity()),12435,1,-85.31542567247172,0,-84.2354685609778
dpctgan,ProbabilityEstimation(KernelDensity()),12435,0,-84.08856154250434,1,-84.2354685609778
dpctgan,ProbabilityEstimation(KernelDensity()),12435,1,-83.14328733044738,1,-84.2354685609778
dpctgan,ProbabilityEstimation(KernelDensity()),12435,0,-85.07176966016553,0,-84.2354685609778
dpctgan,ProbabilityEstimation(KernelDensity()),12435,1,-84.98721075220799,0,-84.2354685609778
dpctgan,ProbabilityEstimation(KernelDensity()),12435,0,-84.34868902682783,0,-84.2354685609778
dpctgan,ProbabilityEstimation(KernelDensity()),12435,1,-83.52103798744592,1,-84.2354685609778
dpctgan,ProbabilityEstimation(KernelDensity()),12435,0,-83.86897479780471,1,-84.2354685609778
dpctgan,ProbabilityEstimation(KernelDensity()),12435,1,-85.47724632750082,0,-84.2354685609778
dpctgan,ProbabilityEstimation(KernelDensity()),12435,0,-85.08733582011685,0,-84.2354685609778
dpctgan,ProbabilityEstimation(KernelDensity()),12435,1,-83.31671077613944,1,-84.2354685609778
dpctgan,ProbabilityEstimation(KernelDensity()),12435,0,-84.46101660174267,0,-84.2354685609778
dpctgan,ProbabilityEstimation(KernelDensity()),12435,1,-84.18752333964092,1,-84.2354685609778
dpctgan,ProbabilityEstimation(KernelDensity()),12435,0,-85.3743951594848,0,-84.2354685609778
dpctgan,ProbabilityEstimation(KernelDensity()),12435,1,-85.7585099008453,0,-84.2354685609778
dpctgan,ProbabilityEstimation(KernelDensity()),12435,0,-84.08537097875792,1,-84.2354685609778
dpctgan,ProbabilityEstimation(KernelDensity()),12435,1,-84.46583686108303,0,-84.2354685609778
dpctgan,ProbabilityEstimation(KernelDensity()),12435,0,-83.16455363975058,1,-84.2354685609778
dpctgan,ProbabilityEstimation(KernelDensity()),12435,1,-83.09563376398323,1,-84.2354685609778
dpctgan,ProbabilityEstimation(KernelDensity()),12435,0,-84.46087156625411,0,-84.2354685609778
dpctgan,ProbabilityEstimation(KernelDensity()),12435,1,-84.476082083225,0,-84.2354685609778
dpctgan,ProbabilityEstimation(KernelDensity()),12435,0,-83.92743713087043,1,-84.2354685609778
dpctgan,ProbabilityEstimation(KernelDensity()),12435,1,-83.88160818361263,1,-84.2354685609778
dpctgan,ProbabilityEstimation(KernelDensity()),12435,0,-84.27738081742623,0,-84.2354685609778
dpctgan,ProbabilityEstimation(KernelDensity()),12435,1,-84.76896557072963,0,-84.2354685609778
dpctgan,ProbabilityEstimation(KernelDensity()),12435,0,-83.39827714363813,1,-84.2354685609778
dpctgan,ProbabilityEstimation(KernelDensity()),12435,1,-83.80803080785809,1,-84.2354685609778
dpctgan,ProbabilityEstimation(KernelDensity()),12435,0,-86.24201744290384,0,-84.2354685609778
dpctgan,ProbabilityEstimation(KernelDensity()),12435,1,-85.45399758158622,0,-84.2354685609778
dpctgan,ProbabilityEstimation(KernelDensity()),12435,0,-84.88815334934156,0,-84.2354685609778
dpctgan,ProbabilityEstimation(KernelDensity()),12435,1,-85.46785058652281,0,-84.2354685609778
dpctgan,ProbabilityEstimation(KernelDensity()),12435,0,-83.9149411333542,1,-84.2354685609778
dpctgan,ProbabilityEstimation(KernelDensity()),12435,1,-85.42713457844957,0,-84.2354685609778
dpctgan,ProbabilityEstimation(KernelDensity()),12435,0,-84.57172143449039,0,-84.2354685609778
dpctgan,ProbabilityEstimation(KernelDensity()),12435,1,-83.21256755798714,1,-84.2354685609778
dpctgan,ProbabilityEstimation(KernelDensity()),12435,0,-85.74876108263683,0,-84.2354685609778
dpctgan,ProbabilityEstimation(KernelDensity()),12435,1,-84.90590268249734,0,-84.2354685609778
dpctgan,ProbabilityEstimation(KernelDensity()),12435,0,-84.31757310866317,0,-84.2354685609778
dpctgan,ProbabilityEstimation(KernelDensity()),12435,1,-86.31785558461716,0,-84.2354685609778
dpctgan,ProbabilityEstimation(KernelDensity()),12435,0,-83.83553156300056,1,-84.2354685609778
dpctgan,ProbabilityEstimation(KernelDensity()),12435,1,-84.01820558259847,1,-84.2354685609778
dpctgan,ProbabilityEstimation(KernelDensity()),12435,0,-83.464086395469,1,-84.2354685609778
dpctgan,ProbabilityEstimation(KernelDensity()),12435,1,-83.71522519409368,1,-84.2354685609778
dpctgan,ProbabilityEstimation(KernelDensity()),12435,0,-83.95060481598726,1,-84.2354685609778
dpctgan,ProbabilityEstimation(KernelDensity()),12435,1,-85.62115063347565,0,-84.2354685609778
dpctgan,ProbabilityEstimation(KernelDensity()),12435,0,-84.3198457701824,0,-84.2354685609778
dpctgan,ProbabilityEstimation(KernelDensity()),12435,1,-83.45550244834061,1,-84.2354685609778
dpctgan,ProbabilityEstimation(KernelDensity()),12435,0,-84.0607273254557,1,-84.2354685609778
dpctgan,ProbabilityEstimation(KernelDensity()),12435,1,-83.81016358101101,1,-84.2354685609778
dpctgan,ProbabilityEstimation(KernelDensity()),12435,0,-84.45358656020525,0,-84.2354685609778
dpctgan,ProbabilityEstimation(KernelDensity()),12435,1,-84.65071912888423,0,-84.2354685609778
dpctgan,ProbabilityEstimation(KernelDensity()),12435,0,-84.38977964199815,0,-84.2354685609778
dpctgan,ProbabilityEstimation(KernelDensity()),12435,1,-86.14476958108614,0,-84.2354685609778
dpctgan,ProbabilityEstimation(KernelDensity()),12435,0,-84.79403154258384,0,-84.2354685609778
dpctgan,ProbabilityEstimation(KernelDensity()),12435,1,-84.78569967951384,0,-84.2354685609778
dpctgan,ProbabilityEstimation(KernelDensity()),12435,0,-82.81887558683509,1,-84.2354685609778
dpctgan,ProbabilityEstimation(KernelDensity()),12435,1,-84.75162775695387,0,-84.2354685609778
dpctgan,ProbabilityEstimation(KernelDensity()),12435,0,-85.5442073524599,0,-84.2354685609778
dpctgan,ProbabilityEstimation(KernelDensity()),12435,1,-84.57956334812967,0,-84.2354685609778
dpctgan,ProbabilityEstimation(KernelDensity()),12435,0,-83.6126785780441,1,-84.2354685609778
dpctgan,ProbabilityEstimation(KernelDensity()),12435,1,-84.26010957286428,0,-84.2354685609778
dpctgan,ProbabilityEstimation(KernelDensity()),12435,0,-84.3292837540596,0,-84.2354685609778
dpctgan,ProbabilityEstimation(KernelDensity()),12435,1,-84.88432617538865,0,-84.2354685609778
dpctgan,ProbabilityEstimation(KernelDensity()),12435,0,-84.6673906542946,0,-84.2354685609778
dpctgan,ProbabilityEstimation(KernelDensity()),12435,1,-83.53273483235613,1,-84.2354685609778
dpctgan,ProbabilityEstimation(KernelDensity()),12435,0,-84.85933400714879,0,-84.2354685609778
dpctgan,ProbabilityEstimation(KernelDensity()),12435,1,-84.51461771645103,0,-84.2354685609778
dpctgan,ProbabilityEstimation(KernelDensity()),12435,0,-83.63434928937066,1,-84.2354685609778
dpctgan,ProbabilityEstimation(KernelDensity()),12435,1,-84.22360974995779,1,-84.2354685609778
dpctgan,ProbabilityEstimation(KernelDensity()),12435,0,-83.77942911952115,1,-84.2354685609778
dpctgan,ProbabilityEstimation(KernelDensity()),12435,1,-83.77712790182304,1,-84.2354685609778
dpctgan,ProbabilityEstimation(KernelDensity()),12435,0,-84.83990399413159,0,-84.2354685609778
dpctgan,ProbabilityEstimation(KernelDensity()),12435,1,-84.04790370264256,1,-84.2354685609778
dpctgan,ProbabilityEstimation(KernelDensity()),12435,0,-85.29844559415898,0,-84.2354685609778
dpctgan,ProbabilityEstimation(KernelDensity()),12435,1,-84.58431351913282,0,-84.2354685609778
dpctgan,ProbabilityEstimation(KernelDensity()),12435,0,-84.45678284415064,0,-84.2354685609778
dpctgan,ProbabilityEstimation(KernelDensity()),12435,1,-83.62337120122876,1,-84.2354685609778
dpctgan,ProbabilityEstimation(KernelDensity()),12435,0,-84.00464898494143,1,-84.2354685609778
dpctgan,ProbabilityEstimation(KernelDensity()),12435,1,-84.46331834333294,0,-84.2354685609778
dpctgan,ProbabilityEstimation(KernelDensity()),12435,0,-83.41362725316742,1,-84.2354685609778
dpctgan,ProbabilityEstimation(KernelDensity()),12435,1,-84.74575051563735,0,-84.2354685609778
dpctgan,ProbabilityEstimation(KernelDensity()),12435,0,-83.04952132997825,1,-84.2354685609778
dpctgan,ProbabilityEstimation(KernelDensity()),12435,1,-85.49578421572302,0,-84.2354685609778
dpctgan,ProbabilityEstimation(KernelDensity()),12435,0,-85.83208854787783,0,-84.2354685609778
dpctgan,ProbabilityEstimation(KernelDensity()),12435,1,-84.21796170786766,1,-84.2354685609778
dpctgan,ProbabilityEstimation(KernelDensity()),12435,0,-83.74433104256141,1,-84.2354685609778
dpctgan,ProbabilityEstimation(KernelDensity()),12435,1,-83.5186710886056,1,-84.2354685609778
dpctgan,ProbabilityEstimation(KernelDensity()),12435,0,-84.54392445770117,0,-84.2354685609778
dpctgan,ProbabilityEstimation(KernelDensity()),12435,1,-84.76608355199109,0,-84.2354685609778
dpctgan,ProbabilityEstimation(KernelDensity()),12435,0,-83.71738627036895,1,-84.2354685609778
dpctgan,ProbabilityEstimation(KernelDensity()),12435,1,-83.8549665650548,1,-84.2354685609778
dpctgan,ProbabilityEstimation(KernelDensity()),12435,0,-83.77916466201506,1,-84.2354685609778
dpctgan,ProbabilityEstimation(KernelDensity()),12435,1,-82.51975922500738,1,-84.2354685609778
dpctgan,ProbabilityEstimation(KernelDensity()),12435,0,-85.27679811110427,0,-84.2354685609778
dpctgan,ProbabilityEstimation(KernelDensity()),12435,1,-83.77800709090114,1,-84.2354685609778
dpctgan,ProbabilityEstimation(KernelDensity()),12435,0,-84.35543322510611,0,-84.2354685609778
dpctgan,ProbabilityEstimation(KernelDensity()),12435,1,-85.43104210028132,0,-84.2354685609778
dpctgan,ProbabilityEstimation(KernelDensity()),12435,0,-85.40347194929227,0,-84.2354685609778
dpctgan,ProbabilityEstimation(KernelDensity()),12435,1,-84.6080873252557,0,-84.2354685609778
dpctgan,ProbabilityEstimation(KernelDensity()),12435,0,-84.98573787589929,0,-84.2354685609778
dpctgan,ProbabilityEstimation(KernelDensity()),12435,1,-83.80309725642283,1,-84.2354685609778
dpctgan,ProbabilityEstimation(KernelDensity()),12435,0,-83.71252522526527,1,-84.2354685609778
dpctgan,ProbabilityEstimation(KernelDensity()),12435,1,-84.26795497364134,0,-84.2354685609778
dpctgan,ProbabilityEstimation(KernelDensity()),12435,0,-84.39351349457075,0,-84.2354685609778
dpctgan,ProbabilityEstimation(KernelDensity()),12435,1,-85.54678807454508,0,-84.2354685609778
dpctgan,ProbabilityEstimation(KernelDensity()),12435,0,-84.70282192613391,0,-84.2354685609778
dpctgan,ProbabilityEstimation(KernelDensity()),12435,1,-84.26035904521443,0,-84.2354685609778
dpctgan,ProbabilityEstimation(KernelDensity()),12435,0,-84.32765993932018,0,-84.2354685609778
dpctgan,ProbabilityEstimation(KernelDensity()),12435,1,-84.06012133721381,1,-84.2354685609778
dpctgan,ProbabilityEstimation(KernelDensity()),12435,0,-84.43573934814505,0,-84.2354685609778
dpctgan,ProbabilityEstimation(KernelDensity()),12435,1,-85.02488404609252,0,-84.2354685609778
dpctgan,ProbabilityEstimation(KernelDensity()),12435,0,-84.14588013896201,1,-84.2354685609778
dpctgan,ProbabilityEstimation(KernelDensity()),12435,1,-85.42962343912417,0,-84.2354685609778
dpctgan,ProbabilityEstimation(KernelDensity()),12435,0,-83.51847424364398,1,-84.2354685609778
dpctgan,ProbabilityEstimation(KernelDensity()),12435,1,-85.34749585656236,0,-84.2354685609778
dpctgan,ProbabilityEstimation(KernelDensity()),12435,0,-83.3209295375926,1,-84.2354685609778
dpctgan,ProbabilityEstimation(KernelDensity()),12435,1,-83.85635427076097,1,-84.2354685609778
dpctgan,ProbabilityEstimation(KernelDensity()),12435,0,-85.44994363698187,0,-84.2354685609778
dpctgan,ProbabilityEstimation(KernelDensity()),12435,1,-84.04041301815988,1,-84.2354685609778
dpctgan,ProbabilityEstimation(KernelDensity()),12435,0,-83.44392117549415,1,-84.2354685609778
dpctgan,ProbabilityEstimation(KernelDensity()),12435,1,-83.49381106145114,1,-84.2354685609778
dpctgan,ProbabilityEstimation(KernelDensity()),12435,0,-84.83661388412473,0,-84.2354685609778
dpctgan,ProbabilityEstimation(KernelDensity()),12435,1,-83.14722131701397,1,-84.2354685609778
dpctgan,ProbabilityEstimation(KernelDensity()),12435,0,-83.3803268117799,1,-84.2354685609778
dpctgan,ProbabilityEstimation(KernelDensity()),12435,1,-83.40559161348268,1,-84.2354685609778
dpctgan,ProbabilityEstimation(KernelDensity()),12435,0,-85.76689392804023,0,-84.2354685609778
dpctgan,ProbabilityEstimation(KernelDensity()),12435,1,-83.56151118489666,1,-84.2354685609778
dpctgan,ProbabilityEstimation(KernelDensity()),12435,0,-84.29493298517122,0,-84.2354685609778
dpctgan,ProbabilityEstimation(KernelDensity()),12435,1,-83.74348036562235,1,-84.2354685609778
dpctgan,ProbabilityEstimation(KernelDensity()),12435,0,-85.5522620411414,0,-84.2354685609778
dpctgan,ProbabilityEstimation(KernelDensity()),12435,1,-85.93751501173114,0,-84.2354685609778
dpctgan,ProbabilityEstimation(KernelDensity()),12435,0,-84.10376372471596,1,-84.2354685609778
dpctgan,ProbabilityEstimation(KernelDensity()),12435,1,-86.22712973910242,0,-84.2354685609778
dpctgan,ProbabilityEstimation(KernelDensity()),12435,0,-83.90764080437272,1,-84.2354685609778
dpctgan,ProbabilityEstimation(KernelDensity()),12435,1,-85.21123389614391,0,-84.2354685609778
dpctgan,ProbabilityEstimation(KernelDensity()),12435,0,-84.83227798643269,0,-84.2354685609778
dpctgan,ProbabilityEstimation(KernelDensity()),12435,1,-85.07350351747166,0,-84.2354685609778
dpctgan,ProbabilityEstimation(KernelDensity()),12435,0,-86.39684178755329,0,-84.2354685609778
dpctgan,ProbabilityEstimation(KernelDensity()),12435,1,-83.65845286708677,1,-84.2354685609778
dpctgan,ProbabilityEstimation(KernelDensity()),12435,0,-85.49337036191604,0,-84.2354685609778
dpctgan,ProbabilityEstimation(KernelDensity()),12435,1,-85.86925761962081,0,-84.2354685609778
dpctgan,ProbabilityEstimation(KernelDensity()),12435,0,-84.41229977932215,0,-84.2354685609778
dpctgan,ProbabilityEstimation(KernelDensity()),12435,1,-83.68444234025542,1,-84.2354685609778
dpctgan,ProbabilityEstimation(KernelDensity()),12435,0,-84.55989054479458,0,-84.2354685609778
dpctgan,ProbabilityEstimation(KernelDensity()),12435,1,-84.17990085450147,1,-84.2354685609778
dpctgan,ProbabilityEstimation(KernelDensity()),12435,0,-85.06541352937884,0,-84.2354685609778
dpctgan,ProbabilityEstimation(KernelDensity()),12435,1,-84.7119798919447,0,-84.2354685609778
dpctgan,ProbabilityEstimation(KernelDensity()),12435,0,-83.57462301823627,1,-84.2354685609778
dpctgan,ProbabilityEstimation(KernelDensity()),12435,1,-85.16842922084679,0,-84.2354685609778
dpctgan,ProbabilityEstimation(KernelDensity()),12435,0,-83.76758844832189,1,-84.2354685609778
dpctgan,ProbabilityEstimation(KernelDensity()),12435,1,-83.67499167079777,1,-84.2354685609778
dpctgan,ProbabilityEstimation(KernelDensity()),12435,0,-83.4585040797398,1,-84.2354685609778
dpctgan,ProbabilityEstimation(KernelDensity()),12435,1,-85.39220988536609,0,-84.2354685609778
dpctgan,ProbabilityEstimation(KernelDensity()),12435,0,-83.6806631442618,1,-84.2354685609778
dpctgan,ProbabilityEstimation(KernelDensity()),12435,1,-83.98602264558973,1,-84.2354685609778
dpctgan,ProbabilityEstimation(KernelDensity()),12435,0,-84.14698172480679,1,-84.2354685609778
dpctgan,ProbabilityEstimation(KernelDensity()),12435,1,-83.84194344690991,1,-84.2354685609778
dpctgan,ProbabilityEstimation(KernelDensity()),12435,0,-84.42785829719128,0,-84.2354685609778
dpctgan,ProbabilityEstimation(KernelDensity()),12435,1,-84.23858502153345,0,-84.2354685609778
dpctgan,ProbabilityEstimation(KernelDensity()),12435,0,-84.27105085952181,0,-84.2354685609778
dpctgan,ProbabilityEstimation(KernelDensity()),12435,1,-84.3964278236485,0,-84.2354685609778
dpctgan,ProbabilityEstimation(KernelDensity()),12435,0,-85.11869012006099,0,-84.2354685609778
dpctgan,ProbabilityEstimation(KernelDensity()),12435,1,-84.32798040733704,0,-84.2354685609778
dpctgan,ProbabilityEstimation(KernelDensity()),12435,0,-84.09904205266,1,-84.2354685609778
dpctgan,ProbabilityEstimation(KernelDensity()),12435,1,-83.68661444771318,1,-84.2354685609778
dpctgan,ProbabilityEstimation(KernelDensity()),12435,0,-85.38383475926719,0,-84.2354685609778
dpctgan,ProbabilityEstimation(KernelDensity()),12435,1,-85.02572265738674,0,-84.2354685609778
dpctgan,ProbabilityEstimation(KernelDensity()),12435,0,-84.3735223090866,0,-84.2354685609778
dpctgan,ProbabilityEstimation(KernelDensity()),12435,1,-83.40186580660611,1,-84.2354685609778
dpctgan,ProbabilityEstimation(KernelDensity()),12435,0,-83.75073312031739,1,-84.2354685609778
dpctgan,ProbabilityEstimation(KernelDensity()),12435,1,-85.29820777374364,0,-84.2354685609778
dpctgan,ProbabilityEstimation(KernelDensity()),12435,0,-83.95249710481644,1,-84.2354685609778
dpctgan,ProbabilityEstimation(KernelDensity()),12435,1,-84.26395251229776,0,-84.2354685609778
dpctgan,ProbabilityEstimation(KernelDensity()),12435,0,-83.94342558857174,1,-84.2354685609778
dpctgan,ProbabilityEstimation(KernelDensity()),12435,1,-85.16851234362295,0,-84.2354685609778
dpctgan,ProbabilityEstimation(KernelDensity()),12435,0,-85.01595454218598,0,-84.2354685609778
dpctgan,ProbabilityEstimation(KernelDensity()),12435,1,-85.42541636736586,0,-84.2354685609778
dpctgan,ProbabilityEstimation(KernelDensity()),12435,0,-83.20035836641378,1,-84.2354685609778
dpctgan,ProbabilityEstimation(KernelDensity()),12435,1,-84.24895553463948,0,-84.2354685609778
dpctgan,ProbabilityEstimation(KernelDensity()),12435,0,-83.0583481223766,1,-84.2354685609778
dpctgan,ProbabilityEstimation(KernelDensity()),12435,1,-84.01200424486107,1,-84.2354685609778
dpctgan,ProbabilityEstimation(KernelDensity()),12435,0,-83.81584623408047,1,-84.2354685609778
dpctgan,ProbabilityEstimation(KernelDensity()),12435,1,-85.13784192102322,0,-84.2354685609778
dpctgan,ProbabilityEstimation(KernelDensity()),12435,0,-85.16283864440227,0,-84.2354685609778
dpctgan,ProbabilityEstimation(KernelDensity()),12435,1,-83.4792500258316,1,-84.2354685609778
dpctgan,ProbabilityEstimation(KernelDensity()),12435,0,-83.66631103370929,1,-84.2354685609778
dpctgan,ProbabilityEstimation(KernelDensity()),12435,1,-84.89265295193472,0,-84.2354685609778
dpctgan,ProbabilityEstimation(KernelDensity()),12435,0,-84.58817462049913,0,-84.2354685609778
dpctgan,ProbabilityEstimation(KernelDensity()),12435,1,-84.25351242917789,0,-84.2354685609778
dpctgan,ProbabilityEstimation(KernelDensity()),12435,0,-84.98283055340804,0,-84.2354685609778
dpctgan,ProbabilityEstimation(KernelDensity()),12435,1,-83.66189535200644,1,-84.2354685609778
dpctgan,ProbabilityEstimation(KernelDensity()),12435,0,-83.68019610048017,1,-84.2354685609778
dpctgan,ProbabilityEstimation(KernelDensity()),12435,1,-84.46453120373364,0,-84.2354685609778
dpctgan,ProbabilityEstimation(KernelDensity()),12435,0,-86.22760144764317,0,-84.2354685609778
dpctgan,ProbabilityEstimation(KernelDensity()),12435,1,-84.76876043566422,0,-84.2354685609778
dpctgan,ProbabilityEstimation(KernelDensity()),12435,0,-84.9657663629898,0,-84.2354685609778
dpctgan,ProbabilityEstimation(KernelDensity()),12435,1,-84.46813761065646,0,-84.2354685609778
dpctgan,ProbabilityEstimation(KernelDensity()),12435,0,-85.77667795447442,0,-84.2354685609778
dpctgan,ProbabilityEstimation(KernelDensity()),12435,1,-83.80241159742,1,-84.2354685609778
dpctgan,ProbabilityEstimation(KernelDensity()),12435,0,-84.77241138658468,0,-84.2354685609778
dpctgan,ProbabilityEstimation(KernelDensity()),12435,1,-84.5090801356058,0,-84.2354685609778
dpctgan,ProbabilityEstimation(KernelDensity()),12435,0,-84.30710362901462,0,-84.2354685609778
dpctgan,ProbabilityEstimation(KernelDensity()),12435,1,-84.29072747884638,0,-84.2354685609778
dpctgan,ProbabilityEstimation(KernelDensity()),12435,0,-84.92695523900053,0,-84.2354685609778
dpctgan,ProbabilityEstimation(KernelDensity()),12435,1,-84.49522103405657,0,-84.2354685609778
dpctgan,ProbabilityEstimation(KernelDensity()),12435,0,-84.72751500459708,0,-84.2354685609778
dpctgan,ProbabilityEstimation(KernelDensity()),12435,1,-84.84470566266725,0,-84.2354685609778
dpctgan,ProbabilityEstimation(KernelDensity()),12435,0,-84.17011086315456,1,-84.2354685609778
dpctgan,ProbabilityEstimation(KernelDensity()),12435,1,-84.9728955081013,0,-84.2354685609778
dpctgan,ProbabilityEstimation(KernelDensity()),12435,0,-85.23633892237622,0,-84.2354685609778
dpctgan,ProbabilityEstimation(KernelDensity()),12435,1,-83.84958769563067,1,-84.2354685609778
dpctgan,ProbabilityEstimation(KernelDensity()),12435,0,-83.37511850011516,1,-84.2354685609778
dpctgan,ProbabilityEstimation(KernelDensity()),12435,1,-85.02004160071479,0,-84.2354685609778
dpctgan,ProbabilityEstimation(KernelDensity()),12435,0,-84.3529717662709,0,-84.2354685609778
dpctgan,ProbabilityEstimation(KernelDensity()),12435,1,-84.48655567949243,0,-84.2354685609778
dpctgan,ProbabilityEstimation(KernelDensity()),12435,0,-83.21768468991675,1,-84.2354685609778
dpctgan,ProbabilityEstimation(KernelDensity()),12435,1,-84.74284450154988,0,-84.2354685609778
dpctgan,ProbabilityEstimation(KernelDensity()),12435,0,-85.56883688420545,0,-84.2354685609778
dpctgan,ProbabilityEstimation(KernelDensity()),12435,1,-83.57952972214213,1,-84.2354685609778
dpctgan,ProbabilityEstimation(KernelDensity()),12435,0,-84.93952327655002,0,-84.2354685609778
dpctgan,ProbabilityEstimation(KernelDensity()),12435,1,-85.28640164032572,0,-84.2354685609778
dpctgan,ProbabilityEstimation(KernelDensity()),12435,0,-84.61470942052804,0,-84.2354685609778
dpctgan,ProbabilityEstimation(KernelDensity()),12435,1,-83.44546317990164,1,-84.2354685609778
dpctgan,ProbabilityEstimation(KernelDensity()),12435,0,-84.07655535310705,1,-84.2354685609778
dpctgan,ProbabilityEstimation(KernelDensity()),12435,1,-86.2734011408537,0,-84.2354685609778
dpctgan,ProbabilityEstimation(KernelDensity()),12435,0,-84.23043021304018,1,-84.2354685609778
dpctgan,ProbabilityEstimation(KernelDensity()),12435,1,-84.26091793463605,0,-84.2354685609778
dpctgan,ProbabilityEstimation(KernelDensity()),12435,0,-84.24394513861105,0,-84.2354685609778
dpctgan,ProbabilityEstimation(KernelDensity()),12435,1,-85.399247236021,0,-84.2354685609778
dpctgan,ProbabilityEstimation(KernelDensity()),12435,0,-83.92638759221751,1,-84.2354685609778
dpctgan,ProbabilityEstimation(KernelDensity()),12435,1,-85.46701567785156,0,-84.2354685609778
dpctgan,ProbabilityEstimation(KernelDensity()),12435,0,-83.51213320363225,1,-84.2354685609778
dpctgan,ProbabilityEstimation(KernelDensity()),12435,1,-84.63088842024362,0,-84.2354685609778
dpctgan,ProbabilityEstimation(KernelDensity()),12435,0,-83.9087378456229,1,-84.2354685609778
dpctgan,ProbabilityEstimation(KernelDensity()),12435,1,-84.25207107289255,0,-84.2354685609778
dpctgan,ProbabilityEstimation(KernelDensity()),12435,0,-85.63125883307568,0,-84.2354685609778
dpctgan,ProbabilityEstimation(KernelDensity()),12435,1,-84.54675925022701,0,-84.2354685609778
dpctgan,ProbabilityEstimation(KernelDensity()),12435,0,-84.80020143663072,0,-84.2354685609778
dpctgan,ProbabilityEstimation(KernelDensity()),12435,1,-84.09598947634659,1,-84.2354685609778
dpctgan,ProbabilityEstimation(KernelDensity()),12435,0,-83.69474574348199,1,-84.2354685609778
dpctgan,ProbabilityEstimation(KernelDensity()),12435,1,-83.74161451665546,1,-84.2354685609778
dpctgan,ProbabilityEstimation(KernelDensity()),12435,0,-84.79220397518927,0,-84.2354685609778
dpctgan,ProbabilityEstimation(KernelDensity()),12435,1,-83.74458253240203,1,-84.2354685609778
dpctgan,ProbabilityEstimation(KernelDensity()),12435,0,-83.58127509605774,1,-84.2354685609778
dpctgan,ProbabilityEstimation(KernelDensity()),12435,1,-84.42177748622997,0,-84.2354685609778
dpctgan,ProbabilityEstimation(KernelDensity()),12435,0,-83.70529910947543,1,-84.2354685609778
dpctgan,ProbabilityEstimation(KernelDensity()),12435,1,-84.70819576048336,0,-84.2354685609778
dpctgan,ProbabilityEstimation(KernelDensity()),12435,0,-84.57896928974567,0,-84.2354685609778
dpctgan,ProbabilityEstimation(KernelDensity()),12435,1,-84.75400336895424,0,-84.2354685609778
dpctgan,ProbabilityEstimation(KernelDensity()),12435,0,-83.8408980245773,1,-84.2354685609778
dpctgan,ProbabilityEstimation(KernelDensity()),12435,1,-84.25855900524887,0,-84.2354685609778
dpctgan,ProbabilityEstimation(KernelDensity()),12435,0,-84.10884110416501,1,-84.2354685609778
dpctgan,ProbabilityEstimation(KernelDensity()),12435,1,-83.38762114232408,1,-84.2354685609778
dpctgan,ProbabilityEstimation(KernelDensity()),12435,0,-84.07904464213449,1,-84.2354685609778
dpctgan,ProbabilityEstimation(KernelDensity()),12435,1,-83.47288778340379,1,-84.2354685609778
dpctgan,ProbabilityEstimation(KernelDensity()),12435,0,-84.15722956376555,1,-84.2354685609778
dpctgan,ProbabilityEstimation(KernelDensity()),12435,1,-85.64445587337117,0,-84.2354685609778
dpctgan,ProbabilityEstimation(KernelDensity()),12435,0,-85.28715771641994,0,-84.2354685609778
dpctgan,ProbabilityEstimation(KernelDensity()),12435,1,-84.66145408601625,0,-84.2354685609778
dpctgan,ProbabilityEstimation(KernelDensity()),12435,0,-84.62344968985333,0,-84.2354685609778
dpctgan,ProbabilityEstimation(KernelDensity()),12435,1,-84.65176120963439,0,-84.2354685609778
dpctgan,ProbabilityEstimation(KernelDensity()),12435,0,-85.24046497947364,0,-84.2354685609778
dpctgan,ProbabilityEstimation(KernelDensity()),12435,1,-85.06083212197181,0,-84.2354685609778
dpctgan,ProbabilityEstimation(KernelDensity()),12435,0,-85.7949313718186,0,-84.2354685609778
dpctgan,ProbabilityEstimation(KernelDensity()),12435,1,-83.85912505827177,1,-84.2354685609778
dpctgan,ProbabilityEstimation(KernelDensity()),12435,0,-83.956504751733,1,-84.2354685609778
dpctgan,ProbabilityEstimation(KernelDensity()),12435,1,-85.69150717359452,0,-84.2354685609778
dpctgan,ProbabilityEstimation(KernelDensity()),12435,0,-83.89441850917574,1,-84.2354685609778
dpctgan,ProbabilityEstimation(KernelDensity()),12435,1,-85.11050093935467,0,-84.2354685609778
dpctgan,ProbabilityEstimation(KernelDensity()),12435,0,-84.1307401070377,1,-84.2354685609778
dpctgan,ProbabilityEstimation(KernelDensity()),12435,1,-84.89647154256743,0,-84.2354685609778
dpctgan,ProbabilityEstimation(KernelDensity()),12435,0,-85.95089094051697,0,-84.2354685609778
dpctgan,ProbabilityEstimation(KernelDensity()),12435,1,-85.38211225469361,0,-84.2354685609778
dpctgan,ProbabilityEstimation(KernelDensity()),12435,0,-85.41027759414774,0,-84.2354685609778
dpctgan,ProbabilityEstimation(KernelDensity()),12435,1,-84.38385133796066,0,-84.2354685609778
dpctgan,ProbabilityEstimation(KernelDensity()),12435,0,-84.58139380747039,0,-84.2354685609778
dpctgan,ProbabilityEstimation(KernelDensity()),12435,1,-85.75469960075169,0,-84.2354685609778
dpctgan,ProbabilityEstimation(KernelDensity()),12435,0,-84.89843456320659,0,-84.2354685609778
dpctgan,ProbabilityEstimation(KernelDensity()),12435,1,-84.44851059587116,0,-84.2354685609778
dpctgan,ProbabilityEstimation(KernelDensity()),12435,0,-84.61076332101274,0,-84.2354685609778
dpctgan,ProbabilityEstimation(KernelDensity()),12435,1,-84.5041870598271,0,-84.2354685609778
dpctgan,ProbabilityEstimation(KernelDensity()),12435,0,-85.08557053211976,0,-84.2354685609778
dpctgan,ProbabilityEstimation(KernelDensity()),12435,1,-84.59573118058238,0,-84.2354685609778
dpctgan,ProbabilityEstimation(KernelDensity()),12435,0,-84.07891871388006,1,-84.2354685609778
dpctgan,ProbabilityEstimation(KernelDensity()),12435,1,-86.25282910429911,0,-84.2354685609778
dpctgan,ProbabilityEstimation(KernelDensity()),12435,0,-83.94236868611047,1,-84.2354685609778
dpctgan,ProbabilityEstimation(KernelDensity()),12435,1,-83.9937847977416,1,-84.2354685609778
dpctgan,ProbabilityEstimation(KernelDensity()),12435,0,-84.0395075105225,1,-84.2354685609778
dpctgan,ProbabilityEstimation(KernelDensity()),12435,1,-82.81541956452155,1,-84.2354685609778
dpctgan,ProbabilityEstimation(KernelDensity()),12435,0,-83.46033267004537,1,-84.2354685609778
dpctgan,ProbabilityEstimation(KernelDensity()),12435,1,-83.577220213046,1,-84.2354685609778
dpctgan,ProbabilityEstimation(KernelDensity()),12435,0,-84.50644488430794,0,-84.2354685609778
dpctgan,ProbabilityEstimation(KernelDensity()),12435,1,-84.2071204264543,1,-84.2354685609778
dpctgan,ProbabilityEstimation(KernelDensity()),12435,0,-84.30641356869435,0,-84.2354685609778
dpctgan,ProbabilityEstimation(KernelDensity()),12435,1,-83.6124122750317,1,-84.2354685609778
dpctgan,ProbabilityEstimation(KernelDensity()),12435,0,-83.1327000331697,1,-84.2354685609778
dpctgan,ProbabilityEstimation(KernelDensity()),12435,1,-85.23420015572229,0,-84.2354685609778
dpctgan,ProbabilityEstimation(KernelDensity()),12435,0,-85.11228371532044,0,-84.2354685609778
dpctgan,ProbabilityEstimation(KernelDensity()),12435,1,-84.08686165021992,1,-84.2354685609778
dpctgan,ProbabilityEstimation(KernelDensity()),12435,0,-85.85737849641212,0,-84.2354685609778
dpctgan,ProbabilityEstimation(KernelDensity()),12435,1,-83.98550246807194,1,-84.2354685609778
dpctgan,ProbabilityEstimation(KernelDensity()),12435,0,-84.32326945943761,0,-84.2354685609778
dpctgan,ProbabilityEstimation(KernelDensity()),12435,1,-85.34933227800383,0,-84.2354685609778
dpctgan,ProbabilityEstimation(KernelDensity()),12435,0,-85.74905972739562,0,-84.2354685609778
dpctgan,ProbabilityEstimation(KernelDensity()),12435,1,-85.7147622126785,0,-84.2354685609778
dpctgan,ProbabilityEstimation(KernelDensity()),12435,0,-84.65994099871418,0,-84.2354685609778
dpctgan,ProbabilityEstimation(KernelDensity()),12435,1,-83.76397552229423,1,-84.2354685609778
dpctgan,ProbabilityEstimation(KernelDensity()),12435,0,-84.31204815528017,0,-84.2354685609778
dpctgan,ProbabilityEstimation(KernelDensity()),12435,1,-84.65859230808638,0,-84.2354685609778
dpctgan,ProbabilityEstimation(KernelDensity()),12435,0,-85.14473179202379,0,-84.2354685609778
dpctgan,ProbabilityEstimation(KernelDensity()),12435,1,-85.90465978870877,0,-84.2354685609778
dpctgan,ProbabilityEstimation(KernelDensity()),12435,0,-84.7526953619803,0,-84.2354685609778
dpctgan,ProbabilityEstimation(KernelDensity()),12435,1,-85.58515401038538,0,-84.2354685609778
dpctgan,ProbabilityEstimation(KernelDensity()),12435,0,-84.82239064630053,0,-84.2354685609778
dpctgan,ProbabilityEstimation(KernelDensity()),12435,1,-85.14191760701567,0,-84.2354685609778
dpctgan,ProbabilityEstimation(KernelDensity()),12435,0,-84.0865189005526,1,-84.2354685609778
dpctgan,ProbabilityEstimation(KernelDensity()),12435,1,-83.29208601506636,1,-84.2354685609778
dpctgan,ProbabilityEstimation(KernelDensity()),12435,0,-84.3856862393344,0,-84.2354685609778
dpctgan,ProbabilityEstimation(KernelDensity()),12435,1,-83.64753578202682,1,-84.2354685609778
dpctgan,ProbabilityEstimation(KernelDensity()),12435,0,-85.0587821887236,0,-84.2354685609778
dpctgan,ProbabilityEstimation(KernelDensity()),12435,1,-84.09551725077083,1,-84.2354685609778
dpctgan,ProbabilityEstimation(KernelDensity()),12435,0,-85.13946235186096,0,-84.2354685609778
dpctgan,ProbabilityEstimation(KernelDensity()),12435,1,-83.95085995302622,1,-84.2354685609778
dpctgan,ProbabilityEstimation(KernelDensity()),12435,0,-83.9367533789268,1,-84.2354685609778
dpctgan,ProbabilityEstimation(KernelDensity()),12435,1,-84.95615259573309,0,-84.2354685609778
dpctgan,ProbabilityEstimation(KernelDensity()),12435,0,-83.83162525299298,1,-84.2354685609778
dpctgan,ProbabilityEstimation(KernelDensity()),12435,1,-83.78610890480432,1,-84.2354685609778
dpctgan,ProbabilityEstimation(KernelDensity()),12435,0,-84.37794501831708,0,-84.2354685609778
dpctgan,ProbabilityEstimation(KernelDensity()),12435,1,-83.74268198975766,1,-84.2354685609778
dpctgan,ProbabilityEstimation(KernelDensity()),12435,0,-84.75826503631828,0,-84.2354685609778
dpctgan,ProbabilityEstimation(KernelDensity()),12435,1,-84.70255324425435,0,-84.2354685609778
dpctgan,ProbabilityEstimation(KernelDensity()),12435,0,-84.93552847936198,0,-84.2354685609778
dpctgan,ProbabilityEstimation(KernelDensity()),12435,1,-84.49524085197095,0,-84.2354685609778
dpctgan,ProbabilityEstimation(KernelDensity()),12435,0,-84.50284522749479,0,-84.2354685609778
dpctgan,ProbabilityEstimation(KernelDensity()),12435,1,-84.96389125812391,0,-84.2354685609778
dpctgan,ProbabilityEstimation(KernelDensity()),12435,0,-83.69076900463865,1,-84.2354685609778
dpctgan,ProbabilityEstimation(KernelDensity()),12435,1,-82.92441256120773,1,-84.2354685609778
dpctgan,ProbabilityEstimation(KernelDensity()),12435,0,-84.09746212606731,1,-84.2354685609778
dpctgan,ProbabilityEstimation(KernelDensity()),12435,1,-83.2001394567117,1,-84.2354685609778
dpctgan,ProbabilityEstimation(KernelDensity()),12435,0,-86.57465768856709,0,-84.2354685609778
dpctgan,ProbabilityEstimation(KernelDensity()),12435,1,-84.91203156152655,0,-84.2354685609778
dpctgan,ProbabilityEstimation(KernelDensity()),12435,0,-84.02556872175495,1,-84.2354685609778
dpctgan,ProbabilityEstimation(KernelDensity()),12435,1,-84.6930889068859,0,-84.2354685609778
dpctgan,ProbabilityEstimation(KernelDensity()),12435,0,-84.7673427217792,0,-84.2354685609778
dpctgan,ProbabilityEstimation(KernelDensity()),12435,1,-85.44309456035673,0,-84.2354685609778
dpctgan,ProbabilityEstimation(KernelDensity()),12435,0,-84.56461086316749,0,-84.2354685609778
dpctgan,ProbabilityEstimation(KernelDensity()),12435,1,-83.78506348263093,1,-84.2354685609778
dpctgan,ProbabilityEstimation(KernelDensity()),12435,0,-84.19699657536906,1,-84.2354685609778
dpctgan,ProbabilityEstimation(KernelDensity()),12435,1,-85.56817050443297,0,-84.2354685609778
dpctgan,ProbabilityEstimation(KernelDensity()),12435,0,-85.06057194617301,0,-84.2354685609778
dpctgan,ProbabilityEstimation(KernelDensity()),12435,1,-83.78242819458589,1,-84.2354685609778
dpctgan,ProbabilityEstimation(KernelDensity()),12435,0,-84.44996363298664,0,-84.2354685609778
dpctgan,ProbabilityEstimation(KernelDensity()),12435,1,-84.74934862672009,0,-84.2354685609778
dpctgan,ProbabilityEstimation(KernelDensity()),12435,0,-84.3661245282062,0,-84.2354685609778
dpctgan,ProbabilityEstimation(KernelDensity()),12435,1,-84.80233070030744,0,-84.2354685609778
dpctgan,ProbabilityEstimation(KernelDensity()),12435,0,-84.61777256233783,0,-84.2354685609778
dpctgan,ProbabilityEstimation(KernelDensity()),12435,1,-84.2999792872508,0,-84.2354685609778
dpctgan,ProbabilityEstimation(KernelDensity()),12435,0,-83.05349890413845,1,-84.2354685609778
dpctgan,ProbabilityEstimation(KernelDensity()),12435,1,-85.34161971272721,0,-84.2354685609778
dpctgan,ProbabilityEstimation(KernelDensity()),12435,0,-83.42977720849754,1,-84.2354685609778
dpctgan,ProbabilityEstimation(KernelDensity()),12435,1,-86.30293714640207,0,-84.2354685609778
dpctgan,ProbabilityEstimation(KernelDensity()),12435,0,-84.58154091161352,0,-84.2354685609778
dpctgan,ProbabilityEstimation(KernelDensity()),12435,1,-83.06787920985334,1,-84.2354685609778
dpctgan,ProbabilityEstimation(KernelDensity()),12435,0,-83.79205525265549,1,-84.2354685609778
dpctgan,ProbabilityEstimation(KernelDensity()),12435,1,-83.70185798935577,1,-84.2354685609778
dpctgan,ProbabilityEstimation(KernelDensity()),12435,0,-84.25195652460962,0,-84.2354685609778
dpctgan,ProbabilityEstimation(KernelDensity()),12435,1,-83.86069973056249,1,-84.2354685609778
dpctgan,ProbabilityEstimation(KernelDensity()),12435,0,-83.7687454821591,1,-84.2354685609778
dpctgan,ProbabilityEstimation(KernelDensity()),12435,1,-85.33765184506551,0,-84.2354685609778
dpctgan,ProbabilityEstimation(KernelDensity()),12435,0,-85.35341826147321,0,-84.2354685609778
dpctgan,ProbabilityEstimation(KernelDensity()),12435,1,-85.2103375539594,0,-84.2354685609778
dpctgan,ProbabilityEstimation(KernelDensity()),12435,0,-84.37847081461098,0,-84.2354685609778
dpctgan,ProbabilityEstimation(KernelDensity()),12435,1,-85.18090599067534,0,-84.2354685609778
dpctgan,ProbabilityEstimation(KernelDensity()),12435,0,-84.6194379926147,0,-84.2354685609778
dpctgan,ProbabilityEstimation(KernelDensity()),12435,1,-83.31751587266604,1,-84.2354685609778
dpctgan,ProbabilityEstimation(KernelDensity()),12435,0,-83.75736956556662,1,-84.2354685609778
dpctgan,ProbabilityEstimation(KernelDensity()),12435,1,-84.10799920015432,1,-84.2354685609778
dpctgan,ProbabilityEstimation(KernelDensity()),12435,0,-83.13565765889814,1,-84.2354685609778
dpctgan,ProbabilityEstimation(KernelDensity()),12435,1,-83.69880565198949,1,-84.2354685609778
dpctgan,ProbabilityEstimation(KernelDensity()),12435,0,-84.96833470599593,0,-84.2354685609778
dpctgan,ProbabilityEstimation(KernelDensity()),12435,1,-84.93366498645192,0,-84.2354685609778
dpctgan,ProbabilityEstimation(KernelDensity()),12435,0,-84.24366090163787,0,-84.2354685609778
dpctgan,ProbabilityEstimation(KernelDensity()),12435,1,-84.40477692301198,0,-84.2354685609778
dpctgan,ProbabilityEstimation(KernelDensity()),12435,0,-84.71069916204692,0,-84.2354685609778
dpctgan,ProbabilityEstimation(KernelDensity()),12435,1,-83.78763528230577,1,-84.2354685609778
dpctgan,ProbabilityEstimation(KernelDensity()),12435,0,-84.89442280895052,0,-84.2354685609778
dpctgan,ProbabilityEstimation(KernelDensity()),12435,1,-84.3026547166335,0,-84.2354685609778
dpctgan,ProbabilityEstimation(KernelDensity()),12435,0,-84.44230146887224,0,-84.2354685609778
dpctgan,ProbabilityEstimation(KernelDensity()),12435,1,-83.63035530915465,1,-84.2354685609778
dpctgan,ProbabilityEstimation(KernelDensity()),12435,0,-83.01956825285681,1,-84.2354685609778
dpctgan,ProbabilityEstimation(KernelDensity()),12435,1,-83.95574033947192,1,-84.2354685609778
dpctgan,ProbabilityEstimation(KernelDensity()),12435,0,-84.0906833415524,1,-84.2354685609778
dpctgan,ProbabilityEstimation(KernelDensity()),12435,1,-83.22474945471669,1,-84.2354685609778
dpctgan,ProbabilityEstimation(KernelDensity()),12435,0,-84.02306714165908,1,-84.2354685609778
dpctgan,ProbabilityEstimation(KernelDensity()),12435,1,-85.2838591592855,0,-84.2354685609778
dpctgan,ProbabilityEstimation(KernelDensity()),12435,0,-85.30830867260684,0,-84.2354685609778
dpctgan,ProbabilityEstimation(KernelDensity()),12435,1,-84.0612042874744,1,-84.2354685609778
dpctgan,ProbabilityEstimation(KernelDensity()),12435,0,-84.17640215163559,1,-84.2354685609778
dpctgan,ProbabilityEstimation(KernelDensity()),12435,1,-84.94044256758143,0,-84.2354685609778
dpctgan,ProbabilityEstimation(KernelDensity()),12435,0,-84.66910357087926,0,-84.2354685609778
dpctgan,ProbabilityEstimation(KernelDensity()),12435,1,-85.78159321228824,0,-84.2354685609778
dpctgan,ProbabilityEstimation(KernelDensity()),12435,0,-85.48601839397162,0,-84.2354685609778
dpctgan,ProbabilityEstimation(KernelDensity()),12435,1,-84.5984758518006,0,-84.2354685609778
dpctgan,ProbabilityEstimation(KernelDensity()),12435,0,-83.89198801301042,1,-84.2354685609778
dpctgan,ProbabilityEstimation(KernelDensity()),12435,1,-83.39877836442754,1,-84.2354685609778
dpctgan,ProbabilityEstimation(KernelDensity()),12435,0,-84.76629665529815,0,-84.2354685609778
dpctgan,ProbabilityEstimation(KernelDensity()),12435,1,-83.65623703836219,1,-84.2354685609778
dpctgan,ProbabilityEstimation(KernelDensity()),12435,0,-83.98300829867406,1,-84.2354685609778
dpctgan,ProbabilityEstimation(KernelDensity()),12435,1,-84.2590220588441,0,-84.2354685609778
dpctgan,ProbabilityEstimation(KernelDensity()),12435,0,-84.80279525938504,0,-84.2354685609778
dpctgan,ProbabilityEstimation(KernelDensity()),12435,1,-84.03425015182896,1,-84.2354685609778
dpctgan,ProbabilityEstimation(KernelDensity()),12435,0,-84.10406139883067,1,-84.2354685609778
dpctgan,ProbabilityEstimation(KernelDensity()),12435,1,-85.08323436084092,0,-84.2354685609778
dpctgan,ProbabilityEstimation(KernelDensity()),12435,0,-83.76280275485306,1,-84.2354685609778
dpctgan,ProbabilityEstimation(KernelDensity()),12435,1,-85.42515855649145,0,-84.2354685609778
dpctgan,ProbabilityEstimation(KernelDensity()),12435,0,-84.69117259578026,0,-84.2354685609778
dpctgan,ProbabilityEstimation(KernelDensity()),12435,1,-84.46630317277315,0,-84.2354685609778
dpctgan,ProbabilityEstimation(KernelDensity()),12435,0,-83.33739017951834,1,-84.2354685609778
dpctgan,ProbabilityEstimation(KernelDensity()),12435,1,-83.34966431397208,1,-84.2354685609778
dpctgan,ProbabilityEstimation(KernelDensity()),12435,0,-83.8805987797219,1,-84.2354685609778
dpctgan,ProbabilityEstimation(KernelDensity()),12435,1,-84.40771922316738,0,-84.2354685609778
dpctgan,ProbabilityEstimation(KernelDensity()),12435,0,-83.28984689838248,1,-84.2354685609778
dpctgan,ProbabilityEstimation(KernelDensity()),12435,1,-85.57877370551473,0,-84.2354685609778
dpctgan,ProbabilityEstimation(KernelDensity()),12435,0,-84.62471319504718,0,-84.2354685609778
dpctgan,ProbabilityEstimation(KernelDensity()),12435,1,-84.25704734494123,0,-84.2354685609778
dpctgan,ProbabilityEstimation(KernelDensity()),12435,0,-84.39010892849062,0,-84.2354685609778
dpctgan,"ClosestDistance(L_2, accuracy)",12435,1,-1.4586741969866734,0,-0.5505090149865879
dpctgan,"ClosestDistance(L_2, accuracy)",12435,0,-1.4618987005640576,0,-0.5505090149865879
dpctgan,"ClosestDistance(L_2, accuracy)",12435,1,-1.474160595108109,0,-0.5505090149865879
dpctgan,"ClosestDistance(L_2, accuracy)",12435,0,-0.7634945369974909,0,-0.5505090149865879
dpctgan,"ClosestDistance(L_2, accuracy)",12435,1,-0.39790833106453594,1,-0.5505090149865879
dpctgan,"ClosestDistance(L_2, accuracy)",12435,0,-1.4416321374507883,0,-0.5505090149865879
dpctgan,"ClosestDistance(L_2, accuracy)",12435,1,-1.458283287930796,0,-0.5505090149865879
dpctgan,"ClosestDistance(L_2, accuracy)",12435,0,-1.4204424999754464,0,-0.5505090149865879
dpctgan,"ClosestDistance(L_2, accuracy)",12435,1,-0.4382908209579634,1,-0.5505090149865879
dpctgan,"ClosestDistance(L_2, accuracy)",12435,0,-1.4305418336832028,0,-0.5505090149865879
dpctgan,"ClosestDistance(L_2, accuracy)",12435,1,-0.13952553697414366,1,-0.5505090149865879
dpctgan,"ClosestDistance(L_2, accuracy)",12435,0,-1.4233211862490727,0,-0.5505090149865879
dpctgan,"ClosestDistance(L_2, accuracy)",12435,1,-1.4168542215270306,0,-0.5505090149865879
dpctgan,"ClosestDistance(L_2, accuracy)",12435,0,-1.4248796010881144,0,-0.5505090149865879
dpctgan,"ClosestDistance(L_2, accuracy)",12435,1,-1.6618026810519302,0,-0.5505090149865879
dpctgan,"ClosestDistance(L_2, accuracy)",12435,0,-1.4165939829504788,0,-0.5505090149865879
dpctgan,"ClosestDistance(L_2, accuracy)",12435,1,-1.4247017616353685,0,-0.5505090149865879
dpctgan,"ClosestDistance(L_2, accuracy)",12435,0,-1.439858225776832,0,-0.5505090149865879
dpctgan,"ClosestDistance(L_2, accuracy)",12435,1,-1.51862084701824,0,-0.5505090149865879
dpctgan,"ClosestDistance(L_2, accuracy)",12435,0,-0.17906549347098788,1,-0.5505090149865879
dpctgan,"ClosestDistance(L_2, accuracy)",12435,1,-0.22852941912911565,1,-0.5505090149865879
dpctgan,"ClosestDistance(L_2, accuracy)",12435,0,-1.4637514207865268,0,-0.5505090149865879
dpctgan,"ClosestDistance(L_2, accuracy)",12435,1,-1.4491435960735808,0,-0.5505090149865879
dpctgan,"ClosestDistance(L_2, accuracy)",12435,0,-1.4711651052672574,0,-0.5505090149865879
dpctgan,"ClosestDistance(L_2, accuracy)",12435,1,-0.5302711896199119,1,-0.5505090149865879
dpctgan,"ClosestDistance(L_2, accuracy)",12435,0,-0.353790529169139,1,-0.5505090149865879
dpctgan,"ClosestDistance(L_2, accuracy)",12435,1,-0.6350363707299895,0,-0.5505090149865879
dpctgan,"ClosestDistance(L_2, accuracy)",12435,0,-1.668086633030571,0,-0.5505090149865879
dpctgan,"ClosestDistance(L_2, accuracy)",12435,1,-0.508240321336251,1,-0.5505090149865879
dpctgan,"ClosestDistance(L_2, accuracy)",12435,0,-1.4589321614895414,0,-0.5505090149865879
dpctgan,"ClosestDistance(L_2, accuracy)",12435,1,-2.0009595643103584,0,-0.5505090149865879
dpctgan,"ClosestDistance(L_2, accuracy)",12435,0,-1.4873387095199329,0,-0.5505090149865879
dpctgan,"ClosestDistance(L_2, accuracy)",12435,1,-0.2707782194251124,1,-0.5505090149865879
dpctgan,"ClosestDistance(L_2, accuracy)",12435,0,-1.4448963491587576,0,-0.5505090149865879
dpctgan,"ClosestDistance(L_2, accuracy)",12435,1,-1.4490902969097665,0,-0.5505090149865879
dpctgan,"ClosestDistance(L_2, accuracy)",12435,0,-0.07713730544477398,1,-0.5505090149865879
dpctgan,"ClosestDistance(L_2, accuracy)",12435,1,-1.4436015363432146,0,-0.5505090149865879
dpctgan,"ClosestDistance(L_2, accuracy)",12435,0,-1.4887113099908618,0,-0.5505090149865879
dpctgan,"ClosestDistance(L_2, accuracy)",12435,1,-1.4456383859646251,0,-0.5505090149865879
dpctgan,"ClosestDistance(L_2, accuracy)",12435,0,-0.5934649282259408,0,-0.5505090149865879
dpctgan,"ClosestDistance(L_2, accuracy)",12435,1,-1.4869278351186117,0,-0.5505090149865879
dpctgan,"ClosestDistance(L_2, accuracy)",12435,0,-0.40256819690003365,1,-0.5505090149865879
dpctgan,"ClosestDistance(L_2, accuracy)",12435,1,-1.48308398038044,0,-0.5505090149865879
dpctgan,"ClosestDistance(L_2, accuracy)",12435,0,-1.514149864590921,0,-0.5505090149865879
dpctgan,"ClosestDistance(L_2, accuracy)",12435,1,-0.3465489450867946,1,-0.5505090149865879
dpctgan,"ClosestDistance(L_2, accuracy)",12435,0,-0.5590743677287497,0,-0.5505090149865879
dpctgan,"ClosestDistance(L_2, accuracy)",12435,1,-1.56069306460174,0,-0.5505090149865879
dpctgan,"ClosestDistance(L_2, accuracy)",12435,0,-1.425771447737744,0,-0.5505090149865879
dpctgan,"ClosestDistance(L_2, accuracy)",12435,1,-1.4235505190612994,0,-0.5505090149865879
dpctgan,"ClosestDistance(L_2, accuracy)",12435,0,-1.4423881527927052,0,-0.5505090149865879
dpctgan,"ClosestDistance(L_2, accuracy)",12435,1,-0.5854460796906191,0,-0.5505090149865879
dpctgan,"ClosestDistance(L_2, accuracy)",12435,0,-0.6905601556557557,0,-0.5505090149865879
dpctgan,"ClosestDistance(L_2, accuracy)",12435,1,-0.727512774976095,0,-0.5505090149865879
dpctgan,"ClosestDistance(L_2, accuracy)",12435,0,-1.554514628010719,0,-0.5505090149865879
dpctgan,"ClosestDistance(L_2, accuracy)",12435,1,-0.3489191268544733,1,-0.5505090149865879
dpctgan,"ClosestDistance(L_2, accuracy)",12435,0,-1.6673540206594057,0,-0.5505090149865879
dpctgan,"ClosestDistance(L_2, accuracy)",12435,1,-1.4491143825793045,0,-0.5505090149865879
dpctgan,"ClosestDistance(L_2, accuracy)",12435,0,-1.452202840452269,0,-0.5505090149865879
dpctgan,"ClosestDistance(L_2, accuracy)",12435,1,-0.3796868414428368,1,-0.5505090149865879
dpctgan,"ClosestDistance(L_2, accuracy)",12435,0,-0.3504523269210329,1,-0.5505090149865879
dpctgan,"ClosestDistance(L_2, accuracy)",12435,1,-0.3744304188541193,1,-0.5505090149865879
dpctgan,"ClosestDistance(L_2, accuracy)",12435,0,-0.27414802460083826,1,-0.5505090149865879
dpctgan,"ClosestDistance(L_2, accuracy)",12435,1,-1.611089025702973,0,-0.5505090149865879
dpctgan,"ClosestDistance(L_2, accuracy)",12435,0,-0.1641183869875513,1,-0.5505090149865879
dpctgan,"ClosestDistance(L_2, accuracy)",12435,1,-1.4660710935597192,0,-0.5505090149865879
dpctgan,"ClosestDistance(L_2, accuracy)",12435,0,-1.4411385922043125,0,-0.5505090149865879
dpctgan,"ClosestDistance(L_2, accuracy)",12435,1,-1.5004656333628845,0,-0.5505090149865879
dpctgan,"ClosestDistance(L_2, accuracy)",12435,0,-1.4916872160272299,0,-0.5505090149865879
dpctgan,"ClosestDistance(L_2, accuracy)",12435,1,-1.416850170849042,0,-0.5505090149865879
dpctgan,"ClosestDistance(L_2, accuracy)",12435,0,-1.4342683909739462,0,-0.5505090149865879
dpctgan,"ClosestDistance(L_2, accuracy)",12435,1,-1.4416107391374304,0,-0.5505090149865879
dpctgan,"ClosestDistance(L_2, accuracy)",12435,0,-1.4837289518602652,0,-0.5505090149865879
dpctgan,"ClosestDistance(L_2, accuracy)",12435,1,-1.5810377388645334,0,-0.5505090149865879
dpctgan,"ClosestDistance(L_2, accuracy)",12435,0,-0.2513154488217915,1,-0.5505090149865879
dpctgan,"ClosestDistance(L_2, accuracy)",12435,1,-1.4252719242098637,0,-0.5505090149865879
dpctgan,"ClosestDistance(L_2, accuracy)",12435,0,-1.4441865415960333,0,-0.5505090149865879
dpctgan,"ClosestDistance(L_2, accuracy)",12435,1,-0.6130122443074402,0,-0.5505090149865879
dpctgan,"ClosestDistance(L_2, accuracy)",12435,0,-1.497750342181659,0,-0.5505090149865879
dpctgan,"ClosestDistance(L_2, accuracy)",12435,1,-1.42381473974333,0,-0.5505090149865879
dpctgan,"ClosestDistance(L_2, accuracy)",12435,0,-1.436649815452091,0,-0.5505090149865879
dpctgan,"ClosestDistance(L_2, accuracy)",12435,1,-1.4259084694024144,0,-0.5505090149865879
dpctgan,"ClosestDistance(L_2, accuracy)",12435,0,-1.5244123119049913,0,-0.5505090149865879
dpctgan,"ClosestDistance(L_2, accuracy)",12435,1,-1.443971848496897,0,-0.5505090149865879
dpctgan,"ClosestDistance(L_2, accuracy)",12435,0,-1.42701283028489,0,-0.5505090149865879
dpctgan,"ClosestDistance(L_2, accuracy)",12435,1,-1.4171105033072129,0,-0.5505090149865879
dpctgan,"ClosestDistance(L_2, accuracy)",12435,0,-0.15111536315525567,1,-0.5505090149865879
dpctgan,"ClosestDistance(L_2, accuracy)",12435,1,-0.1781865087571468,1,-0.5505090149865879
dpctgan,"ClosestDistance(L_2, accuracy)",12435,0,-0.3753228752855328,1,-0.5505090149865879
dpctgan,"ClosestDistance(L_2, accuracy)",12435,1,-0.8991310971432671,0,-0.5505090149865879
dpctgan,"ClosestDistance(L_2, accuracy)",12435,0,-0.2066970707137592,1,-0.5505090149865879
dpctgan,"ClosestDistance(L_2, accuracy)",12435,1,-1.4398846479376177,0,-0.5505090149865879
dpctgan,"ClosestDistance(L_2, accuracy)",12435,0,-1.44883928788137,0,-0.5505090149865879
dpctgan,"ClosestDistance(L_2, accuracy)",12435,1,-0.4087062089970394,1,-0.5505090149865879
dpctgan,"ClosestDistance(L_2, accuracy)",12435,0,-1.4325800871292107,0,-0.5505090149865879
dpctgan,"ClosestDistance(L_2, accuracy)",12435,1,-1.5185048479359369,0,-0.5505090149865879
dpctgan,"ClosestDistance(L_2, accuracy)",12435,0,-0.5192881255011431,1,-0.5505090149865879
dpctgan,"ClosestDistance(L_2, accuracy)",12435,1,-0.4339299254065072,1,-0.5505090149865879
dpctgan,"ClosestDistance(L_2, accuracy)",12435,0,-1.4412213482066134,0,-0.5505090149865879
dpctgan,"ClosestDistance(L_2, accuracy)",12435,1,-0.385181630265852,1,-0.5505090149865879
dpctgan,"ClosestDistance(L_2, accuracy)",12435,0,-1.5120713911931574,0,-0.5505090149865879
dpctgan,"ClosestDistance(L_2, accuracy)",12435,1,-1.4378744657987799,0,-0.5505090149865879
dpctgan,"ClosestDistance(L_2, accuracy)",12435,0,-1.4189292423034805,0,-0.5505090149865879
dpctgan,"ClosestDistance(L_2, accuracy)",12435,1,-1.4291004917820944,0,-0.5505090149865879
dpctgan,"ClosestDistance(L_2, accuracy)",12435,0,-1.4187741069131627,0,-0.5505090149865879
dpctgan,"ClosestDistance(L_2, accuracy)",12435,1,-1.464193354518396,0,-0.5505090149865879
dpctgan,"ClosestDistance(L_2, accuracy)",12435,0,-1.41973447803146,0,-0.5505090149865879
dpctgan,"ClosestDistance(L_2, accuracy)",12435,1,-0.40267632897150674,1,-0.5505090149865879
dpctgan,"ClosestDistance(L_2, accuracy)",12435,0,-0.13792564744668884,1,-0.5505090149865879
dpctgan,"ClosestDistance(L_2, accuracy)",12435,1,-2.0303400061440597,0,-0.5505090149865879
dpctgan,"ClosestDistance(L_2, accuracy)",12435,0,-1.4861647865344598,0,-0.5505090149865879
dpctgan,"ClosestDistance(L_2, accuracy)",12435,1,-0.3882098730380541,1,-0.5505090149865879
dpctgan,"ClosestDistance(L_2, accuracy)",12435,0,-0.6932665977846261,0,-0.5505090149865879
dpctgan,"ClosestDistance(L_2, accuracy)",12435,1,-1.4363242141756953,0,-0.5505090149865879
dpctgan,"ClosestDistance(L_2, accuracy)",12435,0,-1.4204023396530854,0,-0.5505090149865879
dpctgan,"ClosestDistance(L_2, accuracy)",12435,1,-1.5946631403576759,0,-0.5505090149865879
dpctgan,"ClosestDistance(L_2, accuracy)",12435,0,-1.422962676116947,0,-0.5505090149865879
dpctgan,"ClosestDistance(L_2, accuracy)",12435,1,-0.43164040714886354,1,-0.5505090149865879
dpctgan,"ClosestDistance(L_2, accuracy)",12435,0,-1.4189137430150258,0,-0.5505090149865879
dpctgan,"ClosestDistance(L_2, accuracy)",12435,1,-1.452213074940121,0,-0.5505090149865879
dpctgan,"ClosestDistance(L_2, accuracy)",12435,0,-1.6459135126534394,0,-0.5505090149865879
dpctgan,"ClosestDistance(L_2, accuracy)",12435,1,-1.4376391037387184,0,-0.5505090149865879
dpctgan,"ClosestDistance(L_2, accuracy)",12435,0,-1.5198730892580714,0,-0.5505090149865879
dpctgan,"ClosestDistance(L_2, accuracy)",12435,1,-1.423420567954916,0,-0.5505090149865879
dpctgan,"ClosestDistance(L_2, accuracy)",12435,0,-1.4199021359135597,0,-0.5505090149865879
dpctgan,"ClosestDistance(L_2, accuracy)",12435,1,-1.4162821312486136,0,-0.5505090149865879
dpctgan,"ClosestDistance(L_2, accuracy)",12435,0,-0.28387677443674314,1,-0.5505090149865879
dpctgan,"ClosestDistance(L_2, accuracy)",12435,1,-1.4232835803892427,0,-0.5505090149865879
dpctgan,"ClosestDistance(L_2, accuracy)",12435,0,-1.433350850823238,0,-0.5505090149865879
dpctgan,"ClosestDistance(L_2, accuracy)",12435,1,-0.310054628575491,1,-0.5505090149865879
dpctgan,"ClosestDistance(L_2, accuracy)",12435,0,-0.4824159005766186,1,-0.5505090149865879
dpctgan,"ClosestDistance(L_2, accuracy)",12435,1,-0.6606044306149418,0,-0.5505090149865879
dpctgan,"ClosestDistance(L_2, accuracy)",12435,0,-0.833718564342282,0,-0.5505090149865879
dpctgan,"ClosestDistance(L_2, accuracy)",12435,1,-1.4242467073994083,0,-0.5505090149865879
dpctgan,"ClosestDistance(L_2, accuracy)",12435,0,-0.7682416952474267,0,-0.5505090149865879
dpctgan,"ClosestDistance(L_2, accuracy)",12435,1,-1.4383297602237788,0,-0.5505090149865879
dpctgan,"ClosestDistance(L_2, accuracy)",12435,0,-0.192935601057694,1,-0.5505090149865879
dpctgan,"ClosestDistance(L_2, accuracy)",12435,1,-1.4463726556177923,0,-0.5505090149865879
dpctgan,"ClosestDistance(L_2, accuracy)",12435,0,-0.7080111220627073,0,-0.5505090149865879
dpctgan,"ClosestDistance(L_2, accuracy)",12435,1,-1.446895595029446,0,-0.5505090149865879
dpctgan,"ClosestDistance(L_2, accuracy)",12435,0,-1.4382127015963522,0,-0.5505090149865879
dpctgan,"ClosestDistance(L_2, accuracy)",12435,1,-1.437013593756261,0,-0.5505090149865879
dpctgan,"ClosestDistance(L_2, accuracy)",12435,0,-0.21267518815643302,1,-0.5505090149865879
dpctgan,"ClosestDistance(L_2, accuracy)",12435,1,-1.421436576535069,0,-0.5505090149865879
dpctgan,"ClosestDistance(L_2, accuracy)",12435,0,-0.4359952783440429,1,-0.5505090149865879
dpctgan,"ClosestDistance(L_2, accuracy)",12435,1,-0.5103011695502626,1,-0.5505090149865879
dpctgan,"ClosestDistance(L_2, accuracy)",12435,0,-1.417768188714781,0,-0.5505090149865879
dpctgan,"ClosestDistance(L_2, accuracy)",12435,1,-1.4219033683926952,0,-0.5505090149865879
dpctgan,"ClosestDistance(L_2, accuracy)",12435,0,-1.4355207495220448,0,-0.5505090149865879
dpctgan,"ClosestDistance(L_2, accuracy)",12435,1,-0.7128520958634499,0,-0.5505090149865879
dpctgan,"ClosestDistance(L_2, accuracy)",12435,0,-1.4538028136700396,0,-0.5505090149865879
dpctgan,"ClosestDistance(L_2, accuracy)",12435,1,-1.7432023448226783,0,-0.5505090149865879
dpctgan,"ClosestDistance(L_2, accuracy)",12435,0,-0.5969485440864627,0,-0.5505090149865879
dpctgan,"ClosestDistance(L_2, accuracy)",12435,1,-1.68140209419299,0,-0.5505090149865879
dpctgan,"ClosestDistance(L_2, accuracy)",12435,0,-1.4231728408189364,0,-0.5505090149865879
dpctgan,"ClosestDistance(L_2, accuracy)",12435,1,-1.4343949745114122,0,-0.5505090149865879
dpctgan,"ClosestDistance(L_2, accuracy)",12435,0,-1.426296753090764,0,-0.5505090149865879
dpctgan,"ClosestDistance(L_2, accuracy)",12435,1,-1.4382854185383562,0,-0.5505090149865879
dpctgan,"ClosestDistance(L_2, accuracy)",12435,0,-2.02336990180173,0,-0.5505090149865879
dpctgan,"ClosestDistance(L_2, accuracy)",12435,1,-1.4188688472973432,0,-0.5505090149865879
dpctgan,"ClosestDistance(L_2, accuracy)",12435,0,-0.2685255732836602,1,-0.5505090149865879
dpctgan,"ClosestDistance(L_2, accuracy)",12435,1,-2.4539102555658174,0,-0.5505090149865879
dpctgan,"ClosestDistance(L_2, accuracy)",12435,0,-0.3508247827977108,1,-0.5505090149865879
dpctgan,"ClosestDistance(L_2, accuracy)",12435,1,-1.464651442964149,0,-0.5505090149865879
dpctgan,"ClosestDistance(L_2, accuracy)",12435,0,-1.4204600406640322,0,-0.5505090149865879
dpctgan,"ClosestDistance(L_2, accuracy)",12435,1,-1.4858459530368087,0,-0.5505090149865879
dpctgan,"ClosestDistance(L_2, accuracy)",12435,0,-0.46537878860857756,1,-0.5505090149865879
dpctgan,"ClosestDistance(L_2, accuracy)",12435,1,-0.348358704426227,1,-0.5505090149865879
dpctgan,"ClosestDistance(L_2, accuracy)",12435,0,-1.47952763434884,0,-0.5505090149865879
dpctgan,"ClosestDistance(L_2, accuracy)",12435,1,-0.4566785035907669,1,-0.5505090149865879
dpctgan,"ClosestDistance(L_2, accuracy)",12435,0,-0.7646994794887257,0,-0.5505090149865879
dpctgan,"ClosestDistance(L_2, accuracy)",12435,1,-1.51428409201027,0,-0.5505090149865879
dpctgan,"ClosestDistance(L_2, accuracy)",12435,0,-0.25557507231516285,1,-0.5505090149865879
dpctgan,"ClosestDistance(L_2, accuracy)",12435,1,-1.730880267668084,0,-0.5505090149865879
dpctgan,"ClosestDistance(L_2, accuracy)",12435,0,-0.7070723083631114,0,-0.5505090149865879
dpctgan,"ClosestDistance(L_2, accuracy)",12435,1,-1.4302951329207154,0,-0.5505090149865879
dpctgan,"ClosestDistance(L_2, accuracy)",12435,0,-1.4556153354101344,0,-0.5505090149865879
dpctgan,"ClosestDistance(L_2, accuracy)",12435,1,-0.1740578677591175,1,-0.5505090149865879
dpctgan,"ClosestDistance(L_2, accuracy)",12435,0,-0.5487207330160018,1,-0.5505090149865879
dpctgan,"ClosestDistance(L_2, accuracy)",12435,1,-0.8191783711382766,0,-0.5505090149865879
dpctgan,"ClosestDistance(L_2, accuracy)",12435,0,-0.7525306740823698,0,-0.5505090149865879
dpctgan,"ClosestDistance(L_2, accuracy)",12435,1,-2.0158790521602934,0,-0.5505090149865879
dpctgan,"ClosestDistance(L_2, accuracy)",12435,0,-1.4220003268838641,0,-0.5505090149865879
dpctgan,"ClosestDistance(L_2, accuracy)",12435,1,-0.6591223078552998,0,-0.5505090149865879
dpctgan,"ClosestDistance(L_2, accuracy)",12435,0,-2.0818941150343715,0,-0.5505090149865879
dpctgan,"ClosestDistance(L_2, accuracy)",12435,1,-1.4775682457435426,0,-0.5505090149865879
dpctgan,"ClosestDistance(L_2, accuracy)",12435,0,-1.4274376536485032,0,-0.5505090149865879
dpctgan,"ClosestDistance(L_2, accuracy)",12435,1,-1.4177986187378377,0,-0.5505090149865879
dpctgan,"ClosestDistance(L_2, accuracy)",12435,0,-1.4598500847475946,0,-0.5505090149865879
dpctgan,"ClosestDistance(L_2, accuracy)",12435,1,-0.9691227350313706,0,-0.5505090149865879
dpctgan,"ClosestDistance(L_2, accuracy)",12435,0,-0.7414684079897036,0,-0.5505090149865879
dpctgan,"ClosestDistance(L_2, accuracy)",12435,1,-2.0163400240179974,0,-0.5505090149865879
dpctgan,"ClosestDistance(L_2, accuracy)",12435,0,-1.7471747129026385,0,-0.5505090149865879
dpctgan,"ClosestDistance(L_2, accuracy)",12435,1,-0.9381151847788471,0,-0.5505090149865879
dpctgan,"ClosestDistance(L_2, accuracy)",12435,0,-0.2518900407336892,1,-0.5505090149865879
dpctgan,"ClosestDistance(L_2, accuracy)",12435,1,-1.4713627462209267,0,-0.5505090149865879
dpctgan,"ClosestDistance(L_2, accuracy)",12435,0,-1.4659239799270813,0,-0.5505090149865879
dpctgan,"ClosestDistance(L_2, accuracy)",12435,1,-0.5145759275931391,1,-0.5505090149865879
dpctgan,"ClosestDistance(L_2, accuracy)",12435,0,-1.4388359780538023,0,-0.5505090149865879
dpctgan,"ClosestDistance(L_2, accuracy)",12435,1,-1.4206039641985373,0,-0.5505090149865879
dpctgan,"ClosestDistance(L_2, accuracy)",12435,0,-1.4640506448144235,0,-0.5505090149865879
dpctgan,"ClosestDistance(L_2, accuracy)",12435,1,-0.20664895492210683,1,-0.5505090149865879
dpctgan,"ClosestDistance(L_2, accuracy)",12435,0,-0.658908699185672,0,-0.5505090149865879
dpctgan,"ClosestDistance(L_2, accuracy)",12435,1,-0.3751390116129299,1,-0.5505090149865879
dpctgan,"ClosestDistance(L_2, accuracy)",12435,0,-1.4633324776883248,0,-0.5505090149865879
dpctgan,"ClosestDistance(L_2, accuracy)",12435,1,-0.6044426263311009,0,-0.5505090149865879
dpctgan,"ClosestDistance(L_2, accuracy)",12435,0,-0.42654565267263767,1,-0.5505090149865879
dpctgan,"ClosestDistance(L_2, accuracy)",12435,1,-0.27279495692801903,1,-0.5505090149865879
dpctgan,"ClosestDistance(L_2, accuracy)",12435,0,-0.44970979580027914,1,-0.5505090149865879
dpctgan,"ClosestDistance(L_2, accuracy)",12435,1,-1.4385053861760393,0,-0.5505090149865879
dpctgan,"ClosestDistance(L_2, accuracy)",12435,0,-0.6299287629835522,0,-0.5505090149865879
dpctgan,"ClosestDistance(L_2, accuracy)",12435,1,-1.602593699733364,0,-0.5505090149865879
dpctgan,"ClosestDistance(L_2, accuracy)",12435,0,-1.4829723351679942,0,-0.5505090149865879
dpctgan,"ClosestDistance(L_2, accuracy)",12435,1,-2.006719042041067,0,-0.5505090149865879
dpctgan,"ClosestDistance(L_2, accuracy)",12435,0,-1.481749244177793,0,-0.5505090149865879
dpctgan,"ClosestDistance(L_2, accuracy)",12435,1,-1.4410305511957833,0,-0.5505090149865879
dpctgan,"ClosestDistance(L_2, accuracy)",12435,0,-1.4194444099061505,0,-0.5505090149865879
dpctgan,"ClosestDistance(L_2, accuracy)",12435,1,-1.4200495305640999,0,-0.5505090149865879
dpctgan,"ClosestDistance(L_2, accuracy)",12435,0,-1.4507684288658518,0,-0.5505090149865879
dpctgan,"ClosestDistance(L_2, accuracy)",12435,1,-0.14033564698160134,1,-0.5505090149865879
dpctgan,"ClosestDistance(L_2, accuracy)",12435,0,-0.3423231926886089,1,-0.5505090149865879
dpctgan,"ClosestDistance(L_2, accuracy)",12435,1,-1.5124504396237068,0,-0.5505090149865879
dpctgan,"ClosestDistance(L_2, accuracy)",12435,0,-1.4409180350864632,0,-0.5505090149865879
dpctgan,"ClosestDistance(L_2, accuracy)",12435,1,-1.5592543687006224,0,-0.5505090149865879
dpctgan,"ClosestDistance(L_2, accuracy)",12435,0,-0.3854317057783215,1,-0.5505090149865879
dpctgan,"ClosestDistance(L_2, accuracy)",12435,1,-1.5954431706784307,0,-0.5505090149865879
dpctgan,"ClosestDistance(L_2, accuracy)",12435,0,-1.4378305305386938,0,-0.5505090149865879
dpctgan,"ClosestDistance(L_2, accuracy)",12435,1,-1.4922815824586617,0,-0.5505090149865879
dpctgan,"ClosestDistance(L_2, accuracy)",12435,0,-1.4203759126058069,0,-0.5505090149865879
dpctgan,"ClosestDistance(L_2, accuracy)",12435,1,-0.36637464838361156,1,-0.5505090149865879
dpctgan,"ClosestDistance(L_2, accuracy)",12435,0,-1.4470729391583799,0,-0.5505090149865879
dpctgan,"ClosestDistance(L_2, accuracy)",12435,1,-1.4242182051587393,0,-0.5505090149865879
dpctgan,"ClosestDistance(L_2, accuracy)",12435,0,-1.4845619416448612,0,-0.5505090149865879
dpctgan,"ClosestDistance(L_2, accuracy)",12435,1,-1.4296409376913584,0,-0.5505090149865879
dpctgan,"ClosestDistance(L_2, accuracy)",12435,0,-2.032464992938751,0,-0.5505090149865879
dpctgan,"ClosestDistance(L_2, accuracy)",12435,1,-0.12992776804758302,1,-0.5505090149865879
dpctgan,"ClosestDistance(L_2, accuracy)",12435,0,-0.6545006145836604,0,-0.5505090149865879
dpctgan,"ClosestDistance(L_2, accuracy)",12435,1,-1.6078573812579122,0,-0.5505090149865879
dpctgan,"ClosestDistance(L_2, accuracy)",12435,0,-0.3874590193213209,1,-0.5505090149865879
dpctgan,"ClosestDistance(L_2, accuracy)",12435,1,-1.4647519042452262,0,-0.5505090149865879
dpctgan,"ClosestDistance(L_2, accuracy)",12435,0,-1.4156189379836195,0,-0.5505090149865879
dpctgan,"ClosestDistance(L_2, accuracy)",12435,1,-1.5769389520034545,0,-0.5505090149865879
dpctgan,"ClosestDistance(L_2, accuracy)",12435,0,-1.445648890868952,0,-0.5505090149865879
dpctgan,"ClosestDistance(L_2, accuracy)",12435,1,-2.0039285819663215,0,-0.5505090149865879
dpctgan,"ClosestDistance(L_2, accuracy)",12435,0,-0.6066594345127184,0,-0.5505090149865879
dpctgan,"ClosestDistance(L_2, accuracy)",12435,1,-1.6132453724429499,0,-0.5505090149865879
dpctgan,"ClosestDistance(L_2, accuracy)",12435,0,-1.4214998628097955,0,-0.5505090149865879
dpctgan,"ClosestDistance(L_2, accuracy)",12435,1,-1.5701244369399656,0,-0.5505090149865879
dpctgan,"ClosestDistance(L_2, accuracy)",12435,0,-1.5593252234791528,0,-0.5505090149865879
dpctgan,"ClosestDistance(L_2, accuracy)",12435,1,-1.439462355115245,0,-0.5505090149865879
dpctgan,"ClosestDistance(L_2, accuracy)",12435,0,-0.1932793292924462,1,-0.5505090149865879
dpctgan,"ClosestDistance(L_2, accuracy)",12435,1,-0.8265455299314058,0,-0.5505090149865879
dpctgan,"ClosestDistance(L_2, accuracy)",12435,0,-0.29374376698759985,1,-0.5505090149865879
dpctgan,"ClosestDistance(L_2, accuracy)",12435,1,-1.4499830703251284,0,-0.5505090149865879
dpctgan,"ClosestDistance(L_2, accuracy)",12435,0,-0.3678053583840774,1,-0.5505090149865879
dpctgan,"ClosestDistance(L_2, accuracy)",12435,1,-1.444933127162704,0,-0.5505090149865879
dpctgan,"ClosestDistance(L_2, accuracy)",12435,0,-0.18981808882854237,1,-0.5505090149865879
dpctgan,"ClosestDistance(L_2, accuracy)",12435,1,-1.7022761772202537,0,-0.5505090149865879
dpctgan,"ClosestDistance(L_2, accuracy)",12435,0,-1.4571485652255562,0,-0.5505090149865879
dpctgan,"ClosestDistance(L_2, accuracy)",12435,1,-1.4323327488745998,0,-0.5505090149865879
dpctgan,"ClosestDistance(L_2, accuracy)",12435,0,-1.4205144545029782,0,-0.5505090149865879
dpctgan,"ClosestDistance(L_2, accuracy)",12435,1,-1.5078802149702877,0,-0.5505090149865879
dpctgan,"ClosestDistance(L_2, accuracy)",12435,0,-0.15717853231628076,1,-0.5505090149865879
dpctgan,"ClosestDistance(L_2, accuracy)",12435,1,-0.40687080115479257,1,-0.5505090149865879
dpctgan,"ClosestDistance(L_2, accuracy)",12435,0,-1.470484012360853,0,-0.5505090149865879
dpctgan,"ClosestDistance(L_2, accuracy)",12435,1,-1.577370442947723,0,-0.5505090149865879
dpctgan,"ClosestDistance(L_2, accuracy)",12435,0,-0.3102063015243529,1,-0.5505090149865879
dpctgan,"ClosestDistance(L_2, accuracy)",12435,1,-1.4243180381555514,0,-0.5505090149865879
dpctgan,"ClosestDistance(L_2, accuracy)",12435,0,-0.43874371387095834,1,-0.5505090149865879
dpctgan,"ClosestDistance(L_2, accuracy)",12435,1,-1.418796691398602,0,-0.5505090149865879
dpctgan,"ClosestDistance(L_2, accuracy)",12435,0,-1.4483818435527664,0,-0.5505090149865879
dpctgan,"ClosestDistance(L_2, accuracy)",12435,1,-1.4307464697113226,0,-0.5505090149865879
dpctgan,"ClosestDistance(L_2, accuracy)",12435,0,-1.486587689560416,0,-0.5505090149865879
dpctgan,"ClosestDistance(L_2, accuracy)",12435,1,-0.37988462984716903,1,-0.5505090149865879
dpctgan,"ClosestDistance(L_2, accuracy)",12435,0,-1.4661299838559216,0,-0.5505090149865879
dpctgan,"ClosestDistance(L_2, accuracy)",12435,1,-1.4198086781904167,0,-0.5505090149865879
dpctgan,"ClosestDistance(L_2, accuracy)",12435,0,-1.4272273329103042,0,-0.5505090149865879
dpctgan,"ClosestDistance(L_2, accuracy)",12435,1,-1.5447525149050934,0,-0.5505090149865879
dpctgan,"ClosestDistance(L_2, accuracy)",12435,0,-0.2773121583986962,1,-0.5505090149865879
dpctgan,"ClosestDistance(L_2, accuracy)",12435,1,-1.4143452705929935,0,-0.5505090149865879
dpctgan,"ClosestDistance(L_2, accuracy)",12435,0,-1.498063913796329,0,-0.5505090149865879
dpctgan,"ClosestDistance(L_2, accuracy)",12435,1,-0.16832190096376054,1,-0.5505090149865879
dpctgan,"ClosestDistance(L_2, accuracy)",12435,0,-0.2519794064751705,1,-0.5505090149865879
dpctgan,"ClosestDistance(L_2, accuracy)",12435,1,-1.4700504461080006,0,-0.5505090149865879
dpctgan,"ClosestDistance(L_2, accuracy)",12435,0,-1.4779346877377801,0,-0.5505090149865879
dpctgan,"ClosestDistance(L_2, accuracy)",12435,1,-1.4651256241573194,0,-0.5505090149865879
dpctgan,"ClosestDistance(L_2, accuracy)",12435,0,-1.5631875841469463,0,-0.5505090149865879
dpctgan,"ClosestDistance(L_2, accuracy)",12435,1,-0.5747075880828001,0,-0.5505090149865879
dpctgan,"ClosestDistance(L_2, accuracy)",12435,0,-1.4746176382959062,0,-0.5505090149865879
dpctgan,"ClosestDistance(L_2, accuracy)",12435,1,-1.4570746582521543,0,-0.5505090149865879
dpctgan,"ClosestDistance(L_2, accuracy)",12435,0,-0.2996405277056673,1,-0.5505090149865879
dpctgan,"ClosestDistance(L_2, accuracy)",12435,1,-0.25679700506950726,1,-0.5505090149865879
dpctgan,"ClosestDistance(L_2, accuracy)",12435,0,-1.4264045777269017,0,-0.5505090149865879
dpctgan,"ClosestDistance(L_2, accuracy)",12435,1,-1.4989773960375767,0,-0.5505090149865879
dpctgan,"ClosestDistance(L_2, accuracy)",12435,0,-1.4161856808261504,0,-0.5505090149865879
dpctgan,"ClosestDistance(L_2, accuracy)",12435,1,-0.3748272614763615,1,-0.5505090149865879
dpctgan,"ClosestDistance(L_2, accuracy)",12435,0,-1.4233660863104791,0,-0.5505090149865879
dpctgan,"ClosestDistance(L_2, accuracy)",12435,1,-0.9444860592641119,0,-0.5505090149865879
dpctgan,"ClosestDistance(L_2, accuracy)",12435,0,-1.4829307952224835,0,-0.5505090149865879
dpctgan,"ClosestDistance(L_2, accuracy)",12435,1,-1.5498079034181,0,-0.5505090149865879
dpctgan,"ClosestDistance(L_2, accuracy)",12435,0,-1.5230748248401447,0,-0.5505090149865879
dpctgan,"ClosestDistance(L_2, accuracy)",12435,1,-0.3060901358190686,1,-0.5505090149865879
dpctgan,"ClosestDistance(L_2, accuracy)",12435,0,-1.45051157471483,0,-0.5505090149865879
dpctgan,"ClosestDistance(L_2, accuracy)",12435,1,-1.4794706449626236,0,-0.5505090149865879
dpctgan,"ClosestDistance(L_2, accuracy)",12435,0,-1.421547780139867,0,-0.5505090149865879
dpctgan,"ClosestDistance(L_2, accuracy)",12435,1,-0.43284868721858427,1,-0.5505090149865879
dpctgan,"ClosestDistance(L_2, accuracy)",12435,0,-2.033107347010053,0,-0.5505090149865879
dpctgan,"ClosestDistance(L_2, accuracy)",12435,1,-0.5487151497258473,1,-0.5505090149865879
dpctgan,"ClosestDistance(L_2, accuracy)",12435,0,-0.4048426158099055,1,-0.5505090149865879
dpctgan,"ClosestDistance(L_2, accuracy)",12435,1,-0.2722534371975931,1,-0.5505090149865879
dpctgan,"ClosestDistance(L_2, accuracy)",12435,0,-0.4550252718129778,1,-0.5505090149865879
dpctgan,"ClosestDistance(L_2, accuracy)",12435,1,-0.7930099117163542,0,-0.5505090149865879
dpctgan,"ClosestDistance(L_2, accuracy)",12435,0,-1.4783795459379994,0,-0.5505090149865879
dpctgan,"ClosestDistance(L_2, accuracy)",12435,1,-0.5349636666621849,1,-0.5505090149865879
dpctgan,"ClosestDistance(L_2, accuracy)",12435,0,-1.435855764441834,0,-0.5505090149865879
dpctgan,"ClosestDistance(L_2, accuracy)",12435,1,-1.4443168055898168,0,-0.5505090149865879
dpctgan,"ClosestDistance(L_2, accuracy)",12435,0,-1.4455515972221036,0,-0.5505090149865879
dpctgan,"ClosestDistance(L_2, accuracy)",12435,1,-0.07147170870106799,1,-0.5505090149865879
dpctgan,"ClosestDistance(L_2, accuracy)",12435,0,-1.4332517385336958,0,-0.5505090149865879
dpctgan,"ClosestDistance(L_2, accuracy)",12435,1,-0.32915249265162694,1,-0.5505090149865879
dpctgan,"ClosestDistance(L_2, accuracy)",12435,0,-0.5071361644147213,1,-0.5505090149865879
dpctgan,"ClosestDistance(L_2, accuracy)",12435,1,-0.6237438981954503,0,-0.5505090149865879
dpctgan,"ClosestDistance(L_2, accuracy)",12435,0,-0.14055018955001702,1,-0.5505090149865879
dpctgan,"ClosestDistance(L_2, accuracy)",12435,1,-0.19543991015921694,1,-0.5505090149865879
dpctgan,"ClosestDistance(L_2, accuracy)",12435,0,-1.4270806869313077,0,-0.5505090149865879
dpctgan,"ClosestDistance(L_2, accuracy)",12435,1,-0.8882123020494986,0,-0.5505090149865879
dpctgan,"ClosestDistance(L_2, accuracy)",12435,0,-1.4393145191359031,0,-0.5505090149865879
dpctgan,"ClosestDistance(L_2, accuracy)",12435,1,-1.497577650511106,0,-0.5505090149865879
dpctgan,"ClosestDistance(L_2, accuracy)",12435,0,-0.322738209509588,1,-0.5505090149865879
dpctgan,"ClosestDistance(L_2, accuracy)",12435,1,-2.020211800715444,0,-0.5505090149865879
dpctgan,"ClosestDistance(L_2, accuracy)",12435,0,-1.7452953796662822,0,-0.5505090149865879
dpctgan,"ClosestDistance(L_2, accuracy)",12435,1,-0.9868097354313285,0,-0.5505090149865879
dpctgan,"ClosestDistance(L_2, accuracy)",12435,0,-1.4182197588898917,0,-0.5505090149865879
dpctgan,"ClosestDistance(L_2, accuracy)",12435,1,-1.4288403223637054,0,-0.5505090149865879
dpctgan,"ClosestDistance(L_2, accuracy)",12435,0,-0.10270033080448356,1,-0.5505090149865879
dpctgan,"ClosestDistance(L_2, accuracy)",12435,1,-1.4437029455994266,0,-0.5505090149865879
dpctgan,"ClosestDistance(L_2, accuracy)",12435,0,-1.4765165574627859,0,-0.5505090149865879
dpctgan,"ClosestDistance(L_2, accuracy)",12435,1,-0.4575386470929887,1,-0.5505090149865879
dpctgan,"ClosestDistance(L_2, accuracy)",12435,0,-1.52342216672074,0,-0.5505090149865879
dpctgan,"ClosestDistance(L_2, accuracy)",12435,1,-0.5455758275466586,1,-0.5505090149865879
dpctgan,"ClosestDistance(L_2, accuracy)",12435,0,-1.6012769439486838,0,-0.5505090149865879
dpctgan,"ClosestDistance(L_2, accuracy)",12435,1,-1.4673801287065824,0,-0.5505090149865879
dpctgan,"ClosestDistance(L_2, accuracy)",12435,0,-0.6943252224084251,0,-0.5505090149865879
dpctgan,"ClosestDistance(L_2, accuracy)",12435,1,-0.31277479361427607,1,-0.5505090149865879
dpctgan,"ClosestDistance(L_2, accuracy)",12435,0,-1.486944704298312,0,-0.5505090149865879
dpctgan,"ClosestDistance(L_2, accuracy)",12435,1,-1.4782743186864666,0,-0.5505090149865879
dpctgan,"ClosestDistance(L_2, accuracy)",12435,0,-1.420235281405968,0,-0.5505090149865879
dpctgan,"ClosestDistance(L_2, accuracy)",12435,1,-1.5136591317489372,0,-0.5505090149865879
dpctgan,"ClosestDistance(L_2, accuracy)",12435,0,-0.20082365416446823,1,-0.5505090149865879
dpctgan,"ClosestDistance(L_2, accuracy)",12435,1,-0.36463577986058665,1,-0.5505090149865879
dpctgan,"ClosestDistance(L_2, accuracy)",12435,0,-0.6619743596430765,0,-0.5505090149865879
dpctgan,"ClosestDistance(L_2, accuracy)",12435,1,-1.4303814276706248,0,-0.5505090149865879
dpctgan,"ClosestDistance(L_2, accuracy)",12435,0,-0.19123403845481174,1,-0.5505090149865879
dpctgan,"ClosestDistance(L_2, accuracy)",12435,1,-0.30144259892556347,1,-0.5505090149865879
dpctgan,"ClosestDistance(L_2, accuracy)",12435,0,-1.428538852312985,0,-0.5505090149865879
dpctgan,"ClosestDistance(L_2, accuracy)",12435,1,-0.2740224810218345,1,-0.5505090149865879
dpctgan,"ClosestDistance(L_2, accuracy)",12435,0,-1.421682683149234,0,-0.5505090149865879
dpctgan,"ClosestDistance(L_2, accuracy)",12435,1,-1.4863628591954856,0,-0.5505090149865879
dpctgan,"ClosestDistance(L_2, accuracy)",12435,0,-1.4213469637070697,0,-0.5505090149865879
dpctgan,"ClosestDistance(L_2, accuracy)",12435,1,-0.17995993929237306,1,-0.5505090149865879
dpctgan,"ClosestDistance(L_2, accuracy)",12435,0,-0.41244497198855146,1,-0.5505090149865879
dpctgan,"ClosestDistance(L_2, accuracy)",12435,1,-1.4382065667716597,0,-0.5505090149865879
dpctgan,"ClosestDistance(L_2, accuracy)",12435,0,-1.428440796484772,0,-0.5505090149865879
dpctgan,"ClosestDistance(L_2, accuracy)",12435,1,-0.15010623747135057,1,-0.5505090149865879
dpctgan,"ClosestDistance(L_2, accuracy)",12435,0,-1.4148277709566461,0,-0.5505090149865879
dpctgan,"ClosestDistance(L_2, accuracy)",12435,1,-1.423604414905166,0,-0.5505090149865879
dpctgan,"ClosestDistance(L_2, accuracy)",12435,0,-0.4508947310085104,1,-0.5505090149865879
dpctgan,"ClosestDistance(L_2, accuracy)",12435,1,-0.2844756946607121,1,-0.5505090149865879
dpctgan,"ClosestDistance(L_2, accuracy)",12435,0,-1.447809116483988,0,-0.5505090149865879
dpctgan,"ClosestDistance(L_2, accuracy)",12435,1,-1.7269068910650465,0,-0.5505090149865879
dpctgan,"ClosestDistance(L_2, accuracy)",12435,0,-1.4244995213325913,0,-0.5505090149865879
dpctgan,"ClosestDistance(L_2, accuracy)",12435,1,-1.4639180700084056,0,-0.5505090149865879
dpctgan,"ClosestDistance(L_2, accuracy)",12435,0,-2.036968312795076,0,-0.5505090149865879
dpctgan,"ClosestDistance(L_2, accuracy)",12435,1,-0.7710535169902962,0,-0.5505090149865879
dpctgan,"ClosestDistance(L_2, accuracy)",12435,0,-0.7205512564115472,0,-0.5505090149865879
dpctgan,"ClosestDistance(L_2, accuracy)",12435,1,-0.31559411142678295,1,-0.5505090149865879
dpctgan,"ClosestDistance(L_2, accuracy)",12435,0,-1.5083558401308481,0,-0.5505090149865879
dpctgan,"ClosestDistance(L_2, accuracy)",12435,1,-1.4171632892269153,0,-0.5505090149865879
dpctgan,"ClosestDistance(L_2, accuracy)",12435,0,-1.4798559754624456,0,-0.5505090149865879
dpctgan,"ClosestDistance(L_2, accuracy)",12435,1,-1.631992143007918,0,-0.5505090149865879
dpctgan,"ClosestDistance(L_2, accuracy)",12435,0,-0.24666550676774585,1,-0.5505090149865879
dpctgan,"ClosestDistance(L_2, accuracy)",12435,1,-2.0433693274421136,0,-0.5505090149865879
dpctgan,"ClosestDistance(L_2, accuracy)",12435,0,-2.0150472127212016,0,-0.5505090149865879
dpctgan,"ClosestDistance(L_2, accuracy)",12435,1,-0.5280119735120711,1,-0.5505090149865879
dpctgan,"ClosestDistance(L_2, accuracy)",12435,0,-1.435866669264863,0,-0.5505090149865879
dpctgan,"ClosestDistance(L_2, accuracy)",12435,1,-1.4629172163625925,0,-0.5505090149865879
dpctgan,"ClosestDistance(L_2, accuracy)",12435,0,-1.4218748152832767,0,-0.5505090149865879
dpctgan,"ClosestDistance(L_2, accuracy)",12435,1,-0.38942772359773997,1,-0.5505090149865879
dpctgan,"ClosestDistance(L_2, accuracy)",12435,0,-1.4749779452854246,0,-0.5505090149865879
dpctgan,"ClosestDistance(L_2, accuracy)",12435,1,-0.8534221791852257,0,-0.5505090149865879
dpctgan,"ClosestDistance(L_2, accuracy)",12435,0,-1.4182591586307043,0,-0.5505090149865879
dpctgan,"ClosestDistance(L_2, accuracy)",12435,1,-2.02626768268172,0,-0.5505090149865879
dpctgan,"ClosestDistance(L_2, accuracy)",12435,0,-1.431608698591411,0,-0.5505090149865879
dpctgan,"ClosestDistance(L_2, accuracy)",12435,1,-2.0037415790662663,0,-0.5505090149865879
dpctgan,"ClosestDistance(L_2, accuracy)",12435,0,-1.443767787603543,0,-0.5505090149865879
dpctgan,"ClosestDistance(L_2, accuracy)",12435,1,-0.5477657695047337,1,-0.5505090149865879
dpctgan,"ClosestDistance(L_2, accuracy)",12435,0,-0.2795041596230272,1,-0.5505090149865879
dpctgan,"ClosestDistance(L_2, accuracy)",12435,1,-0.2967011885103438,1,-0.5505090149865879
dpctgan,"ClosestDistance(L_2, accuracy)",12435,0,-1.4563935230261085,0,-0.5505090149865879
dpctgan,"ClosestDistance(L_2, accuracy)",12435,1,-1.4213406834824038,0,-0.5505090149865879
dpctgan,"ClosestDistance(L_2, accuracy)",12435,0,-1.5577723364242129,0,-0.5505090149865879
dpctgan,"ClosestDistance(L_2, accuracy)",12435,1,-1.5398224792804038,0,-0.5505090149865879
dpctgan,"ClosestDistance(L_2, accuracy)",12435,0,-1.485884509232114,0,-0.5505090149865879
dpctgan,"ClosestDistance(L_2, accuracy)",12435,1,-0.4674493933447968,1,-0.5505090149865879
dpctgan,"ClosestDistance(L_2, accuracy)",12435,0,-0.3236050330467765,1,-0.5505090149865879
dpctgan,"ClosestDistance(L_2, accuracy)",12435,1,-0.58778515477947,0,-0.5505090149865879
dpctgan,"ClosestDistance(L_2, accuracy)",12435,0,-0.40078229949067234,1,-0.5505090149865879
dpctgan,"ClosestDistance(L_2, accuracy)",12435,1,-0.4421841446803092,1,-0.5505090149865879
dpctgan,"ClosestDistance(L_2, accuracy)",12435,0,-1.6471222944688346,0,-0.5505090149865879
dpctgan,"ClosestDistance(L_2, accuracy)",12435,1,-1.5473325847329351,0,-0.5505090149865879
dpctgan,"ClosestDistance(L_2, accuracy)",12435,0,-0.23910422302947681,1,-0.5505090149865879
dpctgan,"ClosestDistance(L_2, accuracy)",12435,1,-1.4547704228116172,0,-0.5505090149865879
dpctgan,"ClosestDistance(L_2, accuracy)",12435,0,-0.3044897165676682,1,-0.5505090149865879
dpctgan,"ClosestDistance(L_2, accuracy)",12435,1,-1.4193643518295886,0,-0.5505090149865879
dpctgan,"ClosestDistance(L_2, accuracy)",12435,0,-1.4434162352125988,0,-0.5505090149865879
dpctgan,"ClosestDistance(L_2, accuracy)",12435,1,-1.4681382096198514,0,-0.5505090149865879
dpctgan,"ClosestDistance(L_2, accuracy)",12435,0,-0.6212346782991145,0,-0.5505090149865879
dpctgan,"ClosestDistance(L_2, accuracy)",12435,1,-1.460005961508448,0,-0.5505090149865879
dpctgan,"ClosestDistance(L_2, accuracy)",12435,0,-1.4274668408834694,0,-0.5505090149865879
dpctgan,"ClosestDistance(L_2, accuracy)",12435,1,-0.6338680076509517,0,-0.5505090149865879
dpctgan,"ClosestDistance(L_2, accuracy)",12435,0,-0.348517574582917,1,-0.5505090149865879
dpctgan,"ClosestDistance(L_2, accuracy)",12435,1,-1.4589141007600377,0,-0.5505090149865879
dpctgan,"ClosestDistance(L_2, accuracy)",12435,0,-1.4685414896434545,0,-0.5505090149865879
dpctgan,"ClosestDistance(L_2, accuracy)",12435,1,-0.09029539319360254,1,-0.5505090149865879
dpctgan,"ClosestDistance(L_2, accuracy)",12435,0,-2.007968499560959,0,-0.5505090149865879
dpctgan,"ClosestDistance(L_2, accuracy)",12435,1,-0.951449955272204,0,-0.5505090149865879
dpctgan,"ClosestDistance(L_2, accuracy)",12435,0,-0.5490380016521331,1,-0.5505090149865879
dpctgan,"ClosestDistance(L_2, accuracy)",12435,1,-0.06600067632028483,1,-0.5505090149865879
dpctgan,"ClosestDistance(L_2, accuracy)",12435,0,-2.0019840813226115,0,-0.5505090149865879
dpctgan,"ClosestDistance(L_2, accuracy)",12435,1,-1.4842846696708007,0,-0.5505090149865879
dpctgan,"ClosestDistance(L_2, accuracy)",12435,0,-1.4351742283546198,0,-0.5505090149865879
dpctgan,"ClosestDistance(L_2, accuracy)",12435,1,-1.4520964058329753,0,-0.5505090149865879
dpctgan,"ClosestDistance(L_2, accuracy)",12435,0,-2.027663163354759,0,-0.5505090149865879
dpctgan,"ClosestDistance(L_2, accuracy)",12435,1,-0.6190247823683827,0,-0.5505090149865879
dpctgan,"ClosestDistance(L_2, accuracy)",12435,0,-1.4265697205046841,0,-0.5505090149865879
dpctgan,"ClosestDistance(L_2, accuracy)",12435,1,-0.49804925173817394,1,-0.5505090149865879
dpctgan,"ClosestDistance(L_2, accuracy)",12435,0,-1.4278815968880443,0,-0.5505090149865879
dpctgan,"ClosestDistance(L_2, accuracy)",12435,1,-1.420512582283399,0,-0.5505090149865879
dpctgan,"ClosestDistance(L_2, accuracy)",12435,0,-1.4441748973827437,0,-0.5505090149865879
dpctgan,"ClosestDistance(L_2, accuracy)",12435,1,-0.782623115028955,0,-0.5505090149865879
dpctgan,"ClosestDistance(L_2, accuracy)",12435,0,-0.7519086384657099,0,-0.5505090149865879
dpctgan,"ClosestDistance(L_2, accuracy)",12435,1,-0.23223705618480298,1,-0.5505090149865879
dpctgan,"ClosestDistance(L_2, accuracy)",12435,0,-0.5108282515272788,1,-0.5505090149865879
dpctgan,"ClosestDistance(L_2, accuracy)",12435,1,-1.6090239027594482,0,-0.5505090149865879
dpctgan,"ClosestDistance(L_2, accuracy)",12435,0,-0.20015392158779666,1,-0.5505090149865879
dpctgan,"ClosestDistance(L_2, accuracy)",12435,1,-1.4326444979239266,0,-0.5505090149865879
dpctgan,"ClosestDistance(L_2, accuracy)",12435,0,-0.6753568082826378,0,-0.5505090149865879
dpctgan,"ClosestDistance(L_2, accuracy)",12435,1,-0.4263641860866552,1,-0.5505090149865879
dpctgan,"ClosestDistance(L_2, accuracy)",12435,0,-0.29695609842048315,1,-0.5505090149865879
dpctgan,"ClosestDistance(L_2, accuracy)",12435,1,-1.4436821820306105,0,-0.5505090149865879
dpctgan,"ClosestDistance(L_2, accuracy)",12435,0,-1.429399177035119,0,-0.5505090149865879
dpctgan,"ClosestDistance(L_2, accuracy)",12435,1,-0.43447790387088076,1,-0.5505090149865879
dpctgan,"ClosestDistance(L_2, accuracy)",12435,0,-2.0351007856309917,0,-0.5505090149865879
dpctgan,"ClosestDistance(L_2, accuracy)",12435,1,-0.42093023981518757,1,-0.5505090149865879
dpctgan,"ClosestDistance(L_2, accuracy)",12435,0,-0.7068312231290603,0,-0.5505090149865879
dpctgan,"ClosestDistance(L_2, accuracy)",12435,1,-2.0299528768708264,0,-0.5505090149865879
dpctgan,"ClosestDistance(L_2, accuracy)",12435,0,-2.100251364963945,0,-0.5505090149865879
dpctgan,"ClosestDistance(L_2, accuracy)",12435,1,-0.5002715574858515,1,-0.5505090149865879
dpctgan,"ClosestDistance(L_2, accuracy)",12435,0,-1.4299740333686555,0,-0.5505090149865879
dpctgan,"ClosestDistance(L_2, accuracy)",12435,1,-1.4242945224218158,0,-0.5505090149865879
dpctgan,"ClosestDistance(L_2, accuracy)",12435,0,-1.4232948925845517,0,-0.5505090149865879
dpctgan,"ClosestDistance(L_2, accuracy)",12435,1,-1.420310384906323,0,-0.5505090149865879
dpctgan,"ClosestDistance(L_2, accuracy)",12435,0,-1.4237929424399096,0,-0.5505090149865879
dpctgan,"ClosestDistance(L_2, accuracy)",12435,1,-0.18991267081776,1,-0.5505090149865879
dpctgan,"ClosestDistance(L_2, accuracy)",12435,0,-1.4457593217407572,0,-0.5505090149865879
dpctgan,"ClosestDistance(L_2, accuracy)",12435,1,-1.460616464303276,0,-0.5505090149865879
dpctgan,"ClosestDistance(L_2, accuracy)",12435,0,-1.5250242782491081,0,-0.5505090149865879
dpctgan,"ClosestDistance(L_2, accuracy)",12435,1,-1.4564811254021048,0,-0.5505090149865879
dpctgan,"ClosestDistance(L_2, accuracy)",12435,0,-0.14065243018247528,1,-0.5505090149865879
dpctgan,"ClosestDistance(L_2, accuracy)",12435,1,-1.4238481858085013,0,-0.5505090149865879
dpctgan,"ClosestDistance(L_2, accuracy)",12435,0,-1.4265636176728034,0,-0.5505090149865879
dpctgan,"ClosestDistance(L_2, accuracy)",12435,1,-1.4396752599549325,0,-0.5505090149865879
dpctgan,"ClosestDistance(L_2, accuracy)",12435,0,-1.4192658759361083,0,-0.5505090149865879
dpctgan,"ClosestDistance(L_2, accuracy)",12435,1,-0.19710080372997493,1,-0.5505090149865879
dpctgan,"ClosestDistance(L_2, accuracy)",12435,0,-0.29272329804151775,1,-0.5505090149865879
dpctgan,"ClosestDistance(L_2, accuracy)",12435,1,-1.4343394076235072,0,-0.5505090149865879
dpctgan,"ClosestDistance(L_2, accuracy)",12435,0,-1.4530476058032158,0,-0.5505090149865879
dpctgan,"ClosestDistance(L_2, accuracy)",12435,1,-0.34119336588242893,1,-0.5505090149865879
dpctgan,"ClosestDistance(L_2, accuracy)",12435,0,-1.4334825397215687,0,-0.5505090149865879
dpctgan,"ClosestDistance(L_2, accuracy)",12435,1,-0.7993869852499772,0,-0.5505090149865879
dpctgan,"ClosestDistance(L_2, accuracy)",12435,0,-0.6649917841521208,0,-0.5505090149865879
dpctgan,"ClosestDistance(L_2, accuracy)",12435,1,-1.6018503118574472,0,-0.5505090149865879
dpctgan,"ClosestDistance(L_2, accuracy)",12435,0,-0.4234540982660348,1,-0.5505090149865879
dpctgan,"ClosestDistance(L_2, accuracy)",12435,1,-1.4488708164805997,0,-0.5505090149865879
dpctgan,"ClosestDistance(L_2, accuracy)",12435,0,-1.4209219094327292,0,-0.5505090149865879
dpctgan,"ClosestDistance(L_2, accuracy)",12435,1,-1.4821627967131952,0,-0.5505090149865879
dpctgan,"ClosestDistance(L_2, accuracy)",12435,0,-1.4270926581914902,0,-0.5505090149865879
dpctgan,"ClosestDistance(L_2, accuracy)",12435,1,-1.4345186561546308,0,-0.5505090149865879
dpctgan,"ClosestDistance(L_2, accuracy)",12435,0,-1.4247160975255253,0,-0.5505090149865879
dpctgan,"ClosestDistance(L_2, accuracy)",12435,1,-0.5176044763144282,1,-0.5505090149865879
dpctgan,"ClosestDistance(L_2, accuracy)",12435,0,-1.612078495035072,0,-0.5505090149865879
dpctgan,"ClosestDistance(L_2, accuracy)",12435,1,-1.4425367779061367,0,-0.5505090149865879
dpctgan,"ClosestDistance(L_2, accuracy)",12435,0,-1.4260877632617917,0,-0.5505090149865879
dpctgan,"ClosestDistance(L_2, accuracy)",12435,1,-0.7851622897422789,0,-0.5505090149865879
dpctgan,"ClosestDistance(L_2, accuracy)",12435,0,-1.4480342620942221,0,-0.5505090149865879
dpctgan,"ClosestDistance(L_2, accuracy)",12435,1,-0.5051193885374518,1,-0.5505090149865879
dpctgan,"ClosestDistance(L_2, accuracy)",12435,0,-1.448545191282214,0,-0.5505090149865879
dpctgan,"ClosestDistance(L_2, accuracy)",12435,1,-1.43199258626329,0,-0.5505090149865879
dpctgan,"ClosestDistance(L_2, accuracy)",12435,0,-0.3304718182804209,1,-0.5505090149865879
dpctgan,"ClosestDistance(L_2, accuracy)",12435,1,-0.8190877578413094,0,-0.5505090149865879
dpctgan,"ClosestDistance(L_2, accuracy)",12435,0,-1.4177868416840804,0,-0.5505090149865879
dpctgan,"ClosestDistance(L_2, accuracy)",12435,1,-1.4948120266445417,0,-0.5505090149865879
dpctgan,"ClosestDistance(L_2, accuracy)",12435,0,-1.477665532206061,0,-0.5505090149865879
dpctgan,"ClosestDistance(L_2, accuracy)",12435,1,-1.491359339302111,0,-0.5505090149865879
dpctgan,"ClosestDistance(L_2, accuracy)",12435,0,-0.40352625917649904,1,-0.5505090149865879
dpctgan,"ClosestDistance(L_2, accuracy)",12435,1,-0.27061362645705794,1,-0.5505090149865879
dpctgan,"ClosestDistance(L_2, accuracy)",12435,0,-1.4479963582166722,0,-0.5505090149865879
dpctgan,"ClosestDistance(L_2, accuracy)",12435,1,-1.5657813372059002,0,-0.5505090149865879
dpctgan,"ClosestDistance(L_2, accuracy)",12435,0,-0.7632804566293495,0,-0.5505090149865879
dpctgan,"ClosestDistance(L_2, accuracy)",12435,1,-1.4530746877610208,0,-0.5505090149865879
dpctgan,"ClosestDistance(L_2, accuracy)",12435,0,-0.12746796940761337,1,-0.5505090149865879
dpctgan,"ClosestDistance(L_2, accuracy)",12435,1,-1.7121556661626895,0,-0.5505090149865879
dpctgan,"ClosestDistance(L_2, accuracy)",12435,0,-2.033009541098308,0,-0.5505090149865879
dpctgan,"ClosestDistance(L_2, accuracy)",12435,1,-0.136924659797364,1,-0.5505090149865879
dpctgan,"ClosestDistance(L_2, accuracy)",12435,0,-1.4745373407074613,0,-0.5505090149865879
dpctgan,"ClosestDistance(L_2, accuracy)",12435,1,-0.07582378204854247,1,-0.5505090149865879
dpctgan,"ClosestDistance(L_2, accuracy)",12435,0,-0.40192827077802284,1,-0.5505090149865879
dpctgan,"ClosestDistance(L_2, accuracy)",12435,1,-1.4192072116108632,0,-0.5505090149865879
dpctgan,"ClosestDistance(L_2, accuracy)",12435,0,-0.34472331408761303,1,-0.5505090149865879
dpctgan,"ClosestDistance(L_2, accuracy)",12435,1,-1.4510118706159183,0,-0.5505090149865879
dpctgan,"ClosestDistance(L_2, accuracy)",12435,0,-1.41810900523397,0,-0.5505090149865879
dpctgan,"ClosestDistance(L_2, accuracy)",12435,1,-1.4267092229209548,0,-0.5505090149865879
dpctgan,"ClosestDistance(L_2, accuracy)",12435,0,-0.3264195524175504,1,-0.5505090149865879
dpctgan,"ClosestDistance(L_2, accuracy)",12435,1,-2.060015709827681,0,-0.5505090149865879
dpctgan,"ClosestDistance(L_2, accuracy)",12435,0,-1.5373909027996833,0,-0.5505090149865879
dpctgan,"ClosestDistance(L_2, accuracy)",12435,1,-1.423328399993492,0,-0.5505090149865879
dpctgan,"ClosestDistance(L_2, accuracy)",12435,0,-0.3770344960347587,1,-0.5505090149865879
dpctgan,"ClosestDistance(L_2, accuracy)",12435,1,-1.4514106637922868,0,-0.5505090149865879
dpctgan,"ClosestDistance(L_2, accuracy)",12435,0,-1.4477918308960709,0,-0.5505090149865879
dpctgan,"ClosestDistance(L_2, accuracy)",12435,1,-1.5781931268435359,0,-0.5505090149865879
dpctgan,"ClosestDistance(L_2, accuracy)",12435,0,-2.031029685846752,0,-0.5505090149865879
dpctgan,"ClosestDistance(L_2, accuracy)",12435,1,-0.23185673898744372,1,-0.5505090149865879
dpctgan,"ClosestDistance(L_2, accuracy)",12435,0,-1.452692138424068,0,-0.5505090149865879
dpctgan,"ClosestDistance(L_2, accuracy)",12435,1,-1.4276771869686826,0,-0.5505090149865879
dpctgan,"ClosestDistance(L_2, accuracy)",12435,0,-2.0253471537128482,0,-0.5505090149865879
dpctgan,"ClosestDistance(L_2, accuracy)",12435,1,-1.5101597243462765,0,-0.5505090149865879
dpctgan,"ClosestDistance(L_2, accuracy)",12435,0,-1.4575179720145253,0,-0.5505090149865879
dpctgan,"ClosestDistance(L_2, accuracy)",12435,1,-0.2148186347553678,1,-0.5505090149865879
dpctgan,"ClosestDistance(L_2, accuracy)",12435,0,-0.214215742502532,1,-0.5505090149865879
dpctgan,"ClosestDistance(L_2, accuracy)",12435,1,-1.4221902297325664,0,-0.5505090149865879
dpctgan,"ClosestDistance(L_2, accuracy)",12435,0,-1.4236550779911479,0,-0.5505090149865879
dpctgan,"ClosestDistance(L_2, accuracy)",12435,1,-1.4863138411662564,0,-0.5505090149865879
dpctgan,"ClosestDistance(L_2, accuracy)",12435,0,-1.4603980781438985,0,-0.5505090149865879
dpctgan,"ClosestDistance(L_2, accuracy)",12435,1,-1.4204554458758891,0,-0.5505090149865879
dpctgan,"ClosestDistance(L_2, accuracy)",12435,0,-1.4339341760626636,0,-0.5505090149865879
dpctgan,"ClosestDistance(L_2, accuracy)",12435,1,-1.4429322085365635,0,-0.5505090149865879
dpctgan,"ClosestDistance(L_2, accuracy)",12435,0,-0.3713986833070836,1,-0.5505090149865879
dpctgan,"ClosestDistance(L_2, accuracy)",12435,1,-0.6087245592187461,0,-0.5505090149865879
dpctgan,"ClosestDistance(L_2, accuracy)",12435,0,-0.29212585375400363,1,-0.5505090149865879
dpctgan,"ClosestDistance(L_2, accuracy)",12435,1,-2.023015439208801,0,-0.5505090149865879
dpctgan,"ClosestDistance(L_2, accuracy)",12435,0,-1.4276799385890206,0,-0.5505090149865879
dpctgan,"ClosestDistance(L_2, accuracy)",12435,1,-0.8195361680193692,0,-0.5505090149865879
dpctgan,"ClosestDistance(L_2, accuracy)",12435,0,-1.4193007777398314,0,-0.5505090149865879
dpctgan,"ClosestDistance(L_2, accuracy)",12435,1,-0.38033583584073555,1,-0.5505090149865879
dpctgan,"ClosestDistance(L_2, accuracy)",12435,0,-0.6049700643792149,0,-0.5505090149865879
dpctgan,"ClosestDistance(L_2, accuracy)",12435,1,-1.5123781986171134,0,-0.5505090149865879
dpctgan,"ClosestDistance(L_2, accuracy)",12435,0,-1.4552176064264206,0,-0.5505090149865879
dpctgan,"ClosestDistance(L_2, accuracy)",12435,1,-1.0969203800706322,0,-0.5505090149865879
dpctgan,"ClosestDistance(L_2, accuracy)",12435,0,-1.430003081245402,0,-0.5505090149865879
dpctgan,"ClosestDistance(L_2, accuracy)",12435,1,-0.22244596578082018,1,-0.5505090149865879
dpctgan,"ClosestDistance(L_2, accuracy)",12435,0,-2.0233014695027998,0,-0.5505090149865879
dpctgan,"ClosestDistance(L_2, accuracy)",12435,1,-1.425111246485784,0,-0.5505090149865879
dpctgan,"ClosestDistance(L_2, accuracy)",12435,0,-1.6684138504272117,0,-0.5505090149865879
dpctgan,"ClosestDistance(L_2, accuracy)",12435,1,-1.4320497974464423,0,-0.5505090149865879
dpctgan,"ClosestDistance(L_2, accuracy)",12435,0,-1.5837244189527726,0,-0.5505090149865879
dpctgan,"ClosestDistance(L_2, accuracy)",12435,1,-1.4750952497983356,0,-0.5505090149865879
dpctgan,"ClosestDistance(L_2, accuracy)",12435,0,-1.4926550998762562,0,-0.5505090149865879
dpctgan,"ClosestDistance(L_2, accuracy)",12435,1,-1.433828281161115,0,-0.5505090149865879
dpctgan,"ClosestDistance(L_2, accuracy)",12435,0,-0.43201006471219167,1,-0.5505090149865879
dpctgan,"ClosestDistance(L_2, accuracy)",12435,1,-1.6141131944132237,0,-0.5505090149865879
dpctgan,"ClosestDistance(L_2, accuracy)",12435,0,-1.4563184840875534,0,-0.5505090149865879
dpctgan,"ClosestDistance(L_2, accuracy)",12435,1,-1.4360356791251887,0,-0.5505090149865879
dpctgan,"ClosestDistance(L_2, accuracy)",12435,0,-1.4263362860202695,0,-0.5505090149865879
dpctgan,"ClosestDistance(L_2, accuracy)",12435,1,-0.7583804495340568,0,-0.5505090149865879
dpctgan,"ClosestDistance(L_2, accuracy)",12435,0,-0.6019625978387659,0,-0.5505090149865879
dpctgan,"ClosestDistance(L_2, accuracy)",12435,1,-0.3424607032537829,1,-0.5505090149865879
dpctgan,"ClosestDistance(L_2, accuracy)",12435,0,-2.0044541956524244,0,-0.5505090149865879
dpctgan,"ClosestDistance(L_2, accuracy)",12435,1,-0.3721639569159446,1,-0.5505090149865879
dpctgan,"ClosestDistance(L_2, accuracy)",12435,0,-2.032938328961348,0,-0.5505090149865879
dpctgan,"ClosestDistance(L_2, accuracy)",12435,1,-2.0278244684387134,0,-0.5505090149865879
dpctgan,"ClosestDistance(L_2, accuracy)",12435,0,-1.465030658155256,0,-0.5505090149865879
dpctgan,"ClosestDistance(L_2, accuracy)",12435,1,-1.419134200439624,0,-0.5505090149865879
dpctgan,"ClosestDistance(L_2, accuracy)",12435,0,-2.008682427273269,0,-0.5505090149865879
dpctgan,"ClosestDistance(L_2, accuracy)",12435,1,-1.5693533373064723,0,-0.5505090149865879
dpctgan,"ClosestDistance(L_2, accuracy)",12435,0,-0.45594940913805265,1,-0.5505090149865879
dpctgan,"ClosestDistance(L_2, accuracy)",12435,1,-0.36267945344825164,1,-0.5505090149865879
dpctgan,"ClosestDistance(L_2, accuracy)",12435,0,-2.0139222403850594,0,-0.5505090149865879
dpctgan,"ClosestDistance(L_2, accuracy)",12435,1,-1.4917095619093044,0,-0.5505090149865879
dpctgan,"ClosestDistance(L_2, accuracy)",12435,0,-0.46763418243001137,1,-0.5505090149865879
dpctgan,"ClosestDistance(L_2, accuracy)",12435,1,-0.5748431644612482,0,-0.5505090149865879
dpctgan,"ClosestDistance(L_2, accuracy)",12435,0,-1.4703222817045862,0,-0.5505090149865879
dpctgan,"ClosestDistance(L_2, accuracy)",12435,1,-1.6823058354631002,0,-0.5505090149865879
dpctgan,"ClosestDistance(L_2, accuracy)",12435,0,-1.4367007835717587,0,-0.5505090149865879
dpctgan,"ClosestDistance(L_2, accuracy)",12435,1,-2.031298486294915,0,-0.5505090149865879
dpctgan,"ClosestDistance(L_2, accuracy)",12435,0,-1.4510511461496438,0,-0.5505090149865879
dpctgan,"ClosestDistance(L_2, accuracy)",12435,1,-1.5013835788712897,0,-0.5505090149865879
dpctgan,"ClosestDistance(L_2, accuracy)",12435,0,-0.45621801358404135,1,-0.5505090149865879
dpctgan,"ClosestDistance(L_2, accuracy)",12435,1,-0.4739210455906013,1,-0.5505090149865879
dpctgan,"ClosestDistance(L_2, accuracy)",12435,0,-1.4300258182715877,0,-0.5505090149865879
dpctgan,"ClosestDistance(L_2, accuracy)",12435,1,-0.1862733201132671,1,-0.5505090149865879
dpctgan,"ClosestDistance(L_2, accuracy)",12435,0,-0.3973028531432275,1,-0.5505090149865879
dpctgan,"ClosestDistance(L_2, accuracy)",12435,1,-1.432503291343712,0,-0.5505090149865879
dpctgan,"ClosestDistance(L_2, accuracy)",12435,0,-0.5016072173668376,1,-0.5505090149865879
dpctgan,"ClosestDistance(L_2, accuracy)",12435,1,-1.533321918797537,0,-0.5505090149865879
dpctgan,"ClosestDistance(L_2, accuracy)",12435,0,-1.4195102178901888,0,-0.5505090149865879
dpctgan,"ClosestDistance(L_2, accuracy)",12435,1,-0.2604288567413909,1,-0.5505090149865879
dpctgan,"ClosestDistance(L_2, accuracy)",12435,0,-1.418993671345229,0,-0.5505090149865879
dpctgan,"ClosestDistance(L_2, accuracy)",12435,1,-1.4336589224718843,0,-0.5505090149865879
dpctgan,"ClosestDistance(L_2, accuracy)",12435,0,-1.4407276305215666,0,-0.5505090149865879
dpctgan,"ClosestDistance(L_2, accuracy)",12435,1,-1.6234780953394072,0,-0.5505090149865879
dpctgan,"ClosestDistance(L_2, accuracy)",12435,0,-0.5489229321706515,1,-0.5505090149865879
dpctgan,"ClosestDistance(L_2, accuracy)",12435,1,-1.422431203637701,0,-0.5505090149865879
dpctgan,"ClosestDistance(L_2, accuracy)",12435,0,-0.2169620593228821,1,-0.5505090149865879
dpctgan,"ClosestDistance(L_2, accuracy)",12435,1,-1.445888376790644,0,-0.5505090149865879
dpctgan,"ClosestDistance(L_2, accuracy)",12435,0,-0.27293337713911914,1,-0.5505090149865879
dpctgan,"ClosestDistance(L_2, accuracy)",12435,1,-1.4423960748148306,0,-0.5505090149865879
dpctgan,"ClosestDistance(L_2, accuracy)",12435,0,-1.4678657593258058,0,-0.5505090149865879
dpctgan,"ClosestDistance(L_2, accuracy)",12435,1,-1.4758025402902737,0,-0.5505090149865879
dpctgan,"ClosestDistance(L_2, accuracy)",12435,0,-1.441152197423917,0,-0.5505090149865879
dpctgan,"ClosestDistance(L_2, accuracy)",12435,1,-0.7205588693565173,0,-0.5505090149865879
dpctgan,"ClosestDistance(L_2, accuracy)",12435,0,-1.4430750019484098,0,-0.5505090149865879
dpctgan,"ClosestDistance(L_2, accuracy)",12435,1,-1.4327265004950533,0,-0.5505090149865879
dpctgan,"ClosestDistance(L_2, accuracy)",12435,0,-0.4653243544330243,1,-0.5505090149865879
dpctgan,"ClosestDistance(L_2, accuracy)",12435,1,-0.7259531747467468,0,-0.5505090149865879
dpctgan,"ClosestDistance(L_2, accuracy)",12435,0,-1.4824602456462599,0,-0.5505090149865879
dpctgan,"ClosestDistance(L_2, accuracy)",12435,1,-1.4506718745460974,0,-0.5505090149865879
dpctgan,"ClosestDistance(L_2, accuracy)",12435,0,-1.4193162308240406,0,-0.5505090149865879
dpctgan,"ClosestDistance(L_2, accuracy)",12435,1,-0.5290431946218461,1,-0.5505090149865879
dpctgan,"ClosestDistance(L_2, accuracy)",12435,0,-0.3933728726068618,1,-0.5505090149865879
dpctgan,"ClosestDistance(L_2, accuracy)",12435,1,-1.53769242568085,0,-0.5505090149865879
dpctgan,"ClosestDistance(L_2, accuracy)",12435,0,-2.022307674412519,0,-0.5505090149865879
dpctgan,"ClosestDistance(L_2, accuracy)",12435,1,-0.26397752416354836,1,-0.5505090149865879
dpctgan,"ClosestDistance(L_2, accuracy)",12435,0,-1.4539876944261543,0,-0.5505090149865879
dpctgan,"ClosestDistance(L_2, accuracy)",12435,1,-0.30708756661688885,1,-0.5505090149865879
dpctgan,"ClosestDistance(L_2, accuracy)",12435,0,-0.38441746712354236,1,-0.5505090149865879
dpctgan,"ClosestDistance(L_2, accuracy)",12435,1,-0.4922924480576848,1,-0.5505090149865879
dpctgan,"ClosestDistance(L_2, accuracy)",12435,0,-0.42695567994539085,1,-0.5505090149865879
dpctgan,"ClosestDistance(L_2, accuracy)",12435,1,-0.7574931791560962,0,-0.5505090149865879
dpctgan,"ClosestDistance(L_2, accuracy)",12435,0,-0.2343080267751986,1,-0.5505090149865879
dpctgan,"ClosestDistance(L_2, accuracy)",12435,1,-1.417179457134889,0,-0.5505090149865879
dpctgan,"ClosestDistance(L_2, accuracy)",12435,0,-1.435263262877123,0,-0.5505090149865879
dpctgan,"ClosestDistance(L_2, accuracy)",12435,1,-1.5785895248372213,0,-0.5505090149865879
dpctgan,"ClosestDistance(L_2, accuracy)",12435,0,-1.4725461171288248,0,-0.5505090149865879
dpctgan,"ClosestDistance(L_2, accuracy)",12435,1,-1.4307503436817628,0,-0.5505090149865879
dpctgan,"ClosestDistance(L_2, accuracy)",12435,0,-0.20286781131695583,1,-0.5505090149865879
dpctgan,"ClosestDistance(L_2, accuracy)",12435,1,-1.4447268355640597,0,-0.5505090149865879
dpctgan,"ClosestDistance(L_2, accuracy)",12435,0,-0.17313220511312402,1,-0.5505090149865879
dpctgan,"ClosestDistance(L_2, accuracy)",12435,1,-2.108752388637924,0,-0.5505090149865879
dpctgan,"ClosestDistance(L_2, accuracy)",12435,0,-0.17222265772227044,1,-0.5505090149865879
dpctgan,"ClosestDistance(L_2, accuracy)",12435,1,-0.6992759282844951,0,-0.5505090149865879
dpctgan,"ClosestDistance(L_2, accuracy)",12435,0,-0.33545974944776286,1,-0.5505090149865879
dpctgan,"ClosestDistance(L_2, accuracy)",12435,1,-1.4379888512921892,0,-0.5505090149865879
dpctgan,"ClosestDistance(L_2, accuracy)",12435,0,-1.4240163346787544,0,-0.5505090149865879
dpctgan,"ClosestDistance(L_2, accuracy)",12435,1,-1.4284382455390439,0,-0.5505090149865879
dpctgan,"ClosestDistance(L_2, accuracy)",12435,0,-0.29205369251222607,1,-0.5505090149865879
dpctgan,"ClosestDistance(L_2, accuracy)",12435,1,-1.4640075940289023,0,-0.5505090149865879
dpctgan,"ClosestDistance(L_2, accuracy)",12435,0,-1.5051740496535084,0,-0.5505090149865879
dpctgan,"ClosestDistance(L_2, accuracy)",12435,1,-0.3056125577273803,1,-0.5505090149865879
dpctgan,"ClosestDistance(L_2, accuracy)",12435,0,-1.4261318404531853,0,-0.5505090149865879
dpctgan,"ClosestDistance(L_2, accuracy)",12435,1,-0.17760356460184473,1,-0.5505090149865879
dpctgan,"ClosestDistance(L_2, accuracy)",12435,0,-1.6889806790230213,0,-0.5505090149865879
dpctgan,"ClosestDistance(L_2, accuracy)",12435,1,-1.4456627664808188,0,-0.5505090149865879
dpctgan,"ClosestDistance(L_2, accuracy)",12435,0,-0.6734226246979397,0,-0.5505090149865879
dpctgan,"ClosestDistance(L_2, accuracy)",12435,1,-1.422539894943413,0,-0.5505090149865879
dpctgan,"ClosestDistance(L_2, accuracy)",12435,0,-1.4263373859782915,0,-0.5505090149865879
dpctgan,"ClosestDistance(L_2, accuracy)",12435,1,-0.3627572282842299,1,-0.5505090149865879
dpctgan,"ClosestDistance(L_2, accuracy)",12435,0,-0.17131742215986828,1,-0.5505090149865879
dpctgan,"ClosestDistance(L_2, accuracy)",12435,1,-1.5015087317239137,0,-0.5505090149865879
dpctgan,"ClosestDistance(L_2, accuracy)",12435,0,-0.15466032277041616,1,-0.5505090149865879
dpctgan,"ClosestDistance(L_2, accuracy)",12435,1,-0.3701512544048354,1,-0.5505090149865879
dpctgan,"ClosestDistance(L_2, accuracy)",12435,0,-0.4298704288764708,1,-0.5505090149865879
dpctgan,"ClosestDistance(L_2, accuracy)",12435,1,-1.4734913311911322,0,-0.5505090149865879
dpctgan,"ClosestDistance(L_2, accuracy)",12435,0,-1.4627721672994898,0,-0.5505090149865879
dpctgan,"ClosestDistance(L_2, accuracy)",12435,1,-2.0157810704830212,0,-0.5505090149865879
dpctgan,"ClosestDistance(L_2, accuracy)",12435,0,-0.4495048003217398,1,-0.5505090149865879
dpctgan,"ClosestDistance(L_2, accuracy)",12435,1,-1.448003031470203,0,-0.5505090149865879
dpctgan,"ClosestDistance(L_2, accuracy)",12435,0,-0.6653590844337354,0,-0.5505090149865879
dpctgan,"ClosestDistance(L_2, accuracy)",12435,1,-1.5253954434507448,0,-0.5505090149865879
dpctgan,"ClosestDistance(L_2, accuracy)",12435,0,-0.6170601014889286,0,-0.5505090149865879
dpctgan,"ClosestDistance(L_2, accuracy)",12435,1,-1.62879083400756,0,-0.5505090149865879
dpctgan,"ClosestDistance(L_2, accuracy)",12435,0,-1.4231289324613756,0,-0.5505090149865879
dpctgan,"ClosestDistance(L_2, accuracy)",12435,1,-0.6299917902529161,0,-0.5505090149865879
dpctgan,"ClosestDistance(L_2, accuracy)",12435,0,-1.426856597908324,0,-0.5505090149865879
dpctgan,"ClosestDistance(L_2, accuracy)",12435,1,-1.4729698975869283,0,-0.5505090149865879
dpctgan,"ClosestDistance(L_2, accuracy)",12435,0,-0.2057965206910012,1,-0.5505090149865879
dpctgan,"ClosestDistance(L_2, accuracy)",12435,1,-1.4381983776757652,0,-0.5505090149865879
dpctgan,"ClosestDistance(L_2, accuracy)",12435,0,-1.4611895723905637,0,-0.5505090149865879
dpctgan,"ClosestDistance(L_2, accuracy)",12435,1,-1.4491914641675285,0,-0.5505090149865879
dpctgan,"ClosestDistance(L_2, accuracy)",12435,0,-1.4374100952451598,0,-0.5505090149865879
dpctgan,"ClosestDistance(L_2, accuracy)",12435,1,-0.23670508356268347,1,-0.5505090149865879
dpctgan,"ClosestDistance(L_2, accuracy)",12435,0,-1.4506517118234352,0,-0.5505090149865879
dpctgan,"ClosestDistance(L_2, accuracy)",12435,1,-0.15871356551452553,1,-0.5505090149865879
dpctgan,"ClosestDistance(L_2, accuracy)",12435,0,-0.3474397893837045,1,-0.5505090149865879
dpctgan,"ClosestDistance(L_2, accuracy)",12435,1,-0.404211951248154,1,-0.5505090149865879
dpctgan,"ClosestDistance(L_2, accuracy)",12435,0,-2.0549114194929134,0,-0.5505090149865879
dpctgan,"ClosestDistance(L_2, accuracy)",12435,1,-0.37417986822005284,1,-0.5505090149865879
dpctgan,"ClosestDistance(L_2, accuracy)",12435,0,-0.45603945544543545,1,-0.5505090149865879
dpctgan,"ClosestDistance(L_2, accuracy)",12435,1,-0.3830473755067131,1,-0.5505090149865879
dpctgan,"ClosestDistance(L_2, accuracy)",12435,0,-0.3869962766625749,1,-0.5505090149865879
dpctgan,"ClosestDistance(L_2, accuracy)",12435,1,-1.5808298927324225,0,-0.5505090149865879
dpctgan,"ClosestDistance(L_2, accuracy)",12435,0,-2.0269097810270607,0,-0.5505090149865879
dpctgan,"ClosestDistance(L_2, accuracy)",12435,1,-1.4407004646306416,0,-0.5505090149865879
dpctgan,"ClosestDistance(L_2, accuracy)",12435,0,-1.4717925245931354,0,-0.5505090149865879
dpctgan,"ClosestDistance(L_2, accuracy)",12435,1,-1.560597240678981,0,-0.5505090149865879
dpctgan,"ClosestDistance(L_2, accuracy)",12435,0,-0.8128525556858506,0,-0.5505090149865879
dpctgan,"ClosestDistance(L_2, accuracy)",12435,1,-1.4466562845804227,0,-0.5505090149865879
dpctgan,"ClosestDistance(L_2, accuracy)",12435,0,-2.019694686466835,0,-0.5505090149865879
dpctgan,"ClosestDistance(L_2, accuracy)",12435,1,-1.062283692165246,0,-0.5505090149865879
dpctgan,"ClosestDistance(L_2, accuracy)",12435,0,-1.4162143588563985,0,-0.5505090149865879
dpctgan,"ClosestDistance(L_2, accuracy)",12435,1,-1.4381670421689308,0,-0.5505090149865879
dpctgan,"ClosestDistance(L_2, accuracy)",12435,0,-1.4203981572722266,0,-0.5505090149865879
dpctgan,"ClosestDistance(L_2, accuracy)",12435,1,-0.33747775175129646,1,-0.5505090149865879
dpctgan,"ClosestDistance(L_2, accuracy)",12435,0,-1.479056006495876,0,-0.5505090149865879
dpctgan,"ClosestDistance(L_2, accuracy)",12435,1,-1.4253141268194969,0,-0.5505090149865879
dpctgan,"ClosestDistance(L_2, accuracy)",12435,0,-1.4393558812242635,0,-0.5505090149865879
dpctgan,"ClosestDistance(L_2, accuracy)",12435,1,-0.10738583942781615,1,-0.5505090149865879
dpctgan,"ClosestDistance(L_2, accuracy)",12435,0,-1.1330100314891502,0,-0.5505090149865879
dpctgan,"ClosestDistance(L_2, accuracy)",12435,1,-1.4331752116997347,0,-0.5505090149865879
dpctgan,"ClosestDistance(L_2, accuracy)",12435,0,-1.4508447044616588,0,-0.5505090149865879
dpctgan,"ClosestDistance(L_2, accuracy)",12435,1,-0.5664785437245198,0,-0.5505090149865879
dpctgan,"ClosestDistance(L_2, accuracy)",12435,0,-0.5963126327423919,0,-0.5505090149865879
dpctgan,"ClosestDistance(L_2, accuracy)",12435,1,-1.420461371777959,0,-0.5505090149865879
dpctgan,"ClosestDistance(L_2, accuracy)",12435,0,-1.4357458460741672,0,-0.5505090149865879
dpctgan,"ClosestDistance(L_2, accuracy)",12435,1,-0.27706196770054814,1,-0.5505090149865879
dpctgan,"ClosestDistance(L_2, accuracy)",12435,0,-2.0579308167202837,0,-0.5505090149865879
dpctgan,"ClosestDistance(L_2, accuracy)",12435,1,-0.6913159453399444,0,-0.5505090149865879
dpctgan,"ClosestDistance(L_2, accuracy)",12435,0,-0.5514280238945335,0,-0.5505090149865879
dpctgan,"ClosestDistance(L_2, accuracy)",12435,1,-1.4390790237712794,0,-0.5505090149865879
dpctgan,"ClosestDistance(L_2, accuracy)",12435,0,-0.2867624478181622,1,-0.5505090149865879
dpctgan,"ClosestDistance(L_2, accuracy)",12435,1,-1.4382490065391837,0,-0.5505090149865879
dpctgan,"ClosestDistance(L_2, accuracy)",12435,0,-1.4835857094596505,0,-0.5505090149865879
dpctgan,"ClosestDistance(L_2, accuracy)",12435,1,-1.4832708006010324,0,-0.5505090149865879
dpctgan,"ClosestDistance(L_2, accuracy)",12435,0,-1.510316405610491,0,-0.5505090149865879
dpctgan,"ClosestDistance(L_2, accuracy)",12435,1,-0.43444600550686346,1,-0.5505090149865879
dpctgan,"ClosestDistance(L_2, accuracy)",12435,0,-0.346538895599591,1,-0.5505090149865879
dpctgan,"ClosestDistance(L_2, accuracy)",12435,1,-1.4583909898588374,0,-0.5505090149865879
dpctgan,"ClosestDistance(L_2, accuracy)",12435,0,-1.4197512380221535,0,-0.5505090149865879
dpctgan,"ClosestDistance(L_2, accuracy)",12435,1,-0.2608110785329234,1,-0.5505090149865879
dpctgan,"ClosestDistance(L_2, accuracy)",12435,0,-2.0197162614562516,0,-0.5505090149865879
dpctgan,"ClosestDistance(L_2, accuracy)",12435,1,-1.4401043934405238,0,-0.5505090149865879
dpctgan,"ClosestDistance(L_2, accuracy)",12435,0,-1.4244711313678076,0,-0.5505090149865879
dpctgan,"ClosestDistance(L_2, accuracy)",12435,1,-0.12057644388383482,1,-0.5505090149865879
dpctgan,"ClosestDistance(L_2, accuracy)",12435,0,-0.5564437234737519,0,-0.5505090149865879
dpctgan,"ClosestDistance(L_2, accuracy)",12435,1,-1.4929659049582151,0,-0.5505090149865879
dpctgan,"ClosestDistance(L_2, accuracy)",12435,0,-1.4212724417763736,0,-0.5505090149865879
dpctgan,"ClosestDistance(L_2, accuracy)",12435,1,-0.6701713837092685,0,-0.5505090149865879
dpctgan,"ClosestDistance(L_2, accuracy)",12435,0,-1.5209222685093264,0,-0.5505090149865879
dpctgan,"ClosestDistance(L_2, accuracy)",12435,1,-0.1554811385089412,1,-0.5505090149865879
dpctgan,"ClosestDistance(L_2, accuracy)",12435,0,-1.4481560153935307,0,-0.5505090149865879
dpctgan,"ClosestDistance(L_2, accuracy)",12435,1,-0.36990686623789365,1,-0.5505090149865879
dpctgan,"ClosestDistance(L_2, accuracy)",12435,0,-0.28362369402035453,1,-0.5505090149865879
dpctgan,"ClosestDistance(L_2, accuracy)",12435,1,-1.624484328916872,0,-0.5505090149865879
dpctgan,"ClosestDistance(L_2, accuracy)",12435,0,-0.6623159271869435,0,-0.5505090149865879
dpctgan,"ClosestDistance(L_2, accuracy)",12435,1,-1.4370933260990426,0,-0.5505090149865879
dpctgan,"ClosestDistance(L_2, accuracy)",12435,0,-2.077441554292942,0,-0.5505090149865879
dpctgan,"ClosestDistance(L_2, accuracy)",12435,1,-1.4297629745051408,0,-0.5505090149865879
dpctgan,"ClosestDistance(L_2, accuracy)",12435,0,-1.4335476315835909,0,-0.5505090149865879
dpctgan,"ClosestDistance(L_2, accuracy)",12435,1,-1.6466563756160626,0,-0.5505090149865879
dpctgan,"ClosestDistance(L_2, accuracy)",12435,0,-2.0379379863307876,0,-0.5505090149865879
dpctgan,"ClosestDistance(L_2, accuracy)",12435,1,-1.4390831730861646,0,-0.5505090149865879
dpctgan,"ClosestDistance(L_2, accuracy)",12435,0,-1.4260487068228127,0,-0.5505090149865879
dpctgan,"ClosestDistance(L_2, accuracy)",12435,1,-1.4711934682367582,0,-0.5505090149865879
dpctgan,"ClosestDistance(L_2, accuracy)",12435,0,-1.4214148774659294,0,-0.5505090149865879
dpctgan,"ClosestDistance(L_2, accuracy)",12435,1,-1.4224910875791152,0,-0.5505090149865879
dpctgan,"ClosestDistance(L_2, accuracy)",12435,0,-1.423006093628418,0,-0.5505090149865879
dpctgan,"ClosestDistance(L_2, accuracy)",12435,1,-1.4181355440043393,0,-0.5505090149865879
dpctgan,"ClosestDistance(L_2, accuracy)",12435,0,-1.4299882590881519,0,-0.5505090149865879
dpctgan,"ClosestDistance(L_2, accuracy)",12435,1,-1.4613783478399192,0,-0.5505090149865879
dpctgan,"ClosestDistance(L_2, accuracy)",12435,0,-1.4909242434928331,0,-0.5505090149865879
dpctgan,"ClosestDistance(L_2, accuracy)",12435,1,-1.4229480460321353,0,-0.5505090149865879
dpctgan,"ClosestDistance(L_2, accuracy)",12435,0,-0.24413028492805286,1,-0.5505090149865879
dpctgan,"ClosestDistance(L_2, accuracy)",12435,1,-0.3157103550854412,1,-0.5505090149865879
dpctgan,"ClosestDistance(L_2, accuracy)",12435,0,-2.0151316419611933,0,-0.5505090149865879
dpctgan,"ClosestDistance(L_2, accuracy)",12435,1,-1.4959150282008244,0,-0.5505090149865879
dpctgan,"ClosestDistance(L_2, accuracy)",12435,0,-1.4236011925176206,0,-0.5505090149865879
dpctgan,"ClosestDistance(L_2, accuracy)",12435,1,-1.422182026131759,0,-0.5505090149865879
dpctgan,"ClosestDistance(L_2, accuracy)",12435,0,-1.4214327922962857,0,-0.5505090149865879
dpctgan,"ClosestDistance(L_2, accuracy)",12435,1,-0.1397528640717245,1,-0.5505090149865879
dpctgan,"ClosestDistance(L_2, accuracy)",12435,0,-2.0739408185223804,0,-0.5505090149865879
dpctgan,"ClosestDistance(L_2, accuracy)",12435,1,-0.16866387065614066,1,-0.5505090149865879
dpctgan,"ClosestDistance(L_2, accuracy)",12435,0,-0.30267355421367004,1,-0.5505090149865879
dpctgan,"ClosestDistance(L_2, accuracy)",12435,1,-1.497802590290484,0,-0.5505090149865879
dpctgan,"ClosestDistance(L_2, accuracy)",12435,0,-1.459534311945473,0,-0.5505090149865879
dpctgan,"ClosestDistance(L_2, accuracy)",12435,1,-0.2776866995078673,1,-0.5505090149865879
dpctgan,"ClosestDistance(L_2, accuracy)",12435,0,-0.23813593722972123,1,-0.5505090149865879
dpctgan,"ClosestDistance(L_2, accuracy)",12435,1,-1.4219369678292635,0,-0.5505090149865879
dpctgan,"ClosestDistance(L_2, accuracy)",12435,0,-1.4436342120982788,0,-0.5505090149865879
dpctgan,"ClosestDistance(L_2, accuracy)",12435,1,-2.0129609633385597,0,-0.5505090149865879
dpctgan,"ClosestDistance(L_2, accuracy)",12435,0,-0.8662519296895479,0,-0.5505090149865879
dpctgan,"ClosestDistance(L_2, accuracy)",12435,1,-1.4493809225880279,0,-0.5505090149865879
dpctgan,"ClosestDistance(L_2, accuracy)",12435,0,-1.4180817582460046,0,-0.5505090149865879
dpctgan,"ClosestDistance(L_2, accuracy)",12435,1,-0.2790991614060874,1,-0.5505090149865879
dpctgan,"ClosestDistance(L_2, accuracy)",12435,0,-1.4210260255213936,0,-0.5505090149865879
dpctgan,"ClosestDistance(L_2, accuracy)",12435,1,-1.4171533210869318,0,-0.5505090149865879
dpctgan,"ClosestDistance(L_2, accuracy)",12435,0,-0.5557998689664483,0,-0.5505090149865879
dpctgan,"ClosestDistance(L_2, accuracy)",12435,1,-0.8999154879894427,0,-0.5505090149865879
dpctgan,"ClosestDistance(L_2, accuracy)",12435,0,-1.673787798435932,0,-0.5505090149865879
dpctgan,"ClosestDistance(L_2, accuracy)",12435,1,-1.428976401125658,0,-0.5505090149865879
dpctgan,"ClosestDistance(L_2, accuracy)",12435,0,-0.6289086325459496,0,-0.5505090149865879
dpctgan,"ClosestDistance(L_2, accuracy)",12435,1,-0.23323949712536662,1,-0.5505090149865879
dpctgan,"ClosestDistance(L_2, accuracy)",12435,0,-0.6267889494233442,0,-0.5505090149865879
dpctgan,"ClosestDistance(L_2, accuracy)",12435,1,-1.4934948509063781,0,-0.5505090149865879
dpctgan,"ClosestDistance(L_2, accuracy)",12435,0,-1.4840922490682915,0,-0.5505090149865879
dpctgan,"ClosestDistance(L_2, accuracy)",12435,1,-0.19314321504139034,1,-0.5505090149865879
dpctgan,"ClosestDistance(L_2, accuracy)",12435,0,-1.483758707402997,0,-0.5505090149865879
dpctgan,"ClosestDistance(L_2, accuracy)",12435,1,-2.0579702944092633,0,-0.5505090149865879
dpctgan,"ClosestDistance(L_2, accuracy)",12435,0,-0.31019611993594853,1,-0.5505090149865879
dpctgan,"ClosestDistance(L_2, accuracy)",12435,1,-1.4357956460005619,0,-0.5505090149865879
dpctgan,"ClosestDistance(L_2, accuracy)",12435,0,-2.021630332839791,0,-0.5505090149865879
dpctgan,"ClosestDistance(L_2, accuracy)",12435,1,-1.4884834349654263,0,-0.5505090149865879
dpctgan,"ClosestDistance(L_2, accuracy)",12435,0,-1.4910361967600552,0,-0.5505090149865879
dpctgan,"ClosestDistance(L_2, accuracy)",12435,1,-0.30025825198054074,1,-0.5505090149865879
dpctgan,"ClosestDistance(L_2, accuracy)",12435,0,-0.18191397079902893,1,-0.5505090149865879
dpctgan,"ClosestDistance(L_2, accuracy)",12435,1,-1.4452007864028142,0,-0.5505090149865879
dpctgan,"ClosestDistance(L_2, accuracy)",12435,0,-1.4767250315352025,0,-0.5505090149865879
dpctgan,"ClosestDistance(L_2, accuracy)",12435,1,-1.4531277318607498,0,-0.5505090149865879
dpctgan,"ClosestDistance(L_2, accuracy)",12435,0,-0.2746652659038341,1,-0.5505090149865879
dpctgan,"ClosestDistance(L_2, accuracy)",12435,1,-1.4482794314680947,0,-0.5505090149865879
dpctgan,"ClosestDistance(L_2, accuracy)",12435,0,-0.769370281070789,0,-0.5505090149865879
dpctgan,"ClosestDistance(L_2, accuracy)",12435,1,-1.452179651858875,0,-0.5505090149865879
dpctgan,"ClosestDistance(L_2, accuracy)",12435,0,-2.007080002054531,0,-0.5505090149865879
dpctgan,"ClosestDistance(L_2, accuracy)",12435,1,-0.31880529395277857,1,-0.5505090149865879
dpctgan,"ClosestDistance(L_2, accuracy)",12435,0,-1.4218731019000959,0,-0.5505090149865879
dpctgan,"ClosestDistance(L_2, accuracy)",12435,1,-1.4161268926052268,0,-0.5505090149865879
dpctgan,"ClosestDistance(L_2, accuracy)",12435,0,-0.5090815910617207,1,-0.5505090149865879
dpctgan,"ClosestDistance(L_2, accuracy)",12435,1,-0.3625819782939915,1,-0.5505090149865879
dpctgan,"ClosestDistance(L_2, accuracy)",12435,0,-0.3117569794891287,1,-0.5505090149865879
dpctgan,"ClosestDistance(L_2, accuracy)",12435,1,-2.036310482766173,0,-0.5505090149865879
dpctgan,"ClosestDistance(L_2, accuracy)",12435,0,-2.002110399247855,0,-0.5505090149865879
dpctgan,"ClosestDistance(L_2, accuracy)",12435,1,-0.3869221039258747,1,-0.5505090149865879
dpctgan,"ClosestDistance(L_2, accuracy)",12435,0,-0.436135644709319,1,-0.5505090149865879
dpctgan,"ClosestDistance(L_2, accuracy)",12435,1,-0.6004050083895156,0,-0.5505090149865879
dpctgan,"ClosestDistance(L_2, accuracy)",12435,0,-1.4569767375385962,0,-0.5505090149865879
dpctgan,"ClosestDistance(L_2, accuracy)",12435,1,-1.4151027944339882,0,-0.5505090149865879
dpctgan,"ClosestDistance(L_2, accuracy)",12435,0,-0.09631740695933315,1,-0.5505090149865879
dpctgan,"ClosestDistance(L_2, accuracy)",12435,1,-1.4371763561270365,0,-0.5505090149865879
dpctgan,"ClosestDistance(L_2, accuracy)",12435,0,-0.48487597528983634,1,-0.5505090149865879
dpctgan,"ClosestDistance(L_2, accuracy)",12435,1,-1.4755082493244103,0,-0.5505090149865879
dpctgan,"ClosestDistance(L_2, accuracy)",12435,0,-1.4249245613921384,0,-0.5505090149865879
dpctgan,"ClosestDistance(L_2, accuracy)",12435,1,-2.018512085091935,0,-0.5505090149865879
dpctgan,"ClosestDistance(L_2, accuracy)",12435,0,-0.3754681944125785,1,-0.5505090149865879
dpctgan,"ClosestDistance(L_2, accuracy)",12435,1,-1.535784743696003,0,-0.5505090149865879
dpctgan,"ClosestDistance(L_2, accuracy)",12435,0,-2.0063483978409486,0,-0.5505090149865879
dpctgan,"ClosestDistance(L_2, accuracy)",12435,1,-0.15082366035876635,1,-0.5505090149865879
dpctgan,"ClosestDistance(L_2, accuracy)",12435,0,-1.4453904111992768,0,-0.5505090149865879
dpctgan,"ClosestDistance(L_2, accuracy)",12435,1,-1.457433687338194,0,-0.5505090149865879
dpctgan,"ClosestDistance(L_2, accuracy)",12435,0,-1.6157025071031084,0,-0.5505090149865879
dpctgan,"ClosestDistance(L_2, accuracy)",12435,1,-0.9757742413651185,0,-0.5505090149865879
dpctgan,"ClosestDistance(L_2, accuracy)",12435,0,-0.36307086799917304,1,-0.5505090149865879
dpctgan,"ClosestDistance(L_2, accuracy)",12435,1,-0.5300534886019963,1,-0.5505090149865879
dpctgan,"ClosestDistance(L_2, accuracy)",12435,0,-0.514764893134414,1,-0.5505090149865879
dpctgan,"ClosestDistance(L_2, accuracy)",12435,1,-0.2520313458637812,1,-0.5505090149865879
dpctgan,"ClosestDistance(L_2, accuracy)",12435,0,-1.4176800920964006,0,-0.5505090149865879
dpctgan,"ClosestDistance(L_2, accuracy)",12435,1,-0.6566363657930102,0,-0.5505090149865879
dpctgan,"ClosestDistance(L_2, accuracy)",12435,0,-0.4386140953568478,1,-0.5505090149865879
dpctgan,"ClosestDistance(L_2, accuracy)",12435,1,-1.5866557191133819,0,-0.5505090149865879
dpctgan,"ClosestDistance(L_2, accuracy)",12435,0,-2.021269864596731,0,-0.5505090149865879
dpctgan,"ClosestDistance(L_2, accuracy)",12435,1,-1.445434615193435,0,-0.5505090149865879
dpctgan,"ClosestDistance(L_2, accuracy)",12435,0,-2.0340111042969244,0,-0.5505090149865879
dpctgan,"ClosestDistance(L_2, accuracy)",12435,1,-1.4462935029401018,0,-0.5505090149865879
dpctgan,"ClosestDistance(L_2, accuracy)",12435,0,-0.4756091964427581,1,-0.5505090149865879
dpctgan,"ClosestDistance(L_2, accuracy)",12435,1,-0.05974163741101567,1,-0.5505090149865879
dpctgan,"ClosestDistance(L_2, accuracy)",12435,0,-1.4399399736334642,0,-0.5505090149865879
dpctgan,"ClosestDistance(L_2, accuracy)",12435,1,-1.4347042823402276,0,-0.5505090149865879
dpctgan,"ClosestDistance(L_2, accuracy)",12435,0,-0.20149653635592402,1,-0.5505090149865879
dpctgan,"ClosestDistance(L_2, accuracy)",12435,1,-0.34034015352091235,1,-0.5505090149865879
dpctgan,"ClosestDistance(L_2, accuracy)",12435,0,-1.4428385231244452,0,-0.5505090149865879
dpctgan,"ClosestDistance(L_2, accuracy)",12435,1,-1.459041260743062,0,-0.5505090149865879
dpctgan,"ClosestDistance(L_2, accuracy)",12435,0,-1.4437904181296104,0,-0.5505090149865879
dpctgan,"ClosestDistance(L_2, accuracy)",12435,1,-1.4271099029359677,0,-0.5505090149865879
dpctgan,"ClosestDistance(L_2, accuracy)",12435,0,-1.4445875268858244,0,-0.5505090149865879
dpctgan,"ClosestDistance(L_2, accuracy)",12435,1,-0.12571135813845305,1,-0.5505090149865879
dpctgan,"ClosestDistance(L_2, accuracy)",12435,0,-0.35248673699478494,1,-0.5505090149865879
dpctgan,"ClosestDistance(L_2, accuracy)",12435,1,-0.4173992070111293,1,-0.5505090149865879
dpctgan,"ClosestDistance(L_2, accuracy)",12435,0,-2.021327246924864,0,-0.5505090149865879
dpctgan,"ClosestDistance(L_2, accuracy)",12435,1,-0.16826800274664994,1,-0.5505090149865879
dpctgan,"ClosestDistance(L_2, accuracy)",12435,0,-0.5461183527233006,1,-0.5505090149865879
dpctgan,"ClosestDistance(L_2, accuracy)",12435,1,-0.13386177036643915,1,-0.5505090149865879
dpctgan,"ClosestDistance(L_2, accuracy)",12435,0,-1.4404481994526248,0,-0.5505090149865879
dpctgan,"ClosestDistance(L_2, accuracy)",12435,1,-1.4205870134963754,0,-0.5505090149865879
dpctgan,"ClosestDistance(L_2, accuracy)",12435,0,-1.4685781804214773,0,-0.5505090149865879
dpctgan,"ClosestDistance(L_2, accuracy)",12435,1,-0.3113071245300228,1,-0.5505090149865879
dpctgan,"ClosestDistance(L_2, accuracy)",12435,0,-0.15068694367708582,1,-0.5505090149865879
dpctgan,"ClosestDistance(L_2, accuracy)",12435,1,-0.42171351082068026,1,-0.5505090149865879
dpctgan,"ClosestDistance(L_2, accuracy)",12435,0,-0.18171309338017827,1,-0.5505090149865879
dpctgan,"ClosestDistance(L_2, accuracy)",12435,1,-0.555757583554063,0,-0.5505090149865879
dpctgan,"ClosestDistance(L_2, accuracy)",12435,0,-1.5334917194480318,0,-0.5505090149865879
dpctgan,"ClosestDistance(L_2, accuracy)",12435,1,-0.7760444412085125,0,-0.5505090149865879
dpctgan,"ClosestDistance(L_2, accuracy)",12435,0,-1.4347941652171128,0,-0.5505090149865879
dpctgan,"ClosestDistance(L_2, accuracy)",12435,1,-2.0254924724077887,0,-0.5505090149865879
dpctgan,"ClosestDistance(L_2, accuracy)",12435,0,-2.018411433435688,0,-0.5505090149865879
dpctgan,"ClosestDistance(L_2, accuracy)",12435,1,-1.686282447508069,0,-0.5505090149865879
dpctgan,"ClosestDistance(L_2, accuracy)",12435,0,-1.4419068799194241,0,-0.5505090149865879
dpctgan,"ClosestDistance(L_2, accuracy)",12435,1,-1.447248885909917,0,-0.5505090149865879
dpctgan,"ClosestDistance(L_2, accuracy)",12435,0,-1.4224092206022834,0,-0.5505090149865879
dpctgan,"ClosestDistance(L_2, accuracy)",12435,1,-1.4230863197793782,0,-0.5505090149865879
dpctgan,"ClosestDistance(L_2, accuracy)",12435,0,-2.0420635356498047,0,-0.5505090149865879
dpctgan,"ClosestDistance(L_2, accuracy)",12435,1,-1.4612738674176127,0,-0.5505090149865879
dpctgan,"ClosestDistance(L_2, accuracy)",12435,0,-0.3172855090873429,1,-0.5505090149865879
dpctgan,"ClosestDistance(L_2, accuracy)",12435,1,-1.491235401332557,0,-0.5505090149865879
dpctgan,"ClosestDistance(L_2, accuracy)",12435,0,-2.0206626932697858,0,-0.5505090149865879
dpctgan,"ClosestDistance(L_2, accuracy)",12435,1,-1.4399762258651279,0,-0.5505090149865879
dpctgan,"ClosestDistance(L_2, accuracy)",12435,0,-1.6974918382722832,0,-0.5505090149865879
dpctgan,"ClosestDistance(L_2, accuracy)",12435,1,-0.2445022149586278,1,-0.5505090149865879
dpctgan,"ClosestDistance(L_2, accuracy)",12435,0,-0.14176082540632667,1,-0.5505090149865879
dpctgan,"ClosestDistance(L_2, accuracy)",12435,1,-0.3814112835320863,1,-0.5505090149865879
dpctgan,"ClosestDistance(L_2, accuracy)",12435,0,-0.321080555903224,1,-0.5505090149865879
dpctgan,"ClosestDistance(L_2, accuracy)",12435,1,-1.4669735941921787,0,-0.5505090149865879
dpctgan,"ClosestDistance(L_2, accuracy)",12435,0,-1.4582644606704225,0,-0.5505090149865879
dpctgan,"ClosestDistance(L_2, accuracy)",12435,1,-0.22570132533390577,1,-0.5505090149865879
dpctgan,"ClosestDistance(L_2, accuracy)",12435,0,-0.25287038071102663,1,-0.5505090149865879
dpctgan,"ClosestDistance(L_2, accuracy)",12435,1,-1.5078676457632358,0,-0.5505090149865879
dpctgan,"ClosestDistance(L_2, accuracy)",12435,0,-1.8038592033460377,0,-0.5505090149865879
dpctgan,"ClosestDistance(L_2, accuracy)",12435,1,-1.4209926515099134,0,-0.5505090149865879
dpctgan,"ClosestDistance(L_2, accuracy)",12435,0,-1.4445247847257368,0,-0.5505090149865879
dpctgan,"ClosestDistance(L_2, accuracy)",12435,1,-1.063470553584245,0,-0.5505090149865879
dpctgan,"ClosestDistance(L_2, accuracy)",12435,0,-1.4169874014081258,0,-0.5505090149865879
dpctgan,"ClosestDistance(L_2, accuracy)",12435,1,-0.8704563951083932,0,-0.5505090149865879
dpctgan,"ClosestDistance(L_2, accuracy)",12435,0,-0.5533668044627699,0,-0.5505090149865879
dpctgan,"ClosestDistance(L_2, accuracy)",12435,1,-1.4620356345657692,0,-0.5505090149865879
dpctgan,"ClosestDistance(L_2, accuracy)",12435,0,-2.1396219586487617,0,-0.5505090149865879
dpctgan,"ClosestDistance(L_2, accuracy)",12435,1,-1.4405301303967415,0,-0.5505090149865879
dpctgan,"ClosestDistance(L_2, accuracy)",12435,0,-1.4579081513726138,0,-0.5505090149865879
dpctgan,"ClosestDistance(L_2, accuracy)",12435,1,-1.5901961027072313,0,-0.5505090149865879
dpctgan,"ClosestDistance(L_2, accuracy)",12435,0,-2.011969233708227,0,-0.5505090149865879
dpctgan,"ClosestDistance(L_2, accuracy)",12435,1,-1.484519079998548,0,-0.5505090149865879
dpctgan,"ClosestDistance(L_2, accuracy)",12435,0,-1.4285128789040855,0,-0.5505090149865879
dpctgan,"ClosestDistance(L_2, accuracy)",12435,1,-1.4345941964478426,0,-0.5505090149865879
dpctgan,"ClosestDistance(L_2, accuracy)",12435,0,-1.5869160903565869,0,-0.5505090149865879
dpctgan,"ClosestDistance(L_2, accuracy)",12435,1,-0.19063159953855002,1,-0.5505090149865879
dpctgan,"ClosestDistance(L_2, accuracy)",12435,0,-1.4411100235070953,0,-0.5505090149865879
dpctgan,"ClosestDistance(L_2, accuracy)",12435,1,-1.4221291187572687,0,-0.5505090149865879
dpctgan,"ClosestDistance(L_2, accuracy)",12435,0,-0.18327160202269524,1,-0.5505090149865879
dpctgan,"ClosestDistance(L_2, accuracy)",12435,1,-0.19856785804813876,1,-0.5505090149865879
dpctgan,"ClosestDistance(L_2, accuracy)",12435,0,-1.453426202562665,0,-0.5505090149865879
dpctgan,"ClosestDistance(L_2, accuracy)",12435,1,-0.26668015139032625,1,-0.5505090149865879
dpctgan,"ClosestDistance(L_2, accuracy)",12435,0,-1.4264082753249427,0,-0.5505090149865879
dpctgan,"ClosestDistance(L_2, accuracy)",12435,1,-1.4528457639368029,0,-0.5505090149865879
dpctgan,"ClosestDistance(L_2, accuracy)",12435,0,-0.40680306638653835,1,-0.5505090149865879
dpctgan,"ClosestDistance(L_2, accuracy)",12435,1,-1.486230421842841,0,-0.5505090149865879
dpctgan,"ClosestDistance(L_2, accuracy)",12435,0,-0.47109498063483923,1,-0.5505090149865879
dpctgan,"ClosestDistance(L_2, accuracy)",12435,1,-0.5923170376837349,0,-0.5505090149865879
dpctgan,"ClosestDistance(L_2, accuracy)",12435,0,-1.4537159696358257,0,-0.5505090149865879
dpctgan,"ClosestDistance(L_2, accuracy)",12435,1,-0.43771835164198436,1,-0.5505090149865879
dpctgan,"ClosestDistance(L_2, accuracy)",12435,0,-0.16898263402544023,1,-0.5505090149865879
dpctgan,"ClosestDistance(L_2, accuracy)",12435,1,-0.25686677038441663,1,-0.5505090149865879
dpctgan,"ClosestDistance(L_2, accuracy)",12435,0,-1.7821581569687988,0,-0.5505090149865879
dpctgan,"ClosestDistance(L_2, accuracy)",12435,1,-1.4277972905999876,0,-0.5505090149865879
dpctgan,"ClosestDistance(L_2, accuracy)",12435,0,-0.2573491108499051,1,-0.5505090149865879
dpctgan,"ClosestDistance(L_2, accuracy)",12435,1,-1.4294595169603868,0,-0.5505090149865879
dpctgan,"ClosestDistance(L_2, accuracy)",12435,0,-0.3678655890860495,1,-0.5505090149865879
dpctgan,"ClosestDistance(L_2, accuracy)",12435,1,-0.3279836991704754,1,-0.5505090149865879
dpctgan,"ClosestDistance(L_2, accuracy)",12435,0,-0.5496322811356076,1,-0.5505090149865879
dpctgan,"ClosestDistance(L_2, accuracy)",12435,1,-1.4939769805351462,0,-0.5505090149865879
dpctgan,"ClosestDistance(L_2, accuracy)",12435,0,-1.4893051696975763,0,-0.5505090149865879
dpctgan,"ClosestDistance(L_2, accuracy)",12435,1,-0.5958150076069387,0,-0.5505090149865879
dpctgan,"ClosestDistance(L_2, accuracy)",12435,0,-1.4695230954946363,0,-0.5505090149865879
dpctgan,"ClosestDistance(L_2, accuracy)",12435,1,-1.4259628629919625,0,-0.5505090149865879
dpctgan,"ClosestDistance(L_2, accuracy)",12435,0,-1.4261462013692787,0,-0.5505090149865879
dpctgan,"ClosestDistance(L_2, accuracy)",12435,1,-2.0115183462412354,0,-0.5505090149865879
dpctgan,"ClosestDistance(L_2, accuracy)",12435,0,-0.24522118818819194,1,-0.5505090149865879
dpctgan,"ClosestDistance(L_2, accuracy)",12435,1,-0.14835454388958721,1,-0.5505090149865879
dpctgan,"ClosestDistance(L_2, accuracy)",12435,0,-1.4358936169270518,0,-0.5505090149865879
dpctgan,"ClosestDistance(L_2, accuracy)",12435,1,-2.103221232534362,0,-0.5505090149865879
dpctgan,"ClosestDistance(L_2, accuracy)",12435,0,-1.6036254093018185,0,-0.5505090149865879
dpctgan,"ClosestDistance(L_2, accuracy)",12435,1,-0.42568991201079914,1,-0.5505090149865879
dpctgan,"ClosestDistance(L_2, accuracy)",12435,0,-0.4472294480461884,1,-0.5505090149865879
dpctgan,"ClosestDistance(L_2, accuracy)",12435,1,-0.7129283915441206,0,-0.5505090149865879
dpctgan,"ClosestDistance(L_2, accuracy)",12435,0,-0.1814264956798342,1,-0.5505090149865879
dpctgan,"ClosestDistance(L_2, accuracy)",12435,1,-1.439916299500968,0,-0.5505090149865879
dpctgan,"ClosestDistance(L_2, accuracy)",12435,0,-1.4155760863245523,0,-0.5505090149865879
dpctgan,"ClosestDistance(L_2, accuracy)",12435,1,-0.48459952872424256,1,-0.5505090149865879
dpctgan,"ClosestDistance(L_2, accuracy)",12435,0,-0.19310325100418513,1,-0.5505090149865879
dpctgan,"ClosestDistance(L_2, accuracy)",12435,1,-1.4172465474145908,0,-0.5505090149865879
dpctgan,"ClosestDistance(L_2, accuracy)",12435,0,-0.6736774342378722,0,-0.5505090149865879
dpctgan,"ClosestDistance(L_2, accuracy)",12435,1,-1.6052290353855956,0,-0.5505090149865879
dpctgan,"ClosestDistance(L_2, accuracy)",12435,0,-1.4245651190455562,0,-0.5505090149865879
dpctgan,"ClosestDistance(L_2, accuracy)",12435,1,-0.6506948335837408,0,-0.5505090149865879
dpctgan,"ClosestDistance(L_2, accuracy)",12435,0,-1.638483999313028,0,-0.5505090149865879
dpctgan,"ClosestDistance(L_2, accuracy)",12435,1,-0.13402643121445545,1,-0.5505090149865879
dpctgan,"ClosestDistance(L_2, accuracy)",12435,0,-1.4185100937643946,0,-0.5505090149865879
dpctgan,"ClosestDistance(L_2, accuracy)",12435,1,-1.426852116517729,0,-0.5505090149865879
dpctgan,"ClosestDistance(L_2, accuracy)",12435,0,-0.7899529619959303,0,-0.5505090149865879
dpctgan,"ClosestDistance(L_2, accuracy)",12435,1,-1.4372531663695562,0,-0.5505090149865879
dpctgan,"ClosestDistance(L_2, accuracy)",12435,0,-0.6282349567965069,0,-0.5505090149865879
dpctgan,"ClosestDistance(L_2, accuracy)",12435,1,-0.7378635922753447,0,-0.5505090149865879
dpctgan,"ClosestDistance(L_2, accuracy)",12435,0,-1.449010766831672,0,-0.5505090149865879
dpctgan,"ClosestDistance(L_2, accuracy)",12435,1,-1.5126119908346365,0,-0.5505090149865879
dpctgan,"ClosestDistance(L_2, accuracy)",12435,0,-0.9903126138256175,0,-0.5505090149865879
dpctgan,"ClosestDistance(L_2, accuracy)",12435,1,-1.4208406007708234,0,-0.5505090149865879
dpctgan,"ClosestDistance(L_2, accuracy)",12435,0,-1.4342038568998223,0,-0.5505090149865879
dpctgan,"ClosestDistance(L_2, accuracy)",12435,1,-1.4917298154419012,0,-0.5505090149865879
dpctgan,"ClosestDistance(L_2, accuracy)",12435,0,-0.7555738370108575,0,-0.5505090149865879
dpctgan,"ClosestDistance(L_2, accuracy)",12435,1,-1.4631409623023115,0,-0.5505090149865879
dpctgan,"ClosestDistance(L_2, accuracy)",12435,0,-0.8376670355748235,0,-0.5505090149865879
dpctgan,"ClosestDistance(L_2, accuracy)",12435,1,-0.6149078274012091,0,-0.5505090149865879
dpctgan,"ClosestDistance(L_2, accuracy)",12435,0,-1.4589903506175896,0,-0.5505090149865879
dpctgan,"ClosestDistance(L_2, accuracy)",12435,1,-1.4304804020435997,0,-0.5505090149865879
dpctgan,"ClosestDistance(L_2, accuracy)",12435,0,-1.4318201575333551,0,-0.5505090149865879
dpctgan,"ClosestDistance(L_2, accuracy)",12435,1,-0.2878060267611124,1,-0.5505090149865879
dpctgan,"ClosestDistance(L_2, accuracy)",12435,0,-1.4364041971122576,0,-0.5505090149865879
dpctgan,"ClosestDistance(L_2, accuracy)",12435,1,-0.6329361486192734,0,-0.5505090149865879
dpctgan,"ClosestDistance(L_2, accuracy)",12435,0,-1.426934983600059,0,-0.5505090149865879
dpctgan,"ClosestDistance(L_2, accuracy)",12435,1,-0.8077362674416046,0,-0.5505090149865879
dpctgan,"ClosestDistance(L_2, accuracy)",12435,0,-1.4167276719884125,0,-0.5505090149865879
dpctgan,"ClosestDistance(L_2, accuracy)",12435,1,-1.4218375336199973,0,-0.5505090149865879
dpctgan,"ClosestDistance(L_2, accuracy)",12435,0,-1.4700964511315047,0,-0.5505090149865879
dpctgan,"ClosestDistance(L_2, accuracy)",12435,1,-1.442037860118884,0,-0.5505090149865879
dpctgan,"ClosestDistance(L_2, accuracy)",12435,0,-1.4259449061427514,0,-0.5505090149865879
dpctgan,"ClosestDistance(L_2, accuracy)",12435,1,-0.24038987539829051,1,-0.5505090149865879
dpctgan,"ClosestDistance(L_2, accuracy)",12435,0,-0.24504168426238124,1,-0.5505090149865879
dpctgan,"ClosestDistance(L_2, accuracy)",12435,1,-0.3921889601399565,1,-0.5505090149865879
dpctgan,"ClosestDistance(L_2, accuracy)",12435,0,-0.4804087553375709,1,-0.5505090149865879
dpctgan,"ClosestDistance(L_2, accuracy)",12435,1,-0.6406392746408371,0,-0.5505090149865879
dpctgan,"ClosestDistance(L_2, accuracy)",12435,0,-1.4933378904591494,0,-0.5505090149865879
dpctgan,"ClosestDistance(L_2, accuracy)",12435,1,-1.5474979412957854,0,-0.5505090149865879
dpctgan,"ClosestDistance(L_2, accuracy)",12435,0,-1.4163799766622338,0,-0.5505090149865879
dpctgan,"ClosestDistance(L_2, accuracy)",12435,1,-0.3321059345524789,1,-0.5505090149865879
dpctgan,"ClosestDistance(L_2, accuracy)",12435,0,-1.4728064052203167,0,-0.5505090149865879
dpctgan,"ClosestDistance(L_2, accuracy)",12435,1,-1.4449287908491564,0,-0.5505090149865879
dpctgan,"ClosestDistance(L_2, accuracy)",12435,0,-1.020721830477869,0,-0.5505090149865879
dpctgan,"ClosestDistance(L_2, accuracy)",12435,1,-1.4628618670817817,0,-0.5505090149865879
dpctgan,"ClosestDistance(L_2, accuracy)",12435,0,-0.3478516534753442,1,-0.5505090149865879
dpctgan,"ClosestDistance(L_2, accuracy)",12435,1,-0.850916961650146,0,-0.5505090149865879
dpctgan,"ClosestDistance(L_2, accuracy)",12435,0,-1.5723649623875762,0,-0.5505090149865879
dpctgan,"ClosestDistance(L_2, accuracy)",12435,1,-2.0678719865662845,0,-0.5505090149865879
dpctgan,"ClosestDistance(L_2, accuracy)",12435,0,-0.325207041326957,1,-0.5505090149865879
dpctgan,"ClosestDistance(L_2, accuracy)",12435,1,-0.18363086789094665,1,-0.5505090149865879
dpctgan,"ClosestDistance(L_2, accuracy)",12435,0,-1.4804202581462806,0,-0.5505090149865879
dpctgan,"ClosestDistance(L_2, accuracy)",12435,1,-1.4385813226572413,0,-0.5505090149865879
dpctgan,"ClosestDistance(L_2, accuracy)",12435,0,-0.25931747695447427,1,-0.5505090149865879
dpctgan,"ClosestDistance(L_2, accuracy)",12435,1,-0.6941113483295127,0,-0.5505090149865879
dpctgan,"ClosestDistance(L_2, accuracy)",12435,0,-0.1435532274598839,1,-0.5505090149865879
dpctgan,"ClosestDistance(L_2, accuracy)",12435,1,-0.3957532830539187,1,-0.5505090149865879
dpctgan,"ClosestDistance(L_2, accuracy)",12435,0,-1.439115431337838,0,-0.5505090149865879
dpctgan,"ClosestDistance(L_2, accuracy)",12435,1,-0.19161667626667622,1,-0.5505090149865879
dpctgan,"ClosestDistance(L_2, accuracy)",12435,0,-1.4246514658566807,0,-0.5505090149865879
dpctgan,"ClosestDistance(L_2, accuracy)",12435,1,-1.4898017288268963,0,-0.5505090149865879
dpctgan,"ClosestDistance(L_2, accuracy)",12435,0,-0.5063642088971247,1,-0.5505090149865879
dpctgan,"ClosestDistance(L_2, accuracy)",12435,1,-1.4153267786592425,0,-0.5505090149865879
dpctgan,"ClosestDistance(L_2, accuracy)",12435,0,-1.4263378401925577,0,-0.5505090149865879
dpctgan,"ClosestDistance(L_2, accuracy)",12435,1,-1.6123799853704128,0,-0.5505090149865879
dpctgan,"ClosestDistance(L_2, accuracy)",12435,0,-0.3742539018438086,1,-0.5505090149865879
dpctgan,"ClosestDistance(L_2, accuracy)",12435,1,-1.425861219706857,0,-0.5505090149865879
dpctgan,"ClosestDistance(L_2, accuracy)",12435,0,-1.4194717877636012,0,-0.5505090149865879
dpctgan,"ClosestDistance(L_2, accuracy)",12435,1,-1.4936564112932453,0,-0.5505090149865879
dpctgan,"ClosestDistance(L_2, accuracy)",12435,0,-1.41561187875082,0,-0.5505090149865879
dpctgan,"ClosestDistance(L_2, accuracy)",12435,1,-1.4537436364637975,0,-0.5505090149865879
dpctgan,"ClosestDistance(L_2, accuracy)",12435,0,-1.4484912445682445,0,-0.5505090149865879
dpctgan,"ClosestDistance(L_2, accuracy)",12435,1,-1.4157063787533,0,-0.5505090149865879
dpctgan,"ClosestDistance(L_2, accuracy)",12435,0,-1.4633121586770899,0,-0.5505090149865879
dpctgan,"ClosestDistance(L_2, accuracy)",12435,1,-0.31055020074998924,1,-0.5505090149865879
dpctgan,"ClosestDistance(L_2, accuracy)",12435,0,-0.3935782393325348,1,-0.5505090149865879
dpctgan,"ClosestDistance(L_2, accuracy)",12435,1,-0.5394273709948854,1,-0.5505090149865879
dpctgan,"ClosestDistance(L_2, accuracy)",12435,0,-1.4939136844841692,0,-0.5505090149865879
dpctgan,"ClosestDistance(L_2, accuracy)",12435,1,-1.4150398054529603,0,-0.5505090149865879
dpctgan,"ClosestDistance(L_2, accuracy)",12435,0,-2.0132036951150316,0,-0.5505090149865879
dpctgan,"ClosestDistance(L_2, accuracy)",12435,1,-0.3337770805617561,1,-0.5505090149865879
dpctgan,"ClosestDistance(L_2, accuracy)",12435,0,-0.17619075495457673,1,-0.5505090149865879
dpctgan,"ClosestDistance(L_2, accuracy)",12435,1,-1.4145553697129591,0,-0.5505090149865879
dpctgan,"ClosestDistance(L_2, accuracy)",12435,0,-0.16487801289210724,1,-0.5505090149865879
dpctgan,"ClosestDistance(L_2, accuracy)",12435,1,-1.4375414660799093,0,-0.5505090149865879
dpctgan,"ClosestDistance(L_2, accuracy)",12435,0,-1.4461312108527558,0,-0.5505090149865879
dpctgan,"ClosestDistance(L_2, accuracy)",12435,1,-0.4533086612155181,1,-0.5505090149865879
dpctgan,"ClosestDistance(L_2, accuracy)",12435,0,-1.440881368407277,0,-0.5505090149865879
dpctgan,"ClosestDistance(L_2, accuracy)",12435,1,-1.4208113386367154,0,-0.5505090149865879
dpctgan,"ClosestDistance(L_2, accuracy)",12435,0,-0.23984437253616595,1,-0.5505090149865879
dpctgan,"ClosestDistance(L_2, accuracy)",12435,1,-1.416442921343598,0,-0.5505090149865879
dpctgan,"ClosestDistance(L_2, accuracy)",12435,0,-0.6400912534404652,0,-0.5505090149865879
dpctgan,"ClosestDistance(L_2, accuracy)",12435,1,-0.3728210185344926,1,-0.5505090149865879
dpctgan,"ClosestDistance(L_2, accuracy)",12435,0,-0.41342603006329326,1,-0.5505090149865879
dpctgan,"ClosestDistance(L_2, accuracy)",12435,1,-0.023873050134641437,1,-0.5505090149865879
dpctgan,"ClosestDistance(L_2, accuracy)",12435,0,-0.5026452879996277,1,-0.5505090149865879
dpctgan,"ClosestDistance(L_2, accuracy)",12435,1,-1.444351385065073,0,-0.5505090149865879
dpctgan,"ClosestDistance(L_2, accuracy)",12435,0,-1.4166778112011769,0,-0.5505090149865879
dpctgan,"ClosestDistance(L_2, accuracy)",12435,1,-1.4166227128183235,0,-0.5505090149865879
dpctgan,"ClosestDistance(L_2, accuracy)",12435,0,-0.6337653790835164,0,-0.5505090149865879
dpctgan,"ClosestDistance(L_2, accuracy)",12435,1,-1.4282174365238334,0,-0.5505090149865879
dpctgan,"ClosestDistance(L_2, accuracy)",12435,0,-0.512724964851886,1,-0.5505090149865879
dpctgan,"ClosestDistance(L_2, accuracy)",12435,1,-1.4416794092404783,0,-0.5505090149865879
dpctgan,"ClosestDistance(L_2, accuracy)",12435,0,-1.6616975614996807,0,-0.5505090149865879
dpctgan,"ClosestDistance(L_2, accuracy)",12435,1,-1.43772390506329,0,-0.5505090149865879
dpctgan,"ClosestDistance(L_2, accuracy)",12435,0,-1.552322175856036,0,-0.5505090149865879
dpctgan,"ClosestDistance(L_2, accuracy)",12435,1,-0.2892166333881293,1,-0.5505090149865879
dpctgan,"ClosestDistance(L_2, accuracy)",12435,0,-0.38543652606054424,1,-0.5505090149865879
dpctgan,"ClosestDistance(L_2, accuracy)",12435,1,-1.5978074632283001,0,-0.5505090149865879
dpctgan,"ClosestDistance(L_2, accuracy)",12435,0,-1.4421398274601411,0,-0.5505090149865879
dpctgan,"ClosestDistance(L_2, accuracy)",12435,1,-1.4788306505572124,0,-0.5505090149865879
dpctgan,"ClosestDistance(L_2, accuracy)",12435,0,-2.011307349433682,0,-0.5505090149865879
dpctgan,"ClosestDistance(L_2, accuracy)",12435,1,-1.4202018741532056,0,-0.5505090149865879
dpctgan,"ClosestDistance(L_2, accuracy)",12435,0,-1.5203903260538685,0,-0.5505090149865879
dpctgan,"ClosestDistance(L_2, accuracy)",12435,1,-0.20237439479257766,1,-0.5505090149865879
dpctgan,"ClosestDistance(L_2, accuracy)",12435,0,-1.432065997670518,0,-0.5505090149865879
dpctgan,"ClosestDistance(L_2, accuracy)",12435,1,-1.5587203440912825,0,-0.5505090149865879
dpctgan,"ClosestDistance(L_2, accuracy)",12435,0,-1.4541756391124894,0,-0.5505090149865879
dpctgan,"ClosestDistance(L_2, accuracy)",12435,1,-0.21119403820880142,1,-0.5505090149865879
dpctgan,"ClosestDistance(L_2, accuracy)",12435,0,-1.4180074661989235,0,-0.5505090149865879
dpctgan,"ClosestDistance(L_2, accuracy)",12435,1,-0.7834609030078964,0,-0.5505090149865879
dpctgan,"ClosestDistance(L_2, accuracy)",12435,0,-0.12349907696425358,1,-0.5505090149865879
dpctgan,"ClosestDistance(L_2, accuracy)",12435,1,-1.5016159930518327,0,-0.5505090149865879
dpctgan,"ClosestDistance(L_2, accuracy)",12435,0,-1.563154085700477,0,-0.5505090149865879
dpctgan,"ClosestDistance(L_2, accuracy)",12435,1,-1.4547255365241523,0,-0.5505090149865879
dpctgan,"ClosestDistance(L_2, accuracy)",12435,0,-0.46825469076486126,1,-0.5505090149865879
dpctgan,"ClosestDistance(L_2, accuracy)",12435,1,-1.6065692500969937,0,-0.5505090149865879
dpctgan,"ClosestDistance(L_2, accuracy)",12435,0,-1.4175282934433042,0,-0.5505090149865879
dpctgan,"ClosestDistance(L_2, accuracy)",12435,1,-0.2673163259651536,1,-0.5505090149865879
dpctgan,"ClosestDistance(L_2, accuracy)",12435,0,-1.4198342471468277,0,-0.5505090149865879
dpctgan,"ClosestDistance(L_2, accuracy)",12435,1,-1.425227661662089,0,-0.5505090149865879
dpctgan,"ClosestDistance(L_2, accuracy)",12435,0,-1.4212210749090894,0,-0.5505090149865879
dpctgan,"ClosestDistance(L_2, accuracy)",12435,1,-1.4280098949890183,0,-0.5505090149865879
dpctgan,"ClosestDistance(L_2, accuracy)",12435,0,-0.4632724476020994,1,-0.5505090149865879
dpctgan,"ClosestDistance(L_2, accuracy)",12435,1,-0.24395860411793233,1,-0.5505090149865879
dpctgan,"ClosestDistance(L_2, accuracy)",12435,0,-1.4457961594844633,0,-0.5505090149865879
dpctgan,"ClosestDistance(L_2, accuracy)",12435,1,-1.445706071808294,0,-0.5505090149865879
dpctgan,"ClosestDistance(L_2, accuracy)",12435,0,-0.5858074833176964,0,-0.5505090149865879
dpctgan,"ClosestDistance(L_2, accuracy)",12435,1,-2.0489152772958144,0,-0.5505090149865879
dpctgan,"ClosestDistance(L_2, accuracy)",12435,0,-1.4473839297276605,0,-0.5505090149865879
dpctgan,"ClosestDistance(L_2, accuracy)",12435,1,-0.6918828858056225,0,-0.5505090149865879
dpctgan,"ClosestDistance(L_2, accuracy)",12435,0,-1.6484200781338956,0,-0.5505090149865879
dpctgan,"ClosestDistance(L_2, accuracy)",12435,1,-0.2729798989567919,1,-0.5505090149865879
dpctgan,"ClosestDistance(L_2, accuracy)",12435,0,-1.4523231316854703,0,-0.5505090149865879
dpctgan,"ClosestDistance(L_2, accuracy)",12435,1,-0.36325355947609606,1,-0.5505090149865879
dpctgan,"ClosestDistance(L_2, accuracy)",12435,0,-1.4710575044697323,0,-0.5505090149865879
dpctgan,"ClosestDistance(L_2, accuracy)",12435,1,-0.4958110599848336,1,-0.5505090149865879
dpctgan,"ClosestDistance(L_2, accuracy)",12435,0,-0.4647436793447632,1,-0.5505090149865879
dpctgan,"ClosestDistance(L_2, accuracy)",12435,1,-1.4399692161120266,0,-0.5505090149865879
dpctgan,"ClosestDistance(L_2, accuracy)",12435,0,-1.4838138458078798,0,-0.5505090149865879
dpctgan,"ClosestDistance(L_2, accuracy)",12435,1,-0.7581965306073318,0,-0.5505090149865879
dpctgan,"ClosestDistance(L_2, accuracy)",12435,0,-1.4433632136501213,0,-0.5505090149865879
dpctgan,"ClosestDistance(L_2, accuracy)",12435,1,-1.4690865131360775,0,-0.5505090149865879
dpctgan,"ClosestDistance(L_2, accuracy)",12435,0,-0.25555596263738967,1,-0.5505090149865879
dpctgan,"ClosestDistance(L_2, accuracy)",12435,1,-1.4621239377082564,0,-0.5505090149865879
dpctgan,"ClosestDistance(L_2, accuracy)",12435,0,-1.5793386474246105,0,-0.5505090149865879
dpctgan,"ClosestDistance(L_2, accuracy)",12435,1,-0.4518964678457124,1,-0.5505090149865879
dpctgan,"ClosestDistance(L_2, accuracy)",12435,0,-1.4170191466506836,0,-0.5505090149865879
dpctgan,"ClosestDistance(L_2, accuracy)",12435,1,-0.07758764138792412,1,-0.5505090149865879
dpctgan,"ClosestDistance(L_2, accuracy)",12435,0,-0.5581795491935538,0,-0.5505090149865879
dpctgan,"ClosestDistance(L_2, accuracy)",12435,1,-1.4274903402665735,0,-0.5505090149865879
dpctgan,"ClosestDistance(L_2, accuracy)",12435,0,-0.11042631675930942,1,-0.5505090149865879
dpctgan,"ClosestDistance(L_2, accuracy)",12435,1,-1.441188336398584,0,-0.5505090149865879
dpctgan,"ClosestDistance(L_2, accuracy)",12435,0,-1.4380808932777496,0,-0.5505090149865879
dpctgan,"ClosestDistance(L_2, accuracy)",12435,1,-1.4318025446615381,0,-0.5505090149865879
dpctgan,"ClosestDistance(L_2, accuracy)",12435,0,-0.2612272474333376,1,-0.5505090149865879
dpctgan,"ClosestDistance(L_2, accuracy)",12435,1,-1.4207166477536408,0,-0.5505090149865879
dpctgan,"ClosestDistance(L_2, accuracy)",12435,0,-1.4302344164389553,0,-0.5505090149865879
dpctgan,"ClosestDistance(L_2, accuracy)",12435,1,-1.4800452573456442,0,-0.5505090149865879
dpctgan,"ClosestDistance(L_2, accuracy)",12435,0,-1.4756076512102119,0,-0.5505090149865879
dpctgan,"ClosestDistance(L_2, accuracy)",12435,1,-1.420666343456512,0,-0.5505090149865879
dpctgan,"ClosestDistance(L_2, accuracy)",12435,0,-0.34262937444207714,1,-0.5505090149865879
dpctgan,"ClosestDistance(L_2, accuracy)",12435,1,-1.0792829047518961,0,-0.5505090149865879
dpctgan,"ClosestDistance(L_2, accuracy)",12435,0,-0.5362207388815954,1,-0.5505090149865879
dpctgan,"ClosestDistance(L_2, accuracy)",12435,1,-0.3930470183460373,1,-0.5505090149865879
dpctgan,"ClosestDistance(L_2, accuracy)",12435,0,-0.8550620440976608,0,-0.5505090149865879
dpctgan,"ClosestDistance(L_2, accuracy)",12435,1,-2.026984959467047,0,-0.5505090149865879
dpctgan,"ClosestDistance(L_2, accuracy)",12435,0,-1.4783735937118803,0,-0.5505090149865879
dpctgan,"ClosestDistance(L_2, accuracy)",12435,1,-0.26286080165441406,1,-0.5505090149865879
dpctgan,"ClosestDistance(L_2, accuracy)",12435,0,-1.4222049612975327,0,-0.5505090149865879
dpctgan,"ClosestDistance(L_2, accuracy)",12435,1,-1.4239676899199811,0,-0.5505090149865879
dpctgan,"ClosestDistance(L_2, accuracy)",12435,0,-1.4334559011022505,0,-0.5505090149865879
dpctgan,"ClosestDistance(L_2, accuracy)",12435,1,-0.10562602527334464,1,-0.5505090149865879
dpctgan,"ClosestDistance(L_2, accuracy)",12435,0,-1.4231056501094115,0,-0.5505090149865879
dpctgan,"ClosestDistance(L_2, accuracy)",12435,1,-1.4472787137467702,0,-0.5505090149865879
dpctgan,"ClosestDistance(L_2, accuracy)",12435,0,-0.41036535599225893,1,-0.5505090149865879
dpctgan,"ClosestDistance(L_2, accuracy)",12435,1,-0.20591389646026695,1,-0.5505090149865879
dpctgan,"ClosestDistance(L_2, accuracy)",12435,0,-0.3862808023041165,1,-0.5505090149865879
dpctgan,"ClosestDistance(L_2, accuracy)",12435,1,-1.4981549912337995,0,-0.5505090149865879
dpctgan,"ClosestDistance(L_2, accuracy)",12435,0,-1.597961820669117,0,-0.5505090149865879
dpctgan,"ClosestDistance(L_2, accuracy)",12435,1,-1.4434634137749516,0,-0.5505090149865879
dpctgan,"ClosestDistance(L_2, accuracy)",12435,0,-1.6702355634173673,0,-0.5505090149865879
dpctgan,"ClosestDistance(L_2, accuracy)",12435,1,-0.4427488851197571,1,-0.5505090149865879
dpctgan,"ClosestDistance(L_2, accuracy)",12435,0,-1.4400481176035282,0,-0.5505090149865879
dpctgan,"ClosestDistance(L_2, accuracy)",12435,1,-1.4375777721379506,0,-0.5505090149865879
dpctgan,"ClosestDistance(L_2, accuracy)",12435,0,-1.4301221119583467,0,-0.5505090149865879
dpctgan,"ClosestDistance(L_2, accuracy)",12435,1,-0.7542638140819414,0,-0.5505090149865879
dpctgan,"ClosestDistance(L_2, accuracy)",12435,0,-0.19572335966772048,1,-0.5505090149865879
dpctgan,"ClosestDistance(L_2, accuracy)",12435,1,-0.3916015322422834,1,-0.5505090149865879
dpctgan,"ClosestDistance(L_2, accuracy)",12435,0,-0.8477251223786407,0,-0.5505090149865879
dpctgan,"ClosestDistance(L_2, accuracy)",12435,1,-0.3318124275729705,1,-0.5505090149865879
dpctgan,"ClosestDistance(L_2, accuracy)",12435,0,-1.5514088093423413,0,-0.5505090149865879
dpctgan,"ClosestDistance(L_2, accuracy)",12435,1,-0.24248082538649474,1,-0.5505090149865879
dpctgan,"ClosestDistance(L_2, accuracy)",12435,0,-1.4433098969222617,0,-0.5505090149865879
dpctgan,"ClosestDistance(L_2, accuracy)",12435,1,-1.465277212068756,0,-0.5505090149865879
dpctgan,"ClosestDistance(L_2, accuracy)",12435,0,-1.5329017070015587,0,-0.5505090149865879
dpctgan,"ClosestDistance(L_2, accuracy)",12435,1,-1.4392643303706634,0,-0.5505090149865879
dpctgan,"ClosestDistance(L_2, accuracy)",12435,0,-1.4636819502661331,0,-0.5505090149865879
dpctgan,"ClosestDistance(L_2, accuracy)",12435,1,-1.4205664612047582,0,-0.5505090149865879
dpctgan,"ClosestDistance(L_2, accuracy)",12435,0,-0.42898550890668474,1,-0.5505090149865879
dpctgan,"ClosestDistance(L_2, accuracy)",12435,1,-1.4219075240088224,0,-0.5505090149865879
dpctgan,"ClosestDistance(L_2, accuracy)",12435,0,-0.26098096763255285,1,-0.5505090149865879
dpctgan,"ClosestDistance(L_2, accuracy)",12435,1,-2.081556292501284,0,-0.5505090149865879
dpctgan,"ClosestDistance(L_2, accuracy)",12435,0,-1.4807358846549048,0,-0.5505090149865879
dpctgan,"ClosestDistance(L_2, accuracy)",12435,1,-0.9132509752210805,0,-0.5505090149865879
dpctgan,"ClosestDistance(L_2, accuracy)",12435,0,-0.33988523429877704,1,-0.5505090149865879
dpctgan,"ClosestDistance(L_2, accuracy)",12435,1,-1.4965167466295184,0,-0.5505090149865879
dpctgan,"ClosestDistance(L_2, accuracy)",12435,0,-2.0060915980481564,0,-0.5505090149865879
dpctgan,"ClosestDistance(L_2, accuracy)",12435,1,-1.4478624540619265,0,-0.5505090149865879
dpctgan,"ClosestDistance(L_2, accuracy)",12435,0,-0.31987223985312935,1,-0.5505090149865879
dpctgan,"ClosestDistance(L_2, accuracy)",12435,1,-1.5269341917543122,0,-0.5505090149865879
dpctgan,"ClosestDistance(L_2, accuracy)",12435,0,-1.4597935593219025,0,-0.5505090149865879
dpctgan,"ClosestDistance(L_2, accuracy)",12435,1,-1.422043590824058,0,-0.5505090149865879
dpctgan,"ClosestDistance(L_2, accuracy)",12435,0,-1.5786186117409953,0,-0.5505090149865879
dpctgan,"ClosestDistance(L_2, accuracy)",12435,1,-1.4602213697892248,0,-0.5505090149865879
dpctgan,"ClosestDistance(L_2, accuracy)",12435,0,-1.4331952734334674,0,-0.5505090149865879
dpctgan,"ClosestDistance(L_2, accuracy)",12435,1,-1.4642943295993487,0,-0.5505090149865879
dpctgan,"ClosestDistance(L_2, accuracy)",12435,0,-1.4342497581548213,0,-0.5505090149865879
dpctgan,"ClosestDistance(L_2, accuracy)",12435,1,-0.14870499730342937,1,-0.5505090149865879
dpctgan,"ClosestDistance(L_2, accuracy)",12435,0,-1.5178180832927934,0,-0.5505090149865879
dpctgan,"ClosestDistance(L_2, accuracy)",12435,1,-1.507742910705087,0,-0.5505090149865879
dpctgan,"ClosestDistance(L_2, accuracy)",12435,0,-0.4882067442694735,1,-0.5505090149865879
dpctgan,"ClosestDistance(L_2, accuracy)",12435,1,-0.247017781155585,1,-0.5505090149865879
dpctgan,"ClosestDistance(L_2, accuracy)",12435,0,-1.4624756010061093,0,-0.5505090149865879
dpctgan,"ClosestDistance(L_2, accuracy)",12435,1,-1.421425753274764,0,-0.5505090149865879
dpctgan,"ClosestDistance(L_2, accuracy)",12435,0,-1.432618052620593,0,-0.5505090149865879
dpctgan,"ClosestDistance(L_2, accuracy)",12435,1,-2.0112520301789942,0,-0.5505090149865879
dpctgan,"ClosestDistance(L_2, accuracy)",12435,0,-1.5236163302037327,0,-0.5505090149865879
dpctgan,"ClosestDistance(L_2, accuracy)",12435,1,-0.2728590243150767,1,-0.5505090149865879
dpctgan,"ClosestDistance(L_2, accuracy)",12435,0,-1.4398890574543664,0,-0.5505090149865879
dpctgan,"ClosestDistance(L_2, accuracy)",12435,1,-2.0712453872878362,0,-0.5505090149865879
dpctgan,"ClosestDistance(L_2, accuracy)",12435,0,-1.4403555803464092,0,-0.5505090149865879
dpctgan,"ClosestDistance(L_2, accuracy)",12435,1,-0.2353943019183205,1,-0.5505090149865879
dpctgan,"ClosestDistance(L_2, accuracy)",12435,0,-1.7921373189078573,0,-0.5505090149865879
dpctgan,"ClosestDistance(L_2, accuracy)",12435,1,-0.6199890640476815,0,-0.5505090149865879
dpctgan,"ClosestDistance(L_2, accuracy)",12435,0,-0.26500641044367346,1,-0.5505090149865879
dpctgan,"ClosestDistance(L_2, accuracy)",12435,1,-0.0533763305162047,1,-0.5505090149865879
dpctgan,"ClosestDistance(L_2, accuracy)",12435,0,-1.5043174994529311,0,-0.5505090149865879
dpctgan,"ClosestDistance(L_2, accuracy)",12435,1,-1.4317609699077065,0,-0.5505090149865879
dpctgan,"ClosestDistance(L_2, accuracy)",12435,0,-0.8401506101258862,0,-0.5505090149865879
dpctgan,"ClosestDistance(L_2, accuracy)",12435,1,-1.4404388540293396,0,-0.5505090149865879
dpctgan,"ClosestDistance(L_2, accuracy)",12435,0,-0.7349917797864137,0,-0.5505090149865879
dpctgan,"ClosestDistance(L_2, accuracy)",12435,1,-0.31900783933357296,1,-0.5505090149865879
dpctgan,"ClosestDistance(L_2, accuracy)",12435,0,-0.3067456076198068,1,-0.5505090149865879
dpctgan,"ClosestDistance(L_2, accuracy)",12435,1,-0.28832363577721953,1,-0.5505090149865879
dpctgan,"ClosestDistance(L_2, accuracy)",12435,0,-0.39852853700879565,1,-0.5505090149865879
dpctgan,"ClosestDistance(L_2, accuracy)",12435,1,-1.4256852069877113,0,-0.5505090149865879
dpctgan,"ClosestDistance(L_2, accuracy)",12435,0,-0.760486548815073,0,-0.5505090149865879
dpctgan,"ClosestDistance(L_2, accuracy)",12435,1,-1.4170783944687708,0,-0.5505090149865879
dpctgan,"ClosestDistance(L_2, accuracy)",12435,0,-1.6567150126584094,0,-0.5505090149865879
dpctgan,"ClosestDistance(L_2, accuracy)",12435,1,-1.4257880190294288,0,-0.5505090149865879
dpctgan,"ClosestDistance(L_2, accuracy)",12435,0,-0.11857516792743221,1,-0.5505090149865879
dpctgan,"ClosestDistance(L_2, accuracy)",12435,1,-0.5039754244550534,1,-0.5505090149865879
dpctgan,"ClosestDistance(L_2, accuracy)",12435,0,-0.30795258952787063,1,-0.5505090149865879
dpctgan,"ClosestDistance(L_2, accuracy)",12435,1,-1.598003387629089,0,-0.5505090149865879
dpctgan,"ClosestDistance(L_2, accuracy)",12435,0,-1.426340628652882,0,-0.5505090149865879
dpctgan,"ClosestDistance(L_2, accuracy)",12435,1,-0.551077594557442,0,-0.5505090149865879
dpctgan,"ClosestDistance(L_2, accuracy)",12435,0,-0.41151614700752936,1,-0.5505090149865879
dpctgan,"ClosestDistance(L_2, accuracy)",12435,1,-1.4475351121674969,0,-0.5505090149865879
dpctgan,"ClosestDistance(L_2, accuracy)",12435,0,-0.31138792441057417,1,-0.5505090149865879
dpctgan,"ClosestDistance(L_2, accuracy)",12435,1,-1.42866000798196,0,-0.5505090149865879
dpctgan,"ClosestDistance(L_2, accuracy)",12435,0,-1.803881836876786,0,-0.5505090149865879
dpctgan,"ClosestDistance(L_2, accuracy)",12435,1,-2.0441624357004224,0,-0.5505090149865879
dpctgan,"ClosestDistance(L_2, accuracy)",12435,0,-1.4561586308785694,0,-0.5505090149865879
dpctgan,"ClosestDistance(L_2, accuracy)",12435,1,-1.4592158436728464,0,-0.5505090149865879
dpctgan,"ClosestDistance(L_2, accuracy)",12435,0,-1.4906893265690655,0,-0.5505090149865879
dpctgan,"ClosestDistance(L_2, accuracy)",12435,1,-2.043663946815695,0,-0.5505090149865879
dpctgan,"ClosestDistance(L_2, accuracy)",12435,0,-1.429644775099198,0,-0.5505090149865879
dpctgan,"ClosestDistance(L_2, accuracy)",12435,1,-0.4200310647298231,1,-0.5505090149865879
dpctgan,"ClosestDistance(L_2, accuracy)",12435,0,-1.450729445404473,0,-0.5505090149865879
dpctgan,"ClosestDistance(L_2, accuracy)",12435,1,-1.426051666676332,0,-0.5505090149865879
dpctgan,"ClosestDistance(L_2, accuracy)",12435,0,-1.4177662439281737,0,-0.5505090149865879
dpctgan,"ClosestDistance(L_2, accuracy)",12435,1,-0.5865079770884724,0,-0.5505090149865879
dpctgan,"ClosestDistance(L_2, accuracy)",12435,0,-1.5565837245048078,0,-0.5505090149865879
dpctgan,"ClosestDistance(L_2, accuracy)",12435,1,-1.4214525229056998,0,-0.5505090149865879
dpctgan,"ClosestDistance(L_2, accuracy)",12435,0,-1.4656573346580695,0,-0.5505090149865879
dpctgan,"ClosestDistance(L_2, accuracy)",12435,1,-0.731340923831249,0,-0.5505090149865879
dpctgan,"ClosestDistance(L_2, accuracy)",12435,0,-0.3050767962997746,1,-0.5505090149865879
dpctgan,"ClosestDistance(L_2, accuracy)",12435,1,-1.4801689546563583,0,-0.5505090149865879
dpctgan,"ClosestDistance(L_2, accuracy)",12435,0,-0.19153823791508864,1,-0.5505090149865879
dpctgan,"ClosestDistance(L_2, accuracy)",12435,1,-0.38654799889872293,1,-0.5505090149865879
dpctgan,"ClosestDistance(L_2, accuracy)",12435,0,-1.5398830840059405,0,-0.5505090149865879
dpctgan,"ClosestDistance(L_2, accuracy)",12435,1,-0.33018715692713263,1,-0.5505090149865879
dpctgan,"ClosestDistance(L_2, accuracy)",12435,0,-1.4351270800438074,0,-0.5505090149865879
dpctgan,"ClosestDistance(L_2, accuracy)",12435,1,-1.4290703755930405,0,-0.5505090149865879
dpctgan,"ClosestDistance(L_2, accuracy)",12435,0,-0.16326731408395662,1,-0.5505090149865879
dpctgan,"ClosestDistance(L_2, accuracy)",12435,1,-1.4704816235243918,0,-0.5505090149865879
dpctgan,"ClosestDistance(L_2, accuracy)",12435,0,-1.741322208896797,0,-0.5505090149865879
dpctgan,"ClosestDistance(L_2, accuracy)",12435,1,-1.4634175159158858,0,-0.5505090149865879
dpctgan,"ClosestDistance(L_2, accuracy)",12435,0,-1.6274637464185082,0,-0.5505090149865879
dpctgan,"ClosestDistance(L_2, accuracy)",12435,1,-0.6748833388133465,0,-0.5505090149865879
dpctgan,"ClosestDistance(L_2, accuracy)",12435,0,-2.0081873342289063,0,-0.5505090149865879
dpctgan,"ClosestDistance(L_2, accuracy)",12435,1,-1.5081547991465651,0,-0.5505090149865879
dpctgan,"ClosestDistance(L_2, accuracy)",12435,0,-1.4242847087173887,0,-0.5505090149865879
dpctgan,"ClosestDistance(L_2, accuracy)",12435,1,-0.6334533831641566,0,-0.5505090149865879
dpctgan,"ClosestDistance(L_2, accuracy)",12435,0,-1.4356294702186616,0,-0.5505090149865879
dpctgan,"ClosestDistance(L_2, accuracy)",12435,1,-1.4331748400895126,0,-0.5505090149865879
dpctgan,"ClosestDistance(L_2, accuracy)",12435,0,-1.440814667344374,0,-0.5505090149865879
dpctgan,"ClosestDistance(L_2, accuracy)",12435,1,-0.42929442149113667,1,-0.5505090149865879
dpctgan,"ClosestDistance(L_2, accuracy)",12435,0,-0.22515587627116113,1,-0.5505090149865879
dpctgan,"ClosestDistance(L_2, accuracy)",12435,1,-0.1888789935587447,1,-0.5505090149865879
dpctgan,"ClosestDistance(L_2, accuracy)",12435,0,-1.4456385671012817,0,-0.5505090149865879
dpctgan,"ClosestDistance(L_2, accuracy)",12435,1,-2.042196546858136,0,-0.5505090149865879
dpctgan,"ClosestDistance(L_2, accuracy)",12435,0,-0.31131959015717114,1,-0.5505090149865879
dpctgan,"ClosestDistance(L_2, accuracy)",12435,1,-1.4548860298677821,0,-0.5505090149865879
dpctgan,"ClosestDistance(L_2, accuracy)",12435,0,-1.430994192179221,0,-0.5505090149865879
dpctgan,"ClosestDistance(L_2, accuracy)",12435,1,-0.761900572487181,0,-0.5505090149865879
dpctgan,"ClosestDistance(L_2, accuracy)",12435,0,-1.461676578065508,0,-0.5505090149865879
dpctgan,"ClosestDistance(L_2, accuracy)",12435,1,-1.423251006928252,0,-0.5505090149865879
dpctgan,"ClosestDistance(L_2, accuracy)",12435,0,-0.9984229700452778,0,-0.5505090149865879
dpctgan,"ClosestDistance(L_2, accuracy)",12435,1,-1.4527295650791234,0,-0.5505090149865879
dpctgan,"ClosestDistance(L_2, accuracy)",12435,0,-1.4285629014702954,0,-0.5505090149865879
dpctgan,"ClosestDistance(L_2, accuracy)",12435,1,-0.39665523945488396,1,-0.5505090149865879
dpctgan,"ClosestDistance(L_2, accuracy)",12435,0,-0.627480575435132,0,-0.5505090149865879
dpctgan,"ClosestDistance(L_2, accuracy)",12435,1,-0.2742322362795903,1,-0.5505090149865879
dpctgan,"ClosestDistance(L_2, accuracy)",12435,0,-1.4501189346892143,0,-0.5505090149865879
dpctgan,"ClosestDistance(L_2, accuracy)",12435,1,-1.5570093280794353,0,-0.5505090149865879
dpctgan,"ClosestDistance(L_2, accuracy)",12435,0,-1.4533648974584525,0,-0.5505090149865879
dpctgan,"ClosestDistance(L_2, accuracy)",12435,1,-1.4800969505881751,0,-0.5505090149865879
dpctgan,"ClosestDistance(L_2, accuracy)",12435,0,-1.4888884598016427,0,-0.5505090149865879
dpctgan,"ClosestDistance(L_2, accuracy)",12435,1,-1.4451156060131027,0,-0.5505090149865879
dpctgan,"ClosestDistance(L_2, accuracy)",12435,0,-0.35180473525454686,1,-0.5505090149865879
dpctgan,"ClosestDistance(L_2, accuracy)",12435,1,-0.2898402242530322,1,-0.5505090149865879
dpctgan,"ClosestDistance(L_2, accuracy)",12435,0,-0.33835620844038056,1,-0.5505090149865879
dpctgan,"ClosestDistance(L_2, accuracy)",12435,1,-1.556082372044689,0,-0.5505090149865879
dpctgan,"ClosestDistance(L_2, accuracy)",12435,0,-0.6893202977644425,0,-0.5505090149865879
dpctgan,"ClosestDistance(L_2, accuracy)",12435,1,-1.441481276806707,0,-0.5505090149865879
dpctgan,"ClosestDistance(L_2, accuracy)",12435,0,-0.5134887760470978,1,-0.5505090149865879
dpctgan,"ClosestDistance(L_2, accuracy)",12435,1,-2.102518977378129,0,-0.5505090149865879
dpctgan,"ClosestDistance(L_2, accuracy)",12435,0,-0.26498014388168606,1,-0.5505090149865879
dpctgan,"ClosestDistance(L_2, accuracy)",12435,1,-0.15779005598712378,1,-0.5505090149865879
dpctgan,"ClosestDistance(L_2, accuracy)",12435,0,-0.2811369297952424,1,-0.5505090149865879
dpctgan,"ClosestDistance(L_2, accuracy)",12435,1,-1.4425199580689385,0,-0.5505090149865879
dpctgan,"ClosestDistance(L_2, accuracy)",12435,0,-1.4204859876029023,0,-0.5505090149865879
dpctgan,"ClosestDistance(L_2, accuracy)",12435,1,-1.4857201041424464,0,-0.5505090149865879
dpctgan,"ClosestDistance(L_2, accuracy)",12435,0,-1.433519068251901,0,-0.5505090149865879
dpctgan,"ClosestDistance(L_2, accuracy)",12435,1,-0.3882328122861041,1,-0.5505090149865879
dpctgan,"ClosestDistance(L_2, accuracy)",12435,0,-1.4669803299577566,0,-0.5505090149865879
dpctgan,"ClosestDistance(L_2, accuracy)",12435,1,-1.4313635048107112,0,-0.5505090149865879
dpctgan,"ClosestDistance(L_2, accuracy)",12435,0,-0.7860151167392176,0,-0.5505090149865879
dpctgan,"ClosestDistance(L_2, accuracy)",12435,1,-1.492805076843548,0,-0.5505090149865879
dpctgan,"ClosestDistance(L_2, accuracy)",12435,0,-1.5228754514573517,0,-0.5505090149865879
dpctgan,"ClosestDistance(L_2, accuracy)",12435,1,-1.4231915554845092,0,-0.5505090149865879
dpctgan,"ClosestDistance(L_2, accuracy)",12435,0,-1.4413841159081981,0,-0.5505090149865879
dpctgan,"ClosestDistance(L_2, accuracy)",12435,1,-0.34942636611587513,1,-0.5505090149865879
dpctgan,"ClosestDistance(L_2, accuracy)",12435,0,-1.416846957031672,0,-0.5505090149865879
dpctgan,"ClosestDistance(L_2, accuracy)",12435,1,-1.4381221768028047,0,-0.5505090149865879
dpctgan,"ClosestDistance(L_2, accuracy)",12435,0,-1.466827537634214,0,-0.5505090149865879
dpctgan,"ClosestDistance(L_2, accuracy)",12435,1,-1.4393614622561206,0,-0.5505090149865879
dpctgan,"ClosestDistance(L_2, accuracy)",12435,0,-0.29327975974652454,1,-0.5505090149865879
dpctgan,"ClosestDistance(L_2, accuracy)",12435,1,-1.5409735184153874,0,-0.5505090149865879
dpctgan,"ClosestDistance(L_2, accuracy)",12435,0,-0.13269979793537673,1,-0.5505090149865879
dpctgan,"ClosestDistance(L_2, accuracy)",12435,1,-1.4288872790110625,0,-0.5505090149865879
dpctgan,"ClosestDistance(L_2, accuracy)",12435,0,-0.14986167522035965,1,-0.5505090149865879
dpctgan,"ClosestDistance(L_2, accuracy)",12435,1,-1.4184563614615462,0,-0.5505090149865879
dpctgan,"ClosestDistance(L_2, accuracy)",12435,0,-0.4498213326682217,1,-0.5505090149865879
dpctgan,"ClosestDistance(L_2, accuracy)",12435,1,-1.4494314343875945,0,-0.5505090149865879
dpctgan,"ClosestDistance(L_2, accuracy)",12435,0,-0.4568694706190694,1,-0.5505090149865879
dpctgan,"ClosestDistance(L_2, accuracy)",12435,1,-0.6056621560951206,0,-0.5505090149865879
dpctgan,"ClosestDistance(L_2, accuracy)",12435,0,-1.4694827247810935,0,-0.5505090149865879
dpctgan,"ClosestDistance(L_2, accuracy)",12435,1,-0.7356878535463324,0,-0.5505090149865879
dpctgan,"ClosestDistance(L_2, accuracy)",12435,0,-1.4539379458927004,0,-0.5505090149865879
dpctgan,"ClosestDistance(L_2, accuracy)",12435,1,-1.442083329635412,0,-0.5505090149865879
dpctgan,"ClosestDistance(L_2, accuracy)",12435,0,-0.20018439944072441,1,-0.5505090149865879
dpctgan,"ClosestDistance(L_2, accuracy)",12435,1,-0.21853767108544092,1,-0.5505090149865879
dpctgan,"ClosestDistance(L_2, accuracy)",12435,0,-1.5635548425768393,0,-0.5505090149865879
dpctgan,"ClosestDistance(L_2, accuracy)",12435,1,-0.7771393787298679,0,-0.5505090149865879
dpctgan,"ClosestDistance(L_2, accuracy)",12435,0,-1.4551113009819168,0,-0.5505090149865879
dpctgan,"ClosestDistance(L_2, accuracy)",12435,1,-1.5124864646370044,0,-0.5505090149865879
dpctgan,"ClosestDistance(L_2, accuracy)",12435,0,-1.438636242974919,0,-0.5505090149865879
dpctgan,"ClosestDistance(L_2, accuracy)",12435,1,-1.5377974686517026,0,-0.5505090149865879
dpctgan,"ClosestDistance(L_2, accuracy)",12435,0,-0.45069584058926254,1,-0.5505090149865879
dpctgan,"ClosestDistance(L_2, accuracy)",12435,1,-0.7458588933175858,0,-0.5505090149865879
dpctgan,"ClosestDistance(L_2, accuracy)",12435,0,-1.452357850063217,0,-0.5505090149865879
dpctgan,"ClosestDistance(L_2, accuracy)",12435,1,-0.2532253002305032,1,-0.5505090149865879
dpctgan,"ClosestDistance(L_2, accuracy)",12435,0,-0.5154840710419529,1,-0.5505090149865879
dpctgan,"ClosestDistance(L_2, accuracy)",12435,1,-0.5219689370281309,1,-0.5505090149865879
dpctgan,"ClosestDistance(L_2, accuracy)",12435,0,-0.1886475147549344,1,-0.5505090149865879
dpctgan,"ClosestDistance(L_2, accuracy)",12435,1,-0.36756812418178586,1,-0.5505090149865879
dpctgan,"ClosestDistance(L_2, accuracy)",12435,0,-0.4844170452966515,1,-0.5505090149865879
dpctgan,"ClosestDistance(L_2, accuracy)",12435,1,-1.4394372452283606,0,-0.5505090149865879
dpctgan,"ClosestDistance(L_2, accuracy)",12435,0,-0.36305396572059473,1,-0.5505090149865879
dpctgan,"ClosestDistance(L_2, accuracy)",12435,1,-1.4168414307695265,0,-0.5505090149865879
dpctgan,"ClosestDistance(L_2, accuracy)",12435,0,-1.4483629065044679,0,-0.5505090149865879
dpctgan,"ClosestDistance(L_2, accuracy)",12435,1,-0.11492441013972023,1,-0.5505090149865879
dpctgan,"ClosestDistance(L_2, accuracy)",12435,0,-1.4144564140822513,0,-0.5505090149865879
dpctgan,"ClosestDistance(L_2, accuracy)",12435,1,-0.7527344529675598,0,-0.5505090149865879
dpctgan,"ClosestDistance(L_2, accuracy)",12435,0,-0.3540171745172001,1,-0.5505090149865879
dpctgan,"ClosestDistance(L_2, accuracy)",12435,1,-0.8256318917592177,0,-0.5505090149865879
dpctgan,"ClosestDistance(L_2, accuracy)",12435,0,-1.4182471417556606,0,-0.5505090149865879
dpctgan,"ClosestDistance(L_2, accuracy)",12435,1,-0.39149359529773353,1,-0.5505090149865879
dpctgan,"ClosestDistance(L_2, accuracy)",12435,0,-1.5051807231661851,0,-0.5505090149865879
dpctgan,"ClosestDistance(L_2, accuracy)",12435,1,-1.4786592453500698,0,-0.5505090149865879
dpctgan,"ClosestDistance(L_2, accuracy)",12435,0,-1.4357966215332079,0,-0.5505090149865879
dpctgan,"ClosestDistance(L_2, accuracy)",12435,1,-0.5102849177068307,1,-0.5505090149865879
dpctgan,"ClosestDistance(L_2, accuracy)",12435,0,-0.0633520336804831,1,-0.5505090149865879
dpctgan,"ClosestDistance(L_2, accuracy)",12435,1,-1.4338457692694981,0,-0.5505090149865879
dpctgan,"ClosestDistance(L_2, accuracy)",12435,0,-1.4285988811765469,0,-0.5505090149865879
dpctgan,"ClosestDistance(L_2, accuracy)",12435,1,-1.421464320730842,0,-0.5505090149865879
dpctgan,"ClosestDistance(L_2, accuracy)",12435,0,-1.4313691924349292,0,-0.5505090149865879
dpctgan,"ClosestDistance(L_2, accuracy)",12435,1,-2.0048833328928897,0,-0.5505090149865879
dpctgan,"ClosestDistance(L_2, accuracy)",12435,0,-0.7526912795110242,0,-0.5505090149865879
dpctgan,"ClosestDistance(L_2, accuracy)",12435,1,-0.39649644788898,1,-0.5505090149865879
dpctgan,"ClosestDistance(L_2, accuracy)",12435,0,-1.429029892967448,0,-0.5505090149865879
dpctgan,"ClosestDistance(L_2, accuracy)",12435,1,-2.0742461671527845,0,-0.5505090149865879
dpctgan,"ClosestDistance(L_2, accuracy)",12435,0,-1.4319761381200067,0,-0.5505090149865879
dpctgan,"ClosestDistance(L_2, accuracy)",12435,1,-0.7609993961681967,0,-0.5505090149865879
dpctgan,"ClosestDistance(L_2, accuracy)",12435,0,-0.43543137394986814,1,-0.5505090149865879
dpctgan,"ClosestDistance(L_2, accuracy)",12435,1,-1.4706861114912118,0,-0.5505090149865879
dpctgan,"ClosestDistance(L_2, accuracy)",12435,0,-1.4571436952181895,0,-0.5505090149865879
dpctgan,"ClosestDistance(L_2, accuracy)",12435,1,-1.4196370263618487,0,-0.5505090149865879
dpctgan,"ClosestDistance(L_2, accuracy)",12435,0,-0.3578583533403539,1,-0.5505090149865879
dpctgan,"ClosestDistance(L_2, accuracy)",12435,1,-1.4183519122400154,0,-0.5505090149865879
dpctgan,"ClosestDistance(L_2, accuracy)",12435,0,-0.6146481441136281,0,-0.5505090149865879
dpctgan,"ClosestDistance(L_2, accuracy)",12435,1,-0.6263063112901172,0,-0.5505090149865879
dpctgan,"ClosestDistance(L_2, accuracy)",12435,0,-1.4212622931942382,0,-0.5505090149865879
dpctgan,"ClosestDistance(L_2, accuracy)",12435,1,-1.4517652716862757,0,-0.5505090149865879
dpctgan,"ClosestDistance(L_2, accuracy)",12435,0,-1.4194983518382203,0,-0.5505090149865879
dpctgan,"ClosestDistance(L_2, accuracy)",12435,1,-1.4320228273321074,0,-0.5505090149865879
dpctgan,"ClosestDistance(L_2, accuracy)",12435,0,-1.4163008181155265,0,-0.5505090149865879
dpctgan,"ClosestDistance(L_2, accuracy)",12435,1,-1.4829377122781975,0,-0.5505090149865879
dpctgan,"ClosestDistance(L_2, accuracy)",12435,0,-1.4316962773576656,0,-0.5505090149865879
dpctgan,"ClosestDistance(L_2, accuracy)",12435,1,-0.1266419784039798,1,-0.5505090149865879
dpctgan,"ClosestDistance(L_2, accuracy)",12435,0,-0.47634269062347906,1,-0.5505090149865879
dpctgan,"ClosestDistance(L_2, accuracy)",12435,1,-1.4696086864549656,0,-0.5505090149865879
dpctgan,"ClosestDistance(L_2, accuracy)",12435,0,-0.23957671160432037,1,-0.5505090149865879
dpctgan,"ClosestDistance(L_2, accuracy)",12435,1,-1.4593957219162026,0,-0.5505090149865879
dpctgan,"ClosestDistance(L_2, accuracy)",12435,0,-0.6957094477346714,0,-0.5505090149865879
dpctgan,"ClosestDistance(L_2, accuracy)",12435,1,-1.4262325266577098,0,-0.5505090149865879
dpctgan,"ClosestDistance(L_2, accuracy)",12435,0,-1.4914375630824797,0,-0.5505090149865879
dpctgan,"ClosestDistance(L_2, accuracy)",12435,1,-0.3750238658557851,1,-0.5505090149865879
dpctgan,"ClosestDistance(L_2, accuracy)",12435,0,-1.4152752910040582,0,-0.5505090149865879
dpctgan,"ClosestDistance(L_2, accuracy)",12435,1,-0.34783569020839306,1,-0.5505090149865879
dpctgan,"ClosestDistance(L_2, accuracy)",12435,0,-1.5186437905502204,0,-0.5505090149865879
dpctgan,"ClosestDistance(L_2, accuracy)",12435,1,-1.4931184993097362,0,-0.5505090149865879
dpctgan,"ClosestDistance(L_2, accuracy)",12435,0,-0.2847009014864206,1,-0.5505090149865879
dpctgan,"ClosestDistance(L_2, accuracy)",12435,1,-0.4139846633044095,1,-0.5505090149865879
dpctgan,"ClosestDistance(L_2, accuracy)",12435,0,-1.4460501046904242,0,-0.5505090149865879
dpctgan,"ClosestDistance(L_2, accuracy)",12435,1,-1.4267171074428946,0,-0.5505090149865879
dpctgan,"ClosestDistance(L_2, accuracy)",12435,0,-0.2046903223574308,1,-0.5505090149865879
dpctgan,"ClosestDistance(L_2, accuracy)",12435,1,-0.2566771509362574,1,-0.5505090149865879
dpctgan,"ClosestDistance(L_2, accuracy)",12435,0,-1.4369952211993482,0,-0.5505090149865879
dpctgan,"ClosestDistance(L_2, accuracy)",12435,1,-0.2788765586699489,1,-0.5505090149865879
dpctgan,"ClosestDistance(L_2, accuracy)",12435,0,-0.5122733731327505,1,-0.5505090149865879
dpctgan,"ClosestDistance(L_2, accuracy)",12435,1,-0.7939719624748176,0,-0.5505090149865879
dpctgan,"ClosestDistance(L_2, accuracy)",12435,0,-0.8371394398103104,0,-0.5505090149865879
dpctgan,"ClosestDistance(L_2, accuracy)",12435,1,-0.714496010357986,0,-0.5505090149865879
dpctgan,"ClosestDistance(L_2, accuracy)",12435,0,-1.4187505757268757,0,-0.5505090149865879
dpctgan,"ClosestDistance(L_2, accuracy)",12435,1,-1.4178982275563194,0,-0.5505090149865879
dpctgan,"ClosestDistance(L_2, accuracy)",12435,0,-0.1111284127152994,1,-0.5505090149865879
dpctgan,"ClosestDistance(L_2, accuracy)",12435,1,-1.480509396227542,0,-0.5505090149865879
dpctgan,"ClosestDistance(L_2, accuracy)",12435,0,-0.18974334965848177,1,-0.5505090149865879
dpctgan,"ClosestDistance(L_2, accuracy)",12435,1,-1.4215043637923679,0,-0.5505090149865879
dpctgan,"ClosestDistance(L_2, accuracy)",12435,0,-0.35452477442511815,1,-0.5505090149865879
dpctgan,"ClosestDistance(L_2, accuracy)",12435,1,-2.0196576102044093,0,-0.5505090149865879
dpctgan,"ClosestDistance(L_2, accuracy)",12435,0,-0.10230065680609361,1,-0.5505090149865879
dpctgan,"ClosestDistance(L_2, accuracy)",12435,1,-1.0570158160392602,0,-0.5505090149865879
dpctgan,"ClosestDistance(L_2, accuracy)",12435,0,-0.22982866575301455,1,-0.5505090149865879
dpctgan,"ClosestDistance(L_2, accuracy)",12435,1,-0.8367558028133474,0,-0.5505090149865879
dpctgan,"ClosestDistance(L_2, accuracy)",12435,0,-1.4275044811132829,0,-0.5505090149865879
dpctgan,"ClosestDistance(L_2, accuracy)",12435,1,-1.1866738010229494,0,-0.5505090149865879
dpctgan,"ClosestDistance(L_2, accuracy)",12435,0,-1.4146012317674812,0,-0.5505090149865879
dpctgan,"ClosestDistance(L_2, accuracy)",12435,1,-2.010441688850905,0,-0.5505090149865879
dpctgan,"ClosestDistance(L_2, accuracy)",12435,0,-0.7742409176808989,0,-0.5505090149865879
dpctgan,"ClosestDistance(L_2, accuracy)",12435,1,-1.4222767842435184,0,-0.5505090149865879
dpctgan,"ClosestDistance(L_2, accuracy)",12435,0,-1.444337463609881,0,-0.5505090149865879
dpctgan,"ClosestDistance(L_2, accuracy)",12435,1,-0.7059487291114561,0,-0.5505090149865879
dpctgan,"ClosestDistance(L_2, accuracy)",12435,0,-1.4217659880058289,0,-0.5505090149865879
dpctgan,"ClosestDistance(L_2, accuracy)",12435,1,-0.3958899747187874,1,-0.5505090149865879
dpctgan,"ClosestDistance(L_2, accuracy)",12435,0,-1.4205448232274542,0,-0.5505090149865879
dpctgan,"ClosestDistance(L_2, accuracy)",12435,1,-0.2969384243647807,1,-0.5505090149865879
dpctgan,"ClosestDistance(L_2, accuracy)",12435,0,-1.4741076369964343,0,-0.5505090149865879
dpctgan,"ClosestDistance(L_2, accuracy)",12435,1,-0.11224414906348595,1,-0.5505090149865879
dpctgan,"ClosestDistance(L_2, accuracy)",12435,0,-1.5508821838537903,0,-0.5505090149865879
dpctgan,"ClosestDistance(L_2, accuracy)",12435,1,-0.5836063907875982,0,-0.5505090149865879
dpctgan,"ClosestDistance(L_2, accuracy)",12435,0,-2.031383992378933,0,-0.5505090149865879
dpctgan,"ClosestDistance(L_2, accuracy)",12435,1,-1.444322769336656,0,-0.5505090149865879
dpctgan,"ClosestDistance(L_2, accuracy)",12435,0,-1.4569154248555596,0,-0.5505090149865879
dpctgan,"ClosestDistance(L_2, accuracy)",12435,1,-1.4441259149539034,0,-0.5505090149865879
dpctgan,"ClosestDistance(L_2, accuracy)",12435,0,-0.37522750921868914,1,-0.5505090149865879
dpctgan,"ClosestDistance(L_2, accuracy)",12435,1,-1.4259120399566698,0,-0.5505090149865879
dpctgan,"ClosestDistance(L_2, accuracy)",12435,0,-0.42342001317079675,1,-0.5505090149865879
dpctgan,"ClosestDistance(L_2, accuracy)",12435,1,-0.3437676998931701,1,-0.5505090149865879
dpctgan,"ClosestDistance(L_2, accuracy)",12435,0,-1.4661913644089548,0,-0.5505090149865879
dpctgan,"ClosestDistance(L_2, accuracy)",12435,1,-1.5732756062217743,0,-0.5505090149865879
dpctgan,"ClosestDistance(L_2, accuracy)",12435,0,-1.4174581947423388,0,-0.5505090149865879
dpctgan,"ClosestDistance(L_2, accuracy)",12435,1,-1.4643247206326444,0,-0.5505090149865879
dpctgan,"ClosestDistance(L_2, accuracy)",12435,0,-1.5343831008276492,0,-0.5505090149865879
dpctgan,"ClosestDistance(L_2, accuracy)",12435,1,-1.4642356697144578,0,-0.5505090149865879
dpctgan,"ClosestDistance(L_2, accuracy)",12435,0,-0.05531098237343447,1,-0.5505090149865879
dpctgan,"ClosestDistance(L_2, accuracy)",12435,1,-1.4378779737192073,0,-0.5505090149865879
dpctgan,"ClosestDistance(L_2, accuracy)",12435,0,-1.4355484162889358,0,-0.5505090149865879
dpctgan,"ClosestDistance(L_2, accuracy)",12435,1,-1.4627038431397785,0,-0.5505090149865879
dpctgan,"ClosestDistance(L_2, accuracy)",12435,0,-0.5462648123771543,1,-0.5505090149865879
dpctgan,"ClosestDistance(L_2, accuracy)",12435,1,-1.51458869442685,0,-0.5505090149865879
dpctgan,"ClosestDistance(L_2, accuracy)",12435,0,-0.6376055665738508,0,-0.5505090149865879
dpctgan,"ClosestDistance(L_2, accuracy)",12435,1,-1.4555902665518454,0,-0.5505090149865879
dpctgan,"ClosestDistance(L_2, accuracy)",12435,0,-1.511305145382087,0,-0.5505090149865879
dpctgan,"ClosestDistance(L_2, accuracy)",12435,1,-1.4842880836685404,0,-0.5505090149865879
dpctgan,"ClosestDistance(L_2, accuracy)",12435,0,-1.419454375879539,0,-0.5505090149865879
dpctgan,"ClosestDistance(L_2, accuracy)",12435,1,-2.0481798719730935,0,-0.5505090149865879
dpctgan,"ClosestDistance(L_2, accuracy)",12435,0,-1.617747968714807,0,-0.5505090149865879
dpctgan,"ClosestDistance(L_2, accuracy)",12435,1,-1.451159750594365,0,-0.5505090149865879
dpctgan,"ClosestDistance(L_2, accuracy)",12435,0,-0.3092730951374361,1,-0.5505090149865879
dpctgan,"ClosestDistance(L_2, accuracy)",12435,1,-1.4956067867201177,0,-0.5505090149865879
dpctgan,"ClosestDistance(L_2, accuracy)",12435,0,-1.4576222205839768,0,-0.5505090149865879
dpctgan,"ClosestDistance(L_2, accuracy)",12435,1,-1.41568085847252,0,-0.5505090149865879
dpctgan,"ClosestDistance(L_2, accuracy)",12435,0,-0.7120432683572706,0,-0.5505090149865879
dpctgan,"ClosestDistance(L_2, accuracy)",12435,1,-0.7779162159483678,0,-0.5505090149865879
dpctgan,"ClosestDistance(L_2, accuracy)",12435,0,-0.39398009245138205,1,-0.5505090149865879
dpctgan,"ClosestDistance(L_2, accuracy)",12435,1,-0.06684451029633243,1,-0.5505090149865879
dpctgan,"ClosestDistance(L_2, accuracy)",12435,0,-1.4772413713556876,0,-0.5505090149865879
dpctgan,"ClosestDistance(L_2, accuracy)",12435,1,-0.17102068449239688,1,-0.5505090149865879
dpctgan,"ClosestDistance(L_2, accuracy)",12435,0,-0.36396716479845936,1,-0.5505090149865879
dpctgan,"ClosestDistance(L_2, accuracy)",12435,1,-1.4330515474199381,0,-0.5505090149865879
dpctgan,"ClosestDistance(L_2, accuracy)",12435,0,-1.4369904740847632,0,-0.5505090149865879
dpctgan,"ClosestDistance(L_2, accuracy)",12435,1,-0.316425012499493,1,-0.5505090149865879
dpctgan,"ClosestDistance(L_2, accuracy)",12435,0,-0.47033675861742347,1,-0.5505090149865879
dpctgan,"ClosestDistance(L_2, accuracy)",12435,1,-1.4188839418542254,0,-0.5505090149865879
dpctgan,"ClosestDistance(L_2, accuracy)",12435,0,-1.436432960486942,0,-0.5505090149865879
dpctgan,"ClosestDistance(L_2, accuracy)",12435,1,-0.49005723881995994,1,-0.5505090149865879
dpctgan,"ClosestDistance(L_2, accuracy)",12435,0,-1.4181422148722302,0,-0.5505090149865879
dpctgan,"ClosestDistance(L_2, accuracy)",12435,1,-1.4347621124902836,0,-0.5505090149865879
dpctgan,"ClosestDistance(L_2, accuracy)",12435,0,-0.24790171501316505,1,-0.5505090149865879
dpctgan,"ClosestDistance(L_2, accuracy)",12435,1,-1.4423434241191726,0,-0.5505090149865879
dpctgan,"ClosestDistance(L_2, accuracy)",12435,0,-0.4008829500431872,1,-0.5505090149865879
dpctgan,"ClosestDistance(L_2, accuracy)",12435,1,-1.7734994399909505,0,-0.5505090149865879
dpctgan,"ClosestDistance(L_2, accuracy)",12435,0,-2.0149803787739757,0,-0.5505090149865879
dpctgan,"ClosestDistance(L_2, accuracy)",12435,1,-0.34173767186957854,1,-0.5505090149865879
dpctgan,"ClosestDistance(L_2, accuracy)",12435,0,-0.34828980133047155,1,-0.5505090149865879
dpctgan,"ClosestDistance(L_2, accuracy)",12435,1,-1.4358509895487586,0,-0.5505090149865879
dpctgan,"ClosestDistance(L_2, accuracy)",12435,0,-1.4323176580565824,0,-0.5505090149865879
dpctgan,"ClosestDistance(L_2, accuracy)",12435,1,-1.4457053816835619,0,-0.5505090149865879
dpctgan,"ClosestDistance(L_2, accuracy)",12435,0,-0.26621027215305537,1,-0.5505090149865879
dpctgan,"ClosestDistance(L_2, accuracy)",12435,1,-0.2742059368646701,1,-0.5505090149865879
dpctgan,"ClosestDistance(L_2, accuracy)",12435,0,-1.5623338939256364,0,-0.5505090149865879
dpctgan,"ClosestDistance(L_2, accuracy)",12435,1,-1.422181125125171,0,-0.5505090149865879
dpctgan,"ClosestDistance(L_2, accuracy)",12435,0,-1.434385669658457,0,-0.5505090149865879
dpctgan,"ClosestDistance(L_2, accuracy)",12435,1,-0.33920859273669135,1,-0.5505090149865879
dpctgan,"ClosestDistance(L_2, accuracy)",12435,0,-1.4273941658505218,0,-0.5505090149865879
dpctgan,"ClosestDistance(L_2, accuracy)",12435,1,-1.4758823665884648,0,-0.5505090149865879
dpctgan,"ClosestDistance(L_2, accuracy)",12435,0,-1.4297104560247345,0,-0.5505090149865879
dpctgan,"ClosestDistance(L_2, accuracy)",12435,1,-1.4256575819455946,0,-0.5505090149865879
dpctgan,"ClosestDistance(L_2, accuracy)",12435,0,-0.8309444087568832,0,-0.5505090149865879
dpctgan,"ClosestDistance(L_2, accuracy)",12435,1,-1.456971981621358,0,-0.5505090149865879
dpctgan,"ClosestDistance(L_2, accuracy)",12435,0,-1.5037372704970842,0,-0.5505090149865879
dpctgan,"ClosestDistance(L_2, accuracy)",12435,1,-1.4233499521541952,0,-0.5505090149865879
dpctgan,"ClosestDistance(L_2, accuracy)",12435,0,-0.11165711189439108,1,-0.5505090149865879
dpctgan,"ClosestDistance(L_2, accuracy)",12435,1,-0.32875335842162573,1,-0.5505090149865879
dpctgan,"ClosestDistance(L_2, accuracy)",12435,0,-0.4833632495893926,1,-0.5505090149865879
dpctgan,"ClosestDistance(L_2, accuracy)",12435,1,-1.4661084001503504,0,-0.5505090149865879
dpctgan,"ClosestDistance(L_2, accuracy)",12435,0,-2.0221868974244583,0,-0.5505090149865879
dpctgan,"ClosestDistance(L_2, accuracy)",12435,1,-1.4163123985407997,0,-0.5505090149865879
dpctgan,"ClosestDistance(L_2, accuracy)",12435,0,-0.14835434194058628,1,-0.5505090149865879
dpctgan,"ClosestDistance(L_2, accuracy)",12435,1,-1.4355603769342926,0,-0.5505090149865879
dpctgan,"ClosestDistance(L_2, accuracy)",12435,0,-1.5366158872508546,0,-0.5505090149865879
dpctgan,"ClosestDistance(L_2, accuracy)",12435,1,-1.5403377838980943,0,-0.5505090149865879
dpctgan,"ClosestDistance(L_2, accuracy)",12435,0,-1.4307217832601764,0,-0.5505090149865879
dpctgan,"ClosestDistance(L_2, accuracy)",12435,1,-1.4217000907365294,0,-0.5505090149865879
dpctgan,"ClosestDistance(L_2, accuracy)",12435,0,-1.474427643859303,0,-0.5505090149865879
dpctgan,"ClosestDistance(L_2, accuracy)",12435,1,-0.2562566432323648,1,-0.5505090149865879
dpctgan,"ClosestDistance(L_2, accuracy)",12435,0,-0.5822705416597084,0,-0.5505090149865879
dpctgan,"ClosestDistance(L_2, accuracy)",12435,1,-0.21344440416139518,1,-0.5505090149865879
dpctgan,"ClosestDistance(L_2, accuracy)",12435,0,-0.6569567853380778,0,-0.5505090149865879
dpctgan,"ClosestDistance(L_2, accuracy)",12435,1,-1.528922797640631,0,-0.5505090149865879
dpctgan,"ClosestDistance(L_2, accuracy)",12435,0,-1.4684983145335,0,-0.5505090149865879
dpctgan,"ClosestDistance(L_2, accuracy)",12435,1,-1.4206404660202845,0,-0.5505090149865879
dpctgan,"ClosestDistance(L_2, accuracy)",12435,0,-1.4288410496603416,0,-0.5505090149865879
dpctgan,"ClosestDistance(L_2, accuracy)",12435,1,-2.0065679083485772,0,-0.5505090149865879
dpctgan,"ClosestDistance(L_2, accuracy)",12435,0,-1.4384652832248286,0,-0.5505090149865879
dpctgan,"ClosestDistance(L_2, accuracy)",12435,1,-1.4349172616752273,0,-0.5505090149865879
dpctgan,"ClosestDistance(L_2, accuracy)",12435,0,-1.4379182906489172,0,-0.5505090149865879
dpctgan,"ClosestDistance(L_2, accuracy)",12435,1,-1.415003211357858,0,-0.5505090149865879
dpctgan,"ClosestDistance(L_2, accuracy)",12435,0,-1.4187768117195894,0,-0.5505090149865879
dpctgan,"ClosestDistance(L_2, accuracy)",12435,1,-0.5175058919485194,1,-0.5505090149865879
dpctgan,"ClosestDistance(L_2, accuracy)",12435,0,-1.450090606306511,0,-0.5505090149865879
dpctgan,"ClosestDistance(L_2, accuracy)",12435,1,-1.4427277985239857,0,-0.5505090149865879
dpctgan,"ClosestDistance(L_2, accuracy)",12435,0,-0.5833446974505352,0,-0.5505090149865879
dpctgan,"ClosestDistance(L_2, accuracy)",12435,1,-1.4173244958101654,0,-0.5505090149865879
dpctgan,"ClosestDistance(L_2, accuracy)",12435,0,-1.4254692675947618,0,-0.5505090149865879
dpctgan,"ClosestDistance(L_2, accuracy)",12435,1,-0.6278395331874649,0,-0.5505090149865879
dpctgan,"ClosestDistance(L_2, accuracy)",12435,0,-0.7485130888812879,0,-0.5505090149865879
dpctgan,"ClosestDistance(L_2, accuracy)",12435,1,-1.6126696332600379,0,-0.5505090149865879
dpctgan,"ClosestDistance(L_2, accuracy)",12435,0,-0.77115367691745,0,-0.5505090149865879
dpctgan,"ClosestDistance(L_2, accuracy)",12435,1,-1.5291234323639513,0,-0.5505090149865879
dpctgan,"ClosestDistance(L_2, accuracy)",12435,0,-0.5951821151719099,0,-0.5505090149865879
dpctgan,"ClosestDistance(L_2, accuracy)",12435,1,-0.22946735608613056,1,-0.5505090149865879
dpctgan,"ClosestDistance(L_2, accuracy)",12435,0,-1.4941558721198331,0,-0.5505090149865879
dpctgan,"ClosestDistance(L_2, accuracy)",12435,1,-1.5991331034057084,0,-0.5505090149865879
dpctgan,"ClosestDistance(L_2, accuracy)",12435,0,-0.3185804088083991,1,-0.5505090149865879
dpctgan,"ClosestDistance(L_2, accuracy)",12435,1,-1.4454382303029514,0,-0.5505090149865879
dpctgan,"ClosestDistance(L_2, accuracy)",12435,0,-1.4600963710188177,0,-0.5505090149865879
dpctgan,"ClosestDistance(L_2, accuracy)",12435,1,-0.6060349544942977,0,-0.5505090149865879
dpctgan,"ClosestDistance(L_2, accuracy)",12435,0,-0.7049618342557035,0,-0.5505090149865879
dpctgan,"ClosestDistance(L_2, accuracy)",12435,1,-1.4399101309695224,0,-0.5505090149865879
dpctgan,"ClosestDistance(L_2, accuracy)",12435,0,-2.0181354783225505,0,-0.5505090149865879
dpctgan,"ClosestDistance(L_2, accuracy)",12435,1,-1.421189334344843,0,-0.5505090149865879
dpctgan,"ClosestDistance(L_2, accuracy)",12435,0,-0.7499652053070897,0,-0.5505090149865879
dpctgan,"ClosestDistance(L_2, accuracy)",12435,1,-1.446032757478119,0,-0.5505090149865879
dpctgan,"ClosestDistance(L_2, accuracy)",12435,0,-1.4511082884113367,0,-0.5505090149865879
dpctgan,"ClosestDistance(L_2, accuracy)",12435,1,-1.4280249970011178,0,-0.5505090149865879
dpctgan,"ClosestDistance(L_2, accuracy)",12435,0,-2.0141432792590988,0,-0.5505090149865879
dpctgan,"ClosestDistance(L_2, accuracy)",12435,1,-1.5530342486777236,0,-0.5505090149865879
dpctgan,"ClosestDistance(L_2, accuracy)",12435,0,-0.573744340049902,0,-0.5505090149865879
dpctgan,"ClosestDistance(L_2, accuracy)",12435,1,-1.5730860863225624,0,-0.5505090149865879
dpctgan,"ClosestDistance(L_2, accuracy)",12435,0,-1.4963366101838123,0,-0.5505090149865879
dpctgan,"ClosestDistance(L_2, accuracy)",12435,1,-1.4326304709815396,0,-0.5505090149865879
dpctgan,"ClosestDistance(L_2, accuracy)",12435,0,-1.4195662186372011,0,-0.5505090149865879
dpctgan,"ClosestDistance(L_2, accuracy)",12435,1,-0.3656002252223632,1,-0.5505090149865879
dpctgan,"ClosestDistance(L_2, accuracy)",12435,0,-0.42213125856738204,1,-0.5505090149865879
dpctgan,"ClosestDistance(L_2, accuracy)",12435,1,-1.4426796147817045,0,-0.5505090149865879
dpctgan,"ClosestDistance(L_2, accuracy)",12435,0,-0.668006682959709,0,-0.5505090149865879
dpctgan,"ClosestDistance(L_2, accuracy)",12435,1,-1.4761244188630052,0,-0.5505090149865879
dpctgan,"ClosestDistance(L_2, accuracy)",12435,0,-0.5697051766760399,0,-0.5505090149865879
dpctgan,"ClosestDistance(L_2, accuracy)",12435,1,-1.606131378038328,0,-0.5505090149865879
dpctgan,"ClosestDistance(L_2, accuracy)",12435,0,-1.4374801151922036,0,-0.5505090149865879
dpctgan,"ClosestDistance(L_2, accuracy)",12435,1,-1.4799804608545768,0,-0.5505090149865879
dpctgan,"ClosestDistance(L_2, accuracy)",12435,0,-1.5610027476444308,0,-0.5505090149865879
dpctgan,"ClosestDistance(L_2, accuracy)",12435,1,-1.4296842413344657,0,-0.5505090149865879
dpctgan,"ClosestDistance(L_2, accuracy)",12435,0,-1.5974901053535597,0,-0.5505090149865879
dpctgan,"ClosestDistance(L_2, accuracy)",12435,1,-1.434555752836599,0,-0.5505090149865879
dpctgan,"ClosestDistance(L_2, accuracy)",12435,0,-1.4147883564421373,0,-0.5505090149865879
dpctgan,"ClosestDistance(L_2, accuracy)",12435,1,-1.520391756567149,0,-0.5505090149865879
dpctgan,"ClosestDistance(L_2, accuracy)",12435,0,-1.4304445325220578,0,-0.5505090149865879
dpctgan,"ClosestDistance(L_2, accuracy)",12435,1,-1.425356750439929,0,-0.5505090149865879
dpctgan,"ClosestDistance(L_2, accuracy)",12435,0,-1.4197782247246318,0,-0.5505090149865879
dpctgan,"ClosestDistance(L_2, accuracy)",12435,1,-1.4181354045631782,0,-0.5505090149865879
dpctgan,"ClosestDistance(L_2, accuracy)",12435,0,-1.6716552554968458,0,-0.5505090149865879
dpctgan,"ClosestDistance(L_2, accuracy)",12435,1,-1.4354083451348383,0,-0.5505090149865879
dpctgan,"ClosestDistance(L_2, accuracy)",12435,0,-1.4570608973463013,0,-0.5505090149865879
dpctgan,"ClosestDistance(L_2, accuracy)",12435,1,-1.4363591660380224,0,-0.5505090149865879
dpctgan,"ClosestDistance(L_2, accuracy)",12435,0,-1.4348266277907056,0,-0.5505090149865879
dpctgan,"ClosestDistance(L_2, accuracy)",12435,1,-0.4606069959201933,1,-0.5505090149865879
dpctgan,"ClosestDistance(L_2, accuracy)",12435,0,-0.45036755593293765,1,-0.5505090149865879
dpctgan,"ClosestDistance(L_2, accuracy)",12435,1,-0.262314582135159,1,-0.5505090149865879
dpctgan,"ClosestDistance(L_2, accuracy)",12435,0,-1.5890227330978541,0,-0.5505090149865879
dpctgan,"ClosestDistance(L_2, accuracy)",12435,1,-1.444967825458612,0,-0.5505090149865879
dpctgan,"ClosestDistance(L_2, accuracy)",12435,0,-1.5427546366391824,0,-0.5505090149865879
dpctgan,"ClosestDistance(L_2, accuracy)",12435,1,-1.4197331606167276,0,-0.5505090149865879
dpctgan,"ClosestDistance(L_2, accuracy)",12435,0,-0.5673603398984566,0,-0.5505090149865879
dpctgan,"ClosestDistance(L_2, accuracy)",12435,1,-1.4168353953183697,0,-0.5505090149865879
dpctgan,"ClosestDistance(L_2, accuracy)",12435,0,-0.8525958796631682,0,-0.5505090149865879
dpctgan,"ClosestDistance(L_2, accuracy)",12435,1,-0.6440049861956443,0,-0.5505090149865879
dpctgan,"ClosestDistance(L_2, accuracy)",12435,0,-1.421881939032903,0,-0.5505090149865879
dpctgan,"ClosestDistance(L_2, accuracy)",12435,1,-1.4254625885423462,0,-0.5505090149865879
dpctgan,"ClosestDistance(L_2, accuracy)",12435,0,-0.4464024397343406,1,-0.5505090149865879
dpctgan,"ClosestDistance(L_2, accuracy)",12435,1,-1.4328186340167657,0,-0.5505090149865879
dpctgan,"ClosestDistance(L_2, accuracy)",12435,0,-0.7003774689480834,0,-0.5505090149865879
dpctgan,"ClosestDistance(L_2, accuracy)",12435,1,-1.4403743444417878,0,-0.5505090149865879
dpctgan,"ClosestDistance(L_2, accuracy)",12435,0,-1.443907769661433,0,-0.5505090149865879
dpctgan,"ClosestDistance(L_2, accuracy)",12435,1,-2.0139834414190676,0,-0.5505090149865879
dpctgan,"ClosestDistance(L_2, accuracy)",12435,0,-1.5554508310808328,0,-0.5505090149865879
dpctgan,"ClosestDistance(L_2, accuracy)",12435,1,-2.0363205597704024,0,-0.5505090149865879
dpctgan,"ClosestDistance(L_2, accuracy)",12435,0,-0.9498080460194714,0,-0.5505090149865879
dpctgan,"ClosestDistance(L_2, accuracy)",12435,1,-1.46505111407241,0,-0.5505090149865879
dpctgan,"ClosestDistance(L_2, accuracy)",12435,0,-0.3785230277016028,1,-0.5505090149865879
dpctgan,"ClosestDistance(L_2, accuracy)",12435,1,-1.416545871005023,0,-0.5505090149865879
dpctgan,"ClosestDistance(L_2, accuracy)",12435,0,-1.5604572325456696,0,-0.5505090149865879
dpctgan,"ClosestDistance(L_2, accuracy)",12435,1,-1.4209812518570342,0,-0.5505090149865879
dpctgan,"ClosestDistance(L_2, accuracy)",12435,0,-1.4305754121743972,0,-0.5505090149865879
dpctgan,"ClosestDistance(L_2, accuracy)",12435,1,-0.15784434122786112,1,-0.5505090149865879
dpctgan,"ClosestDistance(L_2, accuracy)",12435,0,-1.4193739916427122,0,-0.5505090149865879
dpctgan,"ClosestDistance(L_2, accuracy)",12435,1,-1.482989552109426,0,-0.5505090149865879
dpctgan,"ClosestDistance(L_2, accuracy)",12435,0,-0.3363258338993478,1,-0.5505090149865879
dpctgan,"ClosestDistance(L_2, accuracy)",12435,1,-1.431354811682401,0,-0.5505090149865879
dpctgan,"ClosestDistance(L_2, accuracy)",12435,0,-2.0226586144597802,0,-0.5505090149865879
dpctgan,"ClosestDistance(L_2, accuracy)",12435,1,-1.5952070728042318,0,-0.5505090149865879
dpctgan,"ClosestDistance(L_2, accuracy)",12435,0,-1.4374002217610864,0,-0.5505090149865879
dpctgan,"ClosestDistance(L_2, accuracy)",12435,1,-1.4968845536188309,0,-0.5505090149865879
dpctgan,"ClosestDistance(L_2, accuracy)",12435,0,-0.31035398571140277,1,-0.5505090149865879
dpctgan,"ClosestDistance(L_2, accuracy)",12435,1,-1.437685888733894,0,-0.5505090149865879
dpctgan,"ClosestDistance(L_2, accuracy)",12435,0,-1.4573585399972877,0,-0.5505090149865879
dpctgan,"ClosestDistance(L_2, accuracy)",12435,1,-0.30943227257390604,1,-0.5505090149865879
dpctgan,"ClosestDistance(L_2, accuracy)",12435,0,-0.35132467662924,1,-0.5505090149865879
dpctgan,"ClosestDistance(L_2, accuracy)",12435,1,-2.0171138751546764,0,-0.5505090149865879
dpctgan,"ClosestDistance(L_2, accuracy)",12435,0,-0.4397638852082276,1,-0.5505090149865879
dpctgan,"ClosestDistance(L_2, accuracy)",12435,1,-0.8044901900719057,0,-0.5505090149865879
dpctgan,"ClosestDistance(L_2, accuracy)",12435,0,-1.4670754197806821,0,-0.5505090149865879
dpctgan,"ClosestDistance(L_2, accuracy)",12435,1,-0.3347386955324917,1,-0.5505090149865879
dpctgan,"ClosestDistance(L_2, accuracy)",12435,0,-0.7591667640862574,0,-0.5505090149865879
dpctgan,"ClosestDistance(L_2, accuracy)",12435,1,-1.4610483563667378,0,-0.5505090149865879
dpctgan,"ClosestDistance(L_2, accuracy)",12435,0,-1.518777352152373,0,-0.5505090149865879
dpctgan,"ClosestDistance(L_2, accuracy)",12435,1,-2.0076319329774517,0,-0.5505090149865879
dpctgan,"ClosestDistance(L_2, accuracy)",12435,0,-1.4521078878964275,0,-0.5505090149865879
dpctgan,"ClosestDistance(L_2, accuracy)",12435,1,-1.43390299478389,0,-0.5505090149865879
dpctgan,"ClosestDistance(L_2, accuracy)",12435,0,-1.4395248057625438,0,-0.5505090149865879
dpctgan,"ClosestDistance(L_2, accuracy)",12435,1,-0.19308275246125722,1,-0.5505090149865879
dpctgan,"ClosestDistance(L_2, accuracy)",12435,0,-0.6305064191370691,0,-0.5505090149865879
dpctgan,"ClosestDistance(L_2, accuracy)",12435,1,-0.8143424220898735,0,-0.5505090149865879
dpctgan,"ClosestDistance(L_2, accuracy)",12435,0,-1.4330423090219677,0,-0.5505090149865879
dpctgan,"ClosestDistance(L_2, accuracy)",12435,1,-0.38999015422279015,1,-0.5505090149865879
dpctgan,"ClosestDistance(L_2, accuracy)",12435,0,-1.4438602472732631,0,-0.5505090149865879
dpctgan,"ClosestDistance(L_2, accuracy)",12435,1,-1.444911945819314,0,-0.5505090149865879
dpctgan,"ClosestDistance(L_2, accuracy)",12435,0,-0.5496002093704226,1,-0.5505090149865879
dpctgan,"ClosestDistance(L_2, accuracy)",12435,1,-1.4356743621691266,0,-0.5505090149865879
dpctgan,"ClosestDistance(L_2, accuracy)",12435,0,-1.4600137917257847,0,-0.5505090149865879
dpctgan,"ClosestDistance(L_2, accuracy)",12435,1,-1.4397807755504763,0,-0.5505090149865879
dpctgan,"ClosestDistance(L_2, accuracy)",12435,0,-0.6407804846165316,0,-0.5505090149865879
dpctgan,"ClosestDistance(L_2, accuracy)",12435,1,-1.4564083941687733,0,-0.5505090149865879
dpctgan,"ClosestDistance(L_2, accuracy)",12435,0,-2.0090209227544493,0,-0.5505090149865879
dpctgan,"ClosestDistance(L_2, accuracy)",12435,1,-1.5399417153840544,0,-0.5505090149865879
dpctgan,"ClosestDistance(L_2, accuracy)",12435,0,-1.4523363437260222,0,-0.5505090149865879
dpctgan,"ClosestDistance(L_2, accuracy)",12435,1,-0.15702859660294657,1,-0.5505090149865879
dpctgan,"ClosestDistance(L_2, accuracy)",12435,0,-1.4255327386765348,0,-0.5505090149865879
dpctgan,"ClosestDistance(L_2, accuracy)",12435,1,-0.3038877907347113,1,-0.5505090149865879
dpctgan,"ClosestDistance(L_2, accuracy)",12435,0,-0.4139231351817289,1,-0.5505090149865879
dpctgan,"ClosestDistance(L_2, accuracy)",12435,1,-0.3340065845031472,1,-0.5505090149865879
dpctgan,"ClosestDistance(L_2, accuracy)",12435,0,-1.5247183407809421,0,-0.5505090149865879
dpctgan,"ClosestDistance(L_2, accuracy)",12435,1,-2.0499722611358244,0,-0.5505090149865879
dpctgan,"ClosestDistance(L_2, accuracy)",12435,0,-1.4289155927490624,0,-0.5505090149865879
dpctgan,"ClosestDistance(L_2, accuracy)",12435,1,-0.21361341034711387,1,-0.5505090149865879
dpctgan,"ClosestDistance(L_2, accuracy)",12435,0,-0.3000710059031035,1,-0.5505090149865879
dpctgan,"ClosestDistance(L_2, accuracy)",12435,1,-0.8564322090946038,0,-0.5505090149865879
dpctgan,"ClosestDistance(L_2, accuracy)",12435,0,-1.4670594355083943,0,-0.5505090149865879
dpctgan,"ClosestDistance(L_2, accuracy)",12435,1,-1.4299467217178388,0,-0.5505090149865879
dpctgan,"ClosestDistance(L_2, accuracy)",12435,0,-1.440821559797196,0,-0.5505090149865879
dpctgan,"ClosestDistance(L_2, accuracy)",12435,1,-0.7756152733570932,0,-0.5505090149865879
dpctgan,"ClosestDistance(L_2, accuracy)",12435,0,-1.5256873469757397,0,-0.5505090149865879
dpctgan,"ClosestDistance(L_2, accuracy)",12435,1,-1.423676102731425,0,-0.5505090149865879
dpctgan,"ClosestDistance(L_2, accuracy)",12435,0,-0.2723971053106044,1,-0.5505090149865879
dpctgan,"ClosestDistance(L_2, accuracy)",12435,1,-0.8992081144301814,0,-0.5505090149865879
dpctgan,"ClosestDistance(L_2, accuracy)",12435,0,-1.4230981330292105,0,-0.5505090149865879
dpctgan,"ClosestDistance(L_2, accuracy)",12435,1,-0.18255213202646772,1,-0.5505090149865879
dpctgan,"ClosestDistance(L_2, accuracy)",12435,0,-0.9005360283725544,0,-0.5505090149865879
dpctgan,"ClosestDistance(L_2, accuracy)",12435,1,-0.15264361367815552,1,-0.5505090149865879
dpctgan,"ClosestDistance(L_2, accuracy)",12435,0,-0.538781472481799,1,-0.5505090149865879
dpctgan,"ClosestDistance(L_2, accuracy)",12435,1,-1.4325916952908035,0,-0.5505090149865879
dpctgan,"ClosestDistance(L_2, accuracy)",12435,0,-1.4429200238109468,0,-0.5505090149865879
dpctgan,"ClosestDistance(L_2, accuracy)",12435,1,-2.0352641273967125,0,-0.5505090149865879
dpctgan,"ClosestDistance(L_2, accuracy)",12435,0,-1.4637052653618101,0,-0.5505090149865879
dpctgan,"ClosestDistance(L_2, accuracy)",12435,1,-1.4164062590453967,0,-0.5505090149865879
dpctgan,"ClosestDistance(L_2, accuracy)",12435,0,-1.441728562138031,0,-0.5505090149865879
dpctgan,"ClosestDistance(L_2, accuracy)",12435,1,-1.423054810261408,0,-0.5505090149865879
dpctgan,"ClosestDistance(L_2, accuracy)",12435,0,-0.32986715237848535,1,-0.5505090149865879
dpctgan,"ClosestDistance(L_2, accuracy)",12435,1,-0.31492686782522317,1,-0.5505090149865879
dpctgan,"ClosestDistance(L_2, accuracy)",12435,0,-0.17600025727491886,1,-0.5505090149865879
dpctgan,"ClosestDistance(L_2, accuracy)",12435,1,-2.0173592289096947,0,-0.5505090149865879
dpctgan,"ClosestDistance(L_2, accuracy)",12435,0,-0.39851958683495675,1,-0.5505090149865879
dpctgan,"ClosestDistance(L_2, accuracy)",12435,1,-0.19372518859205629,1,-0.5505090149865879
dpctgan,"ClosestDistance(L_2, accuracy)",12435,0,-1.4253844538964866,0,-0.5505090149865879
dpctgan,"ClosestDistance(L_2, accuracy)",12435,1,-0.4032433776763044,1,-0.5505090149865879
dpctgan,"ClosestDistance(L_2, accuracy)",12435,0,-1.5011122260924736,0,-0.5505090149865879
dpctgan,"ClosestDistance(L_2, accuracy)",12435,1,-1.4482755448404958,0,-0.5505090149865879
dpctgan,"ClosestDistance(L_2, accuracy)",12435,0,-2.0142851877853083,0,-0.5505090149865879
dpctgan,"ClosestDistance(L_2, accuracy)",12435,1,-1.4155261438386162,0,-0.5505090149865879
dpctgan,"ClosestDistance(L_2, accuracy)",12435,0,-0.4298416935973205,1,-0.5505090149865879
dpctgan,"ClosestDistance(L_2, accuracy)",12435,1,-0.37282524331776107,1,-0.5505090149865879
dpctgan,"ClosestDistance(L_2, accuracy)",12435,0,-0.5759251315987747,0,-0.5505090149865879
dpctgan,"ClosestDistance(L_2, accuracy)",12435,1,-0.213216947889166,1,-0.5505090149865879
dpctgan,"ClosestDistance(L_2, accuracy)",12435,0,-1.4213868144467041,0,-0.5505090149865879
dpctgan,"ClosestDistance(L_2, accuracy)",12435,1,-1.4144638017442512,0,-0.5505090149865879
dpctgan,"ClosestDistance(L_2, accuracy)",12435,0,-1.5208610480141578,0,-0.5505090149865879
dpctgan,"ClosestDistance(L_2, accuracy)",12435,1,-0.3412636730336273,1,-0.5505090149865879
dpctgan,"ClosestDistance(L_2, accuracy)",12435,0,-0.22160232737829372,1,-0.5505090149865879
dpctgan,"ClosestDistance(L_2, accuracy)",12435,1,-1.4408172731657967,0,-0.5505090149865879
dpctgan,"ClosestDistance(L_2, accuracy)",12435,0,-1.430820685282231,0,-0.5505090149865879
dpctgan,"ClosestDistance(L_2, accuracy)",12435,1,-0.13074770681588802,1,-0.5505090149865879
dpctgan,"ClosestDistance(L_2, accuracy)",12435,0,-2.0159765020565983,0,-0.5505090149865879
dpctgan,"ClosestDistance(L_2, accuracy)",12435,1,-1.6597286890643759,0,-0.5505090149865879
dpctgan,"ClosestDistance(L_2, accuracy)",12435,0,-1.434298099480674,0,-0.5505090149865879
dpctgan,"ClosestDistance(L_2, accuracy)",12435,1,-1.431220110679388,0,-0.5505090149865879
dpctgan,"ClosestDistance(L_2, accuracy)",12435,0,-0.2074771978064272,1,-0.5505090149865879
dpctgan,"ClosestDistance(L_2, accuracy)",12435,1,-0.7595890594516352,0,-0.5505090149865879
dpctgan,"ClosestDistance(L_2, accuracy)",12435,0,-1.4481663433965293,0,-0.5505090149865879
dpctgan,"ClosestDistance(L_2, accuracy)",12435,1,-1.6013133614384403,0,-0.5505090149865879
dpctgan,"ClosestDistance(L_2, accuracy)",12435,0,-1.0030269609559022,0,-0.5505090149865879
dpctgan,"ClosestDistance(L_2, accuracy)",12435,1,-1.5406976883429488,0,-0.5505090149865879
dpctgan,"ClosestDistance(L_2, accuracy)",12435,0,-0.5983938662809674,0,-0.5505090149865879
dpctgan,"ClosestDistance(L_2, accuracy)",12435,1,-1.4647585366796505,0,-0.5505090149865879
dpctgan,"ClosestDistance(L_2, accuracy)",12435,0,-1.422986640919651,0,-0.5505090149865879
dpctgan,"ClosestDistance(L_2, accuracy)",12435,1,-1.4528008460779818,0,-0.5505090149865879
dpctgan,"ClosestDistance(L_2, accuracy)",12435,0,-0.5551975995139278,0,-0.5505090149865879
dpctgan,"ClosestDistance(L_2, accuracy)",12435,1,-1.4200732855507872,0,-0.5505090149865879
dpctgan,"ClosestDistance(L_2, accuracy)",12435,0,-1.42684119525893,0,-0.5505090149865879
dpctgan,"ClosestDistance(L_2, accuracy)",12435,1,-1.5082972214380257,0,-0.5505090149865879
dpctgan,"ClosestDistance(L_2, accuracy)",12435,0,-0.11308584915131514,1,-0.5505090149865879
dpctgan,"ClosestDistance(L_2, accuracy)",12435,1,-0.6368336172161067,0,-0.5505090149865879
dpctgan,"ClosestDistance(L_2, accuracy)",12435,0,-1.4448247571730275,0,-0.5505090149865879
dpctgan,"ClosestDistance(L_2, accuracy)",12435,1,-1.4300190452695207,0,-0.5505090149865879
dpctgan,"ClosestDistance(L_2, accuracy)",12435,0,-1.4188786360446768,0,-0.5505090149865879
dpctgan,"ClosestDistance(L_2, accuracy)",12435,1,-0.330690668162445,1,-0.5505090149865879
dpctgan,"ClosestDistance(L_2, accuracy)",12435,0,-0.3646995645077421,1,-0.5505090149865879
dpctgan,"ClosestDistance(L_2, accuracy)",12435,1,-0.5399446202831162,1,-0.5505090149865879
dpctgan,"ClosestDistance(L_2, accuracy)",12435,0,-1.43716769451102,0,-0.5505090149865879
dpctgan,"ClosestDistance(L_2, accuracy)",12435,1,-1.4504011199386062,0,-0.5505090149865879
dpctgan,"ClosestDistance(L_2, accuracy)",12435,0,-0.5457819934405665,1,-0.5505090149865879
dpctgan,"ClosestDistance(L_2, accuracy)",12435,1,-0.3629256732900836,1,-0.5505090149865879
dpctgan,"ClosestDistance(L_2, accuracy)",12435,0,-1.4558246652825997,0,-0.5505090149865879
dpctgan,"ClosestDistance(L_2, accuracy)",12435,1,-1.4593279811674762,0,-0.5505090149865879
dpctgan,"ClosestDistance(L_2, accuracy)",12435,0,-1.6326131832028967,0,-0.5505090149865879
dpctgan,"ClosestDistance(L_2, accuracy)",12435,1,-1.4341414903507272,0,-0.5505090149865879
dpctgan,"ClosestDistance(L_2, accuracy)",12435,0,-1.4235698612741523,0,-0.5505090149865879
dpctgan,"ClosestDistance(L_2, accuracy)",12435,1,-1.4623853859727938,0,-0.5505090149865879
dpctgan,"ClosestDistance(L_2, accuracy)",12435,0,-0.8122978915698702,0,-0.5505090149865879
dpctgan,"ClosestDistance(L_2, accuracy)",12435,1,-0.45381783454156116,1,-0.5505090149865879
dpctgan,"ClosestDistance(L_2, accuracy)",12435,0,-0.37763547179022444,1,-0.5505090149865879
dpctgan,"ClosestDistance(L_2, accuracy)",12435,1,-1.419808743731293,0,-0.5505090149865879
dpctgan,"ClosestDistance(L_2, accuracy)",12435,0,-1.596289805754708,0,-0.5505090149865879
dpctgan,"ClosestDistance(L_2, accuracy)",12435,1,-0.34858884689276143,1,-0.5505090149865879
dpctgan,"ClosestDistance(L_2, accuracy)",12435,0,-1.5524256678706068,0,-0.5505090149865879
dpctgan,"ClosestDistance(L_2, accuracy)",12435,1,-0.389480740624113,1,-0.5505090149865879
dpctgan,"ClosestDistance(L_2, accuracy)",12435,0,-1.4916421507112947,0,-0.5505090149865879
dpctgan,"ClosestDistance(L_2, accuracy)",12435,1,-1.4728728387126164,0,-0.5505090149865879
dpctgan,"ClosestDistance(L_2, accuracy)",12435,0,-1.4239981055294175,0,-0.5505090149865879
dpctgan,"ClosestDistance(L_2, accuracy)",12435,1,-1.4384461768649344,0,-0.5505090149865879
dpctgan,"ClosestDistance(L_2, accuracy)",12435,0,-1.6376465552816275,0,-0.5505090149865879
dpctgan,"ClosestDistance(L_2, accuracy)",12435,1,-1.537535036275337,0,-0.5505090149865879
dpctgan,"ClosestDistance(L_2, accuracy)",12435,0,-0.2883208479577986,1,-0.5505090149865879
dpctgan,"ClosestDistance(L_2, accuracy)",12435,1,-0.38507267786561783,1,-0.5505090149865879
dpctgan,"ClosestDistance(L_2, accuracy)",12435,0,-1.434939112167546,0,-0.5505090149865879
dpctgan,"ClosestDistance(L_2, accuracy)",12435,1,-0.29534928099643804,1,-0.5505090149865879
dpctgan,"ClosestDistance(L_2, accuracy)",12435,0,-0.1855423048248234,1,-0.5505090149865879
dpctgan,"ClosestDistance(L_2, accuracy)",12435,1,-0.7408476812208321,0,-0.5505090149865879
dpctgan,"ClosestDistance(L_2, accuracy)",12435,0,-0.3610980679656232,1,-0.5505090149865879
dpctgan,"ClosestDistance(L_2, accuracy)",12435,1,-1.4673522444035265,0,-0.5505090149865879
dpctgan,"ClosestDistance(L_2, accuracy)",12435,0,-0.49349568943250427,1,-0.5505090149865879
dpctgan,"ClosestDistance(L_2, accuracy)",12435,1,-1.4199657421725842,0,-0.5505090149865879
dpctgan,"ClosestDistance(L_2, accuracy)",12435,0,-1.4776295351638769,0,-0.5505090149865879
dpctgan,"ClosestDistance(L_2, accuracy)",12435,1,-1.4427839223246501,0,-0.5505090149865879
dpctgan,"ClosestDistance(L_2, accuracy)",12435,0,-0.34801427955717623,1,-0.5505090149865879
dpctgan,"ClosestDistance(L_2, accuracy)",12435,1,-0.26167310429948715,1,-0.5505090149865879
dpctgan,"ClosestDistance(L_2, accuracy)",12435,0,-1.5671291782223769,0,-0.5505090149865879
dpctgan,"ClosestDistance(L_2, accuracy)",12435,1,-0.15401537092444195,1,-0.5505090149865879
dpctgan,"ClosestDistance(L_2, accuracy)",12435,0,-0.7010296176531928,0,-0.5505090149865879
dpctgan,"ClosestDistance(L_2, accuracy)",12435,1,-0.344737271097007,1,-0.5505090149865879
dpctgan,"ClosestDistance(L_2, accuracy)",12435,0,-1.4229819062391962,0,-0.5505090149865879
dpctgan,"ClosestDistance(L_2, accuracy)",12435,1,-1.4410631306806088,0,-0.5505090149865879
dpctgan,"ClosestDistance(L_2, accuracy)",12435,0,-1.4197445871603565,0,-0.5505090149865879
dpctgan,"ClosestDistance(L_2, accuracy)",12435,1,-1.4322928759044655,0,-0.5505090149865879
dpctgan,"ClosestDistance(L_2, accuracy)",12435,0,-0.3550891515653576,1,-0.5505090149865879
dpctgan,"ClosestDistance(L_2, accuracy)",12435,1,-1.425225197378414,0,-0.5505090149865879
dpctgan,"ClosestDistance(L_2, accuracy)",12435,0,-1.4284560371860286,0,-0.5505090149865879
dpctgan,"ClosestDistance(L_2, accuracy)",12435,1,-1.4347680748559086,0,-0.5505090149865879
dpctgan,"ClosestDistance(L_2, accuracy)",12435,0,-1.4460305987292965,0,-0.5505090149865879
dpctgan,"ClosestDistance(L_2, accuracy)",12435,1,-0.3964993123944506,1,-0.5505090149865879
dpctgan,"ClosestDistance(L_2, accuracy)",12435,0,-0.5407123510729668,1,-0.5505090149865879
dpctgan,"ClosestDistance(L_2, accuracy)",12435,1,-0.2570484384100437,1,-0.5505090149865879
dpctgan,"ClosestDistance(L_2, accuracy)",12435,0,-1.4828375827275087,0,-0.5505090149865879
dpctgan,"ClosestDistance(L_2, accuracy)",12435,1,-1.424672228221762,0,-0.5505090149865879
dpctgan,"ClosestDistance(L_2, accuracy)",12435,0,-0.22257125662783245,1,-0.5505090149865879
dpctgan,"ClosestDistance(L_2, accuracy)",12435,1,-0.9461132757739207,0,-0.5505090149865879
dpctgan,"ClosestDistance(L_2, accuracy)",12435,0,-1.6006618895221028,0,-0.5505090149865879
dpctgan,"ClosestDistance(L_2, accuracy)",12435,1,-0.601113186664129,0,-0.5505090149865879
dpctgan,"ClosestDistance(L_2, accuracy)",12435,0,-1.474485992899939,0,-0.5505090149865879
dpctgan,"ClosestDistance(L_2, accuracy)",12435,1,-1.4915391427215325,0,-0.5505090149865879
dpctgan,"ClosestDistance(L_2, accuracy)",12435,0,-1.4388720119299439,0,-0.5505090149865879
dpctgan,"ClosestDistance(L_2, accuracy)",12435,1,-0.4660319883959461,1,-0.5505090149865879
dpctgan,"ClosestDistance(L_2, accuracy)",12435,0,-0.6975369851559409,0,-0.5505090149865879
dpctgan,"ClosestDistance(L_2, accuracy)",12435,1,-1.4244372370360197,0,-0.5505090149865879
dpctgan,"ClosestDistance(L_2, accuracy)",12435,0,-1.4684510587863857,0,-0.5505090149865879
dpctgan,"ClosestDistance(L_2, accuracy)",12435,1,-2.01684485491979,0,-0.5505090149865879
dpctgan,"ClosestDistance(L_2, accuracy)",12435,0,-1.424698027144458,0,-0.5505090149865879
dpctgan,"ClosestDistance(L_2, accuracy)",12435,1,-1.4295284416742897,0,-0.5505090149865879
dpctgan,"ClosestDistance(L_2, accuracy)",12435,0,-1.560407879779525,0,-0.5505090149865879
dpctgan,"ClosestDistance(L_2, accuracy)",12435,1,-0.16838323299262484,1,-0.5505090149865879
dpctgan,"ClosestDistance(L_2, accuracy)",12435,0,-2.067735445421135,0,-0.5505090149865879
dpctgan,"ClosestDistance(L_2, accuracy)",12435,1,-1.4158946133317964,0,-0.5505090149865879
dpctgan,"ClosestDistance(L_2, accuracy)",12435,0,-0.23722179961871293,1,-0.5505090149865879
dpctgan,"ClosestDistance(L_2, accuracy)",12435,1,-0.5225600602837751,1,-0.5505090149865879
dpctgan,"ClosestDistance(L_2, accuracy)",12435,0,-1.425029279047877,0,-0.5505090149865879
dpctgan,"ClosestDistance(L_2, accuracy)",12435,1,-0.6509243469560428,0,-0.5505090149865879
dpctgan,"ClosestDistance(L_2, accuracy)",12435,0,-0.2613384477688635,1,-0.5505090149865879
dpctgan,"ClosestDistance(L_2, accuracy)",12435,1,-0.42457280064737074,1,-0.5505090149865879
dpctgan,"ClosestDistance(L_2, accuracy)",12435,0,-0.48434855670849175,1,-0.5505090149865879
dpctgan,"ClosestDistance(L_2, accuracy)",12435,1,-1.540252047880655,0,-0.5505090149865879
dpctgan,"ClosestDistance(L_2, accuracy)",12435,0,-0.4230113633240017,1,-0.5505090149865879
dpctgan,"ClosestDistance(L_2, accuracy)",12435,1,-1.416998665261393,0,-0.5505090149865879
dpctgan,"ClosestDistance(L_2, accuracy)",12435,0,-2.016560468784097,0,-0.5505090149865879
dpctgan,"ClosestDistance(L_2, accuracy)",12435,1,-1.6700644856250249,0,-0.5505090149865879
dpctgan,"ClosestDistance(L_2, accuracy)",12435,0,-0.20059490996273402,1,-0.5505090149865879
dpctgan,"ClosestDistance(L_2, accuracy)",12435,1,-0.397669784789264,1,-0.5505090149865879
dpctgan,"ClosestDistance(L_2, accuracy)",12435,0,-1.4193027180662574,0,-0.5505090149865879
dpctgan,"ClosestDistance(L_2, accuracy)",12435,1,-1.4671145053706292,0,-0.5505090149865879
dpctgan,"ClosestDistance(L_2, accuracy)",12435,0,-0.7734174255750206,0,-0.5505090149865879
dpctgan,"ClosestDistance(L_2, accuracy)",12435,1,-1.4164306255342844,0,-0.5505090149865879
dpctgan,"ClosestDistance(L_2, accuracy)",12435,0,-1.461429699428523,0,-0.5505090149865879
dpctgan,"ClosestDistance(L_2, accuracy)",12435,1,-0.5313577081612818,1,-0.5505090149865879
dpctgan,"ClosestDistance(L_2, accuracy)",12435,0,-1.604872848385048,0,-0.5505090149865879
dpctgan,"ClosestDistance(L_2, accuracy)",12435,1,-0.26673173314554727,1,-0.5505090149865879
dpctgan,"ClosestDistance(L_2, accuracy)",12435,0,-0.33523050197344406,1,-0.5505090149865879
dpctgan,"ClosestDistance(L_2, accuracy)",12435,1,-0.2380211518813557,1,-0.5505090149865879
dpctgan,"ClosestDistance(L_2, accuracy)",12435,0,-0.39456648302414055,1,-0.5505090149865879
dpctgan,"ClosestDistance(L_2, accuracy)",12435,1,-0.6349250778462855,0,-0.5505090149865879
dpctgan,"ClosestDistance(L_2, accuracy)",12435,0,-1.5182171996705307,0,-0.5505090149865879
dpctgan,"ClosestDistance(L_2, accuracy)",12435,1,-0.22474928272276462,1,-0.5505090149865879
dpctgan,"ClosestDistance(L_2, accuracy)",12435,0,-1.4176736134772148,0,-0.5505090149865879
dpctgan,"ClosestDistance(L_2, accuracy)",12435,1,-0.7448256177073144,0,-0.5505090149865879
dpctgan,"ClosestDistance(L_2, accuracy)",12435,0,-1.4702164522632228,0,-0.5505090149865879
dpctgan,"ClosestDistance(L_2, accuracy)",12435,1,-0.32453387098527825,1,-0.5505090149865879
dpctgan,"ClosestDistance(L_2, accuracy)",12435,0,-1.4424992897816884,0,-0.5505090149865879
dpctgan,"ClosestDistance(L_2, accuracy)",12435,1,-0.5821117499847589,0,-0.5505090149865879
dpctgan,"ClosestDistance(L_2, accuracy)",12435,0,-0.3401875776533076,1,-0.5505090149865879
dpctgan,"ClosestDistance(L_2, accuracy)",12435,1,-1.485270601884637,0,-0.5505090149865879
dpctgan,"ClosestDistance(L_2, accuracy)",12435,0,-1.4317993823974466,0,-0.5505090149865879
dpctgan,"ClosestDistance(L_2, accuracy)",12435,1,-1.5420671333907507,0,-0.5505090149865879
dpctgan,"ClosestDistance(L_2, accuracy)",12435,0,-0.5527418244270444,0,-0.5505090149865879
dpctgan,"ClosestDistance(L_2, accuracy)",12435,1,-1.4556307996786897,0,-0.5505090149865879
dpctgan,"ClosestDistance(L_2, accuracy)",12435,0,-1.4332811680273452,0,-0.5505090149865879
dpctgan,"ClosestDistance(L_2, accuracy)",12435,1,-1.4318656059946135,0,-0.5505090149865879
dpctgan,"ClosestDistance(L_2, accuracy)",12435,0,-1.4628772732578208,0,-0.5505090149865879
dpctgan,"ClosestDistance(L_2, accuracy)",12435,1,-1.4344355052070314,0,-0.5505090149865879
dpctgan,"ClosestDistance(L_2, accuracy)",12435,0,-0.7059045404641433,0,-0.5505090149865879
dpctgan,"ClosestDistance(L_2, accuracy)",12435,1,-0.21571719294544303,1,-0.5505090149865879
dpctgan,"ClosestDistance(L_2, accuracy)",12435,0,-1.4307594745685546,0,-0.5505090149865879
dpctgan,"ClosestDistance(L_2, accuracy)",12435,1,-1.4480775270989032,0,-0.5505090149865879
dpctgan,"ClosestDistance(L_2, accuracy)",12435,0,-1.4340786309300129,0,-0.5505090149865879
dpctgan,"ClosestDistance(L_2, accuracy)",12435,1,-1.4298821224120983,0,-0.5505090149865879
dpctgan,"ClosestDistance(L_2, accuracy)",12435,0,-0.8104523508218145,0,-0.5505090149865879
dpctgan,"ClosestDistance(L_2, accuracy)",12435,1,-0.23728294023085023,1,-0.5505090149865879
dpctgan,"ClosestDistance(L_2, accuracy)",12435,0,-0.4057026276508529,1,-0.5505090149865879
dpctgan,"ClosestDistance(L_2, accuracy)",12435,1,-0.7839670978592489,0,-0.5505090149865879
dpctgan,"ClosestDistance(L_2, accuracy)",12435,0,-1.6142055267692033,0,-0.5505090149865879
dpctgan,"ClosestDistance(L_2, accuracy)",12435,1,-1.4308049663650175,0,-0.5505090149865879
dpctgan,"ClosestDistance(L_2, accuracy)",12435,0,-0.36163617570551654,1,-0.5505090149865879
dpctgan,"ClosestDistance(L_2, accuracy)",12435,1,-1.4365186400902705,0,-0.5505090149865879
dpctgan,"ClosestDistance(L_2, accuracy)",12435,0,-1.4331225999660295,0,-0.5505090149865879
dpctgan,"ClosestDistance(L_2, accuracy)",12435,1,-1.419025146337084,0,-0.5505090149865879
dpctgan,"ClosestDistance(L_2, accuracy)",12435,0,-1.422870426425965,0,-0.5505090149865879
dpctgan,"ClosestDistance(L_2, accuracy)",12435,1,-1.4687287224129921,0,-0.5505090149865879
dpctgan,"ClosestDistance(L_2, accuracy)",12435,0,-0.6051138073871274,0,-0.5505090149865879
dpctgan,"ClosestDistance(L_2, accuracy)",12435,1,-0.7025821688893231,0,-0.5505090149865879
dpctgan,"ClosestDistance(L_2, accuracy)",12435,0,-0.2373133965689427,1,-0.5505090149865879
dpctgan,"ClosestDistance(L_2, accuracy)",12435,1,-0.09847028937235044,1,-0.5505090149865879
dpctgan,"ClosestDistance(L_2, accuracy)",12435,0,-0.3595986068631732,1,-0.5505090149865879
dpctgan,"ClosestDistance(L_2, accuracy)",12435,1,-0.5271957762231355,1,-0.5505090149865879
dpctgan,"ClosestDistance(L_2, accuracy)",12435,0,-1.4355405757421118,0,-0.5505090149865879
dpctgan,"ClosestDistance(L_2, accuracy)",12435,1,-1.4420088663181032,0,-0.5505090149865879
dpctgan,"ClosestDistance(L_2, accuracy)",12435,0,-1.4995046039430795,0,-0.5505090149865879
dpctgan,"ClosestDistance(L_2, accuracy)",12435,1,-1.4867330415659201,0,-0.5505090149865879
dpctgan,"ClosestDistance(L_2, accuracy)",12435,0,-1.4823346199274088,0,-0.5505090149865879
dpctgan,"ClosestDistance(L_2, accuracy)",12435,1,-0.3964629194233452,1,-0.5505090149865879
dpctgan,"ClosestDistance(L_2, accuracy)",12435,0,-0.5417517585003219,1,-0.5505090149865879
dpctgan,"ClosestDistance(L_2, accuracy)",12435,1,-0.18376514808486522,1,-0.5505090149865879
dpctgan,"ClosestDistance(L_2, accuracy)",12435,0,-0.165562168850379,1,-0.5505090149865879
dpctgan,"ClosestDistance(L_2, accuracy)",12435,1,-1.4544304731837003,0,-0.5505090149865879
dpctgan,"ClosestDistance(L_2, accuracy)",12435,0,-1.5369909457716244,0,-0.5505090149865879
dpctgan,"ClosestDistance(L_2, accuracy)",12435,1,-1.4286486022942078,0,-0.5505090149865879
dpctgan,"ClosestDistance(L_2, accuracy)",12435,0,-0.44223541429461677,1,-0.5505090149865879
dpctgan,"ClosestDistance(L_2, accuracy)",12435,1,-1.508229153811449,0,-0.5505090149865879
dpctgan,"ClosestDistance(L_2, accuracy)",12435,0,-1.5122051868146995,0,-0.5505090149865879
dpctgan,"ClosestDistance(L_2, accuracy)",12435,1,-0.33455916294056653,1,-0.5505090149865879
dpctgan,"ClosestDistance(L_2, accuracy)",12435,0,-0.61056101897488,0,-0.5505090149865879
dpctgan,"ClosestDistance(L_2, accuracy)",12435,1,-0.29633777109692166,1,-0.5505090149865879
dpctgan,"ClosestDistance(L_2, accuracy)",12435,0,-0.2102763289393463,1,-0.5505090149865879
dpctgan,"ClosestDistance(L_2, accuracy)",12435,1,-0.3123094834955617,1,-0.5505090149865879
dpctgan,"ClosestDistance(L_2, accuracy)",12435,0,-1.5785324745360085,0,-0.5505090149865879
dpctgan,"ClosestDistance(L_2, accuracy)",12435,1,-2.0463600637748973,0,-0.5505090149865879
dpctgan,"ClosestDistance(L_2, accuracy)",12435,0,-1.4174564333217277,0,-0.5505090149865879
dpctgan,"ClosestDistance(L_2, accuracy)",12435,1,-1.5382384626686492,0,-0.5505090149865879
dpctgan,"ClosestDistance(L_2, accuracy)",12435,0,-1.4295169810474115,0,-0.5505090149865879
dpctgan,"ClosestDistance(L_2, accuracy)",12435,1,-1.4156610092856285,0,-0.5505090149865879
dpctgan,"ClosestDistance(L_2, accuracy)",12435,0,-1.426780284941295,0,-0.5505090149865879
dpctgan,"ClosestDistance(L_2, accuracy)",12435,1,-0.637167085281527,0,-0.5505090149865879
dpctgan,"ClosestDistance(L_2, accuracy)",12435,0,-1.41907441803489,0,-0.5505090149865879
dpctgan,"ClosestDistance(L_2, accuracy)",12435,1,-2.0167296569320676,0,-0.5505090149865879
dpctgan,"ClosestDistance(L_2, accuracy)",12435,0,-1.4501093621212775,0,-0.5505090149865879
dpctgan,"ClosestDistance(L_2, accuracy)",12435,1,-0.21119338848125285,1,-0.5505090149865879
dpctgan,"ClosestDistance(L_2, accuracy)",12435,0,-1.4503722868678224,0,-0.5505090149865879
dpctgan,"ClosestDistance(L_2, accuracy)",12435,1,-1.5099123556923053,0,-0.5505090149865879
dpctgan,"ClosestDistance(L_2, accuracy)",12435,0,-0.17684763937294598,1,-0.5505090149865879
dpctgan,"ClosestDistance(L_2, accuracy)",12435,1,-0.31714686683221394,1,-0.5505090149865879
dpctgan,"ClosestDistance(L_2, accuracy)",12435,0,-0.2551344917876832,1,-0.5505090149865879
dpctgan,"ClosestDistance(L_2, accuracy)",12435,1,-1.4581494662946868,0,-0.5505090149865879
dpctgan,"ClosestDistance(L_2, accuracy)",12435,0,-1.5939367891041722,0,-0.5505090149865879
dpctgan,"ClosestDistance(L_2, accuracy)",12435,1,-1.5473309023573851,0,-0.5505090149865879
dpctgan,"ClosestDistance(L_2, accuracy)",12435,0,-2.0287246008351754,0,-0.5505090149865879
dpctgan,"ClosestDistance(L_2, accuracy)",12435,1,-1.4935211903921926,0,-0.5505090149865879
dpctgan,"ClosestDistance(L_2, accuracy)",12435,0,-0.2362941858535833,1,-0.5505090149865879
dpctgan,"ClosestDistance(L_2, accuracy)",12435,1,-1.4401629077074067,0,-0.5505090149865879
dpctgan,"ClosestDistance(L_2, accuracy)",12435,0,-1.440807039183072,0,-0.5505090149865879
dpctgan,"ClosestDistance(L_2, accuracy)",12435,1,-0.10722607597701989,1,-0.5505090149865879
dpctgan,"ClosestDistance(L_2, accuracy)",12435,0,-1.5618656708996446,0,-0.5505090149865879
dpctgan,"ClosestDistance(L_2, accuracy)",12435,1,-1.4467941003076057,0,-0.5505090149865879
dpctgan,"ClosestDistance(L_2, accuracy)",12435,0,-0.4820573440712184,1,-0.5505090149865879
dpctgan,"ClosestDistance(L_2, accuracy)",12435,1,-0.46907133354515107,1,-0.5505090149865879
dpctgan,"ClosestDistance(L_2, accuracy)",12435,0,-1.4566190984928864,0,-0.5505090149865879
dpctgan,"ClosestDistance(L_2, accuracy)",12435,1,-2.050179264107271,0,-0.5505090149865879
dpctgan,"ClosestDistance(L_2, accuracy)",12435,0,-0.09816007095855649,1,-0.5505090149865879
dpctgan,"ClosestDistance(L_2, accuracy)",12435,1,-1.532480207905584,0,-0.5505090149865879
dpctgan,"ClosestDistance(L_2, accuracy)",12435,0,-1.4266908380749792,0,-0.5505090149865879
dpctgan,"ClosestDistance(L_2, accuracy)",12435,1,-1.421741420560077,0,-0.5505090149865879
dpctgan,"ClosestDistance(L_2, accuracy)",12435,0,-1.4402059678103154,0,-0.5505090149865879
dpctgan,"ClosestDistance(L_2, accuracy)",12435,1,-1.4310897689574475,0,-0.5505090149865879
dpctgan,"ClosestDistance(L_2, accuracy)",12435,0,-1.4322493743170805,0,-0.5505090149865879
dpctgan,"ClosestDistance(L_2, accuracy)",12435,1,-2.0141466377067805,0,-0.5505090149865879
dpctgan,"ClosestDistance(L_2, accuracy)",12435,0,-1.4166442154310956,0,-0.5505090149865879
dpctgan,"ClosestDistance(L_2, accuracy)",12435,1,-1.61971896214171,0,-0.5505090149865879
dpctgan,"ClosestDistance(L_2, accuracy)",12435,0,-0.38197907266377046,1,-0.5505090149865879
dpctgan,"ClosestDistance(L_2, accuracy)",12435,1,-1.4148824889225917,0,-0.5505090149865879
dpctgan,"ClosestDistance(L_2, accuracy)",12435,0,-0.4471164657088637,1,-0.5505090149865879
dpctgan,"ClosestDistance(L_2, accuracy)",12435,1,-1.4164258794039155,0,-0.5505090149865879
dpctgan,"ClosestDistance(L_2, accuracy)",12435,0,-0.13869192031031563,1,-0.5505090149865879
dpctgan,"ClosestDistance(L_2, accuracy)",12435,1,-2.069173524103458,0,-0.5505090149865879
dpctgan,"ClosestDistance(L_2, accuracy)",12435,0,-1.435110419097146,0,-0.5505090149865879
dpctgan,"ClosestDistance(L_2, accuracy)",12435,1,-1.47768184808697,0,-0.5505090149865879
dpctgan,"ClosestDistance(L_2, accuracy)",12435,0,-1.436692164561536,0,-0.5505090149865879
dpctgan,"ClosestDistance(L_2, accuracy)",12435,1,-1.4599685484777956,0,-0.5505090149865879
dpctgan,"ClosestDistance(L_2, accuracy)",12435,0,-2.0935957225191753,0,-0.5505090149865879
dpctgan,"ClosestDistance(L_2, accuracy)",12435,1,-1.4265209818173683,0,-0.5505090149865879
dpctgan,"ClosestDistance(L_2, accuracy)",12435,0,-1.4232274204050286,0,-0.5505090149865879
dpctgan,"ClosestDistance(L_2, accuracy)",12435,1,-1.4840711868409455,0,-0.5505090149865879
dpctgan,"ClosestDistance(L_2, accuracy)",12435,0,-0.5883180597237005,0,-0.5505090149865879
dpctgan,"ClosestDistance(L_2, accuracy)",12435,1,-0.16475361947720762,1,-0.5505090149865879
dpctgan,"ClosestDistance(L_2, accuracy)",12435,0,-2.0320712395556457,0,-0.5505090149865879
dpctgan,"ClosestDistance(L_2, accuracy)",12435,1,-0.35455043824322324,1,-0.5505090149865879
dpctgan,"ClosestDistance(L_2, accuracy)",12435,0,-2.016900989539306,0,-0.5505090149865879
dpctgan,"ClosestDistance(L_2, accuracy)",12435,1,-0.20752036629878245,1,-0.5505090149865879
dpctgan,"ClosestDistance(L_2, accuracy)",12435,0,-0.5704458227043623,0,-0.5505090149865879
dpctgan,"ClosestDistance(L_2, accuracy)",12435,1,-0.3335316616141621,1,-0.5505090149865879
dpctgan,"ClosestDistance(L_2, accuracy)",12435,0,-0.240930946163242,1,-0.5505090149865879
dpctgan,"ClosestDistance(L_2, accuracy)",12435,1,-1.4449986425257673,0,-0.5505090149865879
dpctgan,"ClosestDistance(L_2, accuracy)",12435,0,-1.506846481179764,0,-0.5505090149865879
dpctgan,"ClosestDistance(L_2, accuracy)",12435,1,-0.40482281221760624,1,-0.5505090149865879
dpctgan,"ClosestDistance(L_2, accuracy)",12435,0,-0.6579363061585523,0,-0.5505090149865879
dpctgan,"ClosestDistance(L_2, accuracy)",12435,1,-0.14714432025954344,1,-0.5505090149865879
dpctgan,"ClosestDistance(L_2, accuracy)",12435,0,-1.486307154973643,0,-0.5505090149865879
dpctgan,"ClosestDistance(L_2, accuracy)",12435,1,-1.4400044698566536,0,-0.5505090149865879
dpctgan,"ClosestDistance(L_2, accuracy)",12435,0,-0.47859490062719673,1,-0.5505090149865879
dpctgan,"ClosestDistance(L_2, accuracy)",12435,1,-0.4665007459249674,1,-0.5505090149865879
dpctgan,"ClosestDistance(L_2, accuracy)",12435,0,-0.2768845215748265,1,-0.5505090149865879
dpctgan,"ClosestDistance(L_2, accuracy)",12435,1,-1.4289402022888336,0,-0.5505090149865879
dpctgan,"ClosestDistance(L_2, accuracy)",12435,0,-2.0133954582082287,0,-0.5505090149865879
dpctgan,"ClosestDistance(L_2, accuracy)",12435,1,-1.4425901585468774,0,-0.5505090149865879
dpctgan,"ClosestDistance(L_2, accuracy)",12435,0,-0.5106101517120378,1,-0.5505090149865879
dpctgan,"ClosestDistance(L_2, accuracy)",12435,1,-0.2888414541992614,1,-0.5505090149865879
dpctgan,"ClosestDistance(L_2, accuracy)",12435,0,-1.4226184736092142,0,-0.5505090149865879
dpctgan,"ClosestDistance(L_2, accuracy)",12435,1,-1.0128303681617683,0,-0.5505090149865879
dpctgan,"ClosestDistance(L_2, accuracy)",12435,0,-1.6105742054247796,0,-0.5505090149865879
dpctgan,"ClosestDistance(L_2, accuracy)",12435,1,-0.885896855325791,0,-0.5505090149865879
dpctgan,"ClosestDistance(L_2, accuracy)",12435,0,-1.4674692339745177,0,-0.5505090149865879
dpctgan,"ClosestDistance(L_2, accuracy)",12435,1,-0.4870810437334468,1,-0.5505090149865879
dpctgan,"ClosestDistance(L_2, accuracy)",12435,0,-0.31882342202012787,1,-0.5505090149865879
dpctgan,"ClosestDistance(L_2, accuracy)",12435,1,-1.4575604273480343,0,-0.5505090149865879
dpctgan,"ClosestDistance(L_2, accuracy)",12435,0,-0.7889529325795204,0,-0.5505090149865879
dpctgan,"ClosestDistance(L_2, accuracy)",12435,1,-1.4515764114524174,0,-0.5505090149865879
dpctgan,"ClosestDistance(L_2, accuracy)",12435,0,-0.1872805126636007,1,-0.5505090149865879
dpctgan,"ClosestDistance(L_2, accuracy)",12435,1,-1.4831518972860795,0,-0.5505090149865879
dpctgan,"ClosestDistance(L_2, accuracy)",12435,0,-0.2603462675897097,1,-0.5505090149865879
dpctgan,"ClosestDistance(L_2, accuracy)",12435,1,-1.4703856535009099,0,-0.5505090149865879
dpctgan,"ClosestDistance(L_2, accuracy)",12435,0,-0.1402388425871329,1,-0.5505090149865879
dpctgan,"ClosestDistance(L_2, accuracy)",12435,1,-1.4523288547142377,0,-0.5505090149865879
dpctgan,"ClosestDistance(L_2, accuracy)",12435,0,-0.7397696421979743,0,-0.5505090149865879
dpctgan,"ClosestDistance(L_2, accuracy)",12435,1,-0.5822219496861591,0,-0.5505090149865879
dpctgan,"ClosestDistance(L_2, accuracy)",12435,0,-0.3059175156852465,1,-0.5505090149865879
dpctgan,"ClosestDistance(L_2, accuracy)",12435,1,-1.422341114470843,0,-0.5505090149865879
dpctgan,"ClosestDistance(L_2, accuracy)",12435,0,-1.4904382300968448,0,-0.5505090149865879
dpctgan,"ClosestDistance(L_2, accuracy)",12435,1,-0.36053295119268164,1,-0.5505090149865879
dpctgan,"ClosestDistance(L_2, accuracy)",12435,0,-1.5325252267791505,0,-0.5505090149865879
dpctgan,"ClosestDistance(L_2, accuracy)",12435,1,-1.4306339221459266,0,-0.5505090149865879
dpctgan,"ClosestDistance(L_2, accuracy)",12435,0,-0.2860053158539488,1,-0.5505090149865879
dpctgan,"ClosestDistance(L_2, accuracy)",12435,1,-1.5779621894390685,0,-0.5505090149865879
dpctgan,"ClosestDistance(L_2, accuracy)",12435,0,-1.446488648132139,0,-0.5505090149865879
dpctgan,"ClosestDistance(L_2, accuracy)",12435,1,-0.29516980873633725,1,-0.5505090149865879
dpctgan,"ClosestDistance(L_2, accuracy)",12435,0,-1.420904573544152,0,-0.5505090149865879
dpctgan,"ClosestDistance(L_2, accuracy)",12435,1,-1.4708718225251707,0,-0.5505090149865879
dpctgan,"ClosestDistance(L_2, accuracy)",12435,0,-1.4538572884713603,0,-0.5505090149865879
dpctgan,"ClosestDistance(L_2, accuracy)",12435,1,-0.9376115005254718,0,-0.5505090149865879
dpctgan,"ClosestDistance(L_2, accuracy)",12435,0,-1.427262362054092,0,-0.5505090149865879
dpctgan,"ClosestDistance(L_2, accuracy)",12435,1,-0.4884012016042644,1,-0.5505090149865879
dpctgan,"ClosestDistance(L_2, accuracy)",12435,0,-0.45410136137330365,1,-0.5505090149865879
dpctgan,"ClosestDistance(L_2, accuracy)",12435,1,-1.4938802224186114,0,-0.5505090149865879
dpctgan,"ClosestDistance(L_2, accuracy)",12435,0,-0.5232851310784948,1,-0.5505090149865879
dpctgan,"ClosestDistance(L_2, accuracy)",12435,1,-1.545911014511292,0,-0.5505090149865879
dpctgan,"ClosestDistance(L_2, accuracy)",12435,0,-0.21664459206933157,1,-0.5505090149865879
dpctgan,"ClosestDistance(L_2, accuracy)",12435,1,-1.4272211044687402,0,-0.5505090149865879
dpctgan,"ClosestDistance(L_2, accuracy)",12435,0,-1.4640728669423466,0,-0.5505090149865879
dpctgan,"ClosestDistance(L_2, accuracy)",12435,1,-0.6337411270754716,0,-0.5505090149865879
dpctgan,"ClosestDistance(L_2, accuracy)",12435,0,-0.4520083571198613,1,-0.5505090149865879
dpctgan,"ClosestDistance(L_2, accuracy)",12435,1,-0.7246239143086812,0,-0.5505090149865879
dpctgan,"ClosestDistance(L_2, accuracy)",12435,0,-2.0245395409244007,0,-0.5505090149865879
dpctgan,"ClosestDistance(L_2, accuracy)",12435,1,-0.3330060771293942,1,-0.5505090149865879
dpctgan,"ClosestDistance(L_2, accuracy)",12435,0,-1.436910520908398,0,-0.5505090149865879
dpctgan,"ClosestDistance(L_2, accuracy)",12435,1,-0.4127498728048187,1,-0.5505090149865879
dpctgan,"ClosestDistance(L_2, accuracy)",12435,0,-0.29442229740666176,1,-0.5505090149865879
dpctgan,"ClosestDistance(L_2, accuracy)",12435,1,-1.4299901980101617,0,-0.5505090149865879
dpctgan,"ClosestDistance(L_2, accuracy)",12435,0,-0.3072241663919579,1,-0.5505090149865879
dpctgan,"ClosestDistance(L_2, accuracy)",12435,1,-1.4362616244240303,0,-0.5505090149865879
dpctgan,"ClosestDistance(L_2, accuracy)",12435,0,-1.418652493424066,0,-0.5505090149865879
dpctgan,"ClosestDistance(L_2, accuracy)",12435,1,-1.5231878069487739,0,-0.5505090149865879
dpctgan,"ClosestDistance(L_2, accuracy)",12435,0,-0.9124499895862382,0,-0.5505090149865879
dpctgan,"ClosestDistance(L_2, accuracy)",12435,1,-0.7507628221421092,0,-0.5505090149865879
dpctgan,"ClosestDistance(L_2, accuracy)",12435,0,-0.1612012239744388,1,-0.5505090149865879
dpctgan,"ClosestDistance(L_2, accuracy)",12435,1,-1.4494368980288739,0,-0.5505090149865879
dpctgan,"ClosestDistance(L_2, accuracy)",12435,0,-1.4220152183914838,0,-0.5505090149865879
dpctgan,"ClosestDistance(L_2, accuracy)",12435,1,-0.13453393334205185,1,-0.5505090149865879
dpctgan,"ClosestDistance(L_2, accuracy)",12435,0,-0.19038148859978485,1,-0.5505090149865879
dpctgan,"ClosestDistance(L_2, accuracy)",12435,1,-1.4230506642925953,0,-0.5505090149865879
dpctgan,"ClosestDistance(L_2, accuracy)",12435,0,-1.459625501509825,0,-0.5505090149865879
dpctgan,"ClosestDistance(L_2, accuracy)",12435,1,-1.6133647605512798,0,-0.5505090149865879
dpctgan,"ClosestDistance(L_2, accuracy)",12435,0,-1.4252642207468096,0,-0.5505090149865879
dpctgan,"ClosestDistance(L_2, accuracy)",12435,1,-0.16936865486789845,1,-0.5505090149865879
dpctgan,"ClosestDistance(L_2, accuracy)",12435,0,-2.0068508137953476,0,-0.5505090149865879
dpctgan,"ClosestDistance(L_2, accuracy)",12435,1,-1.490689478637574,0,-0.5505090149865879
dpctgan,"ClosestDistance(L_2, accuracy)",12435,0,-0.5177943395959146,1,-0.5505090149865879
dpctgan,"ClosestDistance(L_2, accuracy)",12435,1,-0.3737277640841441,1,-0.5505090149865879
dpctgan,"ClosestDistance(L_2, accuracy)",12435,0,-0.21142166139954646,1,-0.5505090149865879
dpctgan,"ClosestDistance(L_2, accuracy)",12435,1,-1.5760519208323456,0,-0.5505090149865879
dpctgan,"ClosestDistance(L_2, accuracy)",12435,0,-1.5502094587655444,0,-0.5505090149865879
dpctgan,"ClosestDistance(L_2, accuracy)",12435,1,-0.14364881642685165,1,-0.5505090149865879
dpctgan,"ClosestDistance(L_2, accuracy)",12435,0,-1.450636298229692,0,-0.5505090149865879
dpctgan,"ClosestDistance(L_2, accuracy)",12435,1,-1.426720644409515,0,-0.5505090149865879
dpctgan,"ClosestDistance(L_2, accuracy)",12435,0,-1.490537384131101,0,-0.5505090149865879
dpctgan,"ClosestDistance(L_2, accuracy)",12435,1,-1.6911923731042304,0,-0.5505090149865879
dpctgan,"ClosestDistance(L_2, accuracy)",12435,0,-0.5035232285380427,1,-0.5505090149865879
dpctgan,"ClosestDistance(L_2, accuracy)",12435,1,-1.4337418479507857,0,-0.5505090149865879
dpctgan,"ClosestDistance(L_2, accuracy)",12435,0,-0.4422291277087654,1,-0.5505090149865879
dpctgan,"ClosestDistance(L_2, accuracy)",12435,1,-0.2045710646933734,1,-0.5505090149865879
dpctgan,"ClosestDistance(L_2, accuracy)",12435,0,-1.4440826795166872,0,-0.5505090149865879
dpctgan,"ClosestDistance(L_2, accuracy)",12435,1,-0.6345872850327179,0,-0.5505090149865879
dpctgan,"ClosestDistance(L_2, accuracy)",12435,0,-0.8910009203882802,0,-0.5505090149865879
dpctgan,"ClosestDistance(L_2, accuracy)",12435,1,-1.4323633590925358,0,-0.5505090149865879
dpctgan,"ClosestDistance(L_2, accuracy)",12435,0,-1.4178498768506713,0,-0.5505090149865879
dpctgan,"ClosestDistance(L_2, accuracy)",12435,1,-1.4291209989449685,0,-0.5505090149865879
dpctgan,"ClosestDistance(L_2, accuracy)",12435,0,-0.19677913515491463,1,-0.5505090149865879
dpctgan,"ClosestDistance(L_2, accuracy)",12435,1,-0.41813062127538836,1,-0.5505090149865879
dpctgan,"ClosestDistance(L_2, accuracy)",12435,0,-2.008851385478857,0,-0.5505090149865879
dpctgan,"ClosestDistance(L_2, accuracy)",12435,1,-1.516674308604198,0,-0.5505090149865879
dpctgan,"ClosestDistance(L_2, accuracy)",12435,0,-1.4818587562425893,0,-0.5505090149865879
dpctgan,"ClosestDistance(L_2, accuracy)",12435,1,-1.5852174886946018,0,-0.5505090149865879
dpctgan,"ClosestDistance(L_2, accuracy)",12435,0,-0.41611902481878127,1,-0.5505090149865879
dpctgan,"ClosestDistance(L_2, accuracy)",12435,1,-1.5028479141550677,0,-0.5505090149865879
dpctgan,"ClosestDistance(L_2, accuracy)",12435,0,-1.4449341570422027,0,-0.5505090149865879
dpctgan,"ClosestDistance(L_2, accuracy)",12435,1,-0.1387694193601568,1,-0.5505090149865879
dpctgan,"ClosestDistance(L_2, accuracy)",12435,0,-1.5742388579571907,0,-0.5505090149865879
dpctgan,"ClosestDistance(L_2, accuracy)",12435,1,-0.6966390915349014,0,-0.5505090149865879
dpctgan,"ClosestDistance(L_2, accuracy)",12435,0,-1.4193789832280428,0,-0.5505090149865879
dpctgan,"ClosestDistance(L_2, accuracy)",12435,1,-2.0232744720719746,0,-0.5505090149865879
dpctgan,"ClosestDistance(L_2, accuracy)",12435,0,-0.8596344733166933,0,-0.5505090149865879
dpctgan,"ClosestDistance(L_2, accuracy)",12435,1,-0.26869479790631906,1,-0.5505090149865879
dpctgan,"ClosestDistance(L_2, accuracy)",12435,0,-0.3982197740438687,1,-0.5505090149865879
dpctgan,"ClosestDistance(L_2, accuracy)",12435,1,-0.2660569254574231,1,-0.5505090149865879
dpctgan,"ClosestDistance(L_2, accuracy)",12435,0,-0.5086061596386963,1,-0.5505090149865879
dpctgan,"ClosestDistance(L_2, accuracy)",12435,1,-1.4923173419898923,0,-0.5505090149865879
dpctgan,"ClosestDistance(L_2, accuracy)",12435,0,-1.4516505444430263,0,-0.5505090149865879
dpctgan,"ClosestDistance(L_2, accuracy)",12435,1,-0.14637882812478634,1,-0.5505090149865879
dpctgan,"ClosestDistance(L_2, accuracy)",12435,0,-0.884880612485097,0,-0.5505090149865879
dpctgan,"ClosestDistance(L_2, accuracy)",12435,1,-0.5441340979200258,1,-0.5505090149865879
dpctgan,"ClosestDistance(L_2, accuracy)",12435,0,-0.6698917034729693,0,-0.5505090149865879
dpctgan,"ClosestDistance(L_2, accuracy)",12435,1,-0.9190569088467976,0,-0.5505090149865879
dpctgan,"ClosestDistance(L_2, accuracy)",12435,0,-1.455778040131555,0,-0.5505090149865879
dpctgan,"ClosestDistance(L_2, accuracy)",12435,1,-2.1282552915639465,0,-0.5505090149865879
dpctgan,"ClosestDistance(L_2, accuracy)",12435,0,-1.502039289709267,0,-0.5505090149865879
dpctgan,"ClosestDistance(L_2, accuracy)",12435,1,-1.5262041153589374,0,-0.5505090149865879
dpctgan,"ClosestDistance(L_2, accuracy)",12435,0,-0.04975906463171893,1,-0.5505090149865879
dpctgan,"ClosestDistance(L_2, accuracy)",12435,1,-1.4488642571650034,0,-0.5505090149865879
dpctgan,"ClosestDistance(L_2, accuracy)",12435,0,-1.5169324427386606,0,-0.5505090149865879
dpctgan,"ClosestDistance(L_2, accuracy)",12435,1,-1.462647667619559,0,-0.5505090149865879
dpctgan,"ClosestDistance(L_2, accuracy)",12435,0,-0.5725528262526098,0,-0.5505090149865879
dpctgan,"ClosestDistance(L_2, accuracy)",12435,1,-1.4191796799233745,0,-0.5505090149865879
dpctgan,"ClosestDistance(L_2, accuracy)",12435,0,-1.461986196989049,0,-0.5505090149865879
dpctgan,"ClosestDistance(L_2, accuracy)",12435,1,-0.6607688799902256,0,-0.5505090149865879
dpctgan,"ClosestDistance(L_2, accuracy)",12435,0,-1.448382374756871,0,-0.5505090149865879
dpctgan,"ClosestDistance(L_2, accuracy)",12435,1,-0.12514191824356247,1,-0.5505090149865879
dpctgan,"ClosestDistance(L_2, accuracy)",12435,0,-1.4456865456385406,0,-0.5505090149865879
dpctgan,"ClosestDistance(L_2, accuracy)",12435,1,-1.434455879285667,0,-0.5505090149865879
dpctgan,"ClosestDistance(L_2, accuracy)",12435,0,-1.426516772772128,0,-0.5505090149865879
dpctgan,"ClosestDistance(L_2, accuracy)",12435,1,-1.4640920539766271,0,-0.5505090149865879
dpctgan,"ClosestDistance(L_2, accuracy)",12435,0,-0.49615683000694977,1,-0.5505090149865879
dpctgan,"ClosestDistance(L_2, accuracy)",12435,1,-0.40093445541789074,1,-0.5505090149865879
dpctgan,"ClosestDistance(L_2, accuracy)",12435,0,-1.5266248792581458,0,-0.5505090149865879
dpctgan,"ClosestDistance(L_2, accuracy)",12435,1,-0.697856733078773,0,-0.5505090149865879
dpctgan,"ClosestDistance(L_2, accuracy)",12435,0,-1.4538716494874022,0,-0.5505090149865879
dpctgan,"ClosestDistance(L_2, accuracy)",12435,1,-1.4488032905316066,0,-0.5505090149865879
dpctgan,"ClosestDistance(L_2, accuracy)",12435,0,-1.4397185021168863,0,-0.5505090149865879
dpctgan,"ClosestDistance(L_2, accuracy)",12435,1,-0.4824341623205036,1,-0.5505090149865879
dpctgan,"ClosestDistance(L_2, accuracy)",12435,0,-0.27808602690902395,1,-0.5505090149865879
dpctgan,"ClosestDistance(L_2, accuracy)",12435,1,-1.4379873363436375,0,-0.5505090149865879
dpctgan,"ClosestDistance(L_2, accuracy)",12435,0,-0.5852627157068981,0,-0.5505090149865879
dpctgan,"ClosestDistance(L_2, accuracy)",12435,1,-1.4595318918563798,0,-0.5505090149865879
dpctgan,"ClosestDistance(L_2, accuracy)",12435,0,-0.18334195516792962,1,-0.5505090149865879
dpctgan,"ClosestDistance(L_2, accuracy)",12435,1,-1.5659326056453038,0,-0.5505090149865879
dpctgan,"ClosestDistance(L_2, accuracy)",12435,0,-2.0749373176145998,0,-0.5505090149865879
dpctgan,"ClosestDistance(L_2, accuracy)",12435,1,-1.4192068791613281,0,-0.5505090149865879
dpctgan,"ClosestDistance(L_2, accuracy)",12435,0,-1.416253732312717,0,-0.5505090149865879
dpctgan,"ClosestDistance(L_2, accuracy)",12435,1,-0.3233612854912314,1,-0.5505090149865879
dpctgan,"ClosestDistance(L_2, accuracy)",12435,0,-1.451608212204401,0,-0.5505090149865879
dpctgan,"ClosestDistance(L_2, accuracy)",12435,1,-0.5155009832021388,1,-0.5505090149865879
dpctgan,"ClosestDistance(L_2, accuracy)",12435,0,-0.3608715287044728,1,-0.5505090149865879
dpctgan,"ClosestDistance(L_2, accuracy)",12435,1,-1.4227236440966076,0,-0.5505090149865879
dpctgan,"ClosestDistance(L_2, accuracy)",12435,0,-0.21524257227450339,1,-0.5505090149865879
dpctgan,"ClosestDistance(L_2, accuracy)",12435,1,-0.04529824650144818,1,-0.5505090149865879
dpctgan,"ClosestDistance(L_2, accuracy)",12435,0,-1.5026117736462399,0,-0.5505090149865879
dpctgan,"ClosestDistance(L_2, accuracy)",12435,1,-0.48526142563821967,1,-0.5505090149865879
dpctgan,"ClosestDistance(L_2, accuracy)",12435,0,-0.6142376489773811,0,-0.5505090149865879
dpctgan,"ClosestDistance(L_2, accuracy)",12435,1,-1.798491842491933,0,-0.5505090149865879
dpctgan,"ClosestDistance(L_2, accuracy)",12435,0,-0.6680830025149469,0,-0.5505090149865879
dpctgan,"ClosestDistance(L_2, accuracy)",12435,1,-1.4458621819528872,0,-0.5505090149865879
dpctgan,"ClosestDistance(L_2, accuracy)",12435,0,-1.50032262345082,0,-0.5505090149865879
dpctgan,"ClosestDistance(L_2, accuracy)",12435,1,-0.4661143644002867,1,-0.5505090149865879
dpctgan,"ClosestDistance(L_2, accuracy)",12435,0,-0.7808100643708445,0,-0.5505090149865879
dpctgan,"ClosestDistance(L_2, accuracy)",12435,1,-1.4202798101587553,0,-0.5505090149865879
dpctgan,"ClosestDistance(L_2, accuracy)",12435,0,-1.4277558319274462,0,-0.5505090149865879
dpctgan,"ClosestDistance(L_2, accuracy)",12435,1,-2.0134078040856895,0,-0.5505090149865879
dpctgan,"ClosestDistance(L_2, accuracy)",12435,0,-1.441079414452414,0,-0.5505090149865879
dpctgan,"ClosestDistance(L_2, accuracy)",12435,1,-0.3616508147009162,1,-0.5505090149865879
dpctgan,"ClosestDistance(L_2, accuracy)",12435,0,-1.447905833408698,0,-0.5505090149865879
dpctgan,"ClosestDistance(L_2, accuracy)",12435,1,-1.4279543504586591,0,-0.5505090149865879
dpctgan,"ClosestDistance(L_2, accuracy)",12435,0,-1.4334946032234899,0,-0.5505090149865879
dpctgan,"ClosestDistance(L_2, accuracy)",12435,1,-1.4983358422710134,0,-0.5505090149865879
dpctgan,"ClosestDistance(L_2, accuracy)",12435,0,-0.7429579320072429,0,-0.5505090149865879
dpctgan,"ClosestDistance(L_2, accuracy)",12435,1,-1.5603089964607042,0,-0.5505090149865879
dpctgan,"ClosestDistance(L_2, accuracy)",12435,0,-0.467071436912917,1,-0.5505090149865879
dpctgan,"ClosestDistance(L_2, accuracy)",12435,1,-2.0234857028566595,0,-0.5505090149865879
dpctgan,"ClosestDistance(L_2, accuracy)",12435,0,-0.3747217753594301,1,-0.5505090149865879
dpctgan,"ClosestDistance(L_2, accuracy)",12435,1,-1.4397949889065607,0,-0.5505090149865879
dpctgan,"ClosestDistance(L_2, accuracy)",12435,0,-1.592304120034862,0,-0.5505090149865879
dpctgan,"ClosestDistance(L_2, accuracy)",12435,1,-1.425370951677019,0,-0.5505090149865879
dpctgan,"ClosestDistance(L_2, accuracy)",12435,0,-1.41870765656108,0,-0.5505090149865879
dpctgan,"ClosestDistance(L_2, accuracy)",12435,1,-1.4160747716811106,0,-0.5505090149865879
dpctgan,"ClosestDistance(L_2, accuracy)",12435,0,-1.4807333774931104,0,-0.5505090149865879
dpctgan,"ClosestDistance(L_2, accuracy)",12435,1,-0.12834247265385135,1,-0.5505090149865879
dpctgan,"ClosestDistance(L_2, accuracy)",12435,0,-0.2768229575081687,1,-0.5505090149865879
dpctgan,"ClosestDistance(L_2, accuracy)",12435,1,-0.1771789430672252,1,-0.5505090149865879
dpctgan,"ClosestDistance(L_2, accuracy)",12435,0,-2.0307035475585664,0,-0.5505090149865879
dpctgan,"ClosestDistance(L_2, accuracy)",12435,1,-1.4223350900711547,0,-0.5505090149865879
dpctgan,"ClosestDistance(L_2, accuracy)",12435,0,-1.4171521005513898,0,-0.5505090149865879
dpctgan,"ClosestDistance(L_2, accuracy)",12435,1,-0.7797964326354974,0,-0.5505090149865879
dpctgan,"ClosestDistance(L_2, accuracy)",12435,0,-1.5509246237008314,0,-0.5505090149865879
dpctgan,"ClosestDistance(L_2, accuracy)",12435,1,-1.4813441074473261,0,-0.5505090149865879
dpctgan,"ClosestDistance(L_2, accuracy)",12435,0,-1.4222773014394863,0,-0.5505090149865879
dpctgan,"ClosestDistance(L_2, accuracy)",12435,1,-2.101178310757022,0,-0.5505090149865879
dpctgan,"ClosestDistance(L_2, accuracy)",12435,0,-0.30222482359481273,1,-0.5505090149865879
dpctgan,"ClosestDistance(L_2, accuracy)",12435,1,-1.427621336792369,0,-0.5505090149865879
dpctgan,"ClosestDistance(L_2, accuracy)",12435,0,-1.437016449435653,0,-0.5505090149865879
dpctgan,"ClosestDistance(L_2, accuracy)",12435,1,-1.4328938004588543,0,-0.5505090149865879
dpctgan,"ClosestDistance(L_2, accuracy)",12435,0,-2.035056223518712,0,-0.5505090149865879
dpctgan,"ClosestDistance(L_2, accuracy)",12435,1,-0.2358658758042503,1,-0.5505090149865879
dpctgan,"ClosestDistance(L_2, accuracy)",12435,0,-1.5444814154441424,0,-0.5505090149865879
dpctgan,"ClosestDistance(L_2, accuracy)",12435,1,-2.022434014650794,0,-0.5505090149865879
dpctgan,"ClosestDistance(L_2, accuracy)",12435,0,-1.5290431660415034,0,-0.5505090149865879
dpctgan,"ClosestDistance(L_2, accuracy)",12435,1,-0.2742702296446229,1,-0.5505090149865879
dpctgan,"ClosestDistance(L_2, accuracy)",12435,0,-1.5577436815068262,0,-0.5505090149865879
dpctgan,"ClosestDistance(L_2, accuracy)",12435,1,-0.2649023157947257,1,-0.5505090149865879
dpctgan,"ClosestDistance(L_2, accuracy)",12435,0,-0.7807260761960048,0,-0.5505090149865879
dpctgan,"ClosestDistance(L_2, accuracy)",12435,1,-0.6211273551164813,0,-0.5505090149865879
dpctgan,"ClosestDistance(L_2, accuracy)",12435,0,-1.418025948240432,0,-0.5505090149865879
dpctgan,"ClosestDistance(L_2, accuracy)",12435,1,-1.5418897929310331,0,-0.5505090149865879
dpctgan,"ClosestDistance(L_2, accuracy)",12435,0,-0.3096621377164129,1,-0.5505090149865879
dpctgan,"ClosestDistance(L_2, accuracy)",12435,1,-1.4196834446939,0,-0.5505090149865879
dpctgan,"ClosestDistance(L_2, accuracy)",12435,0,-0.3061155608709371,1,-0.5505090149865879
dpctgan,"ClosestDistance(L_2, accuracy)",12435,1,-1.4743171326609985,0,-0.5505090149865879
dpctgan,"ClosestDistance(L_2, accuracy)",12435,0,-0.22603704229091517,1,-0.5505090149865879
dpctgan,"ClosestDistance(L_2, accuracy)",12435,1,-1.4156671087983421,0,-0.5505090149865879
dpctgan,"ClosestDistance(L_2, accuracy)",12435,0,-1.4308939123251827,0,-0.5505090149865879
dpctgan,"ClosestDistance(L_2, accuracy)",12435,1,-1.4218049728438067,0,-0.5505090149865879
dpctgan,"ClosestDistance(L_2, accuracy)",12435,0,-0.5437520866138793,1,-0.5505090149865879
dpctgan,"ClosestDistance(L_2, accuracy)",12435,1,-1.4197941175596895,0,-0.5505090149865879
dpctgan,"ClosestDistance(L_2, accuracy)",12435,0,-1.4186203492197997,0,-0.5505090149865879
dpctgan,"ClosestDistance(L_2, accuracy)",12435,1,-0.39031492096981546,1,-0.5505090149865879
dpctgan,"ClosestDistance(L_2, accuracy)",12435,0,-1.4582915508001033,0,-0.5505090149865879
dpctgan,"ClosestDistance(L_2, accuracy)",12435,1,-1.438733525688018,0,-0.5505090149865879
dpctgan,"ClosestDistance(L_2, accuracy)",12435,0,-0.7124626052044966,0,-0.5505090149865879
dpctgan,"ClosestDistance(L_2, accuracy)",12435,1,-0.3807317256950699,1,-0.5505090149865879
dpctgan,"ClosestDistance(L_2, accuracy)",12435,0,-1.5524053647322367,0,-0.5505090149865879
dpctgan,"ClosestDistance(L_2, accuracy)",12435,1,-0.8021921595356846,0,-0.5505090149865879
dpctgan,"ClosestDistance(L_2, accuracy)",12435,0,-0.7149968506262782,0,-0.5505090149865879
dpctgan,"ClosestDistance(L_2, accuracy)",12435,1,-0.18195619768466123,1,-0.5505090149865879
dpctgan,"ClosestDistance(L_2, accuracy)",12435,0,-0.29612986515562995,1,-0.5505090149865879
dpctgan,"ClosestDistance(L_2, accuracy)",12435,1,-1.5430722986690935,0,-0.5505090149865879
dpctgan,"ClosestDistance(L_2, accuracy)",12435,0,-0.49410091132207967,1,-0.5505090149865879
dpctgan,"ClosestDistance(L_2, accuracy)",12435,1,-1.42231709046168,0,-0.5505090149865879
dpctgan,"ClosestDistance(L_2, accuracy)",12435,0,-0.38234864601310564,1,-0.5505090149865879
dpctgan,"ClosestDistance(L_2, accuracy)",12435,1,-0.9861115639516188,0,-0.5505090149865879
dpctgan,"ClosestDistance(L_2, accuracy)",12435,0,-0.7132955919971409,0,-0.5505090149865879
dpctgan,"ClosestDistance(L_2, accuracy)",12435,1,-1.481322320358048,0,-0.5505090149865879
dpctgan,"ClosestDistance(L_2, accuracy)",12435,0,-0.26477501531415915,1,-0.5505090149865879
dpctgan,"ClosestDistance(L_2, accuracy)",12435,1,-1.4370723780832568,0,-0.5505090149865879
dpctgan,"ClosestDistance(L_2, accuracy)",12435,0,-0.053202756769042944,1,-0.5505090149865879
dpctgan,"ClosestDistance(L_2, accuracy)",12435,1,-0.5083128610004044,1,-0.5505090149865879
dpctgan,"ClosestDistance(L_2, accuracy)",12435,0,-1.4346506181900673,0,-0.5505090149865879
dpctgan,"ClosestDistance(L_2, accuracy)",12435,1,-1.551174749182543,0,-0.5505090149865879
dpctgan,"ClosestDistance(L_2, accuracy)",12435,0,-1.4724711423003631,0,-0.5505090149865879
dpctgan,"ClosestDistance(L_2, accuracy)",12435,1,-1.419579251112129,0,-0.5505090149865879
dpctgan,"ClosestDistance(L_2, accuracy)",12435,0,-0.35056464203981996,1,-0.5505090149865879
dpctgan,"ClosestDistance(L_2, accuracy)",12435,1,-1.4939573946087754,0,-0.5505090149865879
dpctgan,"ClosestDistance(L_2, accuracy)",12435,0,-0.7002786089594585,0,-0.5505090149865879
dpctgan,"ClosestDistance(L_2, accuracy)",12435,1,-0.4989977861222186,1,-0.5505090149865879
dpctgan,"ClosestDistance(L_2, accuracy)",12435,0,-1.1018761231855128,0,-0.5505090149865879
dpctgan,"ClosestDistance(L_2, accuracy)",12435,1,-0.2577595360940917,1,-0.5505090149865879
dpctgan,"ClosestDistance(L_2, accuracy)",12435,0,-0.4013579238514002,1,-0.5505090149865879
dpctgan,"ClosestDistance(L_2, accuracy)",12435,1,-0.5526133757096875,0,-0.5505090149865879
dpctgan,"ClosestDistance(L_2, accuracy)",12435,0,-2.1991087472128115,0,-0.5505090149865879
dpctgan,"ClosestDistance(L_2, accuracy)",12435,1,-0.7136914577969948,0,-0.5505090149865879
dpctgan,"ClosestDistance(L_2, accuracy)",12435,0,-0.941093381302024,0,-0.5505090149865879
dpctgan,"ClosestDistance(L_2, accuracy)",12435,1,-1.4501246769495737,0,-0.5505090149865879
dpctgan,"ClosestDistance(L_2, accuracy)",12435,0,-1.4272820462276568,0,-0.5505090149865879
dpctgan,"ClosestDistance(L_2, accuracy)",12435,1,-0.6547495740079221,0,-0.5505090149865879
dpctgan,"ClosestDistance(L_2, accuracy)",12435,0,-1.4289618314154742,0,-0.5505090149865879
dpctgan,"ClosestDistance(L_2, accuracy)",12435,1,-0.4955270382498863,1,-0.5505090149865879
dpctgan,"ClosestDistance(L_2, accuracy)",12435,0,-1.4216600058416196,0,-0.5505090149865879
dpctgan,"ClosestDistance(L_2, accuracy)",12435,1,-1.4278599553748699,0,-0.5505090149865879
dpctgan,"ClosestDistance(L_2, accuracy)",12435,0,-1.5498336424446901,0,-0.5505090149865879
dpctgan,"ClosestDistance(L_2, accuracy)",12435,1,-1.431758272369021,0,-0.5505090149865879
dpctgan,"ClosestDistance(L_2, accuracy)",12435,0,-1.492055062925592,0,-0.5505090149865879
dpctgan,"ClosestDistance(L_2, accuracy)",12435,1,-1.5302427149943123,0,-0.5505090149865879
dpctgan,"ClosestDistance(L_2, accuracy)",12435,0,-1.4217844178421475,0,-0.5505090149865879
dpctgan,"ClosestDistance(L_2, accuracy)",12435,1,-1.4751546863519558,0,-0.5505090149865879
dpctgan,"ClosestDistance(L_2, accuracy)",12435,0,-1.5106776421044343,0,-0.5505090149865879
dpctgan,"ClosestDistance(L_2, accuracy)",12435,1,-0.35519176907801653,1,-0.5505090149865879
dpctgan,"ClosestDistance(L_2, accuracy)",12435,0,-0.19982546731193734,1,-0.5505090149865879
dpctgan,"ClosestDistance(L_2, accuracy)",12435,1,-1.4540878853836234,0,-0.5505090149865879
dpctgan,"ClosestDistance(L_2, accuracy)",12435,0,-0.393981892624325,1,-0.5505090149865879
dpctgan,"ClosestDistance(L_2, accuracy)",12435,1,-1.4320271746766309,0,-0.5505090149865879
dpctgan,"ClosestDistance(L_2, accuracy)",12435,0,-0.18664146307967516,1,-0.5505090149865879
dpctgan,"ClosestDistance(L_2, accuracy)",12435,1,-0.9295780490758043,0,-0.5505090149865879
dpctgan,"ClosestDistance(L_2, accuracy)",12435,0,-1.522446005517616,0,-0.5505090149865879
dpctgan,"ClosestDistance(L_2, accuracy)",12435,1,-0.4918118488057805,1,-0.5505090149865879
dpctgan,"ClosestDistance(L_2, accuracy)",12435,0,-1.4299745829166273,0,-0.5505090149865879
dpctgan,"ClosestDistance(L_2, accuracy)",12435,1,-1.4796700403710603,0,-0.5505090149865879
dpctgan,"ClosestDistance(L_2, accuracy)",12435,0,-0.3288814834747347,1,-0.5505090149865879
dpctgan,"ClosestDistance(L_2, accuracy)",12435,1,-0.24028237836938518,1,-0.5505090149865879
dpctgan,"ClosestDistance(L_2, accuracy)",12435,0,-1.440988078001039,0,-0.5505090149865879
dpctgan,"ClosestDistance(L_2, accuracy)",12435,1,-2.181570656370071,0,-0.5505090149865879
dpctgan,"ClosestDistance(L_2, accuracy)",12435,0,-0.5446090558739964,1,-0.5505090149865879
dpctgan,"ClosestDistance(L_2, accuracy)",12435,1,-0.3632911817187312,1,-0.5505090149865879
dpctgan,"ClosestDistance(L_2, accuracy)",12435,0,-1.525241256433245,0,-0.5505090149865879
dpctgan,"ClosestDistance(L_2, accuracy)",12435,1,-1.6973298408252928,0,-0.5505090149865879
dpctgan,"ClosestDistance(L_2, accuracy)",12435,0,-0.20155068562988515,1,-0.5505090149865879
dpctgan,"ClosestDistance(L_2, accuracy)",12435,1,-1.5963421964321414,0,-0.5505090149865879
dpctgan,"ClosestDistance(L_2, accuracy)",12435,0,-0.18735522799111637,1,-0.5505090149865879
dpctgan,"ClosestDistance(L_2, accuracy)",12435,1,-0.5075449075484362,1,-0.5505090149865879
dpctgan,"ClosestDistance(L_2, accuracy)",12435,0,-0.4194614151784876,1,-0.5505090149865879
dpctgan,"ClosestDistance(L_2, accuracy)",12435,1,-0.3004853618826115,1,-0.5505090149865879
dpctgan,"ClosestDistance(L_2, accuracy)",12435,0,-1.7488105312083178,0,-0.5505090149865879
dpctgan,"ClosestDistance(L_2, accuracy)",12435,1,-1.4459129671816267,0,-0.5505090149865879
dpctgan,"ClosestDistance(L_2, accuracy)",12435,0,-0.20615053084701335,1,-0.5505090149865879
dpctgan,"ClosestDistance(L_2, accuracy)",12435,1,-0.24511146814318693,1,-0.5505090149865879
dpctgan,"ClosestDistance(L_2, accuracy)",12435,0,-0.2213299492996854,1,-0.5505090149865879
dpctgan,"ClosestDistance(L_2, accuracy)",12435,1,-0.1100723221948902,1,-0.5505090149865879
dpctgan,"ClosestDistance(L_2, accuracy)",12435,0,-1.5112123817776708,0,-0.5505090149865879
dpctgan,"ClosestDistance(L_2, accuracy)",12435,1,-0.26712059299552154,1,-0.5505090149865879
dpctgan,"ClosestDistance(L_2, accuracy)",12435,0,-0.34084635859648205,1,-0.5505090149865879
dpctgan,"ClosestDistance(L_2, accuracy)",12435,1,-0.9827279250735834,0,-0.5505090149865879
dpctgan,"ClosestDistance(L_2, accuracy)",12435,0,-1.4249457191322843,0,-0.5505090149865879
dpctgan,"ClosestDistance(L_2, accuracy)",12435,1,-1.5321846995932253,0,-0.5505090149865879
dpctgan,"ClosestDistance(L_2, accuracy)",12435,0,-1.4929055510298803,0,-0.5505090149865879
dpctgan,"ClosestDistance(L_2, accuracy)",12435,1,-1.5449088942615172,0,-0.5505090149865879
dpctgan,"ClosestDistance(L_2, accuracy)",12435,0,-1.4324796060510638,0,-0.5505090149865879
dpctgan,"ClosestDistance(L_2, accuracy)",12435,1,-0.7920674782311788,0,-0.5505090149865879
dpctgan,"ClosestDistance(L_2, accuracy)",12435,0,-1.42666183514472,0,-0.5505090149865879
dpctgan,"ClosestDistance(L_2, accuracy)",12435,1,-0.3139764435120018,1,-0.5505090149865879
dpctgan,"ClosestDistance(L_2, accuracy)",12435,0,-1.419800176834372,0,-0.5505090149865879
dpctgan,"ClosestDistance(L_2, accuracy)",12435,1,-1.4207063188075777,0,-0.5505090149865879
dpctgan,"ClosestDistance(L_2, accuracy)",12435,0,-0.606782585838094,0,-0.5505090149865879
dpctgan,"ClosestDistance(L_2, accuracy)",12435,1,-1.555497123153627,0,-0.5505090149865879
dpctgan,"ClosestDistance(L_2, accuracy)",12435,0,-1.4381324202801662,0,-0.5505090149865879
dpctgan,"ClosestDistance(L_2, accuracy)",12435,1,-1.4468757257154357,0,-0.5505090149865879
dpctgan,"ClosestDistance(L_2, accuracy)",12435,0,-1.4892228109408574,0,-0.5505090149865879
dpctgan,"ClosestDistance(L_2, accuracy)",12435,1,-1.4367007529283593,0,-0.5505090149865879
dpctgan,"ClosestDistance(L_2, accuracy)",12435,0,-1.544974584321156,0,-0.5505090149865879
dpctgan,"ClosestDistance(L_2, accuracy)",12435,1,-1.4769644449922847,0,-0.5505090149865879
dpctgan,"ClosestDistance(L_2, accuracy)",12435,0,-2.027489917698356,0,-0.5505090149865879
dpctgan,"ClosestDistance(L_2, accuracy)",12435,1,-0.26618503462166887,1,-0.5505090149865879
dpctgan,"ClosestDistance(L_2, accuracy)",12435,0,-0.23052364064515427,1,-0.5505090149865879
dpctgan,"ClosestDistance(L_2, accuracy)",12435,1,-2.03640428248578,0,-0.5505090149865879
dpctgan,"ClosestDistance(L_2, accuracy)",12435,0,-0.4235309464813924,1,-0.5505090149865879
dpctgan,"ClosestDistance(L_2, accuracy)",12435,1,-1.4264251912399608,0,-0.5505090149865879
dpctgan,"ClosestDistance(L_2, accuracy)",12435,0,-1.4318819940915237,0,-0.5505090149865879
dpctgan,"ClosestDistance(L_2, accuracy)",12435,1,-1.5007928071514127,0,-0.5505090149865879
dpctgan,"ClosestDistance(L_2, accuracy)",12435,0,-2.0345080641450166,0,-0.5505090149865879
dpctgan,"ClosestDistance(L_2, accuracy)",12435,1,-1.5439177457462108,0,-0.5505090149865879
dpctgan,"ClosestDistance(L_2, accuracy)",12435,0,-1.6108414835918945,0,-0.5505090149865879
dpctgan,"ClosestDistance(L_2, accuracy)",12435,1,-1.438643345630651,0,-0.5505090149865879
dpctgan,"ClosestDistance(L_2, accuracy)",12435,0,-1.4331184705901527,0,-0.5505090149865879
dpctgan,"ClosestDistance(L_2, accuracy)",12435,1,-1.4575284790739562,0,-0.5505090149865879
dpctgan,"ClosestDistance(L_2, accuracy)",12435,0,-1.4302931798381116,0,-0.5505090149865879
dpctgan,"ClosestDistance(L_2, accuracy)",12435,1,-0.8069144811384178,0,-0.5505090149865879
dpctgan,"ClosestDistance(L_2, accuracy)",12435,0,-0.7127501485763031,0,-0.5505090149865879
dpctgan,"ClosestDistance(L_2, accuracy)",12435,1,-1.4190477957153704,0,-0.5505090149865879
dpctgan,"ClosestDistance(L_2, accuracy)",12435,0,-1.4699729216261337,0,-0.5505090149865879
dpctgan,"ClosestDistance(L_2, accuracy)",12435,1,-1.0520943003086076,0,-0.5505090149865879
dpctgan,"ClosestDistance(L_2, accuracy)",12435,0,-0.2742781165794904,1,-0.5505090149865879
dpctgan,"ClosestDistance(L_2, accuracy)",12435,1,-2.0906895596468953,0,-0.5505090149865879
dpctgan,"ClosestDistance(L_2, accuracy)",12435,0,-0.39760920117015375,1,-0.5505090149865879
dpctgan,"ClosestDistance(L_2, accuracy)",12435,1,-0.03467710096970402,1,-0.5505090149865879
dpctgan,"ClosestDistance(L_2, accuracy)",12435,0,-1.4214153830370855,0,-0.5505090149865879
dpctgan,"ClosestDistance(L_2, accuracy)",12435,1,-0.21781340698374016,1,-0.5505090149865879
dpctgan,"ClosestDistance(L_2, accuracy)",12435,0,-0.23865670451730073,1,-0.5505090149865879
dpctgan,"ClosestDistance(L_2, accuracy)",12435,1,-0.0962464731099973,1,-0.5505090149865879
dpctgan,"ClosestDistance(L_2, accuracy)",12435,0,-0.21304414489561296,1,-0.5505090149865879
dpctgan,"ClosestDistance(L_2, accuracy)",12435,1,-1.4626592655356505,0,-0.5505090149865879
dpctgan,"ClosestDistance(L_2, accuracy)",12435,0,-0.5774427666098914,0,-0.5505090149865879
dpctgan,"ClosestDistance(L_2, accuracy)",12435,1,-0.4075555944369094,1,-0.5505090149865879
dpctgan,"ClosestDistance(L_2, accuracy)",12435,0,-0.7079153120125782,0,-0.5505090149865879
dpctgan,"ClosestDistance(L_2, accuracy)",12435,1,-1.472199493104105,0,-0.5505090149865879
dpctgan,"ClosestDistance(L_2, accuracy)",12435,0,-1.4198274151609713,0,-0.5505090149865879
dpctgan,"ClosestDistance(L_2, accuracy)",12435,1,-1.4270983443676188,0,-0.5505090149865879
dpctgan,"ClosestDistance(L_2, accuracy)",12435,0,-2.0237005107253543,0,-0.5505090149865879
dpctgan,"ClosestDistance(L_2, accuracy)",12435,1,-0.2642706999272508,1,-0.5505090149865879
dpctgan,"ClosestDistance(L_2, accuracy)",12435,0,-1.4163361119228075,0,-0.5505090149865879
dpctgan,"ClosestDistance(L_2, accuracy)",12435,1,-1.446687354980297,0,-0.5505090149865879
dpctgan,"ClosestDistance(L_2, accuracy)",12435,0,-1.4692141517784,0,-0.5505090149865879
dpctgan,"ClosestDistance(L_2, accuracy)",12435,1,-2.012280866898298,0,-0.5505090149865879
dpctgan,"ClosestDistance(L_2, accuracy)",12435,0,-1.4516376280250853,0,-0.5505090149865879
dpctgan,"ClosestDistance(L_2, accuracy)",12435,1,-0.5018890441512521,1,-0.5505090149865879
dpctgan,"ClosestDistance(L_2, accuracy)",12435,0,-1.4344202974316913,0,-0.5505090149865879
dpctgan,"ClosestDistance(L_2, accuracy)",12435,1,-0.8124666299292969,0,-0.5505090149865879
dpctgan,"ClosestDistance(L_2, accuracy)",12435,0,-1.501078247728947,0,-0.5505090149865879
dpctgan,"ClosestDistance(L_2, accuracy)",12435,1,-2.0094267606436778,0,-0.5505090149865879
dpctgan,"ClosestDistance(L_2, accuracy)",12435,0,-0.2978108567002192,1,-0.5505090149865879
dpctgan,"ClosestDistance(L_2, accuracy)",12435,1,-2.0536450441993135,0,-0.5505090149865879
dpctgan,"ClosestDistance(L_2, accuracy)",12435,0,-1.459725835964886,0,-0.5505090149865879
dpctgan,"ClosestDistance(L_2, accuracy)",12435,1,-1.5617437301238455,0,-0.5505090149865879
dpctgan,"ClosestDistance(L_2, accuracy)",12435,0,-0.2968947472298735,1,-0.5505090149865879
dpctgan,"ClosestDistance(L_2, accuracy)",12435,1,-0.18829105279676817,1,-0.5505090149865879
dpctgan,"ClosestDistance(L_2, accuracy)",12435,0,-0.24580820580282287,1,-0.5505090149865879
dpctgan,"ClosestDistance(L_2, accuracy)",12435,1,-1.4242749800156138,0,-0.5505090149865879
dpctgan,"ClosestDistance(L_2, accuracy)",12435,0,-1.472279286932755,0,-0.5505090149865879
dpctgan,"ClosestDistance(L_2, accuracy)",12435,1,-1.4174028826170175,0,-0.5505090149865879
dpctgan,"ClosestDistance(L_2, accuracy)",12435,0,-0.2932899755342332,1,-0.5505090149865879
dpctgan,"ClosestDistance(L_2, accuracy)",12435,1,-0.28522273351877964,1,-0.5505090149865879
dpctgan,"ClosestDistance(L_2, accuracy)",12435,0,-0.29982893993925636,1,-0.5505090149865879
dpctgan,"ClosestDistance(L_2, accuracy)",12435,1,-1.4328307454227205,0,-0.5505090149865879
dpctgan,"ClosestDistance(L_2, accuracy)",12435,0,-1.4245791780014614,0,-0.5505090149865879
dpctgan,"ClosestDistance(L_2, accuracy)",12435,1,-0.6194952398391557,0,-0.5505090149865879
dpctgan,"ClosestDistance(L_2, accuracy)",12435,0,-1.4317087306307597,0,-0.5505090149865879
dpctgan,"ClosestDistance(L_2, accuracy)",12435,1,-0.4491201224075696,1,-0.5505090149865879
dpctgan,"ClosestDistance(L_2, accuracy)",12435,0,-1.4408261820556085,0,-0.5505090149865879
dpctgan,"ClosestDistance(L_2, accuracy)",12435,1,-1.4331056663860398,0,-0.5505090149865879
dpctgan,"ClosestDistance(L_2, accuracy)",12435,0,-1.4416103653400651,0,-0.5505090149865879
dpctgan,"ClosestDistance(L_2, accuracy)",12435,1,-1.4195582275482501,0,-0.5505090149865879
dpctgan,"ClosestDistance(L_2, accuracy)",12435,0,-1.4256434081657579,0,-0.5505090149865879
dpctgan,"ClosestDistance(L_2, accuracy)",12435,1,-1.4599511900625917,0,-0.5505090149865879
dpctgan,"ClosestDistance(L_2, accuracy)",12435,0,-0.062240322322897286,1,-0.5505090149865879
dpctgan,"ClosestDistance(L_2, accuracy)",12435,1,-0.2968835803478505,1,-0.5505090149865879
dpctgan,"ClosestDistance(L_2, accuracy)",12435,0,-0.3365537497962179,1,-0.5505090149865879
dpctgan,"ClosestDistance(L_2, accuracy)",12435,1,-0.1102427761500788,1,-0.5505090149865879
dpctgan,"ClosestDistance(L_2, accuracy)",12435,0,-2.046618278308795,0,-0.5505090149865879
dpctgan,"ClosestDistance(L_2, accuracy)",12435,1,-0.6510683340593065,0,-0.5505090149865879
dpctgan,"ClosestDistance(L_2, accuracy)",12435,0,-1.425384393552486,0,-0.5505090149865879
dpctgan,"ClosestDistance(L_2, accuracy)",12435,1,-1.4568657013226105,0,-0.5505090149865879
dpctgan,"ClosestDistance(L_2, accuracy)",12435,0,-1.4570418068207684,0,-0.5505090149865879
dpctgan,"ClosestDistance(L_2, accuracy)",12435,1,-1.5130434645698374,0,-0.5505090149865879
dpctgan,"ClosestDistance(L_2, accuracy)",12435,0,-1.4319419334035453,0,-0.5505090149865879
dpctgan,"ClosestDistance(L_2, accuracy)",12435,1,-0.9104157373291953,0,-0.5505090149865879
dpctgan,"ClosestDistance(L_2, accuracy)",12435,0,-1.4176610876110454,0,-0.5505090149865879
dpctgan,"ClosestDistance(L_2, accuracy)",12435,1,-1.6297678342142758,0,-0.5505090149865879
dpctgan,"ClosestDistance(L_2, accuracy)",12435,0,-1.491982658040877,0,-0.5505090149865879
dpctgan,"ClosestDistance(L_2, accuracy)",12435,1,-0.25887984368579003,1,-0.5505090149865879
dpctgan,"ClosestDistance(L_2, accuracy)",12435,0,-0.6438829338519477,0,-0.5505090149865879
dpctgan,"ClosestDistance(L_2, accuracy)",12435,1,-1.4209999769995054,0,-0.5505090149865879
dpctgan,"ClosestDistance(L_2, accuracy)",12435,0,-1.4182992056356059,0,-0.5505090149865879
dpctgan,"ClosestDistance(L_2, accuracy)",12435,1,-1.4912810169281294,0,-0.5505090149865879
dpctgan,"ClosestDistance(L_2, accuracy)",12435,0,-1.4400470668619418,0,-0.5505090149865879
dpctgan,"ClosestDistance(L_2, accuracy)",12435,1,-0.5154977970352983,1,-0.5505090149865879
dpctgan,"ClosestDistance(L_2, accuracy)",12435,0,-0.11729842311413383,1,-0.5505090149865879
dpctgan,"ClosestDistance(L_2, accuracy)",12435,1,-1.4893707870360138,0,-0.5505090149865879
dpctgan,"ClosestDistance(L_2, accuracy)",12435,0,-0.4143180422798223,1,-0.5505090149865879
dpctgan,"ClosestDistance(L_2, accuracy)",12435,1,-1.6291702974084403,0,-0.5505090149865879
dpctgan,"ClosestDistance(L_2, accuracy)",12435,0,-1.442357752512448,0,-0.5505090149865879
dpctgan,"ClosestDistance(L_2, accuracy)",12435,1,-0.17214140669605546,1,-0.5505090149865879
dpctgan,"ClosestDistance(L_2, accuracy)",12435,0,-0.32442904593990035,1,-0.5505090149865879
dpctgan,"ClosestDistance(L_2, accuracy)",12435,1,-1.467096159179112,0,-0.5505090149865879
dpctgan,"ClosestDistance(L_2, accuracy)",12435,0,-0.1209176349281486,1,-0.5505090149865879
dpctgan,"ClosestDistance(L_2, accuracy)",12435,1,-0.7061677076688743,0,-0.5505090149865879
dpctgan,"ClosestDistance(L_2, accuracy)",12435,0,-0.27631963755570715,1,-0.5505090149865879
dpctgan,"ClosestDistance(L_2, accuracy)",12435,1,-1.6190077524049207,0,-0.5505090149865879
dpctgan,"ClosestDistance(L_2, accuracy)",12435,0,-2.0055174199777994,0,-0.5505090149865879
dpctgan,"ClosestDistance(L_2, accuracy)",12435,1,-1.4437298582146578,0,-0.5505090149865879
dpctgan,"ClosestDistance(L_2, accuracy)",12435,0,-1.454815852460819,0,-0.5505090149865879
dpctgan,"ClosestDistance(L_2, accuracy)",12435,1,-1.4340598655332095,0,-0.5505090149865879
dpctgan,"ClosestDistance(L_2, accuracy)",12435,0,-1.4266271554386958,0,-0.5505090149865879
dpctgan,"ClosestDistance(L_2, accuracy)",12435,1,-0.2388497226161094,1,-0.5505090149865879
dpctgan,"ClosestDistance(L_2, accuracy)",12435,0,-0.14942722142828166,1,-0.5505090149865879
dpctgan,"ClosestDistance(L_2, accuracy)",12435,1,-0.5018915748460353,1,-0.5505090149865879
dpctgan,"ClosestDistance(L_2, accuracy)",12435,0,-0.381437433013067,1,-0.5505090149865879
dpctgan,"ClosestDistance(L_2, accuracy)",12435,1,-1.4225107632115406,0,-0.5505090149865879
dpctgan,"ClosestDistance(L_2, accuracy)",12435,0,-1.4467107809433635,0,-0.5505090149865879
dpctgan,"ClosestDistance(L_2, accuracy)",12435,1,-1.4569689105050347,0,-0.5505090149865879
dpctgan,"ClosestDistance(L_2, accuracy)",12435,0,-1.4326742703429622,0,-0.5505090149865879
dpctgan,"ClosestDistance(L_2, accuracy)",12435,1,-1.420080528319165,0,-0.5505090149865879
dpctgan,"ClosestDistance(L_2, accuracy)",12435,0,-1.449376546904534,0,-0.5505090149865879
dpctgan,"ClosestDistance(L_2, accuracy)",12435,1,-0.29003053642916565,1,-0.5505090149865879
dpctgan,"ClosestDistance(L_2, accuracy)",12435,0,-1.4442885531048502,0,-0.5505090149865879
dpctgan,"ClosestDistance(L_2, accuracy)",12435,1,-1.4493899906428782,0,-0.5505090149865879
dpctgan,"ClosestDistance(L_2, accuracy)",12435,0,-1.087647678778698,0,-0.5505090149865879
dpctgan,"ClosestDistance(L_2, accuracy)",12435,1,-0.6103806078589799,0,-0.5505090149865879
dpctgan,"ClosestDistance(L_2, accuracy)",12435,0,-0.18554817519796704,1,-0.5505090149865879
dpctgan,"ClosestDistance(L_2, accuracy)",12435,1,-0.7407792121270238,0,-0.5505090149865879
dpctgan,"ClosestDistance(L_2, accuracy)",12435,0,-0.2710539934447838,1,-0.5505090149865879
dpctgan,"ClosestDistance(L_2, accuracy)",12435,1,-0.32350108039470044,1,-0.5505090149865879
dpctgan,"ClosestDistance(L_2, accuracy)",12435,0,-1.4375449173077632,0,-0.5505090149865879
dpctgan,"ClosestDistance(L_2, accuracy)",12435,1,-0.8529098356917324,0,-0.5505090149865879
dpctgan,"ClosestDistance(L_2, accuracy)",12435,0,-1.4273074622412694,0,-0.5505090149865879
dpctgan,"ClosestDistance(L_2, accuracy)",12435,1,-1.4548848100584637,0,-0.5505090149865879
dpctgan,"ClosestDistance(L_2, accuracy)",12435,0,-0.6815990003041624,0,-0.5505090149865879
dpctgan,"ClosestDistance(L_2, accuracy)",12435,1,-1.4654376908388356,0,-0.5505090149865879
dpctgan,"ClosestDistance(L_2, accuracy)",12435,0,-1.4543459727004826,0,-0.5505090149865879
dpctgan,"ClosestDistance(L_2, accuracy)",12435,1,-1.4978595838326465,0,-0.5505090149865879
dpctgan,"ClosestDistance(L_2, accuracy)",12435,0,-1.4568900792657775,0,-0.5505090149865879
dpctgan,"ClosestDistance(L_2, accuracy)",12435,1,-1.4516963778676084,0,-0.5505090149865879
dpctgan,"ClosestDistance(L_2, accuracy)",12435,0,-1.4175273006765867,0,-0.5505090149865879
dpctgan,"ClosestDistance(L_2, accuracy)",12435,1,-0.37931432947795124,1,-0.5505090149865879
dpctgan,"ClosestDistance(L_2, accuracy)",12435,0,-1.459173731475991,0,-0.5505090149865879
dpctgan,"ClosestDistance(L_2, accuracy)",12435,1,-0.35375219845137656,1,-0.5505090149865879
dpctgan,"ClosestDistance(L_2, accuracy)",12435,0,-1.4197561101237022,0,-0.5505090149865879
dpctgan,"ClosestDistance(L_2, accuracy)",12435,1,-0.27089671632591356,1,-0.5505090149865879
dpctgan,"ClosestDistance(L_2, accuracy)",12435,0,-1.4313176613152676,0,-0.5505090149865879
dpctgan,"ClosestDistance(L_2, accuracy)",12435,1,-0.34817786276369306,1,-0.5505090149865879
dpctgan,"ClosestDistance(L_2, accuracy)",12435,0,-1.424536100413503,0,-0.5505090149865879
dpctgan,"ClosestDistance(L_2, accuracy)",12435,1,-0.7320747985307371,0,-0.5505090149865879
dpctgan,"ClosestDistance(L_2, accuracy)",12435,0,-0.22868904948310165,1,-0.5505090149865879
dpctgan,"ClosestDistance(L_2, accuracy)",12435,1,-1.4395594409006405,0,-0.5505090149865879
dpctgan,"ClosestDistance(L_2, accuracy)",12435,0,-1.7152760562803464,0,-0.5505090149865879
dpctgan,"ClosestDistance(L_2, accuracy)",12435,1,-0.7914438415535934,0,-0.5505090149865879
dpctgan,"ClosestDistance(L_2, accuracy)",12435,0,-1.4168056885781122,0,-0.5505090149865879
dpctgan,"ClosestDistance(L_2, accuracy)",12435,1,-0.42452153224734485,1,-0.5505090149865879
dpctgan,"ClosestDistance(L_2, accuracy)",12435,0,-0.38467134348103765,1,-0.5505090149865879
dpctgan,"ClosestDistance(L_2, accuracy)",12435,1,-1.445322208904107,0,-0.5505090149865879
dpctgan,"ClosestDistance(L_2, accuracy)",12435,0,-0.09331517234200201,1,-0.5505090149865879
dpctgan,"ClosestDistance(L_2, accuracy)",12435,1,-1.5969604600130167,0,-0.5505090149865879
dpctgan,"ClosestDistance(L_2, accuracy)",12435,0,-0.6210031400144833,0,-0.5505090149865879
dpctgan,"ClosestDistance(L_2, accuracy)",12435,1,-0.3370856741010236,1,-0.5505090149865879
dpctgan,"ClosestDistance(L_2, accuracy)",12435,0,-0.4687640463758164,1,-0.5505090149865879
