generator,attack,target_id,ground_truth,raw_score,binary_prediction,threshold
dpgan,Groundhog,12435,1,0.48,0,0.5
dpgan,Groundhog,12435,0,0.37,0,0.5
dpgan,Groundhog,12435,1,0.55,1,0.5
dpgan,Groundhog,12435,0,0.37,0,0.5
dpgan,Groundhog,12435,1,0.56,1,0.5
dpgan,Groundhog,12435,0,0.42,0,0.5
dpgan,Groundhog,12435,1,0.58,1,0.5
dpgan,Groundhog,12435,0,0.47,0,0.5
dpgan,Groundhog,12435,1,0.57,1,0.5
dpgan,Groundhog,12435,0,0.53,1,0.5
dpgan,Groundhog,12435,1,0.72,1,0.5
dpgan,Groundhog,12435,0,0.46,0,0.5
dpgan,Groundhog,12435,1,0.56,1,0.5
dpgan,Groundhog,12435,0,0.25,0,0.5
dpgan,Groundhog,12435,1,0.56,1,0.5
dpgan,Groundhog,12435,0,0.45,0,0.5
dpgan,Groundhog,12435,1,0.49,0,0.5
dpgan,Groundhog,12435,0,0.48,0,0.5
dpgan,Groundhog,12435,1,0.47,0,0.5
dpgan,Groundhog,12435,0,0.51,1,0.5
dpgan,Groundhog,12435,1,0.7,1,0.5
dpgan,Groundhog,12435,0,0.38,0,0.5
dpgan,Groundhog,12435,1,0.46,0,0.5
dpgan,Groundhog,12435,0,0.49,0,0.5
dpgan,Groundhog,12435,1,0.28,0,0.5
dpgan,Groundhog,12435,0,0.46,0,0.5
dpgan,Groundhog,12435,1,0.6,1,0.5
dpgan,Groundhog,12435,0,0.52,1,0.5
dpgan,Groundhog,12435,1,0.58,1,0.5
dpgan,Groundhog,12435,0,0.33,0,0.5
dpgan,Groundhog,12435,1,0.64,1,0.5
dpgan,Groundhog,12435,0,0.47,0,0.5
dpgan,Groundhog,12435,1,0.63,1,0.5
dpgan,Groundhog,12435,0,0.44,0,0.5
dpgan,Groundhog,12435,1,0.46,0,0.5
dpgan,Groundhog,12435,0,0.46,0,0.5
dpgan,Groundhog,12435,1,0.63,1,0.5
dpgan,Groundhog,12435,0,0.28,0,0.5
dpgan,Groundhog,12435,1,0.4,0,0.5
dpgan,Groundhog,12435,0,0.59,1,0.5
dpgan,Groundhog,12435,1,0.52,1,0.5
dpgan,Groundhog,12435,0,0.53,1,0.5
dpgan,Groundhog,12435,1,0.62,1,0.5
dpgan,Groundhog,12435,0,0.18,0,0.5
dpgan,Groundhog,12435,1,0.61,1,0.5
dpgan,Groundhog,12435,0,0.31,0,0.5
dpgan,Groundhog,12435,1,0.57,1,0.5
dpgan,Groundhog,12435,0,0.26,0,0.5
dpgan,Groundhog,12435,1,0.49,0,0.5
dpgan,Groundhog,12435,0,0.59,1,0.5
dpgan,Groundhog,12435,1,0.6,1,0.5
dpgan,Groundhog,12435,0,0.47,0,0.5
dpgan,Groundhog,12435,1,0.65,1,0.5
dpgan,Groundhog,12435,0,0.49,0,0.5
dpgan,Groundhog,12435,1,0.55,1,0.5
dpgan,Groundhog,12435,0,0.39,0,0.5
dpgan,Groundhog,12435,1,0.63,1,0.5
dpgan,Groundhog,12435,0,0.48,0,0.5
dpgan,Groundhog,12435,1,0.61,1,0.5
dpgan,Groundhog,12435,0,0.56,1,0.5
dpgan,Groundhog,12435,1,0.57,1,0.5
dpgan,Groundhog,12435,0,0.44,0,0.5
dpgan,Groundhog,12435,1,0.47,0,0.5
dpgan,Groundhog,12435,0,0.38,0,0.5
dpgan,Groundhog,12435,1,0.51,1,0.5
dpgan,Groundhog,12435,0,0.56,1,0.5
dpgan,Groundhog,12435,1,0.7,1,0.5
dpgan,Groundhog,12435,0,0.41,0,0.5
dpgan,Groundhog,12435,1,0.7,1,0.5
dpgan,Groundhog,12435,0,0.33,0,0.5
dpgan,Groundhog,12435,1,0.43,0,0.5
dpgan,Groundhog,12435,0,0.5,0,0.5
dpgan,Groundhog,12435,1,0.55,1,0.5
dpgan,Groundhog,12435,0,0.49,0,0.5
dpgan,Groundhog,12435,1,0.77,1,0.5
dpgan,Groundhog,12435,0,0.43,0,0.5
dpgan,Groundhog,12435,1,0.42,0,0.5
dpgan,Groundhog,12435,0,0.29,0,0.5
dpgan,Groundhog,12435,1,0.44,0,0.5
dpgan,Groundhog,12435,0,0.45,0,0.5
dpgan,Groundhog,12435,1,0.6,1,0.5
dpgan,Groundhog,12435,0,0.37,0,0.5
dpgan,Groundhog,12435,1,0.6,1,0.5
dpgan,Groundhog,12435,0,0.4,0,0.5
dpgan,Groundhog,12435,1,0.52,1,0.5
dpgan,Groundhog,12435,0,0.36,0,0.5
dpgan,Groundhog,12435,1,0.49,0,0.5
dpgan,Groundhog,12435,0,0.37,0,0.5
dpgan,Groundhog,12435,1,0.54,1,0.5
dpgan,Groundhog,12435,0,0.54,1,0.5
dpgan,Groundhog,12435,1,0.46,0,0.5
dpgan,Groundhog,12435,0,0.67,1,0.5
dpgan,Groundhog,12435,1,0.55,1,0.5
dpgan,Groundhog,12435,0,0.36,0,0.5
dpgan,Groundhog,12435,1,0.65,1,0.5
dpgan,Groundhog,12435,0,0.53,1,0.5
dpgan,Groundhog,12435,1,0.59,1,0.5
dpgan,Groundhog,12435,0,0.44,0,0.5
dpgan,Groundhog,12435,1,0.47,0,0.5
dpgan,Groundhog,12435,0,0.33,0,0.5
dpgan,Groundhog,12435,1,0.71,1,0.5
dpgan,Groundhog,12435,0,0.49,0,0.5
dpgan,Groundhog,12435,1,0.41,0,0.5
dpgan,Groundhog,12435,0,0.6,1,0.5
dpgan,Groundhog,12435,1,0.64,1,0.5
dpgan,Groundhog,12435,0,0.4,0,0.5
dpgan,Groundhog,12435,1,0.64,1,0.5
dpgan,Groundhog,12435,0,0.6,1,0.5
dpgan,Groundhog,12435,1,0.56,1,0.5
dpgan,Groundhog,12435,0,0.41,0,0.5
dpgan,Groundhog,12435,1,0.53,1,0.5
dpgan,Groundhog,12435,0,0.41,0,0.5
dpgan,Groundhog,12435,1,0.63,1,0.5
dpgan,Groundhog,12435,0,0.52,1,0.5
dpgan,Groundhog,12435,1,0.46,0,0.5
dpgan,Groundhog,12435,0,0.45,0,0.5
dpgan,Groundhog,12435,1,0.66,1,0.5
dpgan,Groundhog,12435,0,0.31,0,0.5
dpgan,Groundhog,12435,1,0.54,1,0.5
dpgan,Groundhog,12435,0,0.48,0,0.5
dpgan,Groundhog,12435,1,0.68,1,0.5
dpgan,Groundhog,12435,0,0.45,0,0.5
dpgan,Groundhog,12435,1,0.57,1,0.5
dpgan,Groundhog,12435,0,0.54,1,0.5
dpgan,Groundhog,12435,1,0.51,1,0.5
dpgan,Groundhog,12435,0,0.56,1,0.5
dpgan,Groundhog,12435,1,0.52,1,0.5
dpgan,Groundhog,12435,0,0.29,0,0.5
dpgan,Groundhog,12435,1,0.69,1,0.5
dpgan,Groundhog,12435,0,0.47,0,0.5
dpgan,Groundhog,12435,1,0.47,0,0.5
dpgan,Groundhog,12435,0,0.5,0,0.5
dpgan,Groundhog,12435,1,0.56,1,0.5
dpgan,Groundhog,12435,0,0.47,0,0.5
dpgan,Groundhog,12435,1,0.59,1,0.5
dpgan,Groundhog,12435,0,0.37,0,0.5
dpgan,Groundhog,12435,1,0.66,1,0.5
dpgan,Groundhog,12435,0,0.48,0,0.5
dpgan,Groundhog,12435,1,0.66,1,0.5
dpgan,Groundhog,12435,0,0.43,0,0.5
dpgan,Groundhog,12435,1,0.6,1,0.5
dpgan,Groundhog,12435,0,0.37,0,0.5
dpgan,Groundhog,12435,1,0.67,1,0.5
dpgan,Groundhog,12435,0,0.57,1,0.5
dpgan,Groundhog,12435,1,0.66,1,0.5
dpgan,Groundhog,12435,0,0.5,0,0.5
dpgan,Groundhog,12435,1,0.67,1,0.5
dpgan,Groundhog,12435,0,0.34,0,0.5
dpgan,Groundhog,12435,1,0.52,1,0.5
dpgan,Groundhog,12435,0,0.29,0,0.5
dpgan,Groundhog,12435,1,0.55,1,0.5
dpgan,Groundhog,12435,0,0.52,1,0.5
dpgan,Groundhog,12435,1,0.58,1,0.5
dpgan,Groundhog,12435,0,0.46,0,0.5
dpgan,Groundhog,12435,1,0.46,0,0.5
dpgan,Groundhog,12435,0,0.39,0,0.5
dpgan,Groundhog,12435,1,0.52,1,0.5
dpgan,Groundhog,12435,0,0.52,1,0.5
dpgan,Groundhog,12435,1,0.49,0,0.5
dpgan,Groundhog,12435,0,0.42,0,0.5
dpgan,Groundhog,12435,1,0.57,1,0.5
dpgan,Groundhog,12435,0,0.4,0,0.5
dpgan,Groundhog,12435,1,0.44,0,0.5
dpgan,Groundhog,12435,0,0.55,1,0.5
dpgan,Groundhog,12435,1,0.49,0,0.5
dpgan,Groundhog,12435,0,0.41,0,0.5
dpgan,Groundhog,12435,1,0.4,0,0.5
dpgan,Groundhog,12435,0,0.31,0,0.5
dpgan,Groundhog,12435,1,0.52,1,0.5
dpgan,Groundhog,12435,0,0.54,1,0.5
dpgan,Groundhog,12435,1,0.7,1,0.5
dpgan,Groundhog,12435,0,0.49,0,0.5
dpgan,Groundhog,12435,1,0.44,0,0.5
dpgan,Groundhog,12435,0,0.43,0,0.5
dpgan,Groundhog,12435,1,0.64,1,0.5
dpgan,Groundhog,12435,0,0.34,0,0.5
dpgan,Groundhog,12435,1,0.47,0,0.5
dpgan,Groundhog,12435,0,0.47,0,0.5
dpgan,Groundhog,12435,1,0.55,1,0.5
dpgan,Groundhog,12435,0,0.53,1,0.5
dpgan,Groundhog,12435,1,0.72,1,0.5
dpgan,Groundhog,12435,0,0.52,1,0.5
dpgan,Groundhog,12435,1,0.44,0,0.5
dpgan,Groundhog,12435,0,0.45,0,0.5
dpgan,Groundhog,12435,1,0.43,0,0.5
dpgan,Groundhog,12435,0,0.38,0,0.5
dpgan,Groundhog,12435,1,0.71,1,0.5
dpgan,Groundhog,12435,0,0.55,1,0.5
dpgan,Groundhog,12435,1,0.56,1,0.5
dpgan,Groundhog,12435,0,0.39,0,0.5
dpgan,Groundhog,12435,1,0.53,1,0.5
dpgan,Groundhog,12435,0,0.52,1,0.5
dpgan,Groundhog,12435,1,0.64,1,0.5
dpgan,Groundhog,12435,0,0.39,0,0.5
dpgan,Groundhog,12435,1,0.6,1,0.5
dpgan,Groundhog,12435,0,0.41,0,0.5
dpgan,Groundhog,12435,1,0.46,0,0.5
dpgan,Groundhog,12435,0,0.5,0,0.5
dpgan,Groundhog,12435,1,0.34,0,0.5
dpgan,Groundhog,12435,0,0.33,0,0.5
dpgan,Groundhog,12435,1,0.59,1,0.5
dpgan,Groundhog,12435,0,0.47,0,0.5
dpgan,Groundhog,12435,1,0.48,0,0.5
dpgan,Groundhog,12435,0,0.38,0,0.5
dpgan,Groundhog,12435,1,0.67,1,0.5
dpgan,Groundhog,12435,0,0.51,1,0.5
dpgan,Groundhog,12435,1,0.56,1,0.5
dpgan,Groundhog,12435,0,0.31,0,0.5
dpgan,Groundhog,12435,1,0.43,0,0.5
dpgan,Groundhog,12435,0,0.43,0,0.5
dpgan,Groundhog,12435,1,0.43,0,0.5
dpgan,Groundhog,12435,0,0.45,0,0.5
dpgan,Groundhog,12435,1,0.76,1,0.5
dpgan,Groundhog,12435,0,0.36,0,0.5
dpgan,Groundhog,12435,1,0.62,1,0.5
dpgan,Groundhog,12435,0,0.27,0,0.5
dpgan,Groundhog,12435,1,0.55,1,0.5
dpgan,Groundhog,12435,0,0.48,0,0.5
dpgan,Groundhog,12435,1,0.55,1,0.5
dpgan,Groundhog,12435,0,0.48,0,0.5
dpgan,Groundhog,12435,1,0.68,1,0.5
dpgan,Groundhog,12435,0,0.39,0,0.5
dpgan,Groundhog,12435,1,0.67,1,0.5
dpgan,Groundhog,12435,0,0.48,0,0.5
dpgan,Groundhog,12435,1,0.63,1,0.5
dpgan,Groundhog,12435,0,0.35,0,0.5
dpgan,Groundhog,12435,1,0.54,1,0.5
dpgan,Groundhog,12435,0,0.46,0,0.5
dpgan,Groundhog,12435,1,0.57,1,0.5
dpgan,Groundhog,12435,0,0.34,0,0.5
dpgan,Groundhog,12435,1,0.69,1,0.5
dpgan,Groundhog,12435,0,0.62,1,0.5
dpgan,Groundhog,12435,1,0.56,1,0.5
dpgan,Groundhog,12435,0,0.5,0,0.5
dpgan,Groundhog,12435,1,0.58,1,0.5
dpgan,Groundhog,12435,0,0.48,0,0.5
dpgan,Groundhog,12435,1,0.65,1,0.5
dpgan,Groundhog,12435,0,0.39,0,0.5
dpgan,Groundhog,12435,1,0.5,0,0.5
dpgan,Groundhog,12435,0,0.38,0,0.5
dpgan,Groundhog,12435,1,0.53,1,0.5
dpgan,Groundhog,12435,0,0.59,1,0.5
dpgan,Groundhog,12435,1,0.5,0,0.5
dpgan,Groundhog,12435,0,0.44,0,0.5
dpgan,Groundhog,12435,1,0.75,1,0.5
dpgan,Groundhog,12435,0,0.46,0,0.5
dpgan,Groundhog,12435,1,0.51,1,0.5
dpgan,Groundhog,12435,0,0.46,0,0.5
dpgan,Groundhog,12435,1,0.69,1,0.5
dpgan,Groundhog,12435,0,0.4,0,0.5
dpgan,Groundhog,12435,1,0.46,0,0.5
dpgan,Groundhog,12435,0,0.33,0,0.5
dpgan,Groundhog,12435,1,0.52,1,0.5
dpgan,Groundhog,12435,0,0.6,1,0.5
dpgan,Groundhog,12435,1,0.6,1,0.5
dpgan,Groundhog,12435,0,0.52,1,0.5
dpgan,Groundhog,12435,1,0.64,1,0.5
dpgan,Groundhog,12435,0,0.63,1,0.5
dpgan,Groundhog,12435,1,0.57,1,0.5
dpgan,Groundhog,12435,0,0.47,0,0.5
dpgan,Groundhog,12435,1,0.58,1,0.5
dpgan,Groundhog,12435,0,0.49,0,0.5
dpgan,Groundhog,12435,1,0.67,1,0.5
dpgan,Groundhog,12435,0,0.46,0,0.5
dpgan,Groundhog,12435,1,0.53,1,0.5
dpgan,Groundhog,12435,0,0.42,0,0.5
dpgan,Groundhog,12435,1,0.5,0,0.5
dpgan,Groundhog,12435,0,0.43,0,0.5
dpgan,Groundhog,12435,1,0.55,1,0.5
dpgan,Groundhog,12435,0,0.37,0,0.5
dpgan,Groundhog,12435,1,0.55,1,0.5
dpgan,Groundhog,12435,0,0.47,0,0.5
dpgan,Groundhog,12435,1,0.52,1,0.5
dpgan,Groundhog,12435,0,0.48,0,0.5
dpgan,Groundhog,12435,1,0.6,1,0.5
dpgan,Groundhog,12435,0,0.45,0,0.5
dpgan,Groundhog,12435,1,0.71,1,0.5
dpgan,Groundhog,12435,0,0.56,1,0.5
dpgan,Groundhog,12435,1,0.72,1,0.5
dpgan,Groundhog,12435,0,0.62,1,0.5
dpgan,Groundhog,12435,1,0.6,1,0.5
dpgan,Groundhog,12435,0,0.42,0,0.5
dpgan,Groundhog,12435,1,0.62,1,0.5
dpgan,Groundhog,12435,0,0.44,0,0.5
dpgan,Groundhog,12435,1,0.56,1,0.5
dpgan,Groundhog,12435,0,0.6,1,0.5
dpgan,Groundhog,12435,1,0.64,1,0.5
dpgan,Groundhog,12435,0,0.36,0,0.5
dpgan,Groundhog,12435,1,0.38,0,0.5
dpgan,Groundhog,12435,0,0.43,0,0.5
dpgan,Groundhog,12435,1,0.56,1,0.5
dpgan,Groundhog,12435,0,0.37,0,0.5
dpgan,Groundhog,12435,1,0.6,1,0.5
dpgan,Groundhog,12435,0,0.48,0,0.5
dpgan,Groundhog,12435,1,0.44,0,0.5
dpgan,Groundhog,12435,0,0.44,0,0.5
dpgan,Groundhog,12435,1,0.69,1,0.5
dpgan,Groundhog,12435,0,0.35,0,0.5
dpgan,Groundhog,12435,1,0.5,0,0.5
dpgan,Groundhog,12435,0,0.53,1,0.5
dpgan,Groundhog,12435,1,0.65,1,0.5
dpgan,Groundhog,12435,0,0.42,0,0.5
dpgan,Groundhog,12435,1,0.43,0,0.5
dpgan,Groundhog,12435,0,0.4,0,0.5
dpgan,Groundhog,12435,1,0.73,1,0.5
dpgan,Groundhog,12435,0,0.46,0,0.5
dpgan,Groundhog,12435,1,0.64,1,0.5
dpgan,Groundhog,12435,0,0.38,0,0.5
dpgan,Groundhog,12435,1,0.67,1,0.5
dpgan,Groundhog,12435,0,0.41,0,0.5
dpgan,Groundhog,12435,1,0.67,1,0.5
dpgan,Groundhog,12435,0,0.53,1,0.5
dpgan,Groundhog,12435,1,0.54,1,0.5
dpgan,Groundhog,12435,0,0.35,0,0.5
dpgan,Groundhog,12435,1,0.37,0,0.5
dpgan,Groundhog,12435,0,0.38,0,0.5
dpgan,Groundhog,12435,1,0.46,0,0.5
dpgan,Groundhog,12435,0,0.35,0,0.5
dpgan,Groundhog,12435,1,0.67,1,0.5
dpgan,Groundhog,12435,0,0.57,1,0.5
dpgan,Groundhog,12435,1,0.47,0,0.5
dpgan,Groundhog,12435,0,0.37,0,0.5
dpgan,Groundhog,12435,1,0.46,0,0.5
dpgan,Groundhog,12435,0,0.51,1,0.5
dpgan,Groundhog,12435,1,0.49,0,0.5
dpgan,Groundhog,12435,0,0.55,1,0.5
dpgan,Groundhog,12435,1,0.71,1,0.5
dpgan,Groundhog,12435,0,0.43,0,0.5
dpgan,Groundhog,12435,1,0.49,0,0.5
dpgan,Groundhog,12435,0,0.34,0,0.5
dpgan,Groundhog,12435,1,0.69,1,0.5
dpgan,Groundhog,12435,0,0.29,0,0.5
dpgan,Groundhog,12435,1,0.71,1,0.5
dpgan,Groundhog,12435,0,0.5,0,0.5
dpgan,Groundhog,12435,1,0.53,1,0.5
dpgan,Groundhog,12435,0,0.47,0,0.5
dpgan,Groundhog,12435,1,0.65,1,0.5
dpgan,Groundhog,12435,0,0.35,0,0.5
dpgan,Groundhog,12435,1,0.48,0,0.5
dpgan,Groundhog,12435,0,0.4,0,0.5
dpgan,Groundhog,12435,1,0.49,0,0.5
dpgan,Groundhog,12435,0,0.38,0,0.5
dpgan,Groundhog,12435,1,0.59,1,0.5
dpgan,Groundhog,12435,0,0.59,1,0.5
dpgan,Groundhog,12435,1,0.58,1,0.5
dpgan,Groundhog,12435,0,0.54,1,0.5
dpgan,Groundhog,12435,1,0.57,1,0.5
dpgan,Groundhog,12435,0,0.52,1,0.5
dpgan,Groundhog,12435,1,0.65,1,0.5
dpgan,Groundhog,12435,0,0.51,1,0.5
dpgan,Groundhog,12435,1,0.68,1,0.5
dpgan,Groundhog,12435,0,0.47,0,0.5
dpgan,Groundhog,12435,1,0.51,1,0.5
dpgan,Groundhog,12435,0,0.48,0,0.5
dpgan,Groundhog,12435,1,0.52,1,0.5
dpgan,Groundhog,12435,0,0.53,1,0.5
dpgan,Groundhog,12435,1,0.62,1,0.5
dpgan,Groundhog,12435,0,0.68,1,0.5
dpgan,Groundhog,12435,1,0.66,1,0.5
dpgan,Groundhog,12435,0,0.46,0,0.5
dpgan,Groundhog,12435,1,0.45,0,0.5
dpgan,Groundhog,12435,0,0.5,0,0.5
dpgan,Groundhog,12435,1,0.49,0,0.5
dpgan,Groundhog,12435,0,0.37,0,0.5
dpgan,Groundhog,12435,1,0.61,1,0.5
dpgan,Groundhog,12435,0,0.55,1,0.5
dpgan,Groundhog,12435,1,0.63,1,0.5
dpgan,Groundhog,12435,0,0.39,0,0.5
dpgan,Groundhog,12435,1,0.48,0,0.5
dpgan,Groundhog,12435,0,0.38,0,0.5
dpgan,Groundhog,12435,1,0.53,1,0.5
dpgan,Groundhog,12435,0,0.37,0,0.5
dpgan,Groundhog,12435,1,0.58,1,0.5
dpgan,Groundhog,12435,0,0.45,0,0.5
dpgan,Groundhog,12435,1,0.6,1,0.5
dpgan,Groundhog,12435,0,0.5,0,0.5
dpgan,Groundhog,12435,1,0.47,0,0.5
dpgan,Groundhog,12435,0,0.53,1,0.5
dpgan,Groundhog,12435,1,0.53,1,0.5
dpgan,Groundhog,12435,0,0.36,0,0.5
dpgan,Groundhog,12435,1,0.72,1,0.5
dpgan,Groundhog,12435,0,0.43,0,0.5
dpgan,Groundhog,12435,1,0.61,1,0.5
dpgan,Groundhog,12435,0,0.31,0,0.5
dpgan,Groundhog,12435,1,0.56,1,0.5
dpgan,Groundhog,12435,0,0.37,0,0.5
dpgan,Groundhog,12435,1,0.49,0,0.5
dpgan,Groundhog,12435,0,0.46,0,0.5
dpgan,Groundhog,12435,1,0.37,0,0.5
dpgan,Groundhog,12435,0,0.51,1,0.5
dpgan,Groundhog,12435,1,0.53,1,0.5
dpgan,Groundhog,12435,0,0.35,0,0.5
dpgan,Groundhog,12435,1,0.49,0,0.5
dpgan,Groundhog,12435,0,0.37,0,0.5
dpgan,Groundhog,12435,1,0.66,1,0.5
dpgan,Groundhog,12435,0,0.58,1,0.5
dpgan,Groundhog,12435,1,0.61,1,0.5
dpgan,Groundhog,12435,0,0.59,1,0.5
dpgan,Groundhog,12435,1,0.53,1,0.5
dpgan,Groundhog,12435,0,0.46,0,0.5
dpgan,Groundhog,12435,1,0.54,1,0.5
dpgan,Groundhog,12435,0,0.41,0,0.5
dpgan,Groundhog,12435,1,0.4,0,0.5
dpgan,Groundhog,12435,0,0.32,0,0.5
dpgan,Groundhog,12435,1,0.75,1,0.5
dpgan,Groundhog,12435,0,0.48,0,0.5
dpgan,Groundhog,12435,1,0.64,1,0.5
dpgan,Groundhog,12435,0,0.49,0,0.5
dpgan,Groundhog,12435,1,0.44,0,0.5
dpgan,Groundhog,12435,0,0.41,0,0.5
dpgan,Groundhog,12435,1,0.39,0,0.5
dpgan,Groundhog,12435,0,0.52,1,0.5
dpgan,Groundhog,12435,1,0.39,0,0.5
dpgan,Groundhog,12435,0,0.43,0,0.5
dpgan,Groundhog,12435,1,0.42,0,0.5
dpgan,Groundhog,12435,0,0.44,0,0.5
dpgan,Groundhog,12435,1,0.6,1,0.5
dpgan,Groundhog,12435,0,0.29,0,0.5
dpgan,Groundhog,12435,1,0.64,1,0.5
dpgan,Groundhog,12435,0,0.63,1,0.5
dpgan,Groundhog,12435,1,0.65,1,0.5
dpgan,Groundhog,12435,0,0.51,1,0.5
dpgan,Groundhog,12435,1,0.39,0,0.5
dpgan,Groundhog,12435,0,0.53,1,0.5
dpgan,Groundhog,12435,1,0.46,0,0.5
dpgan,Groundhog,12435,0,0.47,0,0.5
dpgan,Groundhog,12435,1,0.58,1,0.5
dpgan,Groundhog,12435,0,0.33,0,0.5
dpgan,Groundhog,12435,1,0.42,0,0.5
dpgan,Groundhog,12435,0,0.45,0,0.5
dpgan,Groundhog,12435,1,0.6,1,0.5
dpgan,Groundhog,12435,0,0.42,0,0.5
dpgan,Groundhog,12435,1,0.46,0,0.5
dpgan,Groundhog,12435,0,0.48,0,0.5
dpgan,Groundhog,12435,1,0.61,1,0.5
dpgan,Groundhog,12435,0,0.5,0,0.5
dpgan,Groundhog,12435,1,0.71,1,0.5
dpgan,Groundhog,12435,0,0.38,0,0.5
dpgan,Groundhog,12435,1,0.63,1,0.5
dpgan,Groundhog,12435,0,0.37,0,0.5
dpgan,Groundhog,12435,1,0.7,1,0.5
dpgan,Groundhog,12435,0,0.48,0,0.5
dpgan,Groundhog,12435,1,0.47,0,0.5
dpgan,Groundhog,12435,0,0.4,0,0.5
dpgan,Groundhog,12435,1,0.62,1,0.5
dpgan,Groundhog,12435,0,0.44,0,0.5
dpgan,Groundhog,12435,1,0.54,1,0.5
dpgan,Groundhog,12435,0,0.38,0,0.5
dpgan,Groundhog,12435,1,0.43,0,0.5
dpgan,Groundhog,12435,0,0.42,0,0.5
dpgan,Groundhog,12435,1,0.58,1,0.5
dpgan,Groundhog,12435,0,0.55,1,0.5
dpgan,Groundhog,12435,1,0.54,1,0.5
dpgan,Groundhog,12435,0,0.36,0,0.5
dpgan,Groundhog,12435,1,0.5,0,0.5
dpgan,Groundhog,12435,0,0.33,0,0.5
dpgan,Groundhog,12435,1,0.64,1,0.5
dpgan,Groundhog,12435,0,0.51,1,0.5
dpgan,Groundhog,12435,1,0.44,0,0.5
dpgan,Groundhog,12435,0,0.5,0,0.5
dpgan,Groundhog,12435,1,0.58,1,0.5
dpgan,Groundhog,12435,0,0.4,0,0.5
dpgan,Groundhog,12435,1,0.55,1,0.5
dpgan,Groundhog,12435,0,0.41,0,0.5
dpgan,Groundhog,12435,1,0.58,1,0.5
dpgan,Groundhog,12435,0,0.42,0,0.5
dpgan,Groundhog,12435,1,0.43,0,0.5
dpgan,Groundhog,12435,0,0.26,0,0.5
dpgan,Groundhog,12435,1,0.59,1,0.5
dpgan,Groundhog,12435,0,0.58,1,0.5
dpgan,Groundhog,12435,1,0.49,0,0.5
dpgan,Groundhog,12435,0,0.38,0,0.5
dpgan,Groundhog,12435,1,0.55,1,0.5
dpgan,Groundhog,12435,0,0.53,1,0.5
dpgan,Groundhog,12435,1,0.57,1,0.5
dpgan,Groundhog,12435,0,0.34,0,0.5
dpgan,Groundhog,12435,1,0.39,0,0.5
dpgan,Groundhog,12435,0,0.32,0,0.5
dpgan,Groundhog,12435,1,0.61,1,0.5
dpgan,Groundhog,12435,0,0.32,0,0.5
dpgan,Groundhog,12435,1,0.74,1,0.5
dpgan,Groundhog,12435,0,0.42,0,0.5
dpgan,Groundhog,12435,1,0.59,1,0.5
dpgan,Groundhog,12435,0,0.31,0,0.5
dpgan,Groundhog,12435,1,0.44,0,0.5
dpgan,Groundhog,12435,0,0.43,0,0.5
dpgan,Groundhog,12435,1,0.7,1,0.5
dpgan,Groundhog,12435,0,0.41,0,0.5
dpgan,Groundhog,12435,1,0.65,1,0.5
dpgan,Groundhog,12435,0,0.39,0,0.5
dpgan,Groundhog,12435,1,0.53,1,0.5
dpgan,Groundhog,12435,0,0.45,0,0.5
dpgan,Groundhog,12435,1,0.55,1,0.5
dpgan,Groundhog,12435,0,0.28,0,0.5
dpgan,Groundhog,12435,1,0.47,0,0.5
dpgan,Groundhog,12435,0,0.43,0,0.5
dpgan,Groundhog,12435,1,0.54,1,0.5
dpgan,Groundhog,12435,0,0.5,0,0.5
dpgan,Groundhog,12435,1,0.7,1,0.5
dpgan,Groundhog,12435,0,0.51,1,0.5
dpgan,Groundhog,12435,1,0.63,1,0.5
dpgan,Groundhog,12435,0,0.51,1,0.5
dpgan,Groundhog,12435,1,0.57,1,0.5
dpgan,Groundhog,12435,0,0.46,0,0.5
dpgan,Groundhog,12435,1,0.57,1,0.5
dpgan,Groundhog,12435,0,0.47,0,0.5
dpgan,Groundhog,12435,1,0.74,1,0.5
dpgan,Groundhog,12435,0,0.51,1,0.5
dpgan,Groundhog,12435,1,0.75,1,0.5
dpgan,Groundhog,12435,0,0.45,0,0.5
dpgan,Groundhog,12435,1,0.49,0,0.5
dpgan,Groundhog,12435,0,0.36,0,0.5
dpgan,Groundhog,12435,1,0.61,1,0.5
dpgan,Groundhog,12435,0,0.51,1,0.5
dpgan,Groundhog,12435,1,0.74,1,0.5
dpgan,Groundhog,12435,0,0.43,0,0.5
dpgan,Groundhog,12435,1,0.46,0,0.5
dpgan,Groundhog,12435,0,0.28,0,0.5
dpgan,Groundhog,12435,1,0.54,1,0.5
dpgan,Groundhog,12435,0,0.58,1,0.5
dpgan,Groundhog,12435,1,0.41,0,0.5
dpgan,Groundhog,12435,0,0.31,0,0.5
dpgan,Groundhog,12435,1,0.55,1,0.5
dpgan,Groundhog,12435,0,0.31,0,0.5
dpgan,Groundhog,12435,1,0.5,0,0.5
dpgan,Groundhog,12435,0,0.53,1,0.5
dpgan,Groundhog,12435,1,0.61,1,0.5
dpgan,Groundhog,12435,0,0.35,0,0.5
dpgan,Groundhog,12435,1,0.53,1,0.5
dpgan,Groundhog,12435,0,0.49,0,0.5
dpgan,Groundhog,12435,1,0.59,1,0.5
dpgan,Groundhog,12435,0,0.54,1,0.5
dpgan,Groundhog,12435,1,0.58,1,0.5
dpgan,Groundhog,12435,0,0.35,0,0.5
dpgan,Groundhog,12435,1,0.59,1,0.5
dpgan,Groundhog,12435,0,0.64,1,0.5
dpgan,Groundhog,12435,1,0.58,1,0.5
dpgan,Groundhog,12435,0,0.44,0,0.5
dpgan,Groundhog,12435,1,0.65,1,0.5
dpgan,Groundhog,12435,0,0.4,0,0.5
dpgan,Groundhog,12435,1,0.57,1,0.5
dpgan,Groundhog,12435,0,0.35,0,0.5
dpgan,Groundhog,12435,1,0.55,1,0.5
dpgan,Groundhog,12435,0,0.29,0,0.5
dpgan,Groundhog,12435,1,0.6,1,0.5
dpgan,Groundhog,12435,0,0.43,0,0.5
dpgan,Groundhog,12435,1,0.46,0,0.5
dpgan,Groundhog,12435,0,0.34,0,0.5
dpgan,Groundhog,12435,1,0.52,1,0.5
dpgan,Groundhog,12435,0,0.57,1,0.5
dpgan,Groundhog,12435,1,0.55,1,0.5
dpgan,Groundhog,12435,0,0.54,1,0.5
dpgan,Groundhog,12435,1,0.39,0,0.5
dpgan,Groundhog,12435,0,0.46,0,0.5
dpgan,Groundhog,12435,1,0.66,1,0.5
dpgan,Groundhog,12435,0,0.66,1,0.5
dpgan,Groundhog,12435,1,0.57,1,0.5
dpgan,Groundhog,12435,0,0.49,0,0.5
dpgan,Groundhog,12435,1,0.51,1,0.5
dpgan,Groundhog,12435,0,0.37,0,0.5
dpgan,Groundhog,12435,1,0.63,1,0.5
dpgan,Groundhog,12435,0,0.53,1,0.5
dpgan,Groundhog,12435,1,0.63,1,0.5
dpgan,Groundhog,12435,0,0.3,0,0.5
dpgan,Groundhog,12435,1,0.68,1,0.5
dpgan,Groundhog,12435,0,0.42,0,0.5
dpgan,Groundhog,12435,1,0.56,1,0.5
dpgan,Groundhog,12435,0,0.3,0,0.5
dpgan,Groundhog,12435,1,0.48,0,0.5
dpgan,Groundhog,12435,0,0.63,1,0.5
dpgan,Groundhog,12435,1,0.7,1,0.5
dpgan,Groundhog,12435,0,0.51,1,0.5
dpgan,Groundhog,12435,1,0.65,1,0.5
dpgan,Groundhog,12435,0,0.53,1,0.5
dpgan,Groundhog,12435,1,0.51,1,0.5
dpgan,Groundhog,12435,0,0.54,1,0.5
dpgan,Groundhog,12435,1,0.55,1,0.5
dpgan,Groundhog,12435,0,0.33,0,0.5
dpgan,Groundhog,12435,1,0.49,0,0.5
dpgan,Groundhog,12435,0,0.47,0,0.5
dpgan,Groundhog,12435,1,0.59,1,0.5
dpgan,Groundhog,12435,0,0.52,1,0.5
dpgan,Groundhog,12435,1,0.58,1,0.5
dpgan,Groundhog,12435,0,0.39,0,0.5
dpgan,Groundhog,12435,1,0.62,1,0.5
dpgan,Groundhog,12435,0,0.44,0,0.5
dpgan,Groundhog,12435,1,0.54,1,0.5
dpgan,Groundhog,12435,0,0.47,0,0.5
dpgan,Groundhog,12435,1,0.46,0,0.5
dpgan,Groundhog,12435,0,0.42,0,0.5
dpgan,Groundhog,12435,1,0.69,1,0.5
dpgan,Groundhog,12435,0,0.45,0,0.5
dpgan,Groundhog,12435,1,0.71,1,0.5
dpgan,Groundhog,12435,0,0.4,0,0.5
dpgan,Groundhog,12435,1,0.61,1,0.5
dpgan,Groundhog,12435,0,0.68,1,0.5
dpgan,Groundhog,12435,1,0.64,1,0.5
dpgan,Groundhog,12435,0,0.46,0,0.5
dpgan,Groundhog,12435,1,0.4,0,0.5
dpgan,Groundhog,12435,0,0.46,0,0.5
dpgan,Groundhog,12435,1,0.47,0,0.5
dpgan,Groundhog,12435,0,0.47,0,0.5
dpgan,Groundhog,12435,1,0.45,0,0.5
dpgan,Groundhog,12435,0,0.52,1,0.5
dpgan,Groundhog,12435,1,0.61,1,0.5
dpgan,Groundhog,12435,0,0.48,0,0.5
dpgan,Groundhog,12435,1,0.63,1,0.5
dpgan,Groundhog,12435,0,0.54,1,0.5
dpgan,Groundhog,12435,1,0.61,1,0.5
dpgan,Groundhog,12435,0,0.48,0,0.5
dpgan,Groundhog,12435,1,0.56,1,0.5
dpgan,Groundhog,12435,0,0.58,1,0.5
dpgan,Groundhog,12435,1,0.52,1,0.5
dpgan,Groundhog,12435,0,0.53,1,0.5
dpgan,Groundhog,12435,1,0.56,1,0.5
dpgan,Groundhog,12435,0,0.49,0,0.5
dpgan,Groundhog,12435,1,0.47,0,0.5
dpgan,Groundhog,12435,0,0.34,0,0.5
dpgan,Groundhog,12435,1,0.38,0,0.5
dpgan,Groundhog,12435,0,0.49,0,0.5
dpgan,Groundhog,12435,1,0.6,1,0.5
dpgan,Groundhog,12435,0,0.35,0,0.5
dpgan,Groundhog,12435,1,0.53,1,0.5
dpgan,Groundhog,12435,0,0.38,0,0.5
dpgan,Groundhog,12435,1,0.57,1,0.5
dpgan,Groundhog,12435,0,0.46,0,0.5
dpgan,Groundhog,12435,1,0.5,0,0.5
dpgan,Groundhog,12435,0,0.47,0,0.5
dpgan,Groundhog,12435,1,0.57,1,0.5
dpgan,Groundhog,12435,0,0.46,0,0.5
dpgan,Groundhog,12435,1,0.7,1,0.5
dpgan,Groundhog,12435,0,0.44,0,0.5
dpgan,Groundhog,12435,1,0.42,0,0.5
dpgan,Groundhog,12435,0,0.44,0,0.5
dpgan,Groundhog,12435,1,0.64,1,0.5
dpgan,Groundhog,12435,0,0.47,0,0.5
dpgan,Groundhog,12435,1,0.64,1,0.5
dpgan,Groundhog,12435,0,0.44,0,0.5
dpgan,Groundhog,12435,1,0.54,1,0.5
dpgan,Groundhog,12435,0,0.63,1,0.5
dpgan,Groundhog,12435,1,0.5,0,0.5
dpgan,Groundhog,12435,0,0.52,1,0.5
dpgan,Groundhog,12435,1,0.61,1,0.5
dpgan,Groundhog,12435,0,0.25,0,0.5
dpgan,Groundhog,12435,1,0.59,1,0.5
dpgan,Groundhog,12435,0,0.44,0,0.5
dpgan,Groundhog,12435,1,0.7,1,0.5
dpgan,Groundhog,12435,0,0.57,1,0.5
dpgan,Groundhog,12435,1,0.49,0,0.5
dpgan,Groundhog,12435,0,0.45,0,0.5
dpgan,Groundhog,12435,1,0.68,1,0.5
dpgan,Groundhog,12435,0,0.4,0,0.5
dpgan,Groundhog,12435,1,0.43,0,0.5
dpgan,Groundhog,12435,0,0.36,0,0.5
dpgan,Groundhog,12435,1,0.51,1,0.5
dpgan,Groundhog,12435,0,0.48,0,0.5
dpgan,Groundhog,12435,1,0.68,1,0.5
dpgan,Groundhog,12435,0,0.67,1,0.5
dpgan,Groundhog,12435,1,0.64,1,0.5
dpgan,Groundhog,12435,0,0.46,0,0.5
dpgan,Groundhog,12435,1,0.57,1,0.5
dpgan,Groundhog,12435,0,0.45,0,0.5
dpgan,Groundhog,12435,1,0.54,1,0.5
dpgan,Groundhog,12435,0,0.28,0,0.5
dpgan,Groundhog,12435,1,0.44,0,0.5
dpgan,Groundhog,12435,0,0.32,0,0.5
dpgan,Groundhog,12435,1,0.38,0,0.5
dpgan,Groundhog,12435,0,0.31,0,0.5
dpgan,Groundhog,12435,1,0.35,0,0.5
dpgan,Groundhog,12435,0,0.54,1,0.5
dpgan,Groundhog,12435,1,0.5,0,0.5
dpgan,Groundhog,12435,0,0.3,0,0.5
dpgan,Groundhog,12435,1,0.52,1,0.5
dpgan,Groundhog,12435,0,0.35,0,0.5
dpgan,Groundhog,12435,1,0.69,1,0.5
dpgan,Groundhog,12435,0,0.59,1,0.5
dpgan,Groundhog,12435,1,0.78,1,0.5
dpgan,Groundhog,12435,0,0.54,1,0.5
dpgan,Groundhog,12435,1,0.62,1,0.5
dpgan,Groundhog,12435,0,0.41,0,0.5
dpgan,Groundhog,12435,1,0.66,1,0.5
dpgan,Groundhog,12435,0,0.32,0,0.5
dpgan,Groundhog,12435,1,0.65,1,0.5
dpgan,Groundhog,12435,0,0.33,0,0.5
dpgan,Groundhog,12435,1,0.41,0,0.5
dpgan,Groundhog,12435,0,0.45,0,0.5
dpgan,Groundhog,12435,1,0.64,1,0.5
dpgan,Groundhog,12435,0,0.45,0,0.5
dpgan,Groundhog,12435,1,0.72,1,0.5
dpgan,Groundhog,12435,0,0.54,1,0.5
dpgan,Groundhog,12435,1,0.52,1,0.5
dpgan,Groundhog,12435,0,0.51,1,0.5
dpgan,Groundhog,12435,1,0.51,1,0.5
dpgan,Groundhog,12435,0,0.51,1,0.5
dpgan,Groundhog,12435,1,0.55,1,0.5
dpgan,Groundhog,12435,0,0.37,0,0.5
dpgan,Groundhog,12435,1,0.55,1,0.5
dpgan,Groundhog,12435,0,0.53,1,0.5
dpgan,Groundhog,12435,1,0.56,1,0.5
dpgan,Groundhog,12435,0,0.5,0,0.5
dpgan,Groundhog,12435,1,0.59,1,0.5
dpgan,Groundhog,12435,0,0.38,0,0.5
dpgan,Groundhog,12435,1,0.67,1,0.5
dpgan,Groundhog,12435,0,0.34,0,0.5
dpgan,Groundhog,12435,1,0.58,1,0.5
dpgan,Groundhog,12435,0,0.59,1,0.5
dpgan,Groundhog,12435,1,0.56,1,0.5
dpgan,Groundhog,12435,0,0.47,0,0.5
dpgan,Groundhog,12435,1,0.44,0,0.5
dpgan,Groundhog,12435,0,0.53,1,0.5
dpgan,Groundhog,12435,1,0.66,1,0.5
dpgan,Groundhog,12435,0,0.51,1,0.5
dpgan,Groundhog,12435,1,0.72,1,0.5
dpgan,Groundhog,12435,0,0.3,0,0.5
dpgan,Groundhog,12435,1,0.68,1,0.5
dpgan,Groundhog,12435,0,0.48,0,0.5
dpgan,Groundhog,12435,1,0.62,1,0.5
dpgan,Groundhog,12435,0,0.54,1,0.5
dpgan,Groundhog,12435,1,0.5,0,0.5
dpgan,Groundhog,12435,0,0.41,0,0.5
dpgan,Groundhog,12435,1,0.69,1,0.5
dpgan,Groundhog,12435,0,0.57,1,0.5
dpgan,Groundhog,12435,1,0.78,1,0.5
dpgan,Groundhog,12435,0,0.34,0,0.5
dpgan,Groundhog,12435,1,0.45,0,0.5
dpgan,Groundhog,12435,0,0.67,1,0.5
dpgan,Groundhog,12435,1,0.53,1,0.5
dpgan,Groundhog,12435,0,0.43,0,0.5
dpgan,Groundhog,12435,1,0.72,1,0.5
dpgan,Groundhog,12435,0,0.31,0,0.5
dpgan,Groundhog,12435,1,0.73,1,0.5
dpgan,Groundhog,12435,0,0.46,0,0.5
dpgan,Groundhog,12435,1,0.59,1,0.5
dpgan,Groundhog,12435,0,0.3,0,0.5
dpgan,Groundhog,12435,1,0.53,1,0.5
dpgan,Groundhog,12435,0,0.57,1,0.5
dpgan,Groundhog,12435,1,0.62,1,0.5
dpgan,Groundhog,12435,0,0.56,1,0.5
dpgan,Groundhog,12435,1,0.64,1,0.5
dpgan,Groundhog,12435,0,0.53,1,0.5
dpgan,Groundhog,12435,1,0.74,1,0.5
dpgan,Groundhog,12435,0,0.53,1,0.5
dpgan,Groundhog,12435,1,0.65,1,0.5
dpgan,Groundhog,12435,0,0.49,0,0.5
dpgan,Groundhog,12435,1,0.67,1,0.5
dpgan,Groundhog,12435,0,0.37,0,0.5
dpgan,Groundhog,12435,1,0.7,1,0.5
dpgan,Groundhog,12435,0,0.47,0,0.5
dpgan,Groundhog,12435,1,0.56,1,0.5
dpgan,Groundhog,12435,0,0.62,1,0.5
dpgan,Groundhog,12435,1,0.45,0,0.5
dpgan,Groundhog,12435,0,0.44,0,0.5
dpgan,Groundhog,12435,1,0.57,1,0.5
dpgan,Groundhog,12435,0,0.39,0,0.5
dpgan,Groundhog,12435,1,0.59,1,0.5
dpgan,Groundhog,12435,0,0.5,0,0.5
dpgan,Groundhog,12435,1,0.61,1,0.5
dpgan,Groundhog,12435,0,0.7,1,0.5
dpgan,Groundhog,12435,1,0.6,1,0.5
dpgan,Groundhog,12435,0,0.64,1,0.5
dpgan,Groundhog,12435,1,0.38,0,0.5
dpgan,Groundhog,12435,0,0.51,1,0.5
dpgan,Groundhog,12435,1,0.71,1,0.5
dpgan,Groundhog,12435,0,0.3,0,0.5
dpgan,Groundhog,12435,1,0.57,1,0.5
dpgan,Groundhog,12435,0,0.36,0,0.5
dpgan,Groundhog,12435,1,0.53,1,0.5
dpgan,Groundhog,12435,0,0.5,0,0.5
dpgan,Groundhog,12435,1,0.48,0,0.5
dpgan,Groundhog,12435,0,0.28,0,0.5
dpgan,Groundhog,12435,1,0.65,1,0.5
dpgan,Groundhog,12435,0,0.47,0,0.5
dpgan,Groundhog,12435,1,0.51,1,0.5
dpgan,Groundhog,12435,0,0.41,0,0.5
dpgan,Groundhog,12435,1,0.43,0,0.5
dpgan,Groundhog,12435,0,0.38,0,0.5
dpgan,Groundhog,12435,1,0.51,1,0.5
dpgan,Groundhog,12435,0,0.38,0,0.5
dpgan,Groundhog,12435,1,0.75,1,0.5
dpgan,Groundhog,12435,0,0.34,0,0.5
dpgan,Groundhog,12435,1,0.57,1,0.5
dpgan,Groundhog,12435,0,0.33,0,0.5
dpgan,Groundhog,12435,1,0.54,1,0.5
dpgan,Groundhog,12435,0,0.55,1,0.5
dpgan,Groundhog,12435,1,0.6,1,0.5
dpgan,Groundhog,12435,0,0.34,0,0.5
dpgan,Groundhog,12435,1,0.46,0,0.5
dpgan,Groundhog,12435,0,0.44,0,0.5
dpgan,Groundhog,12435,1,0.43,0,0.5
dpgan,Groundhog,12435,0,0.52,1,0.5
dpgan,Groundhog,12435,1,0.25,0,0.5
dpgan,Groundhog,12435,0,0.29,0,0.5
dpgan,Groundhog,12435,1,0.54,1,0.5
dpgan,Groundhog,12435,0,0.45,0,0.5
dpgan,Groundhog,12435,1,0.6,1,0.5
dpgan,Groundhog,12435,0,0.45,0,0.5
dpgan,Groundhog,12435,1,0.41,0,0.5
dpgan,Groundhog,12435,0,0.39,0,0.5
dpgan,Groundhog,12435,1,0.67,1,0.5
dpgan,Groundhog,12435,0,0.49,0,0.5
dpgan,Groundhog,12435,1,0.55,1,0.5
dpgan,Groundhog,12435,0,0.6,1,0.5
dpgan,Groundhog,12435,1,0.71,1,0.5
dpgan,Groundhog,12435,0,0.42,0,0.5
dpgan,Groundhog,12435,1,0.58,1,0.5
dpgan,Groundhog,12435,0,0.5,0,0.5
dpgan,Groundhog,12435,1,0.43,0,0.5
dpgan,Groundhog,12435,0,0.51,1,0.5
dpgan,Groundhog,12435,1,0.67,1,0.5
dpgan,Groundhog,12435,0,0.41,0,0.5
dpgan,Groundhog,12435,1,0.6,1,0.5
dpgan,Groundhog,12435,0,0.36,0,0.5
dpgan,Groundhog,12435,1,0.63,1,0.5
dpgan,Groundhog,12435,0,0.48,0,0.5
dpgan,Groundhog,12435,1,0.65,1,0.5
dpgan,Groundhog,12435,0,0.48,0,0.5
dpgan,Groundhog,12435,1,0.61,1,0.5
dpgan,Groundhog,12435,0,0.57,1,0.5
dpgan,Groundhog,12435,1,0.48,0,0.5
dpgan,Groundhog,12435,0,0.49,0,0.5
dpgan,Groundhog,12435,1,0.7,1,0.5
dpgan,Groundhog,12435,0,0.49,0,0.5
dpgan,Groundhog,12435,1,0.34,0,0.5
dpgan,Groundhog,12435,0,0.38,0,0.5
dpgan,Groundhog,12435,1,0.61,1,0.5
dpgan,Groundhog,12435,0,0.34,0,0.5
dpgan,Groundhog,12435,1,0.64,1,0.5
dpgan,Groundhog,12435,0,0.54,1,0.5
dpgan,Groundhog,12435,1,0.39,0,0.5
dpgan,Groundhog,12435,0,0.52,1,0.5
dpgan,Groundhog,12435,1,0.63,1,0.5
dpgan,Groundhog,12435,0,0.43,0,0.5
dpgan,Groundhog,12435,1,0.51,1,0.5
dpgan,Groundhog,12435,0,0.33,0,0.5
dpgan,Groundhog,12435,1,0.58,1,0.5
dpgan,Groundhog,12435,0,0.34,0,0.5
dpgan,Groundhog,12435,1,0.7,1,0.5
dpgan,Groundhog,12435,0,0.49,0,0.5
dpgan,Groundhog,12435,1,0.47,0,0.5
dpgan,Groundhog,12435,0,0.56,1,0.5
dpgan,Groundhog,12435,1,0.56,1,0.5
dpgan,Groundhog,12435,0,0.5,0,0.5
dpgan,Groundhog,12435,1,0.48,0,0.5
dpgan,Groundhog,12435,0,0.44,0,0.5
dpgan,Groundhog,12435,1,0.52,1,0.5
dpgan,Groundhog,12435,0,0.38,0,0.5
dpgan,Groundhog,12435,1,0.6,1,0.5
dpgan,Groundhog,12435,0,0.46,0,0.5
dpgan,Groundhog,12435,1,0.41,0,0.5
dpgan,Groundhog,12435,0,0.42,0,0.5
dpgan,Groundhog,12435,1,0.74,1,0.5
dpgan,Groundhog,12435,0,0.6,1,0.5
dpgan,Groundhog,12435,1,0.58,1,0.5
dpgan,Groundhog,12435,0,0.57,1,0.5
dpgan,Groundhog,12435,1,0.55,1,0.5
dpgan,Groundhog,12435,0,0.47,0,0.5
dpgan,Groundhog,12435,1,0.66,1,0.5
dpgan,Groundhog,12435,0,0.54,1,0.5
dpgan,Groundhog,12435,1,0.67,1,0.5
dpgan,Groundhog,12435,0,0.22,0,0.5
dpgan,Groundhog,12435,1,0.57,1,0.5
dpgan,Groundhog,12435,0,0.52,1,0.5
dpgan,Groundhog,12435,1,0.71,1,0.5
dpgan,Groundhog,12435,0,0.47,0,0.5
dpgan,Groundhog,12435,1,0.68,1,0.5
dpgan,Groundhog,12435,0,0.53,1,0.5
dpgan,Groundhog,12435,1,0.57,1,0.5
dpgan,Groundhog,12435,0,0.65,1,0.5
dpgan,Groundhog,12435,1,0.5,0,0.5
dpgan,Groundhog,12435,0,0.39,0,0.5
dpgan,Groundhog,12435,1,0.44,0,0.5
dpgan,Groundhog,12435,0,0.52,1,0.5
dpgan,Groundhog,12435,1,0.63,1,0.5
dpgan,Groundhog,12435,0,0.36,0,0.5
dpgan,Groundhog,12435,1,0.61,1,0.5
dpgan,Groundhog,12435,0,0.45,0,0.5
dpgan,Groundhog,12435,1,0.52,1,0.5
dpgan,Groundhog,12435,0,0.28,0,0.5
dpgan,Groundhog,12435,1,0.5,0,0.5
dpgan,Groundhog,12435,0,0.43,0,0.5
dpgan,Groundhog,12435,1,0.61,1,0.5
dpgan,Groundhog,12435,0,0.53,1,0.5
dpgan,Groundhog,12435,1,0.42,0,0.5
dpgan,Groundhog,12435,0,0.52,1,0.5
dpgan,Groundhog,12435,1,0.53,1,0.5
dpgan,Groundhog,12435,0,0.4,0,0.5
dpgan,Groundhog,12435,1,0.69,1,0.5
dpgan,Groundhog,12435,0,0.35,0,0.5
dpgan,Groundhog,12435,1,0.59,1,0.5
dpgan,Groundhog,12435,0,0.53,1,0.5
dpgan,Groundhog,12435,1,0.39,0,0.5
dpgan,Groundhog,12435,0,0.44,0,0.5
dpgan,Groundhog,12435,1,0.62,1,0.5
dpgan,Groundhog,12435,0,0.44,0,0.5
dpgan,Groundhog,12435,1,0.54,1,0.5
dpgan,Groundhog,12435,0,0.47,0,0.5
dpgan,Groundhog,12435,1,0.57,1,0.5
dpgan,Groundhog,12435,0,0.53,1,0.5
dpgan,Groundhog,12435,1,0.62,1,0.5
dpgan,Groundhog,12435,0,0.46,0,0.5
dpgan,Groundhog,12435,1,0.59,1,0.5
dpgan,Groundhog,12435,0,0.58,1,0.5
dpgan,Groundhog,12435,1,0.37,0,0.5
dpgan,Groundhog,12435,0,0.43,0,0.5
dpgan,Groundhog,12435,1,0.53,1,0.5
dpgan,Groundhog,12435,0,0.48,0,0.5
dpgan,Groundhog,12435,1,0.63,1,0.5
dpgan,Groundhog,12435,0,0.43,0,0.5
dpgan,Groundhog,12435,1,0.67,1,0.5
dpgan,Groundhog,12435,0,0.39,0,0.5
dpgan,Groundhog,12435,1,0.77,1,0.5
dpgan,Groundhog,12435,0,0.57,1,0.5
dpgan,Groundhog,12435,1,0.52,1,0.5
dpgan,Groundhog,12435,0,0.42,0,0.5
dpgan,Groundhog,12435,1,0.41,0,0.5
dpgan,Groundhog,12435,0,0.55,1,0.5
dpgan,Groundhog,12435,1,0.47,0,0.5
dpgan,Groundhog,12435,0,0.25,0,0.5
dpgan,Groundhog,12435,1,0.59,1,0.5
dpgan,Groundhog,12435,0,0.36,0,0.5
dpgan,Groundhog,12435,1,0.56,1,0.5
dpgan,Groundhog,12435,0,0.48,0,0.5
dpgan,Groundhog,12435,1,0.71,1,0.5
dpgan,Groundhog,12435,0,0.51,1,0.5
dpgan,Groundhog,12435,1,0.45,0,0.5
dpgan,Groundhog,12435,0,0.41,0,0.5
dpgan,Groundhog,12435,1,0.64,1,0.5
dpgan,Groundhog,12435,0,0.58,1,0.5
dpgan,Groundhog,12435,1,0.63,1,0.5
dpgan,Groundhog,12435,0,0.58,1,0.5
dpgan,Groundhog,12435,1,0.44,0,0.5
dpgan,Groundhog,12435,0,0.64,1,0.5
dpgan,Groundhog,12435,1,0.56,1,0.5
dpgan,Groundhog,12435,0,0.56,1,0.5
dpgan,Groundhog,12435,1,0.54,1,0.5
dpgan,Groundhog,12435,0,0.38,0,0.5
dpgan,Groundhog,12435,1,0.6,1,0.5
dpgan,Groundhog,12435,0,0.44,0,0.5
dpgan,Groundhog,12435,1,0.5,0,0.5
dpgan,Groundhog,12435,0,0.54,1,0.5
dpgan,Groundhog,12435,1,0.68,1,0.5
dpgan,Groundhog,12435,0,0.61,1,0.5
dpgan,Groundhog,12435,1,0.52,1,0.5
dpgan,Groundhog,12435,0,0.41,0,0.5
dpgan,Groundhog,12435,1,0.67,1,0.5
dpgan,Groundhog,12435,0,0.32,0,0.5
dpgan,Groundhog,12435,1,0.68,1,0.5
dpgan,Groundhog,12435,0,0.42,0,0.5
dpgan,Groundhog,12435,1,0.35,0,0.5
dpgan,Groundhog,12435,0,0.42,0,0.5
dpgan,Groundhog,12435,1,0.62,1,0.5
dpgan,Groundhog,12435,0,0.31,0,0.5
dpgan,Groundhog,12435,1,0.53,1,0.5
dpgan,Groundhog,12435,0,0.47,0,0.5
dpgan,Groundhog,12435,1,0.57,1,0.5
dpgan,Groundhog,12435,0,0.37,0,0.5
dpgan,Groundhog,12435,1,0.4,0,0.5
dpgan,Groundhog,12435,0,0.52,1,0.5
dpgan,Groundhog,12435,1,0.59,1,0.5
dpgan,Groundhog,12435,0,0.43,0,0.5
dpgan,Groundhog,12435,1,0.62,1,0.5
dpgan,Groundhog,12435,0,0.45,0,0.5
dpgan,Groundhog,12435,1,0.55,1,0.5
dpgan,Groundhog,12435,0,0.47,0,0.5
dpgan,Groundhog,12435,1,0.68,1,0.5
dpgan,Groundhog,12435,0,0.59,1,0.5
dpgan,Groundhog,12435,1,0.76,1,0.5
dpgan,Groundhog,12435,0,0.42,0,0.5
dpgan,Groundhog,12435,1,0.74,1,0.5
dpgan,Groundhog,12435,0,0.56,1,0.5
dpgan,Groundhog,12435,1,0.52,1,0.5
dpgan,Groundhog,12435,0,0.47,0,0.5
dpgan,Groundhog,12435,1,0.59,1,0.5
dpgan,Groundhog,12435,0,0.32,0,0.5
dpgan,Groundhog,12435,1,0.63,1,0.5
dpgan,Groundhog,12435,0,0.45,0,0.5
dpgan,Groundhog,12435,1,0.68,1,0.5
dpgan,Groundhog,12435,0,0.37,0,0.5
dpgan,Groundhog,12435,1,0.58,1,0.5
dpgan,Groundhog,12435,0,0.47,0,0.5
dpgan,Groundhog,12435,1,0.66,1,0.5
dpgan,Groundhog,12435,0,0.43,0,0.5
dpgan,Groundhog,12435,1,0.48,0,0.5
dpgan,Groundhog,12435,0,0.5,0,0.5
dpgan,Groundhog,12435,1,0.62,1,0.5
dpgan,Groundhog,12435,0,0.44,0,0.5
dpgan,Groundhog,12435,1,0.35,0,0.5
dpgan,Groundhog,12435,0,0.47,0,0.5
dpgan,Groundhog,12435,1,0.6,1,0.5
dpgan,Groundhog,12435,0,0.43,0,0.5
dpgan,Groundhog,12435,1,0.53,1,0.5
dpgan,Groundhog,12435,0,0.37,0,0.5
dpgan,Groundhog,12435,1,0.59,1,0.5
dpgan,Groundhog,12435,0,0.28,0,0.5
dpgan,Groundhog,12435,1,0.66,1,0.5
dpgan,Groundhog,12435,0,0.55,1,0.5
dpgan,Groundhog,12435,1,0.39,0,0.5
dpgan,Groundhog,12435,0,0.42,0,0.5
dpgan,Groundhog,12435,1,0.68,1,0.5
dpgan,Groundhog,12435,0,0.34,0,0.5
dpgan,Groundhog,12435,1,0.58,1,0.5
dpgan,Groundhog,12435,0,0.46,0,0.5
dpgan,Groundhog,12435,1,0.49,0,0.5
dpgan,Groundhog,12435,0,0.46,0,0.5
dpgan,Groundhog,12435,1,0.74,1,0.5
dpgan,Groundhog,12435,0,0.42,0,0.5
dpgan,Groundhog,12435,1,0.56,1,0.5
dpgan,Groundhog,12435,0,0.42,0,0.5
dpgan,Groundhog,12435,1,0.52,1,0.5
dpgan,Groundhog,12435,0,0.52,1,0.5
dpgan,Groundhog,12435,1,0.58,1,0.5
dpgan,Groundhog,12435,0,0.38,0,0.5
dpgan,Groundhog,12435,1,0.69,1,0.5
dpgan,Groundhog,12435,0,0.48,0,0.5
dpgan,Groundhog,12435,1,0.66,1,0.5
dpgan,Groundhog,12435,0,0.44,0,0.5
dpgan,Groundhog,12435,1,0.32,0,0.5
dpgan,Groundhog,12435,0,0.57,1,0.5
dpgan,Groundhog,12435,1,0.57,1,0.5
dpgan,Groundhog,12435,0,0.49,0,0.5
dpgan,Groundhog,12435,1,0.62,1,0.5
dpgan,Groundhog,12435,0,0.46,0,0.5
dpgan,Groundhog,12435,1,0.54,1,0.5
dpgan,Groundhog,12435,0,0.38,0,0.5
dpgan,Groundhog,12435,1,0.34,0,0.5
dpgan,Groundhog,12435,0,0.56,1,0.5
dpgan,Groundhog,12435,1,0.64,1,0.5
dpgan,Groundhog,12435,0,0.3,0,0.5
dpgan,Groundhog,12435,1,0.44,0,0.5
dpgan,Groundhog,12435,0,0.36,0,0.5
dpgan,Groundhog,12435,1,0.55,1,0.5
dpgan,Groundhog,12435,0,0.4,0,0.5
dpgan,Groundhog,12435,1,0.66,1,0.5
dpgan,Groundhog,12435,0,0.44,0,0.5
dpgan,Groundhog,12435,1,0.48,0,0.5
dpgan,Groundhog,12435,0,0.43,0,0.5
dpgan,Groundhog,12435,1,0.41,0,0.5
dpgan,Groundhog,12435,0,0.44,0,0.5
dpgan,Groundhog,12435,1,0.56,1,0.5
dpgan,Groundhog,12435,0,0.38,0,0.5
dpgan,Groundhog,12435,1,0.38,0,0.5
dpgan,Groundhog,12435,0,0.56,1,0.5
dpgan,Groundhog,12435,1,0.45,0,0.5
dpgan,Groundhog,12435,0,0.37,0,0.5
dpgan,Groundhog,12435,1,0.52,1,0.5
dpgan,Groundhog,12435,0,0.48,0,0.5
dpgan,Groundhog,12435,1,0.62,1,0.5
dpgan,Groundhog,12435,0,0.42,0,0.5
dpgan,Groundhog,12435,1,0.64,1,0.5
dpgan,Groundhog,12435,0,0.35,0,0.5
dpgan,Groundhog,12435,1,0.63,1,0.5
dpgan,Groundhog,12435,0,0.38,0,0.5
dpgan,Groundhog,12435,1,0.57,1,0.5
dpgan,Groundhog,12435,0,0.32,0,0.5
dpgan,Groundhog,12435,1,0.53,1,0.5
dpgan,Groundhog,12435,0,0.43,0,0.5
dpgan,Groundhog,12435,1,0.4,0,0.5
dpgan,Groundhog,12435,0,0.42,0,0.5
dpgan,Groundhog,12435,1,0.54,1,0.5
dpgan,Groundhog,12435,0,0.4,0,0.5
dpgan,Groundhog,12435,1,0.59,1,0.5
dpgan,Groundhog,12435,0,0.41,0,0.5
dpgan,Groundhog,12435,1,0.46,0,0.5
dpgan,Groundhog,12435,0,0.46,0,0.5
dpgan,Groundhog,12435,1,0.44,0,0.5
dpgan,Groundhog,12435,0,0.42,0,0.5
dpgan,Groundhog,12435,1,0.68,1,0.5
dpgan,Groundhog,12435,0,0.46,0,0.5
dpgan,Groundhog,12435,1,0.61,1,0.5
dpgan,Groundhog,12435,0,0.51,1,0.5
dpgan,Groundhog,12435,1,0.61,1,0.5
dpgan,Groundhog,12435,0,0.43,0,0.5
dpgan,Groundhog,12435,1,0.59,1,0.5
dpgan,Groundhog,12435,0,0.51,1,0.5
dpgan,Groundhog,12435,1,0.65,1,0.5
dpgan,Groundhog,12435,0,0.52,1,0.5
dpgan,Groundhog,12435,1,0.52,1,0.5
dpgan,Groundhog,12435,0,0.42,0,0.5
dpgan,Groundhog,12435,1,0.53,1,0.5
dpgan,Groundhog,12435,0,0.45,0,0.5
dpgan,Groundhog,12435,1,0.56,1,0.5
dpgan,Groundhog,12435,0,0.28,0,0.5
dpgan,Groundhog,12435,1,0.51,1,0.5
dpgan,Groundhog,12435,0,0.43,0,0.5
dpgan,Groundhog,12435,1,0.48,0,0.5
dpgan,Groundhog,12435,0,0.41,0,0.5
dpgan,Groundhog,12435,1,0.51,1,0.5
dpgan,Groundhog,12435,0,0.4,0,0.5
dpgan,Groundhog,12435,1,0.61,1,0.5
dpgan,Groundhog,12435,0,0.55,1,0.5
dpgan,Groundhog,12435,1,0.71,1,0.5
dpgan,Groundhog,12435,0,0.53,1,0.5
dpgan,Groundhog,12435,1,0.57,1,0.5
dpgan,Groundhog,12435,0,0.46,0,0.5
dpgan,Groundhog,12435,1,0.66,1,0.5
dpgan,Groundhog,12435,0,0.31,0,0.5
dpgan,Groundhog,12435,1,0.55,1,0.5
dpgan,Groundhog,12435,0,0.44,0,0.5
dpgan,Groundhog,12435,1,0.58,1,0.5
dpgan,Groundhog,12435,0,0.39,0,0.5
dpgan,Groundhog,12435,1,0.46,0,0.5
dpgan,Groundhog,12435,0,0.45,0,0.5
dpgan,Groundhog,12435,1,0.65,1,0.5
dpgan,Groundhog,12435,0,0.35,0,0.5
dpgan,Groundhog,12435,1,0.7,1,0.5
dpgan,Groundhog,12435,0,0.4,0,0.5
dpgan,Groundhog,12435,1,0.41,0,0.5
dpgan,Groundhog,12435,0,0.42,0,0.5
dpgan,Groundhog,12435,1,0.51,1,0.5
dpgan,Groundhog,12435,0,0.47,0,0.5
dpgan,Groundhog,12435,1,0.47,0,0.5
dpgan,Groundhog,12435,0,0.31,0,0.5
dpgan,Groundhog,12435,1,0.63,1,0.5
dpgan,Groundhog,12435,0,0.44,0,0.5
dpgan,Groundhog,12435,1,0.57,1,0.5
dpgan,Groundhog,12435,0,0.44,0,0.5
dpgan,Groundhog,12435,1,0.47,0,0.5
dpgan,Groundhog,12435,0,0.39,0,0.5
dpgan,Groundhog,12435,1,0.57,1,0.5
dpgan,Groundhog,12435,0,0.54,1,0.5
dpgan,Groundhog,12435,1,0.72,1,0.5
dpgan,Groundhog,12435,0,0.3,0,0.5
dpgan,Groundhog,12435,1,0.6,1,0.5
dpgan,Groundhog,12435,0,0.46,0,0.5
dpgan,Groundhog,12435,1,0.56,1,0.5
dpgan,Groundhog,12435,0,0.55,1,0.5
dpgan,Groundhog,12435,1,0.58,1,0.5
dpgan,Groundhog,12435,0,0.42,0,0.5
dpgan,Groundhog,12435,1,0.51,1,0.5
dpgan,Groundhog,12435,0,0.34,0,0.5
dpgan,Groundhog,12435,1,0.47,0,0.5
dpgan,Groundhog,12435,0,0.37,0,0.5
dpgan,Groundhog,12435,1,0.34,0,0.5
dpgan,Groundhog,12435,0,0.37,0,0.5
dpgan,Groundhog,12435,1,0.72,1,0.5
dpgan,Groundhog,12435,0,0.46,0,0.5
dpgan,Groundhog,12435,1,0.7,1,0.5
dpgan,Groundhog,12435,0,0.44,0,0.5
dpgan,Groundhog,12435,1,0.69,1,0.5
dpgan,Groundhog,12435,0,0.51,1,0.5
dpgan,Groundhog,12435,1,0.5,0,0.5
dpgan,Groundhog,12435,0,0.58,1,0.5
dpgan,Groundhog,12435,1,0.4,0,0.5
dpgan,Groundhog,12435,0,0.59,1,0.5
dpgan,Groundhog,12435,1,0.53,1,0.5
dpgan,Groundhog,12435,0,0.44,0,0.5
dpgan,Groundhog,12435,1,0.69,1,0.5
dpgan,Groundhog,12435,0,0.42,0,0.5
dpgan,Groundhog,12435,1,0.46,0,0.5
dpgan,Groundhog,12435,0,0.51,1,0.5
dpgan,Groundhog,12435,1,0.61,1,0.5
dpgan,Groundhog,12435,0,0.37,0,0.5
dpgan,Groundhog,12435,1,0.5,0,0.5
dpgan,Groundhog,12435,0,0.38,0,0.5
dpgan,Groundhog,12435,1,0.61,1,0.5
dpgan,Groundhog,12435,0,0.51,1,0.5
dpgan,Groundhog,12435,1,0.49,0,0.5
dpgan,Groundhog,12435,0,0.5,0,0.5
dpgan,Groundhog,12435,1,0.5,0,0.5
dpgan,Groundhog,12435,0,0.56,1,0.5
dpgan,Groundhog,12435,1,0.64,1,0.5
dpgan,Groundhog,12435,0,0.45,0,0.5
dpgan,Groundhog,12435,1,0.53,1,0.5
dpgan,Groundhog,12435,0,0.45,0,0.5
dpgan,Groundhog,12435,1,0.6,1,0.5
dpgan,Groundhog,12435,0,0.47,0,0.5
dpgan,Groundhog,12435,1,0.55,1,0.5
dpgan,Groundhog,12435,0,0.49,0,0.5
dpgan,Groundhog,12435,1,0.45,0,0.5
dpgan,Groundhog,12435,0,0.36,0,0.5
dpgan,Groundhog,12435,1,0.47,0,0.5
dpgan,Groundhog,12435,0,0.49,0,0.5
dpgan,Groundhog,12435,1,0.51,1,0.5
dpgan,Groundhog,12435,0,0.36,0,0.5
dpgan,Groundhog,12435,1,0.61,1,0.5
dpgan,Groundhog,12435,0,0.56,1,0.5
dpgan,Groundhog,12435,1,0.58,1,0.5
dpgan,Groundhog,12435,0,0.47,0,0.5
dpgan,Groundhog,12435,1,0.54,1,0.5
dpgan,Groundhog,12435,0,0.55,1,0.5
dpgan,Groundhog,12435,1,0.68,1,0.5
dpgan,Groundhog,12435,0,0.33,0,0.5
dpgan,Groundhog,12435,1,0.63,1,0.5
dpgan,Groundhog,12435,0,0.38,0,0.5
dpgan,Groundhog,12435,1,0.52,1,0.5
dpgan,Groundhog,12435,0,0.46,0,0.5
dpgan,Groundhog,12435,1,0.54,1,0.5
dpgan,Groundhog,12435,0,0.53,1,0.5
dpgan,Groundhog,12435,1,0.74,1,0.5
dpgan,Groundhog,12435,0,0.45,0,0.5
dpgan,Groundhog,12435,1,0.45,0,0.5
dpgan,Groundhog,12435,0,0.54,1,0.5
dpgan,Groundhog,12435,1,0.56,1,0.5
dpgan,Groundhog,12435,0,0.44,0,0.5
dpgan,Groundhog,12435,1,0.72,1,0.5
dpgan,Groundhog,12435,0,0.64,1,0.5
dpgan,Groundhog,12435,1,0.68,1,0.5
dpgan,Groundhog,12435,0,0.41,0,0.5
dpgan,Groundhog,12435,1,0.49,0,0.5
dpgan,Groundhog,12435,0,0.52,1,0.5
dpgan,Groundhog,12435,1,0.54,1,0.5
dpgan,Groundhog,12435,0,0.5,0,0.5
dpgan,Groundhog,12435,1,0.42,0,0.5
dpgan,Groundhog,12435,0,0.43,0,0.5
dpgan,Groundhog,12435,1,0.55,1,0.5
dpgan,Groundhog,12435,0,0.47,0,0.5
dpgan,Groundhog,12435,1,0.52,1,0.5
dpgan,Groundhog,12435,0,0.45,0,0.5
dpgan,Groundhog,12435,1,0.44,0,0.5
dpgan,Groundhog,12435,0,0.27,0,0.5
dpgan,Groundhog,12435,1,0.57,1,0.5
dpgan,Groundhog,12435,0,0.51,1,0.5
dpgan,Groundhog,12435,1,0.71,1,0.5
dpgan,Groundhog,12435,0,0.56,1,0.5
dpgan,Groundhog,12435,1,0.56,1,0.5
dpgan,Groundhog,12435,0,0.48,0,0.5
dpgan,Groundhog,12435,1,0.58,1,0.5
dpgan,Groundhog,12435,0,0.48,0,0.5
dpgan,Groundhog,12435,1,0.57,1,0.5
dpgan,Groundhog,12435,0,0.31,0,0.5
dpgan,Groundhog,12435,1,0.68,1,0.5
dpgan,Groundhog,12435,0,0.47,0,0.5
dpgan,Groundhog,12435,1,0.64,1,0.5
dpgan,Groundhog,12435,0,0.43,0,0.5
dpgan,Groundhog,12435,1,0.58,1,0.5
dpgan,Groundhog,12435,0,0.37,0,0.5
dpgan,Groundhog,12435,1,0.39,0,0.5
dpgan,Groundhog,12435,0,0.33,0,0.5
dpgan,Groundhog,12435,1,0.58,1,0.5
dpgan,Groundhog,12435,0,0.58,1,0.5
dpgan,Groundhog,12435,1,0.68,1,0.5
dpgan,Groundhog,12435,0,0.43,0,0.5
dpgan,Groundhog,12435,1,0.63,1,0.5
dpgan,Groundhog,12435,0,0.44,0,0.5
dpgan,Groundhog,12435,1,0.64,1,0.5
dpgan,Groundhog,12435,0,0.35,0,0.5
dpgan,Groundhog,12435,1,0.74,1,0.5
dpgan,Groundhog,12435,0,0.47,0,0.5
dpgan,Groundhog,12435,1,0.48,0,0.5
dpgan,Groundhog,12435,0,0.58,1,0.5
dpgan,Groundhog,12435,1,0.57,1,0.5
dpgan,Groundhog,12435,0,0.56,1,0.5
dpgan,Groundhog,12435,1,0.65,1,0.5
dpgan,Groundhog,12435,0,0.53,1,0.5
dpgan,Groundhog,12435,1,0.49,0,0.5
dpgan,Groundhog,12435,0,0.38,0,0.5
dpgan,Groundhog,12435,1,0.61,1,0.5
dpgan,Groundhog,12435,0,0.35,0,0.5
dpgan,Groundhog,12435,1,0.55,1,0.5
dpgan,Groundhog,12435,0,0.35,0,0.5
dpgan,Groundhog,12435,1,0.59,1,0.5
dpgan,Groundhog,12435,0,0.55,1,0.5
dpgan,Groundhog,12435,1,0.59,1,0.5
dpgan,Groundhog,12435,0,0.36,0,0.5
dpgan,Groundhog,12435,1,0.49,0,0.5
dpgan,Groundhog,12435,0,0.39,0,0.5
dpgan,Groundhog,12435,1,0.33,0,0.5
dpgan,Groundhog,12435,0,0.41,0,0.5
dpgan,Groundhog,12435,1,0.65,1,0.5
dpgan,Groundhog,12435,0,0.53,1,0.5
dpgan,Groundhog,12435,1,0.42,0,0.5
dpgan,Groundhog,12435,0,0.64,1,0.5
dpgan,Groundhog,12435,1,0.59,1,0.5
dpgan,Groundhog,12435,0,0.41,0,0.5
dpgan,Groundhog,12435,1,0.63,1,0.5
dpgan,Groundhog,12435,0,0.42,0,0.5
dpgan,Groundhog,12435,1,0.52,1,0.5
dpgan,Groundhog,12435,0,0.42,0,0.5
dpgan,Groundhog,12435,1,0.68,1,0.5
dpgan,Groundhog,12435,0,0.55,1,0.5
dpgan,Groundhog,12435,1,0.46,0,0.5
dpgan,Groundhog,12435,0,0.59,1,0.5
dpgan,Groundhog,12435,1,0.56,1,0.5
dpgan,Groundhog,12435,0,0.27,0,0.5
dpgan,Groundhog,12435,1,0.67,1,0.5
dpgan,Groundhog,12435,0,0.35,0,0.5
dpgan,Groundhog,12435,1,0.68,1,0.5
dpgan,Groundhog,12435,0,0.48,0,0.5
dpgan,Groundhog,12435,1,0.59,1,0.5
dpgan,Groundhog,12435,0,0.28,0,0.5
dpgan,Groundhog,12435,1,0.65,1,0.5
dpgan,Groundhog,12435,0,0.5,0,0.5
dpgan,Groundhog,12435,1,0.55,1,0.5
dpgan,Groundhog,12435,0,0.41,0,0.5
dpgan,Groundhog,12435,1,0.47,0,0.5
dpgan,Groundhog,12435,0,0.29,0,0.5
dpgan,Groundhog,12435,1,0.56,1,0.5
dpgan,Groundhog,12435,0,0.48,0,0.5
dpgan,Groundhog,12435,1,0.49,0,0.5
dpgan,Groundhog,12435,0,0.49,0,0.5
dpgan,Groundhog,12435,1,0.45,0,0.5
dpgan,Groundhog,12435,0,0.53,1,0.5
dpgan,Groundhog,12435,1,0.39,0,0.5
dpgan,Groundhog,12435,0,0.56,1,0.5
dpgan,Groundhog,12435,1,0.69,1,0.5
dpgan,Groundhog,12435,0,0.51,1,0.5
dpgan,Groundhog,12435,1,0.52,1,0.5
dpgan,Groundhog,12435,0,0.52,1,0.5
dpgan,Groundhog,12435,1,0.74,1,0.5
dpgan,Groundhog,12435,0,0.6,1,0.5
dpgan,Groundhog,12435,1,0.58,1,0.5
dpgan,Groundhog,12435,0,0.34,0,0.5
dpgan,Groundhog,12435,1,0.6,1,0.5
dpgan,Groundhog,12435,0,0.41,0,0.5
dpgan,Groundhog,12435,1,0.69,1,0.5
dpgan,Groundhog,12435,0,0.45,0,0.5
dpgan,Groundhog,12435,1,0.53,1,0.5
dpgan,Groundhog,12435,0,0.59,1,0.5
dpgan,Groundhog,12435,1,0.52,1,0.5
dpgan,Groundhog,12435,0,0.33,0,0.5
dpgan,Groundhog,12435,1,0.58,1,0.5
dpgan,Groundhog,12435,0,0.46,0,0.5
dpgan,Groundhog,12435,1,0.49,0,0.5
dpgan,Groundhog,12435,0,0.42,0,0.5
dpgan,Groundhog,12435,1,0.73,1,0.5
dpgan,Groundhog,12435,0,0.32,0,0.5
dpgan,Groundhog,12435,1,0.52,1,0.5
dpgan,Groundhog,12435,0,0.44,0,0.5
dpgan,Groundhog,12435,1,0.64,1,0.5
dpgan,Groundhog,12435,0,0.51,1,0.5
dpgan,Groundhog,12435,1,0.39,0,0.5
dpgan,Groundhog,12435,0,0.32,0,0.5
dpgan,Groundhog,12435,1,0.72,1,0.5
dpgan,Groundhog,12435,0,0.31,0,0.5
dpgan,Groundhog,12435,1,0.48,0,0.5
dpgan,Groundhog,12435,0,0.34,0,0.5
dpgan,Groundhog,12435,1,0.59,1,0.5
dpgan,Groundhog,12435,0,0.41,0,0.5
dpgan,Groundhog,12435,1,0.4,0,0.5
dpgan,Groundhog,12435,0,0.58,1,0.5
dpgan,Groundhog,12435,1,0.48,0,0.5
dpgan,Groundhog,12435,0,0.46,0,0.5
dpgan,Groundhog,12435,1,0.58,1,0.5
dpgan,Groundhog,12435,0,0.48,0,0.5
dpgan,Groundhog,12435,1,0.74,1,0.5
dpgan,Groundhog,12435,0,0.41,0,0.5
dpgan,Groundhog,12435,1,0.73,1,0.5
dpgan,Groundhog,12435,0,0.42,0,0.5
dpgan,Groundhog,12435,1,0.48,0,0.5
dpgan,Groundhog,12435,0,0.43,0,0.5
dpgan,Groundhog,12435,1,0.45,0,0.5
dpgan,Groundhog,12435,0,0.39,0,0.5
dpgan,Groundhog,12435,1,0.6,1,0.5
dpgan,Groundhog,12435,0,0.27,0,0.5
dpgan,Groundhog,12435,1,0.6,1,0.5
dpgan,Groundhog,12435,0,0.48,0,0.5
dpgan,Groundhog,12435,1,0.63,1,0.5
dpgan,Groundhog,12435,0,0.45,0,0.5
dpgan,Groundhog,12435,1,0.44,0,0.5
dpgan,Groundhog,12435,0,0.34,0,0.5
dpgan,Groundhog,12435,1,0.7,1,0.5
dpgan,Groundhog,12435,0,0.42,0,0.5
dpgan,Groundhog,12435,1,0.43,0,0.5
dpgan,Groundhog,12435,0,0.53,1,0.5
dpgan,Groundhog,12435,1,0.43,0,0.5
dpgan,Groundhog,12435,0,0.43,0,0.5
dpgan,Groundhog,12435,1,0.45,0,0.5
dpgan,Groundhog,12435,0,0.45,0,0.5
dpgan,Groundhog,12435,1,0.74,1,0.5
dpgan,Groundhog,12435,0,0.44,0,0.5
dpgan,Groundhog,12435,1,0.64,1,0.5
dpgan,Groundhog,12435,0,0.52,1,0.5
dpgan,Groundhog,12435,1,0.52,1,0.5
dpgan,Groundhog,12435,0,0.31,0,0.5
dpgan,Groundhog,12435,1,0.61,1,0.5
dpgan,Groundhog,12435,0,0.54,1,0.5
dpgan,Groundhog,12435,1,0.59,1,0.5
dpgan,Groundhog,12435,0,0.55,1,0.5
dpgan,Groundhog,12435,1,0.57,1,0.5
dpgan,Groundhog,12435,0,0.62,1,0.5
dpgan,Groundhog,12435,1,0.46,0,0.5
dpgan,Groundhog,12435,0,0.53,1,0.5
dpgan,Groundhog,12435,1,0.64,1,0.5
dpgan,Groundhog,12435,0,0.51,1,0.5
dpgan,Groundhog,12435,1,0.46,0,0.5
dpgan,Groundhog,12435,0,0.37,0,0.5
dpgan,Groundhog,12435,1,0.51,1,0.5
dpgan,Groundhog,12435,0,0.41,0,0.5
dpgan,Groundhog,12435,1,0.65,1,0.5
dpgan,Groundhog,12435,0,0.5,0,0.5
dpgan,Groundhog,12435,1,0.56,1,0.5
dpgan,Groundhog,12435,0,0.47,0,0.5
dpgan,Groundhog,12435,1,0.46,0,0.5
dpgan,Groundhog,12435,0,0.44,0,0.5
dpgan,Groundhog,12435,1,0.58,1,0.5
dpgan,Groundhog,12435,0,0.46,0,0.5
dpgan,Groundhog,12435,1,0.58,1,0.5
dpgan,Groundhog,12435,0,0.7,1,0.5
dpgan,Groundhog,12435,1,0.51,1,0.5
dpgan,Groundhog,12435,0,0.52,1,0.5
dpgan,Groundhog,12435,1,0.69,1,0.5
dpgan,Groundhog,12435,0,0.36,0,0.5
dpgan,Groundhog,12435,1,0.77,1,0.5
dpgan,Groundhog,12435,0,0.47,0,0.5
dpgan,Groundhog,12435,1,0.51,1,0.5
dpgan,Groundhog,12435,0,0.37,0,0.5
dpgan,Groundhog,12435,1,0.59,1,0.5
dpgan,Groundhog,12435,0,0.54,1,0.5
dpgan,Groundhog,12435,1,0.5,0,0.5
dpgan,Groundhog,12435,0,0.67,1,0.5
dpgan,Groundhog,12435,1,0.64,1,0.5
dpgan,Groundhog,12435,0,0.49,0,0.5
dpgan,Groundhog,12435,1,0.66,1,0.5
dpgan,Groundhog,12435,0,0.48,0,0.5
dpgan,Groundhog,12435,1,0.55,1,0.5
dpgan,Groundhog,12435,0,0.46,0,0.5
dpgan,Groundhog,12435,1,0.65,1,0.5
dpgan,Groundhog,12435,0,0.5,0,0.5
dpgan,Groundhog,12435,1,0.49,0,0.5
dpgan,Groundhog,12435,0,0.51,1,0.5
dpgan,Groundhog,12435,1,0.61,1,0.5
dpgan,Groundhog,12435,0,0.34,0,0.5
dpgan,Groundhog,12435,1,0.62,1,0.5
dpgan,Groundhog,12435,0,0.57,1,0.5
dpgan,Groundhog,12435,1,0.57,1,0.5
dpgan,Groundhog,12435,0,0.67,1,0.5
dpgan,Groundhog,12435,1,0.7,1,0.5
dpgan,Groundhog,12435,0,0.45,0,0.5
dpgan,Groundhog,12435,1,0.66,1,0.5
dpgan,Groundhog,12435,0,0.34,0,0.5
dpgan,Groundhog,12435,1,0.59,1,0.5
dpgan,Groundhog,12435,0,0.37,0,0.5
dpgan,Groundhog,12435,1,0.55,1,0.5
dpgan,Groundhog,12435,0,0.42,0,0.5
dpgan,Groundhog,12435,1,0.72,1,0.5
dpgan,Groundhog,12435,0,0.41,0,0.5
dpgan,Groundhog,12435,1,0.51,1,0.5
dpgan,Groundhog,12435,0,0.31,0,0.5
dpgan,Groundhog,12435,1,0.41,0,0.5
dpgan,Groundhog,12435,0,0.5,0,0.5
dpgan,Groundhog,12435,1,0.68,1,0.5
dpgan,Groundhog,12435,0,0.49,0,0.5
dpgan,Groundhog,12435,1,0.54,1,0.5
dpgan,Groundhog,12435,0,0.35,0,0.5
dpgan,Groundhog,12435,1,0.53,1,0.5
dpgan,Groundhog,12435,0,0.43,0,0.5
dpgan,Groundhog,12435,1,0.5,0,0.5
dpgan,Groundhog,12435,0,0.38,0,0.5
dpgan,Groundhog,12435,1,0.55,1,0.5
dpgan,Groundhog,12435,0,0.47,0,0.5
dpgan,Groundhog,12435,1,0.54,1,0.5
dpgan,Groundhog,12435,0,0.5,0,0.5
dpgan,Groundhog,12435,1,0.58,1,0.5
dpgan,Groundhog,12435,0,0.44,0,0.5
dpgan,Groundhog,12435,1,0.56,1,0.5
dpgan,Groundhog,12435,0,0.4,0,0.5
dpgan,Groundhog,12435,1,0.52,1,0.5
dpgan,Groundhog,12435,0,0.46,0,0.5
dpgan,Groundhog,12435,1,0.47,0,0.5
dpgan,Groundhog,12435,0,0.43,0,0.5
dpgan,Groundhog,12435,1,0.69,1,0.5
dpgan,Groundhog,12435,0,0.25,0,0.5
dpgan,Groundhog,12435,1,0.59,1,0.5
dpgan,Groundhog,12435,0,0.35,0,0.5
dpgan,Groundhog,12435,1,0.49,0,0.5
dpgan,Groundhog,12435,0,0.5,0,0.5
dpgan,Groundhog,12435,1,0.64,1,0.5
dpgan,Groundhog,12435,0,0.39,0,0.5
dpgan,Groundhog,12435,1,0.55,1,0.5
dpgan,Groundhog,12435,0,0.5,0,0.5
dpgan,Groundhog,12435,1,0.47,0,0.5
dpgan,Groundhog,12435,0,0.5,0,0.5
dpgan,Groundhog,12435,1,0.61,1,0.5
dpgan,Groundhog,12435,0,0.34,0,0.5
dpgan,Groundhog,12435,1,0.6,1,0.5
dpgan,Groundhog,12435,0,0.48,0,0.5
dpgan,Groundhog,12435,1,0.39,0,0.5
dpgan,Groundhog,12435,0,0.53,1,0.5
dpgan,Groundhog,12435,1,0.68,1,0.5
dpgan,Groundhog,12435,0,0.37,0,0.5
dpgan,Groundhog,12435,1,0.69,1,0.5
dpgan,Groundhog,12435,0,0.44,0,0.5
dpgan,Groundhog,12435,1,0.46,0,0.5
dpgan,Groundhog,12435,0,0.4,0,0.5
dpgan,Groundhog,12435,1,0.56,1,0.5
dpgan,Groundhog,12435,0,0.47,0,0.5
dpgan,Groundhog,12435,1,0.55,1,0.5
dpgan,Groundhog,12435,0,0.52,1,0.5
dpgan,Groundhog,12435,1,0.42,0,0.5
dpgan,Groundhog,12435,0,0.41,0,0.5
dpgan,Groundhog,12435,1,0.72,1,0.5
dpgan,Groundhog,12435,0,0.48,0,0.5
dpgan,Groundhog,12435,1,0.76,1,0.5
dpgan,Groundhog,12435,0,0.43,0,0.5
dpgan,Groundhog,12435,1,0.64,1,0.5
dpgan,Groundhog,12435,0,0.3,0,0.5
dpgan,Groundhog,12435,1,0.65,1,0.5
dpgan,Groundhog,12435,0,0.33,0,0.5
dpgan,Groundhog,12435,1,0.5,0,0.5
dpgan,Groundhog,12435,0,0.34,0,0.5
dpgan,Groundhog,12435,1,0.48,0,0.5
dpgan,Groundhog,12435,0,0.36,0,0.5
dpgan,Groundhog,12435,1,0.52,1,0.5
dpgan,Groundhog,12435,0,0.46,0,0.5
dpgan,Groundhog,12435,1,0.45,0,0.5
dpgan,Groundhog,12435,0,0.37,0,0.5
dpgan,Groundhog,12435,1,0.61,1,0.5
dpgan,Groundhog,12435,0,0.42,0,0.5
dpgan,Groundhog,12435,1,0.55,1,0.5
dpgan,Groundhog,12435,0,0.33,0,0.5
dpgan,Groundhog,12435,1,0.52,1,0.5
dpgan,Groundhog,12435,0,0.46,0,0.5
dpgan,Groundhog,12435,1,0.51,1,0.5
dpgan,Groundhog,12435,0,0.38,0,0.5
dpgan,Groundhog,12435,1,0.65,1,0.5
dpgan,Groundhog,12435,0,0.31,0,0.5
dpgan,Groundhog,12435,1,0.66,1,0.5
dpgan,Groundhog,12435,0,0.48,0,0.5
dpgan,Groundhog,12435,1,0.54,1,0.5
dpgan,Groundhog,12435,0,0.43,0,0.5
dpgan,Groundhog,12435,1,0.52,1,0.5
dpgan,Groundhog,12435,0,0.39,0,0.5
dpgan,Groundhog,12435,1,0.61,1,0.5
dpgan,Groundhog,12435,0,0.33,0,0.5
dpgan,Groundhog,12435,1,0.6,1,0.5
dpgan,Groundhog,12435,0,0.44,0,0.5
dpgan,Groundhog,12435,1,0.76,1,0.5
dpgan,Groundhog,12435,0,0.41,0,0.5
dpgan,Groundhog,12435,1,0.5,0,0.5
dpgan,Groundhog,12435,0,0.51,1,0.5
dpgan,Groundhog,12435,1,0.56,1,0.5
dpgan,Groundhog,12435,0,0.38,0,0.5
dpgan,Groundhog,12435,1,0.68,1,0.5
dpgan,Groundhog,12435,0,0.54,1,0.5
dpgan,Groundhog,12435,1,0.61,1,0.5
dpgan,Groundhog,12435,0,0.42,0,0.5
dpgan,Groundhog,12435,1,0.56,1,0.5
dpgan,Groundhog,12435,0,0.51,1,0.5
dpgan,Groundhog,12435,1,0.22,0,0.5
dpgan,Groundhog,12435,0,0.37,0,0.5
dpgan,Groundhog,12435,1,0.57,1,0.5
dpgan,Groundhog,12435,0,0.35,0,0.5
dpgan,Groundhog,12435,1,0.72,1,0.5
dpgan,Groundhog,12435,0,0.41,0,0.5
dpgan,Groundhog,12435,1,0.51,1,0.5
dpgan,Groundhog,12435,0,0.56,1,0.5
dpgan,Groundhog,12435,1,0.44,0,0.5
dpgan,Groundhog,12435,0,0.53,1,0.5
dpgan,Groundhog,12435,1,0.37,0,0.5
dpgan,Groundhog,12435,0,0.36,0,0.5
dpgan,Groundhog,12435,1,0.7,1,0.5
dpgan,Groundhog,12435,0,0.36,0,0.5
dpgan,Groundhog,12435,1,0.59,1,0.5
dpgan,Groundhog,12435,0,0.44,0,0.5
dpgan,Groundhog,12435,1,0.58,1,0.5
dpgan,Groundhog,12435,0,0.47,0,0.5
dpgan,Groundhog,12435,1,0.5,0,0.5
dpgan,Groundhog,12435,0,0.55,1,0.5
dpgan,Groundhog,12435,1,0.59,1,0.5
dpgan,Groundhog,12435,0,0.38,0,0.5
dpgan,Groundhog,12435,1,0.41,0,0.5
dpgan,Groundhog,12435,0,0.42,0,0.5
dpgan,Groundhog,12435,1,0.47,0,0.5
dpgan,Groundhog,12435,0,0.31,0,0.5
dpgan,Groundhog,12435,1,0.53,1,0.5
dpgan,Groundhog,12435,0,0.63,1,0.5
dpgan,Groundhog,12435,1,0.47,0,0.5
dpgan,Groundhog,12435,0,0.32,0,0.5
dpgan,Groundhog,12435,1,0.53,1,0.5
dpgan,Groundhog,12435,0,0.36,0,0.5
dpgan,Groundhog,12435,1,0.53,1,0.5
dpgan,Groundhog,12435,0,0.62,1,0.5
dpgan,Groundhog,12435,1,0.41,0,0.5
dpgan,Groundhog,12435,0,0.23,0,0.5
dpgan,Groundhog,12435,1,0.58,1,0.5
dpgan,Groundhog,12435,0,0.31,0,0.5
dpgan,Groundhog,12435,1,0.47,0,0.5
dpgan,Groundhog,12435,0,0.34,0,0.5
dpgan,Groundhog,12435,1,0.71,1,0.5
dpgan,Groundhog,12435,0,0.46,0,0.5
dpgan,Groundhog,12435,1,0.54,1,0.5
dpgan,Groundhog,12435,0,0.32,0,0.5
dpgan,Groundhog,12435,1,0.53,1,0.5
dpgan,Groundhog,12435,0,0.6,1,0.5
dpgan,Groundhog,12435,1,0.53,1,0.5
dpgan,Groundhog,12435,0,0.54,1,0.5
dpgan,Groundhog,12435,1,0.43,0,0.5
dpgan,Groundhog,12435,0,0.49,0,0.5
dpgan,Groundhog,12435,1,0.34,0,0.5
dpgan,Groundhog,12435,0,0.3,0,0.5
dpgan,Groundhog,12435,1,0.58,1,0.5
dpgan,Groundhog,12435,0,0.33,0,0.5
dpgan,Groundhog,12435,1,0.57,1,0.5
dpgan,Groundhog,12435,0,0.34,0,0.5
dpgan,Groundhog,12435,1,0.74,1,0.5
dpgan,Groundhog,12435,0,0.55,1,0.5
dpgan,Groundhog,12435,1,0.6,1,0.5
dpgan,Groundhog,12435,0,0.41,0,0.5
dpgan,Groundhog,12435,1,0.43,0,0.5
dpgan,Groundhog,12435,0,0.41,0,0.5
dpgan,Groundhog,12435,1,0.67,1,0.5
dpgan,Groundhog,12435,0,0.61,1,0.5
dpgan,Groundhog,12435,1,0.53,1,0.5
dpgan,Groundhog,12435,0,0.56,1,0.5
dpgan,Groundhog,12435,1,0.68,1,0.5
dpgan,Groundhog,12435,0,0.57,1,0.5
dpgan,Groundhog,12435,1,0.59,1,0.5
dpgan,Groundhog,12435,0,0.41,0,0.5
dpgan,Groundhog,12435,1,0.72,1,0.5
dpgan,Groundhog,12435,0,0.55,1,0.5
dpgan,Groundhog,12435,1,0.55,1,0.5
dpgan,Groundhog,12435,0,0.36,0,0.5
dpgan,Groundhog,12435,1,0.5,0,0.5
dpgan,Groundhog,12435,0,0.44,0,0.5
dpgan,Groundhog,12435,1,0.53,1,0.5
dpgan,Groundhog,12435,0,0.56,1,0.5
dpgan,Groundhog,12435,1,0.5,0,0.5
dpgan,Groundhog,12435,0,0.5,0,0.5
dpgan,Groundhog,12435,1,0.63,1,0.5
dpgan,Groundhog,12435,0,0.2,0,0.5
dpgan,Groundhog,12435,1,0.54,1,0.5
dpgan,Groundhog,12435,0,0.55,1,0.5
dpgan,Groundhog,12435,1,0.76,1,0.5
dpgan,Groundhog,12435,0,0.39,0,0.5
dpgan,Groundhog,12435,1,0.59,1,0.5
dpgan,Groundhog,12435,0,0.46,0,0.5
dpgan,Groundhog,12435,1,0.56,1,0.5
dpgan,Groundhog,12435,0,0.48,0,0.5
dpgan,Groundhog,12435,1,0.65,1,0.5
dpgan,Groundhog,12435,0,0.44,0,0.5
dpgan,Groundhog,12435,1,0.44,0,0.5
dpgan,Groundhog,12435,0,0.53,1,0.5
dpgan,Groundhog,12435,1,0.62,1,0.5
dpgan,Groundhog,12435,0,0.48,0,0.5
dpgan,Groundhog,12435,1,0.55,1,0.5
dpgan,Groundhog,12435,0,0.47,0,0.5
dpgan,Groundhog,12435,1,0.57,1,0.5
dpgan,Groundhog,12435,0,0.6,1,0.5
dpgan,Groundhog,12435,1,0.52,1,0.5
dpgan,Groundhog,12435,0,0.54,1,0.5
dpgan,Groundhog,12435,1,0.36,0,0.5
dpgan,Groundhog,12435,0,0.44,0,0.5
dpgan,Groundhog,12435,1,0.47,0,0.5
dpgan,Groundhog,12435,0,0.56,1,0.5
dpgan,Groundhog,12435,1,0.57,1,0.5
dpgan,Groundhog,12435,0,0.56,1,0.5
dpgan,Groundhog,12435,1,0.69,1,0.5
dpgan,Groundhog,12435,0,0.4,0,0.5
dpgan,Groundhog,12435,1,0.67,1,0.5
dpgan,Groundhog,12435,0,0.51,1,0.5
dpgan,Groundhog,12435,1,0.66,1,0.5
dpgan,Groundhog,12435,0,0.34,0,0.5
dpgan,Groundhog,12435,1,0.49,0,0.5
dpgan,Groundhog,12435,0,0.38,0,0.5
dpgan,Groundhog,12435,1,0.6,1,0.5
dpgan,Groundhog,12435,0,0.39,0,0.5
dpgan,Groundhog,12435,1,0.58,1,0.5
dpgan,Groundhog,12435,0,0.49,0,0.5
dpgan,Groundhog,12435,1,0.56,1,0.5
dpgan,Groundhog,12435,0,0.3,0,0.5
dpgan,Groundhog,12435,1,0.39,0,0.5
dpgan,Groundhog,12435,0,0.56,1,0.5
dpgan,Groundhog,12435,1,0.64,1,0.5
dpgan,Groundhog,12435,0,0.59,1,0.5
dpgan,Groundhog,12435,1,0.59,1,0.5
dpgan,Groundhog,12435,0,0.5,0,0.5
dpgan,Groundhog,12435,1,0.5,0,0.5
dpgan,Groundhog,12435,0,0.56,1,0.5
dpgan,Groundhog,12435,1,0.55,1,0.5
dpgan,Groundhog,12435,0,0.46,0,0.5
dpgan,Groundhog,12435,1,0.75,1,0.5
dpgan,Groundhog,12435,0,0.58,1,0.5
dpgan,Groundhog,12435,1,0.8,1,0.5
dpgan,Groundhog,12435,0,0.48,0,0.5
dpgan,Groundhog,12435,1,0.53,1,0.5
dpgan,Groundhog,12435,0,0.52,1,0.5
dpgan,Groundhog,12435,1,0.68,1,0.5
dpgan,Groundhog,12435,0,0.46,0,0.5
dpgan,Groundhog,12435,1,0.52,1,0.5
dpgan,Groundhog,12435,0,0.43,0,0.5
dpgan,Groundhog,12435,1,0.57,1,0.5
dpgan,Groundhog,12435,0,0.51,1,0.5
dpgan,Groundhog,12435,1,0.65,1,0.5
dpgan,Groundhog,12435,0,0.57,1,0.5
dpgan,Groundhog,12435,1,0.65,1,0.5
dpgan,Groundhog,12435,0,0.61,1,0.5
dpgan,Groundhog,12435,1,0.72,1,0.5
dpgan,Groundhog,12435,0,0.54,1,0.5
dpgan,Groundhog,12435,1,0.57,1,0.5
dpgan,Groundhog,12435,0,0.62,1,0.5
dpgan,Groundhog,12435,1,0.47,0,0.5
dpgan,Groundhog,12435,0,0.61,1,0.5
dpgan,Groundhog,12435,1,0.49,0,0.5
dpgan,Groundhog,12435,0,0.51,1,0.5
dpgan,Groundhog,12435,1,0.54,1,0.5
dpgan,Groundhog,12435,0,0.46,0,0.5
dpgan,Groundhog,12435,1,0.54,1,0.5
dpgan,Groundhog,12435,0,0.47,0,0.5
dpgan,Groundhog,12435,1,0.6,1,0.5
dpgan,Groundhog,12435,0,0.34,0,0.5
dpgan,Groundhog,12435,1,0.5,0,0.5
dpgan,Groundhog,12435,0,0.54,1,0.5
dpgan,Groundhog,12435,1,0.59,1,0.5
dpgan,Groundhog,12435,0,0.61,1,0.5
dpgan,Groundhog,12435,1,0.64,1,0.5
dpgan,Groundhog,12435,0,0.48,0,0.5
dpgan,Groundhog,12435,1,0.68,1,0.5
dpgan,Groundhog,12435,0,0.55,1,0.5
dpgan,Groundhog,12435,1,0.64,1,0.5
dpgan,Groundhog,12435,0,0.62,1,0.5
dpgan,Groundhog,12435,1,0.73,1,0.5
dpgan,Groundhog,12435,0,0.42,0,0.5
dpgan,Groundhog,12435,1,0.69,1,0.5
dpgan,Groundhog,12435,0,0.3,0,0.5
dpgan,Groundhog,12435,1,0.72,1,0.5
dpgan,Groundhog,12435,0,0.36,0,0.5
dpgan,Groundhog,12435,1,0.49,0,0.5
dpgan,Groundhog,12435,0,0.36,0,0.5
dpgan,Groundhog,12435,1,0.54,1,0.5
dpgan,Groundhog,12435,0,0.34,0,0.5
dpgan,Groundhog,12435,1,0.7,1,0.5
dpgan,Groundhog,12435,0,0.37,0,0.5
dpgan,Groundhog,12435,1,0.45,0,0.5
dpgan,Groundhog,12435,0,0.47,0,0.5
dpgan,Groundhog,12435,1,0.6,1,0.5
dpgan,Groundhog,12435,0,0.56,1,0.5
dpgan,Groundhog,12435,1,0.51,1,0.5
dpgan,Groundhog,12435,0,0.37,0,0.5
dpgan,Groundhog,12435,1,0.73,1,0.5
dpgan,Groundhog,12435,0,0.39,0,0.5
dpgan,Groundhog,12435,1,0.49,0,0.5
dpgan,Groundhog,12435,0,0.38,0,0.5
dpgan,Groundhog,12435,1,0.57,1,0.5
dpgan,Groundhog,12435,0,0.4,0,0.5
dpgan,Groundhog,12435,1,0.65,1,0.5
dpgan,Groundhog,12435,0,0.5,0,0.5
dpgan,Groundhog,12435,1,0.63,1,0.5
dpgan,Groundhog,12435,0,0.37,0,0.5
dpgan,Groundhog,12435,1,0.72,1,0.5
dpgan,Groundhog,12435,0,0.43,0,0.5
dpgan,Groundhog,12435,1,0.77,1,0.5
dpgan,Groundhog,12435,0,0.25,0,0.5
dpgan,Groundhog,12435,1,0.52,1,0.5
dpgan,Groundhog,12435,0,0.66,1,0.5
dpgan,Groundhog,12435,1,0.56,1,0.5
dpgan,Groundhog,12435,0,0.47,0,0.5
dpgan,Groundhog,12435,1,0.45,0,0.5
dpgan,Groundhog,12435,0,0.54,1,0.5
dpgan,Groundhog,12435,1,0.66,1,0.5
dpgan,Groundhog,12435,0,0.48,0,0.5
dpgan,Groundhog,12435,1,0.68,1,0.5
dpgan,Groundhog,12435,0,0.37,0,0.5
dpgan,Groundhog,12435,1,0.72,1,0.5
dpgan,Groundhog,12435,0,0.44,0,0.5
dpgan,Groundhog,12435,1,0.56,1,0.5
dpgan,Groundhog,12435,0,0.49,0,0.5
dpgan,Groundhog,12435,1,0.48,0,0.5
dpgan,Groundhog,12435,0,0.54,1,0.5
dpgan,Groundhog,12435,1,0.65,1,0.5
dpgan,Groundhog,12435,0,0.47,0,0.5
dpgan,Groundhog,12435,1,0.59,1,0.5
dpgan,Groundhog,12435,0,0.32,0,0.5
dpgan,Groundhog,12435,1,0.55,1,0.5
dpgan,Groundhog,12435,0,0.42,0,0.5
dpgan,Groundhog,12435,1,0.46,0,0.5
dpgan,Groundhog,12435,0,0.55,1,0.5
dpgan,Groundhog,12435,1,0.59,1,0.5
dpgan,Groundhog,12435,0,0.26,0,0.5
dpgan,Groundhog,12435,1,0.51,1,0.5
dpgan,Groundhog,12435,0,0.5,0,0.5
dpgan,Groundhog,12435,1,0.48,0,0.5
dpgan,Groundhog,12435,0,0.37,0,0.5
dpgan,Groundhog,12435,1,0.56,1,0.5
dpgan,Groundhog,12435,0,0.42,0,0.5
dpgan,Groundhog,12435,1,0.49,0,0.5
dpgan,Groundhog,12435,0,0.39,0,0.5
dpgan,Groundhog,12435,1,0.53,1,0.5
dpgan,Groundhog,12435,0,0.3,0,0.5
dpgan,Groundhog,12435,1,0.6,1,0.5
dpgan,Groundhog,12435,0,0.44,0,0.5
dpgan,Groundhog,12435,1,0.51,1,0.5
dpgan,Groundhog,12435,0,0.5,0,0.5
dpgan,Groundhog,12435,1,0.37,0,0.5
dpgan,Groundhog,12435,0,0.58,1,0.5
dpgan,Groundhog,12435,1,0.68,1,0.5
dpgan,Groundhog,12435,0,0.51,1,0.5
dpgan,Groundhog,12435,1,0.6,1,0.5
dpgan,Groundhog,12435,0,0.37,0,0.5
dpgan,Groundhog,12435,1,0.5,0,0.5
dpgan,Groundhog,12435,0,0.45,0,0.5
dpgan,Groundhog,12435,1,0.54,1,0.5
dpgan,Groundhog,12435,0,0.55,1,0.5
dpgan,Groundhog,12435,1,0.52,1,0.5
dpgan,Groundhog,12435,0,0.43,0,0.5
dpgan,Groundhog,12435,1,0.69,1,0.5
dpgan,Groundhog,12435,0,0.42,0,0.5
dpgan,Groundhog,12435,1,0.62,1,0.5
dpgan,Groundhog,12435,0,0.49,0,0.5
dpgan,Groundhog,12435,1,0.62,1,0.5
dpgan,Groundhog,12435,0,0.67,1,0.5
dpgan,Groundhog,12435,1,0.35,0,0.5
dpgan,Groundhog,12435,0,0.43,0,0.5
dpgan,Groundhog,12435,1,0.6,1,0.5
dpgan,Groundhog,12435,0,0.35,0,0.5
dpgan,Groundhog,12435,1,0.44,0,0.5
dpgan,Groundhog,12435,0,0.68,1,0.5
dpgan,Groundhog,12435,1,0.46,0,0.5
dpgan,Groundhog,12435,0,0.46,0,0.5
dpgan,Groundhog,12435,1,0.65,1,0.5
dpgan,Groundhog,12435,0,0.43,0,0.5
dpgan,Groundhog,12435,1,0.64,1,0.5
dpgan,Groundhog,12435,0,0.51,1,0.5
dpgan,Groundhog,12435,1,0.47,0,0.5
dpgan,Groundhog,12435,0,0.33,0,0.5
dpgan,Groundhog,12435,1,0.65,1,0.5
dpgan,Groundhog,12435,0,0.41,0,0.5
dpgan,Groundhog,12435,1,0.48,0,0.5
dpgan,Groundhog,12435,0,0.49,0,0.5
dpgan,Groundhog,12435,1,0.63,1,0.5
dpgan,Groundhog,12435,0,0.27,0,0.5
dpgan,Groundhog,12435,1,0.52,1,0.5
dpgan,Groundhog,12435,0,0.34,0,0.5
dpgan,Groundhog,12435,1,0.61,1,0.5
dpgan,Groundhog,12435,0,0.47,0,0.5
dpgan,Groundhog,12435,1,0.49,0,0.5
dpgan,Groundhog,12435,0,0.53,1,0.5
dpgan,Groundhog,12435,1,0.48,0,0.5
dpgan,Groundhog,12435,0,0.54,1,0.5
dpgan,Groundhog,12435,1,0.68,1,0.5
dpgan,Groundhog,12435,0,0.36,0,0.5
dpgan,Groundhog,12435,1,0.41,0,0.5
dpgan,Groundhog,12435,0,0.34,0,0.5
dpgan,Groundhog,12435,1,0.58,1,0.5
dpgan,Groundhog,12435,0,0.61,1,0.5
dpgan,Groundhog,12435,1,0.57,1,0.5
dpgan,Groundhog,12435,0,0.43,0,0.5
dpgan,Groundhog,12435,1,0.53,1,0.5
dpgan,Groundhog,12435,0,0.58,1,0.5
dpgan,Groundhog,12435,1,0.62,1,0.5
dpgan,Groundhog,12435,0,0.47,0,0.5
dpgan,Groundhog,12435,1,0.39,0,0.5
dpgan,Groundhog,12435,0,0.44,0,0.5
dpgan,Groundhog,12435,1,0.59,1,0.5
dpgan,Groundhog,12435,0,0.48,0,0.5
dpgan,Groundhog,12435,1,0.47,0,0.5
dpgan,Groundhog,12435,0,0.47,0,0.5
dpgan,Groundhog,12435,1,0.54,1,0.5
dpgan,Groundhog,12435,0,0.41,0,0.5
dpgan,Groundhog,12435,1,0.55,1,0.5
dpgan,Groundhog,12435,0,0.45,0,0.5
dpgan,Groundhog,12435,1,0.47,0,0.5
dpgan,Groundhog,12435,0,0.28,0,0.5
dpgan,Groundhog,12435,1,0.57,1,0.5
dpgan,Groundhog,12435,0,0.39,0,0.5
dpgan,Groundhog,12435,1,0.61,1,0.5
dpgan,Groundhog,12435,0,0.31,0,0.5
dpgan,Groundhog,12435,1,0.39,0,0.5
dpgan,Groundhog,12435,0,0.55,1,0.5
dpgan,Groundhog,12435,1,0.6,1,0.5
dpgan,Groundhog,12435,0,0.43,0,0.5
dpgan,Groundhog,12435,1,0.69,1,0.5
dpgan,Groundhog,12435,0,0.46,0,0.5
dpgan,Groundhog,12435,1,0.45,0,0.5
dpgan,Groundhog,12435,0,0.53,1,0.5
dpgan,Groundhog,12435,1,0.54,1,0.5
dpgan,Groundhog,12435,0,0.39,0,0.5
dpgan,Groundhog,12435,1,0.64,1,0.5
dpgan,Groundhog,12435,0,0.46,0,0.5
dpgan,Groundhog,12435,1,0.65,1,0.5
dpgan,Groundhog,12435,0,0.46,0,0.5
dpgan,Groundhog,12435,1,0.75,1,0.5
dpgan,Groundhog,12435,0,0.38,0,0.5
dpgan,Groundhog,12435,1,0.6,1,0.5
dpgan,Groundhog,12435,0,0.46,0,0.5
dpgan,Groundhog,12435,1,0.53,1,0.5
dpgan,Groundhog,12435,0,0.41,0,0.5
dpgan,Groundhog,12435,1,0.62,1,0.5
dpgan,Groundhog,12435,0,0.47,0,0.5
dpgan,Groundhog,12435,1,0.58,1,0.5
dpgan,Groundhog,12435,0,0.42,0,0.5
dpgan,Groundhog,12435,1,0.49,0,0.5
dpgan,Groundhog,12435,0,0.25,0,0.5
dpgan,Groundhog,12435,1,0.61,1,0.5
dpgan,Groundhog,12435,0,0.51,1,0.5
dpgan,Groundhog,12435,1,0.66,1,0.5
dpgan,Groundhog,12435,0,0.43,0,0.5
dpgan,Groundhog,12435,1,0.68,1,0.5
dpgan,Groundhog,12435,0,0.63,1,0.5
dpgan,Groundhog,12435,1,0.49,0,0.5
dpgan,Groundhog,12435,0,0.32,0,0.5
dpgan,Groundhog,12435,1,0.63,1,0.5
dpgan,Groundhog,12435,0,0.41,0,0.5
dpgan,Groundhog,12435,1,0.52,1,0.5
dpgan,Groundhog,12435,0,0.44,0,0.5
dpgan,Groundhog,12435,1,0.57,1,0.5
dpgan,Groundhog,12435,0,0.34,0,0.5
dpgan,Groundhog,12435,1,0.47,0,0.5
dpgan,Groundhog,12435,0,0.45,0,0.5
dpgan,Groundhog,12435,1,0.41,0,0.5
dpgan,Groundhog,12435,0,0.51,1,0.5
dpgan,Groundhog,12435,1,0.76,1,0.5
dpgan,Groundhog,12435,0,0.37,0,0.5
dpgan,Groundhog,12435,1,0.58,1,0.5
dpgan,Groundhog,12435,0,0.38,0,0.5
dpgan,Groundhog,12435,1,0.39,0,0.5
dpgan,Groundhog,12435,0,0.4,0,0.5
dpgan,Groundhog,12435,1,0.6,1,0.5
dpgan,Groundhog,12435,0,0.4,0,0.5
dpgan,Groundhog,12435,1,0.45,0,0.5
dpgan,Groundhog,12435,0,0.32,0,0.5
dpgan,Groundhog,12435,1,0.68,1,0.5
dpgan,Groundhog,12435,0,0.45,0,0.5
dpgan,Groundhog,12435,1,0.65,1,0.5
dpgan,Groundhog,12435,0,0.37,0,0.5
dpgan,Groundhog,12435,1,0.47,0,0.5
dpgan,Groundhog,12435,0,0.53,1,0.5
dpgan,Groundhog,12435,1,0.55,1,0.5
dpgan,Groundhog,12435,0,0.45,0,0.5
dpgan,Groundhog,12435,1,0.62,1,0.5
dpgan,Groundhog,12435,0,0.35,0,0.5
dpgan,Groundhog,12435,1,0.43,0,0.5
dpgan,Groundhog,12435,0,0.63,1,0.5
dpgan,Groundhog,12435,1,0.67,1,0.5
dpgan,Groundhog,12435,0,0.39,0,0.5
dpgan,Groundhog,12435,1,0.6,1,0.5
dpgan,Groundhog,12435,0,0.36,0,0.5
dpgan,Groundhog,12435,1,0.49,0,0.5
dpgan,Groundhog,12435,0,0.35,0,0.5
dpgan,Groundhog,12435,1,0.75,1,0.5
dpgan,Groundhog,12435,0,0.36,0,0.5
dpgan,Groundhog,12435,1,0.6,1,0.5
dpgan,Groundhog,12435,0,0.67,1,0.5
dpgan,Groundhog,12435,1,0.47,0,0.5
dpgan,Groundhog,12435,0,0.49,0,0.5
dpgan,Groundhog,12435,1,0.71,1,0.5
dpgan,Groundhog,12435,0,0.47,0,0.5
dpgan,Groundhog,12435,1,0.47,0,0.5
dpgan,Groundhog,12435,0,0.45,0,0.5
dpgan,Groundhog,12435,1,0.52,1,0.5
dpgan,Groundhog,12435,0,0.36,0,0.5
dpgan,Groundhog,12435,1,0.67,1,0.5
dpgan,Groundhog,12435,0,0.64,1,0.5
dpgan,Groundhog,12435,1,0.53,1,0.5
dpgan,Groundhog,12435,0,0.58,1,0.5
dpgan,Groundhog,12435,1,0.58,1,0.5
dpgan,Groundhog,12435,0,0.62,1,0.5
dpgan,Groundhog,12435,1,0.69,1,0.5
dpgan,Groundhog,12435,0,0.35,0,0.5
dpgan,Groundhog,12435,1,0.58,1,0.5
dpgan,Groundhog,12435,0,0.51,1,0.5
dpgan,Groundhog,12435,1,0.48,0,0.5
dpgan,Groundhog,12435,0,0.48,0,0.5
dpgan,Groundhog,12435,1,0.61,1,0.5
dpgan,Groundhog,12435,0,0.21,0,0.5
dpgan,Groundhog,12435,1,0.57,1,0.5
dpgan,Groundhog,12435,0,0.36,0,0.5
dpgan,Groundhog,12435,1,0.47,0,0.5
dpgan,Groundhog,12435,0,0.54,1,0.5
dpgan,Groundhog,12435,1,0.5,0,0.5
dpgan,Groundhog,12435,0,0.38,0,0.5
dpgan,Groundhog,12435,1,0.56,1,0.5
dpgan,Groundhog,12435,0,0.19,0,0.5
dpgan,Groundhog,12435,1,0.43,0,0.5
dpgan,Groundhog,12435,0,0.29,0,0.5
dpgan,Groundhog,12435,1,0.44,0,0.5
dpgan,Groundhog,12435,0,0.33,0,0.5
dpgan,Groundhog,12435,1,0.53,1,0.5
dpgan,Groundhog,12435,0,0.38,0,0.5
dpgan,Groundhog,12435,1,0.5,0,0.5
dpgan,Groundhog,12435,0,0.51,1,0.5
dpgan,Groundhog,12435,1,0.45,0,0.5
dpgan,Groundhog,12435,0,0.33,0,0.5
dpgan,Groundhog,12435,1,0.56,1,0.5
dpgan,Groundhog,12435,0,0.5,0,0.5
dpgan,Groundhog,12435,1,0.53,1,0.5
dpgan,Groundhog,12435,0,0.58,1,0.5
dpgan,Groundhog,12435,1,0.6,1,0.5
dpgan,Groundhog,12435,0,0.43,0,0.5
dpgan,Groundhog,12435,1,0.6,1,0.5
dpgan,Groundhog,12435,0,0.48,0,0.5
dpgan,Groundhog,12435,1,0.35,0,0.5
dpgan,Groundhog,12435,0,0.41,0,0.5
dpgan,Groundhog,12435,1,0.48,0,0.5
dpgan,Groundhog,12435,0,0.43,0,0.5
dpgan,Groundhog,12435,1,0.65,1,0.5
dpgan,Groundhog,12435,0,0.41,0,0.5
dpgan,Groundhog,12435,1,0.59,1,0.5
dpgan,Groundhog,12435,0,0.35,0,0.5
dpgan,Groundhog,12435,1,0.74,1,0.5
dpgan,Groundhog,12435,0,0.48,0,0.5
dpgan,Groundhog,12435,1,0.6,1,0.5
dpgan,Groundhog,12435,0,0.36,0,0.5
dpgan,Groundhog,12435,1,0.71,1,0.5
dpgan,Groundhog,12435,0,0.61,1,0.5
dpgan,Groundhog,12435,1,0.64,1,0.5
dpgan,Groundhog,12435,0,0.51,1,0.5
dpgan,Groundhog,12435,1,0.7,1,0.5
dpgan,Groundhog,12435,0,0.55,1,0.5
dpgan,Groundhog,12435,1,0.55,1,0.5
dpgan,Groundhog,12435,0,0.42,0,0.5
dpgan,Groundhog,12435,1,0.69,1,0.5
dpgan,Groundhog,12435,0,0.34,0,0.5
dpgan,Groundhog,12435,1,0.77,1,0.5
dpgan,Groundhog,12435,0,0.35,0,0.5
dpgan,Groundhog,12435,1,0.69,1,0.5
dpgan,Groundhog,12435,0,0.42,0,0.5
dpgan,Groundhog,12435,1,0.61,1,0.5
dpgan,Groundhog,12435,0,0.46,0,0.5
dpgan,Groundhog,12435,1,0.61,1,0.5
dpgan,Groundhog,12435,0,0.52,1,0.5
dpgan,Groundhog,12435,1,0.5,0,0.5
dpgan,Groundhog,12435,0,0.42,0,0.5
dpgan,Groundhog,12435,1,0.54,1,0.5
dpgan,Groundhog,12435,0,0.46,0,0.5
dpgan,Groundhog,12435,1,0.51,1,0.5
dpgan,Groundhog,12435,0,0.52,1,0.5
dpgan,Groundhog,12435,1,0.48,0,0.5
dpgan,Groundhog,12435,0,0.6,1,0.5
dpgan,Groundhog,12435,1,0.43,0,0.5
dpgan,Groundhog,12435,0,0.41,0,0.5
dpgan,Groundhog,12435,1,0.4,0,0.5
dpgan,Groundhog,12435,0,0.41,0,0.5
dpgan,Groundhog,12435,1,0.51,1,0.5
dpgan,Groundhog,12435,0,0.42,0,0.5
dpgan,Groundhog,12435,1,0.54,1,0.5
dpgan,Groundhog,12435,0,0.39,0,0.5
dpgan,Groundhog,12435,1,0.53,1,0.5
dpgan,Groundhog,12435,0,0.48,0,0.5
dpgan,Groundhog,12435,1,0.72,1,0.5
dpgan,Groundhog,12435,0,0.33,0,0.5
dpgan,Groundhog,12435,1,0.59,1,0.5
dpgan,Groundhog,12435,0,0.41,0,0.5
dpgan,Groundhog,12435,1,0.45,0,0.5
dpgan,Groundhog,12435,0,0.39,0,0.5
dpgan,Groundhog,12435,1,0.37,0,0.5
dpgan,Groundhog,12435,0,0.34,0,0.5
dpgan,Groundhog,12435,1,0.48,0,0.5
dpgan,Groundhog,12435,0,0.43,0,0.5
dpgan,Groundhog,12435,1,0.64,1,0.5
dpgan,Groundhog,12435,0,0.33,0,0.5
dpgan,Groundhog,12435,1,0.45,0,0.5
dpgan,Groundhog,12435,0,0.45,0,0.5
dpgan,Groundhog,12435,1,0.48,0,0.5
dpgan,Groundhog,12435,0,0.52,1,0.5
dpgan,Groundhog,12435,1,0.78,1,0.5
dpgan,Groundhog,12435,0,0.32,0,0.5
dpgan,Groundhog,12435,1,0.64,1,0.5
dpgan,Groundhog,12435,0,0.49,0,0.5
dpgan,Groundhog,12435,1,0.69,1,0.5
dpgan,Groundhog,12435,0,0.54,1,0.5
dpgan,Groundhog,12435,1,0.43,0,0.5
dpgan,Groundhog,12435,0,0.42,0,0.5
dpgan,Groundhog,12435,1,0.49,0,0.5
dpgan,Groundhog,12435,0,0.48,0,0.5
dpgan,Groundhog,12435,1,0.7,1,0.5
dpgan,Groundhog,12435,0,0.32,0,0.5
dpgan,Groundhog,12435,1,0.63,1,0.5
dpgan,Groundhog,12435,0,0.45,0,0.5
dpgan,Groundhog,12435,1,0.51,1,0.5
dpgan,Groundhog,12435,0,0.32,0,0.5
dpgan,Groundhog,12435,1,0.67,1,0.5
dpgan,Groundhog,12435,0,0.33,0,0.5
dpgan,Groundhog,12435,1,0.44,0,0.5
dpgan,Groundhog,12435,0,0.46,0,0.5
dpgan,Groundhog,12435,1,0.63,1,0.5
dpgan,Groundhog,12435,0,0.3,0,0.5
dpgan,Groundhog,12435,1,0.42,0,0.5
dpgan,Groundhog,12435,0,0.42,0,0.5
dpgan,Groundhog,12435,1,0.61,1,0.5
dpgan,Groundhog,12435,0,0.52,1,0.5
dpgan,Groundhog,12435,1,0.47,0,0.5
dpgan,Groundhog,12435,0,0.35,0,0.5
dpgan,Groundhog,12435,1,0.66,1,0.5
dpgan,Groundhog,12435,0,0.28,0,0.5
dpgan,Groundhog,12435,1,0.57,1,0.5
dpgan,Groundhog,12435,0,0.43,0,0.5
dpgan,Groundhog,12435,1,0.56,1,0.5
dpgan,Groundhog,12435,0,0.36,0,0.5
dpgan,Groundhog,12435,1,0.66,1,0.5
dpgan,Groundhog,12435,0,0.3,0,0.5
dpgan,Groundhog,12435,1,0.43,0,0.5
dpgan,Groundhog,12435,0,0.42,0,0.5
dpgan,Groundhog,12435,1,0.48,0,0.5
dpgan,Groundhog,12435,0,0.58,1,0.5
dpgan,Groundhog,12435,1,0.45,0,0.5
dpgan,Groundhog,12435,0,0.45,0,0.5
dpgan,Groundhog,12435,1,0.44,0,0.5
dpgan,Groundhog,12435,0,0.56,1,0.5
dpgan,Groundhog,12435,1,0.67,1,0.5
dpgan,Groundhog,12435,0,0.53,1,0.5
dpgan,Groundhog,12435,1,0.68,1,0.5
dpgan,Groundhog,12435,0,0.34,0,0.5
dpgan,Groundhog,12435,1,0.44,0,0.5
dpgan,Groundhog,12435,0,0.4,0,0.5
dpgan,Groundhog,12435,1,0.62,1,0.5
dpgan,Groundhog,12435,0,0.39,0,0.5
dpgan,Groundhog,12435,1,0.42,0,0.5
dpgan,Groundhog,12435,0,0.51,1,0.5
dpgan,Groundhog,12435,1,0.51,1,0.5
dpgan,Groundhog,12435,0,0.27,0,0.5
dpgan,Groundhog,12435,1,0.49,0,0.5
dpgan,Groundhog,12435,0,0.51,1,0.5
dpgan,Groundhog,12435,1,0.64,1,0.5
dpgan,Groundhog,12435,0,0.49,0,0.5
dpgan,Groundhog,12435,1,0.51,1,0.5
dpgan,Groundhog,12435,0,0.39,0,0.5
dpgan,Groundhog,12435,1,0.65,1,0.5
dpgan,Groundhog,12435,0,0.37,0,0.5
dpgan,Groundhog,12435,1,0.61,1,0.5
dpgan,Groundhog,12435,0,0.32,0,0.5
dpgan,Groundhog,12435,1,0.78,1,0.5
dpgan,Groundhog,12435,0,0.54,1,0.5
dpgan,Groundhog,12435,1,0.68,1,0.5
dpgan,Groundhog,12435,0,0.55,1,0.5
dpgan,Groundhog,12435,1,0.65,1,0.5
dpgan,Groundhog,12435,0,0.38,0,0.5
dpgan,Groundhog,12435,1,0.76,1,0.5
dpgan,Groundhog,12435,0,0.32,0,0.5
dpgan,Groundhog,12435,1,0.51,1,0.5
dpgan,Groundhog,12435,0,0.42,0,0.5
dpgan,Groundhog,12435,1,0.77,1,0.5
dpgan,Groundhog,12435,0,0.4,0,0.5
dpgan,Groundhog,12435,1,0.39,0,0.5
dpgan,Groundhog,12435,0,0.54,1,0.5
dpgan,Groundhog,12435,1,0.47,0,0.5
dpgan,Groundhog,12435,0,0.36,0,0.5
dpgan,Groundhog,12435,1,0.71,1,0.5
dpgan,Groundhog,12435,0,0.51,1,0.5
dpgan,Groundhog,12435,1,0.58,1,0.5
dpgan,Groundhog,12435,0,0.52,1,0.5
dpgan,Groundhog,12435,1,0.66,1,0.5
dpgan,Groundhog,12435,0,0.31,0,0.5
dpgan,Groundhog,12435,1,0.54,1,0.5
dpgan,Groundhog,12435,0,0.48,0,0.5
dpgan,Groundhog,12435,1,0.61,1,0.5
dpgan,Groundhog,12435,0,0.37,0,0.5
dpgan,Groundhog,12435,1,0.61,1,0.5
dpgan,Groundhog,12435,0,0.52,1,0.5
dpgan,Groundhog,12435,1,0.66,1,0.5
dpgan,Groundhog,12435,0,0.68,1,0.5
dpgan,Groundhog,12435,1,0.58,1,0.5
dpgan,Groundhog,12435,0,0.59,1,0.5
dpgan,Groundhog,12435,1,0.52,1,0.5
dpgan,Groundhog,12435,0,0.25,0,0.5
dpgan,Groundhog,12435,1,0.57,1,0.5
dpgan,Groundhog,12435,0,0.32,0,0.5
dpgan,Groundhog,12435,1,0.52,1,0.5
dpgan,Groundhog,12435,0,0.37,0,0.5
dpgan,Groundhog,12435,1,0.6,1,0.5
dpgan,Groundhog,12435,0,0.52,1,0.5
dpgan,Groundhog,12435,1,0.6,1,0.5
dpgan,Groundhog,12435,0,0.43,0,0.5
dpgan,Groundhog,12435,1,0.51,1,0.5
dpgan,Groundhog,12435,0,0.36,0,0.5
dpgan,Groundhog,12435,1,0.5,0,0.5
dpgan,Groundhog,12435,0,0.37,0,0.5
dpgan,Groundhog,12435,1,0.3,0,0.5
dpgan,Groundhog,12435,0,0.55,1,0.5
dpgan,Groundhog,12435,1,0.58,1,0.5
dpgan,Groundhog,12435,0,0.5,0,0.5
dpgan,Groundhog,12435,1,0.41,0,0.5
dpgan,Groundhog,12435,0,0.35,0,0.5
dpgan,Groundhog,12435,1,0.49,0,0.5
dpgan,Groundhog,12435,0,0.4,0,0.5
dpgan,Groundhog,12435,1,0.55,1,0.5
dpgan,Groundhog,12435,0,0.59,1,0.5
dpgan,Groundhog,12435,1,0.58,1,0.5
dpgan,Groundhog,12435,0,0.56,1,0.5
dpgan,Groundhog,12435,1,0.5,0,0.5
dpgan,Groundhog,12435,0,0.45,0,0.5
dpgan,Groundhog,12435,1,0.56,1,0.5
dpgan,Groundhog,12435,0,0.48,0,0.5
dpgan,Groundhog,12435,1,0.5,0,0.5
dpgan,Groundhog,12435,0,0.34,0,0.5
dpgan,Groundhog,12435,1,0.63,1,0.5
dpgan,Groundhog,12435,0,0.37,0,0.5
dpgan,Groundhog,12435,1,0.56,1,0.5
dpgan,Groundhog,12435,0,0.58,1,0.5
dpgan,Groundhog,12435,1,0.45,0,0.5
dpgan,Groundhog,12435,0,0.37,0,0.5
dpgan,Groundhog,12435,1,0.42,0,0.5
dpgan,Groundhog,12435,0,0.31,0,0.5
dpgan,Groundhog,12435,1,0.73,1,0.5
dpgan,Groundhog,12435,0,0.48,0,0.5
dpgan,Groundhog,12435,1,0.44,0,0.5
dpgan,Groundhog,12435,0,0.43,0,0.5
dpgan,Groundhog,12435,1,0.54,1,0.5
dpgan,Groundhog,12435,0,0.25,0,0.5
dpgan,Groundhog,12435,1,0.64,1,0.5
dpgan,Groundhog,12435,0,0.45,0,0.5
dpgan,Groundhog,12435,1,0.61,1,0.5
dpgan,Groundhog,12435,0,0.42,0,0.5
dpgan,Groundhog,12435,1,0.43,0,0.5
dpgan,Groundhog,12435,0,0.42,0,0.5
dpgan,Groundhog,12435,1,0.44,0,0.5
dpgan,Groundhog,12435,0,0.54,1,0.5
dpgan,Groundhog,12435,1,0.4,0,0.5
dpgan,Groundhog,12435,0,0.44,0,0.5
dpgan,Groundhog,12435,1,0.48,0,0.5
dpgan,Groundhog,12435,0,0.54,1,0.5
dpgan,Groundhog,12435,1,0.58,1,0.5
dpgan,Groundhog,12435,0,0.43,0,0.5
dpgan,Groundhog,12435,1,0.53,1,0.5
dpgan,Groundhog,12435,0,0.47,0,0.5
dpgan,Groundhog,12435,1,0.55,1,0.5
dpgan,Groundhog,12435,0,0.57,1,0.5
dpgan,Groundhog,12435,1,0.52,1,0.5
dpgan,Groundhog,12435,0,0.53,1,0.5
dpgan,Groundhog,12435,1,0.5,0,0.5
dpgan,Groundhog,12435,0,0.58,1,0.5
dpgan,Groundhog,12435,1,0.59,1,0.5
dpgan,Groundhog,12435,0,0.59,1,0.5
dpgan,Groundhog,12435,1,0.55,1,0.5
dpgan,Groundhog,12435,0,0.33,0,0.5
dpgan,Groundhog,12435,1,0.45,0,0.5
dpgan,Groundhog,12435,0,0.55,1,0.5
dpgan,Groundhog,12435,1,0.6,1,0.5
dpgan,Groundhog,12435,0,0.35,0,0.5
dpgan,Groundhog,12435,1,0.57,1,0.5
dpgan,Groundhog,12435,0,0.62,1,0.5
dpgan,Groundhog,12435,1,0.43,0,0.5
dpgan,Groundhog,12435,0,0.38,0,0.5
dpgan,Groundhog,12435,1,0.7,1,0.5
dpgan,Groundhog,12435,0,0.36,0,0.5
dpgan,Groundhog,12435,1,0.57,1,0.5
dpgan,Groundhog,12435,0,0.26,0,0.5
dpgan,Groundhog,12435,1,0.32,0,0.5
dpgan,Groundhog,12435,0,0.4,0,0.5
dpgan,Groundhog,12435,1,0.51,1,0.5
dpgan,Groundhog,12435,0,0.57,1,0.5
dpgan,Groundhog,12435,1,0.55,1,0.5
dpgan,Groundhog,12435,0,0.32,0,0.5
dpgan,Groundhog,12435,1,0.67,1,0.5
dpgan,Groundhog,12435,0,0.22,0,0.5
dpgan,Groundhog,12435,1,0.59,1,0.5
dpgan,Groundhog,12435,0,0.49,0,0.5
dpgan,Groundhog,12435,1,0.54,1,0.5
dpgan,Groundhog,12435,0,0.48,0,0.5
dpgan,Groundhog,12435,1,0.46,0,0.5
dpgan,Groundhog,12435,0,0.37,0,0.5
dpgan,Groundhog,12435,1,0.56,1,0.5
dpgan,Groundhog,12435,0,0.39,0,0.5
dpgan,Groundhog,12435,1,0.54,1,0.5
dpgan,Groundhog,12435,0,0.29,0,0.5
dpgan,Groundhog,12435,1,0.6,1,0.5
dpgan,Groundhog,12435,0,0.47,0,0.5
dpgan,Groundhog,12435,1,0.45,0,0.5
dpgan,Groundhog,12435,0,0.34,0,0.5
dpgan,Groundhog,12435,1,0.62,1,0.5
dpgan,Groundhog,12435,0,0.43,0,0.5
dpgan,Groundhog,12435,1,0.65,1,0.5
dpgan,Groundhog,12435,0,0.43,0,0.5
dpgan,Groundhog,12435,1,0.7,1,0.5
dpgan,Groundhog,12435,0,0.27,0,0.5
dpgan,Groundhog,12435,1,0.56,1,0.5
dpgan,Groundhog,12435,0,0.54,1,0.5
dpgan,Groundhog,12435,1,0.36,0,0.5
dpgan,Groundhog,12435,0,0.4,0,0.5
dpgan,Groundhog,12435,1,0.5,0,0.5
dpgan,Groundhog,12435,0,0.47,0,0.5
dpgan,Groundhog,12435,1,0.66,1,0.5
dpgan,Groundhog,12435,0,0.51,1,0.5
dpgan,Groundhog,12435,1,0.48,0,0.5
dpgan,Groundhog,12435,0,0.43,0,0.5
dpgan,Groundhog,12435,1,0.55,1,0.5
dpgan,Groundhog,12435,0,0.46,0,0.5
dpgan,Groundhog,12435,1,0.73,1,0.5
dpgan,Groundhog,12435,0,0.46,0,0.5
dpgan,Groundhog,12435,1,0.67,1,0.5
dpgan,Groundhog,12435,0,0.44,0,0.5
dpgan,Groundhog,12435,1,0.46,0,0.5
dpgan,Groundhog,12435,0,0.61,1,0.5
dpgan,Groundhog,12435,1,0.49,0,0.5
dpgan,Groundhog,12435,0,0.45,0,0.5
dpgan,Groundhog,12435,1,0.58,1,0.5
dpgan,Groundhog,12435,0,0.46,0,0.5
dpgan,Groundhog,12435,1,0.73,1,0.5
dpgan,Groundhog,12435,0,0.55,1,0.5
dpgan,Groundhog,12435,1,0.46,0,0.5
dpgan,Groundhog,12435,0,0.31,0,0.5
dpgan,Groundhog,12435,1,0.58,1,0.5
dpgan,Groundhog,12435,0,0.44,0,0.5
dpgan,Groundhog,12435,1,0.53,1,0.5
dpgan,Groundhog,12435,0,0.52,1,0.5
dpgan,Groundhog,12435,1,0.71,1,0.5
dpgan,Groundhog,12435,0,0.36,0,0.5
dpgan,Groundhog,12435,1,0.66,1,0.5
dpgan,Groundhog,12435,0,0.36,0,0.5
dpgan,Groundhog,12435,1,0.4,0,0.5
dpgan,Groundhog,12435,0,0.44,0,0.5
dpgan,Groundhog,12435,1,0.42,0,0.5
dpgan,Groundhog,12435,0,0.32,0,0.5
dpgan,Groundhog,12435,1,0.54,1,0.5
dpgan,Groundhog,12435,0,0.67,1,0.5
dpgan,Groundhog,12435,1,0.62,1,0.5
dpgan,Groundhog,12435,0,0.4,0,0.5
dpgan,Groundhog,12435,1,0.5,0,0.5
dpgan,Groundhog,12435,0,0.29,0,0.5
dpgan,Groundhog,12435,1,0.57,1,0.5
dpgan,Groundhog,12435,0,0.36,0,0.5
dpgan,Groundhog,12435,1,0.33,0,0.5
dpgan,Groundhog,12435,0,0.4,0,0.5
dpgan,Groundhog,12435,1,0.58,1,0.5
dpgan,Groundhog,12435,0,0.63,1,0.5
dpgan,Groundhog,12435,1,0.58,1,0.5
dpgan,Groundhog,12435,0,0.48,0,0.5
dpgan,Groundhog,12435,1,0.52,1,0.5
dpgan,Groundhog,12435,0,0.42,0,0.5
dpgan,Groundhog,12435,1,0.42,0,0.5
dpgan,Groundhog,12435,0,0.43,0,0.5
dpgan,Groundhog,12435,1,0.46,0,0.5
dpgan,Groundhog,12435,0,0.27,0,0.5
dpgan,Groundhog,12435,1,0.52,1,0.5
dpgan,Groundhog,12435,0,0.4,0,0.5
dpgan,Groundhog,12435,1,0.54,1,0.5
dpgan,Groundhog,12435,0,0.55,1,0.5
dpgan,Groundhog,12435,1,0.64,1,0.5
dpgan,Groundhog,12435,0,0.64,1,0.5
dpgan,Groundhog,12435,1,0.44,0,0.5
dpgan,Groundhog,12435,0,0.37,0,0.5
dpgan,Groundhog,12435,1,0.56,1,0.5
dpgan,Groundhog,12435,0,0.4,0,0.5
dpgan,Groundhog,12435,1,0.76,1,0.5
dpgan,Groundhog,12435,0,0.5,0,0.5
dpgan,Groundhog,12435,1,0.54,1,0.5
dpgan,Groundhog,12435,0,0.37,0,0.5
dpgan,Groundhog,12435,1,0.72,1,0.5
dpgan,Groundhog,12435,0,0.37,0,0.5
dpgan,Groundhog,12435,1,0.63,1,0.5
dpgan,Groundhog,12435,0,0.45,0,0.5
dpgan,Groundhog,12435,1,0.49,0,0.5
dpgan,Groundhog,12435,0,0.5,0,0.5
dpgan,Groundhog,12435,1,0.53,1,0.5
dpgan,Groundhog,12435,0,0.45,0,0.5
dpgan,Groundhog,12435,1,0.49,0,0.5
dpgan,Groundhog,12435,0,0.36,0,0.5
dpgan,Groundhog,12435,1,0.66,1,0.5
dpgan,Groundhog,12435,0,0.57,1,0.5
dpgan,Groundhog,12435,1,0.63,1,0.5
dpgan,Groundhog,12435,0,0.35,0,0.5
dpgan,Groundhog,12435,1,0.38,0,0.5
dpgan,Groundhog,12435,0,0.41,0,0.5
dpgan,Groundhog,12435,1,0.65,1,0.5
dpgan,Groundhog,12435,0,0.41,0,0.5
dpgan,Groundhog,12435,1,0.62,1,0.5
dpgan,Groundhog,12435,0,0.33,0,0.5
dpgan,Groundhog,12435,1,0.44,0,0.5
dpgan,Groundhog,12435,0,0.33,0,0.5
dpgan,Groundhog,12435,1,0.56,1,0.5
dpgan,Groundhog,12435,0,0.44,0,0.5
dpgan,Groundhog,12435,1,0.46,0,0.5
dpgan,Groundhog,12435,0,0.37,0,0.5
dpgan,Groundhog,12435,1,0.45,0,0.5
dpgan,Groundhog,12435,0,0.52,1,0.5
dpgan,Groundhog,12435,1,0.7,1,0.5
dpgan,Groundhog,12435,0,0.65,1,0.5
dpgan,Groundhog,12435,1,0.61,1,0.5
dpgan,Groundhog,12435,0,0.48,0,0.5
dpgan,Groundhog,12435,1,0.63,1,0.5
dpgan,Groundhog,12435,0,0.41,0,0.5
dpgan,Groundhog,12435,1,0.44,0,0.5
dpgan,Groundhog,12435,0,0.46,0,0.5
dpgan,Groundhog,12435,1,0.55,1,0.5
dpgan,Groundhog,12435,0,0.44,0,0.5
dpgan,Groundhog,12435,1,0.49,0,0.5
dpgan,Groundhog,12435,0,0.41,0,0.5
dpgan,Groundhog,12435,1,0.49,0,0.5
dpgan,Groundhog,12435,0,0.64,1,0.5
dpgan,Groundhog,12435,1,0.5,0,0.5
dpgan,Groundhog,12435,0,0.55,1,0.5
dpgan,Groundhog,12435,1,0.41,0,0.5
dpgan,Groundhog,12435,0,0.48,0,0.5
dpgan,Groundhog,12435,1,0.32,0,0.5
dpgan,Groundhog,12435,0,0.5,0,0.5
dpgan,Groundhog,12435,1,0.69,1,0.5
dpgan,Groundhog,12435,0,0.49,0,0.5
dpgan,Groundhog,12435,1,0.61,1,0.5
dpgan,Groundhog,12435,0,0.45,0,0.5
dpgan,Groundhog,12435,1,0.4,0,0.5
dpgan,Groundhog,12435,0,0.41,0,0.5
dpgan,Groundhog,12435,1,0.38,0,0.5
dpgan,Groundhog,12435,0,0.4,0,0.5
dpgan,Groundhog,12435,1,0.62,1,0.5
dpgan,Groundhog,12435,0,0.28,0,0.5
dpgan,Groundhog,12435,1,0.65,1,0.5
dpgan,Groundhog,12435,0,0.48,0,0.5
dpgan,Groundhog,12435,1,0.35,0,0.5
dpgan,Groundhog,12435,0,0.51,1,0.5
dpgan,Groundhog,12435,1,0.55,1,0.5
dpgan,Groundhog,12435,0,0.57,1,0.5
dpgan,Groundhog,12435,1,0.61,1,0.5
dpgan,Groundhog,12435,0,0.32,0,0.5
dpgan,Groundhog,12435,1,0.54,1,0.5
dpgan,Groundhog,12435,0,0.49,0,0.5
dpgan,Groundhog,12435,1,0.63,1,0.5
dpgan,Groundhog,12435,0,0.41,0,0.5
dpgan,Groundhog,12435,1,0.61,1,0.5
dpgan,Groundhog,12435,0,0.48,0,0.5
dpgan,Groundhog,12435,1,0.63,1,0.5
dpgan,Groundhog,12435,0,0.48,0,0.5
dpgan,Groundhog,12435,1,0.55,1,0.5
dpgan,Groundhog,12435,0,0.4,0,0.5
dpgan,Groundhog,12435,1,0.5,0,0.5
dpgan,Groundhog,12435,0,0.37,0,0.5
dpgan,Groundhog,12435,1,0.68,1,0.5
dpgan,Groundhog,12435,0,0.36,0,0.5
dpgan,Groundhog,12435,1,0.4,0,0.5
dpgan,Groundhog,12435,0,0.39,0,0.5
dpgan,Groundhog,12435,1,0.56,1,0.5
dpgan,Groundhog,12435,0,0.41,0,0.5
dpgan,Groundhog,12435,1,0.61,1,0.5
dpgan,Groundhog,12435,0,0.48,0,0.5
dpgan,Groundhog,12435,1,0.55,1,0.5
dpgan,Groundhog,12435,0,0.49,0,0.5
dpgan,Groundhog,12435,1,0.61,1,0.5
dpgan,Groundhog,12435,0,0.55,1,0.5
dpgan,Groundhog,12435,1,0.71,1,0.5
dpgan,Groundhog,12435,0,0.37,0,0.5
dpgan,Groundhog,12435,1,0.51,1,0.5
dpgan,Groundhog,12435,0,0.48,0,0.5
dpgan,Groundhog,12435,1,0.5,0,0.5
dpgan,Groundhog,12435,0,0.35,0,0.5
dpgan,Groundhog,12435,1,0.7,1,0.5
dpgan,Groundhog,12435,0,0.43,0,0.5
dpgan,Groundhog,12435,1,0.44,0,0.5
dpgan,Groundhog,12435,0,0.58,1,0.5
dpgan,Groundhog,12435,1,0.55,1,0.5
dpgan,Groundhog,12435,0,0.35,0,0.5
dpgan,Groundhog,12435,1,0.39,0,0.5
dpgan,Groundhog,12435,0,0.28,0,0.5
dpgan,Groundhog,12435,1,0.51,1,0.5
dpgan,Groundhog,12435,0,0.37,0,0.5
dpgan,Groundhog,12435,1,0.59,1,0.5
dpgan,Groundhog,12435,0,0.56,1,0.5
dpgan,Groundhog,12435,1,0.54,1,0.5
dpgan,Groundhog,12435,0,0.6,1,0.5
dpgan,Groundhog,12435,1,0.51,1,0.5
dpgan,Groundhog,12435,0,0.57,1,0.5
dpgan,Groundhog,12435,1,0.69,1,0.5
dpgan,Groundhog,12435,0,0.31,0,0.5
dpgan,Groundhog,12435,1,0.55,1,0.5
dpgan,Groundhog,12435,0,0.35,0,0.5
dpgan,Groundhog,12435,1,0.68,1,0.5
dpgan,Groundhog,12435,0,0.42,0,0.5
dpgan,Groundhog,12435,1,0.73,1,0.5
dpgan,Groundhog,12435,0,0.37,0,0.5
dpgan,Groundhog,12435,1,0.42,0,0.5
dpgan,Groundhog,12435,0,0.54,1,0.5
dpgan,Groundhog,12435,1,0.53,1,0.5
dpgan,Groundhog,12435,0,0.34,0,0.5
dpgan,Groundhog,12435,1,0.51,1,0.5
dpgan,Groundhog,12435,0,0.46,0,0.5
dpgan,Groundhog,12435,1,0.62,1,0.5
dpgan,Groundhog,12435,0,0.51,1,0.5
dpgan,Groundhog,12435,1,0.63,1,0.5
dpgan,Groundhog,12435,0,0.33,0,0.5
dpgan,Groundhog,12435,1,0.44,0,0.5
dpgan,Groundhog,12435,0,0.35,0,0.5
dpgan,Groundhog,12435,1,0.56,1,0.5
dpgan,Groundhog,12435,0,0.51,1,0.5
dpgan,Groundhog,12435,1,0.6,1,0.5
dpgan,Groundhog,12435,0,0.59,1,0.5
dpgan,Groundhog,12435,1,0.53,1,0.5
dpgan,Groundhog,12435,0,0.54,1,0.5
dpgan,Groundhog,12435,1,0.64,1,0.5
dpgan,Groundhog,12435,0,0.43,0,0.5
dpgan,Groundhog,12435,1,0.46,0,0.5
dpgan,Groundhog,12435,0,0.54,1,0.5
dpgan,Groundhog,12435,1,0.44,0,0.5
dpgan,Groundhog,12435,0,0.46,0,0.5
dpgan,Groundhog,12435,1,0.59,1,0.5
dpgan,Groundhog,12435,0,0.39,0,0.5
dpgan,Groundhog,12435,1,0.61,1,0.5
dpgan,Groundhog,12435,0,0.44,0,0.5
dpgan,Groundhog,12435,1,0.57,1,0.5
dpgan,Groundhog,12435,0,0.34,0,0.5
dpgan,Groundhog,12435,1,0.6,1,0.5
dpgan,Groundhog,12435,0,0.43,0,0.5
dpgan,Groundhog,12435,1,0.77,1,0.5
dpgan,Groundhog,12435,0,0.52,1,0.5
dpgan,Groundhog,12435,1,0.74,1,0.5
dpgan,Groundhog,12435,0,0.61,1,0.5
dpgan,Groundhog,12435,1,0.72,1,0.5
dpgan,Groundhog,12435,0,0.52,1,0.5
dpgan,Groundhog,12435,1,0.43,0,0.5
dpgan,Groundhog,12435,0,0.46,0,0.5
dpgan,Groundhog,12435,1,0.49,0,0.5
dpgan,Groundhog,12435,0,0.34,0,0.5
dpgan,Groundhog,12435,1,0.6,1,0.5
dpgan,Groundhog,12435,0,0.37,0,0.5
dpgan,Groundhog,12435,1,0.37,0,0.5
dpgan,Groundhog,12435,0,0.53,1,0.5
dpgan,Groundhog,12435,1,0.54,1,0.5
dpgan,Groundhog,12435,0,0.53,1,0.5
dpgan,Groundhog,12435,1,0.54,1,0.5
dpgan,Groundhog,12435,0,0.43,0,0.5
dpgan,Groundhog,12435,1,0.45,0,0.5
dpgan,Groundhog,12435,0,0.44,0,0.5
dpgan,Groundhog,12435,1,0.69,1,0.5
dpgan,Groundhog,12435,0,0.37,0,0.5
dpgan,Groundhog,12435,1,0.43,0,0.5
dpgan,Groundhog,12435,0,0.54,1,0.5
dpgan,Groundhog,12435,1,0.67,1,0.5
dpgan,Groundhog,12435,0,0.44,0,0.5
dpgan,Groundhog,12435,1,0.61,1,0.5
dpgan,Groundhog,12435,0,0.38,0,0.5
dpgan,Groundhog,12435,1,0.57,1,0.5
dpgan,Groundhog,12435,0,0.49,0,0.5
dpgan,Groundhog,12435,1,0.56,1,0.5
dpgan,Groundhog,12435,0,0.55,1,0.5
dpgan,ShadowModelling(RandomQueries),12435,1,0.55,1,0.5
dpgan,ShadowModelling(RandomQueries),12435,0,0.64,1,0.5
dpgan,ShadowModelling(RandomQueries),12435,1,0.49,0,0.5
dpgan,ShadowModelling(RandomQueries),12435,0,0.27,0,0.5
dpgan,ShadowModelling(RandomQueries),12435,1,0.47,0,0.5
dpgan,ShadowModelling(RandomQueries),12435,0,0.44,0,0.5
dpgan,ShadowModelling(RandomQueries),12435,1,0.55,1,0.5
dpgan,ShadowModelling(RandomQueries),12435,0,0.4,0,0.5
dpgan,ShadowModelling(RandomQueries),12435,1,0.53,1,0.5
dpgan,ShadowModelling(RandomQueries),12435,0,0.43,0,0.5
dpgan,ShadowModelling(RandomQueries),12435,1,0.57,1,0.5
dpgan,ShadowModelling(RandomQueries),12435,0,0.46,0,0.5
dpgan,ShadowModelling(RandomQueries),12435,1,0.54,1,0.5
dpgan,ShadowModelling(RandomQueries),12435,0,0.7,1,0.5
dpgan,ShadowModelling(RandomQueries),12435,1,0.36,0,0.5
dpgan,ShadowModelling(RandomQueries),12435,0,0.36,0,0.5
dpgan,ShadowModelling(RandomQueries),12435,1,0.44,0,0.5
dpgan,ShadowModelling(RandomQueries),12435,0,0.59,1,0.5
dpgan,ShadowModelling(RandomQueries),12435,1,0.33,0,0.5
dpgan,ShadowModelling(RandomQueries),12435,0,0.56,1,0.5
dpgan,ShadowModelling(RandomQueries),12435,1,0.57,1,0.5
dpgan,ShadowModelling(RandomQueries),12435,0,0.46,0,0.5
dpgan,ShadowModelling(RandomQueries),12435,1,0.25,0,0.5
dpgan,ShadowModelling(RandomQueries),12435,0,0.43,0,0.5
dpgan,ShadowModelling(RandomQueries),12435,1,0.44,0,0.5
dpgan,ShadowModelling(RandomQueries),12435,0,0.6,1,0.5
dpgan,ShadowModelling(RandomQueries),12435,1,0.61,1,0.5
dpgan,ShadowModelling(RandomQueries),12435,0,0.28,0,0.5
dpgan,ShadowModelling(RandomQueries),12435,1,0.59,1,0.5
dpgan,ShadowModelling(RandomQueries),12435,0,0.62,1,0.5
dpgan,ShadowModelling(RandomQueries),12435,1,0.55,1,0.5
dpgan,ShadowModelling(RandomQueries),12435,0,0.39,0,0.5
dpgan,ShadowModelling(RandomQueries),12435,1,0.51,1,0.5
dpgan,ShadowModelling(RandomQueries),12435,0,0.48,0,0.5
dpgan,ShadowModelling(RandomQueries),12435,1,0.55,1,0.5
dpgan,ShadowModelling(RandomQueries),12435,0,0.55,1,0.5
dpgan,ShadowModelling(RandomQueries),12435,1,0.54,1,0.5
dpgan,ShadowModelling(RandomQueries),12435,0,0.35,0,0.5
dpgan,ShadowModelling(RandomQueries),12435,1,0.36,0,0.5
dpgan,ShadowModelling(RandomQueries),12435,0,0.66,1,0.5
dpgan,ShadowModelling(RandomQueries),12435,1,0.43,0,0.5
dpgan,ShadowModelling(RandomQueries),12435,0,0.53,1,0.5
dpgan,ShadowModelling(RandomQueries),12435,1,0.6,1,0.5
dpgan,ShadowModelling(RandomQueries),12435,0,0.21,0,0.5
dpgan,ShadowModelling(RandomQueries),12435,1,0.62,1,0.5
dpgan,ShadowModelling(RandomQueries),12435,0,0.33,0,0.5
dpgan,ShadowModelling(RandomQueries),12435,1,0.43,0,0.5
dpgan,ShadowModelling(RandomQueries),12435,0,0.42,0,0.5
dpgan,ShadowModelling(RandomQueries),12435,1,0.5,0,0.5
dpgan,ShadowModelling(RandomQueries),12435,0,0.61,1,0.5
dpgan,ShadowModelling(RandomQueries),12435,1,0.58,1,0.5
dpgan,ShadowModelling(RandomQueries),12435,0,0.29,0,0.5
dpgan,ShadowModelling(RandomQueries),12435,1,0.29,0,0.5
dpgan,ShadowModelling(RandomQueries),12435,0,0.37,0,0.5
dpgan,ShadowModelling(RandomQueries),12435,1,0.45,0,0.5
dpgan,ShadowModelling(RandomQueries),12435,0,0.63,1,0.5
dpgan,ShadowModelling(RandomQueries),12435,1,0.66,1,0.5
dpgan,ShadowModelling(RandomQueries),12435,0,0.38,0,0.5
dpgan,ShadowModelling(RandomQueries),12435,1,0.56,1,0.5
dpgan,ShadowModelling(RandomQueries),12435,0,0.29,0,0.5
dpgan,ShadowModelling(RandomQueries),12435,1,0.64,1,0.5
dpgan,ShadowModelling(RandomQueries),12435,0,0.4,0,0.5
dpgan,ShadowModelling(RandomQueries),12435,1,0.59,1,0.5
dpgan,ShadowModelling(RandomQueries),12435,0,0.46,0,0.5
dpgan,ShadowModelling(RandomQueries),12435,1,0.64,1,0.5
dpgan,ShadowModelling(RandomQueries),12435,0,0.68,1,0.5
dpgan,ShadowModelling(RandomQueries),12435,1,0.51,1,0.5
dpgan,ShadowModelling(RandomQueries),12435,0,0.4,0,0.5
dpgan,ShadowModelling(RandomQueries),12435,1,0.57,1,0.5
dpgan,ShadowModelling(RandomQueries),12435,0,0.43,0,0.5
dpgan,ShadowModelling(RandomQueries),12435,1,0.35,0,0.5
dpgan,ShadowModelling(RandomQueries),12435,0,0.49,0,0.5
dpgan,ShadowModelling(RandomQueries),12435,1,0.49,0,0.5
dpgan,ShadowModelling(RandomQueries),12435,0,0.41,0,0.5
dpgan,ShadowModelling(RandomQueries),12435,1,0.69,1,0.5
dpgan,ShadowModelling(RandomQueries),12435,0,0.41,0,0.5
dpgan,ShadowModelling(RandomQueries),12435,1,0.58,1,0.5
dpgan,ShadowModelling(RandomQueries),12435,0,0.54,1,0.5
dpgan,ShadowModelling(RandomQueries),12435,1,0.5,0,0.5
dpgan,ShadowModelling(RandomQueries),12435,0,0.56,1,0.5
dpgan,ShadowModelling(RandomQueries),12435,1,0.62,1,0.5
dpgan,ShadowModelling(RandomQueries),12435,0,0.3,0,0.5
dpgan,ShadowModelling(RandomQueries),12435,1,0.47,0,0.5
dpgan,ShadowModelling(RandomQueries),12435,0,0.35,0,0.5
dpgan,ShadowModelling(RandomQueries),12435,1,0.58,1,0.5
dpgan,ShadowModelling(RandomQueries),12435,0,0.44,0,0.5
dpgan,ShadowModelling(RandomQueries),12435,1,0.56,1,0.5
dpgan,ShadowModelling(RandomQueries),12435,0,0.72,1,0.5
dpgan,ShadowModelling(RandomQueries),12435,1,0.21,0,0.5
dpgan,ShadowModelling(RandomQueries),12435,0,0.71,1,0.5
dpgan,ShadowModelling(RandomQueries),12435,1,0.62,1,0.5
dpgan,ShadowModelling(RandomQueries),12435,0,0.68,1,0.5
dpgan,ShadowModelling(RandomQueries),12435,1,0.67,1,0.5
dpgan,ShadowModelling(RandomQueries),12435,0,0.52,1,0.5
dpgan,ShadowModelling(RandomQueries),12435,1,0.57,1,0.5
dpgan,ShadowModelling(RandomQueries),12435,0,0.63,1,0.5
dpgan,ShadowModelling(RandomQueries),12435,1,0.66,1,0.5
dpgan,ShadowModelling(RandomQueries),12435,0,0.58,1,0.5
dpgan,ShadowModelling(RandomQueries),12435,1,0.38,0,0.5
dpgan,ShadowModelling(RandomQueries),12435,0,0.63,1,0.5
dpgan,ShadowModelling(RandomQueries),12435,1,0.71,1,0.5
dpgan,ShadowModelling(RandomQueries),12435,0,0.34,0,0.5
dpgan,ShadowModelling(RandomQueries),12435,1,0.38,0,0.5
dpgan,ShadowModelling(RandomQueries),12435,0,0.73,1,0.5
dpgan,ShadowModelling(RandomQueries),12435,1,0.77,1,0.5
dpgan,ShadowModelling(RandomQueries),12435,0,0.47,0,0.5
dpgan,ShadowModelling(RandomQueries),12435,1,0.68,1,0.5
dpgan,ShadowModelling(RandomQueries),12435,0,0.55,1,0.5
dpgan,ShadowModelling(RandomQueries),12435,1,0.39,0,0.5
dpgan,ShadowModelling(RandomQueries),12435,0,0.56,1,0.5
dpgan,ShadowModelling(RandomQueries),12435,1,0.41,0,0.5
dpgan,ShadowModelling(RandomQueries),12435,0,0.58,1,0.5
dpgan,ShadowModelling(RandomQueries),12435,1,0.51,1,0.5
dpgan,ShadowModelling(RandomQueries),12435,0,0.55,1,0.5
dpgan,ShadowModelling(RandomQueries),12435,1,0.37,0,0.5
dpgan,ShadowModelling(RandomQueries),12435,0,0.45,0,0.5
dpgan,ShadowModelling(RandomQueries),12435,1,0.65,1,0.5
dpgan,ShadowModelling(RandomQueries),12435,0,0.34,0,0.5
dpgan,ShadowModelling(RandomQueries),12435,1,0.42,0,0.5
dpgan,ShadowModelling(RandomQueries),12435,0,0.32,0,0.5
dpgan,ShadowModelling(RandomQueries),12435,1,0.65,1,0.5
dpgan,ShadowModelling(RandomQueries),12435,0,0.41,0,0.5
dpgan,ShadowModelling(RandomQueries),12435,1,0.63,1,0.5
dpgan,ShadowModelling(RandomQueries),12435,0,0.49,0,0.5
dpgan,ShadowModelling(RandomQueries),12435,1,0.52,1,0.5
dpgan,ShadowModelling(RandomQueries),12435,0,0.32,0,0.5
dpgan,ShadowModelling(RandomQueries),12435,1,0.49,0,0.5
dpgan,ShadowModelling(RandomQueries),12435,0,0.67,1,0.5
dpgan,ShadowModelling(RandomQueries),12435,1,0.69,1,0.5
dpgan,ShadowModelling(RandomQueries),12435,0,0.45,0,0.5
dpgan,ShadowModelling(RandomQueries),12435,1,0.6,1,0.5
dpgan,ShadowModelling(RandomQueries),12435,0,0.56,1,0.5
dpgan,ShadowModelling(RandomQueries),12435,1,0.42,0,0.5
dpgan,ShadowModelling(RandomQueries),12435,0,0.58,1,0.5
dpgan,ShadowModelling(RandomQueries),12435,1,0.6,1,0.5
dpgan,ShadowModelling(RandomQueries),12435,0,0.39,0,0.5
dpgan,ShadowModelling(RandomQueries),12435,1,0.63,1,0.5
dpgan,ShadowModelling(RandomQueries),12435,0,0.28,0,0.5
dpgan,ShadowModelling(RandomQueries),12435,1,0.53,1,0.5
dpgan,ShadowModelling(RandomQueries),12435,0,0.63,1,0.5
dpgan,ShadowModelling(RandomQueries),12435,1,0.31,0,0.5
dpgan,ShadowModelling(RandomQueries),12435,0,0.57,1,0.5
dpgan,ShadowModelling(RandomQueries),12435,1,0.6,1,0.5
dpgan,ShadowModelling(RandomQueries),12435,0,0.6,1,0.5
dpgan,ShadowModelling(RandomQueries),12435,1,0.76,1,0.5
dpgan,ShadowModelling(RandomQueries),12435,0,0.52,1,0.5
dpgan,ShadowModelling(RandomQueries),12435,1,0.68,1,0.5
dpgan,ShadowModelling(RandomQueries),12435,0,0.4,0,0.5
dpgan,ShadowModelling(RandomQueries),12435,1,0.63,1,0.5
dpgan,ShadowModelling(RandomQueries),12435,0,0.39,0,0.5
dpgan,ShadowModelling(RandomQueries),12435,1,0.4,0,0.5
dpgan,ShadowModelling(RandomQueries),12435,0,0.49,0,0.5
dpgan,ShadowModelling(RandomQueries),12435,1,0.48,0,0.5
dpgan,ShadowModelling(RandomQueries),12435,0,0.55,1,0.5
dpgan,ShadowModelling(RandomQueries),12435,1,0.5,0,0.5
dpgan,ShadowModelling(RandomQueries),12435,0,0.27,0,0.5
dpgan,ShadowModelling(RandomQueries),12435,1,0.68,1,0.5
dpgan,ShadowModelling(RandomQueries),12435,0,0.59,1,0.5
dpgan,ShadowModelling(RandomQueries),12435,1,0.39,0,0.5
dpgan,ShadowModelling(RandomQueries),12435,0,0.38,0,0.5
dpgan,ShadowModelling(RandomQueries),12435,1,0.51,1,0.5
dpgan,ShadowModelling(RandomQueries),12435,0,0.48,0,0.5
dpgan,ShadowModelling(RandomQueries),12435,1,0.44,0,0.5
dpgan,ShadowModelling(RandomQueries),12435,0,0.22,0,0.5
dpgan,ShadowModelling(RandomQueries),12435,1,0.64,1,0.5
dpgan,ShadowModelling(RandomQueries),12435,0,0.42,0,0.5
dpgan,ShadowModelling(RandomQueries),12435,1,0.51,1,0.5
dpgan,ShadowModelling(RandomQueries),12435,0,0.5,0,0.5
dpgan,ShadowModelling(RandomQueries),12435,1,0.66,1,0.5
dpgan,ShadowModelling(RandomQueries),12435,0,0.68,1,0.5
dpgan,ShadowModelling(RandomQueries),12435,1,0.48,0,0.5
dpgan,ShadowModelling(RandomQueries),12435,0,0.47,0,0.5
dpgan,ShadowModelling(RandomQueries),12435,1,0.35,0,0.5
dpgan,ShadowModelling(RandomQueries),12435,0,0.35,0,0.5
dpgan,ShadowModelling(RandomQueries),12435,1,0.48,0,0.5
dpgan,ShadowModelling(RandomQueries),12435,0,0.4,0,0.5
dpgan,ShadowModelling(RandomQueries),12435,1,0.47,0,0.5
dpgan,ShadowModelling(RandomQueries),12435,0,0.44,0,0.5
dpgan,ShadowModelling(RandomQueries),12435,1,0.44,0,0.5
dpgan,ShadowModelling(RandomQueries),12435,0,0.53,1,0.5
dpgan,ShadowModelling(RandomQueries),12435,1,0.55,1,0.5
dpgan,ShadowModelling(RandomQueries),12435,0,0.44,0,0.5
dpgan,ShadowModelling(RandomQueries),12435,1,0.42,0,0.5
dpgan,ShadowModelling(RandomQueries),12435,0,0.37,0,0.5
dpgan,ShadowModelling(RandomQueries),12435,1,0.38,0,0.5
dpgan,ShadowModelling(RandomQueries),12435,0,0.34,0,0.5
dpgan,ShadowModelling(RandomQueries),12435,1,0.56,1,0.5
dpgan,ShadowModelling(RandomQueries),12435,0,0.55,1,0.5
dpgan,ShadowModelling(RandomQueries),12435,1,0.43,0,0.5
dpgan,ShadowModelling(RandomQueries),12435,0,0.37,0,0.5
dpgan,ShadowModelling(RandomQueries),12435,1,0.66,1,0.5
dpgan,ShadowModelling(RandomQueries),12435,0,0.56,1,0.5
dpgan,ShadowModelling(RandomQueries),12435,1,0.64,1,0.5
dpgan,ShadowModelling(RandomQueries),12435,0,0.68,1,0.5
dpgan,ShadowModelling(RandomQueries),12435,1,0.66,1,0.5
dpgan,ShadowModelling(RandomQueries),12435,0,0.6,1,0.5
dpgan,ShadowModelling(RandomQueries),12435,1,0.61,1,0.5
dpgan,ShadowModelling(RandomQueries),12435,0,0.51,1,0.5
dpgan,ShadowModelling(RandomQueries),12435,1,0.5,0,0.5
dpgan,ShadowModelling(RandomQueries),12435,0,0.46,0,0.5
dpgan,ShadowModelling(RandomQueries),12435,1,0.44,0,0.5
dpgan,ShadowModelling(RandomQueries),12435,0,0.46,0,0.5
dpgan,ShadowModelling(RandomQueries),12435,1,0.52,1,0.5
dpgan,ShadowModelling(RandomQueries),12435,0,0.42,0,0.5
dpgan,ShadowModelling(RandomQueries),12435,1,0.59,1,0.5
dpgan,ShadowModelling(RandomQueries),12435,0,0.57,1,0.5
dpgan,ShadowModelling(RandomQueries),12435,1,0.78,1,0.5
dpgan,ShadowModelling(RandomQueries),12435,0,0.43,0,0.5
dpgan,ShadowModelling(RandomQueries),12435,1,0.53,1,0.5
dpgan,ShadowModelling(RandomQueries),12435,0,0.54,1,0.5
dpgan,ShadowModelling(RandomQueries),12435,1,0.39,0,0.5
dpgan,ShadowModelling(RandomQueries),12435,0,0.61,1,0.5
dpgan,ShadowModelling(RandomQueries),12435,1,0.53,1,0.5
dpgan,ShadowModelling(RandomQueries),12435,0,0.41,0,0.5
dpgan,ShadowModelling(RandomQueries),12435,1,0.68,1,0.5
dpgan,ShadowModelling(RandomQueries),12435,0,0.61,1,0.5
dpgan,ShadowModelling(RandomQueries),12435,1,0.62,1,0.5
dpgan,ShadowModelling(RandomQueries),12435,0,0.55,1,0.5
dpgan,ShadowModelling(RandomQueries),12435,1,0.33,0,0.5
dpgan,ShadowModelling(RandomQueries),12435,0,0.58,1,0.5
dpgan,ShadowModelling(RandomQueries),12435,1,0.79,1,0.5
dpgan,ShadowModelling(RandomQueries),12435,0,0.28,0,0.5
dpgan,ShadowModelling(RandomQueries),12435,1,0.67,1,0.5
dpgan,ShadowModelling(RandomQueries),12435,0,0.18,0,0.5
dpgan,ShadowModelling(RandomQueries),12435,1,0.58,1,0.5
dpgan,ShadowModelling(RandomQueries),12435,0,0.41,0,0.5
dpgan,ShadowModelling(RandomQueries),12435,1,0.57,1,0.5
dpgan,ShadowModelling(RandomQueries),12435,0,0.52,1,0.5
dpgan,ShadowModelling(RandomQueries),12435,1,0.59,1,0.5
dpgan,ShadowModelling(RandomQueries),12435,0,0.45,0,0.5
dpgan,ShadowModelling(RandomQueries),12435,1,0.57,1,0.5
dpgan,ShadowModelling(RandomQueries),12435,0,0.65,1,0.5
dpgan,ShadowModelling(RandomQueries),12435,1,0.56,1,0.5
dpgan,ShadowModelling(RandomQueries),12435,0,0.47,0,0.5
dpgan,ShadowModelling(RandomQueries),12435,1,0.38,0,0.5
dpgan,ShadowModelling(RandomQueries),12435,0,0.49,0,0.5
dpgan,ShadowModelling(RandomQueries),12435,1,0.49,0,0.5
dpgan,ShadowModelling(RandomQueries),12435,0,0.29,0,0.5
dpgan,ShadowModelling(RandomQueries),12435,1,0.61,1,0.5
dpgan,ShadowModelling(RandomQueries),12435,0,0.61,1,0.5
dpgan,ShadowModelling(RandomQueries),12435,1,0.54,1,0.5
dpgan,ShadowModelling(RandomQueries),12435,0,0.43,0,0.5
dpgan,ShadowModelling(RandomQueries),12435,1,0.45,0,0.5
dpgan,ShadowModelling(RandomQueries),12435,0,0.47,0,0.5
dpgan,ShadowModelling(RandomQueries),12435,1,0.66,1,0.5
dpgan,ShadowModelling(RandomQueries),12435,0,0.26,0,0.5
dpgan,ShadowModelling(RandomQueries),12435,1,0.59,1,0.5
dpgan,ShadowModelling(RandomQueries),12435,0,0.32,0,0.5
dpgan,ShadowModelling(RandomQueries),12435,1,0.71,1,0.5
dpgan,ShadowModelling(RandomQueries),12435,0,0.6,1,0.5
dpgan,ShadowModelling(RandomQueries),12435,1,0.35,0,0.5
dpgan,ShadowModelling(RandomQueries),12435,0,0.4,0,0.5
dpgan,ShadowModelling(RandomQueries),12435,1,0.52,1,0.5
dpgan,ShadowModelling(RandomQueries),12435,0,0.54,1,0.5
dpgan,ShadowModelling(RandomQueries),12435,1,0.67,1,0.5
dpgan,ShadowModelling(RandomQueries),12435,0,0.48,0,0.5
dpgan,ShadowModelling(RandomQueries),12435,1,0.65,1,0.5
dpgan,ShadowModelling(RandomQueries),12435,0,0.77,1,0.5
dpgan,ShadowModelling(RandomQueries),12435,1,0.54,1,0.5
dpgan,ShadowModelling(RandomQueries),12435,0,0.33,0,0.5
dpgan,ShadowModelling(RandomQueries),12435,1,0.66,1,0.5
dpgan,ShadowModelling(RandomQueries),12435,0,0.58,1,0.5
dpgan,ShadowModelling(RandomQueries),12435,1,0.58,1,0.5
dpgan,ShadowModelling(RandomQueries),12435,0,0.4,0,0.5
dpgan,ShadowModelling(RandomQueries),12435,1,0.54,1,0.5
dpgan,ShadowModelling(RandomQueries),12435,0,0.38,0,0.5
dpgan,ShadowModelling(RandomQueries),12435,1,0.56,1,0.5
dpgan,ShadowModelling(RandomQueries),12435,0,0.51,1,0.5
dpgan,ShadowModelling(RandomQueries),12435,1,0.55,1,0.5
dpgan,ShadowModelling(RandomQueries),12435,0,0.32,0,0.5
dpgan,ShadowModelling(RandomQueries),12435,1,0.54,1,0.5
dpgan,ShadowModelling(RandomQueries),12435,0,0.43,0,0.5
dpgan,ShadowModelling(RandomQueries),12435,1,0.51,1,0.5
dpgan,ShadowModelling(RandomQueries),12435,0,0.65,1,0.5
dpgan,ShadowModelling(RandomQueries),12435,1,0.67,1,0.5
dpgan,ShadowModelling(RandomQueries),12435,0,0.34,0,0.5
dpgan,ShadowModelling(RandomQueries),12435,1,0.51,1,0.5
dpgan,ShadowModelling(RandomQueries),12435,0,0.65,1,0.5
dpgan,ShadowModelling(RandomQueries),12435,1,0.62,1,0.5
dpgan,ShadowModelling(RandomQueries),12435,0,0.55,1,0.5
dpgan,ShadowModelling(RandomQueries),12435,1,0.47,0,0.5
dpgan,ShadowModelling(RandomQueries),12435,0,0.66,1,0.5
dpgan,ShadowModelling(RandomQueries),12435,1,0.37,0,0.5
dpgan,ShadowModelling(RandomQueries),12435,0,0.45,0,0.5
dpgan,ShadowModelling(RandomQueries),12435,1,0.49,0,0.5
dpgan,ShadowModelling(RandomQueries),12435,0,0.46,0,0.5
dpgan,ShadowModelling(RandomQueries),12435,1,0.42,0,0.5
dpgan,ShadowModelling(RandomQueries),12435,0,0.41,0,0.5
dpgan,ShadowModelling(RandomQueries),12435,1,0.51,1,0.5
dpgan,ShadowModelling(RandomQueries),12435,0,0.48,0,0.5
dpgan,ShadowModelling(RandomQueries),12435,1,0.51,1,0.5
dpgan,ShadowModelling(RandomQueries),12435,0,0.38,0,0.5
dpgan,ShadowModelling(RandomQueries),12435,1,0.64,1,0.5
dpgan,ShadowModelling(RandomQueries),12435,0,0.59,1,0.5
dpgan,ShadowModelling(RandomQueries),12435,1,0.46,0,0.5
dpgan,ShadowModelling(RandomQueries),12435,0,0.67,1,0.5
dpgan,ShadowModelling(RandomQueries),12435,1,0.55,1,0.5
dpgan,ShadowModelling(RandomQueries),12435,0,0.41,0,0.5
dpgan,ShadowModelling(RandomQueries),12435,1,0.62,1,0.5
dpgan,ShadowModelling(RandomQueries),12435,0,0.51,1,0.5
dpgan,ShadowModelling(RandomQueries),12435,1,0.49,0,0.5
dpgan,ShadowModelling(RandomQueries),12435,0,0.67,1,0.5
dpgan,ShadowModelling(RandomQueries),12435,1,0.33,0,0.5
dpgan,ShadowModelling(RandomQueries),12435,0,0.57,1,0.5
dpgan,ShadowModelling(RandomQueries),12435,1,0.68,1,0.5
dpgan,ShadowModelling(RandomQueries),12435,0,0.7,1,0.5
dpgan,ShadowModelling(RandomQueries),12435,1,0.59,1,0.5
dpgan,ShadowModelling(RandomQueries),12435,0,0.33,0,0.5
dpgan,ShadowModelling(RandomQueries),12435,1,0.33,0,0.5
dpgan,ShadowModelling(RandomQueries),12435,0,0.52,1,0.5
dpgan,ShadowModelling(RandomQueries),12435,1,0.61,1,0.5
dpgan,ShadowModelling(RandomQueries),12435,0,0.55,1,0.5
dpgan,ShadowModelling(RandomQueries),12435,1,0.37,0,0.5
dpgan,ShadowModelling(RandomQueries),12435,0,0.46,0,0.5
dpgan,ShadowModelling(RandomQueries),12435,1,0.34,0,0.5
dpgan,ShadowModelling(RandomQueries),12435,0,0.57,1,0.5
dpgan,ShadowModelling(RandomQueries),12435,1,0.37,0,0.5
dpgan,ShadowModelling(RandomQueries),12435,0,0.55,1,0.5
dpgan,ShadowModelling(RandomQueries),12435,1,0.57,1,0.5
dpgan,ShadowModelling(RandomQueries),12435,0,0.55,1,0.5
dpgan,ShadowModelling(RandomQueries),12435,1,0.47,0,0.5
dpgan,ShadowModelling(RandomQueries),12435,0,0.43,0,0.5
dpgan,ShadowModelling(RandomQueries),12435,1,0.52,1,0.5
dpgan,ShadowModelling(RandomQueries),12435,0,0.44,0,0.5
dpgan,ShadowModelling(RandomQueries),12435,1,0.57,1,0.5
dpgan,ShadowModelling(RandomQueries),12435,0,0.39,0,0.5
dpgan,ShadowModelling(RandomQueries),12435,1,0.48,0,0.5
dpgan,ShadowModelling(RandomQueries),12435,0,0.62,1,0.5
dpgan,ShadowModelling(RandomQueries),12435,1,0.34,0,0.5
dpgan,ShadowModelling(RandomQueries),12435,0,0.54,1,0.5
dpgan,ShadowModelling(RandomQueries),12435,1,0.54,1,0.5
dpgan,ShadowModelling(RandomQueries),12435,0,0.28,0,0.5
dpgan,ShadowModelling(RandomQueries),12435,1,0.69,1,0.5
dpgan,ShadowModelling(RandomQueries),12435,0,0.46,0,0.5
dpgan,ShadowModelling(RandomQueries),12435,1,0.43,0,0.5
dpgan,ShadowModelling(RandomQueries),12435,0,0.3,0,0.5
dpgan,ShadowModelling(RandomQueries),12435,1,0.56,1,0.5
dpgan,ShadowModelling(RandomQueries),12435,0,0.41,0,0.5
dpgan,ShadowModelling(RandomQueries),12435,1,0.6,1,0.5
dpgan,ShadowModelling(RandomQueries),12435,0,0.27,0,0.5
dpgan,ShadowModelling(RandomQueries),12435,1,0.52,1,0.5
dpgan,ShadowModelling(RandomQueries),12435,0,0.38,0,0.5
dpgan,ShadowModelling(RandomQueries),12435,1,0.41,0,0.5
dpgan,ShadowModelling(RandomQueries),12435,0,0.36,0,0.5
dpgan,ShadowModelling(RandomQueries),12435,1,0.65,1,0.5
dpgan,ShadowModelling(RandomQueries),12435,0,0.62,1,0.5
dpgan,ShadowModelling(RandomQueries),12435,1,0.62,1,0.5
dpgan,ShadowModelling(RandomQueries),12435,0,0.48,0,0.5
dpgan,ShadowModelling(RandomQueries),12435,1,0.54,1,0.5
dpgan,ShadowModelling(RandomQueries),12435,0,0.61,1,0.5
dpgan,ShadowModelling(RandomQueries),12435,1,0.55,1,0.5
dpgan,ShadowModelling(RandomQueries),12435,0,0.49,0,0.5
dpgan,ShadowModelling(RandomQueries),12435,1,0.51,1,0.5
dpgan,ShadowModelling(RandomQueries),12435,0,0.39,0,0.5
dpgan,ShadowModelling(RandomQueries),12435,1,0.45,0,0.5
dpgan,ShadowModelling(RandomQueries),12435,0,0.59,1,0.5
dpgan,ShadowModelling(RandomQueries),12435,1,0.65,1,0.5
dpgan,ShadowModelling(RandomQueries),12435,0,0.63,1,0.5
dpgan,ShadowModelling(RandomQueries),12435,1,0.68,1,0.5
dpgan,ShadowModelling(RandomQueries),12435,0,0.54,1,0.5
dpgan,ShadowModelling(RandomQueries),12435,1,0.67,1,0.5
dpgan,ShadowModelling(RandomQueries),12435,0,0.32,0,0.5
dpgan,ShadowModelling(RandomQueries),12435,1,0.57,1,0.5
dpgan,ShadowModelling(RandomQueries),12435,0,0.31,0,0.5
dpgan,ShadowModelling(RandomQueries),12435,1,0.69,1,0.5
dpgan,ShadowModelling(RandomQueries),12435,0,0.56,1,0.5
dpgan,ShadowModelling(RandomQueries),12435,1,0.66,1,0.5
dpgan,ShadowModelling(RandomQueries),12435,0,0.45,0,0.5
dpgan,ShadowModelling(RandomQueries),12435,1,0.4,0,0.5
dpgan,ShadowModelling(RandomQueries),12435,0,0.55,1,0.5
dpgan,ShadowModelling(RandomQueries),12435,1,0.66,1,0.5
dpgan,ShadowModelling(RandomQueries),12435,0,0.57,1,0.5
dpgan,ShadowModelling(RandomQueries),12435,1,0.42,0,0.5
dpgan,ShadowModelling(RandomQueries),12435,0,0.63,1,0.5
dpgan,ShadowModelling(RandomQueries),12435,1,0.53,1,0.5
dpgan,ShadowModelling(RandomQueries),12435,0,0.6,1,0.5
dpgan,ShadowModelling(RandomQueries),12435,1,0.52,1,0.5
dpgan,ShadowModelling(RandomQueries),12435,0,0.61,1,0.5
dpgan,ShadowModelling(RandomQueries),12435,1,0.47,0,0.5
dpgan,ShadowModelling(RandomQueries),12435,0,0.34,0,0.5
dpgan,ShadowModelling(RandomQueries),12435,1,0.65,1,0.5
dpgan,ShadowModelling(RandomQueries),12435,0,0.62,1,0.5
dpgan,ShadowModelling(RandomQueries),12435,1,0.7,1,0.5
dpgan,ShadowModelling(RandomQueries),12435,0,0.28,0,0.5
dpgan,ShadowModelling(RandomQueries),12435,1,0.43,0,0.5
dpgan,ShadowModelling(RandomQueries),12435,0,0.61,1,0.5
dpgan,ShadowModelling(RandomQueries),12435,1,0.63,1,0.5
dpgan,ShadowModelling(RandomQueries),12435,0,0.38,0,0.5
dpgan,ShadowModelling(RandomQueries),12435,1,0.43,0,0.5
dpgan,ShadowModelling(RandomQueries),12435,0,0.27,0,0.5
dpgan,ShadowModelling(RandomQueries),12435,1,0.46,0,0.5
dpgan,ShadowModelling(RandomQueries),12435,0,0.41,0,0.5
dpgan,ShadowModelling(RandomQueries),12435,1,0.31,0,0.5
dpgan,ShadowModelling(RandomQueries),12435,0,0.52,1,0.5
dpgan,ShadowModelling(RandomQueries),12435,1,0.44,0,0.5
dpgan,ShadowModelling(RandomQueries),12435,0,0.62,1,0.5
dpgan,ShadowModelling(RandomQueries),12435,1,0.66,1,0.5
dpgan,ShadowModelling(RandomQueries),12435,0,0.41,0,0.5
dpgan,ShadowModelling(RandomQueries),12435,1,0.71,1,0.5
dpgan,ShadowModelling(RandomQueries),12435,0,0.34,0,0.5
dpgan,ShadowModelling(RandomQueries),12435,1,0.53,1,0.5
dpgan,ShadowModelling(RandomQueries),12435,0,0.41,0,0.5
dpgan,ShadowModelling(RandomQueries),12435,1,0.32,0,0.5
dpgan,ShadowModelling(RandomQueries),12435,0,0.41,0,0.5
dpgan,ShadowModelling(RandomQueries),12435,1,0.61,1,0.5
dpgan,ShadowModelling(RandomQueries),12435,0,0.56,1,0.5
dpgan,ShadowModelling(RandomQueries),12435,1,0.42,0,0.5
dpgan,ShadowModelling(RandomQueries),12435,0,0.64,1,0.5
dpgan,ShadowModelling(RandomQueries),12435,1,0.42,0,0.5
dpgan,ShadowModelling(RandomQueries),12435,0,0.47,0,0.5
dpgan,ShadowModelling(RandomQueries),12435,1,0.49,0,0.5
dpgan,ShadowModelling(RandomQueries),12435,0,0.36,0,0.5
dpgan,ShadowModelling(RandomQueries),12435,1,0.62,1,0.5
dpgan,ShadowModelling(RandomQueries),12435,0,0.65,1,0.5
dpgan,ShadowModelling(RandomQueries),12435,1,0.43,0,0.5
dpgan,ShadowModelling(RandomQueries),12435,0,0.37,0,0.5
dpgan,ShadowModelling(RandomQueries),12435,1,0.47,0,0.5
dpgan,ShadowModelling(RandomQueries),12435,0,0.53,1,0.5
dpgan,ShadowModelling(RandomQueries),12435,1,0.49,0,0.5
dpgan,ShadowModelling(RandomQueries),12435,0,0.55,1,0.5
dpgan,ShadowModelling(RandomQueries),12435,1,0.31,0,0.5
dpgan,ShadowModelling(RandomQueries),12435,0,0.52,1,0.5
dpgan,ShadowModelling(RandomQueries),12435,1,0.42,0,0.5
dpgan,ShadowModelling(RandomQueries),12435,0,0.56,1,0.5
dpgan,ShadowModelling(RandomQueries),12435,1,0.42,0,0.5
dpgan,ShadowModelling(RandomQueries),12435,0,0.33,0,0.5
dpgan,ShadowModelling(RandomQueries),12435,1,0.7,1,0.5
dpgan,ShadowModelling(RandomQueries),12435,0,0.74,1,0.5
dpgan,ShadowModelling(RandomQueries),12435,1,0.37,0,0.5
dpgan,ShadowModelling(RandomQueries),12435,0,0.66,1,0.5
dpgan,ShadowModelling(RandomQueries),12435,1,0.34,0,0.5
dpgan,ShadowModelling(RandomQueries),12435,0,0.61,1,0.5
dpgan,ShadowModelling(RandomQueries),12435,1,0.47,0,0.5
dpgan,ShadowModelling(RandomQueries),12435,0,0.51,1,0.5
dpgan,ShadowModelling(RandomQueries),12435,1,0.5,0,0.5
dpgan,ShadowModelling(RandomQueries),12435,0,0.45,0,0.5
dpgan,ShadowModelling(RandomQueries),12435,1,0.45,0,0.5
dpgan,ShadowModelling(RandomQueries),12435,0,0.52,1,0.5
dpgan,ShadowModelling(RandomQueries),12435,1,0.67,1,0.5
dpgan,ShadowModelling(RandomQueries),12435,0,0.58,1,0.5
dpgan,ShadowModelling(RandomQueries),12435,1,0.61,1,0.5
dpgan,ShadowModelling(RandomQueries),12435,0,0.38,0,0.5
dpgan,ShadowModelling(RandomQueries),12435,1,0.61,1,0.5
dpgan,ShadowModelling(RandomQueries),12435,0,0.41,0,0.5
dpgan,ShadowModelling(RandomQueries),12435,1,0.71,1,0.5
dpgan,ShadowModelling(RandomQueries),12435,0,0.5,0,0.5
dpgan,ShadowModelling(RandomQueries),12435,1,0.35,0,0.5
dpgan,ShadowModelling(RandomQueries),12435,0,0.44,0,0.5
dpgan,ShadowModelling(RandomQueries),12435,1,0.42,0,0.5
dpgan,ShadowModelling(RandomQueries),12435,0,0.39,0,0.5
dpgan,ShadowModelling(RandomQueries),12435,1,0.66,1,0.5
dpgan,ShadowModelling(RandomQueries),12435,0,0.43,0,0.5
dpgan,ShadowModelling(RandomQueries),12435,1,0.55,1,0.5
dpgan,ShadowModelling(RandomQueries),12435,0,0.37,0,0.5
dpgan,ShadowModelling(RandomQueries),12435,1,0.49,0,0.5
dpgan,ShadowModelling(RandomQueries),12435,0,0.68,1,0.5
dpgan,ShadowModelling(RandomQueries),12435,1,0.65,1,0.5
dpgan,ShadowModelling(RandomQueries),12435,0,0.63,1,0.5
dpgan,ShadowModelling(RandomQueries),12435,1,0.39,0,0.5
dpgan,ShadowModelling(RandomQueries),12435,0,0.62,1,0.5
dpgan,ShadowModelling(RandomQueries),12435,1,0.65,1,0.5
dpgan,ShadowModelling(RandomQueries),12435,0,0.41,0,0.5
dpgan,ShadowModelling(RandomQueries),12435,1,0.56,1,0.5
dpgan,ShadowModelling(RandomQueries),12435,0,0.37,0,0.5
dpgan,ShadowModelling(RandomQueries),12435,1,0.48,0,0.5
dpgan,ShadowModelling(RandomQueries),12435,0,0.51,1,0.5
dpgan,ShadowModelling(RandomQueries),12435,1,0.59,1,0.5
dpgan,ShadowModelling(RandomQueries),12435,0,0.3,0,0.5
dpgan,ShadowModelling(RandomQueries),12435,1,0.55,1,0.5
dpgan,ShadowModelling(RandomQueries),12435,0,0.53,1,0.5
dpgan,ShadowModelling(RandomQueries),12435,1,0.44,0,0.5
dpgan,ShadowModelling(RandomQueries),12435,0,0.39,0,0.5
dpgan,ShadowModelling(RandomQueries),12435,1,0.61,1,0.5
dpgan,ShadowModelling(RandomQueries),12435,0,0.72,1,0.5
dpgan,ShadowModelling(RandomQueries),12435,1,0.62,1,0.5
dpgan,ShadowModelling(RandomQueries),12435,0,0.26,0,0.5
dpgan,ShadowModelling(RandomQueries),12435,1,0.26,0,0.5
dpgan,ShadowModelling(RandomQueries),12435,0,0.53,1,0.5
dpgan,ShadowModelling(RandomQueries),12435,1,0.64,1,0.5
dpgan,ShadowModelling(RandomQueries),12435,0,0.57,1,0.5
dpgan,ShadowModelling(RandomQueries),12435,1,0.6,1,0.5
dpgan,ShadowModelling(RandomQueries),12435,0,0.49,0,0.5
dpgan,ShadowModelling(RandomQueries),12435,1,0.58,1,0.5
dpgan,ShadowModelling(RandomQueries),12435,0,0.29,0,0.5
dpgan,ShadowModelling(RandomQueries),12435,1,0.68,1,0.5
dpgan,ShadowModelling(RandomQueries),12435,0,0.38,0,0.5
dpgan,ShadowModelling(RandomQueries),12435,1,0.57,1,0.5
dpgan,ShadowModelling(RandomQueries),12435,0,0.18,0,0.5
dpgan,ShadowModelling(RandomQueries),12435,1,0.5,0,0.5
dpgan,ShadowModelling(RandomQueries),12435,0,0.46,0,0.5
dpgan,ShadowModelling(RandomQueries),12435,1,0.51,1,0.5
dpgan,ShadowModelling(RandomQueries),12435,0,0.49,0,0.5
dpgan,ShadowModelling(RandomQueries),12435,1,0.62,1,0.5
dpgan,ShadowModelling(RandomQueries),12435,0,0.26,0,0.5
dpgan,ShadowModelling(RandomQueries),12435,1,0.38,0,0.5
dpgan,ShadowModelling(RandomQueries),12435,0,0.64,1,0.5
dpgan,ShadowModelling(RandomQueries),12435,1,0.35,0,0.5
dpgan,ShadowModelling(RandomQueries),12435,0,0.62,1,0.5
dpgan,ShadowModelling(RandomQueries),12435,1,0.61,1,0.5
dpgan,ShadowModelling(RandomQueries),12435,0,0.53,1,0.5
dpgan,ShadowModelling(RandomQueries),12435,1,0.4,0,0.5
dpgan,ShadowModelling(RandomQueries),12435,0,0.53,1,0.5
dpgan,ShadowModelling(RandomQueries),12435,1,0.58,1,0.5
dpgan,ShadowModelling(RandomQueries),12435,0,0.57,1,0.5
dpgan,ShadowModelling(RandomQueries),12435,1,0.5,0,0.5
dpgan,ShadowModelling(RandomQueries),12435,0,0.43,0,0.5
dpgan,ShadowModelling(RandomQueries),12435,1,0.57,1,0.5
dpgan,ShadowModelling(RandomQueries),12435,0,0.43,0,0.5
dpgan,ShadowModelling(RandomQueries),12435,1,0.64,1,0.5
dpgan,ShadowModelling(RandomQueries),12435,0,0.65,1,0.5
dpgan,ShadowModelling(RandomQueries),12435,1,0.5,0,0.5
dpgan,ShadowModelling(RandomQueries),12435,0,0.5,0,0.5
dpgan,ShadowModelling(RandomQueries),12435,1,0.62,1,0.5
dpgan,ShadowModelling(RandomQueries),12435,0,0.36,0,0.5
dpgan,ShadowModelling(RandomQueries),12435,1,0.6,1,0.5
dpgan,ShadowModelling(RandomQueries),12435,0,0.5,0,0.5
dpgan,ShadowModelling(RandomQueries),12435,1,0.44,0,0.5
dpgan,ShadowModelling(RandomQueries),12435,0,0.36,0,0.5
dpgan,ShadowModelling(RandomQueries),12435,1,0.52,1,0.5
dpgan,ShadowModelling(RandomQueries),12435,0,0.67,1,0.5
dpgan,ShadowModelling(RandomQueries),12435,1,0.42,0,0.5
dpgan,ShadowModelling(RandomQueries),12435,0,0.3,0,0.5
dpgan,ShadowModelling(RandomQueries),12435,1,0.42,0,0.5
dpgan,ShadowModelling(RandomQueries),12435,0,0.46,0,0.5
dpgan,ShadowModelling(RandomQueries),12435,1,0.39,0,0.5
dpgan,ShadowModelling(RandomQueries),12435,0,0.48,0,0.5
dpgan,ShadowModelling(RandomQueries),12435,1,0.56,1,0.5
dpgan,ShadowModelling(RandomQueries),12435,0,0.25,0,0.5
dpgan,ShadowModelling(RandomQueries),12435,1,0.5,0,0.5
dpgan,ShadowModelling(RandomQueries),12435,0,0.33,0,0.5
dpgan,ShadowModelling(RandomQueries),12435,1,0.56,1,0.5
dpgan,ShadowModelling(RandomQueries),12435,0,0.55,1,0.5
dpgan,ShadowModelling(RandomQueries),12435,1,0.72,1,0.5
dpgan,ShadowModelling(RandomQueries),12435,0,0.34,0,0.5
dpgan,ShadowModelling(RandomQueries),12435,1,0.45,0,0.5
dpgan,ShadowModelling(RandomQueries),12435,0,0.37,0,0.5
dpgan,ShadowModelling(RandomQueries),12435,1,0.52,1,0.5
dpgan,ShadowModelling(RandomQueries),12435,0,0.41,0,0.5
dpgan,ShadowModelling(RandomQueries),12435,1,0.57,1,0.5
dpgan,ShadowModelling(RandomQueries),12435,0,0.53,1,0.5
dpgan,ShadowModelling(RandomQueries),12435,1,0.55,1,0.5
dpgan,ShadowModelling(RandomQueries),12435,0,0.37,0,0.5
dpgan,ShadowModelling(RandomQueries),12435,1,0.59,1,0.5
dpgan,ShadowModelling(RandomQueries),12435,0,0.44,0,0.5
dpgan,ShadowModelling(RandomQueries),12435,1,0.68,1,0.5
dpgan,ShadowModelling(RandomQueries),12435,0,0.38,0,0.5
dpgan,ShadowModelling(RandomQueries),12435,1,0.48,0,0.5
dpgan,ShadowModelling(RandomQueries),12435,0,0.23,0,0.5
dpgan,ShadowModelling(RandomQueries),12435,1,0.54,1,0.5
dpgan,ShadowModelling(RandomQueries),12435,0,0.69,1,0.5
dpgan,ShadowModelling(RandomQueries),12435,1,0.6,1,0.5
dpgan,ShadowModelling(RandomQueries),12435,0,0.36,0,0.5
dpgan,ShadowModelling(RandomQueries),12435,1,0.31,0,0.5
dpgan,ShadowModelling(RandomQueries),12435,0,0.54,1,0.5
dpgan,ShadowModelling(RandomQueries),12435,1,0.6,1,0.5
dpgan,ShadowModelling(RandomQueries),12435,0,0.52,1,0.5
dpgan,ShadowModelling(RandomQueries),12435,1,0.73,1,0.5
dpgan,ShadowModelling(RandomQueries),12435,0,0.45,0,0.5
dpgan,ShadowModelling(RandomQueries),12435,1,0.62,1,0.5
dpgan,ShadowModelling(RandomQueries),12435,0,0.68,1,0.5
dpgan,ShadowModelling(RandomQueries),12435,1,0.48,0,0.5
dpgan,ShadowModelling(RandomQueries),12435,0,0.44,0,0.5
dpgan,ShadowModelling(RandomQueries),12435,1,0.6,1,0.5
dpgan,ShadowModelling(RandomQueries),12435,0,0.48,0,0.5
dpgan,ShadowModelling(RandomQueries),12435,1,0.6,1,0.5
dpgan,ShadowModelling(RandomQueries),12435,0,0.4,0,0.5
dpgan,ShadowModelling(RandomQueries),12435,1,0.45,0,0.5
dpgan,ShadowModelling(RandomQueries),12435,0,0.5,0,0.5
dpgan,ShadowModelling(RandomQueries),12435,1,0.53,1,0.5
dpgan,ShadowModelling(RandomQueries),12435,0,0.35,0,0.5
dpgan,ShadowModelling(RandomQueries),12435,1,0.37,0,0.5
dpgan,ShadowModelling(RandomQueries),12435,0,0.47,0,0.5
dpgan,ShadowModelling(RandomQueries),12435,1,0.6,1,0.5
dpgan,ShadowModelling(RandomQueries),12435,0,0.46,0,0.5
dpgan,ShadowModelling(RandomQueries),12435,1,0.56,1,0.5
dpgan,ShadowModelling(RandomQueries),12435,0,0.56,1,0.5
dpgan,ShadowModelling(RandomQueries),12435,1,0.34,0,0.5
dpgan,ShadowModelling(RandomQueries),12435,0,0.53,1,0.5
dpgan,ShadowModelling(RandomQueries),12435,1,0.54,1,0.5
dpgan,ShadowModelling(RandomQueries),12435,0,0.41,0,0.5
dpgan,ShadowModelling(RandomQueries),12435,1,0.61,1,0.5
dpgan,ShadowModelling(RandomQueries),12435,0,0.23,0,0.5
dpgan,ShadowModelling(RandomQueries),12435,1,0.59,1,0.5
dpgan,ShadowModelling(RandomQueries),12435,0,0.6,1,0.5
dpgan,ShadowModelling(RandomQueries),12435,1,0.55,1,0.5
dpgan,ShadowModelling(RandomQueries),12435,0,0.56,1,0.5
dpgan,ShadowModelling(RandomQueries),12435,1,0.47,0,0.5
dpgan,ShadowModelling(RandomQueries),12435,0,0.33,0,0.5
dpgan,ShadowModelling(RandomQueries),12435,1,0.51,1,0.5
dpgan,ShadowModelling(RandomQueries),12435,0,0.54,1,0.5
dpgan,ShadowModelling(RandomQueries),12435,1,0.57,1,0.5
dpgan,ShadowModelling(RandomQueries),12435,0,0.49,0,0.5
dpgan,ShadowModelling(RandomQueries),12435,1,0.48,0,0.5
dpgan,ShadowModelling(RandomQueries),12435,0,0.66,1,0.5
dpgan,ShadowModelling(RandomQueries),12435,1,0.57,1,0.5
dpgan,ShadowModelling(RandomQueries),12435,0,0.7,1,0.5
dpgan,ShadowModelling(RandomQueries),12435,1,0.52,1,0.5
dpgan,ShadowModelling(RandomQueries),12435,0,0.43,0,0.5
dpgan,ShadowModelling(RandomQueries),12435,1,0.37,0,0.5
dpgan,ShadowModelling(RandomQueries),12435,0,0.41,0,0.5
dpgan,ShadowModelling(RandomQueries),12435,1,0.51,1,0.5
dpgan,ShadowModelling(RandomQueries),12435,0,0.59,1,0.5
dpgan,ShadowModelling(RandomQueries),12435,1,0.62,1,0.5
dpgan,ShadowModelling(RandomQueries),12435,0,0.35,0,0.5
dpgan,ShadowModelling(RandomQueries),12435,1,0.61,1,0.5
dpgan,ShadowModelling(RandomQueries),12435,0,0.42,0,0.5
dpgan,ShadowModelling(RandomQueries),12435,1,0.57,1,0.5
dpgan,ShadowModelling(RandomQueries),12435,0,0.47,0,0.5
dpgan,ShadowModelling(RandomQueries),12435,1,0.5,0,0.5
dpgan,ShadowModelling(RandomQueries),12435,0,0.58,1,0.5
dpgan,ShadowModelling(RandomQueries),12435,1,0.59,1,0.5
dpgan,ShadowModelling(RandomQueries),12435,0,0.5,0,0.5
dpgan,ShadowModelling(RandomQueries),12435,1,0.53,1,0.5
dpgan,ShadowModelling(RandomQueries),12435,0,0.52,1,0.5
dpgan,ShadowModelling(RandomQueries),12435,1,0.59,1,0.5
dpgan,ShadowModelling(RandomQueries),12435,0,0.57,1,0.5
dpgan,ShadowModelling(RandomQueries),12435,1,0.3,0,0.5
dpgan,ShadowModelling(RandomQueries),12435,0,0.42,0,0.5
dpgan,ShadowModelling(RandomQueries),12435,1,0.42,0,0.5
dpgan,ShadowModelling(RandomQueries),12435,0,0.56,1,0.5
dpgan,ShadowModelling(RandomQueries),12435,1,0.53,1,0.5
dpgan,ShadowModelling(RandomQueries),12435,0,0.42,0,0.5
dpgan,ShadowModelling(RandomQueries),12435,1,0.45,0,0.5
dpgan,ShadowModelling(RandomQueries),12435,0,0.49,0,0.5
dpgan,ShadowModelling(RandomQueries),12435,1,0.65,1,0.5
dpgan,ShadowModelling(RandomQueries),12435,0,0.53,1,0.5
dpgan,ShadowModelling(RandomQueries),12435,1,0.42,0,0.5
dpgan,ShadowModelling(RandomQueries),12435,0,0.49,0,0.5
dpgan,ShadowModelling(RandomQueries),12435,1,0.65,1,0.5
dpgan,ShadowModelling(RandomQueries),12435,0,0.54,1,0.5
dpgan,ShadowModelling(RandomQueries),12435,1,0.32,0,0.5
dpgan,ShadowModelling(RandomQueries),12435,0,0.61,1,0.5
dpgan,ShadowModelling(RandomQueries),12435,1,0.46,0,0.5
dpgan,ShadowModelling(RandomQueries),12435,0,0.49,0,0.5
dpgan,ShadowModelling(RandomQueries),12435,1,0.69,1,0.5
dpgan,ShadowModelling(RandomQueries),12435,0,0.65,1,0.5
dpgan,ShadowModelling(RandomQueries),12435,1,0.71,1,0.5
dpgan,ShadowModelling(RandomQueries),12435,0,0.39,0,0.5
dpgan,ShadowModelling(RandomQueries),12435,1,0.55,1,0.5
dpgan,ShadowModelling(RandomQueries),12435,0,0.48,0,0.5
dpgan,ShadowModelling(RandomQueries),12435,1,0.62,1,0.5
dpgan,ShadowModelling(RandomQueries),12435,0,0.55,1,0.5
dpgan,ShadowModelling(RandomQueries),12435,1,0.21,0,0.5
dpgan,ShadowModelling(RandomQueries),12435,0,0.48,0,0.5
dpgan,ShadowModelling(RandomQueries),12435,1,0.59,1,0.5
dpgan,ShadowModelling(RandomQueries),12435,0,0.26,0,0.5
dpgan,ShadowModelling(RandomQueries),12435,1,0.61,1,0.5
dpgan,ShadowModelling(RandomQueries),12435,0,0.46,0,0.5
dpgan,ShadowModelling(RandomQueries),12435,1,0.47,0,0.5
dpgan,ShadowModelling(RandomQueries),12435,0,0.41,0,0.5
dpgan,ShadowModelling(RandomQueries),12435,1,0.6,1,0.5
dpgan,ShadowModelling(RandomQueries),12435,0,0.74,1,0.5
dpgan,ShadowModelling(RandomQueries),12435,1,0.62,1,0.5
dpgan,ShadowModelling(RandomQueries),12435,0,0.26,0,0.5
dpgan,ShadowModelling(RandomQueries),12435,1,0.52,1,0.5
dpgan,ShadowModelling(RandomQueries),12435,0,0.59,1,0.5
dpgan,ShadowModelling(RandomQueries),12435,1,0.63,1,0.5
dpgan,ShadowModelling(RandomQueries),12435,0,0.5,0,0.5
dpgan,ShadowModelling(RandomQueries),12435,1,0.56,1,0.5
dpgan,ShadowModelling(RandomQueries),12435,0,0.46,0,0.5
dpgan,ShadowModelling(RandomQueries),12435,1,0.5,0,0.5
dpgan,ShadowModelling(RandomQueries),12435,0,0.41,0,0.5
dpgan,ShadowModelling(RandomQueries),12435,1,0.47,0,0.5
dpgan,ShadowModelling(RandomQueries),12435,0,0.51,1,0.5
dpgan,ShadowModelling(RandomQueries),12435,1,0.43,0,0.5
dpgan,ShadowModelling(RandomQueries),12435,0,0.35,0,0.5
dpgan,ShadowModelling(RandomQueries),12435,1,0.57,1,0.5
dpgan,ShadowModelling(RandomQueries),12435,0,0.31,0,0.5
dpgan,ShadowModelling(RandomQueries),12435,1,0.32,0,0.5
dpgan,ShadowModelling(RandomQueries),12435,0,0.6,1,0.5
dpgan,ShadowModelling(RandomQueries),12435,1,0.45,0,0.5
dpgan,ShadowModelling(RandomQueries),12435,0,0.21,0,0.5
dpgan,ShadowModelling(RandomQueries),12435,1,0.4,0,0.5
dpgan,ShadowModelling(RandomQueries),12435,0,0.3,0,0.5
dpgan,ShadowModelling(RandomQueries),12435,1,0.4,0,0.5
dpgan,ShadowModelling(RandomQueries),12435,0,0.52,1,0.5
dpgan,ShadowModelling(RandomQueries),12435,1,0.73,1,0.5
dpgan,ShadowModelling(RandomQueries),12435,0,0.39,0,0.5
dpgan,ShadowModelling(RandomQueries),12435,1,0.52,1,0.5
dpgan,ShadowModelling(RandomQueries),12435,0,0.59,1,0.5
dpgan,ShadowModelling(RandomQueries),12435,1,0.63,1,0.5
dpgan,ShadowModelling(RandomQueries),12435,0,0.44,0,0.5
dpgan,ShadowModelling(RandomQueries),12435,1,0.64,1,0.5
dpgan,ShadowModelling(RandomQueries),12435,0,0.57,1,0.5
dpgan,ShadowModelling(RandomQueries),12435,1,0.48,0,0.5
dpgan,ShadowModelling(RandomQueries),12435,0,0.35,0,0.5
dpgan,ShadowModelling(RandomQueries),12435,1,0.73,1,0.5
dpgan,ShadowModelling(RandomQueries),12435,0,0.45,0,0.5
dpgan,ShadowModelling(RandomQueries),12435,1,0.42,0,0.5
dpgan,ShadowModelling(RandomQueries),12435,0,0.39,0,0.5
dpgan,ShadowModelling(RandomQueries),12435,1,0.64,1,0.5
dpgan,ShadowModelling(RandomQueries),12435,0,0.23,0,0.5
dpgan,ShadowModelling(RandomQueries),12435,1,0.32,0,0.5
dpgan,ShadowModelling(RandomQueries),12435,0,0.5,0,0.5
dpgan,ShadowModelling(RandomQueries),12435,1,0.53,1,0.5
dpgan,ShadowModelling(RandomQueries),12435,0,0.68,1,0.5
dpgan,ShadowModelling(RandomQueries),12435,1,0.51,1,0.5
dpgan,ShadowModelling(RandomQueries),12435,0,0.52,1,0.5
dpgan,ShadowModelling(RandomQueries),12435,1,0.57,1,0.5
dpgan,ShadowModelling(RandomQueries),12435,0,0.64,1,0.5
dpgan,ShadowModelling(RandomQueries),12435,1,0.4,0,0.5
dpgan,ShadowModelling(RandomQueries),12435,0,0.37,0,0.5
dpgan,ShadowModelling(RandomQueries),12435,1,0.5,0,0.5
dpgan,ShadowModelling(RandomQueries),12435,0,0.46,0,0.5
dpgan,ShadowModelling(RandomQueries),12435,1,0.56,1,0.5
dpgan,ShadowModelling(RandomQueries),12435,0,0.65,1,0.5
dpgan,ShadowModelling(RandomQueries),12435,1,0.55,1,0.5
dpgan,ShadowModelling(RandomQueries),12435,0,0.67,1,0.5
dpgan,ShadowModelling(RandomQueries),12435,1,0.29,0,0.5
dpgan,ShadowModelling(RandomQueries),12435,0,0.67,1,0.5
dpgan,ShadowModelling(RandomQueries),12435,1,0.51,1,0.5
dpgan,ShadowModelling(RandomQueries),12435,0,0.66,1,0.5
dpgan,ShadowModelling(RandomQueries),12435,1,0.58,1,0.5
dpgan,ShadowModelling(RandomQueries),12435,0,0.16,0,0.5
dpgan,ShadowModelling(RandomQueries),12435,1,0.74,1,0.5
dpgan,ShadowModelling(RandomQueries),12435,0,0.52,1,0.5
dpgan,ShadowModelling(RandomQueries),12435,1,0.37,0,0.5
dpgan,ShadowModelling(RandomQueries),12435,0,0.17,0,0.5
dpgan,ShadowModelling(RandomQueries),12435,1,0.62,1,0.5
dpgan,ShadowModelling(RandomQueries),12435,0,0.42,0,0.5
dpgan,ShadowModelling(RandomQueries),12435,1,0.61,1,0.5
dpgan,ShadowModelling(RandomQueries),12435,0,0.42,0,0.5
dpgan,ShadowModelling(RandomQueries),12435,1,0.6,1,0.5
dpgan,ShadowModelling(RandomQueries),12435,0,0.67,1,0.5
dpgan,ShadowModelling(RandomQueries),12435,1,0.54,1,0.5
dpgan,ShadowModelling(RandomQueries),12435,0,0.68,1,0.5
dpgan,ShadowModelling(RandomQueries),12435,1,0.3,0,0.5
dpgan,ShadowModelling(RandomQueries),12435,0,0.33,0,0.5
dpgan,ShadowModelling(RandomQueries),12435,1,0.58,1,0.5
dpgan,ShadowModelling(RandomQueries),12435,0,0.19,0,0.5
dpgan,ShadowModelling(RandomQueries),12435,1,0.39,0,0.5
dpgan,ShadowModelling(RandomQueries),12435,0,0.45,0,0.5
dpgan,ShadowModelling(RandomQueries),12435,1,0.63,1,0.5
dpgan,ShadowModelling(RandomQueries),12435,0,0.35,0,0.5
dpgan,ShadowModelling(RandomQueries),12435,1,0.77,1,0.5
dpgan,ShadowModelling(RandomQueries),12435,0,0.48,0,0.5
dpgan,ShadowModelling(RandomQueries),12435,1,0.61,1,0.5
dpgan,ShadowModelling(RandomQueries),12435,0,0.43,0,0.5
dpgan,ShadowModelling(RandomQueries),12435,1,0.69,1,0.5
dpgan,ShadowModelling(RandomQueries),12435,0,0.44,0,0.5
dpgan,ShadowModelling(RandomQueries),12435,1,0.62,1,0.5
dpgan,ShadowModelling(RandomQueries),12435,0,0.66,1,0.5
dpgan,ShadowModelling(RandomQueries),12435,1,0.64,1,0.5
dpgan,ShadowModelling(RandomQueries),12435,0,0.41,0,0.5
dpgan,ShadowModelling(RandomQueries),12435,1,0.48,0,0.5
dpgan,ShadowModelling(RandomQueries),12435,0,0.61,1,0.5
dpgan,ShadowModelling(RandomQueries),12435,1,0.51,1,0.5
dpgan,ShadowModelling(RandomQueries),12435,0,0.52,1,0.5
dpgan,ShadowModelling(RandomQueries),12435,1,0.46,0,0.5
dpgan,ShadowModelling(RandomQueries),12435,0,0.78,1,0.5
dpgan,ShadowModelling(RandomQueries),12435,1,0.67,1,0.5
dpgan,ShadowModelling(RandomQueries),12435,0,0.3,0,0.5
dpgan,ShadowModelling(RandomQueries),12435,1,0.63,1,0.5
dpgan,ShadowModelling(RandomQueries),12435,0,0.47,0,0.5
dpgan,ShadowModelling(RandomQueries),12435,1,0.68,1,0.5
dpgan,ShadowModelling(RandomQueries),12435,0,0.49,0,0.5
dpgan,ShadowModelling(RandomQueries),12435,1,0.44,0,0.5
dpgan,ShadowModelling(RandomQueries),12435,0,0.49,0,0.5
dpgan,ShadowModelling(RandomQueries),12435,1,0.68,1,0.5
dpgan,ShadowModelling(RandomQueries),12435,0,0.5,0,0.5
dpgan,ShadowModelling(RandomQueries),12435,1,0.33,0,0.5
dpgan,ShadowModelling(RandomQueries),12435,0,0.45,0,0.5
dpgan,ShadowModelling(RandomQueries),12435,1,0.55,1,0.5
dpgan,ShadowModelling(RandomQueries),12435,0,0.47,0,0.5
dpgan,ShadowModelling(RandomQueries),12435,1,0.53,1,0.5
dpgan,ShadowModelling(RandomQueries),12435,0,0.6,1,0.5
dpgan,ShadowModelling(RandomQueries),12435,1,0.45,0,0.5
dpgan,ShadowModelling(RandomQueries),12435,0,0.52,1,0.5
dpgan,ShadowModelling(RandomQueries),12435,1,0.37,0,0.5
dpgan,ShadowModelling(RandomQueries),12435,0,0.32,0,0.5
dpgan,ShadowModelling(RandomQueries),12435,1,0.45,0,0.5
dpgan,ShadowModelling(RandomQueries),12435,0,0.27,0,0.5
dpgan,ShadowModelling(RandomQueries),12435,1,0.54,1,0.5
dpgan,ShadowModelling(RandomQueries),12435,0,0.69,1,0.5
dpgan,ShadowModelling(RandomQueries),12435,1,0.63,1,0.5
dpgan,ShadowModelling(RandomQueries),12435,0,0.57,1,0.5
dpgan,ShadowModelling(RandomQueries),12435,1,0.5,0,0.5
dpgan,ShadowModelling(RandomQueries),12435,0,0.36,0,0.5
dpgan,ShadowModelling(RandomQueries),12435,1,0.64,1,0.5
dpgan,ShadowModelling(RandomQueries),12435,0,0.43,0,0.5
dpgan,ShadowModelling(RandomQueries),12435,1,0.49,0,0.5
dpgan,ShadowModelling(RandomQueries),12435,0,0.66,1,0.5
dpgan,ShadowModelling(RandomQueries),12435,1,0.39,0,0.5
dpgan,ShadowModelling(RandomQueries),12435,0,0.48,0,0.5
dpgan,ShadowModelling(RandomQueries),12435,1,0.58,1,0.5
dpgan,ShadowModelling(RandomQueries),12435,0,0.27,0,0.5
dpgan,ShadowModelling(RandomQueries),12435,1,0.42,0,0.5
dpgan,ShadowModelling(RandomQueries),12435,0,0.36,0,0.5
dpgan,ShadowModelling(RandomQueries),12435,1,0.42,0,0.5
dpgan,ShadowModelling(RandomQueries),12435,0,0.65,1,0.5
dpgan,ShadowModelling(RandomQueries),12435,1,0.33,0,0.5
dpgan,ShadowModelling(RandomQueries),12435,0,0.4,0,0.5
dpgan,ShadowModelling(RandomQueries),12435,1,0.58,1,0.5
dpgan,ShadowModelling(RandomQueries),12435,0,0.54,1,0.5
dpgan,ShadowModelling(RandomQueries),12435,1,0.42,0,0.5
dpgan,ShadowModelling(RandomQueries),12435,0,0.41,0,0.5
dpgan,ShadowModelling(RandomQueries),12435,1,0.42,0,0.5
dpgan,ShadowModelling(RandomQueries),12435,0,0.35,0,0.5
dpgan,ShadowModelling(RandomQueries),12435,1,0.43,0,0.5
dpgan,ShadowModelling(RandomQueries),12435,0,0.38,0,0.5
dpgan,ShadowModelling(RandomQueries),12435,1,0.52,1,0.5
dpgan,ShadowModelling(RandomQueries),12435,0,0.63,1,0.5
dpgan,ShadowModelling(RandomQueries),12435,1,0.63,1,0.5
dpgan,ShadowModelling(RandomQueries),12435,0,0.52,1,0.5
dpgan,ShadowModelling(RandomQueries),12435,1,0.73,1,0.5
dpgan,ShadowModelling(RandomQueries),12435,0,0.49,0,0.5
dpgan,ShadowModelling(RandomQueries),12435,1,0.45,0,0.5
dpgan,ShadowModelling(RandomQueries),12435,0,0.53,1,0.5
dpgan,ShadowModelling(RandomQueries),12435,1,0.75,1,0.5
dpgan,ShadowModelling(RandomQueries),12435,0,0.54,1,0.5
dpgan,ShadowModelling(RandomQueries),12435,1,0.43,0,0.5
dpgan,ShadowModelling(RandomQueries),12435,0,0.61,1,0.5
dpgan,ShadowModelling(RandomQueries),12435,1,0.4,0,0.5
dpgan,ShadowModelling(RandomQueries),12435,0,0.54,1,0.5
dpgan,ShadowModelling(RandomQueries),12435,1,0.59,1,0.5
dpgan,ShadowModelling(RandomQueries),12435,0,0.55,1,0.5
dpgan,ShadowModelling(RandomQueries),12435,1,0.36,0,0.5
dpgan,ShadowModelling(RandomQueries),12435,0,0.52,1,0.5
dpgan,ShadowModelling(RandomQueries),12435,1,0.5,0,0.5
dpgan,ShadowModelling(RandomQueries),12435,0,0.59,1,0.5
dpgan,ShadowModelling(RandomQueries),12435,1,0.42,0,0.5
dpgan,ShadowModelling(RandomQueries),12435,0,0.54,1,0.5
dpgan,ShadowModelling(RandomQueries),12435,1,0.48,0,0.5
dpgan,ShadowModelling(RandomQueries),12435,0,0.46,0,0.5
dpgan,ShadowModelling(RandomQueries),12435,1,0.39,0,0.5
dpgan,ShadowModelling(RandomQueries),12435,0,0.48,0,0.5
dpgan,ShadowModelling(RandomQueries),12435,1,0.7,1,0.5
dpgan,ShadowModelling(RandomQueries),12435,0,0.64,1,0.5
dpgan,ShadowModelling(RandomQueries),12435,1,0.45,0,0.5
dpgan,ShadowModelling(RandomQueries),12435,0,0.49,0,0.5
dpgan,ShadowModelling(RandomQueries),12435,1,0.57,1,0.5
dpgan,ShadowModelling(RandomQueries),12435,0,0.42,0,0.5
dpgan,ShadowModelling(RandomQueries),12435,1,0.44,0,0.5
dpgan,ShadowModelling(RandomQueries),12435,0,0.58,1,0.5
dpgan,ShadowModelling(RandomQueries),12435,1,0.38,0,0.5
dpgan,ShadowModelling(RandomQueries),12435,0,0.34,0,0.5
dpgan,ShadowModelling(RandomQueries),12435,1,0.51,1,0.5
dpgan,ShadowModelling(RandomQueries),12435,0,0.47,0,0.5
dpgan,ShadowModelling(RandomQueries),12435,1,0.35,0,0.5
dpgan,ShadowModelling(RandomQueries),12435,0,0.53,1,0.5
dpgan,ShadowModelling(RandomQueries),12435,1,0.67,1,0.5
dpgan,ShadowModelling(RandomQueries),12435,0,0.2,0,0.5
dpgan,ShadowModelling(RandomQueries),12435,1,0.8,1,0.5
dpgan,ShadowModelling(RandomQueries),12435,0,0.4,0,0.5
dpgan,ShadowModelling(RandomQueries),12435,1,0.49,0,0.5
dpgan,ShadowModelling(RandomQueries),12435,0,0.39,0,0.5
dpgan,ShadowModelling(RandomQueries),12435,1,0.63,1,0.5
dpgan,ShadowModelling(RandomQueries),12435,0,0.48,0,0.5
dpgan,ShadowModelling(RandomQueries),12435,1,0.36,0,0.5
dpgan,ShadowModelling(RandomQueries),12435,0,0.41,0,0.5
dpgan,ShadowModelling(RandomQueries),12435,1,0.55,1,0.5
dpgan,ShadowModelling(RandomQueries),12435,0,0.44,0,0.5
dpgan,ShadowModelling(RandomQueries),12435,1,0.48,0,0.5
dpgan,ShadowModelling(RandomQueries),12435,0,0.39,0,0.5
dpgan,ShadowModelling(RandomQueries),12435,1,0.62,1,0.5
dpgan,ShadowModelling(RandomQueries),12435,0,0.63,1,0.5
dpgan,ShadowModelling(RandomQueries),12435,1,0.53,1,0.5
dpgan,ShadowModelling(RandomQueries),12435,0,0.44,0,0.5
dpgan,ShadowModelling(RandomQueries),12435,1,0.6,1,0.5
dpgan,ShadowModelling(RandomQueries),12435,0,0.37,0,0.5
dpgan,ShadowModelling(RandomQueries),12435,1,0.57,1,0.5
dpgan,ShadowModelling(RandomQueries),12435,0,0.42,0,0.5
dpgan,ShadowModelling(RandomQueries),12435,1,0.74,1,0.5
dpgan,ShadowModelling(RandomQueries),12435,0,0.22,0,0.5
dpgan,ShadowModelling(RandomQueries),12435,1,0.73,1,0.5
dpgan,ShadowModelling(RandomQueries),12435,0,0.29,0,0.5
dpgan,ShadowModelling(RandomQueries),12435,1,0.57,1,0.5
dpgan,ShadowModelling(RandomQueries),12435,0,0.47,0,0.5
dpgan,ShadowModelling(RandomQueries),12435,1,0.41,0,0.5
dpgan,ShadowModelling(RandomQueries),12435,0,0.59,1,0.5
dpgan,ShadowModelling(RandomQueries),12435,1,0.48,0,0.5
dpgan,ShadowModelling(RandomQueries),12435,0,0.56,1,0.5
dpgan,ShadowModelling(RandomQueries),12435,1,0.59,1,0.5
dpgan,ShadowModelling(RandomQueries),12435,0,0.66,1,0.5
dpgan,ShadowModelling(RandomQueries),12435,1,0.27,0,0.5
dpgan,ShadowModelling(RandomQueries),12435,0,0.39,0,0.5
dpgan,ShadowModelling(RandomQueries),12435,1,0.52,1,0.5
dpgan,ShadowModelling(RandomQueries),12435,0,0.18,0,0.5
dpgan,ShadowModelling(RandomQueries),12435,1,0.48,0,0.5
dpgan,ShadowModelling(RandomQueries),12435,0,0.3,0,0.5
dpgan,ShadowModelling(RandomQueries),12435,1,0.36,0,0.5
dpgan,ShadowModelling(RandomQueries),12435,0,0.56,1,0.5
dpgan,ShadowModelling(RandomQueries),12435,1,0.32,0,0.5
dpgan,ShadowModelling(RandomQueries),12435,0,0.48,0,0.5
dpgan,ShadowModelling(RandomQueries),12435,1,0.41,0,0.5
dpgan,ShadowModelling(RandomQueries),12435,0,0.37,0,0.5
dpgan,ShadowModelling(RandomQueries),12435,1,0.68,1,0.5
dpgan,ShadowModelling(RandomQueries),12435,0,0.3,0,0.5
dpgan,ShadowModelling(RandomQueries),12435,1,0.41,0,0.5
dpgan,ShadowModelling(RandomQueries),12435,0,0.37,0,0.5
dpgan,ShadowModelling(RandomQueries),12435,1,0.28,0,0.5
dpgan,ShadowModelling(RandomQueries),12435,0,0.37,0,0.5
dpgan,ShadowModelling(RandomQueries),12435,1,0.45,0,0.5
dpgan,ShadowModelling(RandomQueries),12435,0,0.37,0,0.5
dpgan,ShadowModelling(RandomQueries),12435,1,0.38,0,0.5
dpgan,ShadowModelling(RandomQueries),12435,0,0.65,1,0.5
dpgan,ShadowModelling(RandomQueries),12435,1,0.65,1,0.5
dpgan,ShadowModelling(RandomQueries),12435,0,0.48,0,0.5
dpgan,ShadowModelling(RandomQueries),12435,1,0.57,1,0.5
dpgan,ShadowModelling(RandomQueries),12435,0,0.52,1,0.5
dpgan,ShadowModelling(RandomQueries),12435,1,0.39,0,0.5
dpgan,ShadowModelling(RandomQueries),12435,0,0.29,0,0.5
dpgan,ShadowModelling(RandomQueries),12435,1,0.42,0,0.5
dpgan,ShadowModelling(RandomQueries),12435,0,0.42,0,0.5
dpgan,ShadowModelling(RandomQueries),12435,1,0.35,0,0.5
dpgan,ShadowModelling(RandomQueries),12435,0,0.57,1,0.5
dpgan,ShadowModelling(RandomQueries),12435,1,0.48,0,0.5
dpgan,ShadowModelling(RandomQueries),12435,0,0.3,0,0.5
dpgan,ShadowModelling(RandomQueries),12435,1,0.57,1,0.5
dpgan,ShadowModelling(RandomQueries),12435,0,0.4,0,0.5
dpgan,ShadowModelling(RandomQueries),12435,1,0.6,1,0.5
dpgan,ShadowModelling(RandomQueries),12435,0,0.6,1,0.5
dpgan,ShadowModelling(RandomQueries),12435,1,0.52,1,0.5
dpgan,ShadowModelling(RandomQueries),12435,0,0.67,1,0.5
dpgan,ShadowModelling(RandomQueries),12435,1,0.46,0,0.5
dpgan,ShadowModelling(RandomQueries),12435,0,0.58,1,0.5
dpgan,ShadowModelling(RandomQueries),12435,1,0.46,0,0.5
dpgan,ShadowModelling(RandomQueries),12435,0,0.3,0,0.5
dpgan,ShadowModelling(RandomQueries),12435,1,0.63,1,0.5
dpgan,ShadowModelling(RandomQueries),12435,0,0.31,0,0.5
dpgan,ShadowModelling(RandomQueries),12435,1,0.54,1,0.5
dpgan,ShadowModelling(RandomQueries),12435,0,0.65,1,0.5
dpgan,ShadowModelling(RandomQueries),12435,1,0.61,1,0.5
dpgan,ShadowModelling(RandomQueries),12435,0,0.48,0,0.5
dpgan,ShadowModelling(RandomQueries),12435,1,0.37,0,0.5
dpgan,ShadowModelling(RandomQueries),12435,0,0.41,0,0.5
dpgan,ShadowModelling(RandomQueries),12435,1,0.5,0,0.5
dpgan,ShadowModelling(RandomQueries),12435,0,0.64,1,0.5
dpgan,ShadowModelling(RandomQueries),12435,1,0.58,1,0.5
dpgan,ShadowModelling(RandomQueries),12435,0,0.53,1,0.5
dpgan,ShadowModelling(RandomQueries),12435,1,0.64,1,0.5
dpgan,ShadowModelling(RandomQueries),12435,0,0.66,1,0.5
dpgan,ShadowModelling(RandomQueries),12435,1,0.51,1,0.5
dpgan,ShadowModelling(RandomQueries),12435,0,0.43,0,0.5
dpgan,ShadowModelling(RandomQueries),12435,1,0.6,1,0.5
dpgan,ShadowModelling(RandomQueries),12435,0,0.48,0,0.5
dpgan,ShadowModelling(RandomQueries),12435,1,0.66,1,0.5
dpgan,ShadowModelling(RandomQueries),12435,0,0.61,1,0.5
dpgan,ShadowModelling(RandomQueries),12435,1,0.33,0,0.5
dpgan,ShadowModelling(RandomQueries),12435,0,0.29,0,0.5
dpgan,ShadowModelling(RandomQueries),12435,1,0.53,1,0.5
dpgan,ShadowModelling(RandomQueries),12435,0,0.59,1,0.5
dpgan,ShadowModelling(RandomQueries),12435,1,0.66,1,0.5
dpgan,ShadowModelling(RandomQueries),12435,0,0.42,0,0.5
dpgan,ShadowModelling(RandomQueries),12435,1,0.61,1,0.5
dpgan,ShadowModelling(RandomQueries),12435,0,0.47,0,0.5
dpgan,ShadowModelling(RandomQueries),12435,1,0.47,0,0.5
dpgan,ShadowModelling(RandomQueries),12435,0,0.42,0,0.5
dpgan,ShadowModelling(RandomQueries),12435,1,0.49,0,0.5
dpgan,ShadowModelling(RandomQueries),12435,0,0.66,1,0.5
dpgan,ShadowModelling(RandomQueries),12435,1,0.59,1,0.5
dpgan,ShadowModelling(RandomQueries),12435,0,0.42,0,0.5
dpgan,ShadowModelling(RandomQueries),12435,1,0.53,1,0.5
dpgan,ShadowModelling(RandomQueries),12435,0,0.6,1,0.5
dpgan,ShadowModelling(RandomQueries),12435,1,0.37,0,0.5
dpgan,ShadowModelling(RandomQueries),12435,0,0.54,1,0.5
dpgan,ShadowModelling(RandomQueries),12435,1,0.34,0,0.5
dpgan,ShadowModelling(RandomQueries),12435,0,0.65,1,0.5
dpgan,ShadowModelling(RandomQueries),12435,1,0.58,1,0.5
dpgan,ShadowModelling(RandomQueries),12435,0,0.39,0,0.5
dpgan,ShadowModelling(RandomQueries),12435,1,0.6,1,0.5
dpgan,ShadowModelling(RandomQueries),12435,0,0.43,0,0.5
dpgan,ShadowModelling(RandomQueries),12435,1,0.67,1,0.5
dpgan,ShadowModelling(RandomQueries),12435,0,0.53,1,0.5
dpgan,ShadowModelling(RandomQueries),12435,1,0.6,1,0.5
dpgan,ShadowModelling(RandomQueries),12435,0,0.59,1,0.5
dpgan,ShadowModelling(RandomQueries),12435,1,0.72,1,0.5
dpgan,ShadowModelling(RandomQueries),12435,0,0.56,1,0.5
dpgan,ShadowModelling(RandomQueries),12435,1,0.38,0,0.5
dpgan,ShadowModelling(RandomQueries),12435,0,0.37,0,0.5
dpgan,ShadowModelling(RandomQueries),12435,1,0.3,0,0.5
dpgan,ShadowModelling(RandomQueries),12435,0,0.55,1,0.5
dpgan,ShadowModelling(RandomQueries),12435,1,0.45,0,0.5
dpgan,ShadowModelling(RandomQueries),12435,0,0.32,0,0.5
dpgan,ShadowModelling(RandomQueries),12435,1,0.72,1,0.5
dpgan,ShadowModelling(RandomQueries),12435,0,0.61,1,0.5
dpgan,ShadowModelling(RandomQueries),12435,1,0.75,1,0.5
dpgan,ShadowModelling(RandomQueries),12435,0,0.49,0,0.5
dpgan,ShadowModelling(RandomQueries),12435,1,0.55,1,0.5
dpgan,ShadowModelling(RandomQueries),12435,0,0.35,0,0.5
dpgan,ShadowModelling(RandomQueries),12435,1,0.45,0,0.5
dpgan,ShadowModelling(RandomQueries),12435,0,0.47,0,0.5
dpgan,ShadowModelling(RandomQueries),12435,1,0.49,0,0.5
dpgan,ShadowModelling(RandomQueries),12435,0,0.43,0,0.5
dpgan,ShadowModelling(RandomQueries),12435,1,0.73,1,0.5
dpgan,ShadowModelling(RandomQueries),12435,0,0.53,1,0.5
dpgan,ShadowModelling(RandomQueries),12435,1,0.38,0,0.5
dpgan,ShadowModelling(RandomQueries),12435,0,0.74,1,0.5
dpgan,ShadowModelling(RandomQueries),12435,1,0.53,1,0.5
dpgan,ShadowModelling(RandomQueries),12435,0,0.38,0,0.5
dpgan,ShadowModelling(RandomQueries),12435,1,0.52,1,0.5
dpgan,ShadowModelling(RandomQueries),12435,0,0.53,1,0.5
dpgan,ShadowModelling(RandomQueries),12435,1,0.47,0,0.5
dpgan,ShadowModelling(RandomQueries),12435,0,0.53,1,0.5
dpgan,ShadowModelling(RandomQueries),12435,1,0.62,1,0.5
dpgan,ShadowModelling(RandomQueries),12435,0,0.62,1,0.5
dpgan,ShadowModelling(RandomQueries),12435,1,0.55,1,0.5
dpgan,ShadowModelling(RandomQueries),12435,0,0.48,0,0.5
dpgan,ShadowModelling(RandomQueries),12435,1,0.66,1,0.5
dpgan,ShadowModelling(RandomQueries),12435,0,0.33,0,0.5
dpgan,ShadowModelling(RandomQueries),12435,1,0.42,0,0.5
dpgan,ShadowModelling(RandomQueries),12435,0,0.39,0,0.5
dpgan,ShadowModelling(RandomQueries),12435,1,0.36,0,0.5
dpgan,ShadowModelling(RandomQueries),12435,0,0.28,0,0.5
dpgan,ShadowModelling(RandomQueries),12435,1,0.53,1,0.5
dpgan,ShadowModelling(RandomQueries),12435,0,0.4,0,0.5
dpgan,ShadowModelling(RandomQueries),12435,1,0.56,1,0.5
dpgan,ShadowModelling(RandomQueries),12435,0,0.27,0,0.5
dpgan,ShadowModelling(RandomQueries),12435,1,0.46,0,0.5
dpgan,ShadowModelling(RandomQueries),12435,0,0.65,1,0.5
dpgan,ShadowModelling(RandomQueries),12435,1,0.53,1,0.5
dpgan,ShadowModelling(RandomQueries),12435,0,0.37,0,0.5
dpgan,ShadowModelling(RandomQueries),12435,1,0.5,0,0.5
dpgan,ShadowModelling(RandomQueries),12435,0,0.61,1,0.5
dpgan,ShadowModelling(RandomQueries),12435,1,0.66,1,0.5
dpgan,ShadowModelling(RandomQueries),12435,0,0.51,1,0.5
dpgan,ShadowModelling(RandomQueries),12435,1,0.56,1,0.5
dpgan,ShadowModelling(RandomQueries),12435,0,0.36,0,0.5
dpgan,ShadowModelling(RandomQueries),12435,1,0.65,1,0.5
dpgan,ShadowModelling(RandomQueries),12435,0,0.35,0,0.5
dpgan,ShadowModelling(RandomQueries),12435,1,0.65,1,0.5
dpgan,ShadowModelling(RandomQueries),12435,0,0.61,1,0.5
dpgan,ShadowModelling(RandomQueries),12435,1,0.59,1,0.5
dpgan,ShadowModelling(RandomQueries),12435,0,0.49,0,0.5
dpgan,ShadowModelling(RandomQueries),12435,1,0.61,1,0.5
dpgan,ShadowModelling(RandomQueries),12435,0,0.58,1,0.5
dpgan,ShadowModelling(RandomQueries),12435,1,0.57,1,0.5
dpgan,ShadowModelling(RandomQueries),12435,0,0.27,0,0.5
dpgan,ShadowModelling(RandomQueries),12435,1,0.7,1,0.5
dpgan,ShadowModelling(RandomQueries),12435,0,0.39,0,0.5
dpgan,ShadowModelling(RandomQueries),12435,1,0.57,1,0.5
dpgan,ShadowModelling(RandomQueries),12435,0,0.35,0,0.5
dpgan,ShadowModelling(RandomQueries),12435,1,0.6,1,0.5
dpgan,ShadowModelling(RandomQueries),12435,0,0.4,0,0.5
dpgan,ShadowModelling(RandomQueries),12435,1,0.5,0,0.5
dpgan,ShadowModelling(RandomQueries),12435,0,0.61,1,0.5
dpgan,ShadowModelling(RandomQueries),12435,1,0.66,1,0.5
dpgan,ShadowModelling(RandomQueries),12435,0,0.38,0,0.5
dpgan,ShadowModelling(RandomQueries),12435,1,0.56,1,0.5
dpgan,ShadowModelling(RandomQueries),12435,0,0.52,1,0.5
dpgan,ShadowModelling(RandomQueries),12435,1,0.5,0,0.5
dpgan,ShadowModelling(RandomQueries),12435,0,0.42,0,0.5
dpgan,ShadowModelling(RandomQueries),12435,1,0.46,0,0.5
dpgan,ShadowModelling(RandomQueries),12435,0,0.41,0,0.5
dpgan,ShadowModelling(RandomQueries),12435,1,0.55,1,0.5
dpgan,ShadowModelling(RandomQueries),12435,0,0.54,1,0.5
dpgan,ShadowModelling(RandomQueries),12435,1,0.46,0,0.5
dpgan,ShadowModelling(RandomQueries),12435,0,0.41,0,0.5
dpgan,ShadowModelling(RandomQueries),12435,1,0.58,1,0.5
dpgan,ShadowModelling(RandomQueries),12435,0,0.62,1,0.5
dpgan,ShadowModelling(RandomQueries),12435,1,0.77,1,0.5
dpgan,ShadowModelling(RandomQueries),12435,0,0.56,1,0.5
dpgan,ShadowModelling(RandomQueries),12435,1,0.51,1,0.5
dpgan,ShadowModelling(RandomQueries),12435,0,0.66,1,0.5
dpgan,ShadowModelling(RandomQueries),12435,1,0.47,0,0.5
dpgan,ShadowModelling(RandomQueries),12435,0,0.51,1,0.5
dpgan,ShadowModelling(RandomQueries),12435,1,0.36,0,0.5
dpgan,ShadowModelling(RandomQueries),12435,0,0.48,0,0.5
dpgan,ShadowModelling(RandomQueries),12435,1,0.6,1,0.5
dpgan,ShadowModelling(RandomQueries),12435,0,0.71,1,0.5
dpgan,ShadowModelling(RandomQueries),12435,1,0.61,1,0.5
dpgan,ShadowModelling(RandomQueries),12435,0,0.57,1,0.5
dpgan,ShadowModelling(RandomQueries),12435,1,0.59,1,0.5
dpgan,ShadowModelling(RandomQueries),12435,0,0.53,1,0.5
dpgan,ShadowModelling(RandomQueries),12435,1,0.28,0,0.5
dpgan,ShadowModelling(RandomQueries),12435,0,0.55,1,0.5
dpgan,ShadowModelling(RandomQueries),12435,1,0.7,1,0.5
dpgan,ShadowModelling(RandomQueries),12435,0,0.51,1,0.5
dpgan,ShadowModelling(RandomQueries),12435,1,0.56,1,0.5
dpgan,ShadowModelling(RandomQueries),12435,0,0.35,0,0.5
dpgan,ShadowModelling(RandomQueries),12435,1,0.61,1,0.5
dpgan,ShadowModelling(RandomQueries),12435,0,0.45,0,0.5
dpgan,ShadowModelling(RandomQueries),12435,1,0.38,0,0.5
dpgan,ShadowModelling(RandomQueries),12435,0,0.68,1,0.5
dpgan,ShadowModelling(RandomQueries),12435,1,0.56,1,0.5
dpgan,ShadowModelling(RandomQueries),12435,0,0.4,0,0.5
dpgan,ShadowModelling(RandomQueries),12435,1,0.42,0,0.5
dpgan,ShadowModelling(RandomQueries),12435,0,0.25,0,0.5
dpgan,ShadowModelling(RandomQueries),12435,1,0.49,0,0.5
dpgan,ShadowModelling(RandomQueries),12435,0,0.66,1,0.5
dpgan,ShadowModelling(RandomQueries),12435,1,0.55,1,0.5
dpgan,ShadowModelling(RandomQueries),12435,0,0.34,0,0.5
dpgan,ShadowModelling(RandomQueries),12435,1,0.31,0,0.5
dpgan,ShadowModelling(RandomQueries),12435,0,0.28,0,0.5
dpgan,ShadowModelling(RandomQueries),12435,1,0.37,0,0.5
dpgan,ShadowModelling(RandomQueries),12435,0,0.62,1,0.5
dpgan,ShadowModelling(RandomQueries),12435,1,0.44,0,0.5
dpgan,ShadowModelling(RandomQueries),12435,0,0.39,0,0.5
dpgan,ShadowModelling(RandomQueries),12435,1,0.44,0,0.5
dpgan,ShadowModelling(RandomQueries),12435,0,0.53,1,0.5
dpgan,ShadowModelling(RandomQueries),12435,1,0.55,1,0.5
dpgan,ShadowModelling(RandomQueries),12435,0,0.4,0,0.5
dpgan,ShadowModelling(RandomQueries),12435,1,0.61,1,0.5
dpgan,ShadowModelling(RandomQueries),12435,0,0.56,1,0.5
dpgan,ShadowModelling(RandomQueries),12435,1,0.55,1,0.5
dpgan,ShadowModelling(RandomQueries),12435,0,0.3,0,0.5
dpgan,ShadowModelling(RandomQueries),12435,1,0.53,1,0.5
dpgan,ShadowModelling(RandomQueries),12435,0,0.48,0,0.5
dpgan,ShadowModelling(RandomQueries),12435,1,0.55,1,0.5
dpgan,ShadowModelling(RandomQueries),12435,0,0.39,0,0.5
dpgan,ShadowModelling(RandomQueries),12435,1,0.48,0,0.5
dpgan,ShadowModelling(RandomQueries),12435,0,0.44,0,0.5
dpgan,ShadowModelling(RandomQueries),12435,1,0.63,1,0.5
dpgan,ShadowModelling(RandomQueries),12435,0,0.53,1,0.5
dpgan,ShadowModelling(RandomQueries),12435,1,0.63,1,0.5
dpgan,ShadowModelling(RandomQueries),12435,0,0.7,1,0.5
dpgan,ShadowModelling(RandomQueries),12435,1,0.36,0,0.5
dpgan,ShadowModelling(RandomQueries),12435,0,0.65,1,0.5
dpgan,ShadowModelling(RandomQueries),12435,1,0.55,1,0.5
dpgan,ShadowModelling(RandomQueries),12435,0,0.57,1,0.5
dpgan,ShadowModelling(RandomQueries),12435,1,0.58,1,0.5
dpgan,ShadowModelling(RandomQueries),12435,0,0.51,1,0.5
dpgan,ShadowModelling(RandomQueries),12435,1,0.66,1,0.5
dpgan,ShadowModelling(RandomQueries),12435,0,0.49,0,0.5
dpgan,ShadowModelling(RandomQueries),12435,1,0.57,1,0.5
dpgan,ShadowModelling(RandomQueries),12435,0,0.49,0,0.5
dpgan,ShadowModelling(RandomQueries),12435,1,0.59,1,0.5
dpgan,ShadowModelling(RandomQueries),12435,0,0.48,0,0.5
dpgan,ShadowModelling(RandomQueries),12435,1,0.29,0,0.5
dpgan,ShadowModelling(RandomQueries),12435,0,0.5,0,0.5
dpgan,ShadowModelling(RandomQueries),12435,1,0.72,1,0.5
dpgan,ShadowModelling(RandomQueries),12435,0,0.34,0,0.5
dpgan,ShadowModelling(RandomQueries),12435,1,0.5,0,0.5
dpgan,ShadowModelling(RandomQueries),12435,0,0.4,0,0.5
dpgan,ShadowModelling(RandomQueries),12435,1,0.52,1,0.5
dpgan,ShadowModelling(RandomQueries),12435,0,0.45,0,0.5
dpgan,ShadowModelling(RandomQueries),12435,1,0.61,1,0.5
dpgan,ShadowModelling(RandomQueries),12435,0,0.75,1,0.5
dpgan,ShadowModelling(RandomQueries),12435,1,0.6,1,0.5
dpgan,ShadowModelling(RandomQueries),12435,0,0.28,0,0.5
dpgan,ShadowModelling(RandomQueries),12435,1,0.45,0,0.5
dpgan,ShadowModelling(RandomQueries),12435,0,0.57,1,0.5
dpgan,ShadowModelling(RandomQueries),12435,1,0.49,0,0.5
dpgan,ShadowModelling(RandomQueries),12435,0,0.3,0,0.5
dpgan,ShadowModelling(RandomQueries),12435,1,0.52,1,0.5
dpgan,ShadowModelling(RandomQueries),12435,0,0.65,1,0.5
dpgan,ShadowModelling(RandomQueries),12435,1,0.54,1,0.5
dpgan,ShadowModelling(RandomQueries),12435,0,0.61,1,0.5
dpgan,ShadowModelling(RandomQueries),12435,1,0.53,1,0.5
dpgan,ShadowModelling(RandomQueries),12435,0,0.56,1,0.5
dpgan,ShadowModelling(RandomQueries),12435,1,0.57,1,0.5
dpgan,ShadowModelling(RandomQueries),12435,0,0.43,0,0.5
dpgan,ShadowModelling(RandomQueries),12435,1,0.51,1,0.5
dpgan,ShadowModelling(RandomQueries),12435,0,0.53,1,0.5
dpgan,ShadowModelling(RandomQueries),12435,1,0.47,0,0.5
dpgan,ShadowModelling(RandomQueries),12435,0,0.73,1,0.5
dpgan,ShadowModelling(RandomQueries),12435,1,0.58,1,0.5
dpgan,ShadowModelling(RandomQueries),12435,0,0.55,1,0.5
dpgan,ShadowModelling(RandomQueries),12435,1,0.34,0,0.5
dpgan,ShadowModelling(RandomQueries),12435,0,0.58,1,0.5
dpgan,ShadowModelling(RandomQueries),12435,1,0.58,1,0.5
dpgan,ShadowModelling(RandomQueries),12435,0,0.49,0,0.5
dpgan,ShadowModelling(RandomQueries),12435,1,0.53,1,0.5
dpgan,ShadowModelling(RandomQueries),12435,0,0.39,0,0.5
dpgan,ShadowModelling(RandomQueries),12435,1,0.3,0,0.5
dpgan,ShadowModelling(RandomQueries),12435,0,0.59,1,0.5
dpgan,ShadowModelling(RandomQueries),12435,1,0.48,0,0.5
dpgan,ShadowModelling(RandomQueries),12435,0,0.54,1,0.5
dpgan,ShadowModelling(RandomQueries),12435,1,0.5,0,0.5
dpgan,ShadowModelling(RandomQueries),12435,0,0.58,1,0.5
dpgan,ShadowModelling(RandomQueries),12435,1,0.44,0,0.5
dpgan,ShadowModelling(RandomQueries),12435,0,0.47,0,0.5
dpgan,ShadowModelling(RandomQueries),12435,1,0.58,1,0.5
dpgan,ShadowModelling(RandomQueries),12435,0,0.47,0,0.5
dpgan,ShadowModelling(RandomQueries),12435,1,0.58,1,0.5
dpgan,ShadowModelling(RandomQueries),12435,0,0.36,0,0.5
dpgan,ShadowModelling(RandomQueries),12435,1,0.4,0,0.5
dpgan,ShadowModelling(RandomQueries),12435,0,0.52,1,0.5
dpgan,ShadowModelling(RandomQueries),12435,1,0.42,0,0.5
dpgan,ShadowModelling(RandomQueries),12435,0,0.45,0,0.5
dpgan,ShadowModelling(RandomQueries),12435,1,0.66,1,0.5
dpgan,ShadowModelling(RandomQueries),12435,0,0.5,0,0.5
dpgan,ShadowModelling(RandomQueries),12435,1,0.52,1,0.5
dpgan,ShadowModelling(RandomQueries),12435,0,0.48,0,0.5
dpgan,ShadowModelling(RandomQueries),12435,1,0.39,0,0.5
dpgan,ShadowModelling(RandomQueries),12435,0,0.43,0,0.5
dpgan,ShadowModelling(RandomQueries),12435,1,0.46,0,0.5
dpgan,ShadowModelling(RandomQueries),12435,0,0.56,1,0.5
dpgan,ShadowModelling(RandomQueries),12435,1,0.32,0,0.5
dpgan,ShadowModelling(RandomQueries),12435,0,0.42,0,0.5
dpgan,ShadowModelling(RandomQueries),12435,1,0.67,1,0.5
dpgan,ShadowModelling(RandomQueries),12435,0,0.53,1,0.5
dpgan,ShadowModelling(RandomQueries),12435,1,0.48,0,0.5
dpgan,ShadowModelling(RandomQueries),12435,0,0.23,0,0.5
dpgan,ShadowModelling(RandomQueries),12435,1,0.46,0,0.5
dpgan,ShadowModelling(RandomQueries),12435,0,0.47,0,0.5
dpgan,ShadowModelling(RandomQueries),12435,1,0.55,1,0.5
dpgan,ShadowModelling(RandomQueries),12435,0,0.62,1,0.5
dpgan,ShadowModelling(RandomQueries),12435,1,0.74,1,0.5
dpgan,ShadowModelling(RandomQueries),12435,0,0.42,0,0.5
dpgan,ShadowModelling(RandomQueries),12435,1,0.61,1,0.5
dpgan,ShadowModelling(RandomQueries),12435,0,0.45,0,0.5
dpgan,ShadowModelling(RandomQueries),12435,1,0.46,0,0.5
dpgan,ShadowModelling(RandomQueries),12435,0,0.34,0,0.5
dpgan,ShadowModelling(RandomQueries),12435,1,0.42,0,0.5
dpgan,ShadowModelling(RandomQueries),12435,0,0.61,1,0.5
dpgan,ShadowModelling(RandomQueries),12435,1,0.55,1,0.5
dpgan,ShadowModelling(RandomQueries),12435,0,0.47,0,0.5
dpgan,ShadowModelling(RandomQueries),12435,1,0.43,0,0.5
dpgan,ShadowModelling(RandomQueries),12435,0,0.37,0,0.5
dpgan,ShadowModelling(RandomQueries),12435,1,0.34,0,0.5
dpgan,ShadowModelling(RandomQueries),12435,0,0.58,1,0.5
dpgan,ShadowModelling(RandomQueries),12435,1,0.28,0,0.5
dpgan,ShadowModelling(RandomQueries),12435,0,0.49,0,0.5
dpgan,ShadowModelling(RandomQueries),12435,1,0.43,0,0.5
dpgan,ShadowModelling(RandomQueries),12435,0,0.42,0,0.5
dpgan,ShadowModelling(RandomQueries),12435,1,0.32,0,0.5
dpgan,ShadowModelling(RandomQueries),12435,0,0.4,0,0.5
dpgan,ShadowModelling(RandomQueries),12435,1,0.53,1,0.5
dpgan,ShadowModelling(RandomQueries),12435,0,0.49,0,0.5
dpgan,ShadowModelling(RandomQueries),12435,1,0.42,0,0.5
dpgan,ShadowModelling(RandomQueries),12435,0,0.51,1,0.5
dpgan,ShadowModelling(RandomQueries),12435,1,0.53,1,0.5
dpgan,ShadowModelling(RandomQueries),12435,0,0.36,0,0.5
dpgan,ShadowModelling(RandomQueries),12435,1,0.55,1,0.5
dpgan,ShadowModelling(RandomQueries),12435,0,0.33,0,0.5
dpgan,ShadowModelling(RandomQueries),12435,1,0.59,1,0.5
dpgan,ShadowModelling(RandomQueries),12435,0,0.53,1,0.5
dpgan,ShadowModelling(RandomQueries),12435,1,0.54,1,0.5
dpgan,ShadowModelling(RandomQueries),12435,0,0.6,1,0.5
dpgan,ShadowModelling(RandomQueries),12435,1,0.61,1,0.5
dpgan,ShadowModelling(RandomQueries),12435,0,0.46,0,0.5
dpgan,ShadowModelling(RandomQueries),12435,1,0.56,1,0.5
dpgan,ShadowModelling(RandomQueries),12435,0,0.38,0,0.5
dpgan,ShadowModelling(RandomQueries),12435,1,0.49,0,0.5
dpgan,ShadowModelling(RandomQueries),12435,0,0.47,0,0.5
dpgan,ShadowModelling(RandomQueries),12435,1,0.54,1,0.5
dpgan,ShadowModelling(RandomQueries),12435,0,0.35,0,0.5
dpgan,ShadowModelling(RandomQueries),12435,1,0.36,0,0.5
dpgan,ShadowModelling(RandomQueries),12435,0,0.6,1,0.5
dpgan,ShadowModelling(RandomQueries),12435,1,0.48,0,0.5
dpgan,ShadowModelling(RandomQueries),12435,0,0.39,0,0.5
dpgan,ShadowModelling(RandomQueries),12435,1,0.26,0,0.5
dpgan,ShadowModelling(RandomQueries),12435,0,0.51,1,0.5
dpgan,ShadowModelling(RandomQueries),12435,1,0.62,1,0.5
dpgan,ShadowModelling(RandomQueries),12435,0,0.4,0,0.5
dpgan,ShadowModelling(RandomQueries),12435,1,0.49,0,0.5
dpgan,ShadowModelling(RandomQueries),12435,0,0.39,0,0.5
dpgan,ShadowModelling(RandomQueries),12435,1,0.41,0,0.5
dpgan,ShadowModelling(RandomQueries),12435,0,0.7,1,0.5
dpgan,ShadowModelling(RandomQueries),12435,1,0.55,1,0.5
dpgan,ShadowModelling(RandomQueries),12435,0,0.41,0,0.5
dpgan,ShadowModelling(RandomQueries),12435,1,0.66,1,0.5
dpgan,ShadowModelling(RandomQueries),12435,0,0.51,1,0.5
dpgan,ShadowModelling(RandomQueries),12435,1,0.69,1,0.5
dpgan,ShadowModelling(RandomQueries),12435,0,0.39,0,0.5
dpgan,ShadowModelling(RandomQueries),12435,1,0.52,1,0.5
dpgan,ShadowModelling(RandomQueries),12435,0,0.49,0,0.5
dpgan,ShadowModelling(RandomQueries),12435,1,0.52,1,0.5
dpgan,ShadowModelling(RandomQueries),12435,0,0.24,0,0.5
dpgan,ShadowModelling(RandomQueries),12435,1,0.45,0,0.5
dpgan,ShadowModelling(RandomQueries),12435,0,0.2,0,0.5
dpgan,ShadowModelling(RandomQueries),12435,1,0.53,1,0.5
dpgan,ShadowModelling(RandomQueries),12435,0,0.39,0,0.5
dpgan,ShadowModelling(RandomQueries),12435,1,0.4,0,0.5
dpgan,ShadowModelling(RandomQueries),12435,0,0.56,1,0.5
dpgan,ShadowModelling(RandomQueries),12435,1,0.4,0,0.5
dpgan,ShadowModelling(RandomQueries),12435,0,0.42,0,0.5
dpgan,ShadowModelling(RandomQueries),12435,1,0.37,0,0.5
dpgan,ShadowModelling(RandomQueries),12435,0,0.59,1,0.5
dpgan,ShadowModelling(RandomQueries),12435,1,0.59,1,0.5
dpgan,ShadowModelling(RandomQueries),12435,0,0.8,1,0.5
dpgan,ShadowModelling(RandomQueries),12435,1,0.37,0,0.5
dpgan,ShadowModelling(RandomQueries),12435,0,0.33,0,0.5
dpgan,ShadowModelling(RandomQueries),12435,1,0.69,1,0.5
dpgan,ShadowModelling(RandomQueries),12435,0,0.4,0,0.5
dpgan,ShadowModelling(RandomQueries),12435,1,0.56,1,0.5
dpgan,ShadowModelling(RandomQueries),12435,0,0.61,1,0.5
dpgan,ShadowModelling(RandomQueries),12435,1,0.67,1,0.5
dpgan,ShadowModelling(RandomQueries),12435,0,0.48,0,0.5
dpgan,ShadowModelling(RandomQueries),12435,1,0.32,0,0.5
dpgan,ShadowModelling(RandomQueries),12435,0,0.69,1,0.5
dpgan,ShadowModelling(RandomQueries),12435,1,0.77,1,0.5
dpgan,ShadowModelling(RandomQueries),12435,0,0.27,0,0.5
dpgan,ShadowModelling(RandomQueries),12435,1,0.58,1,0.5
dpgan,ShadowModelling(RandomQueries),12435,0,0.65,1,0.5
dpgan,ShadowModelling(RandomQueries),12435,1,0.59,1,0.5
dpgan,ShadowModelling(RandomQueries),12435,0,0.5,0,0.5
dpgan,ShadowModelling(RandomQueries),12435,1,0.52,1,0.5
dpgan,ShadowModelling(RandomQueries),12435,0,0.39,0,0.5
dpgan,ShadowModelling(RandomQueries),12435,1,0.28,0,0.5
dpgan,ShadowModelling(RandomQueries),12435,0,0.41,0,0.5
dpgan,ShadowModelling(RandomQueries),12435,1,0.5,0,0.5
dpgan,ShadowModelling(RandomQueries),12435,0,0.54,1,0.5
dpgan,ShadowModelling(RandomQueries),12435,1,0.39,0,0.5
dpgan,ShadowModelling(RandomQueries),12435,0,0.43,0,0.5
dpgan,ShadowModelling(RandomQueries),12435,1,0.55,1,0.5
dpgan,ShadowModelling(RandomQueries),12435,0,0.43,0,0.5
dpgan,ShadowModelling(RandomQueries),12435,1,0.69,1,0.5
dpgan,ShadowModelling(RandomQueries),12435,0,0.38,0,0.5
dpgan,ShadowModelling(RandomQueries),12435,1,0.45,0,0.5
dpgan,ShadowModelling(RandomQueries),12435,0,0.57,1,0.5
dpgan,ShadowModelling(RandomQueries),12435,1,0.45,0,0.5
dpgan,ShadowModelling(RandomQueries),12435,0,0.66,1,0.5
dpgan,ShadowModelling(RandomQueries),12435,1,0.37,0,0.5
dpgan,ShadowModelling(RandomQueries),12435,0,0.44,0,0.5
dpgan,ShadowModelling(RandomQueries),12435,1,0.2,0,0.5
dpgan,ShadowModelling(RandomQueries),12435,0,0.55,1,0.5
dpgan,ShadowModelling(RandomQueries),12435,1,0.56,1,0.5
dpgan,ShadowModelling(RandomQueries),12435,0,0.46,0,0.5
dpgan,ShadowModelling(RandomQueries),12435,1,0.68,1,0.5
dpgan,ShadowModelling(RandomQueries),12435,0,0.48,0,0.5
dpgan,ShadowModelling(RandomQueries),12435,1,0.66,1,0.5
dpgan,ShadowModelling(RandomQueries),12435,0,0.39,0,0.5
dpgan,ShadowModelling(RandomQueries),12435,1,0.63,1,0.5
dpgan,ShadowModelling(RandomQueries),12435,0,0.43,0,0.5
dpgan,ShadowModelling(RandomQueries),12435,1,0.65,1,0.5
dpgan,ShadowModelling(RandomQueries),12435,0,0.5,0,0.5
dpgan,ShadowModelling(RandomQueries),12435,1,0.59,1,0.5
dpgan,ShadowModelling(RandomQueries),12435,0,0.48,0,0.5
dpgan,ShadowModelling(RandomQueries),12435,1,0.56,1,0.5
dpgan,ShadowModelling(RandomQueries),12435,0,0.38,0,0.5
dpgan,ShadowModelling(RandomQueries),12435,1,0.48,0,0.5
dpgan,ShadowModelling(RandomQueries),12435,0,0.56,1,0.5
dpgan,ShadowModelling(RandomQueries),12435,1,0.66,1,0.5
dpgan,ShadowModelling(RandomQueries),12435,0,0.43,0,0.5
dpgan,ShadowModelling(RandomQueries),12435,1,0.4,0,0.5
dpgan,ShadowModelling(RandomQueries),12435,0,0.28,0,0.5
dpgan,ShadowModelling(RandomQueries),12435,1,0.74,1,0.5
dpgan,ShadowModelling(RandomQueries),12435,0,0.53,1,0.5
dpgan,ShadowModelling(RandomQueries),12435,1,0.5,0,0.5
dpgan,ShadowModelling(RandomQueries),12435,0,0.3,0,0.5
dpgan,ShadowModelling(RandomQueries),12435,1,0.7,1,0.5
dpgan,ShadowModelling(RandomQueries),12435,0,0.32,0,0.5
dpgan,ShadowModelling(RandomQueries),12435,1,0.49,0,0.5
dpgan,ShadowModelling(RandomQueries),12435,0,0.47,0,0.5
dpgan,ShadowModelling(RandomQueries),12435,1,0.65,1,0.5
dpgan,ShadowModelling(RandomQueries),12435,0,0.66,1,0.5
dpgan,ShadowModelling(RandomQueries),12435,1,0.44,0,0.5
dpgan,ShadowModelling(RandomQueries),12435,0,0.4,0,0.5
dpgan,ShadowModelling(RandomQueries),12435,1,0.58,1,0.5
dpgan,ShadowModelling(RandomQueries),12435,0,0.49,0,0.5
dpgan,ShadowModelling(RandomQueries),12435,1,0.71,1,0.5
dpgan,ShadowModelling(RandomQueries),12435,0,0.34,0,0.5
dpgan,ShadowModelling(RandomQueries),12435,1,0.59,1,0.5
dpgan,ShadowModelling(RandomQueries),12435,0,0.66,1,0.5
dpgan,ShadowModelling(RandomQueries),12435,1,0.57,1,0.5
dpgan,ShadowModelling(RandomQueries),12435,0,0.48,0,0.5
dpgan,ShadowModelling(RandomQueries),12435,1,0.29,0,0.5
dpgan,ShadowModelling(RandomQueries),12435,0,0.25,0,0.5
dpgan,ShadowModelling(RandomQueries),12435,1,0.53,1,0.5
dpgan,ShadowModelling(RandomQueries),12435,0,0.45,0,0.5
dpgan,ShadowModelling(RandomQueries),12435,1,0.5,0,0.5
dpgan,ShadowModelling(RandomQueries),12435,0,0.18,0,0.5
dpgan,ShadowModelling(RandomQueries),12435,1,0.39,0,0.5
dpgan,ShadowModelling(RandomQueries),12435,0,0.32,0,0.5
dpgan,ShadowModelling(RandomQueries),12435,1,0.71,1,0.5
dpgan,ShadowModelling(RandomQueries),12435,0,0.34,0,0.5
dpgan,ShadowModelling(RandomQueries),12435,1,0.34,0,0.5
dpgan,ShadowModelling(RandomQueries),12435,0,0.39,0,0.5
dpgan,ShadowModelling(RandomQueries),12435,1,0.58,1,0.5
dpgan,ShadowModelling(RandomQueries),12435,0,0.63,1,0.5
dpgan,ShadowModelling(RandomQueries),12435,1,0.48,0,0.5
dpgan,ShadowModelling(RandomQueries),12435,0,0.66,1,0.5
dpgan,ShadowModelling(RandomQueries),12435,1,0.37,0,0.5
dpgan,ShadowModelling(RandomQueries),12435,0,0.46,0,0.5
dpgan,ShadowModelling(RandomQueries),12435,1,0.39,0,0.5
dpgan,ShadowModelling(RandomQueries),12435,0,0.52,1,0.5
dpgan,ShadowModelling(RandomQueries),12435,1,0.69,1,0.5
dpgan,ShadowModelling(RandomQueries),12435,0,0.66,1,0.5
dpgan,ShadowModelling(RandomQueries),12435,1,0.49,0,0.5
dpgan,ShadowModelling(RandomQueries),12435,0,0.65,1,0.5
dpgan,ShadowModelling(RandomQueries),12435,1,0.43,0,0.5
dpgan,ShadowModelling(RandomQueries),12435,0,0.39,0,0.5
dpgan,ShadowModelling(RandomQueries),12435,1,0.52,1,0.5
dpgan,ShadowModelling(RandomQueries),12435,0,0.51,1,0.5
dpgan,ShadowModelling(RandomQueries),12435,1,0.5,0,0.5
dpgan,ShadowModelling(RandomQueries),12435,0,0.58,1,0.5
dpgan,ShadowModelling(RandomQueries),12435,1,0.44,0,0.5
dpgan,ShadowModelling(RandomQueries),12435,0,0.67,1,0.5
dpgan,ShadowModelling(RandomQueries),12435,1,0.52,1,0.5
dpgan,ShadowModelling(RandomQueries),12435,0,0.66,1,0.5
dpgan,ShadowModelling(RandomQueries),12435,1,0.57,1,0.5
dpgan,ShadowModelling(RandomQueries),12435,0,0.32,0,0.5
dpgan,ShadowModelling(RandomQueries),12435,1,0.43,0,0.5
dpgan,ShadowModelling(RandomQueries),12435,0,0.49,0,0.5
dpgan,ShadowModelling(RandomQueries),12435,1,0.53,1,0.5
dpgan,ShadowModelling(RandomQueries),12435,0,0.47,0,0.5
dpgan,ShadowModelling(RandomQueries),12435,1,0.72,1,0.5
dpgan,ShadowModelling(RandomQueries),12435,0,0.61,1,0.5
dpgan,ShadowModelling(RandomQueries),12435,1,0.73,1,0.5
dpgan,ShadowModelling(RandomQueries),12435,0,0.53,1,0.5
dpgan,ShadowModelling(RandomQueries),12435,1,0.4,0,0.5
dpgan,ShadowModelling(RandomQueries),12435,0,0.39,0,0.5
dpgan,ShadowModelling(RandomQueries),12435,1,0.74,1,0.5
dpgan,ShadowModelling(RandomQueries),12435,0,0.62,1,0.5
dpgan,ShadowModelling(RandomQueries),12435,1,0.4,0,0.5
dpgan,ShadowModelling(RandomQueries),12435,0,0.51,1,0.5
dpgan,ShadowModelling(RandomQueries),12435,1,0.58,1,0.5
dpgan,ShadowModelling(RandomQueries),12435,0,0.47,0,0.5
dpgan,ShadowModelling(RandomQueries),12435,1,0.44,0,0.5
dpgan,ShadowModelling(RandomQueries),12435,0,0.34,0,0.5
dpgan,ShadowModelling(RandomQueries),12435,1,0.67,1,0.5
dpgan,ShadowModelling(RandomQueries),12435,0,0.37,0,0.5
dpgan,ShadowModelling(RandomQueries),12435,1,0.49,0,0.5
dpgan,ShadowModelling(RandomQueries),12435,0,0.5,0,0.5
dpgan,ShadowModelling(RandomQueries),12435,1,0.65,1,0.5
dpgan,ShadowModelling(RandomQueries),12435,0,0.4,0,0.5
dpgan,ShadowModelling(RandomQueries),12435,1,0.59,1,0.5
dpgan,ShadowModelling(RandomQueries),12435,0,0.55,1,0.5
dpgan,ShadowModelling(RandomQueries),12435,1,0.58,1,0.5
dpgan,ShadowModelling(RandomQueries),12435,0,0.49,0,0.5
dpgan,ShadowModelling(RandomQueries),12435,1,0.61,1,0.5
dpgan,ShadowModelling(RandomQueries),12435,0,0.58,1,0.5
dpgan,ShadowModelling(RandomQueries),12435,1,0.56,1,0.5
dpgan,ShadowModelling(RandomQueries),12435,0,0.43,0,0.5
dpgan,ShadowModelling(RandomQueries),12435,1,0.56,1,0.5
dpgan,ShadowModelling(RandomQueries),12435,0,0.58,1,0.5
dpgan,ShadowModelling(RandomQueries),12435,1,0.24,0,0.5
dpgan,ShadowModelling(RandomQueries),12435,0,0.47,0,0.5
dpgan,ShadowModelling(RandomQueries),12435,1,0.39,0,0.5
dpgan,ShadowModelling(RandomQueries),12435,0,0.4,0,0.5
dpgan,ShadowModelling(RandomQueries),12435,1,0.56,1,0.5
dpgan,ShadowModelling(RandomQueries),12435,0,0.58,1,0.5
dpgan,ShadowModelling(RandomQueries),12435,1,0.35,0,0.5
dpgan,ShadowModelling(RandomQueries),12435,0,0.59,1,0.5
dpgan,ShadowModelling(RandomQueries),12435,1,0.62,1,0.5
dpgan,ShadowModelling(RandomQueries),12435,0,0.52,1,0.5
dpgan,ShadowModelling(RandomQueries),12435,1,0.47,0,0.5
dpgan,ShadowModelling(RandomQueries),12435,0,0.51,1,0.5
dpgan,ShadowModelling(RandomQueries),12435,1,0.59,1,0.5
dpgan,ShadowModelling(RandomQueries),12435,0,0.66,1,0.5
dpgan,ShadowModelling(RandomQueries),12435,1,0.63,1,0.5
dpgan,ShadowModelling(RandomQueries),12435,0,0.43,0,0.5
dpgan,ShadowModelling(RandomQueries),12435,1,0.46,0,0.5
dpgan,ShadowModelling(RandomQueries),12435,0,0.64,1,0.5
dpgan,ShadowModelling(RandomQueries),12435,1,0.47,0,0.5
dpgan,ShadowModelling(RandomQueries),12435,0,0.44,0,0.5
dpgan,ShadowModelling(RandomQueries),12435,1,0.44,0,0.5
dpgan,ShadowModelling(RandomQueries),12435,0,0.63,1,0.5
dpgan,ShadowModelling(RandomQueries),12435,1,0.62,1,0.5
dpgan,ShadowModelling(RandomQueries),12435,0,0.5,0,0.5
dpgan,ShadowModelling(RandomQueries),12435,1,0.51,1,0.5
dpgan,ShadowModelling(RandomQueries),12435,0,0.51,1,0.5
dpgan,ShadowModelling(RandomQueries),12435,1,0.62,1,0.5
dpgan,ShadowModelling(RandomQueries),12435,0,0.45,0,0.5
dpgan,ShadowModelling(RandomQueries),12435,1,0.38,0,0.5
dpgan,ShadowModelling(RandomQueries),12435,0,0.62,1,0.5
dpgan,ShadowModelling(RandomQueries),12435,1,0.69,1,0.5
dpgan,ShadowModelling(RandomQueries),12435,0,0.58,1,0.5
dpgan,ShadowModelling(RandomQueries),12435,1,0.37,0,0.5
dpgan,ShadowModelling(RandomQueries),12435,0,0.58,1,0.5
dpgan,ShadowModelling(RandomQueries),12435,1,0.56,1,0.5
dpgan,ShadowModelling(RandomQueries),12435,0,0.7,1,0.5
dpgan,ShadowModelling(RandomQueries),12435,1,0.58,1,0.5
dpgan,ShadowModelling(RandomQueries),12435,0,0.63,1,0.5
dpgan,ShadowModelling(RandomQueries),12435,1,0.6,1,0.5
dpgan,ShadowModelling(RandomQueries),12435,0,0.55,1,0.5
dpgan,ShadowModelling(RandomQueries),12435,1,0.3,0,0.5
dpgan,ShadowModelling(RandomQueries),12435,0,0.52,1,0.5
dpgan,ShadowModelling(RandomQueries),12435,1,0.65,1,0.5
dpgan,ShadowModelling(RandomQueries),12435,0,0.54,1,0.5
dpgan,ShadowModelling(RandomQueries),12435,1,0.41,0,0.5
dpgan,ShadowModelling(RandomQueries),12435,0,0.65,1,0.5
dpgan,ShadowModelling(RandomQueries),12435,1,0.73,1,0.5
dpgan,ShadowModelling(RandomQueries),12435,0,0.43,0,0.5
dpgan,ShadowModelling(RandomQueries),12435,1,0.56,1,0.5
dpgan,ShadowModelling(RandomQueries),12435,0,0.34,0,0.5
dpgan,ShadowModelling(RandomQueries),12435,1,0.39,0,0.5
dpgan,ShadowModelling(RandomQueries),12435,0,0.43,0,0.5
dpgan,ShadowModelling(RandomQueries),12435,1,0.52,1,0.5
dpgan,ShadowModelling(RandomQueries),12435,0,0.4,0,0.5
dpgan,ShadowModelling(RandomQueries),12435,1,0.64,1,0.5
dpgan,ShadowModelling(RandomQueries),12435,0,0.31,0,0.5
dpgan,ShadowModelling(RandomQueries),12435,1,0.67,1,0.5
dpgan,ShadowModelling(RandomQueries),12435,0,0.65,1,0.5
dpgan,ShadowModelling(RandomQueries),12435,1,0.5,0,0.5
dpgan,ShadowModelling(RandomQueries),12435,0,0.75,1,0.5
dpgan,ShadowModelling(RandomQueries),12435,1,0.6,1,0.5
dpgan,ShadowModelling(RandomQueries),12435,0,0.39,0,0.5
dpgan,ShadowModelling(RandomQueries),12435,1,0.73,1,0.5
dpgan,ShadowModelling(RandomQueries),12435,0,0.31,0,0.5
dpgan,ShadowModelling(RandomQueries),12435,1,0.6,1,0.5
dpgan,ShadowModelling(RandomQueries),12435,0,0.62,1,0.5
dpgan,ShadowModelling(RandomQueries),12435,1,0.68,1,0.5
dpgan,ShadowModelling(RandomQueries),12435,0,0.56,1,0.5
dpgan,ShadowModelling(RandomQueries),12435,1,0.51,1,0.5
dpgan,ShadowModelling(RandomQueries),12435,0,0.61,1,0.5
dpgan,ShadowModelling(RandomQueries),12435,1,0.53,1,0.5
dpgan,ShadowModelling(RandomQueries),12435,0,0.48,0,0.5
dpgan,ShadowModelling(RandomQueries),12435,1,0.58,1,0.5
dpgan,ShadowModelling(RandomQueries),12435,0,0.31,0,0.5
dpgan,ShadowModelling(RandomQueries),12435,1,0.65,1,0.5
dpgan,ShadowModelling(RandomQueries),12435,0,0.49,0,0.5
dpgan,ShadowModelling(RandomQueries),12435,1,0.66,1,0.5
dpgan,ShadowModelling(RandomQueries),12435,0,0.4,0,0.5
dpgan,ShadowModelling(RandomQueries),12435,1,0.53,1,0.5
dpgan,ShadowModelling(RandomQueries),12435,0,0.32,0,0.5
dpgan,ShadowModelling(RandomQueries),12435,1,0.71,1,0.5
dpgan,ShadowModelling(RandomQueries),12435,0,0.4,0,0.5
dpgan,ShadowModelling(RandomQueries),12435,1,0.47,0,0.5
dpgan,ShadowModelling(RandomQueries),12435,0,0.34,0,0.5
dpgan,ShadowModelling(RandomQueries),12435,1,0.46,0,0.5
dpgan,ShadowModelling(RandomQueries),12435,0,0.5,0,0.5
dpgan,ShadowModelling(RandomQueries),12435,1,0.67,1,0.5
dpgan,ShadowModelling(RandomQueries),12435,0,0.4,0,0.5
dpgan,ShadowModelling(RandomQueries),12435,1,0.76,1,0.5
dpgan,ShadowModelling(RandomQueries),12435,0,0.39,0,0.5
dpgan,ShadowModelling(RandomQueries),12435,1,0.41,0,0.5
dpgan,ShadowModelling(RandomQueries),12435,0,0.31,0,0.5
dpgan,ShadowModelling(RandomQueries),12435,1,0.53,1,0.5
dpgan,ShadowModelling(RandomQueries),12435,0,0.33,0,0.5
dpgan,ShadowModelling(RandomQueries),12435,1,0.25,0,0.5
dpgan,ShadowModelling(RandomQueries),12435,0,0.6,1,0.5
dpgan,ShadowModelling(RandomQueries),12435,1,0.55,1,0.5
dpgan,ShadowModelling(RandomQueries),12435,0,0.24,0,0.5
dpgan,ShadowModelling(RandomQueries),12435,1,0.56,1,0.5
dpgan,ShadowModelling(RandomQueries),12435,0,0.43,0,0.5
dpgan,ShadowModelling(RandomQueries),12435,1,0.54,1,0.5
dpgan,ShadowModelling(RandomQueries),12435,0,0.5,0,0.5
dpgan,ShadowModelling(RandomQueries),12435,1,0.48,0,0.5
dpgan,ShadowModelling(RandomQueries),12435,0,0.4,0,0.5
dpgan,ShadowModelling(RandomQueries),12435,1,0.54,1,0.5
dpgan,ShadowModelling(RandomQueries),12435,0,0.27,0,0.5
dpgan,ShadowModelling(RandomQueries),12435,1,0.5,0,0.5
dpgan,ShadowModelling(RandomQueries),12435,0,0.61,1,0.5
dpgan,ShadowModelling(RandomQueries),12435,1,0.68,1,0.5
dpgan,ShadowModelling(RandomQueries),12435,0,0.37,0,0.5
dpgan,ShadowModelling(RandomQueries),12435,1,0.77,1,0.5
dpgan,ShadowModelling(RandomQueries),12435,0,0.59,1,0.5
dpgan,ShadowModelling(RandomQueries),12435,1,0.42,0,0.5
dpgan,ShadowModelling(RandomQueries),12435,0,0.63,1,0.5
dpgan,ShadowModelling(RandomQueries),12435,1,0.64,1,0.5
dpgan,ShadowModelling(RandomQueries),12435,0,0.61,1,0.5
dpgan,ShadowModelling(RandomQueries),12435,1,0.53,1,0.5
dpgan,ShadowModelling(RandomQueries),12435,0,0.31,0,0.5
dpgan,ShadowModelling(RandomQueries),12435,1,0.43,0,0.5
dpgan,ShadowModelling(RandomQueries),12435,0,0.48,0,0.5
dpgan,ShadowModelling(RandomQueries),12435,1,0.56,1,0.5
dpgan,ShadowModelling(RandomQueries),12435,0,0.39,0,0.5
dpgan,ShadowModelling(RandomQueries),12435,1,0.69,1,0.5
dpgan,ShadowModelling(RandomQueries),12435,0,0.22,0,0.5
dpgan,ShadowModelling(RandomQueries),12435,1,0.62,1,0.5
dpgan,ShadowModelling(RandomQueries),12435,0,0.41,0,0.5
dpgan,ShadowModelling(RandomQueries),12435,1,0.5,0,0.5
dpgan,ShadowModelling(RandomQueries),12435,0,0.6,1,0.5
dpgan,ShadowModelling(RandomQueries),12435,1,0.32,0,0.5
dpgan,ShadowModelling(RandomQueries),12435,0,0.47,0,0.5
dpgan,ShadowModelling(RandomQueries),12435,1,0.36,0,0.5
dpgan,ShadowModelling(RandomQueries),12435,0,0.74,1,0.5
dpgan,ShadowModelling(RandomQueries),12435,1,0.59,1,0.5
dpgan,ShadowModelling(RandomQueries),12435,0,0.4,0,0.5
dpgan,ShadowModelling(RandomQueries),12435,1,0.42,0,0.5
dpgan,ShadowModelling(RandomQueries),12435,0,0.72,1,0.5
dpgan,ShadowModelling(RandomQueries),12435,1,0.52,1,0.5
dpgan,ShadowModelling(RandomQueries),12435,0,0.67,1,0.5
dpgan,ShadowModelling(RandomQueries),12435,1,0.65,1,0.5
dpgan,ShadowModelling(RandomQueries),12435,0,0.45,0,0.5
dpgan,ShadowModelling(RandomQueries),12435,1,0.62,1,0.5
dpgan,ShadowModelling(RandomQueries),12435,0,0.53,1,0.5
dpgan,ShadowModelling(RandomQueries),12435,1,0.45,0,0.5
dpgan,ShadowModelling(RandomQueries),12435,0,0.25,0,0.5
dpgan,ShadowModelling(RandomQueries),12435,1,0.64,1,0.5
dpgan,ShadowModelling(RandomQueries),12435,0,0.35,0,0.5
dpgan,ShadowModelling(RandomQueries),12435,1,0.58,1,0.5
dpgan,ShadowModelling(RandomQueries),12435,0,0.58,1,0.5
dpgan,ShadowModelling(RandomQueries),12435,1,0.59,1,0.5
dpgan,ShadowModelling(RandomQueries),12435,0,0.52,1,0.5
dpgan,ShadowModelling(RandomQueries),12435,1,0.34,0,0.5
dpgan,ShadowModelling(RandomQueries),12435,0,0.37,0,0.5
dpgan,ShadowModelling(RandomQueries),12435,1,0.27,0,0.5
dpgan,ShadowModelling(RandomQueries),12435,0,0.69,1,0.5
dpgan,ShadowModelling(RandomQueries),12435,1,0.54,1,0.5
dpgan,ShadowModelling(RandomQueries),12435,0,0.33,0,0.5
dpgan,ShadowModelling(RandomQueries),12435,1,0.58,1,0.5
dpgan,ShadowModelling(RandomQueries),12435,0,0.46,0,0.5
dpgan,ShadowModelling(RandomQueries),12435,1,0.56,1,0.5
dpgan,ShadowModelling(RandomQueries),12435,0,0.36,0,0.5
dpgan,ShadowModelling(RandomQueries),12435,1,0.65,1,0.5
dpgan,ShadowModelling(RandomQueries),12435,0,0.44,0,0.5
dpgan,ShadowModelling(RandomQueries),12435,1,0.32,0,0.5
dpgan,ShadowModelling(RandomQueries),12435,0,0.3,0,0.5
dpgan,ShadowModelling(RandomQueries),12435,1,0.44,0,0.5
dpgan,ShadowModelling(RandomQueries),12435,0,0.36,0,0.5
dpgan,ShadowModelling(RandomQueries),12435,1,0.59,1,0.5
dpgan,ShadowModelling(RandomQueries),12435,0,0.43,0,0.5
dpgan,ShadowModelling(RandomQueries),12435,1,0.5,0,0.5
dpgan,ShadowModelling(RandomQueries),12435,0,0.6,1,0.5
dpgan,ShadowModelling(RandomQueries),12435,1,0.5,0,0.5
dpgan,ShadowModelling(RandomQueries),12435,0,0.6,1,0.5
dpgan,ShadowModelling(RandomQueries),12435,1,0.41,0,0.5
dpgan,ShadowModelling(RandomQueries),12435,0,0.41,0,0.5
dpgan,ShadowModelling(RandomQueries),12435,1,0.5,0,0.5
dpgan,ShadowModelling(RandomQueries),12435,0,0.41,0,0.5
dpgan,ShadowModelling(RandomQueries),12435,1,0.46,0,0.5
dpgan,ShadowModelling(RandomQueries),12435,0,0.53,1,0.5
dpgan,ShadowModelling(RandomQueries),12435,1,0.6,1,0.5
dpgan,ShadowModelling(RandomQueries),12435,0,0.56,1,0.5
dpgan,ShadowModelling(RandomQueries),12435,1,0.58,1,0.5
dpgan,ShadowModelling(RandomQueries),12435,0,0.71,1,0.5
dpgan,ShadowModelling(RandomQueries),12435,1,0.74,1,0.5
dpgan,ShadowModelling(RandomQueries),12435,0,0.51,1,0.5
dpgan,ShadowModelling(RandomQueries),12435,1,0.67,1,0.5
dpgan,ShadowModelling(RandomQueries),12435,0,0.56,1,0.5
dpgan,ShadowModelling(RandomQueries),12435,1,0.58,1,0.5
dpgan,ShadowModelling(RandomQueries),12435,0,0.24,0,0.5
dpgan,ShadowModelling(RandomQueries),12435,1,0.63,1,0.5
dpgan,ShadowModelling(RandomQueries),12435,0,0.37,0,0.5
dpgan,ShadowModelling(RandomQueries),12435,1,0.56,1,0.5
dpgan,ShadowModelling(RandomQueries),12435,0,0.7,1,0.5
dpgan,ShadowModelling(RandomQueries),12435,1,0.58,1,0.5
dpgan,ShadowModelling(RandomQueries),12435,0,0.29,0,0.5
dpgan,ShadowModelling(RandomQueries),12435,1,0.46,0,0.5
dpgan,ShadowModelling(RandomQueries),12435,0,0.51,1,0.5
dpgan,ShadowModelling(RandomQueries),12435,1,0.36,0,0.5
dpgan,ShadowModelling(RandomQueries),12435,0,0.65,1,0.5
dpgan,ShadowModelling(RandomQueries),12435,1,0.41,0,0.5
dpgan,ShadowModelling(RandomQueries),12435,0,0.28,0,0.5
dpgan,ShadowModelling(RandomQueries),12435,1,0.39,0,0.5
dpgan,ShadowModelling(RandomQueries),12435,0,0.59,1,0.5
dpgan,ShadowModelling(RandomQueries),12435,1,0.62,1,0.5
dpgan,ShadowModelling(RandomQueries),12435,0,0.39,0,0.5
dpgan,ShadowModelling(RandomQueries),12435,1,0.6,1,0.5
dpgan,ShadowModelling(RandomQueries),12435,0,0.45,0,0.5
dpgan,ShadowModelling(RandomQueries),12435,1,0.31,0,0.5
dpgan,ShadowModelling(RandomQueries),12435,0,0.33,0,0.5
dpgan,ShadowModelling(RandomQueries),12435,1,0.36,0,0.5
dpgan,ShadowModelling(RandomQueries),12435,0,0.33,0,0.5
dpgan,ShadowModelling(RandomQueries),12435,1,0.66,1,0.5
dpgan,ShadowModelling(RandomQueries),12435,0,0.29,0,0.5
dpgan,ShadowModelling(RandomQueries),12435,1,0.58,1,0.5
dpgan,ShadowModelling(RandomQueries),12435,0,0.45,0,0.5
dpgan,ShadowModelling(RandomQueries),12435,1,0.67,1,0.5
dpgan,ShadowModelling(RandomQueries),12435,0,0.32,0,0.5
dpgan,ShadowModelling(RandomQueries),12435,1,0.61,1,0.5
dpgan,ShadowModelling(RandomQueries),12435,0,0.62,1,0.5
dpgan,ShadowModelling(RandomQueries),12435,1,0.55,1,0.5
dpgan,ShadowModelling(RandomQueries),12435,0,0.54,1,0.5
dpgan,ShadowModelling(RandomQueries),12435,1,0.52,1,0.5
dpgan,ShadowModelling(RandomQueries),12435,0,0.57,1,0.5
dpgan,ShadowModelling(RandomQueries),12435,1,0.54,1,0.5
dpgan,ShadowModelling(RandomQueries),12435,0,0.43,0,0.5
dpgan,ShadowModelling(RandomQueries),12435,1,0.68,1,0.5
dpgan,ShadowModelling(RandomQueries),12435,0,0.54,1,0.5
dpgan,ShadowModelling(RandomQueries),12435,1,0.72,1,0.5
dpgan,ShadowModelling(RandomQueries),12435,0,0.47,0,0.5
dpgan,ShadowModelling(RandomQueries),12435,1,0.48,0,0.5
dpgan,ShadowModelling(RandomQueries),12435,0,0.45,0,0.5
dpgan,ShadowModelling(RandomQueries),12435,1,0.61,1,0.5
dpgan,ShadowModelling(RandomQueries),12435,0,0.53,1,0.5
dpgan,ShadowModelling(RandomQueries),12435,1,0.64,1,0.5
dpgan,ShadowModelling(RandomQueries),12435,0,0.44,0,0.5
dpgan,ShadowModelling(RandomQueries),12435,1,0.47,0,0.5
dpgan,ShadowModelling(RandomQueries),12435,0,0.37,0,0.5
dpgan,ShadowModelling(RandomQueries),12435,1,0.61,1,0.5
dpgan,ShadowModelling(RandomQueries),12435,0,0.4,0,0.5
dpgan,ShadowModelling(RandomQueries),12435,1,0.45,0,0.5
dpgan,ShadowModelling(RandomQueries),12435,0,0.29,0,0.5
dpgan,ShadowModelling(RandomQueries),12435,1,0.3,0,0.5
dpgan,ShadowModelling(RandomQueries),12435,0,0.41,0,0.5
dpgan,ShadowModelling(RandomQueries),12435,1,0.38,0,0.5
dpgan,ShadowModelling(RandomQueries),12435,0,0.58,1,0.5
dpgan,ShadowModelling(RandomQueries),12435,1,0.56,1,0.5
dpgan,ShadowModelling(RandomQueries),12435,0,0.56,1,0.5
dpgan,ShadowModelling(RandomQueries),12435,1,0.65,1,0.5
dpgan,ShadowModelling(RandomQueries),12435,0,0.28,0,0.5
dpgan,ShadowModelling(RandomQueries),12435,1,0.45,0,0.5
dpgan,ShadowModelling(RandomQueries),12435,0,0.64,1,0.5
dpgan,ShadowModelling(RandomQueries),12435,1,0.35,0,0.5
dpgan,ShadowModelling(RandomQueries),12435,0,0.32,0,0.5
dpgan,ShadowModelling(RandomQueries),12435,1,0.65,1,0.5
dpgan,ShadowModelling(RandomQueries),12435,0,0.51,1,0.5
dpgan,ShadowModelling(RandomQueries),12435,1,0.8,1,0.5
dpgan,ShadowModelling(RandomQueries),12435,0,0.38,0,0.5
dpgan,ShadowModelling(RandomQueries),12435,1,0.55,1,0.5
dpgan,ShadowModelling(RandomQueries),12435,0,0.3,0,0.5
dpgan,ShadowModelling(RandomQueries),12435,1,0.66,1,0.5
dpgan,ShadowModelling(RandomQueries),12435,0,0.47,0,0.5
dpgan,ShadowModelling(RandomQueries),12435,1,0.5,0,0.5
dpgan,ShadowModelling(RandomQueries),12435,0,0.68,1,0.5
dpgan,ShadowModelling(RandomQueries),12435,1,0.51,1,0.5
dpgan,ShadowModelling(RandomQueries),12435,0,0.5,0,0.5
dpgan,ShadowModelling(RandomQueries),12435,1,0.6,1,0.5
dpgan,ShadowModelling(RandomQueries),12435,0,0.52,1,0.5
dpgan,ShadowModelling(RandomQueries),12435,1,0.65,1,0.5
dpgan,ShadowModelling(RandomQueries),12435,0,0.27,0,0.5
dpgan,ShadowModelling(RandomQueries),12435,1,0.62,1,0.5
dpgan,ShadowModelling(RandomQueries),12435,0,0.65,1,0.5
dpgan,ShadowModelling(RandomQueries),12435,1,0.49,0,0.5
dpgan,ShadowModelling(RandomQueries),12435,0,0.57,1,0.5
dpgan,ShadowModelling(RandomQueries),12435,1,0.23,0,0.5
dpgan,ShadowModelling(RandomQueries),12435,0,0.49,0,0.5
dpgan,ShadowModelling(RandomQueries),12435,1,0.54,1,0.5
dpgan,ShadowModelling(RandomQueries),12435,0,0.46,0,0.5
dpgan,ShadowModelling(RandomQueries),12435,1,0.43,0,0.5
dpgan,ShadowModelling(RandomQueries),12435,0,0.3,0,0.5
dpgan,ShadowModelling(RandomQueries),12435,1,0.61,1,0.5
dpgan,ShadowModelling(RandomQueries),12435,0,0.74,1,0.5
dpgan,ShadowModelling(RandomQueries),12435,1,0.63,1,0.5
dpgan,ShadowModelling(RandomQueries),12435,0,0.51,1,0.5
dpgan,ShadowModelling(RandomQueries),12435,1,0.5,0,0.5
dpgan,ShadowModelling(RandomQueries),12435,0,0.53,1,0.5
dpgan,ShadowModelling(RandomQueries),12435,1,0.62,1,0.5
dpgan,ShadowModelling(RandomQueries),12435,0,0.43,0,0.5
dpgan,ShadowModelling(RandomQueries),12435,1,0.47,0,0.5
dpgan,ShadowModelling(RandomQueries),12435,0,0.5,0,0.5
dpgan,ShadowModelling(RandomQueries),12435,1,0.59,1,0.5
dpgan,ShadowModelling(RandomQueries),12435,0,0.62,1,0.5
dpgan,ShadowModelling(RandomQueries),12435,1,0.48,0,0.5
dpgan,ShadowModelling(RandomQueries),12435,0,0.71,1,0.5
dpgan,ShadowModelling(RandomQueries),12435,1,0.62,1,0.5
dpgan,ShadowModelling(RandomQueries),12435,0,0.51,1,0.5
dpgan,ShadowModelling(RandomQueries),12435,1,0.58,1,0.5
dpgan,ShadowModelling(RandomQueries),12435,0,0.32,0,0.5
dpgan,ShadowModelling(RandomQueries),12435,1,0.64,1,0.5
dpgan,ShadowModelling(RandomQueries),12435,0,0.66,1,0.5
dpgan,ShadowModelling(RandomQueries),12435,1,0.35,0,0.5
dpgan,ShadowModelling(RandomQueries),12435,0,0.38,0,0.5
dpgan,ShadowModelling(RandomQueries),12435,1,0.45,0,0.5
dpgan,ShadowModelling(RandomQueries),12435,0,0.38,0,0.5
dpgan,ShadowModelling(RandomQueries),12435,1,0.63,1,0.5
dpgan,ShadowModelling(RandomQueries),12435,0,0.57,1,0.5
dpgan,ShadowModelling(RandomQueries),12435,1,0.56,1,0.5
dpgan,ShadowModelling(RandomQueries),12435,0,0.68,1,0.5
dpgan,ShadowModelling(RandomQueries),12435,1,0.54,1,0.5
dpgan,ShadowModelling(RandomQueries),12435,0,0.41,0,0.5
dpgan,ShadowModelling(RandomQueries),12435,1,0.49,0,0.5
dpgan,ShadowModelling(RandomQueries),12435,0,0.5,0,0.5
dpgan,ShadowModelling(RandomQueries),12435,1,0.57,1,0.5
dpgan,ShadowModelling(RandomQueries),12435,0,0.56,1,0.5
dpgan,ShadowModelling(RandomQueries),12435,1,0.4,0,0.5
dpgan,ShadowModelling(RandomQueries),12435,0,0.68,1,0.5
dpgan,ShadowModelling(RandomQueries),12435,1,0.5,0,0.5
dpgan,ShadowModelling(RandomQueries),12435,0,0.41,0,0.5
dpgan,ShadowModelling(RandomQueries),12435,1,0.49,0,0.5
dpgan,ShadowModelling(RandomQueries),12435,0,0.32,0,0.5
dpgan,ShadowModelling(RandomQueries),12435,1,0.59,1,0.5
dpgan,ShadowModelling(RandomQueries),12435,0,0.47,0,0.5
dpgan,ShadowModelling(RandomQueries),12435,1,0.5,0,0.5
dpgan,ShadowModelling(RandomQueries),12435,0,0.46,0,0.5
dpgan,ShadowModelling(RandomQueries),12435,1,0.54,1,0.5
dpgan,ShadowModelling(RandomQueries),12435,0,0.54,1,0.5
dpgan,ShadowModelling(RandomQueries),12435,1,0.39,0,0.5
dpgan,ShadowModelling(RandomQueries),12435,0,0.62,1,0.5
dpgan,ShadowModelling(RandomQueries),12435,1,0.43,0,0.5
dpgan,ShadowModelling(RandomQueries),12435,0,0.34,0,0.5
dpgan,ShadowModelling(RandomQueries),12435,1,0.46,0,0.5
dpgan,ShadowModelling(RandomQueries),12435,0,0.38,0,0.5
dpgan,ShadowModelling(RandomQueries),12435,1,0.5,0,0.5
dpgan,ShadowModelling(RandomQueries),12435,0,0.58,1,0.5
dpgan,ShadowModelling(RandomQueries),12435,1,0.62,1,0.5
dpgan,ShadowModelling(RandomQueries),12435,0,0.61,1,0.5
dpgan,ShadowModelling(RandomQueries),12435,1,0.53,1,0.5
dpgan,ShadowModelling(RandomQueries),12435,0,0.45,0,0.5
dpgan,ShadowModelling(RandomQueries),12435,1,0.55,1,0.5
dpgan,ShadowModelling(RandomQueries),12435,0,0.47,0,0.5
dpgan,ShadowModelling(RandomQueries),12435,1,0.45,0,0.5
dpgan,ShadowModelling(RandomQueries),12435,0,0.5,0,0.5
dpgan,ShadowModelling(RandomQueries),12435,1,0.59,1,0.5
dpgan,ShadowModelling(RandomQueries),12435,0,0.36,0,0.5
dpgan,ShadowModelling(RandomQueries),12435,1,0.33,0,0.5
dpgan,ShadowModelling(RandomQueries),12435,0,0.28,0,0.5
dpgan,ShadowModelling(RandomQueries),12435,1,0.51,1,0.5
dpgan,ShadowModelling(RandomQueries),12435,0,0.45,0,0.5
dpgan,ShadowModelling(RandomQueries),12435,1,0.53,1,0.5
dpgan,ShadowModelling(RandomQueries),12435,0,0.69,1,0.5
dpgan,ShadowModelling(RandomQueries),12435,1,0.49,0,0.5
dpgan,ShadowModelling(RandomQueries),12435,0,0.38,0,0.5
dpgan,ShadowModelling(RandomQueries),12435,1,0.63,1,0.5
dpgan,ShadowModelling(RandomQueries),12435,0,0.41,0,0.5
dpgan,ShadowModelling(RandomQueries),12435,1,0.39,0,0.5
dpgan,ShadowModelling(RandomQueries),12435,0,0.46,0,0.5
dpgan,ShadowModelling(RandomQueries),12435,1,0.43,0,0.5
dpgan,ShadowModelling(RandomQueries),12435,0,0.49,0,0.5
dpgan,ShadowModelling(RandomQueries),12435,1,0.69,1,0.5
dpgan,ShadowModelling(RandomQueries),12435,0,0.24,0,0.5
dpgan,ShadowModelling(RandomQueries),12435,1,0.57,1,0.5
dpgan,ShadowModelling(RandomQueries),12435,0,0.36,0,0.5
dpgan,ShadowModelling(RandomQueries),12435,1,0.41,0,0.5
dpgan,ShadowModelling(RandomQueries),12435,0,0.53,1,0.5
dpgan,ShadowModelling(RandomQueries),12435,1,0.54,1,0.5
dpgan,ShadowModelling(RandomQueries),12435,0,0.49,0,0.5
dpgan,ShadowModelling(RandomQueries),12435,1,0.37,0,0.5
dpgan,ShadowModelling(RandomQueries),12435,0,0.43,0,0.5
dpgan,ShadowModelling(RandomQueries),12435,1,0.3,0,0.5
dpgan,ShadowModelling(RandomQueries),12435,0,0.49,0,0.5
dpgan,ShadowModelling(RandomQueries),12435,1,0.52,1,0.5
dpgan,ShadowModelling(RandomQueries),12435,0,0.39,0,0.5
dpgan,ShadowModelling(RandomQueries),12435,1,0.61,1,0.5
dpgan,ShadowModelling(RandomQueries),12435,0,0.67,1,0.5
dpgan,ShadowModelling(RandomQueries),12435,1,0.59,1,0.5
dpgan,ShadowModelling(RandomQueries),12435,0,0.59,1,0.5
dpgan,ShadowModelling(RandomQueries),12435,1,0.5,0,0.5
dpgan,ShadowModelling(RandomQueries),12435,0,0.64,1,0.5
dpgan,ShadowModelling(RandomQueries),12435,1,0.43,0,0.5
dpgan,ShadowModelling(RandomQueries),12435,0,0.3,0,0.5
dpgan,ShadowModelling(RandomQueries),12435,1,0.68,1,0.5
dpgan,ShadowModelling(RandomQueries),12435,0,0.59,1,0.5
dpgan,ShadowModelling(RandomQueries),12435,1,0.44,0,0.5
dpgan,ShadowModelling(RandomQueries),12435,0,0.32,0,0.5
dpgan,ShadowModelling(RandomQueries),12435,1,0.66,1,0.5
dpgan,ShadowModelling(RandomQueries),12435,0,0.32,0,0.5
dpgan,ShadowModelling(RandomQueries),12435,1,0.67,1,0.5
dpgan,ShadowModelling(RandomQueries),12435,0,0.46,0,0.5
dpgan,ShadowModelling(RandomQueries),12435,1,0.58,1,0.5
dpgan,ShadowModelling(RandomQueries),12435,0,0.43,0,0.5
dpgan,ShadowModelling(RandomQueries),12435,1,0.5,0,0.5
dpgan,ShadowModelling(RandomQueries),12435,0,0.27,0,0.5
dpgan,ShadowModelling(RandomQueries),12435,1,0.59,1,0.5
dpgan,ShadowModelling(RandomQueries),12435,0,0.52,1,0.5
dpgan,ShadowModelling(RandomQueries),12435,1,0.57,1,0.5
dpgan,ShadowModelling(RandomQueries),12435,0,0.69,1,0.5
dpgan,ShadowModelling(RandomQueries),12435,1,0.29,0,0.5
dpgan,ShadowModelling(RandomQueries),12435,0,0.26,0,0.5
dpgan,ShadowModelling(RandomQueries),12435,1,0.58,1,0.5
dpgan,ShadowModelling(RandomQueries),12435,0,0.34,0,0.5
dpgan,ShadowModelling(RandomQueries),12435,1,0.5,0,0.5
dpgan,ShadowModelling(RandomQueries),12435,0,0.47,0,0.5
dpgan,ShadowModelling(RandomQueries),12435,1,0.59,1,0.5
dpgan,ShadowModelling(RandomQueries),12435,0,0.25,0,0.5
dpgan,ShadowModelling(RandomQueries),12435,1,0.41,0,0.5
dpgan,ShadowModelling(RandomQueries),12435,0,0.48,0,0.5
dpgan,ShadowModelling(RandomQueries),12435,1,0.57,1,0.5
dpgan,ShadowModelling(RandomQueries),12435,0,0.4,0,0.5
dpgan,ShadowModelling(RandomQueries),12435,1,0.44,0,0.5
dpgan,ShadowModelling(RandomQueries),12435,0,0.56,1,0.5
dpgan,ShadowModelling(RandomQueries),12435,1,0.64,1,0.5
dpgan,ShadowModelling(RandomQueries),12435,0,0.55,1,0.5
dpgan,ShadowModelling(RandomQueries),12435,1,0.63,1,0.5
dpgan,ShadowModelling(RandomQueries),12435,0,0.49,0,0.5
dpgan,ShadowModelling(RandomQueries),12435,1,0.5,0,0.5
dpgan,ShadowModelling(RandomQueries),12435,0,0.28,0,0.5
dpgan,ShadowModelling(RandomQueries),12435,1,0.65,1,0.5
dpgan,ShadowModelling(RandomQueries),12435,0,0.63,1,0.5
dpgan,ShadowModelling(RandomQueries),12435,1,0.58,1,0.5
dpgan,ShadowModelling(RandomQueries),12435,0,0.55,1,0.5
dpgan,ShadowModelling(RandomQueries),12435,1,0.41,0,0.5
dpgan,ShadowModelling(RandomQueries),12435,0,0.54,1,0.5
dpgan,ShadowModelling(RandomQueries),12435,1,0.61,1,0.5
dpgan,ShadowModelling(RandomQueries),12435,0,0.39,0,0.5
dpgan,ShadowModelling(RandomQueries),12435,1,0.41,0,0.5
dpgan,ShadowModelling(RandomQueries),12435,0,0.74,1,0.5
dpgan,ShadowModelling(RandomQueries),12435,1,0.55,1,0.5
dpgan,ShadowModelling(RandomQueries),12435,0,0.37,0,0.5
dpgan,ShadowModelling(RandomQueries),12435,1,0.73,1,0.5
dpgan,ShadowModelling(RandomQueries),12435,0,0.66,1,0.5
dpgan,ShadowModelling(RandomQueries),12435,1,0.57,1,0.5
dpgan,ShadowModelling(RandomQueries),12435,0,0.46,0,0.5
dpgan,ShadowModelling(RandomQueries),12435,1,0.61,1,0.5
dpgan,ShadowModelling(RandomQueries),12435,0,0.49,0,0.5
dpgan,ShadowModelling(RandomQueries),12435,1,0.6,1,0.5
dpgan,ShadowModelling(RandomQueries),12435,0,0.3,0,0.5
dpgan,ShadowModelling(RandomQueries),12435,1,0.65,1,0.5
dpgan,ShadowModelling(RandomQueries),12435,0,0.31,0,0.5
dpgan,ShadowModelling(RandomQueries),12435,1,0.74,1,0.5
dpgan,ShadowModelling(RandomQueries),12435,0,0.55,1,0.5
dpgan,ShadowModelling(RandomQueries),12435,1,0.33,0,0.5
dpgan,ShadowModelling(RandomQueries),12435,0,0.62,1,0.5
dpgan,ShadowModelling(RandomQueries),12435,1,0.65,1,0.5
dpgan,ShadowModelling(RandomQueries),12435,0,0.44,0,0.5
dpgan,ShadowModelling(RandomQueries),12435,1,0.57,1,0.5
dpgan,ShadowModelling(RandomQueries),12435,0,0.51,1,0.5
dpgan,ShadowModelling(RandomQueries),12435,1,0.54,1,0.5
dpgan,ShadowModelling(RandomQueries),12435,0,0.44,0,0.5
dpgan,ShadowModelling(RandomQueries),12435,1,0.65,1,0.5
dpgan,ShadowModelling(RandomQueries),12435,0,0.48,0,0.5
dpgan,ShadowModelling(RandomQueries),12435,1,0.69,1,0.5
dpgan,ShadowModelling(RandomQueries),12435,0,0.52,1,0.5
dpgan,ShadowModelling(RandomQueries),12435,1,0.62,1,0.5
dpgan,ShadowModelling(RandomQueries),12435,0,0.44,0,0.5
dpgan,ShadowModelling(RandomQueries),12435,1,0.56,1,0.5
dpgan,ShadowModelling(RandomQueries),12435,0,0.39,0,0.5
dpgan,ShadowModelling(RandomQueries),12435,1,0.61,1,0.5
dpgan,ShadowModelling(RandomQueries),12435,0,0.32,0,0.5
dpgan,ShadowModelling(RandomQueries),12435,1,0.4,0,0.5
dpgan,ShadowModelling(RandomQueries),12435,0,0.33,0,0.5
dpgan,ShadowModelling(RandomQueries),12435,1,0.61,1,0.5
dpgan,ShadowModelling(RandomQueries),12435,0,0.37,0,0.5
dpgan,ShadowModelling(RandomQueries),12435,1,0.68,1,0.5
dpgan,ShadowModelling(RandomQueries),12435,0,0.44,0,0.5
dpgan,ShadowModelling(RandomQueries),12435,1,0.54,1,0.5
dpgan,ShadowModelling(RandomQueries),12435,0,0.28,0,0.5
dpgan,ShadowModelling(RandomQueries),12435,1,0.5,0,0.5
dpgan,ShadowModelling(RandomQueries),12435,0,0.5,0,0.5
dpgan,ShadowModelling(RandomQueries),12435,1,0.55,1,0.5
dpgan,ShadowModelling(RandomQueries),12435,0,0.55,1,0.5
dpgan,ShadowModelling(RandomQueries),12435,1,0.64,1,0.5
dpgan,ShadowModelling(RandomQueries),12435,0,0.6,1,0.5
dpgan,ShadowModelling(RandomQueries),12435,1,0.35,0,0.5
dpgan,ShadowModelling(RandomQueries),12435,0,0.62,1,0.5
dpgan,ShadowModelling(RandomQueries),12435,1,0.42,0,0.5
dpgan,ShadowModelling(RandomQueries),12435,0,0.51,1,0.5
dpgan,ShadowModelling(RandomQueries),12435,1,0.55,1,0.5
dpgan,ShadowModelling(RandomQueries),12435,0,0.54,1,0.5
dpgan,ShadowModelling(RandomQueries),12435,1,0.57,1,0.5
dpgan,ShadowModelling(RandomQueries),12435,0,0.48,0,0.5
dpgan,ShadowModelling(RandomQueries),12435,1,0.56,1,0.5
dpgan,ShadowModelling(RandomQueries),12435,0,0.44,0,0.5
dpgan,ShadowModelling(RandomQueries),12435,1,0.66,1,0.5
dpgan,ShadowModelling(RandomQueries),12435,0,0.44,0,0.5
dpgan,ShadowModelling(RandomQueries),12435,1,0.63,1,0.5
dpgan,ShadowModelling(RandomQueries),12435,0,0.69,1,0.5
dpgan,ShadowModelling(RandomQueries),12435,1,0.55,1,0.5
dpgan,ShadowModelling(RandomQueries),12435,0,0.36,0,0.5
dpgan,ShadowModelling(RandomQueries),12435,1,0.52,1,0.5
dpgan,ShadowModelling(RandomQueries),12435,0,0.28,0,0.5
dpgan,ShadowModelling(RandomQueries),12435,1,0.67,1,0.5
dpgan,ShadowModelling(RandomQueries),12435,0,0.48,0,0.5
dpgan,ShadowModelling(RandomQueries),12435,1,0.49,0,0.5
dpgan,ShadowModelling(RandomQueries),12435,0,0.41,0,0.5
dpgan,ShadowModelling(RandomQueries),12435,1,0.55,1,0.5
dpgan,ShadowModelling(RandomQueries),12435,0,0.45,0,0.5
dpgan,ShadowModelling(RandomQueries),12435,1,0.33,0,0.5
dpgan,ShadowModelling(RandomQueries),12435,0,0.35,0,0.5
dpgan,ShadowModelling(RandomQueries),12435,1,0.31,0,0.5
dpgan,ShadowModelling(RandomQueries),12435,0,0.65,1,0.5
dpgan,ShadowModelling(RandomQueries),12435,1,0.41,0,0.5
dpgan,ShadowModelling(RandomQueries),12435,0,0.55,1,0.5
dpgan,ShadowModelling(RandomQueries),12435,1,0.4,0,0.5
dpgan,ShadowModelling(RandomQueries),12435,0,0.67,1,0.5
dpgan,ShadowModelling(RandomQueries),12435,1,0.4,0,0.5
dpgan,ShadowModelling(RandomQueries),12435,0,0.51,1,0.5
dpgan,ShadowModelling(RandomQueries),12435,1,0.46,0,0.5
dpgan,ShadowModelling(RandomQueries),12435,0,0.36,0,0.5
dpgan,ShadowModelling(RandomQueries),12435,1,0.65,1,0.5
dpgan,ShadowModelling(RandomQueries),12435,0,0.54,1,0.5
dpgan,ShadowModelling(RandomQueries),12435,1,0.69,1,0.5
dpgan,ShadowModelling(RandomQueries),12435,0,0.56,1,0.5
dpgan,ShadowModelling(RandomQueries),12435,1,0.52,1,0.5
dpgan,ShadowModelling(RandomQueries),12435,0,0.46,0,0.5
dpgan,ShadowModelling(RandomQueries),12435,1,0.45,0,0.5
dpgan,ShadowModelling(RandomQueries),12435,0,0.55,1,0.5
dpgan,ShadowModelling(RandomQueries),12435,1,0.47,0,0.5
dpgan,ShadowModelling(RandomQueries),12435,0,0.57,1,0.5
dpgan,ShadowModelling(RandomQueries),12435,1,0.46,0,0.5
dpgan,ShadowModelling(RandomQueries),12435,0,0.41,0,0.5
dpgan,ShadowModelling(RandomQueries),12435,1,0.36,0,0.5
dpgan,ShadowModelling(RandomQueries),12435,0,0.32,0,0.5
dpgan,ShadowModelling(RandomQueries),12435,1,0.4,0,0.5
dpgan,ShadowModelling(RandomQueries),12435,0,0.41,0,0.5
dpgan,ShadowModelling(RandomQueries),12435,1,0.41,0,0.5
dpgan,ShadowModelling(RandomQueries),12435,0,0.43,0,0.5
dpgan,ShadowModelling(RandomQueries),12435,1,0.45,0,0.5
dpgan,ShadowModelling(RandomQueries),12435,0,0.35,0,0.5
dpgan,ShadowModelling(RandomQueries),12435,1,0.58,1,0.5
dpgan,ShadowModelling(RandomQueries),12435,0,0.66,1,0.5
dpgan,ShadowModelling(RandomQueries),12435,1,0.44,0,0.5
dpgan,ShadowModelling(RandomQueries),12435,0,0.71,1,0.5
dpgan,ShadowModelling(RandomQueries),12435,1,0.51,1,0.5
dpgan,ShadowModelling(RandomQueries),12435,0,0.34,0,0.5
dpgan,ShadowModelling(RandomQueries),12435,1,0.6,1,0.5
dpgan,ShadowModelling(RandomQueries),12435,0,0.66,1,0.5
dpgan,ShadowModelling(RandomQueries),12435,1,0.59,1,0.5
dpgan,ShadowModelling(RandomQueries),12435,0,0.4,0,0.5
dpgan,ShadowModelling(RandomQueries),12435,1,0.58,1,0.5
dpgan,ShadowModelling(RandomQueries),12435,0,0.35,0,0.5
dpgan,ShadowModelling(RandomQueries),12435,1,0.51,1,0.5
dpgan,ShadowModelling(RandomQueries),12435,0,0.46,0,0.5
dpgan,ShadowModelling(RandomQueries),12435,1,0.53,1,0.5
dpgan,ShadowModelling(RandomQueries),12435,0,0.35,0,0.5
dpgan,ShadowModelling(RandomQueries),12435,1,0.52,1,0.5
dpgan,ShadowModelling(RandomQueries),12435,0,0.21,0,0.5
dpgan,ShadowModelling(RandomQueries),12435,1,0.55,1,0.5
dpgan,ShadowModelling(RandomQueries),12435,0,0.5,0,0.5
dpgan,ShadowModelling(RandomQueries),12435,1,0.49,0,0.5
dpgan,ShadowModelling(RandomQueries),12435,0,0.36,0,0.5
dpgan,ShadowModelling(RandomQueries),12435,1,0.33,0,0.5
dpgan,ShadowModelling(RandomQueries),12435,0,0.46,0,0.5
dpgan,ShadowModelling(RandomQueries),12435,1,0.56,1,0.5
dpgan,ShadowModelling(RandomQueries),12435,0,0.55,1,0.5
dpgan,ShadowModelling(RandomQueries),12435,1,0.47,0,0.5
dpgan,ShadowModelling(RandomQueries),12435,0,0.52,1,0.5
dpgan,ShadowModelling(RandomQueries),12435,1,0.65,1,0.5
dpgan,ShadowModelling(RandomQueries),12435,0,0.5,0,0.5
dpgan,ShadowModelling(RandomQueries),12435,1,0.67,1,0.5
dpgan,ShadowModelling(RandomQueries),12435,0,0.52,1,0.5
dpgan,ShadowModelling(RandomQueries),12435,1,0.6,1,0.5
dpgan,ShadowModelling(RandomQueries),12435,0,0.48,0,0.5
dpgan,ShadowModelling(RandomQueries),12435,1,0.72,1,0.5
dpgan,ShadowModelling(RandomQueries),12435,0,0.64,1,0.5
dpgan,ShadowModelling(RandomQueries),12435,1,0.4,0,0.5
dpgan,ShadowModelling(RandomQueries),12435,0,0.26,0,0.5
dpgan,ShadowModelling(RandomQueries),12435,1,0.45,0,0.5
dpgan,ShadowModelling(RandomQueries),12435,0,0.4,0,0.5
dpgan,ShadowModelling(RandomQueries),12435,1,0.72,1,0.5
dpgan,ShadowModelling(RandomQueries),12435,0,0.66,1,0.5
dpgan,ShadowModelling(RandomQueries),12435,1,0.48,0,0.5
dpgan,ShadowModelling(RandomQueries),12435,0,0.57,1,0.5
dpgan,ShadowModelling(RandomQueries),12435,1,0.65,1,0.5
dpgan,ShadowModelling(RandomQueries),12435,0,0.49,0,0.5
dpgan,ShadowModelling(RandomQueries),12435,1,0.68,1,0.5
dpgan,ShadowModelling(RandomQueries),12435,0,0.38,0,0.5
dpgan,ShadowModelling(RandomQueries),12435,1,0.66,1,0.5
dpgan,ShadowModelling(RandomQueries),12435,0,0.68,1,0.5
dpgan,ShadowModelling(RandomQueries),12435,1,0.45,0,0.5
dpgan,ShadowModelling(RandomQueries),12435,0,0.51,1,0.5
dpgan,ShadowModelling(RandomQueries),12435,1,0.34,0,0.5
dpgan,ShadowModelling(RandomQueries),12435,0,0.41,0,0.5
dpgan,ShadowModelling(RandomQueries),12435,1,0.48,0,0.5
dpgan,ShadowModelling(RandomQueries),12435,0,0.33,0,0.5
dpgan,ShadowModelling(RandomQueries),12435,1,0.46,0,0.5
dpgan,ShadowModelling(RandomQueries),12435,0,0.32,0,0.5
dpgan,ShadowModelling(RandomQueries),12435,1,0.32,0,0.5
dpgan,ShadowModelling(RandomQueries),12435,0,0.42,0,0.5
dpgan,ShadowModelling(RandomQueries),12435,1,0.56,1,0.5
dpgan,ShadowModelling(RandomQueries),12435,0,0.27,0,0.5
dpgan,ShadowModelling(RandomQueries),12435,1,0.54,1,0.5
dpgan,ShadowModelling(RandomQueries),12435,0,0.45,0,0.5
dpgan,ShadowModelling(RandomQueries),12435,1,0.34,0,0.5
dpgan,ShadowModelling(RandomQueries),12435,0,0.56,1,0.5
dpgan,ShadowModelling(RandomQueries),12435,1,0.5,0,0.5
dpgan,ShadowModelling(RandomQueries),12435,0,0.57,1,0.5
dpgan,ShadowModelling(RandomQueries),12435,1,0.51,1,0.5
dpgan,ShadowModelling(RandomQueries),12435,0,0.44,0,0.5
dpgan,ShadowModelling(RandomQueries),12435,1,0.43,0,0.5
dpgan,ShadowModelling(RandomQueries),12435,0,0.31,0,0.5
dpgan,ShadowModelling(RandomQueries),12435,1,0.28,0,0.5
dpgan,ShadowModelling(RandomQueries),12435,0,0.35,0,0.5
dpgan,ShadowModelling(RandomQueries),12435,1,0.21,0,0.5
dpgan,ShadowModelling(RandomQueries),12435,0,0.68,1,0.5
dpgan,ShadowModelling(RandomQueries),12435,1,0.29,0,0.5
dpgan,ShadowModelling(RandomQueries),12435,0,0.48,0,0.5
dpgan,ShadowModelling(RandomQueries),12435,1,0.54,1,0.5
dpgan,ShadowModelling(RandomQueries),12435,0,0.51,1,0.5
dpgan,ShadowModelling(RandomQueries),12435,1,0.61,1,0.5
dpgan,ShadowModelling(RandomQueries),12435,0,0.29,0,0.5
dpgan,ShadowModelling(RandomQueries),12435,1,0.51,1,0.5
dpgan,ShadowModelling(RandomQueries),12435,0,0.56,1,0.5
dpgan,ShadowModelling(RandomQueries),12435,1,0.63,1,0.5
dpgan,ShadowModelling(RandomQueries),12435,0,0.49,0,0.5
dpgan,ShadowModelling(RandomQueries),12435,1,0.61,1,0.5
dpgan,ShadowModelling(RandomQueries),12435,0,0.57,1,0.5
dpgan,ShadowModelling(RandomQueries),12435,1,0.35,0,0.5
dpgan,ShadowModelling(RandomQueries),12435,0,0.48,0,0.5
dpgan,ShadowModelling(RandomQueries),12435,1,0.29,0,0.5
dpgan,ShadowModelling(RandomQueries),12435,0,0.5,0,0.5
dpgan,ShadowModelling(RandomQueries),12435,1,0.65,1,0.5
dpgan,ShadowModelling(RandomQueries),12435,0,0.46,0,0.5
dpgan,ShadowModelling(RandomQueries),12435,1,0.47,0,0.5
dpgan,ShadowModelling(RandomQueries),12435,0,0.46,0,0.5
dpgan,ShadowModelling(RandomQueries),12435,1,0.46,0,0.5
dpgan,ShadowModelling(RandomQueries),12435,0,0.6,1,0.5
dpgan,ShadowModelling(RandomQueries),12435,1,0.46,0,0.5
dpgan,ShadowModelling(RandomQueries),12435,0,0.5,0,0.5
dpgan,ShadowModelling(RandomQueries),12435,1,0.62,1,0.5
dpgan,ShadowModelling(RandomQueries),12435,0,0.31,0,0.5
dpgan,ShadowModelling(RandomQueries),12435,1,0.6,1,0.5
dpgan,ShadowModelling(RandomQueries),12435,0,0.31,0,0.5
dpgan,ShadowModelling(RandomQueries),12435,1,0.63,1,0.5
dpgan,ShadowModelling(RandomQueries),12435,0,0.58,1,0.5
dpgan,ShadowModelling(RandomQueries),12435,1,0.47,0,0.5
dpgan,ShadowModelling(RandomQueries),12435,0,0.38,0,0.5
dpgan,ShadowModelling(RandomQueries),12435,1,0.35,0,0.5
dpgan,ShadowModelling(RandomQueries),12435,0,0.62,1,0.5
dpgan,ShadowModelling(RandomQueries),12435,1,0.54,1,0.5
dpgan,ShadowModelling(RandomQueries),12435,0,0.29,0,0.5
dpgan,ShadowModelling(RandomQueries),12435,1,0.43,0,0.5
dpgan,ShadowModelling(RandomQueries),12435,0,0.53,1,0.5
dpgan,ShadowModelling(RandomQueries),12435,1,0.37,0,0.5
dpgan,ShadowModelling(RandomQueries),12435,0,0.33,0,0.5
dpgan,ShadowModelling(RandomQueries),12435,1,0.62,1,0.5
dpgan,ShadowModelling(RandomQueries),12435,0,0.59,1,0.5
dpgan,ShadowModelling(RandomQueries),12435,1,0.53,1,0.5
dpgan,ShadowModelling(RandomQueries),12435,0,0.53,1,0.5
dpgan,ShadowModelling(RandomQueries),12435,1,0.63,1,0.5
dpgan,ShadowModelling(RandomQueries),12435,0,0.34,0,0.5
dpgan,ShadowModelling(RandomQueries),12435,1,0.35,0,0.5
dpgan,ShadowModelling(RandomQueries),12435,0,0.4,0,0.5
dpgan,ShadowModelling(RandomQueries),12435,1,0.45,0,0.5
dpgan,ShadowModelling(RandomQueries),12435,0,0.42,0,0.5
dpgan,ShadowModelling(RandomQueries),12435,1,0.32,0,0.5
dpgan,ShadowModelling(RandomQueries),12435,0,0.44,0,0.5
dpgan,ShadowModelling(RandomQueries),12435,1,0.53,1,0.5
dpgan,ShadowModelling(RandomQueries),12435,0,0.65,1,0.5
dpgan,ShadowModelling(RandomQueries),12435,1,0.25,0,0.5
dpgan,ShadowModelling(RandomQueries),12435,0,0.58,1,0.5
dpgan,ShadowModelling(RandomQueries),12435,1,0.56,1,0.5
dpgan,ShadowModelling(RandomQueries),12435,0,0.37,0,0.5
dpgan,ShadowModelling(RandomQueries),12435,1,0.68,1,0.5
dpgan,ShadowModelling(RandomQueries),12435,0,0.31,0,0.5
dpgan,ShadowModelling(RandomQueries),12435,1,0.39,0,0.5
dpgan,ShadowModelling(RandomQueries),12435,0,0.59,1,0.5
dpgan,ShadowModelling(RandomQueries),12435,1,0.43,0,0.5
dpgan,ShadowModelling(RandomQueries),12435,0,0.37,0,0.5
dpgan,ShadowModelling(RandomQueries),12435,1,0.5,0,0.5
dpgan,ShadowModelling(RandomQueries),12435,0,0.71,1,0.5
dpgan,ShadowModelling(RandomQueries),12435,1,0.34,0,0.5
dpgan,ShadowModelling(RandomQueries),12435,0,0.58,1,0.5
dpgan,ShadowModelling(RandomQueries),12435,1,0.69,1,0.5
dpgan,ShadowModelling(RandomQueries),12435,0,0.56,1,0.5
dpgan,ShadowModelling(RandomQueries),12435,1,0.54,1,0.5
dpgan,ShadowModelling(RandomQueries),12435,0,0.3,0,0.5
dpgan,ShadowModelling(RandomQueries),12435,1,0.66,1,0.5
dpgan,ShadowModelling(RandomQueries),12435,0,0.39,0,0.5
dpgan,ShadowModelling(RandomQueries),12435,1,0.63,1,0.5
dpgan,ShadowModelling(RandomQueries),12435,0,0.47,0,0.5
dpgan,ShadowModelling(RandomQueries),12435,1,0.58,1,0.5
dpgan,ShadowModelling(RandomQueries),12435,0,0.47,0,0.5
dpgan,ShadowModelling(RandomQueries),12435,1,0.37,0,0.5
dpgan,ShadowModelling(RandomQueries),12435,0,0.58,1,0.5
dpgan,ShadowModelling(RandomQueries),12435,1,0.34,0,0.5
dpgan,ShadowModelling(RandomQueries),12435,0,0.41,0,0.5
dpgan,ShadowModelling(RandomQueries),12435,1,0.78,1,0.5
dpgan,ShadowModelling(RandomQueries),12435,0,0.38,0,0.5
dpgan,ShadowModelling(RandomQueries),12435,1,0.49,0,0.5
dpgan,ShadowModelling(RandomQueries),12435,0,0.3,0,0.5
dpgan,ShadowModelling(RandomQueries),12435,1,0.59,1,0.5
dpgan,ShadowModelling(RandomQueries),12435,0,0.52,1,0.5
dpgan,ShadowModelling(RandomQueries),12435,1,0.4,0,0.5
dpgan,ShadowModelling(RandomQueries),12435,0,0.3,0,0.5
dpgan,ShadowModelling(RandomQueries),12435,1,0.37,0,0.5
dpgan,ShadowModelling(RandomQueries),12435,0,0.46,0,0.5
dpgan,ShadowModelling(RandomQueries),12435,1,0.53,1,0.5
dpgan,ShadowModelling(RandomQueries),12435,0,0.46,0,0.5
dpgan,ShadowModelling(RandomQueries),12435,1,0.62,1,0.5
dpgan,ShadowModelling(RandomQueries),12435,0,0.6,1,0.5
dpgan,ShadowModelling(RandomQueries),12435,1,0.51,1,0.5
dpgan,ShadowModelling(RandomQueries),12435,0,0.5,0,0.5
dpgan,ShadowModelling(RandomQueries),12435,1,0.53,1,0.5
dpgan,ShadowModelling(RandomQueries),12435,0,0.59,1,0.5
dpgan,ShadowModelling(RandomQueries),12435,1,0.39,0,0.5
dpgan,ShadowModelling(RandomQueries),12435,0,0.52,1,0.5
dpgan,ShadowModelling(RandomQueries),12435,1,0.44,0,0.5
dpgan,ShadowModelling(RandomQueries),12435,0,0.46,0,0.5
dpgan,ShadowModelling(RandomQueries),12435,1,0.57,1,0.5
dpgan,ShadowModelling(RandomQueries),12435,0,0.43,0,0.5
dpgan,ShadowModelling(RandomQueries),12435,1,0.59,1,0.5
dpgan,ShadowModelling(RandomQueries),12435,0,0.72,1,0.5
dpgan,ShadowModelling(RandomQueries),12435,1,0.73,1,0.5
dpgan,ShadowModelling(RandomQueries),12435,0,0.72,1,0.5
dpgan,ShadowModelling(RandomQueries),12435,1,0.46,0,0.5
dpgan,ShadowModelling(RandomQueries),12435,0,0.29,0,0.5
dpgan,ShadowModelling(RandomQueries),12435,1,0.64,1,0.5
dpgan,ShadowModelling(RandomQueries),12435,0,0.64,1,0.5
dpgan,ShadowModelling(RandomQueries),12435,1,0.7,1,0.5
dpgan,ShadowModelling(RandomQueries),12435,0,0.57,1,0.5
dpgan,ShadowModelling(RandomQueries),12435,1,0.43,0,0.5
dpgan,ShadowModelling(RandomQueries),12435,0,0.45,0,0.5
dpgan,ShadowModelling(RandomQueries),12435,1,0.69,1,0.5
dpgan,ShadowModelling(RandomQueries),12435,0,0.44,0,0.5
dpgan,ShadowModelling(RandomQueries),12435,1,0.51,1,0.5
dpgan,ShadowModelling(RandomQueries),12435,0,0.51,1,0.5
dpgan,ShadowModelling(RandomQueries),12435,1,0.41,0,0.5
dpgan,ShadowModelling(RandomQueries),12435,0,0.4,0,0.5
dpgan,ShadowModelling(RandomQueries),12435,1,0.39,0,0.5
dpgan,ShadowModelling(RandomQueries),12435,0,0.43,0,0.5
dpgan,ShadowModelling(RandomQueries),12435,1,0.51,1,0.5
dpgan,ShadowModelling(RandomQueries),12435,0,0.33,0,0.5
dpgan,ShadowModelling(RandomQueries),12435,1,0.59,1,0.5
dpgan,ShadowModelling(RandomQueries),12435,0,0.67,1,0.5
dpgan,ShadowModelling(RandomQueries),12435,1,0.64,1,0.5
dpgan,ShadowModelling(RandomQueries),12435,0,0.42,0,0.5
dpgan,ShadowModelling(RandomQueries),12435,1,0.26,0,0.5
dpgan,ShadowModelling(RandomQueries),12435,0,0.23,0,0.5
dpgan,ShadowModelling(RandomQueries),12435,1,0.65,1,0.5
dpgan,ShadowModelling(RandomQueries),12435,0,0.66,1,0.5
dpgan,ShadowModelling(RandomQueries),12435,1,0.33,0,0.5
dpgan,ShadowModelling(RandomQueries),12435,0,0.61,1,0.5
dpgan,ShadowModelling(RandomQueries),12435,1,0.63,1,0.5
dpgan,ShadowModelling(RandomQueries),12435,0,0.43,0,0.5
dpgan,ShadowModelling(RandomQueries),12435,1,0.39,0,0.5
dpgan,ShadowModelling(RandomQueries),12435,0,0.34,0,0.5
dpgan,ShadowModelling(RandomQueries),12435,1,0.47,0,0.5
dpgan,ShadowModelling(RandomQueries),12435,0,0.52,1,0.5
dpgan,ShadowModelling(RandomQueries),12435,1,0.43,0,0.5
dpgan,ShadowModelling(RandomQueries),12435,0,0.5,0,0.5
dpgan,ShadowModelling(RandomQueries),12435,1,0.38,0,0.5
dpgan,ShadowModelling(RandomQueries),12435,0,0.44,0,0.5
dpgan,ShadowModelling(RandomQueries),12435,1,0.51,1,0.5
dpgan,ShadowModelling(RandomQueries),12435,0,0.25,0,0.5
dpgan,ShadowModelling(RandomQueries),12435,1,0.53,1,0.5
dpgan,ShadowModelling(RandomQueries),12435,0,0.57,1,0.5
dpgan,ShadowModelling(RandomQueries),12435,1,0.42,0,0.5
dpgan,ShadowModelling(RandomQueries),12435,0,0.35,0,0.5
dpgan,ShadowModelling(RandomQueries),12435,1,0.51,1,0.5
dpgan,ShadowModelling(RandomQueries),12435,0,0.35,0,0.5
dpgan,ShadowModelling(RandomQueries),12435,1,0.6,1,0.5
dpgan,ShadowModelling(RandomQueries),12435,0,0.47,0,0.5
dpgan,ShadowModelling(RandomQueries),12435,1,0.41,0,0.5
dpgan,ShadowModelling(RandomQueries),12435,0,0.33,0,0.5
dpgan,ShadowModelling(RandomQueries),12435,1,0.45,0,0.5
dpgan,ShadowModelling(RandomQueries),12435,0,0.38,0,0.5
dpgan,ShadowModelling(RandomQueries),12435,1,0.72,1,0.5
dpgan,ShadowModelling(RandomQueries),12435,0,0.51,1,0.5
dpgan,ShadowModelling(RandomQueries),12435,1,0.58,1,0.5
dpgan,ShadowModelling(RandomQueries),12435,0,0.35,0,0.5
dpgan,ShadowModelling(RandomQueries),12435,1,0.61,1,0.5
dpgan,ShadowModelling(RandomQueries),12435,0,0.59,1,0.5
dpgan,ShadowModelling(RandomQueries),12435,1,0.5,0,0.5
dpgan,ShadowModelling(RandomQueries),12435,0,0.29,0,0.5
dpgan,ShadowModelling(RandomQueries),12435,1,0.51,1,0.5
dpgan,ShadowModelling(RandomQueries),12435,0,0.42,0,0.5
dpgan,ShadowModelling(RandomQueries),12435,1,0.63,1,0.5
dpgan,ShadowModelling(RandomQueries),12435,0,0.41,0,0.5
dpgan,ShadowModelling(RandomQueries),12435,1,0.45,0,0.5
dpgan,ShadowModelling(RandomQueries),12435,0,0.51,1,0.5
dpgan,ShadowModelling(RandomQueries),12435,1,0.52,1,0.5
dpgan,ShadowModelling(RandomQueries),12435,0,0.27,0,0.5
dpgan,ShadowModelling(RandomQueries),12435,1,0.52,1,0.5
dpgan,ShadowModelling(RandomQueries),12435,0,0.59,1,0.5
dpgan,ShadowModelling(RandomQueries),12435,1,0.63,1,0.5
dpgan,ShadowModelling(RandomQueries),12435,0,0.31,0,0.5
dpgan,ShadowModelling(RandomQueries),12435,1,0.45,0,0.5
dpgan,ShadowModelling(RandomQueries),12435,0,0.5,0,0.5
dpgan,ShadowModelling(RandomQueries),12435,1,0.48,0,0.5
dpgan,ShadowModelling(RandomQueries),12435,0,0.38,0,0.5
dpgan,ShadowModelling(RandomQueries),12435,1,0.55,1,0.5
dpgan,ShadowModelling(RandomQueries),12435,0,0.43,0,0.5
dpgan,ShadowModelling(RandomQueries),12435,1,0.43,0,0.5
dpgan,ShadowModelling(RandomQueries),12435,0,0.56,1,0.5
dpgan,ShadowModelling(RandomQueries),12435,1,0.62,1,0.5
dpgan,ShadowModelling(RandomQueries),12435,0,0.6,1,0.5
dpgan,ShadowModelling(RandomQueries),12435,1,0.46,0,0.5
dpgan,ShadowModelling(RandomQueries),12435,0,0.53,1,0.5
dpgan,ShadowModelling(RandomQueries),12435,1,0.39,0,0.5
dpgan,ShadowModelling(RandomQueries),12435,0,0.52,1,0.5
dpgan,ShadowModelling(RandomQueries),12435,1,0.54,1,0.5
dpgan,ShadowModelling(RandomQueries),12435,0,0.62,1,0.5
dpgan,ShadowModelling(RandomQueries),12435,1,0.61,1,0.5
dpgan,ShadowModelling(RandomQueries),12435,0,0.63,1,0.5
dpgan,ShadowModelling(RandomQueries),12435,1,0.39,0,0.5
dpgan,ShadowModelling(RandomQueries),12435,0,0.41,0,0.5
dpgan,ShadowModelling(RandomQueries),12435,1,0.67,1,0.5
dpgan,ShadowModelling(RandomQueries),12435,0,0.55,1,0.5
dpgan,ShadowModelling(RandomQueries),12435,1,0.5,0,0.5
dpgan,ShadowModelling(RandomQueries),12435,0,0.28,0,0.5
dpgan,ShadowModelling(RandomQueries),12435,1,0.4,0,0.5
dpgan,ShadowModelling(RandomQueries),12435,0,0.45,0,0.5
dpgan,ShadowModelling(RandomQueries),12435,1,0.65,1,0.5
dpgan,ShadowModelling(RandomQueries),12435,0,0.61,1,0.5
dpgan,ShadowModelling(RandomQueries),12435,1,0.53,1,0.5
dpgan,ShadowModelling(RandomQueries),12435,0,0.29,0,0.5
dpgan,ShadowModelling(RandomQueries),12435,1,0.69,1,0.5
dpgan,ShadowModelling(RandomQueries),12435,0,0.3,0,0.5
dpgan,ShadowModelling(RandomQueries),12435,1,0.55,1,0.5
dpgan,ShadowModelling(RandomQueries),12435,0,0.43,0,0.5
dpgan,ShadowModelling(RandomQueries),12435,1,0.46,0,0.5
dpgan,ShadowModelling(RandomQueries),12435,0,0.46,0,0.5
dpgan,ShadowModelling(RandomQueries),12435,1,0.46,0,0.5
dpgan,ShadowModelling(RandomQueries),12435,0,0.62,1,0.5
dpgan,ShadowModelling(RandomQueries),12435,1,0.61,1,0.5
dpgan,ShadowModelling(RandomQueries),12435,0,0.41,0,0.5
dpgan,ShadowModelling(RandomQueries),12435,1,0.31,0,0.5
dpgan,ShadowModelling(RandomQueries),12435,0,0.59,1,0.5
dpgan,ShadowModelling(RandomQueries),12435,1,0.69,1,0.5
dpgan,ShadowModelling(RandomQueries),12435,0,0.48,0,0.5
dpgan,ShadowModelling(RandomQueries),12435,1,0.33,0,0.5
dpgan,ShadowModelling(RandomQueries),12435,0,0.48,0,0.5
dpgan,ShadowModelling(RandomQueries),12435,1,0.68,1,0.5
dpgan,ShadowModelling(RandomQueries),12435,0,0.47,0,0.5
dpgan,ShadowModelling(RandomQueries),12435,1,0.56,1,0.5
dpgan,ShadowModelling(RandomQueries),12435,0,0.28,0,0.5
dpgan,ShadowModelling(RandomQueries),12435,1,0.57,1,0.5
dpgan,ShadowModelling(RandomQueries),12435,0,0.47,0,0.5
dpgan,ShadowModelling(RandomQueries),12435,1,0.51,1,0.5
dpgan,ShadowModelling(RandomQueries),12435,0,0.48,0,0.5
dpgan,ShadowModelling(RandomQueries),12435,1,0.25,0,0.5
dpgan,ShadowModelling(RandomQueries),12435,0,0.64,1,0.5
dpgan,ShadowModelling(RandomQueries),12435,1,0.44,0,0.5
dpgan,ShadowModelling(RandomQueries),12435,0,0.37,0,0.5
dpgan,ShadowModelling(RandomQueries),12435,1,0.65,1,0.5
dpgan,ShadowModelling(RandomQueries),12435,0,0.72,1,0.5
dpgan,ShadowModelling(RandomQueries),12435,1,0.58,1,0.5
dpgan,ShadowModelling(RandomQueries),12435,0,0.49,0,0.5
dpgan,ShadowModelling(RandomQueries),12435,1,0.51,1,0.5
dpgan,ShadowModelling(RandomQueries),12435,0,0.41,0,0.5
dpgan,ShadowModelling(RandomQueries),12435,1,0.68,1,0.5
dpgan,ShadowModelling(RandomQueries),12435,0,0.41,0,0.5
dpgan,ShadowModelling(RandomQueries),12435,1,0.5,0,0.5
dpgan,ShadowModelling(RandomQueries),12435,0,0.65,1,0.5
dpgan,ShadowModelling(RandomQueries),12435,1,0.56,1,0.5
dpgan,ShadowModelling(RandomQueries),12435,0,0.64,1,0.5
dpgan,ShadowModelling(RandomQueries),12435,1,0.54,1,0.5
dpgan,ShadowModelling(RandomQueries),12435,0,0.54,1,0.5
dpgan,ShadowModelling(RandomQueries),12435,1,0.69,1,0.5
dpgan,ShadowModelling(RandomQueries),12435,0,0.56,1,0.5
dpgan,ShadowModelling(RandomQueries),12435,1,0.64,1,0.5
dpgan,ShadowModelling(RandomQueries),12435,0,0.51,1,0.5
dpgan,ShadowModelling(RandomQueries),12435,1,0.28,0,0.5
dpgan,ShadowModelling(RandomQueries),12435,0,0.4,0,0.5
dpgan,ShadowModelling(RandomQueries),12435,1,0.69,1,0.5
dpgan,ShadowModelling(RandomQueries),12435,0,0.37,0,0.5
dpgan,ShadowModelling(RandomQueries),12435,1,0.54,1,0.5
dpgan,ShadowModelling(RandomQueries),12435,0,0.52,1,0.5
dpgan,ShadowModelling(RandomQueries),12435,1,0.56,1,0.5
dpgan,ShadowModelling(RandomQueries),12435,0,0.36,0,0.5
dpgan,ShadowModelling(RandomQueries),12435,1,0.57,1,0.5
dpgan,ShadowModelling(RandomQueries),12435,0,0.54,1,0.5
dpgan,ShadowModelling(RandomQueries),12435,1,0.4,0,0.5
dpgan,ShadowModelling(RandomQueries),12435,0,0.64,1,0.5
dpgan,ShadowModelling(RandomQueries),12435,1,0.45,0,0.5
dpgan,ShadowModelling(RandomQueries),12435,0,0.54,1,0.5
dpgan,ShadowModelling(RandomQueries),12435,1,0.53,1,0.5
dpgan,ShadowModelling(RandomQueries),12435,0,0.37,0,0.5
dpgan,ShadowModelling(RandomQueries),12435,1,0.52,1,0.5
dpgan,ShadowModelling(RandomQueries),12435,0,0.43,0,0.5
dpgan,ShadowModelling(RandomQueries),12435,1,0.51,1,0.5
dpgan,ShadowModelling(RandomQueries),12435,0,0.3,0,0.5
dpgan,ShadowModelling(RandomQueries),12435,1,0.51,1,0.5
dpgan,ShadowModelling(RandomQueries),12435,0,0.31,0,0.5
dpgan,ShadowModelling(RandomQueries),12435,1,0.49,0,0.5
dpgan,ShadowModelling(RandomQueries),12435,0,0.27,0,0.5
dpgan,ShadowModelling(RandomQueries),12435,1,0.34,0,0.5
dpgan,ShadowModelling(RandomQueries),12435,0,0.47,0,0.5
dpgan,ShadowModelling(RandomQueries),12435,1,0.75,1,0.5
dpgan,ShadowModelling(RandomQueries),12435,0,0.24,0,0.5
dpgan,ShadowModelling(RandomQueries),12435,1,0.59,1,0.5
dpgan,ShadowModelling(RandomQueries),12435,0,0.41,0,0.5
dpgan,ShadowModelling(RandomQueries),12435,1,0.52,1,0.5
dpgan,ShadowModelling(RandomQueries),12435,0,0.39,0,0.5
dpgan,ShadowModelling(RandomQueries),12435,1,0.41,0,0.5
dpgan,ShadowModelling(RandomQueries),12435,0,0.56,1,0.5
dpgan,ShadowModelling(RandomQueries),12435,1,0.47,0,0.5
dpgan,ShadowModelling(RandomQueries),12435,0,0.57,1,0.5
dpgan,ShadowModelling(RandomQueries),12435,1,0.66,1,0.5
dpgan,ShadowModelling(RandomQueries),12435,0,0.64,1,0.5
dpgan,ShadowModelling(RandomQueries),12435,1,0.42,0,0.5
dpgan,ShadowModelling(RandomQueries),12435,0,0.58,1,0.5
dpgan,ShadowModelling(RandomQueries),12435,1,0.46,0,0.5
dpgan,ShadowModelling(RandomQueries),12435,0,0.7,1,0.5
dpgan,ShadowModelling(RandomQueries),12435,1,0.64,1,0.5
dpgan,ShadowModelling(RandomQueries),12435,0,0.49,0,0.5
dpgan,ShadowModelling(RandomQueries),12435,1,0.49,0,0.5
dpgan,ShadowModelling(RandomQueries),12435,0,0.52,1,0.5
dpgan,ShadowModelling(RandomQueries),12435,1,0.48,0,0.5
dpgan,ShadowModelling(RandomQueries),12435,0,0.38,0,0.5
dpgan,ShadowModelling(RandomQueries),12435,1,0.43,0,0.5
dpgan,ShadowModelling(RandomQueries),12435,0,0.37,0,0.5
dpgan,ShadowModelling(RandomQueries),12435,1,0.58,1,0.5
dpgan,ShadowModelling(RandomQueries),12435,0,0.53,1,0.5
dpgan,ShadowModelling(RandomQueries),12435,1,0.58,1,0.5
dpgan,ShadowModelling(RandomQueries),12435,0,0.34,0,0.5
dpgan,ShadowModelling(RandomQueries),12435,1,0.4,0,0.5
dpgan,ShadowModelling(RandomQueries),12435,0,0.56,1,0.5
dpgan,ShadowModelling(RandomQueries),12435,1,0.41,0,0.5
dpgan,ShadowModelling(RandomQueries),12435,0,0.56,1,0.5
dpgan,ShadowModelling(RandomQueries),12435,1,0.62,1,0.5
dpgan,ShadowModelling(RandomQueries),12435,0,0.46,0,0.5
dpgan,ShadowModelling(RandomQueries),12435,1,0.42,0,0.5
dpgan,ShadowModelling(RandomQueries),12435,0,0.3,0,0.5
dpgan,ShadowModelling(RandomQueries),12435,1,0.38,0,0.5
dpgan,ShadowModelling(RandomQueries),12435,0,0.57,1,0.5
dpgan,ShadowModelling(RandomQueries),12435,1,0.41,0,0.5
dpgan,ShadowModelling(RandomQueries),12435,0,0.53,1,0.5
dpgan,ShadowModelling(RandomQueries),12435,1,0.53,1,0.5
dpgan,ShadowModelling(RandomQueries),12435,0,0.43,0,0.5
dpgan,ShadowModelling(RandomQueries),12435,1,0.5,0,0.5
dpgan,ShadowModelling(RandomQueries),12435,0,0.19,0,0.5
dpgan,ShadowModelling(RandomQueries),12435,1,0.58,1,0.5
dpgan,ShadowModelling(RandomQueries),12435,0,0.58,1,0.5
dpgan,ShadowModelling(RandomQueries),12435,1,0.47,0,0.5
dpgan,ShadowModelling(RandomQueries),12435,0,0.48,0,0.5
dpgan,ShadowModelling(RandomQueries),12435,1,0.52,1,0.5
dpgan,ShadowModelling(RandomQueries),12435,0,0.65,1,0.5
dpgan,ShadowModelling(RandomQueries),12435,1,0.7,1,0.5
dpgan,ShadowModelling(RandomQueries),12435,0,0.55,1,0.5
dpgan,ShadowModelling(RandomQueries),12435,1,0.49,0,0.5
dpgan,ShadowModelling(RandomQueries),12435,0,0.74,1,0.5
dpgan,ShadowModelling(RandomQueries),12435,1,0.73,1,0.5
dpgan,ShadowModelling(RandomQueries),12435,0,0.64,1,0.5
dpgan,ShadowModelling(RandomQueries),12435,1,0.48,0,0.5
dpgan,ShadowModelling(RandomQueries),12435,0,0.63,1,0.5
dpgan,ShadowModelling(RandomQueries),12435,1,0.3,0,0.5
dpgan,ShadowModelling(RandomQueries),12435,0,0.49,0,0.5
dpgan,ShadowModelling(RandomQueries),12435,1,0.51,1,0.5
dpgan,ShadowModelling(RandomQueries),12435,0,0.24,0,0.5
dpgan,ShadowModelling(RandomQueries),12435,1,0.57,1,0.5
dpgan,ShadowModelling(RandomQueries),12435,0,0.67,1,0.5
dpgan,ShadowModelling(RandomQueries),12435,1,0.46,0,0.5
dpgan,ShadowModelling(RandomQueries),12435,0,0.61,1,0.5
dpgan,ShadowModelling(RandomQueries),12435,1,0.45,0,0.5
dpgan,ShadowModelling(RandomQueries),12435,0,0.5,0,0.5
dpgan,ShadowModelling(RandomQueries),12435,1,0.48,0,0.5
dpgan,ShadowModelling(RandomQueries),12435,0,0.43,0,0.5
dpgan,ShadowModelling(RandomQueries),12435,1,0.43,0,0.5
dpgan,ShadowModelling(RandomQueries),12435,0,0.54,1,0.5
dpgan,ShadowModelling(RandomQueries),12435,1,0.36,0,0.5
dpgan,ShadowModelling(RandomQueries),12435,0,0.31,0,0.5
dpgan,ShadowModelling(RandomQueries),12435,1,0.52,1,0.5
dpgan,ShadowModelling(RandomQueries),12435,0,0.53,1,0.5
dpgan,ShadowModelling(RandomQueries),12435,1,0.51,1,0.5
dpgan,ShadowModelling(RandomQueries),12435,0,0.54,1,0.5
dpgan,ShadowModelling(RandomQueries),12435,1,0.67,1,0.5
dpgan,ShadowModelling(RandomQueries),12435,0,0.36,0,0.5
dpgan,ShadowModelling(RandomQueries),12435,1,0.64,1,0.5
dpgan,ShadowModelling(RandomQueries),12435,0,0.54,1,0.5
dpgan,ShadowModelling(RandomQueries),12435,1,0.54,1,0.5
dpgan,ShadowModelling(RandomQueries),12435,0,0.61,1,0.5
dpgan,ShadowModelling(RandomQueries),12435,1,0.59,1,0.5
dpgan,ShadowModelling(RandomQueries),12435,0,0.36,0,0.5
dpgan,ShadowModelling(RandomQueries),12435,1,0.46,0,0.5
dpgan,ShadowModelling(RandomQueries),12435,0,0.46,0,0.5
dpgan,ShadowModelling(RandomQueries),12435,1,0.55,1,0.5
dpgan,ShadowModelling(RandomQueries),12435,0,0.43,0,0.5
dpgan,ShadowModelling(RandomQueries),12435,1,0.42,0,0.5
dpgan,ShadowModelling(RandomQueries),12435,0,0.47,0,0.5
dpgan,ShadowModelling(RandomQueries),12435,1,0.42,0,0.5
dpgan,ShadowModelling(RandomQueries),12435,0,0.42,0,0.5
dpgan,ShadowModelling(RandomQueries),12435,1,0.49,0,0.5
dpgan,ShadowModelling(RandomQueries),12435,0,0.25,0,0.5
dpgan,ShadowModelling(RandomQueries),12435,1,0.35,0,0.5
dpgan,ShadowModelling(RandomQueries),12435,0,0.62,1,0.5
dpgan,ShadowModelling(RandomQueries),12435,1,0.4,0,0.5
dpgan,ShadowModelling(RandomQueries),12435,0,0.54,1,0.5
dpgan,ShadowModelling(RandomQueries),12435,1,0.61,1,0.5
dpgan,ShadowModelling(RandomQueries),12435,0,0.63,1,0.5
dpgan,ShadowModelling(RandomQueries),12435,1,0.47,0,0.5
dpgan,ShadowModelling(RandomQueries),12435,0,0.25,0,0.5
dpgan,ShadowModelling(RandomQueries),12435,1,0.54,1,0.5
dpgan,ShadowModelling(RandomQueries),12435,0,0.61,1,0.5
dpgan,ShadowModelling(RandomQueries),12435,1,0.47,0,0.5
dpgan,ShadowModelling(RandomQueries),12435,0,0.29,0,0.5
dpgan,ShadowModelling(RandomQueries),12435,1,0.44,0,0.5
dpgan,ShadowModelling(RandomQueries),12435,0,0.52,1,0.5
dpgan,ShadowModelling(RandomQueries),12435,1,0.6,1,0.5
dpgan,ShadowModelling(RandomQueries),12435,0,0.59,1,0.5
dpgan,ShadowModelling(RandomQueries),12435,1,0.61,1,0.5
dpgan,ShadowModelling(RandomQueries),12435,0,0.38,0,0.5
dpgan,ShadowModelling(RandomQueries),12435,1,0.55,1,0.5
dpgan,ShadowModelling(RandomQueries),12435,0,0.43,0,0.5
dpgan,ShadowModelling(RandomQueries),12435,1,0.45,0,0.5
dpgan,ShadowModelling(RandomQueries),12435,0,0.47,0,0.5
dpgan,ShadowModelling(RandomQueries),12435,1,0.58,1,0.5
dpgan,ShadowModelling(RandomQueries),12435,0,0.57,1,0.5
dpgan,ShadowModelling(RandomQueries),12435,1,0.53,1,0.5
dpgan,ShadowModelling(RandomQueries),12435,0,0.6,1,0.5
dpgan,ShadowModelling(RandomQueries),12435,1,0.48,0,0.5
dpgan,ShadowModelling(RandomQueries),12435,0,0.49,0,0.5
dpgan,ShadowModelling(RandomQueries),12435,1,0.35,0,0.5
dpgan,ShadowModelling(RandomQueries),12435,0,0.28,0,0.5
dpgan,ShadowModelling(RandomQueries),12435,1,0.42,0,0.5
dpgan,ShadowModelling(RandomQueries),12435,0,0.51,1,0.5
dpgan,ShadowModelling(RandomQueries),12435,1,0.65,1,0.5
dpgan,ShadowModelling(RandomQueries),12435,0,0.63,1,0.5
dpgan,ShadowModelling(RandomQueries),12435,1,0.57,1,0.5
dpgan,ShadowModelling(RandomQueries),12435,0,0.65,1,0.5
dpgan,ShadowModelling(RandomQueries),12435,1,0.51,1,0.5
dpgan,ShadowModelling(RandomQueries),12435,0,0.37,0,0.5
dpgan,ShadowModelling(RandomQueries),12435,1,0.58,1,0.5
dpgan,ShadowModelling(RandomQueries),12435,0,0.5,0,0.5
dpgan,ShadowModelling(RandomQueries),12435,1,0.46,0,0.5
dpgan,ShadowModelling(RandomQueries),12435,0,0.36,0,0.5
dpgan,ShadowModelling(RandomQueries),12435,1,0.68,1,0.5
dpgan,ShadowModelling(RandomQueries),12435,0,0.46,0,0.5
dpgan,ShadowModelling(RandomQueries),12435,1,0.61,1,0.5
dpgan,ShadowModelling(RandomQueries),12435,0,0.48,0,0.5
dpgan,ShadowModelling(RandomQueries),12435,1,0.71,1,0.5
dpgan,ShadowModelling(RandomQueries),12435,0,0.52,1,0.5
dpgan,ShadowModelling(RandomQueries),12435,1,0.7,1,0.5
dpgan,ShadowModelling(RandomQueries),12435,0,0.59,1,0.5
dpgan,ShadowModelling(RandomQueries),12435,1,0.51,1,0.5
dpgan,ShadowModelling(RandomQueries),12435,0,0.44,0,0.5
dpgan,ShadowModelling(RandomQueries),12435,1,0.66,1,0.5
dpgan,ShadowModelling(RandomQueries),12435,0,0.47,0,0.5
dpgan,ShadowModelling(RandomQueries),12435,1,0.75,1,0.5
dpgan,ShadowModelling(RandomQueries),12435,0,0.5,0,0.5
dpgan,ShadowModelling(RandomQueries),12435,1,0.43,0,0.5
dpgan,ShadowModelling(RandomQueries),12435,0,0.42,0,0.5
dpgan,ShadowModelling(RandomQueries),12435,1,0.65,1,0.5
dpgan,ShadowModelling(RandomQueries),12435,0,0.42,0,0.5
dpgan,ShadowModelling(RandomQueries),12435,1,0.46,0,0.5
dpgan,ShadowModelling(RandomQueries),12435,0,0.36,0,0.5
dpgan,ShadowModelling(RandomQueries),12435,1,0.59,1,0.5
dpgan,ShadowModelling(RandomQueries),12435,0,0.47,0,0.5
dpgan,ShadowModelling(RandomQueries),12435,1,0.6,1,0.5
dpgan,ShadowModelling(RandomQueries),12435,0,0.35,0,0.5
dpgan,ShadowModelling(RandomQueries),12435,1,0.52,1,0.5
dpgan,ShadowModelling(RandomQueries),12435,0,0.49,0,0.5
dpgan,ShadowModelling(RandomQueries),12435,1,0.5,0,0.5
dpgan,ShadowModelling(RandomQueries),12435,0,0.49,0,0.5
dpgan,ShadowModelling(RandomQueries),12435,1,0.62,1,0.5
dpgan,ShadowModelling(RandomQueries),12435,0,0.56,1,0.5
dpgan,ShadowModelling(RandomQueries),12435,1,0.7,1,0.5
dpgan,ShadowModelling(RandomQueries),12435,0,0.41,0,0.5
dpgan,ShadowModelling(RandomQueries),12435,1,0.52,1,0.5
dpgan,ShadowModelling(RandomQueries),12435,0,0.32,0,0.5
dpgan,ShadowModelling(RandomQueries),12435,1,0.81,1,0.5
dpgan,ShadowModelling(RandomQueries),12435,0,0.48,0,0.5
dpgan,ShadowModelling(RandomQueries),12435,1,0.59,1,0.5
dpgan,ShadowModelling(RandomQueries),12435,0,0.56,1,0.5
dpgan,ShadowModelling(RandomQueries),12435,1,0.66,1,0.5
dpgan,ShadowModelling(RandomQueries),12435,0,0.58,1,0.5
dpgan,ShadowModelling(RandomQueries),12435,1,0.46,0,0.5
dpgan,ShadowModelling(RandomQueries),12435,0,0.57,1,0.5
dpgan,ShadowModelling(RandomQueries),12435,1,0.43,0,0.5
dpgan,ShadowModelling(RandomQueries),12435,0,0.33,0,0.5
dpgan,ShadowModelling(RandomQueries),12435,1,0.56,1,0.5
dpgan,ShadowModelling(RandomQueries),12435,0,0.38,0,0.5
dpgan,ShadowModelling(RandomQueries),12435,1,0.68,1,0.5
dpgan,ShadowModelling(RandomQueries),12435,0,0.51,1,0.5
dpgan,ShadowModelling(RandomQueries),12435,1,0.54,1,0.5
dpgan,ShadowModelling(RandomQueries),12435,0,0.41,0,0.5
dpgan,ShadowModelling(RandomQueries),12435,1,0.58,1,0.5
dpgan,ShadowModelling(RandomQueries),12435,0,0.4,0,0.5
dpgan,ShadowModelling(RandomQueries),12435,1,0.54,1,0.5
dpgan,ShadowModelling(RandomQueries),12435,0,0.42,0,0.5
dpgan,ShadowModelling(RandomQueries),12435,1,0.32,0,0.5
dpgan,ShadowModelling(RandomQueries),12435,0,0.56,1,0.5
dpgan,ShadowModelling(RandomQueries),12435,1,0.55,1,0.5
dpgan,ShadowModelling(RandomQueries),12435,0,0.54,1,0.5
dpgan,ShadowModelling(RandomQueries),12435,1,0.44,0,0.5
dpgan,ShadowModelling(RandomQueries),12435,0,0.52,1,0.5
dpgan,ShadowModelling(RandomQueries),12435,1,0.25,0,0.5
dpgan,ShadowModelling(RandomQueries),12435,0,0.34,0,0.5
dpgan,ShadowModelling(RandomQueries),12435,1,0.47,0,0.5
dpgan,ShadowModelling(RandomQueries),12435,0,0.38,0,0.5
dpgan,ShadowModelling(RandomQueries),12435,1,0.44,0,0.5
dpgan,ShadowModelling(RandomQueries),12435,0,0.4,0,0.5
dpgan,ShadowModelling(RandomQueries),12435,1,0.6,1,0.5
dpgan,ShadowModelling(RandomQueries),12435,0,0.63,1,0.5
dpgan,"LocalNeighbourhood(L_2, 0.250411558405805, accuracy)",12435,1,0.0,0,inf
dpgan,"LocalNeighbourhood(L_2, 0.250411558405805, accuracy)",12435,0,0.0,0,inf
dpgan,"LocalNeighbourhood(L_2, 0.250411558405805, accuracy)",12435,1,0.0,0,inf
dpgan,"LocalNeighbourhood(L_2, 0.250411558405805, accuracy)",12435,0,0.0,0,inf
dpgan,"LocalNeighbourhood(L_2, 0.250411558405805, accuracy)",12435,1,0.0,0,inf
dpgan,"LocalNeighbourhood(L_2, 0.250411558405805, accuracy)",12435,0,0.0,0,inf
dpgan,"LocalNeighbourhood(L_2, 0.250411558405805, accuracy)",12435,1,0.0,0,inf
dpgan,"LocalNeighbourhood(L_2, 0.250411558405805, accuracy)",12435,0,0.0,0,inf
dpgan,"LocalNeighbourhood(L_2, 0.250411558405805, accuracy)",12435,1,0.0,0,inf
dpgan,"LocalNeighbourhood(L_2, 0.250411558405805, accuracy)",12435,0,0.0,0,inf
dpgan,"LocalNeighbourhood(L_2, 0.250411558405805, accuracy)",12435,1,0.0,0,inf
dpgan,"LocalNeighbourhood(L_2, 0.250411558405805, accuracy)",12435,0,0.0,0,inf
dpgan,"LocalNeighbourhood(L_2, 0.250411558405805, accuracy)",12435,1,0.0,0,inf
dpgan,"LocalNeighbourhood(L_2, 0.250411558405805, accuracy)",12435,0,0.0,0,inf
dpgan,"LocalNeighbourhood(L_2, 0.250411558405805, accuracy)",12435,1,0.0,0,inf
dpgan,"LocalNeighbourhood(L_2, 0.250411558405805, accuracy)",12435,0,0.0,0,inf
dpgan,"LocalNeighbourhood(L_2, 0.250411558405805, accuracy)",12435,1,0.0,0,inf
dpgan,"LocalNeighbourhood(L_2, 0.250411558405805, accuracy)",12435,0,0.0,0,inf
dpgan,"LocalNeighbourhood(L_2, 0.250411558405805, accuracy)",12435,1,0.0,0,inf
dpgan,"LocalNeighbourhood(L_2, 0.250411558405805, accuracy)",12435,0,0.0,0,inf
dpgan,"LocalNeighbourhood(L_2, 0.250411558405805, accuracy)",12435,1,0.0,0,inf
dpgan,"LocalNeighbourhood(L_2, 0.250411558405805, accuracy)",12435,0,0.0,0,inf
dpgan,"LocalNeighbourhood(L_2, 0.250411558405805, accuracy)",12435,1,0.0,0,inf
dpgan,"LocalNeighbourhood(L_2, 0.250411558405805, accuracy)",12435,0,0.0,0,inf
dpgan,"LocalNeighbourhood(L_2, 0.250411558405805, accuracy)",12435,1,0.0,0,inf
dpgan,"LocalNeighbourhood(L_2, 0.250411558405805, accuracy)",12435,0,0.0,0,inf
dpgan,"LocalNeighbourhood(L_2, 0.250411558405805, accuracy)",12435,1,0.0,0,inf
dpgan,"LocalNeighbourhood(L_2, 0.250411558405805, accuracy)",12435,0,0.0,0,inf
dpgan,"LocalNeighbourhood(L_2, 0.250411558405805, accuracy)",12435,1,0.0,0,inf
dpgan,"LocalNeighbourhood(L_2, 0.250411558405805, accuracy)",12435,0,0.0,0,inf
dpgan,"LocalNeighbourhood(L_2, 0.250411558405805, accuracy)",12435,1,0.0,0,inf
dpgan,"LocalNeighbourhood(L_2, 0.250411558405805, accuracy)",12435,0,0.0,0,inf
dpgan,"LocalNeighbourhood(L_2, 0.250411558405805, accuracy)",12435,1,0.0,0,inf
dpgan,"LocalNeighbourhood(L_2, 0.250411558405805, accuracy)",12435,0,0.0,0,inf
dpgan,"LocalNeighbourhood(L_2, 0.250411558405805, accuracy)",12435,1,0.0,0,inf
dpgan,"LocalNeighbourhood(L_2, 0.250411558405805, accuracy)",12435,0,0.0,0,inf
dpgan,"LocalNeighbourhood(L_2, 0.250411558405805, accuracy)",12435,1,0.0,0,inf
dpgan,"LocalNeighbourhood(L_2, 0.250411558405805, accuracy)",12435,0,0.0,0,inf
dpgan,"LocalNeighbourhood(L_2, 0.250411558405805, accuracy)",12435,1,0.0,0,inf
dpgan,"LocalNeighbourhood(L_2, 0.250411558405805, accuracy)",12435,0,0.0,0,inf
dpgan,"LocalNeighbourhood(L_2, 0.250411558405805, accuracy)",12435,1,0.0,0,inf
dpgan,"LocalNeighbourhood(L_2, 0.250411558405805, accuracy)",12435,0,0.0,0,inf
dpgan,"LocalNeighbourhood(L_2, 0.250411558405805, accuracy)",12435,1,0.0,0,inf
dpgan,"LocalNeighbourhood(L_2, 0.250411558405805, accuracy)",12435,0,0.0,0,inf
dpgan,"LocalNeighbourhood(L_2, 0.250411558405805, accuracy)",12435,1,0.0,0,inf
dpgan,"LocalNeighbourhood(L_2, 0.250411558405805, accuracy)",12435,0,0.0,0,inf
dpgan,"LocalNeighbourhood(L_2, 0.250411558405805, accuracy)",12435,1,0.0,0,inf
dpgan,"LocalNeighbourhood(L_2, 0.250411558405805, accuracy)",12435,0,0.0,0,inf
dpgan,"LocalNeighbourhood(L_2, 0.250411558405805, accuracy)",12435,1,0.0,0,inf
dpgan,"LocalNeighbourhood(L_2, 0.250411558405805, accuracy)",12435,0,0.0,0,inf
dpgan,"LocalNeighbourhood(L_2, 0.250411558405805, accuracy)",12435,1,0.0,0,inf
dpgan,"LocalNeighbourhood(L_2, 0.250411558405805, accuracy)",12435,0,0.0,0,inf
dpgan,"LocalNeighbourhood(L_2, 0.250411558405805, accuracy)",12435,1,0.0,0,inf
dpgan,"LocalNeighbourhood(L_2, 0.250411558405805, accuracy)",12435,0,0.0,0,inf
dpgan,"LocalNeighbourhood(L_2, 0.250411558405805, accuracy)",12435,1,0.0,0,inf
dpgan,"LocalNeighbourhood(L_2, 0.250411558405805, accuracy)",12435,0,0.0,0,inf
dpgan,"LocalNeighbourhood(L_2, 0.250411558405805, accuracy)",12435,1,0.0,0,inf
dpgan,"LocalNeighbourhood(L_2, 0.250411558405805, accuracy)",12435,0,0.0,0,inf
dpgan,"LocalNeighbourhood(L_2, 0.250411558405805, accuracy)",12435,1,0.0,0,inf
dpgan,"LocalNeighbourhood(L_2, 0.250411558405805, accuracy)",12435,0,0.0,0,inf
dpgan,"LocalNeighbourhood(L_2, 0.250411558405805, accuracy)",12435,1,0.0,0,inf
dpgan,"LocalNeighbourhood(L_2, 0.250411558405805, accuracy)",12435,0,0.0,0,inf
dpgan,"LocalNeighbourhood(L_2, 0.250411558405805, accuracy)",12435,1,0.0,0,inf
dpgan,"LocalNeighbourhood(L_2, 0.250411558405805, accuracy)",12435,0,0.0,0,inf
dpgan,"LocalNeighbourhood(L_2, 0.250411558405805, accuracy)",12435,1,0.0,0,inf
dpgan,"LocalNeighbourhood(L_2, 0.250411558405805, accuracy)",12435,0,0.0,0,inf
dpgan,"LocalNeighbourhood(L_2, 0.250411558405805, accuracy)",12435,1,0.0,0,inf
dpgan,"LocalNeighbourhood(L_2, 0.250411558405805, accuracy)",12435,0,0.0,0,inf
dpgan,"LocalNeighbourhood(L_2, 0.250411558405805, accuracy)",12435,1,0.0,0,inf
dpgan,"LocalNeighbourhood(L_2, 0.250411558405805, accuracy)",12435,0,0.0,0,inf
dpgan,"LocalNeighbourhood(L_2, 0.250411558405805, accuracy)",12435,1,0.0,0,inf
dpgan,"LocalNeighbourhood(L_2, 0.250411558405805, accuracy)",12435,0,0.0,0,inf
dpgan,"LocalNeighbourhood(L_2, 0.250411558405805, accuracy)",12435,1,0.0,0,inf
dpgan,"LocalNeighbourhood(L_2, 0.250411558405805, accuracy)",12435,0,0.0,0,inf
dpgan,"LocalNeighbourhood(L_2, 0.250411558405805, accuracy)",12435,1,0.0,0,inf
dpgan,"LocalNeighbourhood(L_2, 0.250411558405805, accuracy)",12435,0,0.0,0,inf
dpgan,"LocalNeighbourhood(L_2, 0.250411558405805, accuracy)",12435,1,0.0,0,inf
dpgan,"LocalNeighbourhood(L_2, 0.250411558405805, accuracy)",12435,0,0.0,0,inf
dpgan,"LocalNeighbourhood(L_2, 0.250411558405805, accuracy)",12435,1,0.0,0,inf
dpgan,"LocalNeighbourhood(L_2, 0.250411558405805, accuracy)",12435,0,0.0,0,inf
dpgan,"LocalNeighbourhood(L_2, 0.250411558405805, accuracy)",12435,1,0.0,0,inf
dpgan,"LocalNeighbourhood(L_2, 0.250411558405805, accuracy)",12435,0,0.0,0,inf
dpgan,"LocalNeighbourhood(L_2, 0.250411558405805, accuracy)",12435,1,0.0,0,inf
dpgan,"LocalNeighbourhood(L_2, 0.250411558405805, accuracy)",12435,0,0.0,0,inf
dpgan,"LocalNeighbourhood(L_2, 0.250411558405805, accuracy)",12435,1,0.0,0,inf
dpgan,"LocalNeighbourhood(L_2, 0.250411558405805, accuracy)",12435,0,0.0,0,inf
dpgan,"LocalNeighbourhood(L_2, 0.250411558405805, accuracy)",12435,1,0.0,0,inf
dpgan,"LocalNeighbourhood(L_2, 0.250411558405805, accuracy)",12435,0,0.0,0,inf
dpgan,"LocalNeighbourhood(L_2, 0.250411558405805, accuracy)",12435,1,0.0,0,inf
dpgan,"LocalNeighbourhood(L_2, 0.250411558405805, accuracy)",12435,0,0.0,0,inf
dpgan,"LocalNeighbourhood(L_2, 0.250411558405805, accuracy)",12435,1,0.0,0,inf
dpgan,"LocalNeighbourhood(L_2, 0.250411558405805, accuracy)",12435,0,0.0,0,inf
dpgan,"LocalNeighbourhood(L_2, 0.250411558405805, accuracy)",12435,1,0.0,0,inf
dpgan,"LocalNeighbourhood(L_2, 0.250411558405805, accuracy)",12435,0,0.0,0,inf
dpgan,"LocalNeighbourhood(L_2, 0.250411558405805, accuracy)",12435,1,0.0,0,inf
dpgan,"LocalNeighbourhood(L_2, 0.250411558405805, accuracy)",12435,0,0.0,0,inf
dpgan,"LocalNeighbourhood(L_2, 0.250411558405805, accuracy)",12435,1,0.0,0,inf
dpgan,"LocalNeighbourhood(L_2, 0.250411558405805, accuracy)",12435,0,0.0,0,inf
dpgan,"LocalNeighbourhood(L_2, 0.250411558405805, accuracy)",12435,1,0.0,0,inf
dpgan,"LocalNeighbourhood(L_2, 0.250411558405805, accuracy)",12435,0,0.0,0,inf
dpgan,"LocalNeighbourhood(L_2, 0.250411558405805, accuracy)",12435,1,0.0,0,inf
dpgan,"LocalNeighbourhood(L_2, 0.250411558405805, accuracy)",12435,0,0.0,0,inf
dpgan,"LocalNeighbourhood(L_2, 0.250411558405805, accuracy)",12435,1,0.0,0,inf
dpgan,"LocalNeighbourhood(L_2, 0.250411558405805, accuracy)",12435,0,0.0,0,inf
dpgan,"LocalNeighbourhood(L_2, 0.250411558405805, accuracy)",12435,1,0.0,0,inf
dpgan,"LocalNeighbourhood(L_2, 0.250411558405805, accuracy)",12435,0,0.0,0,inf
dpgan,"LocalNeighbourhood(L_2, 0.250411558405805, accuracy)",12435,1,0.0,0,inf
dpgan,"LocalNeighbourhood(L_2, 0.250411558405805, accuracy)",12435,0,0.0,0,inf
dpgan,"LocalNeighbourhood(L_2, 0.250411558405805, accuracy)",12435,1,0.0,0,inf
dpgan,"LocalNeighbourhood(L_2, 0.250411558405805, accuracy)",12435,0,0.0,0,inf
dpgan,"LocalNeighbourhood(L_2, 0.250411558405805, accuracy)",12435,1,0.0,0,inf
dpgan,"LocalNeighbourhood(L_2, 0.250411558405805, accuracy)",12435,0,0.0,0,inf
dpgan,"LocalNeighbourhood(L_2, 0.250411558405805, accuracy)",12435,1,0.0,0,inf
dpgan,"LocalNeighbourhood(L_2, 0.250411558405805, accuracy)",12435,0,0.0,0,inf
dpgan,"LocalNeighbourhood(L_2, 0.250411558405805, accuracy)",12435,1,0.0,0,inf
dpgan,"LocalNeighbourhood(L_2, 0.250411558405805, accuracy)",12435,0,0.0,0,inf
dpgan,"LocalNeighbourhood(L_2, 0.250411558405805, accuracy)",12435,1,0.0,0,inf
dpgan,"LocalNeighbourhood(L_2, 0.250411558405805, accuracy)",12435,0,0.0,0,inf
dpgan,"LocalNeighbourhood(L_2, 0.250411558405805, accuracy)",12435,1,0.0,0,inf
dpgan,"LocalNeighbourhood(L_2, 0.250411558405805, accuracy)",12435,0,0.0,0,inf
dpgan,"LocalNeighbourhood(L_2, 0.250411558405805, accuracy)",12435,1,0.0,0,inf
dpgan,"LocalNeighbourhood(L_2, 0.250411558405805, accuracy)",12435,0,0.0,0,inf
dpgan,"LocalNeighbourhood(L_2, 0.250411558405805, accuracy)",12435,1,0.0,0,inf
dpgan,"LocalNeighbourhood(L_2, 0.250411558405805, accuracy)",12435,0,0.0,0,inf
dpgan,"LocalNeighbourhood(L_2, 0.250411558405805, accuracy)",12435,1,0.0,0,inf
dpgan,"LocalNeighbourhood(L_2, 0.250411558405805, accuracy)",12435,0,0.0,0,inf
dpgan,"LocalNeighbourhood(L_2, 0.250411558405805, accuracy)",12435,1,0.0,0,inf
dpgan,"LocalNeighbourhood(L_2, 0.250411558405805, accuracy)",12435,0,0.0,0,inf
dpgan,"LocalNeighbourhood(L_2, 0.250411558405805, accuracy)",12435,1,0.0,0,inf
dpgan,"LocalNeighbourhood(L_2, 0.250411558405805, accuracy)",12435,0,0.0,0,inf
dpgan,"LocalNeighbourhood(L_2, 0.250411558405805, accuracy)",12435,1,0.0,0,inf
dpgan,"LocalNeighbourhood(L_2, 0.250411558405805, accuracy)",12435,0,0.0,0,inf
dpgan,"LocalNeighbourhood(L_2, 0.250411558405805, accuracy)",12435,1,0.0,0,inf
dpgan,"LocalNeighbourhood(L_2, 0.250411558405805, accuracy)",12435,0,0.0,0,inf
dpgan,"LocalNeighbourhood(L_2, 0.250411558405805, accuracy)",12435,1,0.0,0,inf
dpgan,"LocalNeighbourhood(L_2, 0.250411558405805, accuracy)",12435,0,0.0,0,inf
dpgan,"LocalNeighbourhood(L_2, 0.250411558405805, accuracy)",12435,1,0.0,0,inf
dpgan,"LocalNeighbourhood(L_2, 0.250411558405805, accuracy)",12435,0,0.0,0,inf
dpgan,"LocalNeighbourhood(L_2, 0.250411558405805, accuracy)",12435,1,0.0,0,inf
dpgan,"LocalNeighbourhood(L_2, 0.250411558405805, accuracy)",12435,0,0.0,0,inf
dpgan,"LocalNeighbourhood(L_2, 0.250411558405805, accuracy)",12435,1,0.0,0,inf
dpgan,"LocalNeighbourhood(L_2, 0.250411558405805, accuracy)",12435,0,0.0,0,inf
dpgan,"LocalNeighbourhood(L_2, 0.250411558405805, accuracy)",12435,1,0.0,0,inf
dpgan,"LocalNeighbourhood(L_2, 0.250411558405805, accuracy)",12435,0,0.0,0,inf
dpgan,"LocalNeighbourhood(L_2, 0.250411558405805, accuracy)",12435,1,0.0,0,inf
dpgan,"LocalNeighbourhood(L_2, 0.250411558405805, accuracy)",12435,0,0.0,0,inf
dpgan,"LocalNeighbourhood(L_2, 0.250411558405805, accuracy)",12435,1,0.0,0,inf
dpgan,"LocalNeighbourhood(L_2, 0.250411558405805, accuracy)",12435,0,0.0,0,inf
dpgan,"LocalNeighbourhood(L_2, 0.250411558405805, accuracy)",12435,1,0.0,0,inf
dpgan,"LocalNeighbourhood(L_2, 0.250411558405805, accuracy)",12435,0,0.0,0,inf
dpgan,"LocalNeighbourhood(L_2, 0.250411558405805, accuracy)",12435,1,0.0,0,inf
dpgan,"LocalNeighbourhood(L_2, 0.250411558405805, accuracy)",12435,0,0.0,0,inf
dpgan,"LocalNeighbourhood(L_2, 0.250411558405805, accuracy)",12435,1,0.0,0,inf
dpgan,"LocalNeighbourhood(L_2, 0.250411558405805, accuracy)",12435,0,0.0,0,inf
dpgan,"LocalNeighbourhood(L_2, 0.250411558405805, accuracy)",12435,1,0.0,0,inf
dpgan,"LocalNeighbourhood(L_2, 0.250411558405805, accuracy)",12435,0,0.0,0,inf
dpgan,"LocalNeighbourhood(L_2, 0.250411558405805, accuracy)",12435,1,0.0,0,inf
dpgan,"LocalNeighbourhood(L_2, 0.250411558405805, accuracy)",12435,0,0.0,0,inf
dpgan,"LocalNeighbourhood(L_2, 0.250411558405805, accuracy)",12435,1,0.0,0,inf
dpgan,"LocalNeighbourhood(L_2, 0.250411558405805, accuracy)",12435,0,0.0,0,inf
dpgan,"LocalNeighbourhood(L_2, 0.250411558405805, accuracy)",12435,1,0.0,0,inf
dpgan,"LocalNeighbourhood(L_2, 0.250411558405805, accuracy)",12435,0,0.0,0,inf
dpgan,"LocalNeighbourhood(L_2, 0.250411558405805, accuracy)",12435,1,0.0,0,inf
dpgan,"LocalNeighbourhood(L_2, 0.250411558405805, accuracy)",12435,0,0.0,0,inf
dpgan,"LocalNeighbourhood(L_2, 0.250411558405805, accuracy)",12435,1,0.0,0,inf
dpgan,"LocalNeighbourhood(L_2, 0.250411558405805, accuracy)",12435,0,0.0,0,inf
dpgan,"LocalNeighbourhood(L_2, 0.250411558405805, accuracy)",12435,1,0.0,0,inf
dpgan,"LocalNeighbourhood(L_2, 0.250411558405805, accuracy)",12435,0,0.0,0,inf
dpgan,"LocalNeighbourhood(L_2, 0.250411558405805, accuracy)",12435,1,0.0,0,inf
dpgan,"LocalNeighbourhood(L_2, 0.250411558405805, accuracy)",12435,0,0.0,0,inf
dpgan,"LocalNeighbourhood(L_2, 0.250411558405805, accuracy)",12435,1,0.0,0,inf
dpgan,"LocalNeighbourhood(L_2, 0.250411558405805, accuracy)",12435,0,0.0,0,inf
dpgan,"LocalNeighbourhood(L_2, 0.250411558405805, accuracy)",12435,1,0.0,0,inf
dpgan,"LocalNeighbourhood(L_2, 0.250411558405805, accuracy)",12435,0,0.0,0,inf
dpgan,"LocalNeighbourhood(L_2, 0.250411558405805, accuracy)",12435,1,0.0,0,inf
dpgan,"LocalNeighbourhood(L_2, 0.250411558405805, accuracy)",12435,0,0.0,0,inf
dpgan,"LocalNeighbourhood(L_2, 0.250411558405805, accuracy)",12435,1,0.0,0,inf
dpgan,"LocalNeighbourhood(L_2, 0.250411558405805, accuracy)",12435,0,0.0,0,inf
dpgan,"LocalNeighbourhood(L_2, 0.250411558405805, accuracy)",12435,1,0.0,0,inf
dpgan,"LocalNeighbourhood(L_2, 0.250411558405805, accuracy)",12435,0,0.0,0,inf
dpgan,"LocalNeighbourhood(L_2, 0.250411558405805, accuracy)",12435,1,0.0,0,inf
dpgan,"LocalNeighbourhood(L_2, 0.250411558405805, accuracy)",12435,0,0.0,0,inf
dpgan,"LocalNeighbourhood(L_2, 0.250411558405805, accuracy)",12435,1,0.0,0,inf
dpgan,"LocalNeighbourhood(L_2, 0.250411558405805, accuracy)",12435,0,0.0,0,inf
dpgan,"LocalNeighbourhood(L_2, 0.250411558405805, accuracy)",12435,1,0.0,0,inf
dpgan,"LocalNeighbourhood(L_2, 0.250411558405805, accuracy)",12435,0,0.0,0,inf
dpgan,"LocalNeighbourhood(L_2, 0.250411558405805, accuracy)",12435,1,0.0,0,inf
dpgan,"LocalNeighbourhood(L_2, 0.250411558405805, accuracy)",12435,0,0.0,0,inf
dpgan,"LocalNeighbourhood(L_2, 0.250411558405805, accuracy)",12435,1,0.0,0,inf
dpgan,"LocalNeighbourhood(L_2, 0.250411558405805, accuracy)",12435,0,0.0,0,inf
dpgan,"LocalNeighbourhood(L_2, 0.250411558405805, accuracy)",12435,1,0.0,0,inf
dpgan,"LocalNeighbourhood(L_2, 0.250411558405805, accuracy)",12435,0,0.0,0,inf
dpgan,"LocalNeighbourhood(L_2, 0.250411558405805, accuracy)",12435,1,0.0,0,inf
dpgan,"LocalNeighbourhood(L_2, 0.250411558405805, accuracy)",12435,0,0.0,0,inf
dpgan,"LocalNeighbourhood(L_2, 0.250411558405805, accuracy)",12435,1,0.0,0,inf
dpgan,"LocalNeighbourhood(L_2, 0.250411558405805, accuracy)",12435,0,0.0,0,inf
dpgan,"LocalNeighbourhood(L_2, 0.250411558405805, accuracy)",12435,1,0.0,0,inf
dpgan,"LocalNeighbourhood(L_2, 0.250411558405805, accuracy)",12435,0,0.0,0,inf
dpgan,"LocalNeighbourhood(L_2, 0.250411558405805, accuracy)",12435,1,0.0,0,inf
dpgan,"LocalNeighbourhood(L_2, 0.250411558405805, accuracy)",12435,0,0.0,0,inf
dpgan,"LocalNeighbourhood(L_2, 0.250411558405805, accuracy)",12435,1,0.0,0,inf
dpgan,"LocalNeighbourhood(L_2, 0.250411558405805, accuracy)",12435,0,0.0,0,inf
dpgan,"LocalNeighbourhood(L_2, 0.250411558405805, accuracy)",12435,1,0.0,0,inf
dpgan,"LocalNeighbourhood(L_2, 0.250411558405805, accuracy)",12435,0,0.0,0,inf
dpgan,"LocalNeighbourhood(L_2, 0.250411558405805, accuracy)",12435,1,0.0,0,inf
dpgan,"LocalNeighbourhood(L_2, 0.250411558405805, accuracy)",12435,0,0.0,0,inf
dpgan,"LocalNeighbourhood(L_2, 0.250411558405805, accuracy)",12435,1,0.0,0,inf
dpgan,"LocalNeighbourhood(L_2, 0.250411558405805, accuracy)",12435,0,0.0,0,inf
dpgan,"LocalNeighbourhood(L_2, 0.250411558405805, accuracy)",12435,1,0.0,0,inf
dpgan,"LocalNeighbourhood(L_2, 0.250411558405805, accuracy)",12435,0,0.0,0,inf
dpgan,"LocalNeighbourhood(L_2, 0.250411558405805, accuracy)",12435,1,0.0,0,inf
dpgan,"LocalNeighbourhood(L_2, 0.250411558405805, accuracy)",12435,0,0.0,0,inf
dpgan,"LocalNeighbourhood(L_2, 0.250411558405805, accuracy)",12435,1,0.0,0,inf
dpgan,"LocalNeighbourhood(L_2, 0.250411558405805, accuracy)",12435,0,0.0,0,inf
dpgan,"LocalNeighbourhood(L_2, 0.250411558405805, accuracy)",12435,1,0.0,0,inf
dpgan,"LocalNeighbourhood(L_2, 0.250411558405805, accuracy)",12435,0,0.0,0,inf
dpgan,"LocalNeighbourhood(L_2, 0.250411558405805, accuracy)",12435,1,0.0,0,inf
dpgan,"LocalNeighbourhood(L_2, 0.250411558405805, accuracy)",12435,0,0.0,0,inf
dpgan,"LocalNeighbourhood(L_2, 0.250411558405805, accuracy)",12435,1,0.0,0,inf
dpgan,"LocalNeighbourhood(L_2, 0.250411558405805, accuracy)",12435,0,0.0,0,inf
dpgan,"LocalNeighbourhood(L_2, 0.250411558405805, accuracy)",12435,1,0.0,0,inf
dpgan,"LocalNeighbourhood(L_2, 0.250411558405805, accuracy)",12435,0,0.0,0,inf
dpgan,"LocalNeighbourhood(L_2, 0.250411558405805, accuracy)",12435,1,0.0,0,inf
dpgan,"LocalNeighbourhood(L_2, 0.250411558405805, accuracy)",12435,0,0.0,0,inf
dpgan,"LocalNeighbourhood(L_2, 0.250411558405805, accuracy)",12435,1,0.0,0,inf
dpgan,"LocalNeighbourhood(L_2, 0.250411558405805, accuracy)",12435,0,0.0,0,inf
dpgan,"LocalNeighbourhood(L_2, 0.250411558405805, accuracy)",12435,1,0.0,0,inf
dpgan,"LocalNeighbourhood(L_2, 0.250411558405805, accuracy)",12435,0,0.0,0,inf
dpgan,"LocalNeighbourhood(L_2, 0.250411558405805, accuracy)",12435,1,0.0,0,inf
dpgan,"LocalNeighbourhood(L_2, 0.250411558405805, accuracy)",12435,0,0.0,0,inf
dpgan,"LocalNeighbourhood(L_2, 0.250411558405805, accuracy)",12435,1,0.0,0,inf
dpgan,"LocalNeighbourhood(L_2, 0.250411558405805, accuracy)",12435,0,0.0,0,inf
dpgan,"LocalNeighbourhood(L_2, 0.250411558405805, accuracy)",12435,1,0.0,0,inf
dpgan,"LocalNeighbourhood(L_2, 0.250411558405805, accuracy)",12435,0,0.0,0,inf
dpgan,"LocalNeighbourhood(L_2, 0.250411558405805, accuracy)",12435,1,0.0,0,inf
dpgan,"LocalNeighbourhood(L_2, 0.250411558405805, accuracy)",12435,0,0.0,0,inf
dpgan,"LocalNeighbourhood(L_2, 0.250411558405805, accuracy)",12435,1,0.0,0,inf
dpgan,"LocalNeighbourhood(L_2, 0.250411558405805, accuracy)",12435,0,0.0,0,inf
dpgan,"LocalNeighbourhood(L_2, 0.250411558405805, accuracy)",12435,1,0.0,0,inf
dpgan,"LocalNeighbourhood(L_2, 0.250411558405805, accuracy)",12435,0,0.0,0,inf
dpgan,"LocalNeighbourhood(L_2, 0.250411558405805, accuracy)",12435,1,0.0,0,inf
dpgan,"LocalNeighbourhood(L_2, 0.250411558405805, accuracy)",12435,0,0.0,0,inf
dpgan,"LocalNeighbourhood(L_2, 0.250411558405805, accuracy)",12435,1,0.0,0,inf
dpgan,"LocalNeighbourhood(L_2, 0.250411558405805, accuracy)",12435,0,0.0,0,inf
dpgan,"LocalNeighbourhood(L_2, 0.250411558405805, accuracy)",12435,1,0.0,0,inf
dpgan,"LocalNeighbourhood(L_2, 0.250411558405805, accuracy)",12435,0,0.0,0,inf
dpgan,"LocalNeighbourhood(L_2, 0.250411558405805, accuracy)",12435,1,0.0,0,inf
dpgan,"LocalNeighbourhood(L_2, 0.250411558405805, accuracy)",12435,0,0.0,0,inf
dpgan,"LocalNeighbourhood(L_2, 0.250411558405805, accuracy)",12435,1,0.0,0,inf
dpgan,"LocalNeighbourhood(L_2, 0.250411558405805, accuracy)",12435,0,0.0,0,inf
dpgan,"LocalNeighbourhood(L_2, 0.250411558405805, accuracy)",12435,1,0.0,0,inf
dpgan,"LocalNeighbourhood(L_2, 0.250411558405805, accuracy)",12435,0,0.0,0,inf
dpgan,"LocalNeighbourhood(L_2, 0.250411558405805, accuracy)",12435,1,0.0,0,inf
dpgan,"LocalNeighbourhood(L_2, 0.250411558405805, accuracy)",12435,0,0.0,0,inf
dpgan,"LocalNeighbourhood(L_2, 0.250411558405805, accuracy)",12435,1,0.0,0,inf
dpgan,"LocalNeighbourhood(L_2, 0.250411558405805, accuracy)",12435,0,0.0,0,inf
dpgan,"LocalNeighbourhood(L_2, 0.250411558405805, accuracy)",12435,1,0.0,0,inf
dpgan,"LocalNeighbourhood(L_2, 0.250411558405805, accuracy)",12435,0,0.0,0,inf
dpgan,"LocalNeighbourhood(L_2, 0.250411558405805, accuracy)",12435,1,0.0,0,inf
dpgan,"LocalNeighbourhood(L_2, 0.250411558405805, accuracy)",12435,0,0.0,0,inf
dpgan,"LocalNeighbourhood(L_2, 0.250411558405805, accuracy)",12435,1,0.0,0,inf
dpgan,"LocalNeighbourhood(L_2, 0.250411558405805, accuracy)",12435,0,0.0,0,inf
dpgan,"LocalNeighbourhood(L_2, 0.250411558405805, accuracy)",12435,1,0.0,0,inf
dpgan,"LocalNeighbourhood(L_2, 0.250411558405805, accuracy)",12435,0,0.0,0,inf
dpgan,"LocalNeighbourhood(L_2, 0.250411558405805, accuracy)",12435,1,0.0,0,inf
dpgan,"LocalNeighbourhood(L_2, 0.250411558405805, accuracy)",12435,0,0.0,0,inf
dpgan,"LocalNeighbourhood(L_2, 0.250411558405805, accuracy)",12435,1,0.0,0,inf
dpgan,"LocalNeighbourhood(L_2, 0.250411558405805, accuracy)",12435,0,0.0,0,inf
dpgan,"LocalNeighbourhood(L_2, 0.250411558405805, accuracy)",12435,1,0.0,0,inf
dpgan,"LocalNeighbourhood(L_2, 0.250411558405805, accuracy)",12435,0,0.0,0,inf
dpgan,"LocalNeighbourhood(L_2, 0.250411558405805, accuracy)",12435,1,0.0,0,inf
dpgan,"LocalNeighbourhood(L_2, 0.250411558405805, accuracy)",12435,0,0.0,0,inf
dpgan,"LocalNeighbourhood(L_2, 0.250411558405805, accuracy)",12435,1,0.0,0,inf
dpgan,"LocalNeighbourhood(L_2, 0.250411558405805, accuracy)",12435,0,0.0,0,inf
dpgan,"LocalNeighbourhood(L_2, 0.250411558405805, accuracy)",12435,1,0.0,0,inf
dpgan,"LocalNeighbourhood(L_2, 0.250411558405805, accuracy)",12435,0,0.0,0,inf
dpgan,"LocalNeighbourhood(L_2, 0.250411558405805, accuracy)",12435,1,0.0,0,inf
dpgan,"LocalNeighbourhood(L_2, 0.250411558405805, accuracy)",12435,0,0.0,0,inf
dpgan,"LocalNeighbourhood(L_2, 0.250411558405805, accuracy)",12435,1,0.0,0,inf
dpgan,"LocalNeighbourhood(L_2, 0.250411558405805, accuracy)",12435,0,0.0,0,inf
dpgan,"LocalNeighbourhood(L_2, 0.250411558405805, accuracy)",12435,1,0.0,0,inf
dpgan,"LocalNeighbourhood(L_2, 0.250411558405805, accuracy)",12435,0,0.0,0,inf
dpgan,"LocalNeighbourhood(L_2, 0.250411558405805, accuracy)",12435,1,0.0,0,inf
dpgan,"LocalNeighbourhood(L_2, 0.250411558405805, accuracy)",12435,0,0.0,0,inf
dpgan,"LocalNeighbourhood(L_2, 0.250411558405805, accuracy)",12435,1,0.0,0,inf
dpgan,"LocalNeighbourhood(L_2, 0.250411558405805, accuracy)",12435,0,0.0,0,inf
dpgan,"LocalNeighbourhood(L_2, 0.250411558405805, accuracy)",12435,1,0.0,0,inf
dpgan,"LocalNeighbourhood(L_2, 0.250411558405805, accuracy)",12435,0,0.0,0,inf
dpgan,"LocalNeighbourhood(L_2, 0.250411558405805, accuracy)",12435,1,0.0,0,inf
dpgan,"LocalNeighbourhood(L_2, 0.250411558405805, accuracy)",12435,0,0.0,0,inf
dpgan,"LocalNeighbourhood(L_2, 0.250411558405805, accuracy)",12435,1,0.0,0,inf
dpgan,"LocalNeighbourhood(L_2, 0.250411558405805, accuracy)",12435,0,0.0,0,inf
dpgan,"LocalNeighbourhood(L_2, 0.250411558405805, accuracy)",12435,1,0.0,0,inf
dpgan,"LocalNeighbourhood(L_2, 0.250411558405805, accuracy)",12435,0,0.0,0,inf
dpgan,"LocalNeighbourhood(L_2, 0.250411558405805, accuracy)",12435,1,0.0,0,inf
dpgan,"LocalNeighbourhood(L_2, 0.250411558405805, accuracy)",12435,0,0.0,0,inf
dpgan,"LocalNeighbourhood(L_2, 0.250411558405805, accuracy)",12435,1,0.0,0,inf
dpgan,"LocalNeighbourhood(L_2, 0.250411558405805, accuracy)",12435,0,0.0,0,inf
dpgan,"LocalNeighbourhood(L_2, 0.250411558405805, accuracy)",12435,1,0.0,0,inf
dpgan,"LocalNeighbourhood(L_2, 0.250411558405805, accuracy)",12435,0,0.0,0,inf
dpgan,"LocalNeighbourhood(L_2, 0.250411558405805, accuracy)",12435,1,0.0,0,inf
dpgan,"LocalNeighbourhood(L_2, 0.250411558405805, accuracy)",12435,0,0.0,0,inf
dpgan,"LocalNeighbourhood(L_2, 0.250411558405805, accuracy)",12435,1,0.0,0,inf
dpgan,"LocalNeighbourhood(L_2, 0.250411558405805, accuracy)",12435,0,0.0,0,inf
dpgan,"LocalNeighbourhood(L_2, 0.250411558405805, accuracy)",12435,1,0.0,0,inf
dpgan,"LocalNeighbourhood(L_2, 0.250411558405805, accuracy)",12435,0,0.0,0,inf
dpgan,"LocalNeighbourhood(L_2, 0.250411558405805, accuracy)",12435,1,0.0,0,inf
dpgan,"LocalNeighbourhood(L_2, 0.250411558405805, accuracy)",12435,0,0.0,0,inf
dpgan,"LocalNeighbourhood(L_2, 0.250411558405805, accuracy)",12435,1,0.0,0,inf
dpgan,"LocalNeighbourhood(L_2, 0.250411558405805, accuracy)",12435,0,0.0,0,inf
dpgan,"LocalNeighbourhood(L_2, 0.250411558405805, accuracy)",12435,1,0.0,0,inf
dpgan,"LocalNeighbourhood(L_2, 0.250411558405805, accuracy)",12435,0,0.0,0,inf
dpgan,"LocalNeighbourhood(L_2, 0.250411558405805, accuracy)",12435,1,0.0,0,inf
dpgan,"LocalNeighbourhood(L_2, 0.250411558405805, accuracy)",12435,0,0.0,0,inf
dpgan,"LocalNeighbourhood(L_2, 0.250411558405805, accuracy)",12435,1,0.0,0,inf
dpgan,"LocalNeighbourhood(L_2, 0.250411558405805, accuracy)",12435,0,0.0,0,inf
dpgan,"LocalNeighbourhood(L_2, 0.250411558405805, accuracy)",12435,1,0.0,0,inf
dpgan,"LocalNeighbourhood(L_2, 0.250411558405805, accuracy)",12435,0,0.0,0,inf
dpgan,"LocalNeighbourhood(L_2, 0.250411558405805, accuracy)",12435,1,0.0,0,inf
dpgan,"LocalNeighbourhood(L_2, 0.250411558405805, accuracy)",12435,0,0.0,0,inf
dpgan,"LocalNeighbourhood(L_2, 0.250411558405805, accuracy)",12435,1,0.0,0,inf
dpgan,"LocalNeighbourhood(L_2, 0.250411558405805, accuracy)",12435,0,0.0,0,inf
dpgan,"LocalNeighbourhood(L_2, 0.250411558405805, accuracy)",12435,1,0.0,0,inf
dpgan,"LocalNeighbourhood(L_2, 0.250411558405805, accuracy)",12435,0,0.0,0,inf
dpgan,"LocalNeighbourhood(L_2, 0.250411558405805, accuracy)",12435,1,0.0,0,inf
dpgan,"LocalNeighbourhood(L_2, 0.250411558405805, accuracy)",12435,0,0.0,0,inf
dpgan,"LocalNeighbourhood(L_2, 0.250411558405805, accuracy)",12435,1,0.0,0,inf
dpgan,"LocalNeighbourhood(L_2, 0.250411558405805, accuracy)",12435,0,0.0,0,inf
dpgan,"LocalNeighbourhood(L_2, 0.250411558405805, accuracy)",12435,1,0.0,0,inf
dpgan,"LocalNeighbourhood(L_2, 0.250411558405805, accuracy)",12435,0,0.0,0,inf
dpgan,"LocalNeighbourhood(L_2, 0.250411558405805, accuracy)",12435,1,0.0,0,inf
dpgan,"LocalNeighbourhood(L_2, 0.250411558405805, accuracy)",12435,0,0.0,0,inf
dpgan,"LocalNeighbourhood(L_2, 0.250411558405805, accuracy)",12435,1,0.0,0,inf
dpgan,"LocalNeighbourhood(L_2, 0.250411558405805, accuracy)",12435,0,0.0,0,inf
dpgan,"LocalNeighbourhood(L_2, 0.250411558405805, accuracy)",12435,1,0.0,0,inf
dpgan,"LocalNeighbourhood(L_2, 0.250411558405805, accuracy)",12435,0,0.0,0,inf
dpgan,"LocalNeighbourhood(L_2, 0.250411558405805, accuracy)",12435,1,0.0,0,inf
dpgan,"LocalNeighbourhood(L_2, 0.250411558405805, accuracy)",12435,0,0.0,0,inf
dpgan,"LocalNeighbourhood(L_2, 0.250411558405805, accuracy)",12435,1,0.0,0,inf
dpgan,"LocalNeighbourhood(L_2, 0.250411558405805, accuracy)",12435,0,0.0,0,inf
dpgan,"LocalNeighbourhood(L_2, 0.250411558405805, accuracy)",12435,1,0.0,0,inf
dpgan,"LocalNeighbourhood(L_2, 0.250411558405805, accuracy)",12435,0,0.0,0,inf
dpgan,"LocalNeighbourhood(L_2, 0.250411558405805, accuracy)",12435,1,0.0,0,inf
dpgan,"LocalNeighbourhood(L_2, 0.250411558405805, accuracy)",12435,0,0.0,0,inf
dpgan,"LocalNeighbourhood(L_2, 0.250411558405805, accuracy)",12435,1,0.0,0,inf
dpgan,"LocalNeighbourhood(L_2, 0.250411558405805, accuracy)",12435,0,0.0,0,inf
dpgan,"LocalNeighbourhood(L_2, 0.250411558405805, accuracy)",12435,1,0.0,0,inf
dpgan,"LocalNeighbourhood(L_2, 0.250411558405805, accuracy)",12435,0,0.0,0,inf
dpgan,"LocalNeighbourhood(L_2, 0.250411558405805, accuracy)",12435,1,0.0,0,inf
dpgan,"LocalNeighbourhood(L_2, 0.250411558405805, accuracy)",12435,0,0.0,0,inf
dpgan,"LocalNeighbourhood(L_2, 0.250411558405805, accuracy)",12435,1,0.0,0,inf
dpgan,"LocalNeighbourhood(L_2, 0.250411558405805, accuracy)",12435,0,0.0,0,inf
dpgan,"LocalNeighbourhood(L_2, 0.250411558405805, accuracy)",12435,1,0.0,0,inf
dpgan,"LocalNeighbourhood(L_2, 0.250411558405805, accuracy)",12435,0,0.0,0,inf
dpgan,"LocalNeighbourhood(L_2, 0.250411558405805, accuracy)",12435,1,0.0,0,inf
dpgan,"LocalNeighbourhood(L_2, 0.250411558405805, accuracy)",12435,0,0.0,0,inf
dpgan,"LocalNeighbourhood(L_2, 0.250411558405805, accuracy)",12435,1,0.0,0,inf
dpgan,"LocalNeighbourhood(L_2, 0.250411558405805, accuracy)",12435,0,0.0,0,inf
dpgan,"LocalNeighbourhood(L_2, 0.250411558405805, accuracy)",12435,1,0.0,0,inf
dpgan,"LocalNeighbourhood(L_2, 0.250411558405805, accuracy)",12435,0,0.0,0,inf
dpgan,"LocalNeighbourhood(L_2, 0.250411558405805, accuracy)",12435,1,0.0,0,inf
dpgan,"LocalNeighbourhood(L_2, 0.250411558405805, accuracy)",12435,0,0.0,0,inf
dpgan,"LocalNeighbourhood(L_2, 0.250411558405805, accuracy)",12435,1,0.0,0,inf
dpgan,"LocalNeighbourhood(L_2, 0.250411558405805, accuracy)",12435,0,0.0,0,inf
dpgan,"LocalNeighbourhood(L_2, 0.250411558405805, accuracy)",12435,1,0.0,0,inf
dpgan,"LocalNeighbourhood(L_2, 0.250411558405805, accuracy)",12435,0,0.0,0,inf
dpgan,"LocalNeighbourhood(L_2, 0.250411558405805, accuracy)",12435,1,0.0,0,inf
dpgan,"LocalNeighbourhood(L_2, 0.250411558405805, accuracy)",12435,0,0.0,0,inf
dpgan,"LocalNeighbourhood(L_2, 0.250411558405805, accuracy)",12435,1,0.0,0,inf
dpgan,"LocalNeighbourhood(L_2, 0.250411558405805, accuracy)",12435,0,0.0,0,inf
dpgan,"LocalNeighbourhood(L_2, 0.250411558405805, accuracy)",12435,1,0.0,0,inf
dpgan,"LocalNeighbourhood(L_2, 0.250411558405805, accuracy)",12435,0,0.0,0,inf
dpgan,"LocalNeighbourhood(L_2, 0.250411558405805, accuracy)",12435,1,0.0,0,inf
dpgan,"LocalNeighbourhood(L_2, 0.250411558405805, accuracy)",12435,0,0.0,0,inf
dpgan,"LocalNeighbourhood(L_2, 0.250411558405805, accuracy)",12435,1,0.0,0,inf
dpgan,"LocalNeighbourhood(L_2, 0.250411558405805, accuracy)",12435,0,0.0,0,inf
dpgan,"LocalNeighbourhood(L_2, 0.250411558405805, accuracy)",12435,1,0.0,0,inf
dpgan,"LocalNeighbourhood(L_2, 0.250411558405805, accuracy)",12435,0,0.0,0,inf
dpgan,"LocalNeighbourhood(L_2, 0.250411558405805, accuracy)",12435,1,0.0,0,inf
dpgan,"LocalNeighbourhood(L_2, 0.250411558405805, accuracy)",12435,0,0.0,0,inf
dpgan,"LocalNeighbourhood(L_2, 0.250411558405805, accuracy)",12435,1,0.0,0,inf
dpgan,"LocalNeighbourhood(L_2, 0.250411558405805, accuracy)",12435,0,0.0,0,inf
dpgan,"LocalNeighbourhood(L_2, 0.250411558405805, accuracy)",12435,1,0.0,0,inf
dpgan,"LocalNeighbourhood(L_2, 0.250411558405805, accuracy)",12435,0,0.0,0,inf
dpgan,"LocalNeighbourhood(L_2, 0.250411558405805, accuracy)",12435,1,0.0,0,inf
dpgan,"LocalNeighbourhood(L_2, 0.250411558405805, accuracy)",12435,0,0.0,0,inf
dpgan,"LocalNeighbourhood(L_2, 0.250411558405805, accuracy)",12435,1,0.0,0,inf
dpgan,"LocalNeighbourhood(L_2, 0.250411558405805, accuracy)",12435,0,0.0,0,inf
dpgan,"LocalNeighbourhood(L_2, 0.250411558405805, accuracy)",12435,1,0.0,0,inf
dpgan,"LocalNeighbourhood(L_2, 0.250411558405805, accuracy)",12435,0,0.0,0,inf
dpgan,"LocalNeighbourhood(L_2, 0.250411558405805, accuracy)",12435,1,0.0,0,inf
dpgan,"LocalNeighbourhood(L_2, 0.250411558405805, accuracy)",12435,0,0.0,0,inf
dpgan,"LocalNeighbourhood(L_2, 0.250411558405805, accuracy)",12435,1,0.0,0,inf
dpgan,"LocalNeighbourhood(L_2, 0.250411558405805, accuracy)",12435,0,0.0,0,inf
dpgan,"LocalNeighbourhood(L_2, 0.250411558405805, accuracy)",12435,1,0.0,0,inf
dpgan,"LocalNeighbourhood(L_2, 0.250411558405805, accuracy)",12435,0,0.0,0,inf
dpgan,"LocalNeighbourhood(L_2, 0.250411558405805, accuracy)",12435,1,0.0,0,inf
dpgan,"LocalNeighbourhood(L_2, 0.250411558405805, accuracy)",12435,0,0.0,0,inf
dpgan,"LocalNeighbourhood(L_2, 0.250411558405805, accuracy)",12435,1,0.0,0,inf
dpgan,"LocalNeighbourhood(L_2, 0.250411558405805, accuracy)",12435,0,0.0,0,inf
dpgan,"LocalNeighbourhood(L_2, 0.250411558405805, accuracy)",12435,1,0.0,0,inf
dpgan,"LocalNeighbourhood(L_2, 0.250411558405805, accuracy)",12435,0,0.0,0,inf
dpgan,"LocalNeighbourhood(L_2, 0.250411558405805, accuracy)",12435,1,0.0,0,inf
dpgan,"LocalNeighbourhood(L_2, 0.250411558405805, accuracy)",12435,0,0.0,0,inf
dpgan,"LocalNeighbourhood(L_2, 0.250411558405805, accuracy)",12435,1,0.0,0,inf
dpgan,"LocalNeighbourhood(L_2, 0.250411558405805, accuracy)",12435,0,0.0,0,inf
dpgan,"LocalNeighbourhood(L_2, 0.250411558405805, accuracy)",12435,1,0.0,0,inf
dpgan,"LocalNeighbourhood(L_2, 0.250411558405805, accuracy)",12435,0,0.0,0,inf
dpgan,"LocalNeighbourhood(L_2, 0.250411558405805, accuracy)",12435,1,0.0,0,inf
dpgan,"LocalNeighbourhood(L_2, 0.250411558405805, accuracy)",12435,0,0.0,0,inf
dpgan,"LocalNeighbourhood(L_2, 0.250411558405805, accuracy)",12435,1,0.0,0,inf
dpgan,"LocalNeighbourhood(L_2, 0.250411558405805, accuracy)",12435,0,0.0,0,inf
dpgan,"LocalNeighbourhood(L_2, 0.250411558405805, accuracy)",12435,1,0.0,0,inf
dpgan,"LocalNeighbourhood(L_2, 0.250411558405805, accuracy)",12435,0,0.0,0,inf
dpgan,"LocalNeighbourhood(L_2, 0.250411558405805, accuracy)",12435,1,0.0,0,inf
dpgan,"LocalNeighbourhood(L_2, 0.250411558405805, accuracy)",12435,0,0.0,0,inf
dpgan,"LocalNeighbourhood(L_2, 0.250411558405805, accuracy)",12435,1,0.0,0,inf
dpgan,"LocalNeighbourhood(L_2, 0.250411558405805, accuracy)",12435,0,0.0,0,inf
dpgan,"LocalNeighbourhood(L_2, 0.250411558405805, accuracy)",12435,1,0.0,0,inf
dpgan,"LocalNeighbourhood(L_2, 0.250411558405805, accuracy)",12435,0,0.0,0,inf
dpgan,"LocalNeighbourhood(L_2, 0.250411558405805, accuracy)",12435,1,0.0,0,inf
dpgan,"LocalNeighbourhood(L_2, 0.250411558405805, accuracy)",12435,0,0.0,0,inf
dpgan,"LocalNeighbourhood(L_2, 0.250411558405805, accuracy)",12435,1,0.0,0,inf
dpgan,"LocalNeighbourhood(L_2, 0.250411558405805, accuracy)",12435,0,0.0,0,inf
dpgan,"LocalNeighbourhood(L_2, 0.250411558405805, accuracy)",12435,1,0.0,0,inf
dpgan,"LocalNeighbourhood(L_2, 0.250411558405805, accuracy)",12435,0,0.0,0,inf
dpgan,"LocalNeighbourhood(L_2, 0.250411558405805, accuracy)",12435,1,0.0,0,inf
dpgan,"LocalNeighbourhood(L_2, 0.250411558405805, accuracy)",12435,0,0.0,0,inf
dpgan,"LocalNeighbourhood(L_2, 0.250411558405805, accuracy)",12435,1,0.0,0,inf
dpgan,"LocalNeighbourhood(L_2, 0.250411558405805, accuracy)",12435,0,0.0,0,inf
dpgan,"LocalNeighbourhood(L_2, 0.250411558405805, accuracy)",12435,1,0.0,0,inf
dpgan,"LocalNeighbourhood(L_2, 0.250411558405805, accuracy)",12435,0,0.0,0,inf
dpgan,"LocalNeighbourhood(L_2, 0.250411558405805, accuracy)",12435,1,0.0,0,inf
dpgan,"LocalNeighbourhood(L_2, 0.250411558405805, accuracy)",12435,0,0.0,0,inf
dpgan,"LocalNeighbourhood(L_2, 0.250411558405805, accuracy)",12435,1,0.0,0,inf
dpgan,"LocalNeighbourhood(L_2, 0.250411558405805, accuracy)",12435,0,0.0,0,inf
dpgan,"LocalNeighbourhood(L_2, 0.250411558405805, accuracy)",12435,1,0.0,0,inf
dpgan,"LocalNeighbourhood(L_2, 0.250411558405805, accuracy)",12435,0,0.0,0,inf
dpgan,"LocalNeighbourhood(L_2, 0.250411558405805, accuracy)",12435,1,0.0,0,inf
dpgan,"LocalNeighbourhood(L_2, 0.250411558405805, accuracy)",12435,0,0.0,0,inf
dpgan,"LocalNeighbourhood(L_2, 0.250411558405805, accuracy)",12435,1,0.0,0,inf
dpgan,"LocalNeighbourhood(L_2, 0.250411558405805, accuracy)",12435,0,0.0,0,inf
dpgan,"LocalNeighbourhood(L_2, 0.250411558405805, accuracy)",12435,1,0.0,0,inf
dpgan,"LocalNeighbourhood(L_2, 0.250411558405805, accuracy)",12435,0,0.0,0,inf
dpgan,"LocalNeighbourhood(L_2, 0.250411558405805, accuracy)",12435,1,0.0,0,inf
dpgan,"LocalNeighbourhood(L_2, 0.250411558405805, accuracy)",12435,0,0.0,0,inf
dpgan,"LocalNeighbourhood(L_2, 0.250411558405805, accuracy)",12435,1,0.0,0,inf
dpgan,"LocalNeighbourhood(L_2, 0.250411558405805, accuracy)",12435,0,0.0,0,inf
dpgan,"LocalNeighbourhood(L_2, 0.250411558405805, accuracy)",12435,1,0.0,0,inf
dpgan,"LocalNeighbourhood(L_2, 0.250411558405805, accuracy)",12435,0,0.0,0,inf
dpgan,"LocalNeighbourhood(L_2, 0.250411558405805, accuracy)",12435,1,0.0,0,inf
dpgan,"LocalNeighbourhood(L_2, 0.250411558405805, accuracy)",12435,0,0.0,0,inf
dpgan,"LocalNeighbourhood(L_2, 0.250411558405805, accuracy)",12435,1,0.0,0,inf
dpgan,"LocalNeighbourhood(L_2, 0.250411558405805, accuracy)",12435,0,0.0,0,inf
dpgan,"LocalNeighbourhood(L_2, 0.250411558405805, accuracy)",12435,1,0.0,0,inf
dpgan,"LocalNeighbourhood(L_2, 0.250411558405805, accuracy)",12435,0,0.0,0,inf
dpgan,"LocalNeighbourhood(L_2, 0.250411558405805, accuracy)",12435,1,0.0,0,inf
dpgan,"LocalNeighbourhood(L_2, 0.250411558405805, accuracy)",12435,0,0.0,0,inf
dpgan,"LocalNeighbourhood(L_2, 0.250411558405805, accuracy)",12435,1,0.0,0,inf
dpgan,"LocalNeighbourhood(L_2, 0.250411558405805, accuracy)",12435,0,0.0,0,inf
dpgan,"LocalNeighbourhood(L_2, 0.250411558405805, accuracy)",12435,1,0.0,0,inf
dpgan,"LocalNeighbourhood(L_2, 0.250411558405805, accuracy)",12435,0,0.0,0,inf
dpgan,"LocalNeighbourhood(L_2, 0.250411558405805, accuracy)",12435,1,0.0,0,inf
dpgan,"LocalNeighbourhood(L_2, 0.250411558405805, accuracy)",12435,0,0.0,0,inf
dpgan,"LocalNeighbourhood(L_2, 0.250411558405805, accuracy)",12435,1,0.0,0,inf
dpgan,"LocalNeighbourhood(L_2, 0.250411558405805, accuracy)",12435,0,0.0,0,inf
dpgan,"LocalNeighbourhood(L_2, 0.250411558405805, accuracy)",12435,1,0.0,0,inf
dpgan,"LocalNeighbourhood(L_2, 0.250411558405805, accuracy)",12435,0,0.0,0,inf
dpgan,"LocalNeighbourhood(L_2, 0.250411558405805, accuracy)",12435,1,0.0,0,inf
dpgan,"LocalNeighbourhood(L_2, 0.250411558405805, accuracy)",12435,0,0.0,0,inf
dpgan,"LocalNeighbourhood(L_2, 0.250411558405805, accuracy)",12435,1,0.0,0,inf
dpgan,"LocalNeighbourhood(L_2, 0.250411558405805, accuracy)",12435,0,0.0,0,inf
dpgan,"LocalNeighbourhood(L_2, 0.250411558405805, accuracy)",12435,1,0.0,0,inf
dpgan,"LocalNeighbourhood(L_2, 0.250411558405805, accuracy)",12435,0,0.0,0,inf
dpgan,"LocalNeighbourhood(L_2, 0.250411558405805, accuracy)",12435,1,0.0,0,inf
dpgan,"LocalNeighbourhood(L_2, 0.250411558405805, accuracy)",12435,0,0.0,0,inf
dpgan,"LocalNeighbourhood(L_2, 0.250411558405805, accuracy)",12435,1,0.0,0,inf
dpgan,"LocalNeighbourhood(L_2, 0.250411558405805, accuracy)",12435,0,0.0,0,inf
dpgan,"LocalNeighbourhood(L_2, 0.250411558405805, accuracy)",12435,1,0.0,0,inf
dpgan,"LocalNeighbourhood(L_2, 0.250411558405805, accuracy)",12435,0,0.0,0,inf
dpgan,"LocalNeighbourhood(L_2, 0.250411558405805, accuracy)",12435,1,0.0,0,inf
dpgan,"LocalNeighbourhood(L_2, 0.250411558405805, accuracy)",12435,0,0.0,0,inf
dpgan,"LocalNeighbourhood(L_2, 0.250411558405805, accuracy)",12435,1,0.0,0,inf
dpgan,"LocalNeighbourhood(L_2, 0.250411558405805, accuracy)",12435,0,0.0,0,inf
dpgan,"LocalNeighbourhood(L_2, 0.250411558405805, accuracy)",12435,1,0.0,0,inf
dpgan,"LocalNeighbourhood(L_2, 0.250411558405805, accuracy)",12435,0,0.0,0,inf
dpgan,"LocalNeighbourhood(L_2, 0.250411558405805, accuracy)",12435,1,0.0,0,inf
dpgan,"LocalNeighbourhood(L_2, 0.250411558405805, accuracy)",12435,0,0.0,0,inf
dpgan,"LocalNeighbourhood(L_2, 0.250411558405805, accuracy)",12435,1,0.0,0,inf
dpgan,"LocalNeighbourhood(L_2, 0.250411558405805, accuracy)",12435,0,0.0,0,inf
dpgan,"LocalNeighbourhood(L_2, 0.250411558405805, accuracy)",12435,1,0.0,0,inf
dpgan,"LocalNeighbourhood(L_2, 0.250411558405805, accuracy)",12435,0,0.0,0,inf
dpgan,"LocalNeighbourhood(L_2, 0.250411558405805, accuracy)",12435,1,0.0,0,inf
dpgan,"LocalNeighbourhood(L_2, 0.250411558405805, accuracy)",12435,0,0.0,0,inf
dpgan,"LocalNeighbourhood(L_2, 0.250411558405805, accuracy)",12435,1,0.0,0,inf
dpgan,"LocalNeighbourhood(L_2, 0.250411558405805, accuracy)",12435,0,0.0,0,inf
dpgan,"LocalNeighbourhood(L_2, 0.250411558405805, accuracy)",12435,1,0.0,0,inf
dpgan,"LocalNeighbourhood(L_2, 0.250411558405805, accuracy)",12435,0,0.0,0,inf
dpgan,"LocalNeighbourhood(L_2, 0.250411558405805, accuracy)",12435,1,0.0,0,inf
dpgan,"LocalNeighbourhood(L_2, 0.250411558405805, accuracy)",12435,0,0.0,0,inf
dpgan,"LocalNeighbourhood(L_2, 0.250411558405805, accuracy)",12435,1,0.0,0,inf
dpgan,"LocalNeighbourhood(L_2, 0.250411558405805, accuracy)",12435,0,0.0,0,inf
dpgan,"LocalNeighbourhood(L_2, 0.250411558405805, accuracy)",12435,1,0.0,0,inf
dpgan,"LocalNeighbourhood(L_2, 0.250411558405805, accuracy)",12435,0,0.0,0,inf
dpgan,"LocalNeighbourhood(L_2, 0.250411558405805, accuracy)",12435,1,0.0,0,inf
dpgan,"LocalNeighbourhood(L_2, 0.250411558405805, accuracy)",12435,0,0.0,0,inf
dpgan,"LocalNeighbourhood(L_2, 0.250411558405805, accuracy)",12435,1,0.0,0,inf
dpgan,"LocalNeighbourhood(L_2, 0.250411558405805, accuracy)",12435,0,0.0,0,inf
dpgan,"LocalNeighbourhood(L_2, 0.250411558405805, accuracy)",12435,1,0.0,0,inf
dpgan,"LocalNeighbourhood(L_2, 0.250411558405805, accuracy)",12435,0,0.0,0,inf
dpgan,"LocalNeighbourhood(L_2, 0.250411558405805, accuracy)",12435,1,0.0,0,inf
dpgan,"LocalNeighbourhood(L_2, 0.250411558405805, accuracy)",12435,0,0.0,0,inf
dpgan,"LocalNeighbourhood(L_2, 0.250411558405805, accuracy)",12435,1,0.0,0,inf
dpgan,"LocalNeighbourhood(L_2, 0.250411558405805, accuracy)",12435,0,0.0,0,inf
dpgan,"LocalNeighbourhood(L_2, 0.250411558405805, accuracy)",12435,1,0.0,0,inf
dpgan,"LocalNeighbourhood(L_2, 0.250411558405805, accuracy)",12435,0,0.0,0,inf
dpgan,"LocalNeighbourhood(L_2, 0.250411558405805, accuracy)",12435,1,0.0,0,inf
dpgan,"LocalNeighbourhood(L_2, 0.250411558405805, accuracy)",12435,0,0.0,0,inf
dpgan,"LocalNeighbourhood(L_2, 0.250411558405805, accuracy)",12435,1,0.0,0,inf
dpgan,"LocalNeighbourhood(L_2, 0.250411558405805, accuracy)",12435,0,0.0,0,inf
dpgan,"LocalNeighbourhood(L_2, 0.250411558405805, accuracy)",12435,1,0.0,0,inf
dpgan,"LocalNeighbourhood(L_2, 0.250411558405805, accuracy)",12435,0,0.0,0,inf
dpgan,"LocalNeighbourhood(L_2, 0.250411558405805, accuracy)",12435,1,0.0,0,inf
dpgan,"LocalNeighbourhood(L_2, 0.250411558405805, accuracy)",12435,0,0.0,0,inf
dpgan,"LocalNeighbourhood(L_2, 0.250411558405805, accuracy)",12435,1,0.0,0,inf
dpgan,"LocalNeighbourhood(L_2, 0.250411558405805, accuracy)",12435,0,0.0,0,inf
dpgan,"LocalNeighbourhood(L_2, 0.250411558405805, accuracy)",12435,1,0.0,0,inf
dpgan,"LocalNeighbourhood(L_2, 0.250411558405805, accuracy)",12435,0,0.0,0,inf
dpgan,"LocalNeighbourhood(L_2, 0.250411558405805, accuracy)",12435,1,0.0,0,inf
dpgan,"LocalNeighbourhood(L_2, 0.250411558405805, accuracy)",12435,0,0.0,0,inf
dpgan,"LocalNeighbourhood(L_2, 0.250411558405805, accuracy)",12435,1,0.0,0,inf
dpgan,"LocalNeighbourhood(L_2, 0.250411558405805, accuracy)",12435,0,0.0,0,inf
dpgan,"LocalNeighbourhood(L_2, 0.250411558405805, accuracy)",12435,1,0.0,0,inf
dpgan,"LocalNeighbourhood(L_2, 0.250411558405805, accuracy)",12435,0,0.0,0,inf
dpgan,"LocalNeighbourhood(L_2, 0.250411558405805, accuracy)",12435,1,0.0,0,inf
dpgan,"LocalNeighbourhood(L_2, 0.250411558405805, accuracy)",12435,0,0.0,0,inf
dpgan,"LocalNeighbourhood(L_2, 0.250411558405805, accuracy)",12435,1,0.0,0,inf
dpgan,"LocalNeighbourhood(L_2, 0.250411558405805, accuracy)",12435,0,0.0,0,inf
dpgan,"LocalNeighbourhood(L_2, 0.250411558405805, accuracy)",12435,1,0.0,0,inf
dpgan,"LocalNeighbourhood(L_2, 0.250411558405805, accuracy)",12435,0,0.0,0,inf
dpgan,"LocalNeighbourhood(L_2, 0.250411558405805, accuracy)",12435,1,0.0,0,inf
dpgan,"LocalNeighbourhood(L_2, 0.250411558405805, accuracy)",12435,0,0.0,0,inf
dpgan,"LocalNeighbourhood(L_2, 0.250411558405805, accuracy)",12435,1,0.0,0,inf
dpgan,"LocalNeighbourhood(L_2, 0.250411558405805, accuracy)",12435,0,0.0,0,inf
dpgan,"LocalNeighbourhood(L_2, 0.250411558405805, accuracy)",12435,1,0.0,0,inf
dpgan,"LocalNeighbourhood(L_2, 0.250411558405805, accuracy)",12435,0,0.0,0,inf
dpgan,"LocalNeighbourhood(L_2, 0.250411558405805, accuracy)",12435,1,0.0,0,inf
dpgan,"LocalNeighbourhood(L_2, 0.250411558405805, accuracy)",12435,0,0.0,0,inf
dpgan,"LocalNeighbourhood(L_2, 0.250411558405805, accuracy)",12435,1,0.0,0,inf
dpgan,"LocalNeighbourhood(L_2, 0.250411558405805, accuracy)",12435,0,0.0,0,inf
dpgan,"LocalNeighbourhood(L_2, 0.250411558405805, accuracy)",12435,1,0.0,0,inf
dpgan,"LocalNeighbourhood(L_2, 0.250411558405805, accuracy)",12435,0,0.0,0,inf
dpgan,"LocalNeighbourhood(L_2, 0.250411558405805, accuracy)",12435,1,0.0,0,inf
dpgan,"LocalNeighbourhood(L_2, 0.250411558405805, accuracy)",12435,0,0.0,0,inf
dpgan,"LocalNeighbourhood(L_2, 0.250411558405805, accuracy)",12435,1,0.0,0,inf
dpgan,"LocalNeighbourhood(L_2, 0.250411558405805, accuracy)",12435,0,0.0,0,inf
dpgan,"LocalNeighbourhood(L_2, 0.250411558405805, accuracy)",12435,1,0.0,0,inf
dpgan,"LocalNeighbourhood(L_2, 0.250411558405805, accuracy)",12435,0,0.0,0,inf
dpgan,"LocalNeighbourhood(L_2, 0.250411558405805, accuracy)",12435,1,0.0,0,inf
dpgan,"LocalNeighbourhood(L_2, 0.250411558405805, accuracy)",12435,0,0.0,0,inf
dpgan,"LocalNeighbourhood(L_2, 0.250411558405805, accuracy)",12435,1,0.0,0,inf
dpgan,"LocalNeighbourhood(L_2, 0.250411558405805, accuracy)",12435,0,0.0,0,inf
dpgan,"LocalNeighbourhood(L_2, 0.250411558405805, accuracy)",12435,1,0.0,0,inf
dpgan,"LocalNeighbourhood(L_2, 0.250411558405805, accuracy)",12435,0,0.0,0,inf
dpgan,"LocalNeighbourhood(L_2, 0.250411558405805, accuracy)",12435,1,0.0,0,inf
dpgan,"LocalNeighbourhood(L_2, 0.250411558405805, accuracy)",12435,0,0.0,0,inf
dpgan,"LocalNeighbourhood(L_2, 0.250411558405805, accuracy)",12435,1,0.0,0,inf
dpgan,"LocalNeighbourhood(L_2, 0.250411558405805, accuracy)",12435,0,0.0,0,inf
dpgan,"LocalNeighbourhood(L_2, 0.250411558405805, accuracy)",12435,1,0.0,0,inf
dpgan,"LocalNeighbourhood(L_2, 0.250411558405805, accuracy)",12435,0,0.0,0,inf
dpgan,"LocalNeighbourhood(L_2, 0.250411558405805, accuracy)",12435,1,0.0,0,inf
dpgan,"LocalNeighbourhood(L_2, 0.250411558405805, accuracy)",12435,0,0.0,0,inf
dpgan,"LocalNeighbourhood(L_2, 0.250411558405805, accuracy)",12435,1,0.0,0,inf
dpgan,"LocalNeighbourhood(L_2, 0.250411558405805, accuracy)",12435,0,0.0,0,inf
dpgan,"LocalNeighbourhood(L_2, 0.250411558405805, accuracy)",12435,1,0.0,0,inf
dpgan,"LocalNeighbourhood(L_2, 0.250411558405805, accuracy)",12435,0,0.0,0,inf
dpgan,"LocalNeighbourhood(L_2, 0.250411558405805, accuracy)",12435,1,0.0,0,inf
dpgan,"LocalNeighbourhood(L_2, 0.250411558405805, accuracy)",12435,0,0.0,0,inf
dpgan,"LocalNeighbourhood(L_2, 0.250411558405805, accuracy)",12435,1,0.0,0,inf
dpgan,"LocalNeighbourhood(L_2, 0.250411558405805, accuracy)",12435,0,0.0,0,inf
dpgan,"LocalNeighbourhood(L_2, 0.250411558405805, accuracy)",12435,1,0.0,0,inf
dpgan,"LocalNeighbourhood(L_2, 0.250411558405805, accuracy)",12435,0,0.0,0,inf
dpgan,"LocalNeighbourhood(L_2, 0.250411558405805, accuracy)",12435,1,0.0,0,inf
dpgan,"LocalNeighbourhood(L_2, 0.250411558405805, accuracy)",12435,0,0.0,0,inf
dpgan,"LocalNeighbourhood(L_2, 0.250411558405805, accuracy)",12435,1,0.0,0,inf
dpgan,"LocalNeighbourhood(L_2, 0.250411558405805, accuracy)",12435,0,0.0,0,inf
dpgan,"LocalNeighbourhood(L_2, 0.250411558405805, accuracy)",12435,1,0.0,0,inf
dpgan,"LocalNeighbourhood(L_2, 0.250411558405805, accuracy)",12435,0,0.0,0,inf
dpgan,"LocalNeighbourhood(L_2, 0.250411558405805, accuracy)",12435,1,0.0,0,inf
dpgan,"LocalNeighbourhood(L_2, 0.250411558405805, accuracy)",12435,0,0.0,0,inf
dpgan,"LocalNeighbourhood(L_2, 0.250411558405805, accuracy)",12435,1,0.0,0,inf
dpgan,"LocalNeighbourhood(L_2, 0.250411558405805, accuracy)",12435,0,0.0,0,inf
dpgan,"LocalNeighbourhood(L_2, 0.250411558405805, accuracy)",12435,1,0.0,0,inf
dpgan,"LocalNeighbourhood(L_2, 0.250411558405805, accuracy)",12435,0,0.0,0,inf
dpgan,"LocalNeighbourhood(L_2, 0.250411558405805, accuracy)",12435,1,0.0,0,inf
dpgan,"LocalNeighbourhood(L_2, 0.250411558405805, accuracy)",12435,0,0.0,0,inf
dpgan,"LocalNeighbourhood(L_2, 0.250411558405805, accuracy)",12435,1,0.0,0,inf
dpgan,"LocalNeighbourhood(L_2, 0.250411558405805, accuracy)",12435,0,0.0,0,inf
dpgan,"LocalNeighbourhood(L_2, 0.250411558405805, accuracy)",12435,1,0.0,0,inf
dpgan,"LocalNeighbourhood(L_2, 0.250411558405805, accuracy)",12435,0,0.0,0,inf
dpgan,"LocalNeighbourhood(L_2, 0.250411558405805, accuracy)",12435,1,0.0,0,inf
dpgan,"LocalNeighbourhood(L_2, 0.250411558405805, accuracy)",12435,0,0.0,0,inf
dpgan,"LocalNeighbourhood(L_2, 0.250411558405805, accuracy)",12435,1,0.0,0,inf
dpgan,"LocalNeighbourhood(L_2, 0.250411558405805, accuracy)",12435,0,0.0,0,inf
dpgan,"LocalNeighbourhood(L_2, 0.250411558405805, accuracy)",12435,1,0.0,0,inf
dpgan,"LocalNeighbourhood(L_2, 0.250411558405805, accuracy)",12435,0,0.0,0,inf
dpgan,"LocalNeighbourhood(L_2, 0.250411558405805, accuracy)",12435,1,0.0,0,inf
dpgan,"LocalNeighbourhood(L_2, 0.250411558405805, accuracy)",12435,0,0.0,0,inf
dpgan,"LocalNeighbourhood(L_2, 0.250411558405805, accuracy)",12435,1,0.0,0,inf
dpgan,"LocalNeighbourhood(L_2, 0.250411558405805, accuracy)",12435,0,0.0,0,inf
dpgan,"LocalNeighbourhood(L_2, 0.250411558405805, accuracy)",12435,1,0.0,0,inf
dpgan,"LocalNeighbourhood(L_2, 0.250411558405805, accuracy)",12435,0,0.0,0,inf
dpgan,"LocalNeighbourhood(L_2, 0.250411558405805, accuracy)",12435,1,0.0,0,inf
dpgan,"LocalNeighbourhood(L_2, 0.250411558405805, accuracy)",12435,0,0.0,0,inf
dpgan,"LocalNeighbourhood(L_2, 0.250411558405805, accuracy)",12435,1,0.0,0,inf
dpgan,"LocalNeighbourhood(L_2, 0.250411558405805, accuracy)",12435,0,0.0,0,inf
dpgan,"LocalNeighbourhood(L_2, 0.250411558405805, accuracy)",12435,1,0.0,0,inf
dpgan,"LocalNeighbourhood(L_2, 0.250411558405805, accuracy)",12435,0,0.0,0,inf
dpgan,"LocalNeighbourhood(L_2, 0.250411558405805, accuracy)",12435,1,0.0,0,inf
dpgan,"LocalNeighbourhood(L_2, 0.250411558405805, accuracy)",12435,0,0.0,0,inf
dpgan,"LocalNeighbourhood(L_2, 0.250411558405805, accuracy)",12435,1,0.0,0,inf
dpgan,"LocalNeighbourhood(L_2, 0.250411558405805, accuracy)",12435,0,0.0,0,inf
dpgan,"LocalNeighbourhood(L_2, 0.250411558405805, accuracy)",12435,1,0.0,0,inf
dpgan,"LocalNeighbourhood(L_2, 0.250411558405805, accuracy)",12435,0,0.0,0,inf
dpgan,"LocalNeighbourhood(L_2, 0.250411558405805, accuracy)",12435,1,0.0,0,inf
dpgan,"LocalNeighbourhood(L_2, 0.250411558405805, accuracy)",12435,0,0.0,0,inf
dpgan,"LocalNeighbourhood(L_2, 0.250411558405805, accuracy)",12435,1,0.0,0,inf
dpgan,"LocalNeighbourhood(L_2, 0.250411558405805, accuracy)",12435,0,0.0,0,inf
dpgan,"LocalNeighbourhood(L_2, 0.250411558405805, accuracy)",12435,1,0.0,0,inf
dpgan,"LocalNeighbourhood(L_2, 0.250411558405805, accuracy)",12435,0,0.0,0,inf
dpgan,"LocalNeighbourhood(L_2, 0.250411558405805, accuracy)",12435,1,0.0,0,inf
dpgan,"LocalNeighbourhood(L_2, 0.250411558405805, accuracy)",12435,0,0.0,0,inf
dpgan,"LocalNeighbourhood(L_2, 0.250411558405805, accuracy)",12435,1,0.0,0,inf
dpgan,"LocalNeighbourhood(L_2, 0.250411558405805, accuracy)",12435,0,0.0,0,inf
dpgan,"LocalNeighbourhood(L_2, 0.250411558405805, accuracy)",12435,1,0.0,0,inf
dpgan,"LocalNeighbourhood(L_2, 0.250411558405805, accuracy)",12435,0,0.0,0,inf
dpgan,"LocalNeighbourhood(L_2, 0.250411558405805, accuracy)",12435,1,0.0,0,inf
dpgan,"LocalNeighbourhood(L_2, 0.250411558405805, accuracy)",12435,0,0.0,0,inf
dpgan,"LocalNeighbourhood(L_2, 0.250411558405805, accuracy)",12435,1,0.0,0,inf
dpgan,"LocalNeighbourhood(L_2, 0.250411558405805, accuracy)",12435,0,0.0,0,inf
dpgan,"LocalNeighbourhood(L_2, 0.250411558405805, accuracy)",12435,1,0.0,0,inf
dpgan,"LocalNeighbourhood(L_2, 0.250411558405805, accuracy)",12435,0,0.0,0,inf
dpgan,"LocalNeighbourhood(L_2, 0.250411558405805, accuracy)",12435,1,0.0,0,inf
dpgan,"LocalNeighbourhood(L_2, 0.250411558405805, accuracy)",12435,0,0.0,0,inf
dpgan,"LocalNeighbourhood(L_2, 0.250411558405805, accuracy)",12435,1,0.0,0,inf
dpgan,"LocalNeighbourhood(L_2, 0.250411558405805, accuracy)",12435,0,0.0,0,inf
dpgan,"LocalNeighbourhood(L_2, 0.250411558405805, accuracy)",12435,1,0.0,0,inf
dpgan,"LocalNeighbourhood(L_2, 0.250411558405805, accuracy)",12435,0,0.0,0,inf
dpgan,"LocalNeighbourhood(L_2, 0.250411558405805, accuracy)",12435,1,0.0,0,inf
dpgan,"LocalNeighbourhood(L_2, 0.250411558405805, accuracy)",12435,0,0.0,0,inf
dpgan,"LocalNeighbourhood(L_2, 0.250411558405805, accuracy)",12435,1,0.0,0,inf
dpgan,"LocalNeighbourhood(L_2, 0.250411558405805, accuracy)",12435,0,0.0,0,inf
dpgan,"LocalNeighbourhood(L_2, 0.250411558405805, accuracy)",12435,1,0.0,0,inf
dpgan,"LocalNeighbourhood(L_2, 0.250411558405805, accuracy)",12435,0,0.0,0,inf
dpgan,"LocalNeighbourhood(L_2, 0.250411558405805, accuracy)",12435,1,0.0,0,inf
dpgan,"LocalNeighbourhood(L_2, 0.250411558405805, accuracy)",12435,0,0.0,0,inf
dpgan,"LocalNeighbourhood(L_2, 0.250411558405805, accuracy)",12435,1,0.0,0,inf
dpgan,"LocalNeighbourhood(L_2, 0.250411558405805, accuracy)",12435,0,0.0,0,inf
dpgan,"LocalNeighbourhood(L_2, 0.250411558405805, accuracy)",12435,1,0.0,0,inf
dpgan,"LocalNeighbourhood(L_2, 0.250411558405805, accuracy)",12435,0,0.0,0,inf
dpgan,"LocalNeighbourhood(L_2, 0.250411558405805, accuracy)",12435,1,0.0,0,inf
dpgan,"LocalNeighbourhood(L_2, 0.250411558405805, accuracy)",12435,0,0.0,0,inf
dpgan,"LocalNeighbourhood(L_2, 0.250411558405805, accuracy)",12435,1,0.0,0,inf
dpgan,"LocalNeighbourhood(L_2, 0.250411558405805, accuracy)",12435,0,0.0,0,inf
dpgan,"LocalNeighbourhood(L_2, 0.250411558405805, accuracy)",12435,1,0.0,0,inf
dpgan,"LocalNeighbourhood(L_2, 0.250411558405805, accuracy)",12435,0,0.0,0,inf
dpgan,"LocalNeighbourhood(L_2, 0.250411558405805, accuracy)",12435,1,0.0,0,inf
dpgan,"LocalNeighbourhood(L_2, 0.250411558405805, accuracy)",12435,0,0.0,0,inf
dpgan,"LocalNeighbourhood(L_2, 0.250411558405805, accuracy)",12435,1,0.0,0,inf
dpgan,"LocalNeighbourhood(L_2, 0.250411558405805, accuracy)",12435,0,0.0,0,inf
dpgan,"LocalNeighbourhood(L_2, 0.250411558405805, accuracy)",12435,1,0.0,0,inf
dpgan,"LocalNeighbourhood(L_2, 0.250411558405805, accuracy)",12435,0,0.0,0,inf
dpgan,"LocalNeighbourhood(L_2, 0.250411558405805, accuracy)",12435,1,0.0,0,inf
dpgan,"LocalNeighbourhood(L_2, 0.250411558405805, accuracy)",12435,0,0.0,0,inf
dpgan,"LocalNeighbourhood(L_2, 0.250411558405805, accuracy)",12435,1,0.0,0,inf
dpgan,"LocalNeighbourhood(L_2, 0.250411558405805, accuracy)",12435,0,0.0,0,inf
dpgan,"LocalNeighbourhood(L_2, 0.250411558405805, accuracy)",12435,1,0.0,0,inf
dpgan,"LocalNeighbourhood(L_2, 0.250411558405805, accuracy)",12435,0,0.0,0,inf
dpgan,"LocalNeighbourhood(L_2, 0.250411558405805, accuracy)",12435,1,0.0,0,inf
dpgan,"LocalNeighbourhood(L_2, 0.250411558405805, accuracy)",12435,0,0.0,0,inf
dpgan,"LocalNeighbourhood(L_2, 0.250411558405805, accuracy)",12435,1,0.0,0,inf
dpgan,"LocalNeighbourhood(L_2, 0.250411558405805, accuracy)",12435,0,0.0,0,inf
dpgan,"LocalNeighbourhood(L_2, 0.250411558405805, accuracy)",12435,1,0.0,0,inf
dpgan,"LocalNeighbourhood(L_2, 0.250411558405805, accuracy)",12435,0,0.0,0,inf
dpgan,"LocalNeighbourhood(L_2, 0.250411558405805, accuracy)",12435,1,0.0,0,inf
dpgan,"LocalNeighbourhood(L_2, 0.250411558405805, accuracy)",12435,0,0.0,0,inf
dpgan,"LocalNeighbourhood(L_2, 0.250411558405805, accuracy)",12435,1,0.0,0,inf
dpgan,"LocalNeighbourhood(L_2, 0.250411558405805, accuracy)",12435,0,0.0,0,inf
dpgan,"LocalNeighbourhood(L_2, 0.250411558405805, accuracy)",12435,1,0.0,0,inf
dpgan,"LocalNeighbourhood(L_2, 0.250411558405805, accuracy)",12435,0,0.0,0,inf
dpgan,"LocalNeighbourhood(L_2, 0.250411558405805, accuracy)",12435,1,0.0,0,inf
dpgan,"LocalNeighbourhood(L_2, 0.250411558405805, accuracy)",12435,0,0.0,0,inf
dpgan,"LocalNeighbourhood(L_2, 0.250411558405805, accuracy)",12435,1,0.0,0,inf
dpgan,"LocalNeighbourhood(L_2, 0.250411558405805, accuracy)",12435,0,0.0,0,inf
dpgan,"LocalNeighbourhood(L_2, 0.250411558405805, accuracy)",12435,1,0.0,0,inf
dpgan,"LocalNeighbourhood(L_2, 0.250411558405805, accuracy)",12435,0,0.0,0,inf
dpgan,"LocalNeighbourhood(L_2, 0.250411558405805, accuracy)",12435,1,0.0,0,inf
dpgan,"LocalNeighbourhood(L_2, 0.250411558405805, accuracy)",12435,0,0.0,0,inf
dpgan,"LocalNeighbourhood(L_2, 0.250411558405805, accuracy)",12435,1,0.0,0,inf
dpgan,"LocalNeighbourhood(L_2, 0.250411558405805, accuracy)",12435,0,0.0,0,inf
dpgan,"LocalNeighbourhood(L_2, 0.250411558405805, accuracy)",12435,1,0.0,0,inf
dpgan,"LocalNeighbourhood(L_2, 0.250411558405805, accuracy)",12435,0,0.0,0,inf
dpgan,"LocalNeighbourhood(L_2, 0.250411558405805, accuracy)",12435,1,0.0,0,inf
dpgan,"LocalNeighbourhood(L_2, 0.250411558405805, accuracy)",12435,0,0.0,0,inf
dpgan,"LocalNeighbourhood(L_2, 0.250411558405805, accuracy)",12435,1,0.0,0,inf
dpgan,"LocalNeighbourhood(L_2, 0.250411558405805, accuracy)",12435,0,0.0,0,inf
dpgan,"LocalNeighbourhood(L_2, 0.250411558405805, accuracy)",12435,1,0.0,0,inf
dpgan,"LocalNeighbourhood(L_2, 0.250411558405805, accuracy)",12435,0,0.0,0,inf
dpgan,"LocalNeighbourhood(L_2, 0.250411558405805, accuracy)",12435,1,0.0,0,inf
dpgan,"LocalNeighbourhood(L_2, 0.250411558405805, accuracy)",12435,0,0.0,0,inf
dpgan,"LocalNeighbourhood(L_2, 0.250411558405805, accuracy)",12435,1,0.0,0,inf
dpgan,"LocalNeighbourhood(L_2, 0.250411558405805, accuracy)",12435,0,0.0,0,inf
dpgan,"LocalNeighbourhood(L_2, 0.250411558405805, accuracy)",12435,1,0.0,0,inf
dpgan,"LocalNeighbourhood(L_2, 0.250411558405805, accuracy)",12435,0,0.0,0,inf
dpgan,"LocalNeighbourhood(L_2, 0.250411558405805, accuracy)",12435,1,0.0,0,inf
dpgan,"LocalNeighbourhood(L_2, 0.250411558405805, accuracy)",12435,0,0.0,0,inf
dpgan,"LocalNeighbourhood(L_2, 0.250411558405805, accuracy)",12435,1,0.0,0,inf
dpgan,"LocalNeighbourhood(L_2, 0.250411558405805, accuracy)",12435,0,0.0,0,inf
dpgan,"LocalNeighbourhood(L_2, 0.250411558405805, accuracy)",12435,1,0.0,0,inf
dpgan,"LocalNeighbourhood(L_2, 0.250411558405805, accuracy)",12435,0,0.0,0,inf
dpgan,"LocalNeighbourhood(L_2, 0.250411558405805, accuracy)",12435,1,0.0,0,inf
dpgan,"LocalNeighbourhood(L_2, 0.250411558405805, accuracy)",12435,0,0.0,0,inf
dpgan,"LocalNeighbourhood(L_2, 0.250411558405805, accuracy)",12435,1,0.0,0,inf
dpgan,"LocalNeighbourhood(L_2, 0.250411558405805, accuracy)",12435,0,0.0,0,inf
dpgan,"LocalNeighbourhood(L_2, 0.250411558405805, accuracy)",12435,1,0.0,0,inf
dpgan,"LocalNeighbourhood(L_2, 0.250411558405805, accuracy)",12435,0,0.0,0,inf
dpgan,"LocalNeighbourhood(L_2, 0.250411558405805, accuracy)",12435,1,0.0,0,inf
dpgan,"LocalNeighbourhood(L_2, 0.250411558405805, accuracy)",12435,0,0.0,0,inf
dpgan,"LocalNeighbourhood(L_2, 0.250411558405805, accuracy)",12435,1,0.0,0,inf
dpgan,"LocalNeighbourhood(L_2, 0.250411558405805, accuracy)",12435,0,0.0,0,inf
dpgan,"LocalNeighbourhood(L_2, 0.250411558405805, accuracy)",12435,1,0.0,0,inf
dpgan,"LocalNeighbourhood(L_2, 0.250411558405805, accuracy)",12435,0,0.0,0,inf
dpgan,"LocalNeighbourhood(L_2, 0.250411558405805, accuracy)",12435,1,0.0,0,inf
dpgan,"LocalNeighbourhood(L_2, 0.250411558405805, accuracy)",12435,0,0.0,0,inf
dpgan,"LocalNeighbourhood(L_2, 0.250411558405805, accuracy)",12435,1,0.0,0,inf
dpgan,"LocalNeighbourhood(L_2, 0.250411558405805, accuracy)",12435,0,0.0,0,inf
dpgan,"LocalNeighbourhood(L_2, 0.250411558405805, accuracy)",12435,1,0.0,0,inf
dpgan,"LocalNeighbourhood(L_2, 0.250411558405805, accuracy)",12435,0,0.0,0,inf
dpgan,"LocalNeighbourhood(L_2, 0.250411558405805, accuracy)",12435,1,0.0,0,inf
dpgan,"LocalNeighbourhood(L_2, 0.250411558405805, accuracy)",12435,0,0.0,0,inf
dpgan,"LocalNeighbourhood(L_2, 0.250411558405805, accuracy)",12435,1,0.0,0,inf
dpgan,"LocalNeighbourhood(L_2, 0.250411558405805, accuracy)",12435,0,0.0,0,inf
dpgan,"LocalNeighbourhood(L_2, 0.250411558405805, accuracy)",12435,1,0.0,0,inf
dpgan,"LocalNeighbourhood(L_2, 0.250411558405805, accuracy)",12435,0,0.0,0,inf
dpgan,"LocalNeighbourhood(L_2, 0.250411558405805, accuracy)",12435,1,0.0,0,inf
dpgan,"LocalNeighbourhood(L_2, 0.250411558405805, accuracy)",12435,0,0.0,0,inf
dpgan,"LocalNeighbourhood(L_2, 0.250411558405805, accuracy)",12435,1,0.0,0,inf
dpgan,"LocalNeighbourhood(L_2, 0.250411558405805, accuracy)",12435,0,0.0,0,inf
dpgan,"LocalNeighbourhood(L_2, 0.250411558405805, accuracy)",12435,1,0.0,0,inf
dpgan,"LocalNeighbourhood(L_2, 0.250411558405805, accuracy)",12435,0,0.0,0,inf
dpgan,"LocalNeighbourhood(L_2, 0.250411558405805, accuracy)",12435,1,0.0,0,inf
dpgan,"LocalNeighbourhood(L_2, 0.250411558405805, accuracy)",12435,0,0.0,0,inf
dpgan,"LocalNeighbourhood(L_2, 0.250411558405805, accuracy)",12435,1,0.0,0,inf
dpgan,"LocalNeighbourhood(L_2, 0.250411558405805, accuracy)",12435,0,0.0,0,inf
dpgan,"LocalNeighbourhood(L_2, 0.250411558405805, accuracy)",12435,1,0.0,0,inf
dpgan,"LocalNeighbourhood(L_2, 0.250411558405805, accuracy)",12435,0,0.0,0,inf
dpgan,"LocalNeighbourhood(L_2, 0.250411558405805, accuracy)",12435,1,0.0,0,inf
dpgan,"LocalNeighbourhood(L_2, 0.250411558405805, accuracy)",12435,0,0.0,0,inf
dpgan,"LocalNeighbourhood(L_2, 0.250411558405805, accuracy)",12435,1,0.0,0,inf
dpgan,"LocalNeighbourhood(L_2, 0.250411558405805, accuracy)",12435,0,0.0,0,inf
dpgan,"LocalNeighbourhood(L_2, 0.250411558405805, accuracy)",12435,1,0.0,0,inf
dpgan,"LocalNeighbourhood(L_2, 0.250411558405805, accuracy)",12435,0,0.0,0,inf
dpgan,"LocalNeighbourhood(L_2, 0.250411558405805, accuracy)",12435,1,0.0,0,inf
dpgan,"LocalNeighbourhood(L_2, 0.250411558405805, accuracy)",12435,0,0.0,0,inf
dpgan,"LocalNeighbourhood(L_2, 0.250411558405805, accuracy)",12435,1,0.0,0,inf
dpgan,"LocalNeighbourhood(L_2, 0.250411558405805, accuracy)",12435,0,0.0,0,inf
dpgan,"LocalNeighbourhood(L_2, 0.250411558405805, accuracy)",12435,1,0.0,0,inf
dpgan,"LocalNeighbourhood(L_2, 0.250411558405805, accuracy)",12435,0,0.0,0,inf
dpgan,"LocalNeighbourhood(L_2, 0.250411558405805, accuracy)",12435,1,0.0,0,inf
dpgan,"LocalNeighbourhood(L_2, 0.250411558405805, accuracy)",12435,0,0.0,0,inf
dpgan,"LocalNeighbourhood(L_2, 0.250411558405805, accuracy)",12435,1,0.0,0,inf
dpgan,"LocalNeighbourhood(L_2, 0.250411558405805, accuracy)",12435,0,0.0,0,inf
dpgan,"LocalNeighbourhood(L_2, 0.250411558405805, accuracy)",12435,1,0.0,0,inf
dpgan,"LocalNeighbourhood(L_2, 0.250411558405805, accuracy)",12435,0,0.0,0,inf
dpgan,"LocalNeighbourhood(L_2, 0.250411558405805, accuracy)",12435,1,0.0,0,inf
dpgan,"LocalNeighbourhood(L_2, 0.250411558405805, accuracy)",12435,0,0.0,0,inf
dpgan,"LocalNeighbourhood(L_2, 0.250411558405805, accuracy)",12435,1,0.0,0,inf
dpgan,"LocalNeighbourhood(L_2, 0.250411558405805, accuracy)",12435,0,0.0,0,inf
dpgan,"LocalNeighbourhood(L_2, 0.250411558405805, accuracy)",12435,1,0.0,0,inf
dpgan,"LocalNeighbourhood(L_2, 0.250411558405805, accuracy)",12435,0,0.0,0,inf
dpgan,"LocalNeighbourhood(L_2, 0.250411558405805, accuracy)",12435,1,0.0,0,inf
dpgan,"LocalNeighbourhood(L_2, 0.250411558405805, accuracy)",12435,0,0.0,0,inf
dpgan,"LocalNeighbourhood(L_2, 0.250411558405805, accuracy)",12435,1,0.0,0,inf
dpgan,"LocalNeighbourhood(L_2, 0.250411558405805, accuracy)",12435,0,0.0,0,inf
dpgan,"LocalNeighbourhood(L_2, 0.250411558405805, accuracy)",12435,1,0.0,0,inf
dpgan,"LocalNeighbourhood(L_2, 0.250411558405805, accuracy)",12435,0,0.0,0,inf
dpgan,"LocalNeighbourhood(L_2, 0.250411558405805, accuracy)",12435,1,0.0,0,inf
dpgan,"LocalNeighbourhood(L_2, 0.250411558405805, accuracy)",12435,0,0.0,0,inf
dpgan,"LocalNeighbourhood(L_2, 0.250411558405805, accuracy)",12435,1,0.0,0,inf
dpgan,"LocalNeighbourhood(L_2, 0.250411558405805, accuracy)",12435,0,0.0,0,inf
dpgan,"LocalNeighbourhood(L_2, 0.250411558405805, accuracy)",12435,1,0.0,0,inf
dpgan,"LocalNeighbourhood(L_2, 0.250411558405805, accuracy)",12435,0,0.0,0,inf
dpgan,"LocalNeighbourhood(L_2, 0.250411558405805, accuracy)",12435,1,0.0,0,inf
dpgan,"LocalNeighbourhood(L_2, 0.250411558405805, accuracy)",12435,0,0.0,0,inf
dpgan,"LocalNeighbourhood(L_2, 0.250411558405805, accuracy)",12435,1,0.0,0,inf
dpgan,"LocalNeighbourhood(L_2, 0.250411558405805, accuracy)",12435,0,0.0,0,inf
dpgan,"LocalNeighbourhood(L_2, 0.250411558405805, accuracy)",12435,1,0.0,0,inf
dpgan,"LocalNeighbourhood(L_2, 0.250411558405805, accuracy)",12435,0,0.0,0,inf
dpgan,"LocalNeighbourhood(L_2, 0.250411558405805, accuracy)",12435,1,0.0,0,inf
dpgan,"LocalNeighbourhood(L_2, 0.250411558405805, accuracy)",12435,0,0.0,0,inf
dpgan,"LocalNeighbourhood(L_2, 0.250411558405805, accuracy)",12435,1,0.0,0,inf
dpgan,"LocalNeighbourhood(L_2, 0.250411558405805, accuracy)",12435,0,0.0,0,inf
dpgan,"LocalNeighbourhood(L_2, 0.250411558405805, accuracy)",12435,1,0.0,0,inf
dpgan,"LocalNeighbourhood(L_2, 0.250411558405805, accuracy)",12435,0,0.0,0,inf
dpgan,"LocalNeighbourhood(L_2, 0.250411558405805, accuracy)",12435,1,0.0,0,inf
dpgan,"LocalNeighbourhood(L_2, 0.250411558405805, accuracy)",12435,0,0.0,0,inf
dpgan,"LocalNeighbourhood(L_2, 0.250411558405805, accuracy)",12435,1,0.0,0,inf
dpgan,"LocalNeighbourhood(L_2, 0.250411558405805, accuracy)",12435,0,0.0,0,inf
dpgan,"LocalNeighbourhood(L_2, 0.250411558405805, accuracy)",12435,1,0.0,0,inf
dpgan,"LocalNeighbourhood(L_2, 0.250411558405805, accuracy)",12435,0,0.0,0,inf
dpgan,"LocalNeighbourhood(L_2, 0.250411558405805, accuracy)",12435,1,0.0,0,inf
dpgan,"LocalNeighbourhood(L_2, 0.250411558405805, accuracy)",12435,0,0.0,0,inf
dpgan,"LocalNeighbourhood(L_2, 0.250411558405805, accuracy)",12435,1,0.0,0,inf
dpgan,"LocalNeighbourhood(L_2, 0.250411558405805, accuracy)",12435,0,0.0,0,inf
dpgan,"LocalNeighbourhood(L_2, 0.250411558405805, accuracy)",12435,1,0.0,0,inf
dpgan,"LocalNeighbourhood(L_2, 0.250411558405805, accuracy)",12435,0,0.0,0,inf
dpgan,"LocalNeighbourhood(L_2, 0.250411558405805, accuracy)",12435,1,0.0,0,inf
dpgan,"LocalNeighbourhood(L_2, 0.250411558405805, accuracy)",12435,0,0.0,0,inf
dpgan,"LocalNeighbourhood(L_2, 0.250411558405805, accuracy)",12435,1,0.0,0,inf
dpgan,"LocalNeighbourhood(L_2, 0.250411558405805, accuracy)",12435,0,0.0,0,inf
dpgan,"LocalNeighbourhood(L_2, 0.250411558405805, accuracy)",12435,1,0.0,0,inf
dpgan,"LocalNeighbourhood(L_2, 0.250411558405805, accuracy)",12435,0,0.0,0,inf
dpgan,"LocalNeighbourhood(L_2, 0.250411558405805, accuracy)",12435,1,0.0,0,inf
dpgan,"LocalNeighbourhood(L_2, 0.250411558405805, accuracy)",12435,0,0.0,0,inf
dpgan,"LocalNeighbourhood(L_2, 0.250411558405805, accuracy)",12435,1,0.0,0,inf
dpgan,"LocalNeighbourhood(L_2, 0.250411558405805, accuracy)",12435,0,0.0,0,inf
dpgan,"LocalNeighbourhood(L_2, 0.250411558405805, accuracy)",12435,1,0.0,0,inf
dpgan,"LocalNeighbourhood(L_2, 0.250411558405805, accuracy)",12435,0,0.0,0,inf
dpgan,"LocalNeighbourhood(L_2, 0.250411558405805, accuracy)",12435,1,0.0,0,inf
dpgan,"LocalNeighbourhood(L_2, 0.250411558405805, accuracy)",12435,0,0.0,0,inf
dpgan,"LocalNeighbourhood(L_2, 0.250411558405805, accuracy)",12435,1,0.0,0,inf
dpgan,"LocalNeighbourhood(L_2, 0.250411558405805, accuracy)",12435,0,0.0,0,inf
dpgan,"LocalNeighbourhood(L_2, 0.250411558405805, accuracy)",12435,1,0.0,0,inf
dpgan,"LocalNeighbourhood(L_2, 0.250411558405805, accuracy)",12435,0,0.0,0,inf
dpgan,"LocalNeighbourhood(L_2, 0.250411558405805, accuracy)",12435,1,0.0,0,inf
dpgan,"LocalNeighbourhood(L_2, 0.250411558405805, accuracy)",12435,0,0.0,0,inf
dpgan,"LocalNeighbourhood(L_2, 0.250411558405805, accuracy)",12435,1,0.0,0,inf
dpgan,"LocalNeighbourhood(L_2, 0.250411558405805, accuracy)",12435,0,0.0,0,inf
dpgan,"LocalNeighbourhood(L_2, 0.250411558405805, accuracy)",12435,1,0.0,0,inf
dpgan,"LocalNeighbourhood(L_2, 0.250411558405805, accuracy)",12435,0,0.0,0,inf
dpgan,"LocalNeighbourhood(L_2, 0.250411558405805, accuracy)",12435,1,0.0,0,inf
dpgan,"LocalNeighbourhood(L_2, 0.250411558405805, accuracy)",12435,0,0.0,0,inf
dpgan,"LocalNeighbourhood(L_2, 0.250411558405805, accuracy)",12435,1,0.0,0,inf
dpgan,"LocalNeighbourhood(L_2, 0.250411558405805, accuracy)",12435,0,0.0,0,inf
dpgan,"LocalNeighbourhood(L_2, 0.250411558405805, accuracy)",12435,1,0.0,0,inf
dpgan,"LocalNeighbourhood(L_2, 0.250411558405805, accuracy)",12435,0,0.0,0,inf
dpgan,"LocalNeighbourhood(L_2, 0.250411558405805, accuracy)",12435,1,0.0,0,inf
dpgan,"LocalNeighbourhood(L_2, 0.250411558405805, accuracy)",12435,0,0.0,0,inf
dpgan,"LocalNeighbourhood(L_2, 0.250411558405805, accuracy)",12435,1,0.0,0,inf
dpgan,"LocalNeighbourhood(L_2, 0.250411558405805, accuracy)",12435,0,0.0,0,inf
dpgan,"LocalNeighbourhood(L_2, 0.250411558405805, accuracy)",12435,1,0.0,0,inf
dpgan,"LocalNeighbourhood(L_2, 0.250411558405805, accuracy)",12435,0,0.0,0,inf
dpgan,"LocalNeighbourhood(L_2, 0.250411558405805, accuracy)",12435,1,0.0,0,inf
dpgan,"LocalNeighbourhood(L_2, 0.250411558405805, accuracy)",12435,0,0.0,0,inf
dpgan,"LocalNeighbourhood(L_2, 0.250411558405805, accuracy)",12435,1,0.0,0,inf
dpgan,"LocalNeighbourhood(L_2, 0.250411558405805, accuracy)",12435,0,0.0,0,inf
dpgan,"LocalNeighbourhood(L_2, 0.250411558405805, accuracy)",12435,1,0.0,0,inf
dpgan,"LocalNeighbourhood(L_2, 0.250411558405805, accuracy)",12435,0,0.0,0,inf
dpgan,"LocalNeighbourhood(L_2, 0.250411558405805, accuracy)",12435,1,0.0,0,inf
dpgan,"LocalNeighbourhood(L_2, 0.250411558405805, accuracy)",12435,0,0.0,0,inf
dpgan,"LocalNeighbourhood(L_2, 0.250411558405805, accuracy)",12435,1,0.0,0,inf
dpgan,"LocalNeighbourhood(L_2, 0.250411558405805, accuracy)",12435,0,0.0,0,inf
dpgan,"LocalNeighbourhood(L_2, 0.250411558405805, accuracy)",12435,1,0.0,0,inf
dpgan,"LocalNeighbourhood(L_2, 0.250411558405805, accuracy)",12435,0,0.0,0,inf
dpgan,"LocalNeighbourhood(L_2, 0.250411558405805, accuracy)",12435,1,0.0,0,inf
dpgan,"LocalNeighbourhood(L_2, 0.250411558405805, accuracy)",12435,0,0.0,0,inf
dpgan,"LocalNeighbourhood(L_2, 0.250411558405805, accuracy)",12435,1,0.0,0,inf
dpgan,"LocalNeighbourhood(L_2, 0.250411558405805, accuracy)",12435,0,0.0,0,inf
dpgan,"LocalNeighbourhood(L_2, 0.250411558405805, accuracy)",12435,1,0.0,0,inf
dpgan,"LocalNeighbourhood(L_2, 0.250411558405805, accuracy)",12435,0,0.0,0,inf
dpgan,"LocalNeighbourhood(L_2, 0.250411558405805, accuracy)",12435,1,0.0,0,inf
dpgan,"LocalNeighbourhood(L_2, 0.250411558405805, accuracy)",12435,0,0.0,0,inf
dpgan,"LocalNeighbourhood(L_2, 0.250411558405805, accuracy)",12435,1,0.0,0,inf
dpgan,"LocalNeighbourhood(L_2, 0.250411558405805, accuracy)",12435,0,0.0,0,inf
dpgan,"LocalNeighbourhood(L_2, 0.250411558405805, accuracy)",12435,1,0.0,0,inf
dpgan,"LocalNeighbourhood(L_2, 0.250411558405805, accuracy)",12435,0,0.0,0,inf
dpgan,"LocalNeighbourhood(L_2, 0.250411558405805, accuracy)",12435,1,0.0,0,inf
dpgan,"LocalNeighbourhood(L_2, 0.250411558405805, accuracy)",12435,0,0.0,0,inf
dpgan,"LocalNeighbourhood(L_2, 0.250411558405805, accuracy)",12435,1,0.0,0,inf
dpgan,"LocalNeighbourhood(L_2, 0.250411558405805, accuracy)",12435,0,0.0,0,inf
dpgan,"LocalNeighbourhood(L_2, 0.250411558405805, accuracy)",12435,1,0.0,0,inf
dpgan,"LocalNeighbourhood(L_2, 0.250411558405805, accuracy)",12435,0,0.0,0,inf
dpgan,"LocalNeighbourhood(L_2, 0.250411558405805, accuracy)",12435,1,0.0,0,inf
dpgan,"LocalNeighbourhood(L_2, 0.250411558405805, accuracy)",12435,0,0.0,0,inf
dpgan,"LocalNeighbourhood(L_2, 0.250411558405805, accuracy)",12435,1,0.0,0,inf
dpgan,"LocalNeighbourhood(L_2, 0.250411558405805, accuracy)",12435,0,0.0,0,inf
dpgan,"LocalNeighbourhood(L_2, 0.250411558405805, accuracy)",12435,1,0.0,0,inf
dpgan,"LocalNeighbourhood(L_2, 0.250411558405805, accuracy)",12435,0,0.0,0,inf
dpgan,"LocalNeighbourhood(L_2, 0.250411558405805, accuracy)",12435,1,0.0,0,inf
dpgan,"LocalNeighbourhood(L_2, 0.250411558405805, accuracy)",12435,0,0.0,0,inf
dpgan,"LocalNeighbourhood(L_2, 0.250411558405805, accuracy)",12435,1,0.0,0,inf
dpgan,"LocalNeighbourhood(L_2, 0.250411558405805, accuracy)",12435,0,0.0,0,inf
dpgan,"LocalNeighbourhood(L_2, 0.250411558405805, accuracy)",12435,1,0.0,0,inf
dpgan,"LocalNeighbourhood(L_2, 0.250411558405805, accuracy)",12435,0,0.0,0,inf
dpgan,"LocalNeighbourhood(L_2, 0.250411558405805, accuracy)",12435,1,0.0,0,inf
dpgan,"LocalNeighbourhood(L_2, 0.250411558405805, accuracy)",12435,0,0.0,0,inf
dpgan,"LocalNeighbourhood(L_2, 0.250411558405805, accuracy)",12435,1,0.0,0,inf
dpgan,"LocalNeighbourhood(L_2, 0.250411558405805, accuracy)",12435,0,0.0,0,inf
dpgan,"LocalNeighbourhood(L_2, 0.250411558405805, accuracy)",12435,1,0.0,0,inf
dpgan,"LocalNeighbourhood(L_2, 0.250411558405805, accuracy)",12435,0,0.0,0,inf
dpgan,"LocalNeighbourhood(L_2, 0.250411558405805, accuracy)",12435,1,0.0,0,inf
dpgan,"LocalNeighbourhood(L_2, 0.250411558405805, accuracy)",12435,0,0.0,0,inf
dpgan,"LocalNeighbourhood(L_2, 0.250411558405805, accuracy)",12435,1,0.0,0,inf
dpgan,"LocalNeighbourhood(L_2, 0.250411558405805, accuracy)",12435,0,0.0,0,inf
dpgan,"LocalNeighbourhood(L_2, 0.250411558405805, accuracy)",12435,1,0.0,0,inf
dpgan,"LocalNeighbourhood(L_2, 0.250411558405805, accuracy)",12435,0,0.0,0,inf
dpgan,"LocalNeighbourhood(L_2, 0.250411558405805, accuracy)",12435,1,0.0,0,inf
dpgan,"LocalNeighbourhood(L_2, 0.250411558405805, accuracy)",12435,0,0.0,0,inf
dpgan,"LocalNeighbourhood(L_2, 0.250411558405805, accuracy)",12435,1,0.0,0,inf
dpgan,"LocalNeighbourhood(L_2, 0.250411558405805, accuracy)",12435,0,0.0,0,inf
dpgan,"LocalNeighbourhood(L_2, 0.250411558405805, accuracy)",12435,1,0.0,0,inf
dpgan,"LocalNeighbourhood(L_2, 0.250411558405805, accuracy)",12435,0,0.0,0,inf
dpgan,"LocalNeighbourhood(L_2, 0.250411558405805, accuracy)",12435,1,0.0,0,inf
dpgan,"LocalNeighbourhood(L_2, 0.250411558405805, accuracy)",12435,0,0.0,0,inf
dpgan,"LocalNeighbourhood(L_2, 0.250411558405805, accuracy)",12435,1,0.0,0,inf
dpgan,"LocalNeighbourhood(L_2, 0.250411558405805, accuracy)",12435,0,0.0,0,inf
dpgan,"LocalNeighbourhood(L_2, 0.250411558405805, accuracy)",12435,1,0.0,0,inf
dpgan,"LocalNeighbourhood(L_2, 0.250411558405805, accuracy)",12435,0,0.0,0,inf
dpgan,"LocalNeighbourhood(L_2, 0.250411558405805, accuracy)",12435,1,0.0,0,inf
dpgan,"LocalNeighbourhood(L_2, 0.250411558405805, accuracy)",12435,0,0.0,0,inf
dpgan,"LocalNeighbourhood(L_2, 0.250411558405805, accuracy)",12435,1,0.0,0,inf
dpgan,"LocalNeighbourhood(L_2, 0.250411558405805, accuracy)",12435,0,0.0,0,inf
dpgan,"LocalNeighbourhood(L_2, 0.250411558405805, accuracy)",12435,1,0.0,0,inf
dpgan,"LocalNeighbourhood(L_2, 0.250411558405805, accuracy)",12435,0,0.0,0,inf
dpgan,"LocalNeighbourhood(L_2, 0.250411558405805, accuracy)",12435,1,0.0,0,inf
dpgan,"LocalNeighbourhood(L_2, 0.250411558405805, accuracy)",12435,0,0.0,0,inf
dpgan,"LocalNeighbourhood(L_2, 0.250411558405805, accuracy)",12435,1,0.0,0,inf
dpgan,"LocalNeighbourhood(L_2, 0.250411558405805, accuracy)",12435,0,0.0,0,inf
dpgan,"LocalNeighbourhood(L_2, 0.250411558405805, accuracy)",12435,1,0.0,0,inf
dpgan,"LocalNeighbourhood(L_2, 0.250411558405805, accuracy)",12435,0,0.0,0,inf
dpgan,"LocalNeighbourhood(L_2, 0.250411558405805, accuracy)",12435,1,0.0,0,inf
dpgan,"LocalNeighbourhood(L_2, 0.250411558405805, accuracy)",12435,0,0.0,0,inf
dpgan,"LocalNeighbourhood(L_2, 0.250411558405805, accuracy)",12435,1,0.0,0,inf
dpgan,"LocalNeighbourhood(L_2, 0.250411558405805, accuracy)",12435,0,0.0,0,inf
dpgan,"LocalNeighbourhood(L_2, 0.250411558405805, accuracy)",12435,1,0.0,0,inf
dpgan,"LocalNeighbourhood(L_2, 0.250411558405805, accuracy)",12435,0,0.0,0,inf
dpgan,"LocalNeighbourhood(L_2, 0.250411558405805, accuracy)",12435,1,0.0,0,inf
dpgan,"LocalNeighbourhood(L_2, 0.250411558405805, accuracy)",12435,0,0.0,0,inf
dpgan,"LocalNeighbourhood(L_2, 0.250411558405805, accuracy)",12435,1,0.0,0,inf
dpgan,"LocalNeighbourhood(L_2, 0.250411558405805, accuracy)",12435,0,0.0,0,inf
dpgan,"LocalNeighbourhood(L_2, 0.250411558405805, accuracy)",12435,1,0.0,0,inf
dpgan,"LocalNeighbourhood(L_2, 0.250411558405805, accuracy)",12435,0,0.0,0,inf
dpgan,"LocalNeighbourhood(L_2, 0.250411558405805, accuracy)",12435,1,0.0,0,inf
dpgan,"LocalNeighbourhood(L_2, 0.250411558405805, accuracy)",12435,0,0.0,0,inf
dpgan,"LocalNeighbourhood(L_2, 0.250411558405805, accuracy)",12435,1,0.0,0,inf
dpgan,"LocalNeighbourhood(L_2, 0.250411558405805, accuracy)",12435,0,0.0,0,inf
dpgan,"LocalNeighbourhood(L_2, 0.250411558405805, accuracy)",12435,1,0.0,0,inf
dpgan,"LocalNeighbourhood(L_2, 0.250411558405805, accuracy)",12435,0,0.0,0,inf
dpgan,"LocalNeighbourhood(L_2, 0.250411558405805, accuracy)",12435,1,0.0,0,inf
dpgan,"LocalNeighbourhood(L_2, 0.250411558405805, accuracy)",12435,0,0.0,0,inf
dpgan,"LocalNeighbourhood(L_2, 0.250411558405805, accuracy)",12435,1,0.0,0,inf
dpgan,"LocalNeighbourhood(L_2, 0.250411558405805, accuracy)",12435,0,0.0,0,inf
dpgan,"LocalNeighbourhood(L_2, 0.250411558405805, accuracy)",12435,1,0.0,0,inf
dpgan,"LocalNeighbourhood(L_2, 0.250411558405805, accuracy)",12435,0,0.0,0,inf
dpgan,"LocalNeighbourhood(L_2, 0.250411558405805, accuracy)",12435,1,0.0,0,inf
dpgan,"LocalNeighbourhood(L_2, 0.250411558405805, accuracy)",12435,0,0.0,0,inf
dpgan,"LocalNeighbourhood(L_2, 0.250411558405805, accuracy)",12435,1,0.0,0,inf
dpgan,"LocalNeighbourhood(L_2, 0.250411558405805, accuracy)",12435,0,0.0,0,inf
dpgan,"LocalNeighbourhood(L_2, 0.250411558405805, accuracy)",12435,1,0.0,0,inf
dpgan,"LocalNeighbourhood(L_2, 0.250411558405805, accuracy)",12435,0,0.0,0,inf
dpgan,"LocalNeighbourhood(L_2, 0.250411558405805, accuracy)",12435,1,0.0,0,inf
dpgan,"LocalNeighbourhood(L_2, 0.250411558405805, accuracy)",12435,0,0.0,0,inf
dpgan,"LocalNeighbourhood(L_2, 0.250411558405805, accuracy)",12435,1,0.0,0,inf
dpgan,"LocalNeighbourhood(L_2, 0.250411558405805, accuracy)",12435,0,0.0,0,inf
dpgan,"LocalNeighbourhood(L_2, 0.250411558405805, accuracy)",12435,1,0.0,0,inf
dpgan,"LocalNeighbourhood(L_2, 0.250411558405805, accuracy)",12435,0,0.0,0,inf
dpgan,"LocalNeighbourhood(L_2, 0.250411558405805, accuracy)",12435,1,0.0,0,inf
dpgan,"LocalNeighbourhood(L_2, 0.250411558405805, accuracy)",12435,0,0.0,0,inf
dpgan,"LocalNeighbourhood(L_2, 0.250411558405805, accuracy)",12435,1,0.0,0,inf
dpgan,"LocalNeighbourhood(L_2, 0.250411558405805, accuracy)",12435,0,0.0,0,inf
dpgan,"LocalNeighbourhood(L_2, 0.250411558405805, accuracy)",12435,1,0.0,0,inf
dpgan,"LocalNeighbourhood(L_2, 0.250411558405805, accuracy)",12435,0,0.0,0,inf
dpgan,"LocalNeighbourhood(L_2, 0.250411558405805, accuracy)",12435,1,0.0,0,inf
dpgan,"LocalNeighbourhood(L_2, 0.250411558405805, accuracy)",12435,0,0.0,0,inf
dpgan,"LocalNeighbourhood(L_2, 0.250411558405805, accuracy)",12435,1,0.0,0,inf
dpgan,"LocalNeighbourhood(L_2, 0.250411558405805, accuracy)",12435,0,0.0,0,inf
dpgan,"LocalNeighbourhood(L_2, 0.250411558405805, accuracy)",12435,1,0.0,0,inf
dpgan,"LocalNeighbourhood(L_2, 0.250411558405805, accuracy)",12435,0,0.0,0,inf
dpgan,"LocalNeighbourhood(L_2, 0.250411558405805, accuracy)",12435,1,0.0,0,inf
dpgan,"LocalNeighbourhood(L_2, 0.250411558405805, accuracy)",12435,0,0.0,0,inf
dpgan,"LocalNeighbourhood(L_2, 0.250411558405805, accuracy)",12435,1,0.0,0,inf
dpgan,"LocalNeighbourhood(L_2, 0.250411558405805, accuracy)",12435,0,0.0,0,inf
dpgan,"LocalNeighbourhood(L_2, 0.250411558405805, accuracy)",12435,1,0.0,0,inf
dpgan,"LocalNeighbourhood(L_2, 0.250411558405805, accuracy)",12435,0,0.0,0,inf
dpgan,"LocalNeighbourhood(L_2, 0.250411558405805, accuracy)",12435,1,0.0,0,inf
dpgan,"LocalNeighbourhood(L_2, 0.250411558405805, accuracy)",12435,0,0.0,0,inf
dpgan,"LocalNeighbourhood(L_2, 0.250411558405805, accuracy)",12435,1,0.0,0,inf
dpgan,"LocalNeighbourhood(L_2, 0.250411558405805, accuracy)",12435,0,0.0,0,inf
dpgan,"LocalNeighbourhood(L_2, 0.250411558405805, accuracy)",12435,1,0.0,0,inf
dpgan,"LocalNeighbourhood(L_2, 0.250411558405805, accuracy)",12435,0,0.0,0,inf
dpgan,"LocalNeighbourhood(L_2, 0.250411558405805, accuracy)",12435,1,0.0,0,inf
dpgan,"LocalNeighbourhood(L_2, 0.250411558405805, accuracy)",12435,0,0.0,0,inf
dpgan,"LocalNeighbourhood(L_2, 0.250411558405805, accuracy)",12435,1,0.0,0,inf
dpgan,"LocalNeighbourhood(L_2, 0.250411558405805, accuracy)",12435,0,0.0,0,inf
dpgan,"LocalNeighbourhood(L_2, 0.250411558405805, accuracy)",12435,1,0.0,0,inf
dpgan,"LocalNeighbourhood(L_2, 0.250411558405805, accuracy)",12435,0,0.0,0,inf
dpgan,"LocalNeighbourhood(L_2, 0.250411558405805, accuracy)",12435,1,0.0,0,inf
dpgan,"LocalNeighbourhood(L_2, 0.250411558405805, accuracy)",12435,0,0.0,0,inf
dpgan,"LocalNeighbourhood(L_2, 0.250411558405805, accuracy)",12435,1,0.0,0,inf
dpgan,"LocalNeighbourhood(L_2, 0.250411558405805, accuracy)",12435,0,0.0,0,inf
dpgan,"LocalNeighbourhood(L_2, 0.250411558405805, accuracy)",12435,1,0.0,0,inf
dpgan,"LocalNeighbourhood(L_2, 0.250411558405805, accuracy)",12435,0,0.0,0,inf
dpgan,"LocalNeighbourhood(L_2, 0.250411558405805, accuracy)",12435,1,0.0,0,inf
dpgan,"LocalNeighbourhood(L_2, 0.250411558405805, accuracy)",12435,0,0.0,0,inf
dpgan,"LocalNeighbourhood(L_2, 0.250411558405805, accuracy)",12435,1,0.0,0,inf
dpgan,"LocalNeighbourhood(L_2, 0.250411558405805, accuracy)",12435,0,0.0,0,inf
dpgan,"LocalNeighbourhood(L_2, 0.250411558405805, accuracy)",12435,1,0.0,0,inf
dpgan,"LocalNeighbourhood(L_2, 0.250411558405805, accuracy)",12435,0,0.0,0,inf
dpgan,"LocalNeighbourhood(L_2, 0.250411558405805, accuracy)",12435,1,0.0,0,inf
dpgan,"LocalNeighbourhood(L_2, 0.250411558405805, accuracy)",12435,0,0.0,0,inf
dpgan,"LocalNeighbourhood(L_2, 0.250411558405805, accuracy)",12435,1,0.0,0,inf
dpgan,"LocalNeighbourhood(L_2, 0.250411558405805, accuracy)",12435,0,0.0,0,inf
dpgan,"LocalNeighbourhood(L_2, 0.250411558405805, accuracy)",12435,1,0.0,0,inf
dpgan,"LocalNeighbourhood(L_2, 0.250411558405805, accuracy)",12435,0,0.0,0,inf
dpgan,"LocalNeighbourhood(L_2, 0.250411558405805, accuracy)",12435,1,0.0,0,inf
dpgan,"LocalNeighbourhood(L_2, 0.250411558405805, accuracy)",12435,0,0.0,0,inf
dpgan,"LocalNeighbourhood(L_2, 0.250411558405805, accuracy)",12435,1,0.0,0,inf
dpgan,"LocalNeighbourhood(L_2, 0.250411558405805, accuracy)",12435,0,0.0,0,inf
dpgan,"LocalNeighbourhood(L_2, 0.250411558405805, accuracy)",12435,1,0.0,0,inf
dpgan,"LocalNeighbourhood(L_2, 0.250411558405805, accuracy)",12435,0,0.0,0,inf
dpgan,"LocalNeighbourhood(L_2, 0.250411558405805, accuracy)",12435,1,0.0,0,inf
dpgan,"LocalNeighbourhood(L_2, 0.250411558405805, accuracy)",12435,0,0.0,0,inf
dpgan,"LocalNeighbourhood(L_2, 0.250411558405805, accuracy)",12435,1,0.0,0,inf
dpgan,"LocalNeighbourhood(L_2, 0.250411558405805, accuracy)",12435,0,0.0,0,inf
dpgan,"LocalNeighbourhood(L_2, 0.250411558405805, accuracy)",12435,1,0.0,0,inf
dpgan,"LocalNeighbourhood(L_2, 0.250411558405805, accuracy)",12435,0,0.0,0,inf
dpgan,"LocalNeighbourhood(L_2, 0.250411558405805, accuracy)",12435,1,0.0,0,inf
dpgan,"LocalNeighbourhood(L_2, 0.250411558405805, accuracy)",12435,0,0.0,0,inf
dpgan,"LocalNeighbourhood(L_2, 0.250411558405805, accuracy)",12435,1,0.0,0,inf
dpgan,"LocalNeighbourhood(L_2, 0.250411558405805, accuracy)",12435,0,0.0,0,inf
dpgan,"LocalNeighbourhood(L_2, 0.250411558405805, accuracy)",12435,1,0.0,0,inf
dpgan,"LocalNeighbourhood(L_2, 0.250411558405805, accuracy)",12435,0,0.0,0,inf
dpgan,"LocalNeighbourhood(L_2, 0.250411558405805, accuracy)",12435,1,0.0,0,inf
dpgan,"LocalNeighbourhood(L_2, 0.250411558405805, accuracy)",12435,0,0.0,0,inf
dpgan,"LocalNeighbourhood(L_2, 0.250411558405805, accuracy)",12435,1,0.0,0,inf
dpgan,"LocalNeighbourhood(L_2, 0.250411558405805, accuracy)",12435,0,0.0,0,inf
dpgan,"LocalNeighbourhood(L_2, 0.250411558405805, accuracy)",12435,1,0.0,0,inf
dpgan,"LocalNeighbourhood(L_2, 0.250411558405805, accuracy)",12435,0,0.0,0,inf
dpgan,"LocalNeighbourhood(L_2, 0.250411558405805, accuracy)",12435,1,0.0,0,inf
dpgan,"LocalNeighbourhood(L_2, 0.250411558405805, accuracy)",12435,0,0.0,0,inf
dpgan,"LocalNeighbourhood(L_2, 0.250411558405805, accuracy)",12435,1,0.0,0,inf
dpgan,"LocalNeighbourhood(L_2, 0.250411558405805, accuracy)",12435,0,0.0,0,inf
dpgan,"LocalNeighbourhood(L_2, 0.250411558405805, accuracy)",12435,1,0.0,0,inf
dpgan,"LocalNeighbourhood(L_2, 0.250411558405805, accuracy)",12435,0,0.0,0,inf
dpgan,"LocalNeighbourhood(L_2, 0.250411558405805, accuracy)",12435,1,0.0,0,inf
dpgan,"LocalNeighbourhood(L_2, 0.250411558405805, accuracy)",12435,0,0.0,0,inf
dpgan,"LocalNeighbourhood(L_2, 0.250411558405805, accuracy)",12435,1,0.0,0,inf
dpgan,"LocalNeighbourhood(L_2, 0.250411558405805, accuracy)",12435,0,0.0,0,inf
dpgan,"LocalNeighbourhood(L_2, 0.250411558405805, accuracy)",12435,1,0.0,0,inf
dpgan,"LocalNeighbourhood(L_2, 0.250411558405805, accuracy)",12435,0,0.0,0,inf
dpgan,"LocalNeighbourhood(L_2, 0.250411558405805, accuracy)",12435,1,0.0,0,inf
dpgan,"LocalNeighbourhood(L_2, 0.250411558405805, accuracy)",12435,0,0.0,0,inf
dpgan,"LocalNeighbourhood(L_2, 0.250411558405805, accuracy)",12435,1,0.0,0,inf
dpgan,"LocalNeighbourhood(L_2, 0.250411558405805, accuracy)",12435,0,0.0,0,inf
dpgan,"LocalNeighbourhood(L_2, 0.250411558405805, accuracy)",12435,1,0.0,0,inf
dpgan,"LocalNeighbourhood(L_2, 0.250411558405805, accuracy)",12435,0,0.0,0,inf
dpgan,"LocalNeighbourhood(L_2, 0.250411558405805, accuracy)",12435,1,0.0,0,inf
dpgan,"LocalNeighbourhood(L_2, 0.250411558405805, accuracy)",12435,0,0.0,0,inf
dpgan,"LocalNeighbourhood(L_2, 0.250411558405805, accuracy)",12435,1,0.0,0,inf
dpgan,"LocalNeighbourhood(L_2, 0.250411558405805, accuracy)",12435,0,0.0,0,inf
dpgan,"LocalNeighbourhood(L_2, 0.250411558405805, accuracy)",12435,1,0.0,0,inf
dpgan,"LocalNeighbourhood(L_2, 0.250411558405805, accuracy)",12435,0,0.0,0,inf
dpgan,"LocalNeighbourhood(L_2, 0.250411558405805, accuracy)",12435,1,0.0,0,inf
dpgan,"LocalNeighbourhood(L_2, 0.250411558405805, accuracy)",12435,0,0.0,0,inf
dpgan,"LocalNeighbourhood(L_2, 0.250411558405805, accuracy)",12435,1,0.0,0,inf
dpgan,"LocalNeighbourhood(L_2, 0.250411558405805, accuracy)",12435,0,0.0,0,inf
dpgan,"LocalNeighbourhood(L_2, 0.250411558405805, accuracy)",12435,1,0.0,0,inf
dpgan,"LocalNeighbourhood(L_2, 0.250411558405805, accuracy)",12435,0,0.0,0,inf
dpgan,"LocalNeighbourhood(L_2, 0.250411558405805, accuracy)",12435,1,0.0,0,inf
dpgan,"LocalNeighbourhood(L_2, 0.250411558405805, accuracy)",12435,0,0.0,0,inf
dpgan,"LocalNeighbourhood(L_2, 0.250411558405805, accuracy)",12435,1,0.0,0,inf
dpgan,"LocalNeighbourhood(L_2, 0.250411558405805, accuracy)",12435,0,0.0,0,inf
dpgan,"LocalNeighbourhood(L_2, 0.250411558405805, accuracy)",12435,1,0.0,0,inf
dpgan,"LocalNeighbourhood(L_2, 0.250411558405805, accuracy)",12435,0,0.0,0,inf
dpgan,"LocalNeighbourhood(L_2, 0.250411558405805, accuracy)",12435,1,0.0,0,inf
dpgan,"LocalNeighbourhood(L_2, 0.250411558405805, accuracy)",12435,0,0.0,0,inf
dpgan,"LocalNeighbourhood(L_2, 0.250411558405805, accuracy)",12435,1,0.0,0,inf
dpgan,"LocalNeighbourhood(L_2, 0.250411558405805, accuracy)",12435,0,0.0,0,inf
dpgan,"LocalNeighbourhood(L_2, 0.250411558405805, accuracy)",12435,1,0.0,0,inf
dpgan,"LocalNeighbourhood(L_2, 0.250411558405805, accuracy)",12435,0,0.0,0,inf
dpgan,"LocalNeighbourhood(L_2, 0.250411558405805, accuracy)",12435,1,0.0,0,inf
dpgan,"LocalNeighbourhood(L_2, 0.250411558405805, accuracy)",12435,0,0.0,0,inf
dpgan,"LocalNeighbourhood(L_2, 0.250411558405805, accuracy)",12435,1,0.0,0,inf
dpgan,"LocalNeighbourhood(L_2, 0.250411558405805, accuracy)",12435,0,0.0,0,inf
dpgan,"LocalNeighbourhood(L_2, 0.250411558405805, accuracy)",12435,1,0.0,0,inf
dpgan,"LocalNeighbourhood(L_2, 0.250411558405805, accuracy)",12435,0,0.0,0,inf
dpgan,"LocalNeighbourhood(L_2, 0.250411558405805, accuracy)",12435,1,0.0,0,inf
dpgan,"LocalNeighbourhood(L_2, 0.250411558405805, accuracy)",12435,0,0.0,0,inf
dpgan,"LocalNeighbourhood(L_2, 0.250411558405805, accuracy)",12435,1,0.0,0,inf
dpgan,"LocalNeighbourhood(L_2, 0.250411558405805, accuracy)",12435,0,0.0,0,inf
dpgan,"LocalNeighbourhood(L_2, 0.250411558405805, accuracy)",12435,1,0.0,0,inf
dpgan,"LocalNeighbourhood(L_2, 0.250411558405805, accuracy)",12435,0,0.0,0,inf
dpgan,"LocalNeighbourhood(L_2, 0.250411558405805, accuracy)",12435,1,0.0,0,inf
dpgan,"LocalNeighbourhood(L_2, 0.250411558405805, accuracy)",12435,0,0.0,0,inf
dpgan,"LocalNeighbourhood(L_2, 0.250411558405805, accuracy)",12435,1,0.0,0,inf
dpgan,"LocalNeighbourhood(L_2, 0.250411558405805, accuracy)",12435,0,0.0,0,inf
dpgan,"LocalNeighbourhood(L_2, 0.250411558405805, accuracy)",12435,1,0.0,0,inf
dpgan,"LocalNeighbourhood(L_2, 0.250411558405805, accuracy)",12435,0,0.0,0,inf
dpgan,"LocalNeighbourhood(L_2, 0.250411558405805, accuracy)",12435,1,0.0,0,inf
dpgan,"LocalNeighbourhood(L_2, 0.250411558405805, accuracy)",12435,0,0.0,0,inf
dpgan,"LocalNeighbourhood(L_2, 0.250411558405805, accuracy)",12435,1,0.0,0,inf
dpgan,"LocalNeighbourhood(L_2, 0.250411558405805, accuracy)",12435,0,0.0,0,inf
dpgan,"LocalNeighbourhood(L_2, 0.250411558405805, accuracy)",12435,1,0.0,0,inf
dpgan,"LocalNeighbourhood(L_2, 0.250411558405805, accuracy)",12435,0,0.0,0,inf
dpgan,"LocalNeighbourhood(L_2, 0.250411558405805, accuracy)",12435,1,0.0,0,inf
dpgan,"LocalNeighbourhood(L_2, 0.250411558405805, accuracy)",12435,0,0.0,0,inf
dpgan,"LocalNeighbourhood(L_2, 0.250411558405805, accuracy)",12435,1,0.0,0,inf
dpgan,"LocalNeighbourhood(L_2, 0.250411558405805, accuracy)",12435,0,0.0,0,inf
dpgan,"LocalNeighbourhood(L_2, 0.250411558405805, accuracy)",12435,1,0.0,0,inf
dpgan,"LocalNeighbourhood(L_2, 0.250411558405805, accuracy)",12435,0,0.0,0,inf
dpgan,"LocalNeighbourhood(L_2, 0.250411558405805, accuracy)",12435,1,0.0,0,inf
dpgan,"LocalNeighbourhood(L_2, 0.250411558405805, accuracy)",12435,0,0.0,0,inf
dpgan,"LocalNeighbourhood(L_2, 0.250411558405805, accuracy)",12435,1,0.0,0,inf
dpgan,"LocalNeighbourhood(L_2, 0.250411558405805, accuracy)",12435,0,0.0,0,inf
dpgan,"LocalNeighbourhood(L_2, 0.250411558405805, accuracy)",12435,1,0.0,0,inf
dpgan,"LocalNeighbourhood(L_2, 0.250411558405805, accuracy)",12435,0,0.0,0,inf
dpgan,"LocalNeighbourhood(L_2, 0.250411558405805, accuracy)",12435,1,0.0,0,inf
dpgan,"LocalNeighbourhood(L_2, 0.250411558405805, accuracy)",12435,0,0.0,0,inf
dpgan,"LocalNeighbourhood(L_2, 0.250411558405805, accuracy)",12435,1,0.0,0,inf
dpgan,"LocalNeighbourhood(L_2, 0.250411558405805, accuracy)",12435,0,0.0,0,inf
dpgan,"LocalNeighbourhood(L_2, 0.250411558405805, accuracy)",12435,1,0.0,0,inf
dpgan,"LocalNeighbourhood(L_2, 0.250411558405805, accuracy)",12435,0,0.0,0,inf
dpgan,"LocalNeighbourhood(L_2, 0.250411558405805, accuracy)",12435,1,0.0,0,inf
dpgan,"LocalNeighbourhood(L_2, 0.250411558405805, accuracy)",12435,0,0.0,0,inf
dpgan,"LocalNeighbourhood(L_2, 0.250411558405805, accuracy)",12435,1,0.0,0,inf
dpgan,"LocalNeighbourhood(L_2, 0.250411558405805, accuracy)",12435,0,0.0,0,inf
dpgan,"LocalNeighbourhood(L_2, 0.250411558405805, accuracy)",12435,1,0.0,0,inf
dpgan,"LocalNeighbourhood(L_2, 0.250411558405805, accuracy)",12435,0,0.0,0,inf
dpgan,"LocalNeighbourhood(L_2, 0.250411558405805, accuracy)",12435,1,0.0,0,inf
dpgan,"LocalNeighbourhood(L_2, 0.250411558405805, accuracy)",12435,0,0.0,0,inf
dpgan,"LocalNeighbourhood(L_2, 0.250411558405805, accuracy)",12435,1,0.0,0,inf
dpgan,"LocalNeighbourhood(L_2, 0.250411558405805, accuracy)",12435,0,0.0,0,inf
dpgan,"LocalNeighbourhood(L_2, 0.250411558405805, accuracy)",12435,1,0.0,0,inf
dpgan,"LocalNeighbourhood(L_2, 0.250411558405805, accuracy)",12435,0,0.0,0,inf
dpgan,"LocalNeighbourhood(L_2, 0.250411558405805, accuracy)",12435,1,0.0,0,inf
dpgan,"LocalNeighbourhood(L_2, 0.250411558405805, accuracy)",12435,0,0.0,0,inf
dpgan,"LocalNeighbourhood(L_2, 0.250411558405805, accuracy)",12435,1,0.0,0,inf
dpgan,"LocalNeighbourhood(L_2, 0.250411558405805, accuracy)",12435,0,0.0,0,inf
dpgan,"LocalNeighbourhood(L_2, 0.250411558405805, accuracy)",12435,1,0.0,0,inf
dpgan,"LocalNeighbourhood(L_2, 0.250411558405805, accuracy)",12435,0,0.0,0,inf
dpgan,"LocalNeighbourhood(L_2, 0.250411558405805, accuracy)",12435,1,0.0,0,inf
dpgan,"LocalNeighbourhood(L_2, 0.250411558405805, accuracy)",12435,0,0.0,0,inf
dpgan,"LocalNeighbourhood(L_2, 0.250411558405805, accuracy)",12435,1,0.0,0,inf
dpgan,"LocalNeighbourhood(L_2, 0.250411558405805, accuracy)",12435,0,0.0,0,inf
dpgan,"LocalNeighbourhood(L_2, 0.250411558405805, accuracy)",12435,1,0.0,0,inf
dpgan,"LocalNeighbourhood(L_2, 0.250411558405805, accuracy)",12435,0,0.0,0,inf
dpgan,"LocalNeighbourhood(L_2, 0.250411558405805, accuracy)",12435,1,0.0,0,inf
dpgan,"LocalNeighbourhood(L_2, 0.250411558405805, accuracy)",12435,0,0.0,0,inf
dpgan,"LocalNeighbourhood(L_2, 0.250411558405805, accuracy)",12435,1,0.0,0,inf
dpgan,"LocalNeighbourhood(L_2, 0.250411558405805, accuracy)",12435,0,0.0,0,inf
dpgan,"LocalNeighbourhood(L_2, 0.250411558405805, accuracy)",12435,1,0.0,0,inf
dpgan,"LocalNeighbourhood(L_2, 0.250411558405805, accuracy)",12435,0,0.0,0,inf
dpgan,"LocalNeighbourhood(L_2, 0.250411558405805, accuracy)",12435,1,0.0,0,inf
dpgan,"LocalNeighbourhood(L_2, 0.250411558405805, accuracy)",12435,0,0.0,0,inf
dpgan,"LocalNeighbourhood(L_2, 0.250411558405805, accuracy)",12435,1,0.0,0,inf
dpgan,"LocalNeighbourhood(L_2, 0.250411558405805, accuracy)",12435,0,0.0,0,inf
dpgan,"LocalNeighbourhood(L_2, 0.250411558405805, accuracy)",12435,1,0.0,0,inf
dpgan,"LocalNeighbourhood(L_2, 0.250411558405805, accuracy)",12435,0,0.0,0,inf
dpgan,"LocalNeighbourhood(L_2, 0.250411558405805, accuracy)",12435,1,0.0,0,inf
dpgan,"LocalNeighbourhood(L_2, 0.250411558405805, accuracy)",12435,0,0.0,0,inf
dpgan,"LocalNeighbourhood(L_2, 0.250411558405805, accuracy)",12435,1,0.0,0,inf
dpgan,"LocalNeighbourhood(L_2, 0.250411558405805, accuracy)",12435,0,0.0,0,inf
dpgan,"LocalNeighbourhood(L_2, 0.250411558405805, accuracy)",12435,1,0.0,0,inf
dpgan,"LocalNeighbourhood(L_2, 0.250411558405805, accuracy)",12435,0,0.0,0,inf
dpgan,"LocalNeighbourhood(L_2, 0.250411558405805, accuracy)",12435,1,0.0,0,inf
dpgan,"LocalNeighbourhood(L_2, 0.250411558405805, accuracy)",12435,0,0.0,0,inf
dpgan,"LocalNeighbourhood(L_2, 0.250411558405805, accuracy)",12435,1,0.0,0,inf
dpgan,"LocalNeighbourhood(L_2, 0.250411558405805, accuracy)",12435,0,0.0,0,inf
dpgan,"LocalNeighbourhood(L_2, 0.250411558405805, accuracy)",12435,1,0.0,0,inf
dpgan,"LocalNeighbourhood(L_2, 0.250411558405805, accuracy)",12435,0,0.0,0,inf
dpgan,"LocalNeighbourhood(L_2, 0.250411558405805, accuracy)",12435,1,0.0,0,inf
dpgan,"LocalNeighbourhood(L_2, 0.250411558405805, accuracy)",12435,0,0.0,0,inf
dpgan,"LocalNeighbourhood(L_2, 0.250411558405805, accuracy)",12435,1,0.0,0,inf
dpgan,"LocalNeighbourhood(L_2, 0.250411558405805, accuracy)",12435,0,0.0,0,inf
dpgan,"LocalNeighbourhood(L_2, 0.250411558405805, accuracy)",12435,1,0.0,0,inf
dpgan,"LocalNeighbourhood(L_2, 0.250411558405805, accuracy)",12435,0,0.0,0,inf
dpgan,"LocalNeighbourhood(L_2, 0.250411558405805, accuracy)",12435,1,0.0,0,inf
dpgan,"LocalNeighbourhood(L_2, 0.250411558405805, accuracy)",12435,0,0.0,0,inf
dpgan,"LocalNeighbourhood(L_2, 0.250411558405805, accuracy)",12435,1,0.0,0,inf
dpgan,"LocalNeighbourhood(L_2, 0.250411558405805, accuracy)",12435,0,0.0,0,inf
dpgan,"LocalNeighbourhood(L_2, 0.250411558405805, accuracy)",12435,1,0.0,0,inf
dpgan,"LocalNeighbourhood(L_2, 0.250411558405805, accuracy)",12435,0,0.0,0,inf
dpgan,"LocalNeighbourhood(L_2, 0.250411558405805, accuracy)",12435,1,0.0,0,inf
dpgan,"LocalNeighbourhood(L_2, 0.250411558405805, accuracy)",12435,0,0.0,0,inf
dpgan,"LocalNeighbourhood(L_2, 0.250411558405805, accuracy)",12435,1,0.0,0,inf
dpgan,"LocalNeighbourhood(L_2, 0.250411558405805, accuracy)",12435,0,0.0,0,inf
dpgan,"LocalNeighbourhood(L_2, 0.250411558405805, accuracy)",12435,1,0.0,0,inf
dpgan,"LocalNeighbourhood(L_2, 0.250411558405805, accuracy)",12435,0,0.0,0,inf
dpgan,"LocalNeighbourhood(L_2, 0.250411558405805, accuracy)",12435,1,0.0,0,inf
dpgan,"LocalNeighbourhood(L_2, 0.250411558405805, accuracy)",12435,0,0.0,0,inf
dpgan,"LocalNeighbourhood(L_2, 0.250411558405805, accuracy)",12435,1,0.0,0,inf
dpgan,"LocalNeighbourhood(L_2, 0.250411558405805, accuracy)",12435,0,0.0,0,inf
dpgan,"LocalNeighbourhood(L_2, 0.250411558405805, accuracy)",12435,1,0.0,0,inf
dpgan,"LocalNeighbourhood(L_2, 0.250411558405805, accuracy)",12435,0,0.0,0,inf
dpgan,"LocalNeighbourhood(L_2, 0.250411558405805, accuracy)",12435,1,0.0,0,inf
dpgan,"LocalNeighbourhood(L_2, 0.250411558405805, accuracy)",12435,0,0.0,0,inf
dpgan,"LocalNeighbourhood(L_2, 0.250411558405805, accuracy)",12435,1,0.0,0,inf
dpgan,"LocalNeighbourhood(L_2, 0.250411558405805, accuracy)",12435,0,0.0,0,inf
dpgan,"LocalNeighbourhood(L_2, 0.250411558405805, accuracy)",12435,1,0.0,0,inf
dpgan,"LocalNeighbourhood(L_2, 0.250411558405805, accuracy)",12435,0,0.0,0,inf
dpgan,"LocalNeighbourhood(L_2, 0.250411558405805, accuracy)",12435,1,0.0,0,inf
dpgan,"LocalNeighbourhood(L_2, 0.250411558405805, accuracy)",12435,0,0.0,0,inf
dpgan,"LocalNeighbourhood(L_2, 0.250411558405805, accuracy)",12435,1,0.0,0,inf
dpgan,"LocalNeighbourhood(L_2, 0.250411558405805, accuracy)",12435,0,0.0,0,inf
dpgan,"LocalNeighbourhood(L_2, 0.250411558405805, accuracy)",12435,1,0.0,0,inf
dpgan,"LocalNeighbourhood(L_2, 0.250411558405805, accuracy)",12435,0,0.0,0,inf
dpgan,"LocalNeighbourhood(L_2, 0.250411558405805, accuracy)",12435,1,0.0,0,inf
dpgan,"LocalNeighbourhood(L_2, 0.250411558405805, accuracy)",12435,0,0.0,0,inf
dpgan,"LocalNeighbourhood(L_2, 0.250411558405805, accuracy)",12435,1,0.0,0,inf
dpgan,"LocalNeighbourhood(L_2, 0.250411558405805, accuracy)",12435,0,0.0,0,inf
dpgan,"LocalNeighbourhood(L_2, 0.250411558405805, accuracy)",12435,1,0.0,0,inf
dpgan,"LocalNeighbourhood(L_2, 0.250411558405805, accuracy)",12435,0,0.0,0,inf
dpgan,"LocalNeighbourhood(L_2, 0.250411558405805, accuracy)",12435,1,0.0,0,inf
dpgan,"LocalNeighbourhood(L_2, 0.250411558405805, accuracy)",12435,0,0.0,0,inf
dpgan,"LocalNeighbourhood(L_2, 0.250411558405805, accuracy)",12435,1,0.0,0,inf
dpgan,"LocalNeighbourhood(L_2, 0.250411558405805, accuracy)",12435,0,0.0,0,inf
dpgan,"LocalNeighbourhood(L_2, 0.250411558405805, accuracy)",12435,1,0.0,0,inf
dpgan,"LocalNeighbourhood(L_2, 0.250411558405805, accuracy)",12435,0,0.0,0,inf
dpgan,"LocalNeighbourhood(L_2, 0.250411558405805, accuracy)",12435,1,0.0,0,inf
dpgan,"LocalNeighbourhood(L_2, 0.250411558405805, accuracy)",12435,0,0.0,0,inf
dpgan,"LocalNeighbourhood(L_2, 0.250411558405805, accuracy)",12435,1,0.0,0,inf
dpgan,"LocalNeighbourhood(L_2, 0.250411558405805, accuracy)",12435,0,0.0,0,inf
dpgan,"LocalNeighbourhood(L_2, 0.250411558405805, accuracy)",12435,1,0.0,0,inf
dpgan,"LocalNeighbourhood(L_2, 0.250411558405805, accuracy)",12435,0,0.0,0,inf
dpgan,"LocalNeighbourhood(L_2, 0.250411558405805, accuracy)",12435,1,0.0,0,inf
dpgan,"LocalNeighbourhood(L_2, 0.250411558405805, accuracy)",12435,0,0.0,0,inf
dpgan,"LocalNeighbourhood(L_2, 0.250411558405805, accuracy)",12435,1,0.0,0,inf
dpgan,"LocalNeighbourhood(L_2, 0.250411558405805, accuracy)",12435,0,0.0,0,inf
dpgan,"LocalNeighbourhood(L_2, 0.250411558405805, accuracy)",12435,1,0.0,0,inf
dpgan,"LocalNeighbourhood(L_2, 0.250411558405805, accuracy)",12435,0,0.0,0,inf
dpgan,"LocalNeighbourhood(L_2, 0.250411558405805, accuracy)",12435,1,0.0,0,inf
dpgan,"LocalNeighbourhood(L_2, 0.250411558405805, accuracy)",12435,0,0.0,0,inf
dpgan,"LocalNeighbourhood(L_2, 0.250411558405805, accuracy)",12435,1,0.0,0,inf
dpgan,"LocalNeighbourhood(L_2, 0.250411558405805, accuracy)",12435,0,0.0,0,inf
dpgan,"LocalNeighbourhood(L_2, 0.250411558405805, accuracy)",12435,1,0.0,0,inf
dpgan,"LocalNeighbourhood(L_2, 0.250411558405805, accuracy)",12435,0,0.0,0,inf
dpgan,"LocalNeighbourhood(L_2, 0.250411558405805, accuracy)",12435,1,0.0,0,inf
dpgan,"LocalNeighbourhood(L_2, 0.250411558405805, accuracy)",12435,0,0.0,0,inf
dpgan,"LocalNeighbourhood(L_2, 0.250411558405805, accuracy)",12435,1,0.0,0,inf
dpgan,"LocalNeighbourhood(L_2, 0.250411558405805, accuracy)",12435,0,0.0,0,inf
dpgan,"LocalNeighbourhood(L_2, 0.250411558405805, accuracy)",12435,1,0.0,0,inf
dpgan,"LocalNeighbourhood(L_2, 0.250411558405805, accuracy)",12435,0,0.0,0,inf
dpgan,"LocalNeighbourhood(L_2, 0.250411558405805, accuracy)",12435,1,0.0,0,inf
dpgan,"LocalNeighbourhood(L_2, 0.250411558405805, accuracy)",12435,0,0.0,0,inf
dpgan,"LocalNeighbourhood(L_2, 0.250411558405805, accuracy)",12435,1,0.0,0,inf
dpgan,"LocalNeighbourhood(L_2, 0.250411558405805, accuracy)",12435,0,0.0,0,inf
dpgan,"LocalNeighbourhood(L_2, 0.250411558405805, accuracy)",12435,1,0.0,0,inf
dpgan,"LocalNeighbourhood(L_2, 0.250411558405805, accuracy)",12435,0,0.0,0,inf
dpgan,"LocalNeighbourhood(L_2, 0.250411558405805, accuracy)",12435,1,0.0,0,inf
dpgan,"LocalNeighbourhood(L_2, 0.250411558405805, accuracy)",12435,0,0.0,0,inf
dpgan,"LocalNeighbourhood(L_2, 0.250411558405805, accuracy)",12435,1,0.0,0,inf
dpgan,"LocalNeighbourhood(L_2, 0.250411558405805, accuracy)",12435,0,0.0,0,inf
dpgan,"LocalNeighbourhood(L_2, 0.250411558405805, accuracy)",12435,1,0.0,0,inf
dpgan,"LocalNeighbourhood(L_2, 0.250411558405805, accuracy)",12435,0,0.0,0,inf
dpgan,"LocalNeighbourhood(L_2, 0.250411558405805, accuracy)",12435,1,0.0,0,inf
dpgan,"LocalNeighbourhood(L_2, 0.250411558405805, accuracy)",12435,0,0.0,0,inf
dpgan,"LocalNeighbourhood(L_2, 0.250411558405805, accuracy)",12435,1,0.0,0,inf
dpgan,"LocalNeighbourhood(L_2, 0.250411558405805, accuracy)",12435,0,0.0,0,inf
dpgan,"LocalNeighbourhood(L_2, 0.250411558405805, accuracy)",12435,1,0.0,0,inf
dpgan,"LocalNeighbourhood(L_2, 0.250411558405805, accuracy)",12435,0,0.0,0,inf
dpgan,"LocalNeighbourhood(L_2, 0.250411558405805, accuracy)",12435,1,0.0,0,inf
dpgan,"LocalNeighbourhood(L_2, 0.250411558405805, accuracy)",12435,0,0.0,0,inf
dpgan,"LocalNeighbourhood(L_2, 0.250411558405805, accuracy)",12435,1,0.0,0,inf
dpgan,"LocalNeighbourhood(L_2, 0.250411558405805, accuracy)",12435,0,0.0,0,inf
dpgan,"LocalNeighbourhood(L_2, 0.250411558405805, accuracy)",12435,1,0.0,0,inf
dpgan,"LocalNeighbourhood(L_2, 0.250411558405805, accuracy)",12435,0,0.0,0,inf
dpgan,"LocalNeighbourhood(L_2, 0.250411558405805, accuracy)",12435,1,0.0,0,inf
dpgan,"LocalNeighbourhood(L_2, 0.250411558405805, accuracy)",12435,0,0.0,0,inf
dpgan,"LocalNeighbourhood(L_2, 0.250411558405805, accuracy)",12435,1,0.0,0,inf
dpgan,"LocalNeighbourhood(L_2, 0.250411558405805, accuracy)",12435,0,0.0,0,inf
dpgan,"LocalNeighbourhood(L_2, 0.250411558405805, accuracy)",12435,1,0.0,0,inf
dpgan,"LocalNeighbourhood(L_2, 0.250411558405805, accuracy)",12435,0,0.0,0,inf
dpgan,"LocalNeighbourhood(L_2, 0.250411558405805, accuracy)",12435,1,0.0,0,inf
dpgan,"LocalNeighbourhood(L_2, 0.250411558405805, accuracy)",12435,0,0.0,0,inf
dpgan,"LocalNeighbourhood(L_2, 0.250411558405805, accuracy)",12435,1,0.0,0,inf
dpgan,"LocalNeighbourhood(L_2, 0.250411558405805, accuracy)",12435,0,0.0,0,inf
dpgan,"LocalNeighbourhood(L_2, 0.250411558405805, accuracy)",12435,1,0.0,0,inf
dpgan,"LocalNeighbourhood(L_2, 0.250411558405805, accuracy)",12435,0,0.0,0,inf
dpgan,"LocalNeighbourhood(L_2, 0.250411558405805, accuracy)",12435,1,0.0,0,inf
dpgan,"LocalNeighbourhood(L_2, 0.250411558405805, accuracy)",12435,0,0.0,0,inf
dpgan,"LocalNeighbourhood(L_2, 0.250411558405805, accuracy)",12435,1,0.0,0,inf
dpgan,"LocalNeighbourhood(L_2, 0.250411558405805, accuracy)",12435,0,0.0,0,inf
dpgan,"LocalNeighbourhood(L_2, 0.250411558405805, accuracy)",12435,1,0.0,0,inf
dpgan,"LocalNeighbourhood(L_2, 0.250411558405805, accuracy)",12435,0,0.0,0,inf
dpgan,"LocalNeighbourhood(L_2, 0.250411558405805, accuracy)",12435,1,0.0,0,inf
dpgan,"LocalNeighbourhood(L_2, 0.250411558405805, accuracy)",12435,0,0.0,0,inf
dpgan,"LocalNeighbourhood(L_2, 0.250411558405805, accuracy)",12435,1,0.0,0,inf
dpgan,"LocalNeighbourhood(L_2, 0.250411558405805, accuracy)",12435,0,0.0,0,inf
dpgan,"LocalNeighbourhood(L_2, 0.250411558405805, accuracy)",12435,1,0.0,0,inf
dpgan,"LocalNeighbourhood(L_2, 0.250411558405805, accuracy)",12435,0,0.0,0,inf
dpgan,"LocalNeighbourhood(L_2, 0.250411558405805, accuracy)",12435,1,0.0,0,inf
dpgan,"LocalNeighbourhood(L_2, 0.250411558405805, accuracy)",12435,0,0.0,0,inf
dpgan,"LocalNeighbourhood(L_2, 0.250411558405805, accuracy)",12435,1,0.0,0,inf
dpgan,"LocalNeighbourhood(L_2, 0.250411558405805, accuracy)",12435,0,0.0,0,inf
dpgan,"LocalNeighbourhood(L_2, 0.250411558405805, accuracy)",12435,1,0.0,0,inf
dpgan,"LocalNeighbourhood(L_2, 0.250411558405805, accuracy)",12435,0,0.0,0,inf
dpgan,"LocalNeighbourhood(L_2, 0.250411558405805, accuracy)",12435,1,0.0,0,inf
dpgan,"LocalNeighbourhood(L_2, 0.250411558405805, accuracy)",12435,0,0.0,0,inf
dpgan,"LocalNeighbourhood(L_2, 0.250411558405805, accuracy)",12435,1,0.0,0,inf
dpgan,"LocalNeighbourhood(L_2, 0.250411558405805, accuracy)",12435,0,0.0,0,inf
dpgan,"LocalNeighbourhood(L_2, 0.250411558405805, accuracy)",12435,1,0.0,0,inf
dpgan,"LocalNeighbourhood(L_2, 0.250411558405805, accuracy)",12435,0,0.0,0,inf
dpgan,"LocalNeighbourhood(L_2, 0.250411558405805, accuracy)",12435,1,0.0,0,inf
dpgan,"LocalNeighbourhood(L_2, 0.250411558405805, accuracy)",12435,0,0.0,0,inf
dpgan,"LocalNeighbourhood(L_2, 0.250411558405805, accuracy)",12435,1,0.0,0,inf
dpgan,"LocalNeighbourhood(L_2, 0.250411558405805, accuracy)",12435,0,0.0,0,inf
dpgan,"LocalNeighbourhood(L_2, 0.250411558405805, accuracy)",12435,1,0.0,0,inf
dpgan,"LocalNeighbourhood(L_2, 0.250411558405805, accuracy)",12435,0,0.0,0,inf
dpgan,"LocalNeighbourhood(L_2, 0.250411558405805, accuracy)",12435,1,0.0,0,inf
dpgan,"LocalNeighbourhood(L_2, 0.250411558405805, accuracy)",12435,0,0.0,0,inf
dpgan,"LocalNeighbourhood(L_2, 0.250411558405805, accuracy)",12435,1,0.0,0,inf
dpgan,"LocalNeighbourhood(L_2, 0.250411558405805, accuracy)",12435,0,0.0,0,inf
dpgan,"LocalNeighbourhood(L_2, 0.250411558405805, accuracy)",12435,1,0.0,0,inf
dpgan,"LocalNeighbourhood(L_2, 0.250411558405805, accuracy)",12435,0,0.0,0,inf
dpgan,"LocalNeighbourhood(L_2, 0.250411558405805, accuracy)",12435,1,0.0,0,inf
dpgan,"LocalNeighbourhood(L_2, 0.250411558405805, accuracy)",12435,0,0.0,0,inf
dpgan,"LocalNeighbourhood(L_2, 0.250411558405805, accuracy)",12435,1,0.0,0,inf
dpgan,"LocalNeighbourhood(L_2, 0.250411558405805, accuracy)",12435,0,0.0,0,inf
dpgan,"LocalNeighbourhood(L_2, 0.250411558405805, accuracy)",12435,1,0.0,0,inf
dpgan,"LocalNeighbourhood(L_2, 0.250411558405805, accuracy)",12435,0,0.0,0,inf
dpgan,"LocalNeighbourhood(L_2, 0.250411558405805, accuracy)",12435,1,0.0,0,inf
dpgan,"LocalNeighbourhood(L_2, 0.250411558405805, accuracy)",12435,0,0.0,0,inf
dpgan,"LocalNeighbourhood(L_2, 0.250411558405805, accuracy)",12435,1,0.0,0,inf
dpgan,"LocalNeighbourhood(L_2, 0.250411558405805, accuracy)",12435,0,0.0,0,inf
dpgan,"LocalNeighbourhood(L_2, 0.250411558405805, accuracy)",12435,1,0.0,0,inf
dpgan,"LocalNeighbourhood(L_2, 0.250411558405805, accuracy)",12435,0,0.0,0,inf
dpgan,"LocalNeighbourhood(L_2, 0.250411558405805, accuracy)",12435,1,0.0,0,inf
dpgan,"LocalNeighbourhood(L_2, 0.250411558405805, accuracy)",12435,0,0.0,0,inf
dpgan,"LocalNeighbourhood(L_2, 0.250411558405805, accuracy)",12435,1,0.0,0,inf
dpgan,"LocalNeighbourhood(L_2, 0.250411558405805, accuracy)",12435,0,0.0,0,inf
dpgan,"LocalNeighbourhood(L_2, 0.250411558405805, accuracy)",12435,1,0.0,0,inf
dpgan,"LocalNeighbourhood(L_2, 0.250411558405805, accuracy)",12435,0,0.0,0,inf
dpgan,"LocalNeighbourhood(L_2, 0.250411558405805, accuracy)",12435,1,0.0,0,inf
dpgan,"LocalNeighbourhood(L_2, 0.250411558405805, accuracy)",12435,0,0.0,0,inf
dpgan,"LocalNeighbourhood(L_2, 0.250411558405805, accuracy)",12435,1,0.0,0,inf
dpgan,"LocalNeighbourhood(L_2, 0.250411558405805, accuracy)",12435,0,0.0,0,inf
dpgan,"LocalNeighbourhood(L_2, 0.250411558405805, accuracy)",12435,1,0.0,0,inf
dpgan,"LocalNeighbourhood(L_2, 0.250411558405805, accuracy)",12435,0,0.0,0,inf
dpgan,"LocalNeighbourhood(L_2, 0.250411558405805, accuracy)",12435,1,0.0,0,inf
dpgan,"LocalNeighbourhood(L_2, 0.250411558405805, accuracy)",12435,0,0.0,0,inf
dpgan,"LocalNeighbourhood(L_2, 0.250411558405805, accuracy)",12435,1,0.0,0,inf
dpgan,"LocalNeighbourhood(L_2, 0.250411558405805, accuracy)",12435,0,0.0,0,inf
dpgan,"LocalNeighbourhood(L_2, 0.250411558405805, accuracy)",12435,1,0.0,0,inf
dpgan,"LocalNeighbourhood(L_2, 0.250411558405805, accuracy)",12435,0,0.0,0,inf
dpgan,"LocalNeighbourhood(L_2, 0.250411558405805, accuracy)",12435,1,0.0,0,inf
dpgan,"LocalNeighbourhood(L_2, 0.250411558405805, accuracy)",12435,0,0.0,0,inf
dpgan,"LocalNeighbourhood(L_2, 0.250411558405805, accuracy)",12435,1,0.0,0,inf
dpgan,"LocalNeighbourhood(L_2, 0.250411558405805, accuracy)",12435,0,0.0,0,inf
dpgan,"LocalNeighbourhood(L_2, 0.250411558405805, accuracy)",12435,1,0.0,0,inf
dpgan,"LocalNeighbourhood(L_2, 0.250411558405805, accuracy)",12435,0,0.0,0,inf
dpgan,"LocalNeighbourhood(L_2, 0.250411558405805, accuracy)",12435,1,0.0,0,inf
dpgan,"LocalNeighbourhood(L_2, 0.250411558405805, accuracy)",12435,0,0.0,0,inf
dpgan,"LocalNeighbourhood(L_2, 0.250411558405805, accuracy)",12435,1,0.0,0,inf
dpgan,"LocalNeighbourhood(L_2, 0.250411558405805, accuracy)",12435,0,0.0,0,inf
dpgan,"LocalNeighbourhood(L_2, 0.250411558405805, accuracy)",12435,1,0.0,0,inf
dpgan,"LocalNeighbourhood(L_2, 0.250411558405805, accuracy)",12435,0,0.0,0,inf
dpgan,"LocalNeighbourhood(L_2, 0.250411558405805, accuracy)",12435,1,0.0,0,inf
dpgan,"LocalNeighbourhood(L_2, 0.250411558405805, accuracy)",12435,0,0.0,0,inf
dpgan,"LocalNeighbourhood(L_2, 0.250411558405805, accuracy)",12435,1,0.0,0,inf
dpgan,"LocalNeighbourhood(L_2, 0.250411558405805, accuracy)",12435,0,0.0,0,inf
dpgan,"LocalNeighbourhood(L_2, 0.250411558405805, accuracy)",12435,1,0.0,0,inf
dpgan,"LocalNeighbourhood(L_2, 0.250411558405805, accuracy)",12435,0,0.0,0,inf
dpgan,"LocalNeighbourhood(L_2, 0.250411558405805, accuracy)",12435,1,0.0,0,inf
dpgan,"LocalNeighbourhood(L_2, 0.250411558405805, accuracy)",12435,0,0.0,0,inf
dpgan,"LocalNeighbourhood(L_2, 0.250411558405805, accuracy)",12435,1,0.0,0,inf
dpgan,"LocalNeighbourhood(L_2, 0.250411558405805, accuracy)",12435,0,0.0,0,inf
dpgan,"LocalNeighbourhood(L_2, 0.250411558405805, accuracy)",12435,1,0.0,0,inf
dpgan,"LocalNeighbourhood(L_2, 0.250411558405805, accuracy)",12435,0,0.0,0,inf
dpgan,"LocalNeighbourhood(L_2, 0.250411558405805, accuracy)",12435,1,0.0,0,inf
dpgan,"LocalNeighbourhood(L_2, 0.250411558405805, accuracy)",12435,0,0.0,0,inf
dpgan,"LocalNeighbourhood(L_2, 0.250411558405805, accuracy)",12435,1,0.0,0,inf
dpgan,"LocalNeighbourhood(L_2, 0.250411558405805, accuracy)",12435,0,0.0,0,inf
dpgan,"LocalNeighbourhood(L_2, 0.250411558405805, accuracy)",12435,1,0.0,0,inf
dpgan,"LocalNeighbourhood(L_2, 0.250411558405805, accuracy)",12435,0,0.0,0,inf
dpgan,"LocalNeighbourhood(L_2, 0.250411558405805, accuracy)",12435,1,0.0,0,inf
dpgan,"LocalNeighbourhood(L_2, 0.250411558405805, accuracy)",12435,0,0.0,0,inf
dpgan,"LocalNeighbourhood(L_2, 0.250411558405805, accuracy)",12435,1,0.0,0,inf
dpgan,"LocalNeighbourhood(L_2, 0.250411558405805, accuracy)",12435,0,0.0,0,inf
dpgan,"LocalNeighbourhood(L_2, 0.250411558405805, accuracy)",12435,1,0.0,0,inf
dpgan,"LocalNeighbourhood(L_2, 0.250411558405805, accuracy)",12435,0,0.0,0,inf
dpgan,"LocalNeighbourhood(L_2, 0.250411558405805, accuracy)",12435,1,0.0,0,inf
dpgan,"LocalNeighbourhood(L_2, 0.250411558405805, accuracy)",12435,0,0.0,0,inf
dpgan,"LocalNeighbourhood(L_2, 0.250411558405805, accuracy)",12435,1,0.0,0,inf
dpgan,"LocalNeighbourhood(L_2, 0.250411558405805, accuracy)",12435,0,0.0,0,inf
dpgan,"LocalNeighbourhood(L_2, 0.250411558405805, accuracy)",12435,1,0.0,0,inf
dpgan,"LocalNeighbourhood(L_2, 0.250411558405805, accuracy)",12435,0,0.0,0,inf
dpgan,"LocalNeighbourhood(L_2, 0.250411558405805, accuracy)",12435,1,0.0,0,inf
dpgan,"LocalNeighbourhood(L_2, 0.250411558405805, accuracy)",12435,0,0.0,0,inf
dpgan,"LocalNeighbourhood(L_2, 0.250411558405805, accuracy)",12435,1,0.0,0,inf
dpgan,"LocalNeighbourhood(L_2, 0.250411558405805, accuracy)",12435,0,0.0,0,inf
dpgan,"LocalNeighbourhood(L_2, 0.250411558405805, accuracy)",12435,1,0.0,0,inf
dpgan,"LocalNeighbourhood(L_2, 0.250411558405805, accuracy)",12435,0,0.0,0,inf
dpgan,"LocalNeighbourhood(L_2, 0.250411558405805, accuracy)",12435,1,0.0,0,inf
dpgan,"LocalNeighbourhood(L_2, 0.250411558405805, accuracy)",12435,0,0.0,0,inf
dpgan,"LocalNeighbourhood(L_2, 0.250411558405805, accuracy)",12435,1,0.0,0,inf
dpgan,"LocalNeighbourhood(L_2, 0.250411558405805, accuracy)",12435,0,0.0,0,inf
dpgan,"LocalNeighbourhood(L_2, 0.250411558405805, accuracy)",12435,1,0.0,0,inf
dpgan,"LocalNeighbourhood(L_2, 0.250411558405805, accuracy)",12435,0,0.0,0,inf
dpgan,"LocalNeighbourhood(L_2, 0.250411558405805, accuracy)",12435,1,0.0,0,inf
dpgan,"LocalNeighbourhood(L_2, 0.250411558405805, accuracy)",12435,0,0.0,0,inf
dpgan,"LocalNeighbourhood(L_2, 0.250411558405805, accuracy)",12435,1,0.0,0,inf
dpgan,"LocalNeighbourhood(L_2, 0.250411558405805, accuracy)",12435,0,0.0,0,inf
dpgan,"LocalNeighbourhood(L_2, 0.250411558405805, accuracy)",12435,1,0.0,0,inf
dpgan,"LocalNeighbourhood(L_2, 0.250411558405805, accuracy)",12435,0,0.0,0,inf
dpgan,"LocalNeighbourhood(L_2, 0.250411558405805, accuracy)",12435,1,0.0,0,inf
dpgan,"LocalNeighbourhood(L_2, 0.250411558405805, accuracy)",12435,0,0.0,0,inf
dpgan,"LocalNeighbourhood(L_2, 0.250411558405805, accuracy)",12435,1,0.0,0,inf
dpgan,"LocalNeighbourhood(L_2, 0.250411558405805, accuracy)",12435,0,0.0,0,inf
dpgan,"LocalNeighbourhood(L_2, 0.250411558405805, accuracy)",12435,1,0.0,0,inf
dpgan,"LocalNeighbourhood(L_2, 0.250411558405805, accuracy)",12435,0,0.0,0,inf
dpgan,"LocalNeighbourhood(L_2, 0.250411558405805, accuracy)",12435,1,0.0,0,inf
dpgan,"LocalNeighbourhood(L_2, 0.250411558405805, accuracy)",12435,0,0.0,0,inf
dpgan,"LocalNeighbourhood(L_2, 0.250411558405805, accuracy)",12435,1,0.0,0,inf
dpgan,"LocalNeighbourhood(L_2, 0.250411558405805, accuracy)",12435,0,0.0,0,inf
dpgan,"LocalNeighbourhood(L_2, 0.250411558405805, accuracy)",12435,1,0.0,0,inf
dpgan,"LocalNeighbourhood(L_2, 0.250411558405805, accuracy)",12435,0,0.0,0,inf
dpgan,"LocalNeighbourhood(L_2, 0.250411558405805, accuracy)",12435,1,0.0,0,inf
dpgan,"LocalNeighbourhood(L_2, 0.250411558405805, accuracy)",12435,0,0.0,0,inf
dpgan,"LocalNeighbourhood(L_2, 0.250411558405805, accuracy)",12435,1,0.0,0,inf
dpgan,"LocalNeighbourhood(L_2, 0.250411558405805, accuracy)",12435,0,0.0,0,inf
dpgan,"LocalNeighbourhood(L_2, 0.250411558405805, accuracy)",12435,1,0.0,0,inf
dpgan,"LocalNeighbourhood(L_2, 0.250411558405805, accuracy)",12435,0,0.0,0,inf
dpgan,"LocalNeighbourhood(L_2, 0.250411558405805, accuracy)",12435,1,0.0,0,inf
dpgan,"LocalNeighbourhood(L_2, 0.250411558405805, accuracy)",12435,0,0.0,0,inf
dpgan,"LocalNeighbourhood(L_2, 0.250411558405805, accuracy)",12435,1,0.0,0,inf
dpgan,"LocalNeighbourhood(L_2, 0.250411558405805, accuracy)",12435,0,0.0,0,inf
dpgan,"LocalNeighbourhood(L_2, 0.250411558405805, accuracy)",12435,1,0.0,0,inf
dpgan,"LocalNeighbourhood(L_2, 0.250411558405805, accuracy)",12435,0,0.0,0,inf
dpgan,"LocalNeighbourhood(L_2, 0.250411558405805, accuracy)",12435,1,0.0,0,inf
dpgan,"LocalNeighbourhood(L_2, 0.250411558405805, accuracy)",12435,0,0.0,0,inf
dpgan,"LocalNeighbourhood(L_2, 0.250411558405805, accuracy)",12435,1,0.0,0,inf
dpgan,"LocalNeighbourhood(L_2, 0.250411558405805, accuracy)",12435,0,0.0,0,inf
dpgan,"LocalNeighbourhood(L_2, 0.250411558405805, accuracy)",12435,1,0.0,0,inf
dpgan,"LocalNeighbourhood(L_2, 0.250411558405805, accuracy)",12435,0,0.0,0,inf
dpgan,"LocalNeighbourhood(L_2, 0.250411558405805, accuracy)",12435,1,0.0,0,inf
dpgan,"LocalNeighbourhood(L_2, 0.250411558405805, accuracy)",12435,0,0.0,0,inf
dpgan,"LocalNeighbourhood(L_2, 0.250411558405805, accuracy)",12435,1,0.0,0,inf
dpgan,"LocalNeighbourhood(L_2, 0.250411558405805, accuracy)",12435,0,0.0,0,inf
dpgan,"LocalNeighbourhood(L_2, 0.250411558405805, accuracy)",12435,1,0.0,0,inf
dpgan,"LocalNeighbourhood(L_2, 0.250411558405805, accuracy)",12435,0,0.0,0,inf
dpgan,"LocalNeighbourhood(L_2, 0.250411558405805, accuracy)",12435,1,0.0,0,inf
dpgan,"LocalNeighbourhood(L_2, 0.250411558405805, accuracy)",12435,0,0.0,0,inf
dpgan,"LocalNeighbourhood(L_2, 0.250411558405805, accuracy)",12435,1,0.0,0,inf
dpgan,"LocalNeighbourhood(L_2, 0.250411558405805, accuracy)",12435,0,0.0,0,inf
dpgan,"LocalNeighbourhood(L_2, 0.250411558405805, accuracy)",12435,1,0.0,0,inf
dpgan,"LocalNeighbourhood(L_2, 0.250411558405805, accuracy)",12435,0,0.0,0,inf
dpgan,"LocalNeighbourhood(L_2, 0.250411558405805, accuracy)",12435,1,0.0,0,inf
dpgan,"LocalNeighbourhood(L_2, 0.250411558405805, accuracy)",12435,0,0.0,0,inf
dpgan,"LocalNeighbourhood(L_2, 0.250411558405805, accuracy)",12435,1,0.0,0,inf
dpgan,"LocalNeighbourhood(L_2, 0.250411558405805, accuracy)",12435,0,0.0,0,inf
dpgan,"LocalNeighbourhood(L_2, 0.250411558405805, accuracy)",12435,1,0.0,0,inf
dpgan,"LocalNeighbourhood(L_2, 0.250411558405805, accuracy)",12435,0,0.0,0,inf
dpgan,"LocalNeighbourhood(L_2, 0.250411558405805, accuracy)",12435,1,0.0,0,inf
dpgan,"LocalNeighbourhood(L_2, 0.250411558405805, accuracy)",12435,0,0.0,0,inf
dpgan,"LocalNeighbourhood(L_2, 0.250411558405805, accuracy)",12435,1,0.0,0,inf
dpgan,"LocalNeighbourhood(L_2, 0.250411558405805, accuracy)",12435,0,0.0,0,inf
dpgan,"LocalNeighbourhood(L_2, 0.250411558405805, accuracy)",12435,1,0.0,0,inf
dpgan,"LocalNeighbourhood(L_2, 0.250411558405805, accuracy)",12435,0,0.0,0,inf
dpgan,"LocalNeighbourhood(L_2, 0.250411558405805, accuracy)",12435,1,0.0,0,inf
dpgan,"LocalNeighbourhood(L_2, 0.250411558405805, accuracy)",12435,0,0.0,0,inf
dpgan,"LocalNeighbourhood(L_2, 0.250411558405805, accuracy)",12435,1,0.0,0,inf
dpgan,"LocalNeighbourhood(L_2, 0.250411558405805, accuracy)",12435,0,0.0,0,inf
dpgan,"LocalNeighbourhood(L_2, 0.250411558405805, accuracy)",12435,1,0.0,0,inf
dpgan,"LocalNeighbourhood(L_2, 0.250411558405805, accuracy)",12435,0,0.0,0,inf
dpgan,"LocalNeighbourhood(L_2, 0.250411558405805, accuracy)",12435,1,0.0,0,inf
dpgan,"LocalNeighbourhood(L_2, 0.250411558405805, accuracy)",12435,0,0.0,0,inf
dpgan,"LocalNeighbourhood(L_2, 0.250411558405805, accuracy)",12435,1,0.0,0,inf
dpgan,"LocalNeighbourhood(L_2, 0.250411558405805, accuracy)",12435,0,0.0,0,inf
dpgan,"LocalNeighbourhood(L_2, 0.250411558405805, accuracy)",12435,1,0.0,0,inf
dpgan,"LocalNeighbourhood(L_2, 0.250411558405805, accuracy)",12435,0,0.0,0,inf
dpgan,"LocalNeighbourhood(L_2, 0.250411558405805, accuracy)",12435,1,0.0,0,inf
dpgan,"LocalNeighbourhood(L_2, 0.250411558405805, accuracy)",12435,0,0.0,0,inf
dpgan,"LocalNeighbourhood(L_2, 0.250411558405805, accuracy)",12435,1,0.0,0,inf
dpgan,"LocalNeighbourhood(L_2, 0.250411558405805, accuracy)",12435,0,0.0,0,inf
dpgan,"LocalNeighbourhood(L_2, 0.250411558405805, accuracy)",12435,1,0.0,0,inf
dpgan,"LocalNeighbourhood(L_2, 0.250411558405805, accuracy)",12435,0,0.0,0,inf
dpgan,"LocalNeighbourhood(L_2, 0.250411558405805, accuracy)",12435,1,0.0,0,inf
dpgan,"LocalNeighbourhood(L_2, 0.250411558405805, accuracy)",12435,0,0.0,0,inf
dpgan,"LocalNeighbourhood(L_2, 0.250411558405805, accuracy)",12435,1,0.0,0,inf
dpgan,"LocalNeighbourhood(L_2, 0.250411558405805, accuracy)",12435,0,0.0,0,inf
dpgan,"LocalNeighbourhood(L_2, 0.250411558405805, accuracy)",12435,1,0.0,0,inf
dpgan,"LocalNeighbourhood(L_2, 0.250411558405805, accuracy)",12435,0,0.0,0,inf
dpgan,"LocalNeighbourhood(L_2, 0.250411558405805, accuracy)",12435,1,0.0,0,inf
dpgan,"LocalNeighbourhood(L_2, 0.250411558405805, accuracy)",12435,0,0.0,0,inf
dpgan,"LocalNeighbourhood(L_2, 0.250411558405805, accuracy)",12435,1,0.0,0,inf
dpgan,"LocalNeighbourhood(L_2, 0.250411558405805, accuracy)",12435,0,0.0,0,inf
dpgan,"LocalNeighbourhood(L_2, 0.250411558405805, accuracy)",12435,1,0.0,0,inf
dpgan,"LocalNeighbourhood(L_2, 0.250411558405805, accuracy)",12435,0,0.0,0,inf
dpgan,"LocalNeighbourhood(L_2, 0.250411558405805, accuracy)",12435,1,0.0,0,inf
dpgan,"LocalNeighbourhood(L_2, 0.250411558405805, accuracy)",12435,0,0.0,0,inf
dpgan,"LocalNeighbourhood(L_2, 0.250411558405805, accuracy)",12435,1,0.0,0,inf
dpgan,"LocalNeighbourhood(L_2, 0.250411558405805, accuracy)",12435,0,0.0,0,inf
dpgan,"LocalNeighbourhood(L_2, 0.250411558405805, accuracy)",12435,1,0.0,0,inf
dpgan,"LocalNeighbourhood(L_2, 0.250411558405805, accuracy)",12435,0,0.0,0,inf
dpgan,"LocalNeighbourhood(L_2, 0.250411558405805, accuracy)",12435,1,0.0,0,inf
dpgan,"LocalNeighbourhood(L_2, 0.250411558405805, accuracy)",12435,0,0.0,0,inf
dpgan,"LocalNeighbourhood(L_2, 0.250411558405805, accuracy)",12435,1,0.0,0,inf
dpgan,"LocalNeighbourhood(L_2, 0.250411558405805, accuracy)",12435,0,0.0,0,inf
dpgan,"LocalNeighbourhood(L_2, 0.250411558405805, accuracy)",12435,1,0.0,0,inf
dpgan,"LocalNeighbourhood(L_2, 0.250411558405805, accuracy)",12435,0,0.0,0,inf
dpgan,"LocalNeighbourhood(L_2, 0.250411558405805, accuracy)",12435,1,0.0,0,inf
dpgan,"LocalNeighbourhood(L_2, 0.250411558405805, accuracy)",12435,0,0.0,0,inf
dpgan,"LocalNeighbourhood(L_2, 0.250411558405805, accuracy)",12435,1,0.0,0,inf
dpgan,"LocalNeighbourhood(L_2, 0.250411558405805, accuracy)",12435,0,0.0,0,inf
dpgan,"LocalNeighbourhood(L_2, 0.250411558405805, accuracy)",12435,1,0.0,0,inf
dpgan,"LocalNeighbourhood(L_2, 0.250411558405805, accuracy)",12435,0,0.0,0,inf
dpgan,"LocalNeighbourhood(L_2, 0.250411558405805, accuracy)",12435,1,0.0,0,inf
dpgan,"LocalNeighbourhood(L_2, 0.250411558405805, accuracy)",12435,0,0.0,0,inf
dpgan,"LocalNeighbourhood(L_2, 0.250411558405805, accuracy)",12435,1,0.0,0,inf
dpgan,"LocalNeighbourhood(L_2, 0.250411558405805, accuracy)",12435,0,0.0,0,inf
dpgan,"LocalNeighbourhood(L_2, 0.250411558405805, accuracy)",12435,1,0.0,0,inf
dpgan,"LocalNeighbourhood(L_2, 0.250411558405805, accuracy)",12435,0,0.0,0,inf
dpgan,"LocalNeighbourhood(L_2, 0.250411558405805, accuracy)",12435,1,0.0,0,inf
dpgan,"LocalNeighbourhood(L_2, 0.250411558405805, accuracy)",12435,0,0.0,0,inf
dpgan,"LocalNeighbourhood(L_2, 0.250411558405805, accuracy)",12435,1,0.0,0,inf
dpgan,"LocalNeighbourhood(L_2, 0.250411558405805, accuracy)",12435,0,0.0,0,inf
dpgan,"LocalNeighbourhood(L_2, 0.250411558405805, accuracy)",12435,1,0.0,0,inf
dpgan,"LocalNeighbourhood(L_2, 0.250411558405805, accuracy)",12435,0,0.0,0,inf
dpgan,"LocalNeighbourhood(L_2, 0.250411558405805, accuracy)",12435,1,0.0,0,inf
dpgan,"LocalNeighbourhood(L_2, 0.250411558405805, accuracy)",12435,0,0.0,0,inf
dpgan,"LocalNeighbourhood(L_2, 0.250411558405805, accuracy)",12435,1,0.0,0,inf
dpgan,"LocalNeighbourhood(L_2, 0.250411558405805, accuracy)",12435,0,0.0,0,inf
dpgan,"LocalNeighbourhood(L_2, 0.250411558405805, accuracy)",12435,1,0.0,0,inf
dpgan,"LocalNeighbourhood(L_2, 0.250411558405805, accuracy)",12435,0,0.0,0,inf
dpgan,"LocalNeighbourhood(L_2, 0.250411558405805, accuracy)",12435,1,0.0,0,inf
dpgan,"LocalNeighbourhood(L_2, 0.250411558405805, accuracy)",12435,0,0.0,0,inf
dpgan,"LocalNeighbourhood(L_2, 0.250411558405805, accuracy)",12435,1,0.0,0,inf
dpgan,"LocalNeighbourhood(L_2, 0.250411558405805, accuracy)",12435,0,0.0,0,inf
dpgan,"LocalNeighbourhood(L_2, 0.250411558405805, accuracy)",12435,1,0.0,0,inf
dpgan,"LocalNeighbourhood(L_2, 0.250411558405805, accuracy)",12435,0,0.0,0,inf
dpgan,"LocalNeighbourhood(L_2, 0.250411558405805, accuracy)",12435,1,0.0,0,inf
dpgan,"LocalNeighbourhood(L_2, 0.250411558405805, accuracy)",12435,0,0.0,0,inf
dpgan,"LocalNeighbourhood(L_2, 0.250411558405805, accuracy)",12435,1,0.0,0,inf
dpgan,"LocalNeighbourhood(L_2, 0.250411558405805, accuracy)",12435,0,0.0,0,inf
dpgan,"LocalNeighbourhood(L_2, 0.250411558405805, accuracy)",12435,1,0.0,0,inf
dpgan,"LocalNeighbourhood(L_2, 0.250411558405805, accuracy)",12435,0,0.0,0,inf
dpgan,"LocalNeighbourhood(L_2, 0.250411558405805, accuracy)",12435,1,0.0,0,inf
dpgan,"LocalNeighbourhood(L_2, 0.250411558405805, accuracy)",12435,0,0.0,0,inf
dpgan,"LocalNeighbourhood(L_2, 0.250411558405805, accuracy)",12435,1,0.0,0,inf
dpgan,"LocalNeighbourhood(L_2, 0.250411558405805, accuracy)",12435,0,0.0,0,inf
dpgan,"LocalNeighbourhood(L_2, 0.250411558405805, accuracy)",12435,1,0.0,0,inf
dpgan,"LocalNeighbourhood(L_2, 0.250411558405805, accuracy)",12435,0,0.0,0,inf
dpgan,"LocalNeighbourhood(L_2, 0.250411558405805, accuracy)",12435,1,0.0,0,inf
dpgan,"LocalNeighbourhood(L_2, 0.250411558405805, accuracy)",12435,0,0.0,0,inf
dpgan,"LocalNeighbourhood(L_2, 0.250411558405805, accuracy)",12435,1,0.0,0,inf
dpgan,"LocalNeighbourhood(L_2, 0.250411558405805, accuracy)",12435,0,0.0,0,inf
dpgan,"LocalNeighbourhood(L_2, 0.250411558405805, accuracy)",12435,1,0.0,0,inf
dpgan,"LocalNeighbourhood(L_2, 0.250411558405805, accuracy)",12435,0,0.0,0,inf
dpgan,"LocalNeighbourhood(L_2, 0.250411558405805, accuracy)",12435,1,0.0,0,inf
dpgan,"LocalNeighbourhood(L_2, 0.250411558405805, accuracy)",12435,0,0.0,0,inf
dpgan,"LocalNeighbourhood(L_2, 0.250411558405805, accuracy)",12435,1,0.0,0,inf
dpgan,"LocalNeighbourhood(L_2, 0.250411558405805, accuracy)",12435,0,0.0,0,inf
dpgan,"LocalNeighbourhood(L_2, 0.250411558405805, accuracy)",12435,1,0.0,0,inf
dpgan,"LocalNeighbourhood(L_2, 0.250411558405805, accuracy)",12435,0,0.0,0,inf
dpgan,"LocalNeighbourhood(L_2, 0.250411558405805, accuracy)",12435,1,0.0,0,inf
dpgan,"LocalNeighbourhood(L_2, 0.250411558405805, accuracy)",12435,0,0.0,0,inf
dpgan,"LocalNeighbourhood(L_2, 0.250411558405805, accuracy)",12435,1,0.0,0,inf
dpgan,"LocalNeighbourhood(L_2, 0.250411558405805, accuracy)",12435,0,0.0,0,inf
dpgan,"LocalNeighbourhood(L_2, 0.250411558405805, accuracy)",12435,1,0.0,0,inf
dpgan,"LocalNeighbourhood(L_2, 0.250411558405805, accuracy)",12435,0,0.0,0,inf
dpgan,"LocalNeighbourhood(L_2, 0.250411558405805, accuracy)",12435,1,0.0,0,inf
dpgan,"LocalNeighbourhood(L_2, 0.250411558405805, accuracy)",12435,0,0.0,0,inf
dpgan,"LocalNeighbourhood(L_2, 0.250411558405805, accuracy)",12435,1,0.0,0,inf
dpgan,"LocalNeighbourhood(L_2, 0.250411558405805, accuracy)",12435,0,0.0,0,inf
dpgan,"LocalNeighbourhood(L_2, 0.250411558405805, accuracy)",12435,1,0.0,0,inf
dpgan,"LocalNeighbourhood(L_2, 0.250411558405805, accuracy)",12435,0,0.0,0,inf
dpgan,"LocalNeighbourhood(L_2, 0.250411558405805, accuracy)",12435,1,0.0,0,inf
dpgan,"LocalNeighbourhood(L_2, 0.250411558405805, accuracy)",12435,0,0.0,0,inf
dpgan,"LocalNeighbourhood(L_2, 0.250411558405805, accuracy)",12435,1,0.0,0,inf
dpgan,"LocalNeighbourhood(L_2, 0.250411558405805, accuracy)",12435,0,0.0,0,inf
dpgan,"LocalNeighbourhood(L_2, 0.250411558405805, accuracy)",12435,1,0.0,0,inf
dpgan,"LocalNeighbourhood(L_2, 0.250411558405805, accuracy)",12435,0,0.0,0,inf
dpgan,"LocalNeighbourhood(L_2, 0.250411558405805, accuracy)",12435,1,0.0,0,inf
dpgan,"LocalNeighbourhood(L_2, 0.250411558405805, accuracy)",12435,0,0.0,0,inf
dpgan,"LocalNeighbourhood(L_2, 0.250411558405805, accuracy)",12435,1,0.0,0,inf
dpgan,"LocalNeighbourhood(L_2, 0.250411558405805, accuracy)",12435,0,0.0,0,inf
dpgan,"LocalNeighbourhood(L_2, 0.250411558405805, accuracy)",12435,1,0.0,0,inf
dpgan,"LocalNeighbourhood(L_2, 0.250411558405805, accuracy)",12435,0,0.0,0,inf
dpgan,"LocalNeighbourhood(L_2, 0.250411558405805, accuracy)",12435,1,0.0,0,inf
dpgan,"LocalNeighbourhood(L_2, 0.250411558405805, accuracy)",12435,0,0.0,0,inf
dpgan,"LocalNeighbourhood(L_2, 0.250411558405805, accuracy)",12435,1,0.0,0,inf
dpgan,"LocalNeighbourhood(L_2, 0.250411558405805, accuracy)",12435,0,0.0,0,inf
dpgan,"LocalNeighbourhood(L_2, 0.250411558405805, accuracy)",12435,1,0.0,0,inf
dpgan,"LocalNeighbourhood(L_2, 0.250411558405805, accuracy)",12435,0,0.0,0,inf
dpgan,"LocalNeighbourhood(L_2, 0.250411558405805, accuracy)",12435,1,0.0,0,inf
dpgan,"LocalNeighbourhood(L_2, 0.250411558405805, accuracy)",12435,0,0.0,0,inf
dpgan,"LocalNeighbourhood(L_2, 0.250411558405805, accuracy)",12435,1,0.0,0,inf
dpgan,"LocalNeighbourhood(L_2, 0.250411558405805, accuracy)",12435,0,0.0,0,inf
dpgan,"LocalNeighbourhood(L_2, 0.250411558405805, accuracy)",12435,1,0.0,0,inf
dpgan,"LocalNeighbourhood(L_2, 0.250411558405805, accuracy)",12435,0,0.0,0,inf
dpgan,"LocalNeighbourhood(L_2, 0.250411558405805, accuracy)",12435,1,0.0,0,inf
dpgan,"LocalNeighbourhood(L_2, 0.250411558405805, accuracy)",12435,0,0.0,0,inf
dpgan,"LocalNeighbourhood(L_2, 0.250411558405805, accuracy)",12435,1,0.0,0,inf
dpgan,"LocalNeighbourhood(L_2, 0.250411558405805, accuracy)",12435,0,0.0,0,inf
dpgan,"LocalNeighbourhood(L_2, 0.250411558405805, accuracy)",12435,1,0.0,0,inf
dpgan,"LocalNeighbourhood(L_2, 0.250411558405805, accuracy)",12435,0,0.0,0,inf
dpgan,"LocalNeighbourhood(L_2, 0.250411558405805, accuracy)",12435,1,0.0,0,inf
dpgan,"LocalNeighbourhood(L_2, 0.250411558405805, accuracy)",12435,0,0.0,0,inf
dpgan,"LocalNeighbourhood(L_2, 0.250411558405805, accuracy)",12435,1,0.0,0,inf
dpgan,"LocalNeighbourhood(L_2, 0.250411558405805, accuracy)",12435,0,0.0,0,inf
dpgan,"LocalNeighbourhood(L_2, 0.250411558405805, accuracy)",12435,1,0.0,0,inf
dpgan,"LocalNeighbourhood(L_2, 0.250411558405805, accuracy)",12435,0,0.0,0,inf
dpgan,"LocalNeighbourhood(L_2, 0.250411558405805, accuracy)",12435,1,0.0,0,inf
dpgan,"LocalNeighbourhood(L_2, 0.250411558405805, accuracy)",12435,0,0.0,0,inf
dpgan,"LocalNeighbourhood(L_2, 0.250411558405805, accuracy)",12435,1,0.0,0,inf
dpgan,"LocalNeighbourhood(L_2, 0.250411558405805, accuracy)",12435,0,0.0,0,inf
dpgan,"LocalNeighbourhood(L_2, 0.250411558405805, accuracy)",12435,1,0.0,0,inf
dpgan,"LocalNeighbourhood(L_2, 0.250411558405805, accuracy)",12435,0,0.0,0,inf
dpgan,"LocalNeighbourhood(L_2, 0.250411558405805, accuracy)",12435,1,0.0,0,inf
dpgan,"LocalNeighbourhood(L_2, 0.250411558405805, accuracy)",12435,0,0.0,0,inf
dpgan,"LocalNeighbourhood(L_2, 0.250411558405805, accuracy)",12435,1,0.0,0,inf
dpgan,"LocalNeighbourhood(L_2, 0.250411558405805, accuracy)",12435,0,0.0,0,inf
dpgan,"LocalNeighbourhood(L_2, 0.250411558405805, accuracy)",12435,1,0.0,0,inf
dpgan,"LocalNeighbourhood(L_2, 0.250411558405805, accuracy)",12435,0,0.0,0,inf
dpgan,"LocalNeighbourhood(L_2, 0.250411558405805, accuracy)",12435,1,0.0,0,inf
dpgan,"LocalNeighbourhood(L_2, 0.250411558405805, accuracy)",12435,0,0.0,0,inf
dpgan,"LocalNeighbourhood(L_2, 0.250411558405805, accuracy)",12435,1,0.0,0,inf
dpgan,"LocalNeighbourhood(L_2, 0.250411558405805, accuracy)",12435,0,0.0,0,inf
dpgan,"LocalNeighbourhood(L_2, 0.250411558405805, accuracy)",12435,1,0.0,0,inf
dpgan,"LocalNeighbourhood(L_2, 0.250411558405805, accuracy)",12435,0,0.0,0,inf
dpgan,"LocalNeighbourhood(L_2, 0.250411558405805, accuracy)",12435,1,0.0,0,inf
dpgan,"LocalNeighbourhood(L_2, 0.250411558405805, accuracy)",12435,0,0.0,0,inf
dpgan,"LocalNeighbourhood(L_2, 0.250411558405805, accuracy)",12435,1,0.0,0,inf
dpgan,"LocalNeighbourhood(L_2, 0.250411558405805, accuracy)",12435,0,0.0,0,inf
dpgan,"LocalNeighbourhood(L_2, 0.250411558405805, accuracy)",12435,1,0.0,0,inf
dpgan,"LocalNeighbourhood(L_2, 0.250411558405805, accuracy)",12435,0,0.0,0,inf
dpgan,"LocalNeighbourhood(L_2, 0.250411558405805, accuracy)",12435,1,0.0,0,inf
dpgan,"LocalNeighbourhood(L_2, 0.250411558405805, accuracy)",12435,0,0.0,0,inf
dpgan,"LocalNeighbourhood(L_2, 0.250411558405805, accuracy)",12435,1,0.0,0,inf
dpgan,"LocalNeighbourhood(L_2, 0.250411558405805, accuracy)",12435,0,0.0,0,inf
dpgan,"LocalNeighbourhood(L_2, 0.250411558405805, accuracy)",12435,1,0.0,0,inf
dpgan,"LocalNeighbourhood(L_2, 0.250411558405805, accuracy)",12435,0,0.0,0,inf
dpgan,"LocalNeighbourhood(L_2, 0.250411558405805, accuracy)",12435,1,0.0,0,inf
dpgan,"LocalNeighbourhood(L_2, 0.250411558405805, accuracy)",12435,0,0.0,0,inf
dpgan,"LocalNeighbourhood(L_2, 0.250411558405805, accuracy)",12435,1,0.0,0,inf
dpgan,"LocalNeighbourhood(L_2, 0.250411558405805, accuracy)",12435,0,0.0,0,inf
dpgan,"LocalNeighbourhood(L_2, 0.250411558405805, accuracy)",12435,1,0.0,0,inf
dpgan,"LocalNeighbourhood(L_2, 0.250411558405805, accuracy)",12435,0,0.0,0,inf
dpgan,"LocalNeighbourhood(L_2, 0.250411558405805, accuracy)",12435,1,0.0,0,inf
dpgan,"LocalNeighbourhood(L_2, 0.250411558405805, accuracy)",12435,0,0.0,0,inf
dpgan,"LocalNeighbourhood(L_2, 0.250411558405805, accuracy)",12435,1,0.0,0,inf
dpgan,"LocalNeighbourhood(L_2, 0.250411558405805, accuracy)",12435,0,0.0,0,inf
dpgan,"LocalNeighbourhood(L_2, 0.250411558405805, accuracy)",12435,1,0.0,0,inf
dpgan,"LocalNeighbourhood(L_2, 0.250411558405805, accuracy)",12435,0,0.0,0,inf
dpgan,"LocalNeighbourhood(L_2, 0.250411558405805, accuracy)",12435,1,0.0,0,inf
dpgan,"LocalNeighbourhood(L_2, 0.250411558405805, accuracy)",12435,0,0.0,0,inf
dpgan,"LocalNeighbourhood(L_2, 0.250411558405805, accuracy)",12435,1,0.0,0,inf
dpgan,"LocalNeighbourhood(L_2, 0.250411558405805, accuracy)",12435,0,0.0,0,inf
dpgan,"LocalNeighbourhood(L_2, 0.250411558405805, accuracy)",12435,1,0.0,0,inf
dpgan,"LocalNeighbourhood(L_2, 0.250411558405805, accuracy)",12435,0,0.0,0,inf
dpgan,"LocalNeighbourhood(L_2, 0.250411558405805, accuracy)",12435,1,0.0,0,inf
dpgan,"LocalNeighbourhood(L_2, 0.250411558405805, accuracy)",12435,0,0.0,0,inf
dpgan,"LocalNeighbourhood(L_2, 0.250411558405805, accuracy)",12435,1,0.0,0,inf
dpgan,"LocalNeighbourhood(L_2, 0.250411558405805, accuracy)",12435,0,0.0,0,inf
dpgan,"LocalNeighbourhood(L_2, 0.250411558405805, accuracy)",12435,1,0.0,0,inf
dpgan,"LocalNeighbourhood(L_2, 0.250411558405805, accuracy)",12435,0,0.0,0,inf
dpgan,"LocalNeighbourhood(L_2, 0.250411558405805, accuracy)",12435,1,0.0,0,inf
dpgan,"LocalNeighbourhood(L_2, 0.250411558405805, accuracy)",12435,0,0.0,0,inf
dpgan,"LocalNeighbourhood(L_2, 0.250411558405805, accuracy)",12435,1,0.0,0,inf
dpgan,"LocalNeighbourhood(L_2, 0.250411558405805, accuracy)",12435,0,0.0,0,inf
dpgan,"LocalNeighbourhood(L_2, 0.250411558405805, accuracy)",12435,1,0.0,0,inf
dpgan,"LocalNeighbourhood(L_2, 0.250411558405805, accuracy)",12435,0,0.0,0,inf
dpgan,"LocalNeighbourhood(L_2, 0.250411558405805, accuracy)",12435,1,0.0,0,inf
dpgan,"LocalNeighbourhood(L_2, 0.250411558405805, accuracy)",12435,0,0.0,0,inf
dpgan,"LocalNeighbourhood(L_2, 0.250411558405805, accuracy)",12435,1,0.0,0,inf
dpgan,"LocalNeighbourhood(L_2, 0.250411558405805, accuracy)",12435,0,0.0,0,inf
dpgan,"LocalNeighbourhood(L_2, 0.250411558405805, accuracy)",12435,1,0.0,0,inf
dpgan,"LocalNeighbourhood(L_2, 0.250411558405805, accuracy)",12435,0,0.0,0,inf
dpgan,"LocalNeighbourhood(L_2, 0.250411558405805, accuracy)",12435,1,0.0,0,inf
dpgan,"LocalNeighbourhood(L_2, 0.250411558405805, accuracy)",12435,0,0.0,0,inf
dpgan,"LocalNeighbourhood(L_2, 0.250411558405805, accuracy)",12435,1,0.0,0,inf
dpgan,"LocalNeighbourhood(L_2, 0.250411558405805, accuracy)",12435,0,0.0,0,inf
dpgan,"LocalNeighbourhood(L_2, 0.250411558405805, accuracy)",12435,1,0.0,0,inf
dpgan,"LocalNeighbourhood(L_2, 0.250411558405805, accuracy)",12435,0,0.0,0,inf
dpgan,"LocalNeighbourhood(L_2, 0.250411558405805, accuracy)",12435,1,0.0,0,inf
dpgan,"LocalNeighbourhood(L_2, 0.250411558405805, accuracy)",12435,0,0.0,0,inf
dpgan,"LocalNeighbourhood(L_2, 0.250411558405805, accuracy)",12435,1,0.0,0,inf
dpgan,"LocalNeighbourhood(L_2, 0.250411558405805, accuracy)",12435,0,0.0,0,inf
dpgan,"LocalNeighbourhood(L_2, 0.250411558405805, accuracy)",12435,1,0.0,0,inf
dpgan,"LocalNeighbourhood(L_2, 0.250411558405805, accuracy)",12435,0,0.0,0,inf
dpgan,"LocalNeighbourhood(L_2, 0.250411558405805, accuracy)",12435,1,0.0,0,inf
dpgan,"LocalNeighbourhood(L_2, 0.250411558405805, accuracy)",12435,0,0.0,0,inf
dpgan,"LocalNeighbourhood(L_2, 0.250411558405805, accuracy)",12435,1,0.0,0,inf
dpgan,"LocalNeighbourhood(L_2, 0.250411558405805, accuracy)",12435,0,0.0,0,inf
dpgan,"LocalNeighbourhood(L_2, 0.250411558405805, accuracy)",12435,1,0.0,0,inf
dpgan,"LocalNeighbourhood(L_2, 0.250411558405805, accuracy)",12435,0,0.0,0,inf
dpgan,"LocalNeighbourhood(L_2, 0.250411558405805, accuracy)",12435,1,0.0,0,inf
dpgan,"LocalNeighbourhood(L_2, 0.250411558405805, accuracy)",12435,0,0.0,0,inf
dpgan,"LocalNeighbourhood(L_2, 0.250411558405805, accuracy)",12435,1,0.0,0,inf
dpgan,"LocalNeighbourhood(L_2, 0.250411558405805, accuracy)",12435,0,0.0,0,inf
dpgan,"LocalNeighbourhood(L_2, 0.250411558405805, accuracy)",12435,1,0.0,0,inf
dpgan,"LocalNeighbourhood(L_2, 0.250411558405805, accuracy)",12435,0,0.0,0,inf
dpgan,"LocalNeighbourhood(L_2, 0.250411558405805, accuracy)",12435,1,0.0,0,inf
dpgan,"LocalNeighbourhood(L_2, 0.250411558405805, accuracy)",12435,0,0.0,0,inf
dpgan,"LocalNeighbourhood(L_2, 0.250411558405805, accuracy)",12435,1,0.0,0,inf
dpgan,"LocalNeighbourhood(L_2, 0.250411558405805, accuracy)",12435,0,0.0,0,inf
dpgan,"LocalNeighbourhood(L_2, 0.250411558405805, accuracy)",12435,1,0.0,0,inf
dpgan,"LocalNeighbourhood(L_2, 0.250411558405805, accuracy)",12435,0,0.0,0,inf
dpgan,"LocalNeighbourhood(L_2, 0.250411558405805, accuracy)",12435,1,0.0,0,inf
dpgan,"LocalNeighbourhood(L_2, 0.250411558405805, accuracy)",12435,0,0.0,0,inf
dpgan,"LocalNeighbourhood(L_2, 0.250411558405805, accuracy)",12435,1,0.0,0,inf
dpgan,"LocalNeighbourhood(L_2, 0.250411558405805, accuracy)",12435,0,0.0,0,inf
dpgan,"LocalNeighbourhood(L_2, 0.250411558405805, accuracy)",12435,1,0.0,0,inf
dpgan,"LocalNeighbourhood(L_2, 0.250411558405805, accuracy)",12435,0,0.0,0,inf
dpgan,"LocalNeighbourhood(L_2, 0.250411558405805, accuracy)",12435,1,0.0,0,inf
dpgan,"LocalNeighbourhood(L_2, 0.250411558405805, accuracy)",12435,0,0.0,0,inf
dpgan,"LocalNeighbourhood(L_2, 0.250411558405805, accuracy)",12435,1,0.0,0,inf
dpgan,"LocalNeighbourhood(L_2, 0.250411558405805, accuracy)",12435,0,0.0,0,inf
dpgan,"LocalNeighbourhood(L_2, 0.250411558405805, accuracy)",12435,1,0.0,0,inf
dpgan,"LocalNeighbourhood(L_2, 0.250411558405805, accuracy)",12435,0,0.0,0,inf
dpgan,"LocalNeighbourhood(L_2, 0.250411558405805, accuracy)",12435,1,0.0,0,inf
dpgan,"LocalNeighbourhood(L_2, 0.250411558405805, accuracy)",12435,0,0.0,0,inf
dpgan,"LocalNeighbourhood(L_2, 0.250411558405805, accuracy)",12435,1,0.0,0,inf
dpgan,"LocalNeighbourhood(L_2, 0.250411558405805, accuracy)",12435,0,0.0,0,inf
dpgan,"LocalNeighbourhood(L_2, 0.250411558405805, accuracy)",12435,1,0.0,0,inf
dpgan,"LocalNeighbourhood(L_2, 0.250411558405805, accuracy)",12435,0,0.0,0,inf
dpgan,"LocalNeighbourhood(L_2, 0.250411558405805, accuracy)",12435,1,0.0,0,inf
dpgan,"LocalNeighbourhood(L_2, 0.250411558405805, accuracy)",12435,0,0.0,0,inf
dpgan,"LocalNeighbourhood(L_2, 0.250411558405805, accuracy)",12435,1,0.0,0,inf
dpgan,"LocalNeighbourhood(L_2, 0.250411558405805, accuracy)",12435,0,0.0,0,inf
dpgan,"LocalNeighbourhood(L_2, 0.250411558405805, accuracy)",12435,1,0.0,0,inf
dpgan,"LocalNeighbourhood(L_2, 0.250411558405805, accuracy)",12435,0,0.0,0,inf
dpgan,"LocalNeighbourhood(L_2, 0.250411558405805, accuracy)",12435,1,0.0,0,inf
dpgan,"LocalNeighbourhood(L_2, 0.250411558405805, accuracy)",12435,0,0.0,0,inf
dpgan,"LocalNeighbourhood(L_2, 0.250411558405805, accuracy)",12435,1,0.0,0,inf
dpgan,"LocalNeighbourhood(L_2, 0.250411558405805, accuracy)",12435,0,0.0,0,inf
dpgan,"LocalNeighbourhood(L_2, 0.250411558405805, accuracy)",12435,1,0.0,0,inf
dpgan,"LocalNeighbourhood(L_2, 0.250411558405805, accuracy)",12435,0,0.0,0,inf
dpgan,"LocalNeighbourhood(L_2, 0.250411558405805, accuracy)",12435,1,0.0,0,inf
dpgan,"LocalNeighbourhood(L_2, 0.250411558405805, accuracy)",12435,0,0.0,0,inf
dpgan,"LocalNeighbourhood(L_2, 0.250411558405805, accuracy)",12435,1,0.0,0,inf
dpgan,"LocalNeighbourhood(L_2, 0.250411558405805, accuracy)",12435,0,0.0,0,inf
dpgan,"LocalNeighbourhood(L_2, 0.250411558405805, accuracy)",12435,1,0.0,0,inf
dpgan,"LocalNeighbourhood(L_2, 0.250411558405805, accuracy)",12435,0,0.0,0,inf
dpgan,"LocalNeighbourhood(L_2, 0.250411558405805, accuracy)",12435,1,0.0,0,inf
dpgan,"LocalNeighbourhood(L_2, 0.250411558405805, accuracy)",12435,0,0.0,0,inf
dpgan,"LocalNeighbourhood(L_2, 0.250411558405805, accuracy)",12435,1,0.0,0,inf
dpgan,"LocalNeighbourhood(L_2, 0.250411558405805, accuracy)",12435,0,0.0,0,inf
dpgan,"LocalNeighbourhood(L_2, 0.250411558405805, accuracy)",12435,1,0.0,0,inf
dpgan,"LocalNeighbourhood(L_2, 0.250411558405805, accuracy)",12435,0,0.0,0,inf
dpgan,"LocalNeighbourhood(L_2, 0.250411558405805, accuracy)",12435,1,0.0,0,inf
dpgan,"LocalNeighbourhood(L_2, 0.250411558405805, accuracy)",12435,0,0.0,0,inf
dpgan,"LocalNeighbourhood(L_2, 0.250411558405805, accuracy)",12435,1,0.0,0,inf
dpgan,"LocalNeighbourhood(L_2, 0.250411558405805, accuracy)",12435,0,0.0,0,inf
dpgan,"LocalNeighbourhood(L_2, 0.250411558405805, accuracy)",12435,1,0.0,0,inf
dpgan,"LocalNeighbourhood(L_2, 0.250411558405805, accuracy)",12435,0,0.0,0,inf
dpgan,"LocalNeighbourhood(L_2, 0.250411558405805, accuracy)",12435,1,0.0,0,inf
dpgan,"LocalNeighbourhood(L_2, 0.250411558405805, accuracy)",12435,0,0.0,0,inf
dpgan,"LocalNeighbourhood(L_2, 0.250411558405805, accuracy)",12435,1,0.0,0,inf
dpgan,"LocalNeighbourhood(L_2, 0.250411558405805, accuracy)",12435,0,0.0,0,inf
dpgan,"LocalNeighbourhood(L_2, 0.250411558405805, accuracy)",12435,1,0.0,0,inf
dpgan,"LocalNeighbourhood(L_2, 0.250411558405805, accuracy)",12435,0,0.0,0,inf
dpgan,"LocalNeighbourhood(L_2, 0.250411558405805, accuracy)",12435,1,0.0,0,inf
dpgan,"LocalNeighbourhood(L_2, 0.250411558405805, accuracy)",12435,0,0.0,0,inf
dpgan,"LocalNeighbourhood(L_2, 0.250411558405805, accuracy)",12435,1,0.0,0,inf
dpgan,"LocalNeighbourhood(L_2, 0.250411558405805, accuracy)",12435,0,0.0,0,inf
dpgan,"LocalNeighbourhood(L_2, 0.250411558405805, accuracy)",12435,1,0.0,0,inf
dpgan,"LocalNeighbourhood(L_2, 0.250411558405805, accuracy)",12435,0,0.0,0,inf
dpgan,"LocalNeighbourhood(L_2, 0.250411558405805, accuracy)",12435,1,0.0,0,inf
dpgan,"LocalNeighbourhood(L_2, 0.250411558405805, accuracy)",12435,0,0.0,0,inf
dpgan,"LocalNeighbourhood(L_2, 0.250411558405805, accuracy)",12435,1,0.0,0,inf
dpgan,"LocalNeighbourhood(L_2, 0.250411558405805, accuracy)",12435,0,0.0,0,inf
dpgan,"LocalNeighbourhood(L_2, 0.250411558405805, accuracy)",12435,1,0.0,0,inf
dpgan,"LocalNeighbourhood(L_2, 0.250411558405805, accuracy)",12435,0,0.0,0,inf
dpgan,"LocalNeighbourhood(L_2, 0.250411558405805, accuracy)",12435,1,0.0,0,inf
dpgan,"LocalNeighbourhood(L_2, 0.250411558405805, accuracy)",12435,0,0.0,0,inf
dpgan,"LocalNeighbourhood(L_2, 0.250411558405805, accuracy)",12435,1,0.0,0,inf
dpgan,"LocalNeighbourhood(L_2, 0.250411558405805, accuracy)",12435,0,0.0,0,inf
dpgan,"LocalNeighbourhood(L_2, 0.250411558405805, accuracy)",12435,1,0.0,0,inf
dpgan,"LocalNeighbourhood(L_2, 0.250411558405805, accuracy)",12435,0,0.0,0,inf
dpgan,"LocalNeighbourhood(L_2, 0.250411558405805, accuracy)",12435,1,0.0,0,inf
dpgan,"LocalNeighbourhood(L_2, 0.250411558405805, accuracy)",12435,0,0.0,0,inf
dpgan,"LocalNeighbourhood(L_2, 0.250411558405805, accuracy)",12435,1,0.0,0,inf
dpgan,"LocalNeighbourhood(L_2, 0.250411558405805, accuracy)",12435,0,0.0,0,inf
dpgan,"LocalNeighbourhood(L_2, 0.250411558405805, accuracy)",12435,1,0.0,0,inf
dpgan,"LocalNeighbourhood(L_2, 0.250411558405805, accuracy)",12435,0,0.0,0,inf
dpgan,"LocalNeighbourhood(L_2, 0.250411558405805, accuracy)",12435,1,0.0,0,inf
dpgan,"LocalNeighbourhood(L_2, 0.250411558405805, accuracy)",12435,0,0.0,0,inf
dpgan,"LocalNeighbourhood(L_2, 0.250411558405805, accuracy)",12435,1,0.0,0,inf
dpgan,"LocalNeighbourhood(L_2, 0.250411558405805, accuracy)",12435,0,0.0,0,inf
dpgan,"LocalNeighbourhood(L_2, 0.250411558405805, accuracy)",12435,1,0.0,0,inf
dpgan,"LocalNeighbourhood(L_2, 0.250411558405805, accuracy)",12435,0,0.0,0,inf
dpgan,"LocalNeighbourhood(L_2, 0.250411558405805, accuracy)",12435,1,0.0,0,inf
dpgan,"LocalNeighbourhood(L_2, 0.250411558405805, accuracy)",12435,0,0.0,0,inf
dpgan,"LocalNeighbourhood(L_2, 0.250411558405805, accuracy)",12435,1,0.0,0,inf
dpgan,"LocalNeighbourhood(L_2, 0.250411558405805, accuracy)",12435,0,0.0,0,inf
dpgan,"LocalNeighbourhood(L_2, 0.250411558405805, accuracy)",12435,1,0.0,0,inf
dpgan,"LocalNeighbourhood(L_2, 0.250411558405805, accuracy)",12435,0,0.0,0,inf
dpgan,"LocalNeighbourhood(L_2, 0.250411558405805, accuracy)",12435,1,0.0,0,inf
dpgan,"LocalNeighbourhood(L_2, 0.250411558405805, accuracy)",12435,0,0.0,0,inf
dpgan,"LocalNeighbourhood(L_2, 0.250411558405805, accuracy)",12435,1,0.0,0,inf
dpgan,"LocalNeighbourhood(L_2, 0.250411558405805, accuracy)",12435,0,0.0,0,inf
dpgan,"LocalNeighbourhood(L_2, 0.250411558405805, accuracy)",12435,1,0.0,0,inf
dpgan,"LocalNeighbourhood(L_2, 0.250411558405805, accuracy)",12435,0,0.0,0,inf
dpgan,"LocalNeighbourhood(L_2, 0.250411558405805, accuracy)",12435,1,0.0,0,inf
dpgan,"LocalNeighbourhood(L_2, 0.250411558405805, accuracy)",12435,0,0.0,0,inf
dpgan,"LocalNeighbourhood(L_2, 0.250411558405805, accuracy)",12435,1,0.0,0,inf
dpgan,"LocalNeighbourhood(L_2, 0.250411558405805, accuracy)",12435,0,0.0,0,inf
dpgan,"LocalNeighbourhood(L_2, 0.250411558405805, accuracy)",12435,1,0.0,0,inf
dpgan,"LocalNeighbourhood(L_2, 0.250411558405805, accuracy)",12435,0,0.0,0,inf
dpgan,"LocalNeighbourhood(L_2, 0.250411558405805, accuracy)",12435,1,0.0,0,inf
dpgan,"LocalNeighbourhood(L_2, 0.250411558405805, accuracy)",12435,0,0.0,0,inf
dpgan,"LocalNeighbourhood(L_2, 0.250411558405805, accuracy)",12435,1,0.0,0,inf
dpgan,"LocalNeighbourhood(L_2, 0.250411558405805, accuracy)",12435,0,0.0,0,inf
dpgan,"LocalNeighbourhood(L_2, 0.250411558405805, accuracy)",12435,1,0.0,0,inf
dpgan,"LocalNeighbourhood(L_2, 0.250411558405805, accuracy)",12435,0,0.0,0,inf
dpgan,"LocalNeighbourhood(L_2, 0.250411558405805, accuracy)",12435,1,0.0,0,inf
dpgan,"LocalNeighbourhood(L_2, 0.250411558405805, accuracy)",12435,0,0.0,0,inf
dpgan,"LocalNeighbourhood(L_2, 0.250411558405805, accuracy)",12435,1,0.0,0,inf
dpgan,"LocalNeighbourhood(L_2, 0.250411558405805, accuracy)",12435,0,0.0,0,inf
dpgan,"LocalNeighbourhood(L_2, 0.250411558405805, accuracy)",12435,1,0.0,0,inf
dpgan,"LocalNeighbourhood(L_2, 0.250411558405805, accuracy)",12435,0,0.0,0,inf
dpgan,"LocalNeighbourhood(L_2, 0.250411558405805, accuracy)",12435,1,0.0,0,inf
dpgan,"LocalNeighbourhood(L_2, 0.250411558405805, accuracy)",12435,0,0.0,0,inf
dpgan,"LocalNeighbourhood(L_2, 0.250411558405805, accuracy)",12435,1,0.0,0,inf
dpgan,"LocalNeighbourhood(L_2, 0.250411558405805, accuracy)",12435,0,0.0,0,inf
dpgan,"LocalNeighbourhood(L_2, 0.250411558405805, accuracy)",12435,1,0.0,0,inf
dpgan,"LocalNeighbourhood(L_2, 0.250411558405805, accuracy)",12435,0,0.0,0,inf
dpgan,"LocalNeighbourhood(L_2, 0.250411558405805, accuracy)",12435,1,0.0,0,inf
dpgan,"LocalNeighbourhood(L_2, 0.250411558405805, accuracy)",12435,0,0.0,0,inf
dpgan,"LocalNeighbourhood(L_2, 0.250411558405805, accuracy)",12435,1,0.0,0,inf
dpgan,"LocalNeighbourhood(L_2, 0.250411558405805, accuracy)",12435,0,0.0,0,inf
dpgan,"LocalNeighbourhood(L_2, 0.250411558405805, accuracy)",12435,1,0.0,0,inf
dpgan,"LocalNeighbourhood(L_2, 0.250411558405805, accuracy)",12435,0,0.0,0,inf
dpgan,"LocalNeighbourhood(L_2, 0.250411558405805, accuracy)",12435,1,0.0,0,inf
dpgan,"LocalNeighbourhood(L_2, 0.250411558405805, accuracy)",12435,0,0.0,0,inf
dpgan,"LocalNeighbourhood(L_2, 0.250411558405805, accuracy)",12435,1,0.0,0,inf
dpgan,"LocalNeighbourhood(L_2, 0.250411558405805, accuracy)",12435,0,0.0,0,inf
dpgan,"LocalNeighbourhood(L_2, 0.250411558405805, accuracy)",12435,1,0.0,0,inf
dpgan,"LocalNeighbourhood(L_2, 0.250411558405805, accuracy)",12435,0,0.0,0,inf
dpgan,"LocalNeighbourhood(L_2, 0.250411558405805, accuracy)",12435,1,0.0,0,inf
dpgan,"LocalNeighbourhood(L_2, 0.250411558405805, accuracy)",12435,0,0.0,0,inf
dpgan,"LocalNeighbourhood(L_2, 0.250411558405805, accuracy)",12435,1,0.0,0,inf
dpgan,"LocalNeighbourhood(L_2, 0.250411558405805, accuracy)",12435,0,0.0,0,inf
dpgan,"LocalNeighbourhood(L_2, 0.250411558405805, accuracy)",12435,1,0.0,0,inf
dpgan,"LocalNeighbourhood(L_2, 0.250411558405805, accuracy)",12435,0,0.0,0,inf
dpgan,"LocalNeighbourhood(L_2, 0.250411558405805, accuracy)",12435,1,0.0,0,inf
dpgan,"LocalNeighbourhood(L_2, 0.250411558405805, accuracy)",12435,0,0.0,0,inf
dpgan,"LocalNeighbourhood(L_2, 0.250411558405805, accuracy)",12435,1,0.0,0,inf
dpgan,"LocalNeighbourhood(L_2, 0.250411558405805, accuracy)",12435,0,0.0,0,inf
dpgan,"LocalNeighbourhood(L_2, 0.250411558405805, accuracy)",12435,1,0.0,0,inf
dpgan,"LocalNeighbourhood(L_2, 0.250411558405805, accuracy)",12435,0,0.0,0,inf
dpgan,"LocalNeighbourhood(L_2, 0.250411558405805, accuracy)",12435,1,0.0,0,inf
dpgan,"LocalNeighbourhood(L_2, 0.250411558405805, accuracy)",12435,0,0.0,0,inf
dpgan,"LocalNeighbourhood(L_2, 0.250411558405805, accuracy)",12435,1,0.0,0,inf
dpgan,"LocalNeighbourhood(L_2, 0.250411558405805, accuracy)",12435,0,0.0,0,inf
dpgan,"LocalNeighbourhood(L_2, 0.250411558405805, accuracy)",12435,1,0.0,0,inf
dpgan,"LocalNeighbourhood(L_2, 0.250411558405805, accuracy)",12435,0,0.0,0,inf
dpgan,"LocalNeighbourhood(L_2, 0.250411558405805, accuracy)",12435,1,0.0,0,inf
dpgan,"LocalNeighbourhood(L_2, 0.250411558405805, accuracy)",12435,0,0.0,0,inf
dpgan,"LocalNeighbourhood(L_2, 0.250411558405805, accuracy)",12435,1,0.0,0,inf
dpgan,"LocalNeighbourhood(L_2, 0.250411558405805, accuracy)",12435,0,0.0,0,inf
dpgan,"LocalNeighbourhood(L_2, 0.250411558405805, accuracy)",12435,1,0.0,0,inf
dpgan,"LocalNeighbourhood(L_2, 0.250411558405805, accuracy)",12435,0,0.0,0,inf
dpgan,"LocalNeighbourhood(L_2, 0.250411558405805, accuracy)",12435,1,0.0,0,inf
dpgan,"LocalNeighbourhood(L_2, 0.250411558405805, accuracy)",12435,0,0.0,0,inf
dpgan,"LocalNeighbourhood(L_2, 0.250411558405805, accuracy)",12435,1,0.0,0,inf
dpgan,"LocalNeighbourhood(L_2, 0.250411558405805, accuracy)",12435,0,0.0,0,inf
dpgan,"LocalNeighbourhood(L_2, 0.250411558405805, accuracy)",12435,1,0.0,0,inf
dpgan,"LocalNeighbourhood(L_2, 0.250411558405805, accuracy)",12435,0,0.0,0,inf
dpgan,"LocalNeighbourhood(L_2, 0.250411558405805, accuracy)",12435,1,0.0,0,inf
dpgan,"LocalNeighbourhood(L_2, 0.250411558405805, accuracy)",12435,0,0.0,0,inf
dpgan,"LocalNeighbourhood(L_2, 0.250411558405805, accuracy)",12435,1,0.0,0,inf
dpgan,"LocalNeighbourhood(L_2, 0.250411558405805, accuracy)",12435,0,0.0,0,inf
dpgan,"LocalNeighbourhood(L_2, 0.250411558405805, accuracy)",12435,1,0.0,0,inf
dpgan,"LocalNeighbourhood(L_2, 0.250411558405805, accuracy)",12435,0,0.0,0,inf
dpgan,"LocalNeighbourhood(L_2, 0.250411558405805, accuracy)",12435,1,0.0,0,inf
dpgan,"LocalNeighbourhood(L_2, 0.250411558405805, accuracy)",12435,0,0.0,0,inf
dpgan,"LocalNeighbourhood(L_2, 0.250411558405805, accuracy)",12435,1,0.0,0,inf
dpgan,"LocalNeighbourhood(L_2, 0.250411558405805, accuracy)",12435,0,0.0,0,inf
dpgan,"LocalNeighbourhood(L_2, 0.250411558405805, accuracy)",12435,1,0.0,0,inf
dpgan,"LocalNeighbourhood(L_2, 0.250411558405805, accuracy)",12435,0,0.0,0,inf
dpgan,"LocalNeighbourhood(L_2, 0.250411558405805, accuracy)",12435,1,0.0,0,inf
dpgan,"LocalNeighbourhood(L_2, 0.250411558405805, accuracy)",12435,0,0.0,0,inf
dpgan,"LocalNeighbourhood(L_2, 0.250411558405805, accuracy)",12435,1,0.0,0,inf
dpgan,"LocalNeighbourhood(L_2, 0.250411558405805, accuracy)",12435,0,0.0,0,inf
dpgan,"LocalNeighbourhood(L_2, 0.250411558405805, accuracy)",12435,1,0.0,0,inf
dpgan,"LocalNeighbourhood(L_2, 0.250411558405805, accuracy)",12435,0,0.0,0,inf
dpgan,"LocalNeighbourhood(L_2, 0.250411558405805, accuracy)",12435,1,0.0,0,inf
dpgan,"LocalNeighbourhood(L_2, 0.250411558405805, accuracy)",12435,0,0.0,0,inf
dpgan,"LocalNeighbourhood(L_2, 0.250411558405805, accuracy)",12435,1,0.0,0,inf
dpgan,"LocalNeighbourhood(L_2, 0.250411558405805, accuracy)",12435,0,0.0,0,inf
dpgan,"LocalNeighbourhood(L_2, 0.250411558405805, accuracy)",12435,1,0.0,0,inf
dpgan,"LocalNeighbourhood(L_2, 0.250411558405805, accuracy)",12435,0,0.0,0,inf
dpgan,"LocalNeighbourhood(L_2, 0.250411558405805, accuracy)",12435,1,0.0,0,inf
dpgan,"LocalNeighbourhood(L_2, 0.250411558405805, accuracy)",12435,0,0.0,0,inf
dpgan,"LocalNeighbourhood(L_2, 0.250411558405805, accuracy)",12435,1,0.0,0,inf
dpgan,"LocalNeighbourhood(L_2, 0.250411558405805, accuracy)",12435,0,0.0,0,inf
dpgan,"LocalNeighbourhood(L_2, 0.250411558405805, accuracy)",12435,1,0.0,0,inf
dpgan,"LocalNeighbourhood(L_2, 0.250411558405805, accuracy)",12435,0,0.0,0,inf
dpgan,"LocalNeighbourhood(L_2, 0.250411558405805, accuracy)",12435,1,0.0,0,inf
dpgan,"LocalNeighbourhood(L_2, 0.250411558405805, accuracy)",12435,0,0.0,0,inf
dpgan,"LocalNeighbourhood(L_2, 0.250411558405805, accuracy)",12435,1,0.0,0,inf
dpgan,"LocalNeighbourhood(L_2, 0.250411558405805, accuracy)",12435,0,0.0,0,inf
dpgan,"LocalNeighbourhood(L_2, 0.250411558405805, accuracy)",12435,1,0.0,0,inf
dpgan,"LocalNeighbourhood(L_2, 0.250411558405805, accuracy)",12435,0,0.0,0,inf
dpgan,"LocalNeighbourhood(L_2, 0.250411558405805, accuracy)",12435,1,0.0,0,inf
dpgan,"LocalNeighbourhood(L_2, 0.250411558405805, accuracy)",12435,0,0.0,0,inf
dpgan,"LocalNeighbourhood(L_2, 0.250411558405805, accuracy)",12435,1,0.0,0,inf
dpgan,"LocalNeighbourhood(L_2, 0.250411558405805, accuracy)",12435,0,0.0,0,inf
dpgan,"LocalNeighbourhood(L_2, 0.250411558405805, accuracy)",12435,1,0.0,0,inf
dpgan,"LocalNeighbourhood(L_2, 0.250411558405805, accuracy)",12435,0,0.0,0,inf
dpgan,"LocalNeighbourhood(L_2, 0.250411558405805, accuracy)",12435,1,0.0,0,inf
dpgan,"LocalNeighbourhood(L_2, 0.250411558405805, accuracy)",12435,0,0.0,0,inf
dpgan,"LocalNeighbourhood(L_2, 0.250411558405805, accuracy)",12435,1,0.0,0,inf
dpgan,"LocalNeighbourhood(L_2, 0.250411558405805, accuracy)",12435,0,0.0,0,inf
dpgan,"LocalNeighbourhood(L_2, 0.250411558405805, accuracy)",12435,1,0.0,0,inf
dpgan,"LocalNeighbourhood(L_2, 0.250411558405805, accuracy)",12435,0,0.0,0,inf
dpgan,"LocalNeighbourhood(L_2, 0.250411558405805, accuracy)",12435,1,0.0,0,inf
dpgan,"LocalNeighbourhood(L_2, 0.250411558405805, accuracy)",12435,0,0.0,0,inf
dpgan,"LocalNeighbourhood(L_2, 0.250411558405805, accuracy)",12435,1,0.0,0,inf
dpgan,"LocalNeighbourhood(L_2, 0.250411558405805, accuracy)",12435,0,0.0,0,inf
dpgan,"LocalNeighbourhood(L_2, 0.250411558405805, accuracy)",12435,1,0.0,0,inf
dpgan,"LocalNeighbourhood(L_2, 0.250411558405805, accuracy)",12435,0,0.0,0,inf
dpgan,"LocalNeighbourhood(L_2, 0.250411558405805, accuracy)",12435,1,0.0,0,inf
dpgan,"LocalNeighbourhood(L_2, 0.250411558405805, accuracy)",12435,0,0.0,0,inf
dpgan,"LocalNeighbourhood(L_2, 0.250411558405805, accuracy)",12435,1,0.0,0,inf
dpgan,"LocalNeighbourhood(L_2, 0.250411558405805, accuracy)",12435,0,0.0,0,inf
dpgan,"LocalNeighbourhood(L_2, 0.250411558405805, accuracy)",12435,1,0.0,0,inf
dpgan,"LocalNeighbourhood(L_2, 0.250411558405805, accuracy)",12435,0,0.0,0,inf
dpgan,"LocalNeighbourhood(L_2, 0.250411558405805, accuracy)",12435,1,0.0,0,inf
dpgan,"LocalNeighbourhood(L_2, 0.250411558405805, accuracy)",12435,0,0.0,0,inf
dpgan,"LocalNeighbourhood(L_2, 0.250411558405805, accuracy)",12435,1,0.0,0,inf
dpgan,"LocalNeighbourhood(L_2, 0.250411558405805, accuracy)",12435,0,0.0,0,inf
dpgan,"LocalNeighbourhood(L_2, 0.250411558405805, accuracy)",12435,1,0.0,0,inf
dpgan,"LocalNeighbourhood(L_2, 0.250411558405805, accuracy)",12435,0,0.0,0,inf
dpgan,"LocalNeighbourhood(L_2, 0.250411558405805, accuracy)",12435,1,0.0,0,inf
dpgan,"LocalNeighbourhood(L_2, 0.250411558405805, accuracy)",12435,0,0.0,0,inf
dpgan,"LocalNeighbourhood(L_2, 0.250411558405805, accuracy)",12435,1,0.0,0,inf
dpgan,"LocalNeighbourhood(L_2, 0.250411558405805, accuracy)",12435,0,0.0,0,inf
dpgan,"LocalNeighbourhood(L_2, 0.250411558405805, accuracy)",12435,1,0.0,0,inf
dpgan,"LocalNeighbourhood(L_2, 0.250411558405805, accuracy)",12435,0,0.0,0,inf
dpgan,"LocalNeighbourhood(L_2, 0.250411558405805, accuracy)",12435,1,0.0,0,inf
dpgan,"LocalNeighbourhood(L_2, 0.250411558405805, accuracy)",12435,0,0.0,0,inf
dpgan,"LocalNeighbourhood(L_2, 0.250411558405805, accuracy)",12435,1,0.0,0,inf
dpgan,"LocalNeighbourhood(L_2, 0.250411558405805, accuracy)",12435,0,0.0,0,inf
dpgan,"LocalNeighbourhood(L_2, 0.250411558405805, accuracy)",12435,1,0.0,0,inf
dpgan,"LocalNeighbourhood(L_2, 0.250411558405805, accuracy)",12435,0,0.0,0,inf
dpgan,"LocalNeighbourhood(L_2, 0.250411558405805, accuracy)",12435,1,0.0,0,inf
dpgan,"LocalNeighbourhood(L_2, 0.250411558405805, accuracy)",12435,0,0.0,0,inf
dpgan,"LocalNeighbourhood(L_2, 0.250411558405805, accuracy)",12435,1,0.0,0,inf
dpgan,"LocalNeighbourhood(L_2, 0.250411558405805, accuracy)",12435,0,0.0,0,inf
dpgan,"LocalNeighbourhood(L_2, 0.250411558405805, accuracy)",12435,1,0.0,0,inf
dpgan,"LocalNeighbourhood(L_2, 0.250411558405805, accuracy)",12435,0,0.0,0,inf
dpgan,"LocalNeighbourhood(L_2, 0.250411558405805, accuracy)",12435,1,0.0,0,inf
dpgan,"LocalNeighbourhood(L_2, 0.250411558405805, accuracy)",12435,0,0.0,0,inf
dpgan,"LocalNeighbourhood(L_2, 0.250411558405805, accuracy)",12435,1,0.0,0,inf
dpgan,"LocalNeighbourhood(L_2, 0.250411558405805, accuracy)",12435,0,0.0,0,inf
dpgan,"LocalNeighbourhood(L_2, 0.250411558405805, accuracy)",12435,1,0.0,0,inf
dpgan,"LocalNeighbourhood(L_2, 0.250411558405805, accuracy)",12435,0,0.0,0,inf
dpgan,"LocalNeighbourhood(L_2, 0.250411558405805, accuracy)",12435,1,0.0,0,inf
dpgan,"LocalNeighbourhood(L_2, 0.250411558405805, accuracy)",12435,0,0.0,0,inf
dpgan,"LocalNeighbourhood(L_2, 0.250411558405805, accuracy)",12435,1,0.0,0,inf
dpgan,"LocalNeighbourhood(L_2, 0.250411558405805, accuracy)",12435,0,0.0,0,inf
dpgan,"LocalNeighbourhood(L_2, 0.250411558405805, accuracy)",12435,1,0.0,0,inf
dpgan,"LocalNeighbourhood(L_2, 0.250411558405805, accuracy)",12435,0,0.0,0,inf
dpgan,"LocalNeighbourhood(L_2, 0.250411558405805, accuracy)",12435,1,0.0,0,inf
dpgan,"LocalNeighbourhood(L_2, 0.250411558405805, accuracy)",12435,0,0.0,0,inf
dpgan,"LocalNeighbourhood(L_2, 0.250411558405805, accuracy)",12435,1,0.0,0,inf
dpgan,"LocalNeighbourhood(L_2, 0.250411558405805, accuracy)",12435,0,0.0,0,inf
dpgan,"LocalNeighbourhood(L_2, 0.250411558405805, accuracy)",12435,1,0.0,0,inf
dpgan,"LocalNeighbourhood(L_2, 0.250411558405805, accuracy)",12435,0,0.0,0,inf
dpgan,"LocalNeighbourhood(L_2, 0.250411558405805, accuracy)",12435,1,0.0,0,inf
dpgan,"LocalNeighbourhood(L_2, 0.250411558405805, accuracy)",12435,0,0.0,0,inf
dpgan,"LocalNeighbourhood(L_2, 0.250411558405805, accuracy)",12435,1,0.0,0,inf
dpgan,"LocalNeighbourhood(L_2, 0.250411558405805, accuracy)",12435,0,0.0,0,inf
dpgan,"LocalNeighbourhood(L_2, 0.250411558405805, accuracy)",12435,1,0.0,0,inf
dpgan,"LocalNeighbourhood(L_2, 0.250411558405805, accuracy)",12435,0,0.0,0,inf
dpgan,"LocalNeighbourhood(L_2, 0.250411558405805, accuracy)",12435,1,0.0,0,inf
dpgan,"LocalNeighbourhood(L_2, 0.250411558405805, accuracy)",12435,0,0.0,0,inf
dpgan,"LocalNeighbourhood(L_2, 0.250411558405805, accuracy)",12435,1,0.0,0,inf
dpgan,"LocalNeighbourhood(L_2, 0.250411558405805, accuracy)",12435,0,0.0,0,inf
dpgan,"LocalNeighbourhood(L_2, 0.250411558405805, accuracy)",12435,1,0.0,0,inf
dpgan,"LocalNeighbourhood(L_2, 0.250411558405805, accuracy)",12435,0,0.0,0,inf
dpgan,"LocalNeighbourhood(L_2, 0.250411558405805, accuracy)",12435,1,0.0,0,inf
dpgan,"LocalNeighbourhood(L_2, 0.250411558405805, accuracy)",12435,0,0.0,0,inf
dpgan,"LocalNeighbourhood(L_2, 0.250411558405805, accuracy)",12435,1,0.0,0,inf
dpgan,"LocalNeighbourhood(L_2, 0.250411558405805, accuracy)",12435,0,0.0,0,inf
dpgan,"LocalNeighbourhood(L_2, 0.250411558405805, accuracy)",12435,1,0.0,0,inf
dpgan,"LocalNeighbourhood(L_2, 0.250411558405805, accuracy)",12435,0,0.0,0,inf
dpgan,"LocalNeighbourhood(L_2, 0.250411558405805, accuracy)",12435,1,0.0,0,inf
dpgan,"LocalNeighbourhood(L_2, 0.250411558405805, accuracy)",12435,0,0.0,0,inf
dpgan,"LocalNeighbourhood(L_2, 0.250411558405805, accuracy)",12435,1,0.0,0,inf
dpgan,"LocalNeighbourhood(L_2, 0.250411558405805, accuracy)",12435,0,0.0,0,inf
dpgan,"LocalNeighbourhood(L_2, 0.250411558405805, accuracy)",12435,1,0.0,0,inf
dpgan,"LocalNeighbourhood(L_2, 0.250411558405805, accuracy)",12435,0,0.0,0,inf
dpgan,"LocalNeighbourhood(L_2, 0.250411558405805, accuracy)",12435,1,0.0,0,inf
dpgan,"LocalNeighbourhood(L_2, 0.250411558405805, accuracy)",12435,0,0.0,0,inf
dpgan,"LocalNeighbourhood(L_2, 0.250411558405805, accuracy)",12435,1,0.0,0,inf
dpgan,"LocalNeighbourhood(L_2, 0.250411558405805, accuracy)",12435,0,0.0,0,inf
dpgan,"LocalNeighbourhood(L_2, 0.250411558405805, accuracy)",12435,1,0.0,0,inf
dpgan,"LocalNeighbourhood(L_2, 0.250411558405805, accuracy)",12435,0,0.0,0,inf
dpgan,"LocalNeighbourhood(L_2, 0.250411558405805, accuracy)",12435,1,0.0,0,inf
dpgan,"LocalNeighbourhood(L_2, 0.250411558405805, accuracy)",12435,0,0.0,0,inf
dpgan,"LocalNeighbourhood(L_2, 0.250411558405805, accuracy)",12435,1,0.0,0,inf
dpgan,"LocalNeighbourhood(L_2, 0.250411558405805, accuracy)",12435,0,0.0,0,inf
dpgan,"LocalNeighbourhood(L_2, 0.250411558405805, accuracy)",12435,1,0.0,0,inf
dpgan,"LocalNeighbourhood(L_2, 0.250411558405805, accuracy)",12435,0,0.0,0,inf
dpgan,"LocalNeighbourhood(L_2, 0.250411558405805, accuracy)",12435,1,0.0,0,inf
dpgan,"LocalNeighbourhood(L_2, 0.250411558405805, accuracy)",12435,0,0.0,0,inf
dpgan,"LocalNeighbourhood(L_2, 0.250411558405805, accuracy)",12435,1,0.0,0,inf
dpgan,"LocalNeighbourhood(L_2, 0.250411558405805, accuracy)",12435,0,0.0,0,inf
dpgan,"LocalNeighbourhood(L_2, 0.250411558405805, accuracy)",12435,1,0.0,0,inf
dpgan,"LocalNeighbourhood(L_2, 0.250411558405805, accuracy)",12435,0,0.0,0,inf
dpgan,"LocalNeighbourhood(L_2, 0.250411558405805, accuracy)",12435,1,0.0,0,inf
dpgan,"LocalNeighbourhood(L_2, 0.250411558405805, accuracy)",12435,0,0.0,0,inf
dpgan,"LocalNeighbourhood(L_2, 0.250411558405805, accuracy)",12435,1,0.0,0,inf
dpgan,"LocalNeighbourhood(L_2, 0.250411558405805, accuracy)",12435,0,0.0,0,inf
dpgan,"LocalNeighbourhood(L_2, 0.250411558405805, accuracy)",12435,1,0.0,0,inf
dpgan,"LocalNeighbourhood(L_2, 0.250411558405805, accuracy)",12435,0,0.0,0,inf
dpgan,"LocalNeighbourhood(L_2, 0.250411558405805, accuracy)",12435,1,0.0,0,inf
dpgan,"LocalNeighbourhood(L_2, 0.250411558405805, accuracy)",12435,0,0.0,0,inf
dpgan,"LocalNeighbourhood(L_2, 0.250411558405805, accuracy)",12435,1,0.0,0,inf
dpgan,"LocalNeighbourhood(L_2, 0.250411558405805, accuracy)",12435,0,0.0,0,inf
dpgan,"LocalNeighbourhood(L_2, 0.250411558405805, accuracy)",12435,1,0.0,0,inf
dpgan,"LocalNeighbourhood(L_2, 0.250411558405805, accuracy)",12435,0,0.0,0,inf
dpgan,"LocalNeighbourhood(L_2, 0.250411558405805, accuracy)",12435,1,0.0,0,inf
dpgan,"LocalNeighbourhood(L_2, 0.250411558405805, accuracy)",12435,0,0.0,0,inf
dpgan,"LocalNeighbourhood(L_2, 0.250411558405805, accuracy)",12435,1,0.0,0,inf
dpgan,"LocalNeighbourhood(L_2, 0.250411558405805, accuracy)",12435,0,0.0,0,inf
dpgan,"LocalNeighbourhood(L_2, 0.250411558405805, accuracy)",12435,1,0.0,0,inf
dpgan,"LocalNeighbourhood(L_2, 0.250411558405805, accuracy)",12435,0,0.0,0,inf
dpgan,"LocalNeighbourhood(L_2, 0.250411558405805, accuracy)",12435,1,0.0,0,inf
dpgan,"LocalNeighbourhood(L_2, 0.250411558405805, accuracy)",12435,0,0.0,0,inf
dpgan,"LocalNeighbourhood(L_2, 0.250411558405805, accuracy)",12435,1,0.0,0,inf
dpgan,"LocalNeighbourhood(L_2, 0.250411558405805, accuracy)",12435,0,0.0,0,inf
dpgan,"LocalNeighbourhood(L_2, 0.250411558405805, accuracy)",12435,1,0.0,0,inf
dpgan,"LocalNeighbourhood(L_2, 0.250411558405805, accuracy)",12435,0,0.0,0,inf
dpgan,"LocalNeighbourhood(L_2, 0.250411558405805, accuracy)",12435,1,0.0,0,inf
dpgan,"LocalNeighbourhood(L_2, 0.250411558405805, accuracy)",12435,0,0.0,0,inf
dpgan,"LocalNeighbourhood(L_2, 0.250411558405805, accuracy)",12435,1,0.0,0,inf
dpgan,"LocalNeighbourhood(L_2, 0.250411558405805, accuracy)",12435,0,0.0,0,inf
dpgan,"LocalNeighbourhood(L_2, 0.250411558405805, accuracy)",12435,1,0.0,0,inf
dpgan,"LocalNeighbourhood(L_2, 0.250411558405805, accuracy)",12435,0,0.0,0,inf
dpgan,"LocalNeighbourhood(L_2, 0.250411558405805, accuracy)",12435,1,0.0,0,inf
dpgan,"LocalNeighbourhood(L_2, 0.250411558405805, accuracy)",12435,0,0.0,0,inf
dpgan,"LocalNeighbourhood(L_2, 0.250411558405805, accuracy)",12435,1,0.0,0,inf
dpgan,"LocalNeighbourhood(L_2, 0.250411558405805, accuracy)",12435,0,0.0,0,inf
dpgan,"LocalNeighbourhood(L_2, 0.250411558405805, accuracy)",12435,1,0.0,0,inf
dpgan,"LocalNeighbourhood(L_2, 0.250411558405805, accuracy)",12435,0,0.0,0,inf
dpgan,"LocalNeighbourhood(L_2, 0.250411558405805, accuracy)",12435,1,0.0,0,inf
dpgan,"LocalNeighbourhood(L_2, 0.250411558405805, accuracy)",12435,0,0.0,0,inf
dpgan,"LocalNeighbourhood(L_2, 0.250411558405805, accuracy)",12435,1,0.0,0,inf
dpgan,"LocalNeighbourhood(L_2, 0.250411558405805, accuracy)",12435,0,0.0,0,inf
dpgan,"LocalNeighbourhood(L_2, 0.250411558405805, accuracy)",12435,1,0.0,0,inf
dpgan,"LocalNeighbourhood(L_2, 0.250411558405805, accuracy)",12435,0,0.0,0,inf
dpgan,"LocalNeighbourhood(L_2, 0.250411558405805, accuracy)",12435,1,0.0,0,inf
dpgan,"LocalNeighbourhood(L_2, 0.250411558405805, accuracy)",12435,0,0.0,0,inf
dpgan,"LocalNeighbourhood(L_2, 0.250411558405805, accuracy)",12435,1,0.0,0,inf
dpgan,"LocalNeighbourhood(L_2, 0.250411558405805, accuracy)",12435,0,0.0,0,inf
dpgan,"LocalNeighbourhood(L_2, 0.250411558405805, accuracy)",12435,1,0.0,0,inf
dpgan,"LocalNeighbourhood(L_2, 0.250411558405805, accuracy)",12435,0,0.0,0,inf
dpgan,"LocalNeighbourhood(L_2, 0.250411558405805, accuracy)",12435,1,0.0,0,inf
dpgan,"LocalNeighbourhood(L_2, 0.250411558405805, accuracy)",12435,0,0.0,0,inf
dpgan,"LocalNeighbourhood(L_2, 0.250411558405805, accuracy)",12435,1,0.0,0,inf
dpgan,"LocalNeighbourhood(L_2, 0.250411558405805, accuracy)",12435,0,0.0,0,inf
dpgan,"LocalNeighbourhood(L_2, 0.250411558405805, accuracy)",12435,1,0.0,0,inf
dpgan,"LocalNeighbourhood(L_2, 0.250411558405805, accuracy)",12435,0,0.0,0,inf
dpgan,"LocalNeighbourhood(L_2, 0.250411558405805, accuracy)",12435,1,0.0,0,inf
dpgan,"LocalNeighbourhood(L_2, 0.250411558405805, accuracy)",12435,0,0.0,0,inf
dpgan,"LocalNeighbourhood(L_2, 0.250411558405805, accuracy)",12435,1,0.0,0,inf
dpgan,"LocalNeighbourhood(L_2, 0.250411558405805, accuracy)",12435,0,0.0,0,inf
dpgan,"LocalNeighbourhood(L_2, 0.250411558405805, accuracy)",12435,1,0.0,0,inf
dpgan,"LocalNeighbourhood(L_2, 0.250411558405805, accuracy)",12435,0,0.0,0,inf
dpgan,"LocalNeighbourhood(L_2, 0.250411558405805, accuracy)",12435,1,0.0,0,inf
dpgan,"LocalNeighbourhood(L_2, 0.250411558405805, accuracy)",12435,0,0.0,0,inf
dpgan,"LocalNeighbourhood(L_2, 0.250411558405805, accuracy)",12435,1,0.0,0,inf
dpgan,"LocalNeighbourhood(L_2, 0.250411558405805, accuracy)",12435,0,0.0,0,inf
dpgan,"LocalNeighbourhood(L_2, 0.250411558405805, accuracy)",12435,1,0.0,0,inf
dpgan,"LocalNeighbourhood(L_2, 0.250411558405805, accuracy)",12435,0,0.0,0,inf
dpgan,"LocalNeighbourhood(L_2, 0.250411558405805, accuracy)",12435,1,0.0,0,inf
dpgan,"LocalNeighbourhood(L_2, 0.250411558405805, accuracy)",12435,0,0.0,0,inf
dpgan,"LocalNeighbourhood(L_2, 0.250411558405805, accuracy)",12435,1,0.0,0,inf
dpgan,"LocalNeighbourhood(L_2, 0.250411558405805, accuracy)",12435,0,0.0,0,inf
dpgan,"LocalNeighbourhood(L_2, 0.250411558405805, accuracy)",12435,1,0.0,0,inf
dpgan,"LocalNeighbourhood(L_2, 0.250411558405805, accuracy)",12435,0,0.0,0,inf
dpgan,"LocalNeighbourhood(L_2, 0.250411558405805, accuracy)",12435,1,0.0,0,inf
dpgan,"LocalNeighbourhood(L_2, 0.250411558405805, accuracy)",12435,0,0.0,0,inf
dpgan,"LocalNeighbourhood(L_2, 0.250411558405805, accuracy)",12435,1,0.0,0,inf
dpgan,"LocalNeighbourhood(L_2, 0.250411558405805, accuracy)",12435,0,0.0,0,inf
dpgan,"LocalNeighbourhood(L_2, 0.250411558405805, accuracy)",12435,1,0.0,0,inf
dpgan,"LocalNeighbourhood(L_2, 0.250411558405805, accuracy)",12435,0,0.0,0,inf
dpgan,"LocalNeighbourhood(L_2, 0.250411558405805, accuracy)",12435,1,0.0,0,inf
dpgan,"LocalNeighbourhood(L_2, 0.250411558405805, accuracy)",12435,0,0.0,0,inf
dpgan,"LocalNeighbourhood(L_2, 0.250411558405805, accuracy)",12435,1,0.0,0,inf
dpgan,"LocalNeighbourhood(L_2, 0.250411558405805, accuracy)",12435,0,0.0,0,inf
dpgan,"LocalNeighbourhood(L_2, 0.250411558405805, accuracy)",12435,1,0.0,0,inf
dpgan,"LocalNeighbourhood(L_2, 0.250411558405805, accuracy)",12435,0,0.0,0,inf
dpgan,"LocalNeighbourhood(L_2, 0.250411558405805, accuracy)",12435,1,0.0,0,inf
dpgan,"LocalNeighbourhood(L_2, 0.250411558405805, accuracy)",12435,0,0.0,0,inf
dpgan,"LocalNeighbourhood(L_2, 0.250411558405805, accuracy)",12435,1,0.0,0,inf
dpgan,"LocalNeighbourhood(L_2, 0.250411558405805, accuracy)",12435,0,0.0,0,inf
dpgan,"LocalNeighbourhood(L_2, 0.250411558405805, accuracy)",12435,1,0.0,0,inf
dpgan,"LocalNeighbourhood(L_2, 0.250411558405805, accuracy)",12435,0,0.0,0,inf
dpgan,"LocalNeighbourhood(L_2, 0.250411558405805, accuracy)",12435,1,0.0,0,inf
dpgan,"LocalNeighbourhood(L_2, 0.250411558405805, accuracy)",12435,0,0.0,0,inf
dpgan,"LocalNeighbourhood(L_2, 0.250411558405805, accuracy)",12435,1,0.0,0,inf
dpgan,"LocalNeighbourhood(L_2, 0.250411558405805, accuracy)",12435,0,0.0,0,inf
dpgan,"LocalNeighbourhood(L_2, 0.250411558405805, accuracy)",12435,1,0.0,0,inf
dpgan,"LocalNeighbourhood(L_2, 0.250411558405805, accuracy)",12435,0,0.0,0,inf
dpgan,"LocalNeighbourhood(L_2, 0.250411558405805, accuracy)",12435,1,0.0,0,inf
dpgan,"LocalNeighbourhood(L_2, 0.250411558405805, accuracy)",12435,0,0.0,0,inf
dpgan,"LocalNeighbourhood(L_2, 0.250411558405805, accuracy)",12435,1,0.0,0,inf
dpgan,"LocalNeighbourhood(L_2, 0.250411558405805, accuracy)",12435,0,0.0,0,inf
dpgan,"LocalNeighbourhood(L_2, 0.250411558405805, accuracy)",12435,1,0.0,0,inf
dpgan,"LocalNeighbourhood(L_2, 0.250411558405805, accuracy)",12435,0,0.0,0,inf
dpgan,"LocalNeighbourhood(L_2, 0.250411558405805, accuracy)",12435,1,0.0,0,inf
dpgan,"LocalNeighbourhood(L_2, 0.250411558405805, accuracy)",12435,0,0.0,0,inf
dpgan,"LocalNeighbourhood(L_2, 0.250411558405805, accuracy)",12435,1,0.0,0,inf
dpgan,"LocalNeighbourhood(L_2, 0.250411558405805, accuracy)",12435,0,0.0,0,inf
dpgan,"LocalNeighbourhood(L_2, 0.250411558405805, accuracy)",12435,1,0.0,0,inf
dpgan,"LocalNeighbourhood(L_2, 0.250411558405805, accuracy)",12435,0,0.0,0,inf
dpgan,"LocalNeighbourhood(L_2, 0.250411558405805, accuracy)",12435,1,0.0,0,inf
dpgan,"LocalNeighbourhood(L_2, 0.250411558405805, accuracy)",12435,0,0.0,0,inf
dpgan,"LocalNeighbourhood(L_2, 0.250411558405805, accuracy)",12435,1,0.0,0,inf
dpgan,"LocalNeighbourhood(L_2, 0.250411558405805, accuracy)",12435,0,0.0,0,inf
dpgan,"LocalNeighbourhood(L_2, 0.250411558405805, accuracy)",12435,1,0.0,0,inf
dpgan,"LocalNeighbourhood(L_2, 0.250411558405805, accuracy)",12435,0,0.0,0,inf
dpgan,"LocalNeighbourhood(L_2, 0.250411558405805, accuracy)",12435,1,0.0,0,inf
dpgan,"LocalNeighbourhood(L_2, 0.250411558405805, accuracy)",12435,0,0.0,0,inf
dpgan,"LocalNeighbourhood(L_2, 0.250411558405805, accuracy)",12435,1,0.0,0,inf
dpgan,"LocalNeighbourhood(L_2, 0.250411558405805, accuracy)",12435,0,0.0,0,inf
dpgan,"LocalNeighbourhood(L_2, 0.250411558405805, accuracy)",12435,1,0.0,0,inf
dpgan,"LocalNeighbourhood(L_2, 0.250411558405805, accuracy)",12435,0,0.0,0,inf
dpgan,"LocalNeighbourhood(L_2, 0.250411558405805, accuracy)",12435,1,0.0,0,inf
dpgan,"LocalNeighbourhood(L_2, 0.250411558405805, accuracy)",12435,0,0.0,0,inf
dpgan,"LocalNeighbourhood(L_2, 0.250411558405805, accuracy)",12435,1,0.0,0,inf
dpgan,"LocalNeighbourhood(L_2, 0.250411558405805, accuracy)",12435,0,0.0,0,inf
dpgan,"LocalNeighbourhood(L_2, 0.250411558405805, accuracy)",12435,1,0.0,0,inf
dpgan,"LocalNeighbourhood(L_2, 0.250411558405805, accuracy)",12435,0,0.0,0,inf
dpgan,"LocalNeighbourhood(L_2, 0.250411558405805, accuracy)",12435,1,0.0,0,inf
dpgan,"LocalNeighbourhood(L_2, 0.250411558405805, accuracy)",12435,0,0.0,0,inf
dpgan,"LocalNeighbourhood(L_2, 0.250411558405805, accuracy)",12435,1,0.0,0,inf
dpgan,"LocalNeighbourhood(L_2, 0.250411558405805, accuracy)",12435,0,0.0,0,inf
dpgan,"LocalNeighbourhood(L_2, 0.250411558405805, accuracy)",12435,1,0.0,0,inf
dpgan,"LocalNeighbourhood(L_2, 0.250411558405805, accuracy)",12435,0,0.0,0,inf
dpgan,"LocalNeighbourhood(L_2, 0.250411558405805, accuracy)",12435,1,0.0,0,inf
dpgan,"LocalNeighbourhood(L_2, 0.250411558405805, accuracy)",12435,0,0.0,0,inf
dpgan,"LocalNeighbourhood(L_2, 0.250411558405805, accuracy)",12435,1,0.0,0,inf
dpgan,"LocalNeighbourhood(L_2, 0.250411558405805, accuracy)",12435,0,0.0,0,inf
dpgan,"LocalNeighbourhood(L_2, 0.250411558405805, accuracy)",12435,1,0.0,0,inf
dpgan,"LocalNeighbourhood(L_2, 0.250411558405805, accuracy)",12435,0,0.0,0,inf
dpgan,"LocalNeighbourhood(L_2, 0.250411558405805, accuracy)",12435,1,0.0,0,inf
dpgan,"LocalNeighbourhood(L_2, 0.250411558405805, accuracy)",12435,0,0.0,0,inf
dpgan,"LocalNeighbourhood(L_2, 0.250411558405805, accuracy)",12435,1,0.0,0,inf
dpgan,"LocalNeighbourhood(L_2, 0.250411558405805, accuracy)",12435,0,0.0,0,inf
dpgan,"LocalNeighbourhood(L_2, 0.250411558405805, accuracy)",12435,1,0.0,0,inf
dpgan,"LocalNeighbourhood(L_2, 0.250411558405805, accuracy)",12435,0,0.0,0,inf
dpgan,"LocalNeighbourhood(L_2, 0.250411558405805, accuracy)",12435,1,0.0,0,inf
dpgan,"LocalNeighbourhood(L_2, 0.250411558405805, accuracy)",12435,0,0.0,0,inf
dpgan,"LocalNeighbourhood(L_2, 0.250411558405805, accuracy)",12435,1,0.0,0,inf
dpgan,"LocalNeighbourhood(L_2, 0.250411558405805, accuracy)",12435,0,0.0,0,inf
dpgan,"LocalNeighbourhood(L_2, 0.250411558405805, accuracy)",12435,1,0.0,0,inf
dpgan,"LocalNeighbourhood(L_2, 0.250411558405805, accuracy)",12435,0,0.0,0,inf
dpgan,"LocalNeighbourhood(L_2, 0.250411558405805, accuracy)",12435,1,0.0,0,inf
dpgan,"LocalNeighbourhood(L_2, 0.250411558405805, accuracy)",12435,0,0.0,0,inf
dpgan,"LocalNeighbourhood(L_2, 0.250411558405805, accuracy)",12435,1,0.0,0,inf
dpgan,"LocalNeighbourhood(L_2, 0.250411558405805, accuracy)",12435,0,0.0,0,inf
dpgan,"LocalNeighbourhood(L_2, 0.250411558405805, accuracy)",12435,1,0.0,0,inf
dpgan,"LocalNeighbourhood(L_2, 0.250411558405805, accuracy)",12435,0,0.0,0,inf
dpgan,"LocalNeighbourhood(L_2, 0.250411558405805, accuracy)",12435,1,0.0,0,inf
dpgan,"LocalNeighbourhood(L_2, 0.250411558405805, accuracy)",12435,0,0.0,0,inf
dpgan,"LocalNeighbourhood(L_2, 0.250411558405805, accuracy)",12435,1,0.0,0,inf
dpgan,"LocalNeighbourhood(L_2, 0.250411558405805, accuracy)",12435,0,0.0,0,inf
dpgan,"LocalNeighbourhood(L_2, 0.250411558405805, accuracy)",12435,1,0.0,0,inf
dpgan,"LocalNeighbourhood(L_2, 0.250411558405805, accuracy)",12435,0,0.0,0,inf
dpgan,"LocalNeighbourhood(L_2, 0.250411558405805, accuracy)",12435,1,0.0,0,inf
dpgan,"LocalNeighbourhood(L_2, 0.250411558405805, accuracy)",12435,0,0.0,0,inf
dpgan,"LocalNeighbourhood(L_2, 0.250411558405805, accuracy)",12435,1,0.0,0,inf
dpgan,"LocalNeighbourhood(L_2, 0.250411558405805, accuracy)",12435,0,0.0,0,inf
dpgan,"LocalNeighbourhood(L_2, 0.250411558405805, accuracy)",12435,1,0.0,0,inf
dpgan,"LocalNeighbourhood(L_2, 0.250411558405805, accuracy)",12435,0,0.0,0,inf
dpgan,"LocalNeighbourhood(L_2, 0.250411558405805, accuracy)",12435,1,0.0,0,inf
dpgan,"LocalNeighbourhood(L_2, 0.250411558405805, accuracy)",12435,0,0.0,0,inf
dpgan,"LocalNeighbourhood(L_2, 0.250411558405805, accuracy)",12435,1,0.0,0,inf
dpgan,"LocalNeighbourhood(L_2, 0.250411558405805, accuracy)",12435,0,0.0,0,inf
dpgan,"LocalNeighbourhood(L_2, 0.250411558405805, accuracy)",12435,1,0.0,0,inf
dpgan,"LocalNeighbourhood(L_2, 0.250411558405805, accuracy)",12435,0,0.0,0,inf
dpgan,"LocalNeighbourhood(L_2, 0.250411558405805, accuracy)",12435,1,0.0,0,inf
dpgan,"LocalNeighbourhood(L_2, 0.250411558405805, accuracy)",12435,0,0.0,0,inf
dpgan,"LocalNeighbourhood(L_2, 0.250411558405805, accuracy)",12435,1,0.0,0,inf
dpgan,"LocalNeighbourhood(L_2, 0.250411558405805, accuracy)",12435,0,0.0,0,inf
dpgan,"LocalNeighbourhood(L_2, 0.250411558405805, accuracy)",12435,1,0.0,0,inf
dpgan,"LocalNeighbourhood(L_2, 0.250411558405805, accuracy)",12435,0,0.0,0,inf
dpgan,"LocalNeighbourhood(L_2, 0.250411558405805, accuracy)",12435,1,0.0,0,inf
dpgan,"LocalNeighbourhood(L_2, 0.250411558405805, accuracy)",12435,0,0.0,0,inf
dpgan,"LocalNeighbourhood(L_2, 0.250411558405805, accuracy)",12435,1,0.0,0,inf
dpgan,"LocalNeighbourhood(L_2, 0.250411558405805, accuracy)",12435,0,0.0,0,inf
dpgan,"LocalNeighbourhood(L_2, 0.250411558405805, accuracy)",12435,1,0.0,0,inf
dpgan,"LocalNeighbourhood(L_2, 0.250411558405805, accuracy)",12435,0,0.0,0,inf
dpgan,"LocalNeighbourhood(L_2, 0.250411558405805, accuracy)",12435,1,0.0,0,inf
dpgan,"LocalNeighbourhood(L_2, 0.250411558405805, accuracy)",12435,0,0.0,0,inf
dpgan,"LocalNeighbourhood(L_2, 0.250411558405805, accuracy)",12435,1,0.0,0,inf
dpgan,"LocalNeighbourhood(L_2, 0.250411558405805, accuracy)",12435,0,0.0,0,inf
dpgan,"LocalNeighbourhood(L_2, 0.250411558405805, accuracy)",12435,1,0.0,0,inf
dpgan,"LocalNeighbourhood(L_2, 0.250411558405805, accuracy)",12435,0,0.0,0,inf
dpgan,"LocalNeighbourhood(L_2, 0.250411558405805, accuracy)",12435,1,0.0,0,inf
dpgan,"LocalNeighbourhood(L_2, 0.250411558405805, accuracy)",12435,0,0.0,0,inf
dpgan,"LocalNeighbourhood(L_2, 0.250411558405805, accuracy)",12435,1,0.0,0,inf
dpgan,"LocalNeighbourhood(L_2, 0.250411558405805, accuracy)",12435,0,0.0,0,inf
dpgan,"LocalNeighbourhood(L_2, 0.250411558405805, accuracy)",12435,1,0.0,0,inf
dpgan,"LocalNeighbourhood(L_2, 0.250411558405805, accuracy)",12435,0,0.0,0,inf
dpgan,"LocalNeighbourhood(L_2, 0.250411558405805, accuracy)",12435,1,0.0,0,inf
dpgan,"LocalNeighbourhood(L_2, 0.250411558405805, accuracy)",12435,0,0.0,0,inf
dpgan,"LocalNeighbourhood(L_2, 0.250411558405805, accuracy)",12435,1,0.0,0,inf
dpgan,"LocalNeighbourhood(L_2, 0.250411558405805, accuracy)",12435,0,0.0,0,inf
dpgan,"LocalNeighbourhood(L_2, 0.250411558405805, accuracy)",12435,1,0.0,0,inf
dpgan,"LocalNeighbourhood(L_2, 0.250411558405805, accuracy)",12435,0,0.0,0,inf
dpgan,"LocalNeighbourhood(L_2, 0.250411558405805, accuracy)",12435,1,0.0,0,inf
dpgan,"LocalNeighbourhood(L_2, 0.250411558405805, accuracy)",12435,0,0.0,0,inf
dpgan,"LocalNeighbourhood(L_2, 0.250411558405805, accuracy)",12435,1,0.0,0,inf
dpgan,"LocalNeighbourhood(L_2, 0.250411558405805, accuracy)",12435,0,0.0,0,inf
dpgan,"LocalNeighbourhood(L_2, 0.250411558405805, accuracy)",12435,1,0.0,0,inf
dpgan,"LocalNeighbourhood(L_2, 0.250411558405805, accuracy)",12435,0,0.0,0,inf
dpgan,"LocalNeighbourhood(L_2, 0.250411558405805, accuracy)",12435,1,0.0,0,inf
dpgan,"LocalNeighbourhood(L_2, 0.250411558405805, accuracy)",12435,0,0.0,0,inf
dpgan,"LocalNeighbourhood(L_2, 0.250411558405805, accuracy)",12435,1,0.0,0,inf
dpgan,"LocalNeighbourhood(L_2, 0.250411558405805, accuracy)",12435,0,0.0,0,inf
dpgan,"LocalNeighbourhood(L_2, 0.250411558405805, accuracy)",12435,1,0.0,0,inf
dpgan,"LocalNeighbourhood(L_2, 0.250411558405805, accuracy)",12435,0,0.0,0,inf
dpgan,"LocalNeighbourhood(L_2, 0.250411558405805, accuracy)",12435,1,0.0,0,inf
dpgan,"LocalNeighbourhood(L_2, 0.250411558405805, accuracy)",12435,0,0.0,0,inf
dpgan,"LocalNeighbourhood(L_2, 0.250411558405805, accuracy)",12435,1,0.0,0,inf
dpgan,"LocalNeighbourhood(L_2, 0.250411558405805, accuracy)",12435,0,0.0,0,inf
dpgan,"LocalNeighbourhood(L_2, 0.250411558405805, accuracy)",12435,1,0.0,0,inf
dpgan,"LocalNeighbourhood(L_2, 0.250411558405805, accuracy)",12435,0,0.0,0,inf
dpgan,"LocalNeighbourhood(L_2, 0.250411558405805, accuracy)",12435,1,0.0,0,inf
dpgan,"LocalNeighbourhood(L_2, 0.250411558405805, accuracy)",12435,0,0.0,0,inf
dpgan,"LocalNeighbourhood(L_2, 0.250411558405805, accuracy)",12435,1,0.0,0,inf
dpgan,"LocalNeighbourhood(L_2, 0.250411558405805, accuracy)",12435,0,0.0,0,inf
dpgan,"LocalNeighbourhood(L_2, 0.250411558405805, accuracy)",12435,1,0.0,0,inf
dpgan,"LocalNeighbourhood(L_2, 0.250411558405805, accuracy)",12435,0,0.0,0,inf
dpgan,"LocalNeighbourhood(L_2, 0.250411558405805, accuracy)",12435,1,0.0,0,inf
dpgan,"LocalNeighbourhood(L_2, 0.250411558405805, accuracy)",12435,0,0.0,0,inf
dpgan,"LocalNeighbourhood(L_2, 0.250411558405805, accuracy)",12435,1,0.0,0,inf
dpgan,"LocalNeighbourhood(L_2, 0.250411558405805, accuracy)",12435,0,0.0,0,inf
dpgan,"LocalNeighbourhood(L_2, 0.250411558405805, accuracy)",12435,1,0.0,0,inf
dpgan,"LocalNeighbourhood(L_2, 0.250411558405805, accuracy)",12435,0,0.0,0,inf
dpgan,"LocalNeighbourhood(L_2, 0.250411558405805, accuracy)",12435,1,0.0,0,inf
dpgan,"LocalNeighbourhood(L_2, 0.250411558405805, accuracy)",12435,0,0.0,0,inf
dpgan,"LocalNeighbourhood(L_2, 0.250411558405805, accuracy)",12435,1,0.0,0,inf
dpgan,"LocalNeighbourhood(L_2, 0.250411558405805, accuracy)",12435,0,0.0,0,inf
dpgan,"LocalNeighbourhood(L_2, 0.250411558405805, accuracy)",12435,1,0.0,0,inf
dpgan,"LocalNeighbourhood(L_2, 0.250411558405805, accuracy)",12435,0,0.0,0,inf
dpgan,"LocalNeighbourhood(L_2, 0.250411558405805, accuracy)",12435,1,0.0,0,inf
dpgan,"LocalNeighbourhood(L_2, 0.250411558405805, accuracy)",12435,0,0.0,0,inf
dpgan,"LocalNeighbourhood(L_2, 0.250411558405805, accuracy)",12435,1,0.0,0,inf
dpgan,"LocalNeighbourhood(L_2, 0.250411558405805, accuracy)",12435,0,0.0,0,inf
dpgan,"LocalNeighbourhood(L_2, 0.250411558405805, accuracy)",12435,1,0.0,0,inf
dpgan,"LocalNeighbourhood(L_2, 0.250411558405805, accuracy)",12435,0,0.0,0,inf
dpgan,"LocalNeighbourhood(L_2, 0.250411558405805, accuracy)",12435,1,0.0,0,inf
dpgan,"LocalNeighbourhood(L_2, 0.250411558405805, accuracy)",12435,0,0.0,0,inf
dpgan,"LocalNeighbourhood(L_2, 0.250411558405805, accuracy)",12435,1,0.0,0,inf
dpgan,"LocalNeighbourhood(L_2, 0.250411558405805, accuracy)",12435,0,0.0,0,inf
dpgan,"LocalNeighbourhood(L_2, 0.250411558405805, accuracy)",12435,1,0.0,0,inf
dpgan,"LocalNeighbourhood(L_2, 0.250411558405805, accuracy)",12435,0,0.0,0,inf
dpgan,"LocalNeighbourhood(L_2, 0.250411558405805, accuracy)",12435,1,0.0,0,inf
dpgan,"LocalNeighbourhood(L_2, 0.250411558405805, accuracy)",12435,0,0.0,0,inf
dpgan,"LocalNeighbourhood(L_2, 0.250411558405805, accuracy)",12435,1,0.0,0,inf
dpgan,"LocalNeighbourhood(L_2, 0.250411558405805, accuracy)",12435,0,0.0,0,inf
dpgan,"LocalNeighbourhood(L_2, 0.250411558405805, accuracy)",12435,1,0.0,0,inf
dpgan,"LocalNeighbourhood(L_2, 0.250411558405805, accuracy)",12435,0,0.0,0,inf
dpgan,"LocalNeighbourhood(L_2, 0.250411558405805, accuracy)",12435,1,0.0,0,inf
dpgan,"LocalNeighbourhood(L_2, 0.250411558405805, accuracy)",12435,0,0.0,0,inf
dpgan,"LocalNeighbourhood(L_2, 0.250411558405805, accuracy)",12435,1,0.0,0,inf
dpgan,"LocalNeighbourhood(L_2, 0.250411558405805, accuracy)",12435,0,0.0,0,inf
dpgan,"LocalNeighbourhood(L_2, 0.250411558405805, accuracy)",12435,1,0.0,0,inf
dpgan,"LocalNeighbourhood(L_2, 0.250411558405805, accuracy)",12435,0,0.0,0,inf
dpgan,"LocalNeighbourhood(L_2, 0.250411558405805, accuracy)",12435,1,0.0,0,inf
dpgan,"LocalNeighbourhood(L_2, 0.250411558405805, accuracy)",12435,0,0.0,0,inf
dpgan,"LocalNeighbourhood(L_2, 0.250411558405805, accuracy)",12435,1,0.0,0,inf
dpgan,"LocalNeighbourhood(L_2, 0.250411558405805, accuracy)",12435,0,0.0,0,inf
dpgan,"LocalNeighbourhood(L_2, 0.250411558405805, accuracy)",12435,1,0.0,0,inf
dpgan,"LocalNeighbourhood(L_2, 0.250411558405805, accuracy)",12435,0,0.0,0,inf
dpgan,"LocalNeighbourhood(L_2, 0.250411558405805, accuracy)",12435,1,0.0,0,inf
dpgan,"LocalNeighbourhood(L_2, 0.250411558405805, accuracy)",12435,0,0.0,0,inf
dpgan,"LocalNeighbourhood(L_2, 0.250411558405805, accuracy)",12435,1,0.0,0,inf
dpgan,"LocalNeighbourhood(L_2, 0.250411558405805, accuracy)",12435,0,0.0,0,inf
dpgan,"LocalNeighbourhood(L_2, 0.250411558405805, accuracy)",12435,1,0.0,0,inf
dpgan,"LocalNeighbourhood(L_2, 0.250411558405805, accuracy)",12435,0,0.0,0,inf
dpgan,"LocalNeighbourhood(L_2, 0.250411558405805, accuracy)",12435,1,0.0,0,inf
dpgan,"LocalNeighbourhood(L_2, 0.250411558405805, accuracy)",12435,0,0.0,0,inf
dpgan,"LocalNeighbourhood(L_2, 0.250411558405805, accuracy)",12435,1,0.0,0,inf
dpgan,"LocalNeighbourhood(L_2, 0.250411558405805, accuracy)",12435,0,0.0,0,inf
dpgan,"LocalNeighbourhood(L_2, 0.250411558405805, accuracy)",12435,1,0.0,0,inf
dpgan,"LocalNeighbourhood(L_2, 0.250411558405805, accuracy)",12435,0,0.0,0,inf
dpgan,"LocalNeighbourhood(L_2, 0.250411558405805, accuracy)",12435,1,0.0,0,inf
dpgan,"LocalNeighbourhood(L_2, 0.250411558405805, accuracy)",12435,0,0.0,0,inf
dpgan,"LocalNeighbourhood(L_2, 0.250411558405805, accuracy)",12435,1,0.0,0,inf
dpgan,"LocalNeighbourhood(L_2, 0.250411558405805, accuracy)",12435,0,0.0,0,inf
dpgan,"LocalNeighbourhood(L_2, 0.250411558405805, accuracy)",12435,1,0.0,0,inf
dpgan,"LocalNeighbourhood(L_2, 0.250411558405805, accuracy)",12435,0,0.0,0,inf
dpgan,"LocalNeighbourhood(L_2, 0.250411558405805, accuracy)",12435,1,0.0,0,inf
dpgan,"LocalNeighbourhood(L_2, 0.250411558405805, accuracy)",12435,0,0.0,0,inf
dpgan,"LocalNeighbourhood(L_2, 0.250411558405805, accuracy)",12435,1,0.0,0,inf
dpgan,"LocalNeighbourhood(L_2, 0.250411558405805, accuracy)",12435,0,0.0,0,inf
dpgan,"LocalNeighbourhood(L_2, 0.250411558405805, accuracy)",12435,1,0.0,0,inf
dpgan,"LocalNeighbourhood(L_2, 0.250411558405805, accuracy)",12435,0,0.0,0,inf
dpgan,"LocalNeighbourhood(L_2, 0.250411558405805, accuracy)",12435,1,0.0,0,inf
dpgan,"LocalNeighbourhood(L_2, 0.250411558405805, accuracy)",12435,0,0.0,0,inf
dpgan,"LocalNeighbourhood(L_2, 0.250411558405805, accuracy)",12435,1,0.0,0,inf
dpgan,"LocalNeighbourhood(L_2, 0.250411558405805, accuracy)",12435,0,0.0,0,inf
dpgan,"LocalNeighbourhood(L_2, 0.250411558405805, accuracy)",12435,1,0.0,0,inf
dpgan,"LocalNeighbourhood(L_2, 0.250411558405805, accuracy)",12435,0,0.0,0,inf
dpgan,"LocalNeighbourhood(L_2, 0.250411558405805, accuracy)",12435,1,0.0,0,inf
dpgan,"LocalNeighbourhood(L_2, 0.250411558405805, accuracy)",12435,0,0.0,0,inf
dpgan,"LocalNeighbourhood(L_2, 0.250411558405805, accuracy)",12435,1,0.0,0,inf
dpgan,"LocalNeighbourhood(L_2, 0.250411558405805, accuracy)",12435,0,0.0,0,inf
dpgan,"LocalNeighbourhood(L_2, 0.250411558405805, accuracy)",12435,1,0.0,0,inf
dpgan,"LocalNeighbourhood(L_2, 0.250411558405805, accuracy)",12435,0,0.0,0,inf
dpgan,"LocalNeighbourhood(L_2, 0.250411558405805, accuracy)",12435,1,0.0,0,inf
dpgan,"LocalNeighbourhood(L_2, 0.250411558405805, accuracy)",12435,0,0.0,0,inf
dpgan,"LocalNeighbourhood(L_2, 0.250411558405805, accuracy)",12435,1,0.0,0,inf
dpgan,"LocalNeighbourhood(L_2, 0.250411558405805, accuracy)",12435,0,0.0,0,inf
dpgan,"LocalNeighbourhood(L_2, 0.250411558405805, accuracy)",12435,1,0.0,0,inf
dpgan,"LocalNeighbourhood(L_2, 0.250411558405805, accuracy)",12435,0,0.0,0,inf
dpgan,"LocalNeighbourhood(L_2, 0.250411558405805, accuracy)",12435,1,0.0,0,inf
dpgan,"LocalNeighbourhood(L_2, 0.250411558405805, accuracy)",12435,0,0.0,0,inf
dpgan,"LocalNeighbourhood(L_2, 0.250411558405805, accuracy)",12435,1,0.0,0,inf
dpgan,"LocalNeighbourhood(L_2, 0.250411558405805, accuracy)",12435,0,0.0,0,inf
dpgan,"LocalNeighbourhood(L_2, 0.250411558405805, accuracy)",12435,1,0.0,0,inf
dpgan,"LocalNeighbourhood(L_2, 0.250411558405805, accuracy)",12435,0,0.0,0,inf
dpgan,"LocalNeighbourhood(L_2, 0.250411558405805, accuracy)",12435,1,0.0,0,inf
dpgan,"LocalNeighbourhood(L_2, 0.250411558405805, accuracy)",12435,0,0.0,0,inf
dpgan,"LocalNeighbourhood(L_2, 0.250411558405805, accuracy)",12435,1,0.0,0,inf
dpgan,"LocalNeighbourhood(L_2, 0.250411558405805, accuracy)",12435,0,0.0,0,inf
dpgan,"LocalNeighbourhood(L_2, 0.250411558405805, accuracy)",12435,1,0.0,0,inf
dpgan,"LocalNeighbourhood(L_2, 0.250411558405805, accuracy)",12435,0,0.0,0,inf
dpgan,"LocalNeighbourhood(L_2, 0.250411558405805, accuracy)",12435,1,0.0,0,inf
dpgan,"LocalNeighbourhood(L_2, 0.250411558405805, accuracy)",12435,0,0.0,0,inf
dpgan,"LocalNeighbourhood(L_2, 0.250411558405805, accuracy)",12435,1,0.0,0,inf
dpgan,"LocalNeighbourhood(L_2, 0.250411558405805, accuracy)",12435,0,0.0,0,inf
dpgan,"LocalNeighbourhood(L_2, 0.250411558405805, accuracy)",12435,1,0.0,0,inf
dpgan,"LocalNeighbourhood(L_2, 0.250411558405805, accuracy)",12435,0,0.0,0,inf
dpgan,"LocalNeighbourhood(L_2, 0.250411558405805, accuracy)",12435,1,0.0,0,inf
dpgan,"LocalNeighbourhood(L_2, 0.250411558405805, accuracy)",12435,0,0.0,0,inf
dpgan,"LocalNeighbourhood(L_2, 0.250411558405805, accuracy)",12435,1,0.0,0,inf
dpgan,"LocalNeighbourhood(L_2, 0.250411558405805, accuracy)",12435,0,0.0,0,inf
dpgan,"LocalNeighbourhood(L_2, 0.250411558405805, accuracy)",12435,1,0.0,0,inf
dpgan,"LocalNeighbourhood(L_2, 0.250411558405805, accuracy)",12435,0,0.0,0,inf
dpgan,"LocalNeighbourhood(L_2, 0.250411558405805, accuracy)",12435,1,0.0,0,inf
dpgan,"LocalNeighbourhood(L_2, 0.250411558405805, accuracy)",12435,0,0.0,0,inf
dpgan,"LocalNeighbourhood(L_2, 0.250411558405805, accuracy)",12435,1,0.0,0,inf
dpgan,"LocalNeighbourhood(L_2, 0.250411558405805, accuracy)",12435,0,0.0,0,inf
dpgan,"LocalNeighbourhood(L_2, 0.250411558405805, accuracy)",12435,1,0.0,0,inf
dpgan,"LocalNeighbourhood(L_2, 0.250411558405805, accuracy)",12435,0,0.0,0,inf
dpgan,"LocalNeighbourhood(L_2, 0.250411558405805, accuracy)",12435,1,0.0,0,inf
dpgan,"LocalNeighbourhood(L_2, 0.250411558405805, accuracy)",12435,0,0.0,0,inf
dpgan,"LocalNeighbourhood(L_2, 0.250411558405805, accuracy)",12435,1,0.0,0,inf
dpgan,"LocalNeighbourhood(L_2, 0.250411558405805, accuracy)",12435,0,0.0,0,inf
dpgan,"LocalNeighbourhood(L_2, 0.250411558405805, accuracy)",12435,1,0.0,0,inf
dpgan,"LocalNeighbourhood(L_2, 0.250411558405805, accuracy)",12435,0,0.0,0,inf
dpgan,"LocalNeighbourhood(L_2, 0.250411558405805, accuracy)",12435,1,0.0,0,inf
dpgan,"LocalNeighbourhood(L_2, 0.250411558405805, accuracy)",12435,0,0.0,0,inf
dpgan,"LocalNeighbourhood(L_2, 0.250411558405805, accuracy)",12435,1,0.0,0,inf
dpgan,"LocalNeighbourhood(L_2, 0.250411558405805, accuracy)",12435,0,0.0,0,inf
dpgan,"LocalNeighbourhood(L_2, 0.250411558405805, accuracy)",12435,1,0.0,0,inf
dpgan,"LocalNeighbourhood(L_2, 0.250411558405805, accuracy)",12435,0,0.0,0,inf
dpgan,"LocalNeighbourhood(L_2, 0.250411558405805, accuracy)",12435,1,0.0,0,inf
dpgan,"LocalNeighbourhood(L_2, 0.250411558405805, accuracy)",12435,0,0.0,0,inf
dpgan,"LocalNeighbourhood(L_2, 0.250411558405805, accuracy)",12435,1,0.0,0,inf
dpgan,"LocalNeighbourhood(L_2, 0.250411558405805, accuracy)",12435,0,0.0,0,inf
dpgan,"LocalNeighbourhood(L_2, 0.250411558405805, accuracy)",12435,1,0.0,0,inf
dpgan,"LocalNeighbourhood(L_2, 0.250411558405805, accuracy)",12435,0,0.0,0,inf
dpgan,"LocalNeighbourhood(L_2, 0.250411558405805, accuracy)",12435,1,0.0,0,inf
dpgan,"LocalNeighbourhood(L_2, 0.250411558405805, accuracy)",12435,0,0.0,0,inf
dpgan,"LocalNeighbourhood(L_2, 0.250411558405805, accuracy)",12435,1,0.0,0,inf
dpgan,"LocalNeighbourhood(L_2, 0.250411558405805, accuracy)",12435,0,0.0,0,inf
dpgan,"LocalNeighbourhood(L_2, 0.250411558405805, accuracy)",12435,1,0.0,0,inf
dpgan,"LocalNeighbourhood(L_2, 0.250411558405805, accuracy)",12435,0,0.0,0,inf
dpgan,"LocalNeighbourhood(L_2, 0.250411558405805, accuracy)",12435,1,0.0,0,inf
dpgan,"LocalNeighbourhood(L_2, 0.250411558405805, accuracy)",12435,0,0.0,0,inf
dpgan,"LocalNeighbourhood(L_2, 0.250411558405805, accuracy)",12435,1,0.0,0,inf
dpgan,"LocalNeighbourhood(L_2, 0.250411558405805, accuracy)",12435,0,0.0,0,inf
dpgan,"LocalNeighbourhood(L_2, 0.250411558405805, accuracy)",12435,1,0.0,0,inf
dpgan,"LocalNeighbourhood(L_2, 0.250411558405805, accuracy)",12435,0,0.0,0,inf
dpgan,"LocalNeighbourhood(L_2, 0.250411558405805, accuracy)",12435,1,0.0,0,inf
dpgan,"LocalNeighbourhood(L_2, 0.250411558405805, accuracy)",12435,0,0.0,0,inf
dpgan,"LocalNeighbourhood(L_2, 0.250411558405805, accuracy)",12435,1,0.0,0,inf
dpgan,"LocalNeighbourhood(L_2, 0.250411558405805, accuracy)",12435,0,0.0,0,inf
dpgan,"LocalNeighbourhood(L_2, 0.250411558405805, accuracy)",12435,1,0.0,0,inf
dpgan,"LocalNeighbourhood(L_2, 0.250411558405805, accuracy)",12435,0,0.0,0,inf
dpgan,"LocalNeighbourhood(L_2, 0.250411558405805, accuracy)",12435,1,0.0,0,inf
dpgan,"LocalNeighbourhood(L_2, 0.250411558405805, accuracy)",12435,0,0.0,0,inf
dpgan,"LocalNeighbourhood(L_2, 0.250411558405805, accuracy)",12435,1,0.0,0,inf
dpgan,"LocalNeighbourhood(L_2, 0.250411558405805, accuracy)",12435,0,0.0,0,inf
dpgan,"LocalNeighbourhood(L_2, 0.250411558405805, accuracy)",12435,1,0.0,0,inf
dpgan,"LocalNeighbourhood(L_2, 0.250411558405805, accuracy)",12435,0,0.0,0,inf
dpgan,"LocalNeighbourhood(L_2, 0.250411558405805, accuracy)",12435,1,0.0,0,inf
dpgan,"LocalNeighbourhood(L_2, 0.250411558405805, accuracy)",12435,0,0.0,0,inf
dpgan,"LocalNeighbourhood(L_2, 0.250411558405805, accuracy)",12435,1,0.0,0,inf
dpgan,"LocalNeighbourhood(L_2, 0.250411558405805, accuracy)",12435,0,0.0,0,inf
dpgan,"LocalNeighbourhood(L_2, 0.250411558405805, accuracy)",12435,1,0.0,0,inf
dpgan,"LocalNeighbourhood(L_2, 0.250411558405805, accuracy)",12435,0,0.0,0,inf
dpgan,"LocalNeighbourhood(L_2, 0.250411558405805, accuracy)",12435,1,0.0,0,inf
dpgan,"LocalNeighbourhood(L_2, 0.250411558405805, accuracy)",12435,0,0.0,0,inf
dpgan,"LocalNeighbourhood(L_2, 0.250411558405805, accuracy)",12435,1,0.0,0,inf
dpgan,"LocalNeighbourhood(L_2, 0.250411558405805, accuracy)",12435,0,0.0,0,inf
dpgan,"LocalNeighbourhood(L_2, 0.250411558405805, accuracy)",12435,1,0.0,0,inf
dpgan,"LocalNeighbourhood(L_2, 0.250411558405805, accuracy)",12435,0,0.0,0,inf
dpgan,"LocalNeighbourhood(L_2, 0.250411558405805, accuracy)",12435,1,0.0,0,inf
dpgan,"LocalNeighbourhood(L_2, 0.250411558405805, accuracy)",12435,0,0.0,0,inf
dpgan,"LocalNeighbourhood(L_2, 0.250411558405805, accuracy)",12435,1,0.0,0,inf
dpgan,"LocalNeighbourhood(L_2, 0.250411558405805, accuracy)",12435,0,0.0,0,inf
dpgan,"LocalNeighbourhood(L_2, 0.250411558405805, accuracy)",12435,1,0.0,0,inf
dpgan,"LocalNeighbourhood(L_2, 0.250411558405805, accuracy)",12435,0,0.0,0,inf
dpgan,"LocalNeighbourhood(L_2, 0.250411558405805, accuracy)",12435,1,0.0,0,inf
dpgan,"LocalNeighbourhood(L_2, 0.250411558405805, accuracy)",12435,0,0.0,0,inf
dpgan,"LocalNeighbourhood(L_2, 0.250411558405805, accuracy)",12435,1,0.0,0,inf
dpgan,"LocalNeighbourhood(L_2, 0.250411558405805, accuracy)",12435,0,0.0,0,inf
dpgan,"LocalNeighbourhood(L_2, 0.250411558405805, accuracy)",12435,1,0.0,0,inf
dpgan,"LocalNeighbourhood(L_2, 0.250411558405805, accuracy)",12435,0,0.0,0,inf
dpgan,"LocalNeighbourhood(L_2, 0.250411558405805, accuracy)",12435,1,0.0,0,inf
dpgan,"LocalNeighbourhood(L_2, 0.250411558405805, accuracy)",12435,0,0.0,0,inf
dpgan,"LocalNeighbourhood(L_2, 0.250411558405805, accuracy)",12435,1,0.0,0,inf
dpgan,"LocalNeighbourhood(L_2, 0.250411558405805, accuracy)",12435,0,0.0,0,inf
dpgan,"LocalNeighbourhood(L_2, 0.250411558405805, accuracy)",12435,1,0.0,0,inf
dpgan,"LocalNeighbourhood(L_2, 0.250411558405805, accuracy)",12435,0,0.0,0,inf
dpgan,"LocalNeighbourhood(L_2, 0.250411558405805, accuracy)",12435,1,0.0,0,inf
dpgan,"LocalNeighbourhood(L_2, 0.250411558405805, accuracy)",12435,0,0.0,0,inf
dpgan,"LocalNeighbourhood(L_2, 0.250411558405805, accuracy)",12435,1,0.0,0,inf
dpgan,"LocalNeighbourhood(L_2, 0.250411558405805, accuracy)",12435,0,0.0,0,inf
dpgan,"LocalNeighbourhood(L_2, 0.250411558405805, accuracy)",12435,1,0.0,0,inf
dpgan,"LocalNeighbourhood(L_2, 0.250411558405805, accuracy)",12435,0,0.0,0,inf
dpgan,"LocalNeighbourhood(L_2, 0.250411558405805, accuracy)",12435,1,0.0,0,inf
dpgan,"LocalNeighbourhood(L_2, 0.250411558405805, accuracy)",12435,0,0.0,0,inf
dpgan,"LocalNeighbourhood(L_2, 0.250411558405805, accuracy)",12435,1,0.0,0,inf
dpgan,"LocalNeighbourhood(L_2, 0.250411558405805, accuracy)",12435,0,0.0,0,inf
dpgan,"LocalNeighbourhood(L_2, 0.250411558405805, accuracy)",12435,1,0.0,0,inf
dpgan,"LocalNeighbourhood(L_2, 0.250411558405805, accuracy)",12435,0,0.0,0,inf
dpgan,"LocalNeighbourhood(L_2, 0.250411558405805, accuracy)",12435,1,0.0,0,inf
dpgan,"LocalNeighbourhood(L_2, 0.250411558405805, accuracy)",12435,0,0.0,0,inf
dpgan,"LocalNeighbourhood(L_2, 0.250411558405805, accuracy)",12435,1,0.0,0,inf
dpgan,"LocalNeighbourhood(L_2, 0.250411558405805, accuracy)",12435,0,0.0,0,inf
dpgan,"LocalNeighbourhood(L_2, 0.250411558405805, accuracy)",12435,1,0.0,0,inf
dpgan,"LocalNeighbourhood(L_2, 0.250411558405805, accuracy)",12435,0,0.0,0,inf
dpgan,"LocalNeighbourhood(L_2, 0.250411558405805, accuracy)",12435,1,0.0,0,inf
dpgan,"LocalNeighbourhood(L_2, 0.250411558405805, accuracy)",12435,0,0.0,0,inf
dpgan,"LocalNeighbourhood(L_2, 0.250411558405805, accuracy)",12435,1,0.0,0,inf
dpgan,"LocalNeighbourhood(L_2, 0.250411558405805, accuracy)",12435,0,0.0,0,inf
dpgan,"LocalNeighbourhood(L_2, 0.250411558405805, accuracy)",12435,1,0.0,0,inf
dpgan,"LocalNeighbourhood(L_2, 0.250411558405805, accuracy)",12435,0,0.0,0,inf
dpgan,"LocalNeighbourhood(L_2, 0.250411558405805, accuracy)",12435,1,0.0,0,inf
dpgan,"LocalNeighbourhood(L_2, 0.250411558405805, accuracy)",12435,0,0.0,0,inf
dpgan,"LocalNeighbourhood(L_2, 0.250411558405805, accuracy)",12435,1,0.0,0,inf
dpgan,"LocalNeighbourhood(L_2, 0.250411558405805, accuracy)",12435,0,0.0,0,inf
dpgan,"LocalNeighbourhood(L_2, 0.250411558405805, accuracy)",12435,1,0.0,0,inf
dpgan,"LocalNeighbourhood(L_2, 0.250411558405805, accuracy)",12435,0,0.0,0,inf
dpgan,"LocalNeighbourhood(L_2, 0.250411558405805, accuracy)",12435,1,0.0,0,inf
dpgan,"LocalNeighbourhood(L_2, 0.250411558405805, accuracy)",12435,0,0.0,0,inf
dpgan,"LocalNeighbourhood(L_2, 0.250411558405805, accuracy)",12435,1,0.0,0,inf
dpgan,"LocalNeighbourhood(L_2, 0.250411558405805, accuracy)",12435,0,0.0,0,inf
dpgan,"LocalNeighbourhood(L_2, 0.250411558405805, accuracy)",12435,1,0.0,0,inf
dpgan,"LocalNeighbourhood(L_2, 0.250411558405805, accuracy)",12435,0,0.0,0,inf
dpgan,"LocalNeighbourhood(L_2, 0.250411558405805, accuracy)",12435,1,0.0,0,inf
dpgan,"LocalNeighbourhood(L_2, 0.250411558405805, accuracy)",12435,0,0.0,0,inf
dpgan,"LocalNeighbourhood(L_2, 0.250411558405805, accuracy)",12435,1,0.0,0,inf
dpgan,"LocalNeighbourhood(L_2, 0.250411558405805, accuracy)",12435,0,0.0,0,inf
dpgan,"LocalNeighbourhood(L_2, 0.250411558405805, accuracy)",12435,1,0.0,0,inf
dpgan,"LocalNeighbourhood(L_2, 0.250411558405805, accuracy)",12435,0,0.0,0,inf
dpgan,"LocalNeighbourhood(L_2, 0.250411558405805, accuracy)",12435,1,0.0,0,inf
dpgan,"LocalNeighbourhood(L_2, 0.250411558405805, accuracy)",12435,0,0.0,0,inf
dpgan,"LocalNeighbourhood(L_2, 0.250411558405805, accuracy)",12435,1,0.0,0,inf
dpgan,"LocalNeighbourhood(L_2, 0.250411558405805, accuracy)",12435,0,0.0,0,inf
dpgan,"LocalNeighbourhood(L_2, 0.250411558405805, accuracy)",12435,1,0.0,0,inf
dpgan,"LocalNeighbourhood(L_2, 0.250411558405805, accuracy)",12435,0,0.0,0,inf
dpgan,"LocalNeighbourhood(L_2, 0.250411558405805, accuracy)",12435,1,0.0,0,inf
dpgan,"LocalNeighbourhood(L_2, 0.250411558405805, accuracy)",12435,0,0.0,0,inf
dpgan,"LocalNeighbourhood(L_2, 0.250411558405805, accuracy)",12435,1,0.0,0,inf
dpgan,"LocalNeighbourhood(L_2, 0.250411558405805, accuracy)",12435,0,0.0,0,inf
dpgan,"LocalNeighbourhood(L_2, 0.250411558405805, accuracy)",12435,1,0.0,0,inf
dpgan,"LocalNeighbourhood(L_2, 0.250411558405805, accuracy)",12435,0,0.0,0,inf
dpgan,"LocalNeighbourhood(L_2, 0.250411558405805, accuracy)",12435,1,0.0,0,inf
dpgan,"LocalNeighbourhood(L_2, 0.250411558405805, accuracy)",12435,0,0.0,0,inf
dpgan,"LocalNeighbourhood(L_2, 0.250411558405805, accuracy)",12435,1,0.0,0,inf
dpgan,"LocalNeighbourhood(L_2, 0.250411558405805, accuracy)",12435,0,0.0,0,inf
dpgan,"LocalNeighbourhood(L_2, 0.250411558405805, accuracy)",12435,1,0.0,0,inf
dpgan,"LocalNeighbourhood(L_2, 0.250411558405805, accuracy)",12435,0,0.0,0,inf
dpgan,"LocalNeighbourhood(L_2, 0.250411558405805, accuracy)",12435,1,0.0,0,inf
dpgan,"LocalNeighbourhood(L_2, 0.250411558405805, accuracy)",12435,0,0.0,0,inf
dpgan,"LocalNeighbourhood(L_2, 0.250411558405805, accuracy)",12435,1,0.0,0,inf
dpgan,"LocalNeighbourhood(L_2, 0.250411558405805, accuracy)",12435,0,0.0,0,inf
dpgan,"LocalNeighbourhood(L_2, 0.250411558405805, accuracy)",12435,1,0.0,0,inf
dpgan,"LocalNeighbourhood(L_2, 0.250411558405805, accuracy)",12435,0,0.0,0,inf
dpgan,"LocalNeighbourhood(L_2, 0.250411558405805, accuracy)",12435,1,0.0,0,inf
dpgan,"LocalNeighbourhood(L_2, 0.250411558405805, accuracy)",12435,0,0.0,0,inf
dpgan,"LocalNeighbourhood(L_2, 0.250411558405805, accuracy)",12435,1,0.0,0,inf
dpgan,"LocalNeighbourhood(L_2, 0.250411558405805, accuracy)",12435,0,0.0,0,inf
dpgan,"LocalNeighbourhood(L_2, 0.250411558405805, accuracy)",12435,1,0.0,0,inf
dpgan,"LocalNeighbourhood(L_2, 0.250411558405805, accuracy)",12435,0,0.0,0,inf
dpgan,"LocalNeighbourhood(L_2, 0.250411558405805, accuracy)",12435,1,0.0,0,inf
dpgan,"LocalNeighbourhood(L_2, 0.250411558405805, accuracy)",12435,0,0.0,0,inf
dpgan,"LocalNeighbourhood(L_2, 0.250411558405805, accuracy)",12435,1,0.0,0,inf
dpgan,"LocalNeighbourhood(L_2, 0.250411558405805, accuracy)",12435,0,0.0,0,inf
dpgan,"LocalNeighbourhood(L_2, 0.250411558405805, accuracy)",12435,1,0.0,0,inf
dpgan,"LocalNeighbourhood(L_2, 0.250411558405805, accuracy)",12435,0,0.0,0,inf
dpgan,"LocalNeighbourhood(L_2, 0.250411558405805, accuracy)",12435,1,0.0,0,inf
dpgan,"LocalNeighbourhood(L_2, 0.250411558405805, accuracy)",12435,0,0.0,0,inf
dpgan,"LocalNeighbourhood(L_2, 0.250411558405805, accuracy)",12435,1,0.0,0,inf
dpgan,"LocalNeighbourhood(L_2, 0.250411558405805, accuracy)",12435,0,0.0,0,inf
dpgan,ProbabilityEstimation(KernelDensity()),12435,1,-88.60644851221319,0,-88.40984439433183
dpgan,ProbabilityEstimation(KernelDensity()),12435,0,-88.34901997464225,1,-88.40984439433183
dpgan,ProbabilityEstimation(KernelDensity()),12435,1,-88.43773484554875,0,-88.40984439433183
dpgan,ProbabilityEstimation(KernelDensity()),12435,0,-88.76737572579358,0,-88.40984439433183
dpgan,ProbabilityEstimation(KernelDensity()),12435,1,-88.49133040419565,0,-88.40984439433183
dpgan,ProbabilityEstimation(KernelDensity()),12435,0,-88.48820687946439,0,-88.40984439433183
dpgan,ProbabilityEstimation(KernelDensity()),12435,1,-88.41509261469074,0,-88.40984439433183
dpgan,ProbabilityEstimation(KernelDensity()),12435,0,-88.59489562511536,0,-88.40984439433183
dpgan,ProbabilityEstimation(KernelDensity()),12435,1,-88.28856787190838,1,-88.40984439433183
dpgan,ProbabilityEstimation(KernelDensity()),12435,0,-88.37612991165803,1,-88.40984439433183
dpgan,ProbabilityEstimation(KernelDensity()),12435,1,-88.07207470177879,1,-88.40984439433183
dpgan,ProbabilityEstimation(KernelDensity()),12435,0,-88.42860208680962,0,-88.40984439433183
dpgan,ProbabilityEstimation(KernelDensity()),12435,1,-88.63550457354759,0,-88.40984439433183
dpgan,ProbabilityEstimation(KernelDensity()),12435,0,-88.16993465309127,1,-88.40984439433183
dpgan,ProbabilityEstimation(KernelDensity()),12435,1,-88.41240629360269,0,-88.40984439433183
dpgan,ProbabilityEstimation(KernelDensity()),12435,0,-88.61099669186594,0,-88.40984439433183
dpgan,ProbabilityEstimation(KernelDensity()),12435,1,-88.62924351966817,0,-88.40984439433183
dpgan,ProbabilityEstimation(KernelDensity()),12435,0,-88.20326105566403,1,-88.40984439433183
dpgan,ProbabilityEstimation(KernelDensity()),12435,1,-89.06477990364574,0,-88.40984439433183
dpgan,ProbabilityEstimation(KernelDensity()),12435,0,-88.0022018156988,1,-88.40984439433183
dpgan,ProbabilityEstimation(KernelDensity()),12435,1,-88.11024426546626,1,-88.40984439433183
dpgan,ProbabilityEstimation(KernelDensity()),12435,0,-88.49512136563682,0,-88.40984439433183
dpgan,ProbabilityEstimation(KernelDensity()),12435,1,-88.59673383231855,0,-88.40984439433183
dpgan,ProbabilityEstimation(KernelDensity()),12435,0,-88.55489193484286,0,-88.40984439433183
dpgan,ProbabilityEstimation(KernelDensity()),12435,1,-88.36444971473581,1,-88.40984439433183
dpgan,ProbabilityEstimation(KernelDensity()),12435,0,-87.83664139301243,1,-88.40984439433183
dpgan,ProbabilityEstimation(KernelDensity()),12435,1,-88.41746152683827,0,-88.40984439433183
dpgan,ProbabilityEstimation(KernelDensity()),12435,0,-88.1657276168023,1,-88.40984439433183
dpgan,ProbabilityEstimation(KernelDensity()),12435,1,-88.79463768936237,0,-88.40984439433183
dpgan,ProbabilityEstimation(KernelDensity()),12435,0,-88.20126738156407,1,-88.40984439433183
dpgan,ProbabilityEstimation(KernelDensity()),12435,1,-88.11208832341896,1,-88.40984439433183
dpgan,ProbabilityEstimation(KernelDensity()),12435,0,-88.52993139017858,0,-88.40984439433183
dpgan,ProbabilityEstimation(KernelDensity()),12435,1,-88.16377729080834,1,-88.40984439433183
dpgan,ProbabilityEstimation(KernelDensity()),12435,0,-88.1248603710675,1,-88.40984439433183
dpgan,ProbabilityEstimation(KernelDensity()),12435,1,-88.76645754960448,0,-88.40984439433183
dpgan,ProbabilityEstimation(KernelDensity()),12435,0,-88.07813406664152,1,-88.40984439433183
dpgan,ProbabilityEstimation(KernelDensity()),12435,1,-87.96468925044584,1,-88.40984439433183
dpgan,ProbabilityEstimation(KernelDensity()),12435,0,-88.47741718491032,0,-88.40984439433183
dpgan,ProbabilityEstimation(KernelDensity()),12435,1,-88.77053153558515,0,-88.40984439433183
dpgan,ProbabilityEstimation(KernelDensity()),12435,0,-88.46220926524386,0,-88.40984439433183
dpgan,ProbabilityEstimation(KernelDensity()),12435,1,-88.58923925687458,0,-88.40984439433183
dpgan,ProbabilityEstimation(KernelDensity()),12435,0,-88.41047585505343,0,-88.40984439433183
dpgan,ProbabilityEstimation(KernelDensity()),12435,1,-88.33991552906095,1,-88.40984439433183
dpgan,ProbabilityEstimation(KernelDensity()),12435,0,-88.0084208319699,1,-88.40984439433183
dpgan,ProbabilityEstimation(KernelDensity()),12435,1,-88.68953483459106,0,-88.40984439433183
dpgan,ProbabilityEstimation(KernelDensity()),12435,0,-88.37778955227638,1,-88.40984439433183
dpgan,ProbabilityEstimation(KernelDensity()),12435,1,-87.96749459287861,1,-88.40984439433183
dpgan,ProbabilityEstimation(KernelDensity()),12435,0,-88.135504470285,1,-88.40984439433183
dpgan,ProbabilityEstimation(KernelDensity()),12435,1,-88.71915560182521,0,-88.40984439433183
dpgan,ProbabilityEstimation(KernelDensity()),12435,0,-88.40521200655999,1,-88.40984439433183
dpgan,ProbabilityEstimation(KernelDensity()),12435,1,-88.24847466108723,1,-88.40984439433183
dpgan,ProbabilityEstimation(KernelDensity()),12435,0,-88.58645942416409,0,-88.40984439433183
dpgan,ProbabilityEstimation(KernelDensity()),12435,1,-88.74954039556368,0,-88.40984439433183
dpgan,ProbabilityEstimation(KernelDensity()),12435,0,-88.6506738033746,0,-88.40984439433183
dpgan,ProbabilityEstimation(KernelDensity()),12435,1,-88.086999680779,1,-88.40984439433183
dpgan,ProbabilityEstimation(KernelDensity()),12435,0,-87.8990816024007,1,-88.40984439433183
dpgan,ProbabilityEstimation(KernelDensity()),12435,1,-88.34893995823727,1,-88.40984439433183
dpgan,ProbabilityEstimation(KernelDensity()),12435,0,-88.47405880651802,0,-88.40984439433183
dpgan,ProbabilityEstimation(KernelDensity()),12435,1,-88.24670083164014,1,-88.40984439433183
dpgan,ProbabilityEstimation(KernelDensity()),12435,0,-88.77676780673008,0,-88.40984439433183
dpgan,ProbabilityEstimation(KernelDensity()),12435,1,-88.14665242587098,1,-88.40984439433183
dpgan,ProbabilityEstimation(KernelDensity()),12435,0,-87.90826460048382,1,-88.40984439433183
dpgan,ProbabilityEstimation(KernelDensity()),12435,1,-88.23992951145067,1,-88.40984439433183
dpgan,ProbabilityEstimation(KernelDensity()),12435,0,-88.58174564367262,0,-88.40984439433183
dpgan,ProbabilityEstimation(KernelDensity()),12435,1,-88.11865544820256,1,-88.40984439433183
dpgan,ProbabilityEstimation(KernelDensity()),12435,0,-88.21465650221883,1,-88.40984439433183
dpgan,ProbabilityEstimation(KernelDensity()),12435,1,-87.80252935253266,1,-88.40984439433183
dpgan,ProbabilityEstimation(KernelDensity()),12435,0,-88.68983535233723,0,-88.40984439433183
dpgan,ProbabilityEstimation(KernelDensity()),12435,1,-88.0999278210185,1,-88.40984439433183
dpgan,ProbabilityEstimation(KernelDensity()),12435,0,-88.19135714909093,1,-88.40984439433183
dpgan,ProbabilityEstimation(KernelDensity()),12435,1,-88.55843986723808,0,-88.40984439433183
dpgan,ProbabilityEstimation(KernelDensity()),12435,0,-88.14021899733032,1,-88.40984439433183
dpgan,ProbabilityEstimation(KernelDensity()),12435,1,-88.15117473262298,1,-88.40984439433183
dpgan,ProbabilityEstimation(KernelDensity()),12435,0,-88.80018351456947,0,-88.40984439433183
dpgan,ProbabilityEstimation(KernelDensity()),12435,1,-88.3038657051067,1,-88.40984439433183
dpgan,ProbabilityEstimation(KernelDensity()),12435,0,-88.43444526988401,0,-88.40984439433183
dpgan,ProbabilityEstimation(KernelDensity()),12435,1,-88.18606457556731,1,-88.40984439433183
dpgan,ProbabilityEstimation(KernelDensity()),12435,0,-88.36472214980441,1,-88.40984439433183
dpgan,ProbabilityEstimation(KernelDensity()),12435,1,-88.61884155754845,0,-88.40984439433183
dpgan,ProbabilityEstimation(KernelDensity()),12435,0,-88.31994517066575,1,-88.40984439433183
dpgan,ProbabilityEstimation(KernelDensity()),12435,1,-88.32859123111949,1,-88.40984439433183
dpgan,ProbabilityEstimation(KernelDensity()),12435,0,-88.57156951879332,0,-88.40984439433183
dpgan,ProbabilityEstimation(KernelDensity()),12435,1,-88.68551241958701,0,-88.40984439433183
dpgan,ProbabilityEstimation(KernelDensity()),12435,0,-88.53870998003285,0,-88.40984439433183
dpgan,ProbabilityEstimation(KernelDensity()),12435,1,-88.30272661950299,1,-88.40984439433183
dpgan,ProbabilityEstimation(KernelDensity()),12435,0,-88.6368240542477,0,-88.40984439433183
dpgan,ProbabilityEstimation(KernelDensity()),12435,1,-88.32322474767514,1,-88.40984439433183
dpgan,ProbabilityEstimation(KernelDensity()),12435,0,-88.19558220844905,1,-88.40984439433183
dpgan,ProbabilityEstimation(KernelDensity()),12435,1,-88.75844012499056,0,-88.40984439433183
dpgan,ProbabilityEstimation(KernelDensity()),12435,0,-88.28386488885434,1,-88.40984439433183
dpgan,ProbabilityEstimation(KernelDensity()),12435,1,-88.52565192926971,0,-88.40984439433183
dpgan,ProbabilityEstimation(KernelDensity()),12435,0,-88.01565003260102,1,-88.40984439433183
dpgan,ProbabilityEstimation(KernelDensity()),12435,1,-88.18083475128016,1,-88.40984439433183
dpgan,ProbabilityEstimation(KernelDensity()),12435,0,-88.3658100887177,1,-88.40984439433183
dpgan,ProbabilityEstimation(KernelDensity()),12435,1,-88.18914038123519,1,-88.40984439433183
dpgan,ProbabilityEstimation(KernelDensity()),12435,0,-87.82998755323075,1,-88.40984439433183
dpgan,ProbabilityEstimation(KernelDensity()),12435,1,-88.00639104206887,1,-88.40984439433183
dpgan,ProbabilityEstimation(KernelDensity()),12435,0,-88.40067645144131,1,-88.40984439433183
dpgan,ProbabilityEstimation(KernelDensity()),12435,1,-88.84597959711807,0,-88.40984439433183
dpgan,ProbabilityEstimation(KernelDensity()),12435,0,-88.15625414766795,1,-88.40984439433183
dpgan,ProbabilityEstimation(KernelDensity()),12435,1,-88.06587480056041,1,-88.40984439433183
dpgan,ProbabilityEstimation(KernelDensity()),12435,0,-88.63919428026843,0,-88.40984439433183
dpgan,ProbabilityEstimation(KernelDensity()),12435,1,-89.0573804064142,0,-88.40984439433183
dpgan,ProbabilityEstimation(KernelDensity()),12435,0,-87.92233542242424,1,-88.40984439433183
dpgan,ProbabilityEstimation(KernelDensity()),12435,1,-88.10682957244627,1,-88.40984439433183
dpgan,ProbabilityEstimation(KernelDensity()),12435,0,-88.17662131726085,1,-88.40984439433183
dpgan,ProbabilityEstimation(KernelDensity()),12435,1,-88.34778008348863,1,-88.40984439433183
dpgan,ProbabilityEstimation(KernelDensity()),12435,0,-88.40333008765974,1,-88.40984439433183
dpgan,ProbabilityEstimation(KernelDensity()),12435,1,-88.73044624917964,0,-88.40984439433183
dpgan,ProbabilityEstimation(KernelDensity()),12435,0,-88.13761231277961,1,-88.40984439433183
dpgan,ProbabilityEstimation(KernelDensity()),12435,1,-88.89230116936994,0,-88.40984439433183
dpgan,ProbabilityEstimation(KernelDensity()),12435,0,-88.71830087389078,0,-88.40984439433183
dpgan,ProbabilityEstimation(KernelDensity()),12435,1,-88.27880099243903,1,-88.40984439433183
dpgan,ProbabilityEstimation(KernelDensity()),12435,0,-88.16607313657522,1,-88.40984439433183
dpgan,ProbabilityEstimation(KernelDensity()),12435,1,-88.64091212113107,0,-88.40984439433183
dpgan,ProbabilityEstimation(KernelDensity()),12435,0,-88.6884658831448,0,-88.40984439433183
dpgan,ProbabilityEstimation(KernelDensity()),12435,1,-88.15625875715774,1,-88.40984439433183
dpgan,ProbabilityEstimation(KernelDensity()),12435,0,-88.34449405209116,1,-88.40984439433183
dpgan,ProbabilityEstimation(KernelDensity()),12435,1,-88.54919433727059,0,-88.40984439433183
dpgan,ProbabilityEstimation(KernelDensity()),12435,0,-88.43598473968497,0,-88.40984439433183
dpgan,ProbabilityEstimation(KernelDensity()),12435,1,-88.23793987234363,1,-88.40984439433183
dpgan,ProbabilityEstimation(KernelDensity()),12435,0,-88.85681566220357,0,-88.40984439433183
dpgan,ProbabilityEstimation(KernelDensity()),12435,1,-88.64815430420764,0,-88.40984439433183
dpgan,ProbabilityEstimation(KernelDensity()),12435,0,-88.26518138046126,1,-88.40984439433183
dpgan,ProbabilityEstimation(KernelDensity()),12435,1,-88.65070852466272,0,-88.40984439433183
dpgan,ProbabilityEstimation(KernelDensity()),12435,0,-88.78653931203577,0,-88.40984439433183
dpgan,ProbabilityEstimation(KernelDensity()),12435,1,-88.65861286513531,0,-88.40984439433183
dpgan,ProbabilityEstimation(KernelDensity()),12435,0,-88.26199050707318,1,-88.40984439433183
dpgan,ProbabilityEstimation(KernelDensity()),12435,1,-88.28558667507073,1,-88.40984439433183
dpgan,ProbabilityEstimation(KernelDensity()),12435,0,-88.01256478169225,1,-88.40984439433183
dpgan,ProbabilityEstimation(KernelDensity()),12435,1,-88.38030192377926,1,-88.40984439433183
dpgan,ProbabilityEstimation(KernelDensity()),12435,0,-88.17022795941223,1,-88.40984439433183
dpgan,ProbabilityEstimation(KernelDensity()),12435,1,-88.68337616737746,0,-88.40984439433183
dpgan,ProbabilityEstimation(KernelDensity()),12435,0,-88.26999611105417,1,-88.40984439433183
dpgan,ProbabilityEstimation(KernelDensity()),12435,1,-88.32137841954942,1,-88.40984439433183
dpgan,ProbabilityEstimation(KernelDensity()),12435,0,-88.87825046078164,0,-88.40984439433183
dpgan,ProbabilityEstimation(KernelDensity()),12435,1,-88.59618330628277,0,-88.40984439433183
dpgan,ProbabilityEstimation(KernelDensity()),12435,0,-88.65771201061428,0,-88.40984439433183
dpgan,ProbabilityEstimation(KernelDensity()),12435,1,-88.58440273271873,0,-88.40984439433183
dpgan,ProbabilityEstimation(KernelDensity()),12435,0,-88.44332685557889,0,-88.40984439433183
dpgan,ProbabilityEstimation(KernelDensity()),12435,1,-88.16889938900684,1,-88.40984439433183
dpgan,ProbabilityEstimation(KernelDensity()),12435,0,-88.47268385001573,0,-88.40984439433183
dpgan,ProbabilityEstimation(KernelDensity()),12435,1,-87.9782736298288,1,-88.40984439433183
dpgan,ProbabilityEstimation(KernelDensity()),12435,0,-88.04289776048556,1,-88.40984439433183
dpgan,ProbabilityEstimation(KernelDensity()),12435,1,-88.1888457068717,1,-88.40984439433183
dpgan,ProbabilityEstimation(KernelDensity()),12435,0,-88.06899579780763,1,-88.40984439433183
dpgan,ProbabilityEstimation(KernelDensity()),12435,1,-88.33693385955375,1,-88.40984439433183
dpgan,ProbabilityEstimation(KernelDensity()),12435,0,-88.3404030582003,1,-88.40984439433183
dpgan,ProbabilityEstimation(KernelDensity()),12435,1,-88.27689147796097,1,-88.40984439433183
dpgan,ProbabilityEstimation(KernelDensity()),12435,0,-88.04775300174099,1,-88.40984439433183
dpgan,ProbabilityEstimation(KernelDensity()),12435,1,-88.46007956779705,0,-88.40984439433183
dpgan,ProbabilityEstimation(KernelDensity()),12435,0,-88.51739035955269,0,-88.40984439433183
dpgan,ProbabilityEstimation(KernelDensity()),12435,1,-88.35795471918577,1,-88.40984439433183
dpgan,ProbabilityEstimation(KernelDensity()),12435,0,-88.31689043237198,1,-88.40984439433183
dpgan,ProbabilityEstimation(KernelDensity()),12435,1,-88.55323880078504,0,-88.40984439433183
dpgan,ProbabilityEstimation(KernelDensity()),12435,0,-88.33473785705299,1,-88.40984439433183
dpgan,ProbabilityEstimation(KernelDensity()),12435,1,-88.60991798097184,0,-88.40984439433183
dpgan,ProbabilityEstimation(KernelDensity()),12435,0,-87.92469449915957,1,-88.40984439433183
dpgan,ProbabilityEstimation(KernelDensity()),12435,1,-88.42335103304772,0,-88.40984439433183
dpgan,ProbabilityEstimation(KernelDensity()),12435,0,-88.28751059792155,1,-88.40984439433183
dpgan,ProbabilityEstimation(KernelDensity()),12435,1,-88.43742525367816,0,-88.40984439433183
dpgan,ProbabilityEstimation(KernelDensity()),12435,0,-88.49986529167684,0,-88.40984439433183
dpgan,ProbabilityEstimation(KernelDensity()),12435,1,-88.67649877313241,0,-88.40984439433183
dpgan,ProbabilityEstimation(KernelDensity()),12435,0,-88.11664989722279,1,-88.40984439433183
dpgan,ProbabilityEstimation(KernelDensity()),12435,1,-88.20739032915792,1,-88.40984439433183
dpgan,ProbabilityEstimation(KernelDensity()),12435,0,-88.35628470242055,1,-88.40984439433183
dpgan,ProbabilityEstimation(KernelDensity()),12435,1,-88.53998811118936,0,-88.40984439433183
dpgan,ProbabilityEstimation(KernelDensity()),12435,0,-88.74949059858191,0,-88.40984439433183
dpgan,ProbabilityEstimation(KernelDensity()),12435,1,-88.49052188338496,0,-88.40984439433183
dpgan,ProbabilityEstimation(KernelDensity()),12435,0,-88.35204353373945,1,-88.40984439433183
dpgan,ProbabilityEstimation(KernelDensity()),12435,1,-88.19745641190181,1,-88.40984439433183
dpgan,ProbabilityEstimation(KernelDensity()),12435,0,-88.46049411540653,0,-88.40984439433183
dpgan,ProbabilityEstimation(KernelDensity()),12435,1,-88.9269544205929,0,-88.40984439433183
dpgan,ProbabilityEstimation(KernelDensity()),12435,0,-88.48617159778948,0,-88.40984439433183
dpgan,ProbabilityEstimation(KernelDensity()),12435,1,-88.42430618861754,0,-88.40984439433183
dpgan,ProbabilityEstimation(KernelDensity()),12435,0,-88.80062801148813,0,-88.40984439433183
dpgan,ProbabilityEstimation(KernelDensity()),12435,1,-88.46899282971425,0,-88.40984439433183
dpgan,ProbabilityEstimation(KernelDensity()),12435,0,-88.4121327517089,0,-88.40984439433183
dpgan,ProbabilityEstimation(KernelDensity()),12435,1,-88.43171516218203,0,-88.40984439433183
dpgan,ProbabilityEstimation(KernelDensity()),12435,0,-88.35595461021352,1,-88.40984439433183
dpgan,ProbabilityEstimation(KernelDensity()),12435,1,-88.21209943005417,1,-88.40984439433183
dpgan,ProbabilityEstimation(KernelDensity()),12435,0,-88.82610102544922,0,-88.40984439433183
dpgan,ProbabilityEstimation(KernelDensity()),12435,1,-88.51294270910165,0,-88.40984439433183
dpgan,ProbabilityEstimation(KernelDensity()),12435,0,-88.34416547851383,1,-88.40984439433183
dpgan,ProbabilityEstimation(KernelDensity()),12435,1,-88.53677767449982,0,-88.40984439433183
dpgan,ProbabilityEstimation(KernelDensity()),12435,0,-88.3753395466341,1,-88.40984439433183
dpgan,ProbabilityEstimation(KernelDensity()),12435,1,-88.31147903545943,1,-88.40984439433183
dpgan,ProbabilityEstimation(KernelDensity()),12435,0,-88.5462556961812,0,-88.40984439433183
dpgan,ProbabilityEstimation(KernelDensity()),12435,1,-88.506570744494,0,-88.40984439433183
dpgan,ProbabilityEstimation(KernelDensity()),12435,0,-88.49835183805062,0,-88.40984439433183
dpgan,ProbabilityEstimation(KernelDensity()),12435,1,-88.46555171942796,0,-88.40984439433183
dpgan,ProbabilityEstimation(KernelDensity()),12435,0,-88.60106021309322,0,-88.40984439433183
dpgan,ProbabilityEstimation(KernelDensity()),12435,1,-88.2981686817363,1,-88.40984439433183
dpgan,ProbabilityEstimation(KernelDensity()),12435,0,-88.05352803504273,1,-88.40984439433183
dpgan,ProbabilityEstimation(KernelDensity()),12435,1,-88.32905097949117,1,-88.40984439433183
dpgan,ProbabilityEstimation(KernelDensity()),12435,0,-88.43991053196731,0,-88.40984439433183
dpgan,ProbabilityEstimation(KernelDensity()),12435,1,-88.28420450834466,1,-88.40984439433183
dpgan,ProbabilityEstimation(KernelDensity()),12435,0,-88.6948137714091,0,-88.40984439433183
dpgan,ProbabilityEstimation(KernelDensity()),12435,1,-88.57022265398118,0,-88.40984439433183
dpgan,ProbabilityEstimation(KernelDensity()),12435,0,-88.15865404811535,1,-88.40984439433183
dpgan,ProbabilityEstimation(KernelDensity()),12435,1,-88.40660579968088,1,-88.40984439433183
dpgan,ProbabilityEstimation(KernelDensity()),12435,0,-88.57381817625516,0,-88.40984439433183
dpgan,ProbabilityEstimation(KernelDensity()),12435,1,-88.57555009799978,0,-88.40984439433183
dpgan,ProbabilityEstimation(KernelDensity()),12435,0,-87.99129654180507,1,-88.40984439433183
dpgan,ProbabilityEstimation(KernelDensity()),12435,1,-88.2129977682,1,-88.40984439433183
dpgan,ProbabilityEstimation(KernelDensity()),12435,0,-87.95233594499582,1,-88.40984439433183
dpgan,ProbabilityEstimation(KernelDensity()),12435,1,-88.47795979677012,0,-88.40984439433183
dpgan,ProbabilityEstimation(KernelDensity()),12435,0,-88.21145982868491,1,-88.40984439433183
dpgan,ProbabilityEstimation(KernelDensity()),12435,1,-88.485816137797,0,-88.40984439433183
dpgan,ProbabilityEstimation(KernelDensity()),12435,0,-88.39386665182332,1,-88.40984439433183
dpgan,ProbabilityEstimation(KernelDensity()),12435,1,-88.72540934041749,0,-88.40984439433183
dpgan,ProbabilityEstimation(KernelDensity()),12435,0,-88.4692425442185,0,-88.40984439433183
dpgan,ProbabilityEstimation(KernelDensity()),12435,1,-87.96516843508171,1,-88.40984439433183
dpgan,ProbabilityEstimation(KernelDensity()),12435,0,-88.7208120091047,0,-88.40984439433183
dpgan,ProbabilityEstimation(KernelDensity()),12435,1,-88.11740547606337,1,-88.40984439433183
dpgan,ProbabilityEstimation(KernelDensity()),12435,0,-88.31079325784444,1,-88.40984439433183
dpgan,ProbabilityEstimation(KernelDensity()),12435,1,-88.36986011535255,1,-88.40984439433183
dpgan,ProbabilityEstimation(KernelDensity()),12435,0,-88.55570751117764,0,-88.40984439433183
dpgan,ProbabilityEstimation(KernelDensity()),12435,1,-88.75654757887304,0,-88.40984439433183
dpgan,ProbabilityEstimation(KernelDensity()),12435,0,-88.44488831054886,0,-88.40984439433183
dpgan,ProbabilityEstimation(KernelDensity()),12435,1,-88.25937575478603,1,-88.40984439433183
dpgan,ProbabilityEstimation(KernelDensity()),12435,0,-88.35435348993796,1,-88.40984439433183
dpgan,ProbabilityEstimation(KernelDensity()),12435,1,-88.11860251949457,1,-88.40984439433183
dpgan,ProbabilityEstimation(KernelDensity()),12435,0,-88.48664313749914,0,-88.40984439433183
dpgan,ProbabilityEstimation(KernelDensity()),12435,1,-87.77851270324925,1,-88.40984439433183
dpgan,ProbabilityEstimation(KernelDensity()),12435,0,-88.53981119524074,0,-88.40984439433183
dpgan,ProbabilityEstimation(KernelDensity()),12435,1,-88.33192381914598,1,-88.40984439433183
dpgan,ProbabilityEstimation(KernelDensity()),12435,0,-88.59713120370432,0,-88.40984439433183
dpgan,ProbabilityEstimation(KernelDensity()),12435,1,-88.03810299324026,1,-88.40984439433183
dpgan,ProbabilityEstimation(KernelDensity()),12435,0,-88.3793073621244,1,-88.40984439433183
dpgan,ProbabilityEstimation(KernelDensity()),12435,1,-88.26433529828786,1,-88.40984439433183
dpgan,ProbabilityEstimation(KernelDensity()),12435,0,-88.56534601944144,0,-88.40984439433183
dpgan,ProbabilityEstimation(KernelDensity()),12435,1,-88.2214429154495,1,-88.40984439433183
dpgan,ProbabilityEstimation(KernelDensity()),12435,0,-88.53425044365552,0,-88.40984439433183
dpgan,ProbabilityEstimation(KernelDensity()),12435,1,-88.42192399692597,0,-88.40984439433183
dpgan,ProbabilityEstimation(KernelDensity()),12435,0,-87.84485105872575,1,-88.40984439433183
dpgan,ProbabilityEstimation(KernelDensity()),12435,1,-88.16614335703548,1,-88.40984439433183
dpgan,ProbabilityEstimation(KernelDensity()),12435,0,-88.92922019997806,0,-88.40984439433183
dpgan,ProbabilityEstimation(KernelDensity()),12435,1,-88.38538405816453,1,-88.40984439433183
dpgan,ProbabilityEstimation(KernelDensity()),12435,0,-88.13376388661523,1,-88.40984439433183
dpgan,ProbabilityEstimation(KernelDensity()),12435,1,-87.85277263346215,1,-88.40984439433183
dpgan,ProbabilityEstimation(KernelDensity()),12435,0,-88.55423992666982,0,-88.40984439433183
dpgan,ProbabilityEstimation(KernelDensity()),12435,1,-88.62685299266475,0,-88.40984439433183
dpgan,ProbabilityEstimation(KernelDensity()),12435,0,-88.53643050901495,0,-88.40984439433183
dpgan,ProbabilityEstimation(KernelDensity()),12435,1,-88.16550471778847,1,-88.40984439433183
dpgan,ProbabilityEstimation(KernelDensity()),12435,0,-88.74183872401295,0,-88.40984439433183
dpgan,ProbabilityEstimation(KernelDensity()),12435,1,-88.30575765701039,1,-88.40984439433183
dpgan,ProbabilityEstimation(KernelDensity()),12435,0,-88.44707242574894,0,-88.40984439433183
dpgan,ProbabilityEstimation(KernelDensity()),12435,1,-88.27279807355059,1,-88.40984439433183
dpgan,ProbabilityEstimation(KernelDensity()),12435,0,-88.69356835372506,0,-88.40984439433183
dpgan,ProbabilityEstimation(KernelDensity()),12435,1,-88.23875055230968,1,-88.40984439433183
dpgan,ProbabilityEstimation(KernelDensity()),12435,0,-88.20135489500456,1,-88.40984439433183
dpgan,ProbabilityEstimation(KernelDensity()),12435,1,-88.13082382293001,1,-88.40984439433183
dpgan,ProbabilityEstimation(KernelDensity()),12435,0,-87.91932004899292,1,-88.40984439433183
dpgan,ProbabilityEstimation(KernelDensity()),12435,1,-88.08521669628175,1,-88.40984439433183
dpgan,ProbabilityEstimation(KernelDensity()),12435,0,-88.20652693324296,1,-88.40984439433183
dpgan,ProbabilityEstimation(KernelDensity()),12435,1,-88.12872255838323,1,-88.40984439433183
dpgan,ProbabilityEstimation(KernelDensity()),12435,0,-88.11657014203941,1,-88.40984439433183
dpgan,ProbabilityEstimation(KernelDensity()),12435,1,-88.77486948654229,0,-88.40984439433183
dpgan,ProbabilityEstimation(KernelDensity()),12435,0,-88.66037636446416,0,-88.40984439433183
dpgan,ProbabilityEstimation(KernelDensity()),12435,1,-88.26427453628433,1,-88.40984439433183
dpgan,ProbabilityEstimation(KernelDensity()),12435,0,-88.34631834293923,1,-88.40984439433183
dpgan,ProbabilityEstimation(KernelDensity()),12435,1,-88.34424780325598,1,-88.40984439433183
dpgan,ProbabilityEstimation(KernelDensity()),12435,0,-88.43143336014951,0,-88.40984439433183
dpgan,ProbabilityEstimation(KernelDensity()),12435,1,-88.18334774678928,1,-88.40984439433183
dpgan,ProbabilityEstimation(KernelDensity()),12435,0,-89.0170026425418,0,-88.40984439433183
dpgan,ProbabilityEstimation(KernelDensity()),12435,1,-88.74474777461408,0,-88.40984439433183
dpgan,ProbabilityEstimation(KernelDensity()),12435,0,-88.69009170227193,0,-88.40984439433183
dpgan,ProbabilityEstimation(KernelDensity()),12435,1,-88.35873870037801,1,-88.40984439433183
dpgan,ProbabilityEstimation(KernelDensity()),12435,0,-88.09683828010263,1,-88.40984439433183
dpgan,ProbabilityEstimation(KernelDensity()),12435,1,-88.45146618508964,0,-88.40984439433183
dpgan,ProbabilityEstimation(KernelDensity()),12435,0,-88.93571840726466,0,-88.40984439433183
dpgan,ProbabilityEstimation(KernelDensity()),12435,1,-88.33228199353,1,-88.40984439433183
dpgan,ProbabilityEstimation(KernelDensity()),12435,0,-88.31909769920762,1,-88.40984439433183
dpgan,ProbabilityEstimation(KernelDensity()),12435,1,-88.20327046050022,1,-88.40984439433183
dpgan,ProbabilityEstimation(KernelDensity()),12435,0,-88.52328333167759,0,-88.40984439433183
dpgan,ProbabilityEstimation(KernelDensity()),12435,1,-88.00131414261023,1,-88.40984439433183
dpgan,ProbabilityEstimation(KernelDensity()),12435,0,-88.37918296003673,1,-88.40984439433183
dpgan,ProbabilityEstimation(KernelDensity()),12435,1,-88.56300714954826,0,-88.40984439433183
dpgan,ProbabilityEstimation(KernelDensity()),12435,0,-88.38029626603881,1,-88.40984439433183
dpgan,ProbabilityEstimation(KernelDensity()),12435,1,-88.7973703981082,0,-88.40984439433183
dpgan,ProbabilityEstimation(KernelDensity()),12435,0,-88.25778200692059,1,-88.40984439433183
dpgan,ProbabilityEstimation(KernelDensity()),12435,1,-88.47941043122928,0,-88.40984439433183
dpgan,ProbabilityEstimation(KernelDensity()),12435,0,-88.16834570189219,1,-88.40984439433183
dpgan,ProbabilityEstimation(KernelDensity()),12435,1,-88.25062049902174,1,-88.40984439433183
dpgan,ProbabilityEstimation(KernelDensity()),12435,0,-88.04798788339365,1,-88.40984439433183
dpgan,ProbabilityEstimation(KernelDensity()),12435,1,-88.29495441100444,1,-88.40984439433183
dpgan,ProbabilityEstimation(KernelDensity()),12435,0,-89.16064826193195,0,-88.40984439433183
dpgan,ProbabilityEstimation(KernelDensity()),12435,1,-88.26601848363072,1,-88.40984439433183
dpgan,ProbabilityEstimation(KernelDensity()),12435,0,-88.56466520758117,0,-88.40984439433183
dpgan,ProbabilityEstimation(KernelDensity()),12435,1,-88.61053008861505,0,-88.40984439433183
dpgan,ProbabilityEstimation(KernelDensity()),12435,0,-88.11232790125501,1,-88.40984439433183
dpgan,ProbabilityEstimation(KernelDensity()),12435,1,-88.63591250760436,0,-88.40984439433183
dpgan,ProbabilityEstimation(KernelDensity()),12435,0,-88.38376116636384,1,-88.40984439433183
dpgan,ProbabilityEstimation(KernelDensity()),12435,1,-89.10795480770629,0,-88.40984439433183
dpgan,ProbabilityEstimation(KernelDensity()),12435,0,-88.29770697907905,1,-88.40984439433183
dpgan,ProbabilityEstimation(KernelDensity()),12435,1,-87.9832106219049,1,-88.40984439433183
dpgan,ProbabilityEstimation(KernelDensity()),12435,0,-88.75678717482296,0,-88.40984439433183
dpgan,ProbabilityEstimation(KernelDensity()),12435,1,-88.22525147030741,1,-88.40984439433183
dpgan,ProbabilityEstimation(KernelDensity()),12435,0,-88.09534520481816,1,-88.40984439433183
dpgan,ProbabilityEstimation(KernelDensity()),12435,1,-87.75438597097163,1,-88.40984439433183
dpgan,ProbabilityEstimation(KernelDensity()),12435,0,-88.50288560751748,0,-88.40984439433183
dpgan,ProbabilityEstimation(KernelDensity()),12435,1,-88.64761162601435,0,-88.40984439433183
dpgan,ProbabilityEstimation(KernelDensity()),12435,0,-88.61353742400013,0,-88.40984439433183
dpgan,ProbabilityEstimation(KernelDensity()),12435,1,-88.36645705010885,1,-88.40984439433183
dpgan,ProbabilityEstimation(KernelDensity()),12435,0,-88.39488654891747,1,-88.40984439433183
dpgan,ProbabilityEstimation(KernelDensity()),12435,1,-88.04313139407574,1,-88.40984439433183
dpgan,ProbabilityEstimation(KernelDensity()),12435,0,-88.70479064393461,0,-88.40984439433183
dpgan,ProbabilityEstimation(KernelDensity()),12435,1,-88.36337684007319,1,-88.40984439433183
dpgan,ProbabilityEstimation(KernelDensity()),12435,0,-88.34047174015298,1,-88.40984439433183
dpgan,ProbabilityEstimation(KernelDensity()),12435,1,-88.11699167713995,1,-88.40984439433183
dpgan,ProbabilityEstimation(KernelDensity()),12435,0,-88.12797932256593,1,-88.40984439433183
dpgan,ProbabilityEstimation(KernelDensity()),12435,1,-88.81072668780031,0,-88.40984439433183
dpgan,ProbabilityEstimation(KernelDensity()),12435,0,-88.33639085301445,1,-88.40984439433183
dpgan,ProbabilityEstimation(KernelDensity()),12435,1,-87.81663050814825,1,-88.40984439433183
dpgan,ProbabilityEstimation(KernelDensity()),12435,0,-88.48396535929378,0,-88.40984439433183
dpgan,ProbabilityEstimation(KernelDensity()),12435,1,-88.91999947217754,0,-88.40984439433183
dpgan,ProbabilityEstimation(KernelDensity()),12435,0,-88.1778508025806,1,-88.40984439433183
dpgan,ProbabilityEstimation(KernelDensity()),12435,1,-88.45749486482876,0,-88.40984439433183
dpgan,ProbabilityEstimation(KernelDensity()),12435,0,-87.78027513251394,1,-88.40984439433183
dpgan,ProbabilityEstimation(KernelDensity()),12435,1,-88.33599551080084,1,-88.40984439433183
dpgan,ProbabilityEstimation(KernelDensity()),12435,0,-88.6695178961018,0,-88.40984439433183
dpgan,ProbabilityEstimation(KernelDensity()),12435,1,-88.89535091293052,0,-88.40984439433183
dpgan,ProbabilityEstimation(KernelDensity()),12435,0,-88.41022708175167,0,-88.40984439433183
dpgan,ProbabilityEstimation(KernelDensity()),12435,1,-88.79106329720848,0,-88.40984439433183
dpgan,ProbabilityEstimation(KernelDensity()),12435,0,-88.76767106250385,0,-88.40984439433183
dpgan,ProbabilityEstimation(KernelDensity()),12435,1,-88.58028201951392,0,-88.40984439433183
dpgan,ProbabilityEstimation(KernelDensity()),12435,0,-88.06989633271748,1,-88.40984439433183
dpgan,ProbabilityEstimation(KernelDensity()),12435,1,-88.33156267534893,1,-88.40984439433183
dpgan,ProbabilityEstimation(KernelDensity()),12435,0,-88.10499429328507,1,-88.40984439433183
dpgan,ProbabilityEstimation(KernelDensity()),12435,1,-88.29388052330614,1,-88.40984439433183
dpgan,ProbabilityEstimation(KernelDensity()),12435,0,-88.96342307894196,0,-88.40984439433183
dpgan,ProbabilityEstimation(KernelDensity()),12435,1,-88.32456677052775,1,-88.40984439433183
dpgan,ProbabilityEstimation(KernelDensity()),12435,0,-88.3089930849969,1,-88.40984439433183
dpgan,ProbabilityEstimation(KernelDensity()),12435,1,-88.27269029693845,1,-88.40984439433183
dpgan,ProbabilityEstimation(KernelDensity()),12435,0,-87.9537206559408,1,-88.40984439433183
dpgan,ProbabilityEstimation(KernelDensity()),12435,1,-87.91754617374359,1,-88.40984439433183
dpgan,ProbabilityEstimation(KernelDensity()),12435,0,-88.2900700026892,1,-88.40984439433183
dpgan,ProbabilityEstimation(KernelDensity()),12435,1,-88.4979456621816,0,-88.40984439433183
dpgan,ProbabilityEstimation(KernelDensity()),12435,0,-88.14929815393461,1,-88.40984439433183
dpgan,ProbabilityEstimation(KernelDensity()),12435,1,-88.2337742811614,1,-88.40984439433183
dpgan,ProbabilityEstimation(KernelDensity()),12435,0,-88.60823237715965,0,-88.40984439433183
dpgan,ProbabilityEstimation(KernelDensity()),12435,1,-88.3473599879951,1,-88.40984439433183
dpgan,ProbabilityEstimation(KernelDensity()),12435,0,-88.8098645502113,0,-88.40984439433183
dpgan,ProbabilityEstimation(KernelDensity()),12435,1,-87.94780329719237,1,-88.40984439433183
dpgan,ProbabilityEstimation(KernelDensity()),12435,0,-88.47890140121129,0,-88.40984439433183
dpgan,ProbabilityEstimation(KernelDensity()),12435,1,-88.78727738856306,0,-88.40984439433183
dpgan,ProbabilityEstimation(KernelDensity()),12435,0,-88.40975648297507,1,-88.40984439433183
dpgan,ProbabilityEstimation(KernelDensity()),12435,1,-88.74874642415014,0,-88.40984439433183
dpgan,ProbabilityEstimation(KernelDensity()),12435,0,-88.06317969490195,1,-88.40984439433183
dpgan,ProbabilityEstimation(KernelDensity()),12435,1,-88.47269615844924,0,-88.40984439433183
dpgan,ProbabilityEstimation(KernelDensity()),12435,0,-88.5098900786524,0,-88.40984439433183
dpgan,ProbabilityEstimation(KernelDensity()),12435,1,-88.57084027552324,0,-88.40984439433183
dpgan,ProbabilityEstimation(KernelDensity()),12435,0,-88.13277655894082,1,-88.40984439433183
dpgan,ProbabilityEstimation(KernelDensity()),12435,1,-88.7969121948536,0,-88.40984439433183
dpgan,ProbabilityEstimation(KernelDensity()),12435,0,-87.85380102608919,1,-88.40984439433183
dpgan,ProbabilityEstimation(KernelDensity()),12435,1,-88.10422057701301,1,-88.40984439433183
dpgan,ProbabilityEstimation(KernelDensity()),12435,0,-88.09766246627791,1,-88.40984439433183
dpgan,ProbabilityEstimation(KernelDensity()),12435,1,-88.42617590843115,0,-88.40984439433183
dpgan,ProbabilityEstimation(KernelDensity()),12435,0,-88.18092385564695,1,-88.40984439433183
dpgan,ProbabilityEstimation(KernelDensity()),12435,1,-88.13185922474841,1,-88.40984439433183
dpgan,ProbabilityEstimation(KernelDensity()),12435,0,-88.75327776541313,0,-88.40984439433183
dpgan,ProbabilityEstimation(KernelDensity()),12435,1,-88.25619229304348,1,-88.40984439433183
dpgan,ProbabilityEstimation(KernelDensity()),12435,0,-88.56690110303724,0,-88.40984439433183
dpgan,ProbabilityEstimation(KernelDensity()),12435,1,-88.34021761400693,1,-88.40984439433183
dpgan,ProbabilityEstimation(KernelDensity()),12435,0,-88.53241476738633,0,-88.40984439433183
dpgan,ProbabilityEstimation(KernelDensity()),12435,1,-88.28932408635544,1,-88.40984439433183
dpgan,ProbabilityEstimation(KernelDensity()),12435,0,-88.68061347200965,0,-88.40984439433183
dpgan,ProbabilityEstimation(KernelDensity()),12435,1,-88.58471239705804,0,-88.40984439433183
dpgan,ProbabilityEstimation(KernelDensity()),12435,0,-87.94909919834306,1,-88.40984439433183
dpgan,ProbabilityEstimation(KernelDensity()),12435,1,-88.51320994618654,0,-88.40984439433183
dpgan,ProbabilityEstimation(KernelDensity()),12435,0,-88.22779072929568,1,-88.40984439433183
dpgan,ProbabilityEstimation(KernelDensity()),12435,1,-88.63949165658767,0,-88.40984439433183
dpgan,ProbabilityEstimation(KernelDensity()),12435,0,-88.08457409429259,1,-88.40984439433183
dpgan,ProbabilityEstimation(KernelDensity()),12435,1,-88.56556903910018,0,-88.40984439433183
dpgan,ProbabilityEstimation(KernelDensity()),12435,0,-88.32285104792588,1,-88.40984439433183
dpgan,ProbabilityEstimation(KernelDensity()),12435,1,-87.79817249433499,1,-88.40984439433183
dpgan,ProbabilityEstimation(KernelDensity()),12435,0,-88.28413760621997,1,-88.40984439433183
dpgan,ProbabilityEstimation(KernelDensity()),12435,1,-88.321716890816,1,-88.40984439433183
dpgan,ProbabilityEstimation(KernelDensity()),12435,0,-88.01987461982789,1,-88.40984439433183
dpgan,ProbabilityEstimation(KernelDensity()),12435,1,-88.20882313135267,1,-88.40984439433183
dpgan,ProbabilityEstimation(KernelDensity()),12435,0,-88.00460251472654,1,-88.40984439433183
dpgan,ProbabilityEstimation(KernelDensity()),12435,1,-88.00172446373796,1,-88.40984439433183
dpgan,ProbabilityEstimation(KernelDensity()),12435,0,-88.95015365476874,0,-88.40984439433183
dpgan,ProbabilityEstimation(KernelDensity()),12435,1,-88.56226898085076,0,-88.40984439433183
dpgan,ProbabilityEstimation(KernelDensity()),12435,0,-87.79171109873478,1,-88.40984439433183
dpgan,ProbabilityEstimation(KernelDensity()),12435,1,-88.13773983844233,1,-88.40984439433183
dpgan,ProbabilityEstimation(KernelDensity()),12435,0,-88.45622346726445,0,-88.40984439433183
dpgan,ProbabilityEstimation(KernelDensity()),12435,1,-88.31048024707252,1,-88.40984439433183
dpgan,ProbabilityEstimation(KernelDensity()),12435,0,-88.36566242822303,1,-88.40984439433183
dpgan,ProbabilityEstimation(KernelDensity()),12435,1,-88.46884256113647,0,-88.40984439433183
dpgan,ProbabilityEstimation(KernelDensity()),12435,0,-88.55822294667158,0,-88.40984439433183
dpgan,ProbabilityEstimation(KernelDensity()),12435,1,-88.00838546902499,1,-88.40984439433183
dpgan,ProbabilityEstimation(KernelDensity()),12435,0,-88.44697004335731,0,-88.40984439433183
dpgan,ProbabilityEstimation(KernelDensity()),12435,1,-88.58901084379679,0,-88.40984439433183
dpgan,ProbabilityEstimation(KernelDensity()),12435,0,-88.090130621722,1,-88.40984439433183
dpgan,ProbabilityEstimation(KernelDensity()),12435,1,-88.66604426460765,0,-88.40984439433183
dpgan,ProbabilityEstimation(KernelDensity()),12435,0,-88.45853967259065,0,-88.40984439433183
dpgan,ProbabilityEstimation(KernelDensity()),12435,1,-88.22333868848796,1,-88.40984439433183
dpgan,ProbabilityEstimation(KernelDensity()),12435,0,-88.38782520340465,1,-88.40984439433183
dpgan,ProbabilityEstimation(KernelDensity()),12435,1,-88.5891429902147,0,-88.40984439433183
dpgan,ProbabilityEstimation(KernelDensity()),12435,0,-88.65295396277106,0,-88.40984439433183
dpgan,ProbabilityEstimation(KernelDensity()),12435,1,-89.01638582068136,0,-88.40984439433183
dpgan,ProbabilityEstimation(KernelDensity()),12435,0,-88.3990099772766,1,-88.40984439433183
dpgan,ProbabilityEstimation(KernelDensity()),12435,1,-87.93753349651644,1,-88.40984439433183
dpgan,ProbabilityEstimation(KernelDensity()),12435,0,-88.53650294648185,0,-88.40984439433183
dpgan,ProbabilityEstimation(KernelDensity()),12435,1,-88.62707135388499,0,-88.40984439433183
dpgan,ProbabilityEstimation(KernelDensity()),12435,0,-88.41910953834818,0,-88.40984439433183
dpgan,ProbabilityEstimation(KernelDensity()),12435,1,-88.7000130164266,0,-88.40984439433183
dpgan,ProbabilityEstimation(KernelDensity()),12435,0,-88.21711951986381,1,-88.40984439433183
dpgan,ProbabilityEstimation(KernelDensity()),12435,1,-88.6123537599577,0,-88.40984439433183
dpgan,ProbabilityEstimation(KernelDensity()),12435,0,-88.6618729580151,0,-88.40984439433183
dpgan,ProbabilityEstimation(KernelDensity()),12435,1,-88.41416189913693,0,-88.40984439433183
dpgan,ProbabilityEstimation(KernelDensity()),12435,0,-87.931569573515,1,-88.40984439433183
dpgan,ProbabilityEstimation(KernelDensity()),12435,1,-88.49899355119916,0,-88.40984439433183
dpgan,ProbabilityEstimation(KernelDensity()),12435,0,-88.55679946243943,0,-88.40984439433183
dpgan,ProbabilityEstimation(KernelDensity()),12435,1,-88.56657340038299,0,-88.40984439433183
dpgan,ProbabilityEstimation(KernelDensity()),12435,0,-88.26768473610217,1,-88.40984439433183
dpgan,ProbabilityEstimation(KernelDensity()),12435,1,-88.34193591206025,1,-88.40984439433183
dpgan,ProbabilityEstimation(KernelDensity()),12435,0,-88.16494359604054,1,-88.40984439433183
dpgan,ProbabilityEstimation(KernelDensity()),12435,1,-88.48474487465488,0,-88.40984439433183
dpgan,ProbabilityEstimation(KernelDensity()),12435,0,-88.44877941344474,0,-88.40984439433183
dpgan,ProbabilityEstimation(KernelDensity()),12435,1,-88.87287078989414,0,-88.40984439433183
dpgan,ProbabilityEstimation(KernelDensity()),12435,0,-88.35612287391356,1,-88.40984439433183
dpgan,ProbabilityEstimation(KernelDensity()),12435,1,-88.54536041838941,0,-88.40984439433183
dpgan,ProbabilityEstimation(KernelDensity()),12435,0,-88.67816393805022,0,-88.40984439433183
dpgan,ProbabilityEstimation(KernelDensity()),12435,1,-88.19524875948264,1,-88.40984439433183
dpgan,ProbabilityEstimation(KernelDensity()),12435,0,-88.1549218002401,1,-88.40984439433183
dpgan,ProbabilityEstimation(KernelDensity()),12435,1,-88.74981833826622,0,-88.40984439433183
dpgan,ProbabilityEstimation(KernelDensity()),12435,0,-88.31722575456249,1,-88.40984439433183
dpgan,ProbabilityEstimation(KernelDensity()),12435,1,-87.87048275616263,1,-88.40984439433183
dpgan,ProbabilityEstimation(KernelDensity()),12435,0,-88.4289987349849,0,-88.40984439433183
dpgan,ProbabilityEstimation(KernelDensity()),12435,1,-88.2149652004689,1,-88.40984439433183
dpgan,ProbabilityEstimation(KernelDensity()),12435,0,-88.27970008109259,1,-88.40984439433183
dpgan,ProbabilityEstimation(KernelDensity()),12435,1,-88.48412554331071,0,-88.40984439433183
dpgan,ProbabilityEstimation(KernelDensity()),12435,0,-88.3962017771576,1,-88.40984439433183
dpgan,ProbabilityEstimation(KernelDensity()),12435,1,-88.39127991200117,1,-88.40984439433183
dpgan,ProbabilityEstimation(KernelDensity()),12435,0,-88.14715446930387,1,-88.40984439433183
dpgan,ProbabilityEstimation(KernelDensity()),12435,1,-88.49324699510503,0,-88.40984439433183
dpgan,ProbabilityEstimation(KernelDensity()),12435,0,-88.61772886573453,0,-88.40984439433183
dpgan,ProbabilityEstimation(KernelDensity()),12435,1,-88.27897342887924,1,-88.40984439433183
dpgan,ProbabilityEstimation(KernelDensity()),12435,0,-88.6049669961324,0,-88.40984439433183
dpgan,ProbabilityEstimation(KernelDensity()),12435,1,-88.90112218399345,0,-88.40984439433183
dpgan,ProbabilityEstimation(KernelDensity()),12435,0,-88.89855107833183,0,-88.40984439433183
dpgan,ProbabilityEstimation(KernelDensity()),12435,1,-88.53682058013202,0,-88.40984439433183
dpgan,ProbabilityEstimation(KernelDensity()),12435,0,-88.98391744884408,0,-88.40984439433183
dpgan,ProbabilityEstimation(KernelDensity()),12435,1,-88.82965431712384,0,-88.40984439433183
dpgan,ProbabilityEstimation(KernelDensity()),12435,0,-88.14438492409833,1,-88.40984439433183
dpgan,ProbabilityEstimation(KernelDensity()),12435,1,-88.78501643155688,0,-88.40984439433183
dpgan,ProbabilityEstimation(KernelDensity()),12435,0,-88.94838719218792,0,-88.40984439433183
dpgan,ProbabilityEstimation(KernelDensity()),12435,1,-88.6046069873527,0,-88.40984439433183
dpgan,ProbabilityEstimation(KernelDensity()),12435,0,-88.45174403250655,0,-88.40984439433183
dpgan,ProbabilityEstimation(KernelDensity()),12435,1,-88.18730341738724,1,-88.40984439433183
dpgan,ProbabilityEstimation(KernelDensity()),12435,0,-88.35577909680597,1,-88.40984439433183
dpgan,ProbabilityEstimation(KernelDensity()),12435,1,-88.27475427846404,1,-88.40984439433183
dpgan,ProbabilityEstimation(KernelDensity()),12435,0,-88.06459040397738,1,-88.40984439433183
dpgan,ProbabilityEstimation(KernelDensity()),12435,1,-88.23294330246986,1,-88.40984439433183
dpgan,ProbabilityEstimation(KernelDensity()),12435,0,-88.12065915059581,1,-88.40984439433183
dpgan,ProbabilityEstimation(KernelDensity()),12435,1,-88.51880587570028,0,-88.40984439433183
dpgan,ProbabilityEstimation(KernelDensity()),12435,0,-88.36996294642616,1,-88.40984439433183
dpgan,ProbabilityEstimation(KernelDensity()),12435,1,-88.28483923530473,1,-88.40984439433183
dpgan,ProbabilityEstimation(KernelDensity()),12435,0,-88.52629853704707,0,-88.40984439433183
dpgan,ProbabilityEstimation(KernelDensity()),12435,1,-88.57977585764718,0,-88.40984439433183
dpgan,ProbabilityEstimation(KernelDensity()),12435,0,-88.6987821096596,0,-88.40984439433183
dpgan,ProbabilityEstimation(KernelDensity()),12435,1,-88.33981919171653,1,-88.40984439433183
dpgan,ProbabilityEstimation(KernelDensity()),12435,0,-88.54457470567735,0,-88.40984439433183
dpgan,ProbabilityEstimation(KernelDensity()),12435,1,-88.23293934142703,1,-88.40984439433183
dpgan,ProbabilityEstimation(KernelDensity()),12435,0,-88.29743005664882,1,-88.40984439433183
dpgan,ProbabilityEstimation(KernelDensity()),12435,1,-88.65111268895095,0,-88.40984439433183
dpgan,ProbabilityEstimation(KernelDensity()),12435,0,-88.1665942917014,1,-88.40984439433183
dpgan,ProbabilityEstimation(KernelDensity()),12435,1,-88.5455282608955,0,-88.40984439433183
dpgan,ProbabilityEstimation(KernelDensity()),12435,0,-88.88336475630784,0,-88.40984439433183
dpgan,ProbabilityEstimation(KernelDensity()),12435,1,-88.34683744224671,1,-88.40984439433183
dpgan,ProbabilityEstimation(KernelDensity()),12435,0,-88.24350377673468,1,-88.40984439433183
dpgan,ProbabilityEstimation(KernelDensity()),12435,1,-88.12950737710815,1,-88.40984439433183
dpgan,ProbabilityEstimation(KernelDensity()),12435,0,-88.64928041620173,0,-88.40984439433183
dpgan,ProbabilityEstimation(KernelDensity()),12435,1,-88.53361514388246,0,-88.40984439433183
dpgan,ProbabilityEstimation(KernelDensity()),12435,0,-88.13303878116425,1,-88.40984439433183
dpgan,ProbabilityEstimation(KernelDensity()),12435,1,-87.9399112900323,1,-88.40984439433183
dpgan,ProbabilityEstimation(KernelDensity()),12435,0,-88.37903385706895,1,-88.40984439433183
dpgan,ProbabilityEstimation(KernelDensity()),12435,1,-88.32811695214103,1,-88.40984439433183
dpgan,ProbabilityEstimation(KernelDensity()),12435,0,-88.39701790282513,1,-88.40984439433183
dpgan,ProbabilityEstimation(KernelDensity()),12435,1,-88.00498359954277,1,-88.40984439433183
dpgan,ProbabilityEstimation(KernelDensity()),12435,0,-88.67813758115204,0,-88.40984439433183
dpgan,ProbabilityEstimation(KernelDensity()),12435,1,-88.51034191563967,0,-88.40984439433183
dpgan,ProbabilityEstimation(KernelDensity()),12435,0,-88.08804271925335,1,-88.40984439433183
dpgan,ProbabilityEstimation(KernelDensity()),12435,1,-87.9456027338912,1,-88.40984439433183
dpgan,ProbabilityEstimation(KernelDensity()),12435,0,-88.60397587846366,0,-88.40984439433183
dpgan,ProbabilityEstimation(KernelDensity()),12435,1,-88.22603532457616,1,-88.40984439433183
dpgan,ProbabilityEstimation(KernelDensity()),12435,0,-88.6501123146849,0,-88.40984439433183
dpgan,ProbabilityEstimation(KernelDensity()),12435,1,-88.10285918314554,1,-88.40984439433183
dpgan,ProbabilityEstimation(KernelDensity()),12435,0,-88.27344023880984,1,-88.40984439433183
dpgan,ProbabilityEstimation(KernelDensity()),12435,1,-88.1850573045785,1,-88.40984439433183
dpgan,ProbabilityEstimation(KernelDensity()),12435,0,-88.36417948013133,1,-88.40984439433183
dpgan,ProbabilityEstimation(KernelDensity()),12435,1,-88.16652806443201,1,-88.40984439433183
dpgan,ProbabilityEstimation(KernelDensity()),12435,0,-88.45246927118838,0,-88.40984439433183
dpgan,ProbabilityEstimation(KernelDensity()),12435,1,-89.03096375989108,0,-88.40984439433183
dpgan,ProbabilityEstimation(KernelDensity()),12435,0,-88.41143214863212,0,-88.40984439433183
dpgan,ProbabilityEstimation(KernelDensity()),12435,1,-88.42995112475221,0,-88.40984439433183
dpgan,ProbabilityEstimation(KernelDensity()),12435,0,-88.29841568749889,1,-88.40984439433183
dpgan,ProbabilityEstimation(KernelDensity()),12435,1,-88.14088882067676,1,-88.40984439433183
dpgan,ProbabilityEstimation(KernelDensity()),12435,0,-88.46537194251397,0,-88.40984439433183
dpgan,ProbabilityEstimation(KernelDensity()),12435,1,-88.46756023380905,0,-88.40984439433183
dpgan,ProbabilityEstimation(KernelDensity()),12435,0,-88.25745304025513,1,-88.40984439433183
dpgan,ProbabilityEstimation(KernelDensity()),12435,1,-87.78454546452306,1,-88.40984439433183
dpgan,ProbabilityEstimation(KernelDensity()),12435,0,-88.2747752358637,1,-88.40984439433183
dpgan,ProbabilityEstimation(KernelDensity()),12435,1,-88.43190472135923,0,-88.40984439433183
dpgan,ProbabilityEstimation(KernelDensity()),12435,0,-88.30204280362841,1,-88.40984439433183
dpgan,ProbabilityEstimation(KernelDensity()),12435,1,-88.32075616475798,1,-88.40984439433183
dpgan,ProbabilityEstimation(KernelDensity()),12435,0,-88.18323083774047,1,-88.40984439433183
dpgan,ProbabilityEstimation(KernelDensity()),12435,1,-88.47186882028319,0,-88.40984439433183
dpgan,ProbabilityEstimation(KernelDensity()),12435,0,-88.54586218666769,0,-88.40984439433183
dpgan,ProbabilityEstimation(KernelDensity()),12435,1,-87.90370881695414,1,-88.40984439433183
dpgan,ProbabilityEstimation(KernelDensity()),12435,0,-88.7667540002728,0,-88.40984439433183
dpgan,ProbabilityEstimation(KernelDensity()),12435,1,-88.12613864488173,1,-88.40984439433183
dpgan,ProbabilityEstimation(KernelDensity()),12435,0,-88.49423368236718,0,-88.40984439433183
dpgan,ProbabilityEstimation(KernelDensity()),12435,1,-88.282303861072,1,-88.40984439433183
dpgan,ProbabilityEstimation(KernelDensity()),12435,0,-88.11723651447844,1,-88.40984439433183
dpgan,ProbabilityEstimation(KernelDensity()),12435,1,-88.51918267547198,0,-88.40984439433183
dpgan,ProbabilityEstimation(KernelDensity()),12435,0,-88.25952623456446,1,-88.40984439433183
dpgan,ProbabilityEstimation(KernelDensity()),12435,1,-88.12925637076113,1,-88.40984439433183
dpgan,ProbabilityEstimation(KernelDensity()),12435,0,-88.40607184382233,1,-88.40984439433183
dpgan,ProbabilityEstimation(KernelDensity()),12435,1,-88.66001831743964,0,-88.40984439433183
dpgan,ProbabilityEstimation(KernelDensity()),12435,0,-88.67295154381259,0,-88.40984439433183
dpgan,ProbabilityEstimation(KernelDensity()),12435,1,-88.78215276539592,0,-88.40984439433183
dpgan,ProbabilityEstimation(KernelDensity()),12435,0,-88.49790957005004,0,-88.40984439433183
dpgan,ProbabilityEstimation(KernelDensity()),12435,1,-88.46436158236745,0,-88.40984439433183
dpgan,ProbabilityEstimation(KernelDensity()),12435,0,-88.29532254047537,1,-88.40984439433183
dpgan,ProbabilityEstimation(KernelDensity()),12435,1,-88.21324909828188,1,-88.40984439433183
dpgan,ProbabilityEstimation(KernelDensity()),12435,0,-88.71438287845687,0,-88.40984439433183
dpgan,ProbabilityEstimation(KernelDensity()),12435,1,-88.35338547955907,1,-88.40984439433183
dpgan,ProbabilityEstimation(KernelDensity()),12435,0,-88.42702527933562,0,-88.40984439433183
dpgan,ProbabilityEstimation(KernelDensity()),12435,1,-88.27858808204873,1,-88.40984439433183
dpgan,ProbabilityEstimation(KernelDensity()),12435,0,-88.38619565569493,1,-88.40984439433183
dpgan,ProbabilityEstimation(KernelDensity()),12435,1,-88.5670365794892,0,-88.40984439433183
dpgan,ProbabilityEstimation(KernelDensity()),12435,0,-87.96752381952655,1,-88.40984439433183
dpgan,ProbabilityEstimation(KernelDensity()),12435,1,-88.3164170082473,1,-88.40984439433183
dpgan,ProbabilityEstimation(KernelDensity()),12435,0,-88.63648869878328,0,-88.40984439433183
dpgan,ProbabilityEstimation(KernelDensity()),12435,1,-88.14443764540559,1,-88.40984439433183
dpgan,ProbabilityEstimation(KernelDensity()),12435,0,-88.60941018633808,0,-88.40984439433183
dpgan,ProbabilityEstimation(KernelDensity()),12435,1,-88.52420588224962,0,-88.40984439433183
dpgan,ProbabilityEstimation(KernelDensity()),12435,0,-88.35994226089026,1,-88.40984439433183
dpgan,ProbabilityEstimation(KernelDensity()),12435,1,-87.99549217013164,1,-88.40984439433183
dpgan,ProbabilityEstimation(KernelDensity()),12435,0,-88.5670730720631,0,-88.40984439433183
dpgan,ProbabilityEstimation(KernelDensity()),12435,1,-87.9207691030121,1,-88.40984439433183
dpgan,ProbabilityEstimation(KernelDensity()),12435,0,-88.41666912865603,0,-88.40984439433183
dpgan,ProbabilityEstimation(KernelDensity()),12435,1,-88.48861993647114,0,-88.40984439433183
dpgan,ProbabilityEstimation(KernelDensity()),12435,0,-88.66979705522434,0,-88.40984439433183
dpgan,ProbabilityEstimation(KernelDensity()),12435,1,-88.38183028783355,1,-88.40984439433183
dpgan,ProbabilityEstimation(KernelDensity()),12435,0,-88.34409793250191,1,-88.40984439433183
dpgan,ProbabilityEstimation(KernelDensity()),12435,1,-88.47311683938109,0,-88.40984439433183
dpgan,ProbabilityEstimation(KernelDensity()),12435,0,-88.02723202315406,1,-88.40984439433183
dpgan,ProbabilityEstimation(KernelDensity()),12435,1,-88.62525271623342,0,-88.40984439433183
dpgan,ProbabilityEstimation(KernelDensity()),12435,0,-88.52228599766703,0,-88.40984439433183
dpgan,ProbabilityEstimation(KernelDensity()),12435,1,-88.16012345027777,1,-88.40984439433183
dpgan,ProbabilityEstimation(KernelDensity()),12435,0,-88.60426448981448,0,-88.40984439433183
dpgan,ProbabilityEstimation(KernelDensity()),12435,1,-88.20075597630684,1,-88.40984439433183
dpgan,ProbabilityEstimation(KernelDensity()),12435,0,-88.75880060608355,0,-88.40984439433183
dpgan,ProbabilityEstimation(KernelDensity()),12435,1,-88.6243170935702,0,-88.40984439433183
dpgan,ProbabilityEstimation(KernelDensity()),12435,0,-88.13109370977477,1,-88.40984439433183
dpgan,ProbabilityEstimation(KernelDensity()),12435,1,-88.53567051455303,0,-88.40984439433183
dpgan,ProbabilityEstimation(KernelDensity()),12435,0,-88.29848032468996,1,-88.40984439433183
dpgan,ProbabilityEstimation(KernelDensity()),12435,1,-88.53193537831483,0,-88.40984439433183
dpgan,ProbabilityEstimation(KernelDensity()),12435,0,-88.19898890127594,1,-88.40984439433183
dpgan,ProbabilityEstimation(KernelDensity()),12435,1,-88.56657697769745,0,-88.40984439433183
dpgan,ProbabilityEstimation(KernelDensity()),12435,0,-88.76995951627391,0,-88.40984439433183
dpgan,ProbabilityEstimation(KernelDensity()),12435,1,-88.21073258154435,1,-88.40984439433183
dpgan,ProbabilityEstimation(KernelDensity()),12435,0,-88.10897806099126,1,-88.40984439433183
dpgan,ProbabilityEstimation(KernelDensity()),12435,1,-88.54455713849596,0,-88.40984439433183
dpgan,ProbabilityEstimation(KernelDensity()),12435,0,-88.49826397826106,0,-88.40984439433183
dpgan,ProbabilityEstimation(KernelDensity()),12435,1,-88.2162247276986,1,-88.40984439433183
dpgan,ProbabilityEstimation(KernelDensity()),12435,0,-88.43658664785343,0,-88.40984439433183
dpgan,ProbabilityEstimation(KernelDensity()),12435,1,-88.31808845308112,1,-88.40984439433183
dpgan,ProbabilityEstimation(KernelDensity()),12435,0,-88.13204717872927,1,-88.40984439433183
dpgan,ProbabilityEstimation(KernelDensity()),12435,1,-88.24141794919613,1,-88.40984439433183
dpgan,ProbabilityEstimation(KernelDensity()),12435,0,-88.31821044025789,1,-88.40984439433183
dpgan,ProbabilityEstimation(KernelDensity()),12435,1,-88.40651756354681,1,-88.40984439433183
dpgan,ProbabilityEstimation(KernelDensity()),12435,0,-88.53859710494906,0,-88.40984439433183
dpgan,ProbabilityEstimation(KernelDensity()),12435,1,-88.41354087695242,0,-88.40984439433183
dpgan,ProbabilityEstimation(KernelDensity()),12435,0,-88.8906374182672,0,-88.40984439433183
dpgan,ProbabilityEstimation(KernelDensity()),12435,1,-88.48326490439351,0,-88.40984439433183
dpgan,ProbabilityEstimation(KernelDensity()),12435,0,-88.68714962993927,0,-88.40984439433183
dpgan,ProbabilityEstimation(KernelDensity()),12435,1,-88.4100067918692,0,-88.40984439433183
dpgan,ProbabilityEstimation(KernelDensity()),12435,0,-88.51113684049415,0,-88.40984439433183
dpgan,ProbabilityEstimation(KernelDensity()),12435,1,-87.85598881724944,1,-88.40984439433183
dpgan,ProbabilityEstimation(KernelDensity()),12435,0,-88.47704877522891,0,-88.40984439433183
dpgan,ProbabilityEstimation(KernelDensity()),12435,1,-87.8512796583127,1,-88.40984439433183
dpgan,ProbabilityEstimation(KernelDensity()),12435,0,-88.45585355202282,0,-88.40984439433183
dpgan,ProbabilityEstimation(KernelDensity()),12435,1,-88.56187681401175,0,-88.40984439433183
dpgan,ProbabilityEstimation(KernelDensity()),12435,0,-88.40389981400638,1,-88.40984439433183
dpgan,ProbabilityEstimation(KernelDensity()),12435,1,-88.35019759595231,1,-88.40984439433183
dpgan,ProbabilityEstimation(KernelDensity()),12435,0,-88.62211679770544,0,-88.40984439433183
dpgan,ProbabilityEstimation(KernelDensity()),12435,1,-88.04655341128392,1,-88.40984439433183
dpgan,ProbabilityEstimation(KernelDensity()),12435,0,-87.94819685552991,1,-88.40984439433183
dpgan,ProbabilityEstimation(KernelDensity()),12435,1,-88.23090246167148,1,-88.40984439433183
dpgan,ProbabilityEstimation(KernelDensity()),12435,0,-88.12585236477899,1,-88.40984439433183
dpgan,ProbabilityEstimation(KernelDensity()),12435,1,-88.2147081750894,1,-88.40984439433183
dpgan,ProbabilityEstimation(KernelDensity()),12435,0,-88.6452516912718,0,-88.40984439433183
dpgan,ProbabilityEstimation(KernelDensity()),12435,1,-88.74114326226871,0,-88.40984439433183
dpgan,ProbabilityEstimation(KernelDensity()),12435,0,-88.53119740822513,0,-88.40984439433183
dpgan,ProbabilityEstimation(KernelDensity()),12435,1,-88.43445334684193,0,-88.40984439433183
dpgan,ProbabilityEstimation(KernelDensity()),12435,0,-88.16982666092018,1,-88.40984439433183
dpgan,ProbabilityEstimation(KernelDensity()),12435,1,-87.92858908143927,1,-88.40984439433183
dpgan,ProbabilityEstimation(KernelDensity()),12435,0,-88.0735198186553,1,-88.40984439433183
dpgan,ProbabilityEstimation(KernelDensity()),12435,1,-88.21672220542428,1,-88.40984439433183
dpgan,ProbabilityEstimation(KernelDensity()),12435,0,-88.2826474046276,1,-88.40984439433183
dpgan,ProbabilityEstimation(KernelDensity()),12435,1,-88.04267130186726,1,-88.40984439433183
dpgan,ProbabilityEstimation(KernelDensity()),12435,0,-88.2747788413533,1,-88.40984439433183
dpgan,ProbabilityEstimation(KernelDensity()),12435,1,-88.35165690900325,1,-88.40984439433183
dpgan,ProbabilityEstimation(KernelDensity()),12435,0,-88.47317975381418,0,-88.40984439433183
dpgan,ProbabilityEstimation(KernelDensity()),12435,1,-88.51256412506477,0,-88.40984439433183
dpgan,ProbabilityEstimation(KernelDensity()),12435,0,-87.93540475869159,1,-88.40984439433183
dpgan,ProbabilityEstimation(KernelDensity()),12435,1,-87.90522647891808,1,-88.40984439433183
dpgan,ProbabilityEstimation(KernelDensity()),12435,0,-88.19536927382903,1,-88.40984439433183
dpgan,ProbabilityEstimation(KernelDensity()),12435,1,-88.14893130738535,1,-88.40984439433183
dpgan,ProbabilityEstimation(KernelDensity()),12435,0,-87.94632955142913,1,-88.40984439433183
dpgan,ProbabilityEstimation(KernelDensity()),12435,1,-88.75031656837025,0,-88.40984439433183
dpgan,ProbabilityEstimation(KernelDensity()),12435,0,-88.34715594936395,1,-88.40984439433183
dpgan,ProbabilityEstimation(KernelDensity()),12435,1,-88.51312020944428,0,-88.40984439433183
dpgan,ProbabilityEstimation(KernelDensity()),12435,0,-88.3881577779318,1,-88.40984439433183
dpgan,ProbabilityEstimation(KernelDensity()),12435,1,-88.52312776913307,0,-88.40984439433183
dpgan,ProbabilityEstimation(KernelDensity()),12435,0,-87.69056346561055,1,-88.40984439433183
dpgan,ProbabilityEstimation(KernelDensity()),12435,1,-88.50028119287624,0,-88.40984439433183
dpgan,ProbabilityEstimation(KernelDensity()),12435,0,-88.21185629414163,1,-88.40984439433183
dpgan,ProbabilityEstimation(KernelDensity()),12435,1,-88.68335126368726,0,-88.40984439433183
dpgan,ProbabilityEstimation(KernelDensity()),12435,0,-88.20522195256105,1,-88.40984439433183
dpgan,ProbabilityEstimation(KernelDensity()),12435,1,-88.44513207720956,0,-88.40984439433183
dpgan,ProbabilityEstimation(KernelDensity()),12435,0,-88.39717361914188,1,-88.40984439433183
dpgan,ProbabilityEstimation(KernelDensity()),12435,1,-88.45306207595348,0,-88.40984439433183
dpgan,ProbabilityEstimation(KernelDensity()),12435,0,-88.73376136757524,0,-88.40984439433183
dpgan,ProbabilityEstimation(KernelDensity()),12435,1,-88.42362722536559,0,-88.40984439433183
dpgan,ProbabilityEstimation(KernelDensity()),12435,0,-88.43422556542944,0,-88.40984439433183
dpgan,ProbabilityEstimation(KernelDensity()),12435,1,-87.83238116749534,1,-88.40984439433183
dpgan,ProbabilityEstimation(KernelDensity()),12435,0,-88.13072907855334,1,-88.40984439433183
dpgan,ProbabilityEstimation(KernelDensity()),12435,1,-87.97701275584745,1,-88.40984439433183
dpgan,ProbabilityEstimation(KernelDensity()),12435,0,-88.45261431399307,0,-88.40984439433183
dpgan,ProbabilityEstimation(KernelDensity()),12435,1,-88.45972558608437,0,-88.40984439433183
dpgan,ProbabilityEstimation(KernelDensity()),12435,0,-87.68313052119547,1,-88.40984439433183
dpgan,ProbabilityEstimation(KernelDensity()),12435,1,-88.39139212498044,1,-88.40984439433183
dpgan,ProbabilityEstimation(KernelDensity()),12435,0,-88.35188842049575,1,-88.40984439433183
dpgan,ProbabilityEstimation(KernelDensity()),12435,1,-88.21086606049812,1,-88.40984439433183
dpgan,ProbabilityEstimation(KernelDensity()),12435,0,-88.33046812239779,1,-88.40984439433183
dpgan,ProbabilityEstimation(KernelDensity()),12435,1,-88.38544568971423,1,-88.40984439433183
dpgan,ProbabilityEstimation(KernelDensity()),12435,0,-88.5540668047414,0,-88.40984439433183
dpgan,ProbabilityEstimation(KernelDensity()),12435,1,-88.39599367624521,1,-88.40984439433183
dpgan,ProbabilityEstimation(KernelDensity()),12435,0,-88.34784510778027,1,-88.40984439433183
dpgan,ProbabilityEstimation(KernelDensity()),12435,1,-88.41412402661074,0,-88.40984439433183
dpgan,ProbabilityEstimation(KernelDensity()),12435,0,-88.45603567722537,0,-88.40984439433183
dpgan,ProbabilityEstimation(KernelDensity()),12435,1,-88.15617792978658,1,-88.40984439433183
dpgan,ProbabilityEstimation(KernelDensity()),12435,0,-87.96940217036071,1,-88.40984439433183
dpgan,ProbabilityEstimation(KernelDensity()),12435,1,-88.37746498338022,1,-88.40984439433183
dpgan,ProbabilityEstimation(KernelDensity()),12435,0,-88.35704451291741,1,-88.40984439433183
dpgan,ProbabilityEstimation(KernelDensity()),12435,1,-88.53916776304888,0,-88.40984439433183
dpgan,ProbabilityEstimation(KernelDensity()),12435,0,-88.58069772990049,0,-88.40984439433183
dpgan,ProbabilityEstimation(KernelDensity()),12435,1,-88.5854776677521,0,-88.40984439433183
dpgan,ProbabilityEstimation(KernelDensity()),12435,0,-88.44515274649865,0,-88.40984439433183
dpgan,ProbabilityEstimation(KernelDensity()),12435,1,-88.28579903780873,1,-88.40984439433183
dpgan,ProbabilityEstimation(KernelDensity()),12435,0,-88.38973111785289,1,-88.40984439433183
dpgan,ProbabilityEstimation(KernelDensity()),12435,1,-88.00767444807168,1,-88.40984439433183
dpgan,ProbabilityEstimation(KernelDensity()),12435,0,-88.61382174726205,0,-88.40984439433183
dpgan,ProbabilityEstimation(KernelDensity()),12435,1,-88.22478670114813,1,-88.40984439433183
dpgan,ProbabilityEstimation(KernelDensity()),12435,0,-88.21277872823862,1,-88.40984439433183
dpgan,ProbabilityEstimation(KernelDensity()),12435,1,-88.64317791048687,0,-88.40984439433183
dpgan,ProbabilityEstimation(KernelDensity()),12435,0,-88.28637879828632,1,-88.40984439433183
dpgan,ProbabilityEstimation(KernelDensity()),12435,1,-88.61435631310812,0,-88.40984439433183
dpgan,ProbabilityEstimation(KernelDensity()),12435,0,-88.39843921671591,1,-88.40984439433183
dpgan,ProbabilityEstimation(KernelDensity()),12435,1,-88.34962649190881,1,-88.40984439433183
dpgan,ProbabilityEstimation(KernelDensity()),12435,0,-88.29283358693485,1,-88.40984439433183
dpgan,ProbabilityEstimation(KernelDensity()),12435,1,-88.37508797372462,1,-88.40984439433183
dpgan,ProbabilityEstimation(KernelDensity()),12435,0,-88.41629879809217,0,-88.40984439433183
dpgan,ProbabilityEstimation(KernelDensity()),12435,1,-88.62230676695316,0,-88.40984439433183
dpgan,ProbabilityEstimation(KernelDensity()),12435,0,-88.75409810830145,0,-88.40984439433183
dpgan,ProbabilityEstimation(KernelDensity()),12435,1,-88.66892139200061,0,-88.40984439433183
dpgan,ProbabilityEstimation(KernelDensity()),12435,0,-88.17748734348804,1,-88.40984439433183
dpgan,ProbabilityEstimation(KernelDensity()),12435,1,-88.51950908826483,0,-88.40984439433183
dpgan,ProbabilityEstimation(KernelDensity()),12435,0,-88.16182158058768,1,-88.40984439433183
dpgan,ProbabilityEstimation(KernelDensity()),12435,1,-88.2937117221497,1,-88.40984439433183
dpgan,ProbabilityEstimation(KernelDensity()),12435,0,-88.65545699941389,0,-88.40984439433183
dpgan,ProbabilityEstimation(KernelDensity()),12435,1,-88.19224193133905,1,-88.40984439433183
dpgan,ProbabilityEstimation(KernelDensity()),12435,0,-88.47387317469777,0,-88.40984439433183
dpgan,ProbabilityEstimation(KernelDensity()),12435,1,-88.20285948217726,1,-88.40984439433183
dpgan,ProbabilityEstimation(KernelDensity()),12435,0,-88.78855693406604,0,-88.40984439433183
dpgan,ProbabilityEstimation(KernelDensity()),12435,1,-88.14984504851691,1,-88.40984439433183
dpgan,ProbabilityEstimation(KernelDensity()),12435,0,-88.247925591615,1,-88.40984439433183
dpgan,ProbabilityEstimation(KernelDensity()),12435,1,-88.68613695989295,0,-88.40984439433183
dpgan,ProbabilityEstimation(KernelDensity()),12435,0,-88.59227554865451,0,-88.40984439433183
dpgan,ProbabilityEstimation(KernelDensity()),12435,1,-87.90830447768306,1,-88.40984439433183
dpgan,ProbabilityEstimation(KernelDensity()),12435,0,-88.74351541512496,0,-88.40984439433183
dpgan,ProbabilityEstimation(KernelDensity()),12435,1,-88.50854066485566,0,-88.40984439433183
dpgan,ProbabilityEstimation(KernelDensity()),12435,0,-89.03115484414553,0,-88.40984439433183
dpgan,ProbabilityEstimation(KernelDensity()),12435,1,-88.34578463460936,1,-88.40984439433183
dpgan,ProbabilityEstimation(KernelDensity()),12435,0,-88.50077475166529,0,-88.40984439433183
dpgan,ProbabilityEstimation(KernelDensity()),12435,1,-88.64088890574729,0,-88.40984439433183
dpgan,ProbabilityEstimation(KernelDensity()),12435,0,-88.23828647205255,1,-88.40984439433183
dpgan,ProbabilityEstimation(KernelDensity()),12435,1,-88.69953527301068,0,-88.40984439433183
dpgan,ProbabilityEstimation(KernelDensity()),12435,0,-88.23820050469975,1,-88.40984439433183
dpgan,ProbabilityEstimation(KernelDensity()),12435,1,-88.45979665328764,0,-88.40984439433183
dpgan,ProbabilityEstimation(KernelDensity()),12435,0,-88.49856939408049,0,-88.40984439433183
dpgan,ProbabilityEstimation(KernelDensity()),12435,1,-87.93521244901473,1,-88.40984439433183
dpgan,ProbabilityEstimation(KernelDensity()),12435,0,-88.31543722682332,1,-88.40984439433183
dpgan,ProbabilityEstimation(KernelDensity()),12435,1,-88.45139587439655,0,-88.40984439433183
dpgan,ProbabilityEstimation(KernelDensity()),12435,0,-88.27336624276082,1,-88.40984439433183
dpgan,ProbabilityEstimation(KernelDensity()),12435,1,-88.58972183163603,0,-88.40984439433183
dpgan,ProbabilityEstimation(KernelDensity()),12435,0,-88.79885795451237,0,-88.40984439433183
dpgan,ProbabilityEstimation(KernelDensity()),12435,1,-88.26044205634311,1,-88.40984439433183
dpgan,ProbabilityEstimation(KernelDensity()),12435,0,-88.44645658053733,0,-88.40984439433183
dpgan,ProbabilityEstimation(KernelDensity()),12435,1,-88.43908758836491,0,-88.40984439433183
dpgan,ProbabilityEstimation(KernelDensity()),12435,0,-88.37015599768333,1,-88.40984439433183
dpgan,ProbabilityEstimation(KernelDensity()),12435,1,-88.5589545737406,0,-88.40984439433183
dpgan,ProbabilityEstimation(KernelDensity()),12435,0,-88.30507800502065,1,-88.40984439433183
dpgan,ProbabilityEstimation(KernelDensity()),12435,1,-88.51370421419364,0,-88.40984439433183
dpgan,ProbabilityEstimation(KernelDensity()),12435,0,-88.26529325217837,1,-88.40984439433183
dpgan,ProbabilityEstimation(KernelDensity()),12435,1,-88.06098612465917,1,-88.40984439433183
dpgan,ProbabilityEstimation(KernelDensity()),12435,0,-88.20148285844526,1,-88.40984439433183
dpgan,ProbabilityEstimation(KernelDensity()),12435,1,-88.2405897453902,1,-88.40984439433183
dpgan,ProbabilityEstimation(KernelDensity()),12435,0,-88.24960324400276,1,-88.40984439433183
dpgan,ProbabilityEstimation(KernelDensity()),12435,1,-88.38071206001206,1,-88.40984439433183
dpgan,ProbabilityEstimation(KernelDensity()),12435,0,-88.26136591982151,1,-88.40984439433183
dpgan,ProbabilityEstimation(KernelDensity()),12435,1,-88.51317197894656,0,-88.40984439433183
dpgan,ProbabilityEstimation(KernelDensity()),12435,0,-88.5345783569026,0,-88.40984439433183
dpgan,ProbabilityEstimation(KernelDensity()),12435,1,-88.4967148036121,0,-88.40984439433183
dpgan,ProbabilityEstimation(KernelDensity()),12435,0,-88.7718769765217,0,-88.40984439433183
dpgan,ProbabilityEstimation(KernelDensity()),12435,1,-88.26305738524353,1,-88.40984439433183
dpgan,ProbabilityEstimation(KernelDensity()),12435,0,-88.19745982203752,1,-88.40984439433183
dpgan,ProbabilityEstimation(KernelDensity()),12435,1,-88.55044333595956,0,-88.40984439433183
dpgan,ProbabilityEstimation(KernelDensity()),12435,0,-88.22729176840376,1,-88.40984439433183
dpgan,ProbabilityEstimation(KernelDensity()),12435,1,-88.7053895497394,0,-88.40984439433183
dpgan,ProbabilityEstimation(KernelDensity()),12435,0,-88.51619550971986,0,-88.40984439433183
dpgan,ProbabilityEstimation(KernelDensity()),12435,1,-88.00712998171278,1,-88.40984439433183
dpgan,ProbabilityEstimation(KernelDensity()),12435,0,-88.38107738809173,1,-88.40984439433183
dpgan,ProbabilityEstimation(KernelDensity()),12435,1,-87.88666833093377,1,-88.40984439433183
dpgan,ProbabilityEstimation(KernelDensity()),12435,0,-88.6472571954223,0,-88.40984439433183
dpgan,ProbabilityEstimation(KernelDensity()),12435,1,-88.08341919003416,1,-88.40984439433183
dpgan,ProbabilityEstimation(KernelDensity()),12435,0,-88.61630612248878,0,-88.40984439433183
dpgan,ProbabilityEstimation(KernelDensity()),12435,1,-88.38017770119006,1,-88.40984439433183
dpgan,ProbabilityEstimation(KernelDensity()),12435,0,-88.42928316437639,0,-88.40984439433183
dpgan,ProbabilityEstimation(KernelDensity()),12435,1,-88.66099179447968,0,-88.40984439433183
dpgan,ProbabilityEstimation(KernelDensity()),12435,0,-88.21390760136646,1,-88.40984439433183
dpgan,ProbabilityEstimation(KernelDensity()),12435,1,-88.17239474572294,1,-88.40984439433183
dpgan,ProbabilityEstimation(KernelDensity()),12435,0,-89.38286896517903,0,-88.40984439433183
dpgan,ProbabilityEstimation(KernelDensity()),12435,1,-88.28637188800565,1,-88.40984439433183
dpgan,ProbabilityEstimation(KernelDensity()),12435,0,-87.98824597380913,1,-88.40984439433183
dpgan,ProbabilityEstimation(KernelDensity()),12435,1,-88.19764571725992,1,-88.40984439433183
dpgan,ProbabilityEstimation(KernelDensity()),12435,0,-88.41753240941986,0,-88.40984439433183
dpgan,ProbabilityEstimation(KernelDensity()),12435,1,-88.34801545068424,1,-88.40984439433183
dpgan,ProbabilityEstimation(KernelDensity()),12435,0,-88.29304731104237,1,-88.40984439433183
dpgan,ProbabilityEstimation(KernelDensity()),12435,1,-88.09268761014192,1,-88.40984439433183
dpgan,ProbabilityEstimation(KernelDensity()),12435,0,-88.27737874630232,1,-88.40984439433183
dpgan,ProbabilityEstimation(KernelDensity()),12435,1,-88.29718155841466,1,-88.40984439433183
dpgan,ProbabilityEstimation(KernelDensity()),12435,0,-88.1745186441148,1,-88.40984439433183
dpgan,ProbabilityEstimation(KernelDensity()),12435,1,-88.22721530765574,1,-88.40984439433183
dpgan,ProbabilityEstimation(KernelDensity()),12435,0,-88.48254428358953,0,-88.40984439433183
dpgan,ProbabilityEstimation(KernelDensity()),12435,1,-88.38515095276007,1,-88.40984439433183
dpgan,ProbabilityEstimation(KernelDensity()),12435,0,-89.15260148321794,0,-88.40984439433183
dpgan,ProbabilityEstimation(KernelDensity()),12435,1,-88.36446102892363,1,-88.40984439433183
dpgan,ProbabilityEstimation(KernelDensity()),12435,0,-88.2208411255996,1,-88.40984439433183
dpgan,ProbabilityEstimation(KernelDensity()),12435,1,-87.93037516351637,1,-88.40984439433183
dpgan,ProbabilityEstimation(KernelDensity()),12435,0,-88.42353591908821,0,-88.40984439433183
dpgan,ProbabilityEstimation(KernelDensity()),12435,1,-88.35336299202459,1,-88.40984439433183
dpgan,ProbabilityEstimation(KernelDensity()),12435,0,-88.45197629468532,0,-88.40984439433183
dpgan,ProbabilityEstimation(KernelDensity()),12435,1,-88.80295051095933,0,-88.40984439433183
dpgan,ProbabilityEstimation(KernelDensity()),12435,0,-88.45016037602912,0,-88.40984439433183
dpgan,ProbabilityEstimation(KernelDensity()),12435,1,-88.26772728516237,1,-88.40984439433183
dpgan,ProbabilityEstimation(KernelDensity()),12435,0,-88.32036750378867,1,-88.40984439433183
dpgan,ProbabilityEstimation(KernelDensity()),12435,1,-88.49369226468954,0,-88.40984439433183
dpgan,ProbabilityEstimation(KernelDensity()),12435,0,-88.01048187382645,1,-88.40984439433183
dpgan,ProbabilityEstimation(KernelDensity()),12435,1,-88.44557124657997,0,-88.40984439433183
dpgan,ProbabilityEstimation(KernelDensity()),12435,0,-88.4421885775595,0,-88.40984439433183
dpgan,ProbabilityEstimation(KernelDensity()),12435,1,-88.8138173934654,0,-88.40984439433183
dpgan,ProbabilityEstimation(KernelDensity()),12435,0,-88.07732548884444,1,-88.40984439433183
dpgan,ProbabilityEstimation(KernelDensity()),12435,1,-88.20797540184235,1,-88.40984439433183
dpgan,ProbabilityEstimation(KernelDensity()),12435,0,-88.28962554202191,1,-88.40984439433183
dpgan,ProbabilityEstimation(KernelDensity()),12435,1,-88.39411233004778,1,-88.40984439433183
dpgan,ProbabilityEstimation(KernelDensity()),12435,0,-87.91945237985155,1,-88.40984439433183
dpgan,ProbabilityEstimation(KernelDensity()),12435,1,-88.68496588378237,0,-88.40984439433183
dpgan,ProbabilityEstimation(KernelDensity()),12435,0,-88.20071494620272,1,-88.40984439433183
dpgan,ProbabilityEstimation(KernelDensity()),12435,1,-88.10933885689126,1,-88.40984439433183
dpgan,ProbabilityEstimation(KernelDensity()),12435,0,-88.86531801308645,0,-88.40984439433183
dpgan,ProbabilityEstimation(KernelDensity()),12435,1,-88.30408349667871,1,-88.40984439433183
dpgan,ProbabilityEstimation(KernelDensity()),12435,0,-87.86768702369237,1,-88.40984439433183
dpgan,ProbabilityEstimation(KernelDensity()),12435,1,-88.34265950712562,1,-88.40984439433183
dpgan,ProbabilityEstimation(KernelDensity()),12435,0,-88.01064158352898,1,-88.40984439433183
dpgan,ProbabilityEstimation(KernelDensity()),12435,1,-87.95935675315678,1,-88.40984439433183
dpgan,ProbabilityEstimation(KernelDensity()),12435,0,-88.78012177281764,0,-88.40984439433183
dpgan,ProbabilityEstimation(KernelDensity()),12435,1,-88.44095007406733,0,-88.40984439433183
dpgan,ProbabilityEstimation(KernelDensity()),12435,0,-88.81659172297715,0,-88.40984439433183
dpgan,ProbabilityEstimation(KernelDensity()),12435,1,-88.59848819695202,0,-88.40984439433183
dpgan,ProbabilityEstimation(KernelDensity()),12435,0,-88.55796323500425,0,-88.40984439433183
dpgan,ProbabilityEstimation(KernelDensity()),12435,1,-88.32373094747432,1,-88.40984439433183
dpgan,ProbabilityEstimation(KernelDensity()),12435,0,-88.38616546269121,1,-88.40984439433183
dpgan,ProbabilityEstimation(KernelDensity()),12435,1,-88.099676143958,1,-88.40984439433183
dpgan,ProbabilityEstimation(KernelDensity()),12435,0,-88.30816134588784,1,-88.40984439433183
dpgan,ProbabilityEstimation(KernelDensity()),12435,1,-88.393947600481,1,-88.40984439433183
dpgan,ProbabilityEstimation(KernelDensity()),12435,0,-88.5003455036427,0,-88.40984439433183
dpgan,ProbabilityEstimation(KernelDensity()),12435,1,-88.63821939926645,0,-88.40984439433183
dpgan,ProbabilityEstimation(KernelDensity()),12435,0,-88.39939861634548,1,-88.40984439433183
dpgan,ProbabilityEstimation(KernelDensity()),12435,1,-88.18319980077281,1,-88.40984439433183
dpgan,ProbabilityEstimation(KernelDensity()),12435,0,-88.6987460561553,0,-88.40984439433183
dpgan,ProbabilityEstimation(KernelDensity()),12435,1,-88.24841104045016,1,-88.40984439433183
dpgan,ProbabilityEstimation(KernelDensity()),12435,0,-88.1110558871897,1,-88.40984439433183
dpgan,ProbabilityEstimation(KernelDensity()),12435,1,-88.36217880390363,1,-88.40984439433183
dpgan,ProbabilityEstimation(KernelDensity()),12435,0,-88.34957677531175,1,-88.40984439433183
dpgan,ProbabilityEstimation(KernelDensity()),12435,1,-88.27517444604815,1,-88.40984439433183
dpgan,ProbabilityEstimation(KernelDensity()),12435,0,-87.99330602257076,1,-88.40984439433183
dpgan,ProbabilityEstimation(KernelDensity()),12435,1,-88.52279980439512,0,-88.40984439433183
dpgan,ProbabilityEstimation(KernelDensity()),12435,0,-87.90850228715844,1,-88.40984439433183
dpgan,ProbabilityEstimation(KernelDensity()),12435,1,-88.37635346719233,1,-88.40984439433183
dpgan,ProbabilityEstimation(KernelDensity()),12435,0,-88.60789504844088,0,-88.40984439433183
dpgan,ProbabilityEstimation(KernelDensity()),12435,1,-88.12965495609161,1,-88.40984439433183
dpgan,ProbabilityEstimation(KernelDensity()),12435,0,-88.05584979618219,1,-88.40984439433183
dpgan,ProbabilityEstimation(KernelDensity()),12435,1,-87.96027307722237,1,-88.40984439433183
dpgan,ProbabilityEstimation(KernelDensity()),12435,0,-88.12558611530928,1,-88.40984439433183
dpgan,ProbabilityEstimation(KernelDensity()),12435,1,-88.40773602454613,1,-88.40984439433183
dpgan,ProbabilityEstimation(KernelDensity()),12435,0,-88.39979221262884,1,-88.40984439433183
dpgan,ProbabilityEstimation(KernelDensity()),12435,1,-88.12243844746283,1,-88.40984439433183
dpgan,ProbabilityEstimation(KernelDensity()),12435,0,-88.05161587867158,1,-88.40984439433183
dpgan,ProbabilityEstimation(KernelDensity()),12435,1,-88.231146484722,1,-88.40984439433183
dpgan,ProbabilityEstimation(KernelDensity()),12435,0,-88.87417517034014,0,-88.40984439433183
dpgan,ProbabilityEstimation(KernelDensity()),12435,1,-88.39173295867174,1,-88.40984439433183
dpgan,ProbabilityEstimation(KernelDensity()),12435,0,-88.58404408320649,0,-88.40984439433183
dpgan,ProbabilityEstimation(KernelDensity()),12435,1,-88.12512981950952,1,-88.40984439433183
dpgan,ProbabilityEstimation(KernelDensity()),12435,0,-88.41779888433199,0,-88.40984439433183
dpgan,ProbabilityEstimation(KernelDensity()),12435,1,-88.52520544969539,0,-88.40984439433183
dpgan,ProbabilityEstimation(KernelDensity()),12435,0,-88.04908846903322,1,-88.40984439433183
dpgan,ProbabilityEstimation(KernelDensity()),12435,1,-88.73603295782046,0,-88.40984439433183
dpgan,ProbabilityEstimation(KernelDensity()),12435,0,-88.24299131230882,1,-88.40984439433183
dpgan,ProbabilityEstimation(KernelDensity()),12435,1,-88.20990363431324,1,-88.40984439433183
dpgan,ProbabilityEstimation(KernelDensity()),12435,0,-88.45115840098286,0,-88.40984439433183
dpgan,ProbabilityEstimation(KernelDensity()),12435,1,-88.52238073288645,0,-88.40984439433183
dpgan,ProbabilityEstimation(KernelDensity()),12435,0,-88.23814138294732,1,-88.40984439433183
dpgan,ProbabilityEstimation(KernelDensity()),12435,1,-88.5301263655538,0,-88.40984439433183
dpgan,ProbabilityEstimation(KernelDensity()),12435,0,-88.76417575935689,0,-88.40984439433183
dpgan,ProbabilityEstimation(KernelDensity()),12435,1,-88.21623858813801,1,-88.40984439433183
dpgan,ProbabilityEstimation(KernelDensity()),12435,0,-88.34043297599533,1,-88.40984439433183
dpgan,ProbabilityEstimation(KernelDensity()),12435,1,-88.67244247727608,0,-88.40984439433183
dpgan,ProbabilityEstimation(KernelDensity()),12435,0,-88.88176398682874,0,-88.40984439433183
dpgan,ProbabilityEstimation(KernelDensity()),12435,1,-88.18427161320243,1,-88.40984439433183
dpgan,ProbabilityEstimation(KernelDensity()),12435,0,-88.22917338802654,1,-88.40984439433183
dpgan,ProbabilityEstimation(KernelDensity()),12435,1,-88.51628580493848,0,-88.40984439433183
dpgan,ProbabilityEstimation(KernelDensity()),12435,0,-88.27457082631861,1,-88.40984439433183
dpgan,ProbabilityEstimation(KernelDensity()),12435,1,-88.7490791918343,0,-88.40984439433183
dpgan,ProbabilityEstimation(KernelDensity()),12435,0,-87.90359331874832,1,-88.40984439433183
dpgan,ProbabilityEstimation(KernelDensity()),12435,1,-88.41396620542562,0,-88.40984439433183
dpgan,ProbabilityEstimation(KernelDensity()),12435,0,-88.18013695016697,1,-88.40984439433183
dpgan,ProbabilityEstimation(KernelDensity()),12435,1,-88.29988711916772,1,-88.40984439433183
dpgan,ProbabilityEstimation(KernelDensity()),12435,0,-88.08684784194391,1,-88.40984439433183
dpgan,ProbabilityEstimation(KernelDensity()),12435,1,-88.09605958280362,1,-88.40984439433183
dpgan,ProbabilityEstimation(KernelDensity()),12435,0,-88.15345947021243,1,-88.40984439433183
dpgan,ProbabilityEstimation(KernelDensity()),12435,1,-88.2331861453077,1,-88.40984439433183
dpgan,ProbabilityEstimation(KernelDensity()),12435,0,-88.10201799978195,1,-88.40984439433183
dpgan,ProbabilityEstimation(KernelDensity()),12435,1,-88.35783317401301,1,-88.40984439433183
dpgan,ProbabilityEstimation(KernelDensity()),12435,0,-88.73082494398872,0,-88.40984439433183
dpgan,ProbabilityEstimation(KernelDensity()),12435,1,-88.38963820705465,1,-88.40984439433183
dpgan,ProbabilityEstimation(KernelDensity()),12435,0,-88.47019454845152,0,-88.40984439433183
dpgan,ProbabilityEstimation(KernelDensity()),12435,1,-88.67320230329054,0,-88.40984439433183
dpgan,ProbabilityEstimation(KernelDensity()),12435,0,-88.50440703227346,0,-88.40984439433183
dpgan,ProbabilityEstimation(KernelDensity()),12435,1,-88.17763259832088,1,-88.40984439433183
dpgan,ProbabilityEstimation(KernelDensity()),12435,0,-88.66373319525415,0,-88.40984439433183
dpgan,ProbabilityEstimation(KernelDensity()),12435,1,-88.35664307333327,1,-88.40984439433183
dpgan,ProbabilityEstimation(KernelDensity()),12435,0,-88.19550752620734,1,-88.40984439433183
dpgan,ProbabilityEstimation(KernelDensity()),12435,1,-88.1476308171603,1,-88.40984439433183
dpgan,ProbabilityEstimation(KernelDensity()),12435,0,-88.35182869718452,1,-88.40984439433183
dpgan,ProbabilityEstimation(KernelDensity()),12435,1,-88.08176212595176,1,-88.40984439433183
dpgan,ProbabilityEstimation(KernelDensity()),12435,0,-88.53027563231444,0,-88.40984439433183
dpgan,ProbabilityEstimation(KernelDensity()),12435,1,-88.18088522271954,1,-88.40984439433183
dpgan,ProbabilityEstimation(KernelDensity()),12435,0,-88.18407587234375,1,-88.40984439433183
dpgan,ProbabilityEstimation(KernelDensity()),12435,1,-88.33762352017425,1,-88.40984439433183
dpgan,ProbabilityEstimation(KernelDensity()),12435,0,-88.45870137267933,0,-88.40984439433183
dpgan,ProbabilityEstimation(KernelDensity()),12435,1,-88.56666169111159,0,-88.40984439433183
dpgan,ProbabilityEstimation(KernelDensity()),12435,0,-88.33492950784697,1,-88.40984439433183
dpgan,ProbabilityEstimation(KernelDensity()),12435,1,-88.74575003961941,0,-88.40984439433183
dpgan,ProbabilityEstimation(KernelDensity()),12435,0,-88.36043667081117,1,-88.40984439433183
dpgan,ProbabilityEstimation(KernelDensity()),12435,1,-88.20618220431292,1,-88.40984439433183
dpgan,ProbabilityEstimation(KernelDensity()),12435,0,-88.41243958496771,0,-88.40984439433183
dpgan,ProbabilityEstimation(KernelDensity()),12435,1,-88.78127182877836,0,-88.40984439433183
dpgan,ProbabilityEstimation(KernelDensity()),12435,0,-88.86948204350588,0,-88.40984439433183
dpgan,ProbabilityEstimation(KernelDensity()),12435,1,-87.94641385932584,1,-88.40984439433183
dpgan,ProbabilityEstimation(KernelDensity()),12435,0,-88.53211125508946,0,-88.40984439433183
dpgan,ProbabilityEstimation(KernelDensity()),12435,1,-88.79448503229493,0,-88.40984439433183
dpgan,ProbabilityEstimation(KernelDensity()),12435,0,-88.6923129378702,0,-88.40984439433183
dpgan,ProbabilityEstimation(KernelDensity()),12435,1,-88.61075995226696,0,-88.40984439433183
dpgan,ProbabilityEstimation(KernelDensity()),12435,0,-88.49502858286914,0,-88.40984439433183
dpgan,ProbabilityEstimation(KernelDensity()),12435,1,-88.38093312126023,1,-88.40984439433183
dpgan,ProbabilityEstimation(KernelDensity()),12435,0,-88.43429156659262,0,-88.40984439433183
dpgan,ProbabilityEstimation(KernelDensity()),12435,1,-88.63729328472749,0,-88.40984439433183
dpgan,ProbabilityEstimation(KernelDensity()),12435,0,-88.44954108443027,0,-88.40984439433183
dpgan,ProbabilityEstimation(KernelDensity()),12435,1,-88.17798514372407,1,-88.40984439433183
dpgan,ProbabilityEstimation(KernelDensity()),12435,0,-88.63466974367648,0,-88.40984439433183
dpgan,ProbabilityEstimation(KernelDensity()),12435,1,-88.20689647635677,1,-88.40984439433183
dpgan,ProbabilityEstimation(KernelDensity()),12435,0,-88.20822867091117,1,-88.40984439433183
dpgan,ProbabilityEstimation(KernelDensity()),12435,1,-88.92588064219426,0,-88.40984439433183
dpgan,ProbabilityEstimation(KernelDensity()),12435,0,-88.49818434133934,0,-88.40984439433183
dpgan,ProbabilityEstimation(KernelDensity()),12435,1,-88.07894700072727,1,-88.40984439433183
dpgan,ProbabilityEstimation(KernelDensity()),12435,0,-88.74344588602749,0,-88.40984439433183
dpgan,ProbabilityEstimation(KernelDensity()),12435,1,-88.14604956197738,1,-88.40984439433183
dpgan,ProbabilityEstimation(KernelDensity()),12435,0,-88.51543000674508,0,-88.40984439433183
dpgan,ProbabilityEstimation(KernelDensity()),12435,1,-88.34568410827683,1,-88.40984439433183
dpgan,ProbabilityEstimation(KernelDensity()),12435,0,-88.13888435560047,1,-88.40984439433183
dpgan,ProbabilityEstimation(KernelDensity()),12435,1,-88.59713625401459,0,-88.40984439433183
dpgan,ProbabilityEstimation(KernelDensity()),12435,0,-88.1313325320399,1,-88.40984439433183
dpgan,ProbabilityEstimation(KernelDensity()),12435,1,-87.85634733655836,1,-88.40984439433183
dpgan,ProbabilityEstimation(KernelDensity()),12435,0,-88.21856697780275,1,-88.40984439433183
dpgan,ProbabilityEstimation(KernelDensity()),12435,1,-88.56550591408224,0,-88.40984439433183
dpgan,ProbabilityEstimation(KernelDensity()),12435,0,-88.34023861234489,1,-88.40984439433183
dpgan,ProbabilityEstimation(KernelDensity()),12435,1,-88.57371695949104,0,-88.40984439433183
dpgan,ProbabilityEstimation(KernelDensity()),12435,0,-88.55367394532713,0,-88.40984439433183
dpgan,ProbabilityEstimation(KernelDensity()),12435,1,-88.19817310917483,1,-88.40984439433183
dpgan,ProbabilityEstimation(KernelDensity()),12435,0,-88.6555288238583,0,-88.40984439433183
dpgan,ProbabilityEstimation(KernelDensity()),12435,1,-88.19493534992158,1,-88.40984439433183
dpgan,ProbabilityEstimation(KernelDensity()),12435,0,-88.781626421902,0,-88.40984439433183
dpgan,ProbabilityEstimation(KernelDensity()),12435,1,-88.21612858937118,1,-88.40984439433183
dpgan,ProbabilityEstimation(KernelDensity()),12435,0,-88.57803834960676,0,-88.40984439433183
dpgan,ProbabilityEstimation(KernelDensity()),12435,1,-88.29085687715899,1,-88.40984439433183
dpgan,ProbabilityEstimation(KernelDensity()),12435,0,-88.1138785599854,1,-88.40984439433183
dpgan,ProbabilityEstimation(KernelDensity()),12435,1,-88.62489320067077,0,-88.40984439433183
dpgan,ProbabilityEstimation(KernelDensity()),12435,0,-88.49050345450779,0,-88.40984439433183
dpgan,ProbabilityEstimation(KernelDensity()),12435,1,-88.39135888762108,1,-88.40984439433183
dpgan,ProbabilityEstimation(KernelDensity()),12435,0,-87.95354531996885,1,-88.40984439433183
dpgan,ProbabilityEstimation(KernelDensity()),12435,1,-88.52042011792496,0,-88.40984439433183
dpgan,ProbabilityEstimation(KernelDensity()),12435,0,-88.4122162264686,0,-88.40984439433183
dpgan,ProbabilityEstimation(KernelDensity()),12435,1,-88.34550890977711,1,-88.40984439433183
dpgan,ProbabilityEstimation(KernelDensity()),12435,0,-88.17365407680134,1,-88.40984439433183
dpgan,ProbabilityEstimation(KernelDensity()),12435,1,-88.46079350086741,0,-88.40984439433183
dpgan,ProbabilityEstimation(KernelDensity()),12435,0,-88.36180624513881,1,-88.40984439433183
dpgan,ProbabilityEstimation(KernelDensity()),12435,1,-88.4554796547209,0,-88.40984439433183
dpgan,ProbabilityEstimation(KernelDensity()),12435,0,-88.51035217083886,0,-88.40984439433183
dpgan,ProbabilityEstimation(KernelDensity()),12435,1,-87.97261943562525,1,-88.40984439433183
dpgan,ProbabilityEstimation(KernelDensity()),12435,0,-87.95925254972042,1,-88.40984439433183
dpgan,ProbabilityEstimation(KernelDensity()),12435,1,-88.42110362714082,0,-88.40984439433183
dpgan,ProbabilityEstimation(KernelDensity()),12435,0,-88.27120389449394,1,-88.40984439433183
dpgan,ProbabilityEstimation(KernelDensity()),12435,1,-88.417904319061,0,-88.40984439433183
dpgan,ProbabilityEstimation(KernelDensity()),12435,0,-88.19679522509968,1,-88.40984439433183
dpgan,ProbabilityEstimation(KernelDensity()),12435,1,-88.04945776756591,1,-88.40984439433183
dpgan,ProbabilityEstimation(KernelDensity()),12435,0,-88.75401937208943,0,-88.40984439433183
dpgan,ProbabilityEstimation(KernelDensity()),12435,1,-87.97541951873713,1,-88.40984439433183
dpgan,ProbabilityEstimation(KernelDensity()),12435,0,-88.37942252103585,1,-88.40984439433183
dpgan,ProbabilityEstimation(KernelDensity()),12435,1,-88.07463042630206,1,-88.40984439433183
dpgan,ProbabilityEstimation(KernelDensity()),12435,0,-88.08089880122147,1,-88.40984439433183
dpgan,ProbabilityEstimation(KernelDensity()),12435,1,-88.43378430644516,0,-88.40984439433183
dpgan,ProbabilityEstimation(KernelDensity()),12435,0,-88.71822100996766,0,-88.40984439433183
dpgan,ProbabilityEstimation(KernelDensity()),12435,1,-88.23590450883087,1,-88.40984439433183
dpgan,ProbabilityEstimation(KernelDensity()),12435,0,-88.3998097299291,1,-88.40984439433183
dpgan,ProbabilityEstimation(KernelDensity()),12435,1,-88.30488634848564,1,-88.40984439433183
dpgan,ProbabilityEstimation(KernelDensity()),12435,0,-88.7161530034876,0,-88.40984439433183
dpgan,ProbabilityEstimation(KernelDensity()),12435,1,-88.24764939341368,1,-88.40984439433183
dpgan,ProbabilityEstimation(KernelDensity()),12435,0,-88.60330153447362,0,-88.40984439433183
dpgan,ProbabilityEstimation(KernelDensity()),12435,1,-88.38388159414036,1,-88.40984439433183
dpgan,ProbabilityEstimation(KernelDensity()),12435,0,-88.35908349462908,1,-88.40984439433183
dpgan,ProbabilityEstimation(KernelDensity()),12435,1,-88.3258491325611,1,-88.40984439433183
dpgan,ProbabilityEstimation(KernelDensity()),12435,0,-88.617164658,0,-88.40984439433183
dpgan,ProbabilityEstimation(KernelDensity()),12435,1,-88.29620271633871,1,-88.40984439433183
dpgan,ProbabilityEstimation(KernelDensity()),12435,0,-88.44835437173113,0,-88.40984439433183
dpgan,ProbabilityEstimation(KernelDensity()),12435,1,-88.39771661305363,1,-88.40984439433183
dpgan,ProbabilityEstimation(KernelDensity()),12435,0,-88.42136795017247,0,-88.40984439433183
dpgan,ProbabilityEstimation(KernelDensity()),12435,1,-88.51004430019555,0,-88.40984439433183
dpgan,ProbabilityEstimation(KernelDensity()),12435,0,-88.46182155145573,0,-88.40984439433183
dpgan,ProbabilityEstimation(KernelDensity()),12435,1,-89.15149053185964,0,-88.40984439433183
dpgan,ProbabilityEstimation(KernelDensity()),12435,0,-88.25765551258941,1,-88.40984439433183
dpgan,ProbabilityEstimation(KernelDensity()),12435,1,-88.46951009368878,0,-88.40984439433183
dpgan,ProbabilityEstimation(KernelDensity()),12435,0,-88.74183309476008,0,-88.40984439433183
dpgan,ProbabilityEstimation(KernelDensity()),12435,1,-88.19297622832886,1,-88.40984439433183
dpgan,ProbabilityEstimation(KernelDensity()),12435,0,-88.73391718156616,0,-88.40984439433183
dpgan,ProbabilityEstimation(KernelDensity()),12435,1,-88.35128730460353,1,-88.40984439433183
dpgan,ProbabilityEstimation(KernelDensity()),12435,0,-88.32198003302621,1,-88.40984439433183
dpgan,ProbabilityEstimation(KernelDensity()),12435,1,-88.0613298234307,1,-88.40984439433183
dpgan,ProbabilityEstimation(KernelDensity()),12435,0,-87.94042985407715,1,-88.40984439433183
dpgan,ProbabilityEstimation(KernelDensity()),12435,1,-88.14112881961661,1,-88.40984439433183
dpgan,ProbabilityEstimation(KernelDensity()),12435,0,-88.07333550471017,1,-88.40984439433183
dpgan,ProbabilityEstimation(KernelDensity()),12435,1,-87.66334708599086,1,-88.40984439433183
dpgan,ProbabilityEstimation(KernelDensity()),12435,0,-88.53618684293237,0,-88.40984439433183
dpgan,ProbabilityEstimation(KernelDensity()),12435,1,-88.91671413328856,0,-88.40984439433183
dpgan,ProbabilityEstimation(KernelDensity()),12435,0,-88.4291755900724,0,-88.40984439433183
dpgan,ProbabilityEstimation(KernelDensity()),12435,1,-88.41100638224549,0,-88.40984439433183
dpgan,ProbabilityEstimation(KernelDensity()),12435,0,-88.50491339304524,0,-88.40984439433183
dpgan,ProbabilityEstimation(KernelDensity()),12435,1,-88.22507180745497,1,-88.40984439433183
dpgan,ProbabilityEstimation(KernelDensity()),12435,0,-88.23863199925557,1,-88.40984439433183
dpgan,ProbabilityEstimation(KernelDensity()),12435,1,-88.29080887812691,1,-88.40984439433183
dpgan,ProbabilityEstimation(KernelDensity()),12435,0,-88.25411777630217,1,-88.40984439433183
dpgan,ProbabilityEstimation(KernelDensity()),12435,1,-88.05921570832001,1,-88.40984439433183
dpgan,ProbabilityEstimation(KernelDensity()),12435,0,-88.54988475346441,0,-88.40984439433183
dpgan,ProbabilityEstimation(KernelDensity()),12435,1,-87.7430751731586,1,-88.40984439433183
dpgan,ProbabilityEstimation(KernelDensity()),12435,0,-88.07388044717871,1,-88.40984439433183
dpgan,ProbabilityEstimation(KernelDensity()),12435,1,-88.79886510987217,0,-88.40984439433183
dpgan,ProbabilityEstimation(KernelDensity()),12435,0,-88.71834230917032,0,-88.40984439433183
dpgan,ProbabilityEstimation(KernelDensity()),12435,1,-88.21405941195987,1,-88.40984439433183
dpgan,ProbabilityEstimation(KernelDensity()),12435,0,-87.94454700393393,1,-88.40984439433183
dpgan,ProbabilityEstimation(KernelDensity()),12435,1,-88.79609431578722,0,-88.40984439433183
dpgan,ProbabilityEstimation(KernelDensity()),12435,0,-88.29339343173392,1,-88.40984439433183
dpgan,ProbabilityEstimation(KernelDensity()),12435,1,-88.13717448371013,1,-88.40984439433183
dpgan,ProbabilityEstimation(KernelDensity()),12435,0,-88.09673367188225,1,-88.40984439433183
dpgan,ProbabilityEstimation(KernelDensity()),12435,1,-88.49669064891563,0,-88.40984439433183
dpgan,ProbabilityEstimation(KernelDensity()),12435,0,-88.28930091149695,1,-88.40984439433183
dpgan,ProbabilityEstimation(KernelDensity()),12435,1,-88.54417187261156,0,-88.40984439433183
dpgan,ProbabilityEstimation(KernelDensity()),12435,0,-87.91656545582356,1,-88.40984439433183
dpgan,ProbabilityEstimation(KernelDensity()),12435,1,-88.21631883459129,1,-88.40984439433183
dpgan,ProbabilityEstimation(KernelDensity()),12435,0,-88.38651403372795,1,-88.40984439433183
dpgan,ProbabilityEstimation(KernelDensity()),12435,1,-88.52341238099439,0,-88.40984439433183
dpgan,ProbabilityEstimation(KernelDensity()),12435,0,-88.0460692561407,1,-88.40984439433183
dpgan,ProbabilityEstimation(KernelDensity()),12435,1,-88.26462613099714,1,-88.40984439433183
dpgan,ProbabilityEstimation(KernelDensity()),12435,0,-88.52205777297299,0,-88.40984439433183
dpgan,ProbabilityEstimation(KernelDensity()),12435,1,-88.35956055044329,1,-88.40984439433183
dpgan,ProbabilityEstimation(KernelDensity()),12435,0,-88.51309128362965,0,-88.40984439433183
dpgan,ProbabilityEstimation(KernelDensity()),12435,1,-88.4872772586839,0,-88.40984439433183
dpgan,ProbabilityEstimation(KernelDensity()),12435,0,-87.99799256092676,1,-88.40984439433183
dpgan,ProbabilityEstimation(KernelDensity()),12435,1,-88.17729191141228,1,-88.40984439433183
dpgan,ProbabilityEstimation(KernelDensity()),12435,0,-88.92318889305139,0,-88.40984439433183
dpgan,ProbabilityEstimation(KernelDensity()),12435,1,-88.53240994584498,0,-88.40984439433183
dpgan,ProbabilityEstimation(KernelDensity()),12435,0,-88.94861226670383,0,-88.40984439433183
dpgan,ProbabilityEstimation(KernelDensity()),12435,1,-88.09784942295825,1,-88.40984439433183
dpgan,ProbabilityEstimation(KernelDensity()),12435,0,-88.35579554097924,1,-88.40984439433183
dpgan,ProbabilityEstimation(KernelDensity()),12435,1,-88.6355950647354,0,-88.40984439433183
dpgan,ProbabilityEstimation(KernelDensity()),12435,0,-88.63985778462941,0,-88.40984439433183
dpgan,ProbabilityEstimation(KernelDensity()),12435,1,-88.13746737063272,1,-88.40984439433183
dpgan,ProbabilityEstimation(KernelDensity()),12435,0,-88.52239282894261,0,-88.40984439433183
dpgan,ProbabilityEstimation(KernelDensity()),12435,1,-88.26347483760232,1,-88.40984439433183
dpgan,ProbabilityEstimation(KernelDensity()),12435,0,-88.77981977022186,0,-88.40984439433183
dpgan,ProbabilityEstimation(KernelDensity()),12435,1,-88.5610348111752,0,-88.40984439433183
dpgan,ProbabilityEstimation(KernelDensity()),12435,0,-88.66901555922054,0,-88.40984439433183
dpgan,ProbabilityEstimation(KernelDensity()),12435,1,-88.32137746634866,1,-88.40984439433183
dpgan,ProbabilityEstimation(KernelDensity()),12435,0,-88.66336915488095,0,-88.40984439433183
dpgan,ProbabilityEstimation(KernelDensity()),12435,1,-88.38185676377732,1,-88.40984439433183
dpgan,ProbabilityEstimation(KernelDensity()),12435,0,-88.14012331947579,1,-88.40984439433183
dpgan,ProbabilityEstimation(KernelDensity()),12435,1,-88.37036075371512,1,-88.40984439433183
dpgan,ProbabilityEstimation(KernelDensity()),12435,0,-88.2715589845833,1,-88.40984439433183
dpgan,ProbabilityEstimation(KernelDensity()),12435,1,-88.37484138979931,1,-88.40984439433183
dpgan,ProbabilityEstimation(KernelDensity()),12435,0,-88.52037662464448,0,-88.40984439433183
dpgan,ProbabilityEstimation(KernelDensity()),12435,1,-88.63081964860314,0,-88.40984439433183
dpgan,ProbabilityEstimation(KernelDensity()),12435,0,-88.8331335511008,0,-88.40984439433183
dpgan,ProbabilityEstimation(KernelDensity()),12435,1,-88.2238127058414,1,-88.40984439433183
dpgan,ProbabilityEstimation(KernelDensity()),12435,0,-88.40010393035375,1,-88.40984439433183
dpgan,ProbabilityEstimation(KernelDensity()),12435,1,-88.11587644390032,1,-88.40984439433183
dpgan,ProbabilityEstimation(KernelDensity()),12435,0,-88.94681675470515,0,-88.40984439433183
dpgan,ProbabilityEstimation(KernelDensity()),12435,1,-88.30676000164176,1,-88.40984439433183
dpgan,ProbabilityEstimation(KernelDensity()),12435,0,-88.36182146748251,1,-88.40984439433183
dpgan,ProbabilityEstimation(KernelDensity()),12435,1,-88.52195109623594,0,-88.40984439433183
dpgan,ProbabilityEstimation(KernelDensity()),12435,0,-88.45742432930017,0,-88.40984439433183
dpgan,ProbabilityEstimation(KernelDensity()),12435,1,-88.41791827880736,0,-88.40984439433183
dpgan,ProbabilityEstimation(KernelDensity()),12435,0,-88.21296476950407,1,-88.40984439433183
dpgan,ProbabilityEstimation(KernelDensity()),12435,1,-88.12083220766415,1,-88.40984439433183
dpgan,ProbabilityEstimation(KernelDensity()),12435,0,-88.7357277020007,0,-88.40984439433183
dpgan,ProbabilityEstimation(KernelDensity()),12435,1,-88.33069579298218,1,-88.40984439433183
dpgan,ProbabilityEstimation(KernelDensity()),12435,0,-88.33741885975887,1,-88.40984439433183
dpgan,ProbabilityEstimation(KernelDensity()),12435,1,-88.49774856091307,0,-88.40984439433183
dpgan,ProbabilityEstimation(KernelDensity()),12435,0,-88.08649346452353,1,-88.40984439433183
dpgan,ProbabilityEstimation(KernelDensity()),12435,1,-88.50449872382953,0,-88.40984439433183
dpgan,ProbabilityEstimation(KernelDensity()),12435,0,-88.34471929851466,1,-88.40984439433183
dpgan,ProbabilityEstimation(KernelDensity()),12435,1,-88.39751249544462,1,-88.40984439433183
dpgan,ProbabilityEstimation(KernelDensity()),12435,0,-88.44736121061544,0,-88.40984439433183
dpgan,ProbabilityEstimation(KernelDensity()),12435,1,-88.34567639012513,1,-88.40984439433183
dpgan,ProbabilityEstimation(KernelDensity()),12435,0,-88.13785266933236,1,-88.40984439433183
dpgan,ProbabilityEstimation(KernelDensity()),12435,1,-88.14838563461358,1,-88.40984439433183
dpgan,ProbabilityEstimation(KernelDensity()),12435,0,-88.34218662119932,1,-88.40984439433183
dpgan,ProbabilityEstimation(KernelDensity()),12435,1,-87.99427671445426,1,-88.40984439433183
dpgan,ProbabilityEstimation(KernelDensity()),12435,0,-88.03381299940588,1,-88.40984439433183
dpgan,ProbabilityEstimation(KernelDensity()),12435,1,-87.98949988365975,1,-88.40984439433183
dpgan,ProbabilityEstimation(KernelDensity()),12435,0,-88.34829104883579,1,-88.40984439433183
dpgan,ProbabilityEstimation(KernelDensity()),12435,1,-88.75179699711207,0,-88.40984439433183
dpgan,ProbabilityEstimation(KernelDensity()),12435,0,-88.58607276371623,0,-88.40984439433183
dpgan,ProbabilityEstimation(KernelDensity()),12435,1,-88.26892658589298,1,-88.40984439433183
dpgan,ProbabilityEstimation(KernelDensity()),12435,0,-88.15474476457715,1,-88.40984439433183
dpgan,ProbabilityEstimation(KernelDensity()),12435,1,-88.14181320321245,1,-88.40984439433183
dpgan,ProbabilityEstimation(KernelDensity()),12435,0,-88.83331260827738,0,-88.40984439433183
dpgan,ProbabilityEstimation(KernelDensity()),12435,1,-88.36296995626792,1,-88.40984439433183
dpgan,ProbabilityEstimation(KernelDensity()),12435,0,-88.33019783930065,1,-88.40984439433183
dpgan,ProbabilityEstimation(KernelDensity()),12435,1,-88.34664288401976,1,-88.40984439433183
dpgan,ProbabilityEstimation(KernelDensity()),12435,0,-88.2549104599723,1,-88.40984439433183
dpgan,ProbabilityEstimation(KernelDensity()),12435,1,-88.16648108283991,1,-88.40984439433183
dpgan,ProbabilityEstimation(KernelDensity()),12435,0,-88.51584120187891,0,-88.40984439433183
dpgan,ProbabilityEstimation(KernelDensity()),12435,1,-88.28021898196877,1,-88.40984439433183
dpgan,ProbabilityEstimation(KernelDensity()),12435,0,-88.51621867547995,0,-88.40984439433183
dpgan,ProbabilityEstimation(KernelDensity()),12435,1,-88.28863351931041,1,-88.40984439433183
dpgan,ProbabilityEstimation(KernelDensity()),12435,0,-88.5581775266826,0,-88.40984439433183
dpgan,ProbabilityEstimation(KernelDensity()),12435,1,-88.77977622388826,0,-88.40984439433183
dpgan,ProbabilityEstimation(KernelDensity()),12435,0,-88.45956381086157,0,-88.40984439433183
dpgan,ProbabilityEstimation(KernelDensity()),12435,1,-88.20851120865531,1,-88.40984439433183
dpgan,ProbabilityEstimation(KernelDensity()),12435,0,-88.58625781885212,0,-88.40984439433183
dpgan,ProbabilityEstimation(KernelDensity()),12435,1,-88.72975241264459,0,-88.40984439433183
dpgan,ProbabilityEstimation(KernelDensity()),12435,0,-88.65076527668711,0,-88.40984439433183
dpgan,ProbabilityEstimation(KernelDensity()),12435,1,-88.50861531160245,0,-88.40984439433183
dpgan,ProbabilityEstimation(KernelDensity()),12435,0,-88.36378253663484,1,-88.40984439433183
dpgan,ProbabilityEstimation(KernelDensity()),12435,1,-88.27790207362104,1,-88.40984439433183
dpgan,ProbabilityEstimation(KernelDensity()),12435,0,-88.65613730420515,0,-88.40984439433183
dpgan,ProbabilityEstimation(KernelDensity()),12435,1,-88.49024483943211,0,-88.40984439433183
dpgan,ProbabilityEstimation(KernelDensity()),12435,0,-88.93052036846429,0,-88.40984439433183
dpgan,ProbabilityEstimation(KernelDensity()),12435,1,-88.74048984021358,0,-88.40984439433183
dpgan,ProbabilityEstimation(KernelDensity()),12435,0,-88.1466999944244,1,-88.40984439433183
dpgan,ProbabilityEstimation(KernelDensity()),12435,1,-88.4464028991087,0,-88.40984439433183
dpgan,ProbabilityEstimation(KernelDensity()),12435,0,-88.0228985945471,1,-88.40984439433183
dpgan,ProbabilityEstimation(KernelDensity()),12435,1,-88.80971114242061,0,-88.40984439433183
dpgan,ProbabilityEstimation(KernelDensity()),12435,0,-88.32820679862714,1,-88.40984439433183
dpgan,ProbabilityEstimation(KernelDensity()),12435,1,-88.31075017729454,1,-88.40984439433183
dpgan,ProbabilityEstimation(KernelDensity()),12435,0,-87.9331027774331,1,-88.40984439433183
dpgan,ProbabilityEstimation(KernelDensity()),12435,1,-88.67418080862318,0,-88.40984439433183
dpgan,ProbabilityEstimation(KernelDensity()),12435,0,-88.2449644617961,1,-88.40984439433183
dpgan,ProbabilityEstimation(KernelDensity()),12435,1,-88.21939373711736,1,-88.40984439433183
dpgan,ProbabilityEstimation(KernelDensity()),12435,0,-88.36911312810454,1,-88.40984439433183
dpgan,ProbabilityEstimation(KernelDensity()),12435,1,-88.80824513786126,0,-88.40984439433183
dpgan,ProbabilityEstimation(KernelDensity()),12435,0,-88.68882780924812,0,-88.40984439433183
dpgan,ProbabilityEstimation(KernelDensity()),12435,1,-88.16496049291064,1,-88.40984439433183
dpgan,ProbabilityEstimation(KernelDensity()),12435,0,-88.27861226364054,1,-88.40984439433183
dpgan,ProbabilityEstimation(KernelDensity()),12435,1,-88.0810236333791,1,-88.40984439433183
dpgan,ProbabilityEstimation(KernelDensity()),12435,0,-88.66013696837706,0,-88.40984439433183
dpgan,ProbabilityEstimation(KernelDensity()),12435,1,-88.25032841797618,1,-88.40984439433183
dpgan,ProbabilityEstimation(KernelDensity()),12435,0,-88.51056446298487,0,-88.40984439433183
dpgan,ProbabilityEstimation(KernelDensity()),12435,1,-88.367549658905,1,-88.40984439433183
dpgan,ProbabilityEstimation(KernelDensity()),12435,0,-88.01977394464478,1,-88.40984439433183
dpgan,ProbabilityEstimation(KernelDensity()),12435,1,-88.49203123375945,0,-88.40984439433183
dpgan,ProbabilityEstimation(KernelDensity()),12435,0,-88.02942462037278,1,-88.40984439433183
dpgan,ProbabilityEstimation(KernelDensity()),12435,1,-88.3422658389428,1,-88.40984439433183
dpgan,ProbabilityEstimation(KernelDensity()),12435,0,-88.48868331932327,0,-88.40984439433183
dpgan,ProbabilityEstimation(KernelDensity()),12435,1,-88.47639309184153,0,-88.40984439433183
dpgan,ProbabilityEstimation(KernelDensity()),12435,0,-88.5516122407591,0,-88.40984439433183
dpgan,ProbabilityEstimation(KernelDensity()),12435,1,-88.16285112746982,1,-88.40984439433183
dpgan,ProbabilityEstimation(KernelDensity()),12435,0,-88.56580700745921,0,-88.40984439433183
dpgan,ProbabilityEstimation(KernelDensity()),12435,1,-88.52916881180366,0,-88.40984439433183
dpgan,ProbabilityEstimation(KernelDensity()),12435,0,-88.16142212283233,1,-88.40984439433183
dpgan,ProbabilityEstimation(KernelDensity()),12435,1,-88.64055673572874,0,-88.40984439433183
dpgan,ProbabilityEstimation(KernelDensity()),12435,0,-88.42094487597895,0,-88.40984439433183
dpgan,ProbabilityEstimation(KernelDensity()),12435,1,-88.58454382304548,0,-88.40984439433183
dpgan,ProbabilityEstimation(KernelDensity()),12435,0,-88.70470493567161,0,-88.40984439433183
dpgan,ProbabilityEstimation(KernelDensity()),12435,1,-88.18811256499976,1,-88.40984439433183
dpgan,ProbabilityEstimation(KernelDensity()),12435,0,-88.56799655315773,0,-88.40984439433183
dpgan,ProbabilityEstimation(KernelDensity()),12435,1,-88.47781682835287,0,-88.40984439433183
dpgan,ProbabilityEstimation(KernelDensity()),12435,0,-88.50973667805607,0,-88.40984439433183
dpgan,ProbabilityEstimation(KernelDensity()),12435,1,-88.70499399653278,0,-88.40984439433183
dpgan,ProbabilityEstimation(KernelDensity()),12435,0,-88.34978850816059,1,-88.40984439433183
dpgan,ProbabilityEstimation(KernelDensity()),12435,1,-88.05958581142546,1,-88.40984439433183
dpgan,ProbabilityEstimation(KernelDensity()),12435,0,-88.25651000834675,1,-88.40984439433183
dpgan,ProbabilityEstimation(KernelDensity()),12435,1,-88.29247665282466,1,-88.40984439433183
dpgan,ProbabilityEstimation(KernelDensity()),12435,0,-88.39776927169238,1,-88.40984439433183
dpgan,ProbabilityEstimation(KernelDensity()),12435,1,-88.60802388168085,0,-88.40984439433183
dpgan,ProbabilityEstimation(KernelDensity()),12435,0,-88.0719702889725,1,-88.40984439433183
dpgan,ProbabilityEstimation(KernelDensity()),12435,1,-88.38855907805309,1,-88.40984439433183
dpgan,ProbabilityEstimation(KernelDensity()),12435,0,-88.82900485649077,0,-88.40984439433183
dpgan,ProbabilityEstimation(KernelDensity()),12435,1,-87.83816924214068,1,-88.40984439433183
dpgan,ProbabilityEstimation(KernelDensity()),12435,0,-88.10303130192872,1,-88.40984439433183
dpgan,ProbabilityEstimation(KernelDensity()),12435,1,-88.24134056243678,1,-88.40984439433183
dpgan,ProbabilityEstimation(KernelDensity()),12435,0,-88.28530793926798,1,-88.40984439433183
dpgan,ProbabilityEstimation(KernelDensity()),12435,1,-88.10603672960261,1,-88.40984439433183
dpgan,ProbabilityEstimation(KernelDensity()),12435,0,-88.26368211314099,1,-88.40984439433183
dpgan,ProbabilityEstimation(KernelDensity()),12435,1,-88.57154813288066,0,-88.40984439433183
dpgan,ProbabilityEstimation(KernelDensity()),12435,0,-88.63889962815428,0,-88.40984439433183
dpgan,ProbabilityEstimation(KernelDensity()),12435,1,-88.87175720740552,0,-88.40984439433183
dpgan,ProbabilityEstimation(KernelDensity()),12435,0,-88.56823931000515,0,-88.40984439433183
dpgan,ProbabilityEstimation(KernelDensity()),12435,1,-88.67384022137034,0,-88.40984439433183
dpgan,ProbabilityEstimation(KernelDensity()),12435,0,-88.04461823407611,1,-88.40984439433183
dpgan,ProbabilityEstimation(KernelDensity()),12435,1,-88.00062365589403,1,-88.40984439433183
dpgan,ProbabilityEstimation(KernelDensity()),12435,0,-88.35010501154542,1,-88.40984439433183
dpgan,ProbabilityEstimation(KernelDensity()),12435,1,-88.5619252322071,0,-88.40984439433183
dpgan,ProbabilityEstimation(KernelDensity()),12435,0,-87.94424036465745,1,-88.40984439433183
dpgan,ProbabilityEstimation(KernelDensity()),12435,1,-88.63719225088163,0,-88.40984439433183
dpgan,ProbabilityEstimation(KernelDensity()),12435,0,-88.20542461172872,1,-88.40984439433183
dpgan,ProbabilityEstimation(KernelDensity()),12435,1,-88.70754196531358,0,-88.40984439433183
dpgan,ProbabilityEstimation(KernelDensity()),12435,0,-88.57571929039489,0,-88.40984439433183
dpgan,ProbabilityEstimation(KernelDensity()),12435,1,-88.38794811170577,1,-88.40984439433183
dpgan,ProbabilityEstimation(KernelDensity()),12435,0,-88.08894425301816,1,-88.40984439433183
dpgan,ProbabilityEstimation(KernelDensity()),12435,1,-88.91778855917951,0,-88.40984439433183
dpgan,ProbabilityEstimation(KernelDensity()),12435,0,-88.30278016660031,1,-88.40984439433183
dpgan,ProbabilityEstimation(KernelDensity()),12435,1,-88.50258066659518,0,-88.40984439433183
dpgan,ProbabilityEstimation(KernelDensity()),12435,0,-88.42730025277132,0,-88.40984439433183
dpgan,ProbabilityEstimation(KernelDensity()),12435,1,-88.70822573238065,0,-88.40984439433183
dpgan,ProbabilityEstimation(KernelDensity()),12435,0,-88.54823029738006,0,-88.40984439433183
dpgan,ProbabilityEstimation(KernelDensity()),12435,1,-88.46308310055409,0,-88.40984439433183
dpgan,ProbabilityEstimation(KernelDensity()),12435,0,-88.58527834516904,0,-88.40984439433183
dpgan,ProbabilityEstimation(KernelDensity()),12435,1,-88.16614715609042,1,-88.40984439433183
dpgan,ProbabilityEstimation(KernelDensity()),12435,0,-88.97159801504729,0,-88.40984439433183
dpgan,ProbabilityEstimation(KernelDensity()),12435,1,-88.74280168374135,0,-88.40984439433183
dpgan,ProbabilityEstimation(KernelDensity()),12435,0,-88.6263043326372,0,-88.40984439433183
dpgan,ProbabilityEstimation(KernelDensity()),12435,1,-88.56713832314168,0,-88.40984439433183
dpgan,ProbabilityEstimation(KernelDensity()),12435,0,-88.54351610595275,0,-88.40984439433183
dpgan,ProbabilityEstimation(KernelDensity()),12435,1,-88.5052059153633,0,-88.40984439433183
dpgan,ProbabilityEstimation(KernelDensity()),12435,0,-88.55761030058248,0,-88.40984439433183
dpgan,ProbabilityEstimation(KernelDensity()),12435,1,-88.36407059180853,1,-88.40984439433183
dpgan,ProbabilityEstimation(KernelDensity()),12435,0,-88.3223720731145,1,-88.40984439433183
dpgan,ProbabilityEstimation(KernelDensity()),12435,1,-88.50530848182856,0,-88.40984439433183
dpgan,ProbabilityEstimation(KernelDensity()),12435,0,-88.52080188785426,0,-88.40984439433183
dpgan,ProbabilityEstimation(KernelDensity()),12435,1,-88.00356930511495,1,-88.40984439433183
dpgan,ProbabilityEstimation(KernelDensity()),12435,0,-88.79338156858921,0,-88.40984439433183
dpgan,ProbabilityEstimation(KernelDensity()),12435,1,-88.39280525220518,1,-88.40984439433183
dpgan,ProbabilityEstimation(KernelDensity()),12435,0,-88.08590804042302,1,-88.40984439433183
dpgan,ProbabilityEstimation(KernelDensity()),12435,1,-88.53621780761729,0,-88.40984439433183
dpgan,ProbabilityEstimation(KernelDensity()),12435,0,-87.91907399941691,1,-88.40984439433183
dpgan,ProbabilityEstimation(KernelDensity()),12435,1,-88.3085700764359,1,-88.40984439433183
dpgan,ProbabilityEstimation(KernelDensity()),12435,0,-88.16475026788702,1,-88.40984439433183
dpgan,ProbabilityEstimation(KernelDensity()),12435,1,-88.47635143065118,0,-88.40984439433183
dpgan,ProbabilityEstimation(KernelDensity()),12435,0,-88.48258977506848,0,-88.40984439433183
dpgan,ProbabilityEstimation(KernelDensity()),12435,1,-88.06052369625806,1,-88.40984439433183
dpgan,ProbabilityEstimation(KernelDensity()),12435,0,-88.04559009719316,1,-88.40984439433183
dpgan,ProbabilityEstimation(KernelDensity()),12435,1,-88.21591040236272,1,-88.40984439433183
dpgan,ProbabilityEstimation(KernelDensity()),12435,0,-88.84083385717955,0,-88.40984439433183
dpgan,ProbabilityEstimation(KernelDensity()),12435,1,-88.35057107991871,1,-88.40984439433183
dpgan,ProbabilityEstimation(KernelDensity()),12435,0,-88.53312624481785,0,-88.40984439433183
dpgan,ProbabilityEstimation(KernelDensity()),12435,1,-88.54577314927721,0,-88.40984439433183
dpgan,ProbabilityEstimation(KernelDensity()),12435,0,-88.22106772940644,1,-88.40984439433183
dpgan,ProbabilityEstimation(KernelDensity()),12435,1,-88.46872722204137,0,-88.40984439433183
dpgan,ProbabilityEstimation(KernelDensity()),12435,0,-88.29756183869539,1,-88.40984439433183
dpgan,ProbabilityEstimation(KernelDensity()),12435,1,-88.18204917172368,1,-88.40984439433183
dpgan,ProbabilityEstimation(KernelDensity()),12435,0,-88.54188581249296,0,-88.40984439433183
dpgan,ProbabilityEstimation(KernelDensity()),12435,1,-88.66003930121923,0,-88.40984439433183
dpgan,ProbabilityEstimation(KernelDensity()),12435,0,-88.42962205672463,0,-88.40984439433183
dpgan,ProbabilityEstimation(KernelDensity()),12435,1,-88.48985214519747,0,-88.40984439433183
dpgan,ProbabilityEstimation(KernelDensity()),12435,0,-88.43622975357594,0,-88.40984439433183
dpgan,ProbabilityEstimation(KernelDensity()),12435,1,-88.68523966721051,0,-88.40984439433183
dpgan,ProbabilityEstimation(KernelDensity()),12435,0,-88.53577490043389,0,-88.40984439433183
dpgan,ProbabilityEstimation(KernelDensity()),12435,1,-88.75069045096232,0,-88.40984439433183
dpgan,ProbabilityEstimation(KernelDensity()),12435,0,-88.41920204380033,0,-88.40984439433183
dpgan,ProbabilityEstimation(KernelDensity()),12435,1,-88.5986540985042,0,-88.40984439433183
dpgan,ProbabilityEstimation(KernelDensity()),12435,0,-88.76175095128964,0,-88.40984439433183
dpgan,ProbabilityEstimation(KernelDensity()),12435,1,-88.49544217372372,0,-88.40984439433183
dpgan,ProbabilityEstimation(KernelDensity()),12435,0,-88.3628479242596,1,-88.40984439433183
dpgan,ProbabilityEstimation(KernelDensity()),12435,1,-88.59071672811741,0,-88.40984439433183
dpgan,ProbabilityEstimation(KernelDensity()),12435,0,-88.56262427284982,0,-88.40984439433183
dpgan,ProbabilityEstimation(KernelDensity()),12435,1,-88.08049794373495,1,-88.40984439433183
dpgan,ProbabilityEstimation(KernelDensity()),12435,0,-88.5227970062613,0,-88.40984439433183
dpgan,ProbabilityEstimation(KernelDensity()),12435,1,-88.30429502200047,1,-88.40984439433183
dpgan,ProbabilityEstimation(KernelDensity()),12435,0,-88.84259386462222,0,-88.40984439433183
dpgan,ProbabilityEstimation(KernelDensity()),12435,1,-88.17802551256013,1,-88.40984439433183
dpgan,ProbabilityEstimation(KernelDensity()),12435,0,-88.79329642776331,0,-88.40984439433183
dpgan,ProbabilityEstimation(KernelDensity()),12435,1,-88.60093770814078,0,-88.40984439433183
dpgan,ProbabilityEstimation(KernelDensity()),12435,0,-87.84475017121302,1,-88.40984439433183
dpgan,ProbabilityEstimation(KernelDensity()),12435,1,-88.56277784743911,0,-88.40984439433183
dpgan,ProbabilityEstimation(KernelDensity()),12435,0,-88.45122961252306,0,-88.40984439433183
dpgan,ProbabilityEstimation(KernelDensity()),12435,1,-88.13992134861995,1,-88.40984439433183
dpgan,ProbabilityEstimation(KernelDensity()),12435,0,-88.6137095114438,0,-88.40984439433183
dpgan,ProbabilityEstimation(KernelDensity()),12435,1,-88.64634480676986,0,-88.40984439433183
dpgan,ProbabilityEstimation(KernelDensity()),12435,0,-88.27192190983003,1,-88.40984439433183
dpgan,ProbabilityEstimation(KernelDensity()),12435,1,-88.17043005834437,1,-88.40984439433183
dpgan,ProbabilityEstimation(KernelDensity()),12435,0,-89.02161475910461,0,-88.40984439433183
dpgan,ProbabilityEstimation(KernelDensity()),12435,1,-88.2937296988593,1,-88.40984439433183
dpgan,ProbabilityEstimation(KernelDensity()),12435,0,-88.11026321562501,1,-88.40984439433183
dpgan,ProbabilityEstimation(KernelDensity()),12435,1,-88.06309478124639,1,-88.40984439433183
dpgan,ProbabilityEstimation(KernelDensity()),12435,0,-88.42379754155205,0,-88.40984439433183
dpgan,ProbabilityEstimation(KernelDensity()),12435,1,-88.71699181982876,0,-88.40984439433183
dpgan,ProbabilityEstimation(KernelDensity()),12435,0,-88.49727698586591,0,-88.40984439433183
dpgan,ProbabilityEstimation(KernelDensity()),12435,1,-88.23069950929482,1,-88.40984439433183
dpgan,ProbabilityEstimation(KernelDensity()),12435,0,-88.18693664732513,1,-88.40984439433183
dpgan,ProbabilityEstimation(KernelDensity()),12435,1,-88.35247020716106,1,-88.40984439433183
dpgan,ProbabilityEstimation(KernelDensity()),12435,0,-88.5175636335858,0,-88.40984439433183
dpgan,ProbabilityEstimation(KernelDensity()),12435,1,-88.42821566426566,0,-88.40984439433183
dpgan,ProbabilityEstimation(KernelDensity()),12435,0,-88.27399724624773,1,-88.40984439433183
dpgan,ProbabilityEstimation(KernelDensity()),12435,1,-88.14032682046091,1,-88.40984439433183
dpgan,ProbabilityEstimation(KernelDensity()),12435,0,-88.5358487924118,0,-88.40984439433183
dpgan,ProbabilityEstimation(KernelDensity()),12435,1,-88.35166490259678,1,-88.40984439433183
dpgan,ProbabilityEstimation(KernelDensity()),12435,0,-88.25944724638256,1,-88.40984439433183
dpgan,ProbabilityEstimation(KernelDensity()),12435,1,-88.46776176674437,0,-88.40984439433183
dpgan,ProbabilityEstimation(KernelDensity()),12435,0,-88.29893244188052,1,-88.40984439433183
dpgan,ProbabilityEstimation(KernelDensity()),12435,1,-87.9983390907085,1,-88.40984439433183
dpgan,ProbabilityEstimation(KernelDensity()),12435,0,-88.01316982136454,1,-88.40984439433183
dpgan,ProbabilityEstimation(KernelDensity()),12435,1,-88.26240524802472,1,-88.40984439433183
dpgan,ProbabilityEstimation(KernelDensity()),12435,0,-88.92845074850874,0,-88.40984439433183
dpgan,ProbabilityEstimation(KernelDensity()),12435,1,-87.96884512510337,1,-88.40984439433183
dpgan,ProbabilityEstimation(KernelDensity()),12435,0,-88.54473235801574,0,-88.40984439433183
dpgan,ProbabilityEstimation(KernelDensity()),12435,1,-87.9503735911784,1,-88.40984439433183
dpgan,ProbabilityEstimation(KernelDensity()),12435,0,-88.67943781139276,0,-88.40984439433183
dpgan,ProbabilityEstimation(KernelDensity()),12435,1,-88.77859705412297,0,-88.40984439433183
dpgan,ProbabilityEstimation(KernelDensity()),12435,0,-87.85533831434519,1,-88.40984439433183
dpgan,ProbabilityEstimation(KernelDensity()),12435,1,-88.34630946147712,1,-88.40984439433183
dpgan,ProbabilityEstimation(KernelDensity()),12435,0,-88.426474780415,0,-88.40984439433183
dpgan,ProbabilityEstimation(KernelDensity()),12435,1,-88.5506248952139,0,-88.40984439433183
dpgan,ProbabilityEstimation(KernelDensity()),12435,0,-87.94608644989752,1,-88.40984439433183
dpgan,ProbabilityEstimation(KernelDensity()),12435,1,-88.21893390581891,1,-88.40984439433183
dpgan,ProbabilityEstimation(KernelDensity()),12435,0,-87.9666035924612,1,-88.40984439433183
dpgan,ProbabilityEstimation(KernelDensity()),12435,1,-88.65993182455396,0,-88.40984439433183
dpgan,ProbabilityEstimation(KernelDensity()),12435,0,-88.87027368528582,0,-88.40984439433183
dpgan,ProbabilityEstimation(KernelDensity()),12435,1,-88.07392736152327,1,-88.40984439433183
dpgan,ProbabilityEstimation(KernelDensity()),12435,0,-88.35079341146117,1,-88.40984439433183
dpgan,ProbabilityEstimation(KernelDensity()),12435,1,-88.89598729915222,0,-88.40984439433183
dpgan,ProbabilityEstimation(KernelDensity()),12435,0,-87.86972985035675,1,-88.40984439433183
dpgan,ProbabilityEstimation(KernelDensity()),12435,1,-88.32562849875985,1,-88.40984439433183
dpgan,ProbabilityEstimation(KernelDensity()),12435,0,-88.51901633771749,0,-88.40984439433183
dpgan,ProbabilityEstimation(KernelDensity()),12435,1,-88.65284980170848,0,-88.40984439433183
dpgan,ProbabilityEstimation(KernelDensity()),12435,0,-88.20115964677615,1,-88.40984439433183
dpgan,ProbabilityEstimation(KernelDensity()),12435,1,-88.28306131522163,1,-88.40984439433183
dpgan,ProbabilityEstimation(KernelDensity()),12435,0,-88.71565591200562,0,-88.40984439433183
dpgan,ProbabilityEstimation(KernelDensity()),12435,1,-88.37026518193062,1,-88.40984439433183
dpgan,ProbabilityEstimation(KernelDensity()),12435,0,-88.09506750524723,1,-88.40984439433183
dpgan,ProbabilityEstimation(KernelDensity()),12435,1,-88.41192365460138,0,-88.40984439433183
dpgan,ProbabilityEstimation(KernelDensity()),12435,0,-88.26568746007865,1,-88.40984439433183
dpgan,ProbabilityEstimation(KernelDensity()),12435,1,-88.37653279112656,1,-88.40984439433183
dpgan,ProbabilityEstimation(KernelDensity()),12435,0,-88.28752190356055,1,-88.40984439433183
dpgan,ProbabilityEstimation(KernelDensity()),12435,1,-88.75243413127822,0,-88.40984439433183
dpgan,ProbabilityEstimation(KernelDensity()),12435,0,-88.35283581664396,1,-88.40984439433183
dpgan,ProbabilityEstimation(KernelDensity()),12435,1,-88.341183711008,1,-88.40984439433183
dpgan,ProbabilityEstimation(KernelDensity()),12435,0,-88.61874375365085,0,-88.40984439433183
dpgan,ProbabilityEstimation(KernelDensity()),12435,1,-88.8505233033877,0,-88.40984439433183
dpgan,ProbabilityEstimation(KernelDensity()),12435,0,-88.25411339050645,1,-88.40984439433183
dpgan,ProbabilityEstimation(KernelDensity()),12435,1,-88.40336676773104,1,-88.40984439433183
dpgan,ProbabilityEstimation(KernelDensity()),12435,0,-88.5537281668773,0,-88.40984439433183
dpgan,ProbabilityEstimation(KernelDensity()),12435,1,-88.30112211171382,1,-88.40984439433183
dpgan,ProbabilityEstimation(KernelDensity()),12435,0,-88.72643615543754,0,-88.40984439433183
dpgan,ProbabilityEstimation(KernelDensity()),12435,1,-89.06429020646303,0,-88.40984439433183
dpgan,ProbabilityEstimation(KernelDensity()),12435,0,-88.2102644604037,1,-88.40984439433183
dpgan,ProbabilityEstimation(KernelDensity()),12435,1,-88.81310095528576,0,-88.40984439433183
dpgan,ProbabilityEstimation(KernelDensity()),12435,0,-88.61187112286366,0,-88.40984439433183
dpgan,ProbabilityEstimation(KernelDensity()),12435,1,-88.53393759544089,0,-88.40984439433183
dpgan,ProbabilityEstimation(KernelDensity()),12435,0,-88.41698398981163,0,-88.40984439433183
dpgan,ProbabilityEstimation(KernelDensity()),12435,1,-88.76496214878657,0,-88.40984439433183
dpgan,ProbabilityEstimation(KernelDensity()),12435,0,-88.30628831718522,1,-88.40984439433183
dpgan,ProbabilityEstimation(KernelDensity()),12435,1,-88.21042660826022,1,-88.40984439433183
dpgan,ProbabilityEstimation(KernelDensity()),12435,0,-88.40744857185956,1,-88.40984439433183
dpgan,ProbabilityEstimation(KernelDensity()),12435,1,-88.2538082980973,1,-88.40984439433183
dpgan,ProbabilityEstimation(KernelDensity()),12435,0,-88.34217893793833,1,-88.40984439433183
dpgan,ProbabilityEstimation(KernelDensity()),12435,1,-88.22133553146602,1,-88.40984439433183
dpgan,ProbabilityEstimation(KernelDensity()),12435,0,-88.25600953963627,1,-88.40984439433183
dpgan,ProbabilityEstimation(KernelDensity()),12435,1,-88.10094940050143,1,-88.40984439433183
dpgan,ProbabilityEstimation(KernelDensity()),12435,0,-88.76892873337559,0,-88.40984439433183
dpgan,ProbabilityEstimation(KernelDensity()),12435,1,-88.17019964046304,1,-88.40984439433183
dpgan,ProbabilityEstimation(KernelDensity()),12435,0,-88.32609015285415,1,-88.40984439433183
dpgan,ProbabilityEstimation(KernelDensity()),12435,1,-88.30542228610246,1,-88.40984439433183
dpgan,ProbabilityEstimation(KernelDensity()),12435,0,-88.90310881549095,0,-88.40984439433183
dpgan,ProbabilityEstimation(KernelDensity()),12435,1,-88.50080909396004,0,-88.40984439433183
dpgan,ProbabilityEstimation(KernelDensity()),12435,0,-88.565918317733,0,-88.40984439433183
dpgan,ProbabilityEstimation(KernelDensity()),12435,1,-88.5818103052236,0,-88.40984439433183
dpgan,ProbabilityEstimation(KernelDensity()),12435,0,-88.11280784202161,1,-88.40984439433183
dpgan,ProbabilityEstimation(KernelDensity()),12435,1,-87.9598914157225,1,-88.40984439433183
dpgan,ProbabilityEstimation(KernelDensity()),12435,0,-88.02649606106897,1,-88.40984439433183
dpgan,ProbabilityEstimation(KernelDensity()),12435,1,-88.7411414203604,0,-88.40984439433183
dpgan,ProbabilityEstimation(KernelDensity()),12435,0,-88.66938403795398,0,-88.40984439433183
dpgan,ProbabilityEstimation(KernelDensity()),12435,1,-88.23339970639968,1,-88.40984439433183
dpgan,ProbabilityEstimation(KernelDensity()),12435,0,-88.84452032462897,0,-88.40984439433183
dpgan,ProbabilityEstimation(KernelDensity()),12435,1,-88.36214636843034,1,-88.40984439433183
dpgan,ProbabilityEstimation(KernelDensity()),12435,0,-87.9851291049491,1,-88.40984439433183
dpgan,ProbabilityEstimation(KernelDensity()),12435,1,-88.18064526486003,1,-88.40984439433183
dpgan,ProbabilityEstimation(KernelDensity()),12435,0,-88.57624024715037,0,-88.40984439433183
dpgan,ProbabilityEstimation(KernelDensity()),12435,1,-88.60034797373457,0,-88.40984439433183
dpgan,ProbabilityEstimation(KernelDensity()),12435,0,-88.52936047948916,0,-88.40984439433183
dpgan,ProbabilityEstimation(KernelDensity()),12435,1,-88.13485677537525,1,-88.40984439433183
dpgan,ProbabilityEstimation(KernelDensity()),12435,0,-88.33248768775171,1,-88.40984439433183
dpgan,ProbabilityEstimation(KernelDensity()),12435,1,-88.56553017586896,0,-88.40984439433183
dpgan,ProbabilityEstimation(KernelDensity()),12435,0,-88.65568526442638,0,-88.40984439433183
dpgan,ProbabilityEstimation(KernelDensity()),12435,1,-88.53184056163056,0,-88.40984439433183
dpgan,ProbabilityEstimation(KernelDensity()),12435,0,-88.46101659524143,0,-88.40984439433183
dpgan,ProbabilityEstimation(KernelDensity()),12435,1,-88.35322530406904,1,-88.40984439433183
dpgan,ProbabilityEstimation(KernelDensity()),12435,0,-88.78401347139422,0,-88.40984439433183
dpgan,ProbabilityEstimation(KernelDensity()),12435,1,-87.99159211567398,1,-88.40984439433183
dpgan,ProbabilityEstimation(KernelDensity()),12435,0,-88.01988230063733,1,-88.40984439433183
dpgan,ProbabilityEstimation(KernelDensity()),12435,1,-88.33861097241008,1,-88.40984439433183
dpgan,ProbabilityEstimation(KernelDensity()),12435,0,-88.20331449460943,1,-88.40984439433183
dpgan,ProbabilityEstimation(KernelDensity()),12435,1,-88.84423208791557,0,-88.40984439433183
dpgan,ProbabilityEstimation(KernelDensity()),12435,0,-88.46609188595606,0,-88.40984439433183
dpgan,ProbabilityEstimation(KernelDensity()),12435,1,-88.68644196991985,0,-88.40984439433183
dpgan,ProbabilityEstimation(KernelDensity()),12435,0,-88.39761118129096,1,-88.40984439433183
dpgan,ProbabilityEstimation(KernelDensity()),12435,1,-88.14347719168846,1,-88.40984439433183
dpgan,ProbabilityEstimation(KernelDensity()),12435,0,-88.42173224315717,0,-88.40984439433183
dpgan,ProbabilityEstimation(KernelDensity()),12435,1,-88.71553786761632,0,-88.40984439433183
dpgan,ProbabilityEstimation(KernelDensity()),12435,0,-88.6611708292408,0,-88.40984439433183
dpgan,ProbabilityEstimation(KernelDensity()),12435,1,-88.12406010024823,1,-88.40984439433183
dpgan,ProbabilityEstimation(KernelDensity()),12435,0,-88.5138130373243,0,-88.40984439433183
dpgan,ProbabilityEstimation(KernelDensity()),12435,1,-88.5285567597777,0,-88.40984439433183
dpgan,ProbabilityEstimation(KernelDensity()),12435,0,-87.88206265336717,1,-88.40984439433183
dpgan,ProbabilityEstimation(KernelDensity()),12435,1,-88.31146671649604,1,-88.40984439433183
dpgan,ProbabilityEstimation(KernelDensity()),12435,0,-88.22850008633675,1,-88.40984439433183
dpgan,ProbabilityEstimation(KernelDensity()),12435,1,-88.2227291502194,1,-88.40984439433183
dpgan,ProbabilityEstimation(KernelDensity()),12435,0,-88.55789150312552,0,-88.40984439433183
dpgan,ProbabilityEstimation(KernelDensity()),12435,1,-88.40575689485298,1,-88.40984439433183
dpgan,ProbabilityEstimation(KernelDensity()),12435,0,-88.09559869778049,1,-88.40984439433183
dpgan,ProbabilityEstimation(KernelDensity()),12435,1,-88.45037140423908,0,-88.40984439433183
dpgan,ProbabilityEstimation(KernelDensity()),12435,0,-88.2001159857859,1,-88.40984439433183
dpgan,ProbabilityEstimation(KernelDensity()),12435,1,-88.28347751005208,1,-88.40984439433183
dpgan,ProbabilityEstimation(KernelDensity()),12435,0,-88.0846970167047,1,-88.40984439433183
dpgan,ProbabilityEstimation(KernelDensity()),12435,1,-88.39481925302947,1,-88.40984439433183
dpgan,ProbabilityEstimation(KernelDensity()),12435,0,-88.16533167135384,1,-88.40984439433183
dpgan,ProbabilityEstimation(KernelDensity()),12435,1,-88.15848982214936,1,-88.40984439433183
dpgan,ProbabilityEstimation(KernelDensity()),12435,0,-88.01959683449788,1,-88.40984439433183
dpgan,ProbabilityEstimation(KernelDensity()),12435,1,-88.55198233661783,0,-88.40984439433183
dpgan,ProbabilityEstimation(KernelDensity()),12435,0,-88.36719160893887,1,-88.40984439433183
dpgan,ProbabilityEstimation(KernelDensity()),12435,1,-88.26375311249444,1,-88.40984439433183
dpgan,ProbabilityEstimation(KernelDensity()),12435,0,-88.1462153415068,1,-88.40984439433183
dpgan,ProbabilityEstimation(KernelDensity()),12435,1,-88.40280573232212,1,-88.40984439433183
dpgan,ProbabilityEstimation(KernelDensity()),12435,0,-88.1533029028891,1,-88.40984439433183
dpgan,ProbabilityEstimation(KernelDensity()),12435,1,-88.64802257812192,0,-88.40984439433183
dpgan,ProbabilityEstimation(KernelDensity()),12435,0,-88.40423129843693,1,-88.40984439433183
dpgan,ProbabilityEstimation(KernelDensity()),12435,1,-88.40629495459983,1,-88.40984439433183
dpgan,ProbabilityEstimation(KernelDensity()),12435,0,-88.31760998062593,1,-88.40984439433183
dpgan,ProbabilityEstimation(KernelDensity()),12435,1,-88.37059573846223,1,-88.40984439433183
dpgan,ProbabilityEstimation(KernelDensity()),12435,0,-88.37787100543709,1,-88.40984439433183
dpgan,ProbabilityEstimation(KernelDensity()),12435,1,-88.41262948360271,0,-88.40984439433183
dpgan,ProbabilityEstimation(KernelDensity()),12435,0,-88.3885647074636,1,-88.40984439433183
dpgan,ProbabilityEstimation(KernelDensity()),12435,1,-88.40409650603192,1,-88.40984439433183
dpgan,ProbabilityEstimation(KernelDensity()),12435,0,-88.31667703847323,1,-88.40984439433183
dpgan,ProbabilityEstimation(KernelDensity()),12435,1,-88.27990965443585,1,-88.40984439433183
dpgan,ProbabilityEstimation(KernelDensity()),12435,0,-88.28231583191551,1,-88.40984439433183
dpgan,ProbabilityEstimation(KernelDensity()),12435,1,-88.98060311912162,0,-88.40984439433183
dpgan,ProbabilityEstimation(KernelDensity()),12435,0,-88.76040551772523,0,-88.40984439433183
dpgan,ProbabilityEstimation(KernelDensity()),12435,1,-88.41507553312755,0,-88.40984439433183
dpgan,ProbabilityEstimation(KernelDensity()),12435,0,-88.25164274221278,1,-88.40984439433183
dpgan,ProbabilityEstimation(KernelDensity()),12435,1,-88.44725270769034,0,-88.40984439433183
dpgan,ProbabilityEstimation(KernelDensity()),12435,0,-88.43116566885857,0,-88.40984439433183
dpgan,ProbabilityEstimation(KernelDensity()),12435,1,-88.75204322535068,0,-88.40984439433183
dpgan,ProbabilityEstimation(KernelDensity()),12435,0,-88.63255148689423,0,-88.40984439433183
dpgan,ProbabilityEstimation(KernelDensity()),12435,1,-88.52483341741144,0,-88.40984439433183
dpgan,ProbabilityEstimation(KernelDensity()),12435,0,-88.55194926161714,0,-88.40984439433183
dpgan,ProbabilityEstimation(KernelDensity()),12435,1,-88.15334451297157,1,-88.40984439433183
dpgan,ProbabilityEstimation(KernelDensity()),12435,0,-88.68999173330522,0,-88.40984439433183
dpgan,ProbabilityEstimation(KernelDensity()),12435,1,-87.99834599050061,1,-88.40984439433183
dpgan,ProbabilityEstimation(KernelDensity()),12435,0,-89.01657614324526,0,-88.40984439433183
dpgan,ProbabilityEstimation(KernelDensity()),12435,1,-88.57973043790238,0,-88.40984439433183
dpgan,ProbabilityEstimation(KernelDensity()),12435,0,-88.18636409235603,1,-88.40984439433183
dpgan,ProbabilityEstimation(KernelDensity()),12435,1,-88.14887633304923,1,-88.40984439433183
dpgan,ProbabilityEstimation(KernelDensity()),12435,0,-87.8265474450032,1,-88.40984439433183
dpgan,ProbabilityEstimation(KernelDensity()),12435,1,-88.36607126745602,1,-88.40984439433183
dpgan,ProbabilityEstimation(KernelDensity()),12435,0,-88.65062874798257,0,-88.40984439433183
dpgan,ProbabilityEstimation(KernelDensity()),12435,1,-88.45083329700732,0,-88.40984439433183
dpgan,ProbabilityEstimation(KernelDensity()),12435,0,-88.39869751260085,1,-88.40984439433183
dpgan,ProbabilityEstimation(KernelDensity()),12435,1,-88.28765912648147,1,-88.40984439433183
dpgan,ProbabilityEstimation(KernelDensity()),12435,0,-87.97408446971976,1,-88.40984439433183
dpgan,ProbabilityEstimation(KernelDensity()),12435,1,-87.97719214270442,1,-88.40984439433183
dpgan,ProbabilityEstimation(KernelDensity()),12435,0,-87.76024280380476,1,-88.40984439433183
dpgan,ProbabilityEstimation(KernelDensity()),12435,1,-88.84768158784561,0,-88.40984439433183
dpgan,ProbabilityEstimation(KernelDensity()),12435,0,-88.14271157201263,1,-88.40984439433183
dpgan,ProbabilityEstimation(KernelDensity()),12435,1,-88.55764852911116,0,-88.40984439433183
dpgan,ProbabilityEstimation(KernelDensity()),12435,0,-88.19396742326113,1,-88.40984439433183
dpgan,ProbabilityEstimation(KernelDensity()),12435,1,-88.31191907340596,1,-88.40984439433183
dpgan,ProbabilityEstimation(KernelDensity()),12435,0,-88.43825909844558,0,-88.40984439433183
dpgan,ProbabilityEstimation(KernelDensity()),12435,1,-88.71193697985858,0,-88.40984439433183
dpgan,ProbabilityEstimation(KernelDensity()),12435,0,-88.21023977717361,1,-88.40984439433183
dpgan,ProbabilityEstimation(KernelDensity()),12435,1,-88.36251132149317,1,-88.40984439433183
dpgan,ProbabilityEstimation(KernelDensity()),12435,0,-88.79882625979026,0,-88.40984439433183
dpgan,ProbabilityEstimation(KernelDensity()),12435,1,-88.39818050999222,1,-88.40984439433183
dpgan,ProbabilityEstimation(KernelDensity()),12435,0,-88.4056507700852,1,-88.40984439433183
dpgan,ProbabilityEstimation(KernelDensity()),12435,1,-88.40949594077274,1,-88.40984439433183
dpgan,ProbabilityEstimation(KernelDensity()),12435,0,-88.34947973684496,1,-88.40984439433183
dpgan,ProbabilityEstimation(KernelDensity()),12435,1,-88.26322878289083,1,-88.40984439433183
dpgan,ProbabilityEstimation(KernelDensity()),12435,0,-88.78993033930892,0,-88.40984439433183
dpgan,ProbabilityEstimation(KernelDensity()),12435,1,-88.30486349443625,1,-88.40984439433183
dpgan,ProbabilityEstimation(KernelDensity()),12435,0,-88.33299567015682,1,-88.40984439433183
dpgan,ProbabilityEstimation(KernelDensity()),12435,1,-88.55463648032416,0,-88.40984439433183
dpgan,ProbabilityEstimation(KernelDensity()),12435,0,-88.11522197054961,1,-88.40984439433183
dpgan,ProbabilityEstimation(KernelDensity()),12435,1,-88.6113552093664,0,-88.40984439433183
dpgan,ProbabilityEstimation(KernelDensity()),12435,0,-88.2779058342677,1,-88.40984439433183
dpgan,ProbabilityEstimation(KernelDensity()),12435,1,-88.14483225015869,1,-88.40984439433183
dpgan,ProbabilityEstimation(KernelDensity()),12435,0,-88.92475654144906,0,-88.40984439433183
dpgan,ProbabilityEstimation(KernelDensity()),12435,1,-88.25274132554298,1,-88.40984439433183
dpgan,ProbabilityEstimation(KernelDensity()),12435,0,-88.50149828413537,0,-88.40984439433183
dpgan,ProbabilityEstimation(KernelDensity()),12435,1,-88.38902487672193,1,-88.40984439433183
dpgan,ProbabilityEstimation(KernelDensity()),12435,0,-88.60904266435963,0,-88.40984439433183
dpgan,ProbabilityEstimation(KernelDensity()),12435,1,-88.53470034883378,0,-88.40984439433183
dpgan,ProbabilityEstimation(KernelDensity()),12435,0,-88.08234162525835,1,-88.40984439433183
dpgan,ProbabilityEstimation(KernelDensity()),12435,1,-88.64992121213632,0,-88.40984439433183
dpgan,ProbabilityEstimation(KernelDensity()),12435,0,-88.62662771492549,0,-88.40984439433183
dpgan,ProbabilityEstimation(KernelDensity()),12435,1,-88.75989008951821,0,-88.40984439433183
dpgan,ProbabilityEstimation(KernelDensity()),12435,0,-88.24889173576784,1,-88.40984439433183
dpgan,ProbabilityEstimation(KernelDensity()),12435,1,-88.41968621020935,0,-88.40984439433183
dpgan,ProbabilityEstimation(KernelDensity()),12435,0,-88.2662988064643,1,-88.40984439433183
dpgan,ProbabilityEstimation(KernelDensity()),12435,1,-88.35579864215839,1,-88.40984439433183
dpgan,ProbabilityEstimation(KernelDensity()),12435,0,-88.06055124325529,1,-88.40984439433183
dpgan,ProbabilityEstimation(KernelDensity()),12435,1,-88.37417706977169,1,-88.40984439433183
dpgan,ProbabilityEstimation(KernelDensity()),12435,0,-88.35736153926074,1,-88.40984439433183
dpgan,ProbabilityEstimation(KernelDensity()),12435,1,-88.76998852886919,0,-88.40984439433183
dpgan,ProbabilityEstimation(KernelDensity()),12435,0,-88.41067644515111,0,-88.40984439433183
dpgan,ProbabilityEstimation(KernelDensity()),12435,1,-88.2134386791092,1,-88.40984439433183
dpgan,ProbabilityEstimation(KernelDensity()),12435,0,-88.59160402593784,0,-88.40984439433183
dpgan,ProbabilityEstimation(KernelDensity()),12435,1,-88.56682951632153,0,-88.40984439433183
dpgan,ProbabilityEstimation(KernelDensity()),12435,0,-88.13218528777739,1,-88.40984439433183
dpgan,ProbabilityEstimation(KernelDensity()),12435,1,-88.2498771531905,1,-88.40984439433183
dpgan,ProbabilityEstimation(KernelDensity()),12435,0,-88.23362589764055,1,-88.40984439433183
dpgan,ProbabilityEstimation(KernelDensity()),12435,1,-88.0266213979794,1,-88.40984439433183
dpgan,ProbabilityEstimation(KernelDensity()),12435,0,-88.47357324824223,0,-88.40984439433183
dpgan,ProbabilityEstimation(KernelDensity()),12435,1,-88.36485083664424,1,-88.40984439433183
dpgan,ProbabilityEstimation(KernelDensity()),12435,0,-88.38110938555707,1,-88.40984439433183
dpgan,ProbabilityEstimation(KernelDensity()),12435,1,-88.6584678196414,0,-88.40984439433183
dpgan,ProbabilityEstimation(KernelDensity()),12435,0,-88.69408358716366,0,-88.40984439433183
dpgan,ProbabilityEstimation(KernelDensity()),12435,1,-88.26918495075165,1,-88.40984439433183
dpgan,ProbabilityEstimation(KernelDensity()),12435,0,-88.17546505069299,1,-88.40984439433183
dpgan,ProbabilityEstimation(KernelDensity()),12435,1,-88.2298083084476,1,-88.40984439433183
dpgan,ProbabilityEstimation(KernelDensity()),12435,0,-88.22323861365538,1,-88.40984439433183
dpgan,ProbabilityEstimation(KernelDensity()),12435,1,-88.63784805320485,0,-88.40984439433183
dpgan,ProbabilityEstimation(KernelDensity()),12435,0,-88.22755771355017,1,-88.40984439433183
dpgan,ProbabilityEstimation(KernelDensity()),12435,1,-88.3503844059283,1,-88.40984439433183
dpgan,ProbabilityEstimation(KernelDensity()),12435,0,-88.65089720545612,0,-88.40984439433183
dpgan,ProbabilityEstimation(KernelDensity()),12435,1,-88.36271974695462,1,-88.40984439433183
dpgan,ProbabilityEstimation(KernelDensity()),12435,0,-88.40102815008086,1,-88.40984439433183
dpgan,ProbabilityEstimation(KernelDensity()),12435,1,-88.47912659528193,0,-88.40984439433183
dpgan,ProbabilityEstimation(KernelDensity()),12435,0,-88.26052508150013,1,-88.40984439433183
dpgan,ProbabilityEstimation(KernelDensity()),12435,1,-88.4207356102709,0,-88.40984439433183
dpgan,ProbabilityEstimation(KernelDensity()),12435,0,-88.63842746047192,0,-88.40984439433183
dpgan,ProbabilityEstimation(KernelDensity()),12435,1,-88.11409115176697,1,-88.40984439433183
dpgan,ProbabilityEstimation(KernelDensity()),12435,0,-88.28479634745351,1,-88.40984439433183
dpgan,ProbabilityEstimation(KernelDensity()),12435,1,-88.20366759075915,1,-88.40984439433183
dpgan,ProbabilityEstimation(KernelDensity()),12435,0,-88.59543710151263,0,-88.40984439433183
dpgan,ProbabilityEstimation(KernelDensity()),12435,1,-88.1341622379256,1,-88.40984439433183
dpgan,ProbabilityEstimation(KernelDensity()),12435,0,-88.36825962031477,1,-88.40984439433183
dpgan,ProbabilityEstimation(KernelDensity()),12435,1,-88.33977029720184,1,-88.40984439433183
dpgan,ProbabilityEstimation(KernelDensity()),12435,0,-88.47638655845263,0,-88.40984439433183
dpgan,ProbabilityEstimation(KernelDensity()),12435,1,-88.22253421571128,1,-88.40984439433183
dpgan,ProbabilityEstimation(KernelDensity()),12435,0,-88.7057388167197,0,-88.40984439433183
dpgan,ProbabilityEstimation(KernelDensity()),12435,1,-88.27652037488218,1,-88.40984439433183
dpgan,ProbabilityEstimation(KernelDensity()),12435,0,-88.33323518865883,1,-88.40984439433183
dpgan,ProbabilityEstimation(KernelDensity()),12435,1,-88.42076360230136,0,-88.40984439433183
dpgan,ProbabilityEstimation(KernelDensity()),12435,0,-88.18141086066674,1,-88.40984439433183
dpgan,ProbabilityEstimation(KernelDensity()),12435,1,-88.40906871766175,1,-88.40984439433183
dpgan,ProbabilityEstimation(KernelDensity()),12435,0,-88.72768704920267,0,-88.40984439433183
dpgan,ProbabilityEstimation(KernelDensity()),12435,1,-88.23689486655417,1,-88.40984439433183
dpgan,ProbabilityEstimation(KernelDensity()),12435,0,-88.79794056451784,0,-88.40984439433183
dpgan,ProbabilityEstimation(KernelDensity()),12435,1,-88.16879579451839,1,-88.40984439433183
dpgan,ProbabilityEstimation(KernelDensity()),12435,0,-88.07441079934416,1,-88.40984439433183
dpgan,ProbabilityEstimation(KernelDensity()),12435,1,-88.12915417814214,1,-88.40984439433183
dpgan,ProbabilityEstimation(KernelDensity()),12435,0,-88.24338479195742,1,-88.40984439433183
dpgan,ProbabilityEstimation(KernelDensity()),12435,1,-88.69687252429107,0,-88.40984439433183
dpgan,ProbabilityEstimation(KernelDensity()),12435,0,-88.67597479752656,0,-88.40984439433183
dpgan,ProbabilityEstimation(KernelDensity()),12435,1,-88.2956846285489,1,-88.40984439433183
dpgan,ProbabilityEstimation(KernelDensity()),12435,0,-88.4071565076035,1,-88.40984439433183
dpgan,ProbabilityEstimation(KernelDensity()),12435,1,-88.93148807051955,0,-88.40984439433183
dpgan,ProbabilityEstimation(KernelDensity()),12435,0,-88.5215201274106,0,-88.40984439433183
dpgan,ProbabilityEstimation(KernelDensity()),12435,1,-88.09842483650809,1,-88.40984439433183
dpgan,ProbabilityEstimation(KernelDensity()),12435,0,-88.54285065043405,0,-88.40984439433183
dpgan,ProbabilityEstimation(KernelDensity()),12435,1,-88.17687849713333,1,-88.40984439433183
dpgan,ProbabilityEstimation(KernelDensity()),12435,0,-87.99810244157773,1,-88.40984439433183
dpgan,ProbabilityEstimation(KernelDensity()),12435,1,-88.63440197355338,0,-88.40984439433183
dpgan,ProbabilityEstimation(KernelDensity()),12435,0,-88.40550016132964,1,-88.40984439433183
dpgan,ProbabilityEstimation(KernelDensity()),12435,1,-88.6258456441795,0,-88.40984439433183
dpgan,ProbabilityEstimation(KernelDensity()),12435,0,-88.7139495792107,0,-88.40984439433183
dpgan,ProbabilityEstimation(KernelDensity()),12435,1,-88.25499615411056,1,-88.40984439433183
dpgan,ProbabilityEstimation(KernelDensity()),12435,0,-88.15666889270952,1,-88.40984439433183
dpgan,ProbabilityEstimation(KernelDensity()),12435,1,-88.4793440658127,0,-88.40984439433183
dpgan,ProbabilityEstimation(KernelDensity()),12435,0,-88.54784960863373,0,-88.40984439433183
dpgan,ProbabilityEstimation(KernelDensity()),12435,1,-88.21710409273386,1,-88.40984439433183
dpgan,ProbabilityEstimation(KernelDensity()),12435,0,-87.90482984459065,1,-88.40984439433183
dpgan,ProbabilityEstimation(KernelDensity()),12435,1,-88.28099809156562,1,-88.40984439433183
dpgan,ProbabilityEstimation(KernelDensity()),12435,0,-88.51271787277675,0,-88.40984439433183
dpgan,ProbabilityEstimation(KernelDensity()),12435,1,-88.45938222257199,0,-88.40984439433183
dpgan,ProbabilityEstimation(KernelDensity()),12435,0,-88.18411213645517,1,-88.40984439433183
dpgan,ProbabilityEstimation(KernelDensity()),12435,1,-88.43957089155788,0,-88.40984439433183
dpgan,ProbabilityEstimation(KernelDensity()),12435,0,-88.60330487850368,0,-88.40984439433183
dpgan,ProbabilityEstimation(KernelDensity()),12435,1,-88.25859139372002,1,-88.40984439433183
dpgan,ProbabilityEstimation(KernelDensity()),12435,0,-88.5516405275323,0,-88.40984439433183
dpgan,ProbabilityEstimation(KernelDensity()),12435,1,-88.43216792945674,0,-88.40984439433183
dpgan,ProbabilityEstimation(KernelDensity()),12435,0,-88.49155821268364,0,-88.40984439433183
dpgan,ProbabilityEstimation(KernelDensity()),12435,1,-88.27556518459257,1,-88.40984439433183
dpgan,ProbabilityEstimation(KernelDensity()),12435,0,-88.72319236115968,0,-88.40984439433183
dpgan,ProbabilityEstimation(KernelDensity()),12435,1,-88.27656147638832,1,-88.40984439433183
dpgan,ProbabilityEstimation(KernelDensity()),12435,0,-88.39025550215466,1,-88.40984439433183
dpgan,ProbabilityEstimation(KernelDensity()),12435,1,-87.96517746001128,1,-88.40984439433183
dpgan,ProbabilityEstimation(KernelDensity()),12435,0,-88.87160655603776,0,-88.40984439433183
dpgan,ProbabilityEstimation(KernelDensity()),12435,1,-88.55156942900044,0,-88.40984439433183
dpgan,ProbabilityEstimation(KernelDensity()),12435,0,-88.27740951833349,1,-88.40984439433183
dpgan,ProbabilityEstimation(KernelDensity()),12435,1,-89.0195584538943,0,-88.40984439433183
dpgan,ProbabilityEstimation(KernelDensity()),12435,0,-87.95677305750836,1,-88.40984439433183
dpgan,ProbabilityEstimation(KernelDensity()),12435,1,-88.04777869012851,1,-88.40984439433183
dpgan,ProbabilityEstimation(KernelDensity()),12435,0,-88.25246606166236,1,-88.40984439433183
dpgan,ProbabilityEstimation(KernelDensity()),12435,1,-88.28970602469354,1,-88.40984439433183
dpgan,ProbabilityEstimation(KernelDensity()),12435,0,-88.56662209144207,0,-88.40984439433183
dpgan,ProbabilityEstimation(KernelDensity()),12435,1,-88.43954768377233,0,-88.40984439433183
dpgan,ProbabilityEstimation(KernelDensity()),12435,0,-88.29626516381173,1,-88.40984439433183
dpgan,ProbabilityEstimation(KernelDensity()),12435,1,-87.9994257591687,1,-88.40984439433183
dpgan,ProbabilityEstimation(KernelDensity()),12435,0,-88.18035517953629,1,-88.40984439433183
dpgan,ProbabilityEstimation(KernelDensity()),12435,1,-88.157263590861,1,-88.40984439433183
dpgan,ProbabilityEstimation(KernelDensity()),12435,0,-87.92306339865553,1,-88.40984439433183
dpgan,ProbabilityEstimation(KernelDensity()),12435,1,-88.02315061710927,1,-88.40984439433183
dpgan,ProbabilityEstimation(KernelDensity()),12435,0,-88.20526280139694,1,-88.40984439433183
dpgan,ProbabilityEstimation(KernelDensity()),12435,1,-88.73771574289542,0,-88.40984439433183
dpgan,ProbabilityEstimation(KernelDensity()),12435,0,-88.78674773568497,0,-88.40984439433183
dpgan,ProbabilityEstimation(KernelDensity()),12435,1,-88.27673058224026,1,-88.40984439433183
dpgan,ProbabilityEstimation(KernelDensity()),12435,0,-87.72949509618161,1,-88.40984439433183
dpgan,ProbabilityEstimation(KernelDensity()),12435,1,-88.45808559081087,0,-88.40984439433183
dpgan,ProbabilityEstimation(KernelDensity()),12435,0,-87.99550874238355,1,-88.40984439433183
dpgan,ProbabilityEstimation(KernelDensity()),12435,1,-88.44373401772785,0,-88.40984439433183
dpgan,ProbabilityEstimation(KernelDensity()),12435,0,-88.44987820866062,0,-88.40984439433183
dpgan,ProbabilityEstimation(KernelDensity()),12435,1,-88.34993223291326,1,-88.40984439433183
dpgan,ProbabilityEstimation(KernelDensity()),12435,0,-88.83121518282127,0,-88.40984439433183
dpgan,ProbabilityEstimation(KernelDensity()),12435,1,-88.7345893834149,0,-88.40984439433183
dpgan,ProbabilityEstimation(KernelDensity()),12435,0,-88.5198218723153,0,-88.40984439433183
dpgan,ProbabilityEstimation(KernelDensity()),12435,1,-88.48982296579634,0,-88.40984439433183
dpgan,ProbabilityEstimation(KernelDensity()),12435,0,-88.63330832448072,0,-88.40984439433183
dpgan,ProbabilityEstimation(KernelDensity()),12435,1,-88.14103964500752,1,-88.40984439433183
dpgan,ProbabilityEstimation(KernelDensity()),12435,0,-88.67269309008978,0,-88.40984439433183
dpgan,ProbabilityEstimation(KernelDensity()),12435,1,-88.35123460057572,1,-88.40984439433183
dpgan,ProbabilityEstimation(KernelDensity()),12435,0,-88.39895655551074,1,-88.40984439433183
dpgan,ProbabilityEstimation(KernelDensity()),12435,1,-88.18217414830117,1,-88.40984439433183
dpgan,ProbabilityEstimation(KernelDensity()),12435,0,-88.73587999793423,0,-88.40984439433183
dpgan,ProbabilityEstimation(KernelDensity()),12435,1,-88.64732663193855,0,-88.40984439433183
dpgan,ProbabilityEstimation(KernelDensity()),12435,0,-88.913574637992,0,-88.40984439433183
dpgan,ProbabilityEstimation(KernelDensity()),12435,1,-89.01630273552067,0,-88.40984439433183
dpgan,ProbabilityEstimation(KernelDensity()),12435,0,-87.82385478903876,1,-88.40984439433183
dpgan,ProbabilityEstimation(KernelDensity()),12435,1,-88.52931274103771,0,-88.40984439433183
dpgan,ProbabilityEstimation(KernelDensity()),12435,0,-88.72957280759913,0,-88.40984439433183
dpgan,ProbabilityEstimation(KernelDensity()),12435,1,-88.59778562793798,0,-88.40984439433183
dpgan,ProbabilityEstimation(KernelDensity()),12435,0,-88.21259500868513,1,-88.40984439433183
dpgan,ProbabilityEstimation(KernelDensity()),12435,1,-88.62218285662851,0,-88.40984439433183
dpgan,ProbabilityEstimation(KernelDensity()),12435,0,-88.79796999441679,0,-88.40984439433183
dpgan,ProbabilityEstimation(KernelDensity()),12435,1,-88.6506929142188,0,-88.40984439433183
dpgan,ProbabilityEstimation(KernelDensity()),12435,0,-88.37682803091748,1,-88.40984439433183
dpgan,ProbabilityEstimation(KernelDensity()),12435,1,-88.32903138445238,1,-88.40984439433183
dpgan,ProbabilityEstimation(KernelDensity()),12435,0,-88.55418550758318,0,-88.40984439433183
dpgan,ProbabilityEstimation(KernelDensity()),12435,1,-88.26409310333216,1,-88.40984439433183
dpgan,ProbabilityEstimation(KernelDensity()),12435,0,-88.54424090451765,0,-88.40984439433183
dpgan,ProbabilityEstimation(KernelDensity()),12435,1,-88.10272224479631,1,-88.40984439433183
dpgan,ProbabilityEstimation(KernelDensity()),12435,0,-88.49401903587173,0,-88.40984439433183
dpgan,ProbabilityEstimation(KernelDensity()),12435,1,-88.44632998626227,0,-88.40984439433183
dpgan,ProbabilityEstimation(KernelDensity()),12435,0,-88.14821238934768,1,-88.40984439433183
dpgan,ProbabilityEstimation(KernelDensity()),12435,1,-88.10618853316757,1,-88.40984439433183
dpgan,ProbabilityEstimation(KernelDensity()),12435,0,-88.07320431056723,1,-88.40984439433183
dpgan,ProbabilityEstimation(KernelDensity()),12435,1,-88.2187045412498,1,-88.40984439433183
dpgan,ProbabilityEstimation(KernelDensity()),12435,0,-88.55118974446835,0,-88.40984439433183
dpgan,ProbabilityEstimation(KernelDensity()),12435,1,-88.61126106609713,0,-88.40984439433183
dpgan,ProbabilityEstimation(KernelDensity()),12435,0,-88.56049908156662,0,-88.40984439433183
dpgan,ProbabilityEstimation(KernelDensity()),12435,1,-88.31089255507487,1,-88.40984439433183
dpgan,ProbabilityEstimation(KernelDensity()),12435,0,-88.81449222752181,0,-88.40984439433183
dpgan,ProbabilityEstimation(KernelDensity()),12435,1,-88.06953599843652,1,-88.40984439433183
dpgan,ProbabilityEstimation(KernelDensity()),12435,0,-88.007126931573,1,-88.40984439433183
dpgan,ProbabilityEstimation(KernelDensity()),12435,1,-88.2913460089383,1,-88.40984439433183
dpgan,ProbabilityEstimation(KernelDensity()),12435,0,-88.0637697188548,1,-88.40984439433183
dpgan,ProbabilityEstimation(KernelDensity()),12435,1,-88.7110416150297,0,-88.40984439433183
dpgan,ProbabilityEstimation(KernelDensity()),12435,0,-88.3307222283798,1,-88.40984439433183
dpgan,ProbabilityEstimation(KernelDensity()),12435,1,-88.59824338267717,0,-88.40984439433183
dpgan,ProbabilityEstimation(KernelDensity()),12435,0,-88.23961841018182,1,-88.40984439433183
dpgan,ProbabilityEstimation(KernelDensity()),12435,1,-88.3213883053426,1,-88.40984439433183
dpgan,ProbabilityEstimation(KernelDensity()),12435,0,-88.5989840750839,0,-88.40984439433183
dpgan,ProbabilityEstimation(KernelDensity()),12435,1,-88.42051974029906,0,-88.40984439433183
dpgan,ProbabilityEstimation(KernelDensity()),12435,0,-88.41642782075026,0,-88.40984439433183
dpgan,ProbabilityEstimation(KernelDensity()),12435,1,-88.11730998015457,1,-88.40984439433183
dpgan,ProbabilityEstimation(KernelDensity()),12435,0,-88.23371438451106,1,-88.40984439433183
dpgan,ProbabilityEstimation(KernelDensity()),12435,1,-88.33789389904764,1,-88.40984439433183
dpgan,ProbabilityEstimation(KernelDensity()),12435,0,-88.3821810088268,1,-88.40984439433183
dpgan,ProbabilityEstimation(KernelDensity()),12435,1,-88.3800797888023,1,-88.40984439433183
dpgan,ProbabilityEstimation(KernelDensity()),12435,0,-87.74925331248247,1,-88.40984439433183
dpgan,ProbabilityEstimation(KernelDensity()),12435,1,-88.47568342133768,0,-88.40984439433183
dpgan,ProbabilityEstimation(KernelDensity()),12435,0,-88.63740655276676,0,-88.40984439433183
dpgan,ProbabilityEstimation(KernelDensity()),12435,1,-88.20113821845572,1,-88.40984439433183
dpgan,ProbabilityEstimation(KernelDensity()),12435,0,-88.36660475860764,1,-88.40984439433183
dpgan,ProbabilityEstimation(KernelDensity()),12435,1,-88.43659924462877,0,-88.40984439433183
dpgan,ProbabilityEstimation(KernelDensity()),12435,0,-88.24282416052876,1,-88.40984439433183
dpgan,ProbabilityEstimation(KernelDensity()),12435,1,-88.25100311167033,1,-88.40984439433183
dpgan,ProbabilityEstimation(KernelDensity()),12435,0,-88.56697631319147,0,-88.40984439433183
dpgan,ProbabilityEstimation(KernelDensity()),12435,1,-88.21714066672054,1,-88.40984439433183
dpgan,ProbabilityEstimation(KernelDensity()),12435,0,-88.64118426630648,0,-88.40984439433183
dpgan,ProbabilityEstimation(KernelDensity()),12435,1,-88.38050684325569,1,-88.40984439433183
dpgan,ProbabilityEstimation(KernelDensity()),12435,0,-88.43351014919679,0,-88.40984439433183
dpgan,ProbabilityEstimation(KernelDensity()),12435,1,-88.09150014360951,1,-88.40984439433183
dpgan,ProbabilityEstimation(KernelDensity()),12435,0,-88.36502151062044,1,-88.40984439433183
dpgan,ProbabilityEstimation(KernelDensity()),12435,1,-88.7455344348407,0,-88.40984439433183
dpgan,ProbabilityEstimation(KernelDensity()),12435,0,-88.29474166413067,1,-88.40984439433183
dpgan,ProbabilityEstimation(KernelDensity()),12435,1,-88.40599200885113,1,-88.40984439433183
dpgan,ProbabilityEstimation(KernelDensity()),12435,0,-88.42463426694775,0,-88.40984439433183
dpgan,ProbabilityEstimation(KernelDensity()),12435,1,-88.29722671882945,1,-88.40984439433183
dpgan,ProbabilityEstimation(KernelDensity()),12435,0,-88.31279946816747,1,-88.40984439433183
dpgan,ProbabilityEstimation(KernelDensity()),12435,1,-88.32596739629115,1,-88.40984439433183
dpgan,ProbabilityEstimation(KernelDensity()),12435,0,-88.26099755647401,1,-88.40984439433183
dpgan,ProbabilityEstimation(KernelDensity()),12435,1,-87.92916994069785,1,-88.40984439433183
dpgan,ProbabilityEstimation(KernelDensity()),12435,0,-88.29365393204972,1,-88.40984439433183
dpgan,ProbabilityEstimation(KernelDensity()),12435,1,-88.33417882917088,1,-88.40984439433183
dpgan,ProbabilityEstimation(KernelDensity()),12435,0,-88.56050969583573,0,-88.40984439433183
dpgan,ProbabilityEstimation(KernelDensity()),12435,1,-88.945058688634,0,-88.40984439433183
dpgan,ProbabilityEstimation(KernelDensity()),12435,0,-88.79926940338932,0,-88.40984439433183
dpgan,ProbabilityEstimation(KernelDensity()),12435,1,-88.38096737520951,1,-88.40984439433183
dpgan,ProbabilityEstimation(KernelDensity()),12435,0,-88.67305050381242,0,-88.40984439433183
dpgan,ProbabilityEstimation(KernelDensity()),12435,1,-88.48453257852519,0,-88.40984439433183
dpgan,ProbabilityEstimation(KernelDensity()),12435,0,-88.68765194412875,0,-88.40984439433183
dpgan,ProbabilityEstimation(KernelDensity()),12435,1,-88.76364744164486,0,-88.40984439433183
dpgan,ProbabilityEstimation(KernelDensity()),12435,0,-87.89932302131174,1,-88.40984439433183
dpgan,ProbabilityEstimation(KernelDensity()),12435,1,-88.45087810711128,0,-88.40984439433183
dpgan,ProbabilityEstimation(KernelDensity()),12435,0,-88.38904218997622,1,-88.40984439433183
dpgan,ProbabilityEstimation(KernelDensity()),12435,1,-88.06903080669045,1,-88.40984439433183
dpgan,ProbabilityEstimation(KernelDensity()),12435,0,-88.4366960933563,0,-88.40984439433183
dpgan,ProbabilityEstimation(KernelDensity()),12435,1,-88.24593206005616,1,-88.40984439433183
dpgan,ProbabilityEstimation(KernelDensity()),12435,0,-88.11122424856244,1,-88.40984439433183
dpgan,ProbabilityEstimation(KernelDensity()),12435,1,-88.27671759091166,1,-88.40984439433183
dpgan,ProbabilityEstimation(KernelDensity()),12435,0,-88.14906269280962,1,-88.40984439433183
dpgan,ProbabilityEstimation(KernelDensity()),12435,1,-88.42029094936179,0,-88.40984439433183
dpgan,ProbabilityEstimation(KernelDensity()),12435,0,-88.58042486736295,0,-88.40984439433183
dpgan,ProbabilityEstimation(KernelDensity()),12435,1,-88.11361221483433,1,-88.40984439433183
dpgan,ProbabilityEstimation(KernelDensity()),12435,0,-88.3117742237941,1,-88.40984439433183
dpgan,ProbabilityEstimation(KernelDensity()),12435,1,-88.2440615123913,1,-88.40984439433183
dpgan,ProbabilityEstimation(KernelDensity()),12435,0,-87.95603446165178,1,-88.40984439433183
dpgan,ProbabilityEstimation(KernelDensity()),12435,1,-88.34004370618005,1,-88.40984439433183
dpgan,ProbabilityEstimation(KernelDensity()),12435,0,-87.88050590117814,1,-88.40984439433183
dpgan,ProbabilityEstimation(KernelDensity()),12435,1,-88.2032049648987,1,-88.40984439433183
dpgan,ProbabilityEstimation(KernelDensity()),12435,0,-88.47075877690438,0,-88.40984439433183
dpgan,ProbabilityEstimation(KernelDensity()),12435,1,-88.67789939696588,0,-88.40984439433183
dpgan,ProbabilityEstimation(KernelDensity()),12435,0,-88.34985802469792,1,-88.40984439433183
dpgan,ProbabilityEstimation(KernelDensity()),12435,1,-88.34271393463106,1,-88.40984439433183
dpgan,ProbabilityEstimation(KernelDensity()),12435,0,-88.47309312057985,0,-88.40984439433183
dpgan,ProbabilityEstimation(KernelDensity()),12435,1,-88.10658506416003,1,-88.40984439433183
dpgan,ProbabilityEstimation(KernelDensity()),12435,0,-88.49168137912956,0,-88.40984439433183
dpgan,ProbabilityEstimation(KernelDensity()),12435,1,-88.52081117160583,0,-88.40984439433183
dpgan,ProbabilityEstimation(KernelDensity()),12435,0,-88.58930390925656,0,-88.40984439433183
dpgan,ProbabilityEstimation(KernelDensity()),12435,1,-88.22060199793498,1,-88.40984439433183
dpgan,ProbabilityEstimation(KernelDensity()),12435,0,-88.40804714670612,1,-88.40984439433183
dpgan,ProbabilityEstimation(KernelDensity()),12435,1,-88.489973583667,0,-88.40984439433183
dpgan,ProbabilityEstimation(KernelDensity()),12435,0,-88.37199680527763,1,-88.40984439433183
dpgan,ProbabilityEstimation(KernelDensity()),12435,1,-88.26049514225288,1,-88.40984439433183
dpgan,ProbabilityEstimation(KernelDensity()),12435,0,-87.9499182917186,1,-88.40984439433183
dpgan,ProbabilityEstimation(KernelDensity()),12435,1,-88.35302189529949,1,-88.40984439433183
dpgan,ProbabilityEstimation(KernelDensity()),12435,0,-88.44638603586613,0,-88.40984439433183
dpgan,ProbabilityEstimation(KernelDensity()),12435,1,-88.6497810483864,0,-88.40984439433183
dpgan,ProbabilityEstimation(KernelDensity()),12435,0,-88.23391668792718,1,-88.40984439433183
dpgan,ProbabilityEstimation(KernelDensity()),12435,1,-88.32764097456557,1,-88.40984439433183
dpgan,ProbabilityEstimation(KernelDensity()),12435,0,-88.27415762766796,1,-88.40984439433183
dpgan,ProbabilityEstimation(KernelDensity()),12435,1,-88.2663913136361,1,-88.40984439433183
dpgan,ProbabilityEstimation(KernelDensity()),12435,0,-88.38026102360455,1,-88.40984439433183
dpgan,ProbabilityEstimation(KernelDensity()),12435,1,-88.7882460517187,0,-88.40984439433183
dpgan,ProbabilityEstimation(KernelDensity()),12435,0,-88.39734219821605,1,-88.40984439433183
dpgan,ProbabilityEstimation(KernelDensity()),12435,1,-88.14994736604075,1,-88.40984439433183
dpgan,ProbabilityEstimation(KernelDensity()),12435,0,-88.64281532249709,0,-88.40984439433183
dpgan,ProbabilityEstimation(KernelDensity()),12435,1,-88.48496740430292,0,-88.40984439433183
dpgan,ProbabilityEstimation(KernelDensity()),12435,0,-88.28640673696935,1,-88.40984439433183
dpgan,ProbabilityEstimation(KernelDensity()),12435,1,-88.37022572790207,1,-88.40984439433183
dpgan,ProbabilityEstimation(KernelDensity()),12435,0,-88.19241065015486,1,-88.40984439433183
dpgan,ProbabilityEstimation(KernelDensity()),12435,1,-88.30572798153719,1,-88.40984439433183
dpgan,ProbabilityEstimation(KernelDensity()),12435,0,-88.25271949462552,1,-88.40984439433183
dpgan,ProbabilityEstimation(KernelDensity()),12435,1,-88.58518719154414,0,-88.40984439433183
dpgan,ProbabilityEstimation(KernelDensity()),12435,0,-88.66648663184866,0,-88.40984439433183
dpgan,ProbabilityEstimation(KernelDensity()),12435,1,-88.54519815572534,0,-88.40984439433183
dpgan,ProbabilityEstimation(KernelDensity()),12435,0,-88.45343354046219,0,-88.40984439433183
dpgan,ProbabilityEstimation(KernelDensity()),12435,1,-88.27326579528244,1,-88.40984439433183
dpgan,ProbabilityEstimation(KernelDensity()),12435,0,-88.29104263755143,1,-88.40984439433183
dpgan,ProbabilityEstimation(KernelDensity()),12435,1,-88.67597483245437,0,-88.40984439433183
dpgan,ProbabilityEstimation(KernelDensity()),12435,0,-88.29164079059925,1,-88.40984439433183
dpgan,ProbabilityEstimation(KernelDensity()),12435,1,-88.246289269442,1,-88.40984439433183
dpgan,ProbabilityEstimation(KernelDensity()),12435,0,-88.42059400628017,0,-88.40984439433183
dpgan,ProbabilityEstimation(KernelDensity()),12435,1,-88.20554405119431,1,-88.40984439433183
dpgan,ProbabilityEstimation(KernelDensity()),12435,0,-88.23640299362452,1,-88.40984439433183
dpgan,ProbabilityEstimation(KernelDensity()),12435,1,-88.29448981116488,1,-88.40984439433183
dpgan,ProbabilityEstimation(KernelDensity()),12435,0,-87.9301152203452,1,-88.40984439433183
dpgan,ProbabilityEstimation(KernelDensity()),12435,1,-88.52038971610095,0,-88.40984439433183
dpgan,ProbabilityEstimation(KernelDensity()),12435,0,-88.51737438402014,0,-88.40984439433183
dpgan,ProbabilityEstimation(KernelDensity()),12435,1,-88.42896530243848,0,-88.40984439433183
dpgan,ProbabilityEstimation(KernelDensity()),12435,0,-88.50376624508112,0,-88.40984439433183
dpgan,ProbabilityEstimation(KernelDensity()),12435,1,-88.4050002767211,1,-88.40984439433183
dpgan,ProbabilityEstimation(KernelDensity()),12435,0,-88.008438233999,1,-88.40984439433183
dpgan,ProbabilityEstimation(KernelDensity()),12435,1,-88.29729619811235,1,-88.40984439433183
dpgan,ProbabilityEstimation(KernelDensity()),12435,0,-88.24783453466802,1,-88.40984439433183
dpgan,ProbabilityEstimation(KernelDensity()),12435,1,-88.38640007100264,1,-88.40984439433183
dpgan,ProbabilityEstimation(KernelDensity()),12435,0,-88.42504246519584,0,-88.40984439433183
dpgan,ProbabilityEstimation(KernelDensity()),12435,1,-88.41859851106793,0,-88.40984439433183
dpgan,ProbabilityEstimation(KernelDensity()),12435,0,-88.56838574180112,0,-88.40984439433183
dpgan,ProbabilityEstimation(KernelDensity()),12435,1,-88.2527127240132,1,-88.40984439433183
dpgan,ProbabilityEstimation(KernelDensity()),12435,0,-88.42061669364918,0,-88.40984439433183
dpgan,ProbabilityEstimation(KernelDensity()),12435,1,-88.17834089261511,1,-88.40984439433183
dpgan,ProbabilityEstimation(KernelDensity()),12435,0,-88.6670543131444,0,-88.40984439433183
dpgan,ProbabilityEstimation(KernelDensity()),12435,1,-88.35869358126207,1,-88.40984439433183
dpgan,ProbabilityEstimation(KernelDensity()),12435,0,-88.69681282853018,0,-88.40984439433183
dpgan,ProbabilityEstimation(KernelDensity()),12435,1,-88.928246479742,0,-88.40984439433183
dpgan,ProbabilityEstimation(KernelDensity()),12435,0,-88.546818500571,0,-88.40984439433183
dpgan,ProbabilityEstimation(KernelDensity()),12435,1,-88.64918823418378,0,-88.40984439433183
dpgan,ProbabilityEstimation(KernelDensity()),12435,0,-88.60709493521135,0,-88.40984439433183
dpgan,ProbabilityEstimation(KernelDensity()),12435,1,-88.5859273423136,0,-88.40984439433183
dpgan,ProbabilityEstimation(KernelDensity()),12435,0,-88.76348978388991,0,-88.40984439433183
dpgan,ProbabilityEstimation(KernelDensity()),12435,1,-87.79038771380763,1,-88.40984439433183
dpgan,ProbabilityEstimation(KernelDensity()),12435,0,-88.2202749560797,1,-88.40984439433183
dpgan,ProbabilityEstimation(KernelDensity()),12435,1,-88.43238021471493,0,-88.40984439433183
dpgan,ProbabilityEstimation(KernelDensity()),12435,0,-88.29224642390818,1,-88.40984439433183
dpgan,ProbabilityEstimation(KernelDensity()),12435,1,-88.193228805835,1,-88.40984439433183
dpgan,ProbabilityEstimation(KernelDensity()),12435,0,-88.45078104068656,0,-88.40984439433183
dpgan,ProbabilityEstimation(KernelDensity()),12435,1,-88.55086599762495,0,-88.40984439433183
dpgan,ProbabilityEstimation(KernelDensity()),12435,0,-88.6147539065973,0,-88.40984439433183
dpgan,ProbabilityEstimation(KernelDensity()),12435,1,-87.8613594306159,1,-88.40984439433183
dpgan,ProbabilityEstimation(KernelDensity()),12435,0,-88.36580947445212,1,-88.40984439433183
dpgan,ProbabilityEstimation(KernelDensity()),12435,1,-88.0151667004802,1,-88.40984439433183
dpgan,ProbabilityEstimation(KernelDensity()),12435,0,-88.25221946830315,1,-88.40984439433183
dpgan,ProbabilityEstimation(KernelDensity()),12435,1,-88.83296183705154,0,-88.40984439433183
dpgan,ProbabilityEstimation(KernelDensity()),12435,0,-88.27294892395312,1,-88.40984439433183
dpgan,ProbabilityEstimation(KernelDensity()),12435,1,-88.49922262439489,0,-88.40984439433183
dpgan,ProbabilityEstimation(KernelDensity()),12435,0,-88.64165563205039,0,-88.40984439433183
dpgan,ProbabilityEstimation(KernelDensity()),12435,1,-88.21298597485121,1,-88.40984439433183
dpgan,ProbabilityEstimation(KernelDensity()),12435,0,-88.27433496954694,1,-88.40984439433183
dpgan,ProbabilityEstimation(KernelDensity()),12435,1,-88.40569400091985,1,-88.40984439433183
dpgan,ProbabilityEstimation(KernelDensity()),12435,0,-88.31357786090504,1,-88.40984439433183
dpgan,ProbabilityEstimation(KernelDensity()),12435,1,-88.48623958277128,0,-88.40984439433183
dpgan,ProbabilityEstimation(KernelDensity()),12435,0,-88.91828925122662,0,-88.40984439433183
dpgan,ProbabilityEstimation(KernelDensity()),12435,1,-89.04878780354004,0,-88.40984439433183
dpgan,ProbabilityEstimation(KernelDensity()),12435,0,-88.10631427890799,1,-88.40984439433183
dpgan,ProbabilityEstimation(KernelDensity()),12435,1,-88.52541767149764,0,-88.40984439433183
dpgan,ProbabilityEstimation(KernelDensity()),12435,0,-88.14842796092428,1,-88.40984439433183
dpgan,ProbabilityEstimation(KernelDensity()),12435,1,-88.42072570217316,0,-88.40984439433183
dpgan,ProbabilityEstimation(KernelDensity()),12435,0,-88.54874907586722,0,-88.40984439433183
dpgan,ProbabilityEstimation(KernelDensity()),12435,1,-88.21173840154819,1,-88.40984439433183
dpgan,ProbabilityEstimation(KernelDensity()),12435,0,-88.1940969916606,1,-88.40984439433183
dpgan,ProbabilityEstimation(KernelDensity()),12435,1,-88.28843538884043,1,-88.40984439433183
dpgan,ProbabilityEstimation(KernelDensity()),12435,0,-88.38981449364202,1,-88.40984439433183
dpgan,ProbabilityEstimation(KernelDensity()),12435,1,-88.6341802829831,0,-88.40984439433183
dpgan,ProbabilityEstimation(KernelDensity()),12435,0,-88.280597364298,1,-88.40984439433183
dpgan,ProbabilityEstimation(KernelDensity()),12435,1,-88.75160431263456,0,-88.40984439433183
dpgan,ProbabilityEstimation(KernelDensity()),12435,0,-88.92196776967441,0,-88.40984439433183
dpgan,ProbabilityEstimation(KernelDensity()),12435,1,-88.19521667108967,1,-88.40984439433183
dpgan,ProbabilityEstimation(KernelDensity()),12435,0,-88.36197385163234,1,-88.40984439433183
dpgan,ProbabilityEstimation(KernelDensity()),12435,1,-88.41719015711995,0,-88.40984439433183
dpgan,ProbabilityEstimation(KernelDensity()),12435,0,-88.61143052436478,0,-88.40984439433183
dpgan,ProbabilityEstimation(KernelDensity()),12435,1,-88.40474751067275,1,-88.40984439433183
dpgan,ProbabilityEstimation(KernelDensity()),12435,0,-87.98621317817044,1,-88.40984439433183
dpgan,ProbabilityEstimation(KernelDensity()),12435,1,-88.1172687454189,1,-88.40984439433183
dpgan,ProbabilityEstimation(KernelDensity()),12435,0,-88.04254532770526,1,-88.40984439433183
dpgan,ProbabilityEstimation(KernelDensity()),12435,1,-88.52716201894353,0,-88.40984439433183
dpgan,ProbabilityEstimation(KernelDensity()),12435,0,-88.42734360614534,0,-88.40984439433183
dpgan,ProbabilityEstimation(KernelDensity()),12435,1,-87.99602509378485,1,-88.40984439433183
dpgan,ProbabilityEstimation(KernelDensity()),12435,0,-87.97962168731756,1,-88.40984439433183
dpgan,ProbabilityEstimation(KernelDensity()),12435,1,-88.26264600536693,1,-88.40984439433183
dpgan,ProbabilityEstimation(KernelDensity()),12435,0,-88.25055885531971,1,-88.40984439433183
dpgan,ProbabilityEstimation(KernelDensity()),12435,1,-88.28332859566919,1,-88.40984439433183
dpgan,ProbabilityEstimation(KernelDensity()),12435,0,-88.49280095001562,0,-88.40984439433183
dpgan,ProbabilityEstimation(KernelDensity()),12435,1,-88.25420979612157,1,-88.40984439433183
dpgan,ProbabilityEstimation(KernelDensity()),12435,0,-89.07879613143372,0,-88.40984439433183
dpgan,ProbabilityEstimation(KernelDensity()),12435,1,-88.1604445573802,1,-88.40984439433183
dpgan,ProbabilityEstimation(KernelDensity()),12435,0,-88.48803994353163,0,-88.40984439433183
dpgan,ProbabilityEstimation(KernelDensity()),12435,1,-88.65775015660944,0,-88.40984439433183
dpgan,ProbabilityEstimation(KernelDensity()),12435,0,-88.35517749948211,1,-88.40984439433183
dpgan,ProbabilityEstimation(KernelDensity()),12435,1,-88.27704064419432,1,-88.40984439433183
dpgan,ProbabilityEstimation(KernelDensity()),12435,0,-88.37936528739836,1,-88.40984439433183
dpgan,ProbabilityEstimation(KernelDensity()),12435,1,-88.12366894913325,1,-88.40984439433183
dpgan,ProbabilityEstimation(KernelDensity()),12435,0,-88.38605065474259,1,-88.40984439433183
dpgan,ProbabilityEstimation(KernelDensity()),12435,1,-88.14442282252791,1,-88.40984439433183
dpgan,ProbabilityEstimation(KernelDensity()),12435,0,-88.34527738156171,1,-88.40984439433183
dpgan,ProbabilityEstimation(KernelDensity()),12435,1,-88.43104964105079,0,-88.40984439433183
dpgan,ProbabilityEstimation(KernelDensity()),12435,0,-88.43933671461593,0,-88.40984439433183
dpgan,ProbabilityEstimation(KernelDensity()),12435,1,-88.23530475426736,1,-88.40984439433183
dpgan,ProbabilityEstimation(KernelDensity()),12435,0,-88.73334950913504,0,-88.40984439433183
dpgan,ProbabilityEstimation(KernelDensity()),12435,1,-88.49228084546986,0,-88.40984439433183
dpgan,ProbabilityEstimation(KernelDensity()),12435,0,-88.39666810494683,1,-88.40984439433183
dpgan,ProbabilityEstimation(KernelDensity()),12435,1,-88.19049122713885,1,-88.40984439433183
dpgan,ProbabilityEstimation(KernelDensity()),12435,0,-88.95668712773163,0,-88.40984439433183
dpgan,ProbabilityEstimation(KernelDensity()),12435,1,-88.45461822462845,0,-88.40984439433183
dpgan,ProbabilityEstimation(KernelDensity()),12435,0,-88.485667374052,0,-88.40984439433183
dpgan,ProbabilityEstimation(KernelDensity()),12435,1,-88.51058175284216,0,-88.40984439433183
dpgan,ProbabilityEstimation(KernelDensity()),12435,0,-88.58141988791779,0,-88.40984439433183
dpgan,ProbabilityEstimation(KernelDensity()),12435,1,-88.66021953181634,0,-88.40984439433183
dpgan,ProbabilityEstimation(KernelDensity()),12435,0,-88.23840460944083,1,-88.40984439433183
dpgan,ProbabilityEstimation(KernelDensity()),12435,1,-88.33675322432896,1,-88.40984439433183
dpgan,ProbabilityEstimation(KernelDensity()),12435,0,-88.29345058911422,1,-88.40984439433183
dpgan,ProbabilityEstimation(KernelDensity()),12435,1,-88.07835119856588,1,-88.40984439433183
dpgan,ProbabilityEstimation(KernelDensity()),12435,0,-87.99703102452251,1,-88.40984439433183
dpgan,ProbabilityEstimation(KernelDensity()),12435,1,-88.62446075195743,0,-88.40984439433183
dpgan,ProbabilityEstimation(KernelDensity()),12435,0,-88.12321144999657,1,-88.40984439433183
dpgan,ProbabilityEstimation(KernelDensity()),12435,1,-87.97134068384243,1,-88.40984439433183
dpgan,ProbabilityEstimation(KernelDensity()),12435,0,-88.27920951599468,1,-88.40984439433183
dpgan,ProbabilityEstimation(KernelDensity()),12435,1,-88.17242478091106,1,-88.40984439433183
dpgan,ProbabilityEstimation(KernelDensity()),12435,0,-88.23991568418691,1,-88.40984439433183
dpgan,ProbabilityEstimation(KernelDensity()),12435,1,-88.51905868777955,0,-88.40984439433183
dpgan,ProbabilityEstimation(KernelDensity()),12435,0,-88.34289422063391,1,-88.40984439433183
dpgan,ProbabilityEstimation(KernelDensity()),12435,1,-88.40153378544846,1,-88.40984439433183
dpgan,ProbabilityEstimation(KernelDensity()),12435,0,-88.24979487516828,1,-88.40984439433183
dpgan,ProbabilityEstimation(KernelDensity()),12435,1,-88.28658197651322,1,-88.40984439433183
dpgan,ProbabilityEstimation(KernelDensity()),12435,0,-88.67845983129823,0,-88.40984439433183
dpgan,ProbabilityEstimation(KernelDensity()),12435,1,-88.21045118564058,1,-88.40984439433183
dpgan,ProbabilityEstimation(KernelDensity()),12435,0,-88.82668646398893,0,-88.40984439433183
dpgan,ProbabilityEstimation(KernelDensity()),12435,1,-88.28932090961082,1,-88.40984439433183
dpgan,ProbabilityEstimation(KernelDensity()),12435,0,-88.28427532607891,1,-88.40984439433183
dpgan,ProbabilityEstimation(KernelDensity()),12435,1,-88.35079205793392,1,-88.40984439433183
dpgan,ProbabilityEstimation(KernelDensity()),12435,0,-88.1014565749262,1,-88.40984439433183
dpgan,ProbabilityEstimation(KernelDensity()),12435,1,-88.71472732938872,0,-88.40984439433183
dpgan,ProbabilityEstimation(KernelDensity()),12435,0,-88.47845020648799,0,-88.40984439433183
dpgan,ProbabilityEstimation(KernelDensity()),12435,1,-88.06020442569825,1,-88.40984439433183
dpgan,ProbabilityEstimation(KernelDensity()),12435,0,-88.70684867392747,0,-88.40984439433183
dpgan,ProbabilityEstimation(KernelDensity()),12435,1,-88.39843154489674,1,-88.40984439433183
dpgan,ProbabilityEstimation(KernelDensity()),12435,0,-88.5174170158934,0,-88.40984439433183
dpgan,ProbabilityEstimation(KernelDensity()),12435,1,-88.08787446311293,1,-88.40984439433183
dpgan,ProbabilityEstimation(KernelDensity()),12435,0,-88.30038578486854,1,-88.40984439433183
dpgan,ProbabilityEstimation(KernelDensity()),12435,1,-87.97648813229013,1,-88.40984439433183
dpgan,ProbabilityEstimation(KernelDensity()),12435,0,-88.37862285301458,1,-88.40984439433183
dpgan,ProbabilityEstimation(KernelDensity()),12435,1,-88.53425114952005,0,-88.40984439433183
dpgan,ProbabilityEstimation(KernelDensity()),12435,0,-88.71593317795713,0,-88.40984439433183
dpgan,ProbabilityEstimation(KernelDensity()),12435,1,-88.39933437028922,1,-88.40984439433183
dpgan,ProbabilityEstimation(KernelDensity()),12435,0,-87.82464480742108,1,-88.40984439433183
dpgan,ProbabilityEstimation(KernelDensity()),12435,1,-88.28367876337838,1,-88.40984439433183
dpgan,ProbabilityEstimation(KernelDensity()),12435,0,-88.39901665512792,1,-88.40984439433183
dpgan,ProbabilityEstimation(KernelDensity()),12435,1,-87.99131264300411,1,-88.40984439433183
dpgan,ProbabilityEstimation(KernelDensity()),12435,0,-88.70352094175925,0,-88.40984439433183
dpgan,ProbabilityEstimation(KernelDensity()),12435,1,-88.28920359846371,1,-88.40984439433183
dpgan,ProbabilityEstimation(KernelDensity()),12435,0,-88.39670814121844,1,-88.40984439433183
dpgan,ProbabilityEstimation(KernelDensity()),12435,1,-88.38043537356594,1,-88.40984439433183
dpgan,ProbabilityEstimation(KernelDensity()),12435,0,-88.45020401705649,0,-88.40984439433183
dpgan,ProbabilityEstimation(KernelDensity()),12435,1,-88.23054728242822,1,-88.40984439433183
dpgan,ProbabilityEstimation(KernelDensity()),12435,0,-88.29063565398508,1,-88.40984439433183
dpgan,ProbabilityEstimation(KernelDensity()),12435,1,-88.35719397606499,1,-88.40984439433183
dpgan,ProbabilityEstimation(KernelDensity()),12435,0,-88.48987562802945,0,-88.40984439433183
dpgan,ProbabilityEstimation(KernelDensity()),12435,1,-88.8179422467555,0,-88.40984439433183
dpgan,ProbabilityEstimation(KernelDensity()),12435,0,-88.83642099793727,0,-88.40984439433183
dpgan,ProbabilityEstimation(KernelDensity()),12435,1,-88.2589890200758,1,-88.40984439433183
dpgan,ProbabilityEstimation(KernelDensity()),12435,0,-88.57512542492704,0,-88.40984439433183
dpgan,ProbabilityEstimation(KernelDensity()),12435,1,-87.99865818030621,1,-88.40984439433183
dpgan,ProbabilityEstimation(KernelDensity()),12435,0,-88.70700051811858,0,-88.40984439433183
dpgan,ProbabilityEstimation(KernelDensity()),12435,1,-88.35922824655707,1,-88.40984439433183
dpgan,ProbabilityEstimation(KernelDensity()),12435,0,-88.44224893641949,0,-88.40984439433183
dpgan,ProbabilityEstimation(KernelDensity()),12435,1,-88.25395775862654,1,-88.40984439433183
dpgan,ProbabilityEstimation(KernelDensity()),12435,0,-88.08012336782286,1,-88.40984439433183
dpgan,ProbabilityEstimation(KernelDensity()),12435,1,-88.02226442587128,1,-88.40984439433183
dpgan,ProbabilityEstimation(KernelDensity()),12435,0,-88.3625701344861,1,-88.40984439433183
dpgan,ProbabilityEstimation(KernelDensity()),12435,1,-88.19086541671776,1,-88.40984439433183
dpgan,ProbabilityEstimation(KernelDensity()),12435,0,-88.45527162606119,0,-88.40984439433183
dpgan,ProbabilityEstimation(KernelDensity()),12435,1,-88.3245395826758,1,-88.40984439433183
dpgan,ProbabilityEstimation(KernelDensity()),12435,0,-88.6952145577284,0,-88.40984439433183
dpgan,ProbabilityEstimation(KernelDensity()),12435,1,-88.53109727848376,0,-88.40984439433183
dpgan,ProbabilityEstimation(KernelDensity()),12435,0,-89.25009511674351,0,-88.40984439433183
dpgan,ProbabilityEstimation(KernelDensity()),12435,1,-88.53712089949363,0,-88.40984439433183
dpgan,ProbabilityEstimation(KernelDensity()),12435,0,-88.40995129376049,0,-88.40984439433183
dpgan,ProbabilityEstimation(KernelDensity()),12435,1,-88.29472513452522,1,-88.40984439433183
dpgan,ProbabilityEstimation(KernelDensity()),12435,0,-88.4407620757054,0,-88.40984439433183
dpgan,ProbabilityEstimation(KernelDensity()),12435,1,-88.32130454779687,1,-88.40984439433183
dpgan,ProbabilityEstimation(KernelDensity()),12435,0,-88.60782120607973,0,-88.40984439433183
dpgan,ProbabilityEstimation(KernelDensity()),12435,1,-88.45112883249531,0,-88.40984439433183
dpgan,ProbabilityEstimation(KernelDensity()),12435,0,-88.57836378231029,0,-88.40984439433183
dpgan,ProbabilityEstimation(KernelDensity()),12435,1,-88.08261884073168,1,-88.40984439433183
dpgan,ProbabilityEstimation(KernelDensity()),12435,0,-88.04339398267258,1,-88.40984439433183
dpgan,ProbabilityEstimation(KernelDensity()),12435,1,-88.4486904358917,0,-88.40984439433183
dpgan,ProbabilityEstimation(KernelDensity()),12435,0,-88.49661669163567,0,-88.40984439433183
dpgan,ProbabilityEstimation(KernelDensity()),12435,1,-88.3200245152742,1,-88.40984439433183
dpgan,ProbabilityEstimation(KernelDensity()),12435,0,-88.46891339280359,0,-88.40984439433183
dpgan,ProbabilityEstimation(KernelDensity()),12435,1,-88.48758515573098,0,-88.40984439433183
dpgan,ProbabilityEstimation(KernelDensity()),12435,0,-88.1523483687783,1,-88.40984439433183
dpgan,ProbabilityEstimation(KernelDensity()),12435,1,-88.57295717293638,0,-88.40984439433183
dpgan,ProbabilityEstimation(KernelDensity()),12435,0,-88.0707522204862,1,-88.40984439433183
dpgan,ProbabilityEstimation(KernelDensity()),12435,1,-87.85064466039715,1,-88.40984439433183
dpgan,ProbabilityEstimation(KernelDensity()),12435,0,-88.52154128064286,0,-88.40984439433183
dpgan,ProbabilityEstimation(KernelDensity()),12435,1,-88.4953005137208,0,-88.40984439433183
dpgan,ProbabilityEstimation(KernelDensity()),12435,0,-88.60319788685545,0,-88.40984439433183
dpgan,ProbabilityEstimation(KernelDensity()),12435,1,-88.58487108996007,0,-88.40984439433183
dpgan,ProbabilityEstimation(KernelDensity()),12435,0,-88.27613998823146,1,-88.40984439433183
dpgan,ProbabilityEstimation(KernelDensity()),12435,1,-88.24421391979111,1,-88.40984439433183
dpgan,ProbabilityEstimation(KernelDensity()),12435,0,-87.6816811317121,1,-88.40984439433183
dpgan,ProbabilityEstimation(KernelDensity()),12435,1,-88.42257602519237,0,-88.40984439433183
dpgan,ProbabilityEstimation(KernelDensity()),12435,0,-88.02173511936219,1,-88.40984439433183
dpgan,ProbabilityEstimation(KernelDensity()),12435,1,-88.33346919994395,1,-88.40984439433183
dpgan,ProbabilityEstimation(KernelDensity()),12435,0,-88.09895954671546,1,-88.40984439433183
dpgan,ProbabilityEstimation(KernelDensity()),12435,1,-88.22474741698336,1,-88.40984439433183
dpgan,ProbabilityEstimation(KernelDensity()),12435,0,-88.53834355143249,0,-88.40984439433183
dpgan,ProbabilityEstimation(KernelDensity()),12435,1,-88.10130039466682,1,-88.40984439433183
dpgan,ProbabilityEstimation(KernelDensity()),12435,0,-88.29866242257769,1,-88.40984439433183
dpgan,ProbabilityEstimation(KernelDensity()),12435,1,-88.23852324341202,1,-88.40984439433183
dpgan,ProbabilityEstimation(KernelDensity()),12435,0,-88.08634734561481,1,-88.40984439433183
dpgan,ProbabilityEstimation(KernelDensity()),12435,1,-88.1264158816377,1,-88.40984439433183
dpgan,ProbabilityEstimation(KernelDensity()),12435,0,-88.37900307956909,1,-88.40984439433183
dpgan,ProbabilityEstimation(KernelDensity()),12435,1,-88.58712360395411,0,-88.40984439433183
dpgan,ProbabilityEstimation(KernelDensity()),12435,0,-88.02668161603428,1,-88.40984439433183
dpgan,ProbabilityEstimation(KernelDensity()),12435,1,-88.87019256407905,0,-88.40984439433183
dpgan,ProbabilityEstimation(KernelDensity()),12435,0,-88.4219530624417,0,-88.40984439433183
dpgan,ProbabilityEstimation(KernelDensity()),12435,1,-88.54651832216223,0,-88.40984439433183
dpgan,ProbabilityEstimation(KernelDensity()),12435,0,-88.41195743389703,0,-88.40984439433183
dpgan,ProbabilityEstimation(KernelDensity()),12435,1,-88.44200179059361,0,-88.40984439433183
dpgan,ProbabilityEstimation(KernelDensity()),12435,0,-88.43798966219185,0,-88.40984439433183
dpgan,ProbabilityEstimation(KernelDensity()),12435,1,-88.78578377344104,0,-88.40984439433183
dpgan,ProbabilityEstimation(KernelDensity()),12435,0,-88.40388942576342,1,-88.40984439433183
dpgan,ProbabilityEstimation(KernelDensity()),12435,1,-88.14777830036873,1,-88.40984439433183
dpgan,ProbabilityEstimation(KernelDensity()),12435,0,-88.50051534047489,0,-88.40984439433183
dpgan,ProbabilityEstimation(KernelDensity()),12435,1,-88.15517077469431,1,-88.40984439433183
dpgan,ProbabilityEstimation(KernelDensity()),12435,0,-88.62520130400634,0,-88.40984439433183
dpgan,ProbabilityEstimation(KernelDensity()),12435,1,-88.70735916582828,0,-88.40984439433183
dpgan,ProbabilityEstimation(KernelDensity()),12435,0,-88.24320963098644,1,-88.40984439433183
dpgan,ProbabilityEstimation(KernelDensity()),12435,1,-88.34296079682284,1,-88.40984439433183
dpgan,ProbabilityEstimation(KernelDensity()),12435,0,-88.23930734839007,1,-88.40984439433183
dpgan,ProbabilityEstimation(KernelDensity()),12435,1,-88.41130643090253,0,-88.40984439433183
dpgan,ProbabilityEstimation(KernelDensity()),12435,0,-88.57012652010673,0,-88.40984439433183
dpgan,ProbabilityEstimation(KernelDensity()),12435,1,-88.03492253810427,1,-88.40984439433183
dpgan,ProbabilityEstimation(KernelDensity()),12435,0,-87.89854144889546,1,-88.40984439433183
dpgan,ProbabilityEstimation(KernelDensity()),12435,1,-88.11689065885393,1,-88.40984439433183
dpgan,ProbabilityEstimation(KernelDensity()),12435,0,-88.60429667555665,0,-88.40984439433183
dpgan,ProbabilityEstimation(KernelDensity()),12435,1,-88.24577100650716,1,-88.40984439433183
dpgan,ProbabilityEstimation(KernelDensity()),12435,0,-88.46295051602502,0,-88.40984439433183
dpgan,ProbabilityEstimation(KernelDensity()),12435,1,-88.36641777100937,1,-88.40984439433183
dpgan,ProbabilityEstimation(KernelDensity()),12435,0,-88.39092047927974,1,-88.40984439433183
dpgan,ProbabilityEstimation(KernelDensity()),12435,1,-88.62229016109094,0,-88.40984439433183
dpgan,ProbabilityEstimation(KernelDensity()),12435,0,-88.52537019884224,0,-88.40984439433183
dpgan,ProbabilityEstimation(KernelDensity()),12435,1,-88.15123945455677,1,-88.40984439433183
dpgan,ProbabilityEstimation(KernelDensity()),12435,0,-88.5112118143385,0,-88.40984439433183
dpgan,ProbabilityEstimation(KernelDensity()),12435,1,-88.24333726523263,1,-88.40984439433183
dpgan,ProbabilityEstimation(KernelDensity()),12435,0,-88.65760060960986,0,-88.40984439433183
dpgan,ProbabilityEstimation(KernelDensity()),12435,1,-88.64390159943025,0,-88.40984439433183
dpgan,ProbabilityEstimation(KernelDensity()),12435,0,-88.54295667473913,0,-88.40984439433183
dpgan,ProbabilityEstimation(KernelDensity()),12435,1,-88.75814321209833,0,-88.40984439433183
dpgan,ProbabilityEstimation(KernelDensity()),12435,0,-88.43577405942706,0,-88.40984439433183
dpgan,ProbabilityEstimation(KernelDensity()),12435,1,-88.21451612987441,1,-88.40984439433183
dpgan,ProbabilityEstimation(KernelDensity()),12435,0,-88.0802803858564,1,-88.40984439433183
dpgan,ProbabilityEstimation(KernelDensity()),12435,1,-88.47746224781677,0,-88.40984439433183
dpgan,ProbabilityEstimation(KernelDensity()),12435,0,-88.65083908975602,0,-88.40984439433183
dpgan,ProbabilityEstimation(KernelDensity()),12435,1,-88.41942531002064,0,-88.40984439433183
dpgan,ProbabilityEstimation(KernelDensity()),12435,0,-88.55670114993198,0,-88.40984439433183
dpgan,ProbabilityEstimation(KernelDensity()),12435,1,-88.10964260674965,1,-88.40984439433183
dpgan,ProbabilityEstimation(KernelDensity()),12435,0,-88.70283619718734,0,-88.40984439433183
dpgan,ProbabilityEstimation(KernelDensity()),12435,1,-88.4550543191091,0,-88.40984439433183
dpgan,ProbabilityEstimation(KernelDensity()),12435,0,-88.0094589850665,1,-88.40984439433183
dpgan,ProbabilityEstimation(KernelDensity()),12435,1,-88.16382376952414,1,-88.40984439433183
dpgan,ProbabilityEstimation(KernelDensity()),12435,0,-88.3900470025635,1,-88.40984439433183
dpgan,ProbabilityEstimation(KernelDensity()),12435,1,-88.61504285662119,0,-88.40984439433183
dpgan,ProbabilityEstimation(KernelDensity()),12435,0,-88.9705892230861,0,-88.40984439433183
dpgan,ProbabilityEstimation(KernelDensity()),12435,1,-88.3020658906362,1,-88.40984439433183
dpgan,ProbabilityEstimation(KernelDensity()),12435,0,-88.53144183398871,0,-88.40984439433183
dpgan,ProbabilityEstimation(KernelDensity()),12435,1,-88.52370077719009,0,-88.40984439433183
dpgan,ProbabilityEstimation(KernelDensity()),12435,0,-88.03293566503092,1,-88.40984439433183
dpgan,ProbabilityEstimation(KernelDensity()),12435,1,-88.20839694937617,1,-88.40984439433183
dpgan,ProbabilityEstimation(KernelDensity()),12435,0,-88.45041103981815,0,-88.40984439433183
dpgan,ProbabilityEstimation(KernelDensity()),12435,1,-88.3647783059105,1,-88.40984439433183
dpgan,ProbabilityEstimation(KernelDensity()),12435,0,-88.33764362295037,1,-88.40984439433183
dpgan,ProbabilityEstimation(KernelDensity()),12435,1,-88.19867013764492,1,-88.40984439433183
dpgan,ProbabilityEstimation(KernelDensity()),12435,0,-88.62043922181415,0,-88.40984439433183
dpgan,ProbabilityEstimation(KernelDensity()),12435,1,-88.30925591821583,1,-88.40984439433183
dpgan,ProbabilityEstimation(KernelDensity()),12435,0,-88.32695428444254,1,-88.40984439433183
dpgan,ProbabilityEstimation(KernelDensity()),12435,1,-88.00779058293865,1,-88.40984439433183
dpgan,ProbabilityEstimation(KernelDensity()),12435,0,-88.06389000153143,1,-88.40984439433183
dpgan,ProbabilityEstimation(KernelDensity()),12435,1,-88.45140393924842,0,-88.40984439433183
dpgan,ProbabilityEstimation(KernelDensity()),12435,0,-88.27351832322995,1,-88.40984439433183
dpgan,ProbabilityEstimation(KernelDensity()),12435,1,-88.30855355741565,1,-88.40984439433183
dpgan,ProbabilityEstimation(KernelDensity()),12435,0,-87.78432187982123,1,-88.40984439433183
dpgan,ProbabilityEstimation(KernelDensity()),12435,1,-88.30980816855906,1,-88.40984439433183
dpgan,ProbabilityEstimation(KernelDensity()),12435,0,-87.94580169580861,1,-88.40984439433183
dpgan,ProbabilityEstimation(KernelDensity()),12435,1,-88.25588860382636,1,-88.40984439433183
dpgan,ProbabilityEstimation(KernelDensity()),12435,0,-88.73882201853625,0,-88.40984439433183
dpgan,ProbabilityEstimation(KernelDensity()),12435,1,-88.38588996761156,1,-88.40984439433183
dpgan,ProbabilityEstimation(KernelDensity()),12435,0,-88.28452416351455,1,-88.40984439433183
dpgan,ProbabilityEstimation(KernelDensity()),12435,1,-88.56124193429386,0,-88.40984439433183
dpgan,ProbabilityEstimation(KernelDensity()),12435,0,-88.26549388321362,1,-88.40984439433183
dpgan,ProbabilityEstimation(KernelDensity()),12435,1,-88.6735668179297,0,-88.40984439433183
dpgan,ProbabilityEstimation(KernelDensity()),12435,0,-88.33900528444948,1,-88.40984439433183
dpgan,ProbabilityEstimation(KernelDensity()),12435,1,-88.33076099874648,1,-88.40984439433183
dpgan,ProbabilityEstimation(KernelDensity()),12435,0,-87.99433597368996,1,-88.40984439433183
dpgan,ProbabilityEstimation(KernelDensity()),12435,1,-88.31397693973096,1,-88.40984439433183
dpgan,ProbabilityEstimation(KernelDensity()),12435,0,-88.447864509257,0,-88.40984439433183
dpgan,ProbabilityEstimation(KernelDensity()),12435,1,-88.73840072107011,0,-88.40984439433183
dpgan,ProbabilityEstimation(KernelDensity()),12435,0,-88.58958193686809,0,-88.40984439433183
dpgan,ProbabilityEstimation(KernelDensity()),12435,1,-88.82666076268046,0,-88.40984439433183
dpgan,ProbabilityEstimation(KernelDensity()),12435,0,-88.0479007791668,1,-88.40984439433183
dpgan,ProbabilityEstimation(KernelDensity()),12435,1,-88.90403065586338,0,-88.40984439433183
dpgan,ProbabilityEstimation(KernelDensity()),12435,0,-88.26874298653485,1,-88.40984439433183
dpgan,ProbabilityEstimation(KernelDensity()),12435,1,-88.54352380927524,0,-88.40984439433183
dpgan,ProbabilityEstimation(KernelDensity()),12435,0,-88.44782523144086,0,-88.40984439433183
dpgan,ProbabilityEstimation(KernelDensity()),12435,1,-88.58466083886523,0,-88.40984439433183
dpgan,ProbabilityEstimation(KernelDensity()),12435,0,-88.22881509913498,1,-88.40984439433183
dpgan,ProbabilityEstimation(KernelDensity()),12435,1,-88.09564867434503,1,-88.40984439433183
dpgan,ProbabilityEstimation(KernelDensity()),12435,0,-88.30488349117753,1,-88.40984439433183
dpgan,ProbabilityEstimation(KernelDensity()),12435,1,-88.25424818275889,1,-88.40984439433183
dpgan,ProbabilityEstimation(KernelDensity()),12435,0,-88.00896707218024,1,-88.40984439433183
dpgan,ProbabilityEstimation(KernelDensity()),12435,1,-88.49215995424468,0,-88.40984439433183
dpgan,ProbabilityEstimation(KernelDensity()),12435,0,-87.88859473342346,1,-88.40984439433183
dpgan,ProbabilityEstimation(KernelDensity()),12435,1,-88.29781079973931,1,-88.40984439433183
dpgan,ProbabilityEstimation(KernelDensity()),12435,0,-88.09424632764971,1,-88.40984439433183
dpgan,ProbabilityEstimation(KernelDensity()),12435,1,-88.56157292520123,0,-88.40984439433183
dpgan,ProbabilityEstimation(KernelDensity()),12435,0,-88.39612516353512,1,-88.40984439433183
dpgan,ProbabilityEstimation(KernelDensity()),12435,1,-88.99303182779464,0,-88.40984439433183
dpgan,ProbabilityEstimation(KernelDensity()),12435,0,-88.14147677111619,1,-88.40984439433183
dpgan,ProbabilityEstimation(KernelDensity()),12435,1,-87.95160785703673,1,-88.40984439433183
dpgan,ProbabilityEstimation(KernelDensity()),12435,0,-88.52094162269921,0,-88.40984439433183
dpgan,ProbabilityEstimation(KernelDensity()),12435,1,-88.34403696365705,1,-88.40984439433183
dpgan,ProbabilityEstimation(KernelDensity()),12435,0,-88.58692263015483,0,-88.40984439433183
dpgan,ProbabilityEstimation(KernelDensity()),12435,1,-89.0058812139399,0,-88.40984439433183
dpgan,ProbabilityEstimation(KernelDensity()),12435,0,-88.28431062663579,1,-88.40984439433183
dpgan,ProbabilityEstimation(KernelDensity()),12435,1,-88.69028623057488,0,-88.40984439433183
dpgan,ProbabilityEstimation(KernelDensity()),12435,0,-88.39053281487487,1,-88.40984439433183
dpgan,ProbabilityEstimation(KernelDensity()),12435,1,-88.22100210112296,1,-88.40984439433183
dpgan,ProbabilityEstimation(KernelDensity()),12435,0,-88.30523325368434,1,-88.40984439433183
dpgan,ProbabilityEstimation(KernelDensity()),12435,1,-88.49643658496653,0,-88.40984439433183
dpgan,ProbabilityEstimation(KernelDensity()),12435,0,-87.9982416255499,1,-88.40984439433183
dpgan,ProbabilityEstimation(KernelDensity()),12435,1,-87.90578672499163,1,-88.40984439433183
dpgan,ProbabilityEstimation(KernelDensity()),12435,0,-88.0028650168632,1,-88.40984439433183
dpgan,ProbabilityEstimation(KernelDensity()),12435,1,-88.37386368579578,1,-88.40984439433183
dpgan,ProbabilityEstimation(KernelDensity()),12435,0,-88.12366316105232,1,-88.40984439433183
dpgan,ProbabilityEstimation(KernelDensity()),12435,1,-88.80853256359545,0,-88.40984439433183
dpgan,ProbabilityEstimation(KernelDensity()),12435,0,-88.30128828647757,1,-88.40984439433183
dpgan,ProbabilityEstimation(KernelDensity()),12435,1,-87.98635916494698,1,-88.40984439433183
dpgan,ProbabilityEstimation(KernelDensity()),12435,0,-88.1223404553979,1,-88.40984439433183
dpgan,ProbabilityEstimation(KernelDensity()),12435,1,-88.58804096268855,0,-88.40984439433183
dpgan,ProbabilityEstimation(KernelDensity()),12435,0,-88.49005374876579,0,-88.40984439433183
dpgan,ProbabilityEstimation(KernelDensity()),12435,1,-88.5167895020542,0,-88.40984439433183
dpgan,ProbabilityEstimation(KernelDensity()),12435,0,-88.85018435348452,0,-88.40984439433183
dpgan,ProbabilityEstimation(KernelDensity()),12435,1,-88.3140978169219,1,-88.40984439433183
dpgan,ProbabilityEstimation(KernelDensity()),12435,0,-88.3140146489682,1,-88.40984439433183
dpgan,ProbabilityEstimation(KernelDensity()),12435,1,-88.18349379929333,1,-88.40984439433183
dpgan,ProbabilityEstimation(KernelDensity()),12435,0,-88.18103794930902,1,-88.40984439433183
dpgan,ProbabilityEstimation(KernelDensity()),12435,1,-88.20260467473446,1,-88.40984439433183
dpgan,ProbabilityEstimation(KernelDensity()),12435,0,-88.40983103027716,1,-88.40984439433183
dpgan,ProbabilityEstimation(KernelDensity()),12435,1,-88.8162938208717,0,-88.40984439433183
dpgan,ProbabilityEstimation(KernelDensity()),12435,0,-88.79743128932148,0,-88.40984439433183
dpgan,ProbabilityEstimation(KernelDensity()),12435,1,-88.49828648559718,0,-88.40984439433183
dpgan,ProbabilityEstimation(KernelDensity()),12435,0,-88.55354379021897,0,-88.40984439433183
dpgan,ProbabilityEstimation(KernelDensity()),12435,1,-87.7489323688619,1,-88.40984439433183
dpgan,ProbabilityEstimation(KernelDensity()),12435,0,-88.39862275585779,1,-88.40984439433183
dpgan,ProbabilityEstimation(KernelDensity()),12435,1,-88.0606881987495,1,-88.40984439433183
dpgan,ProbabilityEstimation(KernelDensity()),12435,0,-88.27787150008483,1,-88.40984439433183
dpgan,ProbabilityEstimation(KernelDensity()),12435,1,-88.51766033248522,0,-88.40984439433183
dpgan,ProbabilityEstimation(KernelDensity()),12435,0,-88.37988457518294,1,-88.40984439433183
dpgan,ProbabilityEstimation(KernelDensity()),12435,1,-88.17718287249923,1,-88.40984439433183
dpgan,ProbabilityEstimation(KernelDensity()),12435,0,-88.9232377510617,0,-88.40984439433183
dpgan,ProbabilityEstimation(KernelDensity()),12435,1,-88.20258517473052,1,-88.40984439433183
dpgan,ProbabilityEstimation(KernelDensity()),12435,0,-88.36660335270201,1,-88.40984439433183
dpgan,ProbabilityEstimation(KernelDensity()),12435,1,-88.72889403661982,0,-88.40984439433183
dpgan,ProbabilityEstimation(KernelDensity()),12435,0,-88.56571363659064,0,-88.40984439433183
dpgan,ProbabilityEstimation(KernelDensity()),12435,1,-88.69216740819712,0,-88.40984439433183
dpgan,ProbabilityEstimation(KernelDensity()),12435,0,-88.65332081545876,0,-88.40984439433183
dpgan,ProbabilityEstimation(KernelDensity()),12435,1,-87.86209862340655,1,-88.40984439433183
dpgan,ProbabilityEstimation(KernelDensity()),12435,0,-88.12461979815119,1,-88.40984439433183
dpgan,ProbabilityEstimation(KernelDensity()),12435,1,-88.1675779263294,1,-88.40984439433183
dpgan,ProbabilityEstimation(KernelDensity()),12435,0,-88.42362667930591,0,-88.40984439433183
dpgan,ProbabilityEstimation(KernelDensity()),12435,1,-88.25164200822046,1,-88.40984439433183
dpgan,ProbabilityEstimation(KernelDensity()),12435,0,-87.80504752516656,1,-88.40984439433183
dpgan,ProbabilityEstimation(KernelDensity()),12435,1,-88.26799663554381,1,-88.40984439433183
dpgan,ProbabilityEstimation(KernelDensity()),12435,0,-88.38332300149126,1,-88.40984439433183
dpgan,ProbabilityEstimation(KernelDensity()),12435,1,-88.1614317438532,1,-88.40984439433183
dpgan,ProbabilityEstimation(KernelDensity()),12435,0,-88.77633046768716,0,-88.40984439433183
dpgan,ProbabilityEstimation(KernelDensity()),12435,1,-88.65591877449899,0,-88.40984439433183
dpgan,ProbabilityEstimation(KernelDensity()),12435,0,-88.33868429050105,1,-88.40984439433183
dpgan,ProbabilityEstimation(KernelDensity()),12435,1,-88.42832509479477,0,-88.40984439433183
dpgan,ProbabilityEstimation(KernelDensity()),12435,0,-88.36100714864466,1,-88.40984439433183
dpgan,ProbabilityEstimation(KernelDensity()),12435,1,-88.45485644489673,0,-88.40984439433183
dpgan,ProbabilityEstimation(KernelDensity()),12435,0,-88.22354698056733,1,-88.40984439433183
dpgan,ProbabilityEstimation(KernelDensity()),12435,1,-88.6735836039649,0,-88.40984439433183
dpgan,ProbabilityEstimation(KernelDensity()),12435,0,-88.4736364990939,0,-88.40984439433183
dpgan,ProbabilityEstimation(KernelDensity()),12435,1,-88.33749842050122,1,-88.40984439433183
dpgan,ProbabilityEstimation(KernelDensity()),12435,0,-88.23471415868619,1,-88.40984439433183
dpgan,ProbabilityEstimation(KernelDensity()),12435,1,-88.25395775016767,1,-88.40984439433183
dpgan,ProbabilityEstimation(KernelDensity()),12435,0,-88.93159610770809,0,-88.40984439433183
dpgan,ProbabilityEstimation(KernelDensity()),12435,1,-88.28384453372148,1,-88.40984439433183
dpgan,ProbabilityEstimation(KernelDensity()),12435,0,-87.99164117140283,1,-88.40984439433183
dpgan,ProbabilityEstimation(KernelDensity()),12435,1,-88.33600285451264,1,-88.40984439433183
dpgan,ProbabilityEstimation(KernelDensity()),12435,0,-88.2642590472353,1,-88.40984439433183
dpgan,ProbabilityEstimation(KernelDensity()),12435,1,-88.15215922529791,1,-88.40984439433183
dpgan,ProbabilityEstimation(KernelDensity()),12435,0,-88.08542691262173,1,-88.40984439433183
dpgan,ProbabilityEstimation(KernelDensity()),12435,1,-88.35708720085171,1,-88.40984439433183
dpgan,ProbabilityEstimation(KernelDensity()),12435,0,-88.46978371211463,0,-88.40984439433183
dpgan,ProbabilityEstimation(KernelDensity()),12435,1,-88.16228771293412,1,-88.40984439433183
dpgan,ProbabilityEstimation(KernelDensity()),12435,0,-88.11731263917694,1,-88.40984439433183
dpgan,ProbabilityEstimation(KernelDensity()),12435,1,-88.48003040404485,0,-88.40984439433183
dpgan,ProbabilityEstimation(KernelDensity()),12435,0,-88.63554681338745,0,-88.40984439433183
dpgan,ProbabilityEstimation(KernelDensity()),12435,1,-88.32009233438035,1,-88.40984439433183
dpgan,ProbabilityEstimation(KernelDensity()),12435,0,-88.40962190339648,1,-88.40984439433183
dpgan,ProbabilityEstimation(KernelDensity()),12435,1,-88.38117798394543,1,-88.40984439433183
dpgan,ProbabilityEstimation(KernelDensity()),12435,0,-88.47897086644676,0,-88.40984439433183
dpgan,ProbabilityEstimation(KernelDensity()),12435,1,-88.89137360453184,0,-88.40984439433183
dpgan,ProbabilityEstimation(KernelDensity()),12435,0,-88.12770381645068,1,-88.40984439433183
dpgan,ProbabilityEstimation(KernelDensity()),12435,1,-88.8316948172281,0,-88.40984439433183
dpgan,ProbabilityEstimation(KernelDensity()),12435,0,-88.22534043383976,1,-88.40984439433183
dpgan,ProbabilityEstimation(KernelDensity()),12435,1,-88.23149520643022,1,-88.40984439433183
dpgan,ProbabilityEstimation(KernelDensity()),12435,0,-88.09129340467192,1,-88.40984439433183
dpgan,ProbabilityEstimation(KernelDensity()),12435,1,-88.23650620387313,1,-88.40984439433183
dpgan,ProbabilityEstimation(KernelDensity()),12435,0,-88.16647677673706,1,-88.40984439433183
dpgan,ProbabilityEstimation(KernelDensity()),12435,1,-88.10232226621083,1,-88.40984439433183
dpgan,ProbabilityEstimation(KernelDensity()),12435,0,-88.25874259635398,1,-88.40984439433183
dpgan,ProbabilityEstimation(KernelDensity()),12435,1,-88.19711155943754,1,-88.40984439433183
dpgan,ProbabilityEstimation(KernelDensity()),12435,0,-88.12204047729377,1,-88.40984439433183
dpgan,ProbabilityEstimation(KernelDensity()),12435,1,-88.34868759423273,1,-88.40984439433183
dpgan,ProbabilityEstimation(KernelDensity()),12435,0,-88.06179446838742,1,-88.40984439433183
dpgan,ProbabilityEstimation(KernelDensity()),12435,1,-88.37170780350536,1,-88.40984439433183
dpgan,ProbabilityEstimation(KernelDensity()),12435,0,-88.2335863962066,1,-88.40984439433183
dpgan,ProbabilityEstimation(KernelDensity()),12435,1,-88.5111994100287,0,-88.40984439433183
dpgan,ProbabilityEstimation(KernelDensity()),12435,0,-88.07994965268271,1,-88.40984439433183
dpgan,ProbabilityEstimation(KernelDensity()),12435,1,-88.20838718932627,1,-88.40984439433183
dpgan,ProbabilityEstimation(KernelDensity()),12435,0,-88.36965421512501,1,-88.40984439433183
dpgan,ProbabilityEstimation(KernelDensity()),12435,1,-88.3308252638687,1,-88.40984439433183
dpgan,ProbabilityEstimation(KernelDensity()),12435,0,-88.4197067717222,0,-88.40984439433183
dpgan,ProbabilityEstimation(KernelDensity()),12435,1,-88.26568366760957,1,-88.40984439433183
dpgan,ProbabilityEstimation(KernelDensity()),12435,0,-89.1014901865409,0,-88.40984439433183
dpgan,ProbabilityEstimation(KernelDensity()),12435,1,-88.17498503433555,1,-88.40984439433183
dpgan,ProbabilityEstimation(KernelDensity()),12435,0,-88.55401215550779,0,-88.40984439433183
dpgan,ProbabilityEstimation(KernelDensity()),12435,1,-87.8277092975907,1,-88.40984439433183
dpgan,ProbabilityEstimation(KernelDensity()),12435,0,-88.25107678710928,1,-88.40984439433183
dpgan,ProbabilityEstimation(KernelDensity()),12435,1,-88.29198563636702,1,-88.40984439433183
dpgan,ProbabilityEstimation(KernelDensity()),12435,0,-88.08943345546221,1,-88.40984439433183
dpgan,ProbabilityEstimation(KernelDensity()),12435,1,-88.70764767013064,0,-88.40984439433183
dpgan,ProbabilityEstimation(KernelDensity()),12435,0,-88.80010770573199,0,-88.40984439433183
dpgan,ProbabilityEstimation(KernelDensity()),12435,1,-88.89615500908327,0,-88.40984439433183
dpgan,ProbabilityEstimation(KernelDensity()),12435,0,-88.07204376678668,1,-88.40984439433183
dpgan,ProbabilityEstimation(KernelDensity()),12435,1,-88.4188468658389,0,-88.40984439433183
dpgan,ProbabilityEstimation(KernelDensity()),12435,0,-88.44152719090184,0,-88.40984439433183
dpgan,ProbabilityEstimation(KernelDensity()),12435,1,-88.7521517079221,0,-88.40984439433183
dpgan,ProbabilityEstimation(KernelDensity()),12435,0,-88.55001919307729,0,-88.40984439433183
dpgan,ProbabilityEstimation(KernelDensity()),12435,1,-88.50825785580233,0,-88.40984439433183
dpgan,ProbabilityEstimation(KernelDensity()),12435,0,-88.41531518746605,0,-88.40984439433183
dpgan,ProbabilityEstimation(KernelDensity()),12435,1,-88.42516102661308,0,-88.40984439433183
dpgan,ProbabilityEstimation(KernelDensity()),12435,0,-88.15417695379695,1,-88.40984439433183
dpgan,ProbabilityEstimation(KernelDensity()),12435,1,-88.17695350841745,1,-88.40984439433183
dpgan,ProbabilityEstimation(KernelDensity()),12435,0,-88.42864245818629,0,-88.40984439433183
dpgan,ProbabilityEstimation(KernelDensity()),12435,1,-88.56338533628343,0,-88.40984439433183
dpgan,ProbabilityEstimation(KernelDensity()),12435,0,-88.39672479518477,1,-88.40984439433183
dpgan,ProbabilityEstimation(KernelDensity()),12435,1,-88.04600206882208,1,-88.40984439433183
dpgan,ProbabilityEstimation(KernelDensity()),12435,0,-88.60354754809136,0,-88.40984439433183
dpgan,ProbabilityEstimation(KernelDensity()),12435,1,-88.4057503146164,1,-88.40984439433183
dpgan,ProbabilityEstimation(KernelDensity()),12435,0,-87.966480088615,1,-88.40984439433183
dpgan,ProbabilityEstimation(KernelDensity()),12435,1,-88.71905124879248,0,-88.40984439433183
dpgan,ProbabilityEstimation(KernelDensity()),12435,0,-88.69264035217189,0,-88.40984439433183
dpgan,ProbabilityEstimation(KernelDensity()),12435,1,-87.93678044131713,1,-88.40984439433183
dpgan,ProbabilityEstimation(KernelDensity()),12435,0,-88.79546445708604,0,-88.40984439433183
dpgan,ProbabilityEstimation(KernelDensity()),12435,1,-88.12285789746805,1,-88.40984439433183
dpgan,ProbabilityEstimation(KernelDensity()),12435,0,-88.3314152724317,1,-88.40984439433183
dpgan,ProbabilityEstimation(KernelDensity()),12435,1,-88.53775162114141,0,-88.40984439433183
dpgan,ProbabilityEstimation(KernelDensity()),12435,0,-89.25204373457639,0,-88.40984439433183
dpgan,ProbabilityEstimation(KernelDensity()),12435,1,-88.13339752201557,1,-88.40984439433183
dpgan,ProbabilityEstimation(KernelDensity()),12435,0,-87.86577781862904,1,-88.40984439433183
dpgan,ProbabilityEstimation(KernelDensity()),12435,1,-88.28729869135229,1,-88.40984439433183
dpgan,ProbabilityEstimation(KernelDensity()),12435,0,-88.12631825524613,1,-88.40984439433183
dpgan,ProbabilityEstimation(KernelDensity()),12435,1,-88.70624809710868,0,-88.40984439433183
dpgan,ProbabilityEstimation(KernelDensity()),12435,0,-88.81214451426949,0,-88.40984439433183
dpgan,ProbabilityEstimation(KernelDensity()),12435,1,-88.14402722568005,1,-88.40984439433183
dpgan,ProbabilityEstimation(KernelDensity()),12435,0,-88.08627908510606,1,-88.40984439433183
dpgan,ProbabilityEstimation(KernelDensity()),12435,1,-88.71064175169087,0,-88.40984439433183
dpgan,ProbabilityEstimation(KernelDensity()),12435,0,-88.14261779019365,1,-88.40984439433183
dpgan,ProbabilityEstimation(KernelDensity()),12435,1,-88.42507171518307,0,-88.40984439433183
dpgan,ProbabilityEstimation(KernelDensity()),12435,0,-88.48516787049336,0,-88.40984439433183
dpgan,ProbabilityEstimation(KernelDensity()),12435,1,-88.63696287775677,0,-88.40984439433183
dpgan,ProbabilityEstimation(KernelDensity()),12435,0,-88.40657955862358,1,-88.40984439433183
dpgan,ProbabilityEstimation(KernelDensity()),12435,1,-88.27097556441258,1,-88.40984439433183
dpgan,ProbabilityEstimation(KernelDensity()),12435,0,-88.18414402575527,1,-88.40984439433183
dpgan,ProbabilityEstimation(KernelDensity()),12435,1,-88.58637646330621,0,-88.40984439433183
dpgan,ProbabilityEstimation(KernelDensity()),12435,0,-88.57343416941055,0,-88.40984439433183
dpgan,ProbabilityEstimation(KernelDensity()),12435,1,-88.1188146337403,1,-88.40984439433183
dpgan,ProbabilityEstimation(KernelDensity()),12435,0,-88.28651655625954,1,-88.40984439433183
dpgan,ProbabilityEstimation(KernelDensity()),12435,1,-88.26018736007866,1,-88.40984439433183
dpgan,ProbabilityEstimation(KernelDensity()),12435,0,-88.16197805155178,1,-88.40984439433183
dpgan,ProbabilityEstimation(KernelDensity()),12435,1,-88.68299503135738,0,-88.40984439433183
dpgan,ProbabilityEstimation(KernelDensity()),12435,0,-88.10148740132175,1,-88.40984439433183
dpgan,ProbabilityEstimation(KernelDensity()),12435,1,-88.42123155636921,0,-88.40984439433183
dpgan,ProbabilityEstimation(KernelDensity()),12435,0,-88.77773706340191,0,-88.40984439433183
dpgan,ProbabilityEstimation(KernelDensity()),12435,1,-88.30105691847807,1,-88.40984439433183
dpgan,ProbabilityEstimation(KernelDensity()),12435,0,-88.4255759558038,0,-88.40984439433183
dpgan,ProbabilityEstimation(KernelDensity()),12435,1,-88.53380018834879,0,-88.40984439433183
dpgan,ProbabilityEstimation(KernelDensity()),12435,0,-88.13248965092002,1,-88.40984439433183
dpgan,ProbabilityEstimation(KernelDensity()),12435,1,-88.24309900761436,1,-88.40984439433183
dpgan,ProbabilityEstimation(KernelDensity()),12435,0,-88.5065533259751,0,-88.40984439433183
dpgan,ProbabilityEstimation(KernelDensity()),12435,1,-88.33865711309721,1,-88.40984439433183
dpgan,ProbabilityEstimation(KernelDensity()),12435,0,-88.46266791284432,0,-88.40984439433183
dpgan,ProbabilityEstimation(KernelDensity()),12435,1,-88.2304732968303,1,-88.40984439433183
dpgan,ProbabilityEstimation(KernelDensity()),12435,0,-88.24032721871367,1,-88.40984439433183
dpgan,ProbabilityEstimation(KernelDensity()),12435,1,-88.1836796744633,1,-88.40984439433183
dpgan,ProbabilityEstimation(KernelDensity()),12435,0,-88.32898221865483,1,-88.40984439433183
dpgan,ProbabilityEstimation(KernelDensity()),12435,1,-88.22311717468226,1,-88.40984439433183
dpgan,ProbabilityEstimation(KernelDensity()),12435,0,-88.31802802008606,1,-88.40984439433183
dpgan,ProbabilityEstimation(KernelDensity()),12435,1,-88.33926992476225,1,-88.40984439433183
dpgan,ProbabilityEstimation(KernelDensity()),12435,0,-88.78878409128804,0,-88.40984439433183
dpgan,ProbabilityEstimation(KernelDensity()),12435,1,-88.40616628693488,1,-88.40984439433183
dpgan,ProbabilityEstimation(KernelDensity()),12435,0,-88.34726725212334,1,-88.40984439433183
dpgan,ProbabilityEstimation(KernelDensity()),12435,1,-88.37805373883494,1,-88.40984439433183
dpgan,ProbabilityEstimation(KernelDensity()),12435,0,-88.13333821562897,1,-88.40984439433183
dpgan,ProbabilityEstimation(KernelDensity()),12435,1,-89.06673002170889,0,-88.40984439433183
dpgan,ProbabilityEstimation(KernelDensity()),12435,0,-88.22393302930698,1,-88.40984439433183
dpgan,ProbabilityEstimation(KernelDensity()),12435,1,-88.30283797914447,1,-88.40984439433183
dpgan,ProbabilityEstimation(KernelDensity()),12435,0,-88.46386965322147,0,-88.40984439433183
dpgan,ProbabilityEstimation(KernelDensity()),12435,1,-88.2254429229677,1,-88.40984439433183
dpgan,ProbabilityEstimation(KernelDensity()),12435,0,-88.53876067090948,0,-88.40984439433183
dpgan,ProbabilityEstimation(KernelDensity()),12435,1,-88.18509179961131,1,-88.40984439433183
dpgan,ProbabilityEstimation(KernelDensity()),12435,0,-88.60692444793807,0,-88.40984439433183
dpgan,ProbabilityEstimation(KernelDensity()),12435,1,-88.70026478868277,0,-88.40984439433183
dpgan,ProbabilityEstimation(KernelDensity()),12435,0,-88.67688174091646,0,-88.40984439433183
dpgan,ProbabilityEstimation(KernelDensity()),12435,1,-88.7679074113419,0,-88.40984439433183
dpgan,ProbabilityEstimation(KernelDensity()),12435,0,-88.40632414628452,1,-88.40984439433183
dpgan,ProbabilityEstimation(KernelDensity()),12435,1,-88.39844004175393,1,-88.40984439433183
dpgan,ProbabilityEstimation(KernelDensity()),12435,0,-88.39499750702844,1,-88.40984439433183
dpgan,ProbabilityEstimation(KernelDensity()),12435,1,-88.55913298298898,0,-88.40984439433183
dpgan,ProbabilityEstimation(KernelDensity()),12435,0,-88.25161447013105,1,-88.40984439433183
dpgan,ProbabilityEstimation(KernelDensity()),12435,1,-88.43723571174573,0,-88.40984439433183
dpgan,ProbabilityEstimation(KernelDensity()),12435,0,-88.24642311972754,1,-88.40984439433183
dpgan,ProbabilityEstimation(KernelDensity()),12435,1,-88.04191139980541,1,-88.40984439433183
dpgan,ProbabilityEstimation(KernelDensity()),12435,0,-88.38181303289232,1,-88.40984439433183
dpgan,ProbabilityEstimation(KernelDensity()),12435,1,-88.57642364850628,0,-88.40984439433183
dpgan,ProbabilityEstimation(KernelDensity()),12435,0,-88.35631946609578,1,-88.40984439433183
dpgan,ProbabilityEstimation(KernelDensity()),12435,1,-88.00095592742265,1,-88.40984439433183
dpgan,ProbabilityEstimation(KernelDensity()),12435,0,-88.53478339363286,0,-88.40984439433183
dpgan,ProbabilityEstimation(KernelDensity()),12435,1,-88.07236959046809,1,-88.40984439433183
dpgan,ProbabilityEstimation(KernelDensity()),12435,0,-88.2880078056633,1,-88.40984439433183
dpgan,ProbabilityEstimation(KernelDensity()),12435,1,-88.36958047467076,1,-88.40984439433183
dpgan,ProbabilityEstimation(KernelDensity()),12435,0,-88.39476257668973,1,-88.40984439433183
dpgan,ProbabilityEstimation(KernelDensity()),12435,1,-88.69054407717677,0,-88.40984439433183
dpgan,ProbabilityEstimation(KernelDensity()),12435,0,-88.31484523593234,1,-88.40984439433183
dpgan,ProbabilityEstimation(KernelDensity()),12435,1,-88.4267731751735,0,-88.40984439433183
dpgan,ProbabilityEstimation(KernelDensity()),12435,0,-88.39668362287988,1,-88.40984439433183
dpgan,ProbabilityEstimation(KernelDensity()),12435,1,-88.5413253110212,0,-88.40984439433183
dpgan,ProbabilityEstimation(KernelDensity()),12435,0,-88.79793359823991,0,-88.40984439433183
dpgan,ProbabilityEstimation(KernelDensity()),12435,1,-88.40090665985474,1,-88.40984439433183
dpgan,ProbabilityEstimation(KernelDensity()),12435,0,-88.05919619357095,1,-88.40984439433183
dpgan,ProbabilityEstimation(KernelDensity()),12435,1,-88.44752350531483,0,-88.40984439433183
dpgan,ProbabilityEstimation(KernelDensity()),12435,0,-88.39141031617325,1,-88.40984439433183
dpgan,ProbabilityEstimation(KernelDensity()),12435,1,-88.05242091236764,1,-88.40984439433183
dpgan,ProbabilityEstimation(KernelDensity()),12435,0,-88.48771049831744,0,-88.40984439433183
dpgan,ProbabilityEstimation(KernelDensity()),12435,1,-88.16624902851547,1,-88.40984439433183
dpgan,ProbabilityEstimation(KernelDensity()),12435,0,-88.34385324201753,1,-88.40984439433183
dpgan,ProbabilityEstimation(KernelDensity()),12435,1,-88.12240625684066,1,-88.40984439433183
dpgan,ProbabilityEstimation(KernelDensity()),12435,0,-88.18708139321481,1,-88.40984439433183
dpgan,ProbabilityEstimation(KernelDensity()),12435,1,-88.5018660247087,0,-88.40984439433183
dpgan,ProbabilityEstimation(KernelDensity()),12435,0,-88.19721051377348,1,-88.40984439433183
dpgan,ProbabilityEstimation(KernelDensity()),12435,1,-88.31881717537455,1,-88.40984439433183
dpgan,ProbabilityEstimation(KernelDensity()),12435,0,-88.49854301586117,0,-88.40984439433183
dpgan,ProbabilityEstimation(KernelDensity()),12435,1,-88.34037167031886,1,-88.40984439433183
dpgan,ProbabilityEstimation(KernelDensity()),12435,0,-88.19412123213667,1,-88.40984439433183
dpgan,ProbabilityEstimation(KernelDensity()),12435,1,-88.25775449705584,1,-88.40984439433183
dpgan,ProbabilityEstimation(KernelDensity()),12435,0,-88.65050357593445,0,-88.40984439433183
dpgan,ProbabilityEstimation(KernelDensity()),12435,1,-88.88352292179269,0,-88.40984439433183
dpgan,ProbabilityEstimation(KernelDensity()),12435,0,-88.80662665697872,0,-88.40984439433183
dpgan,ProbabilityEstimation(KernelDensity()),12435,1,-88.34093058392385,1,-88.40984439433183
dpgan,ProbabilityEstimation(KernelDensity()),12435,0,-88.42660263795571,0,-88.40984439433183
dpgan,ProbabilityEstimation(KernelDensity()),12435,1,-88.61692769461277,0,-88.40984439433183
dpgan,ProbabilityEstimation(KernelDensity()),12435,0,-88.4903507183006,0,-88.40984439433183
dpgan,ProbabilityEstimation(KernelDensity()),12435,1,-88.01987170512892,1,-88.40984439433183
dpgan,ProbabilityEstimation(KernelDensity()),12435,0,-88.42649324128533,0,-88.40984439433183
dpgan,ProbabilityEstimation(KernelDensity()),12435,1,-88.2215192258594,1,-88.40984439433183
dpgan,ProbabilityEstimation(KernelDensity()),12435,0,-88.32769077402057,1,-88.40984439433183
dpgan,ProbabilityEstimation(KernelDensity()),12435,1,-88.66603665801487,0,-88.40984439433183
dpgan,ProbabilityEstimation(KernelDensity()),12435,0,-88.46064527025507,0,-88.40984439433183
dpgan,ProbabilityEstimation(KernelDensity()),12435,1,-88.36599084959867,1,-88.40984439433183
dpgan,ProbabilityEstimation(KernelDensity()),12435,0,-88.32117566724858,1,-88.40984439433183
dpgan,ProbabilityEstimation(KernelDensity()),12435,1,-88.706353824799,0,-88.40984439433183
dpgan,ProbabilityEstimation(KernelDensity()),12435,0,-88.59710337136116,0,-88.40984439433183
dpgan,ProbabilityEstimation(KernelDensity()),12435,1,-88.92611463358396,0,-88.40984439433183
dpgan,ProbabilityEstimation(KernelDensity()),12435,0,-88.54594682571224,0,-88.40984439433183
dpgan,ProbabilityEstimation(KernelDensity()),12435,1,-88.39445649314085,1,-88.40984439433183
dpgan,ProbabilityEstimation(KernelDensity()),12435,0,-88.74288423440255,0,-88.40984439433183
dpgan,ProbabilityEstimation(KernelDensity()),12435,1,-88.1987623997385,1,-88.40984439433183
dpgan,ProbabilityEstimation(KernelDensity()),12435,0,-88.69261855680058,0,-88.40984439433183
dpgan,ProbabilityEstimation(KernelDensity()),12435,1,-88.40844920667733,1,-88.40984439433183
dpgan,ProbabilityEstimation(KernelDensity()),12435,0,-88.70189411189736,0,-88.40984439433183
dpgan,ProbabilityEstimation(KernelDensity()),12435,1,-88.42790119682765,0,-88.40984439433183
dpgan,ProbabilityEstimation(KernelDensity()),12435,0,-88.3145764334228,1,-88.40984439433183
dpgan,ProbabilityEstimation(KernelDensity()),12435,1,-88.05866847197584,1,-88.40984439433183
dpgan,ProbabilityEstimation(KernelDensity()),12435,0,-88.25924354882021,1,-88.40984439433183
dpgan,ProbabilityEstimation(KernelDensity()),12435,1,-88.60183081874422,0,-88.40984439433183
dpgan,ProbabilityEstimation(KernelDensity()),12435,0,-88.7480536856692,0,-88.40984439433183
dpgan,ProbabilityEstimation(KernelDensity()),12435,1,-88.40445675496272,1,-88.40984439433183
dpgan,ProbabilityEstimation(KernelDensity()),12435,0,-88.12074478013653,1,-88.40984439433183
dpgan,ProbabilityEstimation(KernelDensity()),12435,1,-88.80103379787072,0,-88.40984439433183
dpgan,ProbabilityEstimation(KernelDensity()),12435,0,-88.41813460781333,0,-88.40984439433183
dpgan,ProbabilityEstimation(KernelDensity()),12435,1,-87.9242246178262,1,-88.40984439433183
dpgan,ProbabilityEstimation(KernelDensity()),12435,0,-88.10368222933666,1,-88.40984439433183
dpgan,ProbabilityEstimation(KernelDensity()),12435,1,-88.1539008479517,1,-88.40984439433183
dpgan,ProbabilityEstimation(KernelDensity()),12435,0,-88.3149270671573,1,-88.40984439433183
dpgan,ProbabilityEstimation(KernelDensity()),12435,1,-88.4817181537823,0,-88.40984439433183
dpgan,ProbabilityEstimation(KernelDensity()),12435,0,-88.0253770214491,1,-88.40984439433183
dpgan,ProbabilityEstimation(KernelDensity()),12435,1,-88.89745528455694,0,-88.40984439433183
dpgan,ProbabilityEstimation(KernelDensity()),12435,0,-88.16800486838895,1,-88.40984439433183
dpgan,ProbabilityEstimation(KernelDensity()),12435,1,-88.10037328639892,1,-88.40984439433183
dpgan,ProbabilityEstimation(KernelDensity()),12435,0,-88.55877176475968,0,-88.40984439433183
dpgan,ProbabilityEstimation(KernelDensity()),12435,1,-88.14206035242071,1,-88.40984439433183
dpgan,ProbabilityEstimation(KernelDensity()),12435,0,-88.16571719011958,1,-88.40984439433183
dpgan,ProbabilityEstimation(KernelDensity()),12435,1,-88.56917512939147,0,-88.40984439433183
dpgan,ProbabilityEstimation(KernelDensity()),12435,0,-88.71315065004158,0,-88.40984439433183
dpgan,ProbabilityEstimation(KernelDensity()),12435,1,-88.02374177398478,1,-88.40984439433183
dpgan,ProbabilityEstimation(KernelDensity()),12435,0,-88.78463652593337,0,-88.40984439433183
dpgan,ProbabilityEstimation(KernelDensity()),12435,1,-88.12747076579515,1,-88.40984439433183
dpgan,ProbabilityEstimation(KernelDensity()),12435,0,-88.56315249389742,0,-88.40984439433183
dpgan,ProbabilityEstimation(KernelDensity()),12435,1,-88.61631014020463,0,-88.40984439433183
dpgan,ProbabilityEstimation(KernelDensity()),12435,0,-88.82746054011808,0,-88.40984439433183
dpgan,ProbabilityEstimation(KernelDensity()),12435,1,-88.74881068271506,0,-88.40984439433183
dpgan,ProbabilityEstimation(KernelDensity()),12435,0,-88.40372739247545,1,-88.40984439433183
dpgan,ProbabilityEstimation(KernelDensity()),12435,1,-88.4948621010383,0,-88.40984439433183
dpgan,ProbabilityEstimation(KernelDensity()),12435,0,-88.71589238176304,0,-88.40984439433183
dpgan,ProbabilityEstimation(KernelDensity()),12435,1,-88.36097580166282,1,-88.40984439433183
dpgan,ProbabilityEstimation(KernelDensity()),12435,0,-87.98699348787069,1,-88.40984439433183
dpgan,ProbabilityEstimation(KernelDensity()),12435,1,-88.36807184199242,1,-88.40984439433183
dpgan,ProbabilityEstimation(KernelDensity()),12435,0,-88.69903617110897,0,-88.40984439433183
dpgan,ProbabilityEstimation(KernelDensity()),12435,1,-88.03798731072959,1,-88.40984439433183
dpgan,ProbabilityEstimation(KernelDensity()),12435,0,-88.61880459880999,0,-88.40984439433183
dpgan,ProbabilityEstimation(KernelDensity()),12435,1,-88.01819796732761,1,-88.40984439433183
dpgan,ProbabilityEstimation(KernelDensity()),12435,0,-88.17506269947157,1,-88.40984439433183
dpgan,ProbabilityEstimation(KernelDensity()),12435,1,-88.08869863867416,1,-88.40984439433183
dpgan,ProbabilityEstimation(KernelDensity()),12435,0,-88.22773315486062,1,-88.40984439433183
dpgan,ProbabilityEstimation(KernelDensity()),12435,1,-88.33816640154947,1,-88.40984439433183
dpgan,ProbabilityEstimation(KernelDensity()),12435,0,-88.3753100453551,1,-88.40984439433183
dpgan,ProbabilityEstimation(KernelDensity()),12435,1,-88.09021210422972,1,-88.40984439433183
dpgan,ProbabilityEstimation(KernelDensity()),12435,0,-88.54177231250466,0,-88.40984439433183
dpgan,ProbabilityEstimation(KernelDensity()),12435,1,-88.6851774972831,0,-88.40984439433183
dpgan,ProbabilityEstimation(KernelDensity()),12435,0,-88.36719006933696,1,-88.40984439433183
dpgan,ProbabilityEstimation(KernelDensity()),12435,1,-88.23402773557564,1,-88.40984439433183
dpgan,ProbabilityEstimation(KernelDensity()),12435,0,-88.51281660026464,0,-88.40984439433183
dpgan,ProbabilityEstimation(KernelDensity()),12435,1,-88.02868829065854,1,-88.40984439433183
dpgan,ProbabilityEstimation(KernelDensity()),12435,0,-88.35766624291857,1,-88.40984439433183
dpgan,ProbabilityEstimation(KernelDensity()),12435,1,-88.26772390535251,1,-88.40984439433183
dpgan,ProbabilityEstimation(KernelDensity()),12435,0,-88.23272621784349,1,-88.40984439433183
dpgan,ProbabilityEstimation(KernelDensity()),12435,1,-88.05848853065261,1,-88.40984439433183
dpgan,ProbabilityEstimation(KernelDensity()),12435,0,-88.81393739328914,0,-88.40984439433183
dpgan,ProbabilityEstimation(KernelDensity()),12435,1,-88.511104169605,0,-88.40984439433183
dpgan,ProbabilityEstimation(KernelDensity()),12435,0,-88.17918455849762,1,-88.40984439433183
dpgan,ProbabilityEstimation(KernelDensity()),12435,1,-88.66347104269198,0,-88.40984439433183
dpgan,ProbabilityEstimation(KernelDensity()),12435,0,-88.37226914424069,1,-88.40984439433183
dpgan,ProbabilityEstimation(KernelDensity()),12435,1,-88.8326155735018,0,-88.40984439433183
dpgan,ProbabilityEstimation(KernelDensity()),12435,0,-88.67508793290033,0,-88.40984439433183
dpgan,ProbabilityEstimation(KernelDensity()),12435,1,-88.43493326402576,0,-88.40984439433183
dpgan,ProbabilityEstimation(KernelDensity()),12435,0,-88.38248849814603,1,-88.40984439433183
dpgan,ProbabilityEstimation(KernelDensity()),12435,1,-88.60338485397608,0,-88.40984439433183
dpgan,ProbabilityEstimation(KernelDensity()),12435,0,-88.28779100238515,1,-88.40984439433183
dpgan,ProbabilityEstimation(KernelDensity()),12435,1,-89.45502508527196,0,-88.40984439433183
dpgan,ProbabilityEstimation(KernelDensity()),12435,0,-88.37366320897489,1,-88.40984439433183
dpgan,ProbabilityEstimation(KernelDensity()),12435,1,-88.38411010826617,1,-88.40984439433183
dpgan,ProbabilityEstimation(KernelDensity()),12435,0,-88.42733419723353,0,-88.40984439433183
dpgan,ProbabilityEstimation(KernelDensity()),12435,1,-88.54159281646662,0,-88.40984439433183
dpgan,ProbabilityEstimation(KernelDensity()),12435,0,-88.22587141058133,1,-88.40984439433183
dpgan,ProbabilityEstimation(KernelDensity()),12435,1,-88.4819238443396,0,-88.40984439433183
dpgan,ProbabilityEstimation(KernelDensity()),12435,0,-88.72183774052779,0,-88.40984439433183
dpgan,ProbabilityEstimation(KernelDensity()),12435,1,-88.76524357542492,0,-88.40984439433183
dpgan,ProbabilityEstimation(KernelDensity()),12435,0,-88.11750063278706,1,-88.40984439433183
dpgan,ProbabilityEstimation(KernelDensity()),12435,1,-88.484030982821,0,-88.40984439433183
dpgan,ProbabilityEstimation(KernelDensity()),12435,0,-88.72868804440648,0,-88.40984439433183
dpgan,ProbabilityEstimation(KernelDensity()),12435,1,-88.26451467731276,1,-88.40984439433183
dpgan,ProbabilityEstimation(KernelDensity()),12435,0,-88.54629849664883,0,-88.40984439433183
dpgan,ProbabilityEstimation(KernelDensity()),12435,1,-88.52388630220057,0,-88.40984439433183
dpgan,ProbabilityEstimation(KernelDensity()),12435,0,-88.38499302769615,1,-88.40984439433183
dpgan,ProbabilityEstimation(KernelDensity()),12435,1,-88.46086663781128,0,-88.40984439433183
dpgan,ProbabilityEstimation(KernelDensity()),12435,0,-88.23533586559104,1,-88.40984439433183
dpgan,ProbabilityEstimation(KernelDensity()),12435,1,-88.38186141293318,1,-88.40984439433183
dpgan,ProbabilityEstimation(KernelDensity()),12435,0,-88.89627458384264,0,-88.40984439433183
dpgan,ProbabilityEstimation(KernelDensity()),12435,1,-88.49108115830974,0,-88.40984439433183
dpgan,ProbabilityEstimation(KernelDensity()),12435,0,-88.01581508654984,1,-88.40984439433183
dpgan,ProbabilityEstimation(KernelDensity()),12435,1,-88.27121203324262,1,-88.40984439433183
dpgan,ProbabilityEstimation(KernelDensity()),12435,0,-88.44253347442394,0,-88.40984439433183
dpgan,ProbabilityEstimation(KernelDensity()),12435,1,-88.56880285543333,0,-88.40984439433183
dpgan,ProbabilityEstimation(KernelDensity()),12435,0,-88.41520694092088,0,-88.40984439433183
dpgan,ProbabilityEstimation(KernelDensity()),12435,1,-88.39064403736027,1,-88.40984439433183
dpgan,ProbabilityEstimation(KernelDensity()),12435,0,-88.56599300368836,0,-88.40984439433183
dpgan,ProbabilityEstimation(KernelDensity()),12435,1,-88.1591493156645,1,-88.40984439433183
dpgan,ProbabilityEstimation(KernelDensity()),12435,0,-88.7932491469396,0,-88.40984439433183
dpgan,ProbabilityEstimation(KernelDensity()),12435,1,-88.73455325220954,0,-88.40984439433183
dpgan,ProbabilityEstimation(KernelDensity()),12435,0,-88.7574231876322,0,-88.40984439433183
dpgan,ProbabilityEstimation(KernelDensity()),12435,1,-88.68591873656423,0,-88.40984439433183
dpgan,ProbabilityEstimation(KernelDensity()),12435,0,-87.93841675192371,1,-88.40984439433183
dpgan,ProbabilityEstimation(KernelDensity()),12435,1,-88.49436227775698,0,-88.40984439433183
dpgan,ProbabilityEstimation(KernelDensity()),12435,0,-87.87209965719735,1,-88.40984439433183
dpgan,ProbabilityEstimation(KernelDensity()),12435,1,-88.61254815244826,0,-88.40984439433183
dpgan,ProbabilityEstimation(KernelDensity()),12435,0,-88.21368356299287,1,-88.40984439433183
dpgan,ProbabilityEstimation(KernelDensity()),12435,1,-87.95186713420458,1,-88.40984439433183
dpgan,ProbabilityEstimation(KernelDensity()),12435,0,-88.20188261308509,1,-88.40984439433183
dpgan,ProbabilityEstimation(KernelDensity()),12435,1,-88.58619642573058,0,-88.40984439433183
dpgan,ProbabilityEstimation(KernelDensity()),12435,0,-88.58884093326773,0,-88.40984439433183
dpgan,ProbabilityEstimation(KernelDensity()),12435,1,-88.43014506777043,0,-88.40984439433183
dpgan,ProbabilityEstimation(KernelDensity()),12435,0,-88.22736567423475,1,-88.40984439433183
dpgan,ProbabilityEstimation(KernelDensity()),12435,1,-88.21249359574072,1,-88.40984439433183
dpgan,ProbabilityEstimation(KernelDensity()),12435,0,-88.24737751889782,1,-88.40984439433183
dpgan,ProbabilityEstimation(KernelDensity()),12435,1,-88.05893037037647,1,-88.40984439433183
dpgan,ProbabilityEstimation(KernelDensity()),12435,0,-88.65412991833486,0,-88.40984439433183
dpgan,ProbabilityEstimation(KernelDensity()),12435,1,-88.58259407241306,0,-88.40984439433183
dpgan,ProbabilityEstimation(KernelDensity()),12435,0,-88.2381373716105,1,-88.40984439433183
dpgan,ProbabilityEstimation(KernelDensity()),12435,1,-88.35715233143172,1,-88.40984439433183
dpgan,ProbabilityEstimation(KernelDensity()),12435,0,-87.95154180590745,1,-88.40984439433183
dpgan,ProbabilityEstimation(KernelDensity()),12435,1,-88.24170139222377,1,-88.40984439433183
dpgan,ProbabilityEstimation(KernelDensity()),12435,0,-88.15571506567946,1,-88.40984439433183
dpgan,ProbabilityEstimation(KernelDensity()),12435,1,-88.43074894809573,0,-88.40984439433183
dpgan,ProbabilityEstimation(KernelDensity()),12435,0,-88.45516735178211,0,-88.40984439433183
dpgan,ProbabilityEstimation(KernelDensity()),12435,1,-88.21005203931365,1,-88.40984439433183
dpgan,ProbabilityEstimation(KernelDensity()),12435,0,-88.90336809849956,0,-88.40984439433183
dpgan,ProbabilityEstimation(KernelDensity()),12435,1,-88.99315043856637,0,-88.40984439433183
dpgan,ProbabilityEstimation(KernelDensity()),12435,0,-88.51104092445881,0,-88.40984439433183
dpgan,ProbabilityEstimation(KernelDensity()),12435,1,-88.69712972053216,0,-88.40984439433183
dpgan,ProbabilityEstimation(KernelDensity()),12435,0,-88.1908837623466,1,-88.40984439433183
dpgan,ProbabilityEstimation(KernelDensity()),12435,1,-88.0981665099101,1,-88.40984439433183
dpgan,ProbabilityEstimation(KernelDensity()),12435,0,-88.350496385443,1,-88.40984439433183
dpgan,ProbabilityEstimation(KernelDensity()),12435,1,-88.08562760728543,1,-88.40984439433183
dpgan,ProbabilityEstimation(KernelDensity()),12435,0,-88.10008397513576,1,-88.40984439433183
dpgan,ProbabilityEstimation(KernelDensity()),12435,1,-88.76256089623466,0,-88.40984439433183
dpgan,ProbabilityEstimation(KernelDensity()),12435,0,-88.70063677322872,0,-88.40984439433183
dpgan,ProbabilityEstimation(KernelDensity()),12435,1,-88.27201367424477,1,-88.40984439433183
dpgan,ProbabilityEstimation(KernelDensity()),12435,0,-88.36524869451772,1,-88.40984439433183
dpgan,ProbabilityEstimation(KernelDensity()),12435,1,-88.34302215502005,1,-88.40984439433183
dpgan,ProbabilityEstimation(KernelDensity()),12435,0,-87.98997271779768,1,-88.40984439433183
dpgan,ProbabilityEstimation(KernelDensity()),12435,1,-88.2771981368028,1,-88.40984439433183
dpgan,ProbabilityEstimation(KernelDensity()),12435,0,-88.8945383980975,0,-88.40984439433183
dpgan,ProbabilityEstimation(KernelDensity()),12435,1,-87.9814295539955,1,-88.40984439433183
dpgan,ProbabilityEstimation(KernelDensity()),12435,0,-87.90275503114428,1,-88.40984439433183
dpgan,ProbabilityEstimation(KernelDensity()),12435,1,-88.26478544553132,1,-88.40984439433183
dpgan,ProbabilityEstimation(KernelDensity()),12435,0,-88.51160491378823,0,-88.40984439433183
dpgan,ProbabilityEstimation(KernelDensity()),12435,1,-87.95732747706404,1,-88.40984439433183
dpgan,ProbabilityEstimation(KernelDensity()),12435,0,-88.10441534780907,1,-88.40984439433183
dpgan,ProbabilityEstimation(KernelDensity()),12435,1,-88.70728884461211,0,-88.40984439433183
dpgan,ProbabilityEstimation(KernelDensity()),12435,0,-88.34295796006656,1,-88.40984439433183
dpgan,ProbabilityEstimation(KernelDensity()),12435,1,-88.37704507062875,1,-88.40984439433183
dpgan,ProbabilityEstimation(KernelDensity()),12435,0,-88.6682918677136,0,-88.40984439433183
dpgan,ProbabilityEstimation(KernelDensity()),12435,1,-88.170071180072,1,-88.40984439433183
dpgan,ProbabilityEstimation(KernelDensity()),12435,0,-88.35617315513771,1,-88.40984439433183
dpgan,ProbabilityEstimation(KernelDensity()),12435,1,-88.92011824868355,0,-88.40984439433183
dpgan,ProbabilityEstimation(KernelDensity()),12435,0,-88.0379183506686,1,-88.40984439433183
dpgan,ProbabilityEstimation(KernelDensity()),12435,1,-88.07471303790845,1,-88.40984439433183
dpgan,ProbabilityEstimation(KernelDensity()),12435,0,-88.30654881160329,1,-88.40984439433183
dpgan,ProbabilityEstimation(KernelDensity()),12435,1,-88.58644475599752,0,-88.40984439433183
dpgan,ProbabilityEstimation(KernelDensity()),12435,0,-88.7406924546231,0,-88.40984439433183
dpgan,ProbabilityEstimation(KernelDensity()),12435,1,-88.84679466584079,0,-88.40984439433183
dpgan,ProbabilityEstimation(KernelDensity()),12435,0,-88.52141435761315,0,-88.40984439433183
dpgan,ProbabilityEstimation(KernelDensity()),12435,1,-88.46005769526217,0,-88.40984439433183
dpgan,ProbabilityEstimation(KernelDensity()),12435,0,-88.95514368487554,0,-88.40984439433183
dpgan,ProbabilityEstimation(KernelDensity()),12435,1,-88.3798202016901,1,-88.40984439433183
dpgan,ProbabilityEstimation(KernelDensity()),12435,0,-88.64748888012298,0,-88.40984439433183
dpgan,ProbabilityEstimation(KernelDensity()),12435,1,-88.2408211803808,1,-88.40984439433183
dpgan,ProbabilityEstimation(KernelDensity()),12435,0,-88.4041028527819,1,-88.40984439433183
dpgan,ProbabilityEstimation(KernelDensity()),12435,1,-88.0822902429486,1,-88.40984439433183
dpgan,ProbabilityEstimation(KernelDensity()),12435,0,-88.663515618221,0,-88.40984439433183
dpgan,ProbabilityEstimation(KernelDensity()),12435,1,-88.21261370118323,1,-88.40984439433183
dpgan,ProbabilityEstimation(KernelDensity()),12435,0,-88.7446082400892,0,-88.40984439433183
dpgan,ProbabilityEstimation(KernelDensity()),12435,1,-88.49822215323825,0,-88.40984439433183
dpgan,ProbabilityEstimation(KernelDensity()),12435,0,-88.4135889434859,0,-88.40984439433183
dpgan,ProbabilityEstimation(KernelDensity()),12435,1,-88.34004191831342,1,-88.40984439433183
dpgan,ProbabilityEstimation(KernelDensity()),12435,0,-88.33500612691932,1,-88.40984439433183
dpgan,ProbabilityEstimation(KernelDensity()),12435,1,-88.1758586744787,1,-88.40984439433183
dpgan,ProbabilityEstimation(KernelDensity()),12435,0,-88.14222408987621,1,-88.40984439433183
dpgan,ProbabilityEstimation(KernelDensity()),12435,1,-88.27323095395874,1,-88.40984439433183
dpgan,ProbabilityEstimation(KernelDensity()),12435,0,-88.21811197829561,1,-88.40984439433183
dpgan,ProbabilityEstimation(KernelDensity()),12435,1,-88.29303697210496,1,-88.40984439433183
dpgan,ProbabilityEstimation(KernelDensity()),12435,0,-87.96736226094897,1,-88.40984439433183
dpgan,ProbabilityEstimation(KernelDensity()),12435,1,-88.56689958005445,0,-88.40984439433183
dpgan,ProbabilityEstimation(KernelDensity()),12435,0,-88.52296974425946,0,-88.40984439433183
dpgan,ProbabilityEstimation(KernelDensity()),12435,1,-88.2411664434272,1,-88.40984439433183
dpgan,ProbabilityEstimation(KernelDensity()),12435,0,-88.31268744360156,1,-88.40984439433183
dpgan,ProbabilityEstimation(KernelDensity()),12435,1,-88.30483028580122,1,-88.40984439433183
dpgan,ProbabilityEstimation(KernelDensity()),12435,0,-88.38672279655428,1,-88.40984439433183
dpgan,ProbabilityEstimation(KernelDensity()),12435,1,-88.35431993944682,1,-88.40984439433183
dpgan,ProbabilityEstimation(KernelDensity()),12435,0,-88.2487044241451,1,-88.40984439433183
dpgan,ProbabilityEstimation(KernelDensity()),12435,1,-88.05979708452931,1,-88.40984439433183
dpgan,ProbabilityEstimation(KernelDensity()),12435,0,-88.26783861961901,1,-88.40984439433183
dpgan,ProbabilityEstimation(KernelDensity()),12435,1,-88.25872811393889,1,-88.40984439433183
dpgan,ProbabilityEstimation(KernelDensity()),12435,0,-88.70812434249052,0,-88.40984439433183
dpgan,ProbabilityEstimation(KernelDensity()),12435,1,-88.81552403671012,0,-88.40984439433183
dpgan,ProbabilityEstimation(KernelDensity()),12435,0,-88.32483846688355,1,-88.40984439433183
dpgan,ProbabilityEstimation(KernelDensity()),12435,1,-88.17399766475337,1,-88.40984439433183
dpgan,ProbabilityEstimation(KernelDensity()),12435,0,-88.35070774228623,1,-88.40984439433183
dpgan,ProbabilityEstimation(KernelDensity()),12435,1,-87.76750690330924,1,-88.40984439433183
dpgan,ProbabilityEstimation(KernelDensity()),12435,0,-88.24595558512658,1,-88.40984439433183
dpgan,ProbabilityEstimation(KernelDensity()),12435,1,-88.18907492018094,1,-88.40984439433183
dpgan,ProbabilityEstimation(KernelDensity()),12435,0,-88.29502873506655,1,-88.40984439433183
dpgan,ProbabilityEstimation(KernelDensity()),12435,1,-88.17630872406606,1,-88.40984439433183
dpgan,ProbabilityEstimation(KernelDensity()),12435,0,-88.36498600932954,1,-88.40984439433183
dpgan,ProbabilityEstimation(KernelDensity()),12435,1,-88.34723267879441,1,-88.40984439433183
dpgan,ProbabilityEstimation(KernelDensity()),12435,0,-88.43142910617213,0,-88.40984439433183
dpgan,ProbabilityEstimation(KernelDensity()),12435,1,-88.25897894754121,1,-88.40984439433183
dpgan,ProbabilityEstimation(KernelDensity()),12435,0,-88.39620440824056,1,-88.40984439433183
dpgan,"ClosestDistance(L_2, accuracy)",12435,1,-2.847537414188085,0,-2.8330780985335866
dpgan,"ClosestDistance(L_2, accuracy)",12435,0,-2.855564691445117,0,-2.8330780985335866
dpgan,"ClosestDistance(L_2, accuracy)",12435,1,-2.8536832745500025,0,-2.8330780985335866
dpgan,"ClosestDistance(L_2, accuracy)",12435,0,-2.894386427693158,0,-2.8330780985335866
dpgan,"ClosestDistance(L_2, accuracy)",12435,1,-2.848842686281714,0,-2.8330780985335866
dpgan,"ClosestDistance(L_2, accuracy)",12435,0,-2.8633230858769987,0,-2.8330780985335866
dpgan,"ClosestDistance(L_2, accuracy)",12435,1,-2.8581992340795903,0,-2.8330780985335866
dpgan,"ClosestDistance(L_2, accuracy)",12435,0,-2.4569035439758173,1,-2.8330780985335866
dpgan,"ClosestDistance(L_2, accuracy)",12435,1,-2.5433423934340142,1,-2.8330780985335866
dpgan,"ClosestDistance(L_2, accuracy)",12435,0,-2.535166340357802,1,-2.8330780985335866
dpgan,"ClosestDistance(L_2, accuracy)",12435,1,-2.565573468438328,1,-2.8330780985335866
dpgan,"ClosestDistance(L_2, accuracy)",12435,0,-2.846346465464444,0,-2.8330780985335866
dpgan,"ClosestDistance(L_2, accuracy)",12435,1,-2.8465530180803613,0,-2.8330780985335866
dpgan,"ClosestDistance(L_2, accuracy)",12435,0,-2.4742340291328255,1,-2.8330780985335866
dpgan,"ClosestDistance(L_2, accuracy)",12435,1,-2.866307412519662,0,-2.8330780985335866
dpgan,"ClosestDistance(L_2, accuracy)",12435,0,-2.8795351454842226,0,-2.8330780985335866
dpgan,"ClosestDistance(L_2, accuracy)",12435,1,-2.8708537451902116,0,-2.8330780985335866
dpgan,"ClosestDistance(L_2, accuracy)",12435,0,-2.2498199111124624,1,-2.8330780985335866
dpgan,"ClosestDistance(L_2, accuracy)",12435,1,-2.8810929154021374,0,-2.8330780985335866
dpgan,"ClosestDistance(L_2, accuracy)",12435,0,-2.464296623541301,1,-2.8330780985335866
dpgan,"ClosestDistance(L_2, accuracy)",12435,1,-2.472728307258568,1,-2.8330780985335866
dpgan,"ClosestDistance(L_2, accuracy)",12435,0,-2.847560014990107,0,-2.8330780985335866
dpgan,"ClosestDistance(L_2, accuracy)",12435,1,-2.8545972859404056,0,-2.8330780985335866
dpgan,"ClosestDistance(L_2, accuracy)",12435,0,-2.922086365138922,0,-2.8330780985335866
dpgan,"ClosestDistance(L_2, accuracy)",12435,1,-2.5080492932034884,1,-2.8330780985335866
dpgan,"ClosestDistance(L_2, accuracy)",12435,0,-2.1387705411366325,1,-2.8330780985335866
dpgan,"ClosestDistance(L_2, accuracy)",12435,1,-2.8934904842715725,0,-2.8330780985335866
dpgan,"ClosestDistance(L_2, accuracy)",12435,0,-2.8681252789024954,0,-2.8330780985335866
dpgan,"ClosestDistance(L_2, accuracy)",12435,1,-2.8914085017267213,0,-2.8330780985335866
dpgan,"ClosestDistance(L_2, accuracy)",12435,0,-2.465864216043985,1,-2.8330780985335866
dpgan,"ClosestDistance(L_2, accuracy)",12435,1,-2.7159620744301973,1,-2.8330780985335866
dpgan,"ClosestDistance(L_2, accuracy)",12435,0,-2.4736493847598737,1,-2.8330780985335866
dpgan,"ClosestDistance(L_2, accuracy)",12435,1,-2.8758891246113083,0,-2.8330780985335866
dpgan,"ClosestDistance(L_2, accuracy)",12435,0,-2.6000159712239026,1,-2.8330780985335866
dpgan,"ClosestDistance(L_2, accuracy)",12435,1,-2.895854036835248,0,-2.8330780985335866
dpgan,"ClosestDistance(L_2, accuracy)",12435,0,-2.4535234191927446,1,-2.8330780985335866
dpgan,"ClosestDistance(L_2, accuracy)",12435,1,-2.840308632292999,0,-2.8330780985335866
dpgan,"ClosestDistance(L_2, accuracy)",12435,0,-2.8742467181018565,0,-2.8330780985335866
dpgan,"ClosestDistance(L_2, accuracy)",12435,1,-2.8435365263504355,0,-2.8330780985335866
dpgan,"ClosestDistance(L_2, accuracy)",12435,0,-2.9063000092898874,0,-2.8330780985335866
dpgan,"ClosestDistance(L_2, accuracy)",12435,1,-2.8635118058296194,0,-2.8330780985335866
dpgan,"ClosestDistance(L_2, accuracy)",12435,0,-2.505311885040277,1,-2.8330780985335866
dpgan,"ClosestDistance(L_2, accuracy)",12435,1,-2.4976648830817223,1,-2.8330780985335866
dpgan,"ClosestDistance(L_2, accuracy)",12435,0,-2.8512508403671246,0,-2.8330780985335866
dpgan,"ClosestDistance(L_2, accuracy)",12435,1,-3.02752764885866,0,-2.8330780985335866
dpgan,"ClosestDistance(L_2, accuracy)",12435,0,-2.54334511325222,1,-2.8330780985335866
dpgan,"ClosestDistance(L_2, accuracy)",12435,1,-2.4996254642925635,1,-2.8330780985335866
dpgan,"ClosestDistance(L_2, accuracy)",12435,0,-2.5812175773545767,1,-2.8330780985335866
dpgan,"ClosestDistance(L_2, accuracy)",12435,1,-2.8488594478843394,0,-2.8330780985335866
dpgan,"ClosestDistance(L_2, accuracy)",12435,0,-2.844601634466003,0,-2.8330780985335866
dpgan,"ClosestDistance(L_2, accuracy)",12435,1,-2.8485130950840114,0,-2.8330780985335866
dpgan,"ClosestDistance(L_2, accuracy)",12435,0,-2.8863564820410934,0,-2.8330780985335866
dpgan,"ClosestDistance(L_2, accuracy)",12435,1,-2.875321189551721,0,-2.8330780985335866
dpgan,"ClosestDistance(L_2, accuracy)",12435,0,-2.8389442630356476,0,-2.8330780985335866
dpgan,"ClosestDistance(L_2, accuracy)",12435,1,-2.5649835768461053,1,-2.8330780985335866
dpgan,"ClosestDistance(L_2, accuracy)",12435,0,-2.1131696206110613,1,-2.8330780985335866
dpgan,"ClosestDistance(L_2, accuracy)",12435,1,-2.859528905038531,0,-2.8330780985335866
dpgan,"ClosestDistance(L_2, accuracy)",12435,0,-2.4795337027974194,1,-2.8330780985335866
dpgan,"ClosestDistance(L_2, accuracy)",12435,1,-2.850752658753282,0,-2.8330780985335866
dpgan,"ClosestDistance(L_2, accuracy)",12435,0,-2.865880901479795,0,-2.8330780985335866
dpgan,"ClosestDistance(L_2, accuracy)",12435,1,-2.5473093221870555,1,-2.8330780985335866
dpgan,"ClosestDistance(L_2, accuracy)",12435,0,-2.481586665110407,1,-2.8330780985335866
dpgan,"ClosestDistance(L_2, accuracy)",12435,1,-2.89959227693408,0,-2.8330780985335866
dpgan,"ClosestDistance(L_2, accuracy)",12435,0,-2.8738569754789727,0,-2.8330780985335866
dpgan,"ClosestDistance(L_2, accuracy)",12435,1,-2.875743426567002,0,-2.8330780985335866
dpgan,"ClosestDistance(L_2, accuracy)",12435,0,-2.48415602412665,1,-2.8330780985335866
dpgan,"ClosestDistance(L_2, accuracy)",12435,1,-2.476355231200489,1,-2.8330780985335866
dpgan,"ClosestDistance(L_2, accuracy)",12435,0,-2.565677147001931,1,-2.8330780985335866
dpgan,"ClosestDistance(L_2, accuracy)",12435,1,-2.5539761861650248,1,-2.8330780985335866
dpgan,"ClosestDistance(L_2, accuracy)",12435,0,-2.6660126194297273,1,-2.8330780985335866
dpgan,"ClosestDistance(L_2, accuracy)",12435,1,-2.8323606698531,1,-2.8330780985335866
dpgan,"ClosestDistance(L_2, accuracy)",12435,0,-2.612989416533759,1,-2.8330780985335866
dpgan,"ClosestDistance(L_2, accuracy)",12435,1,-2.5175923443241155,1,-2.8330780985335866
dpgan,"ClosestDistance(L_2, accuracy)",12435,0,-3.1684986694113593,0,-2.8330780985335866
dpgan,"ClosestDistance(L_2, accuracy)",12435,1,-2.5033661877247155,1,-2.8330780985335866
dpgan,"ClosestDistance(L_2, accuracy)",12435,0,-2.4842724871132087,1,-2.8330780985335866
dpgan,"ClosestDistance(L_2, accuracy)",12435,1,-2.5234855804862666,1,-2.8330780985335866
dpgan,"ClosestDistance(L_2, accuracy)",12435,0,-2.5501805815944176,1,-2.8330780985335866
dpgan,"ClosestDistance(L_2, accuracy)",12435,1,-2.8597077962771937,0,-2.8330780985335866
dpgan,"ClosestDistance(L_2, accuracy)",12435,0,-2.658426409530405,1,-2.8330780985335866
dpgan,"ClosestDistance(L_2, accuracy)",12435,1,-2.5777521314925047,1,-2.8330780985335866
dpgan,"ClosestDistance(L_2, accuracy)",12435,0,-2.8398950364459243,0,-2.8330780985335866
dpgan,"ClosestDistance(L_2, accuracy)",12435,1,-3.0255263948748876,0,-2.8330780985335866
dpgan,"ClosestDistance(L_2, accuracy)",12435,0,-2.8681614296780773,0,-2.8330780985335866
dpgan,"ClosestDistance(L_2, accuracy)",12435,1,-2.844234755790534,0,-2.8330780985335866
dpgan,"ClosestDistance(L_2, accuracy)",12435,0,-2.8651997106709484,0,-2.8330780985335866
dpgan,"ClosestDistance(L_2, accuracy)",12435,1,-2.4775691867439327,1,-2.8330780985335866
dpgan,"ClosestDistance(L_2, accuracy)",12435,0,-2.8582053683872233,0,-2.8330780985335866
dpgan,"ClosestDistance(L_2, accuracy)",12435,1,-2.835716168616845,0,-2.8330780985335866
dpgan,"ClosestDistance(L_2, accuracy)",12435,0,-2.5098519654333264,1,-2.8330780985335866
dpgan,"ClosestDistance(L_2, accuracy)",12435,1,-2.852147441969118,0,-2.8330780985335866
dpgan,"ClosestDistance(L_2, accuracy)",12435,0,-2.2692330690756206,1,-2.8330780985335866
dpgan,"ClosestDistance(L_2, accuracy)",12435,1,-2.564183429004759,1,-2.8330780985335866
dpgan,"ClosestDistance(L_2, accuracy)",12435,0,-2.856391639136176,0,-2.8330780985335866
dpgan,"ClosestDistance(L_2, accuracy)",12435,1,-2.6285692652744017,1,-2.8330780985335866
dpgan,"ClosestDistance(L_2, accuracy)",12435,0,-2.524931661962712,1,-2.8330780985335866
dpgan,"ClosestDistance(L_2, accuracy)",12435,1,-2.573302797583882,1,-2.8330780985335866
dpgan,"ClosestDistance(L_2, accuracy)",12435,0,-2.5530072556675827,1,-2.8330780985335866
dpgan,"ClosestDistance(L_2, accuracy)",12435,1,-2.9172986111657466,0,-2.8330780985335866
dpgan,"ClosestDistance(L_2, accuracy)",12435,0,-2.489449239970339,1,-2.8330780985335866
dpgan,"ClosestDistance(L_2, accuracy)",12435,1,-2.61771691424447,1,-2.8330780985335866
dpgan,"ClosestDistance(L_2, accuracy)",12435,0,-2.8537322706082024,0,-2.8330780985335866
dpgan,"ClosestDistance(L_2, accuracy)",12435,1,-3.184332489675337,0,-2.8330780985335866
dpgan,"ClosestDistance(L_2, accuracy)",12435,0,-2.2115257661739864,1,-2.8330780985335866
dpgan,"ClosestDistance(L_2, accuracy)",12435,1,-2.501428884355937,1,-2.8330780985335866
dpgan,"ClosestDistance(L_2, accuracy)",12435,0,-2.8434354970997457,0,-2.8330780985335866
dpgan,"ClosestDistance(L_2, accuracy)",12435,1,-2.526586875880205,1,-2.8330780985335866
dpgan,"ClosestDistance(L_2, accuracy)",12435,0,-2.8664266635263713,0,-2.8330780985335866
dpgan,"ClosestDistance(L_2, accuracy)",12435,1,-2.9047059130769615,0,-2.8330780985335866
dpgan,"ClosestDistance(L_2, accuracy)",12435,0,-2.499219334941157,1,-2.8330780985335866
dpgan,"ClosestDistance(L_2, accuracy)",12435,1,-3.0159557662732515,0,-2.8330780985335866
dpgan,"ClosestDistance(L_2, accuracy)",12435,0,-2.891175490765626,0,-2.8330780985335866
dpgan,"ClosestDistance(L_2, accuracy)",12435,1,-2.5090412421365538,1,-2.8330780985335866
dpgan,"ClosestDistance(L_2, accuracy)",12435,0,-2.6062735283368648,1,-2.8330780985335866
dpgan,"ClosestDistance(L_2, accuracy)",12435,1,-2.506692946315994,1,-2.8330780985335866
dpgan,"ClosestDistance(L_2, accuracy)",12435,0,-2.8674184352904475,0,-2.8330780985335866
dpgan,"ClosestDistance(L_2, accuracy)",12435,1,-2.8389038865982164,0,-2.8330780985335866
dpgan,"ClosestDistance(L_2, accuracy)",12435,0,-2.8669348021822976,0,-2.8330780985335866
dpgan,"ClosestDistance(L_2, accuracy)",12435,1,-2.8443346936403304,0,-2.8330780985335866
dpgan,"ClosestDistance(L_2, accuracy)",12435,0,-2.5251110995696058,1,-2.8330780985335866
dpgan,"ClosestDistance(L_2, accuracy)",12435,1,-2.868609847872583,0,-2.8330780985335866
dpgan,"ClosestDistance(L_2, accuracy)",12435,0,-2.865260299500186,0,-2.8330780985335866
dpgan,"ClosestDistance(L_2, accuracy)",12435,1,-2.610954050382042,1,-2.8330780985335866
dpgan,"ClosestDistance(L_2, accuracy)",12435,0,-2.8776485754951038,0,-2.8330780985335866
dpgan,"ClosestDistance(L_2, accuracy)",12435,1,-2.873751105739133,0,-2.8330780985335866
dpgan,"ClosestDistance(L_2, accuracy)",12435,0,-3.0762349320993043,0,-2.8330780985335866
dpgan,"ClosestDistance(L_2, accuracy)",12435,1,-2.525354709510693,1,-2.8330780985335866
dpgan,"ClosestDistance(L_2, accuracy)",12435,0,-2.5295351629524245,1,-2.8330780985335866
dpgan,"ClosestDistance(L_2, accuracy)",12435,1,-2.5637633154600423,1,-2.8330780985335866
dpgan,"ClosestDistance(L_2, accuracy)",12435,0,-2.4959797381743707,1,-2.8330780985335866
dpgan,"ClosestDistance(L_2, accuracy)",12435,1,-2.547714378091523,1,-2.8330780985335866
dpgan,"ClosestDistance(L_2, accuracy)",12435,0,-2.8768459297285864,0,-2.8330780985335866
dpgan,"ClosestDistance(L_2, accuracy)",12435,1,-2.833586496238742,0,-2.8330780985335866
dpgan,"ClosestDistance(L_2, accuracy)",12435,0,-2.530848484443254,1,-2.8330780985335866
dpgan,"ClosestDistance(L_2, accuracy)",12435,1,-2.5237446480647,1,-2.8330780985335866
dpgan,"ClosestDistance(L_2, accuracy)",12435,0,-3.1927204920234207,0,-2.8330780985335866
dpgan,"ClosestDistance(L_2, accuracy)",12435,1,-2.8713199153684283,0,-2.8330780985335866
dpgan,"ClosestDistance(L_2, accuracy)",12435,0,-2.8645050958403155,0,-2.8330780985335866
dpgan,"ClosestDistance(L_2, accuracy)",12435,1,-3.020600493778464,0,-2.8330780985335866
dpgan,"ClosestDistance(L_2, accuracy)",12435,0,-2.5179189986473847,1,-2.8330780985335866
dpgan,"ClosestDistance(L_2, accuracy)",12435,1,-2.485285679610623,1,-2.8330780985335866
dpgan,"ClosestDistance(L_2, accuracy)",12435,0,-2.8927511721107813,0,-2.8330780985335866
dpgan,"ClosestDistance(L_2, accuracy)",12435,1,-2.236009038725905,1,-2.8330780985335866
dpgan,"ClosestDistance(L_2, accuracy)",12435,0,-2.8506572808509882,0,-2.8330780985335866
dpgan,"ClosestDistance(L_2, accuracy)",12435,1,-2.65824558938271,1,-2.8330780985335866
dpgan,"ClosestDistance(L_2, accuracy)",12435,0,-2.4654995304343443,1,-2.8330780985335866
dpgan,"ClosestDistance(L_2, accuracy)",12435,1,-2.8687556042468216,0,-2.8330780985335866
dpgan,"ClosestDistance(L_2, accuracy)",12435,0,-2.5715918031130784,1,-2.8330780985335866
dpgan,"ClosestDistance(L_2, accuracy)",12435,1,-2.5092664279788757,1,-2.8330780985335866
dpgan,"ClosestDistance(L_2, accuracy)",12435,0,-2.861201040339276,0,-2.8330780985335866
dpgan,"ClosestDistance(L_2, accuracy)",12435,1,-2.847039127246814,0,-2.8330780985335866
dpgan,"ClosestDistance(L_2, accuracy)",12435,0,-2.5304794784276003,1,-2.8330780985335866
dpgan,"ClosestDistance(L_2, accuracy)",12435,1,-2.499660272470523,1,-2.8330780985335866
dpgan,"ClosestDistance(L_2, accuracy)",12435,0,-2.4732721453650437,1,-2.8330780985335866
dpgan,"ClosestDistance(L_2, accuracy)",12435,1,-2.8547652478343863,0,-2.8330780985335866
dpgan,"ClosestDistance(L_2, accuracy)",12435,0,-2.923766301945563,0,-2.8330780985335866
dpgan,"ClosestDistance(L_2, accuracy)",12435,1,-2.513976296075192,1,-2.8330780985335866
dpgan,"ClosestDistance(L_2, accuracy)",12435,0,-2.219931581269085,1,-2.8330780985335866
dpgan,"ClosestDistance(L_2, accuracy)",12435,1,-2.838918081892407,0,-2.8330780985335866
dpgan,"ClosestDistance(L_2, accuracy)",12435,0,-2.8500453764221088,0,-2.8330780985335866
dpgan,"ClosestDistance(L_2, accuracy)",12435,1,-2.832631322230928,1,-2.8330780985335866
dpgan,"ClosestDistance(L_2, accuracy)",12435,0,-2.843562700354147,0,-2.8330780985335866
dpgan,"ClosestDistance(L_2, accuracy)",12435,1,-2.86485210539855,0,-2.8330780985335866
dpgan,"ClosestDistance(L_2, accuracy)",12435,0,-2.7196708184375518,1,-2.8330780985335866
dpgan,"ClosestDistance(L_2, accuracy)",12435,1,-2.8497825418555047,0,-2.8330780985335866
dpgan,"ClosestDistance(L_2, accuracy)",12435,0,-2.8468536736151115,0,-2.8330780985335866
dpgan,"ClosestDistance(L_2, accuracy)",12435,1,-2.840281596493463,0,-2.8330780985335866
dpgan,"ClosestDistance(L_2, accuracy)",12435,0,-2.9309448459428604,0,-2.8330780985335866
dpgan,"ClosestDistance(L_2, accuracy)",12435,1,-2.8499524833754384,0,-2.8330780985335866
dpgan,"ClosestDistance(L_2, accuracy)",12435,0,-2.564554042741411,1,-2.8330780985335866
dpgan,"ClosestDistance(L_2, accuracy)",12435,1,-2.8644378680173164,0,-2.8330780985335866
dpgan,"ClosestDistance(L_2, accuracy)",12435,0,-2.907839971653147,0,-2.8330780985335866
dpgan,"ClosestDistance(L_2, accuracy)",12435,1,-3.1717838746377303,0,-2.8330780985335866
dpgan,"ClosestDistance(L_2, accuracy)",12435,0,-2.6013851185465184,1,-2.8330780985335866
dpgan,"ClosestDistance(L_2, accuracy)",12435,1,-2.6525751354728406,1,-2.8330780985335866
dpgan,"ClosestDistance(L_2, accuracy)",12435,0,-2.876578081722857,0,-2.8330780985335866
dpgan,"ClosestDistance(L_2, accuracy)",12435,1,-2.5151249843073935,1,-2.8330780985335866
dpgan,"ClosestDistance(L_2, accuracy)",12435,0,-2.8747097840378815,0,-2.8330780985335866
dpgan,"ClosestDistance(L_2, accuracy)",12435,1,-2.217637781137389,1,-2.8330780985335866
dpgan,"ClosestDistance(L_2, accuracy)",12435,0,-2.851469695799582,0,-2.8330780985335866
dpgan,"ClosestDistance(L_2, accuracy)",12435,1,-2.6169687344694856,1,-2.8330780985335866
dpgan,"ClosestDistance(L_2, accuracy)",12435,0,-2.843352121937305,0,-2.8330780985335866
dpgan,"ClosestDistance(L_2, accuracy)",12435,1,-2.852083796570235,0,-2.8330780985335866
dpgan,"ClosestDistance(L_2, accuracy)",12435,0,-2.841449696837459,0,-2.8330780985335866
dpgan,"ClosestDistance(L_2, accuracy)",12435,1,-2.8799736289917295,0,-2.8330780985335866
dpgan,"ClosestDistance(L_2, accuracy)",12435,0,-2.896045408164991,0,-2.8330780985335866
dpgan,"ClosestDistance(L_2, accuracy)",12435,1,-2.626381241517811,1,-2.8330780985335866
dpgan,"ClosestDistance(L_2, accuracy)",12435,0,-2.8368418472724106,0,-2.8330780985335866
dpgan,"ClosestDistance(L_2, accuracy)",12435,1,-2.862577622315155,0,-2.8330780985335866
dpgan,"ClosestDistance(L_2, accuracy)",12435,0,-2.8665236903029045,0,-2.8330780985335866
dpgan,"ClosestDistance(L_2, accuracy)",12435,1,-2.571679346573618,1,-2.8330780985335866
dpgan,"ClosestDistance(L_2, accuracy)",12435,0,-2.6963690252976305,1,-2.8330780985335866
dpgan,"ClosestDistance(L_2, accuracy)",12435,1,-2.8767472312780646,0,-2.8330780985335866
dpgan,"ClosestDistance(L_2, accuracy)",12435,0,-2.48106609388548,1,-2.8330780985335866
dpgan,"ClosestDistance(L_2, accuracy)",12435,1,-2.5078777402928396,1,-2.8330780985335866
dpgan,"ClosestDistance(L_2, accuracy)",12435,0,-2.677482872284629,1,-2.8330780985335866
dpgan,"ClosestDistance(L_2, accuracy)",12435,1,-2.830844715989448,1,-2.8330780985335866
dpgan,"ClosestDistance(L_2, accuracy)",12435,0,-2.925775877972504,0,-2.8330780985335866
dpgan,"ClosestDistance(L_2, accuracy)",12435,1,-2.8650864601739268,0,-2.8330780985335866
dpgan,"ClosestDistance(L_2, accuracy)",12435,0,-2.616643761387486,1,-2.8330780985335866
dpgan,"ClosestDistance(L_2, accuracy)",12435,1,-2.868926472520877,0,-2.8330780985335866
dpgan,"ClosestDistance(L_2, accuracy)",12435,0,-2.6931459635403714,1,-2.8330780985335866
dpgan,"ClosestDistance(L_2, accuracy)",12435,1,-2.8722253017374064,0,-2.8330780985335866
dpgan,"ClosestDistance(L_2, accuracy)",12435,0,-2.4841576878821843,1,-2.8330780985335866
dpgan,"ClosestDistance(L_2, accuracy)",12435,1,-2.5187843535429613,1,-2.8330780985335866
dpgan,"ClosestDistance(L_2, accuracy)",12435,0,-2.8512489429896903,0,-2.8330780985335866
dpgan,"ClosestDistance(L_2, accuracy)",12435,1,-2.5233455514137506,1,-2.8330780985335866
dpgan,"ClosestDistance(L_2, accuracy)",12435,0,-2.6850859845396533,1,-2.8330780985335866
dpgan,"ClosestDistance(L_2, accuracy)",12435,1,-2.543973429193732,1,-2.8330780985335866
dpgan,"ClosestDistance(L_2, accuracy)",12435,0,-2.847936887758929,0,-2.8330780985335866
dpgan,"ClosestDistance(L_2, accuracy)",12435,1,-2.8961988326828827,0,-2.8330780985335866
dpgan,"ClosestDistance(L_2, accuracy)",12435,0,-2.6060631419097793,1,-2.8330780985335866
dpgan,"ClosestDistance(L_2, accuracy)",12435,1,-2.539262095017234,1,-2.8330780985335866
dpgan,"ClosestDistance(L_2, accuracy)",12435,0,-2.8991239093521943,0,-2.8330780985335866
dpgan,"ClosestDistance(L_2, accuracy)",12435,1,-2.5014457185418637,1,-2.8330780985335866
dpgan,"ClosestDistance(L_2, accuracy)",12435,0,-2.5915800384181007,1,-2.8330780985335866
dpgan,"ClosestDistance(L_2, accuracy)",12435,1,-2.8689165913770345,0,-2.8330780985335866
dpgan,"ClosestDistance(L_2, accuracy)",12435,0,-2.538863538209617,1,-2.8330780985335866
dpgan,"ClosestDistance(L_2, accuracy)",12435,1,-2.9129825187455345,0,-2.8330780985335866
dpgan,"ClosestDistance(L_2, accuracy)",12435,0,-2.6255767467224076,1,-2.8330780985335866
dpgan,"ClosestDistance(L_2, accuracy)",12435,1,-2.556876948983973,1,-2.8330780985335866
dpgan,"ClosestDistance(L_2, accuracy)",12435,0,-2.881093596953503,0,-2.8330780985335866
dpgan,"ClosestDistance(L_2, accuracy)",12435,1,-2.669106595887636,1,-2.8330780985335866
dpgan,"ClosestDistance(L_2, accuracy)",12435,0,-2.6791239876246395,1,-2.8330780985335866
dpgan,"ClosestDistance(L_2, accuracy)",12435,1,-2.0364718832943005,1,-2.8330780985335866
dpgan,"ClosestDistance(L_2, accuracy)",12435,0,-2.8498685112670348,0,-2.8330780985335866
dpgan,"ClosestDistance(L_2, accuracy)",12435,1,-2.5842468517634734,1,-2.8330780985335866
dpgan,"ClosestDistance(L_2, accuracy)",12435,0,-2.6896445620749425,1,-2.8330780985335866
dpgan,"ClosestDistance(L_2, accuracy)",12435,1,-2.5200370242602417,1,-2.8330780985335866
dpgan,"ClosestDistance(L_2, accuracy)",12435,0,-2.8662338380480064,0,-2.8330780985335866
dpgan,"ClosestDistance(L_2, accuracy)",12435,1,-2.8649379807147524,0,-2.8330780985335866
dpgan,"ClosestDistance(L_2, accuracy)",12435,0,-3.1680865170807477,0,-2.8330780985335866
dpgan,"ClosestDistance(L_2, accuracy)",12435,1,-2.519325400817012,1,-2.8330780985335866
dpgan,"ClosestDistance(L_2, accuracy)",12435,0,-2.578764228463268,1,-2.8330780985335866
dpgan,"ClosestDistance(L_2, accuracy)",12435,1,-2.853221126446224,0,-2.8330780985335866
dpgan,"ClosestDistance(L_2, accuracy)",12435,0,-2.8357160865317015,0,-2.8330780985335866
dpgan,"ClosestDistance(L_2, accuracy)",12435,1,-2.5685010689305217,1,-2.8330780985335866
dpgan,"ClosestDistance(L_2, accuracy)",12435,0,-2.9090758315366902,0,-2.8330780985335866
dpgan,"ClosestDistance(L_2, accuracy)",12435,1,-2.5113593713197524,1,-2.8330780985335866
dpgan,"ClosestDistance(L_2, accuracy)",12435,0,-2.5047122094545617,1,-2.8330780985335866
dpgan,"ClosestDistance(L_2, accuracy)",12435,1,-2.0596078329106366,1,-2.8330780985335866
dpgan,"ClosestDistance(L_2, accuracy)",12435,0,-2.905614203522811,0,-2.8330780985335866
dpgan,"ClosestDistance(L_2, accuracy)",12435,1,-2.8498664430497604,0,-2.8330780985335866
dpgan,"ClosestDistance(L_2, accuracy)",12435,0,-2.9149363321037587,0,-2.8330780985335866
dpgan,"ClosestDistance(L_2, accuracy)",12435,1,-2.5699541548968488,1,-2.8330780985335866
dpgan,"ClosestDistance(L_2, accuracy)",12435,0,-2.836979703414427,0,-2.8330780985335866
dpgan,"ClosestDistance(L_2, accuracy)",12435,1,-2.4745095512078565,1,-2.8330780985335866
dpgan,"ClosestDistance(L_2, accuracy)",12435,0,-2.544994957873199,1,-2.8330780985335866
dpgan,"ClosestDistance(L_2, accuracy)",12435,1,-2.0962754021217562,1,-2.8330780985335866
dpgan,"ClosestDistance(L_2, accuracy)",12435,0,-2.4661635059171725,1,-2.8330780985335866
dpgan,"ClosestDistance(L_2, accuracy)",12435,1,-2.5230225450700963,1,-2.8330780985335866
dpgan,"ClosestDistance(L_2, accuracy)",12435,0,-2.6637241230421584,1,-2.8330780985335866
dpgan,"ClosestDistance(L_2, accuracy)",12435,1,-2.5402592073897488,1,-2.8330780985335866
dpgan,"ClosestDistance(L_2, accuracy)",12435,0,-2.4938347256678677,1,-2.8330780985335866
dpgan,"ClosestDistance(L_2, accuracy)",12435,1,-2.5464754867491632,1,-2.8330780985335866
dpgan,"ClosestDistance(L_2, accuracy)",12435,0,-2.6419480472614283,1,-2.8330780985335866
dpgan,"ClosestDistance(L_2, accuracy)",12435,1,-2.5133922880759156,1,-2.8330780985335866
dpgan,"ClosestDistance(L_2, accuracy)",12435,0,-2.091778012988533,1,-2.8330780985335866
dpgan,"ClosestDistance(L_2, accuracy)",12435,1,-2.869295990816839,0,-2.8330780985335866
dpgan,"ClosestDistance(L_2, accuracy)",12435,0,-2.8553574908365986,0,-2.8330780985335866
dpgan,"ClosestDistance(L_2, accuracy)",12435,1,-2.8545585735701917,0,-2.8330780985335866
dpgan,"ClosestDistance(L_2, accuracy)",12435,0,-2.662048567829344,1,-2.8330780985335866
dpgan,"ClosestDistance(L_2, accuracy)",12435,1,-2.663768359705827,1,-2.8330780985335866
dpgan,"ClosestDistance(L_2, accuracy)",12435,0,-2.641594784786775,1,-2.8330780985335866
dpgan,"ClosestDistance(L_2, accuracy)",12435,1,-2.510125766376991,1,-2.8330780985335866
dpgan,"ClosestDistance(L_2, accuracy)",12435,0,-2.9153815822707076,0,-2.8330780985335866
dpgan,"ClosestDistance(L_2, accuracy)",12435,1,-2.917195250755996,0,-2.8330780985335866
dpgan,"ClosestDistance(L_2, accuracy)",12435,0,-2.953447172374549,0,-2.8330780985335866
dpgan,"ClosestDistance(L_2, accuracy)",12435,1,-2.498220034008588,1,-2.8330780985335866
dpgan,"ClosestDistance(L_2, accuracy)",12435,0,-2.4806406459891837,1,-2.8330780985335866
dpgan,"ClosestDistance(L_2, accuracy)",12435,1,-2.693091482276934,1,-2.8330780985335866
dpgan,"ClosestDistance(L_2, accuracy)",12435,0,-2.8839480399847277,0,-2.8330780985335866
dpgan,"ClosestDistance(L_2, accuracy)",12435,1,-2.8432132039946527,0,-2.8330780985335866
dpgan,"ClosestDistance(L_2, accuracy)",12435,0,-2.845020572363145,0,-2.8330780985335866
dpgan,"ClosestDistance(L_2, accuracy)",12435,1,-2.874909596116813,0,-2.8330780985335866
dpgan,"ClosestDistance(L_2, accuracy)",12435,0,-2.5490999704964716,1,-2.8330780985335866
dpgan,"ClosestDistance(L_2, accuracy)",12435,1,-2.549748600635067,1,-2.8330780985335866
dpgan,"ClosestDistance(L_2, accuracy)",12435,0,-2.531664476764665,1,-2.8330780985335866
dpgan,"ClosestDistance(L_2, accuracy)",12435,1,-2.865580084886642,0,-2.8330780985335866
dpgan,"ClosestDistance(L_2, accuracy)",12435,0,-2.6002116404360196,1,-2.8330780985335866
dpgan,"ClosestDistance(L_2, accuracy)",12435,1,-2.8731849799124607,0,-2.8330780985335866
dpgan,"ClosestDistance(L_2, accuracy)",12435,0,-2.842031506100399,0,-2.8330780985335866
dpgan,"ClosestDistance(L_2, accuracy)",12435,1,-2.8555985067349776,0,-2.8330780985335866
dpgan,"ClosestDistance(L_2, accuracy)",12435,0,-2.8536414628498714,0,-2.8330780985335866
dpgan,"ClosestDistance(L_2, accuracy)",12435,1,-2.8614262362134095,0,-2.8330780985335866
dpgan,"ClosestDistance(L_2, accuracy)",12435,0,-2.8550149515859284,0,-2.8330780985335866
dpgan,"ClosestDistance(L_2, accuracy)",12435,1,-2.8949595519262687,0,-2.8330780985335866
dpgan,"ClosestDistance(L_2, accuracy)",12435,0,-3.2056147400139894,0,-2.8330780985335866
dpgan,"ClosestDistance(L_2, accuracy)",12435,1,-2.837105321770504,0,-2.8330780985335866
dpgan,"ClosestDistance(L_2, accuracy)",12435,0,-2.3181839343817745,1,-2.8330780985335866
dpgan,"ClosestDistance(L_2, accuracy)",12435,1,-2.853079770676951,0,-2.8330780985335866
dpgan,"ClosestDistance(L_2, accuracy)",12435,0,-2.0500853173888673,1,-2.8330780985335866
dpgan,"ClosestDistance(L_2, accuracy)",12435,1,-2.661839334194798,1,-2.8330780985335866
dpgan,"ClosestDistance(L_2, accuracy)",12435,0,-2.8883989482947183,0,-2.8330780985335866
dpgan,"ClosestDistance(L_2, accuracy)",12435,1,-3.210867858673032,0,-2.8330780985335866
dpgan,"ClosestDistance(L_2, accuracy)",12435,0,-2.8472372221442117,0,-2.8330780985335866
dpgan,"ClosestDistance(L_2, accuracy)",12435,1,-2.5075302556794785,1,-2.8330780985335866
dpgan,"ClosestDistance(L_2, accuracy)",12435,0,-3.173981102437716,0,-2.8330780985335866
dpgan,"ClosestDistance(L_2, accuracy)",12435,1,-2.487470235003732,1,-2.8330780985335866
dpgan,"ClosestDistance(L_2, accuracy)",12435,0,-2.582113969127289,1,-2.8330780985335866
dpgan,"ClosestDistance(L_2, accuracy)",12435,1,-2.059252569900095,1,-2.8330780985335866
dpgan,"ClosestDistance(L_2, accuracy)",12435,0,-2.8669757453693476,0,-2.8330780985335866
dpgan,"ClosestDistance(L_2, accuracy)",12435,1,-2.877723726095954,0,-2.8330780985335866
dpgan,"ClosestDistance(L_2, accuracy)",12435,0,-2.8346917330924546,0,-2.8330780985335866
dpgan,"ClosestDistance(L_2, accuracy)",12435,1,-2.840217518111672,0,-2.8330780985335866
dpgan,"ClosestDistance(L_2, accuracy)",12435,0,-2.852040245536333,0,-2.8330780985335866
dpgan,"ClosestDistance(L_2, accuracy)",12435,1,-2.513484950753361,1,-2.8330780985335866
dpgan,"ClosestDistance(L_2, accuracy)",12435,0,-2.8789162939981963,0,-2.8330780985335866
dpgan,"ClosestDistance(L_2, accuracy)",12435,1,-2.487083189306871,1,-2.8330780985335866
dpgan,"ClosestDistance(L_2, accuracy)",12435,0,-2.8530389878920714,0,-2.8330780985335866
dpgan,"ClosestDistance(L_2, accuracy)",12435,1,-2.4841511424322187,1,-2.8330780985335866
dpgan,"ClosestDistance(L_2, accuracy)",12435,0,-2.4572230628415253,1,-2.8330780985335866
dpgan,"ClosestDistance(L_2, accuracy)",12435,1,-3.1918743859354293,0,-2.8330780985335866
dpgan,"ClosestDistance(L_2, accuracy)",12435,0,-2.2324408952167216,1,-2.8330780985335866
dpgan,"ClosestDistance(L_2, accuracy)",12435,1,-2.836161213253042,0,-2.8330780985335866
dpgan,"ClosestDistance(L_2, accuracy)",12435,0,-2.8814886888681803,0,-2.8330780985335866
dpgan,"ClosestDistance(L_2, accuracy)",12435,1,-2.835811686926985,0,-2.8330780985335866
dpgan,"ClosestDistance(L_2, accuracy)",12435,0,-2.5308253992119067,1,-2.8330780985335866
dpgan,"ClosestDistance(L_2, accuracy)",12435,1,-2.8527389094502484,0,-2.8330780985335866
dpgan,"ClosestDistance(L_2, accuracy)",12435,0,-2.1329035602185775,1,-2.8330780985335866
dpgan,"ClosestDistance(L_2, accuracy)",12435,1,-2.838008110539088,0,-2.8330780985335866
dpgan,"ClosestDistance(L_2, accuracy)",12435,0,-2.876274211348128,0,-2.8330780985335866
dpgan,"ClosestDistance(L_2, accuracy)",12435,1,-3.189812876174917,0,-2.8330780985335866
dpgan,"ClosestDistance(L_2, accuracy)",12435,0,-2.8367032077520813,0,-2.8330780985335866
dpgan,"ClosestDistance(L_2, accuracy)",12435,1,-2.9056974006791036,0,-2.8330780985335866
dpgan,"ClosestDistance(L_2, accuracy)",12435,0,-3.192240011720319,0,-2.8330780985335866
dpgan,"ClosestDistance(L_2, accuracy)",12435,1,-2.862722511138668,0,-2.8330780985335866
dpgan,"ClosestDistance(L_2, accuracy)",12435,0,-2.6022709762065364,1,-2.8330780985335866
dpgan,"ClosestDistance(L_2, accuracy)",12435,1,-2.661949467432965,1,-2.8330780985335866
dpgan,"ClosestDistance(L_2, accuracy)",12435,0,-2.8530827120130042,0,-2.8330780985335866
dpgan,"ClosestDistance(L_2, accuracy)",12435,1,-2.610000500066124,1,-2.8330780985335866
dpgan,"ClosestDistance(L_2, accuracy)",12435,0,-3.184640394942546,0,-2.8330780985335866
dpgan,"ClosestDistance(L_2, accuracy)",12435,1,-2.855343650045735,0,-2.8330780985335866
dpgan,"ClosestDistance(L_2, accuracy)",12435,0,-2.86094516302237,0,-2.8330780985335866
dpgan,"ClosestDistance(L_2, accuracy)",12435,1,-2.860730412215077,0,-2.8330780985335866
dpgan,"ClosestDistance(L_2, accuracy)",12435,0,-2.676565754466118,1,-2.8330780985335866
dpgan,"ClosestDistance(L_2, accuracy)",12435,1,-2.543001218678793,1,-2.8330780985335866
dpgan,"ClosestDistance(L_2, accuracy)",12435,0,-2.6853201498087467,1,-2.8330780985335866
dpgan,"ClosestDistance(L_2, accuracy)",12435,1,-2.87695325474682,0,-2.8330780985335866
dpgan,"ClosestDistance(L_2, accuracy)",12435,0,-2.8584987364891674,0,-2.8330780985335866
dpgan,"ClosestDistance(L_2, accuracy)",12435,1,-2.8596044028364167,0,-2.8330780985335866
dpgan,"ClosestDistance(L_2, accuracy)",12435,0,-2.83607797308473,0,-2.8330780985335866
dpgan,"ClosestDistance(L_2, accuracy)",12435,1,-2.5612333970803673,1,-2.8330780985335866
dpgan,"ClosestDistance(L_2, accuracy)",12435,0,-2.8690547160256714,0,-2.8330780985335866
dpgan,"ClosestDistance(L_2, accuracy)",12435,1,-2.5362340651033692,1,-2.8330780985335866
dpgan,"ClosestDistance(L_2, accuracy)",12435,0,-2.8594143386248128,0,-2.8330780985335866
dpgan,"ClosestDistance(L_2, accuracy)",12435,1,-2.993429991878224,0,-2.8330780985335866
dpgan,"ClosestDistance(L_2, accuracy)",12435,0,-2.8548761084092202,0,-2.8330780985335866
dpgan,"ClosestDistance(L_2, accuracy)",12435,1,-2.999927451147523,0,-2.8330780985335866
dpgan,"ClosestDistance(L_2, accuracy)",12435,0,-2.6304783671757996,1,-2.8330780985335866
dpgan,"ClosestDistance(L_2, accuracy)",12435,1,-2.5713879176849495,1,-2.8330780985335866
dpgan,"ClosestDistance(L_2, accuracy)",12435,0,-2.835677439772443,0,-2.8330780985335866
dpgan,"ClosestDistance(L_2, accuracy)",12435,1,-2.6535225162638687,1,-2.8330780985335866
dpgan,"ClosestDistance(L_2, accuracy)",12435,0,-2.842820747798905,0,-2.8330780985335866
dpgan,"ClosestDistance(L_2, accuracy)",12435,1,-2.888507328238525,0,-2.8330780985335866
dpgan,"ClosestDistance(L_2, accuracy)",12435,0,-2.501553690548845,1,-2.8330780985335866
dpgan,"ClosestDistance(L_2, accuracy)",12435,1,-2.569780285723411,1,-2.8330780985335866
dpgan,"ClosestDistance(L_2, accuracy)",12435,0,-2.2419064674176896,1,-2.8330780985335866
dpgan,"ClosestDistance(L_2, accuracy)",12435,1,-2.181686699556621,1,-2.8330780985335866
dpgan,"ClosestDistance(L_2, accuracy)",12435,0,-2.219272926482522,1,-2.8330780985335866
dpgan,"ClosestDistance(L_2, accuracy)",12435,1,-2.8323682316153866,1,-2.8330780985335866
dpgan,"ClosestDistance(L_2, accuracy)",12435,0,-3.1753382362848677,0,-2.8330780985335866
dpgan,"ClosestDistance(L_2, accuracy)",12435,1,-2.656191242232326,1,-2.8330780985335866
dpgan,"ClosestDistance(L_2, accuracy)",12435,0,-2.8511343818093415,0,-2.8330780985335866
dpgan,"ClosestDistance(L_2, accuracy)",12435,1,-2.5056836566885305,1,-2.8330780985335866
dpgan,"ClosestDistance(L_2, accuracy)",12435,0,-2.651583369606078,1,-2.8330780985335866
dpgan,"ClosestDistance(L_2, accuracy)",12435,1,-2.861757188334058,0,-2.8330780985335866
dpgan,"ClosestDistance(L_2, accuracy)",12435,0,-2.8410407586325994,0,-2.8330780985335866
dpgan,"ClosestDistance(L_2, accuracy)",12435,1,-2.9419079651196616,0,-2.8330780985335866
dpgan,"ClosestDistance(L_2, accuracy)",12435,0,-2.490645661870304,1,-2.8330780985335866
dpgan,"ClosestDistance(L_2, accuracy)",12435,1,-3.0154457084048527,0,-2.8330780985335866
dpgan,"ClosestDistance(L_2, accuracy)",12435,0,-2.5923757917641668,1,-2.8330780985335866
dpgan,"ClosestDistance(L_2, accuracy)",12435,1,-2.8929959142436763,0,-2.8330780985335866
dpgan,"ClosestDistance(L_2, accuracy)",12435,0,-2.5261733925775047,1,-2.8330780985335866
dpgan,"ClosestDistance(L_2, accuracy)",12435,1,-2.868059935787482,0,-2.8330780985335866
dpgan,"ClosestDistance(L_2, accuracy)",12435,0,-2.556480820379788,1,-2.8330780985335866
dpgan,"ClosestDistance(L_2, accuracy)",12435,1,-2.501274241622048,1,-2.8330780985335866
dpgan,"ClosestDistance(L_2, accuracy)",12435,0,-2.9144161304509133,0,-2.8330780985335866
dpgan,"ClosestDistance(L_2, accuracy)",12435,1,-2.8567436525679875,0,-2.8330780985335866
dpgan,"ClosestDistance(L_2, accuracy)",12435,0,-2.6709692697591825,1,-2.8330780985335866
dpgan,"ClosestDistance(L_2, accuracy)",12435,1,-2.8610009018265794,0,-2.8330780985335866
dpgan,"ClosestDistance(L_2, accuracy)",12435,0,-2.5280225087531933,1,-2.8330780985335866
dpgan,"ClosestDistance(L_2, accuracy)",12435,1,-2.5957730463696422,1,-2.8330780985335866
dpgan,"ClosestDistance(L_2, accuracy)",12435,0,-2.8945630920420733,0,-2.8330780985335866
dpgan,"ClosestDistance(L_2, accuracy)",12435,1,-2.8481935770359614,0,-2.8330780985335866
dpgan,"ClosestDistance(L_2, accuracy)",12435,0,-2.104579233025336,1,-2.8330780985335866
dpgan,"ClosestDistance(L_2, accuracy)",12435,1,-2.8526649218312246,0,-2.8330780985335866
dpgan,"ClosestDistance(L_2, accuracy)",12435,0,-2.8735649359189765,0,-2.8330780985335866
dpgan,"ClosestDistance(L_2, accuracy)",12435,1,-2.839959276003776,0,-2.8330780985335866
dpgan,"ClosestDistance(L_2, accuracy)",12435,0,-2.833789106520099,0,-2.8330780985335866
dpgan,"ClosestDistance(L_2, accuracy)",12435,1,-3.175521704365056,0,-2.8330780985335866
dpgan,"ClosestDistance(L_2, accuracy)",12435,0,-3.1630081425998746,0,-2.8330780985335866
dpgan,"ClosestDistance(L_2, accuracy)",12435,1,-2.8694910346279445,0,-2.8330780985335866
dpgan,"ClosestDistance(L_2, accuracy)",12435,0,-2.8503008497771947,0,-2.8330780985335866
dpgan,"ClosestDistance(L_2, accuracy)",12435,1,-2.8700276827330775,0,-2.8330780985335866
dpgan,"ClosestDistance(L_2, accuracy)",12435,0,-2.5919841916282054,1,-2.8330780985335866
dpgan,"ClosestDistance(L_2, accuracy)",12435,1,-2.8804188756271047,0,-2.8330780985335866
dpgan,"ClosestDistance(L_2, accuracy)",12435,0,-2.877779530695242,0,-2.8330780985335866
dpgan,"ClosestDistance(L_2, accuracy)",12435,1,-2.4640434721272815,1,-2.8330780985335866
dpgan,"ClosestDistance(L_2, accuracy)",12435,0,-2.8622362950173996,0,-2.8330780985335866
dpgan,"ClosestDistance(L_2, accuracy)",12435,1,-2.504322807380456,1,-2.8330780985335866
dpgan,"ClosestDistance(L_2, accuracy)",12435,0,-2.8607435525895335,0,-2.8330780985335866
dpgan,"ClosestDistance(L_2, accuracy)",12435,1,-3.20296666162271,0,-2.8330780985335866
dpgan,"ClosestDistance(L_2, accuracy)",12435,0,-2.4895693100416385,1,-2.8330780985335866
dpgan,"ClosestDistance(L_2, accuracy)",12435,1,-2.4977046830830454,1,-2.8330780985335866
dpgan,"ClosestDistance(L_2, accuracy)",12435,0,-2.836725245918044,0,-2.8330780985335866
dpgan,"ClosestDistance(L_2, accuracy)",12435,1,-2.8793298295652106,0,-2.8330780985335866
dpgan,"ClosestDistance(L_2, accuracy)",12435,0,-2.9048480498292766,0,-2.8330780985335866
dpgan,"ClosestDistance(L_2, accuracy)",12435,1,-3.1678541671879366,0,-2.8330780985335866
dpgan,"ClosestDistance(L_2, accuracy)",12435,0,-2.580604736233293,1,-2.8330780985335866
dpgan,"ClosestDistance(L_2, accuracy)",12435,1,-2.893354519599681,0,-2.8330780985335866
dpgan,"ClosestDistance(L_2, accuracy)",12435,0,-2.90588513429386,0,-2.8330780985335866
dpgan,"ClosestDistance(L_2, accuracy)",12435,1,-2.8756872145847145,0,-2.8330780985335866
dpgan,"ClosestDistance(L_2, accuracy)",12435,0,-2.4836878828174993,1,-2.8330780985335866
dpgan,"ClosestDistance(L_2, accuracy)",12435,1,-2.8955160946497207,0,-2.8330780985335866
dpgan,"ClosestDistance(L_2, accuracy)",12435,0,-2.871775245151276,0,-2.8330780985335866
dpgan,"ClosestDistance(L_2, accuracy)",12435,1,-2.9191105701988187,0,-2.8330780985335866
dpgan,"ClosestDistance(L_2, accuracy)",12435,0,-2.558399066672779,1,-2.8330780985335866
dpgan,"ClosestDistance(L_2, accuracy)",12435,1,-2.5909978934905022,1,-2.8330780985335866
dpgan,"ClosestDistance(L_2, accuracy)",12435,0,-2.619465742317503,1,-2.8330780985335866
dpgan,"ClosestDistance(L_2, accuracy)",12435,1,-2.8729594624069317,0,-2.8330780985335866
dpgan,"ClosestDistance(L_2, accuracy)",12435,0,-2.8809398351459614,0,-2.8330780985335866
dpgan,"ClosestDistance(L_2, accuracy)",12435,1,-3.1848699501747726,0,-2.8330780985335866
dpgan,"ClosestDistance(L_2, accuracy)",12435,0,-2.524557047005957,1,-2.8330780985335866
dpgan,"ClosestDistance(L_2, accuracy)",12435,1,-2.915256216432318,0,-2.8330780985335866
dpgan,"ClosestDistance(L_2, accuracy)",12435,0,-2.871849338545298,0,-2.8330780985335866
dpgan,"ClosestDistance(L_2, accuracy)",12435,1,-2.5037133961838887,1,-2.8330780985335866
dpgan,"ClosestDistance(L_2, accuracy)",12435,0,-2.5041142724678718,1,-2.8330780985335866
dpgan,"ClosestDistance(L_2, accuracy)",12435,1,-2.5137889646200766,1,-2.8330780985335866
dpgan,"ClosestDistance(L_2, accuracy)",12435,0,-2.867995771879925,0,-2.8330780985335866
dpgan,"ClosestDistance(L_2, accuracy)",12435,1,-2.5587818631497847,1,-2.8330780985335866
dpgan,"ClosestDistance(L_2, accuracy)",12435,0,-2.1195227926967215,1,-2.8330780985335866
dpgan,"ClosestDistance(L_2, accuracy)",12435,1,-2.1470507687169813,1,-2.8330780985335866
dpgan,"ClosestDistance(L_2, accuracy)",12435,0,-2.4871034633807216,1,-2.8330780985335866
dpgan,"ClosestDistance(L_2, accuracy)",12435,1,-2.515914805684028,1,-2.8330780985335866
dpgan,"ClosestDistance(L_2, accuracy)",12435,0,-2.6483633300498206,1,-2.8330780985335866
dpgan,"ClosestDistance(L_2, accuracy)",12435,1,-2.857937170490482,0,-2.8330780985335866
dpgan,"ClosestDistance(L_2, accuracy)",12435,0,-2.8837937116064705,0,-2.8330780985335866
dpgan,"ClosestDistance(L_2, accuracy)",12435,1,-2.8905507264436157,0,-2.8330780985335866
dpgan,"ClosestDistance(L_2, accuracy)",12435,0,-2.8840695893942714,0,-2.8330780985335866
dpgan,"ClosestDistance(L_2, accuracy)",12435,1,-2.662407162588195,1,-2.8330780985335866
dpgan,"ClosestDistance(L_2, accuracy)",12435,0,-2.8458216087635444,0,-2.8330780985335866
dpgan,"ClosestDistance(L_2, accuracy)",12435,1,-2.843066987583727,0,-2.8330780985335866
dpgan,"ClosestDistance(L_2, accuracy)",12435,0,-2.850545507682247,0,-2.8330780985335866
dpgan,"ClosestDistance(L_2, accuracy)",12435,1,-2.8767006118272884,0,-2.8330780985335866
dpgan,"ClosestDistance(L_2, accuracy)",12435,0,-3.182529399420177,0,-2.8330780985335866
dpgan,"ClosestDistance(L_2, accuracy)",12435,1,-3.165470441164048,0,-2.8330780985335866
dpgan,"ClosestDistance(L_2, accuracy)",12435,0,-2.5111816737322745,1,-2.8330780985335866
dpgan,"ClosestDistance(L_2, accuracy)",12435,1,-3.183684979764703,0,-2.8330780985335866
dpgan,"ClosestDistance(L_2, accuracy)",12435,0,-2.9057084461924134,0,-2.8330780985335866
dpgan,"ClosestDistance(L_2, accuracy)",12435,1,-2.8725964643778705,0,-2.8330780985335866
dpgan,"ClosestDistance(L_2, accuracy)",12435,0,-2.8447779431824403,0,-2.8330780985335866
dpgan,"ClosestDistance(L_2, accuracy)",12435,1,-2.462189456703559,1,-2.8330780985335866
dpgan,"ClosestDistance(L_2, accuracy)",12435,0,-2.4914113444403174,1,-2.8330780985335866
dpgan,"ClosestDistance(L_2, accuracy)",12435,1,-2.6020346949059743,1,-2.8330780985335866
dpgan,"ClosestDistance(L_2, accuracy)",12435,0,-2.4992594715194243,1,-2.8330780985335866
dpgan,"ClosestDistance(L_2, accuracy)",12435,1,-2.8455343763039487,0,-2.8330780985335866
dpgan,"ClosestDistance(L_2, accuracy)",12435,0,-2.50618607598291,1,-2.8330780985335866
dpgan,"ClosestDistance(L_2, accuracy)",12435,1,-2.851125630095458,0,-2.8330780985335866
dpgan,"ClosestDistance(L_2, accuracy)",12435,0,-2.4751452456803036,1,-2.8330780985335866
dpgan,"ClosestDistance(L_2, accuracy)",12435,1,-2.5972306187702374,1,-2.8330780985335866
dpgan,"ClosestDistance(L_2, accuracy)",12435,0,-2.4646303541975176,1,-2.8330780985335866
dpgan,"ClosestDistance(L_2, accuracy)",12435,1,-2.8732022450031676,0,-2.8330780985335866
dpgan,"ClosestDistance(L_2, accuracy)",12435,0,-2.831036171066451,1,-2.8330780985335866
dpgan,"ClosestDistance(L_2, accuracy)",12435,1,-2.9074726111836595,0,-2.8330780985335866
dpgan,"ClosestDistance(L_2, accuracy)",12435,0,-2.899513042522118,0,-2.8330780985335866
dpgan,"ClosestDistance(L_2, accuracy)",12435,1,-2.453500018624545,1,-2.8330780985335866
dpgan,"ClosestDistance(L_2, accuracy)",12435,0,-2.8329937549638204,1,-2.8330780985335866
dpgan,"ClosestDistance(L_2, accuracy)",12435,1,-2.837992990856854,0,-2.8330780985335866
dpgan,"ClosestDistance(L_2, accuracy)",12435,0,-2.8671977750047293,0,-2.8330780985335866
dpgan,"ClosestDistance(L_2, accuracy)",12435,1,-2.8699894261534453,0,-2.8330780985335866
dpgan,"ClosestDistance(L_2, accuracy)",12435,0,-3.1673580773452596,0,-2.8330780985335866
dpgan,"ClosestDistance(L_2, accuracy)",12435,1,-2.858221156068355,0,-2.8330780985335866
dpgan,"ClosestDistance(L_2, accuracy)",12435,0,-2.5837156090847704,1,-2.8330780985335866
dpgan,"ClosestDistance(L_2, accuracy)",12435,1,-2.9042019412837066,0,-2.8330780985335866
dpgan,"ClosestDistance(L_2, accuracy)",12435,0,-2.8639067784835586,0,-2.8330780985335866
dpgan,"ClosestDistance(L_2, accuracy)",12435,1,-2.8334576590782934,0,-2.8330780985335866
dpgan,"ClosestDistance(L_2, accuracy)",12435,0,-2.541614381833634,1,-2.8330780985335866
dpgan,"ClosestDistance(L_2, accuracy)",12435,1,-2.5006623330681985,1,-2.8330780985335866
dpgan,"ClosestDistance(L_2, accuracy)",12435,0,-2.51014605827304,1,-2.8330780985335866
dpgan,"ClosestDistance(L_2, accuracy)",12435,1,-2.8578068184121945,0,-2.8330780985335866
dpgan,"ClosestDistance(L_2, accuracy)",12435,0,-2.867819419593552,0,-2.8330780985335866
dpgan,"ClosestDistance(L_2, accuracy)",12435,1,-2.4806279128077127,1,-2.8330780985335866
dpgan,"ClosestDistance(L_2, accuracy)",12435,0,-2.8622384961427607,0,-2.8330780985335866
dpgan,"ClosestDistance(L_2, accuracy)",12435,1,-2.6775708776516733,1,-2.8330780985335866
dpgan,"ClosestDistance(L_2, accuracy)",12435,0,-2.637541048127968,1,-2.8330780985335866
dpgan,"ClosestDistance(L_2, accuracy)",12435,1,-2.5792193283328184,1,-2.8330780985335866
dpgan,"ClosestDistance(L_2, accuracy)",12435,0,-2.595094549065653,1,-2.8330780985335866
dpgan,"ClosestDistance(L_2, accuracy)",12435,1,-2.8705277105821074,0,-2.8330780985335866
dpgan,"ClosestDistance(L_2, accuracy)",12435,0,-2.8926265990370017,0,-2.8330780985335866
dpgan,"ClosestDistance(L_2, accuracy)",12435,1,-2.4846546052120493,1,-2.8330780985335866
dpgan,"ClosestDistance(L_2, accuracy)",12435,0,-2.8459319926956694,0,-2.8330780985335866
dpgan,"ClosestDistance(L_2, accuracy)",12435,1,-2.5213297843909612,1,-2.8330780985335866
dpgan,"ClosestDistance(L_2, accuracy)",12435,0,-2.890538320185364,0,-2.8330780985335866
dpgan,"ClosestDistance(L_2, accuracy)",12435,1,-2.622716054893644,1,-2.8330780985335866
dpgan,"ClosestDistance(L_2, accuracy)",12435,0,-2.498333504421983,1,-2.8330780985335866
dpgan,"ClosestDistance(L_2, accuracy)",12435,1,-3.198483787615368,0,-2.8330780985335866
dpgan,"ClosestDistance(L_2, accuracy)",12435,0,-2.88165755490799,0,-2.8330780985335866
dpgan,"ClosestDistance(L_2, accuracy)",12435,1,-2.9026495667311494,0,-2.8330780985335866
dpgan,"ClosestDistance(L_2, accuracy)",12435,0,-2.9094088073260687,0,-2.8330780985335866
dpgan,"ClosestDistance(L_2, accuracy)",12435,1,-2.4679766225733393,1,-2.8330780985335866
dpgan,"ClosestDistance(L_2, accuracy)",12435,0,-2.8520186095755444,0,-2.8330780985335866
dpgan,"ClosestDistance(L_2, accuracy)",12435,1,-2.862835886044054,0,-2.8330780985335866
dpgan,"ClosestDistance(L_2, accuracy)",12435,0,-2.8718055095367574,0,-2.8330780985335866
dpgan,"ClosestDistance(L_2, accuracy)",12435,1,-1.7377332680351556,1,-2.8330780985335866
dpgan,"ClosestDistance(L_2, accuracy)",12435,0,-2.8953469627350668,0,-2.8330780985335866
dpgan,"ClosestDistance(L_2, accuracy)",12435,1,-2.893390324292294,0,-2.8330780985335866
dpgan,"ClosestDistance(L_2, accuracy)",12435,0,-2.8483559358651123,0,-2.8330780985335866
dpgan,"ClosestDistance(L_2, accuracy)",12435,1,-2.6643884915882423,1,-2.8330780985335866
dpgan,"ClosestDistance(L_2, accuracy)",12435,0,-2.5420782588443416,1,-2.8330780985335866
dpgan,"ClosestDistance(L_2, accuracy)",12435,1,-2.5154674734274,1,-2.8330780985335866
dpgan,"ClosestDistance(L_2, accuracy)",12435,0,-2.86562416081845,0,-2.8330780985335866
dpgan,"ClosestDistance(L_2, accuracy)",12435,1,-2.019093134684801,1,-2.8330780985335866
dpgan,"ClosestDistance(L_2, accuracy)",12435,0,-3.1672125414852164,0,-2.8330780985335866
dpgan,"ClosestDistance(L_2, accuracy)",12435,1,-2.479334953388807,1,-2.8330780985335866
dpgan,"ClosestDistance(L_2, accuracy)",12435,0,-2.8596104344414353,0,-2.8330780985335866
dpgan,"ClosestDistance(L_2, accuracy)",12435,1,-2.832394146968319,1,-2.8330780985335866
dpgan,"ClosestDistance(L_2, accuracy)",12435,0,-2.5001666873102595,1,-2.8330780985335866
dpgan,"ClosestDistance(L_2, accuracy)",12435,1,-2.8847865764859546,0,-2.8330780985335866
dpgan,"ClosestDistance(L_2, accuracy)",12435,0,-2.8482667644044337,0,-2.8330780985335866
dpgan,"ClosestDistance(L_2, accuracy)",12435,1,-2.854239727731816,0,-2.8330780985335866
dpgan,"ClosestDistance(L_2, accuracy)",12435,0,-2.840569381298959,0,-2.8330780985335866
dpgan,"ClosestDistance(L_2, accuracy)",12435,1,-3.184438583935934,0,-2.8330780985335866
dpgan,"ClosestDistance(L_2, accuracy)",12435,0,-2.889774419939048,0,-2.8330780985335866
dpgan,"ClosestDistance(L_2, accuracy)",12435,1,-2.9614503832175254,0,-2.8330780985335866
dpgan,"ClosestDistance(L_2, accuracy)",12435,0,-2.889664273655398,0,-2.8330780985335866
dpgan,"ClosestDistance(L_2, accuracy)",12435,1,-2.6338757119218195,1,-2.8330780985335866
dpgan,"ClosestDistance(L_2, accuracy)",12435,0,-2.5724380035243484,1,-2.8330780985335866
dpgan,"ClosestDistance(L_2, accuracy)",12435,1,-2.481185361542374,1,-2.8330780985335866
dpgan,"ClosestDistance(L_2, accuracy)",12435,0,-3.029317115161934,0,-2.8330780985335866
dpgan,"ClosestDistance(L_2, accuracy)",12435,1,-2.651785989319833,1,-2.8330780985335866
dpgan,"ClosestDistance(L_2, accuracy)",12435,0,-2.537037910551368,1,-2.8330780985335866
dpgan,"ClosestDistance(L_2, accuracy)",12435,1,-2.8524327045342694,0,-2.8330780985335866
dpgan,"ClosestDistance(L_2, accuracy)",12435,0,-2.68156942486487,1,-2.8330780985335866
dpgan,"ClosestDistance(L_2, accuracy)",12435,1,-2.8726249031192093,0,-2.8330780985335866
dpgan,"ClosestDistance(L_2, accuracy)",12435,0,-2.655882387105301,1,-2.8330780985335866
dpgan,"ClosestDistance(L_2, accuracy)",12435,1,-2.848992931648196,0,-2.8330780985335866
dpgan,"ClosestDistance(L_2, accuracy)",12435,0,-2.861143749809195,0,-2.8330780985335866
dpgan,"ClosestDistance(L_2, accuracy)",12435,1,-2.522851547838259,1,-2.8330780985335866
dpgan,"ClosestDistance(L_2, accuracy)",12435,0,-2.6840188415550275,1,-2.8330780985335866
dpgan,"ClosestDistance(L_2, accuracy)",12435,1,-2.9017586896493737,0,-2.8330780985335866
dpgan,"ClosestDistance(L_2, accuracy)",12435,0,-2.8372125596350877,0,-2.8330780985335866
dpgan,"ClosestDistance(L_2, accuracy)",12435,1,-2.500278283653377,1,-2.8330780985335866
dpgan,"ClosestDistance(L_2, accuracy)",12435,0,-2.9060908142276745,0,-2.8330780985335866
dpgan,"ClosestDistance(L_2, accuracy)",12435,1,-2.5873500096179836,1,-2.8330780985335866
dpgan,"ClosestDistance(L_2, accuracy)",12435,0,-2.859989726497041,0,-2.8330780985335866
dpgan,"ClosestDistance(L_2, accuracy)",12435,1,-2.5686592607310494,1,-2.8330780985335866
dpgan,"ClosestDistance(L_2, accuracy)",12435,0,-3.0472452288753487,0,-2.8330780985335866
dpgan,"ClosestDistance(L_2, accuracy)",12435,1,-2.510007783928907,1,-2.8330780985335866
dpgan,"ClosestDistance(L_2, accuracy)",12435,0,-2.8508499001520073,0,-2.8330780985335866
dpgan,"ClosestDistance(L_2, accuracy)",12435,1,-2.8721170887046124,0,-2.8330780985335866
dpgan,"ClosestDistance(L_2, accuracy)",12435,0,-2.5659484718264842,1,-2.8330780985335866
dpgan,"ClosestDistance(L_2, accuracy)",12435,1,-2.8446018515738603,0,-2.8330780985335866
dpgan,"ClosestDistance(L_2, accuracy)",12435,0,-2.661216626681518,1,-2.8330780985335866
dpgan,"ClosestDistance(L_2, accuracy)",12435,1,-2.5071025002629774,1,-2.8330780985335866
dpgan,"ClosestDistance(L_2, accuracy)",12435,0,-2.845110767099212,0,-2.8330780985335866
dpgan,"ClosestDistance(L_2, accuracy)",12435,1,-2.4994233793402425,1,-2.8330780985335866
dpgan,"ClosestDistance(L_2, accuracy)",12435,0,-2.871198835981299,0,-2.8330780985335866
dpgan,"ClosestDistance(L_2, accuracy)",12435,1,-3.0185525379265585,0,-2.8330780985335866
dpgan,"ClosestDistance(L_2, accuracy)",12435,0,-2.520029887774465,1,-2.8330780985335866
dpgan,"ClosestDistance(L_2, accuracy)",12435,1,-2.5072536076011236,1,-2.8330780985335866
dpgan,"ClosestDistance(L_2, accuracy)",12435,0,-2.8511168576481025,0,-2.8330780985335866
dpgan,"ClosestDistance(L_2, accuracy)",12435,1,-2.8514095913393107,0,-2.8330780985335866
dpgan,"ClosestDistance(L_2, accuracy)",12435,0,-2.8792165135878895,0,-2.8330780985335866
dpgan,"ClosestDistance(L_2, accuracy)",12435,1,-2.541675622643479,1,-2.8330780985335866
dpgan,"ClosestDistance(L_2, accuracy)",12435,0,-2.8656142980801884,0,-2.8330780985335866
dpgan,"ClosestDistance(L_2, accuracy)",12435,1,-2.9007187234466687,0,-2.8330780985335866
dpgan,"ClosestDistance(L_2, accuracy)",12435,0,-2.113209527397534,1,-2.8330780985335866
dpgan,"ClosestDistance(L_2, accuracy)",12435,1,-2.894633069051816,0,-2.8330780985335866
dpgan,"ClosestDistance(L_2, accuracy)",12435,0,-2.861282663149732,0,-2.8330780985335866
dpgan,"ClosestDistance(L_2, accuracy)",12435,1,-2.844050602191779,0,-2.8330780985335866
dpgan,"ClosestDistance(L_2, accuracy)",12435,0,-2.879801344514979,0,-2.8330780985335866
dpgan,"ClosestDistance(L_2, accuracy)",12435,1,-2.5509318329341304,1,-2.8330780985335866
dpgan,"ClosestDistance(L_2, accuracy)",12435,0,-2.844512839116662,0,-2.8330780985335866
dpgan,"ClosestDistance(L_2, accuracy)",12435,1,-2.4874265481404416,1,-2.8330780985335866
dpgan,"ClosestDistance(L_2, accuracy)",12435,0,-2.5405516180009164,1,-2.8330780985335866
dpgan,"ClosestDistance(L_2, accuracy)",12435,1,-2.900088867876002,0,-2.8330780985335866
dpgan,"ClosestDistance(L_2, accuracy)",12435,0,-2.8952471252145675,0,-2.8330780985335866
dpgan,"ClosestDistance(L_2, accuracy)",12435,1,-2.894410251402093,0,-2.8330780985335866
dpgan,"ClosestDistance(L_2, accuracy)",12435,0,-2.843257528275748,0,-2.8330780985335866
dpgan,"ClosestDistance(L_2, accuracy)",12435,1,-2.8376654229167664,0,-2.8330780985335866
dpgan,"ClosestDistance(L_2, accuracy)",12435,0,-2.8606455796645345,0,-2.8330780985335866
dpgan,"ClosestDistance(L_2, accuracy)",12435,1,-2.8876335106491524,0,-2.8330780985335866
dpgan,"ClosestDistance(L_2, accuracy)",12435,0,-2.462963116540959,1,-2.8330780985335866
dpgan,"ClosestDistance(L_2, accuracy)",12435,1,-2.498470011731507,1,-2.8330780985335866
dpgan,"ClosestDistance(L_2, accuracy)",12435,0,-2.85742381176299,0,-2.8330780985335866
dpgan,"ClosestDistance(L_2, accuracy)",12435,1,-2.834564729613255,0,-2.8330780985335866
dpgan,"ClosestDistance(L_2, accuracy)",12435,0,-2.9252761728980925,0,-2.8330780985335866
dpgan,"ClosestDistance(L_2, accuracy)",12435,1,-2.5262134913167746,1,-2.8330780985335866
dpgan,"ClosestDistance(L_2, accuracy)",12435,0,-2.478860150466765,1,-2.8330780985335866
dpgan,"ClosestDistance(L_2, accuracy)",12435,1,-2.0688849622393435,1,-2.8330780985335866
dpgan,"ClosestDistance(L_2, accuracy)",12435,0,-2.9155754122723905,0,-2.8330780985335866
dpgan,"ClosestDistance(L_2, accuracy)",12435,1,-2.8482609783966053,0,-2.8330780985335866
dpgan,"ClosestDistance(L_2, accuracy)",12435,0,-2.1957853865051034,1,-2.8330780985335866
dpgan,"ClosestDistance(L_2, accuracy)",12435,1,-2.4704536132317045,1,-2.8330780985335866
dpgan,"ClosestDistance(L_2, accuracy)",12435,0,-2.4936081964922887,1,-2.8330780985335866
dpgan,"ClosestDistance(L_2, accuracy)",12435,1,-2.4692913032195314,1,-2.8330780985335866
dpgan,"ClosestDistance(L_2, accuracy)",12435,0,-2.882422891666392,0,-2.8330780985335866
dpgan,"ClosestDistance(L_2, accuracy)",12435,1,-2.8513117532423693,0,-2.8330780985335866
dpgan,"ClosestDistance(L_2, accuracy)",12435,0,-2.8505610488630864,0,-2.8330780985335866
dpgan,"ClosestDistance(L_2, accuracy)",12435,1,-2.5767048780952075,1,-2.8330780985335866
dpgan,"ClosestDistance(L_2, accuracy)",12435,0,-2.5067552004250957,1,-2.8330780985335866
dpgan,"ClosestDistance(L_2, accuracy)",12435,1,-2.493392795571343,1,-2.8330780985335866
dpgan,"ClosestDistance(L_2, accuracy)",12435,0,-2.721803009662766,1,-2.8330780985335866
dpgan,"ClosestDistance(L_2, accuracy)",12435,1,-2.8860724749253883,0,-2.8330780985335866
dpgan,"ClosestDistance(L_2, accuracy)",12435,0,-2.900696626433514,0,-2.8330780985335866
dpgan,"ClosestDistance(L_2, accuracy)",12435,1,-2.843482461494177,0,-2.8330780985335866
dpgan,"ClosestDistance(L_2, accuracy)",12435,0,-2.565662675986137,1,-2.8330780985335866
dpgan,"ClosestDistance(L_2, accuracy)",12435,1,-2.576778037135471,1,-2.8330780985335866
dpgan,"ClosestDistance(L_2, accuracy)",12435,0,-2.4805397177965176,1,-2.8330780985335866
dpgan,"ClosestDistance(L_2, accuracy)",12435,1,-2.889617835454475,0,-2.8330780985335866
dpgan,"ClosestDistance(L_2, accuracy)",12435,0,-2.834183831687181,0,-2.8330780985335866
dpgan,"ClosestDistance(L_2, accuracy)",12435,1,-2.57368392938576,1,-2.8330780985335866
dpgan,"ClosestDistance(L_2, accuracy)",12435,0,-2.5110777238502835,1,-2.8330780985335866
dpgan,"ClosestDistance(L_2, accuracy)",12435,1,-2.5022519539817076,1,-2.8330780985335866
dpgan,"ClosestDistance(L_2, accuracy)",12435,0,-2.455144840812526,1,-2.8330780985335866
dpgan,"ClosestDistance(L_2, accuracy)",12435,1,-2.867512747715588,0,-2.8330780985335866
dpgan,"ClosestDistance(L_2, accuracy)",12435,0,-2.8988053779603034,0,-2.8330780985335866
dpgan,"ClosestDistance(L_2, accuracy)",12435,1,-2.6086750168134603,1,-2.8330780985335866
dpgan,"ClosestDistance(L_2, accuracy)",12435,0,-2.8411112502413163,0,-2.8330780985335866
dpgan,"ClosestDistance(L_2, accuracy)",12435,1,-2.865505060163507,0,-2.8330780985335866
dpgan,"ClosestDistance(L_2, accuracy)",12435,0,-2.483445445933107,1,-2.8330780985335866
dpgan,"ClosestDistance(L_2, accuracy)",12435,1,-2.8500413047619637,0,-2.8330780985335866
dpgan,"ClosestDistance(L_2, accuracy)",12435,0,-2.492527107071181,1,-2.8330780985335866
dpgan,"ClosestDistance(L_2, accuracy)",12435,1,-2.5152574046515044,1,-2.8330780985335866
dpgan,"ClosestDistance(L_2, accuracy)",12435,0,-2.5316891171781606,1,-2.8330780985335866
dpgan,"ClosestDistance(L_2, accuracy)",12435,1,-2.856851178407134,0,-2.8330780985335866
dpgan,"ClosestDistance(L_2, accuracy)",12435,0,-2.8668068156256012,0,-2.8330780985335866
dpgan,"ClosestDistance(L_2, accuracy)",12435,1,-2.8435794540332298,0,-2.8330780985335866
dpgan,"ClosestDistance(L_2, accuracy)",12435,0,-2.530425675242663,1,-2.8330780985335866
dpgan,"ClosestDistance(L_2, accuracy)",12435,1,-2.864163828595977,0,-2.8330780985335866
dpgan,"ClosestDistance(L_2, accuracy)",12435,0,-2.2466864757313663,1,-2.8330780985335866
dpgan,"ClosestDistance(L_2, accuracy)",12435,1,-2.647861170722755,1,-2.8330780985335866
dpgan,"ClosestDistance(L_2, accuracy)",12435,0,-2.1865777862091544,1,-2.8330780985335866
dpgan,"ClosestDistance(L_2, accuracy)",12435,1,-2.5212741590939824,1,-2.8330780985335866
dpgan,"ClosestDistance(L_2, accuracy)",12435,0,-2.87189957519436,0,-2.8330780985335866
dpgan,"ClosestDistance(L_2, accuracy)",12435,1,-2.6084807731628756,1,-2.8330780985335866
dpgan,"ClosestDistance(L_2, accuracy)",12435,0,-2.0360251666295217,1,-2.8330780985335866
dpgan,"ClosestDistance(L_2, accuracy)",12435,1,-2.756846544514385,1,-2.8330780985335866
dpgan,"ClosestDistance(L_2, accuracy)",12435,0,-2.7117276460256643,1,-2.8330780985335866
dpgan,"ClosestDistance(L_2, accuracy)",12435,1,-2.4850314965596976,1,-2.8330780985335866
dpgan,"ClosestDistance(L_2, accuracy)",12435,0,-2.520926515091859,1,-2.8330780985335866
dpgan,"ClosestDistance(L_2, accuracy)",12435,1,-2.903791464565851,0,-2.8330780985335866
dpgan,"ClosestDistance(L_2, accuracy)",12435,0,-2.4966637541933556,1,-2.8330780985335866
dpgan,"ClosestDistance(L_2, accuracy)",12435,1,-2.864380177819397,0,-2.8330780985335866
dpgan,"ClosestDistance(L_2, accuracy)",12435,0,-2.5335536859663987,1,-2.8330780985335866
dpgan,"ClosestDistance(L_2, accuracy)",12435,1,-2.871544002401235,0,-2.8330780985335866
dpgan,"ClosestDistance(L_2, accuracy)",12435,0,-2.8480928338637312,0,-2.8330780985335866
dpgan,"ClosestDistance(L_2, accuracy)",12435,1,-2.8309798296472932,1,-2.8330780985335866
dpgan,"ClosestDistance(L_2, accuracy)",12435,0,-2.4614356656108405,1,-2.8330780985335866
dpgan,"ClosestDistance(L_2, accuracy)",12435,1,-2.907471606481674,0,-2.8330780985335866
dpgan,"ClosestDistance(L_2, accuracy)",12435,0,-2.5493836139753006,1,-2.8330780985335866
dpgan,"ClosestDistance(L_2, accuracy)",12435,1,-2.8539688878123366,0,-2.8330780985335866
dpgan,"ClosestDistance(L_2, accuracy)",12435,0,-3.1684185567931915,0,-2.8330780985335866
dpgan,"ClosestDistance(L_2, accuracy)",12435,1,-2.8456055976545613,0,-2.8330780985335866
dpgan,"ClosestDistance(L_2, accuracy)",12435,0,-2.6624324033977604,1,-2.8330780985335866
dpgan,"ClosestDistance(L_2, accuracy)",12435,1,-2.6958808001393217,1,-2.8330780985335866
dpgan,"ClosestDistance(L_2, accuracy)",12435,0,-2.8570620389474572,0,-2.8330780985335866
dpgan,"ClosestDistance(L_2, accuracy)",12435,1,-2.5876276757212504,1,-2.8330780985335866
dpgan,"ClosestDistance(L_2, accuracy)",12435,0,-2.8585909395892464,0,-2.8330780985335866
dpgan,"ClosestDistance(L_2, accuracy)",12435,1,-2.5173262446090496,1,-2.8330780985335866
dpgan,"ClosestDistance(L_2, accuracy)",12435,0,-2.851551345445972,0,-2.8330780985335866
dpgan,"ClosestDistance(L_2, accuracy)",12435,1,-2.887957714301394,0,-2.8330780985335866
dpgan,"ClosestDistance(L_2, accuracy)",12435,0,-2.8737843943003094,0,-2.8330780985335866
dpgan,"ClosestDistance(L_2, accuracy)",12435,1,-2.5352519377998517,1,-2.8330780985335866
dpgan,"ClosestDistance(L_2, accuracy)",12435,0,-2.858825499920227,0,-2.8330780985335866
dpgan,"ClosestDistance(L_2, accuracy)",12435,1,-2.8366495343491605,0,-2.8330780985335866
dpgan,"ClosestDistance(L_2, accuracy)",12435,0,-2.4749587034339977,1,-2.8330780985335866
dpgan,"ClosestDistance(L_2, accuracy)",12435,1,-2.859137431173168,0,-2.8330780985335866
dpgan,"ClosestDistance(L_2, accuracy)",12435,0,-2.8651019247929668,0,-2.8330780985335866
dpgan,"ClosestDistance(L_2, accuracy)",12435,1,-2.8723726085041617,0,-2.8330780985335866
dpgan,"ClosestDistance(L_2, accuracy)",12435,0,-2.860701467498562,0,-2.8330780985335866
dpgan,"ClosestDistance(L_2, accuracy)",12435,1,-2.916204858263262,0,-2.8330780985335866
dpgan,"ClosestDistance(L_2, accuracy)",12435,0,-2.0512871249879114,1,-2.8330780985335866
dpgan,"ClosestDistance(L_2, accuracy)",12435,1,-2.8632033412599074,0,-2.8330780985335866
dpgan,"ClosestDistance(L_2, accuracy)",12435,0,-2.500183090296916,1,-2.8330780985335866
dpgan,"ClosestDistance(L_2, accuracy)",12435,1,-2.5404634273033206,1,-2.8330780985335866
dpgan,"ClosestDistance(L_2, accuracy)",12435,0,-2.859203903164037,0,-2.8330780985335866
dpgan,"ClosestDistance(L_2, accuracy)",12435,1,-2.8627793026396016,0,-2.8330780985335866
dpgan,"ClosestDistance(L_2, accuracy)",12435,0,-2.682389621798191,1,-2.8330780985335866
dpgan,"ClosestDistance(L_2, accuracy)",12435,1,-2.3041929973828164,1,-2.8330780985335866
dpgan,"ClosestDistance(L_2, accuracy)",12435,0,-2.5041818387934875,1,-2.8330780985335866
dpgan,"ClosestDistance(L_2, accuracy)",12435,1,-2.861985510499601,0,-2.8330780985335866
dpgan,"ClosestDistance(L_2, accuracy)",12435,0,-2.5577756270294585,1,-2.8330780985335866
dpgan,"ClosestDistance(L_2, accuracy)",12435,1,-2.505247794737623,1,-2.8330780985335866
dpgan,"ClosestDistance(L_2, accuracy)",12435,0,-2.881904426791887,0,-2.8330780985335866
dpgan,"ClosestDistance(L_2, accuracy)",12435,1,-2.8333033959973166,0,-2.8330780985335866
dpgan,"ClosestDistance(L_2, accuracy)",12435,0,-2.880279179030562,0,-2.8330780985335866
dpgan,"ClosestDistance(L_2, accuracy)",12435,1,-2.8881697266351622,0,-2.8330780985335866
dpgan,"ClosestDistance(L_2, accuracy)",12435,0,-3.188849435199543,0,-2.8330780985335866
dpgan,"ClosestDistance(L_2, accuracy)",12435,1,-2.8341693803889143,0,-2.8330780985335866
dpgan,"ClosestDistance(L_2, accuracy)",12435,0,-3.032992271599048,0,-2.8330780985335866
dpgan,"ClosestDistance(L_2, accuracy)",12435,1,-2.838291542218356,0,-2.8330780985335866
dpgan,"ClosestDistance(L_2, accuracy)",12435,0,-2.6474563108512474,1,-2.8330780985335866
dpgan,"ClosestDistance(L_2, accuracy)",12435,1,-2.8398547722512433,0,-2.8330780985335866
dpgan,"ClosestDistance(L_2, accuracy)",12435,0,-2.505473815133886,1,-2.8330780985335866
dpgan,"ClosestDistance(L_2, accuracy)",12435,1,-2.859285962847795,0,-2.8330780985335866
dpgan,"ClosestDistance(L_2, accuracy)",12435,0,-2.5002793121668505,1,-2.8330780985335866
dpgan,"ClosestDistance(L_2, accuracy)",12435,1,-2.4749584012876884,1,-2.8330780985335866
dpgan,"ClosestDistance(L_2, accuracy)",12435,0,-2.518073205918951,1,-2.8330780985335866
dpgan,"ClosestDistance(L_2, accuracy)",12435,1,-2.8714194205815033,0,-2.8330780985335866
dpgan,"ClosestDistance(L_2, accuracy)",12435,0,-2.595864971548579,1,-2.8330780985335866
dpgan,"ClosestDistance(L_2, accuracy)",12435,1,-2.860169554525212,0,-2.8330780985335866
dpgan,"ClosestDistance(L_2, accuracy)",12435,0,-2.9913161306148455,0,-2.8330780985335866
dpgan,"ClosestDistance(L_2, accuracy)",12435,1,-2.5026378728228753,1,-2.8330780985335866
dpgan,"ClosestDistance(L_2, accuracy)",12435,0,-2.8470082068042584,0,-2.8330780985335866
dpgan,"ClosestDistance(L_2, accuracy)",12435,1,-2.471005914656215,1,-2.8330780985335866
dpgan,"ClosestDistance(L_2, accuracy)",12435,0,-2.515877945830668,1,-2.8330780985335866
dpgan,"ClosestDistance(L_2, accuracy)",12435,1,-2.912480985746954,0,-2.8330780985335866
dpgan,"ClosestDistance(L_2, accuracy)",12435,0,-2.851768544359801,0,-2.8330780985335866
dpgan,"ClosestDistance(L_2, accuracy)",12435,1,-2.581515823818944,1,-2.8330780985335866
dpgan,"ClosestDistance(L_2, accuracy)",12435,0,-2.7136483660424244,1,-2.8330780985335866
dpgan,"ClosestDistance(L_2, accuracy)",12435,1,-2.606514079697869,1,-2.8330780985335866
dpgan,"ClosestDistance(L_2, accuracy)",12435,0,-2.9168465340695517,0,-2.8330780985335866
dpgan,"ClosestDistance(L_2, accuracy)",12435,1,-2.1187016323244308,1,-2.8330780985335866
dpgan,"ClosestDistance(L_2, accuracy)",12435,0,-2.850414266107971,0,-2.8330780985335866
dpgan,"ClosestDistance(L_2, accuracy)",12435,1,-2.858952951924044,0,-2.8330780985335866
dpgan,"ClosestDistance(L_2, accuracy)",12435,0,-2.2969415986948842,1,-2.8330780985335866
dpgan,"ClosestDistance(L_2, accuracy)",12435,1,-2.8983051713287145,0,-2.8330780985335866
dpgan,"ClosestDistance(L_2, accuracy)",12435,0,-2.8500457726401636,0,-2.8330780985335866
dpgan,"ClosestDistance(L_2, accuracy)",12435,1,-2.6323739731315174,1,-2.8330780985335866
dpgan,"ClosestDistance(L_2, accuracy)",12435,0,-2.9044527496923243,0,-2.8330780985335866
dpgan,"ClosestDistance(L_2, accuracy)",12435,1,-2.860237034163004,0,-2.8330780985335866
dpgan,"ClosestDistance(L_2, accuracy)",12435,0,-2.523334847900353,1,-2.8330780985335866
dpgan,"ClosestDistance(L_2, accuracy)",12435,1,-2.831595819115421,1,-2.8330780985335866
dpgan,"ClosestDistance(L_2, accuracy)",12435,0,-2.846348647070017,0,-2.8330780985335866
dpgan,"ClosestDistance(L_2, accuracy)",12435,1,-2.873517135580058,0,-2.8330780985335866
dpgan,"ClosestDistance(L_2, accuracy)",12435,0,-2.8674930108189183,0,-2.8330780985335866
dpgan,"ClosestDistance(L_2, accuracy)",12435,1,-2.8487130066726394,0,-2.8330780985335866
dpgan,"ClosestDistance(L_2, accuracy)",12435,0,-2.891343704872007,0,-2.8330780985335866
dpgan,"ClosestDistance(L_2, accuracy)",12435,1,-2.532493060454264,1,-2.8330780985335866
dpgan,"ClosestDistance(L_2, accuracy)",12435,0,-2.4977283678932443,1,-2.8330780985335866
dpgan,"ClosestDistance(L_2, accuracy)",12435,1,-2.59159061980404,1,-2.8330780985335866
dpgan,"ClosestDistance(L_2, accuracy)",12435,0,-3.166619974526314,0,-2.8330780985335866
dpgan,"ClosestDistance(L_2, accuracy)",12435,1,-2.8779652859540077,0,-2.8330780985335866
dpgan,"ClosestDistance(L_2, accuracy)",12435,0,-2.719250620546367,1,-2.8330780985335866
dpgan,"ClosestDistance(L_2, accuracy)",12435,1,-2.878961216063538,0,-2.8330780985335866
dpgan,"ClosestDistance(L_2, accuracy)",12435,0,-2.836947102599087,0,-2.8330780985335866
dpgan,"ClosestDistance(L_2, accuracy)",12435,1,-2.5089715640884545,1,-2.8330780985335866
dpgan,"ClosestDistance(L_2, accuracy)",12435,0,-3.2535695768825987,0,-2.8330780985335866
dpgan,"ClosestDistance(L_2, accuracy)",12435,1,-2.5037204503119557,1,-2.8330780985335866
dpgan,"ClosestDistance(L_2, accuracy)",12435,0,-2.4897768504636537,1,-2.8330780985335866
dpgan,"ClosestDistance(L_2, accuracy)",12435,1,-2.857199200686036,0,-2.8330780985335866
dpgan,"ClosestDistance(L_2, accuracy)",12435,0,-2.68110776233199,1,-2.8330780985335866
dpgan,"ClosestDistance(L_2, accuracy)",12435,1,-2.850684680454991,0,-2.8330780985335866
dpgan,"ClosestDistance(L_2, accuracy)",12435,0,-2.8577498009159643,0,-2.8330780985335866
dpgan,"ClosestDistance(L_2, accuracy)",12435,1,-2.4999415846427775,1,-2.8330780985335866
dpgan,"ClosestDistance(L_2, accuracy)",12435,0,-2.4863601513835216,1,-2.8330780985335866
dpgan,"ClosestDistance(L_2, accuracy)",12435,1,-2.5256863301760686,1,-2.8330780985335866
dpgan,"ClosestDistance(L_2, accuracy)",12435,0,-2.3086190999989973,1,-2.8330780985335866
dpgan,"ClosestDistance(L_2, accuracy)",12435,1,-2.063048851388842,1,-2.8330780985335866
dpgan,"ClosestDistance(L_2, accuracy)",12435,0,-2.860487448666305,0,-2.8330780985335866
dpgan,"ClosestDistance(L_2, accuracy)",12435,1,-2.8694092350965756,0,-2.8330780985335866
dpgan,"ClosestDistance(L_2, accuracy)",12435,0,-3.1918762264864022,0,-2.8330780985335866
dpgan,"ClosestDistance(L_2, accuracy)",12435,1,-2.5145380602262213,1,-2.8330780985335866
dpgan,"ClosestDistance(L_2, accuracy)",12435,0,-2.489020688041327,1,-2.8330780985335866
dpgan,"ClosestDistance(L_2, accuracy)",12435,1,-2.4926435158565394,1,-2.8330780985335866
dpgan,"ClosestDistance(L_2, accuracy)",12435,0,-2.8762313777640642,0,-2.8330780985335866
dpgan,"ClosestDistance(L_2, accuracy)",12435,1,-2.8431106357563896,0,-2.8330780985335866
dpgan,"ClosestDistance(L_2, accuracy)",12435,0,-2.863701327632197,0,-2.8330780985335866
dpgan,"ClosestDistance(L_2, accuracy)",12435,1,-2.8408488290869944,0,-2.8330780985335866
dpgan,"ClosestDistance(L_2, accuracy)",12435,0,-2.881146967945245,0,-2.8330780985335866
dpgan,"ClosestDistance(L_2, accuracy)",12435,1,-2.5722532321489204,1,-2.8330780985335866
dpgan,"ClosestDistance(L_2, accuracy)",12435,0,-2.837333371038904,0,-2.8330780985335866
dpgan,"ClosestDistance(L_2, accuracy)",12435,1,-2.891418350768968,0,-2.8330780985335866
dpgan,"ClosestDistance(L_2, accuracy)",12435,0,-2.8317716500113486,1,-2.8330780985335866
dpgan,"ClosestDistance(L_2, accuracy)",12435,1,-2.8488074866858106,0,-2.8330780985335866
dpgan,"ClosestDistance(L_2, accuracy)",12435,0,-2.57331360371015,1,-2.8330780985335866
dpgan,"ClosestDistance(L_2, accuracy)",12435,1,-2.8838261756551558,0,-2.8330780985335866
dpgan,"ClosestDistance(L_2, accuracy)",12435,0,-2.305992363148779,1,-2.8330780985335866
dpgan,"ClosestDistance(L_2, accuracy)",12435,1,-2.892091433871576,0,-2.8330780985335866
dpgan,"ClosestDistance(L_2, accuracy)",12435,0,-2.541873264580437,1,-2.8330780985335866
dpgan,"ClosestDistance(L_2, accuracy)",12435,1,-2.5535677137155472,1,-2.8330780985335866
dpgan,"ClosestDistance(L_2, accuracy)",12435,0,-2.5141455422102204,1,-2.8330780985335866
dpgan,"ClosestDistance(L_2, accuracy)",12435,1,-3.1763141618639623,0,-2.8330780985335866
dpgan,"ClosestDistance(L_2, accuracy)",12435,0,-2.4808814477181707,1,-2.8330780985335866
dpgan,"ClosestDistance(L_2, accuracy)",12435,1,-2.5576409536809264,1,-2.8330780985335866
dpgan,"ClosestDistance(L_2, accuracy)",12435,0,-2.923832298264619,0,-2.8330780985335866
dpgan,"ClosestDistance(L_2, accuracy)",12435,1,-2.8614134389498607,0,-2.8330780985335866
dpgan,"ClosestDistance(L_2, accuracy)",12435,0,-2.509894763886181,1,-2.8330780985335866
dpgan,"ClosestDistance(L_2, accuracy)",12435,1,-2.6060510226752074,1,-2.8330780985335866
dpgan,"ClosestDistance(L_2, accuracy)",12435,0,-2.830068431822259,1,-2.8330780985335866
dpgan,"ClosestDistance(L_2, accuracy)",12435,1,-2.541860741051899,1,-2.8330780985335866
dpgan,"ClosestDistance(L_2, accuracy)",12435,0,-2.8904030193176817,0,-2.8330780985335866
dpgan,"ClosestDistance(L_2, accuracy)",12435,1,-2.8649411933471667,0,-2.8330780985335866
dpgan,"ClosestDistance(L_2, accuracy)",12435,0,-2.8649727221500303,0,-2.8330780985335866
dpgan,"ClosestDistance(L_2, accuracy)",12435,1,-2.8822649209197673,0,-2.8330780985335866
dpgan,"ClosestDistance(L_2, accuracy)",12435,0,-2.9231370503505176,0,-2.8330780985335866
dpgan,"ClosestDistance(L_2, accuracy)",12435,1,-2.705992540940065,1,-2.8330780985335866
dpgan,"ClosestDistance(L_2, accuracy)",12435,0,-2.859404943780037,0,-2.8330780985335866
dpgan,"ClosestDistance(L_2, accuracy)",12435,1,-2.5068030882568793,1,-2.8330780985335866
dpgan,"ClosestDistance(L_2, accuracy)",12435,0,-2.6479844688548804,1,-2.8330780985335866
dpgan,"ClosestDistance(L_2, accuracy)",12435,1,-2.860336843700963,0,-2.8330780985335866
dpgan,"ClosestDistance(L_2, accuracy)",12435,0,-2.8580636399388086,0,-2.8330780985335866
dpgan,"ClosestDistance(L_2, accuracy)",12435,1,-2.861247876603106,0,-2.8330780985335866
dpgan,"ClosestDistance(L_2, accuracy)",12435,0,-2.877605184105111,0,-2.8330780985335866
dpgan,"ClosestDistance(L_2, accuracy)",12435,1,-2.5825438495921356,1,-2.8330780985335866
dpgan,"ClosestDistance(L_2, accuracy)",12435,0,-2.874288008906751,0,-2.8330780985335866
dpgan,"ClosestDistance(L_2, accuracy)",12435,1,-2.5618581109451313,1,-2.8330780985335866
dpgan,"ClosestDistance(L_2, accuracy)",12435,0,-2.492167179323611,1,-2.8330780985335866
dpgan,"ClosestDistance(L_2, accuracy)",12435,1,-2.4776181729619897,1,-2.8330780985335866
dpgan,"ClosestDistance(L_2, accuracy)",12435,0,-2.909986218910108,0,-2.8330780985335866
dpgan,"ClosestDistance(L_2, accuracy)",12435,1,-2.5958042796249945,1,-2.8330780985335866
dpgan,"ClosestDistance(L_2, accuracy)",12435,0,-2.534298815589521,1,-2.8330780985335866
dpgan,"ClosestDistance(L_2, accuracy)",12435,1,-2.465353982159896,1,-2.8330780985335866
dpgan,"ClosestDistance(L_2, accuracy)",12435,0,-2.2694070892245106,1,-2.8330780985335866
dpgan,"ClosestDistance(L_2, accuracy)",12435,1,-2.4982214726390986,1,-2.8330780985335866
dpgan,"ClosestDistance(L_2, accuracy)",12435,0,-2.8737358909954955,0,-2.8330780985335866
dpgan,"ClosestDistance(L_2, accuracy)",12435,1,-2.0284675800696426,1,-2.8330780985335866
dpgan,"ClosestDistance(L_2, accuracy)",12435,0,-2.5157656554800547,1,-2.8330780985335866
dpgan,"ClosestDistance(L_2, accuracy)",12435,1,-2.8572353419214345,0,-2.8330780985335866
dpgan,"ClosestDistance(L_2, accuracy)",12435,0,-2.8312511701116057,1,-2.8330780985335866
dpgan,"ClosestDistance(L_2, accuracy)",12435,1,-2.852674068106236,0,-2.8330780985335866
dpgan,"ClosestDistance(L_2, accuracy)",12435,0,-2.8708652145301476,0,-2.8330780985335866
dpgan,"ClosestDistance(L_2, accuracy)",12435,1,-2.5211516267884844,1,-2.8330780985335866
dpgan,"ClosestDistance(L_2, accuracy)",12435,0,-2.463230613335756,1,-2.8330780985335866
dpgan,"ClosestDistance(L_2, accuracy)",12435,1,-2.4848064308331326,1,-2.8330780985335866
dpgan,"ClosestDistance(L_2, accuracy)",12435,0,-2.858169666391973,0,-2.8330780985335866
dpgan,"ClosestDistance(L_2, accuracy)",12435,1,-2.5088031738387047,1,-2.8330780985335866
dpgan,"ClosestDistance(L_2, accuracy)",12435,0,-2.9019781062187016,0,-2.8330780985335866
dpgan,"ClosestDistance(L_2, accuracy)",12435,1,-2.4750921217776307,1,-2.8330780985335866
dpgan,"ClosestDistance(L_2, accuracy)",12435,0,-2.867632080458529,0,-2.8330780985335866
dpgan,"ClosestDistance(L_2, accuracy)",12435,1,-2.543283482241705,1,-2.8330780985335866
dpgan,"ClosestDistance(L_2, accuracy)",12435,0,-2.564709161645845,1,-2.8330780985335866
dpgan,"ClosestDistance(L_2, accuracy)",12435,1,-2.6227745316741844,1,-2.8330780985335866
dpgan,"ClosestDistance(L_2, accuracy)",12435,0,-2.830449673621664,1,-2.8330780985335866
dpgan,"ClosestDistance(L_2, accuracy)",12435,1,-2.4923389634808704,1,-2.8330780985335866
dpgan,"ClosestDistance(L_2, accuracy)",12435,0,-2.564296333158322,1,-2.8330780985335866
dpgan,"ClosestDistance(L_2, accuracy)",12435,1,-2.5309269362841804,1,-2.8330780985335866
dpgan,"ClosestDistance(L_2, accuracy)",12435,0,-2.839044460001854,0,-2.8330780985335866
dpgan,"ClosestDistance(L_2, accuracy)",12435,1,-2.8876967443032817,0,-2.8330780985335866
dpgan,"ClosestDistance(L_2, accuracy)",12435,0,-2.852179513445425,0,-2.8330780985335866
dpgan,"ClosestDistance(L_2, accuracy)",12435,1,-2.8638917025846466,0,-2.8330780985335866
dpgan,"ClosestDistance(L_2, accuracy)",12435,0,-2.8486161556534646,0,-2.8330780985335866
dpgan,"ClosestDistance(L_2, accuracy)",12435,1,-2.8886322532552353,0,-2.8330780985335866
dpgan,"ClosestDistance(L_2, accuracy)",12435,0,-3.167197126450907,0,-2.8330780985335866
dpgan,"ClosestDistance(L_2, accuracy)",12435,1,-2.9021792236453217,0,-2.8330780985335866
dpgan,"ClosestDistance(L_2, accuracy)",12435,0,-2.4721037235010566,1,-2.8330780985335866
dpgan,"ClosestDistance(L_2, accuracy)",12435,1,-2.8439031048727825,0,-2.8330780985335866
dpgan,"ClosestDistance(L_2, accuracy)",12435,0,-2.5114354809834674,1,-2.8330780985335866
dpgan,"ClosestDistance(L_2, accuracy)",12435,1,-2.675771457673687,1,-2.8330780985335866
dpgan,"ClosestDistance(L_2, accuracy)",12435,0,-2.052429502969436,1,-2.8330780985335866
dpgan,"ClosestDistance(L_2, accuracy)",12435,1,-2.841245009420518,0,-2.8330780985335866
dpgan,"ClosestDistance(L_2, accuracy)",12435,0,-2.6706448409709163,1,-2.8330780985335866
dpgan,"ClosestDistance(L_2, accuracy)",12435,1,-2.8747714138315534,0,-2.8330780985335866
dpgan,"ClosestDistance(L_2, accuracy)",12435,0,-2.5942135381107763,1,-2.8330780985335866
dpgan,"ClosestDistance(L_2, accuracy)",12435,1,-2.50943325718607,1,-2.8330780985335866
dpgan,"ClosestDistance(L_2, accuracy)",12435,0,-2.559374019618647,1,-2.8330780985335866
dpgan,"ClosestDistance(L_2, accuracy)",12435,1,-2.557625074556955,1,-2.8330780985335866
dpgan,"ClosestDistance(L_2, accuracy)",12435,0,-2.8380319214231715,0,-2.8330780985335866
dpgan,"ClosestDistance(L_2, accuracy)",12435,1,-2.6530235010404395,1,-2.8330780985335866
dpgan,"ClosestDistance(L_2, accuracy)",12435,0,-2.862033865372836,0,-2.8330780985335866
dpgan,"ClosestDistance(L_2, accuracy)",12435,1,-2.8646121406072957,0,-2.8330780985335866
dpgan,"ClosestDistance(L_2, accuracy)",12435,0,-2.889790488729964,0,-2.8330780985335866
dpgan,"ClosestDistance(L_2, accuracy)",12435,1,-2.8465088255520827,0,-2.8330780985335866
dpgan,"ClosestDistance(L_2, accuracy)",12435,0,-2.8440928363790077,0,-2.8330780985335866
dpgan,"ClosestDistance(L_2, accuracy)",12435,1,-2.862532020324399,0,-2.8330780985335866
dpgan,"ClosestDistance(L_2, accuracy)",12435,0,-2.9232788727133134,0,-2.8330780985335866
dpgan,"ClosestDistance(L_2, accuracy)",12435,1,-2.845713887538127,0,-2.8330780985335866
dpgan,"ClosestDistance(L_2, accuracy)",12435,0,-2.5665842187996466,1,-2.8330780985335866
dpgan,"ClosestDistance(L_2, accuracy)",12435,1,-2.5550541775411646,1,-2.8330780985335866
dpgan,"ClosestDistance(L_2, accuracy)",12435,0,-2.8368334940489754,0,-2.8330780985335866
dpgan,"ClosestDistance(L_2, accuracy)",12435,1,-2.179965364583885,1,-2.8330780985335866
dpgan,"ClosestDistance(L_2, accuracy)",12435,0,-2.863699117401277,0,-2.8330780985335866
dpgan,"ClosestDistance(L_2, accuracy)",12435,1,-2.492172675089135,1,-2.8330780985335866
dpgan,"ClosestDistance(L_2, accuracy)",12435,0,-2.4833386557575987,1,-2.8330780985335866
dpgan,"ClosestDistance(L_2, accuracy)",12435,1,-2.5996829569343123,1,-2.8330780985335866
dpgan,"ClosestDistance(L_2, accuracy)",12435,0,-2.877466481491872,0,-2.8330780985335866
dpgan,"ClosestDistance(L_2, accuracy)",12435,1,-2.552648546068097,1,-2.8330780985335866
dpgan,"ClosestDistance(L_2, accuracy)",12435,0,-2.8654533343600574,0,-2.8330780985335866
dpgan,"ClosestDistance(L_2, accuracy)",12435,1,-2.9441361246425584,0,-2.8330780985335866
dpgan,"ClosestDistance(L_2, accuracy)",12435,0,-2.503117457484274,1,-2.8330780985335866
dpgan,"ClosestDistance(L_2, accuracy)",12435,1,-2.880758004487748,0,-2.8330780985335866
dpgan,"ClosestDistance(L_2, accuracy)",12435,0,-2.8684061203115605,0,-2.8330780985335866
dpgan,"ClosestDistance(L_2, accuracy)",12435,1,-3.176505101970697,0,-2.8330780985335866
dpgan,"ClosestDistance(L_2, accuracy)",12435,0,-2.873586479406237,0,-2.8330780985335866
dpgan,"ClosestDistance(L_2, accuracy)",12435,1,-2.1584600245591443,1,-2.8330780985335866
dpgan,"ClosestDistance(L_2, accuracy)",12435,0,-2.854523707204313,0,-2.8330780985335866
dpgan,"ClosestDistance(L_2, accuracy)",12435,1,-3.179404135641241,0,-2.8330780985335866
dpgan,"ClosestDistance(L_2, accuracy)",12435,0,-2.8383028554002614,0,-2.8330780985335866
dpgan,"ClosestDistance(L_2, accuracy)",12435,1,-2.8601459886860203,0,-2.8330780985335866
dpgan,"ClosestDistance(L_2, accuracy)",12435,0,-2.8537571477830785,0,-2.8330780985335866
dpgan,"ClosestDistance(L_2, accuracy)",12435,1,-2.895863640295336,0,-2.8330780985335866
dpgan,"ClosestDistance(L_2, accuracy)",12435,0,-2.8502459532511484,0,-2.8330780985335866
dpgan,"ClosestDistance(L_2, accuracy)",12435,1,-2.8549379203099297,0,-2.8330780985335866
dpgan,"ClosestDistance(L_2, accuracy)",12435,0,-2.901777100302057,0,-2.8330780985335866
dpgan,"ClosestDistance(L_2, accuracy)",12435,1,-2.156491729526403,1,-2.8330780985335866
dpgan,"ClosestDistance(L_2, accuracy)",12435,0,-2.8907163536562677,0,-2.8330780985335866
dpgan,"ClosestDistance(L_2, accuracy)",12435,1,-2.8534690892349666,0,-2.8330780985335866
dpgan,"ClosestDistance(L_2, accuracy)",12435,0,-2.581791670571085,1,-2.8330780985335866
dpgan,"ClosestDistance(L_2, accuracy)",12435,1,-3.1730385464961746,0,-2.8330780985335866
dpgan,"ClosestDistance(L_2, accuracy)",12435,0,-2.513391683617002,1,-2.8330780985335866
dpgan,"ClosestDistance(L_2, accuracy)",12435,1,-2.650382114882357,1,-2.8330780985335866
dpgan,"ClosestDistance(L_2, accuracy)",12435,0,-2.83594736257721,0,-2.8330780985335866
dpgan,"ClosestDistance(L_2, accuracy)",12435,1,-2.8523426010895108,0,-2.8330780985335866
dpgan,"ClosestDistance(L_2, accuracy)",12435,0,-2.8612985357360294,0,-2.8330780985335866
dpgan,"ClosestDistance(L_2, accuracy)",12435,1,-2.8491095618115496,0,-2.8330780985335866
dpgan,"ClosestDistance(L_2, accuracy)",12435,0,-2.686963990091347,1,-2.8330780985335866
dpgan,"ClosestDistance(L_2, accuracy)",12435,1,-2.87488567584145,0,-2.8330780985335866
dpgan,"ClosestDistance(L_2, accuracy)",12435,0,-2.833479589753217,0,-2.8330780985335866
dpgan,"ClosestDistance(L_2, accuracy)",12435,1,-2.532734442344099,1,-2.8330780985335866
dpgan,"ClosestDistance(L_2, accuracy)",12435,0,-2.583809554149026,1,-2.8330780985335866
dpgan,"ClosestDistance(L_2, accuracy)",12435,1,-3.1636184938418452,0,-2.8330780985335866
dpgan,"ClosestDistance(L_2, accuracy)",12435,0,-2.0886744992171633,1,-2.8330780985335866
dpgan,"ClosestDistance(L_2, accuracy)",12435,1,-2.8388531992930597,0,-2.8330780985335866
dpgan,"ClosestDistance(L_2, accuracy)",12435,0,-2.8728314164159245,0,-2.8330780985335866
dpgan,"ClosestDistance(L_2, accuracy)",12435,1,-2.465442796636844,1,-2.8330780985335866
dpgan,"ClosestDistance(L_2, accuracy)",12435,0,-2.857060992173893,0,-2.8330780985335866
dpgan,"ClosestDistance(L_2, accuracy)",12435,1,-2.6027157098133906,1,-2.8330780985335866
dpgan,"ClosestDistance(L_2, accuracy)",12435,0,-3.1766205040771585,0,-2.8330780985335866
dpgan,"ClosestDistance(L_2, accuracy)",12435,1,-2.545342237668003,1,-2.8330780985335866
dpgan,"ClosestDistance(L_2, accuracy)",12435,0,-2.8601308404266197,0,-2.8330780985335866
dpgan,"ClosestDistance(L_2, accuracy)",12435,1,-2.8344328122922184,0,-2.8330780985335866
dpgan,"ClosestDistance(L_2, accuracy)",12435,0,-2.831130932220661,1,-2.8330780985335866
dpgan,"ClosestDistance(L_2, accuracy)",12435,1,-3.1864734852033467,0,-2.8330780985335866
dpgan,"ClosestDistance(L_2, accuracy)",12435,0,-2.87371230680371,0,-2.8330780985335866
dpgan,"ClosestDistance(L_2, accuracy)",12435,1,-2.4900168325150323,1,-2.8330780985335866
dpgan,"ClosestDistance(L_2, accuracy)",12435,0,-2.5176948044261707,1,-2.8330780985335866
dpgan,"ClosestDistance(L_2, accuracy)",12435,1,-2.8708549023884973,0,-2.8330780985335866
dpgan,"ClosestDistance(L_2, accuracy)",12435,0,-2.8678848312504024,0,-2.8330780985335866
dpgan,"ClosestDistance(L_2, accuracy)",12435,1,-2.5086478427594012,1,-2.8330780985335866
dpgan,"ClosestDistance(L_2, accuracy)",12435,0,-2.5225591293154306,1,-2.8330780985335866
dpgan,"ClosestDistance(L_2, accuracy)",12435,1,-2.8988452889940044,0,-2.8330780985335866
dpgan,"ClosestDistance(L_2, accuracy)",12435,0,-2.4804884345285867,1,-2.8330780985335866
dpgan,"ClosestDistance(L_2, accuracy)",12435,1,-2.8501565656552916,0,-2.8330780985335866
dpgan,"ClosestDistance(L_2, accuracy)",12435,0,-2.843840975917626,0,-2.8330780985335866
dpgan,"ClosestDistance(L_2, accuracy)",12435,1,-2.591212409966891,1,-2.8330780985335866
dpgan,"ClosestDistance(L_2, accuracy)",12435,0,-2.4770599313883586,1,-2.8330780985335866
dpgan,"ClosestDistance(L_2, accuracy)",12435,1,-2.68157404148361,1,-2.8330780985335866
dpgan,"ClosestDistance(L_2, accuracy)",12435,0,-2.8528069109664105,0,-2.8330780985335866
dpgan,"ClosestDistance(L_2, accuracy)",12435,1,-2.8841911077998628,0,-2.8330780985335866
dpgan,"ClosestDistance(L_2, accuracy)",12435,0,-2.4733500842300935,1,-2.8330780985335866
dpgan,"ClosestDistance(L_2, accuracy)",12435,1,-2.8539616067681792,0,-2.8330780985335866
dpgan,"ClosestDistance(L_2, accuracy)",12435,0,-2.848600639090304,0,-2.8330780985335866
dpgan,"ClosestDistance(L_2, accuracy)",12435,1,-2.664710510827791,1,-2.8330780985335866
dpgan,"ClosestDistance(L_2, accuracy)",12435,0,-2.9061416459676943,0,-2.8330780985335866
dpgan,"ClosestDistance(L_2, accuracy)",12435,1,-2.839832434570329,0,-2.8330780985335866
dpgan,"ClosestDistance(L_2, accuracy)",12435,0,-2.5575733254994955,1,-2.8330780985335866
dpgan,"ClosestDistance(L_2, accuracy)",12435,1,-2.83959154040586,0,-2.8330780985335866
dpgan,"ClosestDistance(L_2, accuracy)",12435,0,-2.524610681888974,1,-2.8330780985335866
dpgan,"ClosestDistance(L_2, accuracy)",12435,1,-2.8798093734376673,0,-2.8330780985335866
dpgan,"ClosestDistance(L_2, accuracy)",12435,0,-2.8893171052090176,0,-2.8330780985335866
dpgan,"ClosestDistance(L_2, accuracy)",12435,1,-2.8673760505773016,0,-2.8330780985335866
dpgan,"ClosestDistance(L_2, accuracy)",12435,0,-2.849973956403386,0,-2.8330780985335866
dpgan,"ClosestDistance(L_2, accuracy)",12435,1,-2.502044118749374,1,-2.8330780985335866
dpgan,"ClosestDistance(L_2, accuracy)",12435,0,-2.69287013865527,1,-2.8330780985335866
dpgan,"ClosestDistance(L_2, accuracy)",12435,1,-2.342455463175379,1,-2.8330780985335866
dpgan,"ClosestDistance(L_2, accuracy)",12435,0,-2.5629349661320497,1,-2.8330780985335866
dpgan,"ClosestDistance(L_2, accuracy)",12435,1,-2.233437240607868,1,-2.8330780985335866
dpgan,"ClosestDistance(L_2, accuracy)",12435,0,-2.479806418002514,1,-2.8330780985335866
dpgan,"ClosestDistance(L_2, accuracy)",12435,1,-2.5630737936809447,1,-2.8330780985335866
dpgan,"ClosestDistance(L_2, accuracy)",12435,0,-2.492839806048199,1,-2.8330780985335866
dpgan,"ClosestDistance(L_2, accuracy)",12435,1,-2.8681751067645105,0,-2.8330780985335866
dpgan,"ClosestDistance(L_2, accuracy)",12435,0,-2.8672956407768506,0,-2.8330780985335866
dpgan,"ClosestDistance(L_2, accuracy)",12435,1,-2.8856369558798987,0,-2.8330780985335866
dpgan,"ClosestDistance(L_2, accuracy)",12435,0,-2.926631570980025,0,-2.8330780985335866
dpgan,"ClosestDistance(L_2, accuracy)",12435,1,-3.2194572152795153,0,-2.8330780985335866
dpgan,"ClosestDistance(L_2, accuracy)",12435,0,-2.8697616832314954,0,-2.8330780985335866
dpgan,"ClosestDistance(L_2, accuracy)",12435,1,-2.5131633275388148,1,-2.8330780985335866
dpgan,"ClosestDistance(L_2, accuracy)",12435,0,-2.833927897444186,0,-2.8330780985335866
dpgan,"ClosestDistance(L_2, accuracy)",12435,1,-2.4899700373960663,1,-2.8330780985335866
dpgan,"ClosestDistance(L_2, accuracy)",12435,0,-2.897324499458971,0,-2.8330780985335866
dpgan,"ClosestDistance(L_2, accuracy)",12435,1,-2.839662433983341,0,-2.8330780985335866
dpgan,"ClosestDistance(L_2, accuracy)",12435,0,-2.854555289602333,0,-2.8330780985335866
dpgan,"ClosestDistance(L_2, accuracy)",12435,1,-2.850863138850825,0,-2.8330780985335866
dpgan,"ClosestDistance(L_2, accuracy)",12435,0,-2.5114118619560575,1,-2.8330780985335866
dpgan,"ClosestDistance(L_2, accuracy)",12435,1,-2.107340665543413,1,-2.8330780985335866
dpgan,"ClosestDistance(L_2, accuracy)",12435,0,-2.4717843960303636,1,-2.8330780985335866
dpgan,"ClosestDistance(L_2, accuracy)",12435,1,-2.0551868448791413,1,-2.8330780985335866
dpgan,"ClosestDistance(L_2, accuracy)",12435,0,-2.87638833059389,0,-2.8330780985335866
dpgan,"ClosestDistance(L_2, accuracy)",12435,1,-2.9068961420025827,0,-2.8330780985335866
dpgan,"ClosestDistance(L_2, accuracy)",12435,0,-2.8653446025935505,0,-2.8330780985335866
dpgan,"ClosestDistance(L_2, accuracy)",12435,1,-2.8540647189224835,0,-2.8330780985335866
dpgan,"ClosestDistance(L_2, accuracy)",12435,0,-2.86015598151934,0,-2.8330780985335866
dpgan,"ClosestDistance(L_2, accuracy)",12435,1,-2.873248181708424,0,-2.8330780985335866
dpgan,"ClosestDistance(L_2, accuracy)",12435,0,-2.4569278869606244,1,-2.8330780985335866
dpgan,"ClosestDistance(L_2, accuracy)",12435,1,-2.557469622402887,1,-2.8330780985335866
dpgan,"ClosestDistance(L_2, accuracy)",12435,0,-2.8449630131272277,0,-2.8330780985335866
dpgan,"ClosestDistance(L_2, accuracy)",12435,1,-2.1790438548298505,1,-2.8330780985335866
dpgan,"ClosestDistance(L_2, accuracy)",12435,0,-2.845334503210364,0,-2.8330780985335866
dpgan,"ClosestDistance(L_2, accuracy)",12435,1,-2.180534319528894,1,-2.8330780985335866
dpgan,"ClosestDistance(L_2, accuracy)",12435,0,-2.4847560462587186,1,-2.8330780985335866
dpgan,"ClosestDistance(L_2, accuracy)",12435,1,-2.906884613732685,0,-2.8330780985335866
dpgan,"ClosestDistance(L_2, accuracy)",12435,0,-2.8789929770208977,0,-2.8330780985335866
dpgan,"ClosestDistance(L_2, accuracy)",12435,1,-2.4773977482589062,1,-2.8330780985335866
dpgan,"ClosestDistance(L_2, accuracy)",12435,0,-2.474756490592593,1,-2.8330780985335866
dpgan,"ClosestDistance(L_2, accuracy)",12435,1,-2.917490088420504,0,-2.8330780985335866
dpgan,"ClosestDistance(L_2, accuracy)",12435,0,-2.8535755924124633,0,-2.8330780985335866
dpgan,"ClosestDistance(L_2, accuracy)",12435,1,-2.6962569347307395,1,-2.8330780985335866
dpgan,"ClosestDistance(L_2, accuracy)",12435,0,-2.899120363539528,0,-2.8330780985335866
dpgan,"ClosestDistance(L_2, accuracy)",12435,1,-2.6170512278526155,1,-2.8330780985335866
dpgan,"ClosestDistance(L_2, accuracy)",12435,0,-2.499244605796279,1,-2.8330780985335866
dpgan,"ClosestDistance(L_2, accuracy)",12435,1,-2.682814604088938,1,-2.8330780985335866
dpgan,"ClosestDistance(L_2, accuracy)",12435,0,-2.5027122024450854,1,-2.8330780985335866
dpgan,"ClosestDistance(L_2, accuracy)",12435,1,-2.847546713124014,0,-2.8330780985335866
dpgan,"ClosestDistance(L_2, accuracy)",12435,0,-2.6939257666913528,1,-2.8330780985335866
dpgan,"ClosestDistance(L_2, accuracy)",12435,1,-2.889253194506164,0,-2.8330780985335866
dpgan,"ClosestDistance(L_2, accuracy)",12435,0,-2.5158889780370624,1,-2.8330780985335866
dpgan,"ClosestDistance(L_2, accuracy)",12435,1,-2.5658894294035766,1,-2.8330780985335866
dpgan,"ClosestDistance(L_2, accuracy)",12435,0,-2.9054706173869405,0,-2.8330780985335866
dpgan,"ClosestDistance(L_2, accuracy)",12435,1,-2.8686625741948935,0,-2.8330780985335866
dpgan,"ClosestDistance(L_2, accuracy)",12435,0,-2.881279045628523,0,-2.8330780985335866
dpgan,"ClosestDistance(L_2, accuracy)",12435,1,-2.8888735044059883,0,-2.8330780985335866
dpgan,"ClosestDistance(L_2, accuracy)",12435,0,-2.5333025037933092,1,-2.8330780985335866
dpgan,"ClosestDistance(L_2, accuracy)",12435,1,-2.5521683227731478,1,-2.8330780985335866
dpgan,"ClosestDistance(L_2, accuracy)",12435,0,-2.884124189900151,0,-2.8330780985335866
dpgan,"ClosestDistance(L_2, accuracy)",12435,1,-2.8834339249591125,0,-2.8330780985335866
dpgan,"ClosestDistance(L_2, accuracy)",12435,0,-3.183678507937716,0,-2.8330780985335866
dpgan,"ClosestDistance(L_2, accuracy)",12435,1,-2.17564514247979,1,-2.8330780985335866
dpgan,"ClosestDistance(L_2, accuracy)",12435,0,-2.8704339345256704,0,-2.8330780985335866
dpgan,"ClosestDistance(L_2, accuracy)",12435,1,-2.8739126032396634,0,-2.8330780985335866
dpgan,"ClosestDistance(L_2, accuracy)",12435,0,-3.1685874829966516,0,-2.8330780985335866
dpgan,"ClosestDistance(L_2, accuracy)",12435,1,-2.0912697654335193,1,-2.8330780985335866
dpgan,"ClosestDistance(L_2, accuracy)",12435,0,-2.874389987916815,0,-2.8330780985335866
dpgan,"ClosestDistance(L_2, accuracy)",12435,1,-2.4824781107947524,1,-2.8330780985335866
dpgan,"ClosestDistance(L_2, accuracy)",12435,0,-2.9246981781714743,0,-2.8330780985335866
dpgan,"ClosestDistance(L_2, accuracy)",12435,1,-2.8436704553917953,0,-2.8330780985335866
dpgan,"ClosestDistance(L_2, accuracy)",12435,0,-2.947080538886467,0,-2.8330780985335866
dpgan,"ClosestDistance(L_2, accuracy)",12435,1,-2.4739470559476344,1,-2.8330780985335866
dpgan,"ClosestDistance(L_2, accuracy)",12435,0,-3.170928073118775,0,-2.8330780985335866
dpgan,"ClosestDistance(L_2, accuracy)",12435,1,-2.6020785072188484,1,-2.8330780985335866
dpgan,"ClosestDistance(L_2, accuracy)",12435,0,-2.5088289320596258,1,-2.8330780985335866
dpgan,"ClosestDistance(L_2, accuracy)",12435,1,-2.1231430213229032,1,-2.8330780985335866
dpgan,"ClosestDistance(L_2, accuracy)",12435,0,-2.695720091773483,1,-2.8330780985335866
dpgan,"ClosestDistance(L_2, accuracy)",12435,1,-2.853064221141331,0,-2.8330780985335866
dpgan,"ClosestDistance(L_2, accuracy)",12435,0,-3.1736791090001146,0,-2.8330780985335866
dpgan,"ClosestDistance(L_2, accuracy)",12435,1,-2.98918728238749,0,-2.8330780985335866
dpgan,"ClosestDistance(L_2, accuracy)",12435,0,-2.8589265409704803,0,-2.8330780985335866
dpgan,"ClosestDistance(L_2, accuracy)",12435,1,-2.575522201911683,1,-2.8330780985335866
dpgan,"ClosestDistance(L_2, accuracy)",12435,0,-2.9665048052295933,0,-2.8330780985335866
dpgan,"ClosestDistance(L_2, accuracy)",12435,1,-2.2763607299160005,1,-2.8330780985335866
dpgan,"ClosestDistance(L_2, accuracy)",12435,0,-2.8985723545917286,0,-2.8330780985335866
dpgan,"ClosestDistance(L_2, accuracy)",12435,1,-2.8567726821465893,0,-2.8330780985335866
dpgan,"ClosestDistance(L_2, accuracy)",12435,0,-2.495466772041614,1,-2.8330780985335866
dpgan,"ClosestDistance(L_2, accuracy)",12435,1,-2.871779545276092,0,-2.8330780985335866
dpgan,"ClosestDistance(L_2, accuracy)",12435,0,-2.8757148915662025,0,-2.8330780985335866
dpgan,"ClosestDistance(L_2, accuracy)",12435,1,-3.180112534619274,0,-2.8330780985335866
dpgan,"ClosestDistance(L_2, accuracy)",12435,0,-2.530311417754081,1,-2.8330780985335866
dpgan,"ClosestDistance(L_2, accuracy)",12435,1,-2.4886831618580842,1,-2.8330780985335866
dpgan,"ClosestDistance(L_2, accuracy)",12435,0,-2.846804352854446,0,-2.8330780985335866
dpgan,"ClosestDistance(L_2, accuracy)",12435,1,-2.5030443669029356,1,-2.8330780985335866
dpgan,"ClosestDistance(L_2, accuracy)",12435,0,-2.844332268937127,0,-2.8330780985335866
dpgan,"ClosestDistance(L_2, accuracy)",12435,1,-2.888813549448496,0,-2.8330780985335866
dpgan,"ClosestDistance(L_2, accuracy)",12435,0,-2.508140509990555,1,-2.8330780985335866
dpgan,"ClosestDistance(L_2, accuracy)",12435,1,-2.845563757598971,0,-2.8330780985335866
dpgan,"ClosestDistance(L_2, accuracy)",12435,0,-2.7146951633340506,1,-2.8330780985335866
dpgan,"ClosestDistance(L_2, accuracy)",12435,1,-2.5425074971117696,1,-2.8330780985335866
dpgan,"ClosestDistance(L_2, accuracy)",12435,0,-2.8690548031853584,0,-2.8330780985335866
dpgan,"ClosestDistance(L_2, accuracy)",12435,1,-2.841945801580424,0,-2.8330780985335866
dpgan,"ClosestDistance(L_2, accuracy)",12435,0,-2.481730531660762,1,-2.8330780985335866
dpgan,"ClosestDistance(L_2, accuracy)",12435,1,-2.1614962235018855,1,-2.8330780985335866
dpgan,"ClosestDistance(L_2, accuracy)",12435,0,-2.8514271237640965,0,-2.8330780985335866
dpgan,"ClosestDistance(L_2, accuracy)",12435,1,-2.8307325032527224,1,-2.8330780985335866
dpgan,"ClosestDistance(L_2, accuracy)",12435,0,-2.517284495617588,1,-2.8330780985335866
dpgan,"ClosestDistance(L_2, accuracy)",12435,1,-2.487169840471917,1,-2.8330780985335866
dpgan,"ClosestDistance(L_2, accuracy)",12435,0,-2.8690493240458004,0,-2.8330780985335866
dpgan,"ClosestDistance(L_2, accuracy)",12435,1,-2.8505990768400022,0,-2.8330780985335866
dpgan,"ClosestDistance(L_2, accuracy)",12435,0,-2.883953455668354,0,-2.8330780985335866
dpgan,"ClosestDistance(L_2, accuracy)",12435,1,-2.8432941538809144,0,-2.8330780985335866
dpgan,"ClosestDistance(L_2, accuracy)",12435,0,-2.5906884526133402,1,-2.8330780985335866
dpgan,"ClosestDistance(L_2, accuracy)",12435,1,-2.161310704928945,1,-2.8330780985335866
dpgan,"ClosestDistance(L_2, accuracy)",12435,0,-2.8829063827406425,0,-2.8330780985335866
dpgan,"ClosestDistance(L_2, accuracy)",12435,1,-2.848263763825133,0,-2.8330780985335866
dpgan,"ClosestDistance(L_2, accuracy)",12435,0,-2.8609430298830385,0,-2.8330780985335866
dpgan,"ClosestDistance(L_2, accuracy)",12435,1,-2.591622321304423,1,-2.8330780985335866
dpgan,"ClosestDistance(L_2, accuracy)",12435,0,-2.86811378979355,0,-2.8330780985335866
dpgan,"ClosestDistance(L_2, accuracy)",12435,1,-2.6769781453916783,1,-2.8330780985335866
dpgan,"ClosestDistance(L_2, accuracy)",12435,0,-2.8517438198188048,0,-2.8330780985335866
dpgan,"ClosestDistance(L_2, accuracy)",12435,1,-2.267101640971358,1,-2.8330780985335866
dpgan,"ClosestDistance(L_2, accuracy)",12435,0,-2.8626051793108362,0,-2.8330780985335866
dpgan,"ClosestDistance(L_2, accuracy)",12435,1,-2.859311895059605,0,-2.8330780985335866
dpgan,"ClosestDistance(L_2, accuracy)",12435,0,-2.8466572798082885,0,-2.8330780985335866
dpgan,"ClosestDistance(L_2, accuracy)",12435,1,-2.866120820395309,0,-2.8330780985335866
dpgan,"ClosestDistance(L_2, accuracy)",12435,0,-2.857014885944307,0,-2.8330780985335866
dpgan,"ClosestDistance(L_2, accuracy)",12435,1,-2.5251980736935504,1,-2.8330780985335866
dpgan,"ClosestDistance(L_2, accuracy)",12435,0,-2.8845220884954426,0,-2.8330780985335866
dpgan,"ClosestDistance(L_2, accuracy)",12435,1,-2.835785826396276,0,-2.8330780985335866
dpgan,"ClosestDistance(L_2, accuracy)",12435,0,-2.9021698982073394,0,-2.8330780985335866
dpgan,"ClosestDistance(L_2, accuracy)",12435,1,-2.845539876347939,0,-2.8330780985335866
dpgan,"ClosestDistance(L_2, accuracy)",12435,0,-2.8812340305994315,0,-2.8330780985335866
dpgan,"ClosestDistance(L_2, accuracy)",12435,1,-2.870970368919679,0,-2.8330780985335866
dpgan,"ClosestDistance(L_2, accuracy)",12435,0,-2.855973525728913,0,-2.8330780985335866
dpgan,"ClosestDistance(L_2, accuracy)",12435,1,-2.881241037401342,0,-2.8330780985335866
dpgan,"ClosestDistance(L_2, accuracy)",12435,0,-2.860672285002637,0,-2.8330780985335866
dpgan,"ClosestDistance(L_2, accuracy)",12435,1,-3.06890474980389,0,-2.8330780985335866
dpgan,"ClosestDistance(L_2, accuracy)",12435,0,-2.268399662854951,1,-2.8330780985335866
dpgan,"ClosestDistance(L_2, accuracy)",12435,1,-2.506653016035657,1,-2.8330780985335866
dpgan,"ClosestDistance(L_2, accuracy)",12435,0,-2.845919499148201,0,-2.8330780985335866
dpgan,"ClosestDistance(L_2, accuracy)",12435,1,-2.8945194144893844,0,-2.8330780985335866
dpgan,"ClosestDistance(L_2, accuracy)",12435,0,-2.5787329810090247,1,-2.8330780985335866
dpgan,"ClosestDistance(L_2, accuracy)",12435,1,-2.61528863486387,1,-2.8330780985335866
dpgan,"ClosestDistance(L_2, accuracy)",12435,0,-2.6158502030392543,1,-2.8330780985335866
dpgan,"ClosestDistance(L_2, accuracy)",12435,1,-2.8626501707516314,0,-2.8330780985335866
dpgan,"ClosestDistance(L_2, accuracy)",12435,0,-2.593391433916101,1,-2.8330780985335866
dpgan,"ClosestDistance(L_2, accuracy)",12435,1,-2.5158604285146424,1,-2.8330780985335866
dpgan,"ClosestDistance(L_2, accuracy)",12435,0,-2.96777755364824,0,-2.8330780985335866
dpgan,"ClosestDistance(L_2, accuracy)",12435,1,-3.1763749350388166,0,-2.8330780985335866
dpgan,"ClosestDistance(L_2, accuracy)",12435,0,-3.1730212020066415,0,-2.8330780985335866
dpgan,"ClosestDistance(L_2, accuracy)",12435,1,-2.534131719880447,1,-2.8330780985335866
dpgan,"ClosestDistance(L_2, accuracy)",12435,0,-2.493461468872058,1,-2.8330780985335866
dpgan,"ClosestDistance(L_2, accuracy)",12435,1,-2.464576660494188,1,-2.8330780985335866
dpgan,"ClosestDistance(L_2, accuracy)",12435,0,-2.8551819488729264,0,-2.8330780985335866
dpgan,"ClosestDistance(L_2, accuracy)",12435,1,-2.584674819581515,1,-2.8330780985335866
dpgan,"ClosestDistance(L_2, accuracy)",12435,0,-2.9144376620166503,0,-2.8330780985335866
dpgan,"ClosestDistance(L_2, accuracy)",12435,1,-2.850699519542365,0,-2.8330780985335866
dpgan,"ClosestDistance(L_2, accuracy)",12435,0,-2.0765929816144637,1,-2.8330780985335866
dpgan,"ClosestDistance(L_2, accuracy)",12435,1,-2.8419088274345583,0,-2.8330780985335866
dpgan,"ClosestDistance(L_2, accuracy)",12435,0,-2.467137456641551,1,-2.8330780985335866
dpgan,"ClosestDistance(L_2, accuracy)",12435,1,-2.5874415172219813,1,-2.8330780985335866
dpgan,"ClosestDistance(L_2, accuracy)",12435,0,-2.872340026564504,0,-2.8330780985335866
dpgan,"ClosestDistance(L_2, accuracy)",12435,1,-2.6243577966059233,1,-2.8330780985335866
dpgan,"ClosestDistance(L_2, accuracy)",12435,0,-2.8585858912306104,0,-2.8330780985335866
dpgan,"ClosestDistance(L_2, accuracy)",12435,1,-2.5843406251617194,1,-2.8330780985335866
dpgan,"ClosestDistance(L_2, accuracy)",12435,0,-2.8316363965266316,1,-2.8330780985335866
dpgan,"ClosestDistance(L_2, accuracy)",12435,1,-2.8492172926979222,0,-2.8330780985335866
dpgan,"ClosestDistance(L_2, accuracy)",12435,0,-2.5156842180824466,1,-2.8330780985335866
dpgan,"ClosestDistance(L_2, accuracy)",12435,1,-2.8961099136782993,0,-2.8330780985335866
dpgan,"ClosestDistance(L_2, accuracy)",12435,0,-2.7106782429712557,1,-2.8330780985335866
dpgan,"ClosestDistance(L_2, accuracy)",12435,1,-2.8658613887257176,0,-2.8330780985335866
dpgan,"ClosestDistance(L_2, accuracy)",12435,0,-2.9128704775852343,0,-2.8330780985335866
dpgan,"ClosestDistance(L_2, accuracy)",12435,1,-2.535329463151836,1,-2.8330780985335866
dpgan,"ClosestDistance(L_2, accuracy)",12435,0,-2.894013409611093,0,-2.8330780985335866
dpgan,"ClosestDistance(L_2, accuracy)",12435,1,-2.873679326141777,0,-2.8330780985335866
dpgan,"ClosestDistance(L_2, accuracy)",12435,0,-2.8442901492333132,0,-2.8330780985335866
dpgan,"ClosestDistance(L_2, accuracy)",12435,1,-2.859837954967969,0,-2.8330780985335866
dpgan,"ClosestDistance(L_2, accuracy)",12435,0,-2.607968471958607,1,-2.8330780985335866
dpgan,"ClosestDistance(L_2, accuracy)",12435,1,-2.525392600522053,1,-2.8330780985335866
dpgan,"ClosestDistance(L_2, accuracy)",12435,0,-2.5664577377894355,1,-2.8330780985335866
dpgan,"ClosestDistance(L_2, accuracy)",12435,1,-2.9014049557006296,0,-2.8330780985335866
dpgan,"ClosestDistance(L_2, accuracy)",12435,0,-2.908930135132825,0,-2.8330780985335866
dpgan,"ClosestDistance(L_2, accuracy)",12435,1,-2.895997947688289,0,-2.8330780985335866
dpgan,"ClosestDistance(L_2, accuracy)",12435,0,-2.52932892983998,1,-2.8330780985335866
dpgan,"ClosestDistance(L_2, accuracy)",12435,1,-2.854556349058515,0,-2.8330780985335866
dpgan,"ClosestDistance(L_2, accuracy)",12435,0,-2.8747201496934593,0,-2.8330780985335866
dpgan,"ClosestDistance(L_2, accuracy)",12435,1,-2.604529257410444,1,-2.8330780985335866
dpgan,"ClosestDistance(L_2, accuracy)",12435,0,-2.5490341588548318,1,-2.8330780985335866
dpgan,"ClosestDistance(L_2, accuracy)",12435,1,-2.491084012627518,1,-2.8330780985335866
dpgan,"ClosestDistance(L_2, accuracy)",12435,0,-2.7149434704100246,1,-2.8330780985335866
dpgan,"ClosestDistance(L_2, accuracy)",12435,1,-2.3143717324492687,1,-2.8330780985335866
dpgan,"ClosestDistance(L_2, accuracy)",12435,0,-2.871228516286076,0,-2.8330780985335866
dpgan,"ClosestDistance(L_2, accuracy)",12435,1,-2.8789360986173778,0,-2.8330780985335866
dpgan,"ClosestDistance(L_2, accuracy)",12435,0,-2.9112579590967136,0,-2.8330780985335866
dpgan,"ClosestDistance(L_2, accuracy)",12435,1,-3.0411260656870565,0,-2.8330780985335866
dpgan,"ClosestDistance(L_2, accuracy)",12435,0,-2.8706410301486147,0,-2.8330780985335866
dpgan,"ClosestDistance(L_2, accuracy)",12435,1,-2.886867044034813,0,-2.8330780985335866
dpgan,"ClosestDistance(L_2, accuracy)",12435,0,-2.617631393681887,1,-2.8330780985335866
dpgan,"ClosestDistance(L_2, accuracy)",12435,1,-2.1198259634124326,1,-2.8330780985335866
dpgan,"ClosestDistance(L_2, accuracy)",12435,0,-2.872104944515063,0,-2.8330780985335866
dpgan,"ClosestDistance(L_2, accuracy)",12435,1,-3.1745024106300437,0,-2.8330780985335866
dpgan,"ClosestDistance(L_2, accuracy)",12435,0,-2.4555654848263866,1,-2.8330780985335866
dpgan,"ClosestDistance(L_2, accuracy)",12435,1,-2.902049418171705,0,-2.8330780985335866
dpgan,"ClosestDistance(L_2, accuracy)",12435,0,-2.596193594718896,1,-2.8330780985335866
dpgan,"ClosestDistance(L_2, accuracy)",12435,1,-2.4844593276267632,1,-2.8330780985335866
dpgan,"ClosestDistance(L_2, accuracy)",12435,0,-2.858277975020221,0,-2.8330780985335866
dpgan,"ClosestDistance(L_2, accuracy)",12435,1,-2.5259742492851993,1,-2.8330780985335866
dpgan,"ClosestDistance(L_2, accuracy)",12435,0,-2.526020818428725,1,-2.8330780985335866
dpgan,"ClosestDistance(L_2, accuracy)",12435,1,-2.960688581307442,0,-2.8330780985335866
dpgan,"ClosestDistance(L_2, accuracy)",12435,0,-2.5628249323628802,1,-2.8330780985335866
dpgan,"ClosestDistance(L_2, accuracy)",12435,1,-2.8599202208467154,0,-2.8330780985335866
dpgan,"ClosestDistance(L_2, accuracy)",12435,0,-2.8668915822415326,0,-2.8330780985335866
dpgan,"ClosestDistance(L_2, accuracy)",12435,1,-2.9107923234130593,0,-2.8330780985335866
dpgan,"ClosestDistance(L_2, accuracy)",12435,0,-2.8350586147492227,0,-2.8330780985335866
dpgan,"ClosestDistance(L_2, accuracy)",12435,1,-2.4857508576659955,1,-2.8330780985335866
dpgan,"ClosestDistance(L_2, accuracy)",12435,0,-2.8851932244361005,0,-2.8330780985335866
dpgan,"ClosestDistance(L_2, accuracy)",12435,1,-2.84908861714425,0,-2.8330780985335866
dpgan,"ClosestDistance(L_2, accuracy)",12435,0,-3.1768625635825636,0,-2.8330780985335866
dpgan,"ClosestDistance(L_2, accuracy)",12435,1,-2.9045199950757183,0,-2.8330780985335866
dpgan,"ClosestDistance(L_2, accuracy)",12435,0,-3.017450729784627,0,-2.8330780985335866
dpgan,"ClosestDistance(L_2, accuracy)",12435,1,-2.863758892894802,0,-2.8330780985335866
dpgan,"ClosestDistance(L_2, accuracy)",12435,0,-2.9045594860258035,0,-2.8330780985335866
dpgan,"ClosestDistance(L_2, accuracy)",12435,1,-2.897768720046747,0,-2.8330780985335866
dpgan,"ClosestDistance(L_2, accuracy)",12435,0,-2.8665204923840255,0,-2.8330780985335866
dpgan,"ClosestDistance(L_2, accuracy)",12435,1,-2.569531839307515,1,-2.8330780985335866
dpgan,"ClosestDistance(L_2, accuracy)",12435,0,-2.541577478595095,1,-2.8330780985335866
dpgan,"ClosestDistance(L_2, accuracy)",12435,1,-2.852401533600379,0,-2.8330780985335866
dpgan,"ClosestDistance(L_2, accuracy)",12435,0,-2.8632018064316753,0,-2.8330780985335866
dpgan,"ClosestDistance(L_2, accuracy)",12435,1,-2.8398647648383366,0,-2.8330780985335866
dpgan,"ClosestDistance(L_2, accuracy)",12435,0,-2.5392678478272135,1,-2.8330780985335866
dpgan,"ClosestDistance(L_2, accuracy)",12435,1,-2.872542827609586,0,-2.8330780985335866
dpgan,"ClosestDistance(L_2, accuracy)",12435,0,-2.081569442639098,1,-2.8330780985335866
dpgan,"ClosestDistance(L_2, accuracy)",12435,1,-2.7043526097928674,1,-2.8330780985335866
dpgan,"ClosestDistance(L_2, accuracy)",12435,0,-2.508764497286739,1,-2.8330780985335866
dpgan,"ClosestDistance(L_2, accuracy)",12435,1,-2.494965714909563,1,-2.8330780985335866
dpgan,"ClosestDistance(L_2, accuracy)",12435,0,-2.6736149680907175,1,-2.8330780985335866
dpgan,"ClosestDistance(L_2, accuracy)",12435,1,-2.549165710204266,1,-2.8330780985335866
dpgan,"ClosestDistance(L_2, accuracy)",12435,0,-2.840507700280366,0,-2.8330780985335866
dpgan,"ClosestDistance(L_2, accuracy)",12435,1,-2.4781354364018577,1,-2.8330780985335866
dpgan,"ClosestDistance(L_2, accuracy)",12435,0,-2.1079124404990637,1,-2.8330780985335866
dpgan,"ClosestDistance(L_2, accuracy)",12435,1,-2.5171859611388006,1,-2.8330780985335866
dpgan,"ClosestDistance(L_2, accuracy)",12435,0,-2.950412473929842,0,-2.8330780985335866
dpgan,"ClosestDistance(L_2, accuracy)",12435,1,-2.8349947488693226,0,-2.8330780985335866
dpgan,"ClosestDistance(L_2, accuracy)",12435,0,-2.8992409223650486,0,-2.8330780985335866
dpgan,"ClosestDistance(L_2, accuracy)",12435,1,-2.8715702177361146,0,-2.8330780985335866
dpgan,"ClosestDistance(L_2, accuracy)",12435,0,-2.4940787149458803,1,-2.8330780985335866
dpgan,"ClosestDistance(L_2, accuracy)",12435,1,-2.6210342105058815,1,-2.8330780985335866
dpgan,"ClosestDistance(L_2, accuracy)",12435,0,-2.481975237629713,1,-2.8330780985335866
dpgan,"ClosestDistance(L_2, accuracy)",12435,1,-2.9140529291334576,0,-2.8330780985335866
dpgan,"ClosestDistance(L_2, accuracy)",12435,0,-2.8827720537090085,0,-2.8330780985335866
dpgan,"ClosestDistance(L_2, accuracy)",12435,1,-2.933391291316177,0,-2.8330780985335866
dpgan,"ClosestDistance(L_2, accuracy)",12435,0,-2.671201335626378,1,-2.8330780985335866
dpgan,"ClosestDistance(L_2, accuracy)",12435,1,-2.922201048001715,0,-2.8330780985335866
dpgan,"ClosestDistance(L_2, accuracy)",12435,0,-2.8503562068517283,0,-2.8330780985335866
dpgan,"ClosestDistance(L_2, accuracy)",12435,1,-2.833388673383541,0,-2.8330780985335866
dpgan,"ClosestDistance(L_2, accuracy)",12435,0,-2.8788653304114855,0,-2.8330780985335866
dpgan,"ClosestDistance(L_2, accuracy)",12435,1,-3.184662803796954,0,-2.8330780985335866
dpgan,"ClosestDistance(L_2, accuracy)",12435,0,-2.865469390735321,0,-2.8330780985335866
dpgan,"ClosestDistance(L_2, accuracy)",12435,1,-2.8372443932998554,0,-2.8330780985335866
dpgan,"ClosestDistance(L_2, accuracy)",12435,0,-2.864645796855402,0,-2.8330780985335866
dpgan,"ClosestDistance(L_2, accuracy)",12435,1,-2.8727630806361497,0,-2.8330780985335866
dpgan,"ClosestDistance(L_2, accuracy)",12435,0,-2.8816780451657498,0,-2.8330780985335866
dpgan,"ClosestDistance(L_2, accuracy)",12435,1,-2.500749102912225,1,-2.8330780985335866
dpgan,"ClosestDistance(L_2, accuracy)",12435,0,-2.8634221490009426,0,-2.8330780985335866
dpgan,"ClosestDistance(L_2, accuracy)",12435,1,-2.508626807732433,1,-2.8330780985335866
dpgan,"ClosestDistance(L_2, accuracy)",12435,0,-2.6870574237898532,1,-2.8330780985335866
dpgan,"ClosestDistance(L_2, accuracy)",12435,1,-2.858038189169628,0,-2.8330780985335866
dpgan,"ClosestDistance(L_2, accuracy)",12435,0,-2.881985525671096,0,-2.8330780985335866
dpgan,"ClosestDistance(L_2, accuracy)",12435,1,-2.4844914410446144,1,-2.8330780985335866
dpgan,"ClosestDistance(L_2, accuracy)",12435,0,-2.906080374971815,0,-2.8330780985335866
dpgan,"ClosestDistance(L_2, accuracy)",12435,1,-2.856031773247873,0,-2.8330780985335866
dpgan,"ClosestDistance(L_2, accuracy)",12435,0,-2.1263866308107113,1,-2.8330780985335866
dpgan,"ClosestDistance(L_2, accuracy)",12435,1,-2.5597504446524493,1,-2.8330780985335866
dpgan,"ClosestDistance(L_2, accuracy)",12435,0,-2.5156370111747184,1,-2.8330780985335866
dpgan,"ClosestDistance(L_2, accuracy)",12435,1,-2.4998561222749953,1,-2.8330780985335866
dpgan,"ClosestDistance(L_2, accuracy)",12435,0,-3.0112205737752653,0,-2.8330780985335866
dpgan,"ClosestDistance(L_2, accuracy)",12435,1,-2.518045005434928,1,-2.8330780985335866
dpgan,"ClosestDistance(L_2, accuracy)",12435,0,-2.8852463970365188,0,-2.8330780985335866
dpgan,"ClosestDistance(L_2, accuracy)",12435,1,-2.5337458269663697,1,-2.8330780985335866
dpgan,"ClosestDistance(L_2, accuracy)",12435,0,-3.184403017478794,0,-2.8330780985335866
dpgan,"ClosestDistance(L_2, accuracy)",12435,1,-2.8443816720230313,0,-2.8330780985335866
dpgan,"ClosestDistance(L_2, accuracy)",12435,0,-2.8489845389585016,0,-2.8330780985335866
dpgan,"ClosestDistance(L_2, accuracy)",12435,1,-2.5053864942714017,1,-2.8330780985335866
dpgan,"ClosestDistance(L_2, accuracy)",12435,0,-2.6167752319554998,1,-2.8330780985335866
dpgan,"ClosestDistance(L_2, accuracy)",12435,1,-2.8620709763596106,0,-2.8330780985335866
dpgan,"ClosestDistance(L_2, accuracy)",12435,0,-2.965795360587111,0,-2.8330780985335866
dpgan,"ClosestDistance(L_2, accuracy)",12435,1,-2.5404410811853855,1,-2.8330780985335866
dpgan,"ClosestDistance(L_2, accuracy)",12435,0,-2.844757558020708,0,-2.8330780985335866
dpgan,"ClosestDistance(L_2, accuracy)",12435,1,-2.879146838185329,0,-2.8330780985335866
dpgan,"ClosestDistance(L_2, accuracy)",12435,0,-2.8652435700109358,0,-2.8330780985335866
dpgan,"ClosestDistance(L_2, accuracy)",12435,1,-2.8710595125471956,0,-2.8330780985335866
dpgan,"ClosestDistance(L_2, accuracy)",12435,0,-2.5418352589878057,1,-2.8330780985335866
dpgan,"ClosestDistance(L_2, accuracy)",12435,1,-2.5135908382648555,1,-2.8330780985335866
dpgan,"ClosestDistance(L_2, accuracy)",12435,0,-2.8517436623139263,0,-2.8330780985335866
dpgan,"ClosestDistance(L_2, accuracy)",12435,1,-2.8431405476610405,0,-2.8330780985335866
dpgan,"ClosestDistance(L_2, accuracy)",12435,0,-2.8462204063651186,0,-2.8330780985335866
dpgan,"ClosestDistance(L_2, accuracy)",12435,1,-2.6934621208491167,1,-2.8330780985335866
dpgan,"ClosestDistance(L_2, accuracy)",12435,0,-2.6998011216080218,1,-2.8330780985335866
dpgan,"ClosestDistance(L_2, accuracy)",12435,1,-2.478907920948879,1,-2.8330780985335866
dpgan,"ClosestDistance(L_2, accuracy)",12435,0,-2.532033390638584,1,-2.8330780985335866
dpgan,"ClosestDistance(L_2, accuracy)",12435,1,-2.8552214907358313,0,-2.8330780985335866
dpgan,"ClosestDistance(L_2, accuracy)",12435,0,-2.8591195474932767,0,-2.8330780985335866
dpgan,"ClosestDistance(L_2, accuracy)",12435,1,-2.520767136136602,1,-2.8330780985335866
dpgan,"ClosestDistance(L_2, accuracy)",12435,0,-3.165073415625157,0,-2.8330780985335866
dpgan,"ClosestDistance(L_2, accuracy)",12435,1,-2.49161975013013,1,-2.8330780985335866
dpgan,"ClosestDistance(L_2, accuracy)",12435,0,-3.164869088089346,0,-2.8330780985335866
dpgan,"ClosestDistance(L_2, accuracy)",12435,1,-3.1674341801909964,0,-2.8330780985335866
dpgan,"ClosestDistance(L_2, accuracy)",12435,0,-2.6317118333125187,1,-2.8330780985335866
dpgan,"ClosestDistance(L_2, accuracy)",12435,1,-2.8323807371723486,1,-2.8330780985335866
dpgan,"ClosestDistance(L_2, accuracy)",12435,0,-2.8690159593103473,0,-2.8330780985335866
dpgan,"ClosestDistance(L_2, accuracy)",12435,1,-2.9084539291225635,0,-2.8330780985335866
dpgan,"ClosestDistance(L_2, accuracy)",12435,0,-2.5303014879142363,1,-2.8330780985335866
dpgan,"ClosestDistance(L_2, accuracy)",12435,1,-2.528540944313481,1,-2.8330780985335866
dpgan,"ClosestDistance(L_2, accuracy)",12435,0,-2.0516689192270334,1,-2.8330780985335866
dpgan,"ClosestDistance(L_2, accuracy)",12435,1,-2.8735110699085524,0,-2.8330780985335866
dpgan,"ClosestDistance(L_2, accuracy)",12435,0,-3.1904569786345744,0,-2.8330780985335866
dpgan,"ClosestDistance(L_2, accuracy)",12435,1,-2.496419770949303,1,-2.8330780985335866
dpgan,"ClosestDistance(L_2, accuracy)",12435,0,-2.859891593996395,0,-2.8330780985335866
dpgan,"ClosestDistance(L_2, accuracy)",12435,1,-3.1714080921313714,0,-2.8330780985335866
dpgan,"ClosestDistance(L_2, accuracy)",12435,0,-2.4595401209946495,1,-2.8330780985335866
dpgan,"ClosestDistance(L_2, accuracy)",12435,1,-2.494893724577308,1,-2.8330780985335866
dpgan,"ClosestDistance(L_2, accuracy)",12435,0,-2.597109101475441,1,-2.8330780985335866
dpgan,"ClosestDistance(L_2, accuracy)",12435,1,-2.901569788933145,0,-2.8330780985335866
dpgan,"ClosestDistance(L_2, accuracy)",12435,0,-2.039723818597067,1,-2.8330780985335866
dpgan,"ClosestDistance(L_2, accuracy)",12435,1,-2.856497277329128,0,-2.8330780985335866
dpgan,"ClosestDistance(L_2, accuracy)",12435,0,-2.867115732467386,0,-2.8330780985335866
dpgan,"ClosestDistance(L_2, accuracy)",12435,1,-2.5725634540405147,1,-2.8330780985335866
dpgan,"ClosestDistance(L_2, accuracy)",12435,0,-2.4985804230498947,1,-2.8330780985335866
dpgan,"ClosestDistance(L_2, accuracy)",12435,1,-2.5706841900841333,1,-2.8330780985335866
dpgan,"ClosestDistance(L_2, accuracy)",12435,0,-2.54148806747475,1,-2.8330780985335866
dpgan,"ClosestDistance(L_2, accuracy)",12435,1,-2.5373319328831134,1,-2.8330780985335866
dpgan,"ClosestDistance(L_2, accuracy)",12435,0,-2.6434875678745473,1,-2.8330780985335866
dpgan,"ClosestDistance(L_2, accuracy)",12435,1,-2.85966296820735,0,-2.8330780985335866
dpgan,"ClosestDistance(L_2, accuracy)",12435,0,-2.8426722078925666,0,-2.8330780985335866
dpgan,"ClosestDistance(L_2, accuracy)",12435,1,-2.8669155420477503,0,-2.8330780985335866
dpgan,"ClosestDistance(L_2, accuracy)",12435,0,-2.9339281763867735,0,-2.8330780985335866
dpgan,"ClosestDistance(L_2, accuracy)",12435,1,-2.8795342909662405,0,-2.8330780985335866
dpgan,"ClosestDistance(L_2, accuracy)",12435,0,-2.7061883284495414,1,-2.8330780985335866
dpgan,"ClosestDistance(L_2, accuracy)",12435,1,-2.4647113997665775,1,-2.8330780985335866
dpgan,"ClosestDistance(L_2, accuracy)",12435,0,-2.887928968066549,0,-2.8330780985335866
dpgan,"ClosestDistance(L_2, accuracy)",12435,1,-2.8484274309340725,0,-2.8330780985335866
dpgan,"ClosestDistance(L_2, accuracy)",12435,0,-2.847633342035375,0,-2.8330780985335866
dpgan,"ClosestDistance(L_2, accuracy)",12435,1,-3.2058190842954812,0,-2.8330780985335866
dpgan,"ClosestDistance(L_2, accuracy)",12435,0,-2.666352632182226,1,-2.8330780985335866
dpgan,"ClosestDistance(L_2, accuracy)",12435,1,-3.0449769279172405,0,-2.8330780985335866
dpgan,"ClosestDistance(L_2, accuracy)",12435,0,-2.8704371214529285,0,-2.8330780985335866
dpgan,"ClosestDistance(L_2, accuracy)",12435,1,-2.8382953150811154,0,-2.8330780985335866
dpgan,"ClosestDistance(L_2, accuracy)",12435,0,-2.844875049639921,0,-2.8330780985335866
dpgan,"ClosestDistance(L_2, accuracy)",12435,1,-3.176383689408943,0,-2.8330780985335866
dpgan,"ClosestDistance(L_2, accuracy)",12435,0,-2.09556645815192,1,-2.8330780985335866
dpgan,"ClosestDistance(L_2, accuracy)",12435,1,-2.8578430016250285,0,-2.8330780985335866
dpgan,"ClosestDistance(L_2, accuracy)",12435,0,-2.849703202021356,0,-2.8330780985335866
dpgan,"ClosestDistance(L_2, accuracy)",12435,1,-2.6768223725456393,1,-2.8330780985335866
dpgan,"ClosestDistance(L_2, accuracy)",12435,0,-2.4533490582867135,1,-2.8330780985335866
dpgan,"ClosestDistance(L_2, accuracy)",12435,1,-2.4916567885008964,1,-2.8330780985335866
dpgan,"ClosestDistance(L_2, accuracy)",12435,0,-2.5702679906386376,1,-2.8330780985335866
dpgan,"ClosestDistance(L_2, accuracy)",12435,1,-2.1736379455215515,1,-2.8330780985335866
dpgan,"ClosestDistance(L_2, accuracy)",12435,0,-2.8495108185203626,0,-2.8330780985335866
dpgan,"ClosestDistance(L_2, accuracy)",12435,1,-2.5054579257407066,1,-2.8330780985335866
dpgan,"ClosestDistance(L_2, accuracy)",12435,0,-2.550229459081525,1,-2.8330780985335866
dpgan,"ClosestDistance(L_2, accuracy)",12435,1,-2.908024270295782,0,-2.8330780985335866
dpgan,"ClosestDistance(L_2, accuracy)",12435,0,-2.8514868845485064,0,-2.8330780985335866
dpgan,"ClosestDistance(L_2, accuracy)",12435,1,-2.839105194391695,0,-2.8330780985335866
dpgan,"ClosestDistance(L_2, accuracy)",12435,0,-2.857001434583533,0,-2.8330780985335866
dpgan,"ClosestDistance(L_2, accuracy)",12435,1,-2.912828937418873,0,-2.8330780985335866
dpgan,"ClosestDistance(L_2, accuracy)",12435,0,-2.4525407301600883,1,-2.8330780985335866
dpgan,"ClosestDistance(L_2, accuracy)",12435,1,-2.522322307106314,1,-2.8330780985335866
dpgan,"ClosestDistance(L_2, accuracy)",12435,0,-2.5022007853027772,1,-2.8330780985335866
dpgan,"ClosestDistance(L_2, accuracy)",12435,1,-3.177581107920662,0,-2.8330780985335866
dpgan,"ClosestDistance(L_2, accuracy)",12435,0,-2.9128571134700634,0,-2.8330780985335866
dpgan,"ClosestDistance(L_2, accuracy)",12435,1,-2.4919942173549465,1,-2.8330780985335866
dpgan,"ClosestDistance(L_2, accuracy)",12435,0,-2.8472276989100704,0,-2.8330780985335866
dpgan,"ClosestDistance(L_2, accuracy)",12435,1,-2.542167338757769,1,-2.8330780985335866
dpgan,"ClosestDistance(L_2, accuracy)",12435,0,-2.4640799316948954,1,-2.8330780985335866
dpgan,"ClosestDistance(L_2, accuracy)",12435,1,-2.610095712093689,1,-2.8330780985335866
dpgan,"ClosestDistance(L_2, accuracy)",12435,0,-2.8606238982759344,0,-2.8330780985335866
dpgan,"ClosestDistance(L_2, accuracy)",12435,1,-2.5505654299734366,1,-2.8330780985335866
dpgan,"ClosestDistance(L_2, accuracy)",12435,0,-2.5573268940457496,1,-2.8330780985335866
dpgan,"ClosestDistance(L_2, accuracy)",12435,1,-2.638357792776516,1,-2.8330780985335866
dpgan,"ClosestDistance(L_2, accuracy)",12435,0,-2.848459130774624,0,-2.8330780985335866
dpgan,"ClosestDistance(L_2, accuracy)",12435,1,-2.8849406717065778,0,-2.8330780985335866
dpgan,"ClosestDistance(L_2, accuracy)",12435,0,-2.8791875056566636,0,-2.8330780985335866
dpgan,"ClosestDistance(L_2, accuracy)",12435,1,-2.839574845020209,0,-2.8330780985335866
dpgan,"ClosestDistance(L_2, accuracy)",12435,0,-2.8598335355686935,0,-2.8330780985335866
dpgan,"ClosestDistance(L_2, accuracy)",12435,1,-2.5905138006776616,1,-2.8330780985335866
dpgan,"ClosestDistance(L_2, accuracy)",12435,0,-2.8654406124960183,0,-2.8330780985335866
dpgan,"ClosestDistance(L_2, accuracy)",12435,1,-2.1289178111147473,1,-2.8330780985335866
dpgan,"ClosestDistance(L_2, accuracy)",12435,0,-2.044153326248955,1,-2.8330780985335866
dpgan,"ClosestDistance(L_2, accuracy)",12435,1,-3.0013788172079945,0,-2.8330780985335866
dpgan,"ClosestDistance(L_2, accuracy)",12435,0,-2.5103215169800994,1,-2.8330780985335866
dpgan,"ClosestDistance(L_2, accuracy)",12435,1,-3.1713670838081804,0,-2.8330780985335866
dpgan,"ClosestDistance(L_2, accuracy)",12435,0,-2.589614123419667,1,-2.8330780985335866
dpgan,"ClosestDistance(L_2, accuracy)",12435,1,-2.8542459219654854,0,-2.8330780985335866
dpgan,"ClosestDistance(L_2, accuracy)",12435,0,-2.49325519036271,1,-2.8330780985335866
dpgan,"ClosestDistance(L_2, accuracy)",12435,1,-2.5863558411063226,1,-2.8330780985335866
dpgan,"ClosestDistance(L_2, accuracy)",12435,0,-2.9819022971985887,0,-2.8330780985335866
dpgan,"ClosestDistance(L_2, accuracy)",12435,1,-3.195881458500832,0,-2.8330780985335866
dpgan,"ClosestDistance(L_2, accuracy)",12435,0,-2.8702482869936783,0,-2.8330780985335866
dpgan,"ClosestDistance(L_2, accuracy)",12435,1,-2.4961352662391767,1,-2.8330780985335866
dpgan,"ClosestDistance(L_2, accuracy)",12435,0,-2.869743707339732,0,-2.8330780985335866
dpgan,"ClosestDistance(L_2, accuracy)",12435,1,-2.840817979376287,0,-2.8330780985335866
dpgan,"ClosestDistance(L_2, accuracy)",12435,0,-2.501551557472651,1,-2.8330780985335866
dpgan,"ClosestDistance(L_2, accuracy)",12435,1,-2.664317595773486,1,-2.8330780985335866
dpgan,"ClosestDistance(L_2, accuracy)",12435,0,-2.282775297349493,1,-2.8330780985335866
dpgan,"ClosestDistance(L_2, accuracy)",12435,1,-2.879208317944268,0,-2.8330780985335866
dpgan,"ClosestDistance(L_2, accuracy)",12435,0,-2.8863392278366944,0,-2.8330780985335866
dpgan,"ClosestDistance(L_2, accuracy)",12435,1,-2.8708194757437253,0,-2.8330780985335866
dpgan,"ClosestDistance(L_2, accuracy)",12435,0,-2.524110671026411,1,-2.8330780985335866
dpgan,"ClosestDistance(L_2, accuracy)",12435,1,-2.8765037179750337,0,-2.8330780985335866
dpgan,"ClosestDistance(L_2, accuracy)",12435,0,-2.328006575091282,1,-2.8330780985335866
dpgan,"ClosestDistance(L_2, accuracy)",12435,1,-2.4672301862594894,1,-2.8330780985335866
dpgan,"ClosestDistance(L_2, accuracy)",12435,0,-2.525394639997419,1,-2.8330780985335866
dpgan,"ClosestDistance(L_2, accuracy)",12435,1,-2.851249436354099,0,-2.8330780985335866
dpgan,"ClosestDistance(L_2, accuracy)",12435,0,-2.591878851451854,1,-2.8330780985335866
dpgan,"ClosestDistance(L_2, accuracy)",12435,1,-2.5416764938884797,1,-2.8330780985335866
dpgan,"ClosestDistance(L_2, accuracy)",12435,0,-2.484271073709519,1,-2.8330780985335866
dpgan,"ClosestDistance(L_2, accuracy)",12435,1,-2.5146499812489362,1,-2.8330780985335866
dpgan,"ClosestDistance(L_2, accuracy)",12435,0,-2.8816094201033455,0,-2.8330780985335866
dpgan,"ClosestDistance(L_2, accuracy)",12435,1,-2.8557280687546642,0,-2.8330780985335866
dpgan,"ClosestDistance(L_2, accuracy)",12435,0,-2.061717670008701,1,-2.8330780985335866
dpgan,"ClosestDistance(L_2, accuracy)",12435,1,-2.9934317915127138,0,-2.8330780985335866
dpgan,"ClosestDistance(L_2, accuracy)",12435,0,-2.4986209703189988,1,-2.8330780985335866
dpgan,"ClosestDistance(L_2, accuracy)",12435,1,-2.875694445292274,0,-2.8330780985335866
dpgan,"ClosestDistance(L_2, accuracy)",12435,0,-2.876049033894341,0,-2.8330780985335866
dpgan,"ClosestDistance(L_2, accuracy)",12435,1,-2.85841962440536,0,-2.8330780985335866
dpgan,"ClosestDistance(L_2, accuracy)",12435,0,-2.545532032354359,1,-2.8330780985335866
dpgan,"ClosestDistance(L_2, accuracy)",12435,1,-2.866672275335227,0,-2.8330780985335866
dpgan,"ClosestDistance(L_2, accuracy)",12435,0,-2.8592965990075676,0,-2.8330780985335866
dpgan,"ClosestDistance(L_2, accuracy)",12435,1,-2.856956835658711,0,-2.8330780985335866
dpgan,"ClosestDistance(L_2, accuracy)",12435,0,-2.5283260713772804,1,-2.8330780985335866
dpgan,"ClosestDistance(L_2, accuracy)",12435,1,-2.8709828543745406,0,-2.8330780985335866
dpgan,"ClosestDistance(L_2, accuracy)",12435,0,-2.8300872363501584,1,-2.8330780985335866
dpgan,"ClosestDistance(L_2, accuracy)",12435,1,-2.851498134925923,0,-2.8330780985335866
dpgan,"ClosestDistance(L_2, accuracy)",12435,0,-2.941680747662103,0,-2.8330780985335866
dpgan,"ClosestDistance(L_2, accuracy)",12435,1,-2.948751955031699,0,-2.8330780985335866
dpgan,"ClosestDistance(L_2, accuracy)",12435,0,-2.5679831441931564,1,-2.8330780985335866
dpgan,"ClosestDistance(L_2, accuracy)",12435,1,-2.851572674522235,0,-2.8330780985335866
dpgan,"ClosestDistance(L_2, accuracy)",12435,0,-2.8459091559217105,0,-2.8330780985335866
dpgan,"ClosestDistance(L_2, accuracy)",12435,1,-2.935407283759132,0,-2.8330780985335866
dpgan,"ClosestDistance(L_2, accuracy)",12435,0,-2.8629762110869517,0,-2.8330780985335866
dpgan,"ClosestDistance(L_2, accuracy)",12435,1,-3.00520914360443,0,-2.8330780985335866
dpgan,"ClosestDistance(L_2, accuracy)",12435,0,-2.5271656850262576,1,-2.8330780985335866
dpgan,"ClosestDistance(L_2, accuracy)",12435,1,-2.855086406783247,0,-2.8330780985335866
dpgan,"ClosestDistance(L_2, accuracy)",12435,0,-2.8813899047573917,0,-2.8330780985335866
dpgan,"ClosestDistance(L_2, accuracy)",12435,1,-2.5452145045107284,1,-2.8330780985335866
dpgan,"ClosestDistance(L_2, accuracy)",12435,0,-2.9329920926080355,0,-2.8330780985335866
dpgan,"ClosestDistance(L_2, accuracy)",12435,1,-2.5254128557373074,1,-2.8330780985335866
dpgan,"ClosestDistance(L_2, accuracy)",12435,0,-3.1842456192917203,0,-2.8330780985335866
dpgan,"ClosestDistance(L_2, accuracy)",12435,1,-2.628582700036622,1,-2.8330780985335866
dpgan,"ClosestDistance(L_2, accuracy)",12435,0,-2.837465603904964,0,-2.8330780985335866
dpgan,"ClosestDistance(L_2, accuracy)",12435,1,-2.8796009530280013,0,-2.8330780985335866
dpgan,"ClosestDistance(L_2, accuracy)",12435,0,-2.454895180055188,1,-2.8330780985335866
dpgan,"ClosestDistance(L_2, accuracy)",12435,1,-2.8500501811659014,0,-2.8330780985335866
dpgan,"ClosestDistance(L_2, accuracy)",12435,0,-2.8701948628713074,0,-2.8330780985335866
dpgan,"ClosestDistance(L_2, accuracy)",12435,1,-2.5807769520887733,1,-2.8330780985335866
dpgan,"ClosestDistance(L_2, accuracy)",12435,0,-2.8365330496321675,0,-2.8330780985335866
dpgan,"ClosestDistance(L_2, accuracy)",12435,1,-2.547232865845565,1,-2.8330780985335866
dpgan,"ClosestDistance(L_2, accuracy)",12435,0,-2.495098241944093,1,-2.8330780985335866
dpgan,"ClosestDistance(L_2, accuracy)",12435,1,-2.8355863265358674,0,-2.8330780985335866
dpgan,"ClosestDistance(L_2, accuracy)",12435,0,-2.472217153955369,1,-2.8330780985335866
dpgan,"ClosestDistance(L_2, accuracy)",12435,1,-2.8951856500572397,0,-2.8330780985335866
dpgan,"ClosestDistance(L_2, accuracy)",12435,0,-2.5084384286602206,1,-2.8330780985335866
dpgan,"ClosestDistance(L_2, accuracy)",12435,1,-2.660539338838588,1,-2.8330780985335866
dpgan,"ClosestDistance(L_2, accuracy)",12435,0,-2.5289436069210613,1,-2.8330780985335866
dpgan,"ClosestDistance(L_2, accuracy)",12435,1,-2.578421810723685,1,-2.8330780985335866
dpgan,"ClosestDistance(L_2, accuracy)",12435,0,-2.8566635548921697,0,-2.8330780985335866
dpgan,"ClosestDistance(L_2, accuracy)",12435,1,-2.8374594516863714,0,-2.8330780985335866
dpgan,"ClosestDistance(L_2, accuracy)",12435,0,-2.510082430188672,1,-2.8330780985335866
dpgan,"ClosestDistance(L_2, accuracy)",12435,1,-2.5255437565369685,1,-2.8330780985335866
dpgan,"ClosestDistance(L_2, accuracy)",12435,0,-2.965384786854416,0,-2.8330780985335866
dpgan,"ClosestDistance(L_2, accuracy)",12435,1,-2.517802291509627,1,-2.8330780985335866
dpgan,"ClosestDistance(L_2, accuracy)",12435,0,-2.868191417315364,0,-2.8330780985335866
dpgan,"ClosestDistance(L_2, accuracy)",12435,1,-2.874275272802935,0,-2.8330780985335866
dpgan,"ClosestDistance(L_2, accuracy)",12435,0,-2.859923537323883,0,-2.8330780985335866
dpgan,"ClosestDistance(L_2, accuracy)",12435,1,-2.8914091508125606,0,-2.8330780985335866
dpgan,"ClosestDistance(L_2, accuracy)",12435,0,-2.5042703078373543,1,-2.8330780985335866
dpgan,"ClosestDistance(L_2, accuracy)",12435,1,-2.8849696343123976,0,-2.8330780985335866
dpgan,"ClosestDistance(L_2, accuracy)",12435,0,-2.5158753361110473,1,-2.8330780985335866
dpgan,"ClosestDistance(L_2, accuracy)",12435,1,-2.862060008555328,0,-2.8330780985335866
dpgan,"ClosestDistance(L_2, accuracy)",12435,0,-2.859457377833464,0,-2.8330780985335866
dpgan,"ClosestDistance(L_2, accuracy)",12435,1,-2.8507445200189165,0,-2.8330780985335866
dpgan,"ClosestDistance(L_2, accuracy)",12435,0,-2.837836980678289,0,-2.8330780985335866
dpgan,"ClosestDistance(L_2, accuracy)",12435,1,-2.854897541465162,0,-2.8330780985335866
dpgan,"ClosestDistance(L_2, accuracy)",12435,0,-2.499513549629005,1,-2.8330780985335866
dpgan,"ClosestDistance(L_2, accuracy)",12435,1,-2.8528875291719697,0,-2.8330780985335866
dpgan,"ClosestDistance(L_2, accuracy)",12435,0,-2.9556117078605566,0,-2.8330780985335866
dpgan,"ClosestDistance(L_2, accuracy)",12435,1,-2.895919403949976,0,-2.8330780985335866
dpgan,"ClosestDistance(L_2, accuracy)",12435,0,-2.910829258514813,0,-2.8330780985335866
dpgan,"ClosestDistance(L_2, accuracy)",12435,1,-2.8741600892332433,0,-2.8330780985335866
dpgan,"ClosestDistance(L_2, accuracy)",12435,0,-2.535554349758605,1,-2.8330780985335866
dpgan,"ClosestDistance(L_2, accuracy)",12435,1,-2.9242944719152693,0,-2.8330780985335866
dpgan,"ClosestDistance(L_2, accuracy)",12435,0,-3.0978622074104627,0,-2.8330780985335866
dpgan,"ClosestDistance(L_2, accuracy)",12435,1,-3.1983142753432903,0,-2.8330780985335866
dpgan,"ClosestDistance(L_2, accuracy)",12435,0,-2.84293330524291,0,-2.8330780985335866
dpgan,"ClosestDistance(L_2, accuracy)",12435,1,-2.5613986757063096,1,-2.8330780985335866
dpgan,"ClosestDistance(L_2, accuracy)",12435,0,-2.5508750845045642,1,-2.8330780985335866
dpgan,"ClosestDistance(L_2, accuracy)",12435,1,-2.4748290341816888,1,-2.8330780985335866
dpgan,"ClosestDistance(L_2, accuracy)",12435,0,-2.149233886941178,1,-2.8330780985335866
dpgan,"ClosestDistance(L_2, accuracy)",12435,1,-2.8617009121323447,0,-2.8330780985335866
dpgan,"ClosestDistance(L_2, accuracy)",12435,0,-2.8856670280499808,0,-2.8330780985335866
dpgan,"ClosestDistance(L_2, accuracy)",12435,1,-3.1773676997873896,0,-2.8330780985335866
dpgan,"ClosestDistance(L_2, accuracy)",12435,0,-2.842244819436819,0,-2.8330780985335866
dpgan,"ClosestDistance(L_2, accuracy)",12435,1,-2.870005042966084,0,-2.8330780985335866
dpgan,"ClosestDistance(L_2, accuracy)",12435,0,-2.8380824858640024,0,-2.8330780985335866
dpgan,"ClosestDistance(L_2, accuracy)",12435,1,-2.908232692666795,0,-2.8330780985335866
dpgan,"ClosestDistance(L_2, accuracy)",12435,0,-2.8487343741960207,0,-2.8330780985335866
dpgan,"ClosestDistance(L_2, accuracy)",12435,1,-2.5425226481153405,1,-2.8330780985335866
dpgan,"ClosestDistance(L_2, accuracy)",12435,0,-2.2529081024256112,1,-2.8330780985335866
dpgan,"ClosestDistance(L_2, accuracy)",12435,1,-2.851333526852844,0,-2.8330780985335866
dpgan,"ClosestDistance(L_2, accuracy)",12435,0,-2.9095171413838155,0,-2.8330780985335866
dpgan,"ClosestDistance(L_2, accuracy)",12435,1,-2.501063724639256,1,-2.8330780985335866
dpgan,"ClosestDistance(L_2, accuracy)",12435,0,-2.5454440747193665,1,-2.8330780985335866
dpgan,"ClosestDistance(L_2, accuracy)",12435,1,-3.0123376990250743,0,-2.8330780985335866
dpgan,"ClosestDistance(L_2, accuracy)",12435,0,-3.1883060634122686,0,-2.8330780985335866
dpgan,"ClosestDistance(L_2, accuracy)",12435,1,-2.6580812339872937,1,-2.8330780985335866
dpgan,"ClosestDistance(L_2, accuracy)",12435,0,-2.694925131021766,1,-2.8330780985335866
dpgan,"ClosestDistance(L_2, accuracy)",12435,1,-2.6905680757012442,1,-2.8330780985335866
dpgan,"ClosestDistance(L_2, accuracy)",12435,0,-2.8476740245516883,0,-2.8330780985335866
dpgan,"ClosestDistance(L_2, accuracy)",12435,1,-2.4773289314788327,1,-2.8330780985335866
dpgan,"ClosestDistance(L_2, accuracy)",12435,0,-2.7330111764185676,1,-2.8330780985335866
dpgan,"ClosestDistance(L_2, accuracy)",12435,1,-2.8675321653708434,0,-2.8330780985335866
dpgan,"ClosestDistance(L_2, accuracy)",12435,0,-2.9556616058729985,0,-2.8330780985335866
dpgan,"ClosestDistance(L_2, accuracy)",12435,1,-2.6798440585895626,1,-2.8330780985335866
dpgan,"ClosestDistance(L_2, accuracy)",12435,0,-2.5241681566846426,1,-2.8330780985335866
dpgan,"ClosestDistance(L_2, accuracy)",12435,1,-2.8448661040597805,0,-2.8330780985335866
dpgan,"ClosestDistance(L_2, accuracy)",12435,0,-2.597814531668282,1,-2.8330780985335866
dpgan,"ClosestDistance(L_2, accuracy)",12435,1,-2.8418399013917464,0,-2.8330780985335866
dpgan,"ClosestDistance(L_2, accuracy)",12435,0,-2.846150502342372,0,-2.8330780985335866
dpgan,"ClosestDistance(L_2, accuracy)",12435,1,-2.519327258110696,1,-2.8330780985335866
dpgan,"ClosestDistance(L_2, accuracy)",12435,0,-2.5175072315538594,1,-2.8330780985335866
dpgan,"ClosestDistance(L_2, accuracy)",12435,1,-2.527170491717807,1,-2.8330780985335866
dpgan,"ClosestDistance(L_2, accuracy)",12435,0,-2.856369538609952,0,-2.8330780985335866
dpgan,"ClosestDistance(L_2, accuracy)",12435,1,-2.5277272758761806,1,-2.8330780985335866
dpgan,"ClosestDistance(L_2, accuracy)",12435,0,-2.8880161526009784,0,-2.8330780985335866
dpgan,"ClosestDistance(L_2, accuracy)",12435,1,-2.856744347021487,0,-2.8330780985335866
dpgan,"ClosestDistance(L_2, accuracy)",12435,0,-2.621562188945469,1,-2.8330780985335866
dpgan,"ClosestDistance(L_2, accuracy)",12435,1,-2.8772993228587582,0,-2.8330780985335866
dpgan,"ClosestDistance(L_2, accuracy)",12435,0,-2.8901424444645185,0,-2.8330780985335866
dpgan,"ClosestDistance(L_2, accuracy)",12435,1,-2.836519125740905,0,-2.8330780985335866
dpgan,"ClosestDistance(L_2, accuracy)",12435,0,-2.8717562398368863,0,-2.8330780985335866
dpgan,"ClosestDistance(L_2, accuracy)",12435,1,-2.85167624599027,0,-2.8330780985335866
dpgan,"ClosestDistance(L_2, accuracy)",12435,0,-2.459891568683206,1,-2.8330780985335866
dpgan,"ClosestDistance(L_2, accuracy)",12435,1,-2.5978137980994633,1,-2.8330780985335866
dpgan,"ClosestDistance(L_2, accuracy)",12435,0,-2.8918659064250036,0,-2.8330780985335866
dpgan,"ClosestDistance(L_2, accuracy)",12435,1,-2.484752215611492,1,-2.8330780985335866
dpgan,"ClosestDistance(L_2, accuracy)",12435,0,-3.042260712956371,0,-2.8330780985335866
dpgan,"ClosestDistance(L_2, accuracy)",12435,1,-2.5818837026708445,1,-2.8330780985335866
dpgan,"ClosestDistance(L_2, accuracy)",12435,0,-2.4912442472696066,1,-2.8330780985335866
dpgan,"ClosestDistance(L_2, accuracy)",12435,1,-2.556568669148437,1,-2.8330780985335866
dpgan,"ClosestDistance(L_2, accuracy)",12435,0,-2.500135942610383,1,-2.8330780985335866
dpgan,"ClosestDistance(L_2, accuracy)",12435,1,-2.8730448323013857,0,-2.8330780985335866
dpgan,"ClosestDistance(L_2, accuracy)",12435,0,-2.884150183099582,0,-2.8330780985335866
dpgan,"ClosestDistance(L_2, accuracy)",12435,1,-2.475994123807216,1,-2.8330780985335866
dpgan,"ClosestDistance(L_2, accuracy)",12435,0,-2.876285539988698,0,-2.8330780985335866
dpgan,"ClosestDistance(L_2, accuracy)",12435,1,-2.8651504882554173,0,-2.8330780985335866
dpgan,"ClosestDistance(L_2, accuracy)",12435,0,-2.8643982531777366,0,-2.8330780985335866
dpgan,"ClosestDistance(L_2, accuracy)",12435,1,-2.68529688923409,1,-2.8330780985335866
dpgan,"ClosestDistance(L_2, accuracy)",12435,0,-2.933270382329452,0,-2.8330780985335866
dpgan,"ClosestDistance(L_2, accuracy)",12435,1,-2.5549520327990285,1,-2.8330780985335866
dpgan,"ClosestDistance(L_2, accuracy)",12435,0,-2.7051440105660958,1,-2.8330780985335866
dpgan,"ClosestDistance(L_2, accuracy)",12435,1,-2.9049214927848697,0,-2.8330780985335866
dpgan,"ClosestDistance(L_2, accuracy)",12435,0,-2.8614352730385244,0,-2.8330780985335866
dpgan,"ClosestDistance(L_2, accuracy)",12435,1,-2.8482772281791906,0,-2.8330780985335866
dpgan,"ClosestDistance(L_2, accuracy)",12435,0,-2.880365176605424,0,-2.8330780985335866
dpgan,"ClosestDistance(L_2, accuracy)",12435,1,-2.5229983685157418,1,-2.8330780985335866
dpgan,"ClosestDistance(L_2, accuracy)",12435,0,-2.907637176474801,0,-2.8330780985335866
dpgan,"ClosestDistance(L_2, accuracy)",12435,1,-2.86532349427933,0,-2.8330780985335866
dpgan,"ClosestDistance(L_2, accuracy)",12435,0,-2.8306855193713854,1,-2.8330780985335866
dpgan,"ClosestDistance(L_2, accuracy)",12435,1,-2.87071218305751,0,-2.8330780985335866
dpgan,"ClosestDistance(L_2, accuracy)",12435,0,-2.4793818979420315,1,-2.8330780985335866
dpgan,"ClosestDistance(L_2, accuracy)",12435,1,-2.8496135537683074,0,-2.8330780985335866
dpgan,"ClosestDistance(L_2, accuracy)",12435,0,-2.85111501970595,0,-2.8330780985335866
dpgan,"ClosestDistance(L_2, accuracy)",12435,1,-2.8448081978831445,0,-2.8330780985335866
dpgan,"ClosestDistance(L_2, accuracy)",12435,0,-2.855427616644392,0,-2.8330780985335866
dpgan,"ClosestDistance(L_2, accuracy)",12435,1,-2.871677106585618,0,-2.8330780985335866
dpgan,"ClosestDistance(L_2, accuracy)",12435,0,-2.8812524144715903,0,-2.8330780985335866
dpgan,"ClosestDistance(L_2, accuracy)",12435,1,-2.8401095613065968,0,-2.8330780985335866
dpgan,"ClosestDistance(L_2, accuracy)",12435,0,-2.8940481324853216,0,-2.8330780985335866
dpgan,"ClosestDistance(L_2, accuracy)",12435,1,-2.845042822284841,0,-2.8330780985335866
dpgan,"ClosestDistance(L_2, accuracy)",12435,0,-2.5300685255309103,1,-2.8330780985335866
dpgan,"ClosestDistance(L_2, accuracy)",12435,1,-2.635173294629039,1,-2.8330780985335866
dpgan,"ClosestDistance(L_2, accuracy)",12435,0,-2.4705005612561437,1,-2.8330780985335866
dpgan,"ClosestDistance(L_2, accuracy)",12435,1,-2.8392813015016,0,-2.8330780985335866
dpgan,"ClosestDistance(L_2, accuracy)",12435,0,-2.645755720779842,1,-2.8330780985335866
dpgan,"ClosestDistance(L_2, accuracy)",12435,1,-2.554457684197321,1,-2.8330780985335866
dpgan,"ClosestDistance(L_2, accuracy)",12435,0,-2.8404539748540425,0,-2.8330780985335866
dpgan,"ClosestDistance(L_2, accuracy)",12435,1,-2.850385958628229,0,-2.8330780985335866
dpgan,"ClosestDistance(L_2, accuracy)",12435,0,-2.5928372493054477,1,-2.8330780985335866
dpgan,"ClosestDistance(L_2, accuracy)",12435,1,-3.1993032939558015,0,-2.8330780985335866
dpgan,"ClosestDistance(L_2, accuracy)",12435,0,-2.463846213561,1,-2.8330780985335866
dpgan,"ClosestDistance(L_2, accuracy)",12435,1,-2.5066320030813185,1,-2.8330780985335866
dpgan,"ClosestDistance(L_2, accuracy)",12435,0,-2.868098990079808,0,-2.8330780985335866
dpgan,"ClosestDistance(L_2, accuracy)",12435,1,-2.494615678913905,1,-2.8330780985335866
dpgan,"ClosestDistance(L_2, accuracy)",12435,0,-2.8661515553749926,0,-2.8330780985335866
dpgan,"ClosestDistance(L_2, accuracy)",12435,1,-2.661746966325225,1,-2.8330780985335866
dpgan,"ClosestDistance(L_2, accuracy)",12435,0,-2.653165836686542,1,-2.8330780985335866
dpgan,"ClosestDistance(L_2, accuracy)",12435,1,-2.498046614743465,1,-2.8330780985335866
dpgan,"ClosestDistance(L_2, accuracy)",12435,0,-2.847477443773802,0,-2.8330780985335866
dpgan,"ClosestDistance(L_2, accuracy)",12435,1,-2.0502280693176704,1,-2.8330780985335866
dpgan,"ClosestDistance(L_2, accuracy)",12435,0,-2.2711754879209898,1,-2.8330780985335866
dpgan,"ClosestDistance(L_2, accuracy)",12435,1,-2.8393189701487462,0,-2.8330780985335866
dpgan,"ClosestDistance(L_2, accuracy)",12435,0,-2.8370233917123375,0,-2.8330780985335866
dpgan,"ClosestDistance(L_2, accuracy)",12435,1,-2.8786069293182504,0,-2.8330780985335866
dpgan,"ClosestDistance(L_2, accuracy)",12435,0,-2.844972980418326,0,-2.8330780985335866
dpgan,"ClosestDistance(L_2, accuracy)",12435,1,-2.5558708397562286,1,-2.8330780985335866
dpgan,"ClosestDistance(L_2, accuracy)",12435,0,-2.490444038412746,1,-2.8330780985335866
dpgan,"ClosestDistance(L_2, accuracy)",12435,1,-2.680365259799975,1,-2.8330780985335866
dpgan,"ClosestDistance(L_2, accuracy)",12435,0,-2.7303826240963165,1,-2.8330780985335866
dpgan,"ClosestDistance(L_2, accuracy)",12435,1,-2.8538138872068783,0,-2.8330780985335866
dpgan,"ClosestDistance(L_2, accuracy)",12435,0,-2.8771728087755557,0,-2.8330780985335866
dpgan,"ClosestDistance(L_2, accuracy)",12435,1,-2.8982927366798683,0,-2.8330780985335866
dpgan,"ClosestDistance(L_2, accuracy)",12435,0,-2.8795198639539787,0,-2.8330780985335866
dpgan,"ClosestDistance(L_2, accuracy)",12435,1,-2.9872042146071984,0,-2.8330780985335866
dpgan,"ClosestDistance(L_2, accuracy)",12435,0,-2.8541879915633785,0,-2.8330780985335866
dpgan,"ClosestDistance(L_2, accuracy)",12435,1,-2.891286776170835,0,-2.8330780985335866
dpgan,"ClosestDistance(L_2, accuracy)",12435,0,-2.847588274765252,0,-2.8330780985335866
dpgan,"ClosestDistance(L_2, accuracy)",12435,1,-2.8322318245684124,1,-2.8330780985335866
dpgan,"ClosestDistance(L_2, accuracy)",12435,0,-2.5059508141924796,1,-2.8330780985335866
dpgan,"ClosestDistance(L_2, accuracy)",12435,1,-2.853500476696534,0,-2.8330780985335866
dpgan,"ClosestDistance(L_2, accuracy)",12435,0,-2.4776494706080743,1,-2.8330780985335866
dpgan,"ClosestDistance(L_2, accuracy)",12435,1,-2.139530975651147,1,-2.8330780985335866
dpgan,"ClosestDistance(L_2, accuracy)",12435,0,-2.8621752479307223,0,-2.8330780985335866
dpgan,"ClosestDistance(L_2, accuracy)",12435,1,-2.8562681340797864,0,-2.8330780985335866
dpgan,"ClosestDistance(L_2, accuracy)",12435,0,-2.853801617079678,0,-2.8330780985335866
dpgan,"ClosestDistance(L_2, accuracy)",12435,1,-3.223730714202684,0,-2.8330780985335866
dpgan,"ClosestDistance(L_2, accuracy)",12435,0,-2.3013649594749817,1,-2.8330780985335866
dpgan,"ClosestDistance(L_2, accuracy)",12435,1,-2.5733125067199674,1,-2.8330780985335866
dpgan,"ClosestDistance(L_2, accuracy)",12435,0,-2.859092769499774,0,-2.8330780985335866
dpgan,"ClosestDistance(L_2, accuracy)",12435,1,-2.863618895403401,0,-2.8330780985335866
dpgan,"ClosestDistance(L_2, accuracy)",12435,0,-2.5642750316891516,1,-2.8330780985335866
dpgan,"ClosestDistance(L_2, accuracy)",12435,1,-2.835318730871284,0,-2.8330780985335866
dpgan,"ClosestDistance(L_2, accuracy)",12435,0,-3.016290942387041,0,-2.8330780985335866
dpgan,"ClosestDistance(L_2, accuracy)",12435,1,-2.9005840594910106,0,-2.8330780985335866
dpgan,"ClosestDistance(L_2, accuracy)",12435,0,-2.840109804533566,0,-2.8330780985335866
dpgan,"ClosestDistance(L_2, accuracy)",12435,1,-2.6196655677208547,1,-2.8330780985335866
dpgan,"ClosestDistance(L_2, accuracy)",12435,0,-2.862115378919089,0,-2.8330780985335866
dpgan,"ClosestDistance(L_2, accuracy)",12435,1,-2.5822192893339073,1,-2.8330780985335866
dpgan,"ClosestDistance(L_2, accuracy)",12435,0,-2.858195307363178,0,-2.8330780985335866
dpgan,"ClosestDistance(L_2, accuracy)",12435,1,-2.039164248726806,1,-2.8330780985335866
dpgan,"ClosestDistance(L_2, accuracy)",12435,0,-2.618485618578243,1,-2.8330780985335866
dpgan,"ClosestDistance(L_2, accuracy)",12435,1,-2.83234526472615,1,-2.8330780985335866
dpgan,"ClosestDistance(L_2, accuracy)",12435,0,-2.5233666241707837,1,-2.8330780985335866
dpgan,"ClosestDistance(L_2, accuracy)",12435,1,-2.143163711904846,1,-2.8330780985335866
dpgan,"ClosestDistance(L_2, accuracy)",12435,0,-2.5152592342514253,1,-2.8330780985335866
dpgan,"ClosestDistance(L_2, accuracy)",12435,1,-2.600204348097526,1,-2.8330780985335866
dpgan,"ClosestDistance(L_2, accuracy)",12435,0,-2.876985666619396,0,-2.8330780985335866
dpgan,"ClosestDistance(L_2, accuracy)",12435,1,-2.8392702587174856,0,-2.8330780985335866
dpgan,"ClosestDistance(L_2, accuracy)",12435,0,-2.9505585158454752,0,-2.8330780985335866
dpgan,"ClosestDistance(L_2, accuracy)",12435,1,-2.4826621684266925,1,-2.8330780985335866
dpgan,"ClosestDistance(L_2, accuracy)",12435,0,-2.846802430732495,0,-2.8330780985335866
dpgan,"ClosestDistance(L_2, accuracy)",12435,1,-2.469389152514066,1,-2.8330780985335866
dpgan,"ClosestDistance(L_2, accuracy)",12435,0,-2.040579622754431,1,-2.8330780985335866
dpgan,"ClosestDistance(L_2, accuracy)",12435,1,-2.522949632671174,1,-2.8330780985335866
dpgan,"ClosestDistance(L_2, accuracy)",12435,0,-2.4812696845995017,1,-2.8330780985335866
dpgan,"ClosestDistance(L_2, accuracy)",12435,1,-3.1845186412529722,0,-2.8330780985335866
dpgan,"ClosestDistance(L_2, accuracy)",12435,0,-2.837373608095587,0,-2.8330780985335866
dpgan,"ClosestDistance(L_2, accuracy)",12435,1,-2.556154293831179,1,-2.8330780985335866
dpgan,"ClosestDistance(L_2, accuracy)",12435,0,-2.880276041329821,0,-2.8330780985335866
dpgan,"ClosestDistance(L_2, accuracy)",12435,1,-2.849980807282994,0,-2.8330780985335866
dpgan,"ClosestDistance(L_2, accuracy)",12435,0,-2.8530111448193836,0,-2.8330780985335866
dpgan,"ClosestDistance(L_2, accuracy)",12435,1,-2.8836738180019217,0,-2.8330780985335866
dpgan,"ClosestDistance(L_2, accuracy)",12435,0,-2.8676432120838333,0,-2.8330780985335866
dpgan,"ClosestDistance(L_2, accuracy)",12435,1,-2.8471728384110695,0,-2.8330780985335866
dpgan,"ClosestDistance(L_2, accuracy)",12435,0,-2.504347273831933,1,-2.8330780985335866
dpgan,"ClosestDistance(L_2, accuracy)",12435,1,-2.907840299366304,0,-2.8330780985335866
dpgan,"ClosestDistance(L_2, accuracy)",12435,0,-2.545128019102071,1,-2.8330780985335866
dpgan,"ClosestDistance(L_2, accuracy)",12435,1,-2.896676941356279,0,-2.8330780985335866
dpgan,"ClosestDistance(L_2, accuracy)",12435,0,-2.251408798547014,1,-2.8330780985335866
dpgan,"ClosestDistance(L_2, accuracy)",12435,1,-2.8485693290540426,0,-2.8330780985335866
dpgan,"ClosestDistance(L_2, accuracy)",12435,0,-2.486162996125578,1,-2.8330780985335866
dpgan,"ClosestDistance(L_2, accuracy)",12435,1,-2.5237779232422795,1,-2.8330780985335866
dpgan,"ClosestDistance(L_2, accuracy)",12435,0,-2.4536796699296617,1,-2.8330780985335866
dpgan,"ClosestDistance(L_2, accuracy)",12435,1,-2.840353260396122,0,-2.8330780985335866
dpgan,"ClosestDistance(L_2, accuracy)",12435,0,-2.7148412900457854,1,-2.8330780985335866
dpgan,"ClosestDistance(L_2, accuracy)",12435,1,-2.238308585152007,1,-2.8330780985335866
dpgan,"ClosestDistance(L_2, accuracy)",12435,0,-3.00531821677537,0,-2.8330780985335866
dpgan,"ClosestDistance(L_2, accuracy)",12435,1,-2.6867194987154184,1,-2.8330780985335866
dpgan,"ClosestDistance(L_2, accuracy)",12435,0,-2.969863625288332,0,-2.8330780985335866
dpgan,"ClosestDistance(L_2, accuracy)",12435,1,-2.5010013432200715,1,-2.8330780985335866
dpgan,"ClosestDistance(L_2, accuracy)",12435,0,-2.5378920663696163,1,-2.8330780985335866
dpgan,"ClosestDistance(L_2, accuracy)",12435,1,-2.842658711882229,0,-2.8330780985335866
dpgan,"ClosestDistance(L_2, accuracy)",12435,0,-2.8411127317357585,0,-2.8330780985335866
dpgan,"ClosestDistance(L_2, accuracy)",12435,1,-2.869775887658527,0,-2.8330780985335866
dpgan,"ClosestDistance(L_2, accuracy)",12435,0,-2.8585703671583333,0,-2.8330780985335866
dpgan,"ClosestDistance(L_2, accuracy)",12435,1,-2.8648906660942295,0,-2.8330780985335866
dpgan,"ClosestDistance(L_2, accuracy)",12435,0,-2.8581660344090407,0,-2.8330780985335866
dpgan,"ClosestDistance(L_2, accuracy)",12435,1,-2.738182770063543,1,-2.8330780985335866
dpgan,"ClosestDistance(L_2, accuracy)",12435,0,-2.868088004091225,0,-2.8330780985335866
dpgan,"ClosestDistance(L_2, accuracy)",12435,1,-2.855791409741289,0,-2.8330780985335866
dpgan,"ClosestDistance(L_2, accuracy)",12435,0,-2.549631780285454,1,-2.8330780985335866
dpgan,"ClosestDistance(L_2, accuracy)",12435,1,-2.582888720103042,1,-2.8330780985335866
dpgan,"ClosestDistance(L_2, accuracy)",12435,0,-2.879645129974709,0,-2.8330780985335866
dpgan,"ClosestDistance(L_2, accuracy)",12435,1,-2.871513487547131,0,-2.8330780985335866
dpgan,"ClosestDistance(L_2, accuracy)",12435,0,-2.9932299384151104,0,-2.8330780985335866
dpgan,"ClosestDistance(L_2, accuracy)",12435,1,-2.8870989888120704,0,-2.8330780985335866
dpgan,"ClosestDistance(L_2, accuracy)",12435,0,-2.8402837635270286,0,-2.8330780985335866
dpgan,"ClosestDistance(L_2, accuracy)",12435,1,-2.481203586128713,1,-2.8330780985335866
dpgan,"ClosestDistance(L_2, accuracy)",12435,0,-2.875662292590542,0,-2.8330780985335866
dpgan,"ClosestDistance(L_2, accuracy)",12435,1,-2.8462428454320725,0,-2.8330780985335866
dpgan,"ClosestDistance(L_2, accuracy)",12435,0,-2.874761945954633,0,-2.8330780985335866
dpgan,"ClosestDistance(L_2, accuracy)",12435,1,-2.8469323634086896,0,-2.8330780985335866
dpgan,"ClosestDistance(L_2, accuracy)",12435,0,-2.493156717908344,1,-2.8330780985335866
dpgan,"ClosestDistance(L_2, accuracy)",12435,1,-2.5186123116466304,1,-2.8330780985335866
dpgan,"ClosestDistance(L_2, accuracy)",12435,0,-2.680617961782453,1,-2.8330780985335866
dpgan,"ClosestDistance(L_2, accuracy)",12435,1,-2.859796651687706,0,-2.8330780985335866
dpgan,"ClosestDistance(L_2, accuracy)",12435,0,-2.563020058964704,1,-2.8330780985335866
dpgan,"ClosestDistance(L_2, accuracy)",12435,1,-2.8806980686734334,0,-2.8330780985335866
dpgan,"ClosestDistance(L_2, accuracy)",12435,0,-2.675613384626381,1,-2.8330780985335866
dpgan,"ClosestDistance(L_2, accuracy)",12435,1,-2.656210479602503,1,-2.8330780985335866
dpgan,"ClosestDistance(L_2, accuracy)",12435,0,-2.586534899918302,1,-2.8330780985335866
dpgan,"ClosestDistance(L_2, accuracy)",12435,1,-2.8822165708043244,0,-2.8330780985335866
dpgan,"ClosestDistance(L_2, accuracy)",12435,0,-2.8569450254707,0,-2.8330780985335866
dpgan,"ClosestDistance(L_2, accuracy)",12435,1,-2.496614616021009,1,-2.8330780985335866
dpgan,"ClosestDistance(L_2, accuracy)",12435,0,-2.6712465896108206,1,-2.8330780985335866
dpgan,"ClosestDistance(L_2, accuracy)",12435,1,-2.05038993619419,1,-2.8330780985335866
dpgan,"ClosestDistance(L_2, accuracy)",12435,0,-2.492553614004029,1,-2.8330780985335866
dpgan,"ClosestDistance(L_2, accuracy)",12435,1,-2.836958050526149,0,-2.8330780985335866
dpgan,"ClosestDistance(L_2, accuracy)",12435,0,-2.6131342905263852,1,-2.8330780985335866
dpgan,"ClosestDistance(L_2, accuracy)",12435,1,-2.572935046670968,1,-2.8330780985335866
dpgan,"ClosestDistance(L_2, accuracy)",12435,0,-2.6544530204069057,1,-2.8330780985335866
dpgan,"ClosestDistance(L_2, accuracy)",12435,1,-2.875479810811974,0,-2.8330780985335866
dpgan,"ClosestDistance(L_2, accuracy)",12435,0,-2.5804664834023505,1,-2.8330780985335866
dpgan,"ClosestDistance(L_2, accuracy)",12435,1,-2.8871793968406054,0,-2.8330780985335866
dpgan,"ClosestDistance(L_2, accuracy)",12435,0,-2.502521953194745,1,-2.8330780985335866
dpgan,"ClosestDistance(L_2, accuracy)",12435,1,-2.473988629677908,1,-2.8330780985335866
dpgan,"ClosestDistance(L_2, accuracy)",12435,0,-2.9124095182142304,0,-2.8330780985335866
dpgan,"ClosestDistance(L_2, accuracy)",12435,1,-2.915646378408356,0,-2.8330780985335866
dpgan,"ClosestDistance(L_2, accuracy)",12435,0,-2.8963889971650767,0,-2.8330780985335866
dpgan,"ClosestDistance(L_2, accuracy)",12435,1,-2.8817498020623096,0,-2.8330780985335866
dpgan,"ClosestDistance(L_2, accuracy)",12435,0,-2.462349854261238,1,-2.8330780985335866
dpgan,"ClosestDistance(L_2, accuracy)",12435,1,-2.9051788482195344,0,-2.8330780985335866
dpgan,"ClosestDistance(L_2, accuracy)",12435,0,-2.838998501490186,0,-2.8330780985335866
dpgan,"ClosestDistance(L_2, accuracy)",12435,1,-2.5352126892876554,1,-2.8330780985335866
dpgan,"ClosestDistance(L_2, accuracy)",12435,0,-2.675360807953891,1,-2.8330780985335866
dpgan,"ClosestDistance(L_2, accuracy)",12435,1,-2.893432503973229,0,-2.8330780985335866
dpgan,"ClosestDistance(L_2, accuracy)",12435,0,-2.872733897367577,0,-2.8330780985335866
dpgan,"ClosestDistance(L_2, accuracy)",12435,1,-2.5566302615772534,1,-2.8330780985335866
dpgan,"ClosestDistance(L_2, accuracy)",12435,0,-2.8484709297217985,0,-2.8330780985335866
dpgan,"ClosestDistance(L_2, accuracy)",12435,1,-2.49552508905411,1,-2.8330780985335866
dpgan,"ClosestDistance(L_2, accuracy)",12435,0,-2.617436746408395,1,-2.8330780985335866
dpgan,"ClosestDistance(L_2, accuracy)",12435,1,-2.511795985731093,1,-2.8330780985335866
dpgan,"ClosestDistance(L_2, accuracy)",12435,0,-2.572187256848051,1,-2.8330780985335866
dpgan,"ClosestDistance(L_2, accuracy)",12435,1,-2.949222658251798,0,-2.8330780985335866
dpgan,"ClosestDistance(L_2, accuracy)",12435,0,-2.881375385842706,0,-2.8330780985335866
dpgan,"ClosestDistance(L_2, accuracy)",12435,1,-2.5885391778100413,1,-2.8330780985335866
dpgan,"ClosestDistance(L_2, accuracy)",12435,0,-2.8783960319949333,0,-2.8330780985335866
dpgan,"ClosestDistance(L_2, accuracy)",12435,1,-2.902620063833722,0,-2.8330780985335866
dpgan,"ClosestDistance(L_2, accuracy)",12435,0,-2.8499858220729006,0,-2.8330780985335866
dpgan,"ClosestDistance(L_2, accuracy)",12435,1,-2.584385953641814,1,-2.8330780985335866
dpgan,"ClosestDistance(L_2, accuracy)",12435,0,-2.510753655961558,1,-2.8330780985335866
dpgan,"ClosestDistance(L_2, accuracy)",12435,1,-2.8709343761969075,0,-2.8330780985335866
dpgan,"ClosestDistance(L_2, accuracy)",12435,0,-2.5184431436285797,1,-2.8330780985335866
dpgan,"ClosestDistance(L_2, accuracy)",12435,1,-2.8837919569585284,0,-2.8330780985335866
dpgan,"ClosestDistance(L_2, accuracy)",12435,0,-2.8581310198897,0,-2.8330780985335866
dpgan,"ClosestDistance(L_2, accuracy)",12435,1,-2.6989229023350023,1,-2.8330780985335866
dpgan,"ClosestDistance(L_2, accuracy)",12435,0,-2.644163525367645,1,-2.8330780985335866
dpgan,"ClosestDistance(L_2, accuracy)",12435,1,-2.572019654268166,1,-2.8330780985335866
dpgan,"ClosestDistance(L_2, accuracy)",12435,0,-2.871691199230777,0,-2.8330780985335866
dpgan,"ClosestDistance(L_2, accuracy)",12435,1,-2.8610007130049615,0,-2.8330780985335866
dpgan,"ClosestDistance(L_2, accuracy)",12435,0,-2.860758864903625,0,-2.8330780985335866
dpgan,"ClosestDistance(L_2, accuracy)",12435,1,-2.831490487986418,1,-2.8330780985335866
dpgan,"ClosestDistance(L_2, accuracy)",12435,0,-2.662088906830337,1,-2.8330780985335866
dpgan,"ClosestDistance(L_2, accuracy)",12435,1,-2.6828719002011487,1,-2.8330780985335866
dpgan,"ClosestDistance(L_2, accuracy)",12435,0,-2.8688021332394444,0,-2.8330780985335866
dpgan,"ClosestDistance(L_2, accuracy)",12435,1,-2.8583622520091754,0,-2.8330780985335866
dpgan,"ClosestDistance(L_2, accuracy)",12435,0,-2.100057293541117,1,-2.8330780985335866
dpgan,"ClosestDistance(L_2, accuracy)",12435,1,-2.877032269437338,0,-2.8330780985335866
dpgan,"ClosestDistance(L_2, accuracy)",12435,0,-2.854352670944973,0,-2.8330780985335866
dpgan,"ClosestDistance(L_2, accuracy)",12435,1,-2.5023799822157455,1,-2.8330780985335866
dpgan,"ClosestDistance(L_2, accuracy)",12435,0,-2.8381965959046918,0,-2.8330780985335866
dpgan,"ClosestDistance(L_2, accuracy)",12435,1,-2.5054931487981182,1,-2.8330780985335866
dpgan,"ClosestDistance(L_2, accuracy)",12435,0,-2.5187297384907277,1,-2.8330780985335866
dpgan,"ClosestDistance(L_2, accuracy)",12435,1,-2.5250784420003263,1,-2.8330780985335866
dpgan,"ClosestDistance(L_2, accuracy)",12435,0,-2.4781775779371467,1,-2.8330780985335866
dpgan,"ClosestDistance(L_2, accuracy)",12435,1,-2.8462902662388063,0,-2.8330780985335866
dpgan,"ClosestDistance(L_2, accuracy)",12435,0,-2.498693561087378,1,-2.8330780985335866
dpgan,"ClosestDistance(L_2, accuracy)",12435,1,-2.8657660372624494,0,-2.8330780985335866
dpgan,"ClosestDistance(L_2, accuracy)",12435,0,-2.887238636256284,0,-2.8330780985335866
dpgan,"ClosestDistance(L_2, accuracy)",12435,1,-2.626103565972218,1,-2.8330780985335866
dpgan,"ClosestDistance(L_2, accuracy)",12435,0,-2.858268882535987,0,-2.8330780985335866
dpgan,"ClosestDistance(L_2, accuracy)",12435,1,-2.547963393201302,1,-2.8330780985335866
dpgan,"ClosestDistance(L_2, accuracy)",12435,0,-2.8617865946050998,0,-2.8330780985335866
dpgan,"ClosestDistance(L_2, accuracy)",12435,1,-2.577105794970005,1,-2.8330780985335866
dpgan,"ClosestDistance(L_2, accuracy)",12435,0,-2.9461593572408336,0,-2.8330780985335866
dpgan,"ClosestDistance(L_2, accuracy)",12435,1,-3.0369108177453383,0,-2.8330780985335866
dpgan,"ClosestDistance(L_2, accuracy)",12435,0,-2.8546577067832626,0,-2.8330780985335866
dpgan,"ClosestDistance(L_2, accuracy)",12435,1,-2.9238147854407592,0,-2.8330780985335866
dpgan,"ClosestDistance(L_2, accuracy)",12435,0,-3.032466795989144,0,-2.8330780985335866
dpgan,"ClosestDistance(L_2, accuracy)",12435,1,-2.8578945733643066,0,-2.8330780985335866
dpgan,"ClosestDistance(L_2, accuracy)",12435,0,-2.872574346844971,0,-2.8330780985335866
dpgan,"ClosestDistance(L_2, accuracy)",12435,1,-2.0700290580604124,1,-2.8330780985335866
dpgan,"ClosestDistance(L_2, accuracy)",12435,0,-2.50455143619957,1,-2.8330780985335866
dpgan,"ClosestDistance(L_2, accuracy)",12435,1,-2.90239241747745,0,-2.8330780985335866
dpgan,"ClosestDistance(L_2, accuracy)",12435,0,-2.56121863407919,1,-2.8330780985335866
dpgan,"ClosestDistance(L_2, accuracy)",12435,1,-2.8583714800399624,0,-2.8330780985335866
dpgan,"ClosestDistance(L_2, accuracy)",12435,0,-2.4722953078335306,1,-2.8330780985335866
dpgan,"ClosestDistance(L_2, accuracy)",12435,1,-2.8719139778395366,0,-2.8330780985335866
dpgan,"ClosestDistance(L_2, accuracy)",12435,0,-2.8538719450610834,0,-2.8330780985335866
dpgan,"ClosestDistance(L_2, accuracy)",12435,1,-2.4923011652519764,1,-2.8330780985335866
dpgan,"ClosestDistance(L_2, accuracy)",12435,0,-2.602370578931729,1,-2.8330780985335866
dpgan,"ClosestDistance(L_2, accuracy)",12435,1,-2.5541619318766355,1,-2.8330780985335866
dpgan,"ClosestDistance(L_2, accuracy)",12435,0,-2.268354748316169,1,-2.8330780985335866
dpgan,"ClosestDistance(L_2, accuracy)",12435,1,-2.869256672230831,0,-2.8330780985335866
dpgan,"ClosestDistance(L_2, accuracy)",12435,0,-2.3194337488011323,1,-2.8330780985335866
dpgan,"ClosestDistance(L_2, accuracy)",12435,1,-2.8836221818676506,0,-2.8330780985335866
dpgan,"ClosestDistance(L_2, accuracy)",12435,0,-2.899992447164408,0,-2.8330780985335866
dpgan,"ClosestDistance(L_2, accuracy)",12435,1,-2.4896668000981474,1,-2.8330780985335866
dpgan,"ClosestDistance(L_2, accuracy)",12435,0,-2.841562905762229,0,-2.8330780985335866
dpgan,"ClosestDistance(L_2, accuracy)",12435,1,-2.527964375386406,1,-2.8330780985335866
dpgan,"ClosestDistance(L_2, accuracy)",12435,0,-2.899560915228292,0,-2.8330780985335866
dpgan,"ClosestDistance(L_2, accuracy)",12435,1,-2.891466156275806,0,-2.8330780985335866
dpgan,"ClosestDistance(L_2, accuracy)",12435,0,-3.1953714284933272,0,-2.8330780985335866
dpgan,"ClosestDistance(L_2, accuracy)",12435,1,-3.2064605171263056,0,-2.8330780985335866
dpgan,"ClosestDistance(L_2, accuracy)",12435,0,-2.849950795429807,0,-2.8330780985335866
dpgan,"ClosestDistance(L_2, accuracy)",12435,1,-2.5604811411417976,1,-2.8330780985335866
dpgan,"ClosestDistance(L_2, accuracy)",12435,0,-2.585563807278804,1,-2.8330780985335866
dpgan,"ClosestDistance(L_2, accuracy)",12435,1,-2.928240151482635,0,-2.8330780985335866
dpgan,"ClosestDistance(L_2, accuracy)",12435,0,-2.9195395289914297,0,-2.8330780985335866
dpgan,"ClosestDistance(L_2, accuracy)",12435,1,-2.5223525725224385,1,-2.8330780985335866
dpgan,"ClosestDistance(L_2, accuracy)",12435,0,-2.6811655581224003,1,-2.8330780985335866
dpgan,"ClosestDistance(L_2, accuracy)",12435,1,-2.4562542366007594,1,-2.8330780985335866
dpgan,"ClosestDistance(L_2, accuracy)",12435,0,-2.8538255651337914,0,-2.8330780985335866
dpgan,"ClosestDistance(L_2, accuracy)",12435,1,-2.971722306805644,0,-2.8330780985335866
dpgan,"ClosestDistance(L_2, accuracy)",12435,0,-2.5188345768186338,1,-2.8330780985335866
dpgan,"ClosestDistance(L_2, accuracy)",12435,1,-2.8383390776375914,0,-2.8330780985335866
dpgan,"ClosestDistance(L_2, accuracy)",12435,0,-2.8597551493953177,0,-2.8330780985335866
dpgan,"ClosestDistance(L_2, accuracy)",12435,1,-2.8577785732424497,0,-2.8330780985335866
dpgan,"ClosestDistance(L_2, accuracy)",12435,0,-2.872315974716717,0,-2.8330780985335866
dpgan,"ClosestDistance(L_2, accuracy)",12435,1,-2.8743844949386874,0,-2.8330780985335866
dpgan,"ClosestDistance(L_2, accuracy)",12435,0,-2.8877546219257586,0,-2.8330780985335866
dpgan,"ClosestDistance(L_2, accuracy)",12435,1,-2.895456413246744,0,-2.8330780985335866
dpgan,"ClosestDistance(L_2, accuracy)",12435,0,-2.8332797146412183,0,-2.8330780985335866
dpgan,"ClosestDistance(L_2, accuracy)",12435,1,-2.547530084052711,1,-2.8330780985335866
dpgan,"ClosestDistance(L_2, accuracy)",12435,0,-2.4550167756921977,1,-2.8330780985335866
dpgan,"ClosestDistance(L_2, accuracy)",12435,1,-2.87450064762879,0,-2.8330780985335866
dpgan,"ClosestDistance(L_2, accuracy)",12435,0,-2.854714838120332,0,-2.8330780985335866
dpgan,"ClosestDistance(L_2, accuracy)",12435,1,-2.570997581412645,1,-2.8330780985335866
dpgan,"ClosestDistance(L_2, accuracy)",12435,0,-2.8558045331470527,0,-2.8330780985335866
dpgan,"ClosestDistance(L_2, accuracy)",12435,1,-2.4858130272931342,1,-2.8330780985335866
dpgan,"ClosestDistance(L_2, accuracy)",12435,0,-2.8446294600696405,0,-2.8330780985335866
dpgan,"ClosestDistance(L_2, accuracy)",12435,1,-2.8365613534131846,0,-2.8330780985335866
dpgan,"ClosestDistance(L_2, accuracy)",12435,0,-2.854567272263888,0,-2.8330780985335866
dpgan,"ClosestDistance(L_2, accuracy)",12435,1,-2.8482149765352918,0,-2.8330780985335866
dpgan,"ClosestDistance(L_2, accuracy)",12435,0,-3.1821740166117607,0,-2.8330780985335866
dpgan,"ClosestDistance(L_2, accuracy)",12435,1,-2.575893209559917,1,-2.8330780985335866
dpgan,"ClosestDistance(L_2, accuracy)",12435,0,-2.476013669559273,1,-2.8330780985335866
dpgan,"ClosestDistance(L_2, accuracy)",12435,1,-2.9523355038803616,0,-2.8330780985335866
dpgan,"ClosestDistance(L_2, accuracy)",12435,0,-2.505794718818877,1,-2.8330780985335866
dpgan,"ClosestDistance(L_2, accuracy)",12435,1,-2.509793044055368,1,-2.8330780985335866
dpgan,"ClosestDistance(L_2, accuracy)",12435,0,-2.6050613870125776,1,-2.8330780985335866
dpgan,"ClosestDistance(L_2, accuracy)",12435,1,-2.856783906781804,0,-2.8330780985335866
dpgan,"ClosestDistance(L_2, accuracy)",12435,0,-3.0089894373528083,0,-2.8330780985335866
dpgan,"ClosestDistance(L_2, accuracy)",12435,1,-2.558883210762817,1,-2.8330780985335866
dpgan,"ClosestDistance(L_2, accuracy)",12435,0,-2.8682574103636074,0,-2.8330780985335866
dpgan,"ClosestDistance(L_2, accuracy)",12435,1,-2.8747209045474102,0,-2.8330780985335866
dpgan,"ClosestDistance(L_2, accuracy)",12435,0,-2.9488776686007063,0,-2.8330780985335866
dpgan,"ClosestDistance(L_2, accuracy)",12435,1,-2.558084072370643,1,-2.8330780985335866
dpgan,"ClosestDistance(L_2, accuracy)",12435,0,-3.1819826914781335,0,-2.8330780985335866
dpgan,"ClosestDistance(L_2, accuracy)",12435,1,-3.1721003138893447,0,-2.8330780985335866
dpgan,"ClosestDistance(L_2, accuracy)",12435,0,-2.458347907509103,1,-2.8330780985335866
dpgan,"ClosestDistance(L_2, accuracy)",12435,1,-2.541280462888617,1,-2.8330780985335866
dpgan,"ClosestDistance(L_2, accuracy)",12435,0,-3.2074815058671566,0,-2.8330780985335866
dpgan,"ClosestDistance(L_2, accuracy)",12435,1,-2.871413158148052,0,-2.8330780985335866
dpgan,"ClosestDistance(L_2, accuracy)",12435,0,-2.6428824811680798,1,-2.8330780985335866
dpgan,"ClosestDistance(L_2, accuracy)",12435,1,-2.6806532760023605,1,-2.8330780985335866
dpgan,"ClosestDistance(L_2, accuracy)",12435,0,-2.8998333773988145,0,-2.8330780985335866
dpgan,"ClosestDistance(L_2, accuracy)",12435,1,-3.190261958159649,0,-2.8330780985335866
dpgan,"ClosestDistance(L_2, accuracy)",12435,0,-2.4935930489347222,1,-2.8330780985335866
dpgan,"ClosestDistance(L_2, accuracy)",12435,1,-2.8452970855637907,0,-2.8330780985335866
dpgan,"ClosestDistance(L_2, accuracy)",12435,0,-2.5735078405078116,1,-2.8330780985335866
dpgan,"ClosestDistance(L_2, accuracy)",12435,1,-2.4803611967389374,1,-2.8330780985335866
dpgan,"ClosestDistance(L_2, accuracy)",12435,0,-2.863300320136915,0,-2.8330780985335866
dpgan,"ClosestDistance(L_2, accuracy)",12435,1,-2.8683383619051663,0,-2.8330780985335866
dpgan,"ClosestDistance(L_2, accuracy)",12435,0,-2.5014461122152234,1,-2.8330780985335866
dpgan,"ClosestDistance(L_2, accuracy)",12435,1,-2.49797297201094,1,-2.8330780985335866
dpgan,"ClosestDistance(L_2, accuracy)",12435,0,-2.4952442001757458,1,-2.8330780985335866
dpgan,"ClosestDistance(L_2, accuracy)",12435,1,-2.5492001763790575,1,-2.8330780985335866
dpgan,"ClosestDistance(L_2, accuracy)",12435,0,-2.870401593958735,0,-2.8330780985335866
dpgan,"ClosestDistance(L_2, accuracy)",12435,1,-2.5422350614858416,1,-2.8330780985335866
dpgan,"ClosestDistance(L_2, accuracy)",12435,0,-2.6375080694383657,1,-2.8330780985335866
dpgan,"ClosestDistance(L_2, accuracy)",12435,1,-2.5780805662122774,1,-2.8330780985335866
dpgan,"ClosestDistance(L_2, accuracy)",12435,0,-2.678956722253557,1,-2.8330780985335866
dpgan,"ClosestDistance(L_2, accuracy)",12435,1,-2.063671277806266,1,-2.8330780985335866
dpgan,"ClosestDistance(L_2, accuracy)",12435,0,-2.8719456469137543,0,-2.8330780985335866
dpgan,"ClosestDistance(L_2, accuracy)",12435,1,-2.4957974422031994,1,-2.8330780985335866
dpgan,"ClosestDistance(L_2, accuracy)",12435,0,-2.873636375431179,0,-2.8330780985335866
dpgan,"ClosestDistance(L_2, accuracy)",12435,1,-2.8586845070458193,0,-2.8330780985335866
dpgan,"ClosestDistance(L_2, accuracy)",12435,0,-2.6467854704394047,1,-2.8330780985335866
dpgan,"ClosestDistance(L_2, accuracy)",12435,1,-2.87537652638671,0,-2.8330780985335866
dpgan,"ClosestDistance(L_2, accuracy)",12435,0,-2.8328536608142696,1,-2.8330780985335866
dpgan,"ClosestDistance(L_2, accuracy)",12435,1,-2.8964928635449736,0,-2.8330780985335866
dpgan,"ClosestDistance(L_2, accuracy)",12435,0,-2.8635140227724465,0,-2.8330780985335866
dpgan,"ClosestDistance(L_2, accuracy)",12435,1,-2.8471010490384976,0,-2.8330780985335866
dpgan,"ClosestDistance(L_2, accuracy)",12435,0,-2.492984601214289,1,-2.8330780985335866
dpgan,"ClosestDistance(L_2, accuracy)",12435,1,-2.5665937865166217,1,-2.8330780985335866
dpgan,"ClosestDistance(L_2, accuracy)",12435,0,-2.89909985268234,0,-2.8330780985335866
dpgan,"ClosestDistance(L_2, accuracy)",12435,1,-2.4648089149078323,1,-2.8330780985335866
dpgan,"ClosestDistance(L_2, accuracy)",12435,0,-2.8741669632470472,0,-2.8330780985335866
dpgan,"ClosestDistance(L_2, accuracy)",12435,1,-2.5209235422741605,1,-2.8330780985335866
dpgan,"ClosestDistance(L_2, accuracy)",12435,0,-2.540154618991943,1,-2.8330780985335866
dpgan,"ClosestDistance(L_2, accuracy)",12435,1,-2.320385971262389,1,-2.8330780985335866
dpgan,"ClosestDistance(L_2, accuracy)",12435,0,-2.8553272329144694,0,-2.8330780985335866
dpgan,"ClosestDistance(L_2, accuracy)",12435,1,-2.592940514027755,1,-2.8330780985335866
dpgan,"ClosestDistance(L_2, accuracy)",12435,0,-2.2951778698914804,1,-2.8330780985335866
dpgan,"ClosestDistance(L_2, accuracy)",12435,1,-2.5127188415047406,1,-2.8330780985335866
dpgan,"ClosestDistance(L_2, accuracy)",12435,0,-2.5076121469641235,1,-2.8330780985335866
dpgan,"ClosestDistance(L_2, accuracy)",12435,1,-2.476951151459311,1,-2.8330780985335866
dpgan,"ClosestDistance(L_2, accuracy)",12435,0,-2.8455458286137745,0,-2.8330780985335866
dpgan,"ClosestDistance(L_2, accuracy)",12435,1,-2.8565095626168917,0,-2.8330780985335866
dpgan,"ClosestDistance(L_2, accuracy)",12435,0,-2.8788837077888587,0,-2.8330780985335866
dpgan,"ClosestDistance(L_2, accuracy)",12435,1,-2.4758377422964934,1,-2.8330780985335866
dpgan,"ClosestDistance(L_2, accuracy)",12435,0,-2.5249419252786476,1,-2.8330780985335866
dpgan,"ClosestDistance(L_2, accuracy)",12435,1,-2.6522261708857333,1,-2.8330780985335866
dpgan,"ClosestDistance(L_2, accuracy)",12435,0,-2.838993187301792,0,-2.8330780985335866
dpgan,"ClosestDistance(L_2, accuracy)",12435,1,-2.903274067266799,0,-2.8330780985335866
dpgan,"ClosestDistance(L_2, accuracy)",12435,0,-2.8463207197531797,0,-2.8330780985335866
dpgan,"ClosestDistance(L_2, accuracy)",12435,1,-3.1800624871376746,0,-2.8330780985335866
dpgan,"ClosestDistance(L_2, accuracy)",12435,0,-2.8695087404039934,0,-2.8330780985335866
dpgan,"ClosestDistance(L_2, accuracy)",12435,1,-2.8343424058190836,0,-2.8330780985335866
dpgan,"ClosestDistance(L_2, accuracy)",12435,0,-2.863849082467479,0,-2.8330780985335866
dpgan,"ClosestDistance(L_2, accuracy)",12435,1,-2.4820019946528493,1,-2.8330780985335866
dpgan,"ClosestDistance(L_2, accuracy)",12435,0,-2.8539769143494382,0,-2.8330780985335866
dpgan,"ClosestDistance(L_2, accuracy)",12435,1,-2.867367206096546,0,-2.8330780985335866
dpgan,"ClosestDistance(L_2, accuracy)",12435,0,-2.882875179938192,0,-2.8330780985335866
dpgan,"ClosestDistance(L_2, accuracy)",12435,1,-2.5548174800259096,1,-2.8330780985335866
dpgan,"ClosestDistance(L_2, accuracy)",12435,0,-2.850499089537306,0,-2.8330780985335866
dpgan,"ClosestDistance(L_2, accuracy)",12435,1,-2.5349710540530594,1,-2.8330780985335866
dpgan,"ClosestDistance(L_2, accuracy)",12435,0,-2.8493486783489947,0,-2.8330780985335866
dpgan,"ClosestDistance(L_2, accuracy)",12435,1,-2.845612755995867,0,-2.8330780985335866
dpgan,"ClosestDistance(L_2, accuracy)",12435,0,-2.873986138451665,0,-2.8330780985335866
dpgan,"ClosestDistance(L_2, accuracy)",12435,1,-2.6420286779314055,1,-2.8330780985335866
dpgan,"ClosestDistance(L_2, accuracy)",12435,0,-2.87595641709869,0,-2.8330780985335866
dpgan,"ClosestDistance(L_2, accuracy)",12435,1,-2.4907851048605543,1,-2.8330780985335866
dpgan,"ClosestDistance(L_2, accuracy)",12435,0,-3.186643969389044,0,-2.8330780985335866
dpgan,"ClosestDistance(L_2, accuracy)",12435,1,-2.8635055413510186,0,-2.8330780985335866
dpgan,"ClosestDistance(L_2, accuracy)",12435,0,-2.494699480618407,1,-2.8330780985335866
dpgan,"ClosestDistance(L_2, accuracy)",12435,1,-2.51955138586252,1,-2.8330780985335866
dpgan,"ClosestDistance(L_2, accuracy)",12435,0,-2.901562488270147,0,-2.8330780985335866
dpgan,"ClosestDistance(L_2, accuracy)",12435,1,-2.6922972862420247,1,-2.8330780985335866
dpgan,"ClosestDistance(L_2, accuracy)",12435,0,-2.8537326507699645,0,-2.8330780985335866
dpgan,"ClosestDistance(L_2, accuracy)",12435,1,-2.618768792305737,1,-2.8330780985335866
dpgan,"ClosestDistance(L_2, accuracy)",12435,0,-2.899812174289863,0,-2.8330780985335866
dpgan,"ClosestDistance(L_2, accuracy)",12435,1,-2.4800568039188127,1,-2.8330780985335866
dpgan,"ClosestDistance(L_2, accuracy)",12435,0,-2.5083073555620135,1,-2.8330780985335866
dpgan,"ClosestDistance(L_2, accuracy)",12435,1,-2.8488031352691063,0,-2.8330780985335866
dpgan,"ClosestDistance(L_2, accuracy)",12435,0,-2.5943402846254426,1,-2.8330780985335866
dpgan,"ClosestDistance(L_2, accuracy)",12435,1,-2.485669492289668,1,-2.8330780985335866
dpgan,"ClosestDistance(L_2, accuracy)",12435,0,-2.855603516144304,0,-2.8330780985335866
dpgan,"ClosestDistance(L_2, accuracy)",12435,1,-2.6741757112251934,1,-2.8330780985335866
dpgan,"ClosestDistance(L_2, accuracy)",12435,0,-2.494373468275791,1,-2.8330780985335866
dpgan,"ClosestDistance(L_2, accuracy)",12435,1,-2.8445832897754024,0,-2.8330780985335866
dpgan,"ClosestDistance(L_2, accuracy)",12435,0,-2.8463300556061992,0,-2.8330780985335866
dpgan,"ClosestDistance(L_2, accuracy)",12435,1,-2.4969770959534254,1,-2.8330780985335866
dpgan,"ClosestDistance(L_2, accuracy)",12435,0,-2.4618698726960564,1,-2.8330780985335866
dpgan,"ClosestDistance(L_2, accuracy)",12435,1,-2.842749695910746,0,-2.8330780985335866
dpgan,"ClosestDistance(L_2, accuracy)",12435,0,-2.6523964888853104,1,-2.8330780985335866
dpgan,"ClosestDistance(L_2, accuracy)",12435,1,-2.8859588343827,0,-2.8330780985335866
dpgan,"ClosestDistance(L_2, accuracy)",12435,0,-2.6199132923912836,1,-2.8330780985335866
dpgan,"ClosestDistance(L_2, accuracy)",12435,1,-2.5755840785969495,1,-2.8330780985335866
dpgan,"ClosestDistance(L_2, accuracy)",12435,0,-2.458954282441389,1,-2.8330780985335866
dpgan,"ClosestDistance(L_2, accuracy)",12435,1,-2.51470007245418,1,-2.8330780985335866
dpgan,"ClosestDistance(L_2, accuracy)",12435,0,-2.1234987863641805,1,-2.8330780985335866
dpgan,"ClosestDistance(L_2, accuracy)",12435,1,-2.52267887157441,1,-2.8330780985335866
dpgan,"ClosestDistance(L_2, accuracy)",12435,0,-2.4764791072470134,1,-2.8330780985335866
dpgan,"ClosestDistance(L_2, accuracy)",12435,1,-2.8601812146265146,0,-2.8330780985335866
dpgan,"ClosestDistance(L_2, accuracy)",12435,0,-2.859796112343707,0,-2.8330780985335866
dpgan,"ClosestDistance(L_2, accuracy)",12435,1,-2.859147626958099,0,-2.8330780985335866
dpgan,"ClosestDistance(L_2, accuracy)",12435,0,-2.8608554950862675,0,-2.8330780985335866
dpgan,"ClosestDistance(L_2, accuracy)",12435,1,-2.523550269311719,1,-2.8330780985335866
dpgan,"ClosestDistance(L_2, accuracy)",12435,0,-2.2204817677007034,1,-2.8330780985335866
dpgan,"ClosestDistance(L_2, accuracy)",12435,1,-2.516116747441721,1,-2.8330780985335866
dpgan,"ClosestDistance(L_2, accuracy)",12435,0,-2.842514249489242,0,-2.8330780985335866
dpgan,"ClosestDistance(L_2, accuracy)",12435,1,-2.9070175174278687,0,-2.8330780985335866
dpgan,"ClosestDistance(L_2, accuracy)",12435,0,-2.5224935813005414,1,-2.8330780985335866
dpgan,"ClosestDistance(L_2, accuracy)",12435,1,-2.855160042363344,0,-2.8330780985335866
dpgan,"ClosestDistance(L_2, accuracy)",12435,0,-2.9072960150275216,0,-2.8330780985335866
dpgan,"ClosestDistance(L_2, accuracy)",12435,1,-2.8576270711355516,0,-2.8330780985335866
dpgan,"ClosestDistance(L_2, accuracy)",12435,0,-2.847616277185912,0,-2.8330780985335866
dpgan,"ClosestDistance(L_2, accuracy)",12435,1,-2.874559854666161,0,-2.8330780985335866
dpgan,"ClosestDistance(L_2, accuracy)",12435,0,-2.666962433225353,1,-2.8330780985335866
dpgan,"ClosestDistance(L_2, accuracy)",12435,1,-2.8966872488357174,0,-2.8330780985335866
dpgan,"ClosestDistance(L_2, accuracy)",12435,0,-2.5401345920468685,1,-2.8330780985335866
dpgan,"ClosestDistance(L_2, accuracy)",12435,1,-2.859498417760719,0,-2.8330780985335866
dpgan,"ClosestDistance(L_2, accuracy)",12435,0,-2.884422984618668,0,-2.8330780985335866
dpgan,"ClosestDistance(L_2, accuracy)",12435,1,-2.847398332421816,0,-2.8330780985335866
dpgan,"ClosestDistance(L_2, accuracy)",12435,0,-2.8967844195388444,0,-2.8330780985335866
dpgan,"ClosestDistance(L_2, accuracy)",12435,1,-2.895598598134977,0,-2.8330780985335866
dpgan,"ClosestDistance(L_2, accuracy)",12435,0,-2.4972166052134686,1,-2.8330780985335866
dpgan,"ClosestDistance(L_2, accuracy)",12435,1,-2.5030603516483936,1,-2.8330780985335866
dpgan,"ClosestDistance(L_2, accuracy)",12435,0,-2.8430496003220633,0,-2.8330780985335866
dpgan,"ClosestDistance(L_2, accuracy)",12435,1,-2.847877117163876,0,-2.8330780985335866
dpgan,"ClosestDistance(L_2, accuracy)",12435,0,-3.175008459098544,0,-2.8330780985335866
dpgan,"ClosestDistance(L_2, accuracy)",12435,1,-2.048979325829869,1,-2.8330780985335866
dpgan,"ClosestDistance(L_2, accuracy)",12435,0,-2.224196839882362,1,-2.8330780985335866
dpgan,"ClosestDistance(L_2, accuracy)",12435,1,-2.501135230614373,1,-2.8330780985335866
dpgan,"ClosestDistance(L_2, accuracy)",12435,0,-2.914406905767737,0,-2.8330780985335866
dpgan,"ClosestDistance(L_2, accuracy)",12435,1,-2.846637909950088,0,-2.8330780985335866
dpgan,"ClosestDistance(L_2, accuracy)",12435,0,-2.8781537380036335,0,-2.8330780985335866
dpgan,"ClosestDistance(L_2, accuracy)",12435,1,-2.8371420335745485,0,-2.8330780985335866
dpgan,"ClosestDistance(L_2, accuracy)",12435,0,-2.867809496113604,0,-2.8330780985335866
dpgan,"ClosestDistance(L_2, accuracy)",12435,1,-2.853589910583267,0,-2.8330780985335866
dpgan,"ClosestDistance(L_2, accuracy)",12435,0,-2.8468276891669277,0,-2.8330780985335866
dpgan,"ClosestDistance(L_2, accuracy)",12435,1,-2.6194005432281204,1,-2.8330780985335866
dpgan,"ClosestDistance(L_2, accuracy)",12435,0,-2.6164409556813495,1,-2.8330780985335866
dpgan,"ClosestDistance(L_2, accuracy)",12435,1,-2.8403280590417137,0,-2.8330780985335866
dpgan,"ClosestDistance(L_2, accuracy)",12435,0,-2.603860153982841,1,-2.8330780985335866
dpgan,"ClosestDistance(L_2, accuracy)",12435,1,-2.946349915275503,0,-2.8330780985335866
dpgan,"ClosestDistance(L_2, accuracy)",12435,0,-2.9208208716273485,0,-2.8330780985335866
dpgan,"ClosestDistance(L_2, accuracy)",12435,1,-2.9249267586703382,0,-2.8330780985335866
dpgan,"ClosestDistance(L_2, accuracy)",12435,0,-2.8545487748983462,0,-2.8330780985335866
dpgan,"ClosestDistance(L_2, accuracy)",12435,1,-2.8422078976264067,0,-2.8330780985335866
dpgan,"ClosestDistance(L_2, accuracy)",12435,0,-2.5743649614926363,1,-2.8330780985335866
dpgan,"ClosestDistance(L_2, accuracy)",12435,1,-2.9377540184979276,0,-2.8330780985335866
dpgan,"ClosestDistance(L_2, accuracy)",12435,0,-2.860887560973289,0,-2.8330780985335866
dpgan,"ClosestDistance(L_2, accuracy)",12435,1,-2.626254868540708,1,-2.8330780985335866
dpgan,"ClosestDistance(L_2, accuracy)",12435,0,-2.852067074038696,0,-2.8330780985335866
dpgan,"ClosestDistance(L_2, accuracy)",12435,1,-2.581834887911775,1,-2.8330780985335866
dpgan,"ClosestDistance(L_2, accuracy)",12435,0,-2.880144391326529,0,-2.8330780985335866
dpgan,"ClosestDistance(L_2, accuracy)",12435,1,-2.653032383664447,1,-2.8330780985335866
dpgan,"ClosestDistance(L_2, accuracy)",12435,0,-2.853752881946702,0,-2.8330780985335866
dpgan,"ClosestDistance(L_2, accuracy)",12435,1,-2.8599978968189523,0,-2.8330780985335866
dpgan,"ClosestDistance(L_2, accuracy)",12435,0,-2.876082397263918,0,-2.8330780985335866
dpgan,"ClosestDistance(L_2, accuracy)",12435,1,-2.880058303220131,0,-2.8330780985335866
dpgan,"ClosestDistance(L_2, accuracy)",12435,0,-3.189785559689916,0,-2.8330780985335866
dpgan,"ClosestDistance(L_2, accuracy)",12435,1,-2.494588761319974,1,-2.8330780985335866
dpgan,"ClosestDistance(L_2, accuracy)",12435,0,-2.878475333519931,0,-2.8330780985335866
dpgan,"ClosestDistance(L_2, accuracy)",12435,1,-2.7195422192683267,1,-2.8330780985335866
dpgan,"ClosestDistance(L_2, accuracy)",12435,0,-2.8510741135859425,0,-2.8330780985335866
dpgan,"ClosestDistance(L_2, accuracy)",12435,1,-2.8818773631722547,0,-2.8330780985335866
dpgan,"ClosestDistance(L_2, accuracy)",12435,0,-2.5928702085200364,1,-2.8330780985335866
dpgan,"ClosestDistance(L_2, accuracy)",12435,1,-2.657761453908105,1,-2.8330780985335866
dpgan,"ClosestDistance(L_2, accuracy)",12435,0,-2.862936056725322,0,-2.8330780985335866
dpgan,"ClosestDistance(L_2, accuracy)",12435,1,-2.5261465757147383,1,-2.8330780985335866
dpgan,"ClosestDistance(L_2, accuracy)",12435,0,-2.904458073137467,0,-2.8330780985335866
dpgan,"ClosestDistance(L_2, accuracy)",12435,1,-2.6213068757268907,1,-2.8330780985335866
dpgan,"ClosestDistance(L_2, accuracy)",12435,0,-2.54017609754396,1,-2.8330780985335866
dpgan,"ClosestDistance(L_2, accuracy)",12435,1,-2.2451707080243692,1,-2.8330780985335866
dpgan,"ClosestDistance(L_2, accuracy)",12435,0,-2.5440891045633656,1,-2.8330780985335866
dpgan,"ClosestDistance(L_2, accuracy)",12435,1,-2.4927571680763165,1,-2.8330780985335866
dpgan,"ClosestDistance(L_2, accuracy)",12435,0,-2.4969663090353347,1,-2.8330780985335866
dpgan,"ClosestDistance(L_2, accuracy)",12435,1,-2.8737106566171757,0,-2.8330780985335866
dpgan,"ClosestDistance(L_2, accuracy)",12435,0,-2.4959173084869493,1,-2.8330780985335866
dpgan,"ClosestDistance(L_2, accuracy)",12435,1,-2.8577576569919922,0,-2.8330780985335866
dpgan,"ClosestDistance(L_2, accuracy)",12435,0,-2.857204657152646,0,-2.8330780985335866
dpgan,"ClosestDistance(L_2, accuracy)",12435,1,-2.8640372155045357,0,-2.8330780985335866
dpgan,"ClosestDistance(L_2, accuracy)",12435,0,-2.863479229975834,0,-2.8330780985335866
dpgan,"ClosestDistance(L_2, accuracy)",12435,1,-2.877676069835489,0,-2.8330780985335866
dpgan,"ClosestDistance(L_2, accuracy)",12435,0,-2.943032296345863,0,-2.8330780985335866
dpgan,"ClosestDistance(L_2, accuracy)",12435,1,-3.017454019102272,0,-2.8330780985335866
dpgan,"ClosestDistance(L_2, accuracy)",12435,0,-2.862735297901948,0,-2.8330780985335866
dpgan,"ClosestDistance(L_2, accuracy)",12435,1,-2.885973437028073,0,-2.8330780985335866
dpgan,"ClosestDistance(L_2, accuracy)",12435,0,-2.5361030958130684,1,-2.8330780985335866
dpgan,"ClosestDistance(L_2, accuracy)",12435,1,-2.8708531507955755,0,-2.8330780985335866
dpgan,"ClosestDistance(L_2, accuracy)",12435,0,-2.5131757915657755,1,-2.8330780985335866
dpgan,"ClosestDistance(L_2, accuracy)",12435,1,-2.8527040885514854,0,-2.8330780985335866
dpgan,"ClosestDistance(L_2, accuracy)",12435,0,-2.871258693367531,0,-2.8330780985335866
dpgan,"ClosestDistance(L_2, accuracy)",12435,1,-2.6981655494218764,1,-2.8330780985335866
dpgan,"ClosestDistance(L_2, accuracy)",12435,0,-2.8833049985834958,0,-2.8330780985335866
dpgan,"ClosestDistance(L_2, accuracy)",12435,1,-3.2004071542574706,0,-2.8330780985335866
dpgan,"ClosestDistance(L_2, accuracy)",12435,0,-2.6445027694122536,1,-2.8330780985335866
dpgan,"ClosestDistance(L_2, accuracy)",12435,1,-3.188828790834902,0,-2.8330780985335866
dpgan,"ClosestDistance(L_2, accuracy)",12435,0,-2.678648038153938,1,-2.8330780985335866
dpgan,"ClosestDistance(L_2, accuracy)",12435,1,-2.8940494151927014,0,-2.8330780985335866
dpgan,"ClosestDistance(L_2, accuracy)",12435,0,-2.533664443041527,1,-2.8330780985335866
dpgan,"ClosestDistance(L_2, accuracy)",12435,1,-2.855548608588611,0,-2.8330780985335866
dpgan,"ClosestDistance(L_2, accuracy)",12435,0,-2.6778511202085253,1,-2.8330780985335866
dpgan,"ClosestDistance(L_2, accuracy)",12435,1,-2.8362987469650007,0,-2.8330780985335866
dpgan,"ClosestDistance(L_2, accuracy)",12435,0,-2.5307685173971413,1,-2.8330780985335866
dpgan,"ClosestDistance(L_2, accuracy)",12435,1,-2.8387662863916967,0,-2.8330780985335866
dpgan,"ClosestDistance(L_2, accuracy)",12435,0,-2.1894488274727917,1,-2.8330780985335866
dpgan,"ClosestDistance(L_2, accuracy)",12435,1,-2.863188416841042,0,-2.8330780985335866
dpgan,"ClosestDistance(L_2, accuracy)",12435,0,-2.4552752924855192,1,-2.8330780985335866
dpgan,"ClosestDistance(L_2, accuracy)",12435,1,-2.7147410224429245,1,-2.8330780985335866
dpgan,"ClosestDistance(L_2, accuracy)",12435,0,-2.8643491546485698,0,-2.8330780985335866
dpgan,"ClosestDistance(L_2, accuracy)",12435,1,-2.8705297432864656,0,-2.8330780985335866
dpgan,"ClosestDistance(L_2, accuracy)",12435,0,-2.4772292293776594,1,-2.8330780985335866
dpgan,"ClosestDistance(L_2, accuracy)",12435,1,-3.1923154794541952,0,-2.8330780985335866
dpgan,"ClosestDistance(L_2, accuracy)",12435,0,-2.615605863648311,1,-2.8330780985335866
dpgan,"ClosestDistance(L_2, accuracy)",12435,1,-2.8325107303203683,1,-2.8330780985335866
dpgan,"ClosestDistance(L_2, accuracy)",12435,0,-2.8861952288609465,0,-2.8330780985335866
dpgan,"ClosestDistance(L_2, accuracy)",12435,1,-2.901278059291331,0,-2.8330780985335866
dpgan,"ClosestDistance(L_2, accuracy)",12435,0,-2.677300046259334,1,-2.8330780985335866
dpgan,"ClosestDistance(L_2, accuracy)",12435,1,-3.165711381391907,0,-2.8330780985335866
dpgan,"ClosestDistance(L_2, accuracy)",12435,0,-2.8595787125878758,0,-2.8330780985335866
dpgan,"ClosestDistance(L_2, accuracy)",12435,1,-3.173473869382785,0,-2.8330780985335866
dpgan,"ClosestDistance(L_2, accuracy)",12435,0,-2.553975106786473,1,-2.8330780985335866
dpgan,"ClosestDistance(L_2, accuracy)",12435,1,-2.484480178990484,1,-2.8330780985335866
dpgan,"ClosestDistance(L_2, accuracy)",12435,0,-2.8859933364110613,0,-2.8330780985335866
dpgan,"ClosestDistance(L_2, accuracy)",12435,1,-3.166601471307918,0,-2.8330780985335866
dpgan,"ClosestDistance(L_2, accuracy)",12435,0,-2.2957440641594404,1,-2.8330780985335866
dpgan,"ClosestDistance(L_2, accuracy)",12435,1,-2.4965590568395033,1,-2.8330780985335866
dpgan,"ClosestDistance(L_2, accuracy)",12435,0,-2.517174939106763,1,-2.8330780985335866
dpgan,"ClosestDistance(L_2, accuracy)",12435,1,-2.869443683734015,0,-2.8330780985335866
dpgan,"ClosestDistance(L_2, accuracy)",12435,0,-2.8531884741253832,0,-2.8330780985335866
dpgan,"ClosestDistance(L_2, accuracy)",12435,1,-3.1725667615107493,0,-2.8330780985335866
dpgan,"ClosestDistance(L_2, accuracy)",12435,0,-2.8679320547797342,0,-2.8330780985335866
dpgan,"ClosestDistance(L_2, accuracy)",12435,1,-2.4690237710557916,1,-2.8330780985335866
dpgan,"ClosestDistance(L_2, accuracy)",12435,0,-2.5598094288811537,1,-2.8330780985335866
dpgan,"ClosestDistance(L_2, accuracy)",12435,1,-2.8807113921653644,0,-2.8330780985335866
dpgan,"ClosestDistance(L_2, accuracy)",12435,0,-2.878542927932374,0,-2.8330780985335866
dpgan,"ClosestDistance(L_2, accuracy)",12435,1,-2.845199666605531,0,-2.8330780985335866
dpgan,"ClosestDistance(L_2, accuracy)",12435,0,-2.902958787736322,0,-2.8330780985335866
dpgan,"ClosestDistance(L_2, accuracy)",12435,1,-2.2566799227877423,1,-2.8330780985335866
dpgan,"ClosestDistance(L_2, accuracy)",12435,0,-2.8819592875949347,0,-2.8330780985335866
dpgan,"ClosestDistance(L_2, accuracy)",12435,1,-2.8684995524037866,0,-2.8330780985335866
dpgan,"ClosestDistance(L_2, accuracy)",12435,0,-2.4925646647722544,1,-2.8330780985335866
dpgan,"ClosestDistance(L_2, accuracy)",12435,1,-2.848032911100614,0,-2.8330780985335866
dpgan,"ClosestDistance(L_2, accuracy)",12435,0,-2.1221296131343803,1,-2.8330780985335866
dpgan,"ClosestDistance(L_2, accuracy)",12435,1,-2.939275500376564,0,-2.8330780985335866
dpgan,"ClosestDistance(L_2, accuracy)",12435,0,-2.9266076187983723,0,-2.8330780985335866
dpgan,"ClosestDistance(L_2, accuracy)",12435,1,-3.0194891739878145,0,-2.8330780985335866
dpgan,"ClosestDistance(L_2, accuracy)",12435,0,-2.869190612383662,0,-2.8330780985335866
dpgan,"ClosestDistance(L_2, accuracy)",12435,1,-2.4836485639444907,1,-2.8330780985335866
dpgan,"ClosestDistance(L_2, accuracy)",12435,0,-2.858695709036865,0,-2.8330780985335866
dpgan,"ClosestDistance(L_2, accuracy)",12435,1,-2.5239479181830307,1,-2.8330780985335866
dpgan,"ClosestDistance(L_2, accuracy)",12435,0,-2.8607764699297187,0,-2.8330780985335866
dpgan,"ClosestDistance(L_2, accuracy)",12435,1,-2.9358130589542317,0,-2.8330780985335866
dpgan,"ClosestDistance(L_2, accuracy)",12435,0,-2.5727477624925617,1,-2.8330780985335866
dpgan,"ClosestDistance(L_2, accuracy)",12435,1,-2.517082881609757,1,-2.8330780985335866
dpgan,"ClosestDistance(L_2, accuracy)",12435,0,-2.89288294479324,0,-2.8330780985335866
dpgan,"ClosestDistance(L_2, accuracy)",12435,1,-2.133468137007151,1,-2.8330780985335866
dpgan,"ClosestDistance(L_2, accuracy)",12435,0,-2.8914146492184294,0,-2.8330780985335866
dpgan,"ClosestDistance(L_2, accuracy)",12435,1,-2.8681424479503868,0,-2.8330780985335866
dpgan,"ClosestDistance(L_2, accuracy)",12435,0,-2.8626467528668487,0,-2.8330780985335866
dpgan,"ClosestDistance(L_2, accuracy)",12435,1,-2.891982675115748,0,-2.8330780985335866
dpgan,"ClosestDistance(L_2, accuracy)",12435,0,-2.861070625290818,0,-2.8330780985335866
dpgan,"ClosestDistance(L_2, accuracy)",12435,1,-2.8413898835274627,0,-2.8330780985335866
dpgan,"ClosestDistance(L_2, accuracy)",12435,0,-2.481359062030484,1,-2.8330780985335866
dpgan,"ClosestDistance(L_2, accuracy)",12435,1,-2.600233524056898,1,-2.8330780985335866
dpgan,"ClosestDistance(L_2, accuracy)",12435,0,-2.837829562960638,0,-2.8330780985335866
dpgan,"ClosestDistance(L_2, accuracy)",12435,1,-2.519716961551937,1,-2.8330780985335866
dpgan,"ClosestDistance(L_2, accuracy)",12435,0,-2.492367779864455,1,-2.8330780985335866
dpgan,"ClosestDistance(L_2, accuracy)",12435,1,-2.8620716071762855,0,-2.8330780985335866
dpgan,"ClosestDistance(L_2, accuracy)",12435,0,-2.8978156365474455,0,-2.8330780985335866
dpgan,"ClosestDistance(L_2, accuracy)",12435,1,-2.5498058312724425,1,-2.8330780985335866
dpgan,"ClosestDistance(L_2, accuracy)",12435,0,-3.166667223904674,0,-2.8330780985335866
dpgan,"ClosestDistance(L_2, accuracy)",12435,1,-3.0205608656775973,0,-2.8330780985335866
dpgan,"ClosestDistance(L_2, accuracy)",12435,0,-2.5318086195070273,1,-2.8330780985335866
dpgan,"ClosestDistance(L_2, accuracy)",12435,1,-2.855918872952711,0,-2.8330780985335866
dpgan,"ClosestDistance(L_2, accuracy)",12435,0,-2.4786261407928207,1,-2.8330780985335866
dpgan,"ClosestDistance(L_2, accuracy)",12435,1,-2.868685911870419,0,-2.8330780985335866
dpgan,"ClosestDistance(L_2, accuracy)",12435,0,-2.8297327439797852,1,-2.8330780985335866
dpgan,"ClosestDistance(L_2, accuracy)",12435,1,-3.165697437248064,0,-2.8330780985335866
dpgan,"ClosestDistance(L_2, accuracy)",12435,0,-2.857701087867011,0,-2.8330780985335866
dpgan,"ClosestDistance(L_2, accuracy)",12435,1,-2.8983015270247434,0,-2.8330780985335866
dpgan,"ClosestDistance(L_2, accuracy)",12435,0,-2.856010392906905,0,-2.8330780985335866
dpgan,"ClosestDistance(L_2, accuracy)",12435,1,-2.5417829742060865,1,-2.8330780985335866
dpgan,"ClosestDistance(L_2, accuracy)",12435,0,-2.9329603361963157,0,-2.8330780985335866
dpgan,"ClosestDistance(L_2, accuracy)",12435,1,-2.6471826263785703,1,-2.8330780985335866
dpgan,"ClosestDistance(L_2, accuracy)",12435,0,-2.6175386722836174,1,-2.8330780985335866
dpgan,"ClosestDistance(L_2, accuracy)",12435,1,-2.6738888794568947,1,-2.8330780985335866
dpgan,"ClosestDistance(L_2, accuracy)",12435,0,-2.5976465781881566,1,-2.8330780985335866
dpgan,"ClosestDistance(L_2, accuracy)",12435,1,-2.4957615129275212,1,-2.8330780985335866
dpgan,"ClosestDistance(L_2, accuracy)",12435,0,-2.8383826731562305,0,-2.8330780985335866
dpgan,"ClosestDistance(L_2, accuracy)",12435,1,-2.8896155723357144,0,-2.8330780985335866
dpgan,"ClosestDistance(L_2, accuracy)",12435,0,-2.845747010488921,0,-2.8330780985335866
dpgan,"ClosestDistance(L_2, accuracy)",12435,1,-2.8888014212650317,0,-2.8330780985335866
dpgan,"ClosestDistance(L_2, accuracy)",12435,0,-2.4950347089761467,1,-2.8330780985335866
dpgan,"ClosestDistance(L_2, accuracy)",12435,1,-2.7564352043769245,1,-2.8330780985335866
dpgan,"ClosestDistance(L_2, accuracy)",12435,0,-2.850484429928537,0,-2.8330780985335866
dpgan,"ClosestDistance(L_2, accuracy)",12435,1,-2.8773537556586275,0,-2.8330780985335866
dpgan,"ClosestDistance(L_2, accuracy)",12435,0,-2.902262008457169,0,-2.8330780985335866
dpgan,"ClosestDistance(L_2, accuracy)",12435,1,-2.847818150718212,0,-2.8330780985335866
dpgan,"ClosestDistance(L_2, accuracy)",12435,0,-2.86842254711953,0,-2.8330780985335866
dpgan,"ClosestDistance(L_2, accuracy)",12435,1,-2.8717497800198304,0,-2.8330780985335866
dpgan,"ClosestDistance(L_2, accuracy)",12435,0,-2.8363803835718753,0,-2.8330780985335866
dpgan,"ClosestDistance(L_2, accuracy)",12435,1,-3.166017606913197,0,-2.8330780985335866
dpgan,"ClosestDistance(L_2, accuracy)",12435,0,-2.6074911834319123,1,-2.8330780985335866
dpgan,"ClosestDistance(L_2, accuracy)",12435,1,-2.5351178560590593,1,-2.8330780985335866
dpgan,"ClosestDistance(L_2, accuracy)",12435,0,-2.586369453824485,1,-2.8330780985335866
dpgan,"ClosestDistance(L_2, accuracy)",12435,1,-2.8523079587496274,0,-2.8330780985335866
dpgan,"ClosestDistance(L_2, accuracy)",12435,0,-2.860257968969187,0,-2.8330780985335866
dpgan,"ClosestDistance(L_2, accuracy)",12435,1,-2.8395894814452327,0,-2.8330780985335866
dpgan,"ClosestDistance(L_2, accuracy)",12435,0,-2.8708830711534388,0,-2.8330780985335866
dpgan,"ClosestDistance(L_2, accuracy)",12435,1,-2.681029306187307,1,-2.8330780985335866
dpgan,"ClosestDistance(L_2, accuracy)",12435,0,-2.857349381392532,0,-2.8330780985335866
dpgan,"ClosestDistance(L_2, accuracy)",12435,1,-2.5374511902660513,1,-2.8330780985335866
dpgan,"ClosestDistance(L_2, accuracy)",12435,0,-2.466252888076171,1,-2.8330780985335866
dpgan,"ClosestDistance(L_2, accuracy)",12435,1,-2.852098712753388,0,-2.8330780985335866
dpgan,"ClosestDistance(L_2, accuracy)",12435,0,-2.2978989284441145,1,-2.8330780985335866
dpgan,"ClosestDistance(L_2, accuracy)",12435,1,-2.8504527018945205,0,-2.8330780985335866
dpgan,"ClosestDistance(L_2, accuracy)",12435,0,-2.5211132295203162,1,-2.8330780985335866
dpgan,"ClosestDistance(L_2, accuracy)",12435,1,-2.560383900358468,1,-2.8330780985335866
dpgan,"ClosestDistance(L_2, accuracy)",12435,0,-2.4938493709917746,1,-2.8330780985335866
dpgan,"ClosestDistance(L_2, accuracy)",12435,1,-2.860104087782753,0,-2.8330780985335866
dpgan,"ClosestDistance(L_2, accuracy)",12435,0,-2.871871211258354,0,-2.8330780985335866
dpgan,"ClosestDistance(L_2, accuracy)",12435,1,-2.8573231671880635,0,-2.8330780985335866
dpgan,"ClosestDistance(L_2, accuracy)",12435,0,-2.8905987263274024,0,-2.8330780985335866
dpgan,"ClosestDistance(L_2, accuracy)",12435,1,-2.2773907364835826,1,-2.8330780985335866
dpgan,"ClosestDistance(L_2, accuracy)",12435,0,-2.8945234638610806,0,-2.8330780985335866
dpgan,"ClosestDistance(L_2, accuracy)",12435,1,-2.5104148421677674,1,-2.8330780985335866
dpgan,"ClosestDistance(L_2, accuracy)",12435,0,-2.8731269529902157,0,-2.8330780985335866
dpgan,"ClosestDistance(L_2, accuracy)",12435,1,-2.4876331488704784,1,-2.8330780985335866
dpgan,"ClosestDistance(L_2, accuracy)",12435,0,-2.8542784188175307,0,-2.8330780985335866
dpgan,"ClosestDistance(L_2, accuracy)",12435,1,-2.891040900004883,0,-2.8330780985335866
dpgan,"ClosestDistance(L_2, accuracy)",12435,0,-2.886340986549782,0,-2.8330780985335866
dpgan,"ClosestDistance(L_2, accuracy)",12435,1,-3.1918165079337655,0,-2.8330780985335866
dpgan,"ClosestDistance(L_2, accuracy)",12435,0,-2.8677169965327804,0,-2.8330780985335866
dpgan,"ClosestDistance(L_2, accuracy)",12435,1,-2.969856297573207,0,-2.8330780985335866
dpgan,"ClosestDistance(L_2, accuracy)",12435,0,-2.8462424361431347,0,-2.8330780985335866
dpgan,"ClosestDistance(L_2, accuracy)",12435,1,-2.8848324049341683,0,-2.8330780985335866
dpgan,"ClosestDistance(L_2, accuracy)",12435,0,-2.498310979209233,1,-2.8330780985335866
dpgan,"ClosestDistance(L_2, accuracy)",12435,1,-2.8462374478963848,0,-2.8330780985335866
dpgan,"ClosestDistance(L_2, accuracy)",12435,0,-2.626003607047854,1,-2.8330780985335866
dpgan,"ClosestDistance(L_2, accuracy)",12435,1,-2.8433269398718726,0,-2.8330780985335866
dpgan,"ClosestDistance(L_2, accuracy)",12435,0,-2.840204924037598,0,-2.8330780985335866
dpgan,"ClosestDistance(L_2, accuracy)",12435,1,-2.5121881821978698,1,-2.8330780985335866
dpgan,"ClosestDistance(L_2, accuracy)",12435,0,-2.6447851472301793,1,-2.8330780985335866
dpgan,"ClosestDistance(L_2, accuracy)",12435,1,-2.8575139663405724,0,-2.8330780985335866
dpgan,"ClosestDistance(L_2, accuracy)",12435,0,-2.8536239959727503,0,-2.8330780985335866
dpgan,"ClosestDistance(L_2, accuracy)",12435,1,-2.8632170053810047,0,-2.8330780985335866
dpgan,"ClosestDistance(L_2, accuracy)",12435,0,-3.1729730975891646,0,-2.8330780985335866
dpgan,"ClosestDistance(L_2, accuracy)",12435,1,-2.8842778291878965,0,-2.8330780985335866
dpgan,"ClosestDistance(L_2, accuracy)",12435,0,-2.4780488542650208,1,-2.8330780985335866
dpgan,"ClosestDistance(L_2, accuracy)",12435,1,-2.8861787465513054,0,-2.8330780985335866
dpgan,"ClosestDistance(L_2, accuracy)",12435,0,-2.8411566956226646,0,-2.8330780985335866
dpgan,"ClosestDistance(L_2, accuracy)",12435,1,-2.02770911272187,1,-2.8330780985335866
dpgan,"ClosestDistance(L_2, accuracy)",12435,0,-3.032593376073795,0,-2.8330780985335866
dpgan,"ClosestDistance(L_2, accuracy)",12435,1,-2.856954824159043,0,-2.8330780985335866
dpgan,"ClosestDistance(L_2, accuracy)",12435,0,-2.8645918074352252,0,-2.8330780985335866
dpgan,"ClosestDistance(L_2, accuracy)",12435,1,-2.53426204042929,1,-2.8330780985335866
dpgan,"ClosestDistance(L_2, accuracy)",12435,0,-3.1778635184022397,0,-2.8330780985335866
dpgan,"ClosestDistance(L_2, accuracy)",12435,1,-2.833738267928545,0,-2.8330780985335866
dpgan,"ClosestDistance(L_2, accuracy)",12435,0,-2.8556427290625073,0,-2.8330780985335866
dpgan,"ClosestDistance(L_2, accuracy)",12435,1,-2.489369433571534,1,-2.8330780985335866
dpgan,"ClosestDistance(L_2, accuracy)",12435,0,-2.6733606901689364,1,-2.8330780985335866
dpgan,"ClosestDistance(L_2, accuracy)",12435,1,-2.9011081784947774,0,-2.8330780985335866
dpgan,"ClosestDistance(L_2, accuracy)",12435,0,-3.1757132774349563,0,-2.8330780985335866
dpgan,"ClosestDistance(L_2, accuracy)",12435,1,-2.0751276657320052,1,-2.8330780985335866
dpgan,"ClosestDistance(L_2, accuracy)",12435,0,-2.2685272587848466,1,-2.8330780985335866
dpgan,"ClosestDistance(L_2, accuracy)",12435,1,-2.8629466237576917,0,-2.8330780985335866
dpgan,"ClosestDistance(L_2, accuracy)",12435,0,-2.5453076579096563,1,-2.8330780985335866
dpgan,"ClosestDistance(L_2, accuracy)",12435,1,-2.86370731088853,0,-2.8330780985335866
dpgan,"ClosestDistance(L_2, accuracy)",12435,0,-2.494525353898764,1,-2.8330780985335866
dpgan,"ClosestDistance(L_2, accuracy)",12435,1,-2.942328884978633,0,-2.8330780985335866
dpgan,"ClosestDistance(L_2, accuracy)",12435,0,-2.8454977767130294,0,-2.8330780985335866
dpgan,"ClosestDistance(L_2, accuracy)",12435,1,-2.4989355867052803,1,-2.8330780985335866
dpgan,"ClosestDistance(L_2, accuracy)",12435,0,-2.8518722474398497,0,-2.8330780985335866
dpgan,"ClosestDistance(L_2, accuracy)",12435,1,-2.858830186411552,0,-2.8330780985335866
dpgan,"ClosestDistance(L_2, accuracy)",12435,0,-2.8348523919238677,0,-2.8330780985335866
dpgan,"ClosestDistance(L_2, accuracy)",12435,1,-2.856272757643517,0,-2.8330780985335866
dpgan,"ClosestDistance(L_2, accuracy)",12435,0,-2.4823820470253706,1,-2.8330780985335866
dpgan,"ClosestDistance(L_2, accuracy)",12435,1,-2.555188196295947,1,-2.8330780985335866
dpgan,"ClosestDistance(L_2, accuracy)",12435,0,-2.8444894563637635,0,-2.8330780985335866
dpgan,"ClosestDistance(L_2, accuracy)",12435,1,-2.8641615497806026,0,-2.8330780985335866
dpgan,"ClosestDistance(L_2, accuracy)",12435,0,-2.459981225069197,1,-2.8330780985335866
dpgan,"ClosestDistance(L_2, accuracy)",12435,1,-2.6203674034392526,1,-2.8330780985335866
dpgan,"ClosestDistance(L_2, accuracy)",12435,0,-3.1771805435744835,0,-2.8330780985335866
dpgan,"ClosestDistance(L_2, accuracy)",12435,1,-2.560538407108255,1,-2.8330780985335866
dpgan,"ClosestDistance(L_2, accuracy)",12435,0,-2.4981259515226415,1,-2.8330780985335866
dpgan,"ClosestDistance(L_2, accuracy)",12435,1,-2.8581004147829456,0,-2.8330780985335866
dpgan,"ClosestDistance(L_2, accuracy)",12435,0,-2.5174177984630393,1,-2.8330780985335866
dpgan,"ClosestDistance(L_2, accuracy)",12435,1,-2.860874961255349,0,-2.8330780985335866
dpgan,"ClosestDistance(L_2, accuracy)",12435,0,-2.8724668781165748,0,-2.8330780985335866
dpgan,"ClosestDistance(L_2, accuracy)",12435,1,-2.8535008750708784,0,-2.8330780985335866
dpgan,"ClosestDistance(L_2, accuracy)",12435,0,-2.832023839212617,1,-2.8330780985335866
dpgan,"ClosestDistance(L_2, accuracy)",12435,1,-2.111845786316008,1,-2.8330780985335866
dpgan,"ClosestDistance(L_2, accuracy)",12435,0,-2.5641558228337074,1,-2.8330780985335866
dpgan,"ClosestDistance(L_2, accuracy)",12435,1,-2.5034454424577564,1,-2.8330780985335866
dpgan,"ClosestDistance(L_2, accuracy)",12435,0,-2.6541893810142314,1,-2.8330780985335866
dpgan,"ClosestDistance(L_2, accuracy)",12435,1,-2.8616453052499264,0,-2.8330780985335866
dpgan,"ClosestDistance(L_2, accuracy)",12435,0,-2.856570751365849,0,-2.8330780985335866
dpgan,"ClosestDistance(L_2, accuracy)",12435,1,-2.5115013191967432,1,-2.8330780985335866
dpgan,"ClosestDistance(L_2, accuracy)",12435,0,-2.5340061792902238,1,-2.8330780985335866
dpgan,"ClosestDistance(L_2, accuracy)",12435,1,-2.8914218506809104,0,-2.8330780985335866
dpgan,"ClosestDistance(L_2, accuracy)",12435,0,-2.477564066600409,1,-2.8330780985335866
dpgan,"ClosestDistance(L_2, accuracy)",12435,1,-2.1184013742290047,1,-2.8330780985335866
dpgan,"ClosestDistance(L_2, accuracy)",12435,0,-2.242179482704901,1,-2.8330780985335866
dpgan,"ClosestDistance(L_2, accuracy)",12435,1,-2.836711367498526,0,-2.8330780985335866
dpgan,"ClosestDistance(L_2, accuracy)",12435,0,-2.8343466402126,0,-2.8330780985335866
dpgan,"ClosestDistance(L_2, accuracy)",12435,1,-2.8460340934081314,0,-2.8330780985335866
dpgan,"ClosestDistance(L_2, accuracy)",12435,0,-2.8859858855302023,0,-2.8330780985335866
dpgan,"ClosestDistance(L_2, accuracy)",12435,1,-2.518492565035186,1,-2.8330780985335866
dpgan,"ClosestDistance(L_2, accuracy)",12435,0,-2.9502679608532483,0,-2.8330780985335866
dpgan,"ClosestDistance(L_2, accuracy)",12435,1,-2.5297306722208526,1,-2.8330780985335866
dpgan,"ClosestDistance(L_2, accuracy)",12435,0,-2.857874929760899,0,-2.8330780985335866
dpgan,"ClosestDistance(L_2, accuracy)",12435,1,-2.864823927182411,0,-2.8330780985335866
dpgan,"ClosestDistance(L_2, accuracy)",12435,0,-3.1874947371564573,0,-2.8330780985335866
dpgan,"ClosestDistance(L_2, accuracy)",12435,1,-2.892983534695545,0,-2.8330780985335866
dpgan,"ClosestDistance(L_2, accuracy)",12435,0,-2.493922711094986,1,-2.8330780985335866
dpgan,"ClosestDistance(L_2, accuracy)",12435,1,-2.7193135872513663,1,-2.8330780985335866
dpgan,"ClosestDistance(L_2, accuracy)",12435,0,-2.8357902948080542,0,-2.8330780985335866
dpgan,"ClosestDistance(L_2, accuracy)",12435,1,-2.95677457362736,0,-2.8330780985335866
dpgan,"ClosestDistance(L_2, accuracy)",12435,0,-2.6092026115147946,1,-2.8330780985335866
dpgan,"ClosestDistance(L_2, accuracy)",12435,1,-2.8515351849197477,0,-2.8330780985335866
dpgan,"ClosestDistance(L_2, accuracy)",12435,0,-2.04128691750091,1,-2.8330780985335866
dpgan,"ClosestDistance(L_2, accuracy)",12435,1,-2.506295935790609,1,-2.8330780985335866
dpgan,"ClosestDistance(L_2, accuracy)",12435,0,-2.853800075749219,0,-2.8330780985335866
dpgan,"ClosestDistance(L_2, accuracy)",12435,1,-2.8605729547520795,0,-2.8330780985335866
dpgan,"ClosestDistance(L_2, accuracy)",12435,0,-2.8691204262163676,0,-2.8330780985335866
dpgan,"ClosestDistance(L_2, accuracy)",12435,1,-2.670918421234667,1,-2.8330780985335866
dpgan,"ClosestDistance(L_2, accuracy)",12435,0,-2.6668858791787953,1,-2.8330780985335866
dpgan,"ClosestDistance(L_2, accuracy)",12435,1,-2.557318435722237,1,-2.8330780985335866
dpgan,"ClosestDistance(L_2, accuracy)",12435,0,-2.500912687393851,1,-2.8330780985335866
dpgan,"ClosestDistance(L_2, accuracy)",12435,1,-2.4906910766922556,1,-2.8330780985335866
dpgan,"ClosestDistance(L_2, accuracy)",12435,0,-2.837988391705782,0,-2.8330780985335866
dpgan,"ClosestDistance(L_2, accuracy)",12435,1,-2.8767268381511952,0,-2.8330780985335866
dpgan,"ClosestDistance(L_2, accuracy)",12435,0,-2.5216632237945573,1,-2.8330780985335866
dpgan,"ClosestDistance(L_2, accuracy)",12435,1,-2.6796159990514123,1,-2.8330780985335866
dpgan,"ClosestDistance(L_2, accuracy)",12435,0,-2.8561844076412752,0,-2.8330780985335866
dpgan,"ClosestDistance(L_2, accuracy)",12435,1,-2.5576094052619873,1,-2.8330780985335866
dpgan,"ClosestDistance(L_2, accuracy)",12435,0,-3.0090194372183032,0,-2.8330780985335866
dpgan,"ClosestDistance(L_2, accuracy)",12435,1,-2.8532195780082215,0,-2.8330780985335866
dpgan,"ClosestDistance(L_2, accuracy)",12435,0,-2.5839080956142957,1,-2.8330780985335866
dpgan,"ClosestDistance(L_2, accuracy)",12435,1,-2.8508842100331266,0,-2.8330780985335866
dpgan,"ClosestDistance(L_2, accuracy)",12435,0,-2.4729222119823495,1,-2.8330780985335866
dpgan,"ClosestDistance(L_2, accuracy)",12435,1,-2.845527032821303,0,-2.8330780985335866
dpgan,"ClosestDistance(L_2, accuracy)",12435,0,-2.8472527233223492,0,-2.8330780985335866
dpgan,"ClosestDistance(L_2, accuracy)",12435,1,-2.571055088184521,1,-2.8330780985335866
dpgan,"ClosestDistance(L_2, accuracy)",12435,0,-2.858713514544129,0,-2.8330780985335866
dpgan,"ClosestDistance(L_2, accuracy)",12435,1,-2.511641180877177,1,-2.8330780985335866
dpgan,"ClosestDistance(L_2, accuracy)",12435,0,-2.5588512827269887,1,-2.8330780985335866
dpgan,"ClosestDistance(L_2, accuracy)",12435,1,-2.8823741726964496,0,-2.8330780985335866
dpgan,"ClosestDistance(L_2, accuracy)",12435,0,-2.8482328002581836,0,-2.8330780985335866
dpgan,"ClosestDistance(L_2, accuracy)",12435,1,-2.597268633080976,1,-2.8330780985335866
dpgan,"ClosestDistance(L_2, accuracy)",12435,0,-2.843852549737615,0,-2.8330780985335866
dpgan,"ClosestDistance(L_2, accuracy)",12435,1,-2.56899445115077,1,-2.8330780985335866
dpgan,"ClosestDistance(L_2, accuracy)",12435,0,-2.6546908474155693,1,-2.8330780985335866
dpgan,"ClosestDistance(L_2, accuracy)",12435,1,-2.5151414447970906,1,-2.8330780985335866
dpgan,"ClosestDistance(L_2, accuracy)",12435,0,-2.542438834570929,1,-2.8330780985335866
dpgan,"ClosestDistance(L_2, accuracy)",12435,1,-3.1698145422088073,0,-2.8330780985335866
dpgan,"ClosestDistance(L_2, accuracy)",12435,0,-2.8935872337502087,0,-2.8330780985335866
dpgan,"ClosestDistance(L_2, accuracy)",12435,1,-2.8382766330810827,0,-2.8330780985335866
dpgan,"ClosestDistance(L_2, accuracy)",12435,0,-2.458174552821813,1,-2.8330780985335866
dpgan,"ClosestDistance(L_2, accuracy)",12435,1,-2.9326933667548905,0,-2.8330780985335866
dpgan,"ClosestDistance(L_2, accuracy)",12435,0,-2.52713016801963,1,-2.8330780985335866
dpgan,"ClosestDistance(L_2, accuracy)",12435,1,-2.1220864412500458,1,-2.8330780985335866
dpgan,"ClosestDistance(L_2, accuracy)",12435,0,-2.8830322966978694,0,-2.8330780985335866
dpgan,"ClosestDistance(L_2, accuracy)",12435,1,-2.843664048321738,0,-2.8330780985335866
dpgan,"ClosestDistance(L_2, accuracy)",12435,0,-2.8695588340016696,0,-2.8330780985335866
dpgan,"ClosestDistance(L_2, accuracy)",12435,1,-2.857481397381139,0,-2.8330780985335866
dpgan,"ClosestDistance(L_2, accuracy)",12435,0,-2.900515733811803,0,-2.8330780985335866
dpgan,"ClosestDistance(L_2, accuracy)",12435,1,-2.845356320543982,0,-2.8330780985335866
dpgan,"ClosestDistance(L_2, accuracy)",12435,0,-2.5763286382842,1,-2.8330780985335866
dpgan,"ClosestDistance(L_2, accuracy)",12435,1,-2.946240291696515,0,-2.8330780985335866
dpgan,"ClosestDistance(L_2, accuracy)",12435,0,-2.8496383622743107,0,-2.8330780985335866
dpgan,"ClosestDistance(L_2, accuracy)",12435,1,-2.8385931491578766,0,-2.8330780985335866
dpgan,"ClosestDistance(L_2, accuracy)",12435,0,-2.482860541633889,1,-2.8330780985335866
dpgan,"ClosestDistance(L_2, accuracy)",12435,1,-2.553021375504443,1,-2.8330780985335866
dpgan,"ClosestDistance(L_2, accuracy)",12435,0,-2.5617522426844443,1,-2.8330780985335866
dpgan,"ClosestDistance(L_2, accuracy)",12435,1,-2.511487145755108,1,-2.8330780985335866
dpgan,"ClosestDistance(L_2, accuracy)",12435,0,-2.868953516085857,0,-2.8330780985335866
dpgan,"ClosestDistance(L_2, accuracy)",12435,1,-2.8325767024984967,1,-2.8330780985335866
dpgan,"ClosestDistance(L_2, accuracy)",12435,0,-2.8825452610991,0,-2.8330780985335866
dpgan,"ClosestDistance(L_2, accuracy)",12435,1,-2.8787342437859698,0,-2.8330780985335866
dpgan,"ClosestDistance(L_2, accuracy)",12435,0,-2.564702799081167,1,-2.8330780985335866
dpgan,"ClosestDistance(L_2, accuracy)",12435,1,-2.5562163461492573,1,-2.8330780985335866
dpgan,"ClosestDistance(L_2, accuracy)",12435,0,-2.692189024856325,1,-2.8330780985335866
dpgan,"ClosestDistance(L_2, accuracy)",12435,1,-2.911091532187483,0,-2.8330780985335866
dpgan,"ClosestDistance(L_2, accuracy)",12435,0,-3.1892980637054564,0,-2.8330780985335866
dpgan,"ClosestDistance(L_2, accuracy)",12435,1,-2.8944272035934944,0,-2.8330780985335866
dpgan,"ClosestDistance(L_2, accuracy)",12435,0,-2.4961551010259346,1,-2.8330780985335866
dpgan,"ClosestDistance(L_2, accuracy)",12435,1,-3.1694527188070176,0,-2.8330780985335866
dpgan,"ClosestDistance(L_2, accuracy)",12435,0,-2.8371816148609206,0,-2.8330780985335866
dpgan,"ClosestDistance(L_2, accuracy)",12435,1,-2.50386190912552,1,-2.8330780985335866
dpgan,"ClosestDistance(L_2, accuracy)",12435,0,-2.8733117695805173,0,-2.8330780985335866
dpgan,"ClosestDistance(L_2, accuracy)",12435,1,-2.8639923738209045,0,-2.8330780985335866
dpgan,"ClosestDistance(L_2, accuracy)",12435,0,-2.8821254085384393,0,-2.8330780985335866
dpgan,"ClosestDistance(L_2, accuracy)",12435,1,-2.538610909523866,1,-2.8330780985335866
dpgan,"ClosestDistance(L_2, accuracy)",12435,0,-2.05667085215839,1,-2.8330780985335866
dpgan,"ClosestDistance(L_2, accuracy)",12435,1,-2.928424263777555,0,-2.8330780985335866
dpgan,"ClosestDistance(L_2, accuracy)",12435,0,-2.850226390303149,0,-2.8330780985335866
dpgan,"ClosestDistance(L_2, accuracy)",12435,1,-2.1016277448756977,1,-2.8330780985335866
dpgan,"ClosestDistance(L_2, accuracy)",12435,0,-3.167017771428856,0,-2.8330780985335866
dpgan,"ClosestDistance(L_2, accuracy)",12435,1,-2.6040868802044925,1,-2.8330780985335866
dpgan,"ClosestDistance(L_2, accuracy)",12435,0,-2.506667882959963,1,-2.8330780985335866
dpgan,"ClosestDistance(L_2, accuracy)",12435,1,-2.632993373892618,1,-2.8330780985335866
dpgan,"ClosestDistance(L_2, accuracy)",12435,0,-2.847430327294577,0,-2.8330780985335866
dpgan,"ClosestDistance(L_2, accuracy)",12435,1,-2.486875478923501,1,-2.8330780985335866
dpgan,"ClosestDistance(L_2, accuracy)",12435,0,-2.867665134685739,0,-2.8330780985335866
dpgan,"ClosestDistance(L_2, accuracy)",12435,1,-2.8661073550139364,0,-2.8330780985335866
dpgan,"ClosestDistance(L_2, accuracy)",12435,0,-2.9655126733304886,0,-2.8330780985335866
dpgan,"ClosestDistance(L_2, accuracy)",12435,1,-2.8507937349858823,0,-2.8330780985335866
dpgan,"ClosestDistance(L_2, accuracy)",12435,0,-3.171750591853094,0,-2.8330780985335866
dpgan,"ClosestDistance(L_2, accuracy)",12435,1,-3.188899160933797,0,-2.8330780985335866
dpgan,"ClosestDistance(L_2, accuracy)",12435,0,-2.8637813415307,0,-2.8330780985335866
dpgan,"ClosestDistance(L_2, accuracy)",12435,1,-2.5124824129210896,1,-2.8330780985335866
dpgan,"ClosestDistance(L_2, accuracy)",12435,0,-2.2853274178900924,1,-2.8330780985335866
dpgan,"ClosestDistance(L_2, accuracy)",12435,1,-2.4712307252108294,1,-2.8330780985335866
dpgan,"ClosestDistance(L_2, accuracy)",12435,0,-2.83076888357562,1,-2.8330780985335866
dpgan,"ClosestDistance(L_2, accuracy)",12435,1,-2.8569446089436648,0,-2.8330780985335866
dpgan,"ClosestDistance(L_2, accuracy)",12435,0,-2.8515145568431435,0,-2.8330780985335866
dpgan,"ClosestDistance(L_2, accuracy)",12435,1,-2.480991623646202,1,-2.8330780985335866
dpgan,"ClosestDistance(L_2, accuracy)",12435,0,-3.1683429787954585,0,-2.8330780985335866
dpgan,"ClosestDistance(L_2, accuracy)",12435,1,-2.625845280662068,1,-2.8330780985335866
dpgan,"ClosestDistance(L_2, accuracy)",12435,0,-2.8550809940609234,0,-2.8330780985335866
dpgan,"ClosestDistance(L_2, accuracy)",12435,1,-2.8561526625044285,0,-2.8330780985335866
dpgan,"ClosestDistance(L_2, accuracy)",12435,0,-2.6016868763721637,1,-2.8330780985335866
dpgan,"ClosestDistance(L_2, accuracy)",12435,1,-2.4888478066573008,1,-2.8330780985335866
dpgan,"ClosestDistance(L_2, accuracy)",12435,0,-2.5062424635914726,1,-2.8330780985335866
dpgan,"ClosestDistance(L_2, accuracy)",12435,1,-2.490542632765143,1,-2.8330780985335866
dpgan,"ClosestDistance(L_2, accuracy)",12435,0,-2.873867363922079,0,-2.8330780985335866
dpgan,"ClosestDistance(L_2, accuracy)",12435,1,-2.8886116005625317,0,-2.8330780985335866
dpgan,"ClosestDistance(L_2, accuracy)",12435,0,-2.5781547842402133,1,-2.8330780985335866
dpgan,"ClosestDistance(L_2, accuracy)",12435,1,-2.886395047454958,0,-2.8330780985335866
dpgan,"ClosestDistance(L_2, accuracy)",12435,0,-2.8690213359327803,0,-2.8330780985335866
dpgan,"ClosestDistance(L_2, accuracy)",12435,1,-2.562168167718441,1,-2.8330780985335866
dpgan,"ClosestDistance(L_2, accuracy)",12435,0,-2.8382267751179846,0,-2.8330780985335866
dpgan,"ClosestDistance(L_2, accuracy)",12435,1,-2.8454213667121664,0,-2.8330780985335866
dpgan,"ClosestDistance(L_2, accuracy)",12435,0,-2.1528773330383504,1,-2.8330780985335866
dpgan,"ClosestDistance(L_2, accuracy)",12435,1,-2.208050886338392,1,-2.8330780985335866
dpgan,"ClosestDistance(L_2, accuracy)",12435,0,-2.889299418072731,0,-2.8330780985335866
dpgan,"ClosestDistance(L_2, accuracy)",12435,1,-2.8683523234502517,0,-2.8330780985335866
dpgan,"ClosestDistance(L_2, accuracy)",12435,0,-2.5661199155297347,1,-2.8330780985335866
dpgan,"ClosestDistance(L_2, accuracy)",12435,1,-2.8684373757383854,0,-2.8330780985335866
dpgan,"ClosestDistance(L_2, accuracy)",12435,0,-2.8385099194416363,0,-2.8330780985335866
dpgan,"ClosestDistance(L_2, accuracy)",12435,1,-2.9752424882319475,0,-2.8330780985335866
dpgan,"ClosestDistance(L_2, accuracy)",12435,0,-2.8562653535254556,0,-2.8330780985335866
dpgan,"ClosestDistance(L_2, accuracy)",12435,1,-2.871521250567703,0,-2.8330780985335866
dpgan,"ClosestDistance(L_2, accuracy)",12435,0,-2.537413292290731,1,-2.8330780985335866
dpgan,"ClosestDistance(L_2, accuracy)",12435,1,-2.857712697155428,0,-2.8330780985335866
dpgan,"ClosestDistance(L_2, accuracy)",12435,0,-2.855529978784369,0,-2.8330780985335866
dpgan,"ClosestDistance(L_2, accuracy)",12435,1,-3.0328619656622195,0,-2.8330780985335866
dpgan,"ClosestDistance(L_2, accuracy)",12435,0,-2.5964018237681414,1,-2.8330780985335866
dpgan,"ClosestDistance(L_2, accuracy)",12435,1,-2.8681420571893113,0,-2.8330780985335866
dpgan,"ClosestDistance(L_2, accuracy)",12435,0,-2.8478423536050865,0,-2.8330780985335866
dpgan,"ClosestDistance(L_2, accuracy)",12435,1,-2.8819256168651353,0,-2.8330780985335866
dpgan,"ClosestDistance(L_2, accuracy)",12435,0,-2.5335639089373267,1,-2.8330780985335866
dpgan,"ClosestDistance(L_2, accuracy)",12435,1,-2.6648318754982365,1,-2.8330780985335866
dpgan,"ClosestDistance(L_2, accuracy)",12435,0,-2.8780337846262736,0,-2.8330780985335866
dpgan,"ClosestDistance(L_2, accuracy)",12435,1,-2.876733137894528,0,-2.8330780985335866
dpgan,"ClosestDistance(L_2, accuracy)",12435,0,-2.491807912106485,1,-2.8330780985335866
dpgan,"ClosestDistance(L_2, accuracy)",12435,1,-2.8453417506541854,0,-2.8330780985335866
dpgan,"ClosestDistance(L_2, accuracy)",12435,0,-2.858683010965612,0,-2.8330780985335866
dpgan,"ClosestDistance(L_2, accuracy)",12435,1,-2.862451696531315,0,-2.8330780985335866
dpgan,"ClosestDistance(L_2, accuracy)",12435,0,-2.8737201471332208,0,-2.8330780985335866
dpgan,"ClosestDistance(L_2, accuracy)",12435,1,-2.8683760797956284,0,-2.8330780985335866
dpgan,"ClosestDistance(L_2, accuracy)",12435,0,-2.6542908129844034,1,-2.8330780985335866
dpgan,"ClosestDistance(L_2, accuracy)",12435,1,-2.831826742081854,1,-2.8330780985335866
dpgan,"ClosestDistance(L_2, accuracy)",12435,0,-2.507694323671946,1,-2.8330780985335866
dpgan,"ClosestDistance(L_2, accuracy)",12435,1,-2.609125980325627,1,-2.8330780985335866
dpgan,"ClosestDistance(L_2, accuracy)",12435,0,-3.184645185491929,0,-2.8330780985335866
dpgan,"ClosestDistance(L_2, accuracy)",12435,1,-2.8687887050256218,0,-2.8330780985335866
dpgan,"ClosestDistance(L_2, accuracy)",12435,0,-2.614900750330169,1,-2.8330780985335866
dpgan,"ClosestDistance(L_2, accuracy)",12435,1,-2.6272437575886154,1,-2.8330780985335866
dpgan,"ClosestDistance(L_2, accuracy)",12435,0,-2.860072716526396,0,-2.8330780985335866
dpgan,"ClosestDistance(L_2, accuracy)",12435,1,-2.897330291441467,0,-2.8330780985335866
dpgan,"ClosestDistance(L_2, accuracy)",12435,0,-2.8714705133959075,0,-2.8330780985335866
dpgan,"ClosestDistance(L_2, accuracy)",12435,1,-2.661855310553662,1,-2.8330780985335866
dpgan,"ClosestDistance(L_2, accuracy)",12435,0,-2.4927689397846127,1,-2.8330780985335866
dpgan,"ClosestDistance(L_2, accuracy)",12435,1,-2.873896384019958,0,-2.8330780985335866
dpgan,"ClosestDistance(L_2, accuracy)",12435,0,-3.186539442831925,0,-2.8330780985335866
dpgan,"ClosestDistance(L_2, accuracy)",12435,1,-2.8575744573076953,0,-2.8330780985335866
dpgan,"ClosestDistance(L_2, accuracy)",12435,0,-2.868831680144129,0,-2.8330780985335866
dpgan,"ClosestDistance(L_2, accuracy)",12435,1,-3.1744371460698306,0,-2.8330780985335866
dpgan,"ClosestDistance(L_2, accuracy)",12435,0,-2.8557008367798233,0,-2.8330780985335866
dpgan,"ClosestDistance(L_2, accuracy)",12435,1,-2.510870927569082,1,-2.8330780985335866
dpgan,"ClosestDistance(L_2, accuracy)",12435,0,-2.225208024114694,1,-2.8330780985335866
dpgan,"ClosestDistance(L_2, accuracy)",12435,1,-2.8629962235539703,0,-2.8330780985335866
dpgan,"ClosestDistance(L_2, accuracy)",12435,0,-2.6414955508213263,1,-2.8330780985335866
dpgan,"ClosestDistance(L_2, accuracy)",12435,1,-2.4963970272477995,1,-2.8330780985335866
dpgan,"ClosestDistance(L_2, accuracy)",12435,0,-2.471767328077262,1,-2.8330780985335866
dpgan,"ClosestDistance(L_2, accuracy)",12435,1,-2.8807157549222158,0,-2.8330780985335866
dpgan,"ClosestDistance(L_2, accuracy)",12435,0,-2.8662171529055214,0,-2.8330780985335866
dpgan,"ClosestDistance(L_2, accuracy)",12435,1,-2.8804197599112196,0,-2.8330780985335866
dpgan,"ClosestDistance(L_2, accuracy)",12435,0,-2.511444489768516,1,-2.8330780985335866
dpgan,"ClosestDistance(L_2, accuracy)",12435,1,-2.8618654244098156,0,-2.8330780985335866
dpgan,"ClosestDistance(L_2, accuracy)",12435,0,-2.511657194541885,1,-2.8330780985335866
dpgan,"ClosestDistance(L_2, accuracy)",12435,1,-2.581187908114356,1,-2.8330780985335866
dpgan,"ClosestDistance(L_2, accuracy)",12435,0,-2.866116304007014,0,-2.8330780985335866
dpgan,"ClosestDistance(L_2, accuracy)",12435,1,-2.898666976033815,0,-2.8330780985335866
dpgan,"ClosestDistance(L_2, accuracy)",12435,0,-2.7017930485540953,1,-2.8330780985335866
dpgan,"ClosestDistance(L_2, accuracy)",12435,1,-2.852006384094644,0,-2.8330780985335866
dpgan,"ClosestDistance(L_2, accuracy)",12435,0,-2.4548600605239392,1,-2.8330780985335866
dpgan,"ClosestDistance(L_2, accuracy)",12435,1,-2.8575800777746685,0,-2.8330780985335866
dpgan,"ClosestDistance(L_2, accuracy)",12435,0,-2.837083471443073,0,-2.8330780985335866
dpgan,"ClosestDistance(L_2, accuracy)",12435,1,-2.8852151745082093,0,-2.8330780985335866
dpgan,"ClosestDistance(L_2, accuracy)",12435,0,-2.8765171997177448,0,-2.8330780985335866
dpgan,"ClosestDistance(L_2, accuracy)",12435,1,-2.48694957653618,1,-2.8330780985335866
dpgan,"ClosestDistance(L_2, accuracy)",12435,0,-2.880325546425201,0,-2.8330780985335866
dpgan,"ClosestDistance(L_2, accuracy)",12435,1,-3.175372964752942,0,-2.8330780985335866
dpgan,"ClosestDistance(L_2, accuracy)",12435,0,-2.906918156517966,0,-2.8330780985335866
dpgan,"ClosestDistance(L_2, accuracy)",12435,1,-2.503184855839601,1,-2.8330780985335866
dpgan,"ClosestDistance(L_2, accuracy)",12435,0,-2.6585119797475985,1,-2.8330780985335866
dpgan,"ClosestDistance(L_2, accuracy)",12435,1,-2.589834510158058,1,-2.8330780985335866
dpgan,"ClosestDistance(L_2, accuracy)",12435,0,-2.5675908177276394,1,-2.8330780985335866
dpgan,"ClosestDistance(L_2, accuracy)",12435,1,-2.558008500195786,1,-2.8330780985335866
dpgan,"ClosestDistance(L_2, accuracy)",12435,0,-2.646067588336506,1,-2.8330780985335866
dpgan,"ClosestDistance(L_2, accuracy)",12435,1,-3.171151426289177,0,-2.8330780985335866
dpgan,"ClosestDistance(L_2, accuracy)",12435,0,-2.916567082319926,0,-2.8330780985335866
dpgan,"ClosestDistance(L_2, accuracy)",12435,1,-2.4967723414802507,1,-2.8330780985335866
dpgan,"ClosestDistance(L_2, accuracy)",12435,0,-2.531902735793218,1,-2.8330780985335866
dpgan,"ClosestDistance(L_2, accuracy)",12435,1,-2.5453693080871576,1,-2.8330780985335866
dpgan,"ClosestDistance(L_2, accuracy)",12435,0,-2.8654234683171818,0,-2.8330780985335866
dpgan,"ClosestDistance(L_2, accuracy)",12435,1,-2.5827374679542596,1,-2.8330780985335866
dpgan,"ClosestDistance(L_2, accuracy)",12435,0,-3.062252696662131,0,-2.8330780985335866
dpgan,"ClosestDistance(L_2, accuracy)",12435,1,-2.488276182955922,1,-2.8330780985335866
dpgan,"ClosestDistance(L_2, accuracy)",12435,0,-2.537803868325559,1,-2.8330780985335866
dpgan,"ClosestDistance(L_2, accuracy)",12435,1,-2.537910265218512,1,-2.8330780985335866
dpgan,"ClosestDistance(L_2, accuracy)",12435,0,-2.834264855415702,0,-2.8330780985335866
dpgan,"ClosestDistance(L_2, accuracy)",12435,1,-2.4754182180579867,1,-2.8330780985335866
dpgan,"ClosestDistance(L_2, accuracy)",12435,0,-2.837247252967179,0,-2.8330780985335866
dpgan,"ClosestDistance(L_2, accuracy)",12435,1,-2.9305339447854144,0,-2.8330780985335866
dpgan,"ClosestDistance(L_2, accuracy)",12435,0,-2.520099004662575,1,-2.8330780985335866
dpgan,"ClosestDistance(L_2, accuracy)",12435,1,-2.5472779449932714,1,-2.8330780985335866
dpgan,"ClosestDistance(L_2, accuracy)",12435,0,-2.8423121117037704,0,-2.8330780985335866
dpgan,"ClosestDistance(L_2, accuracy)",12435,1,-2.5890391338331833,1,-2.8330780985335866
dpgan,"ClosestDistance(L_2, accuracy)",12435,0,-2.8495564137129366,0,-2.8330780985335866
dpgan,"ClosestDistance(L_2, accuracy)",12435,1,-2.8879300293209966,0,-2.8330780985335866
dpgan,"ClosestDistance(L_2, accuracy)",12435,0,-2.704921802501833,1,-2.8330780985335866
dpgan,"ClosestDistance(L_2, accuracy)",12435,1,-2.2001599631120685,1,-2.8330780985335866
dpgan,"ClosestDistance(L_2, accuracy)",12435,0,-2.529863002125416,1,-2.8330780985335866
dpgan,"ClosestDistance(L_2, accuracy)",12435,1,-2.9526801462506356,0,-2.8330780985335866
dpgan,"ClosestDistance(L_2, accuracy)",12435,0,-2.8753724050943505,0,-2.8330780985335866
dpgan,"ClosestDistance(L_2, accuracy)",12435,1,-2.9578080042843733,0,-2.8330780985335866
dpgan,"ClosestDistance(L_2, accuracy)",12435,0,-2.84721318312761,0,-2.8330780985335866
dpgan,"ClosestDistance(L_2, accuracy)",12435,1,-2.9188991447111854,0,-2.8330780985335866
dpgan,"ClosestDistance(L_2, accuracy)",12435,0,-3.1780348097459625,0,-2.8330780985335866
dpgan,"ClosestDistance(L_2, accuracy)",12435,1,-2.5623064256005854,1,-2.8330780985335866
dpgan,"ClosestDistance(L_2, accuracy)",12435,0,-2.8770955251683077,0,-2.8330780985335866
dpgan,"ClosestDistance(L_2, accuracy)",12435,1,-2.4621273668601487,1,-2.8330780985335866
dpgan,"ClosestDistance(L_2, accuracy)",12435,0,-2.87699584654109,0,-2.8330780985335866
dpgan,"ClosestDistance(L_2, accuracy)",12435,1,-2.4686549422126887,1,-2.8330780985335866
dpgan,"ClosestDistance(L_2, accuracy)",12435,0,-2.8614298976786228,0,-2.8330780985335866
dpgan,"ClosestDistance(L_2, accuracy)",12435,1,-2.8695362960279978,0,-2.8330780985335866
dpgan,"ClosestDistance(L_2, accuracy)",12435,0,-2.8366307556914303,0,-2.8330780985335866
dpgan,"ClosestDistance(L_2, accuracy)",12435,1,-2.55743460030194,1,-2.8330780985335866
dpgan,"ClosestDistance(L_2, accuracy)",12435,0,-2.893981750490884,0,-2.8330780985335866
dpgan,"ClosestDistance(L_2, accuracy)",12435,1,-2.498746217530988,1,-2.8330780985335866
dpgan,"ClosestDistance(L_2, accuracy)",12435,0,-2.860049217191049,0,-2.8330780985335866
dpgan,"ClosestDistance(L_2, accuracy)",12435,1,-2.5750958645065607,1,-2.8330780985335866
dpgan,"ClosestDistance(L_2, accuracy)",12435,0,-2.469771183986003,1,-2.8330780985335866
dpgan,"ClosestDistance(L_2, accuracy)",12435,1,-2.5723178604156467,1,-2.8330780985335866
dpgan,"ClosestDistance(L_2, accuracy)",12435,0,-2.860263756584754,0,-2.8330780985335866
dpgan,"ClosestDistance(L_2, accuracy)",12435,1,-2.527094892768268,1,-2.8330780985335866
dpgan,"ClosestDistance(L_2, accuracy)",12435,0,-2.8291891784666165,1,-2.8330780985335866
dpgan,"ClosestDistance(L_2, accuracy)",12435,1,-2.9547779360097906,0,-2.8330780985335866
dpgan,"ClosestDistance(L_2, accuracy)",12435,0,-2.9159269319469656,0,-2.8330780985335866
dpgan,"ClosestDistance(L_2, accuracy)",12435,1,-2.5260694677723827,1,-2.8330780985335866
dpgan,"ClosestDistance(L_2, accuracy)",12435,0,-2.54681564938227,1,-2.8330780985335866
dpgan,"ClosestDistance(L_2, accuracy)",12435,1,-2.557702479723892,1,-2.8330780985335866
dpgan,"ClosestDistance(L_2, accuracy)",12435,0,-2.8342799164188217,0,-2.8330780985335866
dpgan,"ClosestDistance(L_2, accuracy)",12435,1,-2.850505365395504,0,-2.8330780985335866
dpgan,"ClosestDistance(L_2, accuracy)",12435,0,-2.501282964882398,1,-2.8330780985335866
dpgan,"ClosestDistance(L_2, accuracy)",12435,1,-2.485538875949607,1,-2.8330780985335866
dpgan,"ClosestDistance(L_2, accuracy)",12435,0,-2.498197771735093,1,-2.8330780985335866
dpgan,"ClosestDistance(L_2, accuracy)",12435,1,-2.8445398646170594,0,-2.8330780985335866
dpgan,"ClosestDistance(L_2, accuracy)",12435,0,-2.9523717429319154,0,-2.8330780985335866
dpgan,"ClosestDistance(L_2, accuracy)",12435,1,-2.9205060481224066,0,-2.8330780985335866
dpgan,"ClosestDistance(L_2, accuracy)",12435,0,-2.834284534983497,0,-2.8330780985335866
dpgan,"ClosestDistance(L_2, accuracy)",12435,1,-2.5256593983308853,1,-2.8330780985335866
dpgan,"ClosestDistance(L_2, accuracy)",12435,0,-2.9013281114081915,0,-2.8330780985335866
dpgan,"ClosestDistance(L_2, accuracy)",12435,1,-2.4841128551242146,1,-2.8330780985335866
dpgan,"ClosestDistance(L_2, accuracy)",12435,0,-2.50993656204547,1,-2.8330780985335866
dpgan,"ClosestDistance(L_2, accuracy)",12435,1,-2.5185166441470144,1,-2.8330780985335866
dpgan,"ClosestDistance(L_2, accuracy)",12435,0,-2.5683771890529425,1,-2.8330780985335866
dpgan,"ClosestDistance(L_2, accuracy)",12435,1,-2.5611172449404966,1,-2.8330780985335866
dpgan,"ClosestDistance(L_2, accuracy)",12435,0,-2.878541787496917,0,-2.8330780985335866
dpgan,"ClosestDistance(L_2, accuracy)",12435,1,-2.8385314331344036,0,-2.8330780985335866
dpgan,"ClosestDistance(L_2, accuracy)",12435,0,-2.9194588397571106,0,-2.8330780985335866
dpgan,"ClosestDistance(L_2, accuracy)",12435,1,-2.856280033040789,0,-2.8330780985335866
dpgan,"ClosestDistance(L_2, accuracy)",12435,0,-2.8633575684739325,0,-2.8330780985335866
