generator,attack,target_id,ground_truth,raw_score,binary_prediction,threshold
bayesian_network,Groundhog,12435,1,0.44,0,0.5
bayesian_network,Groundhog,12435,0,0.52,1,0.5
bayesian_network,Groundhog,12435,1,0.61,1,0.5
bayesian_network,Groundhog,12435,0,0.59,1,0.5
bayesian_network,Groundhog,12435,1,0.62,1,0.5
bayesian_network,Groundhog,12435,0,0.5,0,0.5
bayesian_network,Groundhog,12435,1,0.45,0,0.5
bayesian_network,Groundhog,12435,0,0.51,1,0.5
bayesian_network,Groundhog,12435,1,0.55,1,0.5
bayesian_network,Groundhog,12435,0,0.47,0,0.5
bayesian_network,Groundhog,12435,1,0.53,1,0.5
bayesian_network,Groundhog,12435,0,0.48,0,0.5
bayesian_network,Groundhog,12435,1,0.53,1,0.5
bayesian_network,Groundhog,12435,0,0.37,0,0.5
bayesian_network,Groundhog,12435,1,0.47,0,0.5
bayesian_network,Groundhog,12435,0,0.5,0,0.5
bayesian_network,Groundhog,12435,1,0.56,1,0.5
bayesian_network,Groundhog,12435,0,0.54,1,0.5
bayesian_network,Groundhog,12435,1,0.45,0,0.5
bayesian_network,Groundhog,12435,0,0.53,1,0.5
bayesian_network,Groundhog,12435,1,0.51,1,0.5
bayesian_network,Groundhog,12435,0,0.47,0,0.5
bayesian_network,Groundhog,12435,1,0.46,0,0.5
bayesian_network,Groundhog,12435,0,0.55,1,0.5
bayesian_network,Groundhog,12435,1,0.52,1,0.5
bayesian_network,Groundhog,12435,0,0.46,0,0.5
bayesian_network,Groundhog,12435,1,0.65,1,0.5
bayesian_network,Groundhog,12435,0,0.49,0,0.5
bayesian_network,Groundhog,12435,1,0.54,1,0.5
bayesian_network,Groundhog,12435,0,0.5,0,0.5
bayesian_network,Groundhog,12435,1,0.46,0,0.5
bayesian_network,Groundhog,12435,0,0.52,1,0.5
bayesian_network,Groundhog,12435,1,0.48,0,0.5
bayesian_network,Groundhog,12435,0,0.49,0,0.5
bayesian_network,Groundhog,12435,1,0.51,1,0.5
bayesian_network,Groundhog,12435,0,0.54,1,0.5
bayesian_network,Groundhog,12435,1,0.57,1,0.5
bayesian_network,Groundhog,12435,0,0.54,1,0.5
bayesian_network,Groundhog,12435,1,0.51,1,0.5
bayesian_network,Groundhog,12435,0,0.53,1,0.5
bayesian_network,Groundhog,12435,1,0.53,1,0.5
bayesian_network,Groundhog,12435,0,0.52,1,0.5
bayesian_network,Groundhog,12435,1,0.45,0,0.5
bayesian_network,Groundhog,12435,0,0.49,0,0.5
bayesian_network,Groundhog,12435,1,0.47,0,0.5
bayesian_network,Groundhog,12435,0,0.54,1,0.5
bayesian_network,Groundhog,12435,1,0.55,1,0.5
bayesian_network,Groundhog,12435,0,0.37,0,0.5
bayesian_network,Groundhog,12435,1,0.54,1,0.5
bayesian_network,Groundhog,12435,0,0.46,0,0.5
bayesian_network,Groundhog,12435,1,0.45,0,0.5
bayesian_network,Groundhog,12435,0,0.48,0,0.5
bayesian_network,Groundhog,12435,1,0.53,1,0.5
bayesian_network,Groundhog,12435,0,0.52,1,0.5
bayesian_network,Groundhog,12435,1,0.56,1,0.5
bayesian_network,Groundhog,12435,0,0.41,0,0.5
bayesian_network,Groundhog,12435,1,0.4,0,0.5
bayesian_network,Groundhog,12435,0,0.63,1,0.5
bayesian_network,Groundhog,12435,1,0.6,1,0.5
bayesian_network,Groundhog,12435,0,0.51,1,0.5
bayesian_network,Groundhog,12435,1,0.48,0,0.5
bayesian_network,Groundhog,12435,0,0.43,0,0.5
bayesian_network,Groundhog,12435,1,0.55,1,0.5
bayesian_network,Groundhog,12435,0,0.42,0,0.5
bayesian_network,Groundhog,12435,1,0.66,1,0.5
bayesian_network,Groundhog,12435,0,0.46,0,0.5
bayesian_network,Groundhog,12435,1,0.51,1,0.5
bayesian_network,Groundhog,12435,0,0.48,0,0.5
bayesian_network,Groundhog,12435,1,0.54,1,0.5
bayesian_network,Groundhog,12435,0,0.64,1,0.5
bayesian_network,Groundhog,12435,1,0.47,0,0.5
bayesian_network,Groundhog,12435,0,0.49,0,0.5
bayesian_network,Groundhog,12435,1,0.59,1,0.5
bayesian_network,Groundhog,12435,0,0.43,0,0.5
bayesian_network,Groundhog,12435,1,0.46,0,0.5
bayesian_network,Groundhog,12435,0,0.47,0,0.5
bayesian_network,Groundhog,12435,1,0.42,0,0.5
bayesian_network,Groundhog,12435,0,0.64,1,0.5
bayesian_network,Groundhog,12435,1,0.5,0,0.5
bayesian_network,Groundhog,12435,0,0.42,0,0.5
bayesian_network,Groundhog,12435,1,0.47,0,0.5
bayesian_network,Groundhog,12435,0,0.41,0,0.5
bayesian_network,Groundhog,12435,1,0.51,1,0.5
bayesian_network,Groundhog,12435,0,0.54,1,0.5
bayesian_network,Groundhog,12435,1,0.46,0,0.5
bayesian_network,Groundhog,12435,0,0.54,1,0.5
bayesian_network,Groundhog,12435,1,0.49,0,0.5
bayesian_network,Groundhog,12435,0,0.63,1,0.5
bayesian_network,Groundhog,12435,1,0.46,0,0.5
bayesian_network,Groundhog,12435,0,0.47,0,0.5
bayesian_network,Groundhog,12435,1,0.62,1,0.5
bayesian_network,Groundhog,12435,0,0.58,1,0.5
bayesian_network,Groundhog,12435,1,0.45,0,0.5
bayesian_network,Groundhog,12435,0,0.5,0,0.5
bayesian_network,Groundhog,12435,1,0.56,1,0.5
bayesian_network,Groundhog,12435,0,0.36,0,0.5
bayesian_network,Groundhog,12435,1,0.44,0,0.5
bayesian_network,Groundhog,12435,0,0.47,0,0.5
bayesian_network,Groundhog,12435,1,0.52,1,0.5
bayesian_network,Groundhog,12435,0,0.56,1,0.5
bayesian_network,Groundhog,12435,1,0.48,0,0.5
bayesian_network,Groundhog,12435,0,0.48,0,0.5
bayesian_network,Groundhog,12435,1,0.54,1,0.5
bayesian_network,Groundhog,12435,0,0.58,1,0.5
bayesian_network,Groundhog,12435,1,0.53,1,0.5
bayesian_network,Groundhog,12435,0,0.5,0,0.5
bayesian_network,Groundhog,12435,1,0.59,1,0.5
bayesian_network,Groundhog,12435,0,0.47,0,0.5
bayesian_network,Groundhog,12435,1,0.49,0,0.5
bayesian_network,Groundhog,12435,0,0.45,0,0.5
bayesian_network,Groundhog,12435,1,0.5,0,0.5
bayesian_network,Groundhog,12435,0,0.47,0,0.5
bayesian_network,Groundhog,12435,1,0.62,1,0.5
bayesian_network,Groundhog,12435,0,0.55,1,0.5
bayesian_network,Groundhog,12435,1,0.53,1,0.5
bayesian_network,Groundhog,12435,0,0.57,1,0.5
bayesian_network,Groundhog,12435,1,0.48,0,0.5
bayesian_network,Groundhog,12435,0,0.49,0,0.5
bayesian_network,Groundhog,12435,1,0.47,0,0.5
bayesian_network,Groundhog,12435,0,0.48,0,0.5
bayesian_network,Groundhog,12435,1,0.61,1,0.5
bayesian_network,Groundhog,12435,0,0.43,0,0.5
bayesian_network,Groundhog,12435,1,0.45,0,0.5
bayesian_network,Groundhog,12435,0,0.55,1,0.5
bayesian_network,Groundhog,12435,1,0.51,1,0.5
bayesian_network,Groundhog,12435,0,0.59,1,0.5
bayesian_network,Groundhog,12435,1,0.54,1,0.5
bayesian_network,Groundhog,12435,0,0.62,1,0.5
bayesian_network,Groundhog,12435,1,0.5,0,0.5
bayesian_network,Groundhog,12435,0,0.38,0,0.5
bayesian_network,Groundhog,12435,1,0.56,1,0.5
bayesian_network,Groundhog,12435,0,0.55,1,0.5
bayesian_network,Groundhog,12435,1,0.58,1,0.5
bayesian_network,Groundhog,12435,0,0.52,1,0.5
bayesian_network,Groundhog,12435,1,0.61,1,0.5
bayesian_network,Groundhog,12435,0,0.52,1,0.5
bayesian_network,Groundhog,12435,1,0.58,1,0.5
bayesian_network,Groundhog,12435,0,0.47,0,0.5
bayesian_network,Groundhog,12435,1,0.46,0,0.5
bayesian_network,Groundhog,12435,0,0.56,1,0.5
bayesian_network,Groundhog,12435,1,0.43,0,0.5
bayesian_network,Groundhog,12435,0,0.52,1,0.5
bayesian_network,Groundhog,12435,1,0.53,1,0.5
bayesian_network,Groundhog,12435,0,0.46,0,0.5
bayesian_network,Groundhog,12435,1,0.47,0,0.5
bayesian_network,Groundhog,12435,0,0.54,1,0.5
bayesian_network,Groundhog,12435,1,0.47,0,0.5
bayesian_network,Groundhog,12435,0,0.51,1,0.5
bayesian_network,Groundhog,12435,1,0.6,1,0.5
bayesian_network,Groundhog,12435,0,0.54,1,0.5
bayesian_network,Groundhog,12435,1,0.56,1,0.5
bayesian_network,Groundhog,12435,0,0.47,0,0.5
bayesian_network,Groundhog,12435,1,0.56,1,0.5
bayesian_network,Groundhog,12435,0,0.44,0,0.5
bayesian_network,Groundhog,12435,1,0.53,1,0.5
bayesian_network,Groundhog,12435,0,0.42,0,0.5
bayesian_network,Groundhog,12435,1,0.57,1,0.5
bayesian_network,Groundhog,12435,0,0.46,0,0.5
bayesian_network,Groundhog,12435,1,0.47,0,0.5
bayesian_network,Groundhog,12435,0,0.61,1,0.5
bayesian_network,Groundhog,12435,1,0.61,1,0.5
bayesian_network,Groundhog,12435,0,0.59,1,0.5
bayesian_network,Groundhog,12435,1,0.47,0,0.5
bayesian_network,Groundhog,12435,0,0.65,1,0.5
bayesian_network,Groundhog,12435,1,0.54,1,0.5
bayesian_network,Groundhog,12435,0,0.51,1,0.5
bayesian_network,Groundhog,12435,1,0.54,1,0.5
bayesian_network,Groundhog,12435,0,0.47,0,0.5
bayesian_network,Groundhog,12435,1,0.41,0,0.5
bayesian_network,Groundhog,12435,0,0.52,1,0.5
bayesian_network,Groundhog,12435,1,0.52,1,0.5
bayesian_network,Groundhog,12435,0,0.59,1,0.5
bayesian_network,Groundhog,12435,1,0.6,1,0.5
bayesian_network,Groundhog,12435,0,0.59,1,0.5
bayesian_network,Groundhog,12435,1,0.44,0,0.5
bayesian_network,Groundhog,12435,0,0.53,1,0.5
bayesian_network,Groundhog,12435,1,0.48,0,0.5
bayesian_network,Groundhog,12435,0,0.45,0,0.5
bayesian_network,Groundhog,12435,1,0.42,0,0.5
bayesian_network,Groundhog,12435,0,0.59,1,0.5
bayesian_network,Groundhog,12435,1,0.56,1,0.5
bayesian_network,Groundhog,12435,0,0.52,1,0.5
bayesian_network,Groundhog,12435,1,0.5,0,0.5
bayesian_network,Groundhog,12435,0,0.5,0,0.5
bayesian_network,Groundhog,12435,1,0.51,1,0.5
bayesian_network,Groundhog,12435,0,0.5,0,0.5
bayesian_network,Groundhog,12435,1,0.5,0,0.5
bayesian_network,Groundhog,12435,0,0.5,0,0.5
bayesian_network,Groundhog,12435,1,0.59,1,0.5
bayesian_network,Groundhog,12435,0,0.49,0,0.5
bayesian_network,Groundhog,12435,1,0.53,1,0.5
bayesian_network,Groundhog,12435,0,0.42,0,0.5
bayesian_network,Groundhog,12435,1,0.51,1,0.5
bayesian_network,Groundhog,12435,0,0.48,0,0.5
bayesian_network,Groundhog,12435,1,0.45,0,0.5
bayesian_network,Groundhog,12435,0,0.59,1,0.5
bayesian_network,Groundhog,12435,1,0.58,1,0.5
bayesian_network,Groundhog,12435,0,0.53,1,0.5
bayesian_network,Groundhog,12435,1,0.47,0,0.5
bayesian_network,Groundhog,12435,0,0.55,1,0.5
bayesian_network,Groundhog,12435,1,0.47,0,0.5
bayesian_network,Groundhog,12435,0,0.58,1,0.5
bayesian_network,Groundhog,12435,1,0.44,0,0.5
bayesian_network,Groundhog,12435,0,0.53,1,0.5
bayesian_network,Groundhog,12435,1,0.51,1,0.5
bayesian_network,Groundhog,12435,0,0.43,0,0.5
bayesian_network,Groundhog,12435,1,0.48,0,0.5
bayesian_network,Groundhog,12435,0,0.66,1,0.5
bayesian_network,Groundhog,12435,1,0.37,0,0.5
bayesian_network,Groundhog,12435,0,0.54,1,0.5
bayesian_network,Groundhog,12435,1,0.66,1,0.5
bayesian_network,Groundhog,12435,0,0.47,0,0.5
bayesian_network,Groundhog,12435,1,0.52,1,0.5
bayesian_network,Groundhog,12435,0,0.55,1,0.5
bayesian_network,Groundhog,12435,1,0.52,1,0.5
bayesian_network,Groundhog,12435,0,0.51,1,0.5
bayesian_network,Groundhog,12435,1,0.6,1,0.5
bayesian_network,Groundhog,12435,0,0.55,1,0.5
bayesian_network,Groundhog,12435,1,0.49,0,0.5
bayesian_network,Groundhog,12435,0,0.43,0,0.5
bayesian_network,Groundhog,12435,1,0.55,1,0.5
bayesian_network,Groundhog,12435,0,0.44,0,0.5
bayesian_network,Groundhog,12435,1,0.49,0,0.5
bayesian_network,Groundhog,12435,0,0.53,1,0.5
bayesian_network,Groundhog,12435,1,0.54,1,0.5
bayesian_network,Groundhog,12435,0,0.47,0,0.5
bayesian_network,Groundhog,12435,1,0.45,0,0.5
bayesian_network,Groundhog,12435,0,0.49,0,0.5
bayesian_network,Groundhog,12435,1,0.47,0,0.5
bayesian_network,Groundhog,12435,0,0.54,1,0.5
bayesian_network,Groundhog,12435,1,0.57,1,0.5
bayesian_network,Groundhog,12435,0,0.48,0,0.5
bayesian_network,Groundhog,12435,1,0.58,1,0.5
bayesian_network,Groundhog,12435,0,0.58,1,0.5
bayesian_network,Groundhog,12435,1,0.52,1,0.5
bayesian_network,Groundhog,12435,0,0.53,1,0.5
bayesian_network,Groundhog,12435,1,0.44,0,0.5
bayesian_network,Groundhog,12435,0,0.43,0,0.5
bayesian_network,Groundhog,12435,1,0.47,0,0.5
bayesian_network,Groundhog,12435,0,0.62,1,0.5
bayesian_network,Groundhog,12435,1,0.42,0,0.5
bayesian_network,Groundhog,12435,0,0.56,1,0.5
bayesian_network,Groundhog,12435,1,0.49,0,0.5
bayesian_network,Groundhog,12435,0,0.53,1,0.5
bayesian_network,Groundhog,12435,1,0.53,1,0.5
bayesian_network,Groundhog,12435,0,0.54,1,0.5
bayesian_network,Groundhog,12435,1,0.59,1,0.5
bayesian_network,Groundhog,12435,0,0.54,1,0.5
bayesian_network,Groundhog,12435,1,0.61,1,0.5
bayesian_network,Groundhog,12435,0,0.44,0,0.5
bayesian_network,Groundhog,12435,1,0.58,1,0.5
bayesian_network,Groundhog,12435,0,0.53,1,0.5
bayesian_network,Groundhog,12435,1,0.59,1,0.5
bayesian_network,Groundhog,12435,0,0.52,1,0.5
bayesian_network,Groundhog,12435,1,0.47,0,0.5
bayesian_network,Groundhog,12435,0,0.53,1,0.5
bayesian_network,Groundhog,12435,1,0.6,1,0.5
bayesian_network,Groundhog,12435,0,0.5,0,0.5
bayesian_network,Groundhog,12435,1,0.57,1,0.5
bayesian_network,Groundhog,12435,0,0.5,0,0.5
bayesian_network,Groundhog,12435,1,0.6,1,0.5
bayesian_network,Groundhog,12435,0,0.52,1,0.5
bayesian_network,Groundhog,12435,1,0.58,1,0.5
bayesian_network,Groundhog,12435,0,0.64,1,0.5
bayesian_network,Groundhog,12435,1,0.59,1,0.5
bayesian_network,Groundhog,12435,0,0.48,0,0.5
bayesian_network,Groundhog,12435,1,0.56,1,0.5
bayesian_network,Groundhog,12435,0,0.48,0,0.5
bayesian_network,Groundhog,12435,1,0.46,0,0.5
bayesian_network,Groundhog,12435,0,0.59,1,0.5
bayesian_network,Groundhog,12435,1,0.55,1,0.5
bayesian_network,Groundhog,12435,0,0.4,0,0.5
bayesian_network,Groundhog,12435,1,0.6,1,0.5
bayesian_network,Groundhog,12435,0,0.44,0,0.5
bayesian_network,Groundhog,12435,1,0.47,0,0.5
bayesian_network,Groundhog,12435,0,0.63,1,0.5
bayesian_network,Groundhog,12435,1,0.51,1,0.5
bayesian_network,Groundhog,12435,0,0.37,0,0.5
bayesian_network,Groundhog,12435,1,0.43,0,0.5
bayesian_network,Groundhog,12435,0,0.44,0,0.5
bayesian_network,Groundhog,12435,1,0.62,1,0.5
bayesian_network,Groundhog,12435,0,0.49,0,0.5
bayesian_network,Groundhog,12435,1,0.52,1,0.5
bayesian_network,Groundhog,12435,0,0.51,1,0.5
bayesian_network,Groundhog,12435,1,0.6,1,0.5
bayesian_network,Groundhog,12435,0,0.35,0,0.5
bayesian_network,Groundhog,12435,1,0.54,1,0.5
bayesian_network,Groundhog,12435,0,0.44,0,0.5
bayesian_network,Groundhog,12435,1,0.56,1,0.5
bayesian_network,Groundhog,12435,0,0.56,1,0.5
bayesian_network,Groundhog,12435,1,0.47,0,0.5
bayesian_network,Groundhog,12435,0,0.53,1,0.5
bayesian_network,Groundhog,12435,1,0.62,1,0.5
bayesian_network,Groundhog,12435,0,0.62,1,0.5
bayesian_network,Groundhog,12435,1,0.46,0,0.5
bayesian_network,Groundhog,12435,0,0.45,0,0.5
bayesian_network,Groundhog,12435,1,0.37,0,0.5
bayesian_network,Groundhog,12435,0,0.46,0,0.5
bayesian_network,Groundhog,12435,1,0.56,1,0.5
bayesian_network,Groundhog,12435,0,0.52,1,0.5
bayesian_network,Groundhog,12435,1,0.63,1,0.5
bayesian_network,Groundhog,12435,0,0.51,1,0.5
bayesian_network,Groundhog,12435,1,0.5,0,0.5
bayesian_network,Groundhog,12435,0,0.52,1,0.5
bayesian_network,Groundhog,12435,1,0.45,0,0.5
bayesian_network,Groundhog,12435,0,0.5,0,0.5
bayesian_network,Groundhog,12435,1,0.47,0,0.5
bayesian_network,Groundhog,12435,0,0.59,1,0.5
bayesian_network,Groundhog,12435,1,0.47,0,0.5
bayesian_network,Groundhog,12435,0,0.5,0,0.5
bayesian_network,Groundhog,12435,1,0.6,1,0.5
bayesian_network,Groundhog,12435,0,0.42,0,0.5
bayesian_network,Groundhog,12435,1,0.56,1,0.5
bayesian_network,Groundhog,12435,0,0.54,1,0.5
bayesian_network,Groundhog,12435,1,0.63,1,0.5
bayesian_network,Groundhog,12435,0,0.54,1,0.5
bayesian_network,Groundhog,12435,1,0.53,1,0.5
bayesian_network,Groundhog,12435,0,0.5,0,0.5
bayesian_network,Groundhog,12435,1,0.51,1,0.5
bayesian_network,Groundhog,12435,0,0.58,1,0.5
bayesian_network,Groundhog,12435,1,0.51,1,0.5
bayesian_network,Groundhog,12435,0,0.48,0,0.5
bayesian_network,Groundhog,12435,1,0.59,1,0.5
bayesian_network,Groundhog,12435,0,0.48,0,0.5
bayesian_network,Groundhog,12435,1,0.66,1,0.5
bayesian_network,Groundhog,12435,0,0.55,1,0.5
bayesian_network,Groundhog,12435,1,0.59,1,0.5
bayesian_network,Groundhog,12435,0,0.43,0,0.5
bayesian_network,Groundhog,12435,1,0.52,1,0.5
bayesian_network,Groundhog,12435,0,0.58,1,0.5
bayesian_network,Groundhog,12435,1,0.55,1,0.5
bayesian_network,Groundhog,12435,0,0.52,1,0.5
bayesian_network,Groundhog,12435,1,0.6,1,0.5
bayesian_network,Groundhog,12435,0,0.43,0,0.5
bayesian_network,Groundhog,12435,1,0.6,1,0.5
bayesian_network,Groundhog,12435,0,0.47,0,0.5
bayesian_network,Groundhog,12435,1,0.44,0,0.5
bayesian_network,Groundhog,12435,0,0.55,1,0.5
bayesian_network,Groundhog,12435,1,0.53,1,0.5
bayesian_network,Groundhog,12435,0,0.57,1,0.5
bayesian_network,Groundhog,12435,1,0.44,0,0.5
bayesian_network,Groundhog,12435,0,0.61,1,0.5
bayesian_network,Groundhog,12435,1,0.56,1,0.5
bayesian_network,Groundhog,12435,0,0.52,1,0.5
bayesian_network,Groundhog,12435,1,0.56,1,0.5
bayesian_network,Groundhog,12435,0,0.45,0,0.5
bayesian_network,Groundhog,12435,1,0.45,0,0.5
bayesian_network,Groundhog,12435,0,0.5,0,0.5
bayesian_network,Groundhog,12435,1,0.55,1,0.5
bayesian_network,Groundhog,12435,0,0.55,1,0.5
bayesian_network,Groundhog,12435,1,0.43,0,0.5
bayesian_network,Groundhog,12435,0,0.43,0,0.5
bayesian_network,Groundhog,12435,1,0.65,1,0.5
bayesian_network,Groundhog,12435,0,0.47,0,0.5
bayesian_network,Groundhog,12435,1,0.56,1,0.5
bayesian_network,Groundhog,12435,0,0.51,1,0.5
bayesian_network,Groundhog,12435,1,0.54,1,0.5
bayesian_network,Groundhog,12435,0,0.48,0,0.5
bayesian_network,Groundhog,12435,1,0.46,0,0.5
bayesian_network,Groundhog,12435,0,0.59,1,0.5
bayesian_network,Groundhog,12435,1,0.57,1,0.5
bayesian_network,Groundhog,12435,0,0.61,1,0.5
bayesian_network,Groundhog,12435,1,0.47,0,0.5
bayesian_network,Groundhog,12435,0,0.57,1,0.5
bayesian_network,Groundhog,12435,1,0.46,0,0.5
bayesian_network,Groundhog,12435,0,0.5,0,0.5
bayesian_network,Groundhog,12435,1,0.58,1,0.5
bayesian_network,Groundhog,12435,0,0.47,0,0.5
bayesian_network,Groundhog,12435,1,0.48,0,0.5
bayesian_network,Groundhog,12435,0,0.58,1,0.5
bayesian_network,Groundhog,12435,1,0.56,1,0.5
bayesian_network,Groundhog,12435,0,0.53,1,0.5
bayesian_network,Groundhog,12435,1,0.51,1,0.5
bayesian_network,Groundhog,12435,0,0.46,0,0.5
bayesian_network,Groundhog,12435,1,0.58,1,0.5
bayesian_network,Groundhog,12435,0,0.61,1,0.5
bayesian_network,Groundhog,12435,1,0.54,1,0.5
bayesian_network,Groundhog,12435,0,0.53,1,0.5
bayesian_network,Groundhog,12435,1,0.49,0,0.5
bayesian_network,Groundhog,12435,0,0.56,1,0.5
bayesian_network,Groundhog,12435,1,0.58,1,0.5
bayesian_network,Groundhog,12435,0,0.5,0,0.5
bayesian_network,Groundhog,12435,1,0.52,1,0.5
bayesian_network,Groundhog,12435,0,0.59,1,0.5
bayesian_network,Groundhog,12435,1,0.5,0,0.5
bayesian_network,Groundhog,12435,0,0.47,0,0.5
bayesian_network,Groundhog,12435,1,0.47,0,0.5
bayesian_network,Groundhog,12435,0,0.55,1,0.5
bayesian_network,Groundhog,12435,1,0.52,1,0.5
bayesian_network,Groundhog,12435,0,0.44,0,0.5
bayesian_network,Groundhog,12435,1,0.44,0,0.5
bayesian_network,Groundhog,12435,0,0.44,0,0.5
bayesian_network,Groundhog,12435,1,0.61,1,0.5
bayesian_network,Groundhog,12435,0,0.47,0,0.5
bayesian_network,Groundhog,12435,1,0.54,1,0.5
bayesian_network,Groundhog,12435,0,0.57,1,0.5
bayesian_network,Groundhog,12435,1,0.52,1,0.5
bayesian_network,Groundhog,12435,0,0.57,1,0.5
bayesian_network,Groundhog,12435,1,0.53,1,0.5
bayesian_network,Groundhog,12435,0,0.49,0,0.5
bayesian_network,Groundhog,12435,1,0.5,0,0.5
bayesian_network,Groundhog,12435,0,0.54,1,0.5
bayesian_network,Groundhog,12435,1,0.46,0,0.5
bayesian_network,Groundhog,12435,0,0.54,1,0.5
bayesian_network,Groundhog,12435,1,0.5,0,0.5
bayesian_network,Groundhog,12435,0,0.42,0,0.5
bayesian_network,Groundhog,12435,1,0.5,0,0.5
bayesian_network,Groundhog,12435,0,0.5,0,0.5
bayesian_network,Groundhog,12435,1,0.55,1,0.5
bayesian_network,Groundhog,12435,0,0.45,0,0.5
bayesian_network,Groundhog,12435,1,0.5,0,0.5
bayesian_network,Groundhog,12435,0,0.55,1,0.5
bayesian_network,Groundhog,12435,1,0.51,1,0.5
bayesian_network,Groundhog,12435,0,0.45,0,0.5
bayesian_network,Groundhog,12435,1,0.6,1,0.5
bayesian_network,Groundhog,12435,0,0.52,1,0.5
bayesian_network,Groundhog,12435,1,0.57,1,0.5
bayesian_network,Groundhog,12435,0,0.55,1,0.5
bayesian_network,Groundhog,12435,1,0.52,1,0.5
bayesian_network,Groundhog,12435,0,0.63,1,0.5
bayesian_network,Groundhog,12435,1,0.49,0,0.5
bayesian_network,Groundhog,12435,0,0.56,1,0.5
bayesian_network,Groundhog,12435,1,0.53,1,0.5
bayesian_network,Groundhog,12435,0,0.48,0,0.5
bayesian_network,Groundhog,12435,1,0.54,1,0.5
bayesian_network,Groundhog,12435,0,0.52,1,0.5
bayesian_network,Groundhog,12435,1,0.46,0,0.5
bayesian_network,Groundhog,12435,0,0.45,0,0.5
bayesian_network,Groundhog,12435,1,0.47,0,0.5
bayesian_network,Groundhog,12435,0,0.44,0,0.5
bayesian_network,Groundhog,12435,1,0.51,1,0.5
bayesian_network,Groundhog,12435,0,0.43,0,0.5
bayesian_network,Groundhog,12435,1,0.45,0,0.5
bayesian_network,Groundhog,12435,0,0.5,0,0.5
bayesian_network,Groundhog,12435,1,0.34,0,0.5
bayesian_network,Groundhog,12435,0,0.49,0,0.5
bayesian_network,Groundhog,12435,1,0.43,0,0.5
bayesian_network,Groundhog,12435,0,0.57,1,0.5
bayesian_network,Groundhog,12435,1,0.5,0,0.5
bayesian_network,Groundhog,12435,0,0.53,1,0.5
bayesian_network,Groundhog,12435,1,0.6,1,0.5
bayesian_network,Groundhog,12435,0,0.53,1,0.5
bayesian_network,Groundhog,12435,1,0.61,1,0.5
bayesian_network,Groundhog,12435,0,0.55,1,0.5
bayesian_network,Groundhog,12435,1,0.54,1,0.5
bayesian_network,Groundhog,12435,0,0.47,0,0.5
bayesian_network,Groundhog,12435,1,0.5,0,0.5
bayesian_network,Groundhog,12435,0,0.5,0,0.5
bayesian_network,Groundhog,12435,1,0.45,0,0.5
bayesian_network,Groundhog,12435,0,0.53,1,0.5
bayesian_network,Groundhog,12435,1,0.53,1,0.5
bayesian_network,Groundhog,12435,0,0.45,0,0.5
bayesian_network,Groundhog,12435,1,0.54,1,0.5
bayesian_network,Groundhog,12435,0,0.5,0,0.5
bayesian_network,Groundhog,12435,1,0.51,1,0.5
bayesian_network,Groundhog,12435,0,0.6,1,0.5
bayesian_network,Groundhog,12435,1,0.49,0,0.5
bayesian_network,Groundhog,12435,0,0.58,1,0.5
bayesian_network,Groundhog,12435,1,0.47,0,0.5
bayesian_network,Groundhog,12435,0,0.56,1,0.5
bayesian_network,Groundhog,12435,1,0.55,1,0.5
bayesian_network,Groundhog,12435,0,0.51,1,0.5
bayesian_network,Groundhog,12435,1,0.55,1,0.5
bayesian_network,Groundhog,12435,0,0.44,0,0.5
bayesian_network,Groundhog,12435,1,0.5,0,0.5
bayesian_network,Groundhog,12435,0,0.46,0,0.5
bayesian_network,Groundhog,12435,1,0.54,1,0.5
bayesian_network,Groundhog,12435,0,0.65,1,0.5
bayesian_network,Groundhog,12435,1,0.48,0,0.5
bayesian_network,Groundhog,12435,0,0.54,1,0.5
bayesian_network,Groundhog,12435,1,0.45,0,0.5
bayesian_network,Groundhog,12435,0,0.46,0,0.5
bayesian_network,Groundhog,12435,1,0.5,0,0.5
bayesian_network,Groundhog,12435,0,0.42,0,0.5
bayesian_network,Groundhog,12435,1,0.5,0,0.5
bayesian_network,Groundhog,12435,0,0.53,1,0.5
bayesian_network,Groundhog,12435,1,0.55,1,0.5
bayesian_network,Groundhog,12435,0,0.55,1,0.5
bayesian_network,Groundhog,12435,1,0.57,1,0.5
bayesian_network,Groundhog,12435,0,0.57,1,0.5
bayesian_network,Groundhog,12435,1,0.53,1,0.5
bayesian_network,Groundhog,12435,0,0.43,0,0.5
bayesian_network,Groundhog,12435,1,0.51,1,0.5
bayesian_network,Groundhog,12435,0,0.45,0,0.5
bayesian_network,Groundhog,12435,1,0.49,0,0.5
bayesian_network,Groundhog,12435,0,0.47,0,0.5
bayesian_network,Groundhog,12435,1,0.52,1,0.5
bayesian_network,Groundhog,12435,0,0.44,0,0.5
bayesian_network,Groundhog,12435,1,0.59,1,0.5
bayesian_network,Groundhog,12435,0,0.48,0,0.5
bayesian_network,Groundhog,12435,1,0.54,1,0.5
bayesian_network,Groundhog,12435,0,0.42,0,0.5
bayesian_network,Groundhog,12435,1,0.49,0,0.5
bayesian_network,Groundhog,12435,0,0.56,1,0.5
bayesian_network,Groundhog,12435,1,0.5,0,0.5
bayesian_network,Groundhog,12435,0,0.51,1,0.5
bayesian_network,Groundhog,12435,1,0.61,1,0.5
bayesian_network,Groundhog,12435,0,0.48,0,0.5
bayesian_network,Groundhog,12435,1,0.64,1,0.5
bayesian_network,Groundhog,12435,0,0.4,0,0.5
bayesian_network,ShadowModelling(RandomQueries),12435,1,0.44,0,0.5
bayesian_network,ShadowModelling(RandomQueries),12435,0,0.53,1,0.5
bayesian_network,ShadowModelling(RandomQueries),12435,1,0.66,1,0.5
bayesian_network,ShadowModelling(RandomQueries),12435,0,0.4,0,0.5
bayesian_network,ShadowModelling(RandomQueries),12435,1,0.64,1,0.5
bayesian_network,ShadowModelling(RandomQueries),12435,0,0.66,1,0.5
bayesian_network,ShadowModelling(RandomQueries),12435,1,0.51,1,0.5
bayesian_network,ShadowModelling(RandomQueries),12435,0,0.54,1,0.5
bayesian_network,ShadowModelling(RandomQueries),12435,1,0.53,1,0.5
bayesian_network,ShadowModelling(RandomQueries),12435,0,0.37,0,0.5
bayesian_network,ShadowModelling(RandomQueries),12435,1,0.68,1,0.5
bayesian_network,ShadowModelling(RandomQueries),12435,0,0.42,0,0.5
bayesian_network,ShadowModelling(RandomQueries),12435,1,0.49,0,0.5
bayesian_network,ShadowModelling(RandomQueries),12435,0,0.25,0,0.5
bayesian_network,ShadowModelling(RandomQueries),12435,1,0.37,0,0.5
bayesian_network,ShadowModelling(RandomQueries),12435,0,0.39,0,0.5
bayesian_network,ShadowModelling(RandomQueries),12435,1,0.39,0,0.5
bayesian_network,ShadowModelling(RandomQueries),12435,0,0.44,0,0.5
bayesian_network,ShadowModelling(RandomQueries),12435,1,0.62,1,0.5
bayesian_network,ShadowModelling(RandomQueries),12435,0,0.52,1,0.5
bayesian_network,ShadowModelling(RandomQueries),12435,1,0.51,1,0.5
bayesian_network,ShadowModelling(RandomQueries),12435,0,0.63,1,0.5
bayesian_network,ShadowModelling(RandomQueries),12435,1,0.53,1,0.5
bayesian_network,ShadowModelling(RandomQueries),12435,0,0.6,1,0.5
bayesian_network,ShadowModelling(RandomQueries),12435,1,0.71,1,0.5
bayesian_network,ShadowModelling(RandomQueries),12435,0,0.61,1,0.5
bayesian_network,ShadowModelling(RandomQueries),12435,1,0.49,0,0.5
bayesian_network,ShadowModelling(RandomQueries),12435,0,0.6,1,0.5
bayesian_network,ShadowModelling(RandomQueries),12435,1,0.67,1,0.5
bayesian_network,ShadowModelling(RandomQueries),12435,0,0.54,1,0.5
bayesian_network,ShadowModelling(RandomQueries),12435,1,0.82,1,0.5
bayesian_network,ShadowModelling(RandomQueries),12435,0,0.51,1,0.5
bayesian_network,ShadowModelling(RandomQueries),12435,1,0.52,1,0.5
bayesian_network,ShadowModelling(RandomQueries),12435,0,0.49,0,0.5
bayesian_network,ShadowModelling(RandomQueries),12435,1,0.6,1,0.5
bayesian_network,ShadowModelling(RandomQueries),12435,0,0.47,0,0.5
bayesian_network,ShadowModelling(RandomQueries),12435,1,0.42,0,0.5
bayesian_network,ShadowModelling(RandomQueries),12435,0,0.38,0,0.5
bayesian_network,ShadowModelling(RandomQueries),12435,1,0.38,0,0.5
bayesian_network,ShadowModelling(RandomQueries),12435,0,0.56,1,0.5
bayesian_network,ShadowModelling(RandomQueries),12435,1,0.2,0,0.5
bayesian_network,ShadowModelling(RandomQueries),12435,0,0.25,0,0.5
bayesian_network,ShadowModelling(RandomQueries),12435,1,0.48,0,0.5
bayesian_network,ShadowModelling(RandomQueries),12435,0,0.81,1,0.5
bayesian_network,ShadowModelling(RandomQueries),12435,1,0.35,0,0.5
bayesian_network,ShadowModelling(RandomQueries),12435,0,0.58,1,0.5
bayesian_network,ShadowModelling(RandomQueries),12435,1,0.43,0,0.5
bayesian_network,ShadowModelling(RandomQueries),12435,0,0.31,0,0.5
bayesian_network,ShadowModelling(RandomQueries),12435,1,0.48,0,0.5
bayesian_network,ShadowModelling(RandomQueries),12435,0,0.38,0,0.5
bayesian_network,ShadowModelling(RandomQueries),12435,1,0.75,1,0.5
bayesian_network,ShadowModelling(RandomQueries),12435,0,0.26,0,0.5
bayesian_network,ShadowModelling(RandomQueries),12435,1,0.54,1,0.5
bayesian_network,ShadowModelling(RandomQueries),12435,0,0.47,0,0.5
bayesian_network,ShadowModelling(RandomQueries),12435,1,0.58,1,0.5
bayesian_network,ShadowModelling(RandomQueries),12435,0,0.49,0,0.5
bayesian_network,ShadowModelling(RandomQueries),12435,1,0.53,1,0.5
bayesian_network,ShadowModelling(RandomQueries),12435,0,0.75,1,0.5
bayesian_network,ShadowModelling(RandomQueries),12435,1,0.57,1,0.5
bayesian_network,ShadowModelling(RandomQueries),12435,0,0.73,1,0.5
bayesian_network,ShadowModelling(RandomQueries),12435,1,0.58,1,0.5
bayesian_network,ShadowModelling(RandomQueries),12435,0,0.52,1,0.5
bayesian_network,ShadowModelling(RandomQueries),12435,1,0.56,1,0.5
bayesian_network,ShadowModelling(RandomQueries),12435,0,0.26,0,0.5
bayesian_network,ShadowModelling(RandomQueries),12435,1,0.77,1,0.5
bayesian_network,ShadowModelling(RandomQueries),12435,0,0.29,0,0.5
bayesian_network,ShadowModelling(RandomQueries),12435,1,0.57,1,0.5
bayesian_network,ShadowModelling(RandomQueries),12435,0,0.42,0,0.5
bayesian_network,ShadowModelling(RandomQueries),12435,1,0.62,1,0.5
bayesian_network,ShadowModelling(RandomQueries),12435,0,0.76,1,0.5
bayesian_network,ShadowModelling(RandomQueries),12435,1,0.48,0,0.5
bayesian_network,ShadowModelling(RandomQueries),12435,0,0.27,0,0.5
bayesian_network,ShadowModelling(RandomQueries),12435,1,0.64,1,0.5
bayesian_network,ShadowModelling(RandomQueries),12435,0,0.54,1,0.5
bayesian_network,ShadowModelling(RandomQueries),12435,1,0.39,0,0.5
bayesian_network,ShadowModelling(RandomQueries),12435,0,0.44,0,0.5
bayesian_network,ShadowModelling(RandomQueries),12435,1,0.48,0,0.5
bayesian_network,ShadowModelling(RandomQueries),12435,0,0.37,0,0.5
bayesian_network,ShadowModelling(RandomQueries),12435,1,0.44,0,0.5
bayesian_network,ShadowModelling(RandomQueries),12435,0,0.47,0,0.5
bayesian_network,ShadowModelling(RandomQueries),12435,1,0.36,0,0.5
bayesian_network,ShadowModelling(RandomQueries),12435,0,0.58,1,0.5
bayesian_network,ShadowModelling(RandomQueries),12435,1,0.64,1,0.5
bayesian_network,ShadowModelling(RandomQueries),12435,0,0.76,1,0.5
bayesian_network,ShadowModelling(RandomQueries),12435,1,0.62,1,0.5
bayesian_network,ShadowModelling(RandomQueries),12435,0,0.51,1,0.5
bayesian_network,ShadowModelling(RandomQueries),12435,1,0.69,1,0.5
bayesian_network,ShadowModelling(RandomQueries),12435,0,0.65,1,0.5
bayesian_network,ShadowModelling(RandomQueries),12435,1,0.34,0,0.5
bayesian_network,ShadowModelling(RandomQueries),12435,0,0.39,0,0.5
bayesian_network,ShadowModelling(RandomQueries),12435,1,0.51,1,0.5
bayesian_network,ShadowModelling(RandomQueries),12435,0,0.65,1,0.5
bayesian_network,ShadowModelling(RandomQueries),12435,1,0.44,0,0.5
bayesian_network,ShadowModelling(RandomQueries),12435,0,0.53,1,0.5
bayesian_network,ShadowModelling(RandomQueries),12435,1,0.42,0,0.5
bayesian_network,ShadowModelling(RandomQueries),12435,0,0.49,0,0.5
bayesian_network,ShadowModelling(RandomQueries),12435,1,0.66,1,0.5
bayesian_network,ShadowModelling(RandomQueries),12435,0,0.37,0,0.5
bayesian_network,ShadowModelling(RandomQueries),12435,1,0.34,0,0.5
bayesian_network,ShadowModelling(RandomQueries),12435,0,0.69,1,0.5
bayesian_network,ShadowModelling(RandomQueries),12435,1,0.52,1,0.5
bayesian_network,ShadowModelling(RandomQueries),12435,0,0.4,0,0.5
bayesian_network,ShadowModelling(RandomQueries),12435,1,0.68,1,0.5
bayesian_network,ShadowModelling(RandomQueries),12435,0,0.43,0,0.5
bayesian_network,ShadowModelling(RandomQueries),12435,1,0.39,0,0.5
bayesian_network,ShadowModelling(RandomQueries),12435,0,0.34,0,0.5
bayesian_network,ShadowModelling(RandomQueries),12435,1,0.34,0,0.5
bayesian_network,ShadowModelling(RandomQueries),12435,0,0.38,0,0.5
bayesian_network,ShadowModelling(RandomQueries),12435,1,0.34,0,0.5
bayesian_network,ShadowModelling(RandomQueries),12435,0,0.73,1,0.5
bayesian_network,ShadowModelling(RandomQueries),12435,1,0.52,1,0.5
bayesian_network,ShadowModelling(RandomQueries),12435,0,0.33,0,0.5
bayesian_network,ShadowModelling(RandomQueries),12435,1,0.65,1,0.5
bayesian_network,ShadowModelling(RandomQueries),12435,0,0.44,0,0.5
bayesian_network,ShadowModelling(RandomQueries),12435,1,0.43,0,0.5
bayesian_network,ShadowModelling(RandomQueries),12435,0,0.52,1,0.5
bayesian_network,ShadowModelling(RandomQueries),12435,1,0.37,0,0.5
bayesian_network,ShadowModelling(RandomQueries),12435,0,0.47,0,0.5
bayesian_network,ShadowModelling(RandomQueries),12435,1,0.71,1,0.5
bayesian_network,ShadowModelling(RandomQueries),12435,0,0.54,1,0.5
bayesian_network,ShadowModelling(RandomQueries),12435,1,0.51,1,0.5
bayesian_network,ShadowModelling(RandomQueries),12435,0,0.45,0,0.5
bayesian_network,ShadowModelling(RandomQueries),12435,1,0.35,0,0.5
bayesian_network,ShadowModelling(RandomQueries),12435,0,0.59,1,0.5
bayesian_network,ShadowModelling(RandomQueries),12435,1,0.36,0,0.5
bayesian_network,ShadowModelling(RandomQueries),12435,0,0.63,1,0.5
bayesian_network,ShadowModelling(RandomQueries),12435,1,0.64,1,0.5
bayesian_network,ShadowModelling(RandomQueries),12435,0,0.4,0,0.5
bayesian_network,ShadowModelling(RandomQueries),12435,1,0.43,0,0.5
bayesian_network,ShadowModelling(RandomQueries),12435,0,0.6,1,0.5
bayesian_network,ShadowModelling(RandomQueries),12435,1,0.69,1,0.5
bayesian_network,ShadowModelling(RandomQueries),12435,0,0.53,1,0.5
bayesian_network,ShadowModelling(RandomQueries),12435,1,0.43,0,0.5
bayesian_network,ShadowModelling(RandomQueries),12435,0,0.38,0,0.5
bayesian_network,ShadowModelling(RandomQueries),12435,1,0.7,1,0.5
bayesian_network,ShadowModelling(RandomQueries),12435,0,0.36,0,0.5
bayesian_network,ShadowModelling(RandomQueries),12435,1,0.19,0,0.5
bayesian_network,ShadowModelling(RandomQueries),12435,0,0.66,1,0.5
bayesian_network,ShadowModelling(RandomQueries),12435,1,0.63,1,0.5
bayesian_network,ShadowModelling(RandomQueries),12435,0,0.54,1,0.5
bayesian_network,ShadowModelling(RandomQueries),12435,1,0.43,0,0.5
bayesian_network,ShadowModelling(RandomQueries),12435,0,0.37,0,0.5
bayesian_network,ShadowModelling(RandomQueries),12435,1,0.6,1,0.5
bayesian_network,ShadowModelling(RandomQueries),12435,0,0.52,1,0.5
bayesian_network,ShadowModelling(RandomQueries),12435,1,0.46,0,0.5
bayesian_network,ShadowModelling(RandomQueries),12435,0,0.41,0,0.5
bayesian_network,ShadowModelling(RandomQueries),12435,1,0.71,1,0.5
bayesian_network,ShadowModelling(RandomQueries),12435,0,0.53,1,0.5
bayesian_network,ShadowModelling(RandomQueries),12435,1,0.39,0,0.5
bayesian_network,ShadowModelling(RandomQueries),12435,0,0.41,0,0.5
bayesian_network,ShadowModelling(RandomQueries),12435,1,0.36,0,0.5
bayesian_network,ShadowModelling(RandomQueries),12435,0,0.75,1,0.5
bayesian_network,ShadowModelling(RandomQueries),12435,1,0.38,0,0.5
bayesian_network,ShadowModelling(RandomQueries),12435,0,0.61,1,0.5
bayesian_network,ShadowModelling(RandomQueries),12435,1,0.74,1,0.5
bayesian_network,ShadowModelling(RandomQueries),12435,0,0.5,0,0.5
bayesian_network,ShadowModelling(RandomQueries),12435,1,0.58,1,0.5
bayesian_network,ShadowModelling(RandomQueries),12435,0,0.45,0,0.5
bayesian_network,ShadowModelling(RandomQueries),12435,1,0.65,1,0.5
bayesian_network,ShadowModelling(RandomQueries),12435,0,0.55,1,0.5
bayesian_network,ShadowModelling(RandomQueries),12435,1,0.58,1,0.5
bayesian_network,ShadowModelling(RandomQueries),12435,0,0.46,0,0.5
bayesian_network,ShadowModelling(RandomQueries),12435,1,0.52,1,0.5
bayesian_network,ShadowModelling(RandomQueries),12435,0,0.64,1,0.5
bayesian_network,ShadowModelling(RandomQueries),12435,1,0.43,0,0.5
bayesian_network,ShadowModelling(RandomQueries),12435,0,0.67,1,0.5
bayesian_network,ShadowModelling(RandomQueries),12435,1,0.43,0,0.5
bayesian_network,ShadowModelling(RandomQueries),12435,0,0.48,0,0.5
bayesian_network,ShadowModelling(RandomQueries),12435,1,0.58,1,0.5
bayesian_network,ShadowModelling(RandomQueries),12435,0,0.53,1,0.5
bayesian_network,ShadowModelling(RandomQueries),12435,1,0.51,1,0.5
bayesian_network,ShadowModelling(RandomQueries),12435,0,0.56,1,0.5
bayesian_network,ShadowModelling(RandomQueries),12435,1,0.42,0,0.5
bayesian_network,ShadowModelling(RandomQueries),12435,0,0.42,0,0.5
bayesian_network,ShadowModelling(RandomQueries),12435,1,0.37,0,0.5
bayesian_network,ShadowModelling(RandomQueries),12435,0,0.73,1,0.5
bayesian_network,ShadowModelling(RandomQueries),12435,1,0.63,1,0.5
bayesian_network,ShadowModelling(RandomQueries),12435,0,0.37,0,0.5
bayesian_network,ShadowModelling(RandomQueries),12435,1,0.34,0,0.5
bayesian_network,ShadowModelling(RandomQueries),12435,0,0.39,0,0.5
bayesian_network,ShadowModelling(RandomQueries),12435,1,0.38,0,0.5
bayesian_network,ShadowModelling(RandomQueries),12435,0,0.27,0,0.5
bayesian_network,ShadowModelling(RandomQueries),12435,1,0.64,1,0.5
bayesian_network,ShadowModelling(RandomQueries),12435,0,0.64,1,0.5
bayesian_network,ShadowModelling(RandomQueries),12435,1,0.54,1,0.5
bayesian_network,ShadowModelling(RandomQueries),12435,0,0.5,0,0.5
bayesian_network,ShadowModelling(RandomQueries),12435,1,0.63,1,0.5
bayesian_network,ShadowModelling(RandomQueries),12435,0,0.51,1,0.5
bayesian_network,ShadowModelling(RandomQueries),12435,1,0.6,1,0.5
bayesian_network,ShadowModelling(RandomQueries),12435,0,0.54,1,0.5
bayesian_network,ShadowModelling(RandomQueries),12435,1,0.46,0,0.5
bayesian_network,ShadowModelling(RandomQueries),12435,0,0.61,1,0.5
bayesian_network,ShadowModelling(RandomQueries),12435,1,0.2,0,0.5
bayesian_network,ShadowModelling(RandomQueries),12435,0,0.36,0,0.5
bayesian_network,ShadowModelling(RandomQueries),12435,1,0.67,1,0.5
bayesian_network,ShadowModelling(RandomQueries),12435,0,0.45,0,0.5
bayesian_network,ShadowModelling(RandomQueries),12435,1,0.66,1,0.5
bayesian_network,ShadowModelling(RandomQueries),12435,0,0.6,1,0.5
bayesian_network,ShadowModelling(RandomQueries),12435,1,0.48,0,0.5
bayesian_network,ShadowModelling(RandomQueries),12435,0,0.58,1,0.5
bayesian_network,ShadowModelling(RandomQueries),12435,1,0.35,0,0.5
bayesian_network,ShadowModelling(RandomQueries),12435,0,0.48,0,0.5
bayesian_network,ShadowModelling(RandomQueries),12435,1,0.51,1,0.5
bayesian_network,ShadowModelling(RandomQueries),12435,0,0.47,0,0.5
bayesian_network,ShadowModelling(RandomQueries),12435,1,0.79,1,0.5
bayesian_network,ShadowModelling(RandomQueries),12435,0,0.5,0,0.5
bayesian_network,ShadowModelling(RandomQueries),12435,1,0.34,0,0.5
bayesian_network,ShadowModelling(RandomQueries),12435,0,0.41,0,0.5
bayesian_network,ShadowModelling(RandomQueries),12435,1,0.44,0,0.5
bayesian_network,ShadowModelling(RandomQueries),12435,0,0.29,0,0.5
bayesian_network,ShadowModelling(RandomQueries),12435,1,0.56,1,0.5
bayesian_network,ShadowModelling(RandomQueries),12435,0,0.45,0,0.5
bayesian_network,ShadowModelling(RandomQueries),12435,1,0.46,0,0.5
bayesian_network,ShadowModelling(RandomQueries),12435,0,0.48,0,0.5
bayesian_network,ShadowModelling(RandomQueries),12435,1,0.6,1,0.5
bayesian_network,ShadowModelling(RandomQueries),12435,0,0.41,0,0.5
bayesian_network,ShadowModelling(RandomQueries),12435,1,0.62,1,0.5
bayesian_network,ShadowModelling(RandomQueries),12435,0,0.63,1,0.5
bayesian_network,ShadowModelling(RandomQueries),12435,1,0.63,1,0.5
bayesian_network,ShadowModelling(RandomQueries),12435,0,0.55,1,0.5
bayesian_network,ShadowModelling(RandomQueries),12435,1,0.65,1,0.5
bayesian_network,ShadowModelling(RandomQueries),12435,0,0.32,0,0.5
bayesian_network,ShadowModelling(RandomQueries),12435,1,0.59,1,0.5
bayesian_network,ShadowModelling(RandomQueries),12435,0,0.52,1,0.5
bayesian_network,ShadowModelling(RandomQueries),12435,1,0.59,1,0.5
bayesian_network,ShadowModelling(RandomQueries),12435,0,0.7,1,0.5
bayesian_network,ShadowModelling(RandomQueries),12435,1,0.53,1,0.5
bayesian_network,ShadowModelling(RandomQueries),12435,0,0.77,1,0.5
bayesian_network,ShadowModelling(RandomQueries),12435,1,0.52,1,0.5
bayesian_network,ShadowModelling(RandomQueries),12435,0,0.54,1,0.5
bayesian_network,ShadowModelling(RandomQueries),12435,1,0.47,0,0.5
bayesian_network,ShadowModelling(RandomQueries),12435,0,0.26,0,0.5
bayesian_network,ShadowModelling(RandomQueries),12435,1,0.4,0,0.5
bayesian_network,ShadowModelling(RandomQueries),12435,0,0.51,1,0.5
bayesian_network,ShadowModelling(RandomQueries),12435,1,0.66,1,0.5
bayesian_network,ShadowModelling(RandomQueries),12435,0,0.45,0,0.5
bayesian_network,ShadowModelling(RandomQueries),12435,1,0.2,0,0.5
bayesian_network,ShadowModelling(RandomQueries),12435,0,0.53,1,0.5
bayesian_network,ShadowModelling(RandomQueries),12435,1,0.5,0,0.5
bayesian_network,ShadowModelling(RandomQueries),12435,0,0.51,1,0.5
bayesian_network,ShadowModelling(RandomQueries),12435,1,0.66,1,0.5
bayesian_network,ShadowModelling(RandomQueries),12435,0,0.61,1,0.5
bayesian_network,ShadowModelling(RandomQueries),12435,1,0.67,1,0.5
bayesian_network,ShadowModelling(RandomQueries),12435,0,0.63,1,0.5
bayesian_network,ShadowModelling(RandomQueries),12435,1,0.64,1,0.5
bayesian_network,ShadowModelling(RandomQueries),12435,0,0.5,0,0.5
bayesian_network,ShadowModelling(RandomQueries),12435,1,0.51,1,0.5
bayesian_network,ShadowModelling(RandomQueries),12435,0,0.41,0,0.5
bayesian_network,ShadowModelling(RandomQueries),12435,1,0.71,1,0.5
bayesian_network,ShadowModelling(RandomQueries),12435,0,0.33,0,0.5
bayesian_network,ShadowModelling(RandomQueries),12435,1,0.45,0,0.5
bayesian_network,ShadowModelling(RandomQueries),12435,0,0.72,1,0.5
bayesian_network,ShadowModelling(RandomQueries),12435,1,0.46,0,0.5
bayesian_network,ShadowModelling(RandomQueries),12435,0,0.44,0,0.5
bayesian_network,ShadowModelling(RandomQueries),12435,1,0.26,0,0.5
bayesian_network,ShadowModelling(RandomQueries),12435,0,0.63,1,0.5
bayesian_network,ShadowModelling(RandomQueries),12435,1,0.32,0,0.5
bayesian_network,ShadowModelling(RandomQueries),12435,0,0.73,1,0.5
bayesian_network,ShadowModelling(RandomQueries),12435,1,0.59,1,0.5
bayesian_network,ShadowModelling(RandomQueries),12435,0,0.58,1,0.5
bayesian_network,ShadowModelling(RandomQueries),12435,1,0.7,1,0.5
bayesian_network,ShadowModelling(RandomQueries),12435,0,0.78,1,0.5
bayesian_network,ShadowModelling(RandomQueries),12435,1,0.6,1,0.5
bayesian_network,ShadowModelling(RandomQueries),12435,0,0.39,0,0.5
bayesian_network,ShadowModelling(RandomQueries),12435,1,0.52,1,0.5
bayesian_network,ShadowModelling(RandomQueries),12435,0,0.39,0,0.5
bayesian_network,ShadowModelling(RandomQueries),12435,1,0.73,1,0.5
bayesian_network,ShadowModelling(RandomQueries),12435,0,0.57,1,0.5
bayesian_network,ShadowModelling(RandomQueries),12435,1,0.34,0,0.5
bayesian_network,ShadowModelling(RandomQueries),12435,0,0.68,1,0.5
bayesian_network,ShadowModelling(RandomQueries),12435,1,0.34,0,0.5
bayesian_network,ShadowModelling(RandomQueries),12435,0,0.46,0,0.5
bayesian_network,ShadowModelling(RandomQueries),12435,1,0.34,0,0.5
bayesian_network,ShadowModelling(RandomQueries),12435,0,0.49,0,0.5
bayesian_network,ShadowModelling(RandomQueries),12435,1,0.36,0,0.5
bayesian_network,ShadowModelling(RandomQueries),12435,0,0.75,1,0.5
bayesian_network,ShadowModelling(RandomQueries),12435,1,0.55,1,0.5
bayesian_network,ShadowModelling(RandomQueries),12435,0,0.35,0,0.5
bayesian_network,ShadowModelling(RandomQueries),12435,1,0.3,0,0.5
bayesian_network,ShadowModelling(RandomQueries),12435,0,0.56,1,0.5
bayesian_network,ShadowModelling(RandomQueries),12435,1,0.68,1,0.5
bayesian_network,ShadowModelling(RandomQueries),12435,0,0.33,0,0.5
bayesian_network,ShadowModelling(RandomQueries),12435,1,0.52,1,0.5
bayesian_network,ShadowModelling(RandomQueries),12435,0,0.56,1,0.5
bayesian_network,ShadowModelling(RandomQueries),12435,1,0.77,1,0.5
bayesian_network,ShadowModelling(RandomQueries),12435,0,0.56,1,0.5
bayesian_network,ShadowModelling(RandomQueries),12435,1,0.37,0,0.5
bayesian_network,ShadowModelling(RandomQueries),12435,0,0.21,0,0.5
bayesian_network,ShadowModelling(RandomQueries),12435,1,0.49,0,0.5
bayesian_network,ShadowModelling(RandomQueries),12435,0,0.36,0,0.5
bayesian_network,ShadowModelling(RandomQueries),12435,1,0.56,1,0.5
bayesian_network,ShadowModelling(RandomQueries),12435,0,0.46,0,0.5
bayesian_network,ShadowModelling(RandomQueries),12435,1,0.45,0,0.5
bayesian_network,ShadowModelling(RandomQueries),12435,0,0.69,1,0.5
bayesian_network,ShadowModelling(RandomQueries),12435,1,0.71,1,0.5
bayesian_network,ShadowModelling(RandomQueries),12435,0,0.57,1,0.5
bayesian_network,ShadowModelling(RandomQueries),12435,1,0.61,1,0.5
bayesian_network,ShadowModelling(RandomQueries),12435,0,0.74,1,0.5
bayesian_network,ShadowModelling(RandomQueries),12435,1,0.52,1,0.5
bayesian_network,ShadowModelling(RandomQueries),12435,0,0.42,0,0.5
bayesian_network,ShadowModelling(RandomQueries),12435,1,0.58,1,0.5
bayesian_network,ShadowModelling(RandomQueries),12435,0,0.33,0,0.5
bayesian_network,ShadowModelling(RandomQueries),12435,1,0.23,0,0.5
bayesian_network,ShadowModelling(RandomQueries),12435,0,0.43,0,0.5
bayesian_network,ShadowModelling(RandomQueries),12435,1,0.33,0,0.5
bayesian_network,ShadowModelling(RandomQueries),12435,0,0.6,1,0.5
bayesian_network,ShadowModelling(RandomQueries),12435,1,0.78,1,0.5
bayesian_network,ShadowModelling(RandomQueries),12435,0,0.41,0,0.5
bayesian_network,ShadowModelling(RandomQueries),12435,1,0.33,0,0.5
bayesian_network,ShadowModelling(RandomQueries),12435,0,0.63,1,0.5
bayesian_network,ShadowModelling(RandomQueries),12435,1,0.35,0,0.5
bayesian_network,ShadowModelling(RandomQueries),12435,0,0.46,0,0.5
bayesian_network,ShadowModelling(RandomQueries),12435,1,0.32,0,0.5
bayesian_network,ShadowModelling(RandomQueries),12435,0,0.61,1,0.5
bayesian_network,ShadowModelling(RandomQueries),12435,1,0.49,0,0.5
bayesian_network,ShadowModelling(RandomQueries),12435,0,0.61,1,0.5
bayesian_network,ShadowModelling(RandomQueries),12435,1,0.61,1,0.5
bayesian_network,ShadowModelling(RandomQueries),12435,0,0.46,0,0.5
bayesian_network,ShadowModelling(RandomQueries),12435,1,0.33,0,0.5
bayesian_network,ShadowModelling(RandomQueries),12435,0,0.68,1,0.5
bayesian_network,ShadowModelling(RandomQueries),12435,1,0.57,1,0.5
bayesian_network,ShadowModelling(RandomQueries),12435,0,0.88,1,0.5
bayesian_network,ShadowModelling(RandomQueries),12435,1,0.53,1,0.5
bayesian_network,ShadowModelling(RandomQueries),12435,0,0.38,0,0.5
bayesian_network,ShadowModelling(RandomQueries),12435,1,0.65,1,0.5
bayesian_network,ShadowModelling(RandomQueries),12435,0,0.29,0,0.5
bayesian_network,ShadowModelling(RandomQueries),12435,1,0.57,1,0.5
bayesian_network,ShadowModelling(RandomQueries),12435,0,0.55,1,0.5
bayesian_network,ShadowModelling(RandomQueries),12435,1,0.46,0,0.5
bayesian_network,ShadowModelling(RandomQueries),12435,0,0.34,0,0.5
bayesian_network,ShadowModelling(RandomQueries),12435,1,0.45,0,0.5
bayesian_network,ShadowModelling(RandomQueries),12435,0,0.6,1,0.5
bayesian_network,ShadowModelling(RandomQueries),12435,1,0.66,1,0.5
bayesian_network,ShadowModelling(RandomQueries),12435,0,0.35,0,0.5
bayesian_network,ShadowModelling(RandomQueries),12435,1,0.53,1,0.5
bayesian_network,ShadowModelling(RandomQueries),12435,0,0.68,1,0.5
bayesian_network,ShadowModelling(RandomQueries),12435,1,0.37,0,0.5
bayesian_network,ShadowModelling(RandomQueries),12435,0,0.37,0,0.5
bayesian_network,ShadowModelling(RandomQueries),12435,1,0.48,0,0.5
bayesian_network,ShadowModelling(RandomQueries),12435,0,0.48,0,0.5
bayesian_network,ShadowModelling(RandomQueries),12435,1,0.47,0,0.5
bayesian_network,ShadowModelling(RandomQueries),12435,0,0.34,0,0.5
bayesian_network,ShadowModelling(RandomQueries),12435,1,0.66,1,0.5
bayesian_network,ShadowModelling(RandomQueries),12435,0,0.47,0,0.5
bayesian_network,ShadowModelling(RandomQueries),12435,1,0.71,1,0.5
bayesian_network,ShadowModelling(RandomQueries),12435,0,0.68,1,0.5
bayesian_network,ShadowModelling(RandomQueries),12435,1,0.21,0,0.5
bayesian_network,ShadowModelling(RandomQueries),12435,0,0.55,1,0.5
bayesian_network,ShadowModelling(RandomQueries),12435,1,0.36,0,0.5
bayesian_network,ShadowModelling(RandomQueries),12435,0,0.26,0,0.5
bayesian_network,ShadowModelling(RandomQueries),12435,1,0.33,0,0.5
bayesian_network,ShadowModelling(RandomQueries),12435,0,0.56,1,0.5
bayesian_network,ShadowModelling(RandomQueries),12435,1,0.78,1,0.5
bayesian_network,ShadowModelling(RandomQueries),12435,0,0.55,1,0.5
bayesian_network,ShadowModelling(RandomQueries),12435,1,0.47,0,0.5
bayesian_network,ShadowModelling(RandomQueries),12435,0,0.29,0,0.5
bayesian_network,ShadowModelling(RandomQueries),12435,1,0.46,0,0.5
bayesian_network,ShadowModelling(RandomQueries),12435,0,0.34,0,0.5
bayesian_network,ShadowModelling(RandomQueries),12435,1,0.65,1,0.5
bayesian_network,ShadowModelling(RandomQueries),12435,0,0.66,1,0.5
bayesian_network,ShadowModelling(RandomQueries),12435,1,0.41,0,0.5
bayesian_network,ShadowModelling(RandomQueries),12435,0,0.3,0,0.5
bayesian_network,ShadowModelling(RandomQueries),12435,1,0.67,1,0.5
bayesian_network,ShadowModelling(RandomQueries),12435,0,0.58,1,0.5
bayesian_network,ShadowModelling(RandomQueries),12435,1,0.58,1,0.5
bayesian_network,ShadowModelling(RandomQueries),12435,0,0.68,1,0.5
bayesian_network,ShadowModelling(RandomQueries),12435,1,0.33,0,0.5
bayesian_network,ShadowModelling(RandomQueries),12435,0,0.43,0,0.5
bayesian_network,ShadowModelling(RandomQueries),12435,1,0.5,0,0.5
bayesian_network,ShadowModelling(RandomQueries),12435,0,0.67,1,0.5
bayesian_network,ShadowModelling(RandomQueries),12435,1,0.64,1,0.5
bayesian_network,ShadowModelling(RandomQueries),12435,0,0.61,1,0.5
bayesian_network,ShadowModelling(RandomQueries),12435,1,0.35,0,0.5
bayesian_network,ShadowModelling(RandomQueries),12435,0,0.6,1,0.5
bayesian_network,ShadowModelling(RandomQueries),12435,1,0.6,1,0.5
bayesian_network,ShadowModelling(RandomQueries),12435,0,0.3,0,0.5
bayesian_network,ShadowModelling(RandomQueries),12435,1,0.47,0,0.5
bayesian_network,ShadowModelling(RandomQueries),12435,0,0.61,1,0.5
bayesian_network,ShadowModelling(RandomQueries),12435,1,0.54,1,0.5
bayesian_network,ShadowModelling(RandomQueries),12435,0,0.58,1,0.5
bayesian_network,ShadowModelling(RandomQueries),12435,1,0.5,0,0.5
bayesian_network,ShadowModelling(RandomQueries),12435,0,0.35,0,0.5
bayesian_network,ShadowModelling(RandomQueries),12435,1,0.41,0,0.5
bayesian_network,ShadowModelling(RandomQueries),12435,0,0.37,0,0.5
bayesian_network,ShadowModelling(RandomQueries),12435,1,0.52,1,0.5
bayesian_network,ShadowModelling(RandomQueries),12435,0,0.38,0,0.5
bayesian_network,ShadowModelling(RandomQueries),12435,1,0.5,0,0.5
bayesian_network,ShadowModelling(RandomQueries),12435,0,0.5,0,0.5
bayesian_network,ShadowModelling(RandomQueries),12435,1,0.53,1,0.5
bayesian_network,ShadowModelling(RandomQueries),12435,0,0.5,0,0.5
bayesian_network,ShadowModelling(RandomQueries),12435,1,0.64,1,0.5
bayesian_network,ShadowModelling(RandomQueries),12435,0,0.62,1,0.5
bayesian_network,ShadowModelling(RandomQueries),12435,1,0.63,1,0.5
bayesian_network,ShadowModelling(RandomQueries),12435,0,0.67,1,0.5
bayesian_network,ShadowModelling(RandomQueries),12435,1,0.41,0,0.5
bayesian_network,ShadowModelling(RandomQueries),12435,0,0.75,1,0.5
bayesian_network,ShadowModelling(RandomQueries),12435,1,0.61,1,0.5
bayesian_network,ShadowModelling(RandomQueries),12435,0,0.45,0,0.5
bayesian_network,ShadowModelling(RandomQueries),12435,1,0.46,0,0.5
bayesian_network,ShadowModelling(RandomQueries),12435,0,0.41,0,0.5
bayesian_network,ShadowModelling(RandomQueries),12435,1,0.25,0,0.5
bayesian_network,ShadowModelling(RandomQueries),12435,0,0.65,1,0.5
bayesian_network,ShadowModelling(RandomQueries),12435,1,0.56,1,0.5
bayesian_network,ShadowModelling(RandomQueries),12435,0,0.3,0,0.5
bayesian_network,ShadowModelling(RandomQueries),12435,1,0.76,1,0.5
bayesian_network,ShadowModelling(RandomQueries),12435,0,0.32,0,0.5
bayesian_network,ShadowModelling(RandomQueries),12435,1,0.32,0,0.5
bayesian_network,ShadowModelling(RandomQueries),12435,0,0.68,1,0.5
bayesian_network,ShadowModelling(RandomQueries),12435,1,0.72,1,0.5
bayesian_network,ShadowModelling(RandomQueries),12435,0,0.51,1,0.5
bayesian_network,ShadowModelling(RandomQueries),12435,1,0.6,1,0.5
bayesian_network,ShadowModelling(RandomQueries),12435,0,0.49,0,0.5
bayesian_network,ShadowModelling(RandomQueries),12435,1,0.54,1,0.5
bayesian_network,ShadowModelling(RandomQueries),12435,0,0.45,0,0.5
bayesian_network,ShadowModelling(RandomQueries),12435,1,0.6,1,0.5
bayesian_network,ShadowModelling(RandomQueries),12435,0,0.45,0,0.5
bayesian_network,ShadowModelling(RandomQueries),12435,1,0.59,1,0.5
bayesian_network,ShadowModelling(RandomQueries),12435,0,0.49,0,0.5
bayesian_network,ShadowModelling(RandomQueries),12435,1,0.72,1,0.5
bayesian_network,ShadowModelling(RandomQueries),12435,0,0.44,0,0.5
bayesian_network,ShadowModelling(RandomQueries),12435,1,0.32,0,0.5
bayesian_network,ShadowModelling(RandomQueries),12435,0,0.58,1,0.5
bayesian_network,ShadowModelling(RandomQueries),12435,1,0.48,0,0.5
bayesian_network,ShadowModelling(RandomQueries),12435,0,0.53,1,0.5
bayesian_network,ShadowModelling(RandomQueries),12435,1,0.72,1,0.5
bayesian_network,ShadowModelling(RandomQueries),12435,0,0.53,1,0.5
bayesian_network,ShadowModelling(RandomQueries),12435,1,0.29,0,0.5
bayesian_network,ShadowModelling(RandomQueries),12435,0,0.34,0,0.5
bayesian_network,ShadowModelling(RandomQueries),12435,1,0.49,0,0.5
bayesian_network,ShadowModelling(RandomQueries),12435,0,0.34,0,0.5
bayesian_network,ShadowModelling(RandomQueries),12435,1,0.29,0,0.5
bayesian_network,ShadowModelling(RandomQueries),12435,0,0.63,1,0.5
bayesian_network,ShadowModelling(RandomQueries),12435,1,0.83,1,0.5
bayesian_network,ShadowModelling(RandomQueries),12435,0,0.5,0,0.5
bayesian_network,ShadowModelling(RandomQueries),12435,1,0.53,1,0.5
bayesian_network,ShadowModelling(RandomQueries),12435,0,0.51,1,0.5
bayesian_network,ShadowModelling(RandomQueries),12435,1,0.29,0,0.5
bayesian_network,ShadowModelling(RandomQueries),12435,0,0.31,0,0.5
bayesian_network,ShadowModelling(RandomQueries),12435,1,0.5,0,0.5
bayesian_network,ShadowModelling(RandomQueries),12435,0,0.47,0,0.5
bayesian_network,ShadowModelling(RandomQueries),12435,1,0.72,1,0.5
bayesian_network,ShadowModelling(RandomQueries),12435,0,0.7,1,0.5
bayesian_network,ShadowModelling(RandomQueries),12435,1,0.35,0,0.5
bayesian_network,ShadowModelling(RandomQueries),12435,0,0.64,1,0.5
bayesian_network,ShadowModelling(RandomQueries),12435,1,0.52,1,0.5
bayesian_network,ShadowModelling(RandomQueries),12435,0,0.3,0,0.5
bayesian_network,ShadowModelling(RandomQueries),12435,1,0.42,0,0.5
bayesian_network,ShadowModelling(RandomQueries),12435,0,0.65,1,0.5
bayesian_network,ShadowModelling(RandomQueries),12435,1,0.37,0,0.5
bayesian_network,ShadowModelling(RandomQueries),12435,0,0.5,0,0.5
bayesian_network,ShadowModelling(RandomQueries),12435,1,0.41,0,0.5
bayesian_network,ShadowModelling(RandomQueries),12435,0,0.47,0,0.5
bayesian_network,ShadowModelling(RandomQueries),12435,1,0.6,1,0.5
bayesian_network,ShadowModelling(RandomQueries),12435,0,0.66,1,0.5
bayesian_network,ShadowModelling(RandomQueries),12435,1,0.26,0,0.5
bayesian_network,ShadowModelling(RandomQueries),12435,0,0.47,0,0.5
bayesian_network,ShadowModelling(RandomQueries),12435,1,0.62,1,0.5
bayesian_network,ShadowModelling(RandomQueries),12435,0,0.58,1,0.5
bayesian_network,ShadowModelling(RandomQueries),12435,1,0.57,1,0.5
bayesian_network,ShadowModelling(RandomQueries),12435,0,0.37,0,0.5
bayesian_network,ShadowModelling(RandomQueries),12435,1,0.49,0,0.5
bayesian_network,ShadowModelling(RandomQueries),12435,0,0.61,1,0.5
bayesian_network,ShadowModelling(RandomQueries),12435,1,0.54,1,0.5
bayesian_network,ShadowModelling(RandomQueries),12435,0,0.5,0,0.5
bayesian_network,ShadowModelling(RandomQueries),12435,1,0.49,0,0.5
bayesian_network,ShadowModelling(RandomQueries),12435,0,0.45,0,0.5
bayesian_network,ShadowModelling(RandomQueries),12435,1,0.54,1,0.5
bayesian_network,ShadowModelling(RandomQueries),12435,0,0.35,0,0.5
bayesian_network,ShadowModelling(RandomQueries),12435,1,0.66,1,0.5
bayesian_network,ShadowModelling(RandomQueries),12435,0,0.47,0,0.5
bayesian_network,ShadowModelling(RandomQueries),12435,1,0.43,0,0.5
bayesian_network,ShadowModelling(RandomQueries),12435,0,0.46,0,0.5
bayesian_network,ShadowModelling(RandomQueries),12435,1,0.63,1,0.5
bayesian_network,ShadowModelling(RandomQueries),12435,0,0.29,0,0.5
bayesian_network,ShadowModelling(RandomQueries),12435,1,0.64,1,0.5
bayesian_network,ShadowModelling(RandomQueries),12435,0,0.45,0,0.5
bayesian_network,ShadowModelling(RandomQueries),12435,1,0.65,1,0.5
bayesian_network,ShadowModelling(RandomQueries),12435,0,0.41,0,0.5
bayesian_network,ShadowModelling(RandomQueries),12435,1,0.57,1,0.5
bayesian_network,ShadowModelling(RandomQueries),12435,0,0.37,0,0.5
bayesian_network,ShadowModelling(RandomQueries),12435,1,0.54,1,0.5
bayesian_network,ShadowModelling(RandomQueries),12435,0,0.5,0,0.5
bayesian_network,ShadowModelling(RandomQueries),12435,1,0.46,0,0.5
bayesian_network,ShadowModelling(RandomQueries),12435,0,0.46,0,0.5
bayesian_network,ShadowModelling(RandomQueries),12435,1,0.36,0,0.5
bayesian_network,ShadowModelling(RandomQueries),12435,0,0.5,0,0.5
bayesian_network,ShadowModelling(RandomQueries),12435,1,0.5,0,0.5
bayesian_network,ShadowModelling(RandomQueries),12435,0,0.61,1,0.5
bayesian_network,ShadowModelling(RandomQueries),12435,1,0.55,1,0.5
bayesian_network,ShadowModelling(RandomQueries),12435,0,0.37,0,0.5
bayesian_network,ShadowModelling(RandomQueries),12435,1,0.47,0,0.5
bayesian_network,ShadowModelling(RandomQueries),12435,0,0.43,0,0.5
bayesian_network,ShadowModelling(RandomQueries),12435,1,0.26,0,0.5
bayesian_network,ShadowModelling(RandomQueries),12435,0,0.62,1,0.5
bayesian_network,ShadowModelling(RandomQueries),12435,1,0.62,1,0.5
bayesian_network,ShadowModelling(RandomQueries),12435,0,0.58,1,0.5
bayesian_network,ShadowModelling(RandomQueries),12435,1,0.31,0,0.5
bayesian_network,ShadowModelling(RandomQueries),12435,0,0.32,0,0.5
bayesian_network,ShadowModelling(RandomQueries),12435,1,0.31,0,0.5
bayesian_network,ShadowModelling(RandomQueries),12435,0,0.49,0,0.5
bayesian_network,"LocalNeighbourhood(L_2, 0.250411558405805, accuracy)",12435,1,0.002,1,0.002
bayesian_network,"LocalNeighbourhood(L_2, 0.250411558405805, accuracy)",12435,0,0.002,1,0.002
bayesian_network,"LocalNeighbourhood(L_2, 0.250411558405805, accuracy)",12435,1,0.0,0,0.002
bayesian_network,"LocalNeighbourhood(L_2, 0.250411558405805, accuracy)",12435,0,0.002,1,0.002
bayesian_network,"LocalNeighbourhood(L_2, 0.250411558405805, accuracy)",12435,1,0.002,1,0.002
bayesian_network,"LocalNeighbourhood(L_2, 0.250411558405805, accuracy)",12435,0,0.0,0,0.002
bayesian_network,"LocalNeighbourhood(L_2, 0.250411558405805, accuracy)",12435,1,0.002,1,0.002
bayesian_network,"LocalNeighbourhood(L_2, 0.250411558405805, accuracy)",12435,0,0.002,1,0.002
bayesian_network,"LocalNeighbourhood(L_2, 0.250411558405805, accuracy)",12435,1,0.004,1,0.002
bayesian_network,"LocalNeighbourhood(L_2, 0.250411558405805, accuracy)",12435,0,0.002,1,0.002
bayesian_network,"LocalNeighbourhood(L_2, 0.250411558405805, accuracy)",12435,1,0.004,1,0.002
bayesian_network,"LocalNeighbourhood(L_2, 0.250411558405805, accuracy)",12435,0,0.002,1,0.002
bayesian_network,"LocalNeighbourhood(L_2, 0.250411558405805, accuracy)",12435,1,0.0,0,0.002
bayesian_network,"LocalNeighbourhood(L_2, 0.250411558405805, accuracy)",12435,0,0.0,0,0.002
bayesian_network,"LocalNeighbourhood(L_2, 0.250411558405805, accuracy)",12435,1,0.002,1,0.002
bayesian_network,"LocalNeighbourhood(L_2, 0.250411558405805, accuracy)",12435,0,0.0,0,0.002
bayesian_network,"LocalNeighbourhood(L_2, 0.250411558405805, accuracy)",12435,1,0.0,0,0.002
bayesian_network,"LocalNeighbourhood(L_2, 0.250411558405805, accuracy)",12435,0,0.0,0,0.002
bayesian_network,"LocalNeighbourhood(L_2, 0.250411558405805, accuracy)",12435,1,0.0,0,0.002
bayesian_network,"LocalNeighbourhood(L_2, 0.250411558405805, accuracy)",12435,0,0.0,0,0.002
bayesian_network,"LocalNeighbourhood(L_2, 0.250411558405805, accuracy)",12435,1,0.0,0,0.002
bayesian_network,"LocalNeighbourhood(L_2, 0.250411558405805, accuracy)",12435,0,0.0,0,0.002
bayesian_network,"LocalNeighbourhood(L_2, 0.250411558405805, accuracy)",12435,1,0.0,0,0.002
bayesian_network,"LocalNeighbourhood(L_2, 0.250411558405805, accuracy)",12435,0,0.002,1,0.002
bayesian_network,"LocalNeighbourhood(L_2, 0.250411558405805, accuracy)",12435,1,0.004,1,0.002
bayesian_network,"LocalNeighbourhood(L_2, 0.250411558405805, accuracy)",12435,0,0.0,0,0.002
bayesian_network,"LocalNeighbourhood(L_2, 0.250411558405805, accuracy)",12435,1,0.004,1,0.002
bayesian_network,"LocalNeighbourhood(L_2, 0.250411558405805, accuracy)",12435,0,0.002,1,0.002
bayesian_network,"LocalNeighbourhood(L_2, 0.250411558405805, accuracy)",12435,1,0.002,1,0.002
bayesian_network,"LocalNeighbourhood(L_2, 0.250411558405805, accuracy)",12435,0,0.002,1,0.002
bayesian_network,"LocalNeighbourhood(L_2, 0.250411558405805, accuracy)",12435,1,0.0,0,0.002
bayesian_network,"LocalNeighbourhood(L_2, 0.250411558405805, accuracy)",12435,0,0.0,0,0.002
bayesian_network,"LocalNeighbourhood(L_2, 0.250411558405805, accuracy)",12435,1,0.004,1,0.002
bayesian_network,"LocalNeighbourhood(L_2, 0.250411558405805, accuracy)",12435,0,0.0,0,0.002
bayesian_network,"LocalNeighbourhood(L_2, 0.250411558405805, accuracy)",12435,1,0.0,0,0.002
bayesian_network,"LocalNeighbourhood(L_2, 0.250411558405805, accuracy)",12435,0,0.004,1,0.002
bayesian_network,"LocalNeighbourhood(L_2, 0.250411558405805, accuracy)",12435,1,0.002,1,0.002
bayesian_network,"LocalNeighbourhood(L_2, 0.250411558405805, accuracy)",12435,0,0.006,1,0.002
bayesian_network,"LocalNeighbourhood(L_2, 0.250411558405805, accuracy)",12435,1,0.0,0,0.002
bayesian_network,"LocalNeighbourhood(L_2, 0.250411558405805, accuracy)",12435,0,0.0,0,0.002
bayesian_network,"LocalNeighbourhood(L_2, 0.250411558405805, accuracy)",12435,1,0.0,0,0.002
bayesian_network,"LocalNeighbourhood(L_2, 0.250411558405805, accuracy)",12435,0,0.004,1,0.002
bayesian_network,"LocalNeighbourhood(L_2, 0.250411558405805, accuracy)",12435,1,0.0,0,0.002
bayesian_network,"LocalNeighbourhood(L_2, 0.250411558405805, accuracy)",12435,0,0.0,0,0.002
bayesian_network,"LocalNeighbourhood(L_2, 0.250411558405805, accuracy)",12435,1,0.0,0,0.002
bayesian_network,"LocalNeighbourhood(L_2, 0.250411558405805, accuracy)",12435,0,0.002,1,0.002
bayesian_network,"LocalNeighbourhood(L_2, 0.250411558405805, accuracy)",12435,1,0.002,1,0.002
bayesian_network,"LocalNeighbourhood(L_2, 0.250411558405805, accuracy)",12435,0,0.008,1,0.002
bayesian_network,"LocalNeighbourhood(L_2, 0.250411558405805, accuracy)",12435,1,0.0,0,0.002
bayesian_network,"LocalNeighbourhood(L_2, 0.250411558405805, accuracy)",12435,0,0.002,1,0.002
bayesian_network,"LocalNeighbourhood(L_2, 0.250411558405805, accuracy)",12435,1,0.002,1,0.002
bayesian_network,"LocalNeighbourhood(L_2, 0.250411558405805, accuracy)",12435,0,0.002,1,0.002
bayesian_network,"LocalNeighbourhood(L_2, 0.250411558405805, accuracy)",12435,1,0.004,1,0.002
bayesian_network,"LocalNeighbourhood(L_2, 0.250411558405805, accuracy)",12435,0,0.0,0,0.002
bayesian_network,"LocalNeighbourhood(L_2, 0.250411558405805, accuracy)",12435,1,0.002,1,0.002
bayesian_network,"LocalNeighbourhood(L_2, 0.250411558405805, accuracy)",12435,0,0.0,0,0.002
bayesian_network,"LocalNeighbourhood(L_2, 0.250411558405805, accuracy)",12435,1,0.002,1,0.002
bayesian_network,"LocalNeighbourhood(L_2, 0.250411558405805, accuracy)",12435,0,0.0,0,0.002
bayesian_network,"LocalNeighbourhood(L_2, 0.250411558405805, accuracy)",12435,1,0.004,1,0.002
bayesian_network,"LocalNeighbourhood(L_2, 0.250411558405805, accuracy)",12435,0,0.0,0,0.002
bayesian_network,"LocalNeighbourhood(L_2, 0.250411558405805, accuracy)",12435,1,0.002,1,0.002
bayesian_network,"LocalNeighbourhood(L_2, 0.250411558405805, accuracy)",12435,0,0.0,0,0.002
bayesian_network,"LocalNeighbourhood(L_2, 0.250411558405805, accuracy)",12435,1,0.002,1,0.002
bayesian_network,"LocalNeighbourhood(L_2, 0.250411558405805, accuracy)",12435,0,0.0,0,0.002
bayesian_network,"LocalNeighbourhood(L_2, 0.250411558405805, accuracy)",12435,1,0.0,0,0.002
bayesian_network,"LocalNeighbourhood(L_2, 0.250411558405805, accuracy)",12435,0,0.0,0,0.002
bayesian_network,"LocalNeighbourhood(L_2, 0.250411558405805, accuracy)",12435,1,0.0,0,0.002
bayesian_network,"LocalNeighbourhood(L_2, 0.250411558405805, accuracy)",12435,0,0.006,1,0.002
bayesian_network,"LocalNeighbourhood(L_2, 0.250411558405805, accuracy)",12435,1,0.002,1,0.002
bayesian_network,"LocalNeighbourhood(L_2, 0.250411558405805, accuracy)",12435,0,0.002,1,0.002
bayesian_network,"LocalNeighbourhood(L_2, 0.250411558405805, accuracy)",12435,1,0.002,1,0.002
bayesian_network,"LocalNeighbourhood(L_2, 0.250411558405805, accuracy)",12435,0,0.002,1,0.002
bayesian_network,"LocalNeighbourhood(L_2, 0.250411558405805, accuracy)",12435,1,0.002,1,0.002
bayesian_network,"LocalNeighbourhood(L_2, 0.250411558405805, accuracy)",12435,0,0.0,0,0.002
bayesian_network,"LocalNeighbourhood(L_2, 0.250411558405805, accuracy)",12435,1,0.008,1,0.002
bayesian_network,"LocalNeighbourhood(L_2, 0.250411558405805, accuracy)",12435,0,0.0,0,0.002
bayesian_network,"LocalNeighbourhood(L_2, 0.250411558405805, accuracy)",12435,1,0.002,1,0.002
bayesian_network,"LocalNeighbourhood(L_2, 0.250411558405805, accuracy)",12435,0,0.0,0,0.002
bayesian_network,"LocalNeighbourhood(L_2, 0.250411558405805, accuracy)",12435,1,0.002,1,0.002
bayesian_network,"LocalNeighbourhood(L_2, 0.250411558405805, accuracy)",12435,0,0.0,0,0.002
bayesian_network,"LocalNeighbourhood(L_2, 0.250411558405805, accuracy)",12435,1,0.0,0,0.002
bayesian_network,"LocalNeighbourhood(L_2, 0.250411558405805, accuracy)",12435,0,0.0,0,0.002
bayesian_network,"LocalNeighbourhood(L_2, 0.250411558405805, accuracy)",12435,1,0.002,1,0.002
bayesian_network,"LocalNeighbourhood(L_2, 0.250411558405805, accuracy)",12435,0,0.0,0,0.002
bayesian_network,"LocalNeighbourhood(L_2, 0.250411558405805, accuracy)",12435,1,0.006,1,0.002
bayesian_network,"LocalNeighbourhood(L_2, 0.250411558405805, accuracy)",12435,0,0.002,1,0.002
bayesian_network,"LocalNeighbourhood(L_2, 0.250411558405805, accuracy)",12435,1,0.002,1,0.002
bayesian_network,"LocalNeighbourhood(L_2, 0.250411558405805, accuracy)",12435,0,0.002,1,0.002
bayesian_network,"LocalNeighbourhood(L_2, 0.250411558405805, accuracy)",12435,1,0.004,1,0.002
bayesian_network,"LocalNeighbourhood(L_2, 0.250411558405805, accuracy)",12435,0,0.002,1,0.002
bayesian_network,"LocalNeighbourhood(L_2, 0.250411558405805, accuracy)",12435,1,0.0,0,0.002
bayesian_network,"LocalNeighbourhood(L_2, 0.250411558405805, accuracy)",12435,0,0.0,0,0.002
bayesian_network,"LocalNeighbourhood(L_2, 0.250411558405805, accuracy)",12435,1,0.0,0,0.002
bayesian_network,"LocalNeighbourhood(L_2, 0.250411558405805, accuracy)",12435,0,0.002,1,0.002
bayesian_network,"LocalNeighbourhood(L_2, 0.250411558405805, accuracy)",12435,1,0.0,0,0.002
bayesian_network,"LocalNeighbourhood(L_2, 0.250411558405805, accuracy)",12435,0,0.0,0,0.002
bayesian_network,"LocalNeighbourhood(L_2, 0.250411558405805, accuracy)",12435,1,0.004,1,0.002
bayesian_network,"LocalNeighbourhood(L_2, 0.250411558405805, accuracy)",12435,0,0.002,1,0.002
bayesian_network,"LocalNeighbourhood(L_2, 0.250411558405805, accuracy)",12435,1,0.002,1,0.002
bayesian_network,"LocalNeighbourhood(L_2, 0.250411558405805, accuracy)",12435,0,0.0,0,0.002
bayesian_network,"LocalNeighbourhood(L_2, 0.250411558405805, accuracy)",12435,1,0.002,1,0.002
bayesian_network,"LocalNeighbourhood(L_2, 0.250411558405805, accuracy)",12435,0,0.0,0,0.002
bayesian_network,"LocalNeighbourhood(L_2, 0.250411558405805, accuracy)",12435,1,0.004,1,0.002
bayesian_network,"LocalNeighbourhood(L_2, 0.250411558405805, accuracy)",12435,0,0.0,0,0.002
bayesian_network,"LocalNeighbourhood(L_2, 0.250411558405805, accuracy)",12435,1,0.0,0,0.002
bayesian_network,"LocalNeighbourhood(L_2, 0.250411558405805, accuracy)",12435,0,0.0,0,0.002
bayesian_network,"LocalNeighbourhood(L_2, 0.250411558405805, accuracy)",12435,1,0.0,0,0.002
bayesian_network,"LocalNeighbourhood(L_2, 0.250411558405805, accuracy)",12435,0,0.0,0,0.002
bayesian_network,"LocalNeighbourhood(L_2, 0.250411558405805, accuracy)",12435,1,0.002,1,0.002
bayesian_network,"LocalNeighbourhood(L_2, 0.250411558405805, accuracy)",12435,0,0.002,1,0.002
bayesian_network,"LocalNeighbourhood(L_2, 0.250411558405805, accuracy)",12435,1,0.002,1,0.002
bayesian_network,"LocalNeighbourhood(L_2, 0.250411558405805, accuracy)",12435,0,0.0,0,0.002
bayesian_network,"LocalNeighbourhood(L_2, 0.250411558405805, accuracy)",12435,1,0.002,1,0.002
bayesian_network,"LocalNeighbourhood(L_2, 0.250411558405805, accuracy)",12435,0,0.0,0,0.002
bayesian_network,"LocalNeighbourhood(L_2, 0.250411558405805, accuracy)",12435,1,0.004,1,0.002
bayesian_network,"LocalNeighbourhood(L_2, 0.250411558405805, accuracy)",12435,0,0.006,1,0.002
bayesian_network,"LocalNeighbourhood(L_2, 0.250411558405805, accuracy)",12435,1,0.004,1,0.002
bayesian_network,"LocalNeighbourhood(L_2, 0.250411558405805, accuracy)",12435,0,0.002,1,0.002
bayesian_network,"LocalNeighbourhood(L_2, 0.250411558405805, accuracy)",12435,1,0.002,1,0.002
bayesian_network,"LocalNeighbourhood(L_2, 0.250411558405805, accuracy)",12435,0,0.002,1,0.002
bayesian_network,"LocalNeighbourhood(L_2, 0.250411558405805, accuracy)",12435,1,0.004,1,0.002
bayesian_network,"LocalNeighbourhood(L_2, 0.250411558405805, accuracy)",12435,0,0.002,1,0.002
bayesian_network,"LocalNeighbourhood(L_2, 0.250411558405805, accuracy)",12435,1,0.0,0,0.002
bayesian_network,"LocalNeighbourhood(L_2, 0.250411558405805, accuracy)",12435,0,0.004,1,0.002
bayesian_network,"LocalNeighbourhood(L_2, 0.250411558405805, accuracy)",12435,1,0.002,1,0.002
bayesian_network,"LocalNeighbourhood(L_2, 0.250411558405805, accuracy)",12435,0,0.0,0,0.002
bayesian_network,"LocalNeighbourhood(L_2, 0.250411558405805, accuracy)",12435,1,0.006,1,0.002
bayesian_network,"LocalNeighbourhood(L_2, 0.250411558405805, accuracy)",12435,0,0.0,0,0.002
bayesian_network,"LocalNeighbourhood(L_2, 0.250411558405805, accuracy)",12435,1,0.004,1,0.002
bayesian_network,"LocalNeighbourhood(L_2, 0.250411558405805, accuracy)",12435,0,0.004,1,0.002
bayesian_network,"LocalNeighbourhood(L_2, 0.250411558405805, accuracy)",12435,1,0.0,0,0.002
bayesian_network,"LocalNeighbourhood(L_2, 0.250411558405805, accuracy)",12435,0,0.002,1,0.002
bayesian_network,"LocalNeighbourhood(L_2, 0.250411558405805, accuracy)",12435,1,0.006,1,0.002
bayesian_network,"LocalNeighbourhood(L_2, 0.250411558405805, accuracy)",12435,0,0.004,1,0.002
bayesian_network,"LocalNeighbourhood(L_2, 0.250411558405805, accuracy)",12435,1,0.002,1,0.002
bayesian_network,"LocalNeighbourhood(L_2, 0.250411558405805, accuracy)",12435,0,0.002,1,0.002
bayesian_network,"LocalNeighbourhood(L_2, 0.250411558405805, accuracy)",12435,1,0.0,0,0.002
bayesian_network,"LocalNeighbourhood(L_2, 0.250411558405805, accuracy)",12435,0,0.002,1,0.002
bayesian_network,"LocalNeighbourhood(L_2, 0.250411558405805, accuracy)",12435,1,0.0,0,0.002
bayesian_network,"LocalNeighbourhood(L_2, 0.250411558405805, accuracy)",12435,0,0.002,1,0.002
bayesian_network,"LocalNeighbourhood(L_2, 0.250411558405805, accuracy)",12435,1,0.002,1,0.002
bayesian_network,"LocalNeighbourhood(L_2, 0.250411558405805, accuracy)",12435,0,0.004,1,0.002
bayesian_network,"LocalNeighbourhood(L_2, 0.250411558405805, accuracy)",12435,1,0.0,0,0.002
bayesian_network,"LocalNeighbourhood(L_2, 0.250411558405805, accuracy)",12435,0,0.002,1,0.002
bayesian_network,"LocalNeighbourhood(L_2, 0.250411558405805, accuracy)",12435,1,0.0,0,0.002
bayesian_network,"LocalNeighbourhood(L_2, 0.250411558405805, accuracy)",12435,0,0.0,0,0.002
bayesian_network,"LocalNeighbourhood(L_2, 0.250411558405805, accuracy)",12435,1,0.004,1,0.002
bayesian_network,"LocalNeighbourhood(L_2, 0.250411558405805, accuracy)",12435,0,0.004,1,0.002
bayesian_network,"LocalNeighbourhood(L_2, 0.250411558405805, accuracy)",12435,1,0.004,1,0.002
bayesian_network,"LocalNeighbourhood(L_2, 0.250411558405805, accuracy)",12435,0,0.002,1,0.002
bayesian_network,"LocalNeighbourhood(L_2, 0.250411558405805, accuracy)",12435,1,0.002,1,0.002
bayesian_network,"LocalNeighbourhood(L_2, 0.250411558405805, accuracy)",12435,0,0.0,0,0.002
bayesian_network,"LocalNeighbourhood(L_2, 0.250411558405805, accuracy)",12435,1,0.002,1,0.002
bayesian_network,"LocalNeighbourhood(L_2, 0.250411558405805, accuracy)",12435,0,0.002,1,0.002
bayesian_network,"LocalNeighbourhood(L_2, 0.250411558405805, accuracy)",12435,1,0.002,1,0.002
bayesian_network,"LocalNeighbourhood(L_2, 0.250411558405805, accuracy)",12435,0,0.002,1,0.002
bayesian_network,"LocalNeighbourhood(L_2, 0.250411558405805, accuracy)",12435,1,0.0,0,0.002
bayesian_network,"LocalNeighbourhood(L_2, 0.250411558405805, accuracy)",12435,0,0.0,0,0.002
bayesian_network,"LocalNeighbourhood(L_2, 0.250411558405805, accuracy)",12435,1,0.0,0,0.002
bayesian_network,"LocalNeighbourhood(L_2, 0.250411558405805, accuracy)",12435,0,0.0,0,0.002
bayesian_network,"LocalNeighbourhood(L_2, 0.250411558405805, accuracy)",12435,1,0.0,0,0.002
bayesian_network,"LocalNeighbourhood(L_2, 0.250411558405805, accuracy)",12435,0,0.0,0,0.002
bayesian_network,"LocalNeighbourhood(L_2, 0.250411558405805, accuracy)",12435,1,0.002,1,0.002
bayesian_network,"LocalNeighbourhood(L_2, 0.250411558405805, accuracy)",12435,0,0.002,1,0.002
bayesian_network,"LocalNeighbourhood(L_2, 0.250411558405805, accuracy)",12435,1,0.002,1,0.002
bayesian_network,"LocalNeighbourhood(L_2, 0.250411558405805, accuracy)",12435,0,0.002,1,0.002
bayesian_network,"LocalNeighbourhood(L_2, 0.250411558405805, accuracy)",12435,1,0.002,1,0.002
bayesian_network,"LocalNeighbourhood(L_2, 0.250411558405805, accuracy)",12435,0,0.0,0,0.002
bayesian_network,"LocalNeighbourhood(L_2, 0.250411558405805, accuracy)",12435,1,0.0,0,0.002
bayesian_network,"LocalNeighbourhood(L_2, 0.250411558405805, accuracy)",12435,0,0.0,0,0.002
bayesian_network,"LocalNeighbourhood(L_2, 0.250411558405805, accuracy)",12435,1,0.002,1,0.002
bayesian_network,"LocalNeighbourhood(L_2, 0.250411558405805, accuracy)",12435,0,0.004,1,0.002
bayesian_network,"LocalNeighbourhood(L_2, 0.250411558405805, accuracy)",12435,1,0.004,1,0.002
bayesian_network,"LocalNeighbourhood(L_2, 0.250411558405805, accuracy)",12435,0,0.002,1,0.002
bayesian_network,"LocalNeighbourhood(L_2, 0.250411558405805, accuracy)",12435,1,0.0,0,0.002
bayesian_network,"LocalNeighbourhood(L_2, 0.250411558405805, accuracy)",12435,0,0.004,1,0.002
bayesian_network,"LocalNeighbourhood(L_2, 0.250411558405805, accuracy)",12435,1,0.002,1,0.002
bayesian_network,"LocalNeighbourhood(L_2, 0.250411558405805, accuracy)",12435,0,0.004,1,0.002
bayesian_network,"LocalNeighbourhood(L_2, 0.250411558405805, accuracy)",12435,1,0.0,0,0.002
bayesian_network,"LocalNeighbourhood(L_2, 0.250411558405805, accuracy)",12435,0,0.006,1,0.002
bayesian_network,"LocalNeighbourhood(L_2, 0.250411558405805, accuracy)",12435,1,0.002,1,0.002
bayesian_network,"LocalNeighbourhood(L_2, 0.250411558405805, accuracy)",12435,0,0.004,1,0.002
bayesian_network,"LocalNeighbourhood(L_2, 0.250411558405805, accuracy)",12435,1,0.002,1,0.002
bayesian_network,"LocalNeighbourhood(L_2, 0.250411558405805, accuracy)",12435,0,0.004,1,0.002
bayesian_network,"LocalNeighbourhood(L_2, 0.250411558405805, accuracy)",12435,1,0.0,0,0.002
bayesian_network,"LocalNeighbourhood(L_2, 0.250411558405805, accuracy)",12435,0,0.002,1,0.002
bayesian_network,"LocalNeighbourhood(L_2, 0.250411558405805, accuracy)",12435,1,0.0,0,0.002
bayesian_network,"LocalNeighbourhood(L_2, 0.250411558405805, accuracy)",12435,0,0.006,1,0.002
bayesian_network,"LocalNeighbourhood(L_2, 0.250411558405805, accuracy)",12435,1,0.004,1,0.002
bayesian_network,"LocalNeighbourhood(L_2, 0.250411558405805, accuracy)",12435,0,0.004,1,0.002
bayesian_network,"LocalNeighbourhood(L_2, 0.250411558405805, accuracy)",12435,1,0.004,1,0.002
bayesian_network,"LocalNeighbourhood(L_2, 0.250411558405805, accuracy)",12435,0,0.002,1,0.002
bayesian_network,"LocalNeighbourhood(L_2, 0.250411558405805, accuracy)",12435,1,0.004,1,0.002
bayesian_network,"LocalNeighbourhood(L_2, 0.250411558405805, accuracy)",12435,0,0.002,1,0.002
bayesian_network,"LocalNeighbourhood(L_2, 0.250411558405805, accuracy)",12435,1,0.002,1,0.002
bayesian_network,"LocalNeighbourhood(L_2, 0.250411558405805, accuracy)",12435,0,0.002,1,0.002
bayesian_network,"LocalNeighbourhood(L_2, 0.250411558405805, accuracy)",12435,1,0.004,1,0.002
bayesian_network,"LocalNeighbourhood(L_2, 0.250411558405805, accuracy)",12435,0,0.002,1,0.002
bayesian_network,"LocalNeighbourhood(L_2, 0.250411558405805, accuracy)",12435,1,0.002,1,0.002
bayesian_network,"LocalNeighbourhood(L_2, 0.250411558405805, accuracy)",12435,0,0.0,0,0.002
bayesian_network,"LocalNeighbourhood(L_2, 0.250411558405805, accuracy)",12435,1,0.002,1,0.002
bayesian_network,"LocalNeighbourhood(L_2, 0.250411558405805, accuracy)",12435,0,0.0,0,0.002
bayesian_network,"LocalNeighbourhood(L_2, 0.250411558405805, accuracy)",12435,1,0.0,0,0.002
bayesian_network,"LocalNeighbourhood(L_2, 0.250411558405805, accuracy)",12435,0,0.0,0,0.002
bayesian_network,"LocalNeighbourhood(L_2, 0.250411558405805, accuracy)",12435,1,0.006,1,0.002
bayesian_network,"LocalNeighbourhood(L_2, 0.250411558405805, accuracy)",12435,0,0.0,0,0.002
bayesian_network,"LocalNeighbourhood(L_2, 0.250411558405805, accuracy)",12435,1,0.002,1,0.002
bayesian_network,"LocalNeighbourhood(L_2, 0.250411558405805, accuracy)",12435,0,0.0,0,0.002
bayesian_network,"LocalNeighbourhood(L_2, 0.250411558405805, accuracy)",12435,1,0.002,1,0.002
bayesian_network,"LocalNeighbourhood(L_2, 0.250411558405805, accuracy)",12435,0,0.0,0,0.002
bayesian_network,"LocalNeighbourhood(L_2, 0.250411558405805, accuracy)",12435,1,0.002,1,0.002
bayesian_network,"LocalNeighbourhood(L_2, 0.250411558405805, accuracy)",12435,0,0.002,1,0.002
bayesian_network,"LocalNeighbourhood(L_2, 0.250411558405805, accuracy)",12435,1,0.004,1,0.002
bayesian_network,"LocalNeighbourhood(L_2, 0.250411558405805, accuracy)",12435,0,0.0,0,0.002
bayesian_network,"LocalNeighbourhood(L_2, 0.250411558405805, accuracy)",12435,1,0.002,1,0.002
bayesian_network,"LocalNeighbourhood(L_2, 0.250411558405805, accuracy)",12435,0,0.0,0,0.002
bayesian_network,"LocalNeighbourhood(L_2, 0.250411558405805, accuracy)",12435,1,0.006,1,0.002
bayesian_network,"LocalNeighbourhood(L_2, 0.250411558405805, accuracy)",12435,0,0.002,1,0.002
bayesian_network,"LocalNeighbourhood(L_2, 0.250411558405805, accuracy)",12435,1,0.002,1,0.002
bayesian_network,"LocalNeighbourhood(L_2, 0.250411558405805, accuracy)",12435,0,0.004,1,0.002
bayesian_network,"LocalNeighbourhood(L_2, 0.250411558405805, accuracy)",12435,1,0.0,0,0.002
bayesian_network,"LocalNeighbourhood(L_2, 0.250411558405805, accuracy)",12435,0,0.004,1,0.002
bayesian_network,"LocalNeighbourhood(L_2, 0.250411558405805, accuracy)",12435,1,0.002,1,0.002
bayesian_network,"LocalNeighbourhood(L_2, 0.250411558405805, accuracy)",12435,0,0.002,1,0.002
bayesian_network,"LocalNeighbourhood(L_2, 0.250411558405805, accuracy)",12435,1,0.0,0,0.002
bayesian_network,"LocalNeighbourhood(L_2, 0.250411558405805, accuracy)",12435,0,0.006,1,0.002
bayesian_network,"LocalNeighbourhood(L_2, 0.250411558405805, accuracy)",12435,1,0.002,1,0.002
bayesian_network,"LocalNeighbourhood(L_2, 0.250411558405805, accuracy)",12435,0,0.004,1,0.002
bayesian_network,"LocalNeighbourhood(L_2, 0.250411558405805, accuracy)",12435,1,0.0,0,0.002
bayesian_network,"LocalNeighbourhood(L_2, 0.250411558405805, accuracy)",12435,0,0.004,1,0.002
bayesian_network,"LocalNeighbourhood(L_2, 0.250411558405805, accuracy)",12435,1,0.002,1,0.002
bayesian_network,"LocalNeighbourhood(L_2, 0.250411558405805, accuracy)",12435,0,0.002,1,0.002
bayesian_network,"LocalNeighbourhood(L_2, 0.250411558405805, accuracy)",12435,1,0.0,0,0.002
bayesian_network,"LocalNeighbourhood(L_2, 0.250411558405805, accuracy)",12435,0,0.002,1,0.002
bayesian_network,"LocalNeighbourhood(L_2, 0.250411558405805, accuracy)",12435,1,0.004,1,0.002
bayesian_network,"LocalNeighbourhood(L_2, 0.250411558405805, accuracy)",12435,0,0.0,0,0.002
bayesian_network,"LocalNeighbourhood(L_2, 0.250411558405805, accuracy)",12435,1,0.002,1,0.002
bayesian_network,"LocalNeighbourhood(L_2, 0.250411558405805, accuracy)",12435,0,0.002,1,0.002
bayesian_network,"LocalNeighbourhood(L_2, 0.250411558405805, accuracy)",12435,1,0.0,0,0.002
bayesian_network,"LocalNeighbourhood(L_2, 0.250411558405805, accuracy)",12435,0,0.002,1,0.002
bayesian_network,"LocalNeighbourhood(L_2, 0.250411558405805, accuracy)",12435,1,0.004,1,0.002
bayesian_network,"LocalNeighbourhood(L_2, 0.250411558405805, accuracy)",12435,0,0.0,0,0.002
bayesian_network,"LocalNeighbourhood(L_2, 0.250411558405805, accuracy)",12435,1,0.002,1,0.002
bayesian_network,"LocalNeighbourhood(L_2, 0.250411558405805, accuracy)",12435,0,0.004,1,0.002
bayesian_network,"LocalNeighbourhood(L_2, 0.250411558405805, accuracy)",12435,1,0.0,0,0.002
bayesian_network,"LocalNeighbourhood(L_2, 0.250411558405805, accuracy)",12435,0,0.0,0,0.002
bayesian_network,"LocalNeighbourhood(L_2, 0.250411558405805, accuracy)",12435,1,0.0,0,0.002
bayesian_network,"LocalNeighbourhood(L_2, 0.250411558405805, accuracy)",12435,0,0.0,0,0.002
bayesian_network,"LocalNeighbourhood(L_2, 0.250411558405805, accuracy)",12435,1,0.0,0,0.002
bayesian_network,"LocalNeighbourhood(L_2, 0.250411558405805, accuracy)",12435,0,0.004,1,0.002
bayesian_network,"LocalNeighbourhood(L_2, 0.250411558405805, accuracy)",12435,1,0.006,1,0.002
bayesian_network,"LocalNeighbourhood(L_2, 0.250411558405805, accuracy)",12435,0,0.004,1,0.002
bayesian_network,"LocalNeighbourhood(L_2, 0.250411558405805, accuracy)",12435,1,0.002,1,0.002
bayesian_network,"LocalNeighbourhood(L_2, 0.250411558405805, accuracy)",12435,0,0.002,1,0.002
bayesian_network,"LocalNeighbourhood(L_2, 0.250411558405805, accuracy)",12435,1,0.0,0,0.002
bayesian_network,"LocalNeighbourhood(L_2, 0.250411558405805, accuracy)",12435,0,0.0,0,0.002
bayesian_network,"LocalNeighbourhood(L_2, 0.250411558405805, accuracy)",12435,1,0.0,0,0.002
bayesian_network,"LocalNeighbourhood(L_2, 0.250411558405805, accuracy)",12435,0,0.002,1,0.002
bayesian_network,"LocalNeighbourhood(L_2, 0.250411558405805, accuracy)",12435,1,0.002,1,0.002
bayesian_network,"LocalNeighbourhood(L_2, 0.250411558405805, accuracy)",12435,0,0.004,1,0.002
bayesian_network,"LocalNeighbourhood(L_2, 0.250411558405805, accuracy)",12435,1,0.002,1,0.002
bayesian_network,"LocalNeighbourhood(L_2, 0.250411558405805, accuracy)",12435,0,0.002,1,0.002
bayesian_network,"LocalNeighbourhood(L_2, 0.250411558405805, accuracy)",12435,1,0.002,1,0.002
bayesian_network,"LocalNeighbourhood(L_2, 0.250411558405805, accuracy)",12435,0,0.0,0,0.002
bayesian_network,"LocalNeighbourhood(L_2, 0.250411558405805, accuracy)",12435,1,0.004,1,0.002
bayesian_network,"LocalNeighbourhood(L_2, 0.250411558405805, accuracy)",12435,0,0.002,1,0.002
bayesian_network,"LocalNeighbourhood(L_2, 0.250411558405805, accuracy)",12435,1,0.0,0,0.002
bayesian_network,"LocalNeighbourhood(L_2, 0.250411558405805, accuracy)",12435,0,0.008,1,0.002
bayesian_network,"LocalNeighbourhood(L_2, 0.250411558405805, accuracy)",12435,1,0.002,1,0.002
bayesian_network,"LocalNeighbourhood(L_2, 0.250411558405805, accuracy)",12435,0,0.0,0,0.002
bayesian_network,"LocalNeighbourhood(L_2, 0.250411558405805, accuracy)",12435,1,0.0,0,0.002
bayesian_network,"LocalNeighbourhood(L_2, 0.250411558405805, accuracy)",12435,0,0.002,1,0.002
bayesian_network,"LocalNeighbourhood(L_2, 0.250411558405805, accuracy)",12435,1,0.002,1,0.002
bayesian_network,"LocalNeighbourhood(L_2, 0.250411558405805, accuracy)",12435,0,0.008,1,0.002
bayesian_network,"LocalNeighbourhood(L_2, 0.250411558405805, accuracy)",12435,1,0.002,1,0.002
bayesian_network,"LocalNeighbourhood(L_2, 0.250411558405805, accuracy)",12435,0,0.006,1,0.002
bayesian_network,"LocalNeighbourhood(L_2, 0.250411558405805, accuracy)",12435,1,0.002,1,0.002
bayesian_network,"LocalNeighbourhood(L_2, 0.250411558405805, accuracy)",12435,0,0.002,1,0.002
bayesian_network,"LocalNeighbourhood(L_2, 0.250411558405805, accuracy)",12435,1,0.0,0,0.002
bayesian_network,"LocalNeighbourhood(L_2, 0.250411558405805, accuracy)",12435,0,0.004,1,0.002
bayesian_network,"LocalNeighbourhood(L_2, 0.250411558405805, accuracy)",12435,1,0.008,1,0.002
bayesian_network,"LocalNeighbourhood(L_2, 0.250411558405805, accuracy)",12435,0,0.002,1,0.002
bayesian_network,"LocalNeighbourhood(L_2, 0.250411558405805, accuracy)",12435,1,0.002,1,0.002
bayesian_network,"LocalNeighbourhood(L_2, 0.250411558405805, accuracy)",12435,0,0.0,0,0.002
bayesian_network,"LocalNeighbourhood(L_2, 0.250411558405805, accuracy)",12435,1,0.0,0,0.002
bayesian_network,"LocalNeighbourhood(L_2, 0.250411558405805, accuracy)",12435,0,0.0,0,0.002
bayesian_network,"LocalNeighbourhood(L_2, 0.250411558405805, accuracy)",12435,1,0.0,0,0.002
bayesian_network,"LocalNeighbourhood(L_2, 0.250411558405805, accuracy)",12435,0,0.002,1,0.002
bayesian_network,"LocalNeighbourhood(L_2, 0.250411558405805, accuracy)",12435,1,0.0,0,0.002
bayesian_network,"LocalNeighbourhood(L_2, 0.250411558405805, accuracy)",12435,0,0.002,1,0.002
bayesian_network,"LocalNeighbourhood(L_2, 0.250411558405805, accuracy)",12435,1,0.002,1,0.002
bayesian_network,"LocalNeighbourhood(L_2, 0.250411558405805, accuracy)",12435,0,0.004,1,0.002
bayesian_network,"LocalNeighbourhood(L_2, 0.250411558405805, accuracy)",12435,1,0.0,0,0.002
bayesian_network,"LocalNeighbourhood(L_2, 0.250411558405805, accuracy)",12435,0,0.0,0,0.002
bayesian_network,"LocalNeighbourhood(L_2, 0.250411558405805, accuracy)",12435,1,0.0,0,0.002
bayesian_network,"LocalNeighbourhood(L_2, 0.250411558405805, accuracy)",12435,0,0.004,1,0.002
bayesian_network,"LocalNeighbourhood(L_2, 0.250411558405805, accuracy)",12435,1,0.0,0,0.002
bayesian_network,"LocalNeighbourhood(L_2, 0.250411558405805, accuracy)",12435,0,0.004,1,0.002
bayesian_network,"LocalNeighbourhood(L_2, 0.250411558405805, accuracy)",12435,1,0.0,0,0.002
bayesian_network,"LocalNeighbourhood(L_2, 0.250411558405805, accuracy)",12435,0,0.004,1,0.002
bayesian_network,"LocalNeighbourhood(L_2, 0.250411558405805, accuracy)",12435,1,0.0,0,0.002
bayesian_network,"LocalNeighbourhood(L_2, 0.250411558405805, accuracy)",12435,0,0.0,0,0.002
bayesian_network,"LocalNeighbourhood(L_2, 0.250411558405805, accuracy)",12435,1,0.002,1,0.002
bayesian_network,"LocalNeighbourhood(L_2, 0.250411558405805, accuracy)",12435,0,0.004,1,0.002
bayesian_network,"LocalNeighbourhood(L_2, 0.250411558405805, accuracy)",12435,1,0.006,1,0.002
bayesian_network,"LocalNeighbourhood(L_2, 0.250411558405805, accuracy)",12435,0,0.002,1,0.002
bayesian_network,"LocalNeighbourhood(L_2, 0.250411558405805, accuracy)",12435,1,0.002,1,0.002
bayesian_network,"LocalNeighbourhood(L_2, 0.250411558405805, accuracy)",12435,0,0.006,1,0.002
bayesian_network,"LocalNeighbourhood(L_2, 0.250411558405805, accuracy)",12435,1,0.0,0,0.002
bayesian_network,"LocalNeighbourhood(L_2, 0.250411558405805, accuracy)",12435,0,0.002,1,0.002
bayesian_network,"LocalNeighbourhood(L_2, 0.250411558405805, accuracy)",12435,1,0.0,0,0.002
bayesian_network,"LocalNeighbourhood(L_2, 0.250411558405805, accuracy)",12435,0,0.0,0,0.002
bayesian_network,"LocalNeighbourhood(L_2, 0.250411558405805, accuracy)",12435,1,0.0,0,0.002
bayesian_network,"LocalNeighbourhood(L_2, 0.250411558405805, accuracy)",12435,0,0.002,1,0.002
bayesian_network,"LocalNeighbourhood(L_2, 0.250411558405805, accuracy)",12435,1,0.002,1,0.002
bayesian_network,"LocalNeighbourhood(L_2, 0.250411558405805, accuracy)",12435,0,0.002,1,0.002
bayesian_network,"LocalNeighbourhood(L_2, 0.250411558405805, accuracy)",12435,1,0.002,1,0.002
bayesian_network,"LocalNeighbourhood(L_2, 0.250411558405805, accuracy)",12435,0,0.002,1,0.002
bayesian_network,"LocalNeighbourhood(L_2, 0.250411558405805, accuracy)",12435,1,0.004,1,0.002
bayesian_network,"LocalNeighbourhood(L_2, 0.250411558405805, accuracy)",12435,0,0.0,0,0.002
bayesian_network,"LocalNeighbourhood(L_2, 0.250411558405805, accuracy)",12435,1,0.0,0,0.002
bayesian_network,"LocalNeighbourhood(L_2, 0.250411558405805, accuracy)",12435,0,0.004,1,0.002
bayesian_network,"LocalNeighbourhood(L_2, 0.250411558405805, accuracy)",12435,1,0.004,1,0.002
bayesian_network,"LocalNeighbourhood(L_2, 0.250411558405805, accuracy)",12435,0,0.0,0,0.002
bayesian_network,"LocalNeighbourhood(L_2, 0.250411558405805, accuracy)",12435,1,0.004,1,0.002
bayesian_network,"LocalNeighbourhood(L_2, 0.250411558405805, accuracy)",12435,0,0.004,1,0.002
bayesian_network,"LocalNeighbourhood(L_2, 0.250411558405805, accuracy)",12435,1,0.004,1,0.002
bayesian_network,"LocalNeighbourhood(L_2, 0.250411558405805, accuracy)",12435,0,0.002,1,0.002
bayesian_network,"LocalNeighbourhood(L_2, 0.250411558405805, accuracy)",12435,1,0.002,1,0.002
bayesian_network,"LocalNeighbourhood(L_2, 0.250411558405805, accuracy)",12435,0,0.004,1,0.002
bayesian_network,"LocalNeighbourhood(L_2, 0.250411558405805, accuracy)",12435,1,0.002,1,0.002
bayesian_network,"LocalNeighbourhood(L_2, 0.250411558405805, accuracy)",12435,0,0.0,0,0.002
bayesian_network,"LocalNeighbourhood(L_2, 0.250411558405805, accuracy)",12435,1,0.0,0,0.002
bayesian_network,"LocalNeighbourhood(L_2, 0.250411558405805, accuracy)",12435,0,0.002,1,0.002
bayesian_network,"LocalNeighbourhood(L_2, 0.250411558405805, accuracy)",12435,1,0.002,1,0.002
bayesian_network,"LocalNeighbourhood(L_2, 0.250411558405805, accuracy)",12435,0,0.006,1,0.002
bayesian_network,"LocalNeighbourhood(L_2, 0.250411558405805, accuracy)",12435,1,0.0,0,0.002
bayesian_network,"LocalNeighbourhood(L_2, 0.250411558405805, accuracy)",12435,0,0.002,1,0.002
bayesian_network,"LocalNeighbourhood(L_2, 0.250411558405805, accuracy)",12435,1,0.004,1,0.002
bayesian_network,"LocalNeighbourhood(L_2, 0.250411558405805, accuracy)",12435,0,0.0,0,0.002
bayesian_network,"LocalNeighbourhood(L_2, 0.250411558405805, accuracy)",12435,1,0.004,1,0.002
bayesian_network,"LocalNeighbourhood(L_2, 0.250411558405805, accuracy)",12435,0,0.0,0,0.002
bayesian_network,"LocalNeighbourhood(L_2, 0.250411558405805, accuracy)",12435,1,0.002,1,0.002
bayesian_network,"LocalNeighbourhood(L_2, 0.250411558405805, accuracy)",12435,0,0.0,0,0.002
bayesian_network,"LocalNeighbourhood(L_2, 0.250411558405805, accuracy)",12435,1,0.0,0,0.002
bayesian_network,"LocalNeighbourhood(L_2, 0.250411558405805, accuracy)",12435,0,0.0,0,0.002
bayesian_network,"LocalNeighbourhood(L_2, 0.250411558405805, accuracy)",12435,1,0.002,1,0.002
bayesian_network,"LocalNeighbourhood(L_2, 0.250411558405805, accuracy)",12435,0,0.006,1,0.002
bayesian_network,"LocalNeighbourhood(L_2, 0.250411558405805, accuracy)",12435,1,0.0,0,0.002
bayesian_network,"LocalNeighbourhood(L_2, 0.250411558405805, accuracy)",12435,0,0.002,1,0.002
bayesian_network,"LocalNeighbourhood(L_2, 0.250411558405805, accuracy)",12435,1,0.0,0,0.002
bayesian_network,"LocalNeighbourhood(L_2, 0.250411558405805, accuracy)",12435,0,0.0,0,0.002
bayesian_network,"LocalNeighbourhood(L_2, 0.250411558405805, accuracy)",12435,1,0.0,0,0.002
bayesian_network,"LocalNeighbourhood(L_2, 0.250411558405805, accuracy)",12435,0,0.002,1,0.002
bayesian_network,"LocalNeighbourhood(L_2, 0.250411558405805, accuracy)",12435,1,0.0,0,0.002
bayesian_network,"LocalNeighbourhood(L_2, 0.250411558405805, accuracy)",12435,0,0.0,0,0.002
bayesian_network,"LocalNeighbourhood(L_2, 0.250411558405805, accuracy)",12435,1,0.0,0,0.002
bayesian_network,"LocalNeighbourhood(L_2, 0.250411558405805, accuracy)",12435,0,0.0,0,0.002
bayesian_network,"LocalNeighbourhood(L_2, 0.250411558405805, accuracy)",12435,1,0.002,1,0.002
bayesian_network,"LocalNeighbourhood(L_2, 0.250411558405805, accuracy)",12435,0,0.006,1,0.002
bayesian_network,"LocalNeighbourhood(L_2, 0.250411558405805, accuracy)",12435,1,0.002,1,0.002
bayesian_network,"LocalNeighbourhood(L_2, 0.250411558405805, accuracy)",12435,0,0.0,0,0.002
bayesian_network,"LocalNeighbourhood(L_2, 0.250411558405805, accuracy)",12435,1,0.008,1,0.002
bayesian_network,"LocalNeighbourhood(L_2, 0.250411558405805, accuracy)",12435,0,0.004,1,0.002
bayesian_network,"LocalNeighbourhood(L_2, 0.250411558405805, accuracy)",12435,1,0.0,0,0.002
bayesian_network,"LocalNeighbourhood(L_2, 0.250411558405805, accuracy)",12435,0,0.0,0,0.002
bayesian_network,"LocalNeighbourhood(L_2, 0.250411558405805, accuracy)",12435,1,0.0,0,0.002
bayesian_network,"LocalNeighbourhood(L_2, 0.250411558405805, accuracy)",12435,0,0.004,1,0.002
bayesian_network,"LocalNeighbourhood(L_2, 0.250411558405805, accuracy)",12435,1,0.002,1,0.002
bayesian_network,"LocalNeighbourhood(L_2, 0.250411558405805, accuracy)",12435,0,0.0,0,0.002
bayesian_network,"LocalNeighbourhood(L_2, 0.250411558405805, accuracy)",12435,1,0.004,1,0.002
bayesian_network,"LocalNeighbourhood(L_2, 0.250411558405805, accuracy)",12435,0,0.0,0,0.002
bayesian_network,"LocalNeighbourhood(L_2, 0.250411558405805, accuracy)",12435,1,0.004,1,0.002
bayesian_network,"LocalNeighbourhood(L_2, 0.250411558405805, accuracy)",12435,0,0.0,0,0.002
bayesian_network,"LocalNeighbourhood(L_2, 0.250411558405805, accuracy)",12435,1,0.002,1,0.002
bayesian_network,"LocalNeighbourhood(L_2, 0.250411558405805, accuracy)",12435,0,0.002,1,0.002
bayesian_network,"LocalNeighbourhood(L_2, 0.250411558405805, accuracy)",12435,1,0.002,1,0.002
bayesian_network,"LocalNeighbourhood(L_2, 0.250411558405805, accuracy)",12435,0,0.002,1,0.002
bayesian_network,"LocalNeighbourhood(L_2, 0.250411558405805, accuracy)",12435,1,0.006,1,0.002
bayesian_network,"LocalNeighbourhood(L_2, 0.250411558405805, accuracy)",12435,0,0.0,0,0.002
bayesian_network,"LocalNeighbourhood(L_2, 0.250411558405805, accuracy)",12435,1,0.002,1,0.002
bayesian_network,"LocalNeighbourhood(L_2, 0.250411558405805, accuracy)",12435,0,0.004,1,0.002
bayesian_network,"LocalNeighbourhood(L_2, 0.250411558405805, accuracy)",12435,1,0.002,1,0.002
bayesian_network,"LocalNeighbourhood(L_2, 0.250411558405805, accuracy)",12435,0,0.004,1,0.002
bayesian_network,"LocalNeighbourhood(L_2, 0.250411558405805, accuracy)",12435,1,0.0,0,0.002
bayesian_network,"LocalNeighbourhood(L_2, 0.250411558405805, accuracy)",12435,0,0.002,1,0.002
bayesian_network,"LocalNeighbourhood(L_2, 0.250411558405805, accuracy)",12435,1,0.0,0,0.002
bayesian_network,"LocalNeighbourhood(L_2, 0.250411558405805, accuracy)",12435,0,0.002,1,0.002
bayesian_network,"LocalNeighbourhood(L_2, 0.250411558405805, accuracy)",12435,1,0.002,1,0.002
bayesian_network,"LocalNeighbourhood(L_2, 0.250411558405805, accuracy)",12435,0,0.004,1,0.002
bayesian_network,"LocalNeighbourhood(L_2, 0.250411558405805, accuracy)",12435,1,0.002,1,0.002
bayesian_network,"LocalNeighbourhood(L_2, 0.250411558405805, accuracy)",12435,0,0.0,0,0.002
bayesian_network,"LocalNeighbourhood(L_2, 0.250411558405805, accuracy)",12435,1,0.0,0,0.002
bayesian_network,"LocalNeighbourhood(L_2, 0.250411558405805, accuracy)",12435,0,0.0,0,0.002
bayesian_network,"LocalNeighbourhood(L_2, 0.250411558405805, accuracy)",12435,1,0.002,1,0.002
bayesian_network,"LocalNeighbourhood(L_2, 0.250411558405805, accuracy)",12435,0,0.002,1,0.002
bayesian_network,"LocalNeighbourhood(L_2, 0.250411558405805, accuracy)",12435,1,0.002,1,0.002
bayesian_network,"LocalNeighbourhood(L_2, 0.250411558405805, accuracy)",12435,0,0.002,1,0.002
bayesian_network,"LocalNeighbourhood(L_2, 0.250411558405805, accuracy)",12435,1,0.0,0,0.002
bayesian_network,"LocalNeighbourhood(L_2, 0.250411558405805, accuracy)",12435,0,0.004,1,0.002
bayesian_network,"LocalNeighbourhood(L_2, 0.250411558405805, accuracy)",12435,1,0.002,1,0.002
bayesian_network,"LocalNeighbourhood(L_2, 0.250411558405805, accuracy)",12435,0,0.004,1,0.002
bayesian_network,"LocalNeighbourhood(L_2, 0.250411558405805, accuracy)",12435,1,0.0,0,0.002
bayesian_network,"LocalNeighbourhood(L_2, 0.250411558405805, accuracy)",12435,0,0.004,1,0.002
bayesian_network,"LocalNeighbourhood(L_2, 0.250411558405805, accuracy)",12435,1,0.0,0,0.002
bayesian_network,"LocalNeighbourhood(L_2, 0.250411558405805, accuracy)",12435,0,0.0,0,0.002
bayesian_network,"LocalNeighbourhood(L_2, 0.250411558405805, accuracy)",12435,1,0.0,0,0.002
bayesian_network,"LocalNeighbourhood(L_2, 0.250411558405805, accuracy)",12435,0,0.0,0,0.002
bayesian_network,"LocalNeighbourhood(L_2, 0.250411558405805, accuracy)",12435,1,0.0,0,0.002
bayesian_network,"LocalNeighbourhood(L_2, 0.250411558405805, accuracy)",12435,0,0.002,1,0.002
bayesian_network,"LocalNeighbourhood(L_2, 0.250411558405805, accuracy)",12435,1,0.002,1,0.002
bayesian_network,"LocalNeighbourhood(L_2, 0.250411558405805, accuracy)",12435,0,0.002,1,0.002
bayesian_network,"LocalNeighbourhood(L_2, 0.250411558405805, accuracy)",12435,1,0.002,1,0.002
bayesian_network,"LocalNeighbourhood(L_2, 0.250411558405805, accuracy)",12435,0,0.002,1,0.002
bayesian_network,"LocalNeighbourhood(L_2, 0.250411558405805, accuracy)",12435,1,0.006,1,0.002
bayesian_network,"LocalNeighbourhood(L_2, 0.250411558405805, accuracy)",12435,0,0.002,1,0.002
bayesian_network,"LocalNeighbourhood(L_2, 0.250411558405805, accuracy)",12435,1,0.0,0,0.002
bayesian_network,"LocalNeighbourhood(L_2, 0.250411558405805, accuracy)",12435,0,0.002,1,0.002
bayesian_network,"LocalNeighbourhood(L_2, 0.250411558405805, accuracy)",12435,1,0.004,1,0.002
bayesian_network,"LocalNeighbourhood(L_2, 0.250411558405805, accuracy)",12435,0,0.002,1,0.002
bayesian_network,"LocalNeighbourhood(L_2, 0.250411558405805, accuracy)",12435,1,0.002,1,0.002
bayesian_network,"LocalNeighbourhood(L_2, 0.250411558405805, accuracy)",12435,0,0.002,1,0.002
bayesian_network,"LocalNeighbourhood(L_2, 0.250411558405805, accuracy)",12435,1,0.004,1,0.002
bayesian_network,"LocalNeighbourhood(L_2, 0.250411558405805, accuracy)",12435,0,0.004,1,0.002
bayesian_network,"LocalNeighbourhood(L_2, 0.250411558405805, accuracy)",12435,1,0.006,1,0.002
bayesian_network,"LocalNeighbourhood(L_2, 0.250411558405805, accuracy)",12435,0,0.0,0,0.002
bayesian_network,"LocalNeighbourhood(L_2, 0.250411558405805, accuracy)",12435,1,0.004,1,0.002
bayesian_network,"LocalNeighbourhood(L_2, 0.250411558405805, accuracy)",12435,0,0.0,0,0.002
bayesian_network,"LocalNeighbourhood(L_2, 0.250411558405805, accuracy)",12435,1,0.0,0,0.002
bayesian_network,"LocalNeighbourhood(L_2, 0.250411558405805, accuracy)",12435,0,0.0,0,0.002
bayesian_network,"LocalNeighbourhood(L_2, 0.250411558405805, accuracy)",12435,1,0.006,1,0.002
bayesian_network,"LocalNeighbourhood(L_2, 0.250411558405805, accuracy)",12435,0,0.004,1,0.002
bayesian_network,"LocalNeighbourhood(L_2, 0.250411558405805, accuracy)",12435,1,0.002,1,0.002
bayesian_network,"LocalNeighbourhood(L_2, 0.250411558405805, accuracy)",12435,0,0.0,0,0.002
bayesian_network,"LocalNeighbourhood(L_2, 0.250411558405805, accuracy)",12435,1,0.0,0,0.002
bayesian_network,"LocalNeighbourhood(L_2, 0.250411558405805, accuracy)",12435,0,0.0,0,0.002
bayesian_network,"LocalNeighbourhood(L_2, 0.250411558405805, accuracy)",12435,1,0.006,1,0.002
bayesian_network,"LocalNeighbourhood(L_2, 0.250411558405805, accuracy)",12435,0,0.0,0,0.002
bayesian_network,"LocalNeighbourhood(L_2, 0.250411558405805, accuracy)",12435,1,0.004,1,0.002
bayesian_network,"LocalNeighbourhood(L_2, 0.250411558405805, accuracy)",12435,0,0.0,0,0.002
bayesian_network,"LocalNeighbourhood(L_2, 0.250411558405805, accuracy)",12435,1,0.0,0,0.002
bayesian_network,"LocalNeighbourhood(L_2, 0.250411558405805, accuracy)",12435,0,0.0,0,0.002
bayesian_network,"LocalNeighbourhood(L_2, 0.250411558405805, accuracy)",12435,1,0.002,1,0.002
bayesian_network,"LocalNeighbourhood(L_2, 0.250411558405805, accuracy)",12435,0,0.0,0,0.002
bayesian_network,"LocalNeighbourhood(L_2, 0.250411558405805, accuracy)",12435,1,0.0,0,0.002
bayesian_network,"LocalNeighbourhood(L_2, 0.250411558405805, accuracy)",12435,0,0.002,1,0.002
bayesian_network,"LocalNeighbourhood(L_2, 0.250411558405805, accuracy)",12435,1,0.002,1,0.002
bayesian_network,"LocalNeighbourhood(L_2, 0.250411558405805, accuracy)",12435,0,0.002,1,0.002
bayesian_network,"LocalNeighbourhood(L_2, 0.250411558405805, accuracy)",12435,1,0.002,1,0.002
bayesian_network,"LocalNeighbourhood(L_2, 0.250411558405805, accuracy)",12435,0,0.004,1,0.002
bayesian_network,"LocalNeighbourhood(L_2, 0.250411558405805, accuracy)",12435,1,0.002,1,0.002
bayesian_network,"LocalNeighbourhood(L_2, 0.250411558405805, accuracy)",12435,0,0.0,0,0.002
bayesian_network,"LocalNeighbourhood(L_2, 0.250411558405805, accuracy)",12435,1,0.002,1,0.002
bayesian_network,"LocalNeighbourhood(L_2, 0.250411558405805, accuracy)",12435,0,0.002,1,0.002
bayesian_network,"LocalNeighbourhood(L_2, 0.250411558405805, accuracy)",12435,1,0.002,1,0.002
bayesian_network,"LocalNeighbourhood(L_2, 0.250411558405805, accuracy)",12435,0,0.0,0,0.002
bayesian_network,"LocalNeighbourhood(L_2, 0.250411558405805, accuracy)",12435,1,0.002,1,0.002
bayesian_network,"LocalNeighbourhood(L_2, 0.250411558405805, accuracy)",12435,0,0.004,1,0.002
bayesian_network,"LocalNeighbourhood(L_2, 0.250411558405805, accuracy)",12435,1,0.0,0,0.002
bayesian_network,"LocalNeighbourhood(L_2, 0.250411558405805, accuracy)",12435,0,0.002,1,0.002
bayesian_network,"LocalNeighbourhood(L_2, 0.250411558405805, accuracy)",12435,1,0.0,0,0.002
bayesian_network,"LocalNeighbourhood(L_2, 0.250411558405805, accuracy)",12435,0,0.008,1,0.002
bayesian_network,"LocalNeighbourhood(L_2, 0.250411558405805, accuracy)",12435,1,0.004,1,0.002
bayesian_network,"LocalNeighbourhood(L_2, 0.250411558405805, accuracy)",12435,0,0.0,0,0.002
bayesian_network,"LocalNeighbourhood(L_2, 0.250411558405805, accuracy)",12435,1,0.002,1,0.002
bayesian_network,"LocalNeighbourhood(L_2, 0.250411558405805, accuracy)",12435,0,0.002,1,0.002
bayesian_network,"LocalNeighbourhood(L_2, 0.250411558405805, accuracy)",12435,1,0.002,1,0.002
bayesian_network,"LocalNeighbourhood(L_2, 0.250411558405805, accuracy)",12435,0,0.002,1,0.002
bayesian_network,"LocalNeighbourhood(L_2, 0.250411558405805, accuracy)",12435,1,0.004,1,0.002
bayesian_network,"LocalNeighbourhood(L_2, 0.250411558405805, accuracy)",12435,0,0.002,1,0.002
bayesian_network,"LocalNeighbourhood(L_2, 0.250411558405805, accuracy)",12435,1,0.0,0,0.002
bayesian_network,"LocalNeighbourhood(L_2, 0.250411558405805, accuracy)",12435,0,0.0,0,0.002
bayesian_network,"LocalNeighbourhood(L_2, 0.250411558405805, accuracy)",12435,1,0.006,1,0.002
bayesian_network,"LocalNeighbourhood(L_2, 0.250411558405805, accuracy)",12435,0,0.0,0,0.002
bayesian_network,"LocalNeighbourhood(L_2, 0.250411558405805, accuracy)",12435,1,0.0,0,0.002
bayesian_network,"LocalNeighbourhood(L_2, 0.250411558405805, accuracy)",12435,0,0.0,0,0.002
bayesian_network,"LocalNeighbourhood(L_2, 0.250411558405805, accuracy)",12435,1,0.0,0,0.002
bayesian_network,"LocalNeighbourhood(L_2, 0.250411558405805, accuracy)",12435,0,0.002,1,0.002
bayesian_network,"LocalNeighbourhood(L_2, 0.250411558405805, accuracy)",12435,1,0.0,0,0.002
bayesian_network,"LocalNeighbourhood(L_2, 0.250411558405805, accuracy)",12435,0,0.0,0,0.002
bayesian_network,"LocalNeighbourhood(L_2, 0.250411558405805, accuracy)",12435,1,0.002,1,0.002
bayesian_network,"LocalNeighbourhood(L_2, 0.250411558405805, accuracy)",12435,0,0.002,1,0.002
bayesian_network,"LocalNeighbourhood(L_2, 0.250411558405805, accuracy)",12435,1,0.006,1,0.002
bayesian_network,"LocalNeighbourhood(L_2, 0.250411558405805, accuracy)",12435,0,0.006,1,0.002
bayesian_network,"LocalNeighbourhood(L_2, 0.250411558405805, accuracy)",12435,1,0.004,1,0.002
bayesian_network,"LocalNeighbourhood(L_2, 0.250411558405805, accuracy)",12435,0,0.0,0,0.002
bayesian_network,"LocalNeighbourhood(L_2, 0.250411558405805, accuracy)",12435,1,0.0,0,0.002
bayesian_network,"LocalNeighbourhood(L_2, 0.250411558405805, accuracy)",12435,0,0.004,1,0.002
bayesian_network,"LocalNeighbourhood(L_2, 0.250411558405805, accuracy)",12435,1,0.002,1,0.002
bayesian_network,"LocalNeighbourhood(L_2, 0.250411558405805, accuracy)",12435,0,0.0,0,0.002
bayesian_network,"LocalNeighbourhood(L_2, 0.250411558405805, accuracy)",12435,1,0.002,1,0.002
bayesian_network,"LocalNeighbourhood(L_2, 0.250411558405805, accuracy)",12435,0,0.002,1,0.002
bayesian_network,"LocalNeighbourhood(L_2, 0.250411558405805, accuracy)",12435,1,0.0,0,0.002
bayesian_network,"LocalNeighbourhood(L_2, 0.250411558405805, accuracy)",12435,0,0.0,0,0.002
bayesian_network,"LocalNeighbourhood(L_2, 0.250411558405805, accuracy)",12435,1,0.004,1,0.002
bayesian_network,"LocalNeighbourhood(L_2, 0.250411558405805, accuracy)",12435,0,0.0,0,0.002
bayesian_network,"LocalNeighbourhood(L_2, 0.250411558405805, accuracy)",12435,1,0.0,0,0.002
bayesian_network,"LocalNeighbourhood(L_2, 0.250411558405805, accuracy)",12435,0,0.002,1,0.002
bayesian_network,"LocalNeighbourhood(L_2, 0.250411558405805, accuracy)",12435,1,0.002,1,0.002
bayesian_network,"LocalNeighbourhood(L_2, 0.250411558405805, accuracy)",12435,0,0.002,1,0.002
bayesian_network,ProbabilityEstimation(KernelDensity()),12435,1,-84.53103458951185,1,-84.54567909174295
bayesian_network,ProbabilityEstimation(KernelDensity()),12435,0,-84.56855688076189,0,-84.54567909174295
bayesian_network,ProbabilityEstimation(KernelDensity()),12435,1,-84.50759413211958,1,-84.54567909174295
bayesian_network,ProbabilityEstimation(KernelDensity()),12435,0,-84.49311529135831,1,-84.54567909174295
bayesian_network,ProbabilityEstimation(KernelDensity()),12435,1,-84.51451083849135,1,-84.54567909174295
bayesian_network,ProbabilityEstimation(KernelDensity()),12435,0,-84.48259552642664,1,-84.54567909174295
bayesian_network,ProbabilityEstimation(KernelDensity()),12435,1,-84.56888330074483,0,-84.54567909174295
bayesian_network,ProbabilityEstimation(KernelDensity()),12435,0,-84.5265653024611,1,-84.54567909174295
bayesian_network,ProbabilityEstimation(KernelDensity()),12435,1,-84.51279949543668,1,-84.54567909174295
bayesian_network,ProbabilityEstimation(KernelDensity()),12435,0,-84.51345950428433,1,-84.54567909174295
bayesian_network,ProbabilityEstimation(KernelDensity()),12435,1,-84.35940570534085,1,-84.54567909174295
bayesian_network,ProbabilityEstimation(KernelDensity()),12435,0,-84.60124783923565,0,-84.54567909174295
bayesian_network,ProbabilityEstimation(KernelDensity()),12435,1,-84.47102474232832,1,-84.54567909174295
bayesian_network,ProbabilityEstimation(KernelDensity()),12435,0,-84.56446456474694,0,-84.54567909174295
bayesian_network,ProbabilityEstimation(KernelDensity()),12435,1,-84.56691069228319,0,-84.54567909174295
bayesian_network,ProbabilityEstimation(KernelDensity()),12435,0,-84.59568061240216,0,-84.54567909174295
bayesian_network,ProbabilityEstimation(KernelDensity()),12435,1,-84.5413793082148,1,-84.54567909174295
bayesian_network,ProbabilityEstimation(KernelDensity()),12435,0,-84.4422116748958,1,-84.54567909174295
bayesian_network,ProbabilityEstimation(KernelDensity()),12435,1,-84.56334946261398,0,-84.54567909174295
bayesian_network,ProbabilityEstimation(KernelDensity()),12435,0,-84.47534022449213,1,-84.54567909174295
bayesian_network,ProbabilityEstimation(KernelDensity()),12435,1,-84.5369219005393,1,-84.54567909174295
bayesian_network,ProbabilityEstimation(KernelDensity()),12435,0,-84.4560036285763,1,-84.54567909174295
bayesian_network,ProbabilityEstimation(KernelDensity()),12435,1,-84.58054797179321,0,-84.54567909174295
bayesian_network,ProbabilityEstimation(KernelDensity()),12435,0,-84.56830015840292,0,-84.54567909174295
bayesian_network,ProbabilityEstimation(KernelDensity()),12435,1,-84.49504258901224,1,-84.54567909174295
bayesian_network,ProbabilityEstimation(KernelDensity()),12435,0,-84.50354436871285,1,-84.54567909174295
bayesian_network,ProbabilityEstimation(KernelDensity()),12435,1,-84.54346448858928,1,-84.54567909174295
bayesian_network,ProbabilityEstimation(KernelDensity()),12435,0,-84.57494139453185,0,-84.54567909174295
bayesian_network,ProbabilityEstimation(KernelDensity()),12435,1,-84.48863856623308,1,-84.54567909174295
bayesian_network,ProbabilityEstimation(KernelDensity()),12435,0,-84.47080176239265,1,-84.54567909174295
bayesian_network,ProbabilityEstimation(KernelDensity()),12435,1,-84.56687427920832,0,-84.54567909174295
bayesian_network,ProbabilityEstimation(KernelDensity()),12435,0,-84.4458427195606,1,-84.54567909174295
bayesian_network,ProbabilityEstimation(KernelDensity()),12435,1,-84.43467261631554,1,-84.54567909174295
bayesian_network,ProbabilityEstimation(KernelDensity()),12435,0,-84.69467765885273,0,-84.54567909174295
bayesian_network,ProbabilityEstimation(KernelDensity()),12435,1,-84.59540087664627,0,-84.54567909174295
bayesian_network,ProbabilityEstimation(KernelDensity()),12435,0,-84.44032490260976,1,-84.54567909174295
bayesian_network,ProbabilityEstimation(KernelDensity()),12435,1,-84.48298853808434,1,-84.54567909174295
bayesian_network,ProbabilityEstimation(KernelDensity()),12435,0,-84.35517413557163,1,-84.54567909174295
bayesian_network,ProbabilityEstimation(KernelDensity()),12435,1,-84.60023597963468,0,-84.54567909174295
bayesian_network,ProbabilityEstimation(KernelDensity()),12435,0,-84.52728352174657,1,-84.54567909174295
bayesian_network,ProbabilityEstimation(KernelDensity()),12435,1,-84.57750563348016,0,-84.54567909174295
bayesian_network,ProbabilityEstimation(KernelDensity()),12435,0,-84.48067904344379,1,-84.54567909174295
bayesian_network,ProbabilityEstimation(KernelDensity()),12435,1,-84.44739759735619,1,-84.54567909174295
bayesian_network,ProbabilityEstimation(KernelDensity()),12435,0,-84.61364620601493,0,-84.54567909174295
bayesian_network,ProbabilityEstimation(KernelDensity()),12435,1,-84.54749160369056,0,-84.54567909174295
bayesian_network,ProbabilityEstimation(KernelDensity()),12435,0,-84.46729763139537,1,-84.54567909174295
bayesian_network,ProbabilityEstimation(KernelDensity()),12435,1,-84.56917794755125,0,-84.54567909174295
bayesian_network,ProbabilityEstimation(KernelDensity()),12435,0,-84.43327279695737,1,-84.54567909174295
bayesian_network,ProbabilityEstimation(KernelDensity()),12435,1,-84.51193704163937,1,-84.54567909174295
bayesian_network,ProbabilityEstimation(KernelDensity()),12435,0,-84.43109921478607,1,-84.54567909174295
bayesian_network,ProbabilityEstimation(KernelDensity()),12435,1,-84.43430004903134,1,-84.54567909174295
bayesian_network,ProbabilityEstimation(KernelDensity()),12435,0,-84.61163640822026,0,-84.54567909174295
bayesian_network,ProbabilityEstimation(KernelDensity()),12435,1,-84.48124097088709,1,-84.54567909174295
bayesian_network,ProbabilityEstimation(KernelDensity()),12435,0,-84.5323052813899,1,-84.54567909174295
bayesian_network,ProbabilityEstimation(KernelDensity()),12435,1,-84.47489893937258,1,-84.54567909174295
bayesian_network,ProbabilityEstimation(KernelDensity()),12435,0,-84.55140137828413,0,-84.54567909174295
bayesian_network,ProbabilityEstimation(KernelDensity()),12435,1,-84.61107953088487,0,-84.54567909174295
bayesian_network,ProbabilityEstimation(KernelDensity()),12435,0,-84.4260516043133,1,-84.54567909174295
bayesian_network,ProbabilityEstimation(KernelDensity()),12435,1,-84.63691868743147,0,-84.54567909174295
bayesian_network,ProbabilityEstimation(KernelDensity()),12435,0,-84.59306440565905,0,-84.54567909174295
bayesian_network,ProbabilityEstimation(KernelDensity()),12435,1,-84.52646567968694,1,-84.54567909174295
bayesian_network,ProbabilityEstimation(KernelDensity()),12435,0,-84.74643953090381,0,-84.54567909174295
bayesian_network,ProbabilityEstimation(KernelDensity()),12435,1,-84.47199681032366,1,-84.54567909174295
bayesian_network,ProbabilityEstimation(KernelDensity()),12435,0,-84.45227149970759,1,-84.54567909174295
bayesian_network,ProbabilityEstimation(KernelDensity()),12435,1,-84.54207765447022,1,-84.54567909174295
bayesian_network,ProbabilityEstimation(KernelDensity()),12435,0,-84.56978573229296,0,-84.54567909174295
bayesian_network,ProbabilityEstimation(KernelDensity()),12435,1,-84.49778594350849,1,-84.54567909174295
bayesian_network,ProbabilityEstimation(KernelDensity()),12435,0,-84.48085384067993,1,-84.54567909174295
bayesian_network,ProbabilityEstimation(KernelDensity()),12435,1,-84.59659163733139,0,-84.54567909174295
bayesian_network,ProbabilityEstimation(KernelDensity()),12435,0,-84.46026775988103,1,-84.54567909174295
bayesian_network,ProbabilityEstimation(KernelDensity()),12435,1,-84.63693037621258,0,-84.54567909174295
bayesian_network,ProbabilityEstimation(KernelDensity()),12435,0,-84.5235505547762,1,-84.54567909174295
bayesian_network,ProbabilityEstimation(KernelDensity()),12435,1,-84.62864058685703,0,-84.54567909174295
bayesian_network,ProbabilityEstimation(KernelDensity()),12435,0,-84.53710278349135,1,-84.54567909174295
bayesian_network,ProbabilityEstimation(KernelDensity()),12435,1,-84.43370684627689,1,-84.54567909174295
bayesian_network,ProbabilityEstimation(KernelDensity()),12435,0,-84.53524039170465,1,-84.54567909174295
bayesian_network,ProbabilityEstimation(KernelDensity()),12435,1,-84.51351873958441,1,-84.54567909174295
bayesian_network,ProbabilityEstimation(KernelDensity()),12435,0,-84.54786738053808,0,-84.54567909174295
bayesian_network,ProbabilityEstimation(KernelDensity()),12435,1,-84.6025937247226,0,-84.54567909174295
bayesian_network,ProbabilityEstimation(KernelDensity()),12435,0,-84.70619805281396,0,-84.54567909174295
bayesian_network,ProbabilityEstimation(KernelDensity()),12435,1,-84.4062971840724,1,-84.54567909174295
bayesian_network,ProbabilityEstimation(KernelDensity()),12435,0,-84.43295303392198,1,-84.54567909174295
bayesian_network,ProbabilityEstimation(KernelDensity()),12435,1,-84.33256982952847,1,-84.54567909174295
bayesian_network,ProbabilityEstimation(KernelDensity()),12435,0,-84.52776735365784,1,-84.54567909174295
bayesian_network,ProbabilityEstimation(KernelDensity()),12435,1,-84.54228287375417,1,-84.54567909174295
bayesian_network,ProbabilityEstimation(KernelDensity()),12435,0,-84.56387661724621,0,-84.54567909174295
bayesian_network,ProbabilityEstimation(KernelDensity()),12435,1,-84.51787506596477,1,-84.54567909174295
bayesian_network,ProbabilityEstimation(KernelDensity()),12435,0,-84.52698824216307,1,-84.54567909174295
bayesian_network,ProbabilityEstimation(KernelDensity()),12435,1,-84.53189317865296,1,-84.54567909174295
bayesian_network,ProbabilityEstimation(KernelDensity()),12435,0,-84.57098345127494,0,-84.54567909174295
bayesian_network,ProbabilityEstimation(KernelDensity()),12435,1,-84.56893540683339,0,-84.54567909174295
bayesian_network,ProbabilityEstimation(KernelDensity()),12435,0,-84.49844260045894,1,-84.54567909174295
bayesian_network,ProbabilityEstimation(KernelDensity()),12435,1,-84.66440020151661,0,-84.54567909174295
bayesian_network,ProbabilityEstimation(KernelDensity()),12435,0,-84.60373825984796,0,-84.54567909174295
bayesian_network,ProbabilityEstimation(KernelDensity()),12435,1,-84.66626105009394,0,-84.54567909174295
bayesian_network,ProbabilityEstimation(KernelDensity()),12435,0,-84.47855071601867,1,-84.54567909174295
bayesian_network,ProbabilityEstimation(KernelDensity()),12435,1,-84.4499027015511,1,-84.54567909174295
bayesian_network,ProbabilityEstimation(KernelDensity()),12435,0,-84.5894939870466,0,-84.54567909174295
bayesian_network,ProbabilityEstimation(KernelDensity()),12435,1,-84.56803729965463,0,-84.54567909174295
bayesian_network,ProbabilityEstimation(KernelDensity()),12435,0,-84.53014585011758,1,-84.54567909174295
bayesian_network,ProbabilityEstimation(KernelDensity()),12435,1,-84.45892013679997,1,-84.54567909174295
bayesian_network,ProbabilityEstimation(KernelDensity()),12435,0,-84.59888953580644,0,-84.54567909174295
bayesian_network,ProbabilityEstimation(KernelDensity()),12435,1,-84.50344105832178,1,-84.54567909174295
bayesian_network,ProbabilityEstimation(KernelDensity()),12435,0,-84.52320534774013,1,-84.54567909174295
bayesian_network,ProbabilityEstimation(KernelDensity()),12435,1,-84.54826113287736,0,-84.54567909174295
bayesian_network,ProbabilityEstimation(KernelDensity()),12435,0,-84.66498208778634,0,-84.54567909174295
bayesian_network,ProbabilityEstimation(KernelDensity()),12435,1,-84.54279621220083,1,-84.54567909174295
bayesian_network,ProbabilityEstimation(KernelDensity()),12435,0,-84.56296935966357,0,-84.54567909174295
bayesian_network,ProbabilityEstimation(KernelDensity()),12435,1,-84.54476146773054,1,-84.54567909174295
bayesian_network,ProbabilityEstimation(KernelDensity()),12435,0,-84.44006078952111,1,-84.54567909174295
bayesian_network,ProbabilityEstimation(KernelDensity()),12435,1,-84.50936999997879,1,-84.54567909174295
bayesian_network,ProbabilityEstimation(KernelDensity()),12435,0,-84.5322857521978,1,-84.54567909174295
bayesian_network,ProbabilityEstimation(KernelDensity()),12435,1,-84.47022005416848,1,-84.54567909174295
bayesian_network,ProbabilityEstimation(KernelDensity()),12435,0,-84.51921780729667,1,-84.54567909174295
bayesian_network,ProbabilityEstimation(KernelDensity()),12435,1,-84.44245707360008,1,-84.54567909174295
bayesian_network,ProbabilityEstimation(KernelDensity()),12435,0,-84.4669627969689,1,-84.54567909174295
bayesian_network,ProbabilityEstimation(KernelDensity()),12435,1,-84.54848321029422,0,-84.54567909174295
bayesian_network,ProbabilityEstimation(KernelDensity()),12435,0,-84.43244949013064,1,-84.54567909174295
bayesian_network,ProbabilityEstimation(KernelDensity()),12435,1,-84.50239641401717,1,-84.54567909174295
bayesian_network,ProbabilityEstimation(KernelDensity()),12435,0,-84.66367696157096,0,-84.54567909174295
bayesian_network,ProbabilityEstimation(KernelDensity()),12435,1,-84.53494528588608,1,-84.54567909174295
bayesian_network,ProbabilityEstimation(KernelDensity()),12435,0,-84.49162408662421,1,-84.54567909174295
bayesian_network,ProbabilityEstimation(KernelDensity()),12435,1,-84.47070227005304,1,-84.54567909174295
bayesian_network,ProbabilityEstimation(KernelDensity()),12435,0,-84.43178101487959,1,-84.54567909174295
bayesian_network,ProbabilityEstimation(KernelDensity()),12435,1,-84.59907549628171,0,-84.54567909174295
bayesian_network,ProbabilityEstimation(KernelDensity()),12435,0,-84.62050167012755,0,-84.54567909174295
bayesian_network,ProbabilityEstimation(KernelDensity()),12435,1,-84.51318021116835,1,-84.54567909174295
bayesian_network,ProbabilityEstimation(KernelDensity()),12435,0,-84.56303709528012,0,-84.54567909174295
bayesian_network,ProbabilityEstimation(KernelDensity()),12435,1,-84.66352485431376,0,-84.54567909174295
bayesian_network,ProbabilityEstimation(KernelDensity()),12435,0,-84.50918781033728,1,-84.54567909174295
bayesian_network,ProbabilityEstimation(KernelDensity()),12435,1,-84.4736916148134,1,-84.54567909174295
bayesian_network,ProbabilityEstimation(KernelDensity()),12435,0,-84.514329135565,1,-84.54567909174295
bayesian_network,ProbabilityEstimation(KernelDensity()),12435,1,-84.46396694033656,1,-84.54567909174295
bayesian_network,ProbabilityEstimation(KernelDensity()),12435,0,-84.4948931882679,1,-84.54567909174295
bayesian_network,ProbabilityEstimation(KernelDensity()),12435,1,-84.47804495186567,1,-84.54567909174295
bayesian_network,ProbabilityEstimation(KernelDensity()),12435,0,-84.55140880066138,0,-84.54567909174295
bayesian_network,ProbabilityEstimation(KernelDensity()),12435,1,-84.59142376869616,0,-84.54567909174295
bayesian_network,ProbabilityEstimation(KernelDensity()),12435,0,-84.32469386373555,1,-84.54567909174295
bayesian_network,ProbabilityEstimation(KernelDensity()),12435,1,-84.56666312507673,0,-84.54567909174295
bayesian_network,ProbabilityEstimation(KernelDensity()),12435,0,-84.44087440937743,1,-84.54567909174295
bayesian_network,ProbabilityEstimation(KernelDensity()),12435,1,-84.52257531872051,1,-84.54567909174295
bayesian_network,ProbabilityEstimation(KernelDensity()),12435,0,-84.53586206512232,1,-84.54567909174295
bayesian_network,ProbabilityEstimation(KernelDensity()),12435,1,-84.50551717584764,1,-84.54567909174295
bayesian_network,ProbabilityEstimation(KernelDensity()),12435,0,-84.40840835340109,1,-84.54567909174295
bayesian_network,ProbabilityEstimation(KernelDensity()),12435,1,-84.60853966483039,0,-84.54567909174295
bayesian_network,ProbabilityEstimation(KernelDensity()),12435,0,-84.64305936429908,0,-84.54567909174295
bayesian_network,ProbabilityEstimation(KernelDensity()),12435,1,-84.54379843113236,1,-84.54567909174295
bayesian_network,ProbabilityEstimation(KernelDensity()),12435,0,-84.47156298110639,1,-84.54567909174295
bayesian_network,ProbabilityEstimation(KernelDensity()),12435,1,-84.51427748793473,1,-84.54567909174295
bayesian_network,ProbabilityEstimation(KernelDensity()),12435,0,-84.53089076540003,1,-84.54567909174295
bayesian_network,ProbabilityEstimation(KernelDensity()),12435,1,-84.48930749642919,1,-84.54567909174295
bayesian_network,ProbabilityEstimation(KernelDensity()),12435,0,-84.57811223623051,0,-84.54567909174295
bayesian_network,ProbabilityEstimation(KernelDensity()),12435,1,-84.50871010581227,1,-84.54567909174295
bayesian_network,ProbabilityEstimation(KernelDensity()),12435,0,-84.51255238461147,1,-84.54567909174295
bayesian_network,ProbabilityEstimation(KernelDensity()),12435,1,-84.53593458928637,1,-84.54567909174295
bayesian_network,ProbabilityEstimation(KernelDensity()),12435,0,-84.59013620473532,0,-84.54567909174295
bayesian_network,ProbabilityEstimation(KernelDensity()),12435,1,-84.6469794013731,0,-84.54567909174295
bayesian_network,ProbabilityEstimation(KernelDensity()),12435,0,-84.71621442126825,0,-84.54567909174295
bayesian_network,ProbabilityEstimation(KernelDensity()),12435,1,-84.41662901476465,1,-84.54567909174295
bayesian_network,ProbabilityEstimation(KernelDensity()),12435,0,-84.72675306138923,0,-84.54567909174295
bayesian_network,ProbabilityEstimation(KernelDensity()),12435,1,-84.44506405781523,1,-84.54567909174295
bayesian_network,ProbabilityEstimation(KernelDensity()),12435,0,-84.49767303949208,1,-84.54567909174295
bayesian_network,ProbabilityEstimation(KernelDensity()),12435,1,-84.3290158536996,1,-84.54567909174295
bayesian_network,ProbabilityEstimation(KernelDensity()),12435,0,-84.46006118113908,1,-84.54567909174295
bayesian_network,ProbabilityEstimation(KernelDensity()),12435,1,-84.48247984919827,1,-84.54567909174295
bayesian_network,ProbabilityEstimation(KernelDensity()),12435,0,-84.57302632266698,0,-84.54567909174295
bayesian_network,ProbabilityEstimation(KernelDensity()),12435,1,-84.4984551747043,1,-84.54567909174295
bayesian_network,ProbabilityEstimation(KernelDensity()),12435,0,-84.69337876423579,0,-84.54567909174295
bayesian_network,ProbabilityEstimation(KernelDensity()),12435,1,-84.36816442323652,1,-84.54567909174295
bayesian_network,ProbabilityEstimation(KernelDensity()),12435,0,-84.69657625855771,0,-84.54567909174295
bayesian_network,ProbabilityEstimation(KernelDensity()),12435,1,-84.64141226356314,0,-84.54567909174295
bayesian_network,ProbabilityEstimation(KernelDensity()),12435,0,-84.48945659105273,1,-84.54567909174295
bayesian_network,ProbabilityEstimation(KernelDensity()),12435,1,-84.49942047394445,1,-84.54567909174295
bayesian_network,ProbabilityEstimation(KernelDensity()),12435,0,-84.62541542771558,0,-84.54567909174295
bayesian_network,ProbabilityEstimation(KernelDensity()),12435,1,-84.69377203797822,0,-84.54567909174295
bayesian_network,ProbabilityEstimation(KernelDensity()),12435,0,-84.4698477466414,1,-84.54567909174295
bayesian_network,ProbabilityEstimation(KernelDensity()),12435,1,-84.53630284461133,1,-84.54567909174295
bayesian_network,ProbabilityEstimation(KernelDensity()),12435,0,-84.36040932247737,1,-84.54567909174295
bayesian_network,ProbabilityEstimation(KernelDensity()),12435,1,-84.55035340862061,0,-84.54567909174295
bayesian_network,ProbabilityEstimation(KernelDensity()),12435,0,-84.43027404782758,1,-84.54567909174295
bayesian_network,ProbabilityEstimation(KernelDensity()),12435,1,-84.48743175271093,1,-84.54567909174295
bayesian_network,ProbabilityEstimation(KernelDensity()),12435,0,-84.52353224555738,1,-84.54567909174295
bayesian_network,ProbabilityEstimation(KernelDensity()),12435,1,-84.48877966277657,1,-84.54567909174295
bayesian_network,ProbabilityEstimation(KernelDensity()),12435,0,-84.56318253281887,0,-84.54567909174295
bayesian_network,ProbabilityEstimation(KernelDensity()),12435,1,-84.59929396032669,0,-84.54567909174295
bayesian_network,ProbabilityEstimation(KernelDensity()),12435,0,-84.57376588873176,0,-84.54567909174295
bayesian_network,ProbabilityEstimation(KernelDensity()),12435,1,-84.5677521764773,0,-84.54567909174295
bayesian_network,ProbabilityEstimation(KernelDensity()),12435,0,-84.38564754083944,1,-84.54567909174295
bayesian_network,ProbabilityEstimation(KernelDensity()),12435,1,-84.25735935658463,1,-84.54567909174295
bayesian_network,ProbabilityEstimation(KernelDensity()),12435,0,-84.41099397790802,1,-84.54567909174295
bayesian_network,ProbabilityEstimation(KernelDensity()),12435,1,-84.46027019352219,1,-84.54567909174295
bayesian_network,ProbabilityEstimation(KernelDensity()),12435,0,-84.51475568064265,1,-84.54567909174295
bayesian_network,ProbabilityEstimation(KernelDensity()),12435,1,-84.57115583967811,0,-84.54567909174295
bayesian_network,ProbabilityEstimation(KernelDensity()),12435,0,-84.5141687666539,1,-84.54567909174295
bayesian_network,ProbabilityEstimation(KernelDensity()),12435,1,-84.60206180929767,0,-84.54567909174295
bayesian_network,ProbabilityEstimation(KernelDensity()),12435,0,-84.67788206457195,0,-84.54567909174295
bayesian_network,ProbabilityEstimation(KernelDensity()),12435,1,-84.50676938607904,1,-84.54567909174295
bayesian_network,ProbabilityEstimation(KernelDensity()),12435,0,-84.53265266630238,1,-84.54567909174295
bayesian_network,ProbabilityEstimation(KernelDensity()),12435,1,-84.44682790840336,1,-84.54567909174295
bayesian_network,ProbabilityEstimation(KernelDensity()),12435,0,-84.53814476859714,1,-84.54567909174295
bayesian_network,ProbabilityEstimation(KernelDensity()),12435,1,-84.47512759832178,1,-84.54567909174295
bayesian_network,ProbabilityEstimation(KernelDensity()),12435,0,-84.605802564853,0,-84.54567909174295
bayesian_network,ProbabilityEstimation(KernelDensity()),12435,1,-84.62852913912593,0,-84.54567909174295
bayesian_network,ProbabilityEstimation(KernelDensity()),12435,0,-84.59548280134345,0,-84.54567909174295
bayesian_network,ProbabilityEstimation(KernelDensity()),12435,1,-84.47056932178319,1,-84.54567909174295
bayesian_network,ProbabilityEstimation(KernelDensity()),12435,0,-84.52222942373888,1,-84.54567909174295
bayesian_network,ProbabilityEstimation(KernelDensity()),12435,1,-84.4985359402381,1,-84.54567909174295
bayesian_network,ProbabilityEstimation(KernelDensity()),12435,0,-84.66254547398549,0,-84.54567909174295
bayesian_network,ProbabilityEstimation(KernelDensity()),12435,1,-84.62913524119755,0,-84.54567909174295
bayesian_network,ProbabilityEstimation(KernelDensity()),12435,0,-84.57266384880367,0,-84.54567909174295
bayesian_network,ProbabilityEstimation(KernelDensity()),12435,1,-84.57499434402781,0,-84.54567909174295
bayesian_network,ProbabilityEstimation(KernelDensity()),12435,0,-84.58594162821383,0,-84.54567909174295
bayesian_network,ProbabilityEstimation(KernelDensity()),12435,1,-84.43380268076098,1,-84.54567909174295
bayesian_network,ProbabilityEstimation(KernelDensity()),12435,0,-84.35761545975417,1,-84.54567909174295
bayesian_network,ProbabilityEstimation(KernelDensity()),12435,1,-84.53090867276605,1,-84.54567909174295
bayesian_network,ProbabilityEstimation(KernelDensity()),12435,0,-84.60603513937885,0,-84.54567909174295
bayesian_network,ProbabilityEstimation(KernelDensity()),12435,1,-84.41631762417684,1,-84.54567909174295
bayesian_network,ProbabilityEstimation(KernelDensity()),12435,0,-84.42309180133222,1,-84.54567909174295
bayesian_network,ProbabilityEstimation(KernelDensity()),12435,1,-84.47332216261077,1,-84.54567909174295
bayesian_network,ProbabilityEstimation(KernelDensity()),12435,0,-84.69165617530753,0,-84.54567909174295
bayesian_network,ProbabilityEstimation(KernelDensity()),12435,1,-84.51462963399892,1,-84.54567909174295
bayesian_network,ProbabilityEstimation(KernelDensity()),12435,0,-84.53137704914039,1,-84.54567909174295
bayesian_network,ProbabilityEstimation(KernelDensity()),12435,1,-84.51362393857586,1,-84.54567909174295
bayesian_network,ProbabilityEstimation(KernelDensity()),12435,0,-84.45570152085249,1,-84.54567909174295
bayesian_network,ProbabilityEstimation(KernelDensity()),12435,1,-84.52571470274968,1,-84.54567909174295
bayesian_network,ProbabilityEstimation(KernelDensity()),12435,0,-84.52311744990945,1,-84.54567909174295
bayesian_network,ProbabilityEstimation(KernelDensity()),12435,1,-84.35407686284763,1,-84.54567909174295
bayesian_network,ProbabilityEstimation(KernelDensity()),12435,0,-84.45647845219695,1,-84.54567909174295
bayesian_network,ProbabilityEstimation(KernelDensity()),12435,1,-84.53547945801286,1,-84.54567909174295
bayesian_network,ProbabilityEstimation(KernelDensity()),12435,0,-84.51783317639683,1,-84.54567909174295
bayesian_network,ProbabilityEstimation(KernelDensity()),12435,1,-84.61112012274242,0,-84.54567909174295
bayesian_network,ProbabilityEstimation(KernelDensity()),12435,0,-84.4675568453394,1,-84.54567909174295
bayesian_network,ProbabilityEstimation(KernelDensity()),12435,1,-84.53737194802578,1,-84.54567909174295
bayesian_network,ProbabilityEstimation(KernelDensity()),12435,0,-84.39616405392661,1,-84.54567909174295
bayesian_network,ProbabilityEstimation(KernelDensity()),12435,1,-84.51308254291706,1,-84.54567909174295
bayesian_network,ProbabilityEstimation(KernelDensity()),12435,0,-84.53406953714554,1,-84.54567909174295
bayesian_network,ProbabilityEstimation(KernelDensity()),12435,1,-84.490457367285,1,-84.54567909174295
bayesian_network,ProbabilityEstimation(KernelDensity()),12435,0,-84.45895797640134,1,-84.54567909174295
bayesian_network,ProbabilityEstimation(KernelDensity()),12435,1,-84.52878104625096,1,-84.54567909174295
bayesian_network,ProbabilityEstimation(KernelDensity()),12435,0,-84.55377076636398,0,-84.54567909174295
bayesian_network,ProbabilityEstimation(KernelDensity()),12435,1,-84.4046146775406,1,-84.54567909174295
bayesian_network,ProbabilityEstimation(KernelDensity()),12435,0,-84.5235026857244,1,-84.54567909174295
bayesian_network,ProbabilityEstimation(KernelDensity()),12435,1,-84.4214259319337,1,-84.54567909174295
bayesian_network,ProbabilityEstimation(KernelDensity()),12435,0,-84.45819992018059,1,-84.54567909174295
bayesian_network,ProbabilityEstimation(KernelDensity()),12435,1,-84.47590301869032,1,-84.54567909174295
bayesian_network,ProbabilityEstimation(KernelDensity()),12435,0,-84.6456657690687,0,-84.54567909174295
bayesian_network,ProbabilityEstimation(KernelDensity()),12435,1,-84.5303833087692,1,-84.54567909174295
bayesian_network,ProbabilityEstimation(KernelDensity()),12435,0,-84.45677481345145,1,-84.54567909174295
bayesian_network,ProbabilityEstimation(KernelDensity()),12435,1,-84.40965909250609,1,-84.54567909174295
bayesian_network,ProbabilityEstimation(KernelDensity()),12435,0,-84.58712294485908,0,-84.54567909174295
bayesian_network,ProbabilityEstimation(KernelDensity()),12435,1,-84.42700431001383,1,-84.54567909174295
bayesian_network,ProbabilityEstimation(KernelDensity()),12435,0,-84.49002071865004,1,-84.54567909174295
bayesian_network,ProbabilityEstimation(KernelDensity()),12435,1,-84.68926887026865,0,-84.54567909174295
bayesian_network,ProbabilityEstimation(KernelDensity()),12435,0,-84.58248692951443,0,-84.54567909174295
bayesian_network,ProbabilityEstimation(KernelDensity()),12435,1,-84.50622896983873,1,-84.54567909174295
bayesian_network,ProbabilityEstimation(KernelDensity()),12435,0,-84.50644128137867,1,-84.54567909174295
bayesian_network,ProbabilityEstimation(KernelDensity()),12435,1,-84.57669468658337,0,-84.54567909174295
bayesian_network,ProbabilityEstimation(KernelDensity()),12435,0,-84.48984815731052,1,-84.54567909174295
bayesian_network,ProbabilityEstimation(KernelDensity()),12435,1,-84.46240787636194,1,-84.54567909174295
bayesian_network,ProbabilityEstimation(KernelDensity()),12435,0,-84.42627327564391,1,-84.54567909174295
bayesian_network,ProbabilityEstimation(KernelDensity()),12435,1,-84.43694979368162,1,-84.54567909174295
bayesian_network,ProbabilityEstimation(KernelDensity()),12435,0,-84.53005837301421,1,-84.54567909174295
bayesian_network,ProbabilityEstimation(KernelDensity()),12435,1,-84.40957678759865,1,-84.54567909174295
bayesian_network,ProbabilityEstimation(KernelDensity()),12435,0,-84.56041496784827,0,-84.54567909174295
bayesian_network,ProbabilityEstimation(KernelDensity()),12435,1,-84.59310071289809,0,-84.54567909174295
bayesian_network,ProbabilityEstimation(KernelDensity()),12435,0,-84.67521866191774,0,-84.54567909174295
bayesian_network,ProbabilityEstimation(KernelDensity()),12435,1,-84.48379826415716,1,-84.54567909174295
bayesian_network,ProbabilityEstimation(KernelDensity()),12435,0,-84.35960504064029,1,-84.54567909174295
bayesian_network,ProbabilityEstimation(KernelDensity()),12435,1,-84.44164938113728,1,-84.54567909174295
bayesian_network,ProbabilityEstimation(KernelDensity()),12435,0,-84.37942157863259,1,-84.54567909174295
bayesian_network,ProbabilityEstimation(KernelDensity()),12435,1,-84.62675076222529,0,-84.54567909174295
bayesian_network,ProbabilityEstimation(KernelDensity()),12435,0,-84.5778480233852,0,-84.54567909174295
bayesian_network,ProbabilityEstimation(KernelDensity()),12435,1,-84.44252426736364,1,-84.54567909174295
bayesian_network,ProbabilityEstimation(KernelDensity()),12435,0,-84.36909453217832,1,-84.54567909174295
bayesian_network,ProbabilityEstimation(KernelDensity()),12435,1,-84.67021989186792,0,-84.54567909174295
bayesian_network,ProbabilityEstimation(KernelDensity()),12435,0,-84.39961746069993,1,-84.54567909174295
bayesian_network,ProbabilityEstimation(KernelDensity()),12435,1,-84.55246455676406,0,-84.54567909174295
bayesian_network,ProbabilityEstimation(KernelDensity()),12435,0,-84.58774215694426,0,-84.54567909174295
bayesian_network,ProbabilityEstimation(KernelDensity()),12435,1,-84.59235925844796,0,-84.54567909174295
bayesian_network,ProbabilityEstimation(KernelDensity()),12435,0,-84.50802781758806,1,-84.54567909174295
bayesian_network,ProbabilityEstimation(KernelDensity()),12435,1,-84.38242965167362,1,-84.54567909174295
bayesian_network,ProbabilityEstimation(KernelDensity()),12435,0,-84.56822037510717,0,-84.54567909174295
bayesian_network,ProbabilityEstimation(KernelDensity()),12435,1,-84.59911664950913,0,-84.54567909174295
bayesian_network,ProbabilityEstimation(KernelDensity()),12435,0,-84.50057868801719,1,-84.54567909174295
bayesian_network,ProbabilityEstimation(KernelDensity()),12435,1,-84.53646598362059,1,-84.54567909174295
bayesian_network,ProbabilityEstimation(KernelDensity()),12435,0,-84.59899996648495,0,-84.54567909174295
bayesian_network,ProbabilityEstimation(KernelDensity()),12435,1,-84.49247616185333,1,-84.54567909174295
bayesian_network,ProbabilityEstimation(KernelDensity()),12435,0,-84.54053661051755,1,-84.54567909174295
bayesian_network,ProbabilityEstimation(KernelDensity()),12435,1,-84.470016004752,1,-84.54567909174295
bayesian_network,ProbabilityEstimation(KernelDensity()),12435,0,-84.62737477816114,0,-84.54567909174295
bayesian_network,ProbabilityEstimation(KernelDensity()),12435,1,-84.56644059439571,0,-84.54567909174295
bayesian_network,ProbabilityEstimation(KernelDensity()),12435,0,-84.40803552306163,1,-84.54567909174295
bayesian_network,ProbabilityEstimation(KernelDensity()),12435,1,-84.63555797759227,0,-84.54567909174295
bayesian_network,ProbabilityEstimation(KernelDensity()),12435,0,-84.46686783814404,1,-84.54567909174295
bayesian_network,ProbabilityEstimation(KernelDensity()),12435,1,-84.4791363059079,1,-84.54567909174295
bayesian_network,ProbabilityEstimation(KernelDensity()),12435,0,-84.41934686432779,1,-84.54567909174295
bayesian_network,ProbabilityEstimation(KernelDensity()),12435,1,-84.50766194957234,1,-84.54567909174295
bayesian_network,ProbabilityEstimation(KernelDensity()),12435,0,-84.497938955475,1,-84.54567909174295
bayesian_network,ProbabilityEstimation(KernelDensity()),12435,1,-84.52251163018177,1,-84.54567909174295
bayesian_network,ProbabilityEstimation(KernelDensity()),12435,0,-84.49198028441985,1,-84.54567909174295
bayesian_network,ProbabilityEstimation(KernelDensity()),12435,1,-84.59145509922764,0,-84.54567909174295
bayesian_network,ProbabilityEstimation(KernelDensity()),12435,0,-84.48607704774525,1,-84.54567909174295
bayesian_network,ProbabilityEstimation(KernelDensity()),12435,1,-84.62503472665207,0,-84.54567909174295
bayesian_network,ProbabilityEstimation(KernelDensity()),12435,0,-84.4963827243891,1,-84.54567909174295
bayesian_network,ProbabilityEstimation(KernelDensity()),12435,1,-84.60573861176435,0,-84.54567909174295
bayesian_network,ProbabilityEstimation(KernelDensity()),12435,0,-84.45431815332503,1,-84.54567909174295
bayesian_network,ProbabilityEstimation(KernelDensity()),12435,1,-84.52420619238927,1,-84.54567909174295
bayesian_network,ProbabilityEstimation(KernelDensity()),12435,0,-84.506544966542,1,-84.54567909174295
bayesian_network,ProbabilityEstimation(KernelDensity()),12435,1,-84.55935749839855,0,-84.54567909174295
bayesian_network,ProbabilityEstimation(KernelDensity()),12435,0,-84.45331618585237,1,-84.54567909174295
bayesian_network,ProbabilityEstimation(KernelDensity()),12435,1,-84.54041918906492,1,-84.54567909174295
bayesian_network,ProbabilityEstimation(KernelDensity()),12435,0,-84.65945948458624,0,-84.54567909174295
bayesian_network,ProbabilityEstimation(KernelDensity()),12435,1,-84.62727365031921,0,-84.54567909174295
bayesian_network,ProbabilityEstimation(KernelDensity()),12435,0,-84.50534768417947,1,-84.54567909174295
bayesian_network,ProbabilityEstimation(KernelDensity()),12435,1,-84.49968305353856,1,-84.54567909174295
bayesian_network,ProbabilityEstimation(KernelDensity()),12435,0,-84.43362350131262,1,-84.54567909174295
bayesian_network,ProbabilityEstimation(KernelDensity()),12435,1,-84.36642725028386,1,-84.54567909174295
bayesian_network,ProbabilityEstimation(KernelDensity()),12435,0,-84.47145188767996,1,-84.54567909174295
bayesian_network,ProbabilityEstimation(KernelDensity()),12435,1,-84.52156486570814,1,-84.54567909174295
bayesian_network,ProbabilityEstimation(KernelDensity()),12435,0,-84.48593226336831,1,-84.54567909174295
bayesian_network,ProbabilityEstimation(KernelDensity()),12435,1,-84.38401476704963,1,-84.54567909174295
bayesian_network,ProbabilityEstimation(KernelDensity()),12435,0,-84.47742809343956,1,-84.54567909174295
bayesian_network,ProbabilityEstimation(KernelDensity()),12435,1,-84.44339423954868,1,-84.54567909174295
bayesian_network,ProbabilityEstimation(KernelDensity()),12435,0,-84.49071567195601,1,-84.54567909174295
bayesian_network,ProbabilityEstimation(KernelDensity()),12435,1,-84.38980377376883,1,-84.54567909174295
bayesian_network,ProbabilityEstimation(KernelDensity()),12435,0,-84.57598837315152,0,-84.54567909174295
bayesian_network,ProbabilityEstimation(KernelDensity()),12435,1,-84.58625269370687,0,-84.54567909174295
bayesian_network,ProbabilityEstimation(KernelDensity()),12435,0,-84.61098739600826,0,-84.54567909174295
bayesian_network,ProbabilityEstimation(KernelDensity()),12435,1,-84.42985492081144,1,-84.54567909174295
bayesian_network,ProbabilityEstimation(KernelDensity()),12435,0,-84.4745316243104,1,-84.54567909174295
bayesian_network,ProbabilityEstimation(KernelDensity()),12435,1,-84.5687050234566,0,-84.54567909174295
bayesian_network,ProbabilityEstimation(KernelDensity()),12435,0,-84.52140724938157,1,-84.54567909174295
bayesian_network,ProbabilityEstimation(KernelDensity()),12435,1,-84.44184773177098,1,-84.54567909174295
bayesian_network,ProbabilityEstimation(KernelDensity()),12435,0,-84.5894744536928,0,-84.54567909174295
bayesian_network,ProbabilityEstimation(KernelDensity()),12435,1,-84.35188355052273,1,-84.54567909174295
bayesian_network,ProbabilityEstimation(KernelDensity()),12435,0,-84.4965043560973,1,-84.54567909174295
bayesian_network,ProbabilityEstimation(KernelDensity()),12435,1,-84.66306097338125,0,-84.54567909174295
bayesian_network,ProbabilityEstimation(KernelDensity()),12435,0,-84.42549982771969,1,-84.54567909174295
bayesian_network,ProbabilityEstimation(KernelDensity()),12435,1,-84.47815381072267,1,-84.54567909174295
bayesian_network,ProbabilityEstimation(KernelDensity()),12435,0,-84.4518264220103,1,-84.54567909174295
bayesian_network,ProbabilityEstimation(KernelDensity()),12435,1,-84.44828244359054,1,-84.54567909174295
bayesian_network,ProbabilityEstimation(KernelDensity()),12435,0,-84.51527202043589,1,-84.54567909174295
bayesian_network,ProbabilityEstimation(KernelDensity()),12435,1,-84.54991128083307,0,-84.54567909174295
bayesian_network,ProbabilityEstimation(KernelDensity()),12435,0,-84.52460058221729,1,-84.54567909174295
bayesian_network,ProbabilityEstimation(KernelDensity()),12435,1,-84.43932977340101,1,-84.54567909174295
bayesian_network,ProbabilityEstimation(KernelDensity()),12435,0,-84.4567521096074,1,-84.54567909174295
bayesian_network,ProbabilityEstimation(KernelDensity()),12435,1,-84.49760157433428,1,-84.54567909174295
bayesian_network,ProbabilityEstimation(KernelDensity()),12435,0,-84.5061630985238,1,-84.54567909174295
bayesian_network,ProbabilityEstimation(KernelDensity()),12435,1,-84.52585063712552,1,-84.54567909174295
bayesian_network,ProbabilityEstimation(KernelDensity()),12435,0,-84.62365370117443,0,-84.54567909174295
bayesian_network,ProbabilityEstimation(KernelDensity()),12435,1,-84.53130642236367,1,-84.54567909174295
bayesian_network,ProbabilityEstimation(KernelDensity()),12435,0,-84.5833243776281,0,-84.54567909174295
bayesian_network,ProbabilityEstimation(KernelDensity()),12435,1,-84.45133065645074,1,-84.54567909174295
bayesian_network,ProbabilityEstimation(KernelDensity()),12435,0,-84.56349462058118,0,-84.54567909174295
bayesian_network,ProbabilityEstimation(KernelDensity()),12435,1,-84.56531963956107,0,-84.54567909174295
bayesian_network,ProbabilityEstimation(KernelDensity()),12435,0,-84.56399553641008,0,-84.54567909174295
bayesian_network,ProbabilityEstimation(KernelDensity()),12435,1,-84.5022612996303,1,-84.54567909174295
bayesian_network,ProbabilityEstimation(KernelDensity()),12435,0,-84.55373075547384,0,-84.54567909174295
bayesian_network,ProbabilityEstimation(KernelDensity()),12435,1,-84.49589547043104,1,-84.54567909174295
bayesian_network,ProbabilityEstimation(KernelDensity()),12435,0,-84.38964116327725,1,-84.54567909174295
bayesian_network,ProbabilityEstimation(KernelDensity()),12435,1,-84.43599878359787,1,-84.54567909174295
bayesian_network,ProbabilityEstimation(KernelDensity()),12435,0,-84.52612040820107,1,-84.54567909174295
bayesian_network,ProbabilityEstimation(KernelDensity()),12435,1,-84.36066010112923,1,-84.54567909174295
bayesian_network,ProbabilityEstimation(KernelDensity()),12435,0,-84.37324857834193,1,-84.54567909174295
bayesian_network,ProbabilityEstimation(KernelDensity()),12435,1,-84.4707247234507,1,-84.54567909174295
bayesian_network,ProbabilityEstimation(KernelDensity()),12435,0,-84.54474130132189,1,-84.54567909174295
bayesian_network,ProbabilityEstimation(KernelDensity()),12435,1,-84.64204150849697,0,-84.54567909174295
bayesian_network,ProbabilityEstimation(KernelDensity()),12435,0,-84.38460769510402,1,-84.54567909174295
bayesian_network,ProbabilityEstimation(KernelDensity()),12435,1,-84.53545213376964,1,-84.54567909174295
bayesian_network,ProbabilityEstimation(KernelDensity()),12435,0,-84.64256633874376,0,-84.54567909174295
bayesian_network,ProbabilityEstimation(KernelDensity()),12435,1,-84.59675445893681,0,-84.54567909174295
bayesian_network,ProbabilityEstimation(KernelDensity()),12435,0,-84.50890401422868,1,-84.54567909174295
bayesian_network,ProbabilityEstimation(KernelDensity()),12435,1,-84.49353040246832,1,-84.54567909174295
bayesian_network,ProbabilityEstimation(KernelDensity()),12435,0,-84.53615575477313,1,-84.54567909174295
bayesian_network,ProbabilityEstimation(KernelDensity()),12435,1,-84.56750565421706,0,-84.54567909174295
bayesian_network,ProbabilityEstimation(KernelDensity()),12435,0,-84.52531882091533,1,-84.54567909174295
bayesian_network,ProbabilityEstimation(KernelDensity()),12435,1,-84.51900525578351,1,-84.54567909174295
bayesian_network,ProbabilityEstimation(KernelDensity()),12435,0,-84.39663400692898,1,-84.54567909174295
bayesian_network,ProbabilityEstimation(KernelDensity()),12435,1,-84.45254677810841,1,-84.54567909174295
bayesian_network,ProbabilityEstimation(KernelDensity()),12435,0,-84.48308322199802,1,-84.54567909174295
bayesian_network,ProbabilityEstimation(KernelDensity()),12435,1,-84.45313116823282,1,-84.54567909174295
bayesian_network,ProbabilityEstimation(KernelDensity()),12435,0,-84.51398036040973,1,-84.54567909174295
bayesian_network,ProbabilityEstimation(KernelDensity()),12435,1,-84.55073086442256,0,-84.54567909174295
bayesian_network,ProbabilityEstimation(KernelDensity()),12435,0,-84.45783281891453,1,-84.54567909174295
bayesian_network,ProbabilityEstimation(KernelDensity()),12435,1,-84.44900765521248,1,-84.54567909174295
bayesian_network,ProbabilityEstimation(KernelDensity()),12435,0,-84.41612991432658,1,-84.54567909174295
bayesian_network,ProbabilityEstimation(KernelDensity()),12435,1,-84.44059029442248,1,-84.54567909174295
bayesian_network,ProbabilityEstimation(KernelDensity()),12435,0,-84.47933862610327,1,-84.54567909174295
bayesian_network,ProbabilityEstimation(KernelDensity()),12435,1,-84.65811061400728,0,-84.54567909174295
bayesian_network,ProbabilityEstimation(KernelDensity()),12435,0,-84.53632832226313,1,-84.54567909174295
bayesian_network,ProbabilityEstimation(KernelDensity()),12435,1,-84.35415948512195,1,-84.54567909174295
bayesian_network,ProbabilityEstimation(KernelDensity()),12435,0,-84.63553770375839,0,-84.54567909174295
bayesian_network,ProbabilityEstimation(KernelDensity()),12435,1,-84.64577416370977,0,-84.54567909174295
bayesian_network,ProbabilityEstimation(KernelDensity()),12435,0,-84.4948112568419,1,-84.54567909174295
bayesian_network,ProbabilityEstimation(KernelDensity()),12435,1,-84.58288068672415,0,-84.54567909174295
bayesian_network,ProbabilityEstimation(KernelDensity()),12435,0,-84.50357470384326,1,-84.54567909174295
bayesian_network,ProbabilityEstimation(KernelDensity()),12435,1,-84.48794030740598,1,-84.54567909174295
bayesian_network,ProbabilityEstimation(KernelDensity()),12435,0,-84.56368069005548,0,-84.54567909174295
bayesian_network,ProbabilityEstimation(KernelDensity()),12435,1,-84.46781310135853,1,-84.54567909174295
bayesian_network,ProbabilityEstimation(KernelDensity()),12435,0,-84.41726824472144,1,-84.54567909174295
bayesian_network,ProbabilityEstimation(KernelDensity()),12435,1,-84.55055932561757,0,-84.54567909174295
bayesian_network,ProbabilityEstimation(KernelDensity()),12435,0,-84.5684837758008,0,-84.54567909174295
bayesian_network,ProbabilityEstimation(KernelDensity()),12435,1,-84.50247879241407,1,-84.54567909174295
bayesian_network,ProbabilityEstimation(KernelDensity()),12435,0,-84.506069755172,1,-84.54567909174295
bayesian_network,ProbabilityEstimation(KernelDensity()),12435,1,-84.40161705073282,1,-84.54567909174295
bayesian_network,ProbabilityEstimation(KernelDensity()),12435,0,-84.56747532602922,0,-84.54567909174295
bayesian_network,ProbabilityEstimation(KernelDensity()),12435,1,-84.66671790526024,0,-84.54567909174295
bayesian_network,ProbabilityEstimation(KernelDensity()),12435,0,-84.57941547574771,0,-84.54567909174295
bayesian_network,ProbabilityEstimation(KernelDensity()),12435,1,-84.5211157218623,1,-84.54567909174295
bayesian_network,ProbabilityEstimation(KernelDensity()),12435,0,-84.57923290769568,0,-84.54567909174295
bayesian_network,ProbabilityEstimation(KernelDensity()),12435,1,-84.60784880860251,0,-84.54567909174295
bayesian_network,ProbabilityEstimation(KernelDensity()),12435,0,-84.60075504529377,0,-84.54567909174295
bayesian_network,ProbabilityEstimation(KernelDensity()),12435,1,-84.46319940651567,1,-84.54567909174295
bayesian_network,ProbabilityEstimation(KernelDensity()),12435,0,-84.44279456449748,1,-84.54567909174295
bayesian_network,ProbabilityEstimation(KernelDensity()),12435,1,-84.43547427729783,1,-84.54567909174295
bayesian_network,ProbabilityEstimation(KernelDensity()),12435,0,-84.5562974951943,0,-84.54567909174295
bayesian_network,ProbabilityEstimation(KernelDensity()),12435,1,-84.5962124247922,0,-84.54567909174295
bayesian_network,ProbabilityEstimation(KernelDensity()),12435,0,-84.43931366578074,1,-84.54567909174295
bayesian_network,ProbabilityEstimation(KernelDensity()),12435,1,-84.52271380306213,1,-84.54567909174295
bayesian_network,ProbabilityEstimation(KernelDensity()),12435,0,-84.57109988822916,0,-84.54567909174295
bayesian_network,ProbabilityEstimation(KernelDensity()),12435,1,-84.67634299661866,0,-84.54567909174295
bayesian_network,ProbabilityEstimation(KernelDensity()),12435,0,-84.43970648695499,1,-84.54567909174295
bayesian_network,ProbabilityEstimation(KernelDensity()),12435,1,-84.45559526553699,1,-84.54567909174295
bayesian_network,ProbabilityEstimation(KernelDensity()),12435,0,-84.45876545597201,1,-84.54567909174295
bayesian_network,ProbabilityEstimation(KernelDensity()),12435,1,-84.51259207625827,1,-84.54567909174295
bayesian_network,ProbabilityEstimation(KernelDensity()),12435,0,-84.61868539976413,0,-84.54567909174295
bayesian_network,ProbabilityEstimation(KernelDensity()),12435,1,-84.53004268188468,1,-84.54567909174295
bayesian_network,ProbabilityEstimation(KernelDensity()),12435,0,-84.55817978030277,0,-84.54567909174295
bayesian_network,ProbabilityEstimation(KernelDensity()),12435,1,-84.57930249154857,0,-84.54567909174295
bayesian_network,ProbabilityEstimation(KernelDensity()),12435,0,-84.59044073696636,0,-84.54567909174295
bayesian_network,ProbabilityEstimation(KernelDensity()),12435,1,-84.5195989583356,1,-84.54567909174295
bayesian_network,ProbabilityEstimation(KernelDensity()),12435,0,-84.45755363484591,1,-84.54567909174295
bayesian_network,ProbabilityEstimation(KernelDensity()),12435,1,-84.57560029724047,0,-84.54567909174295
bayesian_network,ProbabilityEstimation(KernelDensity()),12435,0,-84.56465490925648,0,-84.54567909174295
bayesian_network,ProbabilityEstimation(KernelDensity()),12435,1,-84.55678417079599,0,-84.54567909174295
bayesian_network,ProbabilityEstimation(KernelDensity()),12435,0,-84.37790126369832,1,-84.54567909174295
bayesian_network,ProbabilityEstimation(KernelDensity()),12435,1,-84.46768250239383,1,-84.54567909174295
bayesian_network,ProbabilityEstimation(KernelDensity()),12435,0,-84.49800775707678,1,-84.54567909174295
bayesian_network,ProbabilityEstimation(KernelDensity()),12435,1,-84.57760399368959,0,-84.54567909174295
bayesian_network,ProbabilityEstimation(KernelDensity()),12435,0,-84.56504775413532,0,-84.54567909174295
bayesian_network,ProbabilityEstimation(KernelDensity()),12435,1,-84.53121574793431,1,-84.54567909174295
bayesian_network,ProbabilityEstimation(KernelDensity()),12435,0,-84.41843210809616,1,-84.54567909174295
bayesian_network,ProbabilityEstimation(KernelDensity()),12435,1,-84.46326537775978,1,-84.54567909174295
bayesian_network,ProbabilityEstimation(KernelDensity()),12435,0,-84.5158716877218,1,-84.54567909174295
bayesian_network,ProbabilityEstimation(KernelDensity()),12435,1,-84.42960524255797,1,-84.54567909174295
bayesian_network,ProbabilityEstimation(KernelDensity()),12435,0,-84.63556897537836,0,-84.54567909174295
bayesian_network,ProbabilityEstimation(KernelDensity()),12435,1,-84.5239941146253,1,-84.54567909174295
bayesian_network,ProbabilityEstimation(KernelDensity()),12435,0,-84.52340599773883,1,-84.54567909174295
bayesian_network,ProbabilityEstimation(KernelDensity()),12435,1,-84.50639437062628,1,-84.54567909174295
bayesian_network,ProbabilityEstimation(KernelDensity()),12435,0,-84.48299095993521,1,-84.54567909174295
bayesian_network,ProbabilityEstimation(KernelDensity()),12435,1,-84.51476207282133,1,-84.54567909174295
bayesian_network,ProbabilityEstimation(KernelDensity()),12435,0,-84.46824714209646,1,-84.54567909174295
bayesian_network,ProbabilityEstimation(KernelDensity()),12435,1,-84.46619812618009,1,-84.54567909174295
bayesian_network,ProbabilityEstimation(KernelDensity()),12435,0,-84.44043761598145,1,-84.54567909174295
bayesian_network,ProbabilityEstimation(KernelDensity()),12435,1,-84.51981975931358,1,-84.54567909174295
bayesian_network,ProbabilityEstimation(KernelDensity()),12435,0,-84.60069875709524,0,-84.54567909174295
bayesian_network,ProbabilityEstimation(KernelDensity()),12435,1,-84.56317060521567,0,-84.54567909174295
bayesian_network,ProbabilityEstimation(KernelDensity()),12435,0,-84.63783397962136,0,-84.54567909174295
bayesian_network,ProbabilityEstimation(KernelDensity()),12435,1,-84.46277169954445,1,-84.54567909174295
bayesian_network,ProbabilityEstimation(KernelDensity()),12435,0,-84.46163001102452,1,-84.54567909174295
bayesian_network,ProbabilityEstimation(KernelDensity()),12435,1,-84.6315376370374,0,-84.54567909174295
bayesian_network,ProbabilityEstimation(KernelDensity()),12435,0,-84.33057979426684,1,-84.54567909174295
bayesian_network,ProbabilityEstimation(KernelDensity()),12435,1,-84.44962080464857,1,-84.54567909174295
bayesian_network,ProbabilityEstimation(KernelDensity()),12435,0,-84.63134336662894,0,-84.54567909174295
bayesian_network,ProbabilityEstimation(KernelDensity()),12435,1,-84.74476907895385,0,-84.54567909174295
bayesian_network,ProbabilityEstimation(KernelDensity()),12435,0,-84.60443392376945,0,-84.54567909174295
bayesian_network,ProbabilityEstimation(KernelDensity()),12435,1,-84.55959364038868,0,-84.54567909174295
bayesian_network,ProbabilityEstimation(KernelDensity()),12435,0,-84.55254408911304,0,-84.54567909174295
bayesian_network,ProbabilityEstimation(KernelDensity()),12435,1,-84.42783245098947,1,-84.54567909174295
bayesian_network,ProbabilityEstimation(KernelDensity()),12435,0,-84.50474537270833,1,-84.54567909174295
bayesian_network,ProbabilityEstimation(KernelDensity()),12435,1,-84.5979348920566,0,-84.54567909174295
bayesian_network,ProbabilityEstimation(KernelDensity()),12435,0,-84.6177228835397,0,-84.54567909174295
bayesian_network,ProbabilityEstimation(KernelDensity()),12435,1,-84.40306765094651,1,-84.54567909174295
bayesian_network,ProbabilityEstimation(KernelDensity()),12435,0,-84.51747523421565,1,-84.54567909174295
bayesian_network,ProbabilityEstimation(KernelDensity()),12435,1,-84.53151776455385,1,-84.54567909174295
bayesian_network,ProbabilityEstimation(KernelDensity()),12435,0,-84.48869142049264,1,-84.54567909174295
bayesian_network,ProbabilityEstimation(KernelDensity()),12435,1,-84.69353663903344,0,-84.54567909174295
bayesian_network,ProbabilityEstimation(KernelDensity()),12435,0,-84.52338030634627,1,-84.54567909174295
bayesian_network,ProbabilityEstimation(KernelDensity()),12435,1,-84.55852797640544,0,-84.54567909174295
bayesian_network,ProbabilityEstimation(KernelDensity()),12435,0,-84.49954464594308,1,-84.54567909174295
bayesian_network,ProbabilityEstimation(KernelDensity()),12435,1,-84.52838021253592,1,-84.54567909174295
bayesian_network,ProbabilityEstimation(KernelDensity()),12435,0,-84.55636092549959,0,-84.54567909174295
bayesian_network,ProbabilityEstimation(KernelDensity()),12435,1,-84.512097134068,1,-84.54567909174295
bayesian_network,ProbabilityEstimation(KernelDensity()),12435,0,-84.4864150792913,1,-84.54567909174295
bayesian_network,ProbabilityEstimation(KernelDensity()),12435,1,-84.37433971519192,1,-84.54567909174295
bayesian_network,ProbabilityEstimation(KernelDensity()),12435,0,-84.69933519873898,0,-84.54567909174295
bayesian_network,ProbabilityEstimation(KernelDensity()),12435,1,-84.48595783381381,1,-84.54567909174295
bayesian_network,ProbabilityEstimation(KernelDensity()),12435,0,-84.46104724642434,1,-84.54567909174295
bayesian_network,ProbabilityEstimation(KernelDensity()),12435,1,-84.49540045086378,1,-84.54567909174295
bayesian_network,ProbabilityEstimation(KernelDensity()),12435,0,-84.54079356118558,1,-84.54567909174295
bayesian_network,ProbabilityEstimation(KernelDensity()),12435,1,-84.57719170260732,0,-84.54567909174295
bayesian_network,ProbabilityEstimation(KernelDensity()),12435,0,-84.45293037061921,1,-84.54567909174295
bayesian_network,ProbabilityEstimation(KernelDensity()),12435,1,-84.57043077158269,0,-84.54567909174295
bayesian_network,ProbabilityEstimation(KernelDensity()),12435,0,-84.6504491767603,0,-84.54567909174295
bayesian_network,ProbabilityEstimation(KernelDensity()),12435,1,-84.44986241321813,1,-84.54567909174295
bayesian_network,ProbabilityEstimation(KernelDensity()),12435,0,-84.48167453163038,1,-84.54567909174295
bayesian_network,ProbabilityEstimation(KernelDensity()),12435,1,-84.49436327086038,1,-84.54567909174295
bayesian_network,ProbabilityEstimation(KernelDensity()),12435,0,-84.59391841373252,0,-84.54567909174295
bayesian_network,ProbabilityEstimation(KernelDensity()),12435,1,-84.53435963324534,1,-84.54567909174295
bayesian_network,ProbabilityEstimation(KernelDensity()),12435,0,-84.56151916868578,0,-84.54567909174295
bayesian_network,"ClosestDistance(L_2, accuracy)",12435,1,-0.2096222631847646,1,-0.27231601510024045
bayesian_network,"ClosestDistance(L_2, accuracy)",12435,0,-0.21844311508252026,1,-0.27231601510024045
bayesian_network,"ClosestDistance(L_2, accuracy)",12435,1,-0.3990239045641536,0,-0.27231601510024045
bayesian_network,"ClosestDistance(L_2, accuracy)",12435,0,-0.20580929346712598,1,-0.27231601510024045
bayesian_network,"ClosestDistance(L_2, accuracy)",12435,1,-0.20379341731622522,1,-0.27231601510024045
bayesian_network,"ClosestDistance(L_2, accuracy)",12435,0,-0.38520936044928544,0,-0.27231601510024045
bayesian_network,"ClosestDistance(L_2, accuracy)",12435,1,-0.1490096218496863,1,-0.27231601510024045
bayesian_network,"ClosestDistance(L_2, accuracy)",12435,0,-0.13869505286464953,1,-0.27231601510024045
bayesian_network,"ClosestDistance(L_2, accuracy)",12435,1,-0.2066680707808335,1,-0.27231601510024045
bayesian_network,"ClosestDistance(L_2, accuracy)",12435,0,-0.20536837503877678,1,-0.27231601510024045
bayesian_network,"ClosestDistance(L_2, accuracy)",12435,1,-0.243782484540435,1,-0.27231601510024045
bayesian_network,"ClosestDistance(L_2, accuracy)",12435,0,-0.23923864651639812,1,-0.27231601510024045
bayesian_network,"ClosestDistance(L_2, accuracy)",12435,1,-0.2632642783693077,1,-0.27231601510024045
bayesian_network,"ClosestDistance(L_2, accuracy)",12435,0,-0.39124660960385943,0,-0.27231601510024045
bayesian_network,"ClosestDistance(L_2, accuracy)",12435,1,-0.2341380156450991,1,-0.27231601510024045
bayesian_network,"ClosestDistance(L_2, accuracy)",12435,0,-0.30063440513669004,0,-0.27231601510024045
bayesian_network,"ClosestDistance(L_2, accuracy)",12435,1,-0.26661265071242124,1,-0.27231601510024045
bayesian_network,"ClosestDistance(L_2, accuracy)",12435,0,-0.28021174808292626,0,-0.27231601510024045
bayesian_network,"ClosestDistance(L_2, accuracy)",12435,1,-0.2563978901200929,1,-0.27231601510024045
bayesian_network,"ClosestDistance(L_2, accuracy)",12435,0,-0.256573996591344,1,-0.27231601510024045
bayesian_network,"ClosestDistance(L_2, accuracy)",12435,1,-0.35810037940777006,0,-0.27231601510024045
bayesian_network,"ClosestDistance(L_2, accuracy)",12435,0,-0.2825057991481546,0,-0.27231601510024045
bayesian_network,"ClosestDistance(L_2, accuracy)",12435,1,-0.495339190388811,0,-0.27231601510024045
bayesian_network,"ClosestDistance(L_2, accuracy)",12435,0,-0.24960540443033763,1,-0.27231601510024045
bayesian_network,"ClosestDistance(L_2, accuracy)",12435,1,-0.23231869924576015,1,-0.27231601510024045
bayesian_network,"ClosestDistance(L_2, accuracy)",12435,0,-0.29986532253533366,0,-0.27231601510024045
bayesian_network,"ClosestDistance(L_2, accuracy)",12435,1,-0.2110196879463105,1,-0.27231601510024045
bayesian_network,"ClosestDistance(L_2, accuracy)",12435,0,-0.20939913672377652,1,-0.27231601510024045
bayesian_network,"ClosestDistance(L_2, accuracy)",12435,1,-0.24837343560312256,1,-0.27231601510024045
bayesian_network,"ClosestDistance(L_2, accuracy)",12435,0,-0.2209309572895276,1,-0.27231601510024045
bayesian_network,"ClosestDistance(L_2, accuracy)",12435,1,-1.4224877538349325,0,-0.27231601510024045
bayesian_network,"ClosestDistance(L_2, accuracy)",12435,0,-0.3560776176222643,0,-0.27231601510024045
bayesian_network,"ClosestDistance(L_2, accuracy)",12435,1,-0.22740454244493905,1,-0.27231601510024045
bayesian_network,"ClosestDistance(L_2, accuracy)",12435,0,-0.28742435397362165,0,-0.27231601510024045
bayesian_network,"ClosestDistance(L_2, accuracy)",12435,1,-0.3456685536120174,0,-0.27231601510024045
bayesian_network,"ClosestDistance(L_2, accuracy)",12435,0,-0.11646005596396199,1,-0.27231601510024045
bayesian_network,"ClosestDistance(L_2, accuracy)",12435,1,-0.14447475817363387,1,-0.27231601510024045
bayesian_network,"ClosestDistance(L_2, accuracy)",12435,0,-0.161728100134283,1,-0.27231601510024045
bayesian_network,"ClosestDistance(L_2, accuracy)",12435,1,-0.2747983382093423,0,-0.27231601510024045
bayesian_network,"ClosestDistance(L_2, accuracy)",12435,0,-0.27125162578908474,1,-0.27231601510024045
bayesian_network,"ClosestDistance(L_2, accuracy)",12435,1,-0.2572719313477532,1,-0.27231601510024045
bayesian_network,"ClosestDistance(L_2, accuracy)",12435,0,-0.08678031610598501,1,-0.27231601510024045
bayesian_network,"ClosestDistance(L_2, accuracy)",12435,1,-0.25292300620880337,1,-0.27231601510024045
bayesian_network,"ClosestDistance(L_2, accuracy)",12435,0,-1.4201588826076819,0,-0.27231601510024045
bayesian_network,"ClosestDistance(L_2, accuracy)",12435,1,-0.3032786012602685,0,-0.27231601510024045
bayesian_network,"ClosestDistance(L_2, accuracy)",12435,0,-0.24992886642263581,1,-0.27231601510024045
bayesian_network,"ClosestDistance(L_2, accuracy)",12435,1,-0.20986161591635133,1,-0.27231601510024045
bayesian_network,"ClosestDistance(L_2, accuracy)",12435,0,-0.17105733044635305,1,-0.27231601510024045
bayesian_network,"ClosestDistance(L_2, accuracy)",12435,1,-0.39213952363731125,0,-0.27231601510024045
bayesian_network,"ClosestDistance(L_2, accuracy)",12435,0,-0.2059105729597117,1,-0.27231601510024045
bayesian_network,"ClosestDistance(L_2, accuracy)",12435,1,-0.21465928526968392,1,-0.27231601510024045
bayesian_network,"ClosestDistance(L_2, accuracy)",12435,0,-0.23168376738941665,1,-0.27231601510024045
bayesian_network,"ClosestDistance(L_2, accuracy)",12435,1,-0.1847301329662228,1,-0.27231601510024045
bayesian_network,"ClosestDistance(L_2, accuracy)",12435,0,-0.3690028931553339,0,-0.27231601510024045
bayesian_network,"ClosestDistance(L_2, accuracy)",12435,1,-0.22495471303195744,1,-0.27231601510024045
bayesian_network,"ClosestDistance(L_2, accuracy)",12435,0,-0.294109414561173,0,-0.27231601510024045
bayesian_network,"ClosestDistance(L_2, accuracy)",12435,1,-0.20630126651749014,1,-0.27231601510024045
bayesian_network,"ClosestDistance(L_2, accuracy)",12435,0,-0.280728368362658,0,-0.27231601510024045
bayesian_network,"ClosestDistance(L_2, accuracy)",12435,1,-0.2056487236049601,1,-0.27231601510024045
bayesian_network,"ClosestDistance(L_2, accuracy)",12435,0,-0.4168430594322521,0,-0.27231601510024045
bayesian_network,"ClosestDistance(L_2, accuracy)",12435,1,-0.2155904850978797,1,-0.27231601510024045
bayesian_network,"ClosestDistance(L_2, accuracy)",12435,0,-0.5315013677338608,0,-0.27231601510024045
bayesian_network,"ClosestDistance(L_2, accuracy)",12435,1,-0.2056905721040838,1,-0.27231601510024045
bayesian_network,"ClosestDistance(L_2, accuracy)",12435,0,-0.2751162992962379,0,-0.27231601510024045
bayesian_network,"ClosestDistance(L_2, accuracy)",12435,1,-0.2543046717039873,1,-0.27231601510024045
bayesian_network,"ClosestDistance(L_2, accuracy)",12435,0,-0.26030987552126644,1,-0.27231601510024045
bayesian_network,"ClosestDistance(L_2, accuracy)",12435,1,-0.44006169978794807,0,-0.27231601510024045
bayesian_network,"ClosestDistance(L_2, accuracy)",12435,0,-0.0621195476965812,1,-0.27231601510024045
bayesian_network,"ClosestDistance(L_2, accuracy)",12435,1,-0.21709161473873853,1,-0.27231601510024045
bayesian_network,"ClosestDistance(L_2, accuracy)",12435,0,-0.23037115469576205,1,-0.27231601510024045
bayesian_network,"ClosestDistance(L_2, accuracy)",12435,1,-0.2358159994206132,1,-0.27231601510024045
bayesian_network,"ClosestDistance(L_2, accuracy)",12435,0,-0.1496956097766004,1,-0.27231601510024045
bayesian_network,"ClosestDistance(L_2, accuracy)",12435,1,-0.22551165178351193,1,-0.27231601510024045
bayesian_network,"ClosestDistance(L_2, accuracy)",12435,0,-0.2626017058744489,1,-0.27231601510024045
bayesian_network,"ClosestDistance(L_2, accuracy)",12435,1,-0.08522854681860312,1,-0.27231601510024045
bayesian_network,"ClosestDistance(L_2, accuracy)",12435,0,-0.2702405620026435,1,-0.27231601510024045
bayesian_network,"ClosestDistance(L_2, accuracy)",12435,1,-0.20851684502596146,1,-0.27231601510024045
bayesian_network,"ClosestDistance(L_2, accuracy)",12435,0,-0.2962364484892806,0,-0.27231601510024045
bayesian_network,"ClosestDistance(L_2, accuracy)",12435,1,-0.10107870313402711,1,-0.27231601510024045
bayesian_network,"ClosestDistance(L_2, accuracy)",12435,0,-0.400041319578571,0,-0.27231601510024045
bayesian_network,"ClosestDistance(L_2, accuracy)",12435,1,-0.2623829548998727,1,-0.27231601510024045
bayesian_network,"ClosestDistance(L_2, accuracy)",12435,0,-0.28344181851343697,0,-0.27231601510024045
bayesian_network,"ClosestDistance(L_2, accuracy)",12435,1,-0.193501801245058,1,-0.27231601510024045
bayesian_network,"ClosestDistance(L_2, accuracy)",12435,0,-0.32293860191725354,0,-0.27231601510024045
bayesian_network,"ClosestDistance(L_2, accuracy)",12435,1,-0.13789890094259458,1,-0.27231601510024045
bayesian_network,"ClosestDistance(L_2, accuracy)",12435,0,-0.14224772197521923,1,-0.27231601510024045
bayesian_network,"ClosestDistance(L_2, accuracy)",12435,1,-0.2466187841842967,1,-0.27231601510024045
bayesian_network,"ClosestDistance(L_2, accuracy)",12435,0,-0.20554960864393224,1,-0.27231601510024045
bayesian_network,"ClosestDistance(L_2, accuracy)",12435,1,-0.22723349903290002,1,-0.27231601510024045
bayesian_network,"ClosestDistance(L_2, accuracy)",12435,0,-0.2320715482667988,1,-0.27231601510024045
bayesian_network,"ClosestDistance(L_2, accuracy)",12435,1,-0.27623283503927115,0,-0.27231601510024045
bayesian_network,"ClosestDistance(L_2, accuracy)",12435,0,-0.41009089872692117,0,-0.27231601510024045
bayesian_network,"ClosestDistance(L_2, accuracy)",12435,1,-0.40845779123468834,0,-0.27231601510024045
bayesian_network,"ClosestDistance(L_2, accuracy)",12435,0,-0.23378155231197612,1,-0.27231601510024045
bayesian_network,"ClosestDistance(L_2, accuracy)",12435,1,-0.49606296060045685,0,-0.27231601510024045
bayesian_network,"ClosestDistance(L_2, accuracy)",12435,0,-0.2742601685855544,0,-0.27231601510024045
bayesian_network,"ClosestDistance(L_2, accuracy)",12435,1,-0.046565723669253246,1,-0.27231601510024045
bayesian_network,"ClosestDistance(L_2, accuracy)",12435,0,-0.228414605680778,1,-0.27231601510024045
bayesian_network,"ClosestDistance(L_2, accuracy)",12435,1,-0.22785848772611939,1,-0.27231601510024045
bayesian_network,"ClosestDistance(L_2, accuracy)",12435,0,-0.34407930052291474,0,-0.27231601510024045
bayesian_network,"ClosestDistance(L_2, accuracy)",12435,1,-0.22721193018843477,1,-0.27231601510024045
bayesian_network,"ClosestDistance(L_2, accuracy)",12435,0,-1.4249232188340248,0,-0.27231601510024045
bayesian_network,"ClosestDistance(L_2, accuracy)",12435,1,-0.11519832605258135,1,-0.27231601510024045
bayesian_network,"ClosestDistance(L_2, accuracy)",12435,0,-0.41632667190348055,0,-0.27231601510024045
bayesian_network,"ClosestDistance(L_2, accuracy)",12435,1,-0.25779635740738716,1,-0.27231601510024045
bayesian_network,"ClosestDistance(L_2, accuracy)",12435,0,-0.4539405454254971,0,-0.27231601510024045
bayesian_network,"ClosestDistance(L_2, accuracy)",12435,1,-0.3477226942816097,0,-0.27231601510024045
bayesian_network,"ClosestDistance(L_2, accuracy)",12435,0,-1.4151641053179116,0,-0.27231601510024045
bayesian_network,"ClosestDistance(L_2, accuracy)",12435,1,-0.1040547101283479,1,-0.27231601510024045
bayesian_network,"ClosestDistance(L_2, accuracy)",12435,0,-0.15777400889515716,1,-0.27231601510024045
bayesian_network,"ClosestDistance(L_2, accuracy)",12435,1,-0.17448100711858247,1,-0.27231601510024045
bayesian_network,"ClosestDistance(L_2, accuracy)",12435,0,-0.2932007808629942,0,-0.27231601510024045
bayesian_network,"ClosestDistance(L_2, accuracy)",12435,1,-0.21381581925984686,1,-0.27231601510024045
bayesian_network,"ClosestDistance(L_2, accuracy)",12435,0,-0.277825845538895,0,-0.27231601510024045
bayesian_network,"ClosestDistance(L_2, accuracy)",12435,1,-0.20628782717372074,1,-0.27231601510024045
bayesian_network,"ClosestDistance(L_2, accuracy)",12435,0,-0.1165941308502546,1,-0.27231601510024045
bayesian_network,"ClosestDistance(L_2, accuracy)",12435,1,-0.17677275153285893,1,-0.27231601510024045
bayesian_network,"ClosestDistance(L_2, accuracy)",12435,0,-0.23036404995905443,1,-0.27231601510024045
bayesian_network,"ClosestDistance(L_2, accuracy)",12435,1,-0.21074885558226275,1,-0.27231601510024045
bayesian_network,"ClosestDistance(L_2, accuracy)",12435,0,-0.14503372723050886,1,-0.27231601510024045
bayesian_network,"ClosestDistance(L_2, accuracy)",12435,1,-0.1913787495498067,1,-0.27231601510024045
bayesian_network,"ClosestDistance(L_2, accuracy)",12435,0,-0.10694492769032285,1,-0.27231601510024045
bayesian_network,"ClosestDistance(L_2, accuracy)",12435,1,-0.35232137722711776,0,-0.27231601510024045
bayesian_network,"ClosestDistance(L_2, accuracy)",12435,0,-0.15659066768558833,1,-0.27231601510024045
bayesian_network,"ClosestDistance(L_2, accuracy)",12435,1,-0.22104583766042205,1,-0.27231601510024045
bayesian_network,"ClosestDistance(L_2, accuracy)",12435,0,-0.34547290305233497,0,-0.27231601510024045
bayesian_network,"ClosestDistance(L_2, accuracy)",12435,1,-0.1018851896794457,1,-0.27231601510024045
bayesian_network,"ClosestDistance(L_2, accuracy)",12435,0,-0.2532351902477374,1,-0.27231601510024045
bayesian_network,"ClosestDistance(L_2, accuracy)",12435,1,-0.15466762615146376,1,-0.27231601510024045
bayesian_network,"ClosestDistance(L_2, accuracy)",12435,0,-0.20864083122718172,1,-0.27231601510024045
bayesian_network,"ClosestDistance(L_2, accuracy)",12435,1,-0.27639639812463346,0,-0.27231601510024045
bayesian_network,"ClosestDistance(L_2, accuracy)",12435,0,-0.24133625946978576,1,-0.27231601510024045
bayesian_network,"ClosestDistance(L_2, accuracy)",12435,1,-0.20960312318897206,1,-0.27231601510024045
bayesian_network,"ClosestDistance(L_2, accuracy)",12435,0,-0.20594996519403716,1,-0.27231601510024045
bayesian_network,"ClosestDistance(L_2, accuracy)",12435,1,-0.19275698184307816,1,-0.27231601510024045
bayesian_network,"ClosestDistance(L_2, accuracy)",12435,0,-0.21125164622204928,1,-0.27231601510024045
bayesian_network,"ClosestDistance(L_2, accuracy)",12435,1,-0.4004117557947796,0,-0.27231601510024045
bayesian_network,"ClosestDistance(L_2, accuracy)",12435,0,-0.24539000052167265,1,-0.27231601510024045
bayesian_network,"ClosestDistance(L_2, accuracy)",12435,1,-0.5151594487609034,0,-0.27231601510024045
bayesian_network,"ClosestDistance(L_2, accuracy)",12435,0,-0.1358906210144353,1,-0.27231601510024045
bayesian_network,"ClosestDistance(L_2, accuracy)",12435,1,-0.20317092406325155,1,-0.27231601510024045
bayesian_network,"ClosestDistance(L_2, accuracy)",12435,0,-0.09147790725148998,1,-0.27231601510024045
bayesian_network,"ClosestDistance(L_2, accuracy)",12435,1,-0.2847875654463984,0,-0.27231601510024045
bayesian_network,"ClosestDistance(L_2, accuracy)",12435,0,-0.09777925247412685,1,-0.27231601510024045
bayesian_network,"ClosestDistance(L_2, accuracy)",12435,1,-0.30084787222470877,0,-0.27231601510024045
bayesian_network,"ClosestDistance(L_2, accuracy)",12435,0,-0.35034633016593225,0,-0.27231601510024045
bayesian_network,"ClosestDistance(L_2, accuracy)",12435,1,-0.1548219786774232,1,-0.27231601510024045
bayesian_network,"ClosestDistance(L_2, accuracy)",12435,0,-0.12238357152872986,1,-0.27231601510024045
bayesian_network,"ClosestDistance(L_2, accuracy)",12435,1,-0.21894950524797235,1,-0.27231601510024045
bayesian_network,"ClosestDistance(L_2, accuracy)",12435,0,-0.24974437167418428,1,-0.27231601510024045
bayesian_network,"ClosestDistance(L_2, accuracy)",12435,1,-0.2080605975946893,1,-0.27231601510024045
bayesian_network,"ClosestDistance(L_2, accuracy)",12435,0,-0.45531326811536926,0,-0.27231601510024045
bayesian_network,"ClosestDistance(L_2, accuracy)",12435,1,-0.22997136289408893,1,-0.27231601510024045
bayesian_network,"ClosestDistance(L_2, accuracy)",12435,0,-0.22579553249765194,1,-0.27231601510024045
bayesian_network,"ClosestDistance(L_2, accuracy)",12435,1,-0.10352109477893544,1,-0.27231601510024045
bayesian_network,"ClosestDistance(L_2, accuracy)",12435,0,-0.22745297378366086,1,-0.27231601510024045
bayesian_network,"ClosestDistance(L_2, accuracy)",12435,1,-0.671064883982201,0,-0.27231601510024045
bayesian_network,"ClosestDistance(L_2, accuracy)",12435,0,-0.2791806297430841,0,-0.27231601510024045
bayesian_network,"ClosestDistance(L_2, accuracy)",12435,1,-0.2642833362595205,1,-0.27231601510024045
bayesian_network,"ClosestDistance(L_2, accuracy)",12435,0,-1.4192414227458765,0,-0.27231601510024045
bayesian_network,"ClosestDistance(L_2, accuracy)",12435,1,-0.3394147323204755,0,-0.27231601510024045
bayesian_network,"ClosestDistance(L_2, accuracy)",12435,0,-0.660171555001743,0,-0.27231601510024045
bayesian_network,"ClosestDistance(L_2, accuracy)",12435,1,-0.24038911312588548,1,-0.27231601510024045
bayesian_network,"ClosestDistance(L_2, accuracy)",12435,0,-0.17531868411666565,1,-0.27231601510024045
bayesian_network,"ClosestDistance(L_2, accuracy)",12435,1,-0.20390922312804713,1,-0.27231601510024045
bayesian_network,"ClosestDistance(L_2, accuracy)",12435,0,-0.11835728370579306,1,-0.27231601510024045
bayesian_network,"ClosestDistance(L_2, accuracy)",12435,1,-0.20867464361072027,1,-0.27231601510024045
bayesian_network,"ClosestDistance(L_2, accuracy)",12435,0,-0.3072675906305838,0,-0.27231601510024045
bayesian_network,"ClosestDistance(L_2, accuracy)",12435,1,-0.2884032386583838,0,-0.27231601510024045
bayesian_network,"ClosestDistance(L_2, accuracy)",12435,0,-0.3222983932073262,0,-0.27231601510024045
bayesian_network,"ClosestDistance(L_2, accuracy)",12435,1,-0.21476943664629575,1,-0.27231601510024045
bayesian_network,"ClosestDistance(L_2, accuracy)",12435,0,-0.12385499818241077,1,-0.27231601510024045
bayesian_network,"ClosestDistance(L_2, accuracy)",12435,1,-0.1825617999306001,1,-0.27231601510024045
bayesian_network,"ClosestDistance(L_2, accuracy)",12435,0,-0.21036501704362437,1,-0.27231601510024045
bayesian_network,"ClosestDistance(L_2, accuracy)",12435,1,-0.3379270223937679,0,-0.27231601510024045
bayesian_network,"ClosestDistance(L_2, accuracy)",12435,0,-0.11378709891413819,1,-0.27231601510024045
bayesian_network,"ClosestDistance(L_2, accuracy)",12435,1,-0.23532376050109055,1,-0.27231601510024045
bayesian_network,"ClosestDistance(L_2, accuracy)",12435,0,-0.1100173575795345,1,-0.27231601510024045
bayesian_network,"ClosestDistance(L_2, accuracy)",12435,1,-0.5641897422670512,0,-0.27231601510024045
bayesian_network,"ClosestDistance(L_2, accuracy)",12435,0,-0.10665927036646972,1,-0.27231601510024045
bayesian_network,"ClosestDistance(L_2, accuracy)",12435,1,-0.23003662450213674,1,-0.27231601510024045
bayesian_network,"ClosestDistance(L_2, accuracy)",12435,0,-0.23282588309207541,1,-0.27231601510024045
bayesian_network,"ClosestDistance(L_2, accuracy)",12435,1,-0.1486975924269187,1,-0.27231601510024045
bayesian_network,"ClosestDistance(L_2, accuracy)",12435,0,-0.14703455027680026,1,-0.27231601510024045
bayesian_network,"ClosestDistance(L_2, accuracy)",12435,1,-0.5000412105643511,0,-0.27231601510024045
bayesian_network,"ClosestDistance(L_2, accuracy)",12435,0,-0.22882606595811286,1,-0.27231601510024045
bayesian_network,"ClosestDistance(L_2, accuracy)",12435,1,-0.275881947488575,0,-0.27231601510024045
bayesian_network,"ClosestDistance(L_2, accuracy)",12435,0,-0.15605083131811354,1,-0.27231601510024045
bayesian_network,"ClosestDistance(L_2, accuracy)",12435,1,-0.18921713707283838,1,-0.27231601510024045
bayesian_network,"ClosestDistance(L_2, accuracy)",12435,0,-0.22674396243244016,1,-0.27231601510024045
bayesian_network,"ClosestDistance(L_2, accuracy)",12435,1,-0.21087635838789767,1,-0.27231601510024045
bayesian_network,"ClosestDistance(L_2, accuracy)",12435,0,-0.13729977672390872,1,-0.27231601510024045
bayesian_network,"ClosestDistance(L_2, accuracy)",12435,1,-0.10149470979642067,1,-0.27231601510024045
bayesian_network,"ClosestDistance(L_2, accuracy)",12435,0,-0.24353004962321584,1,-0.27231601510024045
bayesian_network,"ClosestDistance(L_2, accuracy)",12435,1,-0.20197311458149003,1,-0.27231601510024045
bayesian_network,"ClosestDistance(L_2, accuracy)",12435,0,-0.19316351639917115,1,-0.27231601510024045
bayesian_network,"ClosestDistance(L_2, accuracy)",12435,1,-0.22879468987653268,1,-0.27231601510024045
bayesian_network,"ClosestDistance(L_2, accuracy)",12435,0,-0.23534135735689526,1,-0.27231601510024045
bayesian_network,"ClosestDistance(L_2, accuracy)",12435,1,-0.22651161545945267,1,-0.27231601510024045
bayesian_network,"ClosestDistance(L_2, accuracy)",12435,0,-0.5010193550962454,0,-0.27231601510024045
bayesian_network,"ClosestDistance(L_2, accuracy)",12435,1,-0.20344130850025327,1,-0.27231601510024045
bayesian_network,"ClosestDistance(L_2, accuracy)",12435,0,-0.2790656814690545,0,-0.27231601510024045
bayesian_network,"ClosestDistance(L_2, accuracy)",12435,1,-0.42316675596946113,0,-0.27231601510024045
bayesian_network,"ClosestDistance(L_2, accuracy)",12435,0,-0.33900314654339825,0,-0.27231601510024045
bayesian_network,"ClosestDistance(L_2, accuracy)",12435,1,-0.2012288639857102,1,-0.27231601510024045
bayesian_network,"ClosestDistance(L_2, accuracy)",12435,0,-0.33682389436656374,0,-0.27231601510024045
bayesian_network,"ClosestDistance(L_2, accuracy)",12435,1,-0.24967404482375571,1,-0.27231601510024045
bayesian_network,"ClosestDistance(L_2, accuracy)",12435,0,-0.316951853719947,0,-0.27231601510024045
bayesian_network,"ClosestDistance(L_2, accuracy)",12435,1,-0.2412358290446513,1,-0.27231601510024045
bayesian_network,"ClosestDistance(L_2, accuracy)",12435,0,-0.30118238150014504,0,-0.27231601510024045
bayesian_network,"ClosestDistance(L_2, accuracy)",12435,1,-0.22266217014907833,1,-0.27231601510024045
bayesian_network,"ClosestDistance(L_2, accuracy)",12435,0,-0.2360721947416337,1,-0.27231601510024045
bayesian_network,"ClosestDistance(L_2, accuracy)",12435,1,-0.2324030126263745,1,-0.27231601510024045
bayesian_network,"ClosestDistance(L_2, accuracy)",12435,0,-0.3120173035874975,0,-0.27231601510024045
bayesian_network,"ClosestDistance(L_2, accuracy)",12435,1,-0.11184319017567523,1,-0.27231601510024045
bayesian_network,"ClosestDistance(L_2, accuracy)",12435,0,-0.3004597522055694,0,-0.27231601510024045
bayesian_network,"ClosestDistance(L_2, accuracy)",12435,1,-0.11340431902033558,1,-0.27231601510024045
bayesian_network,"ClosestDistance(L_2, accuracy)",12435,0,-0.22225289228756928,1,-0.27231601510024045
bayesian_network,"ClosestDistance(L_2, accuracy)",12435,1,-0.14779334854858828,1,-0.27231601510024045
bayesian_network,"ClosestDistance(L_2, accuracy)",12435,0,-0.22864551064002717,1,-0.27231601510024045
bayesian_network,"ClosestDistance(L_2, accuracy)",12435,1,-0.3018945850303355,0,-0.27231601510024045
bayesian_network,"ClosestDistance(L_2, accuracy)",12435,0,-0.13064173392330333,1,-0.27231601510024045
bayesian_network,"ClosestDistance(L_2, accuracy)",12435,1,-0.11711734245568217,1,-0.27231601510024045
bayesian_network,"ClosestDistance(L_2, accuracy)",12435,0,-0.23662338230521826,1,-0.27231601510024045
bayesian_network,"ClosestDistance(L_2, accuracy)",12435,1,-0.37190116837840637,0,-0.27231601510024045
bayesian_network,"ClosestDistance(L_2, accuracy)",12435,0,-0.20135135397980267,1,-0.27231601510024045
bayesian_network,"ClosestDistance(L_2, accuracy)",12435,1,-0.2257154718350277,1,-0.27231601510024045
bayesian_network,"ClosestDistance(L_2, accuracy)",12435,0,-0.18879316917467956,1,-0.27231601510024045
bayesian_network,"ClosestDistance(L_2, accuracy)",12435,1,-0.27599383576617137,0,-0.27231601510024045
bayesian_network,"ClosestDistance(L_2, accuracy)",12435,0,-0.22098754536814347,1,-0.27231601510024045
bayesian_network,"ClosestDistance(L_2, accuracy)",12435,1,-0.21783210970306444,1,-0.27231601510024045
bayesian_network,"ClosestDistance(L_2, accuracy)",12435,0,-0.21574253593053438,1,-0.27231601510024045
bayesian_network,"ClosestDistance(L_2, accuracy)",12435,1,-0.25056902737515374,1,-0.27231601510024045
bayesian_network,"ClosestDistance(L_2, accuracy)",12435,0,-0.1593303670558543,1,-0.27231601510024045
bayesian_network,"ClosestDistance(L_2, accuracy)",12435,1,-0.23118351720618735,1,-0.27231601510024045
bayesian_network,"ClosestDistance(L_2, accuracy)",12435,0,-0.30438926976350483,0,-0.27231601510024045
bayesian_network,"ClosestDistance(L_2, accuracy)",12435,1,-0.18987579473916813,1,-0.27231601510024045
bayesian_network,"ClosestDistance(L_2, accuracy)",12435,0,-0.16912548950450912,1,-0.27231601510024045
bayesian_network,"ClosestDistance(L_2, accuracy)",12435,1,-0.4555672877880617,0,-0.27231601510024045
bayesian_network,"ClosestDistance(L_2, accuracy)",12435,0,-0.22157698007958676,1,-0.27231601510024045
bayesian_network,"ClosestDistance(L_2, accuracy)",12435,1,-0.20598308995277614,1,-0.27231601510024045
bayesian_network,"ClosestDistance(L_2, accuracy)",12435,0,-0.2791736107650863,0,-0.27231601510024045
bayesian_network,"ClosestDistance(L_2, accuracy)",12435,1,-0.21355413498110654,1,-0.27231601510024045
bayesian_network,"ClosestDistance(L_2, accuracy)",12435,0,-0.20646832180709754,1,-0.27231601510024045
bayesian_network,"ClosestDistance(L_2, accuracy)",12435,1,-0.26097355494943975,1,-0.27231601510024045
bayesian_network,"ClosestDistance(L_2, accuracy)",12435,0,-0.3322525542620764,0,-0.27231601510024045
bayesian_network,"ClosestDistance(L_2, accuracy)",12435,1,-0.48819417894398337,0,-0.27231601510024045
bayesian_network,"ClosestDistance(L_2, accuracy)",12435,0,-0.34301963710254735,0,-0.27231601510024045
bayesian_network,"ClosestDistance(L_2, accuracy)",12435,1,-0.3349846516931548,0,-0.27231601510024045
bayesian_network,"ClosestDistance(L_2, accuracy)",12435,0,-0.20485869705744178,1,-0.27231601510024045
bayesian_network,"ClosestDistance(L_2, accuracy)",12435,1,-0.21013227484660593,1,-0.27231601510024045
bayesian_network,"ClosestDistance(L_2, accuracy)",12435,0,-0.15162536194170634,1,-0.27231601510024045
bayesian_network,"ClosestDistance(L_2, accuracy)",12435,1,-0.19030856463902904,1,-0.27231601510024045
bayesian_network,"ClosestDistance(L_2, accuracy)",12435,0,-0.20310473515370975,1,-0.27231601510024045
bayesian_network,"ClosestDistance(L_2, accuracy)",12435,1,-0.2783522568491149,0,-0.27231601510024045
bayesian_network,"ClosestDistance(L_2, accuracy)",12435,0,-1.4235603813434148,0,-0.27231601510024045
bayesian_network,"ClosestDistance(L_2, accuracy)",12435,1,-0.42908456463486194,0,-0.27231601510024045
bayesian_network,"ClosestDistance(L_2, accuracy)",12435,0,-0.24793108644153905,1,-0.27231601510024045
bayesian_network,"ClosestDistance(L_2, accuracy)",12435,1,-0.20946815525807735,1,-0.27231601510024045
bayesian_network,"ClosestDistance(L_2, accuracy)",12435,0,-0.2055200369498306,1,-0.27231601510024045
bayesian_network,"ClosestDistance(L_2, accuracy)",12435,1,-0.20599011333193987,1,-0.27231601510024045
bayesian_network,"ClosestDistance(L_2, accuracy)",12435,0,-0.2490923378649017,1,-0.27231601510024045
bayesian_network,"ClosestDistance(L_2, accuracy)",12435,1,-0.21503580653891427,1,-0.27231601510024045
bayesian_network,"ClosestDistance(L_2, accuracy)",12435,0,-0.5821392880087599,0,-0.27231601510024045
bayesian_network,"ClosestDistance(L_2, accuracy)",12435,1,-0.06430130013242771,1,-0.27231601510024045
bayesian_network,"ClosestDistance(L_2, accuracy)",12435,0,-0.20707757057357662,1,-0.27231601510024045
bayesian_network,"ClosestDistance(L_2, accuracy)",12435,1,-0.25092452636580564,1,-0.27231601510024045
bayesian_network,"ClosestDistance(L_2, accuracy)",12435,0,-0.11744830202307766,1,-0.27231601510024045
bayesian_network,"ClosestDistance(L_2, accuracy)",12435,1,-0.20357202058139848,1,-0.27231601510024045
bayesian_network,"ClosestDistance(L_2, accuracy)",12435,0,-0.29723500134037695,0,-0.27231601510024045
bayesian_network,"ClosestDistance(L_2, accuracy)",12435,1,-0.3049042461000828,0,-0.27231601510024045
bayesian_network,"ClosestDistance(L_2, accuracy)",12435,0,-0.10979104736663842,1,-0.27231601510024045
bayesian_network,"ClosestDistance(L_2, accuracy)",12435,1,-0.10695432888293209,1,-0.27231601510024045
bayesian_network,"ClosestDistance(L_2, accuracy)",12435,0,-0.2006431443090704,1,-0.27231601510024045
bayesian_network,"ClosestDistance(L_2, accuracy)",12435,1,-0.23445760878536515,1,-0.27231601510024045
bayesian_network,"ClosestDistance(L_2, accuracy)",12435,0,-0.21449840846149631,1,-0.27231601510024045
bayesian_network,"ClosestDistance(L_2, accuracy)",12435,1,-0.23742195452107623,1,-0.27231601510024045
bayesian_network,"ClosestDistance(L_2, accuracy)",12435,0,-0.15369371820869288,1,-0.27231601510024045
bayesian_network,"ClosestDistance(L_2, accuracy)",12435,1,-0.2981666632767862,0,-0.27231601510024045
bayesian_network,"ClosestDistance(L_2, accuracy)",12435,0,-0.16053324143319134,1,-0.27231601510024045
bayesian_network,"ClosestDistance(L_2, accuracy)",12435,1,-0.09632669554608168,1,-0.27231601510024045
bayesian_network,"ClosestDistance(L_2, accuracy)",12435,0,-0.17083457680145278,1,-0.27231601510024045
bayesian_network,"ClosestDistance(L_2, accuracy)",12435,1,-0.06623664456604808,1,-0.27231601510024045
bayesian_network,"ClosestDistance(L_2, accuracy)",12435,0,-0.26307660203032845,1,-0.27231601510024045
bayesian_network,"ClosestDistance(L_2, accuracy)",12435,1,-0.30571140165477884,0,-0.27231601510024045
bayesian_network,"ClosestDistance(L_2, accuracy)",12435,0,-0.29444342225060066,0,-0.27231601510024045
bayesian_network,"ClosestDistance(L_2, accuracy)",12435,1,-0.2690302635577939,1,-0.27231601510024045
bayesian_network,"ClosestDistance(L_2, accuracy)",12435,0,-0.24466865187984257,1,-0.27231601510024045
bayesian_network,"ClosestDistance(L_2, accuracy)",12435,1,-0.2583387202757742,1,-0.27231601510024045
bayesian_network,"ClosestDistance(L_2, accuracy)",12435,0,-0.22609920607675163,1,-0.27231601510024045
bayesian_network,"ClosestDistance(L_2, accuracy)",12435,1,-0.21524644707936025,1,-0.27231601510024045
bayesian_network,"ClosestDistance(L_2, accuracy)",12435,0,-0.23473381032229612,1,-0.27231601510024045
bayesian_network,"ClosestDistance(L_2, accuracy)",12435,1,-0.29522708445624013,0,-0.27231601510024045
bayesian_network,"ClosestDistance(L_2, accuracy)",12435,0,-0.28644300446698406,0,-0.27231601510024045
bayesian_network,"ClosestDistance(L_2, accuracy)",12435,1,-0.2790134022070566,0,-0.27231601510024045
bayesian_network,"ClosestDistance(L_2, accuracy)",12435,0,-0.11018366268166815,1,-0.27231601510024045
bayesian_network,"ClosestDistance(L_2, accuracy)",12435,1,-0.2752088262598766,0,-0.27231601510024045
bayesian_network,"ClosestDistance(L_2, accuracy)",12435,0,-0.15198822381218982,1,-0.27231601510024045
bayesian_network,"ClosestDistance(L_2, accuracy)",12435,1,-0.2880696310631779,0,-0.27231601510024045
bayesian_network,"ClosestDistance(L_2, accuracy)",12435,0,-0.20826988753866182,1,-0.27231601510024045
bayesian_network,"ClosestDistance(L_2, accuracy)",12435,1,-0.3681387882001326,0,-0.27231601510024045
bayesian_network,"ClosestDistance(L_2, accuracy)",12435,0,-0.3055548788884675,0,-0.27231601510024045
bayesian_network,"ClosestDistance(L_2, accuracy)",12435,1,-0.22137041206491664,1,-0.27231601510024045
bayesian_network,"ClosestDistance(L_2, accuracy)",12435,0,-0.24388521441290062,1,-0.27231601510024045
bayesian_network,"ClosestDistance(L_2, accuracy)",12435,1,-0.1260851384798928,1,-0.27231601510024045
bayesian_network,"ClosestDistance(L_2, accuracy)",12435,0,-0.20896194894859443,1,-0.27231601510024045
bayesian_network,"ClosestDistance(L_2, accuracy)",12435,1,-0.22162530281605744,1,-0.27231601510024045
bayesian_network,"ClosestDistance(L_2, accuracy)",12435,0,-0.09699511993257208,1,-0.27231601510024045
bayesian_network,"ClosestDistance(L_2, accuracy)",12435,1,-0.3091292306521243,0,-0.27231601510024045
bayesian_network,"ClosestDistance(L_2, accuracy)",12435,0,-0.243993464854392,1,-0.27231601510024045
bayesian_network,"ClosestDistance(L_2, accuracy)",12435,1,-0.38530794943904445,0,-0.27231601510024045
bayesian_network,"ClosestDistance(L_2, accuracy)",12435,0,-0.6144248540318559,0,-0.27231601510024045
bayesian_network,"ClosestDistance(L_2, accuracy)",12435,1,-0.34746197073063806,0,-0.27231601510024045
bayesian_network,"ClosestDistance(L_2, accuracy)",12435,0,-0.20652776413760446,1,-0.27231601510024045
bayesian_network,"ClosestDistance(L_2, accuracy)",12435,1,-0.21816231452621704,1,-0.27231601510024045
bayesian_network,"ClosestDistance(L_2, accuracy)",12435,0,-0.20067554074687427,1,-0.27231601510024045
bayesian_network,"ClosestDistance(L_2, accuracy)",12435,1,-0.216858474457375,1,-0.27231601510024045
bayesian_network,"ClosestDistance(L_2, accuracy)",12435,0,-0.11706337810281871,1,-0.27231601510024045
bayesian_network,"ClosestDistance(L_2, accuracy)",12435,1,-0.20793001455519353,1,-0.27231601510024045
bayesian_network,"ClosestDistance(L_2, accuracy)",12435,0,-1.4284826271469742,0,-0.27231601510024045
bayesian_network,"ClosestDistance(L_2, accuracy)",12435,1,-0.29685966482397724,0,-0.27231601510024045
bayesian_network,"ClosestDistance(L_2, accuracy)",12435,0,-0.11630230271352096,1,-0.27231601510024045
bayesian_network,"ClosestDistance(L_2, accuracy)",12435,1,-0.1452261599567541,1,-0.27231601510024045
bayesian_network,"ClosestDistance(L_2, accuracy)",12435,0,-0.27195028674233307,1,-0.27231601510024045
bayesian_network,"ClosestDistance(L_2, accuracy)",12435,1,-0.15492747082340239,1,-0.27231601510024045
bayesian_network,"ClosestDistance(L_2, accuracy)",12435,0,-0.14611138414212044,1,-0.27231601510024045
bayesian_network,"ClosestDistance(L_2, accuracy)",12435,1,-0.19028064042782167,1,-0.27231601510024045
bayesian_network,"ClosestDistance(L_2, accuracy)",12435,0,-0.2235574046454269,1,-0.27231601510024045
bayesian_network,"ClosestDistance(L_2, accuracy)",12435,1,-0.2087980074792397,1,-0.27231601510024045
bayesian_network,"ClosestDistance(L_2, accuracy)",12435,0,-0.20575850058697753,1,-0.27231601510024045
bayesian_network,"ClosestDistance(L_2, accuracy)",12435,1,-0.20344126188523265,1,-0.27231601510024045
bayesian_network,"ClosestDistance(L_2, accuracy)",12435,0,-0.6220987911441169,0,-0.27231601510024045
bayesian_network,"ClosestDistance(L_2, accuracy)",12435,1,-0.2886840442408139,0,-0.27231601510024045
bayesian_network,"ClosestDistance(L_2, accuracy)",12435,0,-0.221236291630369,1,-0.27231601510024045
bayesian_network,"ClosestDistance(L_2, accuracy)",12435,1,-0.104929236111178,1,-0.27231601510024045
bayesian_network,"ClosestDistance(L_2, accuracy)",12435,0,-0.15028891774512038,1,-0.27231601510024045
bayesian_network,"ClosestDistance(L_2, accuracy)",12435,1,-0.29695689829371325,0,-0.27231601510024045
bayesian_network,"ClosestDistance(L_2, accuracy)",12435,0,-0.0964854224639974,1,-0.27231601510024045
bayesian_network,"ClosestDistance(L_2, accuracy)",12435,1,-0.1673762439981817,1,-0.27231601510024045
bayesian_network,"ClosestDistance(L_2, accuracy)",12435,0,-0.38534783294662117,0,-0.27231601510024045
bayesian_network,"ClosestDistance(L_2, accuracy)",12435,1,-0.1675465792176402,1,-0.27231601510024045
bayesian_network,"ClosestDistance(L_2, accuracy)",12435,0,-0.5724298171652002,0,-0.27231601510024045
bayesian_network,"ClosestDistance(L_2, accuracy)",12435,1,-0.2066571356684094,1,-0.27231601510024045
bayesian_network,"ClosestDistance(L_2, accuracy)",12435,0,-0.2830713372517709,0,-0.27231601510024045
bayesian_network,"ClosestDistance(L_2, accuracy)",12435,1,-0.2880408481858951,0,-0.27231601510024045
bayesian_network,"ClosestDistance(L_2, accuracy)",12435,0,-0.33165674805469314,0,-0.27231601510024045
bayesian_network,"ClosestDistance(L_2, accuracy)",12435,1,-0.20894199800558305,1,-0.27231601510024045
bayesian_network,"ClosestDistance(L_2, accuracy)",12435,0,-0.22355360472883806,1,-0.27231601510024045
bayesian_network,"ClosestDistance(L_2, accuracy)",12435,1,-0.3000277421838084,0,-0.27231601510024045
bayesian_network,"ClosestDistance(L_2, accuracy)",12435,0,-0.14800169260932497,1,-0.27231601510024045
bayesian_network,"ClosestDistance(L_2, accuracy)",12435,1,-0.29388899853262834,0,-0.27231601510024045
bayesian_network,"ClosestDistance(L_2, accuracy)",12435,0,-1.416045385731259,0,-0.27231601510024045
bayesian_network,"ClosestDistance(L_2, accuracy)",12435,1,-0.3057874523903471,0,-0.27231601510024045
bayesian_network,"ClosestDistance(L_2, accuracy)",12435,0,-0.2351945609608017,1,-0.27231601510024045
bayesian_network,"ClosestDistance(L_2, accuracy)",12435,1,-0.4708325714471952,0,-0.27231601510024045
bayesian_network,"ClosestDistance(L_2, accuracy)",12435,0,-0.2563553361963089,1,-0.27231601510024045
bayesian_network,"ClosestDistance(L_2, accuracy)",12435,1,-0.27926904002272707,0,-0.27231601510024045
bayesian_network,"ClosestDistance(L_2, accuracy)",12435,0,-0.5116409503365619,0,-0.27231601510024045
bayesian_network,"ClosestDistance(L_2, accuracy)",12435,1,-0.21078316292496724,1,-0.27231601510024045
bayesian_network,"ClosestDistance(L_2, accuracy)",12435,0,-0.11023448250279791,1,-0.27231601510024045
bayesian_network,"ClosestDistance(L_2, accuracy)",12435,1,-0.1981884499486267,1,-0.27231601510024045
bayesian_network,"ClosestDistance(L_2, accuracy)",12435,0,-0.4098609725663702,0,-0.27231601510024045
bayesian_network,"ClosestDistance(L_2, accuracy)",12435,1,-0.14447902120622244,1,-0.27231601510024045
bayesian_network,"ClosestDistance(L_2, accuracy)",12435,0,-0.15670378231302187,1,-0.27231601510024045
bayesian_network,"ClosestDistance(L_2, accuracy)",12435,1,-0.3870160906683871,0,-0.27231601510024045
bayesian_network,"ClosestDistance(L_2, accuracy)",12435,0,-0.42892577732778625,0,-0.27231601510024045
bayesian_network,"ClosestDistance(L_2, accuracy)",12435,1,-0.35559942858589777,0,-0.27231601510024045
bayesian_network,"ClosestDistance(L_2, accuracy)",12435,0,-0.23026433653557768,1,-0.27231601510024045
bayesian_network,"ClosestDistance(L_2, accuracy)",12435,1,-0.20356500180892162,1,-0.27231601510024045
bayesian_network,"ClosestDistance(L_2, accuracy)",12435,0,-0.341062890095321,0,-0.27231601510024045
bayesian_network,"ClosestDistance(L_2, accuracy)",12435,1,-0.2329492983904075,1,-0.27231601510024045
bayesian_network,"ClosestDistance(L_2, accuracy)",12435,0,-0.39585809465471145,0,-0.27231601510024045
bayesian_network,"ClosestDistance(L_2, accuracy)",12435,1,-0.2102124805298252,1,-0.27231601510024045
bayesian_network,"ClosestDistance(L_2, accuracy)",12435,0,-0.3052094318099561,0,-0.27231601510024045
bayesian_network,"ClosestDistance(L_2, accuracy)",12435,1,-0.2105252559074436,1,-0.27231601510024045
bayesian_network,"ClosestDistance(L_2, accuracy)",12435,0,-0.23943191635622305,1,-0.27231601510024045
bayesian_network,"ClosestDistance(L_2, accuracy)",12435,1,-0.21400606434705086,1,-0.27231601510024045
bayesian_network,"ClosestDistance(L_2, accuracy)",12435,0,-0.22617575027649928,1,-0.27231601510024045
bayesian_network,"ClosestDistance(L_2, accuracy)",12435,1,-0.17611827733827978,1,-0.27231601510024045
bayesian_network,"ClosestDistance(L_2, accuracy)",12435,0,-0.26728826448427306,1,-0.27231601510024045
bayesian_network,"ClosestDistance(L_2, accuracy)",12435,1,-0.23740647011829025,1,-0.27231601510024045
bayesian_network,"ClosestDistance(L_2, accuracy)",12435,0,-0.20676430739935184,1,-0.27231601510024045
bayesian_network,"ClosestDistance(L_2, accuracy)",12435,1,-0.1200036277750148,1,-0.27231601510024045
bayesian_network,"ClosestDistance(L_2, accuracy)",12435,0,-0.20070319318064342,1,-0.27231601510024045
bayesian_network,"ClosestDistance(L_2, accuracy)",12435,1,-0.28001239612892703,0,-0.27231601510024045
bayesian_network,"ClosestDistance(L_2, accuracy)",12435,0,-0.21937840138457096,1,-0.27231601510024045
bayesian_network,"ClosestDistance(L_2, accuracy)",12435,1,-0.3013526457471887,0,-0.27231601510024045
bayesian_network,"ClosestDistance(L_2, accuracy)",12435,0,-0.24736302052829265,1,-0.27231601510024045
bayesian_network,"ClosestDistance(L_2, accuracy)",12435,1,-0.2341629180200671,1,-0.27231601510024045
bayesian_network,"ClosestDistance(L_2, accuracy)",12435,0,-0.21663453134200825,1,-0.27231601510024045
bayesian_network,"ClosestDistance(L_2, accuracy)",12435,1,-0.09592159745252249,1,-0.27231601510024045
bayesian_network,"ClosestDistance(L_2, accuracy)",12435,0,-1.417757194962897,0,-0.27231601510024045
bayesian_network,"ClosestDistance(L_2, accuracy)",12435,1,-0.27900817005918005,0,-0.27231601510024045
bayesian_network,"ClosestDistance(L_2, accuracy)",12435,0,-0.3705193289762381,0,-0.27231601510024045
bayesian_network,"ClosestDistance(L_2, accuracy)",12435,1,-0.1048565760534421,1,-0.27231601510024045
bayesian_network,"ClosestDistance(L_2, accuracy)",12435,0,-0.2332360108085372,1,-0.27231601510024045
bayesian_network,"ClosestDistance(L_2, accuracy)",12435,1,-0.1969400807152045,1,-0.27231601510024045
bayesian_network,"ClosestDistance(L_2, accuracy)",12435,0,-0.20338795001349405,1,-0.27231601510024045
bayesian_network,"ClosestDistance(L_2, accuracy)",12435,1,-0.3021578939809425,0,-0.27231601510024045
bayesian_network,"ClosestDistance(L_2, accuracy)",12435,0,-0.10591410071281464,1,-0.27231601510024045
bayesian_network,"ClosestDistance(L_2, accuracy)",12435,1,-0.09432299937409797,1,-0.27231601510024045
bayesian_network,"ClosestDistance(L_2, accuracy)",12435,0,-0.13235469964523736,1,-0.27231601510024045
bayesian_network,"ClosestDistance(L_2, accuracy)",12435,1,-0.2857919354724533,0,-0.27231601510024045
bayesian_network,"ClosestDistance(L_2, accuracy)",12435,0,-0.039654462466327374,1,-0.27231601510024045
bayesian_network,"ClosestDistance(L_2, accuracy)",12435,1,-0.3060083122234875,0,-0.27231601510024045
bayesian_network,"ClosestDistance(L_2, accuracy)",12435,0,-0.28849905539147436,0,-0.27231601510024045
bayesian_network,"ClosestDistance(L_2, accuracy)",12435,1,-0.27938922550007245,0,-0.27231601510024045
bayesian_network,"ClosestDistance(L_2, accuracy)",12435,0,-0.273236190040514,0,-0.27231601510024045
bayesian_network,"ClosestDistance(L_2, accuracy)",12435,1,-0.5034575322974592,0,-0.27231601510024045
bayesian_network,"ClosestDistance(L_2, accuracy)",12435,0,-0.2370396804517526,1,-0.27231601510024045
bayesian_network,"ClosestDistance(L_2, accuracy)",12435,1,-0.23060779470258838,1,-0.27231601510024045
bayesian_network,"ClosestDistance(L_2, accuracy)",12435,0,-0.15616735141738144,1,-0.27231601510024045
bayesian_network,"ClosestDistance(L_2, accuracy)",12435,1,-0.23016526898750908,1,-0.27231601510024045
bayesian_network,"ClosestDistance(L_2, accuracy)",12435,0,-0.17342362080999277,1,-0.27231601510024045
bayesian_network,"ClosestDistance(L_2, accuracy)",12435,1,-0.13522328844433917,1,-0.27231601510024045
bayesian_network,"ClosestDistance(L_2, accuracy)",12435,0,-0.09398506743824024,1,-0.27231601510024045
bayesian_network,"ClosestDistance(L_2, accuracy)",12435,1,-1.4181412455198623,0,-0.27231601510024045
bayesian_network,"ClosestDistance(L_2, accuracy)",12435,0,-0.21008929519971647,1,-0.27231601510024045
bayesian_network,"ClosestDistance(L_2, accuracy)",12435,1,-0.20358046784737288,1,-0.27231601510024045
bayesian_network,"ClosestDistance(L_2, accuracy)",12435,0,-0.22795636591771537,1,-0.27231601510024045
bayesian_network,"ClosestDistance(L_2, accuracy)",12435,1,-0.21551508703712244,1,-0.27231601510024045
bayesian_network,"ClosestDistance(L_2, accuracy)",12435,0,-0.1402723443408533,1,-0.27231601510024045
bayesian_network,"ClosestDistance(L_2, accuracy)",12435,1,-0.13522425759199283,1,-0.27231601510024045
bayesian_network,"ClosestDistance(L_2, accuracy)",12435,0,-0.23727071718522597,1,-0.27231601510024045
bayesian_network,"ClosestDistance(L_2, accuracy)",12435,1,-0.20055282533017169,1,-0.27231601510024045
bayesian_network,"ClosestDistance(L_2, accuracy)",12435,0,-0.29517070460065986,0,-0.27231601510024045
bayesian_network,"ClosestDistance(L_2, accuracy)",12435,1,-0.1778298561287461,1,-0.27231601510024045
bayesian_network,"ClosestDistance(L_2, accuracy)",12435,0,-0.29569359848833765,0,-0.27231601510024045
bayesian_network,"ClosestDistance(L_2, accuracy)",12435,1,-0.31420804477309894,0,-0.27231601510024045
bayesian_network,"ClosestDistance(L_2, accuracy)",12435,0,-0.36666698018534505,0,-0.27231601510024045
bayesian_network,"ClosestDistance(L_2, accuracy)",12435,1,-0.14793219903746194,1,-0.27231601510024045
bayesian_network,"ClosestDistance(L_2, accuracy)",12435,0,-0.09817115552490194,1,-0.27231601510024045
bayesian_network,"ClosestDistance(L_2, accuracy)",12435,1,-0.21820183844278246,1,-0.27231601510024045
bayesian_network,"ClosestDistance(L_2, accuracy)",12435,0,-0.27866839572637003,0,-0.27231601510024045
bayesian_network,"ClosestDistance(L_2, accuracy)",12435,1,-0.3695325946401947,0,-0.27231601510024045
bayesian_network,"ClosestDistance(L_2, accuracy)",12435,0,-0.3055881636857227,0,-0.27231601510024045
bayesian_network,"ClosestDistance(L_2, accuracy)",12435,1,-0.1497684018834048,1,-0.27231601510024045
bayesian_network,"ClosestDistance(L_2, accuracy)",12435,0,-0.34215338745998275,0,-0.27231601510024045
bayesian_network,"ClosestDistance(L_2, accuracy)",12435,1,-0.21801935345021867,1,-0.27231601510024045
bayesian_network,"ClosestDistance(L_2, accuracy)",12435,0,-0.2884361320768181,0,-0.27231601510024045
bayesian_network,"ClosestDistance(L_2, accuracy)",12435,1,-0.4736436353782273,0,-0.27231601510024045
bayesian_network,"ClosestDistance(L_2, accuracy)",12435,0,-0.32984414176811777,0,-0.27231601510024045
bayesian_network,"ClosestDistance(L_2, accuracy)",12435,1,-0.08638973197499927,1,-0.27231601510024045
bayesian_network,"ClosestDistance(L_2, accuracy)",12435,0,-0.30978291711132167,0,-0.27231601510024045
bayesian_network,"ClosestDistance(L_2, accuracy)",12435,1,-0.27989418722392534,0,-0.27231601510024045
bayesian_network,"ClosestDistance(L_2, accuracy)",12435,0,-0.24712729368473052,1,-0.27231601510024045
bayesian_network,"ClosestDistance(L_2, accuracy)",12435,1,-0.24786249227027102,1,-0.27231601510024045
bayesian_network,"ClosestDistance(L_2, accuracy)",12435,0,-0.2175259439714376,1,-0.27231601510024045
bayesian_network,"ClosestDistance(L_2, accuracy)",12435,1,-0.2332319975783561,1,-0.27231601510024045
bayesian_network,"ClosestDistance(L_2, accuracy)",12435,0,-0.22079162695888635,1,-0.27231601510024045
bayesian_network,"ClosestDistance(L_2, accuracy)",12435,1,-0.24300380910101807,1,-0.27231601510024045
bayesian_network,"ClosestDistance(L_2, accuracy)",12435,0,-0.3750978744531901,0,-0.27231601510024045
bayesian_network,"ClosestDistance(L_2, accuracy)",12435,1,-0.21446518645298895,1,-0.27231601510024045
bayesian_network,"ClosestDistance(L_2, accuracy)",12435,0,-0.09856546025314997,1,-0.27231601510024045
bayesian_network,"ClosestDistance(L_2, accuracy)",12435,1,-0.2136337230908525,1,-0.27231601510024045
bayesian_network,"ClosestDistance(L_2, accuracy)",12435,0,-0.2748348884866883,0,-0.27231601510024045
bayesian_network,"ClosestDistance(L_2, accuracy)",12435,1,-0.22469394547382646,1,-0.27231601510024045
bayesian_network,"ClosestDistance(L_2, accuracy)",12435,0,-0.1725817669787442,1,-0.27231601510024045
bayesian_network,"ClosestDistance(L_2, accuracy)",12435,1,-0.36051964909242656,0,-0.27231601510024045
bayesian_network,"ClosestDistance(L_2, accuracy)",12435,0,-0.22671831419522218,1,-0.27231601510024045
bayesian_network,"ClosestDistance(L_2, accuracy)",12435,1,-0.5056873442024018,0,-0.27231601510024045
bayesian_network,"ClosestDistance(L_2, accuracy)",12435,0,-0.1404491551983911,1,-0.27231601510024045
bayesian_network,"ClosestDistance(L_2, accuracy)",12435,1,-0.1505754946932005,1,-0.27231601510024045
bayesian_network,"ClosestDistance(L_2, accuracy)",12435,0,-1.4283787924986076,0,-0.27231601510024045
bayesian_network,"ClosestDistance(L_2, accuracy)",12435,1,-0.24608288132353223,1,-0.27231601510024045
bayesian_network,"ClosestDistance(L_2, accuracy)",12435,0,-0.1413012718232365,1,-0.27231601510024045
bayesian_network,"ClosestDistance(L_2, accuracy)",12435,1,-0.11910448877648629,1,-0.27231601510024045
bayesian_network,"ClosestDistance(L_2, accuracy)",12435,0,-0.11325855648066467,1,-0.27231601510024045
bayesian_network,"ClosestDistance(L_2, accuracy)",12435,1,-0.11390650424419073,1,-0.27231601510024045
bayesian_network,"ClosestDistance(L_2, accuracy)",12435,0,-0.16920130387996662,1,-0.27231601510024045
bayesian_network,"ClosestDistance(L_2, accuracy)",12435,1,-0.30159078156917374,0,-0.27231601510024045
bayesian_network,"ClosestDistance(L_2, accuracy)",12435,0,-0.31370270146065354,0,-0.27231601510024045
bayesian_network,"ClosestDistance(L_2, accuracy)",12435,1,-0.2014886791784824,1,-0.27231601510024045
bayesian_network,"ClosestDistance(L_2, accuracy)",12435,0,-0.2737264279123806,0,-0.27231601510024045
bayesian_network,"ClosestDistance(L_2, accuracy)",12435,1,-0.27407309054868456,0,-0.27231601510024045
bayesian_network,"ClosestDistance(L_2, accuracy)",12435,0,-0.2731551935327254,0,-0.27231601510024045
bayesian_network,"ClosestDistance(L_2, accuracy)",12435,1,-0.4926783288297605,0,-0.27231601510024045
bayesian_network,"ClosestDistance(L_2, accuracy)",12435,0,-0.22718700523623078,1,-0.27231601510024045
bayesian_network,"ClosestDistance(L_2, accuracy)",12435,1,-0.32817279645203956,0,-0.27231601510024045
bayesian_network,"ClosestDistance(L_2, accuracy)",12435,0,-0.2872676243588962,0,-0.27231601510024045
bayesian_network,"ClosestDistance(L_2, accuracy)",12435,1,-0.22469530909390387,1,-0.27231601510024045
bayesian_network,"ClosestDistance(L_2, accuracy)",12435,0,-0.21389584468068906,1,-0.27231601510024045
bayesian_network,"ClosestDistance(L_2, accuracy)",12435,1,-0.1560462176919937,1,-0.27231601510024045
bayesian_network,"ClosestDistance(L_2, accuracy)",12435,0,-0.036565614725134435,1,-0.27231601510024045
bayesian_network,"ClosestDistance(L_2, accuracy)",12435,1,-0.21286606629356358,1,-0.27231601510024045
bayesian_network,"ClosestDistance(L_2, accuracy)",12435,0,-0.30538143631008274,0,-0.27231601510024045
bayesian_network,"ClosestDistance(L_2, accuracy)",12435,1,-0.3221394068247862,0,-0.27231601510024045
bayesian_network,"ClosestDistance(L_2, accuracy)",12435,0,-0.2026451680520768,1,-0.27231601510024045
bayesian_network,"ClosestDistance(L_2, accuracy)",12435,1,-0.1698397528678614,1,-0.27231601510024045
bayesian_network,"ClosestDistance(L_2, accuracy)",12435,0,-0.3265440856086423,0,-0.27231601510024045
bayesian_network,"ClosestDistance(L_2, accuracy)",12435,1,-0.22758906470423165,1,-0.27231601510024045
bayesian_network,"ClosestDistance(L_2, accuracy)",12435,0,-0.2309963612637273,1,-0.27231601510024045
bayesian_network,"ClosestDistance(L_2, accuracy)",12435,1,-0.31614943886258967,0,-0.27231601510024045
bayesian_network,"ClosestDistance(L_2, accuracy)",12435,0,-0.30028832883548295,0,-0.27231601510024045
bayesian_network,"ClosestDistance(L_2, accuracy)",12435,1,-0.21605446862744146,1,-0.27231601510024045
bayesian_network,"ClosestDistance(L_2, accuracy)",12435,0,-0.2783397279017433,0,-0.27231601510024045
bayesian_network,"ClosestDistance(L_2, accuracy)",12435,1,-0.2623985073237265,1,-0.27231601510024045
bayesian_network,"ClosestDistance(L_2, accuracy)",12435,0,-0.24964366566474788,1,-0.27231601510024045
bayesian_network,"ClosestDistance(L_2, accuracy)",12435,1,-0.21276038177843473,1,-0.27231601510024045
bayesian_network,"ClosestDistance(L_2, accuracy)",12435,0,-0.22849158692838004,1,-0.27231601510024045
