generator,attack,target_id,ground_truth,raw_score,binary_prediction,threshold
dpctgan,Groundhog,12435,1,0.43,0,0.5
dpctgan,Groundhog,12435,0,0.49,0,0.5
dpctgan,Groundhog,12435,1,0.42,0,0.5
dpctgan,Groundhog,12435,0,0.45,0,0.5
dpctgan,Groundhog,12435,1,0.46,0,0.5
dpctgan,Groundhog,12435,0,0.54,1,0.5
dpctgan,Groundhog,12435,1,0.51,1,0.5
dpctgan,Groundhog,12435,0,0.5,0,0.5
dpctgan,Groundhog,12435,1,0.45,0,0.5
dpctgan,Groundhog,12435,0,0.58,1,0.5
dpctgan,Groundhog,12435,1,0.52,1,0.5
dpctgan,Groundhog,12435,0,0.39,0,0.5
dpctgan,Groundhog,12435,1,0.55,1,0.5
dpctgan,Groundhog,12435,0,0.45,0,0.5
dpctgan,Groundhog,12435,1,0.48,0,0.5
dpctgan,Groundhog,12435,0,0.49,0,0.5
dpctgan,Groundhog,12435,1,0.45,0,0.5
dpctgan,Groundhog,12435,0,0.5,0,0.5
dpctgan,Groundhog,12435,1,0.56,1,0.5
dpctgan,Groundhog,12435,0,0.53,1,0.5
dpctgan,Groundhog,12435,1,0.51,1,0.5
dpctgan,Groundhog,12435,0,0.4,0,0.5
dpctgan,Groundhog,12435,1,0.56,1,0.5
dpctgan,Groundhog,12435,0,0.45,0,0.5
dpctgan,Groundhog,12435,1,0.54,1,0.5
dpctgan,Groundhog,12435,0,0.54,1,0.5
dpctgan,Groundhog,12435,1,0.51,1,0.5
dpctgan,Groundhog,12435,0,0.5,0,0.5
dpctgan,Groundhog,12435,1,0.58,1,0.5
dpctgan,Groundhog,12435,0,0.51,1,0.5
dpctgan,Groundhog,12435,1,0.39,0,0.5
dpctgan,Groundhog,12435,0,0.49,0,0.5
dpctgan,Groundhog,12435,1,0.47,0,0.5
dpctgan,Groundhog,12435,0,0.42,0,0.5
dpctgan,Groundhog,12435,1,0.35,0,0.5
dpctgan,Groundhog,12435,0,0.44,0,0.5
dpctgan,Groundhog,12435,1,0.49,0,0.5
dpctgan,Groundhog,12435,0,0.58,1,0.5
dpctgan,Groundhog,12435,1,0.5,0,0.5
dpctgan,Groundhog,12435,0,0.54,1,0.5
dpctgan,Groundhog,12435,1,0.48,0,0.5
dpctgan,Groundhog,12435,0,0.5,0,0.5
dpctgan,Groundhog,12435,1,0.42,0,0.5
dpctgan,Groundhog,12435,0,0.56,1,0.5
dpctgan,Groundhog,12435,1,0.53,1,0.5
dpctgan,Groundhog,12435,0,0.49,0,0.5
dpctgan,Groundhog,12435,1,0.56,1,0.5
dpctgan,Groundhog,12435,0,0.48,0,0.5
dpctgan,Groundhog,12435,1,0.68,1,0.5
dpctgan,Groundhog,12435,0,0.64,1,0.5
dpctgan,Groundhog,12435,1,0.5,0,0.5
dpctgan,Groundhog,12435,0,0.42,0,0.5
dpctgan,Groundhog,12435,1,0.5,0,0.5
dpctgan,Groundhog,12435,0,0.47,0,0.5
dpctgan,Groundhog,12435,1,0.48,0,0.5
dpctgan,Groundhog,12435,0,0.58,1,0.5
dpctgan,Groundhog,12435,1,0.54,1,0.5
dpctgan,Groundhog,12435,0,0.45,0,0.5
dpctgan,Groundhog,12435,1,0.47,0,0.5
dpctgan,Groundhog,12435,0,0.64,1,0.5
dpctgan,Groundhog,12435,1,0.48,0,0.5
dpctgan,Groundhog,12435,0,0.5,0,0.5
dpctgan,Groundhog,12435,1,0.47,0,0.5
dpctgan,Groundhog,12435,0,0.42,0,0.5
dpctgan,Groundhog,12435,1,0.5,0,0.5
dpctgan,Groundhog,12435,0,0.44,0,0.5
dpctgan,Groundhog,12435,1,0.49,0,0.5
dpctgan,Groundhog,12435,0,0.5,0,0.5
dpctgan,Groundhog,12435,1,0.6,1,0.5
dpctgan,Groundhog,12435,0,0.5,0,0.5
dpctgan,Groundhog,12435,1,0.47,0,0.5
dpctgan,Groundhog,12435,0,0.6,1,0.5
dpctgan,Groundhog,12435,1,0.46,0,0.5
dpctgan,Groundhog,12435,0,0.5,0,0.5
dpctgan,Groundhog,12435,1,0.42,0,0.5
dpctgan,Groundhog,12435,0,0.57,1,0.5
dpctgan,Groundhog,12435,1,0.5,0,0.5
dpctgan,Groundhog,12435,0,0.53,1,0.5
dpctgan,Groundhog,12435,1,0.54,1,0.5
dpctgan,Groundhog,12435,0,0.68,1,0.5
dpctgan,Groundhog,12435,1,0.55,1,0.5
dpctgan,Groundhog,12435,0,0.35,0,0.5
dpctgan,Groundhog,12435,1,0.57,1,0.5
dpctgan,Groundhog,12435,0,0.43,0,0.5
dpctgan,Groundhog,12435,1,0.58,1,0.5
dpctgan,Groundhog,12435,0,0.52,1,0.5
dpctgan,Groundhog,12435,1,0.51,1,0.5
dpctgan,Groundhog,12435,0,0.45,0,0.5
dpctgan,Groundhog,12435,1,0.41,0,0.5
dpctgan,Groundhog,12435,0,0.41,0,0.5
dpctgan,Groundhog,12435,1,0.59,1,0.5
dpctgan,Groundhog,12435,0,0.54,1,0.5
dpctgan,Groundhog,12435,1,0.35,0,0.5
dpctgan,Groundhog,12435,0,0.55,1,0.5
dpctgan,Groundhog,12435,1,0.44,0,0.5
dpctgan,Groundhog,12435,0,0.43,0,0.5
dpctgan,Groundhog,12435,1,0.55,1,0.5
dpctgan,Groundhog,12435,0,0.49,0,0.5
dpctgan,Groundhog,12435,1,0.5,0,0.5
dpctgan,Groundhog,12435,0,0.52,1,0.5
dpctgan,Groundhog,12435,1,0.5,0,0.5
dpctgan,Groundhog,12435,0,0.54,1,0.5
dpctgan,Groundhog,12435,1,0.54,1,0.5
dpctgan,Groundhog,12435,0,0.64,1,0.5
dpctgan,Groundhog,12435,1,0.53,1,0.5
dpctgan,Groundhog,12435,0,0.56,1,0.5
dpctgan,Groundhog,12435,1,0.53,1,0.5
dpctgan,Groundhog,12435,0,0.49,0,0.5
dpctgan,Groundhog,12435,1,0.5,0,0.5
dpctgan,Groundhog,12435,0,0.54,1,0.5
dpctgan,Groundhog,12435,1,0.47,0,0.5
dpctgan,Groundhog,12435,0,0.49,0,0.5
dpctgan,Groundhog,12435,1,0.53,1,0.5
dpctgan,Groundhog,12435,0,0.43,0,0.5
dpctgan,Groundhog,12435,1,0.5,0,0.5
dpctgan,Groundhog,12435,0,0.47,0,0.5
dpctgan,Groundhog,12435,1,0.6,1,0.5
dpctgan,Groundhog,12435,0,0.52,1,0.5
dpctgan,Groundhog,12435,1,0.4,0,0.5
dpctgan,Groundhog,12435,0,0.43,0,0.5
dpctgan,Groundhog,12435,1,0.51,1,0.5
dpctgan,Groundhog,12435,0,0.46,0,0.5
dpctgan,Groundhog,12435,1,0.53,1,0.5
dpctgan,Groundhog,12435,0,0.52,1,0.5
dpctgan,Groundhog,12435,1,0.54,1,0.5
dpctgan,Groundhog,12435,0,0.52,1,0.5
dpctgan,Groundhog,12435,1,0.49,0,0.5
dpctgan,Groundhog,12435,0,0.57,1,0.5
dpctgan,Groundhog,12435,1,0.6,1,0.5
dpctgan,Groundhog,12435,0,0.52,1,0.5
dpctgan,Groundhog,12435,1,0.52,1,0.5
dpctgan,Groundhog,12435,0,0.45,0,0.5
dpctgan,Groundhog,12435,1,0.56,1,0.5
dpctgan,Groundhog,12435,0,0.5,0,0.5
dpctgan,Groundhog,12435,1,0.59,1,0.5
dpctgan,Groundhog,12435,0,0.53,1,0.5
dpctgan,Groundhog,12435,1,0.49,0,0.5
dpctgan,Groundhog,12435,0,0.5,0,0.5
dpctgan,Groundhog,12435,1,0.43,0,0.5
dpctgan,Groundhog,12435,0,0.5,0,0.5
dpctgan,Groundhog,12435,1,0.6,1,0.5
dpctgan,Groundhog,12435,0,0.42,0,0.5
dpctgan,Groundhog,12435,1,0.56,1,0.5
dpctgan,Groundhog,12435,0,0.46,0,0.5
dpctgan,Groundhog,12435,1,0.51,1,0.5
dpctgan,Groundhog,12435,0,0.47,0,0.5
dpctgan,Groundhog,12435,1,0.5,0,0.5
dpctgan,Groundhog,12435,0,0.5,0,0.5
dpctgan,Groundhog,12435,1,0.56,1,0.5
dpctgan,Groundhog,12435,0,0.47,0,0.5
dpctgan,Groundhog,12435,1,0.52,1,0.5
dpctgan,Groundhog,12435,0,0.52,1,0.5
dpctgan,Groundhog,12435,1,0.61,1,0.5
dpctgan,Groundhog,12435,0,0.54,1,0.5
dpctgan,Groundhog,12435,1,0.5,0,0.5
dpctgan,Groundhog,12435,0,0.55,1,0.5
dpctgan,Groundhog,12435,1,0.47,0,0.5
dpctgan,Groundhog,12435,0,0.48,0,0.5
dpctgan,Groundhog,12435,1,0.35,0,0.5
dpctgan,Groundhog,12435,0,0.49,0,0.5
dpctgan,Groundhog,12435,1,0.46,0,0.5
dpctgan,Groundhog,12435,0,0.35,0,0.5
dpctgan,Groundhog,12435,1,0.44,0,0.5
dpctgan,Groundhog,12435,0,0.48,0,0.5
dpctgan,Groundhog,12435,1,0.53,1,0.5
dpctgan,Groundhog,12435,0,0.53,1,0.5
dpctgan,Groundhog,12435,1,0.46,0,0.5
dpctgan,Groundhog,12435,0,0.53,1,0.5
dpctgan,Groundhog,12435,1,0.44,0,0.5
dpctgan,Groundhog,12435,0,0.39,0,0.5
dpctgan,Groundhog,12435,1,0.49,0,0.5
dpctgan,Groundhog,12435,0,0.51,1,0.5
dpctgan,Groundhog,12435,1,0.63,1,0.5
dpctgan,Groundhog,12435,0,0.49,0,0.5
dpctgan,Groundhog,12435,1,0.45,0,0.5
dpctgan,Groundhog,12435,0,0.46,0,0.5
dpctgan,Groundhog,12435,1,0.49,0,0.5
dpctgan,Groundhog,12435,0,0.37,0,0.5
dpctgan,Groundhog,12435,1,0.49,0,0.5
dpctgan,Groundhog,12435,0,0.59,1,0.5
dpctgan,Groundhog,12435,1,0.48,0,0.5
dpctgan,Groundhog,12435,0,0.5,0,0.5
dpctgan,Groundhog,12435,1,0.58,1,0.5
dpctgan,Groundhog,12435,0,0.52,1,0.5
dpctgan,Groundhog,12435,1,0.5,0,0.5
dpctgan,Groundhog,12435,0,0.61,1,0.5
dpctgan,Groundhog,12435,1,0.54,1,0.5
dpctgan,Groundhog,12435,0,0.54,1,0.5
dpctgan,Groundhog,12435,1,0.5,0,0.5
dpctgan,Groundhog,12435,0,0.58,1,0.5
dpctgan,Groundhog,12435,1,0.48,0,0.5
dpctgan,Groundhog,12435,0,0.45,0,0.5
dpctgan,Groundhog,12435,1,0.49,0,0.5
dpctgan,Groundhog,12435,0,0.44,0,0.5
dpctgan,Groundhog,12435,1,0.47,0,0.5
dpctgan,Groundhog,12435,0,0.54,1,0.5
dpctgan,Groundhog,12435,1,0.56,1,0.5
dpctgan,Groundhog,12435,0,0.51,1,0.5
dpctgan,Groundhog,12435,1,0.48,0,0.5
dpctgan,Groundhog,12435,0,0.39,0,0.5
dpctgan,Groundhog,12435,1,0.55,1,0.5
dpctgan,Groundhog,12435,0,0.54,1,0.5
dpctgan,Groundhog,12435,1,0.49,0,0.5
dpctgan,Groundhog,12435,0,0.39,0,0.5
dpctgan,Groundhog,12435,1,0.46,0,0.5
dpctgan,Groundhog,12435,0,0.47,0,0.5
dpctgan,Groundhog,12435,1,0.57,1,0.5
dpctgan,Groundhog,12435,0,0.52,1,0.5
dpctgan,Groundhog,12435,1,0.55,1,0.5
dpctgan,Groundhog,12435,0,0.51,1,0.5
dpctgan,Groundhog,12435,1,0.56,1,0.5
dpctgan,Groundhog,12435,0,0.48,0,0.5
dpctgan,Groundhog,12435,1,0.47,0,0.5
dpctgan,Groundhog,12435,0,0.46,0,0.5
dpctgan,Groundhog,12435,1,0.47,0,0.5
dpctgan,Groundhog,12435,0,0.44,0,0.5
dpctgan,Groundhog,12435,1,0.51,1,0.5
dpctgan,Groundhog,12435,0,0.5,0,0.5
dpctgan,Groundhog,12435,1,0.42,0,0.5
dpctgan,Groundhog,12435,0,0.49,0,0.5
dpctgan,Groundhog,12435,1,0.48,0,0.5
dpctgan,Groundhog,12435,0,0.6,1,0.5
dpctgan,Groundhog,12435,1,0.5,0,0.5
dpctgan,Groundhog,12435,0,0.5,0,0.5
dpctgan,Groundhog,12435,1,0.52,1,0.5
dpctgan,Groundhog,12435,0,0.49,0,0.5
dpctgan,Groundhog,12435,1,0.43,0,0.5
dpctgan,Groundhog,12435,0,0.5,0,0.5
dpctgan,Groundhog,12435,1,0.54,1,0.5
dpctgan,Groundhog,12435,0,0.53,1,0.5
dpctgan,Groundhog,12435,1,0.48,0,0.5
dpctgan,Groundhog,12435,0,0.41,0,0.5
dpctgan,Groundhog,12435,1,0.61,1,0.5
dpctgan,Groundhog,12435,0,0.53,1,0.5
dpctgan,Groundhog,12435,1,0.57,1,0.5
dpctgan,Groundhog,12435,0,0.38,0,0.5
dpctgan,Groundhog,12435,1,0.59,1,0.5
dpctgan,Groundhog,12435,0,0.59,1,0.5
dpctgan,Groundhog,12435,1,0.43,0,0.5
dpctgan,Groundhog,12435,0,0.59,1,0.5
dpctgan,Groundhog,12435,1,0.5,0,0.5
dpctgan,Groundhog,12435,0,0.36,0,0.5
dpctgan,Groundhog,12435,1,0.52,1,0.5
dpctgan,Groundhog,12435,0,0.54,1,0.5
dpctgan,Groundhog,12435,1,0.46,0,0.5
dpctgan,Groundhog,12435,0,0.52,1,0.5
dpctgan,Groundhog,12435,1,0.47,0,0.5
dpctgan,Groundhog,12435,0,0.5,0,0.5
dpctgan,Groundhog,12435,1,0.56,1,0.5
dpctgan,Groundhog,12435,0,0.45,0,0.5
dpctgan,Groundhog,12435,1,0.58,1,0.5
dpctgan,Groundhog,12435,0,0.46,0,0.5
dpctgan,Groundhog,12435,1,0.59,1,0.5
dpctgan,Groundhog,12435,0,0.4,0,0.5
dpctgan,Groundhog,12435,1,0.51,1,0.5
dpctgan,Groundhog,12435,0,0.52,1,0.5
dpctgan,Groundhog,12435,1,0.52,1,0.5
dpctgan,Groundhog,12435,0,0.56,1,0.5
dpctgan,Groundhog,12435,1,0.53,1,0.5
dpctgan,Groundhog,12435,0,0.35,0,0.5
dpctgan,Groundhog,12435,1,0.44,0,0.5
dpctgan,Groundhog,12435,0,0.53,1,0.5
dpctgan,Groundhog,12435,1,0.52,1,0.5
dpctgan,Groundhog,12435,0,0.44,0,0.5
dpctgan,Groundhog,12435,1,0.51,1,0.5
dpctgan,Groundhog,12435,0,0.43,0,0.5
dpctgan,Groundhog,12435,1,0.57,1,0.5
dpctgan,Groundhog,12435,0,0.52,1,0.5
dpctgan,Groundhog,12435,1,0.44,0,0.5
dpctgan,Groundhog,12435,0,0.39,0,0.5
dpctgan,Groundhog,12435,1,0.36,0,0.5
dpctgan,Groundhog,12435,0,0.51,1,0.5
dpctgan,Groundhog,12435,1,0.57,1,0.5
dpctgan,Groundhog,12435,0,0.48,0,0.5
dpctgan,Groundhog,12435,1,0.47,0,0.5
dpctgan,Groundhog,12435,0,0.58,1,0.5
dpctgan,Groundhog,12435,1,0.61,1,0.5
dpctgan,Groundhog,12435,0,0.55,1,0.5
dpctgan,Groundhog,12435,1,0.49,0,0.5
dpctgan,Groundhog,12435,0,0.55,1,0.5
dpctgan,Groundhog,12435,1,0.49,0,0.5
dpctgan,Groundhog,12435,0,0.49,0,0.5
dpctgan,Groundhog,12435,1,0.5,0,0.5
dpctgan,Groundhog,12435,0,0.45,0,0.5
dpctgan,Groundhog,12435,1,0.55,1,0.5
dpctgan,Groundhog,12435,0,0.55,1,0.5
dpctgan,Groundhog,12435,1,0.49,0,0.5
dpctgan,Groundhog,12435,0,0.52,1,0.5
dpctgan,Groundhog,12435,1,0.55,1,0.5
dpctgan,Groundhog,12435,0,0.44,0,0.5
dpctgan,Groundhog,12435,1,0.47,0,0.5
dpctgan,Groundhog,12435,0,0.53,1,0.5
dpctgan,Groundhog,12435,1,0.5,0,0.5
dpctgan,Groundhog,12435,0,0.42,0,0.5
dpctgan,Groundhog,12435,1,0.46,0,0.5
dpctgan,Groundhog,12435,0,0.38,0,0.5
dpctgan,Groundhog,12435,1,0.53,1,0.5
dpctgan,Groundhog,12435,0,0.52,1,0.5
dpctgan,Groundhog,12435,1,0.58,1,0.5
dpctgan,Groundhog,12435,0,0.54,1,0.5
dpctgan,Groundhog,12435,1,0.41,0,0.5
dpctgan,Groundhog,12435,0,0.38,0,0.5
dpctgan,Groundhog,12435,1,0.47,0,0.5
dpctgan,Groundhog,12435,0,0.61,1,0.5
dpctgan,Groundhog,12435,1,0.47,0,0.5
dpctgan,Groundhog,12435,0,0.55,1,0.5
dpctgan,Groundhog,12435,1,0.52,1,0.5
dpctgan,Groundhog,12435,0,0.47,0,0.5
dpctgan,Groundhog,12435,1,0.55,1,0.5
dpctgan,Groundhog,12435,0,0.6,1,0.5
dpctgan,Groundhog,12435,1,0.52,1,0.5
dpctgan,Groundhog,12435,0,0.5,0,0.5
dpctgan,Groundhog,12435,1,0.56,1,0.5
dpctgan,Groundhog,12435,0,0.4,0,0.5
dpctgan,Groundhog,12435,1,0.51,1,0.5
dpctgan,Groundhog,12435,0,0.57,1,0.5
dpctgan,Groundhog,12435,1,0.59,1,0.5
dpctgan,Groundhog,12435,0,0.47,0,0.5
dpctgan,Groundhog,12435,1,0.47,0,0.5
dpctgan,Groundhog,12435,0,0.44,0,0.5
dpctgan,Groundhog,12435,1,0.49,0,0.5
dpctgan,Groundhog,12435,0,0.58,1,0.5
dpctgan,Groundhog,12435,1,0.5,0,0.5
dpctgan,Groundhog,12435,0,0.49,0,0.5
dpctgan,Groundhog,12435,1,0.53,1,0.5
dpctgan,Groundhog,12435,0,0.61,1,0.5
dpctgan,Groundhog,12435,1,0.53,1,0.5
dpctgan,Groundhog,12435,0,0.5,0,0.5
dpctgan,Groundhog,12435,1,0.53,1,0.5
dpctgan,Groundhog,12435,0,0.59,1,0.5
dpctgan,Groundhog,12435,1,0.64,1,0.5
dpctgan,Groundhog,12435,0,0.43,0,0.5
dpctgan,Groundhog,12435,1,0.53,1,0.5
dpctgan,Groundhog,12435,0,0.51,1,0.5
dpctgan,Groundhog,12435,1,0.47,0,0.5
dpctgan,Groundhog,12435,0,0.51,1,0.5
dpctgan,Groundhog,12435,1,0.5,0,0.5
dpctgan,Groundhog,12435,0,0.49,0,0.5
dpctgan,Groundhog,12435,1,0.59,1,0.5
dpctgan,Groundhog,12435,0,0.61,1,0.5
dpctgan,Groundhog,12435,1,0.55,1,0.5
dpctgan,Groundhog,12435,0,0.5,0,0.5
dpctgan,Groundhog,12435,1,0.47,0,0.5
dpctgan,Groundhog,12435,0,0.52,1,0.5
dpctgan,Groundhog,12435,1,0.49,0,0.5
dpctgan,Groundhog,12435,0,0.51,1,0.5
dpctgan,Groundhog,12435,1,0.5,0,0.5
dpctgan,Groundhog,12435,0,0.5,0,0.5
dpctgan,Groundhog,12435,1,0.5,0,0.5
dpctgan,Groundhog,12435,0,0.43,0,0.5
dpctgan,Groundhog,12435,1,0.54,1,0.5
dpctgan,Groundhog,12435,0,0.51,1,0.5
dpctgan,Groundhog,12435,1,0.6,1,0.5
dpctgan,Groundhog,12435,0,0.52,1,0.5
dpctgan,Groundhog,12435,1,0.38,0,0.5
dpctgan,Groundhog,12435,0,0.48,0,0.5
dpctgan,Groundhog,12435,1,0.54,1,0.5
dpctgan,Groundhog,12435,0,0.48,0,0.5
dpctgan,Groundhog,12435,1,0.5,0,0.5
dpctgan,Groundhog,12435,0,0.4,0,0.5
dpctgan,Groundhog,12435,1,0.4,0,0.5
dpctgan,Groundhog,12435,0,0.56,1,0.5
dpctgan,Groundhog,12435,1,0.52,1,0.5
dpctgan,Groundhog,12435,0,0.5,0,0.5
dpctgan,Groundhog,12435,1,0.43,0,0.5
dpctgan,Groundhog,12435,0,0.4,0,0.5
dpctgan,Groundhog,12435,1,0.62,1,0.5
dpctgan,Groundhog,12435,0,0.52,1,0.5
dpctgan,Groundhog,12435,1,0.52,1,0.5
dpctgan,Groundhog,12435,0,0.55,1,0.5
dpctgan,Groundhog,12435,1,0.45,0,0.5
dpctgan,Groundhog,12435,0,0.39,0,0.5
dpctgan,Groundhog,12435,1,0.49,0,0.5
dpctgan,Groundhog,12435,0,0.45,0,0.5
dpctgan,Groundhog,12435,1,0.5,0,0.5
dpctgan,Groundhog,12435,0,0.52,1,0.5
dpctgan,Groundhog,12435,1,0.46,0,0.5
dpctgan,Groundhog,12435,0,0.49,0,0.5
dpctgan,Groundhog,12435,1,0.56,1,0.5
dpctgan,Groundhog,12435,0,0.31,0,0.5
dpctgan,Groundhog,12435,1,0.53,1,0.5
dpctgan,Groundhog,12435,0,0.38,0,0.5
dpctgan,Groundhog,12435,1,0.5,0,0.5
dpctgan,Groundhog,12435,0,0.59,1,0.5
dpctgan,Groundhog,12435,1,0.37,0,0.5
dpctgan,Groundhog,12435,0,0.4,0,0.5
dpctgan,Groundhog,12435,1,0.5,0,0.5
dpctgan,Groundhog,12435,0,0.53,1,0.5
dpctgan,Groundhog,12435,1,0.48,0,0.5
dpctgan,Groundhog,12435,0,0.44,0,0.5
dpctgan,Groundhog,12435,1,0.52,1,0.5
dpctgan,Groundhog,12435,0,0.61,1,0.5
dpctgan,Groundhog,12435,1,0.59,1,0.5
dpctgan,Groundhog,12435,0,0.38,0,0.5
dpctgan,Groundhog,12435,1,0.51,1,0.5
dpctgan,Groundhog,12435,0,0.55,1,0.5
dpctgan,Groundhog,12435,1,0.47,0,0.5
dpctgan,Groundhog,12435,0,0.47,0,0.5
dpctgan,Groundhog,12435,1,0.44,0,0.5
dpctgan,Groundhog,12435,0,0.47,0,0.5
dpctgan,Groundhog,12435,1,0.46,0,0.5
dpctgan,Groundhog,12435,0,0.35,0,0.5
dpctgan,Groundhog,12435,1,0.44,0,0.5
dpctgan,Groundhog,12435,0,0.54,1,0.5
dpctgan,Groundhog,12435,1,0.56,1,0.5
dpctgan,Groundhog,12435,0,0.5,0,0.5
dpctgan,Groundhog,12435,1,0.51,1,0.5
dpctgan,Groundhog,12435,0,0.55,1,0.5
dpctgan,Groundhog,12435,1,0.53,1,0.5
dpctgan,Groundhog,12435,0,0.38,0,0.5
dpctgan,Groundhog,12435,1,0.49,0,0.5
dpctgan,Groundhog,12435,0,0.44,0,0.5
dpctgan,Groundhog,12435,1,0.45,0,0.5
dpctgan,Groundhog,12435,0,0.5,0,0.5
dpctgan,Groundhog,12435,1,0.53,1,0.5
dpctgan,Groundhog,12435,0,0.51,1,0.5
dpctgan,Groundhog,12435,1,0.56,1,0.5
dpctgan,Groundhog,12435,0,0.45,0,0.5
dpctgan,Groundhog,12435,1,0.41,0,0.5
dpctgan,Groundhog,12435,0,0.54,1,0.5
dpctgan,Groundhog,12435,1,0.44,0,0.5
dpctgan,Groundhog,12435,0,0.54,1,0.5
dpctgan,Groundhog,12435,1,0.6,1,0.5
dpctgan,Groundhog,12435,0,0.51,1,0.5
dpctgan,Groundhog,12435,1,0.57,1,0.5
dpctgan,Groundhog,12435,0,0.53,1,0.5
dpctgan,Groundhog,12435,1,0.56,1,0.5
dpctgan,Groundhog,12435,0,0.43,0,0.5
dpctgan,Groundhog,12435,1,0.58,1,0.5
dpctgan,Groundhog,12435,0,0.52,1,0.5
dpctgan,Groundhog,12435,1,0.48,0,0.5
dpctgan,Groundhog,12435,0,0.53,1,0.5
dpctgan,Groundhog,12435,1,0.55,1,0.5
dpctgan,Groundhog,12435,0,0.54,1,0.5
dpctgan,Groundhog,12435,1,0.42,0,0.5
dpctgan,Groundhog,12435,0,0.56,1,0.5
dpctgan,Groundhog,12435,1,0.65,1,0.5
dpctgan,Groundhog,12435,0,0.49,0,0.5
dpctgan,Groundhog,12435,1,0.51,1,0.5
dpctgan,Groundhog,12435,0,0.47,0,0.5
dpctgan,Groundhog,12435,1,0.57,1,0.5
dpctgan,Groundhog,12435,0,0.5,0,0.5
dpctgan,Groundhog,12435,1,0.41,0,0.5
dpctgan,Groundhog,12435,0,0.48,0,0.5
dpctgan,Groundhog,12435,1,0.56,1,0.5
dpctgan,Groundhog,12435,0,0.53,1,0.5
dpctgan,Groundhog,12435,1,0.57,1,0.5
dpctgan,Groundhog,12435,0,0.48,0,0.5
dpctgan,Groundhog,12435,1,0.6,1,0.5
dpctgan,Groundhog,12435,0,0.5,0,0.5
dpctgan,Groundhog,12435,1,0.56,1,0.5
dpctgan,Groundhog,12435,0,0.44,0,0.5
dpctgan,Groundhog,12435,1,0.47,0,0.5
dpctgan,Groundhog,12435,0,0.53,1,0.5
dpctgan,Groundhog,12435,1,0.4,0,0.5
dpctgan,Groundhog,12435,0,0.48,0,0.5
dpctgan,Groundhog,12435,1,0.57,1,0.5
dpctgan,Groundhog,12435,0,0.59,1,0.5
dpctgan,Groundhog,12435,1,0.52,1,0.5
dpctgan,Groundhog,12435,0,0.49,0,0.5
dpctgan,Groundhog,12435,1,0.51,1,0.5
dpctgan,Groundhog,12435,0,0.44,0,0.5
dpctgan,Groundhog,12435,1,0.44,0,0.5
dpctgan,Groundhog,12435,0,0.43,0,0.5
dpctgan,Groundhog,12435,1,0.47,0,0.5
dpctgan,Groundhog,12435,0,0.56,1,0.5
dpctgan,Groundhog,12435,1,0.52,1,0.5
dpctgan,Groundhog,12435,0,0.46,0,0.5
dpctgan,Groundhog,12435,1,0.46,0,0.5
dpctgan,Groundhog,12435,0,0.54,1,0.5
dpctgan,Groundhog,12435,1,0.5,0,0.5
dpctgan,Groundhog,12435,0,0.54,1,0.5
dpctgan,Groundhog,12435,1,0.47,0,0.5
dpctgan,Groundhog,12435,0,0.5,0,0.5
dpctgan,Groundhog,12435,1,0.41,0,0.5
dpctgan,Groundhog,12435,0,0.56,1,0.5
dpctgan,Groundhog,12435,1,0.48,0,0.5
dpctgan,Groundhog,12435,0,0.52,1,0.5
dpctgan,Groundhog,12435,1,0.49,0,0.5
dpctgan,Groundhog,12435,0,0.42,0,0.5
dpctgan,Groundhog,12435,1,0.41,0,0.5
dpctgan,Groundhog,12435,0,0.39,0,0.5
dpctgan,Groundhog,12435,1,0.43,0,0.5
dpctgan,Groundhog,12435,0,0.64,1,0.5
dpctgan,Groundhog,12435,1,0.46,0,0.5
dpctgan,Groundhog,12435,0,0.53,1,0.5
dpctgan,Groundhog,12435,1,0.47,0,0.5
dpctgan,Groundhog,12435,0,0.48,0,0.5
dpctgan,Groundhog,12435,1,0.48,0,0.5
dpctgan,Groundhog,12435,0,0.55,1,0.5
dpctgan,Groundhog,12435,1,0.59,1,0.5
dpctgan,Groundhog,12435,0,0.62,1,0.5
dpctgan,Groundhog,12435,1,0.52,1,0.5
dpctgan,Groundhog,12435,0,0.48,0,0.5
dpctgan,Groundhog,12435,1,0.51,1,0.5
dpctgan,Groundhog,12435,0,0.57,1,0.5
dpctgan,Groundhog,12435,1,0.54,1,0.5
dpctgan,Groundhog,12435,0,0.49,0,0.5
dpctgan,Groundhog,12435,1,0.5,0,0.5
dpctgan,Groundhog,12435,0,0.48,0,0.5
dpctgan,Groundhog,12435,1,0.5,0,0.5
dpctgan,Groundhog,12435,0,0.42,0,0.5
dpctgan,Groundhog,12435,1,0.42,0,0.5
dpctgan,Groundhog,12435,0,0.61,1,0.5
dpctgan,Groundhog,12435,1,0.54,1,0.5
dpctgan,Groundhog,12435,0,0.56,1,0.5
dpctgan,Groundhog,12435,1,0.53,1,0.5
dpctgan,Groundhog,12435,0,0.51,1,0.5
dpctgan,Groundhog,12435,1,0.47,0,0.5
dpctgan,Groundhog,12435,0,0.45,0,0.5
dpctgan,Groundhog,12435,1,0.52,1,0.5
dpctgan,Groundhog,12435,0,0.53,1,0.5
dpctgan,Groundhog,12435,1,0.46,0,0.5
dpctgan,Groundhog,12435,0,0.49,0,0.5
dpctgan,Groundhog,12435,1,0.56,1,0.5
dpctgan,Groundhog,12435,0,0.59,1,0.5
dpctgan,Groundhog,12435,1,0.56,1,0.5
dpctgan,Groundhog,12435,0,0.48,0,0.5
dpctgan,Groundhog,12435,1,0.48,0,0.5
dpctgan,Groundhog,12435,0,0.55,1,0.5
dpctgan,Groundhog,12435,1,0.49,0,0.5
dpctgan,Groundhog,12435,0,0.63,1,0.5
dpctgan,Groundhog,12435,1,0.48,0,0.5
dpctgan,Groundhog,12435,0,0.53,1,0.5
dpctgan,Groundhog,12435,1,0.46,0,0.5
dpctgan,Groundhog,12435,0,0.53,1,0.5
dpctgan,Groundhog,12435,1,0.42,0,0.5
dpctgan,Groundhog,12435,0,0.54,1,0.5
dpctgan,Groundhog,12435,1,0.47,0,0.5
dpctgan,Groundhog,12435,0,0.48,0,0.5
dpctgan,Groundhog,12435,1,0.45,0,0.5
dpctgan,Groundhog,12435,0,0.48,0,0.5
dpctgan,Groundhog,12435,1,0.44,0,0.5
dpctgan,Groundhog,12435,0,0.48,0,0.5
dpctgan,Groundhog,12435,1,0.51,1,0.5
dpctgan,Groundhog,12435,0,0.5,0,0.5
dpctgan,Groundhog,12435,1,0.5,0,0.5
dpctgan,Groundhog,12435,0,0.55,1,0.5
dpctgan,Groundhog,12435,1,0.52,1,0.5
dpctgan,Groundhog,12435,0,0.5,0,0.5
dpctgan,Groundhog,12435,1,0.49,0,0.5
dpctgan,Groundhog,12435,0,0.58,1,0.5
dpctgan,Groundhog,12435,1,0.51,1,0.5
dpctgan,Groundhog,12435,0,0.56,1,0.5
dpctgan,Groundhog,12435,1,0.43,0,0.5
dpctgan,Groundhog,12435,0,0.49,0,0.5
dpctgan,Groundhog,12435,1,0.57,1,0.5
dpctgan,Groundhog,12435,0,0.48,0,0.5
dpctgan,Groundhog,12435,1,0.52,1,0.5
dpctgan,Groundhog,12435,0,0.45,0,0.5
dpctgan,Groundhog,12435,1,0.57,1,0.5
dpctgan,Groundhog,12435,0,0.5,0,0.5
dpctgan,Groundhog,12435,1,0.52,1,0.5
dpctgan,Groundhog,12435,0,0.53,1,0.5
dpctgan,Groundhog,12435,1,0.59,1,0.5
dpctgan,Groundhog,12435,0,0.43,0,0.5
dpctgan,Groundhog,12435,1,0.49,0,0.5
dpctgan,Groundhog,12435,0,0.47,0,0.5
dpctgan,Groundhog,12435,1,0.46,0,0.5
dpctgan,Groundhog,12435,0,0.51,1,0.5
dpctgan,Groundhog,12435,1,0.48,0,0.5
dpctgan,Groundhog,12435,0,0.39,0,0.5
dpctgan,Groundhog,12435,1,0.49,0,0.5
dpctgan,Groundhog,12435,0,0.52,1,0.5
dpctgan,Groundhog,12435,1,0.54,1,0.5
dpctgan,Groundhog,12435,0,0.44,0,0.5
dpctgan,Groundhog,12435,1,0.6,1,0.5
dpctgan,Groundhog,12435,0,0.41,0,0.5
dpctgan,Groundhog,12435,1,0.45,0,0.5
dpctgan,Groundhog,12435,0,0.45,0,0.5
dpctgan,Groundhog,12435,1,0.52,1,0.5
dpctgan,Groundhog,12435,0,0.5,0,0.5
dpctgan,Groundhog,12435,1,0.49,0,0.5
dpctgan,Groundhog,12435,0,0.48,0,0.5
dpctgan,Groundhog,12435,1,0.54,1,0.5
dpctgan,Groundhog,12435,0,0.55,1,0.5
dpctgan,Groundhog,12435,1,0.58,1,0.5
dpctgan,Groundhog,12435,0,0.45,0,0.5
dpctgan,Groundhog,12435,1,0.55,1,0.5
dpctgan,Groundhog,12435,0,0.43,0,0.5
dpctgan,Groundhog,12435,1,0.48,0,0.5
dpctgan,Groundhog,12435,0,0.51,1,0.5
dpctgan,Groundhog,12435,1,0.54,1,0.5
dpctgan,Groundhog,12435,0,0.55,1,0.5
dpctgan,Groundhog,12435,1,0.46,0,0.5
dpctgan,Groundhog,12435,0,0.47,0,0.5
dpctgan,Groundhog,12435,1,0.52,1,0.5
dpctgan,Groundhog,12435,0,0.49,0,0.5
dpctgan,Groundhog,12435,1,0.46,0,0.5
dpctgan,Groundhog,12435,0,0.5,0,0.5
dpctgan,Groundhog,12435,1,0.58,1,0.5
dpctgan,Groundhog,12435,0,0.57,1,0.5
dpctgan,Groundhog,12435,1,0.46,0,0.5
dpctgan,Groundhog,12435,0,0.48,0,0.5
dpctgan,Groundhog,12435,1,0.57,1,0.5
dpctgan,Groundhog,12435,0,0.41,0,0.5
dpctgan,Groundhog,12435,1,0.47,0,0.5
dpctgan,Groundhog,12435,0,0.51,1,0.5
dpctgan,Groundhog,12435,1,0.49,0,0.5
dpctgan,Groundhog,12435,0,0.44,0,0.5
dpctgan,Groundhog,12435,1,0.54,1,0.5
dpctgan,Groundhog,12435,0,0.44,0,0.5
dpctgan,Groundhog,12435,1,0.49,0,0.5
dpctgan,Groundhog,12435,0,0.5,0,0.5
dpctgan,Groundhog,12435,1,0.42,0,0.5
dpctgan,Groundhog,12435,0,0.5,0,0.5
dpctgan,Groundhog,12435,1,0.48,0,0.5
dpctgan,Groundhog,12435,0,0.48,0,0.5
dpctgan,Groundhog,12435,1,0.48,0,0.5
dpctgan,Groundhog,12435,0,0.51,1,0.5
dpctgan,Groundhog,12435,1,0.51,1,0.5
dpctgan,Groundhog,12435,0,0.53,1,0.5
dpctgan,Groundhog,12435,1,0.54,1,0.5
dpctgan,Groundhog,12435,0,0.56,1,0.5
dpctgan,Groundhog,12435,1,0.55,1,0.5
dpctgan,Groundhog,12435,0,0.56,1,0.5
dpctgan,Groundhog,12435,1,0.52,1,0.5
dpctgan,Groundhog,12435,0,0.51,1,0.5
dpctgan,Groundhog,12435,1,0.59,1,0.5
dpctgan,Groundhog,12435,0,0.52,1,0.5
dpctgan,Groundhog,12435,1,0.51,1,0.5
dpctgan,Groundhog,12435,0,0.48,0,0.5
dpctgan,Groundhog,12435,1,0.57,1,0.5
dpctgan,Groundhog,12435,0,0.46,0,0.5
dpctgan,Groundhog,12435,1,0.55,1,0.5
dpctgan,Groundhog,12435,0,0.53,1,0.5
dpctgan,Groundhog,12435,1,0.57,1,0.5
dpctgan,Groundhog,12435,0,0.59,1,0.5
dpctgan,Groundhog,12435,1,0.45,0,0.5
dpctgan,Groundhog,12435,0,0.5,0,0.5
dpctgan,Groundhog,12435,1,0.48,0,0.5
dpctgan,Groundhog,12435,0,0.6,1,0.5
dpctgan,Groundhog,12435,1,0.57,1,0.5
dpctgan,Groundhog,12435,0,0.44,0,0.5
dpctgan,Groundhog,12435,1,0.58,1,0.5
dpctgan,Groundhog,12435,0,0.5,0,0.5
dpctgan,Groundhog,12435,1,0.5,0,0.5
dpctgan,Groundhog,12435,0,0.59,1,0.5
dpctgan,Groundhog,12435,1,0.46,0,0.5
dpctgan,Groundhog,12435,0,0.4,0,0.5
dpctgan,Groundhog,12435,1,0.5,0,0.5
dpctgan,Groundhog,12435,0,0.43,0,0.5
dpctgan,Groundhog,12435,1,0.5,0,0.5
dpctgan,Groundhog,12435,0,0.52,1,0.5
dpctgan,Groundhog,12435,1,0.39,0,0.5
dpctgan,Groundhog,12435,0,0.54,1,0.5
dpctgan,Groundhog,12435,1,0.43,0,0.5
dpctgan,Groundhog,12435,0,0.49,0,0.5
dpctgan,Groundhog,12435,1,0.63,1,0.5
dpctgan,Groundhog,12435,0,0.5,0,0.5
dpctgan,Groundhog,12435,1,0.44,0,0.5
dpctgan,Groundhog,12435,0,0.53,1,0.5
dpctgan,Groundhog,12435,1,0.5,0,0.5
dpctgan,Groundhog,12435,0,0.47,0,0.5
dpctgan,Groundhog,12435,1,0.57,1,0.5
dpctgan,Groundhog,12435,0,0.43,0,0.5
dpctgan,Groundhog,12435,1,0.43,0,0.5
dpctgan,Groundhog,12435,0,0.47,0,0.5
dpctgan,Groundhog,12435,1,0.54,1,0.5
dpctgan,Groundhog,12435,0,0.53,1,0.5
dpctgan,Groundhog,12435,1,0.43,0,0.5
dpctgan,Groundhog,12435,0,0.52,1,0.5
dpctgan,Groundhog,12435,1,0.61,1,0.5
dpctgan,Groundhog,12435,0,0.43,0,0.5
dpctgan,Groundhog,12435,1,0.45,0,0.5
dpctgan,Groundhog,12435,0,0.47,0,0.5
dpctgan,Groundhog,12435,1,0.4,0,0.5
dpctgan,Groundhog,12435,0,0.52,1,0.5
dpctgan,Groundhog,12435,1,0.48,0,0.5
dpctgan,Groundhog,12435,0,0.55,1,0.5
dpctgan,Groundhog,12435,1,0.55,1,0.5
dpctgan,Groundhog,12435,0,0.52,1,0.5
dpctgan,Groundhog,12435,1,0.52,1,0.5
dpctgan,Groundhog,12435,0,0.51,1,0.5
dpctgan,Groundhog,12435,1,0.56,1,0.5
dpctgan,Groundhog,12435,0,0.46,0,0.5
dpctgan,Groundhog,12435,1,0.62,1,0.5
dpctgan,Groundhog,12435,0,0.63,1,0.5
dpctgan,Groundhog,12435,1,0.6,1,0.5
dpctgan,Groundhog,12435,0,0.55,1,0.5
dpctgan,Groundhog,12435,1,0.64,1,0.5
dpctgan,Groundhog,12435,0,0.42,0,0.5
dpctgan,Groundhog,12435,1,0.4,0,0.5
dpctgan,Groundhog,12435,0,0.56,1,0.5
dpctgan,Groundhog,12435,1,0.49,0,0.5
dpctgan,Groundhog,12435,0,0.39,0,0.5
dpctgan,Groundhog,12435,1,0.5,0,0.5
dpctgan,Groundhog,12435,0,0.51,1,0.5
dpctgan,Groundhog,12435,1,0.57,1,0.5
dpctgan,Groundhog,12435,0,0.45,0,0.5
dpctgan,Groundhog,12435,1,0.56,1,0.5
dpctgan,Groundhog,12435,0,0.49,0,0.5
dpctgan,Groundhog,12435,1,0.57,1,0.5
dpctgan,Groundhog,12435,0,0.42,0,0.5
dpctgan,Groundhog,12435,1,0.37,0,0.5
dpctgan,Groundhog,12435,0,0.51,1,0.5
dpctgan,Groundhog,12435,1,0.56,1,0.5
dpctgan,Groundhog,12435,0,0.41,0,0.5
dpctgan,Groundhog,12435,1,0.51,1,0.5
dpctgan,Groundhog,12435,0,0.41,0,0.5
dpctgan,Groundhog,12435,1,0.51,1,0.5
dpctgan,Groundhog,12435,0,0.44,0,0.5
dpctgan,Groundhog,12435,1,0.46,0,0.5
dpctgan,Groundhog,12435,0,0.44,0,0.5
dpctgan,Groundhog,12435,1,0.51,1,0.5
dpctgan,Groundhog,12435,0,0.54,1,0.5
dpctgan,Groundhog,12435,1,0.59,1,0.5
dpctgan,Groundhog,12435,0,0.38,0,0.5
dpctgan,Groundhog,12435,1,0.56,1,0.5
dpctgan,Groundhog,12435,0,0.53,1,0.5
dpctgan,Groundhog,12435,1,0.52,1,0.5
dpctgan,Groundhog,12435,0,0.55,1,0.5
dpctgan,Groundhog,12435,1,0.53,1,0.5
dpctgan,Groundhog,12435,0,0.46,0,0.5
dpctgan,Groundhog,12435,1,0.47,0,0.5
dpctgan,Groundhog,12435,0,0.5,0,0.5
dpctgan,Groundhog,12435,1,0.47,0,0.5
dpctgan,Groundhog,12435,0,0.51,1,0.5
dpctgan,Groundhog,12435,1,0.48,0,0.5
dpctgan,Groundhog,12435,0,0.51,1,0.5
dpctgan,Groundhog,12435,1,0.55,1,0.5
dpctgan,Groundhog,12435,0,0.38,0,0.5
dpctgan,Groundhog,12435,1,0.56,1,0.5
dpctgan,Groundhog,12435,0,0.49,0,0.5
dpctgan,Groundhog,12435,1,0.5,0,0.5
dpctgan,Groundhog,12435,0,0.48,0,0.5
dpctgan,Groundhog,12435,1,0.46,0,0.5
dpctgan,Groundhog,12435,0,0.53,1,0.5
dpctgan,Groundhog,12435,1,0.51,1,0.5
dpctgan,Groundhog,12435,0,0.52,1,0.5
dpctgan,Groundhog,12435,1,0.48,0,0.5
dpctgan,Groundhog,12435,0,0.52,1,0.5
dpctgan,Groundhog,12435,1,0.46,0,0.5
dpctgan,Groundhog,12435,0,0.45,0,0.5
dpctgan,Groundhog,12435,1,0.48,0,0.5
dpctgan,Groundhog,12435,0,0.54,1,0.5
dpctgan,Groundhog,12435,1,0.61,1,0.5
dpctgan,Groundhog,12435,0,0.57,1,0.5
dpctgan,Groundhog,12435,1,0.49,0,0.5
dpctgan,Groundhog,12435,0,0.4,0,0.5
dpctgan,Groundhog,12435,1,0.54,1,0.5
dpctgan,Groundhog,12435,0,0.47,0,0.5
dpctgan,Groundhog,12435,1,0.62,1,0.5
dpctgan,Groundhog,12435,0,0.52,1,0.5
dpctgan,Groundhog,12435,1,0.39,0,0.5
dpctgan,Groundhog,12435,0,0.57,1,0.5
dpctgan,Groundhog,12435,1,0.48,0,0.5
dpctgan,Groundhog,12435,0,0.57,1,0.5
dpctgan,Groundhog,12435,1,0.53,1,0.5
dpctgan,Groundhog,12435,0,0.42,0,0.5
dpctgan,Groundhog,12435,1,0.49,0,0.5
dpctgan,Groundhog,12435,0,0.51,1,0.5
dpctgan,Groundhog,12435,1,0.44,0,0.5
dpctgan,Groundhog,12435,0,0.53,1,0.5
dpctgan,Groundhog,12435,1,0.49,0,0.5
dpctgan,Groundhog,12435,0,0.56,1,0.5
dpctgan,Groundhog,12435,1,0.45,0,0.5
dpctgan,Groundhog,12435,0,0.49,0,0.5
dpctgan,Groundhog,12435,1,0.52,1,0.5
dpctgan,Groundhog,12435,0,0.5,0,0.5
dpctgan,Groundhog,12435,1,0.56,1,0.5
dpctgan,Groundhog,12435,0,0.54,1,0.5
dpctgan,Groundhog,12435,1,0.55,1,0.5
dpctgan,Groundhog,12435,0,0.47,0,0.5
dpctgan,Groundhog,12435,1,0.41,0,0.5
dpctgan,Groundhog,12435,0,0.45,0,0.5
dpctgan,Groundhog,12435,1,0.49,0,0.5
dpctgan,Groundhog,12435,0,0.48,0,0.5
dpctgan,Groundhog,12435,1,0.52,1,0.5
dpctgan,Groundhog,12435,0,0.55,1,0.5
dpctgan,Groundhog,12435,1,0.48,0,0.5
dpctgan,Groundhog,12435,0,0.58,1,0.5
dpctgan,Groundhog,12435,1,0.55,1,0.5
dpctgan,Groundhog,12435,0,0.5,0,0.5
dpctgan,Groundhog,12435,1,0.38,0,0.5
dpctgan,Groundhog,12435,0,0.45,0,0.5
dpctgan,Groundhog,12435,1,0.56,1,0.5
dpctgan,Groundhog,12435,0,0.5,0,0.5
dpctgan,Groundhog,12435,1,0.55,1,0.5
dpctgan,Groundhog,12435,0,0.49,0,0.5
dpctgan,Groundhog,12435,1,0.5,0,0.5
dpctgan,Groundhog,12435,0,0.5,0,0.5
dpctgan,Groundhog,12435,1,0.5,0,0.5
dpctgan,Groundhog,12435,0,0.53,1,0.5
dpctgan,Groundhog,12435,1,0.51,1,0.5
dpctgan,Groundhog,12435,0,0.47,0,0.5
dpctgan,Groundhog,12435,1,0.58,1,0.5
dpctgan,Groundhog,12435,0,0.57,1,0.5
dpctgan,Groundhog,12435,1,0.42,0,0.5
dpctgan,Groundhog,12435,0,0.55,1,0.5
dpctgan,Groundhog,12435,1,0.6,1,0.5
dpctgan,Groundhog,12435,0,0.44,0,0.5
dpctgan,Groundhog,12435,1,0.42,0,0.5
dpctgan,Groundhog,12435,0,0.54,1,0.5
dpctgan,Groundhog,12435,1,0.59,1,0.5
dpctgan,Groundhog,12435,0,0.45,0,0.5
dpctgan,Groundhog,12435,1,0.52,1,0.5
dpctgan,Groundhog,12435,0,0.56,1,0.5
dpctgan,Groundhog,12435,1,0.42,0,0.5
dpctgan,Groundhog,12435,0,0.48,0,0.5
dpctgan,Groundhog,12435,1,0.55,1,0.5
dpctgan,Groundhog,12435,0,0.56,1,0.5
dpctgan,Groundhog,12435,1,0.6,1,0.5
dpctgan,Groundhog,12435,0,0.49,0,0.5
dpctgan,Groundhog,12435,1,0.46,0,0.5
dpctgan,Groundhog,12435,0,0.45,0,0.5
dpctgan,Groundhog,12435,1,0.44,0,0.5
dpctgan,Groundhog,12435,0,0.42,0,0.5
dpctgan,Groundhog,12435,1,0.52,1,0.5
dpctgan,Groundhog,12435,0,0.57,1,0.5
dpctgan,Groundhog,12435,1,0.54,1,0.5
dpctgan,Groundhog,12435,0,0.38,0,0.5
dpctgan,Groundhog,12435,1,0.44,0,0.5
dpctgan,Groundhog,12435,0,0.47,0,0.5
dpctgan,Groundhog,12435,1,0.51,1,0.5
dpctgan,Groundhog,12435,0,0.58,1,0.5
dpctgan,Groundhog,12435,1,0.51,1,0.5
dpctgan,Groundhog,12435,0,0.45,0,0.5
dpctgan,Groundhog,12435,1,0.57,1,0.5
dpctgan,Groundhog,12435,0,0.48,0,0.5
dpctgan,Groundhog,12435,1,0.38,0,0.5
dpctgan,Groundhog,12435,0,0.47,0,0.5
dpctgan,Groundhog,12435,1,0.49,0,0.5
dpctgan,Groundhog,12435,0,0.55,1,0.5
dpctgan,Groundhog,12435,1,0.47,0,0.5
dpctgan,Groundhog,12435,0,0.53,1,0.5
dpctgan,Groundhog,12435,1,0.52,1,0.5
dpctgan,Groundhog,12435,0,0.41,0,0.5
dpctgan,Groundhog,12435,1,0.54,1,0.5
dpctgan,Groundhog,12435,0,0.37,0,0.5
dpctgan,Groundhog,12435,1,0.45,0,0.5
dpctgan,Groundhog,12435,0,0.51,1,0.5
dpctgan,Groundhog,12435,1,0.4,0,0.5
dpctgan,Groundhog,12435,0,0.57,1,0.5
dpctgan,Groundhog,12435,1,0.53,1,0.5
dpctgan,Groundhog,12435,0,0.52,1,0.5
dpctgan,Groundhog,12435,1,0.49,0,0.5
dpctgan,Groundhog,12435,0,0.47,0,0.5
dpctgan,Groundhog,12435,1,0.46,0,0.5
dpctgan,Groundhog,12435,0,0.49,0,0.5
dpctgan,Groundhog,12435,1,0.5,0,0.5
dpctgan,Groundhog,12435,0,0.42,0,0.5
dpctgan,Groundhog,12435,1,0.58,1,0.5
dpctgan,Groundhog,12435,0,0.56,1,0.5
dpctgan,Groundhog,12435,1,0.53,1,0.5
dpctgan,Groundhog,12435,0,0.41,0,0.5
dpctgan,Groundhog,12435,1,0.47,0,0.5
dpctgan,Groundhog,12435,0,0.47,0,0.5
dpctgan,Groundhog,12435,1,0.52,1,0.5
dpctgan,Groundhog,12435,0,0.52,1,0.5
dpctgan,Groundhog,12435,1,0.55,1,0.5
dpctgan,Groundhog,12435,0,0.39,0,0.5
dpctgan,Groundhog,12435,1,0.51,1,0.5
dpctgan,Groundhog,12435,0,0.49,0,0.5
dpctgan,Groundhog,12435,1,0.44,0,0.5
dpctgan,Groundhog,12435,0,0.51,1,0.5
dpctgan,Groundhog,12435,1,0.46,0,0.5
dpctgan,Groundhog,12435,0,0.57,1,0.5
dpctgan,Groundhog,12435,1,0.49,0,0.5
dpctgan,Groundhog,12435,0,0.55,1,0.5
dpctgan,Groundhog,12435,1,0.43,0,0.5
dpctgan,Groundhog,12435,0,0.52,1,0.5
dpctgan,Groundhog,12435,1,0.44,0,0.5
dpctgan,Groundhog,12435,0,0.4,0,0.5
dpctgan,Groundhog,12435,1,0.5,0,0.5
dpctgan,Groundhog,12435,0,0.54,1,0.5
dpctgan,Groundhog,12435,1,0.48,0,0.5
dpctgan,Groundhog,12435,0,0.49,0,0.5
dpctgan,Groundhog,12435,1,0.54,1,0.5
dpctgan,Groundhog,12435,0,0.46,0,0.5
dpctgan,Groundhog,12435,1,0.42,0,0.5
dpctgan,Groundhog,12435,0,0.54,1,0.5
dpctgan,Groundhog,12435,1,0.45,0,0.5
dpctgan,Groundhog,12435,0,0.46,0,0.5
dpctgan,Groundhog,12435,1,0.6,1,0.5
dpctgan,Groundhog,12435,0,0.52,1,0.5
dpctgan,Groundhog,12435,1,0.59,1,0.5
dpctgan,Groundhog,12435,0,0.45,0,0.5
dpctgan,Groundhog,12435,1,0.41,0,0.5
dpctgan,Groundhog,12435,0,0.45,0,0.5
dpctgan,Groundhog,12435,1,0.4,0,0.5
dpctgan,Groundhog,12435,0,0.37,0,0.5
dpctgan,Groundhog,12435,1,0.5,0,0.5
dpctgan,Groundhog,12435,0,0.49,0,0.5
dpctgan,Groundhog,12435,1,0.47,0,0.5
dpctgan,Groundhog,12435,0,0.5,0,0.5
dpctgan,Groundhog,12435,1,0.37,0,0.5
dpctgan,Groundhog,12435,0,0.55,1,0.5
dpctgan,Groundhog,12435,1,0.49,0,0.5
dpctgan,Groundhog,12435,0,0.39,0,0.5
dpctgan,Groundhog,12435,1,0.56,1,0.5
dpctgan,Groundhog,12435,0,0.54,1,0.5
dpctgan,Groundhog,12435,1,0.57,1,0.5
dpctgan,Groundhog,12435,0,0.59,1,0.5
dpctgan,Groundhog,12435,1,0.52,1,0.5
dpctgan,Groundhog,12435,0,0.41,0,0.5
dpctgan,Groundhog,12435,1,0.5,0,0.5
dpctgan,Groundhog,12435,0,0.52,1,0.5
dpctgan,Groundhog,12435,1,0.51,1,0.5
dpctgan,Groundhog,12435,0,0.49,0,0.5
dpctgan,Groundhog,12435,1,0.62,1,0.5
dpctgan,Groundhog,12435,0,0.44,0,0.5
dpctgan,Groundhog,12435,1,0.54,1,0.5
dpctgan,Groundhog,12435,0,0.48,0,0.5
dpctgan,Groundhog,12435,1,0.47,0,0.5
dpctgan,Groundhog,12435,0,0.59,1,0.5
dpctgan,Groundhog,12435,1,0.46,0,0.5
dpctgan,Groundhog,12435,0,0.46,0,0.5
dpctgan,Groundhog,12435,1,0.57,1,0.5
dpctgan,Groundhog,12435,0,0.51,1,0.5
dpctgan,Groundhog,12435,1,0.49,0,0.5
dpctgan,Groundhog,12435,0,0.53,1,0.5
dpctgan,Groundhog,12435,1,0.56,1,0.5
dpctgan,Groundhog,12435,0,0.46,0,0.5
dpctgan,Groundhog,12435,1,0.61,1,0.5
dpctgan,Groundhog,12435,0,0.48,0,0.5
dpctgan,Groundhog,12435,1,0.68,1,0.5
dpctgan,Groundhog,12435,0,0.46,0,0.5
dpctgan,Groundhog,12435,1,0.55,1,0.5
dpctgan,Groundhog,12435,0,0.48,0,0.5
dpctgan,Groundhog,12435,1,0.52,1,0.5
dpctgan,Groundhog,12435,0,0.47,0,0.5
dpctgan,Groundhog,12435,1,0.44,0,0.5
dpctgan,Groundhog,12435,0,0.55,1,0.5
dpctgan,Groundhog,12435,1,0.58,1,0.5
dpctgan,Groundhog,12435,0,0.53,1,0.5
dpctgan,Groundhog,12435,1,0.47,0,0.5
dpctgan,Groundhog,12435,0,0.5,0,0.5
dpctgan,Groundhog,12435,1,0.62,1,0.5
dpctgan,Groundhog,12435,0,0.45,0,0.5
dpctgan,Groundhog,12435,1,0.54,1,0.5
dpctgan,Groundhog,12435,0,0.44,0,0.5
dpctgan,Groundhog,12435,1,0.48,0,0.5
dpctgan,Groundhog,12435,0,0.47,0,0.5
dpctgan,Groundhog,12435,1,0.4,0,0.5
dpctgan,Groundhog,12435,0,0.44,0,0.5
dpctgan,Groundhog,12435,1,0.65,1,0.5
dpctgan,Groundhog,12435,0,0.43,0,0.5
dpctgan,Groundhog,12435,1,0.44,0,0.5
dpctgan,Groundhog,12435,0,0.4,0,0.5
dpctgan,Groundhog,12435,1,0.57,1,0.5
dpctgan,Groundhog,12435,0,0.45,0,0.5
dpctgan,Groundhog,12435,1,0.45,0,0.5
dpctgan,Groundhog,12435,0,0.5,0,0.5
dpctgan,Groundhog,12435,1,0.47,0,0.5
dpctgan,Groundhog,12435,0,0.42,0,0.5
dpctgan,Groundhog,12435,1,0.49,0,0.5
dpctgan,Groundhog,12435,0,0.58,1,0.5
dpctgan,Groundhog,12435,1,0.42,0,0.5
dpctgan,Groundhog,12435,0,0.49,0,0.5
dpctgan,Groundhog,12435,1,0.37,0,0.5
dpctgan,Groundhog,12435,0,0.44,0,0.5
dpctgan,Groundhog,12435,1,0.66,1,0.5
dpctgan,Groundhog,12435,0,0.54,1,0.5
dpctgan,Groundhog,12435,1,0.53,1,0.5
dpctgan,Groundhog,12435,0,0.47,0,0.5
dpctgan,Groundhog,12435,1,0.57,1,0.5
dpctgan,Groundhog,12435,0,0.42,0,0.5
dpctgan,Groundhog,12435,1,0.55,1,0.5
dpctgan,Groundhog,12435,0,0.52,1,0.5
dpctgan,Groundhog,12435,1,0.5,0,0.5
dpctgan,Groundhog,12435,0,0.48,0,0.5
dpctgan,Groundhog,12435,1,0.37,0,0.5
dpctgan,Groundhog,12435,0,0.47,0,0.5
dpctgan,Groundhog,12435,1,0.55,1,0.5
dpctgan,Groundhog,12435,0,0.6,1,0.5
dpctgan,Groundhog,12435,1,0.51,1,0.5
dpctgan,Groundhog,12435,0,0.48,0,0.5
dpctgan,Groundhog,12435,1,0.42,0,0.5
dpctgan,Groundhog,12435,0,0.52,1,0.5
dpctgan,Groundhog,12435,1,0.62,1,0.5
dpctgan,Groundhog,12435,0,0.49,0,0.5
dpctgan,Groundhog,12435,1,0.7,1,0.5
dpctgan,Groundhog,12435,0,0.56,1,0.5
dpctgan,Groundhog,12435,1,0.46,0,0.5
dpctgan,Groundhog,12435,0,0.62,1,0.5
dpctgan,Groundhog,12435,1,0.62,1,0.5
dpctgan,Groundhog,12435,0,0.48,0,0.5
dpctgan,Groundhog,12435,1,0.52,1,0.5
dpctgan,Groundhog,12435,0,0.5,0,0.5
dpctgan,Groundhog,12435,1,0.51,1,0.5
dpctgan,Groundhog,12435,0,0.49,0,0.5
dpctgan,Groundhog,12435,1,0.47,0,0.5
dpctgan,Groundhog,12435,0,0.6,1,0.5
dpctgan,Groundhog,12435,1,0.49,0,0.5
dpctgan,Groundhog,12435,0,0.53,1,0.5
dpctgan,Groundhog,12435,1,0.45,0,0.5
dpctgan,Groundhog,12435,0,0.57,1,0.5
dpctgan,Groundhog,12435,1,0.55,1,0.5
dpctgan,Groundhog,12435,0,0.52,1,0.5
dpctgan,Groundhog,12435,1,0.38,0,0.5
dpctgan,Groundhog,12435,0,0.43,0,0.5
dpctgan,Groundhog,12435,1,0.54,1,0.5
dpctgan,Groundhog,12435,0,0.51,1,0.5
dpctgan,Groundhog,12435,1,0.55,1,0.5
dpctgan,Groundhog,12435,0,0.48,0,0.5
dpctgan,Groundhog,12435,1,0.49,0,0.5
dpctgan,Groundhog,12435,0,0.45,0,0.5
dpctgan,Groundhog,12435,1,0.53,1,0.5
dpctgan,Groundhog,12435,0,0.33,0,0.5
dpctgan,Groundhog,12435,1,0.48,0,0.5
dpctgan,Groundhog,12435,0,0.62,1,0.5
dpctgan,Groundhog,12435,1,0.5,0,0.5
dpctgan,Groundhog,12435,0,0.5,0,0.5
dpctgan,Groundhog,12435,1,0.5,0,0.5
dpctgan,Groundhog,12435,0,0.53,1,0.5
dpctgan,Groundhog,12435,1,0.46,0,0.5
dpctgan,Groundhog,12435,0,0.46,0,0.5
dpctgan,Groundhog,12435,1,0.46,0,0.5
dpctgan,Groundhog,12435,0,0.64,1,0.5
dpctgan,Groundhog,12435,1,0.41,0,0.5
dpctgan,Groundhog,12435,0,0.53,1,0.5
dpctgan,Groundhog,12435,1,0.44,0,0.5
dpctgan,Groundhog,12435,0,0.63,1,0.5
dpctgan,Groundhog,12435,1,0.52,1,0.5
dpctgan,Groundhog,12435,0,0.47,0,0.5
dpctgan,Groundhog,12435,1,0.52,1,0.5
dpctgan,Groundhog,12435,0,0.56,1,0.5
dpctgan,Groundhog,12435,1,0.46,0,0.5
dpctgan,Groundhog,12435,0,0.54,1,0.5
dpctgan,Groundhog,12435,1,0.55,1,0.5
dpctgan,Groundhog,12435,0,0.49,0,0.5
dpctgan,Groundhog,12435,1,0.44,0,0.5
dpctgan,Groundhog,12435,0,0.63,1,0.5
dpctgan,Groundhog,12435,1,0.46,0,0.5
dpctgan,Groundhog,12435,0,0.51,1,0.5
dpctgan,Groundhog,12435,1,0.54,1,0.5
dpctgan,Groundhog,12435,0,0.49,0,0.5
dpctgan,Groundhog,12435,1,0.56,1,0.5
dpctgan,Groundhog,12435,0,0.43,0,0.5
dpctgan,Groundhog,12435,1,0.55,1,0.5
dpctgan,Groundhog,12435,0,0.59,1,0.5
dpctgan,Groundhog,12435,1,0.51,1,0.5
dpctgan,Groundhog,12435,0,0.48,0,0.5
dpctgan,Groundhog,12435,1,0.55,1,0.5
dpctgan,Groundhog,12435,0,0.5,0,0.5
dpctgan,Groundhog,12435,1,0.51,1,0.5
dpctgan,Groundhog,12435,0,0.51,1,0.5
dpctgan,Groundhog,12435,1,0.47,0,0.5
dpctgan,Groundhog,12435,0,0.52,1,0.5
dpctgan,Groundhog,12435,1,0.49,0,0.5
dpctgan,Groundhog,12435,0,0.62,1,0.5
dpctgan,Groundhog,12435,1,0.56,1,0.5
dpctgan,Groundhog,12435,0,0.5,0,0.5
dpctgan,Groundhog,12435,1,0.42,0,0.5
dpctgan,Groundhog,12435,0,0.54,1,0.5
dpctgan,Groundhog,12435,1,0.5,0,0.5
dpctgan,Groundhog,12435,0,0.57,1,0.5
dpctgan,Groundhog,12435,1,0.51,1,0.5
dpctgan,Groundhog,12435,0,0.58,1,0.5
dpctgan,Groundhog,12435,1,0.46,0,0.5
dpctgan,Groundhog,12435,0,0.47,0,0.5
dpctgan,Groundhog,12435,1,0.48,0,0.5
dpctgan,Groundhog,12435,0,0.59,1,0.5
dpctgan,Groundhog,12435,1,0.43,0,0.5
dpctgan,Groundhog,12435,0,0.5,0,0.5
dpctgan,Groundhog,12435,1,0.52,1,0.5
dpctgan,Groundhog,12435,0,0.55,1,0.5
dpctgan,Groundhog,12435,1,0.35,0,0.5
dpctgan,Groundhog,12435,0,0.55,1,0.5
dpctgan,Groundhog,12435,1,0.5,0,0.5
dpctgan,Groundhog,12435,0,0.48,0,0.5
dpctgan,Groundhog,12435,1,0.45,0,0.5
dpctgan,Groundhog,12435,0,0.46,0,0.5
dpctgan,Groundhog,12435,1,0.44,0,0.5
dpctgan,Groundhog,12435,0,0.48,0,0.5
dpctgan,Groundhog,12435,1,0.47,0,0.5
dpctgan,Groundhog,12435,0,0.53,1,0.5
dpctgan,Groundhog,12435,1,0.44,0,0.5
dpctgan,Groundhog,12435,0,0.54,1,0.5
dpctgan,Groundhog,12435,1,0.48,0,0.5
dpctgan,Groundhog,12435,0,0.56,1,0.5
dpctgan,Groundhog,12435,1,0.56,1,0.5
dpctgan,Groundhog,12435,0,0.47,0,0.5
dpctgan,Groundhog,12435,1,0.52,1,0.5
dpctgan,Groundhog,12435,0,0.51,1,0.5
dpctgan,Groundhog,12435,1,0.49,0,0.5
dpctgan,Groundhog,12435,0,0.55,1,0.5
dpctgan,Groundhog,12435,1,0.55,1,0.5
dpctgan,Groundhog,12435,0,0.49,0,0.5
dpctgan,Groundhog,12435,1,0.39,0,0.5
dpctgan,Groundhog,12435,0,0.37,0,0.5
dpctgan,Groundhog,12435,1,0.47,0,0.5
dpctgan,Groundhog,12435,0,0.41,0,0.5
dpctgan,Groundhog,12435,1,0.5,0,0.5
dpctgan,Groundhog,12435,0,0.48,0,0.5
dpctgan,Groundhog,12435,1,0.45,0,0.5
dpctgan,Groundhog,12435,0,0.44,0,0.5
dpctgan,Groundhog,12435,1,0.42,0,0.5
dpctgan,Groundhog,12435,0,0.58,1,0.5
dpctgan,Groundhog,12435,1,0.58,1,0.5
dpctgan,Groundhog,12435,0,0.35,0,0.5
dpctgan,Groundhog,12435,1,0.55,1,0.5
dpctgan,Groundhog,12435,0,0.63,1,0.5
dpctgan,Groundhog,12435,1,0.56,1,0.5
dpctgan,Groundhog,12435,0,0.56,1,0.5
dpctgan,Groundhog,12435,1,0.48,0,0.5
dpctgan,Groundhog,12435,0,0.46,0,0.5
dpctgan,Groundhog,12435,1,0.55,1,0.5
dpctgan,Groundhog,12435,0,0.44,0,0.5
dpctgan,Groundhog,12435,1,0.45,0,0.5
dpctgan,Groundhog,12435,0,0.49,0,0.5
dpctgan,Groundhog,12435,1,0.44,0,0.5
dpctgan,Groundhog,12435,0,0.49,0,0.5
dpctgan,Groundhog,12435,1,0.55,1,0.5
dpctgan,Groundhog,12435,0,0.46,0,0.5
dpctgan,Groundhog,12435,1,0.39,0,0.5
dpctgan,Groundhog,12435,0,0.59,1,0.5
dpctgan,Groundhog,12435,1,0.5,0,0.5
dpctgan,Groundhog,12435,0,0.62,1,0.5
dpctgan,Groundhog,12435,1,0.62,1,0.5
dpctgan,Groundhog,12435,0,0.42,0,0.5
dpctgan,Groundhog,12435,1,0.48,0,0.5
dpctgan,Groundhog,12435,0,0.52,1,0.5
dpctgan,Groundhog,12435,1,0.5,0,0.5
dpctgan,Groundhog,12435,0,0.43,0,0.5
dpctgan,Groundhog,12435,1,0.55,1,0.5
dpctgan,Groundhog,12435,0,0.46,0,0.5
dpctgan,Groundhog,12435,1,0.51,1,0.5
dpctgan,Groundhog,12435,0,0.44,0,0.5
dpctgan,Groundhog,12435,1,0.58,1,0.5
dpctgan,Groundhog,12435,0,0.46,0,0.5
dpctgan,Groundhog,12435,1,0.56,1,0.5
dpctgan,Groundhog,12435,0,0.43,0,0.5
dpctgan,Groundhog,12435,1,0.52,1,0.5
dpctgan,Groundhog,12435,0,0.46,0,0.5
dpctgan,Groundhog,12435,1,0.43,0,0.5
dpctgan,Groundhog,12435,0,0.39,0,0.5
dpctgan,Groundhog,12435,1,0.46,0,0.5
dpctgan,Groundhog,12435,0,0.53,1,0.5
dpctgan,Groundhog,12435,1,0.55,1,0.5
dpctgan,Groundhog,12435,0,0.44,0,0.5
dpctgan,Groundhog,12435,1,0.54,1,0.5
dpctgan,Groundhog,12435,0,0.51,1,0.5
dpctgan,Groundhog,12435,1,0.56,1,0.5
dpctgan,Groundhog,12435,0,0.53,1,0.5
dpctgan,Groundhog,12435,1,0.61,1,0.5
dpctgan,Groundhog,12435,0,0.54,1,0.5
dpctgan,Groundhog,12435,1,0.54,1,0.5
dpctgan,Groundhog,12435,0,0.59,1,0.5
dpctgan,Groundhog,12435,1,0.57,1,0.5
dpctgan,Groundhog,12435,0,0.49,0,0.5
dpctgan,Groundhog,12435,1,0.55,1,0.5
dpctgan,Groundhog,12435,0,0.44,0,0.5
dpctgan,Groundhog,12435,1,0.49,0,0.5
dpctgan,Groundhog,12435,0,0.46,0,0.5
dpctgan,Groundhog,12435,1,0.54,1,0.5
dpctgan,Groundhog,12435,0,0.47,0,0.5
dpctgan,Groundhog,12435,1,0.45,0,0.5
dpctgan,Groundhog,12435,0,0.53,1,0.5
dpctgan,Groundhog,12435,1,0.42,0,0.5
dpctgan,Groundhog,12435,0,0.5,0,0.5
dpctgan,Groundhog,12435,1,0.49,0,0.5
dpctgan,Groundhog,12435,0,0.5,0,0.5
dpctgan,Groundhog,12435,1,0.5,0,0.5
dpctgan,Groundhog,12435,0,0.56,1,0.5
dpctgan,Groundhog,12435,1,0.44,0,0.5
dpctgan,Groundhog,12435,0,0.52,1,0.5
dpctgan,Groundhog,12435,1,0.57,1,0.5
dpctgan,Groundhog,12435,0,0.5,0,0.5
dpctgan,Groundhog,12435,1,0.48,0,0.5
dpctgan,Groundhog,12435,0,0.43,0,0.5
dpctgan,Groundhog,12435,1,0.57,1,0.5
dpctgan,Groundhog,12435,0,0.52,1,0.5
dpctgan,Groundhog,12435,1,0.45,0,0.5
dpctgan,Groundhog,12435,0,0.5,0,0.5
dpctgan,Groundhog,12435,1,0.57,1,0.5
dpctgan,Groundhog,12435,0,0.6,1,0.5
dpctgan,Groundhog,12435,1,0.4,0,0.5
dpctgan,Groundhog,12435,0,0.44,0,0.5
dpctgan,Groundhog,12435,1,0.46,0,0.5
dpctgan,Groundhog,12435,0,0.48,0,0.5
dpctgan,Groundhog,12435,1,0.53,1,0.5
dpctgan,Groundhog,12435,0,0.57,1,0.5
dpctgan,Groundhog,12435,1,0.46,0,0.5
dpctgan,Groundhog,12435,0,0.59,1,0.5
dpctgan,Groundhog,12435,1,0.59,1,0.5
dpctgan,Groundhog,12435,0,0.41,0,0.5
dpctgan,Groundhog,12435,1,0.45,0,0.5
dpctgan,Groundhog,12435,0,0.45,0,0.5
dpctgan,Groundhog,12435,1,0.51,1,0.5
dpctgan,Groundhog,12435,0,0.47,0,0.5
dpctgan,Groundhog,12435,1,0.42,0,0.5
dpctgan,Groundhog,12435,0,0.47,0,0.5
dpctgan,Groundhog,12435,1,0.48,0,0.5
dpctgan,Groundhog,12435,0,0.51,1,0.5
dpctgan,Groundhog,12435,1,0.49,0,0.5
dpctgan,Groundhog,12435,0,0.49,0,0.5
dpctgan,Groundhog,12435,1,0.54,1,0.5
dpctgan,Groundhog,12435,0,0.59,1,0.5
dpctgan,Groundhog,12435,1,0.52,1,0.5
dpctgan,Groundhog,12435,0,0.38,0,0.5
dpctgan,Groundhog,12435,1,0.51,1,0.5
dpctgan,Groundhog,12435,0,0.45,0,0.5
dpctgan,Groundhog,12435,1,0.54,1,0.5
dpctgan,Groundhog,12435,0,0.44,0,0.5
dpctgan,Groundhog,12435,1,0.48,0,0.5
dpctgan,Groundhog,12435,0,0.61,1,0.5
dpctgan,Groundhog,12435,1,0.47,0,0.5
dpctgan,Groundhog,12435,0,0.58,1,0.5
dpctgan,Groundhog,12435,1,0.55,1,0.5
dpctgan,Groundhog,12435,0,0.57,1,0.5
dpctgan,Groundhog,12435,1,0.56,1,0.5
dpctgan,Groundhog,12435,0,0.54,1,0.5
dpctgan,Groundhog,12435,1,0.48,0,0.5
dpctgan,Groundhog,12435,0,0.54,1,0.5
dpctgan,Groundhog,12435,1,0.59,1,0.5
dpctgan,Groundhog,12435,0,0.59,1,0.5
dpctgan,Groundhog,12435,1,0.53,1,0.5
dpctgan,Groundhog,12435,0,0.48,0,0.5
dpctgan,Groundhog,12435,1,0.47,0,0.5
dpctgan,Groundhog,12435,0,0.61,1,0.5
dpctgan,Groundhog,12435,1,0.55,1,0.5
dpctgan,Groundhog,12435,0,0.55,1,0.5
dpctgan,Groundhog,12435,1,0.49,0,0.5
dpctgan,Groundhog,12435,0,0.46,0,0.5
dpctgan,Groundhog,12435,1,0.41,0,0.5
dpctgan,Groundhog,12435,0,0.48,0,0.5
dpctgan,Groundhog,12435,1,0.45,0,0.5
dpctgan,Groundhog,12435,0,0.52,1,0.5
dpctgan,Groundhog,12435,1,0.49,0,0.5
dpctgan,Groundhog,12435,0,0.51,1,0.5
dpctgan,Groundhog,12435,1,0.44,0,0.5
dpctgan,Groundhog,12435,0,0.52,1,0.5
dpctgan,Groundhog,12435,1,0.52,1,0.5
dpctgan,Groundhog,12435,0,0.46,0,0.5
dpctgan,Groundhog,12435,1,0.49,0,0.5
dpctgan,Groundhog,12435,0,0.46,0,0.5
dpctgan,Groundhog,12435,1,0.48,0,0.5
dpctgan,Groundhog,12435,0,0.49,0,0.5
dpctgan,Groundhog,12435,1,0.44,0,0.5
dpctgan,Groundhog,12435,0,0.48,0,0.5
dpctgan,Groundhog,12435,1,0.54,1,0.5
dpctgan,Groundhog,12435,0,0.54,1,0.5
dpctgan,Groundhog,12435,1,0.57,1,0.5
dpctgan,Groundhog,12435,0,0.49,0,0.5
dpctgan,Groundhog,12435,1,0.5,0,0.5
dpctgan,Groundhog,12435,0,0.53,1,0.5
dpctgan,Groundhog,12435,1,0.51,1,0.5
dpctgan,Groundhog,12435,0,0.56,1,0.5
dpctgan,Groundhog,12435,1,0.38,0,0.5
dpctgan,Groundhog,12435,0,0.53,1,0.5
dpctgan,Groundhog,12435,1,0.51,1,0.5
dpctgan,Groundhog,12435,0,0.48,0,0.5
dpctgan,Groundhog,12435,1,0.55,1,0.5
dpctgan,Groundhog,12435,0,0.52,1,0.5
dpctgan,Groundhog,12435,1,0.56,1,0.5
dpctgan,Groundhog,12435,0,0.52,1,0.5
dpctgan,Groundhog,12435,1,0.47,0,0.5
dpctgan,Groundhog,12435,0,0.38,0,0.5
dpctgan,Groundhog,12435,1,0.51,1,0.5
dpctgan,Groundhog,12435,0,0.49,0,0.5
dpctgan,Groundhog,12435,1,0.41,0,0.5
dpctgan,Groundhog,12435,0,0.47,0,0.5
dpctgan,Groundhog,12435,1,0.47,0,0.5
dpctgan,Groundhog,12435,0,0.53,1,0.5
dpctgan,Groundhog,12435,1,0.57,1,0.5
dpctgan,Groundhog,12435,0,0.46,0,0.5
dpctgan,Groundhog,12435,1,0.4,0,0.5
dpctgan,Groundhog,12435,0,0.56,1,0.5
dpctgan,Groundhog,12435,1,0.44,0,0.5
dpctgan,Groundhog,12435,0,0.41,0,0.5
dpctgan,Groundhog,12435,1,0.52,1,0.5
dpctgan,Groundhog,12435,0,0.52,1,0.5
dpctgan,Groundhog,12435,1,0.62,1,0.5
dpctgan,Groundhog,12435,0,0.51,1,0.5
dpctgan,Groundhog,12435,1,0.6,1,0.5
dpctgan,Groundhog,12435,0,0.54,1,0.5
dpctgan,Groundhog,12435,1,0.51,1,0.5
dpctgan,Groundhog,12435,0,0.46,0,0.5
dpctgan,Groundhog,12435,1,0.63,1,0.5
dpctgan,Groundhog,12435,0,0.53,1,0.5
dpctgan,Groundhog,12435,1,0.4,0,0.5
dpctgan,Groundhog,12435,0,0.5,0,0.5
dpctgan,Groundhog,12435,1,0.54,1,0.5
dpctgan,Groundhog,12435,0,0.53,1,0.5
dpctgan,Groundhog,12435,1,0.47,0,0.5
dpctgan,Groundhog,12435,0,0.51,1,0.5
dpctgan,Groundhog,12435,1,0.49,0,0.5
dpctgan,Groundhog,12435,0,0.45,0,0.5
dpctgan,Groundhog,12435,1,0.5,0,0.5
dpctgan,Groundhog,12435,0,0.46,0,0.5
dpctgan,Groundhog,12435,1,0.52,1,0.5
dpctgan,Groundhog,12435,0,0.43,0,0.5
dpctgan,Groundhog,12435,1,0.63,1,0.5
dpctgan,Groundhog,12435,0,0.53,1,0.5
dpctgan,Groundhog,12435,1,0.53,1,0.5
dpctgan,Groundhog,12435,0,0.53,1,0.5
dpctgan,Groundhog,12435,1,0.34,0,0.5
dpctgan,Groundhog,12435,0,0.5,0,0.5
dpctgan,Groundhog,12435,1,0.57,1,0.5
dpctgan,Groundhog,12435,0,0.49,0,0.5
dpctgan,Groundhog,12435,1,0.44,0,0.5
dpctgan,Groundhog,12435,0,0.47,0,0.5
dpctgan,Groundhog,12435,1,0.38,0,0.5
dpctgan,Groundhog,12435,0,0.48,0,0.5
dpctgan,Groundhog,12435,1,0.44,0,0.5
dpctgan,Groundhog,12435,0,0.58,1,0.5
dpctgan,Groundhog,12435,1,0.48,0,0.5
dpctgan,Groundhog,12435,0,0.4,0,0.5
dpctgan,Groundhog,12435,1,0.54,1,0.5
dpctgan,Groundhog,12435,0,0.51,1,0.5
dpctgan,Groundhog,12435,1,0.54,1,0.5
dpctgan,Groundhog,12435,0,0.57,1,0.5
dpctgan,Groundhog,12435,1,0.39,0,0.5
dpctgan,Groundhog,12435,0,0.54,1,0.5
dpctgan,Groundhog,12435,1,0.56,1,0.5
dpctgan,Groundhog,12435,0,0.53,1,0.5
dpctgan,Groundhog,12435,1,0.48,0,0.5
dpctgan,Groundhog,12435,0,0.45,0,0.5
dpctgan,Groundhog,12435,1,0.51,1,0.5
dpctgan,Groundhog,12435,0,0.41,0,0.5
dpctgan,Groundhog,12435,1,0.51,1,0.5
dpctgan,Groundhog,12435,0,0.51,1,0.5
dpctgan,Groundhog,12435,1,0.39,0,0.5
dpctgan,Groundhog,12435,0,0.49,0,0.5
dpctgan,Groundhog,12435,1,0.54,1,0.5
dpctgan,Groundhog,12435,0,0.64,1,0.5
dpctgan,Groundhog,12435,1,0.58,1,0.5
dpctgan,Groundhog,12435,0,0.53,1,0.5
dpctgan,Groundhog,12435,1,0.47,0,0.5
dpctgan,Groundhog,12435,0,0.45,0,0.5
dpctgan,Groundhog,12435,1,0.49,0,0.5
dpctgan,Groundhog,12435,0,0.4,0,0.5
dpctgan,Groundhog,12435,1,0.52,1,0.5
dpctgan,Groundhog,12435,0,0.53,1,0.5
dpctgan,Groundhog,12435,1,0.52,1,0.5
dpctgan,Groundhog,12435,0,0.49,0,0.5
dpctgan,Groundhog,12435,1,0.42,0,0.5
dpctgan,Groundhog,12435,0,0.39,0,0.5
dpctgan,Groundhog,12435,1,0.41,0,0.5
dpctgan,Groundhog,12435,0,0.49,0,0.5
dpctgan,Groundhog,12435,1,0.41,0,0.5
dpctgan,Groundhog,12435,0,0.49,0,0.5
dpctgan,Groundhog,12435,1,0.48,0,0.5
dpctgan,Groundhog,12435,0,0.42,0,0.5
dpctgan,Groundhog,12435,1,0.53,1,0.5
dpctgan,Groundhog,12435,0,0.51,1,0.5
dpctgan,Groundhog,12435,1,0.48,0,0.5
dpctgan,Groundhog,12435,0,0.49,0,0.5
dpctgan,Groundhog,12435,1,0.49,0,0.5
dpctgan,Groundhog,12435,0,0.6,1,0.5
dpctgan,Groundhog,12435,1,0.46,0,0.5
dpctgan,Groundhog,12435,0,0.49,0,0.5
dpctgan,Groundhog,12435,1,0.54,1,0.5
dpctgan,Groundhog,12435,0,0.53,1,0.5
dpctgan,Groundhog,12435,1,0.48,0,0.5
dpctgan,Groundhog,12435,0,0.51,1,0.5
dpctgan,Groundhog,12435,1,0.5,0,0.5
dpctgan,Groundhog,12435,0,0.58,1,0.5
dpctgan,Groundhog,12435,1,0.54,1,0.5
dpctgan,Groundhog,12435,0,0.49,0,0.5
dpctgan,Groundhog,12435,1,0.42,0,0.5
dpctgan,Groundhog,12435,0,0.6,1,0.5
dpctgan,Groundhog,12435,1,0.48,0,0.5
dpctgan,Groundhog,12435,0,0.57,1,0.5
dpctgan,Groundhog,12435,1,0.45,0,0.5
dpctgan,Groundhog,12435,0,0.55,1,0.5
dpctgan,Groundhog,12435,1,0.47,0,0.5
dpctgan,Groundhog,12435,0,0.63,1,0.5
dpctgan,Groundhog,12435,1,0.61,1,0.5
dpctgan,Groundhog,12435,0,0.54,1,0.5
dpctgan,Groundhog,12435,1,0.56,1,0.5
dpctgan,Groundhog,12435,0,0.54,1,0.5
dpctgan,Groundhog,12435,1,0.51,1,0.5
dpctgan,Groundhog,12435,0,0.41,0,0.5
dpctgan,Groundhog,12435,1,0.55,1,0.5
dpctgan,Groundhog,12435,0,0.58,1,0.5
dpctgan,Groundhog,12435,1,0.49,0,0.5
dpctgan,Groundhog,12435,0,0.41,0,0.5
dpctgan,Groundhog,12435,1,0.46,0,0.5
dpctgan,Groundhog,12435,0,0.49,0,0.5
dpctgan,Groundhog,12435,1,0.43,0,0.5
dpctgan,Groundhog,12435,0,0.57,1,0.5
dpctgan,Groundhog,12435,1,0.4,0,0.5
dpctgan,Groundhog,12435,0,0.47,0,0.5
dpctgan,Groundhog,12435,1,0.5,0,0.5
dpctgan,Groundhog,12435,0,0.48,0,0.5
dpctgan,Groundhog,12435,1,0.52,1,0.5
dpctgan,Groundhog,12435,0,0.49,0,0.5
dpctgan,Groundhog,12435,1,0.45,0,0.5
dpctgan,Groundhog,12435,0,0.55,1,0.5
dpctgan,Groundhog,12435,1,0.44,0,0.5
dpctgan,Groundhog,12435,0,0.44,0,0.5
dpctgan,Groundhog,12435,1,0.45,0,0.5
dpctgan,Groundhog,12435,0,0.52,1,0.5
dpctgan,Groundhog,12435,1,0.5,0,0.5
dpctgan,Groundhog,12435,0,0.49,0,0.5
dpctgan,Groundhog,12435,1,0.43,0,0.5
dpctgan,Groundhog,12435,0,0.56,1,0.5
dpctgan,Groundhog,12435,1,0.6,1,0.5
dpctgan,Groundhog,12435,0,0.48,0,0.5
dpctgan,Groundhog,12435,1,0.43,0,0.5
dpctgan,Groundhog,12435,0,0.49,0,0.5
dpctgan,Groundhog,12435,1,0.44,0,0.5
dpctgan,Groundhog,12435,0,0.44,0,0.5
dpctgan,Groundhog,12435,1,0.54,1,0.5
dpctgan,Groundhog,12435,0,0.42,0,0.5
dpctgan,Groundhog,12435,1,0.51,1,0.5
dpctgan,Groundhog,12435,0,0.56,1,0.5
dpctgan,Groundhog,12435,1,0.57,1,0.5
dpctgan,Groundhog,12435,0,0.4,0,0.5
dpctgan,Groundhog,12435,1,0.48,0,0.5
dpctgan,Groundhog,12435,0,0.55,1,0.5
dpctgan,Groundhog,12435,1,0.53,1,0.5
dpctgan,Groundhog,12435,0,0.45,0,0.5
dpctgan,Groundhog,12435,1,0.54,1,0.5
dpctgan,Groundhog,12435,0,0.36,0,0.5
dpctgan,Groundhog,12435,1,0.43,0,0.5
dpctgan,Groundhog,12435,0,0.48,0,0.5
dpctgan,Groundhog,12435,1,0.51,1,0.5
dpctgan,Groundhog,12435,0,0.57,1,0.5
dpctgan,Groundhog,12435,1,0.44,0,0.5
dpctgan,Groundhog,12435,0,0.46,0,0.5
dpctgan,Groundhog,12435,1,0.59,1,0.5
dpctgan,Groundhog,12435,0,0.49,0,0.5
dpctgan,Groundhog,12435,1,0.58,1,0.5
dpctgan,Groundhog,12435,0,0.51,1,0.5
dpctgan,Groundhog,12435,1,0.45,0,0.5
dpctgan,Groundhog,12435,0,0.49,0,0.5
dpctgan,Groundhog,12435,1,0.52,1,0.5
dpctgan,Groundhog,12435,0,0.53,1,0.5
dpctgan,Groundhog,12435,1,0.49,0,0.5
dpctgan,Groundhog,12435,0,0.44,0,0.5
dpctgan,Groundhog,12435,1,0.56,1,0.5
dpctgan,Groundhog,12435,0,0.45,0,0.5
dpctgan,Groundhog,12435,1,0.5,0,0.5
dpctgan,Groundhog,12435,0,0.49,0,0.5
dpctgan,Groundhog,12435,1,0.54,1,0.5
dpctgan,Groundhog,12435,0,0.4,0,0.5
dpctgan,Groundhog,12435,1,0.59,1,0.5
dpctgan,Groundhog,12435,0,0.64,1,0.5
dpctgan,Groundhog,12435,1,0.5,0,0.5
dpctgan,Groundhog,12435,0,0.45,0,0.5
dpctgan,Groundhog,12435,1,0.4,0,0.5
dpctgan,Groundhog,12435,0,0.54,1,0.5
dpctgan,Groundhog,12435,1,0.57,1,0.5
dpctgan,Groundhog,12435,0,0.5,0,0.5
dpctgan,Groundhog,12435,1,0.45,0,0.5
dpctgan,Groundhog,12435,0,0.51,1,0.5
dpctgan,Groundhog,12435,1,0.48,0,0.5
dpctgan,Groundhog,12435,0,0.44,0,0.5
dpctgan,Groundhog,12435,1,0.42,0,0.5
dpctgan,Groundhog,12435,0,0.51,1,0.5
dpctgan,Groundhog,12435,1,0.46,0,0.5
dpctgan,Groundhog,12435,0,0.56,1,0.5
dpctgan,Groundhog,12435,1,0.54,1,0.5
dpctgan,Groundhog,12435,0,0.38,0,0.5
dpctgan,Groundhog,12435,1,0.53,1,0.5
dpctgan,Groundhog,12435,0,0.6,1,0.5
dpctgan,Groundhog,12435,1,0.51,1,0.5
dpctgan,Groundhog,12435,0,0.44,0,0.5
dpctgan,Groundhog,12435,1,0.49,0,0.5
dpctgan,Groundhog,12435,0,0.51,1,0.5
dpctgan,Groundhog,12435,1,0.51,1,0.5
dpctgan,Groundhog,12435,0,0.45,0,0.5
dpctgan,Groundhog,12435,1,0.44,0,0.5
dpctgan,Groundhog,12435,0,0.52,1,0.5
dpctgan,Groundhog,12435,1,0.57,1,0.5
dpctgan,Groundhog,12435,0,0.54,1,0.5
dpctgan,Groundhog,12435,1,0.44,0,0.5
dpctgan,Groundhog,12435,0,0.48,0,0.5
dpctgan,Groundhog,12435,1,0.49,0,0.5
dpctgan,Groundhog,12435,0,0.5,0,0.5
dpctgan,Groundhog,12435,1,0.51,1,0.5
dpctgan,Groundhog,12435,0,0.61,1,0.5
dpctgan,Groundhog,12435,1,0.44,0,0.5
dpctgan,Groundhog,12435,0,0.47,0,0.5
dpctgan,Groundhog,12435,1,0.4,0,0.5
dpctgan,Groundhog,12435,0,0.38,0,0.5
dpctgan,Groundhog,12435,1,0.52,1,0.5
dpctgan,Groundhog,12435,0,0.55,1,0.5
dpctgan,Groundhog,12435,1,0.49,0,0.5
dpctgan,Groundhog,12435,0,0.58,1,0.5
dpctgan,Groundhog,12435,1,0.56,1,0.5
dpctgan,Groundhog,12435,0,0.55,1,0.5
dpctgan,Groundhog,12435,1,0.49,0,0.5
dpctgan,Groundhog,12435,0,0.52,1,0.5
dpctgan,Groundhog,12435,1,0.56,1,0.5
dpctgan,Groundhog,12435,0,0.48,0,0.5
dpctgan,Groundhog,12435,1,0.47,0,0.5
dpctgan,Groundhog,12435,0,0.37,0,0.5
dpctgan,Groundhog,12435,1,0.54,1,0.5
dpctgan,Groundhog,12435,0,0.52,1,0.5
dpctgan,Groundhog,12435,1,0.43,0,0.5
dpctgan,Groundhog,12435,0,0.54,1,0.5
dpctgan,Groundhog,12435,1,0.42,0,0.5
dpctgan,Groundhog,12435,0,0.45,0,0.5
dpctgan,Groundhog,12435,1,0.56,1,0.5
dpctgan,Groundhog,12435,0,0.48,0,0.5
dpctgan,Groundhog,12435,1,0.48,0,0.5
dpctgan,Groundhog,12435,0,0.44,0,0.5
dpctgan,Groundhog,12435,1,0.46,0,0.5
dpctgan,Groundhog,12435,0,0.37,0,0.5
dpctgan,Groundhog,12435,1,0.49,0,0.5
dpctgan,Groundhog,12435,0,0.55,1,0.5
dpctgan,Groundhog,12435,1,0.55,1,0.5
dpctgan,Groundhog,12435,0,0.6,1,0.5
dpctgan,Groundhog,12435,1,0.47,0,0.5
dpctgan,Groundhog,12435,0,0.45,0,0.5
dpctgan,Groundhog,12435,1,0.6,1,0.5
dpctgan,Groundhog,12435,0,0.51,1,0.5
dpctgan,Groundhog,12435,1,0.58,1,0.5
dpctgan,Groundhog,12435,0,0.48,0,0.5
dpctgan,Groundhog,12435,1,0.52,1,0.5
dpctgan,Groundhog,12435,0,0.49,0,0.5
dpctgan,Groundhog,12435,1,0.41,0,0.5
dpctgan,Groundhog,12435,0,0.54,1,0.5
dpctgan,Groundhog,12435,1,0.68,1,0.5
dpctgan,Groundhog,12435,0,0.43,0,0.5
dpctgan,Groundhog,12435,1,0.51,1,0.5
dpctgan,Groundhog,12435,0,0.6,1,0.5
dpctgan,Groundhog,12435,1,0.46,0,0.5
dpctgan,Groundhog,12435,0,0.45,0,0.5
dpctgan,Groundhog,12435,1,0.57,1,0.5
dpctgan,Groundhog,12435,0,0.49,0,0.5
dpctgan,Groundhog,12435,1,0.48,0,0.5
dpctgan,Groundhog,12435,0,0.44,0,0.5
dpctgan,Groundhog,12435,1,0.4,0,0.5
dpctgan,Groundhog,12435,0,0.54,1,0.5
dpctgan,Groundhog,12435,1,0.63,1,0.5
dpctgan,Groundhog,12435,0,0.48,0,0.5
dpctgan,Groundhog,12435,1,0.49,0,0.5
dpctgan,Groundhog,12435,0,0.42,0,0.5
dpctgan,Groundhog,12435,1,0.38,0,0.5
dpctgan,Groundhog,12435,0,0.42,0,0.5
dpctgan,Groundhog,12435,1,0.49,0,0.5
dpctgan,Groundhog,12435,0,0.51,1,0.5
dpctgan,Groundhog,12435,1,0.56,1,0.5
dpctgan,Groundhog,12435,0,0.57,1,0.5
dpctgan,Groundhog,12435,1,0.47,0,0.5
dpctgan,Groundhog,12435,0,0.59,1,0.5
dpctgan,Groundhog,12435,1,0.45,0,0.5
dpctgan,Groundhog,12435,0,0.56,1,0.5
dpctgan,Groundhog,12435,1,0.56,1,0.5
dpctgan,Groundhog,12435,0,0.5,0,0.5
dpctgan,Groundhog,12435,1,0.5,0,0.5
dpctgan,Groundhog,12435,0,0.59,1,0.5
dpctgan,Groundhog,12435,1,0.53,1,0.5
dpctgan,Groundhog,12435,0,0.5,0,0.5
dpctgan,Groundhog,12435,1,0.48,0,0.5
dpctgan,Groundhog,12435,0,0.56,1,0.5
dpctgan,Groundhog,12435,1,0.47,0,0.5
dpctgan,Groundhog,12435,0,0.38,0,0.5
dpctgan,Groundhog,12435,1,0.52,1,0.5
dpctgan,Groundhog,12435,0,0.49,0,0.5
dpctgan,Groundhog,12435,1,0.47,0,0.5
dpctgan,Groundhog,12435,0,0.54,1,0.5
dpctgan,Groundhog,12435,1,0.53,1,0.5
dpctgan,Groundhog,12435,0,0.48,0,0.5
dpctgan,Groundhog,12435,1,0.5,0,0.5
dpctgan,Groundhog,12435,0,0.49,0,0.5
dpctgan,Groundhog,12435,1,0.44,0,0.5
dpctgan,Groundhog,12435,0,0.47,0,0.5
dpctgan,Groundhog,12435,1,0.53,1,0.5
dpctgan,Groundhog,12435,0,0.51,1,0.5
dpctgan,Groundhog,12435,1,0.47,0,0.5
dpctgan,Groundhog,12435,0,0.52,1,0.5
dpctgan,Groundhog,12435,1,0.35,0,0.5
dpctgan,Groundhog,12435,0,0.49,0,0.5
dpctgan,Groundhog,12435,1,0.54,1,0.5
dpctgan,Groundhog,12435,0,0.55,1,0.5
dpctgan,Groundhog,12435,1,0.5,0,0.5
dpctgan,Groundhog,12435,0,0.48,0,0.5
dpctgan,Groundhog,12435,1,0.35,0,0.5
dpctgan,Groundhog,12435,0,0.57,1,0.5
dpctgan,Groundhog,12435,1,0.57,1,0.5
dpctgan,Groundhog,12435,0,0.51,1,0.5
dpctgan,Groundhog,12435,1,0.57,1,0.5
dpctgan,Groundhog,12435,0,0.62,1,0.5
dpctgan,Groundhog,12435,1,0.39,0,0.5
dpctgan,Groundhog,12435,0,0.54,1,0.5
dpctgan,Groundhog,12435,1,0.46,0,0.5
dpctgan,Groundhog,12435,0,0.46,0,0.5
dpctgan,Groundhog,12435,1,0.46,0,0.5
dpctgan,Groundhog,12435,0,0.55,1,0.5
dpctgan,Groundhog,12435,1,0.55,1,0.5
dpctgan,Groundhog,12435,0,0.55,1,0.5
dpctgan,Groundhog,12435,1,0.54,1,0.5
dpctgan,Groundhog,12435,0,0.46,0,0.5
dpctgan,Groundhog,12435,1,0.52,1,0.5
dpctgan,Groundhog,12435,0,0.47,0,0.5
dpctgan,Groundhog,12435,1,0.45,0,0.5
dpctgan,Groundhog,12435,0,0.44,0,0.5
dpctgan,Groundhog,12435,1,0.47,0,0.5
dpctgan,Groundhog,12435,0,0.54,1,0.5
dpctgan,Groundhog,12435,1,0.47,0,0.5
dpctgan,Groundhog,12435,0,0.54,1,0.5
dpctgan,Groundhog,12435,1,0.45,0,0.5
dpctgan,Groundhog,12435,0,0.58,1,0.5
dpctgan,Groundhog,12435,1,0.54,1,0.5
dpctgan,Groundhog,12435,0,0.56,1,0.5
dpctgan,Groundhog,12435,1,0.52,1,0.5
dpctgan,Groundhog,12435,0,0.51,1,0.5
dpctgan,Groundhog,12435,1,0.49,0,0.5
dpctgan,Groundhog,12435,0,0.5,0,0.5
dpctgan,Groundhog,12435,1,0.44,0,0.5
dpctgan,Groundhog,12435,0,0.42,0,0.5
dpctgan,Groundhog,12435,1,0.6,1,0.5
dpctgan,Groundhog,12435,0,0.5,0,0.5
dpctgan,Groundhog,12435,1,0.54,1,0.5
dpctgan,Groundhog,12435,0,0.47,0,0.5
dpctgan,Groundhog,12435,1,0.52,1,0.5
dpctgan,Groundhog,12435,0,0.46,0,0.5
dpctgan,Groundhog,12435,1,0.51,1,0.5
dpctgan,Groundhog,12435,0,0.48,0,0.5
dpctgan,Groundhog,12435,1,0.55,1,0.5
dpctgan,Groundhog,12435,0,0.48,0,0.5
dpctgan,Groundhog,12435,1,0.4,0,0.5
dpctgan,Groundhog,12435,0,0.59,1,0.5
dpctgan,Groundhog,12435,1,0.43,0,0.5
dpctgan,Groundhog,12435,0,0.52,1,0.5
dpctgan,Groundhog,12435,1,0.48,0,0.5
dpctgan,Groundhog,12435,0,0.44,0,0.5
dpctgan,Groundhog,12435,1,0.35,0,0.5
dpctgan,Groundhog,12435,0,0.44,0,0.5
dpctgan,Groundhog,12435,1,0.56,1,0.5
dpctgan,Groundhog,12435,0,0.57,1,0.5
dpctgan,Groundhog,12435,1,0.44,0,0.5
dpctgan,Groundhog,12435,0,0.63,1,0.5
dpctgan,Groundhog,12435,1,0.49,0,0.5
dpctgan,Groundhog,12435,0,0.48,0,0.5
dpctgan,Groundhog,12435,1,0.58,1,0.5
dpctgan,Groundhog,12435,0,0.57,1,0.5
dpctgan,Groundhog,12435,1,0.44,0,0.5
dpctgan,Groundhog,12435,0,0.55,1,0.5
dpctgan,Groundhog,12435,1,0.46,0,0.5
dpctgan,Groundhog,12435,0,0.38,0,0.5
dpctgan,Groundhog,12435,1,0.53,1,0.5
dpctgan,Groundhog,12435,0,0.52,1,0.5
dpctgan,Groundhog,12435,1,0.41,0,0.5
dpctgan,Groundhog,12435,0,0.47,0,0.5
dpctgan,Groundhog,12435,1,0.46,0,0.5
dpctgan,Groundhog,12435,0,0.44,0,0.5
dpctgan,Groundhog,12435,1,0.59,1,0.5
dpctgan,Groundhog,12435,0,0.52,1,0.5
dpctgan,Groundhog,12435,1,0.53,1,0.5
dpctgan,Groundhog,12435,0,0.35,0,0.5
dpctgan,Groundhog,12435,1,0.47,0,0.5
dpctgan,Groundhog,12435,0,0.49,0,0.5
dpctgan,Groundhog,12435,1,0.51,1,0.5
dpctgan,Groundhog,12435,0,0.43,0,0.5
dpctgan,Groundhog,12435,1,0.55,1,0.5
dpctgan,Groundhog,12435,0,0.47,0,0.5
dpctgan,Groundhog,12435,1,0.5,0,0.5
dpctgan,Groundhog,12435,0,0.47,0,0.5
dpctgan,Groundhog,12435,1,0.46,0,0.5
dpctgan,Groundhog,12435,0,0.46,0,0.5
dpctgan,Groundhog,12435,1,0.55,1,0.5
dpctgan,Groundhog,12435,0,0.49,0,0.5
dpctgan,Groundhog,12435,1,0.54,1,0.5
dpctgan,Groundhog,12435,0,0.43,0,0.5
dpctgan,Groundhog,12435,1,0.57,1,0.5
dpctgan,Groundhog,12435,0,0.49,0,0.5
dpctgan,Groundhog,12435,1,0.48,0,0.5
dpctgan,Groundhog,12435,0,0.44,0,0.5
dpctgan,Groundhog,12435,1,0.45,0,0.5
dpctgan,Groundhog,12435,0,0.42,0,0.5
dpctgan,Groundhog,12435,1,0.46,0,0.5
dpctgan,Groundhog,12435,0,0.37,0,0.5
dpctgan,Groundhog,12435,1,0.48,0,0.5
dpctgan,Groundhog,12435,0,0.54,1,0.5
dpctgan,Groundhog,12435,1,0.5,0,0.5
dpctgan,Groundhog,12435,0,0.49,0,0.5
dpctgan,Groundhog,12435,1,0.58,1,0.5
dpctgan,Groundhog,12435,0,0.54,1,0.5
dpctgan,Groundhog,12435,1,0.45,0,0.5
dpctgan,Groundhog,12435,0,0.47,0,0.5
dpctgan,Groundhog,12435,1,0.46,0,0.5
dpctgan,Groundhog,12435,0,0.58,1,0.5
dpctgan,Groundhog,12435,1,0.55,1,0.5
dpctgan,Groundhog,12435,0,0.48,0,0.5
dpctgan,Groundhog,12435,1,0.4,0,0.5
dpctgan,Groundhog,12435,0,0.42,0,0.5
dpctgan,Groundhog,12435,1,0.51,1,0.5
dpctgan,Groundhog,12435,0,0.55,1,0.5
dpctgan,Groundhog,12435,1,0.64,1,0.5
dpctgan,Groundhog,12435,0,0.48,0,0.5
dpctgan,Groundhog,12435,1,0.54,1,0.5
dpctgan,Groundhog,12435,0,0.41,0,0.5
dpctgan,Groundhog,12435,1,0.41,0,0.5
dpctgan,Groundhog,12435,0,0.59,1,0.5
dpctgan,Groundhog,12435,1,0.52,1,0.5
dpctgan,Groundhog,12435,0,0.45,0,0.5
dpctgan,Groundhog,12435,1,0.52,1,0.5
dpctgan,Groundhog,12435,0,0.49,0,0.5
dpctgan,Groundhog,12435,1,0.49,0,0.5
dpctgan,Groundhog,12435,0,0.5,0,0.5
dpctgan,Groundhog,12435,1,0.59,1,0.5
dpctgan,Groundhog,12435,0,0.4,0,0.5
dpctgan,Groundhog,12435,1,0.57,1,0.5
dpctgan,Groundhog,12435,0,0.51,1,0.5
dpctgan,Groundhog,12435,1,0.58,1,0.5
dpctgan,Groundhog,12435,0,0.53,1,0.5
dpctgan,Groundhog,12435,1,0.55,1,0.5
dpctgan,Groundhog,12435,0,0.33,0,0.5
dpctgan,Groundhog,12435,1,0.39,0,0.5
dpctgan,Groundhog,12435,0,0.5,0,0.5
dpctgan,Groundhog,12435,1,0.62,1,0.5
dpctgan,Groundhog,12435,0,0.49,0,0.5
dpctgan,Groundhog,12435,1,0.63,1,0.5
dpctgan,Groundhog,12435,0,0.59,1,0.5
dpctgan,Groundhog,12435,1,0.49,0,0.5
dpctgan,Groundhog,12435,0,0.47,0,0.5
dpctgan,Groundhog,12435,1,0.58,1,0.5
dpctgan,Groundhog,12435,0,0.51,1,0.5
dpctgan,Groundhog,12435,1,0.6,1,0.5
dpctgan,Groundhog,12435,0,0.58,1,0.5
dpctgan,Groundhog,12435,1,0.52,1,0.5
dpctgan,Groundhog,12435,0,0.48,0,0.5
dpctgan,Groundhog,12435,1,0.55,1,0.5
dpctgan,Groundhog,12435,0,0.49,0,0.5
dpctgan,Groundhog,12435,1,0.47,0,0.5
dpctgan,Groundhog,12435,0,0.47,0,0.5
dpctgan,Groundhog,12435,1,0.63,1,0.5
dpctgan,Groundhog,12435,0,0.45,0,0.5
dpctgan,Groundhog,12435,1,0.55,1,0.5
dpctgan,Groundhog,12435,0,0.48,0,0.5
dpctgan,Groundhog,12435,1,0.5,0,0.5
dpctgan,Groundhog,12435,0,0.6,1,0.5
dpctgan,Groundhog,12435,1,0.7,1,0.5
dpctgan,Groundhog,12435,0,0.55,1,0.5
dpctgan,Groundhog,12435,1,0.47,0,0.5
dpctgan,Groundhog,12435,0,0.46,0,0.5
dpctgan,Groundhog,12435,1,0.58,1,0.5
dpctgan,Groundhog,12435,0,0.44,0,0.5
dpctgan,Groundhog,12435,1,0.47,0,0.5
dpctgan,Groundhog,12435,0,0.48,0,0.5
dpctgan,Groundhog,12435,1,0.52,1,0.5
dpctgan,Groundhog,12435,0,0.59,1,0.5
dpctgan,Groundhog,12435,1,0.56,1,0.5
dpctgan,Groundhog,12435,0,0.45,0,0.5
dpctgan,Groundhog,12435,1,0.5,0,0.5
dpctgan,Groundhog,12435,0,0.57,1,0.5
dpctgan,Groundhog,12435,1,0.48,0,0.5
dpctgan,Groundhog,12435,0,0.44,0,0.5
dpctgan,Groundhog,12435,1,0.54,1,0.5
dpctgan,Groundhog,12435,0,0.62,1,0.5
dpctgan,Groundhog,12435,1,0.48,0,0.5
dpctgan,Groundhog,12435,0,0.53,1,0.5
dpctgan,Groundhog,12435,1,0.44,0,0.5
dpctgan,Groundhog,12435,0,0.38,0,0.5
dpctgan,Groundhog,12435,1,0.53,1,0.5
dpctgan,Groundhog,12435,0,0.53,1,0.5
dpctgan,Groundhog,12435,1,0.54,1,0.5
dpctgan,Groundhog,12435,0,0.42,0,0.5
dpctgan,Groundhog,12435,1,0.58,1,0.5
dpctgan,Groundhog,12435,0,0.52,1,0.5
dpctgan,Groundhog,12435,1,0.43,0,0.5
dpctgan,Groundhog,12435,0,0.51,1,0.5
dpctgan,Groundhog,12435,1,0.45,0,0.5
dpctgan,Groundhog,12435,0,0.5,0,0.5
dpctgan,Groundhog,12435,1,0.54,1,0.5
dpctgan,Groundhog,12435,0,0.52,1,0.5
dpctgan,Groundhog,12435,1,0.44,0,0.5
dpctgan,Groundhog,12435,0,0.47,0,0.5
dpctgan,Groundhog,12435,1,0.59,1,0.5
dpctgan,Groundhog,12435,0,0.46,0,0.5
dpctgan,Groundhog,12435,1,0.51,1,0.5
dpctgan,Groundhog,12435,0,0.39,0,0.5
dpctgan,Groundhog,12435,1,0.37,0,0.5
dpctgan,Groundhog,12435,0,0.52,1,0.5
dpctgan,Groundhog,12435,1,0.39,0,0.5
dpctgan,Groundhog,12435,0,0.49,0,0.5
dpctgan,Groundhog,12435,1,0.32,0,0.5
dpctgan,Groundhog,12435,0,0.63,1,0.5
dpctgan,Groundhog,12435,1,0.51,1,0.5
dpctgan,Groundhog,12435,0,0.47,0,0.5
dpctgan,Groundhog,12435,1,0.56,1,0.5
dpctgan,Groundhog,12435,0,0.51,1,0.5
dpctgan,Groundhog,12435,1,0.55,1,0.5
dpctgan,Groundhog,12435,0,0.56,1,0.5
dpctgan,Groundhog,12435,1,0.54,1,0.5
dpctgan,Groundhog,12435,0,0.47,0,0.5
dpctgan,Groundhog,12435,1,0.44,0,0.5
dpctgan,Groundhog,12435,0,0.51,1,0.5
dpctgan,Groundhog,12435,1,0.42,0,0.5
dpctgan,Groundhog,12435,0,0.45,0,0.5
dpctgan,Groundhog,12435,1,0.48,0,0.5
dpctgan,Groundhog,12435,0,0.38,0,0.5
dpctgan,Groundhog,12435,1,0.56,1,0.5
dpctgan,Groundhog,12435,0,0.55,1,0.5
dpctgan,Groundhog,12435,1,0.51,1,0.5
dpctgan,Groundhog,12435,0,0.49,0,0.5
dpctgan,Groundhog,12435,1,0.6,1,0.5
dpctgan,Groundhog,12435,0,0.5,0,0.5
dpctgan,Groundhog,12435,1,0.51,1,0.5
dpctgan,Groundhog,12435,0,0.47,0,0.5
dpctgan,Groundhog,12435,1,0.42,0,0.5
dpctgan,Groundhog,12435,0,0.49,0,0.5
dpctgan,Groundhog,12435,1,0.43,0,0.5
dpctgan,Groundhog,12435,0,0.45,0,0.5
dpctgan,Groundhog,12435,1,0.54,1,0.5
dpctgan,Groundhog,12435,0,0.52,1,0.5
dpctgan,Groundhog,12435,1,0.54,1,0.5
dpctgan,Groundhog,12435,0,0.53,1,0.5
dpctgan,Groundhog,12435,1,0.45,0,0.5
dpctgan,Groundhog,12435,0,0.52,1,0.5
dpctgan,Groundhog,12435,1,0.56,1,0.5
dpctgan,Groundhog,12435,0,0.46,0,0.5
dpctgan,Groundhog,12435,1,0.45,0,0.5
dpctgan,Groundhog,12435,0,0.47,0,0.5
dpctgan,Groundhog,12435,1,0.66,1,0.5
dpctgan,Groundhog,12435,0,0.46,0,0.5
dpctgan,Groundhog,12435,1,0.6,1,0.5
dpctgan,Groundhog,12435,0,0.59,1,0.5
dpctgan,Groundhog,12435,1,0.62,1,0.5
dpctgan,Groundhog,12435,0,0.6,1,0.5
dpctgan,Groundhog,12435,1,0.51,1,0.5
dpctgan,Groundhog,12435,0,0.51,1,0.5
dpctgan,Groundhog,12435,1,0.4,0,0.5
dpctgan,Groundhog,12435,0,0.44,0,0.5
dpctgan,Groundhog,12435,1,0.6,1,0.5
dpctgan,Groundhog,12435,0,0.55,1,0.5
dpctgan,Groundhog,12435,1,0.53,1,0.5
dpctgan,Groundhog,12435,0,0.53,1,0.5
dpctgan,Groundhog,12435,1,0.44,0,0.5
dpctgan,Groundhog,12435,0,0.56,1,0.5
dpctgan,Groundhog,12435,1,0.59,1,0.5
dpctgan,Groundhog,12435,0,0.35,0,0.5
dpctgan,Groundhog,12435,1,0.43,0,0.5
dpctgan,Groundhog,12435,0,0.5,0,0.5
dpctgan,Groundhog,12435,1,0.51,1,0.5
dpctgan,Groundhog,12435,0,0.54,1,0.5
dpctgan,Groundhog,12435,1,0.53,1,0.5
dpctgan,Groundhog,12435,0,0.46,0,0.5
dpctgan,Groundhog,12435,1,0.53,1,0.5
dpctgan,Groundhog,12435,0,0.49,0,0.5
dpctgan,Groundhog,12435,1,0.5,0,0.5
dpctgan,Groundhog,12435,0,0.46,0,0.5
dpctgan,Groundhog,12435,1,0.44,0,0.5
dpctgan,Groundhog,12435,0,0.52,1,0.5
dpctgan,Groundhog,12435,1,0.42,0,0.5
dpctgan,Groundhog,12435,0,0.61,1,0.5
dpctgan,Groundhog,12435,1,0.42,0,0.5
dpctgan,Groundhog,12435,0,0.54,1,0.5
dpctgan,Groundhog,12435,1,0.51,1,0.5
dpctgan,Groundhog,12435,0,0.58,1,0.5
dpctgan,Groundhog,12435,1,0.46,0,0.5
dpctgan,Groundhog,12435,0,0.46,0,0.5
dpctgan,Groundhog,12435,1,0.55,1,0.5
dpctgan,Groundhog,12435,0,0.56,1,0.5
dpctgan,Groundhog,12435,1,0.52,1,0.5
dpctgan,Groundhog,12435,0,0.54,1,0.5
dpctgan,Groundhog,12435,1,0.53,1,0.5
dpctgan,Groundhog,12435,0,0.47,0,0.5
dpctgan,Groundhog,12435,1,0.49,0,0.5
dpctgan,Groundhog,12435,0,0.61,1,0.5
dpctgan,Groundhog,12435,1,0.53,1,0.5
dpctgan,Groundhog,12435,0,0.53,1,0.5
dpctgan,Groundhog,12435,1,0.55,1,0.5
dpctgan,Groundhog,12435,0,0.5,0,0.5
dpctgan,Groundhog,12435,1,0.42,0,0.5
dpctgan,Groundhog,12435,0,0.51,1,0.5
dpctgan,Groundhog,12435,1,0.57,1,0.5
dpctgan,Groundhog,12435,0,0.58,1,0.5
dpctgan,Groundhog,12435,1,0.5,0,0.5
dpctgan,Groundhog,12435,0,0.53,1,0.5
dpctgan,Groundhog,12435,1,0.48,0,0.5
dpctgan,Groundhog,12435,0,0.5,0,0.5
dpctgan,Groundhog,12435,1,0.57,1,0.5
dpctgan,Groundhog,12435,0,0.53,1,0.5
dpctgan,Groundhog,12435,1,0.52,1,0.5
dpctgan,Groundhog,12435,0,0.37,0,0.5
dpctgan,Groundhog,12435,1,0.51,1,0.5
dpctgan,Groundhog,12435,0,0.47,0,0.5
dpctgan,Groundhog,12435,1,0.52,1,0.5
dpctgan,Groundhog,12435,0,0.42,0,0.5
dpctgan,Groundhog,12435,1,0.43,0,0.5
dpctgan,Groundhog,12435,0,0.43,0,0.5
dpctgan,Groundhog,12435,1,0.41,0,0.5
dpctgan,Groundhog,12435,0,0.53,1,0.5
dpctgan,Groundhog,12435,1,0.48,0,0.5
dpctgan,Groundhog,12435,0,0.51,1,0.5
dpctgan,Groundhog,12435,1,0.43,0,0.5
dpctgan,Groundhog,12435,0,0.35,0,0.5
dpctgan,Groundhog,12435,1,0.63,1,0.5
dpctgan,Groundhog,12435,0,0.67,1,0.5
dpctgan,Groundhog,12435,1,0.55,1,0.5
dpctgan,Groundhog,12435,0,0.43,0,0.5
dpctgan,Groundhog,12435,1,0.48,0,0.5
dpctgan,Groundhog,12435,0,0.49,0,0.5
dpctgan,Groundhog,12435,1,0.59,1,0.5
dpctgan,Groundhog,12435,0,0.48,0,0.5
dpctgan,Groundhog,12435,1,0.62,1,0.5
dpctgan,Groundhog,12435,0,0.5,0,0.5
dpctgan,Groundhog,12435,1,0.43,0,0.5
dpctgan,Groundhog,12435,0,0.53,1,0.5
dpctgan,Groundhog,12435,1,0.42,0,0.5
dpctgan,Groundhog,12435,0,0.36,0,0.5
dpctgan,Groundhog,12435,1,0.54,1,0.5
dpctgan,Groundhog,12435,0,0.46,0,0.5
dpctgan,Groundhog,12435,1,0.4,0,0.5
dpctgan,Groundhog,12435,0,0.39,0,0.5
dpctgan,Groundhog,12435,1,0.51,1,0.5
dpctgan,Groundhog,12435,0,0.54,1,0.5
dpctgan,Groundhog,12435,1,0.53,1,0.5
dpctgan,Groundhog,12435,0,0.48,0,0.5
dpctgan,Groundhog,12435,1,0.39,0,0.5
dpctgan,Groundhog,12435,0,0.35,0,0.5
dpctgan,Groundhog,12435,1,0.45,0,0.5
dpctgan,Groundhog,12435,0,0.5,0,0.5
dpctgan,Groundhog,12435,1,0.47,0,0.5
dpctgan,Groundhog,12435,0,0.56,1,0.5
dpctgan,Groundhog,12435,1,0.55,1,0.5
dpctgan,Groundhog,12435,0,0.48,0,0.5
dpctgan,Groundhog,12435,1,0.61,1,0.5
dpctgan,Groundhog,12435,0,0.47,0,0.5
dpctgan,Groundhog,12435,1,0.62,1,0.5
dpctgan,Groundhog,12435,0,0.48,0,0.5
dpctgan,Groundhog,12435,1,0.51,1,0.5
dpctgan,Groundhog,12435,0,0.54,1,0.5
dpctgan,Groundhog,12435,1,0.61,1,0.5
dpctgan,Groundhog,12435,0,0.5,0,0.5
dpctgan,Groundhog,12435,1,0.64,1,0.5
dpctgan,Groundhog,12435,0,0.51,1,0.5
dpctgan,Groundhog,12435,1,0.55,1,0.5
dpctgan,Groundhog,12435,0,0.48,0,0.5
dpctgan,Groundhog,12435,1,0.56,1,0.5
dpctgan,Groundhog,12435,0,0.59,1,0.5
dpctgan,Groundhog,12435,1,0.52,1,0.5
dpctgan,Groundhog,12435,0,0.56,1,0.5
dpctgan,Groundhog,12435,1,0.43,0,0.5
dpctgan,Groundhog,12435,0,0.58,1,0.5
dpctgan,Groundhog,12435,1,0.43,0,0.5
dpctgan,Groundhog,12435,0,0.49,0,0.5
dpctgan,Groundhog,12435,1,0.54,1,0.5
dpctgan,Groundhog,12435,0,0.54,1,0.5
dpctgan,Groundhog,12435,1,0.64,1,0.5
dpctgan,Groundhog,12435,0,0.49,0,0.5
dpctgan,Groundhog,12435,1,0.55,1,0.5
dpctgan,Groundhog,12435,0,0.46,0,0.5
dpctgan,Groundhog,12435,1,0.56,1,0.5
dpctgan,Groundhog,12435,0,0.46,0,0.5
dpctgan,Groundhog,12435,1,0.48,0,0.5
dpctgan,Groundhog,12435,0,0.49,0,0.5
dpctgan,Groundhog,12435,1,0.37,0,0.5
dpctgan,Groundhog,12435,0,0.53,1,0.5
dpctgan,Groundhog,12435,1,0.6,1,0.5
dpctgan,Groundhog,12435,0,0.54,1,0.5
dpctgan,Groundhog,12435,1,0.62,1,0.5
dpctgan,Groundhog,12435,0,0.56,1,0.5
dpctgan,Groundhog,12435,1,0.47,0,0.5
dpctgan,Groundhog,12435,0,0.56,1,0.5
dpctgan,Groundhog,12435,1,0.47,0,0.5
dpctgan,Groundhog,12435,0,0.37,0,0.5
dpctgan,Groundhog,12435,1,0.49,0,0.5
dpctgan,Groundhog,12435,0,0.51,1,0.5
dpctgan,Groundhog,12435,1,0.56,1,0.5
dpctgan,Groundhog,12435,0,0.5,0,0.5
dpctgan,Groundhog,12435,1,0.41,0,0.5
dpctgan,Groundhog,12435,0,0.45,0,0.5
dpctgan,Groundhog,12435,1,0.42,0,0.5
dpctgan,Groundhog,12435,0,0.55,1,0.5
dpctgan,Groundhog,12435,1,0.54,1,0.5
dpctgan,Groundhog,12435,0,0.54,1,0.5
dpctgan,Groundhog,12435,1,0.53,1,0.5
dpctgan,Groundhog,12435,0,0.54,1,0.5
dpctgan,Groundhog,12435,1,0.5,0,0.5
dpctgan,Groundhog,12435,0,0.45,0,0.5
dpctgan,Groundhog,12435,1,0.55,1,0.5
dpctgan,Groundhog,12435,0,0.45,0,0.5
dpctgan,Groundhog,12435,1,0.54,1,0.5
dpctgan,Groundhog,12435,0,0.52,1,0.5
dpctgan,Groundhog,12435,1,0.53,1,0.5
dpctgan,Groundhog,12435,0,0.47,0,0.5
dpctgan,Groundhog,12435,1,0.6,1,0.5
dpctgan,Groundhog,12435,0,0.5,0,0.5
dpctgan,Groundhog,12435,1,0.37,0,0.5
dpctgan,Groundhog,12435,0,0.57,1,0.5
dpctgan,Groundhog,12435,1,0.5,0,0.5
dpctgan,Groundhog,12435,0,0.51,1,0.5
dpctgan,Groundhog,12435,1,0.46,0,0.5
dpctgan,Groundhog,12435,0,0.46,0,0.5
dpctgan,Groundhog,12435,1,0.46,0,0.5
dpctgan,Groundhog,12435,0,0.54,1,0.5
dpctgan,Groundhog,12435,1,0.44,0,0.5
dpctgan,Groundhog,12435,0,0.53,1,0.5
dpctgan,Groundhog,12435,1,0.5,0,0.5
dpctgan,Groundhog,12435,0,0.52,1,0.5
dpctgan,Groundhog,12435,1,0.45,0,0.5
dpctgan,Groundhog,12435,0,0.47,0,0.5
dpctgan,Groundhog,12435,1,0.49,0,0.5
dpctgan,Groundhog,12435,0,0.52,1,0.5
dpctgan,Groundhog,12435,1,0.53,1,0.5
dpctgan,Groundhog,12435,0,0.53,1,0.5
dpctgan,Groundhog,12435,1,0.42,0,0.5
dpctgan,Groundhog,12435,0,0.4,0,0.5
dpctgan,Groundhog,12435,1,0.56,1,0.5
dpctgan,Groundhog,12435,0,0.45,0,0.5
dpctgan,Groundhog,12435,1,0.48,0,0.5
dpctgan,Groundhog,12435,0,0.58,1,0.5
dpctgan,Groundhog,12435,1,0.46,0,0.5
dpctgan,Groundhog,12435,0,0.56,1,0.5
dpctgan,Groundhog,12435,1,0.51,1,0.5
dpctgan,Groundhog,12435,0,0.42,0,0.5
dpctgan,Groundhog,12435,1,0.49,0,0.5
dpctgan,Groundhog,12435,0,0.42,0,0.5
dpctgan,Groundhog,12435,1,0.53,1,0.5
dpctgan,Groundhog,12435,0,0.49,0,0.5
dpctgan,Groundhog,12435,1,0.47,0,0.5
dpctgan,Groundhog,12435,0,0.41,0,0.5
dpctgan,Groundhog,12435,1,0.51,1,0.5
dpctgan,Groundhog,12435,0,0.48,0,0.5
dpctgan,Groundhog,12435,1,0.56,1,0.5
dpctgan,Groundhog,12435,0,0.54,1,0.5
dpctgan,Groundhog,12435,1,0.55,1,0.5
dpctgan,Groundhog,12435,0,0.36,0,0.5
dpctgan,Groundhog,12435,1,0.48,0,0.5
dpctgan,Groundhog,12435,0,0.54,1,0.5
dpctgan,Groundhog,12435,1,0.54,1,0.5
dpctgan,Groundhog,12435,0,0.49,0,0.5
dpctgan,Groundhog,12435,1,0.52,1,0.5
dpctgan,Groundhog,12435,0,0.5,0,0.5
dpctgan,Groundhog,12435,1,0.5,0,0.5
dpctgan,Groundhog,12435,0,0.45,0,0.5
dpctgan,Groundhog,12435,1,0.51,1,0.5
dpctgan,Groundhog,12435,0,0.44,0,0.5
dpctgan,Groundhog,12435,1,0.47,0,0.5
dpctgan,Groundhog,12435,0,0.53,1,0.5
dpctgan,Groundhog,12435,1,0.52,1,0.5
dpctgan,Groundhog,12435,0,0.49,0,0.5
dpctgan,Groundhog,12435,1,0.6,1,0.5
dpctgan,Groundhog,12435,0,0.62,1,0.5
dpctgan,Groundhog,12435,1,0.5,0,0.5
dpctgan,Groundhog,12435,0,0.44,0,0.5
dpctgan,Groundhog,12435,1,0.48,0,0.5
dpctgan,Groundhog,12435,0,0.44,0,0.5
dpctgan,Groundhog,12435,1,0.5,0,0.5
dpctgan,Groundhog,12435,0,0.55,1,0.5
dpctgan,Groundhog,12435,1,0.51,1,0.5
dpctgan,Groundhog,12435,0,0.52,1,0.5
dpctgan,Groundhog,12435,1,0.45,0,0.5
dpctgan,Groundhog,12435,0,0.5,0,0.5
dpctgan,Groundhog,12435,1,0.49,0,0.5
dpctgan,Groundhog,12435,0,0.55,1,0.5
dpctgan,Groundhog,12435,1,0.43,0,0.5
dpctgan,Groundhog,12435,0,0.57,1,0.5
dpctgan,Groundhog,12435,1,0.5,0,0.5
dpctgan,Groundhog,12435,0,0.5,0,0.5
dpctgan,Groundhog,12435,1,0.58,1,0.5
dpctgan,Groundhog,12435,0,0.57,1,0.5
dpctgan,Groundhog,12435,1,0.45,0,0.5
dpctgan,Groundhog,12435,0,0.57,1,0.5
dpctgan,Groundhog,12435,1,0.56,1,0.5
dpctgan,Groundhog,12435,0,0.44,0,0.5
dpctgan,Groundhog,12435,1,0.59,1,0.5
dpctgan,Groundhog,12435,0,0.48,0,0.5
dpctgan,Groundhog,12435,1,0.62,1,0.5
dpctgan,Groundhog,12435,0,0.49,0,0.5
dpctgan,Groundhog,12435,1,0.52,1,0.5
dpctgan,Groundhog,12435,0,0.46,0,0.5
dpctgan,Groundhog,12435,1,0.46,0,0.5
dpctgan,Groundhog,12435,0,0.46,0,0.5
dpctgan,Groundhog,12435,1,0.5,0,0.5
dpctgan,Groundhog,12435,0,0.5,0,0.5
dpctgan,Groundhog,12435,1,0.49,0,0.5
dpctgan,Groundhog,12435,0,0.54,1,0.5
dpctgan,Groundhog,12435,1,0.43,0,0.5
dpctgan,Groundhog,12435,0,0.44,0,0.5
dpctgan,Groundhog,12435,1,0.38,0,0.5
dpctgan,Groundhog,12435,0,0.56,1,0.5
dpctgan,Groundhog,12435,1,0.4,0,0.5
dpctgan,Groundhog,12435,0,0.38,0,0.5
dpctgan,Groundhog,12435,1,0.48,0,0.5
dpctgan,Groundhog,12435,0,0.48,0,0.5
dpctgan,Groundhog,12435,1,0.61,1,0.5
dpctgan,Groundhog,12435,0,0.48,0,0.5
dpctgan,Groundhog,12435,1,0.4,0,0.5
dpctgan,Groundhog,12435,0,0.46,0,0.5
dpctgan,Groundhog,12435,1,0.53,1,0.5
dpctgan,Groundhog,12435,0,0.54,1,0.5
dpctgan,Groundhog,12435,1,0.6,1,0.5
dpctgan,Groundhog,12435,0,0.56,1,0.5
dpctgan,Groundhog,12435,1,0.46,0,0.5
dpctgan,Groundhog,12435,0,0.41,0,0.5
dpctgan,Groundhog,12435,1,0.49,0,0.5
dpctgan,Groundhog,12435,0,0.53,1,0.5
dpctgan,Groundhog,12435,1,0.44,0,0.5
dpctgan,Groundhog,12435,0,0.41,0,0.5
dpctgan,Groundhog,12435,1,0.52,1,0.5
dpctgan,Groundhog,12435,0,0.33,0,0.5
dpctgan,Groundhog,12435,1,0.45,0,0.5
dpctgan,Groundhog,12435,0,0.42,0,0.5
dpctgan,Groundhog,12435,1,0.62,1,0.5
dpctgan,Groundhog,12435,0,0.57,1,0.5
dpctgan,Groundhog,12435,1,0.49,0,0.5
dpctgan,Groundhog,12435,0,0.52,1,0.5
dpctgan,Groundhog,12435,1,0.51,1,0.5
dpctgan,Groundhog,12435,0,0.55,1,0.5
dpctgan,Groundhog,12435,1,0.42,0,0.5
dpctgan,Groundhog,12435,0,0.44,0,0.5
dpctgan,Groundhog,12435,1,0.61,1,0.5
dpctgan,Groundhog,12435,0,0.49,0,0.5
dpctgan,Groundhog,12435,1,0.49,0,0.5
dpctgan,Groundhog,12435,0,0.38,0,0.5
dpctgan,Groundhog,12435,1,0.46,0,0.5
dpctgan,Groundhog,12435,0,0.5,0,0.5
dpctgan,Groundhog,12435,1,0.48,0,0.5
dpctgan,Groundhog,12435,0,0.54,1,0.5
dpctgan,Groundhog,12435,1,0.48,0,0.5
dpctgan,Groundhog,12435,0,0.47,0,0.5
dpctgan,Groundhog,12435,1,0.44,0,0.5
dpctgan,Groundhog,12435,0,0.44,0,0.5
dpctgan,Groundhog,12435,1,0.53,1,0.5
dpctgan,Groundhog,12435,0,0.47,0,0.5
dpctgan,Groundhog,12435,1,0.57,1,0.5
dpctgan,Groundhog,12435,0,0.51,1,0.5
dpctgan,Groundhog,12435,1,0.51,1,0.5
dpctgan,Groundhog,12435,0,0.53,1,0.5
dpctgan,Groundhog,12435,1,0.47,0,0.5
dpctgan,Groundhog,12435,0,0.65,1,0.5
dpctgan,Groundhog,12435,1,0.45,0,0.5
dpctgan,Groundhog,12435,0,0.56,1,0.5
dpctgan,Groundhog,12435,1,0.57,1,0.5
dpctgan,Groundhog,12435,0,0.52,1,0.5
dpctgan,Groundhog,12435,1,0.56,1,0.5
dpctgan,Groundhog,12435,0,0.5,0,0.5
dpctgan,Groundhog,12435,1,0.57,1,0.5
dpctgan,Groundhog,12435,0,0.5,0,0.5
dpctgan,Groundhog,12435,1,0.6,1,0.5
dpctgan,Groundhog,12435,0,0.51,1,0.5
dpctgan,Groundhog,12435,1,0.5,0,0.5
dpctgan,Groundhog,12435,0,0.48,0,0.5
dpctgan,Groundhog,12435,1,0.44,0,0.5
dpctgan,Groundhog,12435,0,0.64,1,0.5
dpctgan,Groundhog,12435,1,0.44,0,0.5
dpctgan,Groundhog,12435,0,0.6,1,0.5
dpctgan,Groundhog,12435,1,0.53,1,0.5
dpctgan,Groundhog,12435,0,0.42,0,0.5
dpctgan,Groundhog,12435,1,0.58,1,0.5
dpctgan,Groundhog,12435,0,0.55,1,0.5
dpctgan,Groundhog,12435,1,0.39,0,0.5
dpctgan,Groundhog,12435,0,0.52,1,0.5
dpctgan,Groundhog,12435,1,0.49,0,0.5
dpctgan,Groundhog,12435,0,0.58,1,0.5
dpctgan,Groundhog,12435,1,0.49,0,0.5
dpctgan,Groundhog,12435,0,0.55,1,0.5
dpctgan,Groundhog,12435,1,0.44,0,0.5
dpctgan,Groundhog,12435,0,0.62,1,0.5
dpctgan,Groundhog,12435,1,0.48,0,0.5
dpctgan,Groundhog,12435,0,0.55,1,0.5
dpctgan,Groundhog,12435,1,0.43,0,0.5
dpctgan,Groundhog,12435,0,0.57,1,0.5
dpctgan,Groundhog,12435,1,0.55,1,0.5
dpctgan,Groundhog,12435,0,0.5,0,0.5
dpctgan,Groundhog,12435,1,0.54,1,0.5
dpctgan,Groundhog,12435,0,0.51,1,0.5
dpctgan,Groundhog,12435,1,0.47,0,0.5
dpctgan,Groundhog,12435,0,0.43,0,0.5
dpctgan,Groundhog,12435,1,0.55,1,0.5
dpctgan,Groundhog,12435,0,0.58,1,0.5
dpctgan,Groundhog,12435,1,0.44,0,0.5
dpctgan,Groundhog,12435,0,0.55,1,0.5
dpctgan,Groundhog,12435,1,0.51,1,0.5
dpctgan,Groundhog,12435,0,0.54,1,0.5
dpctgan,Groundhog,12435,1,0.45,0,0.5
dpctgan,Groundhog,12435,0,0.59,1,0.5
dpctgan,Groundhog,12435,1,0.58,1,0.5
dpctgan,Groundhog,12435,0,0.38,0,0.5
dpctgan,Groundhog,12435,1,0.44,0,0.5
dpctgan,Groundhog,12435,0,0.42,0,0.5
dpctgan,Groundhog,12435,1,0.53,1,0.5
dpctgan,Groundhog,12435,0,0.54,1,0.5
dpctgan,Groundhog,12435,1,0.47,0,0.5
dpctgan,Groundhog,12435,0,0.5,0,0.5
dpctgan,Groundhog,12435,1,0.47,0,0.5
dpctgan,Groundhog,12435,0,0.49,0,0.5
dpctgan,Groundhog,12435,1,0.47,0,0.5
dpctgan,Groundhog,12435,0,0.54,1,0.5
dpctgan,Groundhog,12435,1,0.49,0,0.5
dpctgan,Groundhog,12435,0,0.45,0,0.5
dpctgan,Groundhog,12435,1,0.41,0,0.5
dpctgan,Groundhog,12435,0,0.38,0,0.5
dpctgan,Groundhog,12435,1,0.46,0,0.5
dpctgan,Groundhog,12435,0,0.42,0,0.5
dpctgan,Groundhog,12435,1,0.52,1,0.5
dpctgan,Groundhog,12435,0,0.65,1,0.5
dpctgan,Groundhog,12435,1,0.56,1,0.5
dpctgan,Groundhog,12435,0,0.52,1,0.5
dpctgan,Groundhog,12435,1,0.48,0,0.5
dpctgan,Groundhog,12435,0,0.54,1,0.5
dpctgan,Groundhog,12435,1,0.58,1,0.5
dpctgan,Groundhog,12435,0,0.57,1,0.5
dpctgan,Groundhog,12435,1,0.57,1,0.5
dpctgan,Groundhog,12435,0,0.48,0,0.5
dpctgan,Groundhog,12435,1,0.4,0,0.5
dpctgan,Groundhog,12435,0,0.43,0,0.5
dpctgan,Groundhog,12435,1,0.5,0,0.5
dpctgan,Groundhog,12435,0,0.55,1,0.5
dpctgan,Groundhog,12435,1,0.39,0,0.5
dpctgan,Groundhog,12435,0,0.5,0,0.5
dpctgan,Groundhog,12435,1,0.56,1,0.5
dpctgan,Groundhog,12435,0,0.56,1,0.5
dpctgan,Groundhog,12435,1,0.5,0,0.5
dpctgan,Groundhog,12435,0,0.51,1,0.5
dpctgan,Groundhog,12435,1,0.45,0,0.5
dpctgan,Groundhog,12435,0,0.49,0,0.5
dpctgan,Groundhog,12435,1,0.56,1,0.5
dpctgan,Groundhog,12435,0,0.58,1,0.5
dpctgan,Groundhog,12435,1,0.6,1,0.5
dpctgan,Groundhog,12435,0,0.43,0,0.5
dpctgan,Groundhog,12435,1,0.45,0,0.5
dpctgan,Groundhog,12435,0,0.4,0,0.5
dpctgan,Groundhog,12435,1,0.44,0,0.5
dpctgan,Groundhog,12435,0,0.59,1,0.5
dpctgan,Groundhog,12435,1,0.59,1,0.5
dpctgan,Groundhog,12435,0,0.53,1,0.5
dpctgan,Groundhog,12435,1,0.51,1,0.5
dpctgan,Groundhog,12435,0,0.45,0,0.5
dpctgan,Groundhog,12435,1,0.48,0,0.5
dpctgan,Groundhog,12435,0,0.48,0,0.5
dpctgan,Groundhog,12435,1,0.44,0,0.5
dpctgan,Groundhog,12435,0,0.43,0,0.5
dpctgan,Groundhog,12435,1,0.44,0,0.5
dpctgan,Groundhog,12435,0,0.41,0,0.5
dpctgan,Groundhog,12435,1,0.49,0,0.5
dpctgan,Groundhog,12435,0,0.47,0,0.5
dpctgan,Groundhog,12435,1,0.51,1,0.5
dpctgan,Groundhog,12435,0,0.42,0,0.5
dpctgan,Groundhog,12435,1,0.56,1,0.5
dpctgan,Groundhog,12435,0,0.44,0,0.5
dpctgan,Groundhog,12435,1,0.51,1,0.5
dpctgan,Groundhog,12435,0,0.4,0,0.5
dpctgan,Groundhog,12435,1,0.57,1,0.5
dpctgan,Groundhog,12435,0,0.48,0,0.5
dpctgan,Groundhog,12435,1,0.5,0,0.5
dpctgan,Groundhog,12435,0,0.62,1,0.5
dpctgan,Groundhog,12435,1,0.35,0,0.5
dpctgan,Groundhog,12435,0,0.5,0,0.5
dpctgan,Groundhog,12435,1,0.44,0,0.5
dpctgan,Groundhog,12435,0,0.57,1,0.5
dpctgan,Groundhog,12435,1,0.63,1,0.5
dpctgan,Groundhog,12435,0,0.35,0,0.5
dpctgan,Groundhog,12435,1,0.56,1,0.5
dpctgan,Groundhog,12435,0,0.52,1,0.5
dpctgan,Groundhog,12435,1,0.43,0,0.5
dpctgan,Groundhog,12435,0,0.38,0,0.5
dpctgan,Groundhog,12435,1,0.45,0,0.5
dpctgan,Groundhog,12435,0,0.54,1,0.5
dpctgan,Groundhog,12435,1,0.56,1,0.5
dpctgan,Groundhog,12435,0,0.47,0,0.5
dpctgan,Groundhog,12435,1,0.37,0,0.5
dpctgan,Groundhog,12435,0,0.49,0,0.5
dpctgan,Groundhog,12435,1,0.57,1,0.5
dpctgan,Groundhog,12435,0,0.61,1,0.5
dpctgan,Groundhog,12435,1,0.48,0,0.5
dpctgan,Groundhog,12435,0,0.36,0,0.5
dpctgan,Groundhog,12435,1,0.55,1,0.5
dpctgan,Groundhog,12435,0,0.44,0,0.5
dpctgan,Groundhog,12435,1,0.41,0,0.5
dpctgan,Groundhog,12435,0,0.42,0,0.5
dpctgan,Groundhog,12435,1,0.6,1,0.5
dpctgan,Groundhog,12435,0,0.57,1,0.5
dpctgan,Groundhog,12435,1,0.41,0,0.5
dpctgan,Groundhog,12435,0,0.45,0,0.5
dpctgan,Groundhog,12435,1,0.42,0,0.5
dpctgan,Groundhog,12435,0,0.51,1,0.5
dpctgan,Groundhog,12435,1,0.41,0,0.5
dpctgan,Groundhog,12435,0,0.43,0,0.5
dpctgan,Groundhog,12435,1,0.49,0,0.5
dpctgan,Groundhog,12435,0,0.53,1,0.5
dpctgan,Groundhog,12435,1,0.52,1,0.5
dpctgan,Groundhog,12435,0,0.5,0,0.5
dpctgan,Groundhog,12435,1,0.54,1,0.5
dpctgan,Groundhog,12435,0,0.42,0,0.5
dpctgan,Groundhog,12435,1,0.54,1,0.5
dpctgan,Groundhog,12435,0,0.42,0,0.5
dpctgan,Groundhog,12435,1,0.55,1,0.5
dpctgan,Groundhog,12435,0,0.48,0,0.5
dpctgan,Groundhog,12435,1,0.53,1,0.5
dpctgan,Groundhog,12435,0,0.47,0,0.5
dpctgan,Groundhog,12435,1,0.47,0,0.5
dpctgan,Groundhog,12435,0,0.57,1,0.5
dpctgan,Groundhog,12435,1,0.58,1,0.5
dpctgan,Groundhog,12435,0,0.42,0,0.5
dpctgan,Groundhog,12435,1,0.54,1,0.5
dpctgan,Groundhog,12435,0,0.5,0,0.5
dpctgan,Groundhog,12435,1,0.53,1,0.5
dpctgan,Groundhog,12435,0,0.47,0,0.5
dpctgan,Groundhog,12435,1,0.44,0,0.5
dpctgan,Groundhog,12435,0,0.54,1,0.5
dpctgan,Groundhog,12435,1,0.54,1,0.5
dpctgan,Groundhog,12435,0,0.46,0,0.5
dpctgan,Groundhog,12435,1,0.47,0,0.5
dpctgan,Groundhog,12435,0,0.57,1,0.5
dpctgan,Groundhog,12435,1,0.52,1,0.5
dpctgan,Groundhog,12435,0,0.45,0,0.5
dpctgan,Groundhog,12435,1,0.41,0,0.5
dpctgan,Groundhog,12435,0,0.38,0,0.5
dpctgan,Groundhog,12435,1,0.47,0,0.5
dpctgan,Groundhog,12435,0,0.53,1,0.5
dpctgan,Groundhog,12435,1,0.39,0,0.5
dpctgan,Groundhog,12435,0,0.53,1,0.5
dpctgan,Groundhog,12435,1,0.46,0,0.5
dpctgan,Groundhog,12435,0,0.44,0,0.5
dpctgan,Groundhog,12435,1,0.51,1,0.5
dpctgan,Groundhog,12435,0,0.51,1,0.5
dpctgan,Groundhog,12435,1,0.47,0,0.5
dpctgan,Groundhog,12435,0,0.59,1,0.5
dpctgan,Groundhog,12435,1,0.6,1,0.5
dpctgan,Groundhog,12435,0,0.6,1,0.5
dpctgan,Groundhog,12435,1,0.53,1,0.5
dpctgan,Groundhog,12435,0,0.46,0,0.5
dpctgan,Groundhog,12435,1,0.53,1,0.5
dpctgan,Groundhog,12435,0,0.36,0,0.5
dpctgan,Groundhog,12435,1,0.52,1,0.5
dpctgan,Groundhog,12435,0,0.61,1,0.5
dpctgan,Groundhog,12435,1,0.49,0,0.5
dpctgan,Groundhog,12435,0,0.55,1,0.5
dpctgan,Groundhog,12435,1,0.57,1,0.5
dpctgan,Groundhog,12435,0,0.55,1,0.5
dpctgan,Groundhog,12435,1,0.53,1,0.5
dpctgan,Groundhog,12435,0,0.6,1,0.5
dpctgan,Groundhog,12435,1,0.46,0,0.5
dpctgan,Groundhog,12435,0,0.54,1,0.5
dpctgan,Groundhog,12435,1,0.55,1,0.5
dpctgan,Groundhog,12435,0,0.45,0,0.5
dpctgan,Groundhog,12435,1,0.53,1,0.5
dpctgan,Groundhog,12435,0,0.62,1,0.5
dpctgan,Groundhog,12435,1,0.55,1,0.5
dpctgan,Groundhog,12435,0,0.44,0,0.5
dpctgan,Groundhog,12435,1,0.44,0,0.5
dpctgan,Groundhog,12435,0,0.48,0,0.5
dpctgan,Groundhog,12435,1,0.54,1,0.5
dpctgan,Groundhog,12435,0,0.44,0,0.5
dpctgan,Groundhog,12435,1,0.61,1,0.5
dpctgan,Groundhog,12435,0,0.46,0,0.5
dpctgan,Groundhog,12435,1,0.57,1,0.5
dpctgan,Groundhog,12435,0,0.43,0,0.5
dpctgan,Groundhog,12435,1,0.47,0,0.5
dpctgan,Groundhog,12435,0,0.48,0,0.5
dpctgan,Groundhog,12435,1,0.54,1,0.5
dpctgan,Groundhog,12435,0,0.43,0,0.5
dpctgan,Groundhog,12435,1,0.51,1,0.5
dpctgan,Groundhog,12435,0,0.51,1,0.5
dpctgan,Groundhog,12435,1,0.51,1,0.5
dpctgan,Groundhog,12435,0,0.5,0,0.5
dpctgan,Groundhog,12435,1,0.41,0,0.5
dpctgan,Groundhog,12435,0,0.44,0,0.5
dpctgan,Groundhog,12435,1,0.47,0,0.5
dpctgan,Groundhog,12435,0,0.49,0,0.5
dpctgan,Groundhog,12435,1,0.52,1,0.5
dpctgan,Groundhog,12435,0,0.39,0,0.5
dpctgan,Groundhog,12435,1,0.67,1,0.5
dpctgan,Groundhog,12435,0,0.52,1,0.5
dpctgan,Groundhog,12435,1,0.44,0,0.5
dpctgan,Groundhog,12435,0,0.48,0,0.5
dpctgan,Groundhog,12435,1,0.55,1,0.5
dpctgan,Groundhog,12435,0,0.57,1,0.5
dpctgan,Groundhog,12435,1,0.56,1,0.5
dpctgan,Groundhog,12435,0,0.5,0,0.5
dpctgan,Groundhog,12435,1,0.57,1,0.5
dpctgan,Groundhog,12435,0,0.32,0,0.5
dpctgan,Groundhog,12435,1,0.46,0,0.5
dpctgan,Groundhog,12435,0,0.5,0,0.5
dpctgan,Groundhog,12435,1,0.61,1,0.5
dpctgan,Groundhog,12435,0,0.45,0,0.5
dpctgan,Groundhog,12435,1,0.49,0,0.5
dpctgan,Groundhog,12435,0,0.49,0,0.5
dpctgan,Groundhog,12435,1,0.37,0,0.5
dpctgan,Groundhog,12435,0,0.45,0,0.5
dpctgan,Groundhog,12435,1,0.55,1,0.5
dpctgan,Groundhog,12435,0,0.45,0,0.5
dpctgan,Groundhog,12435,1,0.52,1,0.5
dpctgan,Groundhog,12435,0,0.46,0,0.5
dpctgan,Groundhog,12435,1,0.64,1,0.5
dpctgan,Groundhog,12435,0,0.56,1,0.5
dpctgan,Groundhog,12435,1,0.51,1,0.5
dpctgan,Groundhog,12435,0,0.57,1,0.5
dpctgan,Groundhog,12435,1,0.61,1,0.5
dpctgan,Groundhog,12435,0,0.56,1,0.5
dpctgan,Groundhog,12435,1,0.49,0,0.5
dpctgan,Groundhog,12435,0,0.54,1,0.5
dpctgan,Groundhog,12435,1,0.4,0,0.5
dpctgan,Groundhog,12435,0,0.51,1,0.5
dpctgan,Groundhog,12435,1,0.39,0,0.5
dpctgan,Groundhog,12435,0,0.49,0,0.5
dpctgan,Groundhog,12435,1,0.53,1,0.5
dpctgan,Groundhog,12435,0,0.54,1,0.5
dpctgan,Groundhog,12435,1,0.45,0,0.5
dpctgan,Groundhog,12435,0,0.57,1,0.5
dpctgan,Groundhog,12435,1,0.46,0,0.5
dpctgan,Groundhog,12435,0,0.5,0,0.5
dpctgan,Groundhog,12435,1,0.57,1,0.5
dpctgan,Groundhog,12435,0,0.57,1,0.5
dpctgan,Groundhog,12435,1,0.59,1,0.5
dpctgan,Groundhog,12435,0,0.54,1,0.5
dpctgan,Groundhog,12435,1,0.48,0,0.5
dpctgan,Groundhog,12435,0,0.53,1,0.5
dpctgan,Groundhog,12435,1,0.44,0,0.5
dpctgan,Groundhog,12435,0,0.57,1,0.5
dpctgan,Groundhog,12435,1,0.46,0,0.5
dpctgan,Groundhog,12435,0,0.44,0,0.5
dpctgan,Groundhog,12435,1,0.6,1,0.5
dpctgan,Groundhog,12435,0,0.47,0,0.5
dpctgan,Groundhog,12435,1,0.4,0,0.5
dpctgan,Groundhog,12435,0,0.44,0,0.5
dpctgan,Groundhog,12435,1,0.48,0,0.5
dpctgan,Groundhog,12435,0,0.51,1,0.5
dpctgan,Groundhog,12435,1,0.51,1,0.5
dpctgan,Groundhog,12435,0,0.47,0,0.5
dpctgan,Groundhog,12435,1,0.53,1,0.5
dpctgan,Groundhog,12435,0,0.52,1,0.5
dpctgan,Groundhog,12435,1,0.5,0,0.5
dpctgan,Groundhog,12435,0,0.47,0,0.5
dpctgan,Groundhog,12435,1,0.58,1,0.5
dpctgan,Groundhog,12435,0,0.55,1,0.5
dpctgan,Groundhog,12435,1,0.63,1,0.5
dpctgan,Groundhog,12435,0,0.59,1,0.5
dpctgan,Groundhog,12435,1,0.45,0,0.5
dpctgan,Groundhog,12435,0,0.59,1,0.5
dpctgan,Groundhog,12435,1,0.4,0,0.5
dpctgan,Groundhog,12435,0,0.52,1,0.5
dpctgan,Groundhog,12435,1,0.59,1,0.5
dpctgan,Groundhog,12435,0,0.47,0,0.5
dpctgan,Groundhog,12435,1,0.44,0,0.5
dpctgan,Groundhog,12435,0,0.55,1,0.5
dpctgan,Groundhog,12435,1,0.63,1,0.5
dpctgan,Groundhog,12435,0,0.47,0,0.5
dpctgan,Groundhog,12435,1,0.43,0,0.5
dpctgan,Groundhog,12435,0,0.51,1,0.5
dpctgan,Groundhog,12435,1,0.57,1,0.5
dpctgan,Groundhog,12435,0,0.47,0,0.5
dpctgan,Groundhog,12435,1,0.45,0,0.5
dpctgan,Groundhog,12435,0,0.52,1,0.5
dpctgan,Groundhog,12435,1,0.54,1,0.5
dpctgan,Groundhog,12435,0,0.48,0,0.5
dpctgan,Groundhog,12435,1,0.55,1,0.5
dpctgan,Groundhog,12435,0,0.41,0,0.5
dpctgan,Groundhog,12435,1,0.51,1,0.5
dpctgan,Groundhog,12435,0,0.47,0,0.5
dpctgan,Groundhog,12435,1,0.49,0,0.5
dpctgan,Groundhog,12435,0,0.45,0,0.5
dpctgan,Groundhog,12435,1,0.51,1,0.5
dpctgan,Groundhog,12435,0,0.38,0,0.5
dpctgan,Groundhog,12435,1,0.47,0,0.5
dpctgan,Groundhog,12435,0,0.45,0,0.5
dpctgan,Groundhog,12435,1,0.52,1,0.5
dpctgan,Groundhog,12435,0,0.55,1,0.5
dpctgan,Groundhog,12435,1,0.37,0,0.5
dpctgan,Groundhog,12435,0,0.53,1,0.5
dpctgan,Groundhog,12435,1,0.54,1,0.5
dpctgan,Groundhog,12435,0,0.47,0,0.5
dpctgan,Groundhog,12435,1,0.53,1,0.5
dpctgan,Groundhog,12435,0,0.53,1,0.5
dpctgan,Groundhog,12435,1,0.54,1,0.5
dpctgan,Groundhog,12435,0,0.46,0,0.5
dpctgan,Groundhog,12435,1,0.43,0,0.5
dpctgan,Groundhog,12435,0,0.51,1,0.5
dpctgan,Groundhog,12435,1,0.48,0,0.5
dpctgan,Groundhog,12435,0,0.56,1,0.5
dpctgan,Groundhog,12435,1,0.51,1,0.5
dpctgan,Groundhog,12435,0,0.48,0,0.5
dpctgan,Groundhog,12435,1,0.57,1,0.5
dpctgan,Groundhog,12435,0,0.43,0,0.5
dpctgan,Groundhog,12435,1,0.51,1,0.5
dpctgan,Groundhog,12435,0,0.51,1,0.5
dpctgan,Groundhog,12435,1,0.47,0,0.5
dpctgan,Groundhog,12435,0,0.42,0,0.5
dpctgan,Groundhog,12435,1,0.43,0,0.5
dpctgan,Groundhog,12435,0,0.38,0,0.5
dpctgan,Groundhog,12435,1,0.47,0,0.5
dpctgan,Groundhog,12435,0,0.57,1,0.5
dpctgan,Groundhog,12435,1,0.46,0,0.5
dpctgan,Groundhog,12435,0,0.5,0,0.5
dpctgan,Groundhog,12435,1,0.47,0,0.5
dpctgan,Groundhog,12435,0,0.58,1,0.5
dpctgan,Groundhog,12435,1,0.59,1,0.5
dpctgan,Groundhog,12435,0,0.4,0,0.5
dpctgan,Groundhog,12435,1,0.44,0,0.5
dpctgan,Groundhog,12435,0,0.44,0,0.5
dpctgan,Groundhog,12435,1,0.48,0,0.5
dpctgan,Groundhog,12435,0,0.54,1,0.5
dpctgan,Groundhog,12435,1,0.53,1,0.5
dpctgan,Groundhog,12435,0,0.41,0,0.5
dpctgan,Groundhog,12435,1,0.52,1,0.5
dpctgan,Groundhog,12435,0,0.54,1,0.5
dpctgan,Groundhog,12435,1,0.53,1,0.5
dpctgan,Groundhog,12435,0,0.46,0,0.5
dpctgan,Groundhog,12435,1,0.42,0,0.5
dpctgan,Groundhog,12435,0,0.56,1,0.5
dpctgan,Groundhog,12435,1,0.53,1,0.5
dpctgan,Groundhog,12435,0,0.43,0,0.5
dpctgan,Groundhog,12435,1,0.5,0,0.5
dpctgan,Groundhog,12435,0,0.57,1,0.5
dpctgan,Groundhog,12435,1,0.57,1,0.5
dpctgan,Groundhog,12435,0,0.52,1,0.5
dpctgan,Groundhog,12435,1,0.47,0,0.5
dpctgan,Groundhog,12435,0,0.53,1,0.5
dpctgan,Groundhog,12435,1,0.55,1,0.5
dpctgan,Groundhog,12435,0,0.51,1,0.5
dpctgan,Groundhog,12435,1,0.51,1,0.5
dpctgan,Groundhog,12435,0,0.62,1,0.5
dpctgan,Groundhog,12435,1,0.48,0,0.5
dpctgan,Groundhog,12435,0,0.5,0,0.5
dpctgan,Groundhog,12435,1,0.5,0,0.5
dpctgan,Groundhog,12435,0,0.53,1,0.5
dpctgan,Groundhog,12435,1,0.49,0,0.5
dpctgan,Groundhog,12435,0,0.51,1,0.5
dpctgan,ShadowModelling(RandomQueries),12435,1,0.6,1,0.5
dpctgan,ShadowModelling(RandomQueries),12435,0,0.65,1,0.5
dpctgan,ShadowModelling(RandomQueries),12435,1,0.52,1,0.5
dpctgan,ShadowModelling(RandomQueries),12435,0,0.48,0,0.5
dpctgan,ShadowModelling(RandomQueries),12435,1,0.54,1,0.5
dpctgan,ShadowModelling(RandomQueries),12435,0,0.42,0,0.5
dpctgan,ShadowModelling(RandomQueries),12435,1,0.32,0,0.5
dpctgan,ShadowModelling(RandomQueries),12435,0,0.65,1,0.5
dpctgan,ShadowModelling(RandomQueries),12435,1,0.47,0,0.5
dpctgan,ShadowModelling(RandomQueries),12435,0,0.48,0,0.5
dpctgan,ShadowModelling(RandomQueries),12435,1,0.51,1,0.5
dpctgan,ShadowModelling(RandomQueries),12435,0,0.61,1,0.5
dpctgan,ShadowModelling(RandomQueries),12435,1,0.45,0,0.5
dpctgan,ShadowModelling(RandomQueries),12435,0,0.58,1,0.5
dpctgan,ShadowModelling(RandomQueries),12435,1,0.35,0,0.5
dpctgan,ShadowModelling(RandomQueries),12435,0,0.42,0,0.5
dpctgan,ShadowModelling(RandomQueries),12435,1,0.61,1,0.5
dpctgan,ShadowModelling(RandomQueries),12435,0,0.54,1,0.5
dpctgan,ShadowModelling(RandomQueries),12435,1,0.42,0,0.5
dpctgan,ShadowModelling(RandomQueries),12435,0,0.27,0,0.5
dpctgan,ShadowModelling(RandomQueries),12435,1,0.59,1,0.5
dpctgan,ShadowModelling(RandomQueries),12435,0,0.58,1,0.5
dpctgan,ShadowModelling(RandomQueries),12435,1,0.48,0,0.5
dpctgan,ShadowModelling(RandomQueries),12435,0,0.45,0,0.5
dpctgan,ShadowModelling(RandomQueries),12435,1,0.67,1,0.5
dpctgan,ShadowModelling(RandomQueries),12435,0,0.41,0,0.5
dpctgan,ShadowModelling(RandomQueries),12435,1,0.43,0,0.5
dpctgan,ShadowModelling(RandomQueries),12435,0,0.63,1,0.5
dpctgan,ShadowModelling(RandomQueries),12435,1,0.59,1,0.5
dpctgan,ShadowModelling(RandomQueries),12435,0,0.49,0,0.5
dpctgan,ShadowModelling(RandomQueries),12435,1,0.24,0,0.5
dpctgan,ShadowModelling(RandomQueries),12435,0,0.51,1,0.5
dpctgan,ShadowModelling(RandomQueries),12435,1,0.57,1,0.5
dpctgan,ShadowModelling(RandomQueries),12435,0,0.47,0,0.5
dpctgan,ShadowModelling(RandomQueries),12435,1,0.29,0,0.5
dpctgan,ShadowModelling(RandomQueries),12435,0,0.35,0,0.5
dpctgan,ShadowModelling(RandomQueries),12435,1,0.63,1,0.5
dpctgan,ShadowModelling(RandomQueries),12435,0,0.46,0,0.5
dpctgan,ShadowModelling(RandomQueries),12435,1,0.41,0,0.5
dpctgan,ShadowModelling(RandomQueries),12435,0,0.51,1,0.5
dpctgan,ShadowModelling(RandomQueries),12435,1,0.58,1,0.5
dpctgan,ShadowModelling(RandomQueries),12435,0,0.52,1,0.5
dpctgan,ShadowModelling(RandomQueries),12435,1,0.34,0,0.5
dpctgan,ShadowModelling(RandomQueries),12435,0,0.52,1,0.5
dpctgan,ShadowModelling(RandomQueries),12435,1,0.34,0,0.5
dpctgan,ShadowModelling(RandomQueries),12435,0,0.46,0,0.5
dpctgan,ShadowModelling(RandomQueries),12435,1,0.69,1,0.5
dpctgan,ShadowModelling(RandomQueries),12435,0,0.48,0,0.5
dpctgan,ShadowModelling(RandomQueries),12435,1,0.59,1,0.5
dpctgan,ShadowModelling(RandomQueries),12435,0,0.43,0,0.5
dpctgan,ShadowModelling(RandomQueries),12435,1,0.44,0,0.5
dpctgan,ShadowModelling(RandomQueries),12435,0,0.54,1,0.5
dpctgan,ShadowModelling(RandomQueries),12435,1,0.42,0,0.5
dpctgan,ShadowModelling(RandomQueries),12435,0,0.43,0,0.5
dpctgan,ShadowModelling(RandomQueries),12435,1,0.67,1,0.5
dpctgan,ShadowModelling(RandomQueries),12435,0,0.46,0,0.5
dpctgan,ShadowModelling(RandomQueries),12435,1,0.54,1,0.5
dpctgan,ShadowModelling(RandomQueries),12435,0,0.62,1,0.5
dpctgan,ShadowModelling(RandomQueries),12435,1,0.47,0,0.5
dpctgan,ShadowModelling(RandomQueries),12435,0,0.63,1,0.5
dpctgan,ShadowModelling(RandomQueries),12435,1,0.62,1,0.5
dpctgan,ShadowModelling(RandomQueries),12435,0,0.28,0,0.5
dpctgan,ShadowModelling(RandomQueries),12435,1,0.62,1,0.5
dpctgan,ShadowModelling(RandomQueries),12435,0,0.46,0,0.5
dpctgan,ShadowModelling(RandomQueries),12435,1,0.38,0,0.5
dpctgan,ShadowModelling(RandomQueries),12435,0,0.42,0,0.5
dpctgan,ShadowModelling(RandomQueries),12435,1,0.45,0,0.5
dpctgan,ShadowModelling(RandomQueries),12435,0,0.55,1,0.5
dpctgan,ShadowModelling(RandomQueries),12435,1,0.52,1,0.5
dpctgan,ShadowModelling(RandomQueries),12435,0,0.53,1,0.5
dpctgan,ShadowModelling(RandomQueries),12435,1,0.45,0,0.5
dpctgan,ShadowModelling(RandomQueries),12435,0,0.48,0,0.5
dpctgan,ShadowModelling(RandomQueries),12435,1,0.5,0,0.5
dpctgan,ShadowModelling(RandomQueries),12435,0,0.61,1,0.5
dpctgan,ShadowModelling(RandomQueries),12435,1,0.56,1,0.5
dpctgan,ShadowModelling(RandomQueries),12435,0,0.59,1,0.5
dpctgan,ShadowModelling(RandomQueries),12435,1,0.57,1,0.5
dpctgan,ShadowModelling(RandomQueries),12435,0,0.73,1,0.5
dpctgan,ShadowModelling(RandomQueries),12435,1,0.41,0,0.5
dpctgan,ShadowModelling(RandomQueries),12435,0,0.59,1,0.5
dpctgan,ShadowModelling(RandomQueries),12435,1,0.39,0,0.5
dpctgan,ShadowModelling(RandomQueries),12435,0,0.5,0,0.5
dpctgan,ShadowModelling(RandomQueries),12435,1,0.65,1,0.5
dpctgan,ShadowModelling(RandomQueries),12435,0,0.46,0,0.5
dpctgan,ShadowModelling(RandomQueries),12435,1,0.63,1,0.5
dpctgan,ShadowModelling(RandomQueries),12435,0,0.54,1,0.5
dpctgan,ShadowModelling(RandomQueries),12435,1,0.83,1,0.5
dpctgan,ShadowModelling(RandomQueries),12435,0,0.41,0,0.5
dpctgan,ShadowModelling(RandomQueries),12435,1,0.45,0,0.5
dpctgan,ShadowModelling(RandomQueries),12435,0,0.48,0,0.5
dpctgan,ShadowModelling(RandomQueries),12435,1,0.6,1,0.5
dpctgan,ShadowModelling(RandomQueries),12435,0,0.57,1,0.5
dpctgan,ShadowModelling(RandomQueries),12435,1,0.57,1,0.5
dpctgan,ShadowModelling(RandomQueries),12435,0,0.7,1,0.5
dpctgan,ShadowModelling(RandomQueries),12435,1,0.51,1,0.5
dpctgan,ShadowModelling(RandomQueries),12435,0,0.54,1,0.5
dpctgan,ShadowModelling(RandomQueries),12435,1,0.56,1,0.5
dpctgan,ShadowModelling(RandomQueries),12435,0,0.56,1,0.5
dpctgan,ShadowModelling(RandomQueries),12435,1,0.69,1,0.5
dpctgan,ShadowModelling(RandomQueries),12435,0,0.56,1,0.5
dpctgan,ShadowModelling(RandomQueries),12435,1,0.35,0,0.5
dpctgan,ShadowModelling(RandomQueries),12435,0,0.35,0,0.5
dpctgan,ShadowModelling(RandomQueries),12435,1,0.49,0,0.5
dpctgan,ShadowModelling(RandomQueries),12435,0,0.29,0,0.5
dpctgan,ShadowModelling(RandomQueries),12435,1,0.44,0,0.5
dpctgan,ShadowModelling(RandomQueries),12435,0,0.55,1,0.5
dpctgan,ShadowModelling(RandomQueries),12435,1,0.51,1,0.5
dpctgan,ShadowModelling(RandomQueries),12435,0,0.58,1,0.5
dpctgan,ShadowModelling(RandomQueries),12435,1,0.43,0,0.5
dpctgan,ShadowModelling(RandomQueries),12435,0,0.58,1,0.5
dpctgan,ShadowModelling(RandomQueries),12435,1,0.58,1,0.5
dpctgan,ShadowModelling(RandomQueries),12435,0,0.63,1,0.5
dpctgan,ShadowModelling(RandomQueries),12435,1,0.35,0,0.5
dpctgan,ShadowModelling(RandomQueries),12435,0,0.49,0,0.5
dpctgan,ShadowModelling(RandomQueries),12435,1,0.4,0,0.5
dpctgan,ShadowModelling(RandomQueries),12435,0,0.64,1,0.5
dpctgan,ShadowModelling(RandomQueries),12435,1,0.48,0,0.5
dpctgan,ShadowModelling(RandomQueries),12435,0,0.45,0,0.5
dpctgan,ShadowModelling(RandomQueries),12435,1,0.42,0,0.5
dpctgan,ShadowModelling(RandomQueries),12435,0,0.77,1,0.5
dpctgan,ShadowModelling(RandomQueries),12435,1,0.48,0,0.5
dpctgan,ShadowModelling(RandomQueries),12435,0,0.39,0,0.5
dpctgan,ShadowModelling(RandomQueries),12435,1,0.52,1,0.5
dpctgan,ShadowModelling(RandomQueries),12435,0,0.32,0,0.5
dpctgan,ShadowModelling(RandomQueries),12435,1,0.39,0,0.5
dpctgan,ShadowModelling(RandomQueries),12435,0,0.41,0,0.5
dpctgan,ShadowModelling(RandomQueries),12435,1,0.71,1,0.5
dpctgan,ShadowModelling(RandomQueries),12435,0,0.43,0,0.5
dpctgan,ShadowModelling(RandomQueries),12435,1,0.49,0,0.5
dpctgan,ShadowModelling(RandomQueries),12435,0,0.65,1,0.5
dpctgan,ShadowModelling(RandomQueries),12435,1,0.75,1,0.5
dpctgan,ShadowModelling(RandomQueries),12435,0,0.48,0,0.5
dpctgan,ShadowModelling(RandomQueries),12435,1,0.5,0,0.5
dpctgan,ShadowModelling(RandomQueries),12435,0,0.54,1,0.5
dpctgan,ShadowModelling(RandomQueries),12435,1,0.52,1,0.5
dpctgan,ShadowModelling(RandomQueries),12435,0,0.42,0,0.5
dpctgan,ShadowModelling(RandomQueries),12435,1,0.52,1,0.5
dpctgan,ShadowModelling(RandomQueries),12435,0,0.28,0,0.5
dpctgan,ShadowModelling(RandomQueries),12435,1,0.61,1,0.5
dpctgan,ShadowModelling(RandomQueries),12435,0,0.45,0,0.5
dpctgan,ShadowModelling(RandomQueries),12435,1,0.62,1,0.5
dpctgan,ShadowModelling(RandomQueries),12435,0,0.61,1,0.5
dpctgan,ShadowModelling(RandomQueries),12435,1,0.41,0,0.5
dpctgan,ShadowModelling(RandomQueries),12435,0,0.31,0,0.5
dpctgan,ShadowModelling(RandomQueries),12435,1,0.63,1,0.5
dpctgan,ShadowModelling(RandomQueries),12435,0,0.34,0,0.5
dpctgan,ShadowModelling(RandomQueries),12435,1,0.58,1,0.5
dpctgan,ShadowModelling(RandomQueries),12435,0,0.59,1,0.5
dpctgan,ShadowModelling(RandomQueries),12435,1,0.54,1,0.5
dpctgan,ShadowModelling(RandomQueries),12435,0,0.43,0,0.5
dpctgan,ShadowModelling(RandomQueries),12435,1,0.54,1,0.5
dpctgan,ShadowModelling(RandomQueries),12435,0,0.48,0,0.5
dpctgan,ShadowModelling(RandomQueries),12435,1,0.42,0,0.5
dpctgan,ShadowModelling(RandomQueries),12435,0,0.58,1,0.5
dpctgan,ShadowModelling(RandomQueries),12435,1,0.54,1,0.5
dpctgan,ShadowModelling(RandomQueries),12435,0,0.58,1,0.5
dpctgan,ShadowModelling(RandomQueries),12435,1,0.37,0,0.5
dpctgan,ShadowModelling(RandomQueries),12435,0,0.45,0,0.5
dpctgan,ShadowModelling(RandomQueries),12435,1,0.22,0,0.5
dpctgan,ShadowModelling(RandomQueries),12435,0,0.53,1,0.5
dpctgan,ShadowModelling(RandomQueries),12435,1,0.6,1,0.5
dpctgan,ShadowModelling(RandomQueries),12435,0,0.53,1,0.5
dpctgan,ShadowModelling(RandomQueries),12435,1,0.53,1,0.5
dpctgan,ShadowModelling(RandomQueries),12435,0,0.48,0,0.5
dpctgan,ShadowModelling(RandomQueries),12435,1,0.58,1,0.5
dpctgan,ShadowModelling(RandomQueries),12435,0,0.39,0,0.5
dpctgan,ShadowModelling(RandomQueries),12435,1,0.42,0,0.5
dpctgan,ShadowModelling(RandomQueries),12435,0,0.49,0,0.5
dpctgan,ShadowModelling(RandomQueries),12435,1,0.48,0,0.5
dpctgan,ShadowModelling(RandomQueries),12435,0,0.33,0,0.5
dpctgan,ShadowModelling(RandomQueries),12435,1,0.54,1,0.5
dpctgan,ShadowModelling(RandomQueries),12435,0,0.4,0,0.5
dpctgan,ShadowModelling(RandomQueries),12435,1,0.43,0,0.5
dpctgan,ShadowModelling(RandomQueries),12435,0,0.39,0,0.5
dpctgan,ShadowModelling(RandomQueries),12435,1,0.68,1,0.5
dpctgan,ShadowModelling(RandomQueries),12435,0,0.39,0,0.5
dpctgan,ShadowModelling(RandomQueries),12435,1,0.54,1,0.5
dpctgan,ShadowModelling(RandomQueries),12435,0,0.42,0,0.5
dpctgan,ShadowModelling(RandomQueries),12435,1,0.43,0,0.5
dpctgan,ShadowModelling(RandomQueries),12435,0,0.45,0,0.5
dpctgan,ShadowModelling(RandomQueries),12435,1,0.32,0,0.5
dpctgan,ShadowModelling(RandomQueries),12435,0,0.56,1,0.5
dpctgan,ShadowModelling(RandomQueries),12435,1,0.52,1,0.5
dpctgan,ShadowModelling(RandomQueries),12435,0,0.56,1,0.5
dpctgan,ShadowModelling(RandomQueries),12435,1,0.6,1,0.5
dpctgan,ShadowModelling(RandomQueries),12435,0,0.35,0,0.5
dpctgan,ShadowModelling(RandomQueries),12435,1,0.61,1,0.5
dpctgan,ShadowModelling(RandomQueries),12435,0,0.63,1,0.5
dpctgan,ShadowModelling(RandomQueries),12435,1,0.52,1,0.5
dpctgan,ShadowModelling(RandomQueries),12435,0,0.52,1,0.5
dpctgan,ShadowModelling(RandomQueries),12435,1,0.59,1,0.5
dpctgan,ShadowModelling(RandomQueries),12435,0,0.6,1,0.5
dpctgan,ShadowModelling(RandomQueries),12435,1,0.39,0,0.5
dpctgan,ShadowModelling(RandomQueries),12435,0,0.57,1,0.5
dpctgan,ShadowModelling(RandomQueries),12435,1,0.59,1,0.5
dpctgan,ShadowModelling(RandomQueries),12435,0,0.48,0,0.5
dpctgan,ShadowModelling(RandomQueries),12435,1,0.44,0,0.5
dpctgan,ShadowModelling(RandomQueries),12435,0,0.3,0,0.5
dpctgan,ShadowModelling(RandomQueries),12435,1,0.56,1,0.5
dpctgan,ShadowModelling(RandomQueries),12435,0,0.62,1,0.5
dpctgan,ShadowModelling(RandomQueries),12435,1,0.48,0,0.5
dpctgan,ShadowModelling(RandomQueries),12435,0,0.57,1,0.5
dpctgan,ShadowModelling(RandomQueries),12435,1,0.45,0,0.5
dpctgan,ShadowModelling(RandomQueries),12435,0,0.54,1,0.5
dpctgan,ShadowModelling(RandomQueries),12435,1,0.51,1,0.5
dpctgan,ShadowModelling(RandomQueries),12435,0,0.58,1,0.5
dpctgan,ShadowModelling(RandomQueries),12435,1,0.52,1,0.5
dpctgan,ShadowModelling(RandomQueries),12435,0,0.45,0,0.5
dpctgan,ShadowModelling(RandomQueries),12435,1,0.33,0,0.5
dpctgan,ShadowModelling(RandomQueries),12435,0,0.42,0,0.5
dpctgan,ShadowModelling(RandomQueries),12435,1,0.53,1,0.5
dpctgan,ShadowModelling(RandomQueries),12435,0,0.47,0,0.5
dpctgan,ShadowModelling(RandomQueries),12435,1,0.41,0,0.5
dpctgan,ShadowModelling(RandomQueries),12435,0,0.4,0,0.5
dpctgan,ShadowModelling(RandomQueries),12435,1,0.49,0,0.5
dpctgan,ShadowModelling(RandomQueries),12435,0,0.3,0,0.5
dpctgan,ShadowModelling(RandomQueries),12435,1,0.41,0,0.5
dpctgan,ShadowModelling(RandomQueries),12435,0,0.43,0,0.5
dpctgan,ShadowModelling(RandomQueries),12435,1,0.41,0,0.5
dpctgan,ShadowModelling(RandomQueries),12435,0,0.48,0,0.5
dpctgan,ShadowModelling(RandomQueries),12435,1,0.39,0,0.5
dpctgan,ShadowModelling(RandomQueries),12435,0,0.5,0,0.5
dpctgan,ShadowModelling(RandomQueries),12435,1,0.44,0,0.5
dpctgan,ShadowModelling(RandomQueries),12435,0,0.26,0,0.5
dpctgan,ShadowModelling(RandomQueries),12435,1,0.61,1,0.5
dpctgan,ShadowModelling(RandomQueries),12435,0,0.64,1,0.5
dpctgan,ShadowModelling(RandomQueries),12435,1,0.39,0,0.5
dpctgan,ShadowModelling(RandomQueries),12435,0,0.65,1,0.5
dpctgan,ShadowModelling(RandomQueries),12435,1,0.49,0,0.5
dpctgan,ShadowModelling(RandomQueries),12435,0,0.46,0,0.5
dpctgan,ShadowModelling(RandomQueries),12435,1,0.49,0,0.5
dpctgan,ShadowModelling(RandomQueries),12435,0,0.45,0,0.5
dpctgan,ShadowModelling(RandomQueries),12435,1,0.64,1,0.5
dpctgan,ShadowModelling(RandomQueries),12435,0,0.36,0,0.5
dpctgan,ShadowModelling(RandomQueries),12435,1,0.55,1,0.5
dpctgan,ShadowModelling(RandomQueries),12435,0,0.64,1,0.5
dpctgan,ShadowModelling(RandomQueries),12435,1,0.56,1,0.5
dpctgan,ShadowModelling(RandomQueries),12435,0,0.55,1,0.5
dpctgan,ShadowModelling(RandomQueries),12435,1,0.4,0,0.5
dpctgan,ShadowModelling(RandomQueries),12435,0,0.58,1,0.5
dpctgan,ShadowModelling(RandomQueries),12435,1,0.56,1,0.5
dpctgan,ShadowModelling(RandomQueries),12435,0,0.33,0,0.5
dpctgan,ShadowModelling(RandomQueries),12435,1,0.43,0,0.5
dpctgan,ShadowModelling(RandomQueries),12435,0,0.43,0,0.5
dpctgan,ShadowModelling(RandomQueries),12435,1,0.45,0,0.5
dpctgan,ShadowModelling(RandomQueries),12435,0,0.58,1,0.5
dpctgan,ShadowModelling(RandomQueries),12435,1,0.54,1,0.5
dpctgan,ShadowModelling(RandomQueries),12435,0,0.57,1,0.5
dpctgan,ShadowModelling(RandomQueries),12435,1,0.47,0,0.5
dpctgan,ShadowModelling(RandomQueries),12435,0,0.52,1,0.5
dpctgan,ShadowModelling(RandomQueries),12435,1,0.53,1,0.5
dpctgan,ShadowModelling(RandomQueries),12435,0,0.57,1,0.5
dpctgan,ShadowModelling(RandomQueries),12435,1,0.48,0,0.5
dpctgan,ShadowModelling(RandomQueries),12435,0,0.49,0,0.5
dpctgan,ShadowModelling(RandomQueries),12435,1,0.49,0,0.5
dpctgan,ShadowModelling(RandomQueries),12435,0,0.61,1,0.5
dpctgan,ShadowModelling(RandomQueries),12435,1,0.51,1,0.5
dpctgan,ShadowModelling(RandomQueries),12435,0,0.43,0,0.5
dpctgan,ShadowModelling(RandomQueries),12435,1,0.49,0,0.5
dpctgan,ShadowModelling(RandomQueries),12435,0,0.37,0,0.5
dpctgan,ShadowModelling(RandomQueries),12435,1,0.37,0,0.5
dpctgan,ShadowModelling(RandomQueries),12435,0,0.34,0,0.5
dpctgan,ShadowModelling(RandomQueries),12435,1,0.49,0,0.5
dpctgan,ShadowModelling(RandomQueries),12435,0,0.67,1,0.5
dpctgan,ShadowModelling(RandomQueries),12435,1,0.56,1,0.5
dpctgan,ShadowModelling(RandomQueries),12435,0,0.45,0,0.5
dpctgan,ShadowModelling(RandomQueries),12435,1,0.59,1,0.5
dpctgan,ShadowModelling(RandomQueries),12435,0,0.52,1,0.5
dpctgan,ShadowModelling(RandomQueries),12435,1,0.41,0,0.5
dpctgan,ShadowModelling(RandomQueries),12435,0,0.61,1,0.5
dpctgan,ShadowModelling(RandomQueries),12435,1,0.54,1,0.5
dpctgan,ShadowModelling(RandomQueries),12435,0,0.54,1,0.5
dpctgan,ShadowModelling(RandomQueries),12435,1,0.34,0,0.5
dpctgan,ShadowModelling(RandomQueries),12435,0,0.65,1,0.5
dpctgan,ShadowModelling(RandomQueries),12435,1,0.51,1,0.5
dpctgan,ShadowModelling(RandomQueries),12435,0,0.5,0,0.5
dpctgan,ShadowModelling(RandomQueries),12435,1,0.48,0,0.5
dpctgan,ShadowModelling(RandomQueries),12435,0,0.38,0,0.5
dpctgan,ShadowModelling(RandomQueries),12435,1,0.4,0,0.5
dpctgan,ShadowModelling(RandomQueries),12435,0,0.49,0,0.5
dpctgan,ShadowModelling(RandomQueries),12435,1,0.51,1,0.5
dpctgan,ShadowModelling(RandomQueries),12435,0,0.48,0,0.5
dpctgan,ShadowModelling(RandomQueries),12435,1,0.53,1,0.5
dpctgan,ShadowModelling(RandomQueries),12435,0,0.56,1,0.5
dpctgan,ShadowModelling(RandomQueries),12435,1,0.59,1,0.5
dpctgan,ShadowModelling(RandomQueries),12435,0,0.45,0,0.5
dpctgan,ShadowModelling(RandomQueries),12435,1,0.55,1,0.5
dpctgan,ShadowModelling(RandomQueries),12435,0,0.54,1,0.5
dpctgan,ShadowModelling(RandomQueries),12435,1,0.37,0,0.5
dpctgan,ShadowModelling(RandomQueries),12435,0,0.33,0,0.5
dpctgan,ShadowModelling(RandomQueries),12435,1,0.64,1,0.5
dpctgan,ShadowModelling(RandomQueries),12435,0,0.78,1,0.5
dpctgan,ShadowModelling(RandomQueries),12435,1,0.35,0,0.5
dpctgan,ShadowModelling(RandomQueries),12435,0,0.54,1,0.5
dpctgan,ShadowModelling(RandomQueries),12435,1,0.59,1,0.5
dpctgan,ShadowModelling(RandomQueries),12435,0,0.43,0,0.5
dpctgan,ShadowModelling(RandomQueries),12435,1,0.29,0,0.5
dpctgan,ShadowModelling(RandomQueries),12435,0,0.65,1,0.5
dpctgan,ShadowModelling(RandomQueries),12435,1,0.54,1,0.5
dpctgan,ShadowModelling(RandomQueries),12435,0,0.47,0,0.5
dpctgan,ShadowModelling(RandomQueries),12435,1,0.59,1,0.5
dpctgan,ShadowModelling(RandomQueries),12435,0,0.6,1,0.5
dpctgan,ShadowModelling(RandomQueries),12435,1,0.48,0,0.5
dpctgan,ShadowModelling(RandomQueries),12435,0,0.53,1,0.5
dpctgan,ShadowModelling(RandomQueries),12435,1,0.61,1,0.5
dpctgan,ShadowModelling(RandomQueries),12435,0,0.36,0,0.5
dpctgan,ShadowModelling(RandomQueries),12435,1,0.47,0,0.5
dpctgan,ShadowModelling(RandomQueries),12435,0,0.48,0,0.5
dpctgan,ShadowModelling(RandomQueries),12435,1,0.42,0,0.5
dpctgan,ShadowModelling(RandomQueries),12435,0,0.54,1,0.5
dpctgan,ShadowModelling(RandomQueries),12435,1,0.6,1,0.5
dpctgan,ShadowModelling(RandomQueries),12435,0,0.49,0,0.5
dpctgan,ShadowModelling(RandomQueries),12435,1,0.63,1,0.5
dpctgan,ShadowModelling(RandomQueries),12435,0,0.59,1,0.5
dpctgan,ShadowModelling(RandomQueries),12435,1,0.45,0,0.5
dpctgan,ShadowModelling(RandomQueries),12435,0,0.46,0,0.5
dpctgan,ShadowModelling(RandomQueries),12435,1,0.63,1,0.5
dpctgan,ShadowModelling(RandomQueries),12435,0,0.34,0,0.5
dpctgan,ShadowModelling(RandomQueries),12435,1,0.53,1,0.5
dpctgan,ShadowModelling(RandomQueries),12435,0,0.5,0,0.5
dpctgan,ShadowModelling(RandomQueries),12435,1,0.59,1,0.5
dpctgan,ShadowModelling(RandomQueries),12435,0,0.49,0,0.5
dpctgan,ShadowModelling(RandomQueries),12435,1,0.52,1,0.5
dpctgan,ShadowModelling(RandomQueries),12435,0,0.5,0,0.5
dpctgan,ShadowModelling(RandomQueries),12435,1,0.72,1,0.5
dpctgan,ShadowModelling(RandomQueries),12435,0,0.54,1,0.5
dpctgan,ShadowModelling(RandomQueries),12435,1,0.46,0,0.5
dpctgan,ShadowModelling(RandomQueries),12435,0,0.42,0,0.5
dpctgan,ShadowModelling(RandomQueries),12435,1,0.61,1,0.5
dpctgan,ShadowModelling(RandomQueries),12435,0,0.48,0,0.5
dpctgan,ShadowModelling(RandomQueries),12435,1,0.47,0,0.5
dpctgan,ShadowModelling(RandomQueries),12435,0,0.6,1,0.5
dpctgan,ShadowModelling(RandomQueries),12435,1,0.47,0,0.5
dpctgan,ShadowModelling(RandomQueries),12435,0,0.5,0,0.5
dpctgan,ShadowModelling(RandomQueries),12435,1,0.54,1,0.5
dpctgan,ShadowModelling(RandomQueries),12435,0,0.4,0,0.5
dpctgan,ShadowModelling(RandomQueries),12435,1,0.64,1,0.5
dpctgan,ShadowModelling(RandomQueries),12435,0,0.56,1,0.5
dpctgan,ShadowModelling(RandomQueries),12435,1,0.61,1,0.5
dpctgan,ShadowModelling(RandomQueries),12435,0,0.48,0,0.5
dpctgan,ShadowModelling(RandomQueries),12435,1,0.51,1,0.5
dpctgan,ShadowModelling(RandomQueries),12435,0,0.46,0,0.5
dpctgan,ShadowModelling(RandomQueries),12435,1,0.52,1,0.5
dpctgan,ShadowModelling(RandomQueries),12435,0,0.44,0,0.5
dpctgan,ShadowModelling(RandomQueries),12435,1,0.39,0,0.5
dpctgan,ShadowModelling(RandomQueries),12435,0,0.63,1,0.5
dpctgan,ShadowModelling(RandomQueries),12435,1,0.52,1,0.5
dpctgan,ShadowModelling(RandomQueries),12435,0,0.39,0,0.5
dpctgan,ShadowModelling(RandomQueries),12435,1,0.53,1,0.5
dpctgan,ShadowModelling(RandomQueries),12435,0,0.39,0,0.5
dpctgan,ShadowModelling(RandomQueries),12435,1,0.55,1,0.5
dpctgan,ShadowModelling(RandomQueries),12435,0,0.31,0,0.5
dpctgan,ShadowModelling(RandomQueries),12435,1,0.52,1,0.5
dpctgan,ShadowModelling(RandomQueries),12435,0,0.39,0,0.5
dpctgan,ShadowModelling(RandomQueries),12435,1,0.37,0,0.5
dpctgan,ShadowModelling(RandomQueries),12435,0,0.68,1,0.5
dpctgan,ShadowModelling(RandomQueries),12435,1,0.47,0,0.5
dpctgan,ShadowModelling(RandomQueries),12435,0,0.49,0,0.5
dpctgan,ShadowModelling(RandomQueries),12435,1,0.49,0,0.5
dpctgan,ShadowModelling(RandomQueries),12435,0,0.41,0,0.5
dpctgan,ShadowModelling(RandomQueries),12435,1,0.48,0,0.5
dpctgan,ShadowModelling(RandomQueries),12435,0,0.35,0,0.5
dpctgan,ShadowModelling(RandomQueries),12435,1,0.46,0,0.5
dpctgan,ShadowModelling(RandomQueries),12435,0,0.45,0,0.5
dpctgan,ShadowModelling(RandomQueries),12435,1,0.47,0,0.5
dpctgan,ShadowModelling(RandomQueries),12435,0,0.45,0,0.5
dpctgan,ShadowModelling(RandomQueries),12435,1,0.57,1,0.5
dpctgan,ShadowModelling(RandomQueries),12435,0,0.42,0,0.5
dpctgan,ShadowModelling(RandomQueries),12435,1,0.62,1,0.5
dpctgan,ShadowModelling(RandomQueries),12435,0,0.65,1,0.5
dpctgan,ShadowModelling(RandomQueries),12435,1,0.4,0,0.5
dpctgan,ShadowModelling(RandomQueries),12435,0,0.49,0,0.5
dpctgan,ShadowModelling(RandomQueries),12435,1,0.63,1,0.5
dpctgan,ShadowModelling(RandomQueries),12435,0,0.35,0,0.5
dpctgan,ShadowModelling(RandomQueries),12435,1,0.45,0,0.5
dpctgan,ShadowModelling(RandomQueries),12435,0,0.57,1,0.5
dpctgan,ShadowModelling(RandomQueries),12435,1,0.41,0,0.5
dpctgan,ShadowModelling(RandomQueries),12435,0,0.7,1,0.5
dpctgan,ShadowModelling(RandomQueries),12435,1,0.54,1,0.5
dpctgan,ShadowModelling(RandomQueries),12435,0,0.57,1,0.5
dpctgan,ShadowModelling(RandomQueries),12435,1,0.54,1,0.5
dpctgan,ShadowModelling(RandomQueries),12435,0,0.41,0,0.5
dpctgan,ShadowModelling(RandomQueries),12435,1,0.33,0,0.5
dpctgan,ShadowModelling(RandomQueries),12435,0,0.59,1,0.5
dpctgan,ShadowModelling(RandomQueries),12435,1,0.49,0,0.5
dpctgan,ShadowModelling(RandomQueries),12435,0,0.37,0,0.5
dpctgan,ShadowModelling(RandomQueries),12435,1,0.58,1,0.5
dpctgan,ShadowModelling(RandomQueries),12435,0,0.49,0,0.5
dpctgan,ShadowModelling(RandomQueries),12435,1,0.31,0,0.5
dpctgan,ShadowModelling(RandomQueries),12435,0,0.63,1,0.5
dpctgan,ShadowModelling(RandomQueries),12435,1,0.33,0,0.5
dpctgan,ShadowModelling(RandomQueries),12435,0,0.68,1,0.5
dpctgan,ShadowModelling(RandomQueries),12435,1,0.44,0,0.5
dpctgan,ShadowModelling(RandomQueries),12435,0,0.72,1,0.5
dpctgan,ShadowModelling(RandomQueries),12435,1,0.48,0,0.5
dpctgan,ShadowModelling(RandomQueries),12435,0,0.43,0,0.5
dpctgan,ShadowModelling(RandomQueries),12435,1,0.46,0,0.5
dpctgan,ShadowModelling(RandomQueries),12435,0,0.38,0,0.5
dpctgan,ShadowModelling(RandomQueries),12435,1,0.63,1,0.5
dpctgan,ShadowModelling(RandomQueries),12435,0,0.68,1,0.5
dpctgan,ShadowModelling(RandomQueries),12435,1,0.62,1,0.5
dpctgan,ShadowModelling(RandomQueries),12435,0,0.6,1,0.5
dpctgan,ShadowModelling(RandomQueries),12435,1,0.58,1,0.5
dpctgan,ShadowModelling(RandomQueries),12435,0,0.6,1,0.5
dpctgan,ShadowModelling(RandomQueries),12435,1,0.66,1,0.5
dpctgan,ShadowModelling(RandomQueries),12435,0,0.43,0,0.5
dpctgan,ShadowModelling(RandomQueries),12435,1,0.37,0,0.5
dpctgan,ShadowModelling(RandomQueries),12435,0,0.43,0,0.5
dpctgan,ShadowModelling(RandomQueries),12435,1,0.42,0,0.5
dpctgan,ShadowModelling(RandomQueries),12435,0,0.45,0,0.5
dpctgan,ShadowModelling(RandomQueries),12435,1,0.28,0,0.5
dpctgan,ShadowModelling(RandomQueries),12435,0,0.69,1,0.5
dpctgan,ShadowModelling(RandomQueries),12435,1,0.47,0,0.5
dpctgan,ShadowModelling(RandomQueries),12435,0,0.39,0,0.5
dpctgan,ShadowModelling(RandomQueries),12435,1,0.46,0,0.5
dpctgan,ShadowModelling(RandomQueries),12435,0,0.41,0,0.5
dpctgan,ShadowModelling(RandomQueries),12435,1,0.51,1,0.5
dpctgan,ShadowModelling(RandomQueries),12435,0,0.42,0,0.5
dpctgan,ShadowModelling(RandomQueries),12435,1,0.42,0,0.5
dpctgan,ShadowModelling(RandomQueries),12435,0,0.44,0,0.5
dpctgan,ShadowModelling(RandomQueries),12435,1,0.5,0,0.5
dpctgan,ShadowModelling(RandomQueries),12435,0,0.48,0,0.5
dpctgan,ShadowModelling(RandomQueries),12435,1,0.47,0,0.5
dpctgan,ShadowModelling(RandomQueries),12435,0,0.6,1,0.5
dpctgan,ShadowModelling(RandomQueries),12435,1,0.51,1,0.5
dpctgan,ShadowModelling(RandomQueries),12435,0,0.49,0,0.5
dpctgan,ShadowModelling(RandomQueries),12435,1,0.52,1,0.5
dpctgan,ShadowModelling(RandomQueries),12435,0,0.6,1,0.5
dpctgan,ShadowModelling(RandomQueries),12435,1,0.38,0,0.5
dpctgan,ShadowModelling(RandomQueries),12435,0,0.74,1,0.5
dpctgan,ShadowModelling(RandomQueries),12435,1,0.37,0,0.5
dpctgan,ShadowModelling(RandomQueries),12435,0,0.4,0,0.5
dpctgan,ShadowModelling(RandomQueries),12435,1,0.56,1,0.5
dpctgan,ShadowModelling(RandomQueries),12435,0,0.31,0,0.5
dpctgan,ShadowModelling(RandomQueries),12435,1,0.5,0,0.5
dpctgan,ShadowModelling(RandomQueries),12435,0,0.51,1,0.5
dpctgan,ShadowModelling(RandomQueries),12435,1,0.38,0,0.5
dpctgan,ShadowModelling(RandomQueries),12435,0,0.66,1,0.5
dpctgan,ShadowModelling(RandomQueries),12435,1,0.24,0,0.5
dpctgan,ShadowModelling(RandomQueries),12435,0,0.48,0,0.5
dpctgan,ShadowModelling(RandomQueries),12435,1,0.5,0,0.5
dpctgan,ShadowModelling(RandomQueries),12435,0,0.42,0,0.5
dpctgan,ShadowModelling(RandomQueries),12435,1,0.52,1,0.5
dpctgan,ShadowModelling(RandomQueries),12435,0,0.38,0,0.5
dpctgan,ShadowModelling(RandomQueries),12435,1,0.49,0,0.5
dpctgan,ShadowModelling(RandomQueries),12435,0,0.49,0,0.5
dpctgan,ShadowModelling(RandomQueries),12435,1,0.47,0,0.5
dpctgan,ShadowModelling(RandomQueries),12435,0,0.54,1,0.5
dpctgan,ShadowModelling(RandomQueries),12435,1,0.3,0,0.5
dpctgan,ShadowModelling(RandomQueries),12435,0,0.42,0,0.5
dpctgan,ShadowModelling(RandomQueries),12435,1,0.61,1,0.5
dpctgan,ShadowModelling(RandomQueries),12435,0,0.44,0,0.5
dpctgan,ShadowModelling(RandomQueries),12435,1,0.71,1,0.5
dpctgan,ShadowModelling(RandomQueries),12435,0,0.6,1,0.5
dpctgan,ShadowModelling(RandomQueries),12435,1,0.43,0,0.5
dpctgan,ShadowModelling(RandomQueries),12435,0,0.43,0,0.5
dpctgan,ShadowModelling(RandomQueries),12435,1,0.46,0,0.5
dpctgan,ShadowModelling(RandomQueries),12435,0,0.44,0,0.5
dpctgan,ShadowModelling(RandomQueries),12435,1,0.41,0,0.5
dpctgan,ShadowModelling(RandomQueries),12435,0,0.5,0,0.5
dpctgan,ShadowModelling(RandomQueries),12435,1,0.52,1,0.5
dpctgan,ShadowModelling(RandomQueries),12435,0,0.48,0,0.5
dpctgan,ShadowModelling(RandomQueries),12435,1,0.46,0,0.5
dpctgan,ShadowModelling(RandomQueries),12435,0,0.45,0,0.5
dpctgan,ShadowModelling(RandomQueries),12435,1,0.54,1,0.5
dpctgan,ShadowModelling(RandomQueries),12435,0,0.52,1,0.5
dpctgan,ShadowModelling(RandomQueries),12435,1,0.67,1,0.5
dpctgan,ShadowModelling(RandomQueries),12435,0,0.44,0,0.5
dpctgan,ShadowModelling(RandomQueries),12435,1,0.33,0,0.5
dpctgan,ShadowModelling(RandomQueries),12435,0,0.29,0,0.5
dpctgan,ShadowModelling(RandomQueries),12435,1,0.47,0,0.5
dpctgan,ShadowModelling(RandomQueries),12435,0,0.44,0,0.5
dpctgan,ShadowModelling(RandomQueries),12435,1,0.5,0,0.5
dpctgan,ShadowModelling(RandomQueries),12435,0,0.67,1,0.5
dpctgan,ShadowModelling(RandomQueries),12435,1,0.58,1,0.5
dpctgan,ShadowModelling(RandomQueries),12435,0,0.57,1,0.5
dpctgan,ShadowModelling(RandomQueries),12435,1,0.52,1,0.5
dpctgan,ShadowModelling(RandomQueries),12435,0,0.46,0,0.5
dpctgan,ShadowModelling(RandomQueries),12435,1,0.59,1,0.5
dpctgan,ShadowModelling(RandomQueries),12435,0,0.48,0,0.5
dpctgan,ShadowModelling(RandomQueries),12435,1,0.45,0,0.5
dpctgan,ShadowModelling(RandomQueries),12435,0,0.61,1,0.5
dpctgan,ShadowModelling(RandomQueries),12435,1,0.55,1,0.5
dpctgan,ShadowModelling(RandomQueries),12435,0,0.6,1,0.5
dpctgan,ShadowModelling(RandomQueries),12435,1,0.63,1,0.5
dpctgan,ShadowModelling(RandomQueries),12435,0,0.5,0,0.5
dpctgan,ShadowModelling(RandomQueries),12435,1,0.61,1,0.5
dpctgan,ShadowModelling(RandomQueries),12435,0,0.44,0,0.5
dpctgan,ShadowModelling(RandomQueries),12435,1,0.59,1,0.5
dpctgan,ShadowModelling(RandomQueries),12435,0,0.43,0,0.5
dpctgan,ShadowModelling(RandomQueries),12435,1,0.4,0,0.5
dpctgan,ShadowModelling(RandomQueries),12435,0,0.45,0,0.5
dpctgan,ShadowModelling(RandomQueries),12435,1,0.56,1,0.5
dpctgan,ShadowModelling(RandomQueries),12435,0,0.55,1,0.5
dpctgan,ShadowModelling(RandomQueries),12435,1,0.45,0,0.5
dpctgan,ShadowModelling(RandomQueries),12435,0,0.55,1,0.5
dpctgan,ShadowModelling(RandomQueries),12435,1,0.62,1,0.5
dpctgan,ShadowModelling(RandomQueries),12435,0,0.42,0,0.5
dpctgan,ShadowModelling(RandomQueries),12435,1,0.54,1,0.5
dpctgan,ShadowModelling(RandomQueries),12435,0,0.47,0,0.5
dpctgan,ShadowModelling(RandomQueries),12435,1,0.48,0,0.5
dpctgan,ShadowModelling(RandomQueries),12435,0,0.5,0,0.5
dpctgan,ShadowModelling(RandomQueries),12435,1,0.46,0,0.5
dpctgan,ShadowModelling(RandomQueries),12435,0,0.43,0,0.5
dpctgan,ShadowModelling(RandomQueries),12435,1,0.3,0,0.5
dpctgan,ShadowModelling(RandomQueries),12435,0,0.37,0,0.5
dpctgan,ShadowModelling(RandomQueries),12435,1,0.45,0,0.5
dpctgan,ShadowModelling(RandomQueries),12435,0,0.53,1,0.5
dpctgan,ShadowModelling(RandomQueries),12435,1,0.5,0,0.5
dpctgan,ShadowModelling(RandomQueries),12435,0,0.59,1,0.5
dpctgan,ShadowModelling(RandomQueries),12435,1,0.52,1,0.5
dpctgan,ShadowModelling(RandomQueries),12435,0,0.55,1,0.5
dpctgan,ShadowModelling(RandomQueries),12435,1,0.44,0,0.5
dpctgan,ShadowModelling(RandomQueries),12435,0,0.64,1,0.5
dpctgan,ShadowModelling(RandomQueries),12435,1,0.38,0,0.5
dpctgan,ShadowModelling(RandomQueries),12435,0,0.53,1,0.5
dpctgan,ShadowModelling(RandomQueries),12435,1,0.44,0,0.5
dpctgan,ShadowModelling(RandomQueries),12435,0,0.29,0,0.5
dpctgan,ShadowModelling(RandomQueries),12435,1,0.43,0,0.5
dpctgan,ShadowModelling(RandomQueries),12435,0,0.56,1,0.5
dpctgan,ShadowModelling(RandomQueries),12435,1,0.65,1,0.5
dpctgan,ShadowModelling(RandomQueries),12435,0,0.62,1,0.5
dpctgan,ShadowModelling(RandomQueries),12435,1,0.46,0,0.5
dpctgan,ShadowModelling(RandomQueries),12435,0,0.64,1,0.5
dpctgan,ShadowModelling(RandomQueries),12435,1,0.46,0,0.5
dpctgan,ShadowModelling(RandomQueries),12435,0,0.35,0,0.5
dpctgan,ShadowModelling(RandomQueries),12435,1,0.46,0,0.5
dpctgan,ShadowModelling(RandomQueries),12435,0,0.65,1,0.5
dpctgan,ShadowModelling(RandomQueries),12435,1,0.61,1,0.5
dpctgan,ShadowModelling(RandomQueries),12435,0,0.5,0,0.5
dpctgan,ShadowModelling(RandomQueries),12435,1,0.61,1,0.5
dpctgan,ShadowModelling(RandomQueries),12435,0,0.59,1,0.5
dpctgan,ShadowModelling(RandomQueries),12435,1,0.48,0,0.5
dpctgan,ShadowModelling(RandomQueries),12435,0,0.47,0,0.5
dpctgan,ShadowModelling(RandomQueries),12435,1,0.54,1,0.5
dpctgan,ShadowModelling(RandomQueries),12435,0,0.68,1,0.5
dpctgan,ShadowModelling(RandomQueries),12435,1,0.36,0,0.5
dpctgan,ShadowModelling(RandomQueries),12435,0,0.54,1,0.5
dpctgan,ShadowModelling(RandomQueries),12435,1,0.5,0,0.5
dpctgan,ShadowModelling(RandomQueries),12435,0,0.56,1,0.5
dpctgan,ShadowModelling(RandomQueries),12435,1,0.49,0,0.5
dpctgan,ShadowModelling(RandomQueries),12435,0,0.29,0,0.5
dpctgan,ShadowModelling(RandomQueries),12435,1,0.48,0,0.5
dpctgan,ShadowModelling(RandomQueries),12435,0,0.7,1,0.5
dpctgan,ShadowModelling(RandomQueries),12435,1,0.47,0,0.5
dpctgan,ShadowModelling(RandomQueries),12435,0,0.52,1,0.5
dpctgan,ShadowModelling(RandomQueries),12435,1,0.43,0,0.5
dpctgan,ShadowModelling(RandomQueries),12435,0,0.49,0,0.5
dpctgan,ShadowModelling(RandomQueries),12435,1,0.37,0,0.5
dpctgan,ShadowModelling(RandomQueries),12435,0,0.29,0,0.5
dpctgan,ShadowModelling(RandomQueries),12435,1,0.42,0,0.5
dpctgan,ShadowModelling(RandomQueries),12435,0,0.49,0,0.5
dpctgan,ShadowModelling(RandomQueries),12435,1,0.75,1,0.5
dpctgan,ShadowModelling(RandomQueries),12435,0,0.48,0,0.5
dpctgan,ShadowModelling(RandomQueries),12435,1,0.34,0,0.5
dpctgan,ShadowModelling(RandomQueries),12435,0,0.57,1,0.5
dpctgan,ShadowModelling(RandomQueries),12435,1,0.34,0,0.5
dpctgan,ShadowModelling(RandomQueries),12435,0,0.59,1,0.5
dpctgan,ShadowModelling(RandomQueries),12435,1,0.6,1,0.5
dpctgan,ShadowModelling(RandomQueries),12435,0,0.48,0,0.5
dpctgan,ShadowModelling(RandomQueries),12435,1,0.66,1,0.5
dpctgan,ShadowModelling(RandomQueries),12435,0,0.57,1,0.5
dpctgan,ShadowModelling(RandomQueries),12435,1,0.67,1,0.5
dpctgan,ShadowModelling(RandomQueries),12435,0,0.44,0,0.5
dpctgan,ShadowModelling(RandomQueries),12435,1,0.37,0,0.5
dpctgan,ShadowModelling(RandomQueries),12435,0,0.56,1,0.5
dpctgan,ShadowModelling(RandomQueries),12435,1,0.53,1,0.5
dpctgan,ShadowModelling(RandomQueries),12435,0,0.47,0,0.5
dpctgan,ShadowModelling(RandomQueries),12435,1,0.37,0,0.5
dpctgan,ShadowModelling(RandomQueries),12435,0,0.34,0,0.5
dpctgan,ShadowModelling(RandomQueries),12435,1,0.64,1,0.5
dpctgan,ShadowModelling(RandomQueries),12435,0,0.49,0,0.5
dpctgan,ShadowModelling(RandomQueries),12435,1,0.55,1,0.5
dpctgan,ShadowModelling(RandomQueries),12435,0,0.58,1,0.5
dpctgan,ShadowModelling(RandomQueries),12435,1,0.54,1,0.5
dpctgan,ShadowModelling(RandomQueries),12435,0,0.55,1,0.5
dpctgan,ShadowModelling(RandomQueries),12435,1,0.49,0,0.5
dpctgan,ShadowModelling(RandomQueries),12435,0,0.53,1,0.5
dpctgan,ShadowModelling(RandomQueries),12435,1,0.62,1,0.5
dpctgan,ShadowModelling(RandomQueries),12435,0,0.33,0,0.5
dpctgan,ShadowModelling(RandomQueries),12435,1,0.57,1,0.5
dpctgan,ShadowModelling(RandomQueries),12435,0,0.53,1,0.5
dpctgan,ShadowModelling(RandomQueries),12435,1,0.59,1,0.5
dpctgan,ShadowModelling(RandomQueries),12435,0,0.36,0,0.5
dpctgan,ShadowModelling(RandomQueries),12435,1,0.47,0,0.5
dpctgan,ShadowModelling(RandomQueries),12435,0,0.66,1,0.5
dpctgan,ShadowModelling(RandomQueries),12435,1,0.53,1,0.5
dpctgan,ShadowModelling(RandomQueries),12435,0,0.53,1,0.5
dpctgan,ShadowModelling(RandomQueries),12435,1,0.53,1,0.5
dpctgan,ShadowModelling(RandomQueries),12435,0,0.82,1,0.5
dpctgan,ShadowModelling(RandomQueries),12435,1,0.59,1,0.5
dpctgan,ShadowModelling(RandomQueries),12435,0,0.42,0,0.5
dpctgan,ShadowModelling(RandomQueries),12435,1,0.57,1,0.5
dpctgan,ShadowModelling(RandomQueries),12435,0,0.45,0,0.5
dpctgan,ShadowModelling(RandomQueries),12435,1,0.29,0,0.5
dpctgan,ShadowModelling(RandomQueries),12435,0,0.44,0,0.5
dpctgan,ShadowModelling(RandomQueries),12435,1,0.5,0,0.5
dpctgan,ShadowModelling(RandomQueries),12435,0,0.55,1,0.5
dpctgan,ShadowModelling(RandomQueries),12435,1,0.5,0,0.5
dpctgan,ShadowModelling(RandomQueries),12435,0,0.45,0,0.5
dpctgan,ShadowModelling(RandomQueries),12435,1,0.49,0,0.5
dpctgan,ShadowModelling(RandomQueries),12435,0,0.75,1,0.5
dpctgan,ShadowModelling(RandomQueries),12435,1,0.5,0,0.5
dpctgan,ShadowModelling(RandomQueries),12435,0,0.54,1,0.5
dpctgan,ShadowModelling(RandomQueries),12435,1,0.61,1,0.5
dpctgan,ShadowModelling(RandomQueries),12435,0,0.5,0,0.5
dpctgan,ShadowModelling(RandomQueries),12435,1,0.55,1,0.5
dpctgan,ShadowModelling(RandomQueries),12435,0,0.42,0,0.5
dpctgan,ShadowModelling(RandomQueries),12435,1,0.51,1,0.5
dpctgan,ShadowModelling(RandomQueries),12435,0,0.5,0,0.5
dpctgan,ShadowModelling(RandomQueries),12435,1,0.42,0,0.5
dpctgan,ShadowModelling(RandomQueries),12435,0,0.45,0,0.5
dpctgan,ShadowModelling(RandomQueries),12435,1,0.38,0,0.5
dpctgan,ShadowModelling(RandomQueries),12435,0,0.47,0,0.5
dpctgan,ShadowModelling(RandomQueries),12435,1,0.44,0,0.5
dpctgan,ShadowModelling(RandomQueries),12435,0,0.4,0,0.5
dpctgan,ShadowModelling(RandomQueries),12435,1,0.6,1,0.5
dpctgan,ShadowModelling(RandomQueries),12435,0,0.72,1,0.5
dpctgan,ShadowModelling(RandomQueries),12435,1,0.63,1,0.5
dpctgan,ShadowModelling(RandomQueries),12435,0,0.59,1,0.5
dpctgan,ShadowModelling(RandomQueries),12435,1,0.49,0,0.5
dpctgan,ShadowModelling(RandomQueries),12435,0,0.45,0,0.5
dpctgan,ShadowModelling(RandomQueries),12435,1,0.58,1,0.5
dpctgan,ShadowModelling(RandomQueries),12435,0,0.5,0,0.5
dpctgan,ShadowModelling(RandomQueries),12435,1,0.41,0,0.5
dpctgan,ShadowModelling(RandomQueries),12435,0,0.5,0,0.5
dpctgan,ShadowModelling(RandomQueries),12435,1,0.38,0,0.5
dpctgan,ShadowModelling(RandomQueries),12435,0,0.58,1,0.5
dpctgan,ShadowModelling(RandomQueries),12435,1,0.39,0,0.5
dpctgan,ShadowModelling(RandomQueries),12435,0,0.46,0,0.5
dpctgan,ShadowModelling(RandomQueries),12435,1,0.52,1,0.5
dpctgan,ShadowModelling(RandomQueries),12435,0,0.48,0,0.5
dpctgan,ShadowModelling(RandomQueries),12435,1,0.61,1,0.5
dpctgan,ShadowModelling(RandomQueries),12435,0,0.43,0,0.5
dpctgan,ShadowModelling(RandomQueries),12435,1,0.3,0,0.5
dpctgan,ShadowModelling(RandomQueries),12435,0,0.46,0,0.5
dpctgan,ShadowModelling(RandomQueries),12435,1,0.6,1,0.5
dpctgan,ShadowModelling(RandomQueries),12435,0,0.43,0,0.5
dpctgan,ShadowModelling(RandomQueries),12435,1,0.39,0,0.5
dpctgan,ShadowModelling(RandomQueries),12435,0,0.5,0,0.5
dpctgan,ShadowModelling(RandomQueries),12435,1,0.51,1,0.5
dpctgan,ShadowModelling(RandomQueries),12435,0,0.36,0,0.5
dpctgan,ShadowModelling(RandomQueries),12435,1,0.56,1,0.5
dpctgan,ShadowModelling(RandomQueries),12435,0,0.26,0,0.5
dpctgan,ShadowModelling(RandomQueries),12435,1,0.51,1,0.5
dpctgan,ShadowModelling(RandomQueries),12435,0,0.67,1,0.5
dpctgan,ShadowModelling(RandomQueries),12435,1,0.58,1,0.5
dpctgan,ShadowModelling(RandomQueries),12435,0,0.6,1,0.5
dpctgan,ShadowModelling(RandomQueries),12435,1,0.61,1,0.5
dpctgan,ShadowModelling(RandomQueries),12435,0,0.4,0,0.5
dpctgan,ShadowModelling(RandomQueries),12435,1,0.37,0,0.5
dpctgan,ShadowModelling(RandomQueries),12435,0,0.48,0,0.5
dpctgan,ShadowModelling(RandomQueries),12435,1,0.39,0,0.5
dpctgan,ShadowModelling(RandomQueries),12435,0,0.5,0,0.5
dpctgan,ShadowModelling(RandomQueries),12435,1,0.42,0,0.5
dpctgan,ShadowModelling(RandomQueries),12435,0,0.44,0,0.5
dpctgan,ShadowModelling(RandomQueries),12435,1,0.56,1,0.5
dpctgan,ShadowModelling(RandomQueries),12435,0,0.62,1,0.5
dpctgan,ShadowModelling(RandomQueries),12435,1,0.53,1,0.5
dpctgan,ShadowModelling(RandomQueries),12435,0,0.37,0,0.5
dpctgan,ShadowModelling(RandomQueries),12435,1,0.44,0,0.5
dpctgan,ShadowModelling(RandomQueries),12435,0,0.49,0,0.5
dpctgan,ShadowModelling(RandomQueries),12435,1,0.52,1,0.5
dpctgan,ShadowModelling(RandomQueries),12435,0,0.35,0,0.5
dpctgan,ShadowModelling(RandomQueries),12435,1,0.55,1,0.5
dpctgan,ShadowModelling(RandomQueries),12435,0,0.28,0,0.5
dpctgan,ShadowModelling(RandomQueries),12435,1,0.52,1,0.5
dpctgan,ShadowModelling(RandomQueries),12435,0,0.52,1,0.5
dpctgan,ShadowModelling(RandomQueries),12435,1,0.49,0,0.5
dpctgan,ShadowModelling(RandomQueries),12435,0,0.44,0,0.5
dpctgan,ShadowModelling(RandomQueries),12435,1,0.66,1,0.5
dpctgan,ShadowModelling(RandomQueries),12435,0,0.46,0,0.5
dpctgan,ShadowModelling(RandomQueries),12435,1,0.76,1,0.5
dpctgan,ShadowModelling(RandomQueries),12435,0,0.49,0,0.5
dpctgan,ShadowModelling(RandomQueries),12435,1,0.53,1,0.5
dpctgan,ShadowModelling(RandomQueries),12435,0,0.68,1,0.5
dpctgan,ShadowModelling(RandomQueries),12435,1,0.52,1,0.5
dpctgan,ShadowModelling(RandomQueries),12435,0,0.76,1,0.5
dpctgan,ShadowModelling(RandomQueries),12435,1,0.57,1,0.5
dpctgan,ShadowModelling(RandomQueries),12435,0,0.46,0,0.5
dpctgan,ShadowModelling(RandomQueries),12435,1,0.36,0,0.5
dpctgan,ShadowModelling(RandomQueries),12435,0,0.46,0,0.5
dpctgan,ShadowModelling(RandomQueries),12435,1,0.53,1,0.5
dpctgan,ShadowModelling(RandomQueries),12435,0,0.46,0,0.5
dpctgan,ShadowModelling(RandomQueries),12435,1,0.5,0,0.5
dpctgan,ShadowModelling(RandomQueries),12435,0,0.53,1,0.5
dpctgan,ShadowModelling(RandomQueries),12435,1,0.65,1,0.5
dpctgan,ShadowModelling(RandomQueries),12435,0,0.54,1,0.5
dpctgan,ShadowModelling(RandomQueries),12435,1,0.37,0,0.5
dpctgan,ShadowModelling(RandomQueries),12435,0,0.52,1,0.5
dpctgan,ShadowModelling(RandomQueries),12435,1,0.45,0,0.5
dpctgan,ShadowModelling(RandomQueries),12435,0,0.33,0,0.5
dpctgan,ShadowModelling(RandomQueries),12435,1,0.5,0,0.5
dpctgan,ShadowModelling(RandomQueries),12435,0,0.56,1,0.5
dpctgan,ShadowModelling(RandomQueries),12435,1,0.45,0,0.5
dpctgan,ShadowModelling(RandomQueries),12435,0,0.49,0,0.5
dpctgan,ShadowModelling(RandomQueries),12435,1,0.38,0,0.5
dpctgan,ShadowModelling(RandomQueries),12435,0,0.36,0,0.5
dpctgan,ShadowModelling(RandomQueries),12435,1,0.45,0,0.5
dpctgan,ShadowModelling(RandomQueries),12435,0,0.51,1,0.5
dpctgan,ShadowModelling(RandomQueries),12435,1,0.42,0,0.5
dpctgan,ShadowModelling(RandomQueries),12435,0,0.59,1,0.5
dpctgan,ShadowModelling(RandomQueries),12435,1,0.72,1,0.5
dpctgan,ShadowModelling(RandomQueries),12435,0,0.5,0,0.5
dpctgan,ShadowModelling(RandomQueries),12435,1,0.47,0,0.5
dpctgan,ShadowModelling(RandomQueries),12435,0,0.48,0,0.5
dpctgan,ShadowModelling(RandomQueries),12435,1,0.45,0,0.5
dpctgan,ShadowModelling(RandomQueries),12435,0,0.45,0,0.5
dpctgan,ShadowModelling(RandomQueries),12435,1,0.51,1,0.5
dpctgan,ShadowModelling(RandomQueries),12435,0,0.61,1,0.5
dpctgan,ShadowModelling(RandomQueries),12435,1,0.55,1,0.5
dpctgan,ShadowModelling(RandomQueries),12435,0,0.49,0,0.5
dpctgan,ShadowModelling(RandomQueries),12435,1,0.27,0,0.5
dpctgan,ShadowModelling(RandomQueries),12435,0,0.67,1,0.5
dpctgan,ShadowModelling(RandomQueries),12435,1,0.5,0,0.5
dpctgan,ShadowModelling(RandomQueries),12435,0,0.71,1,0.5
dpctgan,ShadowModelling(RandomQueries),12435,1,0.51,1,0.5
dpctgan,ShadowModelling(RandomQueries),12435,0,0.63,1,0.5
dpctgan,ShadowModelling(RandomQueries),12435,1,0.65,1,0.5
dpctgan,ShadowModelling(RandomQueries),12435,0,0.3,0,0.5
dpctgan,ShadowModelling(RandomQueries),12435,1,0.55,1,0.5
dpctgan,ShadowModelling(RandomQueries),12435,0,0.49,0,0.5
dpctgan,ShadowModelling(RandomQueries),12435,1,0.47,0,0.5
dpctgan,ShadowModelling(RandomQueries),12435,0,0.44,0,0.5
dpctgan,ShadowModelling(RandomQueries),12435,1,0.68,1,0.5
dpctgan,ShadowModelling(RandomQueries),12435,0,0.54,1,0.5
dpctgan,ShadowModelling(RandomQueries),12435,1,0.41,0,0.5
dpctgan,ShadowModelling(RandomQueries),12435,0,0.6,1,0.5
dpctgan,ShadowModelling(RandomQueries),12435,1,0.43,0,0.5
dpctgan,ShadowModelling(RandomQueries),12435,0,0.48,0,0.5
dpctgan,ShadowModelling(RandomQueries),12435,1,0.54,1,0.5
dpctgan,ShadowModelling(RandomQueries),12435,0,0.57,1,0.5
dpctgan,ShadowModelling(RandomQueries),12435,1,0.48,0,0.5
dpctgan,ShadowModelling(RandomQueries),12435,0,0.64,1,0.5
dpctgan,ShadowModelling(RandomQueries),12435,1,0.68,1,0.5
dpctgan,ShadowModelling(RandomQueries),12435,0,0.51,1,0.5
dpctgan,ShadowModelling(RandomQueries),12435,1,0.58,1,0.5
dpctgan,ShadowModelling(RandomQueries),12435,0,0.56,1,0.5
dpctgan,ShadowModelling(RandomQueries),12435,1,0.73,1,0.5
dpctgan,ShadowModelling(RandomQueries),12435,0,0.56,1,0.5
dpctgan,ShadowModelling(RandomQueries),12435,1,0.58,1,0.5
dpctgan,ShadowModelling(RandomQueries),12435,0,0.52,1,0.5
dpctgan,ShadowModelling(RandomQueries),12435,1,0.69,1,0.5
dpctgan,ShadowModelling(RandomQueries),12435,0,0.48,0,0.5
dpctgan,ShadowModelling(RandomQueries),12435,1,0.44,0,0.5
dpctgan,ShadowModelling(RandomQueries),12435,0,0.52,1,0.5
dpctgan,ShadowModelling(RandomQueries),12435,1,0.52,1,0.5
dpctgan,ShadowModelling(RandomQueries),12435,0,0.57,1,0.5
dpctgan,ShadowModelling(RandomQueries),12435,1,0.59,1,0.5
dpctgan,ShadowModelling(RandomQueries),12435,0,0.36,0,0.5
dpctgan,ShadowModelling(RandomQueries),12435,1,0.48,0,0.5
dpctgan,ShadowModelling(RandomQueries),12435,0,0.61,1,0.5
dpctgan,ShadowModelling(RandomQueries),12435,1,0.38,0,0.5
dpctgan,ShadowModelling(RandomQueries),12435,0,0.35,0,0.5
dpctgan,ShadowModelling(RandomQueries),12435,1,0.44,0,0.5
dpctgan,ShadowModelling(RandomQueries),12435,0,0.43,0,0.5
dpctgan,ShadowModelling(RandomQueries),12435,1,0.63,1,0.5
dpctgan,ShadowModelling(RandomQueries),12435,0,0.43,0,0.5
dpctgan,ShadowModelling(RandomQueries),12435,1,0.45,0,0.5
dpctgan,ShadowModelling(RandomQueries),12435,0,0.58,1,0.5
dpctgan,ShadowModelling(RandomQueries),12435,1,0.51,1,0.5
dpctgan,ShadowModelling(RandomQueries),12435,0,0.55,1,0.5
dpctgan,ShadowModelling(RandomQueries),12435,1,0.53,1,0.5
dpctgan,ShadowModelling(RandomQueries),12435,0,0.39,0,0.5
dpctgan,ShadowModelling(RandomQueries),12435,1,0.31,0,0.5
dpctgan,ShadowModelling(RandomQueries),12435,0,0.53,1,0.5
dpctgan,ShadowModelling(RandomQueries),12435,1,0.58,1,0.5
dpctgan,ShadowModelling(RandomQueries),12435,0,0.52,1,0.5
dpctgan,ShadowModelling(RandomQueries),12435,1,0.67,1,0.5
dpctgan,ShadowModelling(RandomQueries),12435,0,0.53,1,0.5
dpctgan,ShadowModelling(RandomQueries),12435,1,0.57,1,0.5
dpctgan,ShadowModelling(RandomQueries),12435,0,0.5,0,0.5
dpctgan,ShadowModelling(RandomQueries),12435,1,0.58,1,0.5
dpctgan,ShadowModelling(RandomQueries),12435,0,0.65,1,0.5
dpctgan,ShadowModelling(RandomQueries),12435,1,0.6,1,0.5
dpctgan,ShadowModelling(RandomQueries),12435,0,0.33,0,0.5
dpctgan,ShadowModelling(RandomQueries),12435,1,0.41,0,0.5
dpctgan,ShadowModelling(RandomQueries),12435,0,0.4,0,0.5
dpctgan,ShadowModelling(RandomQueries),12435,1,0.43,0,0.5
dpctgan,ShadowModelling(RandomQueries),12435,0,0.52,1,0.5
dpctgan,ShadowModelling(RandomQueries),12435,1,0.52,1,0.5
dpctgan,ShadowModelling(RandomQueries),12435,0,0.63,1,0.5
dpctgan,ShadowModelling(RandomQueries),12435,1,0.44,0,0.5
dpctgan,ShadowModelling(RandomQueries),12435,0,0.32,0,0.5
dpctgan,ShadowModelling(RandomQueries),12435,1,0.5,0,0.5
dpctgan,ShadowModelling(RandomQueries),12435,0,0.44,0,0.5
dpctgan,ShadowModelling(RandomQueries),12435,1,0.63,1,0.5
dpctgan,ShadowModelling(RandomQueries),12435,0,0.44,0,0.5
dpctgan,ShadowModelling(RandomQueries),12435,1,0.48,0,0.5
dpctgan,ShadowModelling(RandomQueries),12435,0,0.64,1,0.5
dpctgan,ShadowModelling(RandomQueries),12435,1,0.44,0,0.5
dpctgan,ShadowModelling(RandomQueries),12435,0,0.49,0,0.5
dpctgan,ShadowModelling(RandomQueries),12435,1,0.6,1,0.5
dpctgan,ShadowModelling(RandomQueries),12435,0,0.54,1,0.5
dpctgan,ShadowModelling(RandomQueries),12435,1,0.52,1,0.5
dpctgan,ShadowModelling(RandomQueries),12435,0,0.45,0,0.5
dpctgan,ShadowModelling(RandomQueries),12435,1,0.56,1,0.5
dpctgan,ShadowModelling(RandomQueries),12435,0,0.55,1,0.5
dpctgan,ShadowModelling(RandomQueries),12435,1,0.66,1,0.5
dpctgan,ShadowModelling(RandomQueries),12435,0,0.59,1,0.5
dpctgan,ShadowModelling(RandomQueries),12435,1,0.47,0,0.5
dpctgan,ShadowModelling(RandomQueries),12435,0,0.63,1,0.5
dpctgan,ShadowModelling(RandomQueries),12435,1,0.35,0,0.5
dpctgan,ShadowModelling(RandomQueries),12435,0,0.46,0,0.5
dpctgan,ShadowModelling(RandomQueries),12435,1,0.61,1,0.5
dpctgan,ShadowModelling(RandomQueries),12435,0,0.49,0,0.5
dpctgan,ShadowModelling(RandomQueries),12435,1,0.44,0,0.5
dpctgan,ShadowModelling(RandomQueries),12435,0,0.34,0,0.5
dpctgan,ShadowModelling(RandomQueries),12435,1,0.61,1,0.5
dpctgan,ShadowModelling(RandomQueries),12435,0,0.61,1,0.5
dpctgan,ShadowModelling(RandomQueries),12435,1,0.49,0,0.5
dpctgan,ShadowModelling(RandomQueries),12435,0,0.59,1,0.5
dpctgan,ShadowModelling(RandomQueries),12435,1,0.59,1,0.5
dpctgan,ShadowModelling(RandomQueries),12435,0,0.4,0,0.5
dpctgan,ShadowModelling(RandomQueries),12435,1,0.5,0,0.5
dpctgan,ShadowModelling(RandomQueries),12435,0,0.36,0,0.5
dpctgan,ShadowModelling(RandomQueries),12435,1,0.43,0,0.5
dpctgan,ShadowModelling(RandomQueries),12435,0,0.44,0,0.5
dpctgan,ShadowModelling(RandomQueries),12435,1,0.31,0,0.5
dpctgan,ShadowModelling(RandomQueries),12435,0,0.42,0,0.5
dpctgan,ShadowModelling(RandomQueries),12435,1,0.45,0,0.5
dpctgan,ShadowModelling(RandomQueries),12435,0,0.49,0,0.5
dpctgan,ShadowModelling(RandomQueries),12435,1,0.57,1,0.5
dpctgan,ShadowModelling(RandomQueries),12435,0,0.28,0,0.5
dpctgan,ShadowModelling(RandomQueries),12435,1,0.52,1,0.5
dpctgan,ShadowModelling(RandomQueries),12435,0,0.49,0,0.5
dpctgan,ShadowModelling(RandomQueries),12435,1,0.44,0,0.5
dpctgan,ShadowModelling(RandomQueries),12435,0,0.53,1,0.5
dpctgan,ShadowModelling(RandomQueries),12435,1,0.59,1,0.5
dpctgan,ShadowModelling(RandomQueries),12435,0,0.4,0,0.5
dpctgan,ShadowModelling(RandomQueries),12435,1,0.63,1,0.5
dpctgan,ShadowModelling(RandomQueries),12435,0,0.74,1,0.5
dpctgan,ShadowModelling(RandomQueries),12435,1,0.54,1,0.5
dpctgan,ShadowModelling(RandomQueries),12435,0,0.59,1,0.5
dpctgan,ShadowModelling(RandomQueries),12435,1,0.38,0,0.5
dpctgan,ShadowModelling(RandomQueries),12435,0,0.48,0,0.5
dpctgan,ShadowModelling(RandomQueries),12435,1,0.4,0,0.5
dpctgan,ShadowModelling(RandomQueries),12435,0,0.39,0,0.5
dpctgan,ShadowModelling(RandomQueries),12435,1,0.6,1,0.5
dpctgan,ShadowModelling(RandomQueries),12435,0,0.51,1,0.5
dpctgan,ShadowModelling(RandomQueries),12435,1,0.32,0,0.5
dpctgan,ShadowModelling(RandomQueries),12435,0,0.61,1,0.5
dpctgan,ShadowModelling(RandomQueries),12435,1,0.37,0,0.5
dpctgan,ShadowModelling(RandomQueries),12435,0,0.56,1,0.5
dpctgan,ShadowModelling(RandomQueries),12435,1,0.29,0,0.5
dpctgan,ShadowModelling(RandomQueries),12435,0,0.61,1,0.5
dpctgan,ShadowModelling(RandomQueries),12435,1,0.34,0,0.5
dpctgan,ShadowModelling(RandomQueries),12435,0,0.5,0,0.5
dpctgan,ShadowModelling(RandomQueries),12435,1,0.56,1,0.5
dpctgan,ShadowModelling(RandomQueries),12435,0,0.54,1,0.5
dpctgan,ShadowModelling(RandomQueries),12435,1,0.39,0,0.5
dpctgan,ShadowModelling(RandomQueries),12435,0,0.45,0,0.5
dpctgan,ShadowModelling(RandomQueries),12435,1,0.57,1,0.5
dpctgan,ShadowModelling(RandomQueries),12435,0,0.46,0,0.5
dpctgan,ShadowModelling(RandomQueries),12435,1,0.45,0,0.5
dpctgan,ShadowModelling(RandomQueries),12435,0,0.6,1,0.5
dpctgan,ShadowModelling(RandomQueries),12435,1,0.66,1,0.5
dpctgan,ShadowModelling(RandomQueries),12435,0,0.6,1,0.5
dpctgan,ShadowModelling(RandomQueries),12435,1,0.45,0,0.5
dpctgan,ShadowModelling(RandomQueries),12435,0,0.38,0,0.5
dpctgan,ShadowModelling(RandomQueries),12435,1,0.55,1,0.5
dpctgan,ShadowModelling(RandomQueries),12435,0,0.65,1,0.5
dpctgan,ShadowModelling(RandomQueries),12435,1,0.23,0,0.5
dpctgan,ShadowModelling(RandomQueries),12435,0,0.53,1,0.5
dpctgan,ShadowModelling(RandomQueries),12435,1,0.51,1,0.5
dpctgan,ShadowModelling(RandomQueries),12435,0,0.56,1,0.5
dpctgan,ShadowModelling(RandomQueries),12435,1,0.36,0,0.5
dpctgan,ShadowModelling(RandomQueries),12435,0,0.46,0,0.5
dpctgan,ShadowModelling(RandomQueries),12435,1,0.55,1,0.5
dpctgan,ShadowModelling(RandomQueries),12435,0,0.37,0,0.5
dpctgan,ShadowModelling(RandomQueries),12435,1,0.6,1,0.5
dpctgan,ShadowModelling(RandomQueries),12435,0,0.51,1,0.5
dpctgan,ShadowModelling(RandomQueries),12435,1,0.35,0,0.5
dpctgan,ShadowModelling(RandomQueries),12435,0,0.32,0,0.5
dpctgan,ShadowModelling(RandomQueries),12435,1,0.46,0,0.5
dpctgan,ShadowModelling(RandomQueries),12435,0,0.46,0,0.5
dpctgan,ShadowModelling(RandomQueries),12435,1,0.49,0,0.5
dpctgan,ShadowModelling(RandomQueries),12435,0,0.46,0,0.5
dpctgan,ShadowModelling(RandomQueries),12435,1,0.54,1,0.5
dpctgan,ShadowModelling(RandomQueries),12435,0,0.53,1,0.5
dpctgan,ShadowModelling(RandomQueries),12435,1,0.52,1,0.5
dpctgan,ShadowModelling(RandomQueries),12435,0,0.44,0,0.5
dpctgan,ShadowModelling(RandomQueries),12435,1,0.56,1,0.5
dpctgan,ShadowModelling(RandomQueries),12435,0,0.51,1,0.5
dpctgan,ShadowModelling(RandomQueries),12435,1,0.61,1,0.5
dpctgan,ShadowModelling(RandomQueries),12435,0,0.58,1,0.5
dpctgan,ShadowModelling(RandomQueries),12435,1,0.45,0,0.5
dpctgan,ShadowModelling(RandomQueries),12435,0,0.5,0,0.5
dpctgan,ShadowModelling(RandomQueries),12435,1,0.59,1,0.5
dpctgan,ShadowModelling(RandomQueries),12435,0,0.52,1,0.5
dpctgan,ShadowModelling(RandomQueries),12435,1,0.46,0,0.5
dpctgan,ShadowModelling(RandomQueries),12435,0,0.64,1,0.5
dpctgan,ShadowModelling(RandomQueries),12435,1,0.53,1,0.5
dpctgan,ShadowModelling(RandomQueries),12435,0,0.66,1,0.5
dpctgan,ShadowModelling(RandomQueries),12435,1,0.72,1,0.5
dpctgan,ShadowModelling(RandomQueries),12435,0,0.64,1,0.5
dpctgan,ShadowModelling(RandomQueries),12435,1,0.54,1,0.5
dpctgan,ShadowModelling(RandomQueries),12435,0,0.31,0,0.5
dpctgan,ShadowModelling(RandomQueries),12435,1,0.48,0,0.5
dpctgan,ShadowModelling(RandomQueries),12435,0,0.47,0,0.5
dpctgan,ShadowModelling(RandomQueries),12435,1,0.4,0,0.5
dpctgan,ShadowModelling(RandomQueries),12435,0,0.65,1,0.5
dpctgan,ShadowModelling(RandomQueries),12435,1,0.48,0,0.5
dpctgan,ShadowModelling(RandomQueries),12435,0,0.34,0,0.5
dpctgan,ShadowModelling(RandomQueries),12435,1,0.54,1,0.5
dpctgan,ShadowModelling(RandomQueries),12435,0,0.37,0,0.5
dpctgan,ShadowModelling(RandomQueries),12435,1,0.48,0,0.5
dpctgan,ShadowModelling(RandomQueries),12435,0,0.42,0,0.5
dpctgan,ShadowModelling(RandomQueries),12435,1,0.51,1,0.5
dpctgan,ShadowModelling(RandomQueries),12435,0,0.74,1,0.5
dpctgan,ShadowModelling(RandomQueries),12435,1,0.44,0,0.5
dpctgan,ShadowModelling(RandomQueries),12435,0,0.68,1,0.5
dpctgan,ShadowModelling(RandomQueries),12435,1,0.49,0,0.5
dpctgan,ShadowModelling(RandomQueries),12435,0,0.38,0,0.5
dpctgan,ShadowModelling(RandomQueries),12435,1,0.5,0,0.5
dpctgan,ShadowModelling(RandomQueries),12435,0,0.53,1,0.5
dpctgan,ShadowModelling(RandomQueries),12435,1,0.47,0,0.5
dpctgan,ShadowModelling(RandomQueries),12435,0,0.68,1,0.5
dpctgan,ShadowModelling(RandomQueries),12435,1,0.55,1,0.5
dpctgan,ShadowModelling(RandomQueries),12435,0,0.47,0,0.5
dpctgan,ShadowModelling(RandomQueries),12435,1,0.47,0,0.5
dpctgan,ShadowModelling(RandomQueries),12435,0,0.41,0,0.5
dpctgan,ShadowModelling(RandomQueries),12435,1,0.19,0,0.5
dpctgan,ShadowModelling(RandomQueries),12435,0,0.58,1,0.5
dpctgan,ShadowModelling(RandomQueries),12435,1,0.56,1,0.5
dpctgan,ShadowModelling(RandomQueries),12435,0,0.41,0,0.5
dpctgan,ShadowModelling(RandomQueries),12435,1,0.57,1,0.5
dpctgan,ShadowModelling(RandomQueries),12435,0,0.51,1,0.5
dpctgan,ShadowModelling(RandomQueries),12435,1,0.53,1,0.5
dpctgan,ShadowModelling(RandomQueries),12435,0,0.52,1,0.5
dpctgan,ShadowModelling(RandomQueries),12435,1,0.54,1,0.5
dpctgan,ShadowModelling(RandomQueries),12435,0,0.48,0,0.5
dpctgan,ShadowModelling(RandomQueries),12435,1,0.61,1,0.5
dpctgan,ShadowModelling(RandomQueries),12435,0,0.56,1,0.5
dpctgan,ShadowModelling(RandomQueries),12435,1,0.5,0,0.5
dpctgan,ShadowModelling(RandomQueries),12435,0,0.59,1,0.5
dpctgan,ShadowModelling(RandomQueries),12435,1,0.34,0,0.5
dpctgan,ShadowModelling(RandomQueries),12435,0,0.38,0,0.5
dpctgan,ShadowModelling(RandomQueries),12435,1,0.36,0,0.5
dpctgan,ShadowModelling(RandomQueries),12435,0,0.63,1,0.5
dpctgan,ShadowModelling(RandomQueries),12435,1,0.65,1,0.5
dpctgan,ShadowModelling(RandomQueries),12435,0,0.44,0,0.5
dpctgan,ShadowModelling(RandomQueries),12435,1,0.53,1,0.5
dpctgan,ShadowModelling(RandomQueries),12435,0,0.58,1,0.5
dpctgan,ShadowModelling(RandomQueries),12435,1,0.52,1,0.5
dpctgan,ShadowModelling(RandomQueries),12435,0,0.71,1,0.5
dpctgan,ShadowModelling(RandomQueries),12435,1,0.38,0,0.5
dpctgan,ShadowModelling(RandomQueries),12435,0,0.61,1,0.5
dpctgan,ShadowModelling(RandomQueries),12435,1,0.44,0,0.5
dpctgan,ShadowModelling(RandomQueries),12435,0,0.49,0,0.5
dpctgan,ShadowModelling(RandomQueries),12435,1,0.55,1,0.5
dpctgan,ShadowModelling(RandomQueries),12435,0,0.51,1,0.5
dpctgan,ShadowModelling(RandomQueries),12435,1,0.56,1,0.5
dpctgan,ShadowModelling(RandomQueries),12435,0,0.35,0,0.5
dpctgan,ShadowModelling(RandomQueries),12435,1,0.5,0,0.5
dpctgan,ShadowModelling(RandomQueries),12435,0,0.58,1,0.5
dpctgan,ShadowModelling(RandomQueries),12435,1,0.58,1,0.5
dpctgan,ShadowModelling(RandomQueries),12435,0,0.55,1,0.5
dpctgan,ShadowModelling(RandomQueries),12435,1,0.39,0,0.5
dpctgan,ShadowModelling(RandomQueries),12435,0,0.72,1,0.5
dpctgan,ShadowModelling(RandomQueries),12435,1,0.42,0,0.5
dpctgan,ShadowModelling(RandomQueries),12435,0,0.67,1,0.5
dpctgan,ShadowModelling(RandomQueries),12435,1,0.33,0,0.5
dpctgan,ShadowModelling(RandomQueries),12435,0,0.52,1,0.5
dpctgan,ShadowModelling(RandomQueries),12435,1,0.45,0,0.5
dpctgan,ShadowModelling(RandomQueries),12435,0,0.54,1,0.5
dpctgan,ShadowModelling(RandomQueries),12435,1,0.41,0,0.5
dpctgan,ShadowModelling(RandomQueries),12435,0,0.34,0,0.5
dpctgan,ShadowModelling(RandomQueries),12435,1,0.72,1,0.5
dpctgan,ShadowModelling(RandomQueries),12435,0,0.67,1,0.5
dpctgan,ShadowModelling(RandomQueries),12435,1,0.5,0,0.5
dpctgan,ShadowModelling(RandomQueries),12435,0,0.51,1,0.5
dpctgan,ShadowModelling(RandomQueries),12435,1,0.54,1,0.5
dpctgan,ShadowModelling(RandomQueries),12435,0,0.27,0,0.5
dpctgan,ShadowModelling(RandomQueries),12435,1,0.53,1,0.5
dpctgan,ShadowModelling(RandomQueries),12435,0,0.4,0,0.5
dpctgan,ShadowModelling(RandomQueries),12435,1,0.4,0,0.5
dpctgan,ShadowModelling(RandomQueries),12435,0,0.59,1,0.5
dpctgan,ShadowModelling(RandomQueries),12435,1,0.51,1,0.5
dpctgan,ShadowModelling(RandomQueries),12435,0,0.43,0,0.5
dpctgan,ShadowModelling(RandomQueries),12435,1,0.52,1,0.5
dpctgan,ShadowModelling(RandomQueries),12435,0,0.48,0,0.5
dpctgan,ShadowModelling(RandomQueries),12435,1,0.54,1,0.5
dpctgan,ShadowModelling(RandomQueries),12435,0,0.48,0,0.5
dpctgan,ShadowModelling(RandomQueries),12435,1,0.49,0,0.5
dpctgan,ShadowModelling(RandomQueries),12435,0,0.46,0,0.5
dpctgan,ShadowModelling(RandomQueries),12435,1,0.48,0,0.5
dpctgan,ShadowModelling(RandomQueries),12435,0,0.55,1,0.5
dpctgan,ShadowModelling(RandomQueries),12435,1,0.42,0,0.5
dpctgan,ShadowModelling(RandomQueries),12435,0,0.45,0,0.5
dpctgan,ShadowModelling(RandomQueries),12435,1,0.59,1,0.5
dpctgan,ShadowModelling(RandomQueries),12435,0,0.36,0,0.5
dpctgan,ShadowModelling(RandomQueries),12435,1,0.56,1,0.5
dpctgan,ShadowModelling(RandomQueries),12435,0,0.51,1,0.5
dpctgan,ShadowModelling(RandomQueries),12435,1,0.37,0,0.5
dpctgan,ShadowModelling(RandomQueries),12435,0,0.51,1,0.5
dpctgan,ShadowModelling(RandomQueries),12435,1,0.47,0,0.5
dpctgan,ShadowModelling(RandomQueries),12435,0,0.53,1,0.5
dpctgan,ShadowModelling(RandomQueries),12435,1,0.67,1,0.5
dpctgan,ShadowModelling(RandomQueries),12435,0,0.45,0,0.5
dpctgan,ShadowModelling(RandomQueries),12435,1,0.52,1,0.5
dpctgan,ShadowModelling(RandomQueries),12435,0,0.56,1,0.5
dpctgan,ShadowModelling(RandomQueries),12435,1,0.39,0,0.5
dpctgan,ShadowModelling(RandomQueries),12435,0,0.44,0,0.5
dpctgan,ShadowModelling(RandomQueries),12435,1,0.66,1,0.5
dpctgan,ShadowModelling(RandomQueries),12435,0,0.58,1,0.5
dpctgan,ShadowModelling(RandomQueries),12435,1,0.53,1,0.5
dpctgan,ShadowModelling(RandomQueries),12435,0,0.38,0,0.5
dpctgan,ShadowModelling(RandomQueries),12435,1,0.29,0,0.5
dpctgan,ShadowModelling(RandomQueries),12435,0,0.63,1,0.5
dpctgan,ShadowModelling(RandomQueries),12435,1,0.49,0,0.5
dpctgan,ShadowModelling(RandomQueries),12435,0,0.49,0,0.5
dpctgan,ShadowModelling(RandomQueries),12435,1,0.53,1,0.5
dpctgan,ShadowModelling(RandomQueries),12435,0,0.6,1,0.5
dpctgan,ShadowModelling(RandomQueries),12435,1,0.53,1,0.5
dpctgan,ShadowModelling(RandomQueries),12435,0,0.41,0,0.5
dpctgan,ShadowModelling(RandomQueries),12435,1,0.8,1,0.5
dpctgan,ShadowModelling(RandomQueries),12435,0,0.77,1,0.5
dpctgan,ShadowModelling(RandomQueries),12435,1,0.53,1,0.5
dpctgan,ShadowModelling(RandomQueries),12435,0,0.52,1,0.5
dpctgan,ShadowModelling(RandomQueries),12435,1,0.54,1,0.5
dpctgan,ShadowModelling(RandomQueries),12435,0,0.58,1,0.5
dpctgan,ShadowModelling(RandomQueries),12435,1,0.45,0,0.5
dpctgan,ShadowModelling(RandomQueries),12435,0,0.35,0,0.5
dpctgan,ShadowModelling(RandomQueries),12435,1,0.53,1,0.5
dpctgan,ShadowModelling(RandomQueries),12435,0,0.34,0,0.5
dpctgan,ShadowModelling(RandomQueries),12435,1,0.54,1,0.5
dpctgan,ShadowModelling(RandomQueries),12435,0,0.63,1,0.5
dpctgan,ShadowModelling(RandomQueries),12435,1,0.65,1,0.5
dpctgan,ShadowModelling(RandomQueries),12435,0,0.51,1,0.5
dpctgan,ShadowModelling(RandomQueries),12435,1,0.49,0,0.5
dpctgan,ShadowModelling(RandomQueries),12435,0,0.5,0,0.5
dpctgan,ShadowModelling(RandomQueries),12435,1,0.53,1,0.5
dpctgan,ShadowModelling(RandomQueries),12435,0,0.58,1,0.5
dpctgan,ShadowModelling(RandomQueries),12435,1,0.51,1,0.5
dpctgan,ShadowModelling(RandomQueries),12435,0,0.6,1,0.5
dpctgan,ShadowModelling(RandomQueries),12435,1,0.47,0,0.5
dpctgan,ShadowModelling(RandomQueries),12435,0,0.39,0,0.5
dpctgan,ShadowModelling(RandomQueries),12435,1,0.56,1,0.5
dpctgan,ShadowModelling(RandomQueries),12435,0,0.53,1,0.5
dpctgan,ShadowModelling(RandomQueries),12435,1,0.56,1,0.5
dpctgan,ShadowModelling(RandomQueries),12435,0,0.47,0,0.5
dpctgan,ShadowModelling(RandomQueries),12435,1,0.59,1,0.5
dpctgan,ShadowModelling(RandomQueries),12435,0,0.77,1,0.5
dpctgan,ShadowModelling(RandomQueries),12435,1,0.58,1,0.5
dpctgan,ShadowModelling(RandomQueries),12435,0,0.5,0,0.5
dpctgan,ShadowModelling(RandomQueries),12435,1,0.44,0,0.5
dpctgan,ShadowModelling(RandomQueries),12435,0,0.34,0,0.5
dpctgan,ShadowModelling(RandomQueries),12435,1,0.53,1,0.5
dpctgan,ShadowModelling(RandomQueries),12435,0,0.48,0,0.5
dpctgan,ShadowModelling(RandomQueries),12435,1,0.49,0,0.5
dpctgan,ShadowModelling(RandomQueries),12435,0,0.69,1,0.5
dpctgan,ShadowModelling(RandomQueries),12435,1,0.45,0,0.5
dpctgan,ShadowModelling(RandomQueries),12435,0,0.45,0,0.5
dpctgan,ShadowModelling(RandomQueries),12435,1,0.69,1,0.5
dpctgan,ShadowModelling(RandomQueries),12435,0,0.43,0,0.5
dpctgan,ShadowModelling(RandomQueries),12435,1,0.45,0,0.5
dpctgan,ShadowModelling(RandomQueries),12435,0,0.5,0,0.5
dpctgan,ShadowModelling(RandomQueries),12435,1,0.52,1,0.5
dpctgan,ShadowModelling(RandomQueries),12435,0,0.58,1,0.5
dpctgan,ShadowModelling(RandomQueries),12435,1,0.42,0,0.5
dpctgan,ShadowModelling(RandomQueries),12435,0,0.43,0,0.5
dpctgan,ShadowModelling(RandomQueries),12435,1,0.53,1,0.5
dpctgan,ShadowModelling(RandomQueries),12435,0,0.44,0,0.5
dpctgan,ShadowModelling(RandomQueries),12435,1,0.55,1,0.5
dpctgan,ShadowModelling(RandomQueries),12435,0,0.43,0,0.5
dpctgan,ShadowModelling(RandomQueries),12435,1,0.65,1,0.5
dpctgan,ShadowModelling(RandomQueries),12435,0,0.38,0,0.5
dpctgan,ShadowModelling(RandomQueries),12435,1,0.65,1,0.5
dpctgan,ShadowModelling(RandomQueries),12435,0,0.49,0,0.5
dpctgan,ShadowModelling(RandomQueries),12435,1,0.44,0,0.5
dpctgan,ShadowModelling(RandomQueries),12435,0,0.58,1,0.5
dpctgan,ShadowModelling(RandomQueries),12435,1,0.52,1,0.5
dpctgan,ShadowModelling(RandomQueries),12435,0,0.46,0,0.5
dpctgan,ShadowModelling(RandomQueries),12435,1,0.44,0,0.5
dpctgan,ShadowModelling(RandomQueries),12435,0,0.42,0,0.5
dpctgan,ShadowModelling(RandomQueries),12435,1,0.44,0,0.5
dpctgan,ShadowModelling(RandomQueries),12435,0,0.32,0,0.5
dpctgan,ShadowModelling(RandomQueries),12435,1,0.47,0,0.5
dpctgan,ShadowModelling(RandomQueries),12435,0,0.32,0,0.5
dpctgan,ShadowModelling(RandomQueries),12435,1,0.44,0,0.5
dpctgan,ShadowModelling(RandomQueries),12435,0,0.33,0,0.5
dpctgan,ShadowModelling(RandomQueries),12435,1,0.51,1,0.5
dpctgan,ShadowModelling(RandomQueries),12435,0,0.51,1,0.5
dpctgan,ShadowModelling(RandomQueries),12435,1,0.53,1,0.5
dpctgan,ShadowModelling(RandomQueries),12435,0,0.31,0,0.5
dpctgan,ShadowModelling(RandomQueries),12435,1,0.5,0,0.5
dpctgan,ShadowModelling(RandomQueries),12435,0,0.44,0,0.5
dpctgan,ShadowModelling(RandomQueries),12435,1,0.4,0,0.5
dpctgan,ShadowModelling(RandomQueries),12435,0,0.46,0,0.5
dpctgan,ShadowModelling(RandomQueries),12435,1,0.61,1,0.5
dpctgan,ShadowModelling(RandomQueries),12435,0,0.53,1,0.5
dpctgan,ShadowModelling(RandomQueries),12435,1,0.41,0,0.5
dpctgan,ShadowModelling(RandomQueries),12435,0,0.55,1,0.5
dpctgan,ShadowModelling(RandomQueries),12435,1,0.53,1,0.5
dpctgan,ShadowModelling(RandomQueries),12435,0,0.15,0,0.5
dpctgan,ShadowModelling(RandomQueries),12435,1,0.48,0,0.5
dpctgan,ShadowModelling(RandomQueries),12435,0,0.48,0,0.5
dpctgan,ShadowModelling(RandomQueries),12435,1,0.27,0,0.5
dpctgan,ShadowModelling(RandomQueries),12435,0,0.54,1,0.5
dpctgan,ShadowModelling(RandomQueries),12435,1,0.52,1,0.5
dpctgan,ShadowModelling(RandomQueries),12435,0,0.55,1,0.5
dpctgan,ShadowModelling(RandomQueries),12435,1,0.51,1,0.5
dpctgan,ShadowModelling(RandomQueries),12435,0,0.43,0,0.5
dpctgan,ShadowModelling(RandomQueries),12435,1,0.61,1,0.5
dpctgan,ShadowModelling(RandomQueries),12435,0,0.57,1,0.5
dpctgan,ShadowModelling(RandomQueries),12435,1,0.38,0,0.5
dpctgan,ShadowModelling(RandomQueries),12435,0,0.47,0,0.5
dpctgan,ShadowModelling(RandomQueries),12435,1,0.66,1,0.5
dpctgan,ShadowModelling(RandomQueries),12435,0,0.4,0,0.5
dpctgan,ShadowModelling(RandomQueries),12435,1,0.47,0,0.5
dpctgan,ShadowModelling(RandomQueries),12435,0,0.67,1,0.5
dpctgan,ShadowModelling(RandomQueries),12435,1,0.66,1,0.5
dpctgan,ShadowModelling(RandomQueries),12435,0,0.56,1,0.5
dpctgan,ShadowModelling(RandomQueries),12435,1,0.41,0,0.5
dpctgan,ShadowModelling(RandomQueries),12435,0,0.6,1,0.5
dpctgan,ShadowModelling(RandomQueries),12435,1,0.63,1,0.5
dpctgan,ShadowModelling(RandomQueries),12435,0,0.57,1,0.5
dpctgan,ShadowModelling(RandomQueries),12435,1,0.54,1,0.5
dpctgan,ShadowModelling(RandomQueries),12435,0,0.43,0,0.5
dpctgan,ShadowModelling(RandomQueries),12435,1,0.56,1,0.5
dpctgan,ShadowModelling(RandomQueries),12435,0,0.57,1,0.5
dpctgan,ShadowModelling(RandomQueries),12435,1,0.59,1,0.5
dpctgan,ShadowModelling(RandomQueries),12435,0,0.39,0,0.5
dpctgan,ShadowModelling(RandomQueries),12435,1,0.62,1,0.5
dpctgan,ShadowModelling(RandomQueries),12435,0,0.39,0,0.5
dpctgan,ShadowModelling(RandomQueries),12435,1,0.35,0,0.5
dpctgan,ShadowModelling(RandomQueries),12435,0,0.61,1,0.5
dpctgan,ShadowModelling(RandomQueries),12435,1,0.54,1,0.5
dpctgan,ShadowModelling(RandomQueries),12435,0,0.46,0,0.5
dpctgan,ShadowModelling(RandomQueries),12435,1,0.53,1,0.5
dpctgan,ShadowModelling(RandomQueries),12435,0,0.49,0,0.5
dpctgan,ShadowModelling(RandomQueries),12435,1,0.42,0,0.5
dpctgan,ShadowModelling(RandomQueries),12435,0,0.49,0,0.5
dpctgan,ShadowModelling(RandomQueries),12435,1,0.61,1,0.5
dpctgan,ShadowModelling(RandomQueries),12435,0,0.64,1,0.5
dpctgan,ShadowModelling(RandomQueries),12435,1,0.48,0,0.5
dpctgan,ShadowModelling(RandomQueries),12435,0,0.51,1,0.5
dpctgan,ShadowModelling(RandomQueries),12435,1,0.48,0,0.5
dpctgan,ShadowModelling(RandomQueries),12435,0,0.37,0,0.5
dpctgan,ShadowModelling(RandomQueries),12435,1,0.85,1,0.5
dpctgan,ShadowModelling(RandomQueries),12435,0,0.58,1,0.5
dpctgan,ShadowModelling(RandomQueries),12435,1,0.43,0,0.5
dpctgan,ShadowModelling(RandomQueries),12435,0,0.55,1,0.5
dpctgan,ShadowModelling(RandomQueries),12435,1,0.71,1,0.5
dpctgan,ShadowModelling(RandomQueries),12435,0,0.69,1,0.5
dpctgan,ShadowModelling(RandomQueries),12435,1,0.65,1,0.5
dpctgan,ShadowModelling(RandomQueries),12435,0,0.43,0,0.5
dpctgan,ShadowModelling(RandomQueries),12435,1,0.5,0,0.5
dpctgan,ShadowModelling(RandomQueries),12435,0,0.41,0,0.5
dpctgan,ShadowModelling(RandomQueries),12435,1,0.43,0,0.5
dpctgan,ShadowModelling(RandomQueries),12435,0,0.38,0,0.5
dpctgan,ShadowModelling(RandomQueries),12435,1,0.65,1,0.5
dpctgan,ShadowModelling(RandomQueries),12435,0,0.55,1,0.5
dpctgan,ShadowModelling(RandomQueries),12435,1,0.67,1,0.5
dpctgan,ShadowModelling(RandomQueries),12435,0,0.44,0,0.5
dpctgan,ShadowModelling(RandomQueries),12435,1,0.44,0,0.5
dpctgan,ShadowModelling(RandomQueries),12435,0,0.58,1,0.5
dpctgan,ShadowModelling(RandomQueries),12435,1,0.42,0,0.5
dpctgan,ShadowModelling(RandomQueries),12435,0,0.78,1,0.5
dpctgan,ShadowModelling(RandomQueries),12435,1,0.51,1,0.5
dpctgan,ShadowModelling(RandomQueries),12435,0,0.64,1,0.5
dpctgan,ShadowModelling(RandomQueries),12435,1,0.58,1,0.5
dpctgan,ShadowModelling(RandomQueries),12435,0,0.65,1,0.5
dpctgan,ShadowModelling(RandomQueries),12435,1,0.32,0,0.5
dpctgan,ShadowModelling(RandomQueries),12435,0,0.4,0,0.5
dpctgan,ShadowModelling(RandomQueries),12435,1,0.51,1,0.5
dpctgan,ShadowModelling(RandomQueries),12435,0,0.63,1,0.5
dpctgan,ShadowModelling(RandomQueries),12435,1,0.54,1,0.5
dpctgan,ShadowModelling(RandomQueries),12435,0,0.33,0,0.5
dpctgan,ShadowModelling(RandomQueries),12435,1,0.47,0,0.5
dpctgan,ShadowModelling(RandomQueries),12435,0,0.38,0,0.5
dpctgan,ShadowModelling(RandomQueries),12435,1,0.49,0,0.5
dpctgan,ShadowModelling(RandomQueries),12435,0,0.43,0,0.5
dpctgan,ShadowModelling(RandomQueries),12435,1,0.56,1,0.5
dpctgan,ShadowModelling(RandomQueries),12435,0,0.45,0,0.5
dpctgan,ShadowModelling(RandomQueries),12435,1,0.51,1,0.5
dpctgan,ShadowModelling(RandomQueries),12435,0,0.55,1,0.5
dpctgan,ShadowModelling(RandomQueries),12435,1,0.32,0,0.5
dpctgan,ShadowModelling(RandomQueries),12435,0,0.6,1,0.5
dpctgan,ShadowModelling(RandomQueries),12435,1,0.49,0,0.5
dpctgan,ShadowModelling(RandomQueries),12435,0,0.45,0,0.5
dpctgan,ShadowModelling(RandomQueries),12435,1,0.42,0,0.5
dpctgan,ShadowModelling(RandomQueries),12435,0,0.65,1,0.5
dpctgan,ShadowModelling(RandomQueries),12435,1,0.35,0,0.5
dpctgan,ShadowModelling(RandomQueries),12435,0,0.4,0,0.5
dpctgan,ShadowModelling(RandomQueries),12435,1,0.49,0,0.5
dpctgan,ShadowModelling(RandomQueries),12435,0,0.56,1,0.5
dpctgan,ShadowModelling(RandomQueries),12435,1,0.62,1,0.5
dpctgan,ShadowModelling(RandomQueries),12435,0,0.38,0,0.5
dpctgan,ShadowModelling(RandomQueries),12435,1,0.44,0,0.5
dpctgan,ShadowModelling(RandomQueries),12435,0,0.55,1,0.5
dpctgan,ShadowModelling(RandomQueries),12435,1,0.53,1,0.5
dpctgan,ShadowModelling(RandomQueries),12435,0,0.53,1,0.5
dpctgan,ShadowModelling(RandomQueries),12435,1,0.36,0,0.5
dpctgan,ShadowModelling(RandomQueries),12435,0,0.52,1,0.5
dpctgan,ShadowModelling(RandomQueries),12435,1,0.44,0,0.5
dpctgan,ShadowModelling(RandomQueries),12435,0,0.67,1,0.5
dpctgan,ShadowModelling(RandomQueries),12435,1,0.57,1,0.5
dpctgan,ShadowModelling(RandomQueries),12435,0,0.55,1,0.5
dpctgan,ShadowModelling(RandomQueries),12435,1,0.5,0,0.5
dpctgan,ShadowModelling(RandomQueries),12435,0,0.67,1,0.5
dpctgan,ShadowModelling(RandomQueries),12435,1,0.61,1,0.5
dpctgan,ShadowModelling(RandomQueries),12435,0,0.33,0,0.5
dpctgan,ShadowModelling(RandomQueries),12435,1,0.5,0,0.5
dpctgan,ShadowModelling(RandomQueries),12435,0,0.56,1,0.5
dpctgan,ShadowModelling(RandomQueries),12435,1,0.5,0,0.5
dpctgan,ShadowModelling(RandomQueries),12435,0,0.62,1,0.5
dpctgan,ShadowModelling(RandomQueries),12435,1,0.43,0,0.5
dpctgan,ShadowModelling(RandomQueries),12435,0,0.54,1,0.5
dpctgan,ShadowModelling(RandomQueries),12435,1,0.66,1,0.5
dpctgan,ShadowModelling(RandomQueries),12435,0,0.42,0,0.5
dpctgan,ShadowModelling(RandomQueries),12435,1,0.46,0,0.5
dpctgan,ShadowModelling(RandomQueries),12435,0,0.38,0,0.5
dpctgan,ShadowModelling(RandomQueries),12435,1,0.31,0,0.5
dpctgan,ShadowModelling(RandomQueries),12435,0,0.41,0,0.5
dpctgan,ShadowModelling(RandomQueries),12435,1,0.32,0,0.5
dpctgan,ShadowModelling(RandomQueries),12435,0,0.55,1,0.5
dpctgan,ShadowModelling(RandomQueries),12435,1,0.67,1,0.5
dpctgan,ShadowModelling(RandomQueries),12435,0,0.68,1,0.5
dpctgan,ShadowModelling(RandomQueries),12435,1,0.31,0,0.5
dpctgan,ShadowModelling(RandomQueries),12435,0,0.39,0,0.5
dpctgan,ShadowModelling(RandomQueries),12435,1,0.68,1,0.5
dpctgan,ShadowModelling(RandomQueries),12435,0,0.55,1,0.5
dpctgan,ShadowModelling(RandomQueries),12435,1,0.41,0,0.5
dpctgan,ShadowModelling(RandomQueries),12435,0,0.45,0,0.5
dpctgan,ShadowModelling(RandomQueries),12435,1,0.56,1,0.5
dpctgan,ShadowModelling(RandomQueries),12435,0,0.48,0,0.5
dpctgan,ShadowModelling(RandomQueries),12435,1,0.38,0,0.5
dpctgan,ShadowModelling(RandomQueries),12435,0,0.45,0,0.5
dpctgan,ShadowModelling(RandomQueries),12435,1,0.65,1,0.5
dpctgan,ShadowModelling(RandomQueries),12435,0,0.44,0,0.5
dpctgan,ShadowModelling(RandomQueries),12435,1,0.62,1,0.5
dpctgan,ShadowModelling(RandomQueries),12435,0,0.56,1,0.5
dpctgan,ShadowModelling(RandomQueries),12435,1,0.6,1,0.5
dpctgan,ShadowModelling(RandomQueries),12435,0,0.56,1,0.5
dpctgan,ShadowModelling(RandomQueries),12435,1,0.53,1,0.5
dpctgan,ShadowModelling(RandomQueries),12435,0,0.52,1,0.5
dpctgan,ShadowModelling(RandomQueries),12435,1,0.55,1,0.5
dpctgan,ShadowModelling(RandomQueries),12435,0,0.61,1,0.5
dpctgan,ShadowModelling(RandomQueries),12435,1,0.29,0,0.5
dpctgan,ShadowModelling(RandomQueries),12435,0,0.61,1,0.5
dpctgan,ShadowModelling(RandomQueries),12435,1,0.46,0,0.5
dpctgan,ShadowModelling(RandomQueries),12435,0,0.47,0,0.5
dpctgan,ShadowModelling(RandomQueries),12435,1,0.54,1,0.5
dpctgan,ShadowModelling(RandomQueries),12435,0,0.35,0,0.5
dpctgan,ShadowModelling(RandomQueries),12435,1,0.55,1,0.5
dpctgan,ShadowModelling(RandomQueries),12435,0,0.69,1,0.5
dpctgan,ShadowModelling(RandomQueries),12435,1,0.7,1,0.5
dpctgan,ShadowModelling(RandomQueries),12435,0,0.45,0,0.5
dpctgan,ShadowModelling(RandomQueries),12435,1,0.4,0,0.5
dpctgan,ShadowModelling(RandomQueries),12435,0,0.43,0,0.5
dpctgan,ShadowModelling(RandomQueries),12435,1,0.51,1,0.5
dpctgan,ShadowModelling(RandomQueries),12435,0,0.31,0,0.5
dpctgan,ShadowModelling(RandomQueries),12435,1,0.38,0,0.5
dpctgan,ShadowModelling(RandomQueries),12435,0,0.48,0,0.5
dpctgan,ShadowModelling(RandomQueries),12435,1,0.4,0,0.5
dpctgan,ShadowModelling(RandomQueries),12435,0,0.38,0,0.5
dpctgan,ShadowModelling(RandomQueries),12435,1,0.38,0,0.5
dpctgan,ShadowModelling(RandomQueries),12435,0,0.64,1,0.5
dpctgan,ShadowModelling(RandomQueries),12435,1,0.37,0,0.5
dpctgan,ShadowModelling(RandomQueries),12435,0,0.55,1,0.5
dpctgan,ShadowModelling(RandomQueries),12435,1,0.55,1,0.5
dpctgan,ShadowModelling(RandomQueries),12435,0,0.51,1,0.5
dpctgan,ShadowModelling(RandomQueries),12435,1,0.63,1,0.5
dpctgan,ShadowModelling(RandomQueries),12435,0,0.6,1,0.5
dpctgan,ShadowModelling(RandomQueries),12435,1,0.4,0,0.5
dpctgan,ShadowModelling(RandomQueries),12435,0,0.51,1,0.5
dpctgan,ShadowModelling(RandomQueries),12435,1,0.39,0,0.5
dpctgan,ShadowModelling(RandomQueries),12435,0,0.4,0,0.5
dpctgan,ShadowModelling(RandomQueries),12435,1,0.6,1,0.5
dpctgan,ShadowModelling(RandomQueries),12435,0,0.51,1,0.5
dpctgan,ShadowModelling(RandomQueries),12435,1,0.57,1,0.5
dpctgan,ShadowModelling(RandomQueries),12435,0,0.53,1,0.5
dpctgan,ShadowModelling(RandomQueries),12435,1,0.63,1,0.5
dpctgan,ShadowModelling(RandomQueries),12435,0,0.66,1,0.5
dpctgan,ShadowModelling(RandomQueries),12435,1,0.74,1,0.5
dpctgan,ShadowModelling(RandomQueries),12435,0,0.19,0,0.5
dpctgan,ShadowModelling(RandomQueries),12435,1,0.48,0,0.5
dpctgan,ShadowModelling(RandomQueries),12435,0,0.46,0,0.5
dpctgan,ShadowModelling(RandomQueries),12435,1,0.66,1,0.5
dpctgan,ShadowModelling(RandomQueries),12435,0,0.46,0,0.5
dpctgan,ShadowModelling(RandomQueries),12435,1,0.52,1,0.5
dpctgan,ShadowModelling(RandomQueries),12435,0,0.49,0,0.5
dpctgan,ShadowModelling(RandomQueries),12435,1,0.53,1,0.5
dpctgan,ShadowModelling(RandomQueries),12435,0,0.62,1,0.5
dpctgan,ShadowModelling(RandomQueries),12435,1,0.65,1,0.5
dpctgan,ShadowModelling(RandomQueries),12435,0,0.68,1,0.5
dpctgan,ShadowModelling(RandomQueries),12435,1,0.59,1,0.5
dpctgan,ShadowModelling(RandomQueries),12435,0,0.46,0,0.5
dpctgan,ShadowModelling(RandomQueries),12435,1,0.52,1,0.5
dpctgan,ShadowModelling(RandomQueries),12435,0,0.49,0,0.5
dpctgan,ShadowModelling(RandomQueries),12435,1,0.45,0,0.5
dpctgan,ShadowModelling(RandomQueries),12435,0,0.71,1,0.5
dpctgan,ShadowModelling(RandomQueries),12435,1,0.48,0,0.5
dpctgan,ShadowModelling(RandomQueries),12435,0,0.43,0,0.5
dpctgan,ShadowModelling(RandomQueries),12435,1,0.43,0,0.5
dpctgan,ShadowModelling(RandomQueries),12435,0,0.58,1,0.5
dpctgan,ShadowModelling(RandomQueries),12435,1,0.54,1,0.5
dpctgan,ShadowModelling(RandomQueries),12435,0,0.56,1,0.5
dpctgan,ShadowModelling(RandomQueries),12435,1,0.29,0,0.5
dpctgan,ShadowModelling(RandomQueries),12435,0,0.51,1,0.5
dpctgan,ShadowModelling(RandomQueries),12435,1,0.46,0,0.5
dpctgan,ShadowModelling(RandomQueries),12435,0,0.53,1,0.5
dpctgan,ShadowModelling(RandomQueries),12435,1,0.51,1,0.5
dpctgan,ShadowModelling(RandomQueries),12435,0,0.44,0,0.5
dpctgan,ShadowModelling(RandomQueries),12435,1,0.31,0,0.5
dpctgan,ShadowModelling(RandomQueries),12435,0,0.53,1,0.5
dpctgan,ShadowModelling(RandomQueries),12435,1,0.49,0,0.5
dpctgan,ShadowModelling(RandomQueries),12435,0,0.54,1,0.5
dpctgan,ShadowModelling(RandomQueries),12435,1,0.54,1,0.5
dpctgan,ShadowModelling(RandomQueries),12435,0,0.47,0,0.5
dpctgan,ShadowModelling(RandomQueries),12435,1,0.71,1,0.5
dpctgan,ShadowModelling(RandomQueries),12435,0,0.46,0,0.5
dpctgan,ShadowModelling(RandomQueries),12435,1,0.47,0,0.5
dpctgan,ShadowModelling(RandomQueries),12435,0,0.51,1,0.5
dpctgan,ShadowModelling(RandomQueries),12435,1,0.62,1,0.5
dpctgan,ShadowModelling(RandomQueries),12435,0,0.56,1,0.5
dpctgan,ShadowModelling(RandomQueries),12435,1,0.54,1,0.5
dpctgan,ShadowModelling(RandomQueries),12435,0,0.51,1,0.5
dpctgan,ShadowModelling(RandomQueries),12435,1,0.33,0,0.5
dpctgan,ShadowModelling(RandomQueries),12435,0,0.55,1,0.5
dpctgan,ShadowModelling(RandomQueries),12435,1,0.41,0,0.5
dpctgan,ShadowModelling(RandomQueries),12435,0,0.38,0,0.5
dpctgan,ShadowModelling(RandomQueries),12435,1,0.48,0,0.5
dpctgan,ShadowModelling(RandomQueries),12435,0,0.41,0,0.5
dpctgan,ShadowModelling(RandomQueries),12435,1,0.53,1,0.5
dpctgan,ShadowModelling(RandomQueries),12435,0,0.42,0,0.5
dpctgan,ShadowModelling(RandomQueries),12435,1,0.57,1,0.5
dpctgan,ShadowModelling(RandomQueries),12435,0,0.59,1,0.5
dpctgan,ShadowModelling(RandomQueries),12435,1,0.44,0,0.5
dpctgan,ShadowModelling(RandomQueries),12435,0,0.65,1,0.5
dpctgan,ShadowModelling(RandomQueries),12435,1,0.6,1,0.5
dpctgan,ShadowModelling(RandomQueries),12435,0,0.43,0,0.5
dpctgan,ShadowModelling(RandomQueries),12435,1,0.44,0,0.5
dpctgan,ShadowModelling(RandomQueries),12435,0,0.41,0,0.5
dpctgan,ShadowModelling(RandomQueries),12435,1,0.44,0,0.5
dpctgan,ShadowModelling(RandomQueries),12435,0,0.41,0,0.5
dpctgan,ShadowModelling(RandomQueries),12435,1,0.41,0,0.5
dpctgan,ShadowModelling(RandomQueries),12435,0,0.5,0,0.5
dpctgan,ShadowModelling(RandomQueries),12435,1,0.65,1,0.5
dpctgan,ShadowModelling(RandomQueries),12435,0,0.43,0,0.5
dpctgan,ShadowModelling(RandomQueries),12435,1,0.64,1,0.5
dpctgan,ShadowModelling(RandomQueries),12435,0,0.42,0,0.5
dpctgan,ShadowModelling(RandomQueries),12435,1,0.56,1,0.5
dpctgan,ShadowModelling(RandomQueries),12435,0,0.45,0,0.5
dpctgan,ShadowModelling(RandomQueries),12435,1,0.33,0,0.5
dpctgan,ShadowModelling(RandomQueries),12435,0,0.55,1,0.5
dpctgan,ShadowModelling(RandomQueries),12435,1,0.67,1,0.5
dpctgan,ShadowModelling(RandomQueries),12435,0,0.47,0,0.5
dpctgan,ShadowModelling(RandomQueries),12435,1,0.64,1,0.5
dpctgan,ShadowModelling(RandomQueries),12435,0,0.45,0,0.5
dpctgan,ShadowModelling(RandomQueries),12435,1,0.54,1,0.5
dpctgan,ShadowModelling(RandomQueries),12435,0,0.43,0,0.5
dpctgan,ShadowModelling(RandomQueries),12435,1,0.43,0,0.5
dpctgan,ShadowModelling(RandomQueries),12435,0,0.66,1,0.5
dpctgan,ShadowModelling(RandomQueries),12435,1,0.46,0,0.5
dpctgan,ShadowModelling(RandomQueries),12435,0,0.51,1,0.5
dpctgan,ShadowModelling(RandomQueries),12435,1,0.31,0,0.5
dpctgan,ShadowModelling(RandomQueries),12435,0,0.58,1,0.5
dpctgan,ShadowModelling(RandomQueries),12435,1,0.61,1,0.5
dpctgan,ShadowModelling(RandomQueries),12435,0,0.63,1,0.5
dpctgan,ShadowModelling(RandomQueries),12435,1,0.59,1,0.5
dpctgan,ShadowModelling(RandomQueries),12435,0,0.4,0,0.5
dpctgan,ShadowModelling(RandomQueries),12435,1,0.57,1,0.5
dpctgan,ShadowModelling(RandomQueries),12435,0,0.4,0,0.5
dpctgan,ShadowModelling(RandomQueries),12435,1,0.37,0,0.5
dpctgan,ShadowModelling(RandomQueries),12435,0,0.58,1,0.5
dpctgan,ShadowModelling(RandomQueries),12435,1,0.53,1,0.5
dpctgan,ShadowModelling(RandomQueries),12435,0,0.4,0,0.5
dpctgan,ShadowModelling(RandomQueries),12435,1,0.48,0,0.5
dpctgan,ShadowModelling(RandomQueries),12435,0,0.55,1,0.5
dpctgan,ShadowModelling(RandomQueries),12435,1,0.49,0,0.5
dpctgan,ShadowModelling(RandomQueries),12435,0,0.42,0,0.5
dpctgan,ShadowModelling(RandomQueries),12435,1,0.5,0,0.5
dpctgan,ShadowModelling(RandomQueries),12435,0,0.59,1,0.5
dpctgan,ShadowModelling(RandomQueries),12435,1,0.43,0,0.5
dpctgan,ShadowModelling(RandomQueries),12435,0,0.59,1,0.5
dpctgan,ShadowModelling(RandomQueries),12435,1,0.63,1,0.5
dpctgan,ShadowModelling(RandomQueries),12435,0,0.33,0,0.5
dpctgan,ShadowModelling(RandomQueries),12435,1,0.63,1,0.5
dpctgan,ShadowModelling(RandomQueries),12435,0,0.43,0,0.5
dpctgan,ShadowModelling(RandomQueries),12435,1,0.56,1,0.5
dpctgan,ShadowModelling(RandomQueries),12435,0,0.56,1,0.5
dpctgan,ShadowModelling(RandomQueries),12435,1,0.38,0,0.5
dpctgan,ShadowModelling(RandomQueries),12435,0,0.54,1,0.5
dpctgan,ShadowModelling(RandomQueries),12435,1,0.57,1,0.5
dpctgan,ShadowModelling(RandomQueries),12435,0,0.66,1,0.5
dpctgan,ShadowModelling(RandomQueries),12435,1,0.46,0,0.5
dpctgan,ShadowModelling(RandomQueries),12435,0,0.74,1,0.5
dpctgan,ShadowModelling(RandomQueries),12435,1,0.49,0,0.5
dpctgan,ShadowModelling(RandomQueries),12435,0,0.46,0,0.5
dpctgan,ShadowModelling(RandomQueries),12435,1,0.44,0,0.5
dpctgan,ShadowModelling(RandomQueries),12435,0,0.35,0,0.5
dpctgan,ShadowModelling(RandomQueries),12435,1,0.55,1,0.5
dpctgan,ShadowModelling(RandomQueries),12435,0,0.55,1,0.5
dpctgan,ShadowModelling(RandomQueries),12435,1,0.38,0,0.5
dpctgan,ShadowModelling(RandomQueries),12435,0,0.43,0,0.5
dpctgan,ShadowModelling(RandomQueries),12435,1,0.75,1,0.5
dpctgan,ShadowModelling(RandomQueries),12435,0,0.46,0,0.5
dpctgan,ShadowModelling(RandomQueries),12435,1,0.55,1,0.5
dpctgan,ShadowModelling(RandomQueries),12435,0,0.54,1,0.5
dpctgan,ShadowModelling(RandomQueries),12435,1,0.47,0,0.5
dpctgan,ShadowModelling(RandomQueries),12435,0,0.58,1,0.5
dpctgan,ShadowModelling(RandomQueries),12435,1,0.5,0,0.5
dpctgan,ShadowModelling(RandomQueries),12435,0,0.63,1,0.5
dpctgan,ShadowModelling(RandomQueries),12435,1,0.39,0,0.5
dpctgan,ShadowModelling(RandomQueries),12435,0,0.46,0,0.5
dpctgan,ShadowModelling(RandomQueries),12435,1,0.5,0,0.5
dpctgan,ShadowModelling(RandomQueries),12435,0,0.49,0,0.5
dpctgan,ShadowModelling(RandomQueries),12435,1,0.55,1,0.5
dpctgan,ShadowModelling(RandomQueries),12435,0,0.54,1,0.5
dpctgan,ShadowModelling(RandomQueries),12435,1,0.51,1,0.5
dpctgan,ShadowModelling(RandomQueries),12435,0,0.61,1,0.5
dpctgan,ShadowModelling(RandomQueries),12435,1,0.4,0,0.5
dpctgan,ShadowModelling(RandomQueries),12435,0,0.26,0,0.5
dpctgan,ShadowModelling(RandomQueries),12435,1,0.35,0,0.5
dpctgan,ShadowModelling(RandomQueries),12435,0,0.69,1,0.5
dpctgan,ShadowModelling(RandomQueries),12435,1,0.35,0,0.5
dpctgan,ShadowModelling(RandomQueries),12435,0,0.65,1,0.5
dpctgan,ShadowModelling(RandomQueries),12435,1,0.46,0,0.5
dpctgan,ShadowModelling(RandomQueries),12435,0,0.4,0,0.5
dpctgan,ShadowModelling(RandomQueries),12435,1,0.4,0,0.5
dpctgan,ShadowModelling(RandomQueries),12435,0,0.44,0,0.5
dpctgan,ShadowModelling(RandomQueries),12435,1,0.58,1,0.5
dpctgan,ShadowModelling(RandomQueries),12435,0,0.35,0,0.5
dpctgan,ShadowModelling(RandomQueries),12435,1,0.75,1,0.5
dpctgan,ShadowModelling(RandomQueries),12435,0,0.78,1,0.5
dpctgan,ShadowModelling(RandomQueries),12435,1,0.65,1,0.5
dpctgan,ShadowModelling(RandomQueries),12435,0,0.64,1,0.5
dpctgan,ShadowModelling(RandomQueries),12435,1,0.42,0,0.5
dpctgan,ShadowModelling(RandomQueries),12435,0,0.57,1,0.5
dpctgan,ShadowModelling(RandomQueries),12435,1,0.54,1,0.5
dpctgan,ShadowModelling(RandomQueries),12435,0,0.42,0,0.5
dpctgan,ShadowModelling(RandomQueries),12435,1,0.36,0,0.5
dpctgan,ShadowModelling(RandomQueries),12435,0,0.39,0,0.5
dpctgan,ShadowModelling(RandomQueries),12435,1,0.42,0,0.5
dpctgan,ShadowModelling(RandomQueries),12435,0,0.48,0,0.5
dpctgan,ShadowModelling(RandomQueries),12435,1,0.46,0,0.5
dpctgan,ShadowModelling(RandomQueries),12435,0,0.69,1,0.5
dpctgan,ShadowModelling(RandomQueries),12435,1,0.44,0,0.5
dpctgan,ShadowModelling(RandomQueries),12435,0,0.59,1,0.5
dpctgan,ShadowModelling(RandomQueries),12435,1,0.55,1,0.5
dpctgan,ShadowModelling(RandomQueries),12435,0,0.35,0,0.5
dpctgan,ShadowModelling(RandomQueries),12435,1,0.52,1,0.5
dpctgan,ShadowModelling(RandomQueries),12435,0,0.4,0,0.5
dpctgan,ShadowModelling(RandomQueries),12435,1,0.43,0,0.5
dpctgan,ShadowModelling(RandomQueries),12435,0,0.48,0,0.5
dpctgan,ShadowModelling(RandomQueries),12435,1,0.48,0,0.5
dpctgan,ShadowModelling(RandomQueries),12435,0,0.46,0,0.5
dpctgan,ShadowModelling(RandomQueries),12435,1,0.42,0,0.5
dpctgan,ShadowModelling(RandomQueries),12435,0,0.46,0,0.5
dpctgan,ShadowModelling(RandomQueries),12435,1,0.52,1,0.5
dpctgan,ShadowModelling(RandomQueries),12435,0,0.5,0,0.5
dpctgan,ShadowModelling(RandomQueries),12435,1,0.6,1,0.5
dpctgan,ShadowModelling(RandomQueries),12435,0,0.47,0,0.5
dpctgan,ShadowModelling(RandomQueries),12435,1,0.41,0,0.5
dpctgan,ShadowModelling(RandomQueries),12435,0,0.49,0,0.5
dpctgan,ShadowModelling(RandomQueries),12435,1,0.53,1,0.5
dpctgan,ShadowModelling(RandomQueries),12435,0,0.32,0,0.5
dpctgan,ShadowModelling(RandomQueries),12435,1,0.33,0,0.5
dpctgan,ShadowModelling(RandomQueries),12435,0,0.43,0,0.5
dpctgan,ShadowModelling(RandomQueries),12435,1,0.48,0,0.5
dpctgan,ShadowModelling(RandomQueries),12435,0,0.42,0,0.5
dpctgan,ShadowModelling(RandomQueries),12435,1,0.37,0,0.5
dpctgan,ShadowModelling(RandomQueries),12435,0,0.42,0,0.5
dpctgan,ShadowModelling(RandomQueries),12435,1,0.63,1,0.5
dpctgan,ShadowModelling(RandomQueries),12435,0,0.52,1,0.5
dpctgan,ShadowModelling(RandomQueries),12435,1,0.57,1,0.5
dpctgan,ShadowModelling(RandomQueries),12435,0,0.49,0,0.5
dpctgan,ShadowModelling(RandomQueries),12435,1,0.58,1,0.5
dpctgan,ShadowModelling(RandomQueries),12435,0,0.5,0,0.5
dpctgan,ShadowModelling(RandomQueries),12435,1,0.67,1,0.5
dpctgan,ShadowModelling(RandomQueries),12435,0,0.55,1,0.5
dpctgan,ShadowModelling(RandomQueries),12435,1,0.64,1,0.5
dpctgan,ShadowModelling(RandomQueries),12435,0,0.46,0,0.5
dpctgan,ShadowModelling(RandomQueries),12435,1,0.5,0,0.5
dpctgan,ShadowModelling(RandomQueries),12435,0,0.65,1,0.5
dpctgan,ShadowModelling(RandomQueries),12435,1,0.48,0,0.5
dpctgan,ShadowModelling(RandomQueries),12435,0,0.74,1,0.5
dpctgan,ShadowModelling(RandomQueries),12435,1,0.55,1,0.5
dpctgan,ShadowModelling(RandomQueries),12435,0,0.58,1,0.5
dpctgan,ShadowModelling(RandomQueries),12435,1,0.5,0,0.5
dpctgan,ShadowModelling(RandomQueries),12435,0,0.52,1,0.5
dpctgan,ShadowModelling(RandomQueries),12435,1,0.55,1,0.5
dpctgan,ShadowModelling(RandomQueries),12435,0,0.5,0,0.5
dpctgan,ShadowModelling(RandomQueries),12435,1,0.31,0,0.5
dpctgan,ShadowModelling(RandomQueries),12435,0,0.58,1,0.5
dpctgan,ShadowModelling(RandomQueries),12435,1,0.74,1,0.5
dpctgan,ShadowModelling(RandomQueries),12435,0,0.61,1,0.5
dpctgan,ShadowModelling(RandomQueries),12435,1,0.58,1,0.5
dpctgan,ShadowModelling(RandomQueries),12435,0,0.7,1,0.5
dpctgan,ShadowModelling(RandomQueries),12435,1,0.47,0,0.5
dpctgan,ShadowModelling(RandomQueries),12435,0,0.51,1,0.5
dpctgan,ShadowModelling(RandomQueries),12435,1,0.42,0,0.5
dpctgan,ShadowModelling(RandomQueries),12435,0,0.4,0,0.5
dpctgan,ShadowModelling(RandomQueries),12435,1,0.51,1,0.5
dpctgan,ShadowModelling(RandomQueries),12435,0,0.39,0,0.5
dpctgan,ShadowModelling(RandomQueries),12435,1,0.54,1,0.5
dpctgan,ShadowModelling(RandomQueries),12435,0,0.43,0,0.5
dpctgan,ShadowModelling(RandomQueries),12435,1,0.32,0,0.5
dpctgan,ShadowModelling(RandomQueries),12435,0,0.62,1,0.5
dpctgan,ShadowModelling(RandomQueries),12435,1,0.46,0,0.5
dpctgan,ShadowModelling(RandomQueries),12435,0,0.36,0,0.5
dpctgan,ShadowModelling(RandomQueries),12435,1,0.52,1,0.5
dpctgan,ShadowModelling(RandomQueries),12435,0,0.6,1,0.5
dpctgan,ShadowModelling(RandomQueries),12435,1,0.49,0,0.5
dpctgan,ShadowModelling(RandomQueries),12435,0,0.52,1,0.5
dpctgan,ShadowModelling(RandomQueries),12435,1,0.51,1,0.5
dpctgan,ShadowModelling(RandomQueries),12435,0,0.68,1,0.5
dpctgan,ShadowModelling(RandomQueries),12435,1,0.59,1,0.5
dpctgan,ShadowModelling(RandomQueries),12435,0,0.54,1,0.5
dpctgan,ShadowModelling(RandomQueries),12435,1,0.5,0,0.5
dpctgan,ShadowModelling(RandomQueries),12435,0,0.47,0,0.5
dpctgan,ShadowModelling(RandomQueries),12435,1,0.61,1,0.5
dpctgan,ShadowModelling(RandomQueries),12435,0,0.41,0,0.5
dpctgan,ShadowModelling(RandomQueries),12435,1,0.57,1,0.5
dpctgan,ShadowModelling(RandomQueries),12435,0,0.51,1,0.5
dpctgan,ShadowModelling(RandomQueries),12435,1,0.47,0,0.5
dpctgan,ShadowModelling(RandomQueries),12435,0,0.57,1,0.5
dpctgan,ShadowModelling(RandomQueries),12435,1,0.62,1,0.5
dpctgan,ShadowModelling(RandomQueries),12435,0,0.45,0,0.5
dpctgan,ShadowModelling(RandomQueries),12435,1,0.54,1,0.5
dpctgan,ShadowModelling(RandomQueries),12435,0,0.28,0,0.5
dpctgan,ShadowModelling(RandomQueries),12435,1,0.52,1,0.5
dpctgan,ShadowModelling(RandomQueries),12435,0,0.52,1,0.5
dpctgan,ShadowModelling(RandomQueries),12435,1,0.54,1,0.5
dpctgan,ShadowModelling(RandomQueries),12435,0,0.51,1,0.5
dpctgan,ShadowModelling(RandomQueries),12435,1,0.44,0,0.5
dpctgan,ShadowModelling(RandomQueries),12435,0,0.43,0,0.5
dpctgan,ShadowModelling(RandomQueries),12435,1,0.68,1,0.5
dpctgan,ShadowModelling(RandomQueries),12435,0,0.5,0,0.5
dpctgan,ShadowModelling(RandomQueries),12435,1,0.48,0,0.5
dpctgan,ShadowModelling(RandomQueries),12435,0,0.6,1,0.5
dpctgan,ShadowModelling(RandomQueries),12435,1,0.48,0,0.5
dpctgan,ShadowModelling(RandomQueries),12435,0,0.36,0,0.5
dpctgan,ShadowModelling(RandomQueries),12435,1,0.43,0,0.5
dpctgan,ShadowModelling(RandomQueries),12435,0,0.59,1,0.5
dpctgan,ShadowModelling(RandomQueries),12435,1,0.45,0,0.5
dpctgan,ShadowModelling(RandomQueries),12435,0,0.8,1,0.5
dpctgan,ShadowModelling(RandomQueries),12435,1,0.5,0,0.5
dpctgan,ShadowModelling(RandomQueries),12435,0,0.66,1,0.5
dpctgan,ShadowModelling(RandomQueries),12435,1,0.53,1,0.5
dpctgan,ShadowModelling(RandomQueries),12435,0,0.65,1,0.5
dpctgan,ShadowModelling(RandomQueries),12435,1,0.65,1,0.5
dpctgan,ShadowModelling(RandomQueries),12435,0,0.47,0,0.5
dpctgan,ShadowModelling(RandomQueries),12435,1,0.44,0,0.5
dpctgan,ShadowModelling(RandomQueries),12435,0,0.71,1,0.5
dpctgan,ShadowModelling(RandomQueries),12435,1,0.62,1,0.5
dpctgan,ShadowModelling(RandomQueries),12435,0,0.32,0,0.5
dpctgan,ShadowModelling(RandomQueries),12435,1,0.5,0,0.5
dpctgan,ShadowModelling(RandomQueries),12435,0,0.54,1,0.5
dpctgan,ShadowModelling(RandomQueries),12435,1,0.35,0,0.5
dpctgan,ShadowModelling(RandomQueries),12435,0,0.52,1,0.5
dpctgan,ShadowModelling(RandomQueries),12435,1,0.33,0,0.5
dpctgan,ShadowModelling(RandomQueries),12435,0,0.6,1,0.5
dpctgan,ShadowModelling(RandomQueries),12435,1,0.3,0,0.5
dpctgan,ShadowModelling(RandomQueries),12435,0,0.4,0,0.5
dpctgan,ShadowModelling(RandomQueries),12435,1,0.53,1,0.5
dpctgan,ShadowModelling(RandomQueries),12435,0,0.49,0,0.5
dpctgan,ShadowModelling(RandomQueries),12435,1,0.46,0,0.5
dpctgan,ShadowModelling(RandomQueries),12435,0,0.54,1,0.5
dpctgan,ShadowModelling(RandomQueries),12435,1,0.44,0,0.5
dpctgan,ShadowModelling(RandomQueries),12435,0,0.55,1,0.5
dpctgan,ShadowModelling(RandomQueries),12435,1,0.49,0,0.5
dpctgan,ShadowModelling(RandomQueries),12435,0,0.71,1,0.5
dpctgan,ShadowModelling(RandomQueries),12435,1,0.4,0,0.5
dpctgan,ShadowModelling(RandomQueries),12435,0,0.39,0,0.5
dpctgan,ShadowModelling(RandomQueries),12435,1,0.53,1,0.5
dpctgan,ShadowModelling(RandomQueries),12435,0,0.43,0,0.5
dpctgan,ShadowModelling(RandomQueries),12435,1,0.56,1,0.5
dpctgan,ShadowModelling(RandomQueries),12435,0,0.69,1,0.5
dpctgan,ShadowModelling(RandomQueries),12435,1,0.73,1,0.5
dpctgan,ShadowModelling(RandomQueries),12435,0,0.42,0,0.5
dpctgan,ShadowModelling(RandomQueries),12435,1,0.41,0,0.5
dpctgan,ShadowModelling(RandomQueries),12435,0,0.46,0,0.5
dpctgan,ShadowModelling(RandomQueries),12435,1,0.68,1,0.5
dpctgan,ShadowModelling(RandomQueries),12435,0,0.52,1,0.5
dpctgan,ShadowModelling(RandomQueries),12435,1,0.71,1,0.5
dpctgan,ShadowModelling(RandomQueries),12435,0,0.66,1,0.5
dpctgan,ShadowModelling(RandomQueries),12435,1,0.53,1,0.5
dpctgan,ShadowModelling(RandomQueries),12435,0,0.62,1,0.5
dpctgan,ShadowModelling(RandomQueries),12435,1,0.7,1,0.5
dpctgan,ShadowModelling(RandomQueries),12435,0,0.46,0,0.5
dpctgan,ShadowModelling(RandomQueries),12435,1,0.56,1,0.5
dpctgan,ShadowModelling(RandomQueries),12435,0,0.44,0,0.5
dpctgan,ShadowModelling(RandomQueries),12435,1,0.4,0,0.5
dpctgan,ShadowModelling(RandomQueries),12435,0,0.48,0,0.5
dpctgan,ShadowModelling(RandomQueries),12435,1,0.34,0,0.5
dpctgan,ShadowModelling(RandomQueries),12435,0,0.72,1,0.5
dpctgan,ShadowModelling(RandomQueries),12435,1,0.58,1,0.5
dpctgan,ShadowModelling(RandomQueries),12435,0,0.55,1,0.5
dpctgan,ShadowModelling(RandomQueries),12435,1,0.56,1,0.5
dpctgan,ShadowModelling(RandomQueries),12435,0,0.49,0,0.5
dpctgan,ShadowModelling(RandomQueries),12435,1,0.34,0,0.5
dpctgan,ShadowModelling(RandomQueries),12435,0,0.42,0,0.5
dpctgan,ShadowModelling(RandomQueries),12435,1,0.51,1,0.5
dpctgan,ShadowModelling(RandomQueries),12435,0,0.32,0,0.5
dpctgan,ShadowModelling(RandomQueries),12435,1,0.58,1,0.5
dpctgan,ShadowModelling(RandomQueries),12435,0,0.48,0,0.5
dpctgan,ShadowModelling(RandomQueries),12435,1,0.48,0,0.5
dpctgan,ShadowModelling(RandomQueries),12435,0,0.52,1,0.5
dpctgan,ShadowModelling(RandomQueries),12435,1,0.32,0,0.5
dpctgan,ShadowModelling(RandomQueries),12435,0,0.56,1,0.5
dpctgan,ShadowModelling(RandomQueries),12435,1,0.52,1,0.5
dpctgan,ShadowModelling(RandomQueries),12435,0,0.62,1,0.5
dpctgan,ShadowModelling(RandomQueries),12435,1,0.52,1,0.5
dpctgan,ShadowModelling(RandomQueries),12435,0,0.61,1,0.5
dpctgan,ShadowModelling(RandomQueries),12435,1,0.46,0,0.5
dpctgan,ShadowModelling(RandomQueries),12435,0,0.45,0,0.5
dpctgan,ShadowModelling(RandomQueries),12435,1,0.72,1,0.5
dpctgan,ShadowModelling(RandomQueries),12435,0,0.35,0,0.5
dpctgan,ShadowModelling(RandomQueries),12435,1,0.56,1,0.5
dpctgan,ShadowModelling(RandomQueries),12435,0,0.38,0,0.5
dpctgan,ShadowModelling(RandomQueries),12435,1,0.42,0,0.5
dpctgan,ShadowModelling(RandomQueries),12435,0,0.45,0,0.5
dpctgan,ShadowModelling(RandomQueries),12435,1,0.73,1,0.5
dpctgan,ShadowModelling(RandomQueries),12435,0,0.6,1,0.5
dpctgan,ShadowModelling(RandomQueries),12435,1,0.57,1,0.5
dpctgan,ShadowModelling(RandomQueries),12435,0,0.49,0,0.5
dpctgan,ShadowModelling(RandomQueries),12435,1,0.65,1,0.5
dpctgan,ShadowModelling(RandomQueries),12435,0,0.69,1,0.5
dpctgan,ShadowModelling(RandomQueries),12435,1,0.47,0,0.5
dpctgan,ShadowModelling(RandomQueries),12435,0,0.35,0,0.5
dpctgan,ShadowModelling(RandomQueries),12435,1,0.61,1,0.5
dpctgan,ShadowModelling(RandomQueries),12435,0,0.38,0,0.5
dpctgan,ShadowModelling(RandomQueries),12435,1,0.5,0,0.5
dpctgan,ShadowModelling(RandomQueries),12435,0,0.5,0,0.5
dpctgan,ShadowModelling(RandomQueries),12435,1,0.37,0,0.5
dpctgan,ShadowModelling(RandomQueries),12435,0,0.62,1,0.5
dpctgan,ShadowModelling(RandomQueries),12435,1,0.44,0,0.5
dpctgan,ShadowModelling(RandomQueries),12435,0,0.46,0,0.5
dpctgan,ShadowModelling(RandomQueries),12435,1,0.58,1,0.5
dpctgan,ShadowModelling(RandomQueries),12435,0,0.38,0,0.5
dpctgan,ShadowModelling(RandomQueries),12435,1,0.49,0,0.5
dpctgan,ShadowModelling(RandomQueries),12435,0,0.42,0,0.5
dpctgan,ShadowModelling(RandomQueries),12435,1,0.52,1,0.5
dpctgan,ShadowModelling(RandomQueries),12435,0,0.5,0,0.5
dpctgan,ShadowModelling(RandomQueries),12435,1,0.76,1,0.5
dpctgan,ShadowModelling(RandomQueries),12435,0,0.34,0,0.5
dpctgan,ShadowModelling(RandomQueries),12435,1,0.51,1,0.5
dpctgan,ShadowModelling(RandomQueries),12435,0,0.35,0,0.5
dpctgan,ShadowModelling(RandomQueries),12435,1,0.73,1,0.5
dpctgan,ShadowModelling(RandomQueries),12435,0,0.45,0,0.5
dpctgan,ShadowModelling(RandomQueries),12435,1,0.64,1,0.5
dpctgan,ShadowModelling(RandomQueries),12435,0,0.48,0,0.5
dpctgan,ShadowModelling(RandomQueries),12435,1,0.36,0,0.5
dpctgan,ShadowModelling(RandomQueries),12435,0,0.57,1,0.5
dpctgan,ShadowModelling(RandomQueries),12435,1,0.34,0,0.5
dpctgan,ShadowModelling(RandomQueries),12435,0,0.58,1,0.5
dpctgan,ShadowModelling(RandomQueries),12435,1,0.45,0,0.5
dpctgan,ShadowModelling(RandomQueries),12435,0,0.44,0,0.5
dpctgan,ShadowModelling(RandomQueries),12435,1,0.59,1,0.5
dpctgan,ShadowModelling(RandomQueries),12435,0,0.5,0,0.5
dpctgan,ShadowModelling(RandomQueries),12435,1,0.57,1,0.5
dpctgan,ShadowModelling(RandomQueries),12435,0,0.42,0,0.5
dpctgan,ShadowModelling(RandomQueries),12435,1,0.43,0,0.5
dpctgan,ShadowModelling(RandomQueries),12435,0,0.5,0,0.5
dpctgan,ShadowModelling(RandomQueries),12435,1,0.41,0,0.5
dpctgan,ShadowModelling(RandomQueries),12435,0,0.73,1,0.5
dpctgan,ShadowModelling(RandomQueries),12435,1,0.35,0,0.5
dpctgan,ShadowModelling(RandomQueries),12435,0,0.56,1,0.5
dpctgan,ShadowModelling(RandomQueries),12435,1,0.51,1,0.5
dpctgan,ShadowModelling(RandomQueries),12435,0,0.54,1,0.5
dpctgan,ShadowModelling(RandomQueries),12435,1,0.42,0,0.5
dpctgan,ShadowModelling(RandomQueries),12435,0,0.47,0,0.5
dpctgan,ShadowModelling(RandomQueries),12435,1,0.41,0,0.5
dpctgan,ShadowModelling(RandomQueries),12435,0,0.42,0,0.5
dpctgan,ShadowModelling(RandomQueries),12435,1,0.48,0,0.5
dpctgan,ShadowModelling(RandomQueries),12435,0,0.62,1,0.5
dpctgan,ShadowModelling(RandomQueries),12435,1,0.49,0,0.5
dpctgan,ShadowModelling(RandomQueries),12435,0,0.56,1,0.5
dpctgan,ShadowModelling(RandomQueries),12435,1,0.53,1,0.5
dpctgan,ShadowModelling(RandomQueries),12435,0,0.48,0,0.5
dpctgan,ShadowModelling(RandomQueries),12435,1,0.44,0,0.5
dpctgan,ShadowModelling(RandomQueries),12435,0,0.57,1,0.5
dpctgan,ShadowModelling(RandomQueries),12435,1,0.29,0,0.5
dpctgan,ShadowModelling(RandomQueries),12435,0,0.51,1,0.5
dpctgan,ShadowModelling(RandomQueries),12435,1,0.35,0,0.5
dpctgan,ShadowModelling(RandomQueries),12435,0,0.47,0,0.5
dpctgan,ShadowModelling(RandomQueries),12435,1,0.48,0,0.5
dpctgan,ShadowModelling(RandomQueries),12435,0,0.67,1,0.5
dpctgan,ShadowModelling(RandomQueries),12435,1,0.43,0,0.5
dpctgan,ShadowModelling(RandomQueries),12435,0,0.4,0,0.5
dpctgan,ShadowModelling(RandomQueries),12435,1,0.31,0,0.5
dpctgan,ShadowModelling(RandomQueries),12435,0,0.61,1,0.5
dpctgan,ShadowModelling(RandomQueries),12435,1,0.18,0,0.5
dpctgan,ShadowModelling(RandomQueries),12435,0,0.45,0,0.5
dpctgan,ShadowModelling(RandomQueries),12435,1,0.4,0,0.5
dpctgan,ShadowModelling(RandomQueries),12435,0,0.44,0,0.5
dpctgan,ShadowModelling(RandomQueries),12435,1,0.39,0,0.5
dpctgan,ShadowModelling(RandomQueries),12435,0,0.44,0,0.5
dpctgan,ShadowModelling(RandomQueries),12435,1,0.42,0,0.5
dpctgan,ShadowModelling(RandomQueries),12435,0,0.45,0,0.5
dpctgan,ShadowModelling(RandomQueries),12435,1,0.48,0,0.5
dpctgan,ShadowModelling(RandomQueries),12435,0,0.62,1,0.5
dpctgan,ShadowModelling(RandomQueries),12435,1,0.38,0,0.5
dpctgan,ShadowModelling(RandomQueries),12435,0,0.54,1,0.5
dpctgan,ShadowModelling(RandomQueries),12435,1,0.56,1,0.5
dpctgan,ShadowModelling(RandomQueries),12435,0,0.5,0,0.5
dpctgan,ShadowModelling(RandomQueries),12435,1,0.56,1,0.5
dpctgan,ShadowModelling(RandomQueries),12435,0,0.61,1,0.5
dpctgan,ShadowModelling(RandomQueries),12435,1,0.4,0,0.5
dpctgan,ShadowModelling(RandomQueries),12435,0,0.41,0,0.5
dpctgan,ShadowModelling(RandomQueries),12435,1,0.33,0,0.5
dpctgan,ShadowModelling(RandomQueries),12435,0,0.41,0,0.5
dpctgan,ShadowModelling(RandomQueries),12435,1,0.44,0,0.5
dpctgan,ShadowModelling(RandomQueries),12435,0,0.62,1,0.5
dpctgan,ShadowModelling(RandomQueries),12435,1,0.41,0,0.5
dpctgan,ShadowModelling(RandomQueries),12435,0,0.57,1,0.5
dpctgan,ShadowModelling(RandomQueries),12435,1,0.6,1,0.5
dpctgan,ShadowModelling(RandomQueries),12435,0,0.39,0,0.5
dpctgan,ShadowModelling(RandomQueries),12435,1,0.49,0,0.5
dpctgan,ShadowModelling(RandomQueries),12435,0,0.31,0,0.5
dpctgan,ShadowModelling(RandomQueries),12435,1,0.59,1,0.5
dpctgan,ShadowModelling(RandomQueries),12435,0,0.39,0,0.5
dpctgan,ShadowModelling(RandomQueries),12435,1,0.79,1,0.5
dpctgan,ShadowModelling(RandomQueries),12435,0,0.57,1,0.5
dpctgan,ShadowModelling(RandomQueries),12435,1,0.45,0,0.5
dpctgan,ShadowModelling(RandomQueries),12435,0,0.48,0,0.5
dpctgan,ShadowModelling(RandomQueries),12435,1,0.32,0,0.5
dpctgan,ShadowModelling(RandomQueries),12435,0,0.33,0,0.5
dpctgan,ShadowModelling(RandomQueries),12435,1,0.53,1,0.5
dpctgan,ShadowModelling(RandomQueries),12435,0,0.55,1,0.5
dpctgan,ShadowModelling(RandomQueries),12435,1,0.64,1,0.5
dpctgan,ShadowModelling(RandomQueries),12435,0,0.56,1,0.5
dpctgan,ShadowModelling(RandomQueries),12435,1,0.35,0,0.5
dpctgan,ShadowModelling(RandomQueries),12435,0,0.37,0,0.5
dpctgan,ShadowModelling(RandomQueries),12435,1,0.44,0,0.5
dpctgan,ShadowModelling(RandomQueries),12435,0,0.46,0,0.5
dpctgan,ShadowModelling(RandomQueries),12435,1,0.5,0,0.5
dpctgan,ShadowModelling(RandomQueries),12435,0,0.6,1,0.5
dpctgan,ShadowModelling(RandomQueries),12435,1,0.4,0,0.5
dpctgan,ShadowModelling(RandomQueries),12435,0,0.4,0,0.5
dpctgan,ShadowModelling(RandomQueries),12435,1,0.66,1,0.5
dpctgan,ShadowModelling(RandomQueries),12435,0,0.37,0,0.5
dpctgan,ShadowModelling(RandomQueries),12435,1,0.62,1,0.5
dpctgan,ShadowModelling(RandomQueries),12435,0,0.31,0,0.5
dpctgan,ShadowModelling(RandomQueries),12435,1,0.48,0,0.5
dpctgan,ShadowModelling(RandomQueries),12435,0,0.44,0,0.5
dpctgan,ShadowModelling(RandomQueries),12435,1,0.74,1,0.5
dpctgan,ShadowModelling(RandomQueries),12435,0,0.38,0,0.5
dpctgan,ShadowModelling(RandomQueries),12435,1,0.53,1,0.5
dpctgan,ShadowModelling(RandomQueries),12435,0,0.5,0,0.5
dpctgan,ShadowModelling(RandomQueries),12435,1,0.46,0,0.5
dpctgan,ShadowModelling(RandomQueries),12435,0,0.68,1,0.5
dpctgan,ShadowModelling(RandomQueries),12435,1,0.5,0,0.5
dpctgan,ShadowModelling(RandomQueries),12435,0,0.62,1,0.5
dpctgan,ShadowModelling(RandomQueries),12435,1,0.45,0,0.5
dpctgan,ShadowModelling(RandomQueries),12435,0,0.67,1,0.5
dpctgan,ShadowModelling(RandomQueries),12435,1,0.52,1,0.5
dpctgan,ShadowModelling(RandomQueries),12435,0,0.51,1,0.5
dpctgan,ShadowModelling(RandomQueries),12435,1,0.24,0,0.5
dpctgan,ShadowModelling(RandomQueries),12435,0,0.55,1,0.5
dpctgan,ShadowModelling(RandomQueries),12435,1,0.65,1,0.5
dpctgan,ShadowModelling(RandomQueries),12435,0,0.68,1,0.5
dpctgan,ShadowModelling(RandomQueries),12435,1,0.51,1,0.5
dpctgan,ShadowModelling(RandomQueries),12435,0,0.46,0,0.5
dpctgan,ShadowModelling(RandomQueries),12435,1,0.66,1,0.5
dpctgan,ShadowModelling(RandomQueries),12435,0,0.54,1,0.5
dpctgan,ShadowModelling(RandomQueries),12435,1,0.25,0,0.5
dpctgan,ShadowModelling(RandomQueries),12435,0,0.41,0,0.5
dpctgan,ShadowModelling(RandomQueries),12435,1,0.63,1,0.5
dpctgan,ShadowModelling(RandomQueries),12435,0,0.53,1,0.5
dpctgan,ShadowModelling(RandomQueries),12435,1,0.56,1,0.5
dpctgan,ShadowModelling(RandomQueries),12435,0,0.5,0,0.5
dpctgan,ShadowModelling(RandomQueries),12435,1,0.51,1,0.5
dpctgan,ShadowModelling(RandomQueries),12435,0,0.69,1,0.5
dpctgan,ShadowModelling(RandomQueries),12435,1,0.45,0,0.5
dpctgan,ShadowModelling(RandomQueries),12435,0,0.45,0,0.5
dpctgan,ShadowModelling(RandomQueries),12435,1,0.43,0,0.5
dpctgan,ShadowModelling(RandomQueries),12435,0,0.45,0,0.5
dpctgan,ShadowModelling(RandomQueries),12435,1,0.46,0,0.5
dpctgan,ShadowModelling(RandomQueries),12435,0,0.34,0,0.5
dpctgan,ShadowModelling(RandomQueries),12435,1,0.49,0,0.5
dpctgan,ShadowModelling(RandomQueries),12435,0,0.7,1,0.5
dpctgan,ShadowModelling(RandomQueries),12435,1,0.43,0,0.5
dpctgan,ShadowModelling(RandomQueries),12435,0,0.42,0,0.5
dpctgan,ShadowModelling(RandomQueries),12435,1,0.46,0,0.5
dpctgan,ShadowModelling(RandomQueries),12435,0,0.55,1,0.5
dpctgan,ShadowModelling(RandomQueries),12435,1,0.35,0,0.5
dpctgan,ShadowModelling(RandomQueries),12435,0,0.46,0,0.5
dpctgan,ShadowModelling(RandomQueries),12435,1,0.4,0,0.5
dpctgan,ShadowModelling(RandomQueries),12435,0,0.35,0,0.5
dpctgan,ShadowModelling(RandomQueries),12435,1,0.54,1,0.5
dpctgan,ShadowModelling(RandomQueries),12435,0,0.59,1,0.5
dpctgan,ShadowModelling(RandomQueries),12435,1,0.55,1,0.5
dpctgan,ShadowModelling(RandomQueries),12435,0,0.51,1,0.5
dpctgan,ShadowModelling(RandomQueries),12435,1,0.48,0,0.5
dpctgan,ShadowModelling(RandomQueries),12435,0,0.53,1,0.5
dpctgan,ShadowModelling(RandomQueries),12435,1,0.46,0,0.5
dpctgan,ShadowModelling(RandomQueries),12435,0,0.41,0,0.5
dpctgan,ShadowModelling(RandomQueries),12435,1,0.47,0,0.5
dpctgan,ShadowModelling(RandomQueries),12435,0,0.51,1,0.5
dpctgan,ShadowModelling(RandomQueries),12435,1,0.51,1,0.5
dpctgan,ShadowModelling(RandomQueries),12435,0,0.48,0,0.5
dpctgan,ShadowModelling(RandomQueries),12435,1,0.47,0,0.5
dpctgan,ShadowModelling(RandomQueries),12435,0,0.67,1,0.5
dpctgan,ShadowModelling(RandomQueries),12435,1,0.45,0,0.5
dpctgan,ShadowModelling(RandomQueries),12435,0,0.58,1,0.5
dpctgan,ShadowModelling(RandomQueries),12435,1,0.54,1,0.5
dpctgan,ShadowModelling(RandomQueries),12435,0,0.5,0,0.5
dpctgan,ShadowModelling(RandomQueries),12435,1,0.55,1,0.5
dpctgan,ShadowModelling(RandomQueries),12435,0,0.51,1,0.5
dpctgan,ShadowModelling(RandomQueries),12435,1,0.6,1,0.5
dpctgan,ShadowModelling(RandomQueries),12435,0,0.49,0,0.5
dpctgan,ShadowModelling(RandomQueries),12435,1,0.45,0,0.5
dpctgan,ShadowModelling(RandomQueries),12435,0,0.5,0,0.5
dpctgan,ShadowModelling(RandomQueries),12435,1,0.3,0,0.5
dpctgan,ShadowModelling(RandomQueries),12435,0,0.39,0,0.5
dpctgan,ShadowModelling(RandomQueries),12435,1,0.57,1,0.5
dpctgan,ShadowModelling(RandomQueries),12435,0,0.63,1,0.5
dpctgan,ShadowModelling(RandomQueries),12435,1,0.46,0,0.5
dpctgan,ShadowModelling(RandomQueries),12435,0,0.53,1,0.5
dpctgan,ShadowModelling(RandomQueries),12435,1,0.52,1,0.5
dpctgan,ShadowModelling(RandomQueries),12435,0,0.55,1,0.5
dpctgan,ShadowModelling(RandomQueries),12435,1,0.32,0,0.5
dpctgan,ShadowModelling(RandomQueries),12435,0,0.73,1,0.5
dpctgan,ShadowModelling(RandomQueries),12435,1,0.42,0,0.5
dpctgan,ShadowModelling(RandomQueries),12435,0,0.56,1,0.5
dpctgan,ShadowModelling(RandomQueries),12435,1,0.49,0,0.5
dpctgan,ShadowModelling(RandomQueries),12435,0,0.45,0,0.5
dpctgan,ShadowModelling(RandomQueries),12435,1,0.42,0,0.5
dpctgan,ShadowModelling(RandomQueries),12435,0,0.53,1,0.5
dpctgan,ShadowModelling(RandomQueries),12435,1,0.44,0,0.5
dpctgan,ShadowModelling(RandomQueries),12435,0,0.61,1,0.5
dpctgan,ShadowModelling(RandomQueries),12435,1,0.54,1,0.5
dpctgan,ShadowModelling(RandomQueries),12435,0,0.54,1,0.5
dpctgan,ShadowModelling(RandomQueries),12435,1,0.28,0,0.5
dpctgan,ShadowModelling(RandomQueries),12435,0,0.28,0,0.5
dpctgan,ShadowModelling(RandomQueries),12435,1,0.57,1,0.5
dpctgan,ShadowModelling(RandomQueries),12435,0,0.41,0,0.5
dpctgan,ShadowModelling(RandomQueries),12435,1,0.59,1,0.5
dpctgan,ShadowModelling(RandomQueries),12435,0,0.41,0,0.5
dpctgan,ShadowModelling(RandomQueries),12435,1,0.56,1,0.5
dpctgan,ShadowModelling(RandomQueries),12435,0,0.44,0,0.5
dpctgan,ShadowModelling(RandomQueries),12435,1,0.67,1,0.5
dpctgan,ShadowModelling(RandomQueries),12435,0,0.38,0,0.5
dpctgan,ShadowModelling(RandomQueries),12435,1,0.58,1,0.5
dpctgan,ShadowModelling(RandomQueries),12435,0,0.61,1,0.5
dpctgan,ShadowModelling(RandomQueries),12435,1,0.19,0,0.5
dpctgan,ShadowModelling(RandomQueries),12435,0,0.33,0,0.5
dpctgan,ShadowModelling(RandomQueries),12435,1,0.56,1,0.5
dpctgan,ShadowModelling(RandomQueries),12435,0,0.42,0,0.5
dpctgan,ShadowModelling(RandomQueries),12435,1,0.49,0,0.5
dpctgan,ShadowModelling(RandomQueries),12435,0,0.39,0,0.5
dpctgan,ShadowModelling(RandomQueries),12435,1,0.34,0,0.5
dpctgan,ShadowModelling(RandomQueries),12435,0,0.66,1,0.5
dpctgan,ShadowModelling(RandomQueries),12435,1,0.68,1,0.5
dpctgan,ShadowModelling(RandomQueries),12435,0,0.51,1,0.5
dpctgan,ShadowModelling(RandomQueries),12435,1,0.52,1,0.5
dpctgan,ShadowModelling(RandomQueries),12435,0,0.54,1,0.5
dpctgan,ShadowModelling(RandomQueries),12435,1,0.55,1,0.5
dpctgan,ShadowModelling(RandomQueries),12435,0,0.57,1,0.5
dpctgan,ShadowModelling(RandomQueries),12435,1,0.33,0,0.5
dpctgan,ShadowModelling(RandomQueries),12435,0,0.51,1,0.5
dpctgan,ShadowModelling(RandomQueries),12435,1,0.41,0,0.5
dpctgan,ShadowModelling(RandomQueries),12435,0,0.42,0,0.5
dpctgan,ShadowModelling(RandomQueries),12435,1,0.5,0,0.5
dpctgan,ShadowModelling(RandomQueries),12435,0,0.48,0,0.5
dpctgan,ShadowModelling(RandomQueries),12435,1,0.51,1,0.5
dpctgan,ShadowModelling(RandomQueries),12435,0,0.68,1,0.5
dpctgan,ShadowModelling(RandomQueries),12435,1,0.55,1,0.5
dpctgan,ShadowModelling(RandomQueries),12435,0,0.61,1,0.5
dpctgan,ShadowModelling(RandomQueries),12435,1,0.44,0,0.5
dpctgan,ShadowModelling(RandomQueries),12435,0,0.4,0,0.5
dpctgan,ShadowModelling(RandomQueries),12435,1,0.48,0,0.5
dpctgan,ShadowModelling(RandomQueries),12435,0,0.52,1,0.5
dpctgan,ShadowModelling(RandomQueries),12435,1,0.46,0,0.5
dpctgan,ShadowModelling(RandomQueries),12435,0,0.49,0,0.5
dpctgan,ShadowModelling(RandomQueries),12435,1,0.36,0,0.5
dpctgan,ShadowModelling(RandomQueries),12435,0,0.43,0,0.5
dpctgan,ShadowModelling(RandomQueries),12435,1,0.39,0,0.5
dpctgan,ShadowModelling(RandomQueries),12435,0,0.57,1,0.5
dpctgan,ShadowModelling(RandomQueries),12435,1,0.57,1,0.5
dpctgan,ShadowModelling(RandomQueries),12435,0,0.71,1,0.5
dpctgan,ShadowModelling(RandomQueries),12435,1,0.58,1,0.5
dpctgan,ShadowModelling(RandomQueries),12435,0,0.67,1,0.5
dpctgan,ShadowModelling(RandomQueries),12435,1,0.63,1,0.5
dpctgan,ShadowModelling(RandomQueries),12435,0,0.36,0,0.5
dpctgan,ShadowModelling(RandomQueries),12435,1,0.57,1,0.5
dpctgan,ShadowModelling(RandomQueries),12435,0,0.54,1,0.5
dpctgan,ShadowModelling(RandomQueries),12435,1,0.69,1,0.5
dpctgan,ShadowModelling(RandomQueries),12435,0,0.44,0,0.5
dpctgan,ShadowModelling(RandomQueries),12435,1,0.51,1,0.5
dpctgan,ShadowModelling(RandomQueries),12435,0,0.5,0,0.5
dpctgan,ShadowModelling(RandomQueries),12435,1,0.51,1,0.5
dpctgan,ShadowModelling(RandomQueries),12435,0,0.35,0,0.5
dpctgan,ShadowModelling(RandomQueries),12435,1,0.38,0,0.5
dpctgan,ShadowModelling(RandomQueries),12435,0,0.36,0,0.5
dpctgan,ShadowModelling(RandomQueries),12435,1,0.4,0,0.5
dpctgan,ShadowModelling(RandomQueries),12435,0,0.4,0,0.5
dpctgan,ShadowModelling(RandomQueries),12435,1,0.58,1,0.5
dpctgan,ShadowModelling(RandomQueries),12435,0,0.39,0,0.5
dpctgan,ShadowModelling(RandomQueries),12435,1,0.6,1,0.5
dpctgan,ShadowModelling(RandomQueries),12435,0,0.4,0,0.5
dpctgan,ShadowModelling(RandomQueries),12435,1,0.57,1,0.5
dpctgan,ShadowModelling(RandomQueries),12435,0,0.36,0,0.5
dpctgan,ShadowModelling(RandomQueries),12435,1,0.72,1,0.5
dpctgan,ShadowModelling(RandomQueries),12435,0,0.4,0,0.5
dpctgan,ShadowModelling(RandomQueries),12435,1,0.5,0,0.5
dpctgan,ShadowModelling(RandomQueries),12435,0,0.52,1,0.5
dpctgan,ShadowModelling(RandomQueries),12435,1,0.62,1,0.5
dpctgan,ShadowModelling(RandomQueries),12435,0,0.61,1,0.5
dpctgan,ShadowModelling(RandomQueries),12435,1,0.43,0,0.5
dpctgan,ShadowModelling(RandomQueries),12435,0,0.48,0,0.5
dpctgan,ShadowModelling(RandomQueries),12435,1,0.56,1,0.5
dpctgan,ShadowModelling(RandomQueries),12435,0,0.61,1,0.5
dpctgan,ShadowModelling(RandomQueries),12435,1,0.65,1,0.5
dpctgan,ShadowModelling(RandomQueries),12435,0,0.53,1,0.5
dpctgan,ShadowModelling(RandomQueries),12435,1,0.6,1,0.5
dpctgan,ShadowModelling(RandomQueries),12435,0,0.46,0,0.5
dpctgan,ShadowModelling(RandomQueries),12435,1,0.41,0,0.5
dpctgan,ShadowModelling(RandomQueries),12435,0,0.55,1,0.5
dpctgan,ShadowModelling(RandomQueries),12435,1,0.32,0,0.5
dpctgan,ShadowModelling(RandomQueries),12435,0,0.37,0,0.5
dpctgan,ShadowModelling(RandomQueries),12435,1,0.67,1,0.5
dpctgan,ShadowModelling(RandomQueries),12435,0,0.45,0,0.5
dpctgan,ShadowModelling(RandomQueries),12435,1,0.55,1,0.5
dpctgan,ShadowModelling(RandomQueries),12435,0,0.5,0,0.5
dpctgan,ShadowModelling(RandomQueries),12435,1,0.43,0,0.5
dpctgan,ShadowModelling(RandomQueries),12435,0,0.35,0,0.5
dpctgan,ShadowModelling(RandomQueries),12435,1,0.42,0,0.5
dpctgan,ShadowModelling(RandomQueries),12435,0,0.36,0,0.5
dpctgan,ShadowModelling(RandomQueries),12435,1,0.41,0,0.5
dpctgan,ShadowModelling(RandomQueries),12435,0,0.63,1,0.5
dpctgan,ShadowModelling(RandomQueries),12435,1,0.47,0,0.5
dpctgan,ShadowModelling(RandomQueries),12435,0,0.55,1,0.5
dpctgan,ShadowModelling(RandomQueries),12435,1,0.77,1,0.5
dpctgan,ShadowModelling(RandomQueries),12435,0,0.69,1,0.5
dpctgan,ShadowModelling(RandomQueries),12435,1,0.42,0,0.5
dpctgan,ShadowModelling(RandomQueries),12435,0,0.65,1,0.5
dpctgan,ShadowModelling(RandomQueries),12435,1,0.34,0,0.5
dpctgan,ShadowModelling(RandomQueries),12435,0,0.48,0,0.5
dpctgan,ShadowModelling(RandomQueries),12435,1,0.56,1,0.5
dpctgan,ShadowModelling(RandomQueries),12435,0,0.57,1,0.5
dpctgan,ShadowModelling(RandomQueries),12435,1,0.48,0,0.5
dpctgan,ShadowModelling(RandomQueries),12435,0,0.41,0,0.5
dpctgan,ShadowModelling(RandomQueries),12435,1,0.39,0,0.5
dpctgan,ShadowModelling(RandomQueries),12435,0,0.45,0,0.5
dpctgan,ShadowModelling(RandomQueries),12435,1,0.33,0,0.5
dpctgan,ShadowModelling(RandomQueries),12435,0,0.38,0,0.5
dpctgan,ShadowModelling(RandomQueries),12435,1,0.49,0,0.5
dpctgan,ShadowModelling(RandomQueries),12435,0,0.5,0,0.5
dpctgan,ShadowModelling(RandomQueries),12435,1,0.69,1,0.5
dpctgan,ShadowModelling(RandomQueries),12435,0,0.44,0,0.5
dpctgan,ShadowModelling(RandomQueries),12435,1,0.63,1,0.5
dpctgan,ShadowModelling(RandomQueries),12435,0,0.32,0,0.5
dpctgan,ShadowModelling(RandomQueries),12435,1,0.37,0,0.5
dpctgan,ShadowModelling(RandomQueries),12435,0,0.5,0,0.5
dpctgan,ShadowModelling(RandomQueries),12435,1,0.55,1,0.5
dpctgan,ShadowModelling(RandomQueries),12435,0,0.56,1,0.5
dpctgan,ShadowModelling(RandomQueries),12435,1,0.49,0,0.5
dpctgan,ShadowModelling(RandomQueries),12435,0,0.5,0,0.5
dpctgan,ShadowModelling(RandomQueries),12435,1,0.47,0,0.5
dpctgan,ShadowModelling(RandomQueries),12435,0,0.57,1,0.5
dpctgan,ShadowModelling(RandomQueries),12435,1,0.34,0,0.5
dpctgan,ShadowModelling(RandomQueries),12435,0,0.51,1,0.5
dpctgan,ShadowModelling(RandomQueries),12435,1,0.44,0,0.5
dpctgan,ShadowModelling(RandomQueries),12435,0,0.58,1,0.5
dpctgan,ShadowModelling(RandomQueries),12435,1,0.33,0,0.5
dpctgan,ShadowModelling(RandomQueries),12435,0,0.39,0,0.5
dpctgan,ShadowModelling(RandomQueries),12435,1,0.5,0,0.5
dpctgan,ShadowModelling(RandomQueries),12435,0,0.59,1,0.5
dpctgan,ShadowModelling(RandomQueries),12435,1,0.51,1,0.5
dpctgan,ShadowModelling(RandomQueries),12435,0,0.62,1,0.5
dpctgan,ShadowModelling(RandomQueries),12435,1,0.42,0,0.5
dpctgan,ShadowModelling(RandomQueries),12435,0,0.45,0,0.5
dpctgan,ShadowModelling(RandomQueries),12435,1,0.57,1,0.5
dpctgan,ShadowModelling(RandomQueries),12435,0,0.47,0,0.5
dpctgan,ShadowModelling(RandomQueries),12435,1,0.52,1,0.5
dpctgan,ShadowModelling(RandomQueries),12435,0,0.5,0,0.5
dpctgan,ShadowModelling(RandomQueries),12435,1,0.61,1,0.5
dpctgan,ShadowModelling(RandomQueries),12435,0,0.26,0,0.5
dpctgan,ShadowModelling(RandomQueries),12435,1,0.32,0,0.5
dpctgan,ShadowModelling(RandomQueries),12435,0,0.47,0,0.5
dpctgan,ShadowModelling(RandomQueries),12435,1,0.55,1,0.5
dpctgan,ShadowModelling(RandomQueries),12435,0,0.45,0,0.5
dpctgan,ShadowModelling(RandomQueries),12435,1,0.57,1,0.5
dpctgan,ShadowModelling(RandomQueries),12435,0,0.54,1,0.5
dpctgan,ShadowModelling(RandomQueries),12435,1,0.41,0,0.5
dpctgan,ShadowModelling(RandomQueries),12435,0,0.61,1,0.5
dpctgan,ShadowModelling(RandomQueries),12435,1,0.52,1,0.5
dpctgan,ShadowModelling(RandomQueries),12435,0,0.48,0,0.5
dpctgan,ShadowModelling(RandomQueries),12435,1,0.6,1,0.5
dpctgan,ShadowModelling(RandomQueries),12435,0,0.45,0,0.5
dpctgan,ShadowModelling(RandomQueries),12435,1,0.51,1,0.5
dpctgan,ShadowModelling(RandomQueries),12435,0,0.37,0,0.5
dpctgan,ShadowModelling(RandomQueries),12435,1,0.5,0,0.5
dpctgan,ShadowModelling(RandomQueries),12435,0,0.44,0,0.5
dpctgan,ShadowModelling(RandomQueries),12435,1,0.51,1,0.5
dpctgan,ShadowModelling(RandomQueries),12435,0,0.6,1,0.5
dpctgan,ShadowModelling(RandomQueries),12435,1,0.46,0,0.5
dpctgan,ShadowModelling(RandomQueries),12435,0,0.42,0,0.5
dpctgan,ShadowModelling(RandomQueries),12435,1,0.47,0,0.5
dpctgan,ShadowModelling(RandomQueries),12435,0,0.33,0,0.5
dpctgan,ShadowModelling(RandomQueries),12435,1,0.55,1,0.5
dpctgan,ShadowModelling(RandomQueries),12435,0,0.39,0,0.5
dpctgan,ShadowModelling(RandomQueries),12435,1,0.34,0,0.5
dpctgan,ShadowModelling(RandomQueries),12435,0,0.51,1,0.5
dpctgan,ShadowModelling(RandomQueries),12435,1,0.73,1,0.5
dpctgan,ShadowModelling(RandomQueries),12435,0,0.53,1,0.5
dpctgan,ShadowModelling(RandomQueries),12435,1,0.58,1,0.5
dpctgan,ShadowModelling(RandomQueries),12435,0,0.53,1,0.5
dpctgan,ShadowModelling(RandomQueries),12435,1,0.33,0,0.5
dpctgan,ShadowModelling(RandomQueries),12435,0,0.59,1,0.5
dpctgan,ShadowModelling(RandomQueries),12435,1,0.59,1,0.5
dpctgan,ShadowModelling(RandomQueries),12435,0,0.46,0,0.5
dpctgan,ShadowModelling(RandomQueries),12435,1,0.46,0,0.5
dpctgan,ShadowModelling(RandomQueries),12435,0,0.5,0,0.5
dpctgan,ShadowModelling(RandomQueries),12435,1,0.6,1,0.5
dpctgan,ShadowModelling(RandomQueries),12435,0,0.51,1,0.5
dpctgan,ShadowModelling(RandomQueries),12435,1,0.5,0,0.5
dpctgan,ShadowModelling(RandomQueries),12435,0,0.32,0,0.5
dpctgan,ShadowModelling(RandomQueries),12435,1,0.51,1,0.5
dpctgan,ShadowModelling(RandomQueries),12435,0,0.49,0,0.5
dpctgan,ShadowModelling(RandomQueries),12435,1,0.4,0,0.5
dpctgan,ShadowModelling(RandomQueries),12435,0,0.4,0,0.5
dpctgan,ShadowModelling(RandomQueries),12435,1,0.64,1,0.5
dpctgan,ShadowModelling(RandomQueries),12435,0,0.47,0,0.5
dpctgan,ShadowModelling(RandomQueries),12435,1,0.68,1,0.5
dpctgan,ShadowModelling(RandomQueries),12435,0,0.47,0,0.5
dpctgan,ShadowModelling(RandomQueries),12435,1,0.38,0,0.5
dpctgan,ShadowModelling(RandomQueries),12435,0,0.64,1,0.5
dpctgan,ShadowModelling(RandomQueries),12435,1,0.56,1,0.5
dpctgan,ShadowModelling(RandomQueries),12435,0,0.41,0,0.5
dpctgan,ShadowModelling(RandomQueries),12435,1,0.63,1,0.5
dpctgan,ShadowModelling(RandomQueries),12435,0,0.37,0,0.5
dpctgan,ShadowModelling(RandomQueries),12435,1,0.53,1,0.5
dpctgan,ShadowModelling(RandomQueries),12435,0,0.63,1,0.5
dpctgan,ShadowModelling(RandomQueries),12435,1,0.6,1,0.5
dpctgan,ShadowModelling(RandomQueries),12435,0,0.32,0,0.5
dpctgan,ShadowModelling(RandomQueries),12435,1,0.65,1,0.5
dpctgan,ShadowModelling(RandomQueries),12435,0,0.52,1,0.5
dpctgan,ShadowModelling(RandomQueries),12435,1,0.6,1,0.5
dpctgan,ShadowModelling(RandomQueries),12435,0,0.46,0,0.5
dpctgan,ShadowModelling(RandomQueries),12435,1,0.53,1,0.5
dpctgan,ShadowModelling(RandomQueries),12435,0,0.63,1,0.5
dpctgan,ShadowModelling(RandomQueries),12435,1,0.77,1,0.5
dpctgan,ShadowModelling(RandomQueries),12435,0,0.67,1,0.5
dpctgan,ShadowModelling(RandomQueries),12435,1,0.51,1,0.5
dpctgan,ShadowModelling(RandomQueries),12435,0,0.37,0,0.5
dpctgan,ShadowModelling(RandomQueries),12435,1,0.54,1,0.5
dpctgan,ShadowModelling(RandomQueries),12435,0,0.49,0,0.5
dpctgan,ShadowModelling(RandomQueries),12435,1,0.35,0,0.5
dpctgan,ShadowModelling(RandomQueries),12435,0,0.39,0,0.5
dpctgan,ShadowModelling(RandomQueries),12435,1,0.52,1,0.5
dpctgan,ShadowModelling(RandomQueries),12435,0,0.59,1,0.5
dpctgan,ShadowModelling(RandomQueries),12435,1,0.44,0,0.5
dpctgan,ShadowModelling(RandomQueries),12435,0,0.8,1,0.5
dpctgan,ShadowModelling(RandomQueries),12435,1,0.44,0,0.5
dpctgan,ShadowModelling(RandomQueries),12435,0,0.49,0,0.5
dpctgan,ShadowModelling(RandomQueries),12435,1,0.41,0,0.5
dpctgan,ShadowModelling(RandomQueries),12435,0,0.53,1,0.5
dpctgan,ShadowModelling(RandomQueries),12435,1,0.73,1,0.5
dpctgan,ShadowModelling(RandomQueries),12435,0,0.66,1,0.5
dpctgan,ShadowModelling(RandomQueries),12435,1,0.43,0,0.5
dpctgan,ShadowModelling(RandomQueries),12435,0,0.43,0,0.5
dpctgan,ShadowModelling(RandomQueries),12435,1,0.4,0,0.5
dpctgan,ShadowModelling(RandomQueries),12435,0,0.46,0,0.5
dpctgan,ShadowModelling(RandomQueries),12435,1,0.38,0,0.5
dpctgan,ShadowModelling(RandomQueries),12435,0,0.55,1,0.5
dpctgan,ShadowModelling(RandomQueries),12435,1,0.44,0,0.5
dpctgan,ShadowModelling(RandomQueries),12435,0,0.56,1,0.5
dpctgan,ShadowModelling(RandomQueries),12435,1,0.37,0,0.5
dpctgan,ShadowModelling(RandomQueries),12435,0,0.51,1,0.5
dpctgan,ShadowModelling(RandomQueries),12435,1,0.66,1,0.5
dpctgan,ShadowModelling(RandomQueries),12435,0,0.55,1,0.5
dpctgan,ShadowModelling(RandomQueries),12435,1,0.45,0,0.5
dpctgan,ShadowModelling(RandomQueries),12435,0,0.58,1,0.5
dpctgan,ShadowModelling(RandomQueries),12435,1,0.47,0,0.5
dpctgan,ShadowModelling(RandomQueries),12435,0,0.51,1,0.5
dpctgan,ShadowModelling(RandomQueries),12435,1,0.4,0,0.5
dpctgan,ShadowModelling(RandomQueries),12435,0,0.36,0,0.5
dpctgan,ShadowModelling(RandomQueries),12435,1,0.58,1,0.5
dpctgan,ShadowModelling(RandomQueries),12435,0,0.29,0,0.5
dpctgan,ShadowModelling(RandomQueries),12435,1,0.38,0,0.5
dpctgan,ShadowModelling(RandomQueries),12435,0,0.35,0,0.5
dpctgan,ShadowModelling(RandomQueries),12435,1,0.57,1,0.5
dpctgan,ShadowModelling(RandomQueries),12435,0,0.64,1,0.5
dpctgan,ShadowModelling(RandomQueries),12435,1,0.51,1,0.5
dpctgan,ShadowModelling(RandomQueries),12435,0,0.66,1,0.5
dpctgan,ShadowModelling(RandomQueries),12435,1,0.47,0,0.5
dpctgan,ShadowModelling(RandomQueries),12435,0,0.5,0,0.5
dpctgan,ShadowModelling(RandomQueries),12435,1,0.47,0,0.5
dpctgan,ShadowModelling(RandomQueries),12435,0,0.48,0,0.5
dpctgan,ShadowModelling(RandomQueries),12435,1,0.29,0,0.5
dpctgan,ShadowModelling(RandomQueries),12435,0,0.46,0,0.5
dpctgan,ShadowModelling(RandomQueries),12435,1,0.61,1,0.5
dpctgan,ShadowModelling(RandomQueries),12435,0,0.46,0,0.5
dpctgan,ShadowModelling(RandomQueries),12435,1,0.5,0,0.5
dpctgan,ShadowModelling(RandomQueries),12435,0,0.46,0,0.5
dpctgan,ShadowModelling(RandomQueries),12435,1,0.39,0,0.5
dpctgan,ShadowModelling(RandomQueries),12435,0,0.46,0,0.5
dpctgan,ShadowModelling(RandomQueries),12435,1,0.58,1,0.5
dpctgan,ShadowModelling(RandomQueries),12435,0,0.5,0,0.5
dpctgan,ShadowModelling(RandomQueries),12435,1,0.39,0,0.5
dpctgan,ShadowModelling(RandomQueries),12435,0,0.52,1,0.5
dpctgan,ShadowModelling(RandomQueries),12435,1,0.44,0,0.5
dpctgan,ShadowModelling(RandomQueries),12435,0,0.49,0,0.5
dpctgan,ShadowModelling(RandomQueries),12435,1,0.44,0,0.5
dpctgan,ShadowModelling(RandomQueries),12435,0,0.51,1,0.5
dpctgan,ShadowModelling(RandomQueries),12435,1,0.61,1,0.5
dpctgan,ShadowModelling(RandomQueries),12435,0,0.48,0,0.5
dpctgan,ShadowModelling(RandomQueries),12435,1,0.36,0,0.5
dpctgan,ShadowModelling(RandomQueries),12435,0,0.49,0,0.5
dpctgan,ShadowModelling(RandomQueries),12435,1,0.44,0,0.5
dpctgan,ShadowModelling(RandomQueries),12435,0,0.58,1,0.5
dpctgan,ShadowModelling(RandomQueries),12435,1,0.42,0,0.5
dpctgan,ShadowModelling(RandomQueries),12435,0,0.35,0,0.5
dpctgan,ShadowModelling(RandomQueries),12435,1,0.47,0,0.5
dpctgan,ShadowModelling(RandomQueries),12435,0,0.56,1,0.5
dpctgan,ShadowModelling(RandomQueries),12435,1,0.47,0,0.5
dpctgan,ShadowModelling(RandomQueries),12435,0,0.53,1,0.5
dpctgan,ShadowModelling(RandomQueries),12435,1,0.79,1,0.5
dpctgan,ShadowModelling(RandomQueries),12435,0,0.19,0,0.5
dpctgan,ShadowModelling(RandomQueries),12435,1,0.54,1,0.5
dpctgan,ShadowModelling(RandomQueries),12435,0,0.36,0,0.5
dpctgan,ShadowModelling(RandomQueries),12435,1,0.65,1,0.5
dpctgan,ShadowModelling(RandomQueries),12435,0,0.48,0,0.5
dpctgan,ShadowModelling(RandomQueries),12435,1,0.45,0,0.5
dpctgan,ShadowModelling(RandomQueries),12435,0,0.69,1,0.5
dpctgan,ShadowModelling(RandomQueries),12435,1,0.59,1,0.5
dpctgan,ShadowModelling(RandomQueries),12435,0,0.57,1,0.5
dpctgan,ShadowModelling(RandomQueries),12435,1,0.6,1,0.5
dpctgan,ShadowModelling(RandomQueries),12435,0,0.65,1,0.5
dpctgan,ShadowModelling(RandomQueries),12435,1,0.66,1,0.5
dpctgan,ShadowModelling(RandomQueries),12435,0,0.48,0,0.5
dpctgan,ShadowModelling(RandomQueries),12435,1,0.47,0,0.5
dpctgan,ShadowModelling(RandomQueries),12435,0,0.39,0,0.5
dpctgan,ShadowModelling(RandomQueries),12435,1,0.58,1,0.5
dpctgan,ShadowModelling(RandomQueries),12435,0,0.5,0,0.5
dpctgan,ShadowModelling(RandomQueries),12435,1,0.43,0,0.5
dpctgan,ShadowModelling(RandomQueries),12435,0,0.52,1,0.5
dpctgan,ShadowModelling(RandomQueries),12435,1,0.6,1,0.5
dpctgan,ShadowModelling(RandomQueries),12435,0,0.63,1,0.5
dpctgan,ShadowModelling(RandomQueries),12435,1,0.51,1,0.5
dpctgan,ShadowModelling(RandomQueries),12435,0,0.58,1,0.5
dpctgan,ShadowModelling(RandomQueries),12435,1,0.52,1,0.5
dpctgan,ShadowModelling(RandomQueries),12435,0,0.59,1,0.5
dpctgan,ShadowModelling(RandomQueries),12435,1,0.5,0,0.5
dpctgan,ShadowModelling(RandomQueries),12435,0,0.52,1,0.5
dpctgan,ShadowModelling(RandomQueries),12435,1,0.3,0,0.5
dpctgan,ShadowModelling(RandomQueries),12435,0,0.49,0,0.5
dpctgan,ShadowModelling(RandomQueries),12435,1,0.53,1,0.5
dpctgan,ShadowModelling(RandomQueries),12435,0,0.49,0,0.5
dpctgan,ShadowModelling(RandomQueries),12435,1,0.44,0,0.5
dpctgan,ShadowModelling(RandomQueries),12435,0,0.64,1,0.5
dpctgan,ShadowModelling(RandomQueries),12435,1,0.65,1,0.5
dpctgan,ShadowModelling(RandomQueries),12435,0,0.56,1,0.5
dpctgan,ShadowModelling(RandomQueries),12435,1,0.67,1,0.5
dpctgan,ShadowModelling(RandomQueries),12435,0,0.71,1,0.5
dpctgan,ShadowModelling(RandomQueries),12435,1,0.61,1,0.5
dpctgan,ShadowModelling(RandomQueries),12435,0,0.39,0,0.5
dpctgan,ShadowModelling(RandomQueries),12435,1,0.54,1,0.5
dpctgan,ShadowModelling(RandomQueries),12435,0,0.46,0,0.5
dpctgan,ShadowModelling(RandomQueries),12435,1,0.54,1,0.5
dpctgan,ShadowModelling(RandomQueries),12435,0,0.41,0,0.5
dpctgan,ShadowModelling(RandomQueries),12435,1,0.55,1,0.5
dpctgan,ShadowModelling(RandomQueries),12435,0,0.38,0,0.5
dpctgan,ShadowModelling(RandomQueries),12435,1,0.3,0,0.5
dpctgan,ShadowModelling(RandomQueries),12435,0,0.53,1,0.5
dpctgan,ShadowModelling(RandomQueries),12435,1,0.56,1,0.5
dpctgan,ShadowModelling(RandomQueries),12435,0,0.27,0,0.5
dpctgan,ShadowModelling(RandomQueries),12435,1,0.63,1,0.5
dpctgan,ShadowModelling(RandomQueries),12435,0,0.53,1,0.5
dpctgan,ShadowModelling(RandomQueries),12435,1,0.54,1,0.5
dpctgan,ShadowModelling(RandomQueries),12435,0,0.48,0,0.5
dpctgan,ShadowModelling(RandomQueries),12435,1,0.57,1,0.5
dpctgan,ShadowModelling(RandomQueries),12435,0,0.57,1,0.5
dpctgan,ShadowModelling(RandomQueries),12435,1,0.38,0,0.5
dpctgan,ShadowModelling(RandomQueries),12435,0,0.54,1,0.5
dpctgan,ShadowModelling(RandomQueries),12435,1,0.49,0,0.5
dpctgan,ShadowModelling(RandomQueries),12435,0,0.48,0,0.5
dpctgan,ShadowModelling(RandomQueries),12435,1,0.45,0,0.5
dpctgan,ShadowModelling(RandomQueries),12435,0,0.37,0,0.5
dpctgan,ShadowModelling(RandomQueries),12435,1,0.41,0,0.5
dpctgan,ShadowModelling(RandomQueries),12435,0,0.43,0,0.5
dpctgan,ShadowModelling(RandomQueries),12435,1,0.74,1,0.5
dpctgan,ShadowModelling(RandomQueries),12435,0,0.63,1,0.5
dpctgan,ShadowModelling(RandomQueries),12435,1,0.54,1,0.5
dpctgan,ShadowModelling(RandomQueries),12435,0,0.35,0,0.5
dpctgan,ShadowModelling(RandomQueries),12435,1,0.75,1,0.5
dpctgan,ShadowModelling(RandomQueries),12435,0,0.47,0,0.5
dpctgan,ShadowModelling(RandomQueries),12435,1,0.64,1,0.5
dpctgan,ShadowModelling(RandomQueries),12435,0,0.44,0,0.5
dpctgan,ShadowModelling(RandomQueries),12435,1,0.42,0,0.5
dpctgan,ShadowModelling(RandomQueries),12435,0,0.47,0,0.5
dpctgan,ShadowModelling(RandomQueries),12435,1,0.62,1,0.5
dpctgan,ShadowModelling(RandomQueries),12435,0,0.48,0,0.5
dpctgan,ShadowModelling(RandomQueries),12435,1,0.33,0,0.5
dpctgan,ShadowModelling(RandomQueries),12435,0,0.39,0,0.5
dpctgan,ShadowModelling(RandomQueries),12435,1,0.46,0,0.5
dpctgan,ShadowModelling(RandomQueries),12435,0,0.56,1,0.5
dpctgan,ShadowModelling(RandomQueries),12435,1,0.53,1,0.5
dpctgan,ShadowModelling(RandomQueries),12435,0,0.57,1,0.5
dpctgan,ShadowModelling(RandomQueries),12435,1,0.74,1,0.5
dpctgan,ShadowModelling(RandomQueries),12435,0,0.43,0,0.5
dpctgan,ShadowModelling(RandomQueries),12435,1,0.54,1,0.5
dpctgan,ShadowModelling(RandomQueries),12435,0,0.44,0,0.5
dpctgan,ShadowModelling(RandomQueries),12435,1,0.66,1,0.5
dpctgan,ShadowModelling(RandomQueries),12435,0,0.42,0,0.5
dpctgan,ShadowModelling(RandomQueries),12435,1,0.6,1,0.5
dpctgan,ShadowModelling(RandomQueries),12435,0,0.23,0,0.5
dpctgan,ShadowModelling(RandomQueries),12435,1,0.47,0,0.5
dpctgan,ShadowModelling(RandomQueries),12435,0,0.22,0,0.5
dpctgan,ShadowModelling(RandomQueries),12435,1,0.74,1,0.5
dpctgan,ShadowModelling(RandomQueries),12435,0,0.53,1,0.5
dpctgan,ShadowModelling(RandomQueries),12435,1,0.47,0,0.5
dpctgan,ShadowModelling(RandomQueries),12435,0,0.46,0,0.5
dpctgan,ShadowModelling(RandomQueries),12435,1,0.32,0,0.5
dpctgan,ShadowModelling(RandomQueries),12435,0,0.58,1,0.5
dpctgan,ShadowModelling(RandomQueries),12435,1,0.67,1,0.5
dpctgan,ShadowModelling(RandomQueries),12435,0,0.51,1,0.5
dpctgan,ShadowModelling(RandomQueries),12435,1,0.65,1,0.5
dpctgan,ShadowModelling(RandomQueries),12435,0,0.49,0,0.5
dpctgan,ShadowModelling(RandomQueries),12435,1,0.43,0,0.5
dpctgan,ShadowModelling(RandomQueries),12435,0,0.32,0,0.5
dpctgan,ShadowModelling(RandomQueries),12435,1,0.64,1,0.5
dpctgan,ShadowModelling(RandomQueries),12435,0,0.56,1,0.5
dpctgan,ShadowModelling(RandomQueries),12435,1,0.61,1,0.5
dpctgan,ShadowModelling(RandomQueries),12435,0,0.58,1,0.5
dpctgan,ShadowModelling(RandomQueries),12435,1,0.52,1,0.5
dpctgan,ShadowModelling(RandomQueries),12435,0,0.43,0,0.5
dpctgan,ShadowModelling(RandomQueries),12435,1,0.51,1,0.5
dpctgan,ShadowModelling(RandomQueries),12435,0,0.72,1,0.5
dpctgan,ShadowModelling(RandomQueries),12435,1,0.6,1,0.5
dpctgan,ShadowModelling(RandomQueries),12435,0,0.47,0,0.5
dpctgan,ShadowModelling(RandomQueries),12435,1,0.26,0,0.5
dpctgan,ShadowModelling(RandomQueries),12435,0,0.55,1,0.5
dpctgan,ShadowModelling(RandomQueries),12435,1,0.72,1,0.5
dpctgan,ShadowModelling(RandomQueries),12435,0,0.69,1,0.5
dpctgan,ShadowModelling(RandomQueries),12435,1,0.39,0,0.5
dpctgan,ShadowModelling(RandomQueries),12435,0,0.79,1,0.5
dpctgan,ShadowModelling(RandomQueries),12435,1,0.5,0,0.5
dpctgan,ShadowModelling(RandomQueries),12435,0,0.45,0,0.5
dpctgan,ShadowModelling(RandomQueries),12435,1,0.57,1,0.5
dpctgan,ShadowModelling(RandomQueries),12435,0,0.7,1,0.5
dpctgan,ShadowModelling(RandomQueries),12435,1,0.48,0,0.5
dpctgan,ShadowModelling(RandomQueries),12435,0,0.56,1,0.5
dpctgan,ShadowModelling(RandomQueries),12435,1,0.6,1,0.5
dpctgan,ShadowModelling(RandomQueries),12435,0,0.38,0,0.5
dpctgan,ShadowModelling(RandomQueries),12435,1,0.66,1,0.5
dpctgan,ShadowModelling(RandomQueries),12435,0,0.48,0,0.5
dpctgan,ShadowModelling(RandomQueries),12435,1,0.58,1,0.5
dpctgan,ShadowModelling(RandomQueries),12435,0,0.73,1,0.5
dpctgan,ShadowModelling(RandomQueries),12435,1,0.73,1,0.5
dpctgan,ShadowModelling(RandomQueries),12435,0,0.68,1,0.5
dpctgan,ShadowModelling(RandomQueries),12435,1,0.48,0,0.5
dpctgan,ShadowModelling(RandomQueries),12435,0,0.49,0,0.5
dpctgan,ShadowModelling(RandomQueries),12435,1,0.57,1,0.5
dpctgan,ShadowModelling(RandomQueries),12435,0,0.58,1,0.5
dpctgan,ShadowModelling(RandomQueries),12435,1,0.64,1,0.5
dpctgan,ShadowModelling(RandomQueries),12435,0,0.66,1,0.5
dpctgan,ShadowModelling(RandomQueries),12435,1,0.42,0,0.5
dpctgan,ShadowModelling(RandomQueries),12435,0,0.38,0,0.5
dpctgan,ShadowModelling(RandomQueries),12435,1,0.48,0,0.5
dpctgan,ShadowModelling(RandomQueries),12435,0,0.59,1,0.5
dpctgan,ShadowModelling(RandomQueries),12435,1,0.53,1,0.5
dpctgan,ShadowModelling(RandomQueries),12435,0,0.37,0,0.5
dpctgan,ShadowModelling(RandomQueries),12435,1,0.48,0,0.5
dpctgan,ShadowModelling(RandomQueries),12435,0,0.57,1,0.5
dpctgan,ShadowModelling(RandomQueries),12435,1,0.46,0,0.5
dpctgan,ShadowModelling(RandomQueries),12435,0,0.4,0,0.5
dpctgan,ShadowModelling(RandomQueries),12435,1,0.62,1,0.5
dpctgan,ShadowModelling(RandomQueries),12435,0,0.57,1,0.5
dpctgan,ShadowModelling(RandomQueries),12435,1,0.53,1,0.5
dpctgan,ShadowModelling(RandomQueries),12435,0,0.6,1,0.5
dpctgan,ShadowModelling(RandomQueries),12435,1,0.41,0,0.5
dpctgan,ShadowModelling(RandomQueries),12435,0,0.59,1,0.5
dpctgan,ShadowModelling(RandomQueries),12435,1,0.44,0,0.5
dpctgan,ShadowModelling(RandomQueries),12435,0,0.79,1,0.5
dpctgan,ShadowModelling(RandomQueries),12435,1,0.26,0,0.5
dpctgan,ShadowModelling(RandomQueries),12435,0,0.57,1,0.5
dpctgan,ShadowModelling(RandomQueries),12435,1,0.54,1,0.5
dpctgan,ShadowModelling(RandomQueries),12435,0,0.56,1,0.5
dpctgan,ShadowModelling(RandomQueries),12435,1,0.35,0,0.5
dpctgan,ShadowModelling(RandomQueries),12435,0,0.41,0,0.5
dpctgan,ShadowModelling(RandomQueries),12435,1,0.48,0,0.5
dpctgan,ShadowModelling(RandomQueries),12435,0,0.63,1,0.5
dpctgan,ShadowModelling(RandomQueries),12435,1,0.54,1,0.5
dpctgan,ShadowModelling(RandomQueries),12435,0,0.52,1,0.5
dpctgan,ShadowModelling(RandomQueries),12435,1,0.35,0,0.5
dpctgan,ShadowModelling(RandomQueries),12435,0,0.57,1,0.5
dpctgan,ShadowModelling(RandomQueries),12435,1,0.65,1,0.5
dpctgan,ShadowModelling(RandomQueries),12435,0,0.58,1,0.5
dpctgan,ShadowModelling(RandomQueries),12435,1,0.49,0,0.5
dpctgan,ShadowModelling(RandomQueries),12435,0,0.61,1,0.5
dpctgan,ShadowModelling(RandomQueries),12435,1,0.67,1,0.5
dpctgan,ShadowModelling(RandomQueries),12435,0,0.63,1,0.5
dpctgan,ShadowModelling(RandomQueries),12435,1,0.24,0,0.5
dpctgan,ShadowModelling(RandomQueries),12435,0,0.52,1,0.5
dpctgan,ShadowModelling(RandomQueries),12435,1,0.37,0,0.5
dpctgan,ShadowModelling(RandomQueries),12435,0,0.65,1,0.5
dpctgan,ShadowModelling(RandomQueries),12435,1,0.53,1,0.5
dpctgan,ShadowModelling(RandomQueries),12435,0,0.66,1,0.5
dpctgan,ShadowModelling(RandomQueries),12435,1,0.46,0,0.5
dpctgan,ShadowModelling(RandomQueries),12435,0,0.5,0,0.5
dpctgan,ShadowModelling(RandomQueries),12435,1,0.72,1,0.5
dpctgan,ShadowModelling(RandomQueries),12435,0,0.47,0,0.5
dpctgan,ShadowModelling(RandomQueries),12435,1,0.4,0,0.5
dpctgan,ShadowModelling(RandomQueries),12435,0,0.47,0,0.5
dpctgan,ShadowModelling(RandomQueries),12435,1,0.44,0,0.5
dpctgan,ShadowModelling(RandomQueries),12435,0,0.44,0,0.5
dpctgan,ShadowModelling(RandomQueries),12435,1,0.54,1,0.5
dpctgan,ShadowModelling(RandomQueries),12435,0,0.42,0,0.5
dpctgan,ShadowModelling(RandomQueries),12435,1,0.45,0,0.5
dpctgan,ShadowModelling(RandomQueries),12435,0,0.64,1,0.5
dpctgan,ShadowModelling(RandomQueries),12435,1,0.55,1,0.5
dpctgan,ShadowModelling(RandomQueries),12435,0,0.4,0,0.5
dpctgan,ShadowModelling(RandomQueries),12435,1,0.49,0,0.5
dpctgan,ShadowModelling(RandomQueries),12435,0,0.53,1,0.5
dpctgan,ShadowModelling(RandomQueries),12435,1,0.59,1,0.5
dpctgan,ShadowModelling(RandomQueries),12435,0,0.38,0,0.5
dpctgan,ShadowModelling(RandomQueries),12435,1,0.36,0,0.5
dpctgan,ShadowModelling(RandomQueries),12435,0,0.57,1,0.5
dpctgan,ShadowModelling(RandomQueries),12435,1,0.34,0,0.5
dpctgan,ShadowModelling(RandomQueries),12435,0,0.56,1,0.5
dpctgan,ShadowModelling(RandomQueries),12435,1,0.52,1,0.5
dpctgan,ShadowModelling(RandomQueries),12435,0,0.56,1,0.5
dpctgan,ShadowModelling(RandomQueries),12435,1,0.44,0,0.5
dpctgan,ShadowModelling(RandomQueries),12435,0,0.47,0,0.5
dpctgan,ShadowModelling(RandomQueries),12435,1,0.72,1,0.5
dpctgan,ShadowModelling(RandomQueries),12435,0,0.62,1,0.5
dpctgan,ShadowModelling(RandomQueries),12435,1,0.43,0,0.5
dpctgan,ShadowModelling(RandomQueries),12435,0,0.56,1,0.5
dpctgan,ShadowModelling(RandomQueries),12435,1,0.42,0,0.5
dpctgan,ShadowModelling(RandomQueries),12435,0,0.42,0,0.5
dpctgan,ShadowModelling(RandomQueries),12435,1,0.39,0,0.5
dpctgan,ShadowModelling(RandomQueries),12435,0,0.7,1,0.5
dpctgan,ShadowModelling(RandomQueries),12435,1,0.42,0,0.5
dpctgan,ShadowModelling(RandomQueries),12435,0,0.41,0,0.5
dpctgan,ShadowModelling(RandomQueries),12435,1,0.42,0,0.5
dpctgan,ShadowModelling(RandomQueries),12435,0,0.44,0,0.5
dpctgan,ShadowModelling(RandomQueries),12435,1,0.53,1,0.5
dpctgan,ShadowModelling(RandomQueries),12435,0,0.66,1,0.5
dpctgan,ShadowModelling(RandomQueries),12435,1,0.64,1,0.5
dpctgan,ShadowModelling(RandomQueries),12435,0,0.47,0,0.5
dpctgan,ShadowModelling(RandomQueries),12435,1,0.4,0,0.5
dpctgan,ShadowModelling(RandomQueries),12435,0,0.53,1,0.5
dpctgan,ShadowModelling(RandomQueries),12435,1,0.49,0,0.5
dpctgan,ShadowModelling(RandomQueries),12435,0,0.64,1,0.5
dpctgan,ShadowModelling(RandomQueries),12435,1,0.42,0,0.5
dpctgan,ShadowModelling(RandomQueries),12435,0,0.53,1,0.5
dpctgan,ShadowModelling(RandomQueries),12435,1,0.44,0,0.5
dpctgan,ShadowModelling(RandomQueries),12435,0,0.45,0,0.5
dpctgan,ShadowModelling(RandomQueries),12435,1,0.46,0,0.5
dpctgan,ShadowModelling(RandomQueries),12435,0,0.57,1,0.5
dpctgan,ShadowModelling(RandomQueries),12435,1,0.69,1,0.5
dpctgan,ShadowModelling(RandomQueries),12435,0,0.78,1,0.5
dpctgan,ShadowModelling(RandomQueries),12435,1,0.49,0,0.5
dpctgan,ShadowModelling(RandomQueries),12435,0,0.68,1,0.5
dpctgan,ShadowModelling(RandomQueries),12435,1,0.38,0,0.5
dpctgan,ShadowModelling(RandomQueries),12435,0,0.56,1,0.5
dpctgan,ShadowModelling(RandomQueries),12435,1,0.5,0,0.5
dpctgan,ShadowModelling(RandomQueries),12435,0,0.56,1,0.5
dpctgan,ShadowModelling(RandomQueries),12435,1,0.5,0,0.5
dpctgan,ShadowModelling(RandomQueries),12435,0,0.32,0,0.5
dpctgan,ShadowModelling(RandomQueries),12435,1,0.64,1,0.5
dpctgan,ShadowModelling(RandomQueries),12435,0,0.42,0,0.5
dpctgan,ShadowModelling(RandomQueries),12435,1,0.61,1,0.5
dpctgan,ShadowModelling(RandomQueries),12435,0,0.62,1,0.5
dpctgan,ShadowModelling(RandomQueries),12435,1,0.31,0,0.5
dpctgan,ShadowModelling(RandomQueries),12435,0,0.59,1,0.5
dpctgan,ShadowModelling(RandomQueries),12435,1,0.4,0,0.5
dpctgan,ShadowModelling(RandomQueries),12435,0,0.44,0,0.5
dpctgan,ShadowModelling(RandomQueries),12435,1,0.84,1,0.5
dpctgan,ShadowModelling(RandomQueries),12435,0,0.53,1,0.5
dpctgan,ShadowModelling(RandomQueries),12435,1,0.55,1,0.5
dpctgan,ShadowModelling(RandomQueries),12435,0,0.52,1,0.5
dpctgan,ShadowModelling(RandomQueries),12435,1,0.38,0,0.5
dpctgan,ShadowModelling(RandomQueries),12435,0,0.35,0,0.5
dpctgan,ShadowModelling(RandomQueries),12435,1,0.37,0,0.5
dpctgan,ShadowModelling(RandomQueries),12435,0,0.48,0,0.5
dpctgan,ShadowModelling(RandomQueries),12435,1,0.6,1,0.5
dpctgan,ShadowModelling(RandomQueries),12435,0,0.58,1,0.5
dpctgan,ShadowModelling(RandomQueries),12435,1,0.45,0,0.5
dpctgan,ShadowModelling(RandomQueries),12435,0,0.61,1,0.5
dpctgan,ShadowModelling(RandomQueries),12435,1,0.69,1,0.5
dpctgan,ShadowModelling(RandomQueries),12435,0,0.48,0,0.5
dpctgan,ShadowModelling(RandomQueries),12435,1,0.5,0,0.5
dpctgan,ShadowModelling(RandomQueries),12435,0,0.59,1,0.5
dpctgan,ShadowModelling(RandomQueries),12435,1,0.59,1,0.5
dpctgan,ShadowModelling(RandomQueries),12435,0,0.34,0,0.5
dpctgan,ShadowModelling(RandomQueries),12435,1,0.49,0,0.5
dpctgan,ShadowModelling(RandomQueries),12435,0,0.58,1,0.5
dpctgan,ShadowModelling(RandomQueries),12435,1,0.53,1,0.5
dpctgan,ShadowModelling(RandomQueries),12435,0,0.52,1,0.5
dpctgan,ShadowModelling(RandomQueries),12435,1,0.44,0,0.5
dpctgan,ShadowModelling(RandomQueries),12435,0,0.53,1,0.5
dpctgan,ShadowModelling(RandomQueries),12435,1,0.58,1,0.5
dpctgan,ShadowModelling(RandomQueries),12435,0,0.72,1,0.5
dpctgan,ShadowModelling(RandomQueries),12435,1,0.34,0,0.5
dpctgan,ShadowModelling(RandomQueries),12435,0,0.47,0,0.5
dpctgan,ShadowModelling(RandomQueries),12435,1,0.77,1,0.5
dpctgan,ShadowModelling(RandomQueries),12435,0,0.55,1,0.5
dpctgan,ShadowModelling(RandomQueries),12435,1,0.61,1,0.5
dpctgan,ShadowModelling(RandomQueries),12435,0,0.53,1,0.5
dpctgan,ShadowModelling(RandomQueries),12435,1,0.55,1,0.5
dpctgan,ShadowModelling(RandomQueries),12435,0,0.46,0,0.5
dpctgan,ShadowModelling(RandomQueries),12435,1,0.48,0,0.5
dpctgan,ShadowModelling(RandomQueries),12435,0,0.49,0,0.5
dpctgan,ShadowModelling(RandomQueries),12435,1,0.55,1,0.5
dpctgan,ShadowModelling(RandomQueries),12435,0,0.61,1,0.5
dpctgan,ShadowModelling(RandomQueries),12435,1,0.55,1,0.5
dpctgan,ShadowModelling(RandomQueries),12435,0,0.39,0,0.5
dpctgan,ShadowModelling(RandomQueries),12435,1,0.51,1,0.5
dpctgan,ShadowModelling(RandomQueries),12435,0,0.37,0,0.5
dpctgan,ShadowModelling(RandomQueries),12435,1,0.39,0,0.5
dpctgan,ShadowModelling(RandomQueries),12435,0,0.65,1,0.5
dpctgan,ShadowModelling(RandomQueries),12435,1,0.43,0,0.5
dpctgan,ShadowModelling(RandomQueries),12435,0,0.34,0,0.5
dpctgan,ShadowModelling(RandomQueries),12435,1,0.57,1,0.5
dpctgan,ShadowModelling(RandomQueries),12435,0,0.51,1,0.5
dpctgan,ShadowModelling(RandomQueries),12435,1,0.62,1,0.5
dpctgan,ShadowModelling(RandomQueries),12435,0,0.42,0,0.5
dpctgan,ShadowModelling(RandomQueries),12435,1,0.39,0,0.5
dpctgan,ShadowModelling(RandomQueries),12435,0,0.38,0,0.5
dpctgan,ShadowModelling(RandomQueries),12435,1,0.48,0,0.5
dpctgan,ShadowModelling(RandomQueries),12435,0,0.55,1,0.5
dpctgan,ShadowModelling(RandomQueries),12435,1,0.64,1,0.5
dpctgan,ShadowModelling(RandomQueries),12435,0,0.4,0,0.5
dpctgan,ShadowModelling(RandomQueries),12435,1,0.58,1,0.5
dpctgan,ShadowModelling(RandomQueries),12435,0,0.51,1,0.5
dpctgan,ShadowModelling(RandomQueries),12435,1,0.53,1,0.5
dpctgan,ShadowModelling(RandomQueries),12435,0,0.33,0,0.5
dpctgan,ShadowModelling(RandomQueries),12435,1,0.58,1,0.5
dpctgan,ShadowModelling(RandomQueries),12435,0,0.35,0,0.5
dpctgan,ShadowModelling(RandomQueries),12435,1,0.51,1,0.5
dpctgan,ShadowModelling(RandomQueries),12435,0,0.68,1,0.5
dpctgan,ShadowModelling(RandomQueries),12435,1,0.47,0,0.5
dpctgan,ShadowModelling(RandomQueries),12435,0,0.65,1,0.5
dpctgan,ShadowModelling(RandomQueries),12435,1,0.43,0,0.5
dpctgan,ShadowModelling(RandomQueries),12435,0,0.67,1,0.5
dpctgan,ShadowModelling(RandomQueries),12435,1,0.33,0,0.5
dpctgan,ShadowModelling(RandomQueries),12435,0,0.67,1,0.5
dpctgan,ShadowModelling(RandomQueries),12435,1,0.58,1,0.5
dpctgan,ShadowModelling(RandomQueries),12435,0,0.24,0,0.5
dpctgan,ShadowModelling(RandomQueries),12435,1,0.47,0,0.5
dpctgan,ShadowModelling(RandomQueries),12435,0,0.49,0,0.5
dpctgan,ShadowModelling(RandomQueries),12435,1,0.48,0,0.5
dpctgan,ShadowModelling(RandomQueries),12435,0,0.52,1,0.5
dpctgan,ShadowModelling(RandomQueries),12435,1,0.53,1,0.5
dpctgan,ShadowModelling(RandomQueries),12435,0,0.52,1,0.5
dpctgan,ShadowModelling(RandomQueries),12435,1,0.54,1,0.5
dpctgan,ShadowModelling(RandomQueries),12435,0,0.57,1,0.5
dpctgan,ShadowModelling(RandomQueries),12435,1,0.63,1,0.5
dpctgan,ShadowModelling(RandomQueries),12435,0,0.51,1,0.5
dpctgan,ShadowModelling(RandomQueries),12435,1,0.49,0,0.5
dpctgan,ShadowModelling(RandomQueries),12435,0,0.45,0,0.5
dpctgan,ShadowModelling(RandomQueries),12435,1,0.53,1,0.5
dpctgan,ShadowModelling(RandomQueries),12435,0,0.52,1,0.5
dpctgan,ShadowModelling(RandomQueries),12435,1,0.5,0,0.5
dpctgan,ShadowModelling(RandomQueries),12435,0,0.57,1,0.5
dpctgan,ShadowModelling(RandomQueries),12435,1,0.67,1,0.5
dpctgan,ShadowModelling(RandomQueries),12435,0,0.53,1,0.5
dpctgan,ShadowModelling(RandomQueries),12435,1,0.4,0,0.5
dpctgan,ShadowModelling(RandomQueries),12435,0,0.56,1,0.5
dpctgan,ShadowModelling(RandomQueries),12435,1,0.55,1,0.5
dpctgan,ShadowModelling(RandomQueries),12435,0,0.63,1,0.5
dpctgan,ShadowModelling(RandomQueries),12435,1,0.55,1,0.5
dpctgan,ShadowModelling(RandomQueries),12435,0,0.44,0,0.5
dpctgan,ShadowModelling(RandomQueries),12435,1,0.4,0,0.5
dpctgan,ShadowModelling(RandomQueries),12435,0,0.64,1,0.5
dpctgan,ShadowModelling(RandomQueries),12435,1,0.52,1,0.5
dpctgan,ShadowModelling(RandomQueries),12435,0,0.53,1,0.5
dpctgan,ShadowModelling(RandomQueries),12435,1,0.53,1,0.5
dpctgan,ShadowModelling(RandomQueries),12435,0,0.61,1,0.5
dpctgan,ShadowModelling(RandomQueries),12435,1,0.68,1,0.5
dpctgan,ShadowModelling(RandomQueries),12435,0,0.64,1,0.5
dpctgan,ShadowModelling(RandomQueries),12435,1,0.63,1,0.5
dpctgan,ShadowModelling(RandomQueries),12435,0,0.67,1,0.5
dpctgan,ShadowModelling(RandomQueries),12435,1,0.51,1,0.5
dpctgan,ShadowModelling(RandomQueries),12435,0,0.73,1,0.5
dpctgan,ShadowModelling(RandomQueries),12435,1,0.47,0,0.5
dpctgan,ShadowModelling(RandomQueries),12435,0,0.49,0,0.5
dpctgan,ShadowModelling(RandomQueries),12435,1,0.46,0,0.5
dpctgan,ShadowModelling(RandomQueries),12435,0,0.41,0,0.5
dpctgan,ShadowModelling(RandomQueries),12435,1,0.52,1,0.5
dpctgan,ShadowModelling(RandomQueries),12435,0,0.51,1,0.5
dpctgan,ShadowModelling(RandomQueries),12435,1,0.43,0,0.5
dpctgan,ShadowModelling(RandomQueries),12435,0,0.48,0,0.5
dpctgan,ShadowModelling(RandomQueries),12435,1,0.35,0,0.5
dpctgan,ShadowModelling(RandomQueries),12435,0,0.49,0,0.5
dpctgan,ShadowModelling(RandomQueries),12435,1,0.59,1,0.5
dpctgan,ShadowModelling(RandomQueries),12435,0,0.55,1,0.5
dpctgan,ShadowModelling(RandomQueries),12435,1,0.78,1,0.5
dpctgan,ShadowModelling(RandomQueries),12435,0,0.7,1,0.5
dpctgan,ShadowModelling(RandomQueries),12435,1,0.44,0,0.5
dpctgan,ShadowModelling(RandomQueries),12435,0,0.56,1,0.5
dpctgan,ShadowModelling(RandomQueries),12435,1,0.58,1,0.5
dpctgan,ShadowModelling(RandomQueries),12435,0,0.49,0,0.5
dpctgan,ShadowModelling(RandomQueries),12435,1,0.49,0,0.5
dpctgan,ShadowModelling(RandomQueries),12435,0,0.53,1,0.5
dpctgan,ShadowModelling(RandomQueries),12435,1,0.31,0,0.5
dpctgan,ShadowModelling(RandomQueries),12435,0,0.57,1,0.5
dpctgan,ShadowModelling(RandomQueries),12435,1,0.46,0,0.5
dpctgan,ShadowModelling(RandomQueries),12435,0,0.59,1,0.5
dpctgan,ShadowModelling(RandomQueries),12435,1,0.68,1,0.5
dpctgan,ShadowModelling(RandomQueries),12435,0,0.66,1,0.5
dpctgan,"LocalNeighbourhood(L_2, 0.250411558405805, accuracy)",12435,1,0.0,0,0.004
dpctgan,"LocalNeighbourhood(L_2, 0.250411558405805, accuracy)",12435,0,0.0,0,0.004
dpctgan,"LocalNeighbourhood(L_2, 0.250411558405805, accuracy)",12435,1,0.0,0,0.004
dpctgan,"LocalNeighbourhood(L_2, 0.250411558405805, accuracy)",12435,0,0.0,0,0.004
dpctgan,"LocalNeighbourhood(L_2, 0.250411558405805, accuracy)",12435,1,0.0,0,0.004
dpctgan,"LocalNeighbourhood(L_2, 0.250411558405805, accuracy)",12435,0,0.0,0,0.004
dpctgan,"LocalNeighbourhood(L_2, 0.250411558405805, accuracy)",12435,1,0.0,0,0.004
dpctgan,"LocalNeighbourhood(L_2, 0.250411558405805, accuracy)",12435,0,0.0,0,0.004
dpctgan,"LocalNeighbourhood(L_2, 0.250411558405805, accuracy)",12435,1,0.0,0,0.004
dpctgan,"LocalNeighbourhood(L_2, 0.250411558405805, accuracy)",12435,0,0.0,0,0.004
dpctgan,"LocalNeighbourhood(L_2, 0.250411558405805, accuracy)",12435,1,0.0,0,0.004
dpctgan,"LocalNeighbourhood(L_2, 0.250411558405805, accuracy)",12435,0,0.0,0,0.004
dpctgan,"LocalNeighbourhood(L_2, 0.250411558405805, accuracy)",12435,1,0.0,0,0.004
dpctgan,"LocalNeighbourhood(L_2, 0.250411558405805, accuracy)",12435,0,0.0,0,0.004
dpctgan,"LocalNeighbourhood(L_2, 0.250411558405805, accuracy)",12435,1,0.0,0,0.004
dpctgan,"LocalNeighbourhood(L_2, 0.250411558405805, accuracy)",12435,0,0.0,0,0.004
dpctgan,"LocalNeighbourhood(L_2, 0.250411558405805, accuracy)",12435,1,0.0,0,0.004
dpctgan,"LocalNeighbourhood(L_2, 0.250411558405805, accuracy)",12435,0,0.0,0,0.004
dpctgan,"LocalNeighbourhood(L_2, 0.250411558405805, accuracy)",12435,1,0.0,0,0.004
dpctgan,"LocalNeighbourhood(L_2, 0.250411558405805, accuracy)",12435,0,0.0,0,0.004
dpctgan,"LocalNeighbourhood(L_2, 0.250411558405805, accuracy)",12435,1,0.0,0,0.004
dpctgan,"LocalNeighbourhood(L_2, 0.250411558405805, accuracy)",12435,0,0.0,0,0.004
dpctgan,"LocalNeighbourhood(L_2, 0.250411558405805, accuracy)",12435,1,0.0,0,0.004
dpctgan,"LocalNeighbourhood(L_2, 0.250411558405805, accuracy)",12435,0,0.0,0,0.004
dpctgan,"LocalNeighbourhood(L_2, 0.250411558405805, accuracy)",12435,1,0.0,0,0.004
dpctgan,"LocalNeighbourhood(L_2, 0.250411558405805, accuracy)",12435,0,0.0,0,0.004
dpctgan,"LocalNeighbourhood(L_2, 0.250411558405805, accuracy)",12435,1,0.0,0,0.004
dpctgan,"LocalNeighbourhood(L_2, 0.250411558405805, accuracy)",12435,0,0.0,0,0.004
dpctgan,"LocalNeighbourhood(L_2, 0.250411558405805, accuracy)",12435,1,0.0,0,0.004
dpctgan,"LocalNeighbourhood(L_2, 0.250411558405805, accuracy)",12435,0,0.0,0,0.004
dpctgan,"LocalNeighbourhood(L_2, 0.250411558405805, accuracy)",12435,1,0.0,0,0.004
dpctgan,"LocalNeighbourhood(L_2, 0.250411558405805, accuracy)",12435,0,0.0,0,0.004
dpctgan,"LocalNeighbourhood(L_2, 0.250411558405805, accuracy)",12435,1,0.0,0,0.004
dpctgan,"LocalNeighbourhood(L_2, 0.250411558405805, accuracy)",12435,0,0.0,0,0.004
dpctgan,"LocalNeighbourhood(L_2, 0.250411558405805, accuracy)",12435,1,0.002,0,0.004
dpctgan,"LocalNeighbourhood(L_2, 0.250411558405805, accuracy)",12435,0,0.0,0,0.004
dpctgan,"LocalNeighbourhood(L_2, 0.250411558405805, accuracy)",12435,1,0.0,0,0.004
dpctgan,"LocalNeighbourhood(L_2, 0.250411558405805, accuracy)",12435,0,0.0,0,0.004
dpctgan,"LocalNeighbourhood(L_2, 0.250411558405805, accuracy)",12435,1,0.0,0,0.004
dpctgan,"LocalNeighbourhood(L_2, 0.250411558405805, accuracy)",12435,0,0.0,0,0.004
dpctgan,"LocalNeighbourhood(L_2, 0.250411558405805, accuracy)",12435,1,0.0,0,0.004
dpctgan,"LocalNeighbourhood(L_2, 0.250411558405805, accuracy)",12435,0,0.0,0,0.004
dpctgan,"LocalNeighbourhood(L_2, 0.250411558405805, accuracy)",12435,1,0.002,0,0.004
dpctgan,"LocalNeighbourhood(L_2, 0.250411558405805, accuracy)",12435,0,0.008,1,0.004
dpctgan,"LocalNeighbourhood(L_2, 0.250411558405805, accuracy)",12435,1,0.0,0,0.004
dpctgan,"LocalNeighbourhood(L_2, 0.250411558405805, accuracy)",12435,0,0.0,0,0.004
dpctgan,"LocalNeighbourhood(L_2, 0.250411558405805, accuracy)",12435,1,0.0,0,0.004
dpctgan,"LocalNeighbourhood(L_2, 0.250411558405805, accuracy)",12435,0,0.0,0,0.004
dpctgan,"LocalNeighbourhood(L_2, 0.250411558405805, accuracy)",12435,1,0.0,0,0.004
dpctgan,"LocalNeighbourhood(L_2, 0.250411558405805, accuracy)",12435,0,0.0,0,0.004
dpctgan,"LocalNeighbourhood(L_2, 0.250411558405805, accuracy)",12435,1,0.0,0,0.004
dpctgan,"LocalNeighbourhood(L_2, 0.250411558405805, accuracy)",12435,0,0.014,1,0.004
dpctgan,"LocalNeighbourhood(L_2, 0.250411558405805, accuracy)",12435,1,0.0,0,0.004
dpctgan,"LocalNeighbourhood(L_2, 0.250411558405805, accuracy)",12435,0,0.0,0,0.004
dpctgan,"LocalNeighbourhood(L_2, 0.250411558405805, accuracy)",12435,1,0.0,0,0.004
dpctgan,"LocalNeighbourhood(L_2, 0.250411558405805, accuracy)",12435,0,0.0,0,0.004
dpctgan,"LocalNeighbourhood(L_2, 0.250411558405805, accuracy)",12435,1,0.0,0,0.004
dpctgan,"LocalNeighbourhood(L_2, 0.250411558405805, accuracy)",12435,0,0.0,0,0.004
dpctgan,"LocalNeighbourhood(L_2, 0.250411558405805, accuracy)",12435,1,0.0,0,0.004
dpctgan,"LocalNeighbourhood(L_2, 0.250411558405805, accuracy)",12435,0,0.0,0,0.004
dpctgan,"LocalNeighbourhood(L_2, 0.250411558405805, accuracy)",12435,1,0.0,0,0.004
dpctgan,"LocalNeighbourhood(L_2, 0.250411558405805, accuracy)",12435,0,0.0,0,0.004
dpctgan,"LocalNeighbourhood(L_2, 0.250411558405805, accuracy)",12435,1,0.0,0,0.004
dpctgan,"LocalNeighbourhood(L_2, 0.250411558405805, accuracy)",12435,0,0.0,0,0.004
dpctgan,"LocalNeighbourhood(L_2, 0.250411558405805, accuracy)",12435,1,0.0,0,0.004
dpctgan,"LocalNeighbourhood(L_2, 0.250411558405805, accuracy)",12435,0,0.0,0,0.004
dpctgan,"LocalNeighbourhood(L_2, 0.250411558405805, accuracy)",12435,1,0.0,0,0.004
dpctgan,"LocalNeighbourhood(L_2, 0.250411558405805, accuracy)",12435,0,0.0,0,0.004
dpctgan,"LocalNeighbourhood(L_2, 0.250411558405805, accuracy)",12435,1,0.0,0,0.004
dpctgan,"LocalNeighbourhood(L_2, 0.250411558405805, accuracy)",12435,0,0.0,0,0.004
dpctgan,"LocalNeighbourhood(L_2, 0.250411558405805, accuracy)",12435,1,0.0,0,0.004
dpctgan,"LocalNeighbourhood(L_2, 0.250411558405805, accuracy)",12435,0,0.0,0,0.004
dpctgan,"LocalNeighbourhood(L_2, 0.250411558405805, accuracy)",12435,1,0.0,0,0.004
dpctgan,"LocalNeighbourhood(L_2, 0.250411558405805, accuracy)",12435,0,0.002,0,0.004
dpctgan,"LocalNeighbourhood(L_2, 0.250411558405805, accuracy)",12435,1,0.0,0,0.004
dpctgan,"LocalNeighbourhood(L_2, 0.250411558405805, accuracy)",12435,0,0.0,0,0.004
dpctgan,"LocalNeighbourhood(L_2, 0.250411558405805, accuracy)",12435,1,0.0,0,0.004
dpctgan,"LocalNeighbourhood(L_2, 0.250411558405805, accuracy)",12435,0,0.0,0,0.004
dpctgan,"LocalNeighbourhood(L_2, 0.250411558405805, accuracy)",12435,1,0.0,0,0.004
dpctgan,"LocalNeighbourhood(L_2, 0.250411558405805, accuracy)",12435,0,0.0,0,0.004
dpctgan,"LocalNeighbourhood(L_2, 0.250411558405805, accuracy)",12435,1,0.0,0,0.004
dpctgan,"LocalNeighbourhood(L_2, 0.250411558405805, accuracy)",12435,0,0.0,0,0.004
dpctgan,"LocalNeighbourhood(L_2, 0.250411558405805, accuracy)",12435,1,0.0,0,0.004
dpctgan,"LocalNeighbourhood(L_2, 0.250411558405805, accuracy)",12435,0,0.0,0,0.004
dpctgan,"LocalNeighbourhood(L_2, 0.250411558405805, accuracy)",12435,1,0.0,0,0.004
dpctgan,"LocalNeighbourhood(L_2, 0.250411558405805, accuracy)",12435,0,0.0,0,0.004
dpctgan,"LocalNeighbourhood(L_2, 0.250411558405805, accuracy)",12435,1,0.0,0,0.004
dpctgan,"LocalNeighbourhood(L_2, 0.250411558405805, accuracy)",12435,0,0.0,0,0.004
dpctgan,"LocalNeighbourhood(L_2, 0.250411558405805, accuracy)",12435,1,0.0,0,0.004
dpctgan,"LocalNeighbourhood(L_2, 0.250411558405805, accuracy)",12435,0,0.002,0,0.004
dpctgan,"LocalNeighbourhood(L_2, 0.250411558405805, accuracy)",12435,1,0.0,0,0.004
dpctgan,"LocalNeighbourhood(L_2, 0.250411558405805, accuracy)",12435,0,0.0,0,0.004
dpctgan,"LocalNeighbourhood(L_2, 0.250411558405805, accuracy)",12435,1,0.0,0,0.004
dpctgan,"LocalNeighbourhood(L_2, 0.250411558405805, accuracy)",12435,0,0.0,0,0.004
dpctgan,"LocalNeighbourhood(L_2, 0.250411558405805, accuracy)",12435,1,0.0,0,0.004
dpctgan,"LocalNeighbourhood(L_2, 0.250411558405805, accuracy)",12435,0,0.0,0,0.004
dpctgan,"LocalNeighbourhood(L_2, 0.250411558405805, accuracy)",12435,1,0.0,0,0.004
dpctgan,"LocalNeighbourhood(L_2, 0.250411558405805, accuracy)",12435,0,0.0,0,0.004
dpctgan,"LocalNeighbourhood(L_2, 0.250411558405805, accuracy)",12435,1,0.0,0,0.004
dpctgan,"LocalNeighbourhood(L_2, 0.250411558405805, accuracy)",12435,0,0.0,0,0.004
dpctgan,"LocalNeighbourhood(L_2, 0.250411558405805, accuracy)",12435,1,0.0,0,0.004
dpctgan,"LocalNeighbourhood(L_2, 0.250411558405805, accuracy)",12435,0,0.002,0,0.004
dpctgan,"LocalNeighbourhood(L_2, 0.250411558405805, accuracy)",12435,1,0.0,0,0.004
dpctgan,"LocalNeighbourhood(L_2, 0.250411558405805, accuracy)",12435,0,0.0,0,0.004
dpctgan,"LocalNeighbourhood(L_2, 0.250411558405805, accuracy)",12435,1,0.0,0,0.004
dpctgan,"LocalNeighbourhood(L_2, 0.250411558405805, accuracy)",12435,0,0.0,0,0.004
dpctgan,"LocalNeighbourhood(L_2, 0.250411558405805, accuracy)",12435,1,0.0,0,0.004
dpctgan,"LocalNeighbourhood(L_2, 0.250411558405805, accuracy)",12435,0,0.006,1,0.004
dpctgan,"LocalNeighbourhood(L_2, 0.250411558405805, accuracy)",12435,1,0.0,0,0.004
dpctgan,"LocalNeighbourhood(L_2, 0.250411558405805, accuracy)",12435,0,0.0,0,0.004
dpctgan,"LocalNeighbourhood(L_2, 0.250411558405805, accuracy)",12435,1,0.0,0,0.004
dpctgan,"LocalNeighbourhood(L_2, 0.250411558405805, accuracy)",12435,0,0.0,0,0.004
dpctgan,"LocalNeighbourhood(L_2, 0.250411558405805, accuracy)",12435,1,0.0,0,0.004
dpctgan,"LocalNeighbourhood(L_2, 0.250411558405805, accuracy)",12435,0,0.0,0,0.004
dpctgan,"LocalNeighbourhood(L_2, 0.250411558405805, accuracy)",12435,1,0.0,0,0.004
dpctgan,"LocalNeighbourhood(L_2, 0.250411558405805, accuracy)",12435,0,0.0,0,0.004
dpctgan,"LocalNeighbourhood(L_2, 0.250411558405805, accuracy)",12435,1,0.0,0,0.004
dpctgan,"LocalNeighbourhood(L_2, 0.250411558405805, accuracy)",12435,0,0.0,0,0.004
dpctgan,"LocalNeighbourhood(L_2, 0.250411558405805, accuracy)",12435,1,0.0,0,0.004
dpctgan,"LocalNeighbourhood(L_2, 0.250411558405805, accuracy)",12435,0,0.0,0,0.004
dpctgan,"LocalNeighbourhood(L_2, 0.250411558405805, accuracy)",12435,1,0.002,0,0.004
dpctgan,"LocalNeighbourhood(L_2, 0.250411558405805, accuracy)",12435,0,0.014,1,0.004
dpctgan,"LocalNeighbourhood(L_2, 0.250411558405805, accuracy)",12435,1,0.0,0,0.004
dpctgan,"LocalNeighbourhood(L_2, 0.250411558405805, accuracy)",12435,0,0.0,0,0.004
dpctgan,"LocalNeighbourhood(L_2, 0.250411558405805, accuracy)",12435,1,0.0,0,0.004
dpctgan,"LocalNeighbourhood(L_2, 0.250411558405805, accuracy)",12435,0,0.0,0,0.004
dpctgan,"LocalNeighbourhood(L_2, 0.250411558405805, accuracy)",12435,1,0.0,0,0.004
dpctgan,"LocalNeighbourhood(L_2, 0.250411558405805, accuracy)",12435,0,0.0,0,0.004
dpctgan,"LocalNeighbourhood(L_2, 0.250411558405805, accuracy)",12435,1,0.0,0,0.004
dpctgan,"LocalNeighbourhood(L_2, 0.250411558405805, accuracy)",12435,0,0.0,0,0.004
dpctgan,"LocalNeighbourhood(L_2, 0.250411558405805, accuracy)",12435,1,0.0,0,0.004
dpctgan,"LocalNeighbourhood(L_2, 0.250411558405805, accuracy)",12435,0,0.0,0,0.004
dpctgan,"LocalNeighbourhood(L_2, 0.250411558405805, accuracy)",12435,1,0.0,0,0.004
dpctgan,"LocalNeighbourhood(L_2, 0.250411558405805, accuracy)",12435,0,0.0,0,0.004
dpctgan,"LocalNeighbourhood(L_2, 0.250411558405805, accuracy)",12435,1,0.0,0,0.004
dpctgan,"LocalNeighbourhood(L_2, 0.250411558405805, accuracy)",12435,0,0.0,0,0.004
dpctgan,"LocalNeighbourhood(L_2, 0.250411558405805, accuracy)",12435,1,0.0,0,0.004
dpctgan,"LocalNeighbourhood(L_2, 0.250411558405805, accuracy)",12435,0,0.002,0,0.004
dpctgan,"LocalNeighbourhood(L_2, 0.250411558405805, accuracy)",12435,1,0.0,0,0.004
dpctgan,"LocalNeighbourhood(L_2, 0.250411558405805, accuracy)",12435,0,0.0,0,0.004
dpctgan,"LocalNeighbourhood(L_2, 0.250411558405805, accuracy)",12435,1,0.0,0,0.004
dpctgan,"LocalNeighbourhood(L_2, 0.250411558405805, accuracy)",12435,0,0.0,0,0.004
dpctgan,"LocalNeighbourhood(L_2, 0.250411558405805, accuracy)",12435,1,0.0,0,0.004
dpctgan,"LocalNeighbourhood(L_2, 0.250411558405805, accuracy)",12435,0,0.0,0,0.004
dpctgan,"LocalNeighbourhood(L_2, 0.250411558405805, accuracy)",12435,1,0.002,0,0.004
dpctgan,"LocalNeighbourhood(L_2, 0.250411558405805, accuracy)",12435,0,0.0,0,0.004
dpctgan,"LocalNeighbourhood(L_2, 0.250411558405805, accuracy)",12435,1,0.0,0,0.004
dpctgan,"LocalNeighbourhood(L_2, 0.250411558405805, accuracy)",12435,0,0.0,0,0.004
dpctgan,"LocalNeighbourhood(L_2, 0.250411558405805, accuracy)",12435,1,0.002,0,0.004
dpctgan,"LocalNeighbourhood(L_2, 0.250411558405805, accuracy)",12435,0,0.0,0,0.004
dpctgan,"LocalNeighbourhood(L_2, 0.250411558405805, accuracy)",12435,1,0.0,0,0.004
dpctgan,"LocalNeighbourhood(L_2, 0.250411558405805, accuracy)",12435,0,0.0,0,0.004
dpctgan,"LocalNeighbourhood(L_2, 0.250411558405805, accuracy)",12435,1,0.0,0,0.004
dpctgan,"LocalNeighbourhood(L_2, 0.250411558405805, accuracy)",12435,0,0.0,0,0.004
dpctgan,"LocalNeighbourhood(L_2, 0.250411558405805, accuracy)",12435,1,0.0,0,0.004
dpctgan,"LocalNeighbourhood(L_2, 0.250411558405805, accuracy)",12435,0,0.0,0,0.004
dpctgan,"LocalNeighbourhood(L_2, 0.250411558405805, accuracy)",12435,1,0.0,0,0.004
dpctgan,"LocalNeighbourhood(L_2, 0.250411558405805, accuracy)",12435,0,0.0,0,0.004
dpctgan,"LocalNeighbourhood(L_2, 0.250411558405805, accuracy)",12435,1,0.0,0,0.004
dpctgan,"LocalNeighbourhood(L_2, 0.250411558405805, accuracy)",12435,0,0.0,0,0.004
dpctgan,"LocalNeighbourhood(L_2, 0.250411558405805, accuracy)",12435,1,0.0,0,0.004
dpctgan,"LocalNeighbourhood(L_2, 0.250411558405805, accuracy)",12435,0,0.0,0,0.004
dpctgan,"LocalNeighbourhood(L_2, 0.250411558405805, accuracy)",12435,1,0.0,0,0.004
dpctgan,"LocalNeighbourhood(L_2, 0.250411558405805, accuracy)",12435,0,0.002,0,0.004
dpctgan,"LocalNeighbourhood(L_2, 0.250411558405805, accuracy)",12435,1,0.0,0,0.004
dpctgan,"LocalNeighbourhood(L_2, 0.250411558405805, accuracy)",12435,0,0.0,0,0.004
dpctgan,"LocalNeighbourhood(L_2, 0.250411558405805, accuracy)",12435,1,0.0,0,0.004
dpctgan,"LocalNeighbourhood(L_2, 0.250411558405805, accuracy)",12435,0,0.0,0,0.004
dpctgan,"LocalNeighbourhood(L_2, 0.250411558405805, accuracy)",12435,1,0.0,0,0.004
dpctgan,"LocalNeighbourhood(L_2, 0.250411558405805, accuracy)",12435,0,0.002,0,0.004
dpctgan,"LocalNeighbourhood(L_2, 0.250411558405805, accuracy)",12435,1,0.0,0,0.004
dpctgan,"LocalNeighbourhood(L_2, 0.250411558405805, accuracy)",12435,0,0.0,0,0.004
dpctgan,"LocalNeighbourhood(L_2, 0.250411558405805, accuracy)",12435,1,0.0,0,0.004
dpctgan,"LocalNeighbourhood(L_2, 0.250411558405805, accuracy)",12435,0,0.0,0,0.004
dpctgan,"LocalNeighbourhood(L_2, 0.250411558405805, accuracy)",12435,1,0.0,0,0.004
dpctgan,"LocalNeighbourhood(L_2, 0.250411558405805, accuracy)",12435,0,0.0,0,0.004
dpctgan,"LocalNeighbourhood(L_2, 0.250411558405805, accuracy)",12435,1,0.0,0,0.004
dpctgan,"LocalNeighbourhood(L_2, 0.250411558405805, accuracy)",12435,0,0.006,1,0.004
dpctgan,"LocalNeighbourhood(L_2, 0.250411558405805, accuracy)",12435,1,0.0,0,0.004
dpctgan,"LocalNeighbourhood(L_2, 0.250411558405805, accuracy)",12435,0,0.0,0,0.004
dpctgan,"LocalNeighbourhood(L_2, 0.250411558405805, accuracy)",12435,1,0.0,0,0.004
dpctgan,"LocalNeighbourhood(L_2, 0.250411558405805, accuracy)",12435,0,0.002,0,0.004
dpctgan,"LocalNeighbourhood(L_2, 0.250411558405805, accuracy)",12435,1,0.0,0,0.004
dpctgan,"LocalNeighbourhood(L_2, 0.250411558405805, accuracy)",12435,0,0.0,0,0.004
dpctgan,"LocalNeighbourhood(L_2, 0.250411558405805, accuracy)",12435,1,0.0,0,0.004
dpctgan,"LocalNeighbourhood(L_2, 0.250411558405805, accuracy)",12435,0,0.0,0,0.004
dpctgan,"LocalNeighbourhood(L_2, 0.250411558405805, accuracy)",12435,1,0.0,0,0.004
dpctgan,"LocalNeighbourhood(L_2, 0.250411558405805, accuracy)",12435,0,0.0,0,0.004
dpctgan,"LocalNeighbourhood(L_2, 0.250411558405805, accuracy)",12435,1,0.0,0,0.004
dpctgan,"LocalNeighbourhood(L_2, 0.250411558405805, accuracy)",12435,0,0.002,0,0.004
dpctgan,"LocalNeighbourhood(L_2, 0.250411558405805, accuracy)",12435,1,0.0,0,0.004
dpctgan,"LocalNeighbourhood(L_2, 0.250411558405805, accuracy)",12435,0,0.008,1,0.004
dpctgan,"LocalNeighbourhood(L_2, 0.250411558405805, accuracy)",12435,1,0.006,1,0.004
dpctgan,"LocalNeighbourhood(L_2, 0.250411558405805, accuracy)",12435,0,0.0,0,0.004
dpctgan,"LocalNeighbourhood(L_2, 0.250411558405805, accuracy)",12435,1,0.0,0,0.004
dpctgan,"LocalNeighbourhood(L_2, 0.250411558405805, accuracy)",12435,0,0.0,0,0.004
dpctgan,"LocalNeighbourhood(L_2, 0.250411558405805, accuracy)",12435,1,0.0,0,0.004
dpctgan,"LocalNeighbourhood(L_2, 0.250411558405805, accuracy)",12435,0,0.0,0,0.004
dpctgan,"LocalNeighbourhood(L_2, 0.250411558405805, accuracy)",12435,1,0.0,0,0.004
dpctgan,"LocalNeighbourhood(L_2, 0.250411558405805, accuracy)",12435,0,0.0,0,0.004
dpctgan,"LocalNeighbourhood(L_2, 0.250411558405805, accuracy)",12435,1,0.0,0,0.004
dpctgan,"LocalNeighbourhood(L_2, 0.250411558405805, accuracy)",12435,0,0.0,0,0.004
dpctgan,"LocalNeighbourhood(L_2, 0.250411558405805, accuracy)",12435,1,0.004,1,0.004
dpctgan,"LocalNeighbourhood(L_2, 0.250411558405805, accuracy)",12435,0,0.0,0,0.004
dpctgan,"LocalNeighbourhood(L_2, 0.250411558405805, accuracy)",12435,1,0.0,0,0.004
dpctgan,"LocalNeighbourhood(L_2, 0.250411558405805, accuracy)",12435,0,0.0,0,0.004
dpctgan,"LocalNeighbourhood(L_2, 0.250411558405805, accuracy)",12435,1,0.0,0,0.004
dpctgan,"LocalNeighbourhood(L_2, 0.250411558405805, accuracy)",12435,0,0.0,0,0.004
dpctgan,"LocalNeighbourhood(L_2, 0.250411558405805, accuracy)",12435,1,0.0,0,0.004
dpctgan,"LocalNeighbourhood(L_2, 0.250411558405805, accuracy)",12435,0,0.0,0,0.004
dpctgan,"LocalNeighbourhood(L_2, 0.250411558405805, accuracy)",12435,1,0.0,0,0.004
dpctgan,"LocalNeighbourhood(L_2, 0.250411558405805, accuracy)",12435,0,0.0,0,0.004
dpctgan,"LocalNeighbourhood(L_2, 0.250411558405805, accuracy)",12435,1,0.0,0,0.004
dpctgan,"LocalNeighbourhood(L_2, 0.250411558405805, accuracy)",12435,0,0.002,0,0.004
dpctgan,"LocalNeighbourhood(L_2, 0.250411558405805, accuracy)",12435,1,0.0,0,0.004
dpctgan,"LocalNeighbourhood(L_2, 0.250411558405805, accuracy)",12435,0,0.0,0,0.004
dpctgan,"LocalNeighbourhood(L_2, 0.250411558405805, accuracy)",12435,1,0.002,0,0.004
dpctgan,"LocalNeighbourhood(L_2, 0.250411558405805, accuracy)",12435,0,0.0,0,0.004
dpctgan,"LocalNeighbourhood(L_2, 0.250411558405805, accuracy)",12435,1,0.002,0,0.004
dpctgan,"LocalNeighbourhood(L_2, 0.250411558405805, accuracy)",12435,0,0.004,1,0.004
dpctgan,"LocalNeighbourhood(L_2, 0.250411558405805, accuracy)",12435,1,0.0,0,0.004
dpctgan,"LocalNeighbourhood(L_2, 0.250411558405805, accuracy)",12435,0,0.0,0,0.004
dpctgan,"LocalNeighbourhood(L_2, 0.250411558405805, accuracy)",12435,1,0.0,0,0.004
dpctgan,"LocalNeighbourhood(L_2, 0.250411558405805, accuracy)",12435,0,0.0,0,0.004
dpctgan,"LocalNeighbourhood(L_2, 0.250411558405805, accuracy)",12435,1,0.0,0,0.004
dpctgan,"LocalNeighbourhood(L_2, 0.250411558405805, accuracy)",12435,0,0.0,0,0.004
dpctgan,"LocalNeighbourhood(L_2, 0.250411558405805, accuracy)",12435,1,0.0,0,0.004
dpctgan,"LocalNeighbourhood(L_2, 0.250411558405805, accuracy)",12435,0,0.0,0,0.004
dpctgan,"LocalNeighbourhood(L_2, 0.250411558405805, accuracy)",12435,1,0.0,0,0.004
dpctgan,"LocalNeighbourhood(L_2, 0.250411558405805, accuracy)",12435,0,0.0,0,0.004
dpctgan,"LocalNeighbourhood(L_2, 0.250411558405805, accuracy)",12435,1,0.0,0,0.004
dpctgan,"LocalNeighbourhood(L_2, 0.250411558405805, accuracy)",12435,0,0.0,0,0.004
dpctgan,"LocalNeighbourhood(L_2, 0.250411558405805, accuracy)",12435,1,0.0,0,0.004
dpctgan,"LocalNeighbourhood(L_2, 0.250411558405805, accuracy)",12435,0,0.0,0,0.004
dpctgan,"LocalNeighbourhood(L_2, 0.250411558405805, accuracy)",12435,1,0.0,0,0.004
dpctgan,"LocalNeighbourhood(L_2, 0.250411558405805, accuracy)",12435,0,0.0,0,0.004
dpctgan,"LocalNeighbourhood(L_2, 0.250411558405805, accuracy)",12435,1,0.0,0,0.004
dpctgan,"LocalNeighbourhood(L_2, 0.250411558405805, accuracy)",12435,0,0.0,0,0.004
dpctgan,"LocalNeighbourhood(L_2, 0.250411558405805, accuracy)",12435,1,0.0,0,0.004
dpctgan,"LocalNeighbourhood(L_2, 0.250411558405805, accuracy)",12435,0,0.0,0,0.004
dpctgan,"LocalNeighbourhood(L_2, 0.250411558405805, accuracy)",12435,1,0.0,0,0.004
dpctgan,"LocalNeighbourhood(L_2, 0.250411558405805, accuracy)",12435,0,0.0,0,0.004
dpctgan,"LocalNeighbourhood(L_2, 0.250411558405805, accuracy)",12435,1,0.0,0,0.004
dpctgan,"LocalNeighbourhood(L_2, 0.250411558405805, accuracy)",12435,0,0.008,1,0.004
dpctgan,"LocalNeighbourhood(L_2, 0.250411558405805, accuracy)",12435,1,0.0,0,0.004
dpctgan,"LocalNeighbourhood(L_2, 0.250411558405805, accuracy)",12435,0,0.0,0,0.004
dpctgan,"LocalNeighbourhood(L_2, 0.250411558405805, accuracy)",12435,1,0.0,0,0.004
dpctgan,"LocalNeighbourhood(L_2, 0.250411558405805, accuracy)",12435,0,0.0,0,0.004
dpctgan,"LocalNeighbourhood(L_2, 0.250411558405805, accuracy)",12435,1,0.002,0,0.004
dpctgan,"LocalNeighbourhood(L_2, 0.250411558405805, accuracy)",12435,0,0.0,0,0.004
dpctgan,"LocalNeighbourhood(L_2, 0.250411558405805, accuracy)",12435,1,0.0,0,0.004
dpctgan,"LocalNeighbourhood(L_2, 0.250411558405805, accuracy)",12435,0,0.0,0,0.004
dpctgan,"LocalNeighbourhood(L_2, 0.250411558405805, accuracy)",12435,1,0.008,1,0.004
dpctgan,"LocalNeighbourhood(L_2, 0.250411558405805, accuracy)",12435,0,0.0,0,0.004
dpctgan,"LocalNeighbourhood(L_2, 0.250411558405805, accuracy)",12435,1,0.0,0,0.004
dpctgan,"LocalNeighbourhood(L_2, 0.250411558405805, accuracy)",12435,0,0.002,0,0.004
dpctgan,"LocalNeighbourhood(L_2, 0.250411558405805, accuracy)",12435,1,0.0,0,0.004
dpctgan,"LocalNeighbourhood(L_2, 0.250411558405805, accuracy)",12435,0,0.0,0,0.004
dpctgan,"LocalNeighbourhood(L_2, 0.250411558405805, accuracy)",12435,1,0.0,0,0.004
dpctgan,"LocalNeighbourhood(L_2, 0.250411558405805, accuracy)",12435,0,0.0,0,0.004
dpctgan,"LocalNeighbourhood(L_2, 0.250411558405805, accuracy)",12435,1,0.0,0,0.004
dpctgan,"LocalNeighbourhood(L_2, 0.250411558405805, accuracy)",12435,0,0.006,1,0.004
dpctgan,"LocalNeighbourhood(L_2, 0.250411558405805, accuracy)",12435,1,0.0,0,0.004
dpctgan,"LocalNeighbourhood(L_2, 0.250411558405805, accuracy)",12435,0,0.0,0,0.004
dpctgan,"LocalNeighbourhood(L_2, 0.250411558405805, accuracy)",12435,1,0.0,0,0.004
dpctgan,"LocalNeighbourhood(L_2, 0.250411558405805, accuracy)",12435,0,0.0,0,0.004
dpctgan,"LocalNeighbourhood(L_2, 0.250411558405805, accuracy)",12435,1,0.0,0,0.004
dpctgan,"LocalNeighbourhood(L_2, 0.250411558405805, accuracy)",12435,0,0.0,0,0.004
dpctgan,"LocalNeighbourhood(L_2, 0.250411558405805, accuracy)",12435,1,0.0,0,0.004
dpctgan,"LocalNeighbourhood(L_2, 0.250411558405805, accuracy)",12435,0,0.002,0,0.004
dpctgan,"LocalNeighbourhood(L_2, 0.250411558405805, accuracy)",12435,1,0.0,0,0.004
dpctgan,"LocalNeighbourhood(L_2, 0.250411558405805, accuracy)",12435,0,0.0,0,0.004
dpctgan,"LocalNeighbourhood(L_2, 0.250411558405805, accuracy)",12435,1,0.0,0,0.004
dpctgan,"LocalNeighbourhood(L_2, 0.250411558405805, accuracy)",12435,0,0.0,0,0.004
dpctgan,"LocalNeighbourhood(L_2, 0.250411558405805, accuracy)",12435,1,0.0,0,0.004
dpctgan,"LocalNeighbourhood(L_2, 0.250411558405805, accuracy)",12435,0,0.0,0,0.004
dpctgan,"LocalNeighbourhood(L_2, 0.250411558405805, accuracy)",12435,1,0.0,0,0.004
dpctgan,"LocalNeighbourhood(L_2, 0.250411558405805, accuracy)",12435,0,0.0,0,0.004
dpctgan,"LocalNeighbourhood(L_2, 0.250411558405805, accuracy)",12435,1,0.0,0,0.004
dpctgan,"LocalNeighbourhood(L_2, 0.250411558405805, accuracy)",12435,0,0.0,0,0.004
dpctgan,"LocalNeighbourhood(L_2, 0.250411558405805, accuracy)",12435,1,0.0,0,0.004
dpctgan,"LocalNeighbourhood(L_2, 0.250411558405805, accuracy)",12435,0,0.0,0,0.004
dpctgan,"LocalNeighbourhood(L_2, 0.250411558405805, accuracy)",12435,1,0.0,0,0.004
dpctgan,"LocalNeighbourhood(L_2, 0.250411558405805, accuracy)",12435,0,0.002,0,0.004
dpctgan,"LocalNeighbourhood(L_2, 0.250411558405805, accuracy)",12435,1,0.0,0,0.004
dpctgan,"LocalNeighbourhood(L_2, 0.250411558405805, accuracy)",12435,0,0.0,0,0.004
dpctgan,"LocalNeighbourhood(L_2, 0.250411558405805, accuracy)",12435,1,0.0,0,0.004
dpctgan,"LocalNeighbourhood(L_2, 0.250411558405805, accuracy)",12435,0,0.0,0,0.004
dpctgan,"LocalNeighbourhood(L_2, 0.250411558405805, accuracy)",12435,1,0.0,0,0.004
dpctgan,"LocalNeighbourhood(L_2, 0.250411558405805, accuracy)",12435,0,0.0,0,0.004
dpctgan,"LocalNeighbourhood(L_2, 0.250411558405805, accuracy)",12435,1,0.0,0,0.004
dpctgan,"LocalNeighbourhood(L_2, 0.250411558405805, accuracy)",12435,0,0.0,0,0.004
dpctgan,"LocalNeighbourhood(L_2, 0.250411558405805, accuracy)",12435,1,0.0,0,0.004
dpctgan,"LocalNeighbourhood(L_2, 0.250411558405805, accuracy)",12435,0,0.0,0,0.004
dpctgan,"LocalNeighbourhood(L_2, 0.250411558405805, accuracy)",12435,1,0.0,0,0.004
dpctgan,"LocalNeighbourhood(L_2, 0.250411558405805, accuracy)",12435,0,0.002,0,0.004
dpctgan,"LocalNeighbourhood(L_2, 0.250411558405805, accuracy)",12435,1,0.002,0,0.004
dpctgan,"LocalNeighbourhood(L_2, 0.250411558405805, accuracy)",12435,0,0.0,0,0.004
dpctgan,"LocalNeighbourhood(L_2, 0.250411558405805, accuracy)",12435,1,0.0,0,0.004
dpctgan,"LocalNeighbourhood(L_2, 0.250411558405805, accuracy)",12435,0,0.002,0,0.004
dpctgan,"LocalNeighbourhood(L_2, 0.250411558405805, accuracy)",12435,1,0.0,0,0.004
dpctgan,"LocalNeighbourhood(L_2, 0.250411558405805, accuracy)",12435,0,0.0,0,0.004
dpctgan,"LocalNeighbourhood(L_2, 0.250411558405805, accuracy)",12435,1,0.006,1,0.004
dpctgan,"LocalNeighbourhood(L_2, 0.250411558405805, accuracy)",12435,0,0.0,0,0.004
dpctgan,"LocalNeighbourhood(L_2, 0.250411558405805, accuracy)",12435,1,0.0,0,0.004
dpctgan,"LocalNeighbourhood(L_2, 0.250411558405805, accuracy)",12435,0,0.0,0,0.004
dpctgan,"LocalNeighbourhood(L_2, 0.250411558405805, accuracy)",12435,1,0.0,0,0.004
dpctgan,"LocalNeighbourhood(L_2, 0.250411558405805, accuracy)",12435,0,0.0,0,0.004
dpctgan,"LocalNeighbourhood(L_2, 0.250411558405805, accuracy)",12435,1,0.0,0,0.004
dpctgan,"LocalNeighbourhood(L_2, 0.250411558405805, accuracy)",12435,0,0.0,0,0.004
dpctgan,"LocalNeighbourhood(L_2, 0.250411558405805, accuracy)",12435,1,0.0,0,0.004
dpctgan,"LocalNeighbourhood(L_2, 0.250411558405805, accuracy)",12435,0,0.0,0,0.004
dpctgan,"LocalNeighbourhood(L_2, 0.250411558405805, accuracy)",12435,1,0.0,0,0.004
dpctgan,"LocalNeighbourhood(L_2, 0.250411558405805, accuracy)",12435,0,0.0,0,0.004
dpctgan,"LocalNeighbourhood(L_2, 0.250411558405805, accuracy)",12435,1,0.0,0,0.004
dpctgan,"LocalNeighbourhood(L_2, 0.250411558405805, accuracy)",12435,0,0.0,0,0.004
dpctgan,"LocalNeighbourhood(L_2, 0.250411558405805, accuracy)",12435,1,0.0,0,0.004
dpctgan,"LocalNeighbourhood(L_2, 0.250411558405805, accuracy)",12435,0,0.0,0,0.004
dpctgan,"LocalNeighbourhood(L_2, 0.250411558405805, accuracy)",12435,1,0.0,0,0.004
dpctgan,"LocalNeighbourhood(L_2, 0.250411558405805, accuracy)",12435,0,0.004,1,0.004
dpctgan,"LocalNeighbourhood(L_2, 0.250411558405805, accuracy)",12435,1,0.0,0,0.004
dpctgan,"LocalNeighbourhood(L_2, 0.250411558405805, accuracy)",12435,0,0.0,0,0.004
dpctgan,"LocalNeighbourhood(L_2, 0.250411558405805, accuracy)",12435,1,0.0,0,0.004
dpctgan,"LocalNeighbourhood(L_2, 0.250411558405805, accuracy)",12435,0,0.0,0,0.004
dpctgan,"LocalNeighbourhood(L_2, 0.250411558405805, accuracy)",12435,1,0.0,0,0.004
dpctgan,"LocalNeighbourhood(L_2, 0.250411558405805, accuracy)",12435,0,0.0,0,0.004
dpctgan,"LocalNeighbourhood(L_2, 0.250411558405805, accuracy)",12435,1,0.0,0,0.004
dpctgan,"LocalNeighbourhood(L_2, 0.250411558405805, accuracy)",12435,0,0.0,0,0.004
dpctgan,"LocalNeighbourhood(L_2, 0.250411558405805, accuracy)",12435,1,0.0,0,0.004
dpctgan,"LocalNeighbourhood(L_2, 0.250411558405805, accuracy)",12435,0,0.0,0,0.004
dpctgan,"LocalNeighbourhood(L_2, 0.250411558405805, accuracy)",12435,1,0.0,0,0.004
dpctgan,"LocalNeighbourhood(L_2, 0.250411558405805, accuracy)",12435,0,0.0,0,0.004
dpctgan,"LocalNeighbourhood(L_2, 0.250411558405805, accuracy)",12435,1,0.0,0,0.004
dpctgan,"LocalNeighbourhood(L_2, 0.250411558405805, accuracy)",12435,0,0.0,0,0.004
dpctgan,"LocalNeighbourhood(L_2, 0.250411558405805, accuracy)",12435,1,0.0,0,0.004
dpctgan,"LocalNeighbourhood(L_2, 0.250411558405805, accuracy)",12435,0,0.0,0,0.004
dpctgan,"LocalNeighbourhood(L_2, 0.250411558405805, accuracy)",12435,1,0.0,0,0.004
dpctgan,"LocalNeighbourhood(L_2, 0.250411558405805, accuracy)",12435,0,0.0,0,0.004
dpctgan,"LocalNeighbourhood(L_2, 0.250411558405805, accuracy)",12435,1,0.0,0,0.004
dpctgan,"LocalNeighbourhood(L_2, 0.250411558405805, accuracy)",12435,0,0.0,0,0.004
dpctgan,"LocalNeighbourhood(L_2, 0.250411558405805, accuracy)",12435,1,0.0,0,0.004
dpctgan,"LocalNeighbourhood(L_2, 0.250411558405805, accuracy)",12435,0,0.0,0,0.004
dpctgan,"LocalNeighbourhood(L_2, 0.250411558405805, accuracy)",12435,1,0.002,0,0.004
dpctgan,"LocalNeighbourhood(L_2, 0.250411558405805, accuracy)",12435,0,0.0,0,0.004
dpctgan,"LocalNeighbourhood(L_2, 0.250411558405805, accuracy)",12435,1,0.0,0,0.004
dpctgan,"LocalNeighbourhood(L_2, 0.250411558405805, accuracy)",12435,0,0.0,0,0.004
dpctgan,"LocalNeighbourhood(L_2, 0.250411558405805, accuracy)",12435,1,0.0,0,0.004
dpctgan,"LocalNeighbourhood(L_2, 0.250411558405805, accuracy)",12435,0,0.0,0,0.004
dpctgan,"LocalNeighbourhood(L_2, 0.250411558405805, accuracy)",12435,1,0.0,0,0.004
dpctgan,"LocalNeighbourhood(L_2, 0.250411558405805, accuracy)",12435,0,0.006,1,0.004
dpctgan,"LocalNeighbourhood(L_2, 0.250411558405805, accuracy)",12435,1,0.002,0,0.004
dpctgan,"LocalNeighbourhood(L_2, 0.250411558405805, accuracy)",12435,0,0.0,0,0.004
dpctgan,"LocalNeighbourhood(L_2, 0.250411558405805, accuracy)",12435,1,0.0,0,0.004
dpctgan,"LocalNeighbourhood(L_2, 0.250411558405805, accuracy)",12435,0,0.002,0,0.004
dpctgan,"LocalNeighbourhood(L_2, 0.250411558405805, accuracy)",12435,1,0.0,0,0.004
dpctgan,"LocalNeighbourhood(L_2, 0.250411558405805, accuracy)",12435,0,0.0,0,0.004
dpctgan,"LocalNeighbourhood(L_2, 0.250411558405805, accuracy)",12435,1,0.0,0,0.004
dpctgan,"LocalNeighbourhood(L_2, 0.250411558405805, accuracy)",12435,0,0.0,0,0.004
dpctgan,"LocalNeighbourhood(L_2, 0.250411558405805, accuracy)",12435,1,0.0,0,0.004
dpctgan,"LocalNeighbourhood(L_2, 0.250411558405805, accuracy)",12435,0,0.0,0,0.004
dpctgan,"LocalNeighbourhood(L_2, 0.250411558405805, accuracy)",12435,1,0.0,0,0.004
dpctgan,"LocalNeighbourhood(L_2, 0.250411558405805, accuracy)",12435,0,0.0,0,0.004
dpctgan,"LocalNeighbourhood(L_2, 0.250411558405805, accuracy)",12435,1,0.0,0,0.004
dpctgan,"LocalNeighbourhood(L_2, 0.250411558405805, accuracy)",12435,0,0.0,0,0.004
dpctgan,"LocalNeighbourhood(L_2, 0.250411558405805, accuracy)",12435,1,0.0,0,0.004
dpctgan,"LocalNeighbourhood(L_2, 0.250411558405805, accuracy)",12435,0,0.0,0,0.004
dpctgan,"LocalNeighbourhood(L_2, 0.250411558405805, accuracy)",12435,1,0.006,1,0.004
dpctgan,"LocalNeighbourhood(L_2, 0.250411558405805, accuracy)",12435,0,0.0,0,0.004
dpctgan,"LocalNeighbourhood(L_2, 0.250411558405805, accuracy)",12435,1,0.0,0,0.004
dpctgan,"LocalNeighbourhood(L_2, 0.250411558405805, accuracy)",12435,0,0.0,0,0.004
dpctgan,"LocalNeighbourhood(L_2, 0.250411558405805, accuracy)",12435,1,0.0,0,0.004
dpctgan,"LocalNeighbourhood(L_2, 0.250411558405805, accuracy)",12435,0,0.0,0,0.004
dpctgan,"LocalNeighbourhood(L_2, 0.250411558405805, accuracy)",12435,1,0.002,0,0.004
dpctgan,"LocalNeighbourhood(L_2, 0.250411558405805, accuracy)",12435,0,0.0,0,0.004
dpctgan,"LocalNeighbourhood(L_2, 0.250411558405805, accuracy)",12435,1,0.0,0,0.004
dpctgan,"LocalNeighbourhood(L_2, 0.250411558405805, accuracy)",12435,0,0.0,0,0.004
dpctgan,"LocalNeighbourhood(L_2, 0.250411558405805, accuracy)",12435,1,0.0,0,0.004
dpctgan,"LocalNeighbourhood(L_2, 0.250411558405805, accuracy)",12435,0,0.0,0,0.004
dpctgan,"LocalNeighbourhood(L_2, 0.250411558405805, accuracy)",12435,1,0.0,0,0.004
dpctgan,"LocalNeighbourhood(L_2, 0.250411558405805, accuracy)",12435,0,0.0,0,0.004
dpctgan,"LocalNeighbourhood(L_2, 0.250411558405805, accuracy)",12435,1,0.0,0,0.004
dpctgan,"LocalNeighbourhood(L_2, 0.250411558405805, accuracy)",12435,0,0.0,0,0.004
dpctgan,"LocalNeighbourhood(L_2, 0.250411558405805, accuracy)",12435,1,0.0,0,0.004
dpctgan,"LocalNeighbourhood(L_2, 0.250411558405805, accuracy)",12435,0,0.0,0,0.004
dpctgan,"LocalNeighbourhood(L_2, 0.250411558405805, accuracy)",12435,1,0.0,0,0.004
dpctgan,"LocalNeighbourhood(L_2, 0.250411558405805, accuracy)",12435,0,0.0,0,0.004
dpctgan,"LocalNeighbourhood(L_2, 0.250411558405805, accuracy)",12435,1,0.0,0,0.004
dpctgan,"LocalNeighbourhood(L_2, 0.250411558405805, accuracy)",12435,0,0.0,0,0.004
dpctgan,"LocalNeighbourhood(L_2, 0.250411558405805, accuracy)",12435,1,0.0,0,0.004
dpctgan,"LocalNeighbourhood(L_2, 0.250411558405805, accuracy)",12435,0,0.0,0,0.004
dpctgan,"LocalNeighbourhood(L_2, 0.250411558405805, accuracy)",12435,1,0.0,0,0.004
dpctgan,"LocalNeighbourhood(L_2, 0.250411558405805, accuracy)",12435,0,0.0,0,0.004
dpctgan,"LocalNeighbourhood(L_2, 0.250411558405805, accuracy)",12435,1,0.0,0,0.004
dpctgan,"LocalNeighbourhood(L_2, 0.250411558405805, accuracy)",12435,0,0.0,0,0.004
dpctgan,"LocalNeighbourhood(L_2, 0.250411558405805, accuracy)",12435,1,0.0,0,0.004
dpctgan,"LocalNeighbourhood(L_2, 0.250411558405805, accuracy)",12435,0,0.0,0,0.004
dpctgan,"LocalNeighbourhood(L_2, 0.250411558405805, accuracy)",12435,1,0.0,0,0.004
dpctgan,"LocalNeighbourhood(L_2, 0.250411558405805, accuracy)",12435,0,0.0,0,0.004
dpctgan,"LocalNeighbourhood(L_2, 0.250411558405805, accuracy)",12435,1,0.0,0,0.004
dpctgan,"LocalNeighbourhood(L_2, 0.250411558405805, accuracy)",12435,0,0.0,0,0.004
dpctgan,"LocalNeighbourhood(L_2, 0.250411558405805, accuracy)",12435,1,0.0,0,0.004
dpctgan,"LocalNeighbourhood(L_2, 0.250411558405805, accuracy)",12435,0,0.0,0,0.004
dpctgan,"LocalNeighbourhood(L_2, 0.250411558405805, accuracy)",12435,1,0.0,0,0.004
dpctgan,"LocalNeighbourhood(L_2, 0.250411558405805, accuracy)",12435,0,0.0,0,0.004
dpctgan,"LocalNeighbourhood(L_2, 0.250411558405805, accuracy)",12435,1,0.0,0,0.004
dpctgan,"LocalNeighbourhood(L_2, 0.250411558405805, accuracy)",12435,0,0.0,0,0.004
dpctgan,"LocalNeighbourhood(L_2, 0.250411558405805, accuracy)",12435,1,0.0,0,0.004
dpctgan,"LocalNeighbourhood(L_2, 0.250411558405805, accuracy)",12435,0,0.0,0,0.004
dpctgan,"LocalNeighbourhood(L_2, 0.250411558405805, accuracy)",12435,1,0.0,0,0.004
dpctgan,"LocalNeighbourhood(L_2, 0.250411558405805, accuracy)",12435,0,0.0,0,0.004
dpctgan,"LocalNeighbourhood(L_2, 0.250411558405805, accuracy)",12435,1,0.0,0,0.004
dpctgan,"LocalNeighbourhood(L_2, 0.250411558405805, accuracy)",12435,0,0.0,0,0.004
dpctgan,"LocalNeighbourhood(L_2, 0.250411558405805, accuracy)",12435,1,0.0,0,0.004
dpctgan,"LocalNeighbourhood(L_2, 0.250411558405805, accuracy)",12435,0,0.004,1,0.004
dpctgan,"LocalNeighbourhood(L_2, 0.250411558405805, accuracy)",12435,1,0.002,0,0.004
dpctgan,"LocalNeighbourhood(L_2, 0.250411558405805, accuracy)",12435,0,0.0,0,0.004
dpctgan,"LocalNeighbourhood(L_2, 0.250411558405805, accuracy)",12435,1,0.0,0,0.004
dpctgan,"LocalNeighbourhood(L_2, 0.250411558405805, accuracy)",12435,0,0.0,0,0.004
dpctgan,"LocalNeighbourhood(L_2, 0.250411558405805, accuracy)",12435,1,0.0,0,0.004
dpctgan,"LocalNeighbourhood(L_2, 0.250411558405805, accuracy)",12435,0,0.0,0,0.004
dpctgan,"LocalNeighbourhood(L_2, 0.250411558405805, accuracy)",12435,1,0.0,0,0.004
dpctgan,"LocalNeighbourhood(L_2, 0.250411558405805, accuracy)",12435,0,0.0,0,0.004
dpctgan,"LocalNeighbourhood(L_2, 0.250411558405805, accuracy)",12435,1,0.0,0,0.004
dpctgan,"LocalNeighbourhood(L_2, 0.250411558405805, accuracy)",12435,0,0.0,0,0.004
dpctgan,"LocalNeighbourhood(L_2, 0.250411558405805, accuracy)",12435,1,0.0,0,0.004
dpctgan,"LocalNeighbourhood(L_2, 0.250411558405805, accuracy)",12435,0,0.0,0,0.004
dpctgan,"LocalNeighbourhood(L_2, 0.250411558405805, accuracy)",12435,1,0.0,0,0.004
dpctgan,"LocalNeighbourhood(L_2, 0.250411558405805, accuracy)",12435,0,0.0,0,0.004
dpctgan,"LocalNeighbourhood(L_2, 0.250411558405805, accuracy)",12435,1,0.0,0,0.004
dpctgan,"LocalNeighbourhood(L_2, 0.250411558405805, accuracy)",12435,0,0.0,0,0.004
dpctgan,"LocalNeighbourhood(L_2, 0.250411558405805, accuracy)",12435,1,0.016,1,0.004
dpctgan,"LocalNeighbourhood(L_2, 0.250411558405805, accuracy)",12435,0,0.0,0,0.004
dpctgan,"LocalNeighbourhood(L_2, 0.250411558405805, accuracy)",12435,1,0.002,0,0.004
dpctgan,"LocalNeighbourhood(L_2, 0.250411558405805, accuracy)",12435,0,0.0,0,0.004
dpctgan,"LocalNeighbourhood(L_2, 0.250411558405805, accuracy)",12435,1,0.0,0,0.004
dpctgan,"LocalNeighbourhood(L_2, 0.250411558405805, accuracy)",12435,0,0.0,0,0.004
dpctgan,"LocalNeighbourhood(L_2, 0.250411558405805, accuracy)",12435,1,0.0,0,0.004
dpctgan,"LocalNeighbourhood(L_2, 0.250411558405805, accuracy)",12435,0,0.0,0,0.004
dpctgan,"LocalNeighbourhood(L_2, 0.250411558405805, accuracy)",12435,1,0.0,0,0.004
dpctgan,"LocalNeighbourhood(L_2, 0.250411558405805, accuracy)",12435,0,0.0,0,0.004
dpctgan,"LocalNeighbourhood(L_2, 0.250411558405805, accuracy)",12435,1,0.0,0,0.004
dpctgan,"LocalNeighbourhood(L_2, 0.250411558405805, accuracy)",12435,0,0.0,0,0.004
dpctgan,"LocalNeighbourhood(L_2, 0.250411558405805, accuracy)",12435,1,0.0,0,0.004
dpctgan,"LocalNeighbourhood(L_2, 0.250411558405805, accuracy)",12435,0,0.0,0,0.004
dpctgan,"LocalNeighbourhood(L_2, 0.250411558405805, accuracy)",12435,1,0.0,0,0.004
dpctgan,"LocalNeighbourhood(L_2, 0.250411558405805, accuracy)",12435,0,0.0,0,0.004
dpctgan,"LocalNeighbourhood(L_2, 0.250411558405805, accuracy)",12435,1,0.0,0,0.004
dpctgan,"LocalNeighbourhood(L_2, 0.250411558405805, accuracy)",12435,0,0.0,0,0.004
dpctgan,"LocalNeighbourhood(L_2, 0.250411558405805, accuracy)",12435,1,0.0,0,0.004
dpctgan,"LocalNeighbourhood(L_2, 0.250411558405805, accuracy)",12435,0,0.0,0,0.004
dpctgan,"LocalNeighbourhood(L_2, 0.250411558405805, accuracy)",12435,1,0.0,0,0.004
dpctgan,"LocalNeighbourhood(L_2, 0.250411558405805, accuracy)",12435,0,0.002,0,0.004
dpctgan,"LocalNeighbourhood(L_2, 0.250411558405805, accuracy)",12435,1,0.0,0,0.004
dpctgan,"LocalNeighbourhood(L_2, 0.250411558405805, accuracy)",12435,0,0.0,0,0.004
dpctgan,"LocalNeighbourhood(L_2, 0.250411558405805, accuracy)",12435,1,0.0,0,0.004
dpctgan,"LocalNeighbourhood(L_2, 0.250411558405805, accuracy)",12435,0,0.0,0,0.004
dpctgan,"LocalNeighbourhood(L_2, 0.250411558405805, accuracy)",12435,1,0.002,0,0.004
dpctgan,"LocalNeighbourhood(L_2, 0.250411558405805, accuracy)",12435,0,0.0,0,0.004
dpctgan,"LocalNeighbourhood(L_2, 0.250411558405805, accuracy)",12435,1,0.0,0,0.004
dpctgan,"LocalNeighbourhood(L_2, 0.250411558405805, accuracy)",12435,0,0.0,0,0.004
dpctgan,"LocalNeighbourhood(L_2, 0.250411558405805, accuracy)",12435,1,0.0,0,0.004
dpctgan,"LocalNeighbourhood(L_2, 0.250411558405805, accuracy)",12435,0,0.0,0,0.004
dpctgan,"LocalNeighbourhood(L_2, 0.250411558405805, accuracy)",12435,1,0.0,0,0.004
dpctgan,"LocalNeighbourhood(L_2, 0.250411558405805, accuracy)",12435,0,0.0,0,0.004
dpctgan,"LocalNeighbourhood(L_2, 0.250411558405805, accuracy)",12435,1,0.002,0,0.004
dpctgan,"LocalNeighbourhood(L_2, 0.250411558405805, accuracy)",12435,0,0.0,0,0.004
dpctgan,"LocalNeighbourhood(L_2, 0.250411558405805, accuracy)",12435,1,0.0,0,0.004
dpctgan,"LocalNeighbourhood(L_2, 0.250411558405805, accuracy)",12435,0,0.0,0,0.004
dpctgan,"LocalNeighbourhood(L_2, 0.250411558405805, accuracy)",12435,1,0.0,0,0.004
dpctgan,"LocalNeighbourhood(L_2, 0.250411558405805, accuracy)",12435,0,0.008,1,0.004
dpctgan,"LocalNeighbourhood(L_2, 0.250411558405805, accuracy)",12435,1,0.0,0,0.004
dpctgan,"LocalNeighbourhood(L_2, 0.250411558405805, accuracy)",12435,0,0.0,0,0.004
dpctgan,"LocalNeighbourhood(L_2, 0.250411558405805, accuracy)",12435,1,0.0,0,0.004
dpctgan,"LocalNeighbourhood(L_2, 0.250411558405805, accuracy)",12435,0,0.0,0,0.004
dpctgan,"LocalNeighbourhood(L_2, 0.250411558405805, accuracy)",12435,1,0.002,0,0.004
dpctgan,"LocalNeighbourhood(L_2, 0.250411558405805, accuracy)",12435,0,0.0,0,0.004
dpctgan,"LocalNeighbourhood(L_2, 0.250411558405805, accuracy)",12435,1,0.0,0,0.004
dpctgan,"LocalNeighbourhood(L_2, 0.250411558405805, accuracy)",12435,0,0.004,1,0.004
dpctgan,"LocalNeighbourhood(L_2, 0.250411558405805, accuracy)",12435,1,0.0,0,0.004
dpctgan,"LocalNeighbourhood(L_2, 0.250411558405805, accuracy)",12435,0,0.0,0,0.004
dpctgan,"LocalNeighbourhood(L_2, 0.250411558405805, accuracy)",12435,1,0.002,0,0.004
dpctgan,"LocalNeighbourhood(L_2, 0.250411558405805, accuracy)",12435,0,0.0,0,0.004
dpctgan,"LocalNeighbourhood(L_2, 0.250411558405805, accuracy)",12435,1,0.0,0,0.004
dpctgan,"LocalNeighbourhood(L_2, 0.250411558405805, accuracy)",12435,0,0.0,0,0.004
dpctgan,"LocalNeighbourhood(L_2, 0.250411558405805, accuracy)",12435,1,0.0,0,0.004
dpctgan,"LocalNeighbourhood(L_2, 0.250411558405805, accuracy)",12435,0,0.0,0,0.004
dpctgan,"LocalNeighbourhood(L_2, 0.250411558405805, accuracy)",12435,1,0.0,0,0.004
dpctgan,"LocalNeighbourhood(L_2, 0.250411558405805, accuracy)",12435,0,0.0,0,0.004
dpctgan,"LocalNeighbourhood(L_2, 0.250411558405805, accuracy)",12435,1,0.002,0,0.004
dpctgan,"LocalNeighbourhood(L_2, 0.250411558405805, accuracy)",12435,0,0.0,0,0.004
dpctgan,"LocalNeighbourhood(L_2, 0.250411558405805, accuracy)",12435,1,0.0,0,0.004
dpctgan,"LocalNeighbourhood(L_2, 0.250411558405805, accuracy)",12435,0,0.0,0,0.004
dpctgan,"LocalNeighbourhood(L_2, 0.250411558405805, accuracy)",12435,1,0.0,0,0.004
dpctgan,"LocalNeighbourhood(L_2, 0.250411558405805, accuracy)",12435,0,0.0,0,0.004
dpctgan,"LocalNeighbourhood(L_2, 0.250411558405805, accuracy)",12435,1,0.0,0,0.004
dpctgan,"LocalNeighbourhood(L_2, 0.250411558405805, accuracy)",12435,0,0.0,0,0.004
dpctgan,"LocalNeighbourhood(L_2, 0.250411558405805, accuracy)",12435,1,0.0,0,0.004
dpctgan,"LocalNeighbourhood(L_2, 0.250411558405805, accuracy)",12435,0,0.0,0,0.004
dpctgan,"LocalNeighbourhood(L_2, 0.250411558405805, accuracy)",12435,1,0.0,0,0.004
dpctgan,"LocalNeighbourhood(L_2, 0.250411558405805, accuracy)",12435,0,0.0,0,0.004
dpctgan,"LocalNeighbourhood(L_2, 0.250411558405805, accuracy)",12435,1,0.0,0,0.004
dpctgan,"LocalNeighbourhood(L_2, 0.250411558405805, accuracy)",12435,0,0.0,0,0.004
dpctgan,"LocalNeighbourhood(L_2, 0.250411558405805, accuracy)",12435,1,0.0,0,0.004
dpctgan,"LocalNeighbourhood(L_2, 0.250411558405805, accuracy)",12435,0,0.0,0,0.004
dpctgan,"LocalNeighbourhood(L_2, 0.250411558405805, accuracy)",12435,1,0.0,0,0.004
dpctgan,"LocalNeighbourhood(L_2, 0.250411558405805, accuracy)",12435,0,0.0,0,0.004
dpctgan,"LocalNeighbourhood(L_2, 0.250411558405805, accuracy)",12435,1,0.0,0,0.004
dpctgan,"LocalNeighbourhood(L_2, 0.250411558405805, accuracy)",12435,0,0.0,0,0.004
dpctgan,"LocalNeighbourhood(L_2, 0.250411558405805, accuracy)",12435,1,0.0,0,0.004
dpctgan,"LocalNeighbourhood(L_2, 0.250411558405805, accuracy)",12435,0,0.0,0,0.004
dpctgan,"LocalNeighbourhood(L_2, 0.250411558405805, accuracy)",12435,1,0.0,0,0.004
dpctgan,"LocalNeighbourhood(L_2, 0.250411558405805, accuracy)",12435,0,0.0,0,0.004
dpctgan,"LocalNeighbourhood(L_2, 0.250411558405805, accuracy)",12435,1,0.0,0,0.004
dpctgan,"LocalNeighbourhood(L_2, 0.250411558405805, accuracy)",12435,0,0.0,0,0.004
dpctgan,"LocalNeighbourhood(L_2, 0.250411558405805, accuracy)",12435,1,0.0,0,0.004
dpctgan,"LocalNeighbourhood(L_2, 0.250411558405805, accuracy)",12435,0,0.0,0,0.004
dpctgan,"LocalNeighbourhood(L_2, 0.250411558405805, accuracy)",12435,1,0.0,0,0.004
dpctgan,"LocalNeighbourhood(L_2, 0.250411558405805, accuracy)",12435,0,0.0,0,0.004
dpctgan,"LocalNeighbourhood(L_2, 0.250411558405805, accuracy)",12435,1,0.0,0,0.004
dpctgan,"LocalNeighbourhood(L_2, 0.250411558405805, accuracy)",12435,0,0.0,0,0.004
dpctgan,"LocalNeighbourhood(L_2, 0.250411558405805, accuracy)",12435,1,0.0,0,0.004
dpctgan,"LocalNeighbourhood(L_2, 0.250411558405805, accuracy)",12435,0,0.0,0,0.004
dpctgan,"LocalNeighbourhood(L_2, 0.250411558405805, accuracy)",12435,1,0.0,0,0.004
dpctgan,"LocalNeighbourhood(L_2, 0.250411558405805, accuracy)",12435,0,0.0,0,0.004
dpctgan,"LocalNeighbourhood(L_2, 0.250411558405805, accuracy)",12435,1,0.0,0,0.004
dpctgan,"LocalNeighbourhood(L_2, 0.250411558405805, accuracy)",12435,0,0.0,0,0.004
dpctgan,"LocalNeighbourhood(L_2, 0.250411558405805, accuracy)",12435,1,0.0,0,0.004
dpctgan,"LocalNeighbourhood(L_2, 0.250411558405805, accuracy)",12435,0,0.0,0,0.004
dpctgan,"LocalNeighbourhood(L_2, 0.250411558405805, accuracy)",12435,1,0.0,0,0.004
dpctgan,"LocalNeighbourhood(L_2, 0.250411558405805, accuracy)",12435,0,0.0,0,0.004
dpctgan,"LocalNeighbourhood(L_2, 0.250411558405805, accuracy)",12435,1,0.0,0,0.004
dpctgan,"LocalNeighbourhood(L_2, 0.250411558405805, accuracy)",12435,0,0.0,0,0.004
dpctgan,"LocalNeighbourhood(L_2, 0.250411558405805, accuracy)",12435,1,0.0,0,0.004
dpctgan,"LocalNeighbourhood(L_2, 0.250411558405805, accuracy)",12435,0,0.0,0,0.004
dpctgan,"LocalNeighbourhood(L_2, 0.250411558405805, accuracy)",12435,1,0.0,0,0.004
dpctgan,"LocalNeighbourhood(L_2, 0.250411558405805, accuracy)",12435,0,0.0,0,0.004
dpctgan,"LocalNeighbourhood(L_2, 0.250411558405805, accuracy)",12435,1,0.008,1,0.004
dpctgan,"LocalNeighbourhood(L_2, 0.250411558405805, accuracy)",12435,0,0.0,0,0.004
dpctgan,"LocalNeighbourhood(L_2, 0.250411558405805, accuracy)",12435,1,0.0,0,0.004
dpctgan,"LocalNeighbourhood(L_2, 0.250411558405805, accuracy)",12435,0,0.0,0,0.004
dpctgan,"LocalNeighbourhood(L_2, 0.250411558405805, accuracy)",12435,1,0.0,0,0.004
dpctgan,"LocalNeighbourhood(L_2, 0.250411558405805, accuracy)",12435,0,0.002,0,0.004
dpctgan,"LocalNeighbourhood(L_2, 0.250411558405805, accuracy)",12435,1,0.0,0,0.004
dpctgan,"LocalNeighbourhood(L_2, 0.250411558405805, accuracy)",12435,0,0.0,0,0.004
dpctgan,"LocalNeighbourhood(L_2, 0.250411558405805, accuracy)",12435,1,0.0,0,0.004
dpctgan,"LocalNeighbourhood(L_2, 0.250411558405805, accuracy)",12435,0,0.0,0,0.004
dpctgan,"LocalNeighbourhood(L_2, 0.250411558405805, accuracy)",12435,1,0.0,0,0.004
dpctgan,"LocalNeighbourhood(L_2, 0.250411558405805, accuracy)",12435,0,0.0,0,0.004
dpctgan,"LocalNeighbourhood(L_2, 0.250411558405805, accuracy)",12435,1,0.0,0,0.004
dpctgan,"LocalNeighbourhood(L_2, 0.250411558405805, accuracy)",12435,0,0.0,0,0.004
dpctgan,"LocalNeighbourhood(L_2, 0.250411558405805, accuracy)",12435,1,0.0,0,0.004
dpctgan,"LocalNeighbourhood(L_2, 0.250411558405805, accuracy)",12435,0,0.0,0,0.004
dpctgan,"LocalNeighbourhood(L_2, 0.250411558405805, accuracy)",12435,1,0.0,0,0.004
dpctgan,"LocalNeighbourhood(L_2, 0.250411558405805, accuracy)",12435,0,0.0,0,0.004
dpctgan,"LocalNeighbourhood(L_2, 0.250411558405805, accuracy)",12435,1,0.0,0,0.004
dpctgan,"LocalNeighbourhood(L_2, 0.250411558405805, accuracy)",12435,0,0.0,0,0.004
dpctgan,"LocalNeighbourhood(L_2, 0.250411558405805, accuracy)",12435,1,0.0,0,0.004
dpctgan,"LocalNeighbourhood(L_2, 0.250411558405805, accuracy)",12435,0,0.0,0,0.004
dpctgan,"LocalNeighbourhood(L_2, 0.250411558405805, accuracy)",12435,1,0.0,0,0.004
dpctgan,"LocalNeighbourhood(L_2, 0.250411558405805, accuracy)",12435,0,0.0,0,0.004
dpctgan,"LocalNeighbourhood(L_2, 0.250411558405805, accuracy)",12435,1,0.0,0,0.004
dpctgan,"LocalNeighbourhood(L_2, 0.250411558405805, accuracy)",12435,0,0.0,0,0.004
dpctgan,"LocalNeighbourhood(L_2, 0.250411558405805, accuracy)",12435,1,0.0,0,0.004
dpctgan,"LocalNeighbourhood(L_2, 0.250411558405805, accuracy)",12435,0,0.0,0,0.004
dpctgan,"LocalNeighbourhood(L_2, 0.250411558405805, accuracy)",12435,1,0.0,0,0.004
dpctgan,"LocalNeighbourhood(L_2, 0.250411558405805, accuracy)",12435,0,0.0,0,0.004
dpctgan,"LocalNeighbourhood(L_2, 0.250411558405805, accuracy)",12435,1,0.0,0,0.004
dpctgan,"LocalNeighbourhood(L_2, 0.250411558405805, accuracy)",12435,0,0.0,0,0.004
dpctgan,"LocalNeighbourhood(L_2, 0.250411558405805, accuracy)",12435,1,0.0,0,0.004
dpctgan,"LocalNeighbourhood(L_2, 0.250411558405805, accuracy)",12435,0,0.0,0,0.004
dpctgan,"LocalNeighbourhood(L_2, 0.250411558405805, accuracy)",12435,1,0.0,0,0.004
dpctgan,"LocalNeighbourhood(L_2, 0.250411558405805, accuracy)",12435,0,0.0,0,0.004
dpctgan,"LocalNeighbourhood(L_2, 0.250411558405805, accuracy)",12435,1,0.0,0,0.004
dpctgan,"LocalNeighbourhood(L_2, 0.250411558405805, accuracy)",12435,0,0.0,0,0.004
dpctgan,"LocalNeighbourhood(L_2, 0.250411558405805, accuracy)",12435,1,0.002,0,0.004
dpctgan,"LocalNeighbourhood(L_2, 0.250411558405805, accuracy)",12435,0,0.0,0,0.004
dpctgan,"LocalNeighbourhood(L_2, 0.250411558405805, accuracy)",12435,1,0.0,0,0.004
dpctgan,"LocalNeighbourhood(L_2, 0.250411558405805, accuracy)",12435,0,0.0,0,0.004
dpctgan,"LocalNeighbourhood(L_2, 0.250411558405805, accuracy)",12435,1,0.0,0,0.004
dpctgan,"LocalNeighbourhood(L_2, 0.250411558405805, accuracy)",12435,0,0.0,0,0.004
dpctgan,"LocalNeighbourhood(L_2, 0.250411558405805, accuracy)",12435,1,0.0,0,0.004
dpctgan,"LocalNeighbourhood(L_2, 0.250411558405805, accuracy)",12435,0,0.0,0,0.004
dpctgan,"LocalNeighbourhood(L_2, 0.250411558405805, accuracy)",12435,1,0.0,0,0.004
dpctgan,"LocalNeighbourhood(L_2, 0.250411558405805, accuracy)",12435,0,0.0,0,0.004
dpctgan,"LocalNeighbourhood(L_2, 0.250411558405805, accuracy)",12435,1,0.002,0,0.004
dpctgan,"LocalNeighbourhood(L_2, 0.250411558405805, accuracy)",12435,0,0.0,0,0.004
dpctgan,"LocalNeighbourhood(L_2, 0.250411558405805, accuracy)",12435,1,0.0,0,0.004
dpctgan,"LocalNeighbourhood(L_2, 0.250411558405805, accuracy)",12435,0,0.0,0,0.004
dpctgan,"LocalNeighbourhood(L_2, 0.250411558405805, accuracy)",12435,1,0.0,0,0.004
dpctgan,"LocalNeighbourhood(L_2, 0.250411558405805, accuracy)",12435,0,0.0,0,0.004
dpctgan,"LocalNeighbourhood(L_2, 0.250411558405805, accuracy)",12435,1,0.0,0,0.004
dpctgan,"LocalNeighbourhood(L_2, 0.250411558405805, accuracy)",12435,0,0.0,0,0.004
dpctgan,"LocalNeighbourhood(L_2, 0.250411558405805, accuracy)",12435,1,0.0,0,0.004
dpctgan,"LocalNeighbourhood(L_2, 0.250411558405805, accuracy)",12435,0,0.002,0,0.004
dpctgan,"LocalNeighbourhood(L_2, 0.250411558405805, accuracy)",12435,1,0.0,0,0.004
dpctgan,"LocalNeighbourhood(L_2, 0.250411558405805, accuracy)",12435,0,0.0,0,0.004
dpctgan,"LocalNeighbourhood(L_2, 0.250411558405805, accuracy)",12435,1,0.0,0,0.004
dpctgan,"LocalNeighbourhood(L_2, 0.250411558405805, accuracy)",12435,0,0.0,0,0.004
dpctgan,"LocalNeighbourhood(L_2, 0.250411558405805, accuracy)",12435,1,0.0,0,0.004
dpctgan,"LocalNeighbourhood(L_2, 0.250411558405805, accuracy)",12435,0,0.0,0,0.004
dpctgan,"LocalNeighbourhood(L_2, 0.250411558405805, accuracy)",12435,1,0.002,0,0.004
dpctgan,"LocalNeighbourhood(L_2, 0.250411558405805, accuracy)",12435,0,0.0,0,0.004
dpctgan,"LocalNeighbourhood(L_2, 0.250411558405805, accuracy)",12435,1,0.0,0,0.004
dpctgan,"LocalNeighbourhood(L_2, 0.250411558405805, accuracy)",12435,0,0.0,0,0.004
dpctgan,"LocalNeighbourhood(L_2, 0.250411558405805, accuracy)",12435,1,0.0,0,0.004
dpctgan,"LocalNeighbourhood(L_2, 0.250411558405805, accuracy)",12435,0,0.0,0,0.004
dpctgan,"LocalNeighbourhood(L_2, 0.250411558405805, accuracy)",12435,1,0.0,0,0.004
dpctgan,"LocalNeighbourhood(L_2, 0.250411558405805, accuracy)",12435,0,0.0,0,0.004
dpctgan,"LocalNeighbourhood(L_2, 0.250411558405805, accuracy)",12435,1,0.0,0,0.004
dpctgan,"LocalNeighbourhood(L_2, 0.250411558405805, accuracy)",12435,0,0.0,0,0.004
dpctgan,"LocalNeighbourhood(L_2, 0.250411558405805, accuracy)",12435,1,0.0,0,0.004
dpctgan,"LocalNeighbourhood(L_2, 0.250411558405805, accuracy)",12435,0,0.0,0,0.004
dpctgan,"LocalNeighbourhood(L_2, 0.250411558405805, accuracy)",12435,1,0.0,0,0.004
dpctgan,"LocalNeighbourhood(L_2, 0.250411558405805, accuracy)",12435,0,0.004,1,0.004
dpctgan,"LocalNeighbourhood(L_2, 0.250411558405805, accuracy)",12435,1,0.0,0,0.004
dpctgan,"LocalNeighbourhood(L_2, 0.250411558405805, accuracy)",12435,0,0.0,0,0.004
dpctgan,"LocalNeighbourhood(L_2, 0.250411558405805, accuracy)",12435,1,0.0,0,0.004
dpctgan,"LocalNeighbourhood(L_2, 0.250411558405805, accuracy)",12435,0,0.0,0,0.004
dpctgan,"LocalNeighbourhood(L_2, 0.250411558405805, accuracy)",12435,1,0.004,1,0.004
dpctgan,"LocalNeighbourhood(L_2, 0.250411558405805, accuracy)",12435,0,0.0,0,0.004
dpctgan,"LocalNeighbourhood(L_2, 0.250411558405805, accuracy)",12435,1,0.0,0,0.004
dpctgan,"LocalNeighbourhood(L_2, 0.250411558405805, accuracy)",12435,0,0.0,0,0.004
dpctgan,"LocalNeighbourhood(L_2, 0.250411558405805, accuracy)",12435,1,0.0,0,0.004
dpctgan,"LocalNeighbourhood(L_2, 0.250411558405805, accuracy)",12435,0,0.0,0,0.004
dpctgan,"LocalNeighbourhood(L_2, 0.250411558405805, accuracy)",12435,1,0.002,0,0.004
dpctgan,"LocalNeighbourhood(L_2, 0.250411558405805, accuracy)",12435,0,0.002,0,0.004
dpctgan,"LocalNeighbourhood(L_2, 0.250411558405805, accuracy)",12435,1,0.004,1,0.004
dpctgan,"LocalNeighbourhood(L_2, 0.250411558405805, accuracy)",12435,0,0.0,0,0.004
dpctgan,"LocalNeighbourhood(L_2, 0.250411558405805, accuracy)",12435,1,0.0,0,0.004
dpctgan,"LocalNeighbourhood(L_2, 0.250411558405805, accuracy)",12435,0,0.0,0,0.004
dpctgan,"LocalNeighbourhood(L_2, 0.250411558405805, accuracy)",12435,1,0.0,0,0.004
dpctgan,"LocalNeighbourhood(L_2, 0.250411558405805, accuracy)",12435,0,0.0,0,0.004
dpctgan,"LocalNeighbourhood(L_2, 0.250411558405805, accuracy)",12435,1,0.0,0,0.004
dpctgan,"LocalNeighbourhood(L_2, 0.250411558405805, accuracy)",12435,0,0.0,0,0.004
dpctgan,"LocalNeighbourhood(L_2, 0.250411558405805, accuracy)",12435,1,0.0,0,0.004
dpctgan,"LocalNeighbourhood(L_2, 0.250411558405805, accuracy)",12435,0,0.0,0,0.004
dpctgan,"LocalNeighbourhood(L_2, 0.250411558405805, accuracy)",12435,1,0.0,0,0.004
dpctgan,"LocalNeighbourhood(L_2, 0.250411558405805, accuracy)",12435,0,0.002,0,0.004
dpctgan,"LocalNeighbourhood(L_2, 0.250411558405805, accuracy)",12435,1,0.0,0,0.004
dpctgan,"LocalNeighbourhood(L_2, 0.250411558405805, accuracy)",12435,0,0.0,0,0.004
dpctgan,"LocalNeighbourhood(L_2, 0.250411558405805, accuracy)",12435,1,0.0,0,0.004
dpctgan,"LocalNeighbourhood(L_2, 0.250411558405805, accuracy)",12435,0,0.0,0,0.004
dpctgan,"LocalNeighbourhood(L_2, 0.250411558405805, accuracy)",12435,1,0.0,0,0.004
dpctgan,"LocalNeighbourhood(L_2, 0.250411558405805, accuracy)",12435,0,0.0,0,0.004
dpctgan,"LocalNeighbourhood(L_2, 0.250411558405805, accuracy)",12435,1,0.0,0,0.004
dpctgan,"LocalNeighbourhood(L_2, 0.250411558405805, accuracy)",12435,0,0.0,0,0.004
dpctgan,"LocalNeighbourhood(L_2, 0.250411558405805, accuracy)",12435,1,0.0,0,0.004
dpctgan,"LocalNeighbourhood(L_2, 0.250411558405805, accuracy)",12435,0,0.0,0,0.004
dpctgan,"LocalNeighbourhood(L_2, 0.250411558405805, accuracy)",12435,1,0.0,0,0.004
dpctgan,"LocalNeighbourhood(L_2, 0.250411558405805, accuracy)",12435,0,0.0,0,0.004
dpctgan,"LocalNeighbourhood(L_2, 0.250411558405805, accuracy)",12435,1,0.0,0,0.004
dpctgan,"LocalNeighbourhood(L_2, 0.250411558405805, accuracy)",12435,0,0.0,0,0.004
dpctgan,"LocalNeighbourhood(L_2, 0.250411558405805, accuracy)",12435,1,0.0,0,0.004
dpctgan,"LocalNeighbourhood(L_2, 0.250411558405805, accuracy)",12435,0,0.0,0,0.004
dpctgan,"LocalNeighbourhood(L_2, 0.250411558405805, accuracy)",12435,1,0.0,0,0.004
dpctgan,"LocalNeighbourhood(L_2, 0.250411558405805, accuracy)",12435,0,0.0,0,0.004
dpctgan,"LocalNeighbourhood(L_2, 0.250411558405805, accuracy)",12435,1,0.016,1,0.004
dpctgan,"LocalNeighbourhood(L_2, 0.250411558405805, accuracy)",12435,0,0.0,0,0.004
dpctgan,"LocalNeighbourhood(L_2, 0.250411558405805, accuracy)",12435,1,0.002,0,0.004
dpctgan,"LocalNeighbourhood(L_2, 0.250411558405805, accuracy)",12435,0,0.0,0,0.004
dpctgan,"LocalNeighbourhood(L_2, 0.250411558405805, accuracy)",12435,1,0.0,0,0.004
dpctgan,"LocalNeighbourhood(L_2, 0.250411558405805, accuracy)",12435,0,0.0,0,0.004
dpctgan,"LocalNeighbourhood(L_2, 0.250411558405805, accuracy)",12435,1,0.0,0,0.004
dpctgan,"LocalNeighbourhood(L_2, 0.250411558405805, accuracy)",12435,0,0.0,0,0.004
dpctgan,"LocalNeighbourhood(L_2, 0.250411558405805, accuracy)",12435,1,0.0,0,0.004
dpctgan,"LocalNeighbourhood(L_2, 0.250411558405805, accuracy)",12435,0,0.0,0,0.004
dpctgan,"LocalNeighbourhood(L_2, 0.250411558405805, accuracy)",12435,1,0.0,0,0.004
dpctgan,"LocalNeighbourhood(L_2, 0.250411558405805, accuracy)",12435,0,0.0,0,0.004
dpctgan,"LocalNeighbourhood(L_2, 0.250411558405805, accuracy)",12435,1,0.0,0,0.004
dpctgan,"LocalNeighbourhood(L_2, 0.250411558405805, accuracy)",12435,0,0.0,0,0.004
dpctgan,"LocalNeighbourhood(L_2, 0.250411558405805, accuracy)",12435,1,0.0,0,0.004
dpctgan,"LocalNeighbourhood(L_2, 0.250411558405805, accuracy)",12435,0,0.0,0,0.004
dpctgan,"LocalNeighbourhood(L_2, 0.250411558405805, accuracy)",12435,1,0.0,0,0.004
dpctgan,"LocalNeighbourhood(L_2, 0.250411558405805, accuracy)",12435,0,0.0,0,0.004
dpctgan,"LocalNeighbourhood(L_2, 0.250411558405805, accuracy)",12435,1,0.0,0,0.004
dpctgan,"LocalNeighbourhood(L_2, 0.250411558405805, accuracy)",12435,0,0.0,0,0.004
dpctgan,"LocalNeighbourhood(L_2, 0.250411558405805, accuracy)",12435,1,0.0,0,0.004
dpctgan,"LocalNeighbourhood(L_2, 0.250411558405805, accuracy)",12435,0,0.0,0,0.004
dpctgan,"LocalNeighbourhood(L_2, 0.250411558405805, accuracy)",12435,1,0.0,0,0.004
dpctgan,"LocalNeighbourhood(L_2, 0.250411558405805, accuracy)",12435,0,0.0,0,0.004
dpctgan,"LocalNeighbourhood(L_2, 0.250411558405805, accuracy)",12435,1,0.0,0,0.004
dpctgan,"LocalNeighbourhood(L_2, 0.250411558405805, accuracy)",12435,0,0.0,0,0.004
dpctgan,"LocalNeighbourhood(L_2, 0.250411558405805, accuracy)",12435,1,0.0,0,0.004
dpctgan,"LocalNeighbourhood(L_2, 0.250411558405805, accuracy)",12435,0,0.0,0,0.004
dpctgan,"LocalNeighbourhood(L_2, 0.250411558405805, accuracy)",12435,1,0.0,0,0.004
dpctgan,"LocalNeighbourhood(L_2, 0.250411558405805, accuracy)",12435,0,0.0,0,0.004
dpctgan,"LocalNeighbourhood(L_2, 0.250411558405805, accuracy)",12435,1,0.0,0,0.004
dpctgan,"LocalNeighbourhood(L_2, 0.250411558405805, accuracy)",12435,0,0.0,0,0.004
dpctgan,"LocalNeighbourhood(L_2, 0.250411558405805, accuracy)",12435,1,0.0,0,0.004
dpctgan,"LocalNeighbourhood(L_2, 0.250411558405805, accuracy)",12435,0,0.0,0,0.004
dpctgan,"LocalNeighbourhood(L_2, 0.250411558405805, accuracy)",12435,1,0.0,0,0.004
dpctgan,"LocalNeighbourhood(L_2, 0.250411558405805, accuracy)",12435,0,0.0,0,0.004
dpctgan,"LocalNeighbourhood(L_2, 0.250411558405805, accuracy)",12435,1,0.0,0,0.004
dpctgan,"LocalNeighbourhood(L_2, 0.250411558405805, accuracy)",12435,0,0.0,0,0.004
dpctgan,"LocalNeighbourhood(L_2, 0.250411558405805, accuracy)",12435,1,0.0,0,0.004
dpctgan,"LocalNeighbourhood(L_2, 0.250411558405805, accuracy)",12435,0,0.0,0,0.004
dpctgan,"LocalNeighbourhood(L_2, 0.250411558405805, accuracy)",12435,1,0.002,0,0.004
dpctgan,"LocalNeighbourhood(L_2, 0.250411558405805, accuracy)",12435,0,0.0,0,0.004
dpctgan,"LocalNeighbourhood(L_2, 0.250411558405805, accuracy)",12435,1,0.0,0,0.004
dpctgan,"LocalNeighbourhood(L_2, 0.250411558405805, accuracy)",12435,0,0.0,0,0.004
dpctgan,"LocalNeighbourhood(L_2, 0.250411558405805, accuracy)",12435,1,0.002,0,0.004
dpctgan,"LocalNeighbourhood(L_2, 0.250411558405805, accuracy)",12435,0,0.0,0,0.004
dpctgan,"LocalNeighbourhood(L_2, 0.250411558405805, accuracy)",12435,1,0.0,0,0.004
dpctgan,"LocalNeighbourhood(L_2, 0.250411558405805, accuracy)",12435,0,0.002,0,0.004
dpctgan,"LocalNeighbourhood(L_2, 0.250411558405805, accuracy)",12435,1,0.0,0,0.004
dpctgan,"LocalNeighbourhood(L_2, 0.250411558405805, accuracy)",12435,0,0.0,0,0.004
dpctgan,"LocalNeighbourhood(L_2, 0.250411558405805, accuracy)",12435,1,0.0,0,0.004
dpctgan,"LocalNeighbourhood(L_2, 0.250411558405805, accuracy)",12435,0,0.012,1,0.004
dpctgan,"LocalNeighbourhood(L_2, 0.250411558405805, accuracy)",12435,1,0.0,0,0.004
dpctgan,"LocalNeighbourhood(L_2, 0.250411558405805, accuracy)",12435,0,0.0,0,0.004
dpctgan,"LocalNeighbourhood(L_2, 0.250411558405805, accuracy)",12435,1,0.0,0,0.004
dpctgan,"LocalNeighbourhood(L_2, 0.250411558405805, accuracy)",12435,0,0.0,0,0.004
dpctgan,"LocalNeighbourhood(L_2, 0.250411558405805, accuracy)",12435,1,0.0,0,0.004
dpctgan,"LocalNeighbourhood(L_2, 0.250411558405805, accuracy)",12435,0,0.0,0,0.004
dpctgan,"LocalNeighbourhood(L_2, 0.250411558405805, accuracy)",12435,1,0.0,0,0.004
dpctgan,"LocalNeighbourhood(L_2, 0.250411558405805, accuracy)",12435,0,0.0,0,0.004
dpctgan,"LocalNeighbourhood(L_2, 0.250411558405805, accuracy)",12435,1,0.0,0,0.004
dpctgan,"LocalNeighbourhood(L_2, 0.250411558405805, accuracy)",12435,0,0.0,0,0.004
dpctgan,"LocalNeighbourhood(L_2, 0.250411558405805, accuracy)",12435,1,0.0,0,0.004
dpctgan,"LocalNeighbourhood(L_2, 0.250411558405805, accuracy)",12435,0,0.0,0,0.004
dpctgan,"LocalNeighbourhood(L_2, 0.250411558405805, accuracy)",12435,1,0.0,0,0.004
dpctgan,"LocalNeighbourhood(L_2, 0.250411558405805, accuracy)",12435,0,0.0,0,0.004
dpctgan,"LocalNeighbourhood(L_2, 0.250411558405805, accuracy)",12435,1,0.0,0,0.004
dpctgan,"LocalNeighbourhood(L_2, 0.250411558405805, accuracy)",12435,0,0.0,0,0.004
dpctgan,"LocalNeighbourhood(L_2, 0.250411558405805, accuracy)",12435,1,0.0,0,0.004
dpctgan,"LocalNeighbourhood(L_2, 0.250411558405805, accuracy)",12435,0,0.0,0,0.004
dpctgan,"LocalNeighbourhood(L_2, 0.250411558405805, accuracy)",12435,1,0.0,0,0.004
dpctgan,"LocalNeighbourhood(L_2, 0.250411558405805, accuracy)",12435,0,0.0,0,0.004
dpctgan,"LocalNeighbourhood(L_2, 0.250411558405805, accuracy)",12435,1,0.0,0,0.004
dpctgan,"LocalNeighbourhood(L_2, 0.250411558405805, accuracy)",12435,0,0.0,0,0.004
dpctgan,"LocalNeighbourhood(L_2, 0.250411558405805, accuracy)",12435,1,0.0,0,0.004
dpctgan,"LocalNeighbourhood(L_2, 0.250411558405805, accuracy)",12435,0,0.0,0,0.004
dpctgan,"LocalNeighbourhood(L_2, 0.250411558405805, accuracy)",12435,1,0.0,0,0.004
dpctgan,"LocalNeighbourhood(L_2, 0.250411558405805, accuracy)",12435,0,0.0,0,0.004
dpctgan,"LocalNeighbourhood(L_2, 0.250411558405805, accuracy)",12435,1,0.0,0,0.004
dpctgan,"LocalNeighbourhood(L_2, 0.250411558405805, accuracy)",12435,0,0.0,0,0.004
dpctgan,"LocalNeighbourhood(L_2, 0.250411558405805, accuracy)",12435,1,0.0,0,0.004
dpctgan,"LocalNeighbourhood(L_2, 0.250411558405805, accuracy)",12435,0,0.0,0,0.004
dpctgan,"LocalNeighbourhood(L_2, 0.250411558405805, accuracy)",12435,1,0.0,0,0.004
dpctgan,"LocalNeighbourhood(L_2, 0.250411558405805, accuracy)",12435,0,0.0,0,0.004
dpctgan,"LocalNeighbourhood(L_2, 0.250411558405805, accuracy)",12435,1,0.0,0,0.004
dpctgan,"LocalNeighbourhood(L_2, 0.250411558405805, accuracy)",12435,0,0.0,0,0.004
dpctgan,"LocalNeighbourhood(L_2, 0.250411558405805, accuracy)",12435,1,0.0,0,0.004
dpctgan,"LocalNeighbourhood(L_2, 0.250411558405805, accuracy)",12435,0,0.0,0,0.004
dpctgan,"LocalNeighbourhood(L_2, 0.250411558405805, accuracy)",12435,1,0.0,0,0.004
dpctgan,"LocalNeighbourhood(L_2, 0.250411558405805, accuracy)",12435,0,0.0,0,0.004
dpctgan,"LocalNeighbourhood(L_2, 0.250411558405805, accuracy)",12435,1,0.0,0,0.004
dpctgan,"LocalNeighbourhood(L_2, 0.250411558405805, accuracy)",12435,0,0.0,0,0.004
dpctgan,"LocalNeighbourhood(L_2, 0.250411558405805, accuracy)",12435,1,0.0,0,0.004
dpctgan,"LocalNeighbourhood(L_2, 0.250411558405805, accuracy)",12435,0,0.0,0,0.004
dpctgan,"LocalNeighbourhood(L_2, 0.250411558405805, accuracy)",12435,1,0.0,0,0.004
dpctgan,"LocalNeighbourhood(L_2, 0.250411558405805, accuracy)",12435,0,0.0,0,0.004
dpctgan,"LocalNeighbourhood(L_2, 0.250411558405805, accuracy)",12435,1,0.0,0,0.004
dpctgan,"LocalNeighbourhood(L_2, 0.250411558405805, accuracy)",12435,0,0.0,0,0.004
dpctgan,"LocalNeighbourhood(L_2, 0.250411558405805, accuracy)",12435,1,0.0,0,0.004
dpctgan,"LocalNeighbourhood(L_2, 0.250411558405805, accuracy)",12435,0,0.0,0,0.004
dpctgan,"LocalNeighbourhood(L_2, 0.250411558405805, accuracy)",12435,1,0.0,0,0.004
dpctgan,"LocalNeighbourhood(L_2, 0.250411558405805, accuracy)",12435,0,0.002,0,0.004
dpctgan,"LocalNeighbourhood(L_2, 0.250411558405805, accuracy)",12435,1,0.002,0,0.004
dpctgan,"LocalNeighbourhood(L_2, 0.250411558405805, accuracy)",12435,0,0.002,0,0.004
dpctgan,"LocalNeighbourhood(L_2, 0.250411558405805, accuracy)",12435,1,0.0,0,0.004
dpctgan,"LocalNeighbourhood(L_2, 0.250411558405805, accuracy)",12435,0,0.0,0,0.004
dpctgan,"LocalNeighbourhood(L_2, 0.250411558405805, accuracy)",12435,1,0.0,0,0.004
dpctgan,"LocalNeighbourhood(L_2, 0.250411558405805, accuracy)",12435,0,0.0,0,0.004
dpctgan,"LocalNeighbourhood(L_2, 0.250411558405805, accuracy)",12435,1,0.0,0,0.004
dpctgan,"LocalNeighbourhood(L_2, 0.250411558405805, accuracy)",12435,0,0.0,0,0.004
dpctgan,"LocalNeighbourhood(L_2, 0.250411558405805, accuracy)",12435,1,0.0,0,0.004
dpctgan,"LocalNeighbourhood(L_2, 0.250411558405805, accuracy)",12435,0,0.0,0,0.004
dpctgan,"LocalNeighbourhood(L_2, 0.250411558405805, accuracy)",12435,1,0.0,0,0.004
dpctgan,"LocalNeighbourhood(L_2, 0.250411558405805, accuracy)",12435,0,0.0,0,0.004
dpctgan,"LocalNeighbourhood(L_2, 0.250411558405805, accuracy)",12435,1,0.0,0,0.004
dpctgan,"LocalNeighbourhood(L_2, 0.250411558405805, accuracy)",12435,0,0.0,0,0.004
dpctgan,"LocalNeighbourhood(L_2, 0.250411558405805, accuracy)",12435,1,0.0,0,0.004
dpctgan,"LocalNeighbourhood(L_2, 0.250411558405805, accuracy)",12435,0,0.0,0,0.004
dpctgan,"LocalNeighbourhood(L_2, 0.250411558405805, accuracy)",12435,1,0.0,0,0.004
dpctgan,"LocalNeighbourhood(L_2, 0.250411558405805, accuracy)",12435,0,0.0,0,0.004
dpctgan,"LocalNeighbourhood(L_2, 0.250411558405805, accuracy)",12435,1,0.0,0,0.004
dpctgan,"LocalNeighbourhood(L_2, 0.250411558405805, accuracy)",12435,0,0.0,0,0.004
dpctgan,"LocalNeighbourhood(L_2, 0.250411558405805, accuracy)",12435,1,0.0,0,0.004
dpctgan,"LocalNeighbourhood(L_2, 0.250411558405805, accuracy)",12435,0,0.0,0,0.004
dpctgan,"LocalNeighbourhood(L_2, 0.250411558405805, accuracy)",12435,1,0.0,0,0.004
dpctgan,"LocalNeighbourhood(L_2, 0.250411558405805, accuracy)",12435,0,0.0,0,0.004
dpctgan,"LocalNeighbourhood(L_2, 0.250411558405805, accuracy)",12435,1,0.0,0,0.004
dpctgan,"LocalNeighbourhood(L_2, 0.250411558405805, accuracy)",12435,0,0.0,0,0.004
dpctgan,"LocalNeighbourhood(L_2, 0.250411558405805, accuracy)",12435,1,0.0,0,0.004
dpctgan,"LocalNeighbourhood(L_2, 0.250411558405805, accuracy)",12435,0,0.0,0,0.004
dpctgan,"LocalNeighbourhood(L_2, 0.250411558405805, accuracy)",12435,1,0.0,0,0.004
dpctgan,"LocalNeighbourhood(L_2, 0.250411558405805, accuracy)",12435,0,0.0,0,0.004
dpctgan,"LocalNeighbourhood(L_2, 0.250411558405805, accuracy)",12435,1,0.0,0,0.004
dpctgan,"LocalNeighbourhood(L_2, 0.250411558405805, accuracy)",12435,0,0.0,0,0.004
dpctgan,"LocalNeighbourhood(L_2, 0.250411558405805, accuracy)",12435,1,0.002,0,0.004
dpctgan,"LocalNeighbourhood(L_2, 0.250411558405805, accuracy)",12435,0,0.0,0,0.004
dpctgan,"LocalNeighbourhood(L_2, 0.250411558405805, accuracy)",12435,1,0.0,0,0.004
dpctgan,"LocalNeighbourhood(L_2, 0.250411558405805, accuracy)",12435,0,0.0,0,0.004
dpctgan,"LocalNeighbourhood(L_2, 0.250411558405805, accuracy)",12435,1,0.0,0,0.004
dpctgan,"LocalNeighbourhood(L_2, 0.250411558405805, accuracy)",12435,0,0.0,0,0.004
dpctgan,"LocalNeighbourhood(L_2, 0.250411558405805, accuracy)",12435,1,0.0,0,0.004
dpctgan,"LocalNeighbourhood(L_2, 0.250411558405805, accuracy)",12435,0,0.0,0,0.004
dpctgan,"LocalNeighbourhood(L_2, 0.250411558405805, accuracy)",12435,1,0.0,0,0.004
dpctgan,"LocalNeighbourhood(L_2, 0.250411558405805, accuracy)",12435,0,0.0,0,0.004
dpctgan,"LocalNeighbourhood(L_2, 0.250411558405805, accuracy)",12435,1,0.002,0,0.004
dpctgan,"LocalNeighbourhood(L_2, 0.250411558405805, accuracy)",12435,0,0.002,0,0.004
dpctgan,"LocalNeighbourhood(L_2, 0.250411558405805, accuracy)",12435,1,0.002,0,0.004
dpctgan,"LocalNeighbourhood(L_2, 0.250411558405805, accuracy)",12435,0,0.0,0,0.004
dpctgan,"LocalNeighbourhood(L_2, 0.250411558405805, accuracy)",12435,1,0.0,0,0.004
dpctgan,"LocalNeighbourhood(L_2, 0.250411558405805, accuracy)",12435,0,0.0,0,0.004
dpctgan,"LocalNeighbourhood(L_2, 0.250411558405805, accuracy)",12435,1,0.0,0,0.004
dpctgan,"LocalNeighbourhood(L_2, 0.250411558405805, accuracy)",12435,0,0.0,0,0.004
dpctgan,"LocalNeighbourhood(L_2, 0.250411558405805, accuracy)",12435,1,0.0,0,0.004
dpctgan,"LocalNeighbourhood(L_2, 0.250411558405805, accuracy)",12435,0,0.0,0,0.004
dpctgan,"LocalNeighbourhood(L_2, 0.250411558405805, accuracy)",12435,1,0.0,0,0.004
dpctgan,"LocalNeighbourhood(L_2, 0.250411558405805, accuracy)",12435,0,0.0,0,0.004
dpctgan,"LocalNeighbourhood(L_2, 0.250411558405805, accuracy)",12435,1,0.0,0,0.004
dpctgan,"LocalNeighbourhood(L_2, 0.250411558405805, accuracy)",12435,0,0.0,0,0.004
dpctgan,"LocalNeighbourhood(L_2, 0.250411558405805, accuracy)",12435,1,0.0,0,0.004
dpctgan,"LocalNeighbourhood(L_2, 0.250411558405805, accuracy)",12435,0,0.004,1,0.004
dpctgan,"LocalNeighbourhood(L_2, 0.250411558405805, accuracy)",12435,1,0.0,0,0.004
dpctgan,"LocalNeighbourhood(L_2, 0.250411558405805, accuracy)",12435,0,0.0,0,0.004
dpctgan,"LocalNeighbourhood(L_2, 0.250411558405805, accuracy)",12435,1,0.0,0,0.004
dpctgan,"LocalNeighbourhood(L_2, 0.250411558405805, accuracy)",12435,0,0.0,0,0.004
dpctgan,"LocalNeighbourhood(L_2, 0.250411558405805, accuracy)",12435,1,0.0,0,0.004
dpctgan,"LocalNeighbourhood(L_2, 0.250411558405805, accuracy)",12435,0,0.0,0,0.004
dpctgan,"LocalNeighbourhood(L_2, 0.250411558405805, accuracy)",12435,1,0.0,0,0.004
dpctgan,"LocalNeighbourhood(L_2, 0.250411558405805, accuracy)",12435,0,0.0,0,0.004
dpctgan,"LocalNeighbourhood(L_2, 0.250411558405805, accuracy)",12435,1,0.0,0,0.004
dpctgan,"LocalNeighbourhood(L_2, 0.250411558405805, accuracy)",12435,0,0.0,0,0.004
dpctgan,"LocalNeighbourhood(L_2, 0.250411558405805, accuracy)",12435,1,0.002,0,0.004
dpctgan,"LocalNeighbourhood(L_2, 0.250411558405805, accuracy)",12435,0,0.0,0,0.004
dpctgan,"LocalNeighbourhood(L_2, 0.250411558405805, accuracy)",12435,1,0.0,0,0.004
dpctgan,"LocalNeighbourhood(L_2, 0.250411558405805, accuracy)",12435,0,0.0,0,0.004
dpctgan,"LocalNeighbourhood(L_2, 0.250411558405805, accuracy)",12435,1,0.0,0,0.004
dpctgan,"LocalNeighbourhood(L_2, 0.250411558405805, accuracy)",12435,0,0.0,0,0.004
dpctgan,"LocalNeighbourhood(L_2, 0.250411558405805, accuracy)",12435,1,0.0,0,0.004
dpctgan,"LocalNeighbourhood(L_2, 0.250411558405805, accuracy)",12435,0,0.0,0,0.004
dpctgan,"LocalNeighbourhood(L_2, 0.250411558405805, accuracy)",12435,1,0.0,0,0.004
dpctgan,"LocalNeighbourhood(L_2, 0.250411558405805, accuracy)",12435,0,0.0,0,0.004
dpctgan,"LocalNeighbourhood(L_2, 0.250411558405805, accuracy)",12435,1,0.0,0,0.004
dpctgan,"LocalNeighbourhood(L_2, 0.250411558405805, accuracy)",12435,0,0.0,0,0.004
dpctgan,"LocalNeighbourhood(L_2, 0.250411558405805, accuracy)",12435,1,0.0,0,0.004
dpctgan,"LocalNeighbourhood(L_2, 0.250411558405805, accuracy)",12435,0,0.0,0,0.004
dpctgan,"LocalNeighbourhood(L_2, 0.250411558405805, accuracy)",12435,1,0.0,0,0.004
dpctgan,"LocalNeighbourhood(L_2, 0.250411558405805, accuracy)",12435,0,0.004,1,0.004
dpctgan,"LocalNeighbourhood(L_2, 0.250411558405805, accuracy)",12435,1,0.0,0,0.004
dpctgan,"LocalNeighbourhood(L_2, 0.250411558405805, accuracy)",12435,0,0.012,1,0.004
dpctgan,"LocalNeighbourhood(L_2, 0.250411558405805, accuracy)",12435,1,0.0,0,0.004
dpctgan,"LocalNeighbourhood(L_2, 0.250411558405805, accuracy)",12435,0,0.0,0,0.004
dpctgan,"LocalNeighbourhood(L_2, 0.250411558405805, accuracy)",12435,1,0.0,0,0.004
dpctgan,"LocalNeighbourhood(L_2, 0.250411558405805, accuracy)",12435,0,0.0,0,0.004
dpctgan,"LocalNeighbourhood(L_2, 0.250411558405805, accuracy)",12435,1,0.0,0,0.004
dpctgan,"LocalNeighbourhood(L_2, 0.250411558405805, accuracy)",12435,0,0.0,0,0.004
dpctgan,"LocalNeighbourhood(L_2, 0.250411558405805, accuracy)",12435,1,0.0,0,0.004
dpctgan,"LocalNeighbourhood(L_2, 0.250411558405805, accuracy)",12435,0,0.0,0,0.004
dpctgan,"LocalNeighbourhood(L_2, 0.250411558405805, accuracy)",12435,1,0.0,0,0.004
dpctgan,"LocalNeighbourhood(L_2, 0.250411558405805, accuracy)",12435,0,0.0,0,0.004
dpctgan,"LocalNeighbourhood(L_2, 0.250411558405805, accuracy)",12435,1,0.0,0,0.004
dpctgan,"LocalNeighbourhood(L_2, 0.250411558405805, accuracy)",12435,0,0.0,0,0.004
dpctgan,"LocalNeighbourhood(L_2, 0.250411558405805, accuracy)",12435,1,0.0,0,0.004
dpctgan,"LocalNeighbourhood(L_2, 0.250411558405805, accuracy)",12435,0,0.0,0,0.004
dpctgan,"LocalNeighbourhood(L_2, 0.250411558405805, accuracy)",12435,1,0.0,0,0.004
dpctgan,"LocalNeighbourhood(L_2, 0.250411558405805, accuracy)",12435,0,0.0,0,0.004
dpctgan,"LocalNeighbourhood(L_2, 0.250411558405805, accuracy)",12435,1,0.0,0,0.004
dpctgan,"LocalNeighbourhood(L_2, 0.250411558405805, accuracy)",12435,0,0.0,0,0.004
dpctgan,"LocalNeighbourhood(L_2, 0.250411558405805, accuracy)",12435,1,0.002,0,0.004
dpctgan,"LocalNeighbourhood(L_2, 0.250411558405805, accuracy)",12435,0,0.0,0,0.004
dpctgan,"LocalNeighbourhood(L_2, 0.250411558405805, accuracy)",12435,1,0.0,0,0.004
dpctgan,"LocalNeighbourhood(L_2, 0.250411558405805, accuracy)",12435,0,0.0,0,0.004
dpctgan,"LocalNeighbourhood(L_2, 0.250411558405805, accuracy)",12435,1,0.0,0,0.004
dpctgan,"LocalNeighbourhood(L_2, 0.250411558405805, accuracy)",12435,0,0.0,0,0.004
dpctgan,"LocalNeighbourhood(L_2, 0.250411558405805, accuracy)",12435,1,0.0,0,0.004
dpctgan,"LocalNeighbourhood(L_2, 0.250411558405805, accuracy)",12435,0,0.0,0,0.004
dpctgan,"LocalNeighbourhood(L_2, 0.250411558405805, accuracy)",12435,1,0.0,0,0.004
dpctgan,"LocalNeighbourhood(L_2, 0.250411558405805, accuracy)",12435,0,0.0,0,0.004
dpctgan,"LocalNeighbourhood(L_2, 0.250411558405805, accuracy)",12435,1,0.0,0,0.004
dpctgan,"LocalNeighbourhood(L_2, 0.250411558405805, accuracy)",12435,0,0.004,1,0.004
dpctgan,"LocalNeighbourhood(L_2, 0.250411558405805, accuracy)",12435,1,0.0,0,0.004
dpctgan,"LocalNeighbourhood(L_2, 0.250411558405805, accuracy)",12435,0,0.004,1,0.004
dpctgan,"LocalNeighbourhood(L_2, 0.250411558405805, accuracy)",12435,1,0.0,0,0.004
dpctgan,"LocalNeighbourhood(L_2, 0.250411558405805, accuracy)",12435,0,0.0,0,0.004
dpctgan,"LocalNeighbourhood(L_2, 0.250411558405805, accuracy)",12435,1,0.0,0,0.004
dpctgan,"LocalNeighbourhood(L_2, 0.250411558405805, accuracy)",12435,0,0.0,0,0.004
dpctgan,"LocalNeighbourhood(L_2, 0.250411558405805, accuracy)",12435,1,0.0,0,0.004
dpctgan,"LocalNeighbourhood(L_2, 0.250411558405805, accuracy)",12435,0,0.0,0,0.004
dpctgan,"LocalNeighbourhood(L_2, 0.250411558405805, accuracy)",12435,1,0.0,0,0.004
dpctgan,"LocalNeighbourhood(L_2, 0.250411558405805, accuracy)",12435,0,0.0,0,0.004
dpctgan,"LocalNeighbourhood(L_2, 0.250411558405805, accuracy)",12435,1,0.0,0,0.004
dpctgan,"LocalNeighbourhood(L_2, 0.250411558405805, accuracy)",12435,0,0.0,0,0.004
dpctgan,"LocalNeighbourhood(L_2, 0.250411558405805, accuracy)",12435,1,0.0,0,0.004
dpctgan,"LocalNeighbourhood(L_2, 0.250411558405805, accuracy)",12435,0,0.0,0,0.004
dpctgan,"LocalNeighbourhood(L_2, 0.250411558405805, accuracy)",12435,1,0.0,0,0.004
dpctgan,"LocalNeighbourhood(L_2, 0.250411558405805, accuracy)",12435,0,0.0,0,0.004
dpctgan,"LocalNeighbourhood(L_2, 0.250411558405805, accuracy)",12435,1,0.0,0,0.004
dpctgan,"LocalNeighbourhood(L_2, 0.250411558405805, accuracy)",12435,0,0.0,0,0.004
dpctgan,"LocalNeighbourhood(L_2, 0.250411558405805, accuracy)",12435,1,0.0,0,0.004
dpctgan,"LocalNeighbourhood(L_2, 0.250411558405805, accuracy)",12435,0,0.0,0,0.004
dpctgan,"LocalNeighbourhood(L_2, 0.250411558405805, accuracy)",12435,1,0.0,0,0.004
dpctgan,"LocalNeighbourhood(L_2, 0.250411558405805, accuracy)",12435,0,0.0,0,0.004
dpctgan,"LocalNeighbourhood(L_2, 0.250411558405805, accuracy)",12435,1,0.0,0,0.004
dpctgan,"LocalNeighbourhood(L_2, 0.250411558405805, accuracy)",12435,0,0.0,0,0.004
dpctgan,"LocalNeighbourhood(L_2, 0.250411558405805, accuracy)",12435,1,0.0,0,0.004
dpctgan,"LocalNeighbourhood(L_2, 0.250411558405805, accuracy)",12435,0,0.0,0,0.004
dpctgan,"LocalNeighbourhood(L_2, 0.250411558405805, accuracy)",12435,1,0.0,0,0.004
dpctgan,"LocalNeighbourhood(L_2, 0.250411558405805, accuracy)",12435,0,0.0,0,0.004
dpctgan,"LocalNeighbourhood(L_2, 0.250411558405805, accuracy)",12435,1,0.0,0,0.004
dpctgan,"LocalNeighbourhood(L_2, 0.250411558405805, accuracy)",12435,0,0.0,0,0.004
dpctgan,"LocalNeighbourhood(L_2, 0.250411558405805, accuracy)",12435,1,0.0,0,0.004
dpctgan,"LocalNeighbourhood(L_2, 0.250411558405805, accuracy)",12435,0,0.0,0,0.004
dpctgan,"LocalNeighbourhood(L_2, 0.250411558405805, accuracy)",12435,1,0.0,0,0.004
dpctgan,"LocalNeighbourhood(L_2, 0.250411558405805, accuracy)",12435,0,0.0,0,0.004
dpctgan,"LocalNeighbourhood(L_2, 0.250411558405805, accuracy)",12435,1,0.0,0,0.004
dpctgan,"LocalNeighbourhood(L_2, 0.250411558405805, accuracy)",12435,0,0.0,0,0.004
dpctgan,"LocalNeighbourhood(L_2, 0.250411558405805, accuracy)",12435,1,0.0,0,0.004
dpctgan,"LocalNeighbourhood(L_2, 0.250411558405805, accuracy)",12435,0,0.0,0,0.004
dpctgan,"LocalNeighbourhood(L_2, 0.250411558405805, accuracy)",12435,1,0.0,0,0.004
dpctgan,"LocalNeighbourhood(L_2, 0.250411558405805, accuracy)",12435,0,0.002,0,0.004
dpctgan,"LocalNeighbourhood(L_2, 0.250411558405805, accuracy)",12435,1,0.0,0,0.004
dpctgan,"LocalNeighbourhood(L_2, 0.250411558405805, accuracy)",12435,0,0.0,0,0.004
dpctgan,"LocalNeighbourhood(L_2, 0.250411558405805, accuracy)",12435,1,0.0,0,0.004
dpctgan,"LocalNeighbourhood(L_2, 0.250411558405805, accuracy)",12435,0,0.0,0,0.004
dpctgan,"LocalNeighbourhood(L_2, 0.250411558405805, accuracy)",12435,1,0.0,0,0.004
dpctgan,"LocalNeighbourhood(L_2, 0.250411558405805, accuracy)",12435,0,0.0,0,0.004
dpctgan,"LocalNeighbourhood(L_2, 0.250411558405805, accuracy)",12435,1,0.0,0,0.004
dpctgan,"LocalNeighbourhood(L_2, 0.250411558405805, accuracy)",12435,0,0.0,0,0.004
dpctgan,"LocalNeighbourhood(L_2, 0.250411558405805, accuracy)",12435,1,0.0,0,0.004
dpctgan,"LocalNeighbourhood(L_2, 0.250411558405805, accuracy)",12435,0,0.002,0,0.004
dpctgan,"LocalNeighbourhood(L_2, 0.250411558405805, accuracy)",12435,1,0.0,0,0.004
dpctgan,"LocalNeighbourhood(L_2, 0.250411558405805, accuracy)",12435,0,0.0,0,0.004
dpctgan,"LocalNeighbourhood(L_2, 0.250411558405805, accuracy)",12435,1,0.0,0,0.004
dpctgan,"LocalNeighbourhood(L_2, 0.250411558405805, accuracy)",12435,0,0.012,1,0.004
dpctgan,"LocalNeighbourhood(L_2, 0.250411558405805, accuracy)",12435,1,0.0,0,0.004
dpctgan,"LocalNeighbourhood(L_2, 0.250411558405805, accuracy)",12435,0,0.0,0,0.004
dpctgan,"LocalNeighbourhood(L_2, 0.250411558405805, accuracy)",12435,1,0.0,0,0.004
dpctgan,"LocalNeighbourhood(L_2, 0.250411558405805, accuracy)",12435,0,0.0,0,0.004
dpctgan,"LocalNeighbourhood(L_2, 0.250411558405805, accuracy)",12435,1,0.0,0,0.004
dpctgan,"LocalNeighbourhood(L_2, 0.250411558405805, accuracy)",12435,0,0.0,0,0.004
dpctgan,"LocalNeighbourhood(L_2, 0.250411558405805, accuracy)",12435,1,0.0,0,0.004
dpctgan,"LocalNeighbourhood(L_2, 0.250411558405805, accuracy)",12435,0,0.0,0,0.004
dpctgan,"LocalNeighbourhood(L_2, 0.250411558405805, accuracy)",12435,1,0.0,0,0.004
dpctgan,"LocalNeighbourhood(L_2, 0.250411558405805, accuracy)",12435,0,0.0,0,0.004
dpctgan,"LocalNeighbourhood(L_2, 0.250411558405805, accuracy)",12435,1,0.002,0,0.004
dpctgan,"LocalNeighbourhood(L_2, 0.250411558405805, accuracy)",12435,0,0.0,0,0.004
dpctgan,"LocalNeighbourhood(L_2, 0.250411558405805, accuracy)",12435,1,0.0,0,0.004
dpctgan,"LocalNeighbourhood(L_2, 0.250411558405805, accuracy)",12435,0,0.0,0,0.004
dpctgan,"LocalNeighbourhood(L_2, 0.250411558405805, accuracy)",12435,1,0.0,0,0.004
dpctgan,"LocalNeighbourhood(L_2, 0.250411558405805, accuracy)",12435,0,0.0,0,0.004
dpctgan,"LocalNeighbourhood(L_2, 0.250411558405805, accuracy)",12435,1,0.0,0,0.004
dpctgan,"LocalNeighbourhood(L_2, 0.250411558405805, accuracy)",12435,0,0.0,0,0.004
dpctgan,"LocalNeighbourhood(L_2, 0.250411558405805, accuracy)",12435,1,0.0,0,0.004
dpctgan,"LocalNeighbourhood(L_2, 0.250411558405805, accuracy)",12435,0,0.0,0,0.004
dpctgan,"LocalNeighbourhood(L_2, 0.250411558405805, accuracy)",12435,1,0.002,0,0.004
dpctgan,"LocalNeighbourhood(L_2, 0.250411558405805, accuracy)",12435,0,0.0,0,0.004
dpctgan,"LocalNeighbourhood(L_2, 0.250411558405805, accuracy)",12435,1,0.0,0,0.004
dpctgan,"LocalNeighbourhood(L_2, 0.250411558405805, accuracy)",12435,0,0.0,0,0.004
dpctgan,"LocalNeighbourhood(L_2, 0.250411558405805, accuracy)",12435,1,0.0,0,0.004
dpctgan,"LocalNeighbourhood(L_2, 0.250411558405805, accuracy)",12435,0,0.0,0,0.004
dpctgan,"LocalNeighbourhood(L_2, 0.250411558405805, accuracy)",12435,1,0.0,0,0.004
dpctgan,"LocalNeighbourhood(L_2, 0.250411558405805, accuracy)",12435,0,0.0,0,0.004
dpctgan,"LocalNeighbourhood(L_2, 0.250411558405805, accuracy)",12435,1,0.0,0,0.004
dpctgan,"LocalNeighbourhood(L_2, 0.250411558405805, accuracy)",12435,0,0.0,0,0.004
dpctgan,"LocalNeighbourhood(L_2, 0.250411558405805, accuracy)",12435,1,0.002,0,0.004
dpctgan,"LocalNeighbourhood(L_2, 0.250411558405805, accuracy)",12435,0,0.0,0,0.004
dpctgan,"LocalNeighbourhood(L_2, 0.250411558405805, accuracy)",12435,1,0.0,0,0.004
dpctgan,"LocalNeighbourhood(L_2, 0.250411558405805, accuracy)",12435,0,0.0,0,0.004
dpctgan,"LocalNeighbourhood(L_2, 0.250411558405805, accuracy)",12435,1,0.016,1,0.004
dpctgan,"LocalNeighbourhood(L_2, 0.250411558405805, accuracy)",12435,0,0.004,1,0.004
dpctgan,"LocalNeighbourhood(L_2, 0.250411558405805, accuracy)",12435,1,0.0,0,0.004
dpctgan,"LocalNeighbourhood(L_2, 0.250411558405805, accuracy)",12435,0,0.0,0,0.004
dpctgan,"LocalNeighbourhood(L_2, 0.250411558405805, accuracy)",12435,1,0.0,0,0.004
dpctgan,"LocalNeighbourhood(L_2, 0.250411558405805, accuracy)",12435,0,0.002,0,0.004
dpctgan,"LocalNeighbourhood(L_2, 0.250411558405805, accuracy)",12435,1,0.0,0,0.004
dpctgan,"LocalNeighbourhood(L_2, 0.250411558405805, accuracy)",12435,0,0.0,0,0.004
dpctgan,"LocalNeighbourhood(L_2, 0.250411558405805, accuracy)",12435,1,0.0,0,0.004
dpctgan,"LocalNeighbourhood(L_2, 0.250411558405805, accuracy)",12435,0,0.0,0,0.004
dpctgan,"LocalNeighbourhood(L_2, 0.250411558405805, accuracy)",12435,1,0.0,0,0.004
dpctgan,"LocalNeighbourhood(L_2, 0.250411558405805, accuracy)",12435,0,0.0,0,0.004
dpctgan,"LocalNeighbourhood(L_2, 0.250411558405805, accuracy)",12435,1,0.0,0,0.004
dpctgan,"LocalNeighbourhood(L_2, 0.250411558405805, accuracy)",12435,0,0.0,0,0.004
dpctgan,"LocalNeighbourhood(L_2, 0.250411558405805, accuracy)",12435,1,0.0,0,0.004
dpctgan,"LocalNeighbourhood(L_2, 0.250411558405805, accuracy)",12435,0,0.0,0,0.004
dpctgan,"LocalNeighbourhood(L_2, 0.250411558405805, accuracy)",12435,1,0.0,0,0.004
dpctgan,"LocalNeighbourhood(L_2, 0.250411558405805, accuracy)",12435,0,0.0,0,0.004
dpctgan,"LocalNeighbourhood(L_2, 0.250411558405805, accuracy)",12435,1,0.0,0,0.004
dpctgan,"LocalNeighbourhood(L_2, 0.250411558405805, accuracy)",12435,0,0.0,0,0.004
dpctgan,"LocalNeighbourhood(L_2, 0.250411558405805, accuracy)",12435,1,0.0,0,0.004
dpctgan,"LocalNeighbourhood(L_2, 0.250411558405805, accuracy)",12435,0,0.0,0,0.004
dpctgan,"LocalNeighbourhood(L_2, 0.250411558405805, accuracy)",12435,1,0.0,0,0.004
dpctgan,"LocalNeighbourhood(L_2, 0.250411558405805, accuracy)",12435,0,0.006,1,0.004
dpctgan,"LocalNeighbourhood(L_2, 0.250411558405805, accuracy)",12435,1,0.032,1,0.004
dpctgan,"LocalNeighbourhood(L_2, 0.250411558405805, accuracy)",12435,0,0.0,0,0.004
dpctgan,"LocalNeighbourhood(L_2, 0.250411558405805, accuracy)",12435,1,0.0,0,0.004
dpctgan,"LocalNeighbourhood(L_2, 0.250411558405805, accuracy)",12435,0,0.0,0,0.004
dpctgan,"LocalNeighbourhood(L_2, 0.250411558405805, accuracy)",12435,1,0.0,0,0.004
dpctgan,"LocalNeighbourhood(L_2, 0.250411558405805, accuracy)",12435,0,0.008,1,0.004
dpctgan,"LocalNeighbourhood(L_2, 0.250411558405805, accuracy)",12435,1,0.0,0,0.004
dpctgan,"LocalNeighbourhood(L_2, 0.250411558405805, accuracy)",12435,0,0.004,1,0.004
dpctgan,"LocalNeighbourhood(L_2, 0.250411558405805, accuracy)",12435,1,0.0,0,0.004
dpctgan,"LocalNeighbourhood(L_2, 0.250411558405805, accuracy)",12435,0,0.0,0,0.004
dpctgan,"LocalNeighbourhood(L_2, 0.250411558405805, accuracy)",12435,1,0.0,0,0.004
dpctgan,"LocalNeighbourhood(L_2, 0.250411558405805, accuracy)",12435,0,0.0,0,0.004
dpctgan,"LocalNeighbourhood(L_2, 0.250411558405805, accuracy)",12435,1,0.0,0,0.004
dpctgan,"LocalNeighbourhood(L_2, 0.250411558405805, accuracy)",12435,0,0.0,0,0.004
dpctgan,"LocalNeighbourhood(L_2, 0.250411558405805, accuracy)",12435,1,0.0,0,0.004
dpctgan,"LocalNeighbourhood(L_2, 0.250411558405805, accuracy)",12435,0,0.0,0,0.004
dpctgan,"LocalNeighbourhood(L_2, 0.250411558405805, accuracy)",12435,1,0.0,0,0.004
dpctgan,"LocalNeighbourhood(L_2, 0.250411558405805, accuracy)",12435,0,0.0,0,0.004
dpctgan,"LocalNeighbourhood(L_2, 0.250411558405805, accuracy)",12435,1,0.0,0,0.004
dpctgan,"LocalNeighbourhood(L_2, 0.250411558405805, accuracy)",12435,0,0.0,0,0.004
dpctgan,"LocalNeighbourhood(L_2, 0.250411558405805, accuracy)",12435,1,0.0,0,0.004
dpctgan,"LocalNeighbourhood(L_2, 0.250411558405805, accuracy)",12435,0,0.0,0,0.004
dpctgan,"LocalNeighbourhood(L_2, 0.250411558405805, accuracy)",12435,1,0.002,0,0.004
dpctgan,"LocalNeighbourhood(L_2, 0.250411558405805, accuracy)",12435,0,0.0,0,0.004
dpctgan,"LocalNeighbourhood(L_2, 0.250411558405805, accuracy)",12435,1,0.002,0,0.004
dpctgan,"LocalNeighbourhood(L_2, 0.250411558405805, accuracy)",12435,0,0.0,0,0.004
dpctgan,"LocalNeighbourhood(L_2, 0.250411558405805, accuracy)",12435,1,0.0,0,0.004
dpctgan,"LocalNeighbourhood(L_2, 0.250411558405805, accuracy)",12435,0,0.0,0,0.004
dpctgan,"LocalNeighbourhood(L_2, 0.250411558405805, accuracy)",12435,1,0.0,0,0.004
dpctgan,"LocalNeighbourhood(L_2, 0.250411558405805, accuracy)",12435,0,0.0,0,0.004
dpctgan,"LocalNeighbourhood(L_2, 0.250411558405805, accuracy)",12435,1,0.0,0,0.004
dpctgan,"LocalNeighbourhood(L_2, 0.250411558405805, accuracy)",12435,0,0.0,0,0.004
dpctgan,"LocalNeighbourhood(L_2, 0.250411558405805, accuracy)",12435,1,0.0,0,0.004
dpctgan,"LocalNeighbourhood(L_2, 0.250411558405805, accuracy)",12435,0,0.0,0,0.004
dpctgan,"LocalNeighbourhood(L_2, 0.250411558405805, accuracy)",12435,1,0.0,0,0.004
dpctgan,"LocalNeighbourhood(L_2, 0.250411558405805, accuracy)",12435,0,0.0,0,0.004
dpctgan,"LocalNeighbourhood(L_2, 0.250411558405805, accuracy)",12435,1,0.0,0,0.004
dpctgan,"LocalNeighbourhood(L_2, 0.250411558405805, accuracy)",12435,0,0.002,0,0.004
dpctgan,"LocalNeighbourhood(L_2, 0.250411558405805, accuracy)",12435,1,0.0,0,0.004
dpctgan,"LocalNeighbourhood(L_2, 0.250411558405805, accuracy)",12435,0,0.0,0,0.004
dpctgan,"LocalNeighbourhood(L_2, 0.250411558405805, accuracy)",12435,1,0.0,0,0.004
dpctgan,"LocalNeighbourhood(L_2, 0.250411558405805, accuracy)",12435,0,0.0,0,0.004
dpctgan,"LocalNeighbourhood(L_2, 0.250411558405805, accuracy)",12435,1,0.0,0,0.004
dpctgan,"LocalNeighbourhood(L_2, 0.250411558405805, accuracy)",12435,0,0.0,0,0.004
dpctgan,"LocalNeighbourhood(L_2, 0.250411558405805, accuracy)",12435,1,0.0,0,0.004
dpctgan,"LocalNeighbourhood(L_2, 0.250411558405805, accuracy)",12435,0,0.0,0,0.004
dpctgan,"LocalNeighbourhood(L_2, 0.250411558405805, accuracy)",12435,1,0.0,0,0.004
dpctgan,"LocalNeighbourhood(L_2, 0.250411558405805, accuracy)",12435,0,0.0,0,0.004
dpctgan,"LocalNeighbourhood(L_2, 0.250411558405805, accuracy)",12435,1,0.0,0,0.004
dpctgan,"LocalNeighbourhood(L_2, 0.250411558405805, accuracy)",12435,0,0.0,0,0.004
dpctgan,"LocalNeighbourhood(L_2, 0.250411558405805, accuracy)",12435,1,0.0,0,0.004
dpctgan,"LocalNeighbourhood(L_2, 0.250411558405805, accuracy)",12435,0,0.0,0,0.004
dpctgan,"LocalNeighbourhood(L_2, 0.250411558405805, accuracy)",12435,1,0.012,1,0.004
dpctgan,"LocalNeighbourhood(L_2, 0.250411558405805, accuracy)",12435,0,0.0,0,0.004
dpctgan,"LocalNeighbourhood(L_2, 0.250411558405805, accuracy)",12435,1,0.002,0,0.004
dpctgan,"LocalNeighbourhood(L_2, 0.250411558405805, accuracy)",12435,0,0.0,0,0.004
dpctgan,"LocalNeighbourhood(L_2, 0.250411558405805, accuracy)",12435,1,0.0,0,0.004
dpctgan,"LocalNeighbourhood(L_2, 0.250411558405805, accuracy)",12435,0,0.004,1,0.004
dpctgan,"LocalNeighbourhood(L_2, 0.250411558405805, accuracy)",12435,1,0.0,0,0.004
dpctgan,"LocalNeighbourhood(L_2, 0.250411558405805, accuracy)",12435,0,0.0,0,0.004
dpctgan,"LocalNeighbourhood(L_2, 0.250411558405805, accuracy)",12435,1,0.0,0,0.004
dpctgan,"LocalNeighbourhood(L_2, 0.250411558405805, accuracy)",12435,0,0.0,0,0.004
dpctgan,"LocalNeighbourhood(L_2, 0.250411558405805, accuracy)",12435,1,0.002,0,0.004
dpctgan,"LocalNeighbourhood(L_2, 0.250411558405805, accuracy)",12435,0,0.0,0,0.004
dpctgan,"LocalNeighbourhood(L_2, 0.250411558405805, accuracy)",12435,1,0.0,0,0.004
dpctgan,"LocalNeighbourhood(L_2, 0.250411558405805, accuracy)",12435,0,0.0,0,0.004
dpctgan,"LocalNeighbourhood(L_2, 0.250411558405805, accuracy)",12435,1,0.004,1,0.004
dpctgan,"LocalNeighbourhood(L_2, 0.250411558405805, accuracy)",12435,0,0.0,0,0.004
dpctgan,"LocalNeighbourhood(L_2, 0.250411558405805, accuracy)",12435,1,0.0,0,0.004
dpctgan,"LocalNeighbourhood(L_2, 0.250411558405805, accuracy)",12435,0,0.0,0,0.004
dpctgan,"LocalNeighbourhood(L_2, 0.250411558405805, accuracy)",12435,1,0.0,0,0.004
dpctgan,"LocalNeighbourhood(L_2, 0.250411558405805, accuracy)",12435,0,0.0,0,0.004
dpctgan,"LocalNeighbourhood(L_2, 0.250411558405805, accuracy)",12435,1,0.0,0,0.004
dpctgan,"LocalNeighbourhood(L_2, 0.250411558405805, accuracy)",12435,0,0.014,1,0.004
dpctgan,"LocalNeighbourhood(L_2, 0.250411558405805, accuracy)",12435,1,0.0,0,0.004
dpctgan,"LocalNeighbourhood(L_2, 0.250411558405805, accuracy)",12435,0,0.0,0,0.004
dpctgan,"LocalNeighbourhood(L_2, 0.250411558405805, accuracy)",12435,1,0.0,0,0.004
dpctgan,"LocalNeighbourhood(L_2, 0.250411558405805, accuracy)",12435,0,0.0,0,0.004
dpctgan,"LocalNeighbourhood(L_2, 0.250411558405805, accuracy)",12435,1,0.004,1,0.004
dpctgan,"LocalNeighbourhood(L_2, 0.250411558405805, accuracy)",12435,0,0.0,0,0.004
dpctgan,"LocalNeighbourhood(L_2, 0.250411558405805, accuracy)",12435,1,0.0,0,0.004
dpctgan,"LocalNeighbourhood(L_2, 0.250411558405805, accuracy)",12435,0,0.0,0,0.004
dpctgan,"LocalNeighbourhood(L_2, 0.250411558405805, accuracy)",12435,1,0.0,0,0.004
dpctgan,"LocalNeighbourhood(L_2, 0.250411558405805, accuracy)",12435,0,0.0,0,0.004
dpctgan,"LocalNeighbourhood(L_2, 0.250411558405805, accuracy)",12435,1,0.0,0,0.004
dpctgan,"LocalNeighbourhood(L_2, 0.250411558405805, accuracy)",12435,0,0.0,0,0.004
dpctgan,"LocalNeighbourhood(L_2, 0.250411558405805, accuracy)",12435,1,0.0,0,0.004
dpctgan,"LocalNeighbourhood(L_2, 0.250411558405805, accuracy)",12435,0,0.0,0,0.004
dpctgan,"LocalNeighbourhood(L_2, 0.250411558405805, accuracy)",12435,1,0.0,0,0.004
dpctgan,"LocalNeighbourhood(L_2, 0.250411558405805, accuracy)",12435,0,0.0,0,0.004
dpctgan,"LocalNeighbourhood(L_2, 0.250411558405805, accuracy)",12435,1,0.002,0,0.004
dpctgan,"LocalNeighbourhood(L_2, 0.250411558405805, accuracy)",12435,0,0.0,0,0.004
dpctgan,"LocalNeighbourhood(L_2, 0.250411558405805, accuracy)",12435,1,0.014,1,0.004
dpctgan,"LocalNeighbourhood(L_2, 0.250411558405805, accuracy)",12435,0,0.002,0,0.004
dpctgan,"LocalNeighbourhood(L_2, 0.250411558405805, accuracy)",12435,1,0.0,0,0.004
dpctgan,"LocalNeighbourhood(L_2, 0.250411558405805, accuracy)",12435,0,0.0,0,0.004
dpctgan,"LocalNeighbourhood(L_2, 0.250411558405805, accuracy)",12435,1,0.0,0,0.004
dpctgan,"LocalNeighbourhood(L_2, 0.250411558405805, accuracy)",12435,0,0.0,0,0.004
dpctgan,"LocalNeighbourhood(L_2, 0.250411558405805, accuracy)",12435,1,0.0,0,0.004
dpctgan,"LocalNeighbourhood(L_2, 0.250411558405805, accuracy)",12435,0,0.0,0,0.004
dpctgan,"LocalNeighbourhood(L_2, 0.250411558405805, accuracy)",12435,1,0.0,0,0.004
dpctgan,"LocalNeighbourhood(L_2, 0.250411558405805, accuracy)",12435,0,0.002,0,0.004
dpctgan,"LocalNeighbourhood(L_2, 0.250411558405805, accuracy)",12435,1,0.0,0,0.004
dpctgan,"LocalNeighbourhood(L_2, 0.250411558405805, accuracy)",12435,0,0.0,0,0.004
dpctgan,"LocalNeighbourhood(L_2, 0.250411558405805, accuracy)",12435,1,0.0,0,0.004
dpctgan,"LocalNeighbourhood(L_2, 0.250411558405805, accuracy)",12435,0,0.0,0,0.004
dpctgan,"LocalNeighbourhood(L_2, 0.250411558405805, accuracy)",12435,1,0.0,0,0.004
dpctgan,"LocalNeighbourhood(L_2, 0.250411558405805, accuracy)",12435,0,0.0,0,0.004
dpctgan,"LocalNeighbourhood(L_2, 0.250411558405805, accuracy)",12435,1,0.0,0,0.004
dpctgan,"LocalNeighbourhood(L_2, 0.250411558405805, accuracy)",12435,0,0.0,0,0.004
dpctgan,"LocalNeighbourhood(L_2, 0.250411558405805, accuracy)",12435,1,0.004,1,0.004
dpctgan,"LocalNeighbourhood(L_2, 0.250411558405805, accuracy)",12435,0,0.0,0,0.004
dpctgan,"LocalNeighbourhood(L_2, 0.250411558405805, accuracy)",12435,1,0.0,0,0.004
dpctgan,"LocalNeighbourhood(L_2, 0.250411558405805, accuracy)",12435,0,0.0,0,0.004
dpctgan,"LocalNeighbourhood(L_2, 0.250411558405805, accuracy)",12435,1,0.0,0,0.004
dpctgan,"LocalNeighbourhood(L_2, 0.250411558405805, accuracy)",12435,0,0.0,0,0.004
dpctgan,"LocalNeighbourhood(L_2, 0.250411558405805, accuracy)",12435,1,0.0,0,0.004
dpctgan,"LocalNeighbourhood(L_2, 0.250411558405805, accuracy)",12435,0,0.0,0,0.004
dpctgan,"LocalNeighbourhood(L_2, 0.250411558405805, accuracy)",12435,1,0.0,0,0.004
dpctgan,"LocalNeighbourhood(L_2, 0.250411558405805, accuracy)",12435,0,0.0,0,0.004
dpctgan,"LocalNeighbourhood(L_2, 0.250411558405805, accuracy)",12435,1,0.0,0,0.004
dpctgan,"LocalNeighbourhood(L_2, 0.250411558405805, accuracy)",12435,0,0.0,0,0.004
dpctgan,"LocalNeighbourhood(L_2, 0.250411558405805, accuracy)",12435,1,0.0,0,0.004
dpctgan,"LocalNeighbourhood(L_2, 0.250411558405805, accuracy)",12435,0,0.0,0,0.004
dpctgan,"LocalNeighbourhood(L_2, 0.250411558405805, accuracy)",12435,1,0.0,0,0.004
dpctgan,"LocalNeighbourhood(L_2, 0.250411558405805, accuracy)",12435,0,0.0,0,0.004
dpctgan,"LocalNeighbourhood(L_2, 0.250411558405805, accuracy)",12435,1,0.0,0,0.004
dpctgan,"LocalNeighbourhood(L_2, 0.250411558405805, accuracy)",12435,0,0.0,0,0.004
dpctgan,"LocalNeighbourhood(L_2, 0.250411558405805, accuracy)",12435,1,0.0,0,0.004
dpctgan,"LocalNeighbourhood(L_2, 0.250411558405805, accuracy)",12435,0,0.0,0,0.004
dpctgan,"LocalNeighbourhood(L_2, 0.250411558405805, accuracy)",12435,1,0.0,0,0.004
dpctgan,"LocalNeighbourhood(L_2, 0.250411558405805, accuracy)",12435,0,0.0,0,0.004
dpctgan,"LocalNeighbourhood(L_2, 0.250411558405805, accuracy)",12435,1,0.0,0,0.004
dpctgan,"LocalNeighbourhood(L_2, 0.250411558405805, accuracy)",12435,0,0.0,0,0.004
dpctgan,"LocalNeighbourhood(L_2, 0.250411558405805, accuracy)",12435,1,0.0,0,0.004
dpctgan,"LocalNeighbourhood(L_2, 0.250411558405805, accuracy)",12435,0,0.0,0,0.004
dpctgan,"LocalNeighbourhood(L_2, 0.250411558405805, accuracy)",12435,1,0.0,0,0.004
dpctgan,"LocalNeighbourhood(L_2, 0.250411558405805, accuracy)",12435,0,0.0,0,0.004
dpctgan,"LocalNeighbourhood(L_2, 0.250411558405805, accuracy)",12435,1,0.0,0,0.004
dpctgan,"LocalNeighbourhood(L_2, 0.250411558405805, accuracy)",12435,0,0.0,0,0.004
dpctgan,"LocalNeighbourhood(L_2, 0.250411558405805, accuracy)",12435,1,0.002,0,0.004
dpctgan,"LocalNeighbourhood(L_2, 0.250411558405805, accuracy)",12435,0,0.0,0,0.004
dpctgan,"LocalNeighbourhood(L_2, 0.250411558405805, accuracy)",12435,1,0.0,0,0.004
dpctgan,"LocalNeighbourhood(L_2, 0.250411558405805, accuracy)",12435,0,0.0,0,0.004
dpctgan,"LocalNeighbourhood(L_2, 0.250411558405805, accuracy)",12435,1,0.0,0,0.004
dpctgan,"LocalNeighbourhood(L_2, 0.250411558405805, accuracy)",12435,0,0.0,0,0.004
dpctgan,"LocalNeighbourhood(L_2, 0.250411558405805, accuracy)",12435,1,0.0,0,0.004
dpctgan,"LocalNeighbourhood(L_2, 0.250411558405805, accuracy)",12435,0,0.0,0,0.004
dpctgan,"LocalNeighbourhood(L_2, 0.250411558405805, accuracy)",12435,1,0.0,0,0.004
dpctgan,"LocalNeighbourhood(L_2, 0.250411558405805, accuracy)",12435,0,0.0,0,0.004
dpctgan,"LocalNeighbourhood(L_2, 0.250411558405805, accuracy)",12435,1,0.0,0,0.004
dpctgan,"LocalNeighbourhood(L_2, 0.250411558405805, accuracy)",12435,0,0.0,0,0.004
dpctgan,"LocalNeighbourhood(L_2, 0.250411558405805, accuracy)",12435,1,0.0,0,0.004
dpctgan,"LocalNeighbourhood(L_2, 0.250411558405805, accuracy)",12435,0,0.0,0,0.004
dpctgan,"LocalNeighbourhood(L_2, 0.250411558405805, accuracy)",12435,1,0.0,0,0.004
dpctgan,"LocalNeighbourhood(L_2, 0.250411558405805, accuracy)",12435,0,0.0,0,0.004
dpctgan,"LocalNeighbourhood(L_2, 0.250411558405805, accuracy)",12435,1,0.0,0,0.004
dpctgan,"LocalNeighbourhood(L_2, 0.250411558405805, accuracy)",12435,0,0.0,0,0.004
dpctgan,"LocalNeighbourhood(L_2, 0.250411558405805, accuracy)",12435,1,0.0,0,0.004
dpctgan,"LocalNeighbourhood(L_2, 0.250411558405805, accuracy)",12435,0,0.0,0,0.004
dpctgan,"LocalNeighbourhood(L_2, 0.250411558405805, accuracy)",12435,1,0.0,0,0.004
dpctgan,"LocalNeighbourhood(L_2, 0.250411558405805, accuracy)",12435,0,0.0,0,0.004
dpctgan,"LocalNeighbourhood(L_2, 0.250411558405805, accuracy)",12435,1,0.0,0,0.004
dpctgan,"LocalNeighbourhood(L_2, 0.250411558405805, accuracy)",12435,0,0.0,0,0.004
dpctgan,"LocalNeighbourhood(L_2, 0.250411558405805, accuracy)",12435,1,0.0,0,0.004
dpctgan,"LocalNeighbourhood(L_2, 0.250411558405805, accuracy)",12435,0,0.0,0,0.004
dpctgan,"LocalNeighbourhood(L_2, 0.250411558405805, accuracy)",12435,1,0.0,0,0.004
dpctgan,"LocalNeighbourhood(L_2, 0.250411558405805, accuracy)",12435,0,0.0,0,0.004
dpctgan,"LocalNeighbourhood(L_2, 0.250411558405805, accuracy)",12435,1,0.0,0,0.004
dpctgan,"LocalNeighbourhood(L_2, 0.250411558405805, accuracy)",12435,0,0.0,0,0.004
dpctgan,"LocalNeighbourhood(L_2, 0.250411558405805, accuracy)",12435,1,0.0,0,0.004
dpctgan,"LocalNeighbourhood(L_2, 0.250411558405805, accuracy)",12435,0,0.0,0,0.004
dpctgan,"LocalNeighbourhood(L_2, 0.250411558405805, accuracy)",12435,1,0.0,0,0.004
dpctgan,"LocalNeighbourhood(L_2, 0.250411558405805, accuracy)",12435,0,0.0,0,0.004
dpctgan,"LocalNeighbourhood(L_2, 0.250411558405805, accuracy)",12435,1,0.0,0,0.004
dpctgan,"LocalNeighbourhood(L_2, 0.250411558405805, accuracy)",12435,0,0.0,0,0.004
dpctgan,"LocalNeighbourhood(L_2, 0.250411558405805, accuracy)",12435,1,0.002,0,0.004
dpctgan,"LocalNeighbourhood(L_2, 0.250411558405805, accuracy)",12435,0,0.0,0,0.004
dpctgan,"LocalNeighbourhood(L_2, 0.250411558405805, accuracy)",12435,1,0.0,0,0.004
dpctgan,"LocalNeighbourhood(L_2, 0.250411558405805, accuracy)",12435,0,0.0,0,0.004
dpctgan,"LocalNeighbourhood(L_2, 0.250411558405805, accuracy)",12435,1,0.0,0,0.004
dpctgan,"LocalNeighbourhood(L_2, 0.250411558405805, accuracy)",12435,0,0.0,0,0.004
dpctgan,"LocalNeighbourhood(L_2, 0.250411558405805, accuracy)",12435,1,0.0,0,0.004
dpctgan,"LocalNeighbourhood(L_2, 0.250411558405805, accuracy)",12435,0,0.0,0,0.004
dpctgan,"LocalNeighbourhood(L_2, 0.250411558405805, accuracy)",12435,1,0.0,0,0.004
dpctgan,"LocalNeighbourhood(L_2, 0.250411558405805, accuracy)",12435,0,0.0,0,0.004
dpctgan,"LocalNeighbourhood(L_2, 0.250411558405805, accuracy)",12435,1,0.0,0,0.004
dpctgan,"LocalNeighbourhood(L_2, 0.250411558405805, accuracy)",12435,0,0.002,0,0.004
dpctgan,"LocalNeighbourhood(L_2, 0.250411558405805, accuracy)",12435,1,0.0,0,0.004
dpctgan,"LocalNeighbourhood(L_2, 0.250411558405805, accuracy)",12435,0,0.0,0,0.004
dpctgan,"LocalNeighbourhood(L_2, 0.250411558405805, accuracy)",12435,1,0.0,0,0.004
dpctgan,"LocalNeighbourhood(L_2, 0.250411558405805, accuracy)",12435,0,0.0,0,0.004
dpctgan,"LocalNeighbourhood(L_2, 0.250411558405805, accuracy)",12435,1,0.0,0,0.004
dpctgan,"LocalNeighbourhood(L_2, 0.250411558405805, accuracy)",12435,0,0.0,0,0.004
dpctgan,"LocalNeighbourhood(L_2, 0.250411558405805, accuracy)",12435,1,0.0,0,0.004
dpctgan,"LocalNeighbourhood(L_2, 0.250411558405805, accuracy)",12435,0,0.0,0,0.004
dpctgan,"LocalNeighbourhood(L_2, 0.250411558405805, accuracy)",12435,1,0.0,0,0.004
dpctgan,"LocalNeighbourhood(L_2, 0.250411558405805, accuracy)",12435,0,0.0,0,0.004
dpctgan,"LocalNeighbourhood(L_2, 0.250411558405805, accuracy)",12435,1,0.0,0,0.004
dpctgan,"LocalNeighbourhood(L_2, 0.250411558405805, accuracy)",12435,0,0.0,0,0.004
dpctgan,"LocalNeighbourhood(L_2, 0.250411558405805, accuracy)",12435,1,0.0,0,0.004
dpctgan,"LocalNeighbourhood(L_2, 0.250411558405805, accuracy)",12435,0,0.0,0,0.004
dpctgan,"LocalNeighbourhood(L_2, 0.250411558405805, accuracy)",12435,1,0.0,0,0.004
dpctgan,"LocalNeighbourhood(L_2, 0.250411558405805, accuracy)",12435,0,0.0,0,0.004
dpctgan,"LocalNeighbourhood(L_2, 0.250411558405805, accuracy)",12435,1,0.0,0,0.004
dpctgan,"LocalNeighbourhood(L_2, 0.250411558405805, accuracy)",12435,0,0.0,0,0.004
dpctgan,"LocalNeighbourhood(L_2, 0.250411558405805, accuracy)",12435,1,0.0,0,0.004
dpctgan,"LocalNeighbourhood(L_2, 0.250411558405805, accuracy)",12435,0,0.0,0,0.004
dpctgan,"LocalNeighbourhood(L_2, 0.250411558405805, accuracy)",12435,1,0.0,0,0.004
dpctgan,"LocalNeighbourhood(L_2, 0.250411558405805, accuracy)",12435,0,0.0,0,0.004
dpctgan,"LocalNeighbourhood(L_2, 0.250411558405805, accuracy)",12435,1,0.0,0,0.004
dpctgan,"LocalNeighbourhood(L_2, 0.250411558405805, accuracy)",12435,0,0.0,0,0.004
dpctgan,"LocalNeighbourhood(L_2, 0.250411558405805, accuracy)",12435,1,0.0,0,0.004
dpctgan,"LocalNeighbourhood(L_2, 0.250411558405805, accuracy)",12435,0,0.0,0,0.004
dpctgan,"LocalNeighbourhood(L_2, 0.250411558405805, accuracy)",12435,1,0.0,0,0.004
dpctgan,"LocalNeighbourhood(L_2, 0.250411558405805, accuracy)",12435,0,0.0,0,0.004
dpctgan,"LocalNeighbourhood(L_2, 0.250411558405805, accuracy)",12435,1,0.0,0,0.004
dpctgan,"LocalNeighbourhood(L_2, 0.250411558405805, accuracy)",12435,0,0.0,0,0.004
dpctgan,"LocalNeighbourhood(L_2, 0.250411558405805, accuracy)",12435,1,0.0,0,0.004
dpctgan,"LocalNeighbourhood(L_2, 0.250411558405805, accuracy)",12435,0,0.0,0,0.004
dpctgan,"LocalNeighbourhood(L_2, 0.250411558405805, accuracy)",12435,1,0.0,0,0.004
dpctgan,"LocalNeighbourhood(L_2, 0.250411558405805, accuracy)",12435,0,0.0,0,0.004
dpctgan,"LocalNeighbourhood(L_2, 0.250411558405805, accuracy)",12435,1,0.0,0,0.004
dpctgan,"LocalNeighbourhood(L_2, 0.250411558405805, accuracy)",12435,0,0.002,0,0.004
dpctgan,"LocalNeighbourhood(L_2, 0.250411558405805, accuracy)",12435,1,0.0,0,0.004
dpctgan,"LocalNeighbourhood(L_2, 0.250411558405805, accuracy)",12435,0,0.0,0,0.004
dpctgan,"LocalNeighbourhood(L_2, 0.250411558405805, accuracy)",12435,1,0.0,0,0.004
dpctgan,"LocalNeighbourhood(L_2, 0.250411558405805, accuracy)",12435,0,0.0,0,0.004
dpctgan,"LocalNeighbourhood(L_2, 0.250411558405805, accuracy)",12435,1,0.008,1,0.004
dpctgan,"LocalNeighbourhood(L_2, 0.250411558405805, accuracy)",12435,0,0.0,0,0.004
dpctgan,"LocalNeighbourhood(L_2, 0.250411558405805, accuracy)",12435,1,0.0,0,0.004
dpctgan,"LocalNeighbourhood(L_2, 0.250411558405805, accuracy)",12435,0,0.0,0,0.004
dpctgan,"LocalNeighbourhood(L_2, 0.250411558405805, accuracy)",12435,1,0.0,0,0.004
dpctgan,"LocalNeighbourhood(L_2, 0.250411558405805, accuracy)",12435,0,0.0,0,0.004
dpctgan,"LocalNeighbourhood(L_2, 0.250411558405805, accuracy)",12435,1,0.0,0,0.004
dpctgan,"LocalNeighbourhood(L_2, 0.250411558405805, accuracy)",12435,0,0.0,0,0.004
dpctgan,"LocalNeighbourhood(L_2, 0.250411558405805, accuracy)",12435,1,0.0,0,0.004
dpctgan,"LocalNeighbourhood(L_2, 0.250411558405805, accuracy)",12435,0,0.0,0,0.004
dpctgan,"LocalNeighbourhood(L_2, 0.250411558405805, accuracy)",12435,1,0.0,0,0.004
dpctgan,"LocalNeighbourhood(L_2, 0.250411558405805, accuracy)",12435,0,0.0,0,0.004
dpctgan,"LocalNeighbourhood(L_2, 0.250411558405805, accuracy)",12435,1,0.0,0,0.004
dpctgan,"LocalNeighbourhood(L_2, 0.250411558405805, accuracy)",12435,0,0.0,0,0.004
dpctgan,"LocalNeighbourhood(L_2, 0.250411558405805, accuracy)",12435,1,0.0,0,0.004
dpctgan,"LocalNeighbourhood(L_2, 0.250411558405805, accuracy)",12435,0,0.0,0,0.004
dpctgan,"LocalNeighbourhood(L_2, 0.250411558405805, accuracy)",12435,1,0.0,0,0.004
dpctgan,"LocalNeighbourhood(L_2, 0.250411558405805, accuracy)",12435,0,0.0,0,0.004
dpctgan,"LocalNeighbourhood(L_2, 0.250411558405805, accuracy)",12435,1,0.0,0,0.004
dpctgan,"LocalNeighbourhood(L_2, 0.250411558405805, accuracy)",12435,0,0.0,0,0.004
dpctgan,"LocalNeighbourhood(L_2, 0.250411558405805, accuracy)",12435,1,0.0,0,0.004
dpctgan,"LocalNeighbourhood(L_2, 0.250411558405805, accuracy)",12435,0,0.0,0,0.004
dpctgan,"LocalNeighbourhood(L_2, 0.250411558405805, accuracy)",12435,1,0.0,0,0.004
dpctgan,"LocalNeighbourhood(L_2, 0.250411558405805, accuracy)",12435,0,0.0,0,0.004
dpctgan,"LocalNeighbourhood(L_2, 0.250411558405805, accuracy)",12435,1,0.0,0,0.004
dpctgan,"LocalNeighbourhood(L_2, 0.250411558405805, accuracy)",12435,0,0.0,0,0.004
dpctgan,"LocalNeighbourhood(L_2, 0.250411558405805, accuracy)",12435,1,0.0,0,0.004
dpctgan,"LocalNeighbourhood(L_2, 0.250411558405805, accuracy)",12435,0,0.0,0,0.004
dpctgan,"LocalNeighbourhood(L_2, 0.250411558405805, accuracy)",12435,1,0.0,0,0.004
dpctgan,"LocalNeighbourhood(L_2, 0.250411558405805, accuracy)",12435,0,0.0,0,0.004
dpctgan,"LocalNeighbourhood(L_2, 0.250411558405805, accuracy)",12435,1,0.0,0,0.004
dpctgan,"LocalNeighbourhood(L_2, 0.250411558405805, accuracy)",12435,0,0.0,0,0.004
dpctgan,"LocalNeighbourhood(L_2, 0.250411558405805, accuracy)",12435,1,0.0,0,0.004
dpctgan,"LocalNeighbourhood(L_2, 0.250411558405805, accuracy)",12435,0,0.0,0,0.004
dpctgan,"LocalNeighbourhood(L_2, 0.250411558405805, accuracy)",12435,1,0.0,0,0.004
dpctgan,"LocalNeighbourhood(L_2, 0.250411558405805, accuracy)",12435,0,0.0,0,0.004
dpctgan,"LocalNeighbourhood(L_2, 0.250411558405805, accuracy)",12435,1,0.0,0,0.004
dpctgan,"LocalNeighbourhood(L_2, 0.250411558405805, accuracy)",12435,0,0.0,0,0.004
dpctgan,"LocalNeighbourhood(L_2, 0.250411558405805, accuracy)",12435,1,0.0,0,0.004
dpctgan,"LocalNeighbourhood(L_2, 0.250411558405805, accuracy)",12435,0,0.0,0,0.004
dpctgan,"LocalNeighbourhood(L_2, 0.250411558405805, accuracy)",12435,1,0.0,0,0.004
dpctgan,"LocalNeighbourhood(L_2, 0.250411558405805, accuracy)",12435,0,0.0,0,0.004
dpctgan,"LocalNeighbourhood(L_2, 0.250411558405805, accuracy)",12435,1,0.0,0,0.004
dpctgan,"LocalNeighbourhood(L_2, 0.250411558405805, accuracy)",12435,0,0.0,0,0.004
dpctgan,"LocalNeighbourhood(L_2, 0.250411558405805, accuracy)",12435,1,0.0,0,0.004
dpctgan,"LocalNeighbourhood(L_2, 0.250411558405805, accuracy)",12435,0,0.0,0,0.004
dpctgan,"LocalNeighbourhood(L_2, 0.250411558405805, accuracy)",12435,1,0.0,0,0.004
dpctgan,"LocalNeighbourhood(L_2, 0.250411558405805, accuracy)",12435,0,0.0,0,0.004
dpctgan,"LocalNeighbourhood(L_2, 0.250411558405805, accuracy)",12435,1,0.0,0,0.004
dpctgan,"LocalNeighbourhood(L_2, 0.250411558405805, accuracy)",12435,0,0.0,0,0.004
dpctgan,"LocalNeighbourhood(L_2, 0.250411558405805, accuracy)",12435,1,0.0,0,0.004
dpctgan,"LocalNeighbourhood(L_2, 0.250411558405805, accuracy)",12435,0,0.0,0,0.004
dpctgan,"LocalNeighbourhood(L_2, 0.250411558405805, accuracy)",12435,1,0.002,0,0.004
dpctgan,"LocalNeighbourhood(L_2, 0.250411558405805, accuracy)",12435,0,0.0,0,0.004
dpctgan,"LocalNeighbourhood(L_2, 0.250411558405805, accuracy)",12435,1,0.0,0,0.004
dpctgan,"LocalNeighbourhood(L_2, 0.250411558405805, accuracy)",12435,0,0.0,0,0.004
dpctgan,"LocalNeighbourhood(L_2, 0.250411558405805, accuracy)",12435,1,0.0,0,0.004
dpctgan,"LocalNeighbourhood(L_2, 0.250411558405805, accuracy)",12435,0,0.0,0,0.004
dpctgan,"LocalNeighbourhood(L_2, 0.250411558405805, accuracy)",12435,1,0.0,0,0.004
dpctgan,"LocalNeighbourhood(L_2, 0.250411558405805, accuracy)",12435,0,0.0,0,0.004
dpctgan,"LocalNeighbourhood(L_2, 0.250411558405805, accuracy)",12435,1,0.0,0,0.004
dpctgan,"LocalNeighbourhood(L_2, 0.250411558405805, accuracy)",12435,0,0.0,0,0.004
dpctgan,"LocalNeighbourhood(L_2, 0.250411558405805, accuracy)",12435,1,0.0,0,0.004
dpctgan,"LocalNeighbourhood(L_2, 0.250411558405805, accuracy)",12435,0,0.0,0,0.004
dpctgan,"LocalNeighbourhood(L_2, 0.250411558405805, accuracy)",12435,1,0.0,0,0.004
dpctgan,"LocalNeighbourhood(L_2, 0.250411558405805, accuracy)",12435,0,0.0,0,0.004
dpctgan,"LocalNeighbourhood(L_2, 0.250411558405805, accuracy)",12435,1,0.0,0,0.004
dpctgan,"LocalNeighbourhood(L_2, 0.250411558405805, accuracy)",12435,0,0.0,0,0.004
dpctgan,"LocalNeighbourhood(L_2, 0.250411558405805, accuracy)",12435,1,0.002,0,0.004
dpctgan,"LocalNeighbourhood(L_2, 0.250411558405805, accuracy)",12435,0,0.0,0,0.004
dpctgan,"LocalNeighbourhood(L_2, 0.250411558405805, accuracy)",12435,1,0.0,0,0.004
dpctgan,"LocalNeighbourhood(L_2, 0.250411558405805, accuracy)",12435,0,0.0,0,0.004
dpctgan,"LocalNeighbourhood(L_2, 0.250411558405805, accuracy)",12435,1,0.0,0,0.004
dpctgan,"LocalNeighbourhood(L_2, 0.250411558405805, accuracy)",12435,0,0.0,0,0.004
dpctgan,"LocalNeighbourhood(L_2, 0.250411558405805, accuracy)",12435,1,0.0,0,0.004
dpctgan,"LocalNeighbourhood(L_2, 0.250411558405805, accuracy)",12435,0,0.0,0,0.004
dpctgan,"LocalNeighbourhood(L_2, 0.250411558405805, accuracy)",12435,1,0.0,0,0.004
dpctgan,"LocalNeighbourhood(L_2, 0.250411558405805, accuracy)",12435,0,0.0,0,0.004
dpctgan,"LocalNeighbourhood(L_2, 0.250411558405805, accuracy)",12435,1,0.0,0,0.004
dpctgan,"LocalNeighbourhood(L_2, 0.250411558405805, accuracy)",12435,0,0.0,0,0.004
dpctgan,"LocalNeighbourhood(L_2, 0.250411558405805, accuracy)",12435,1,0.004,1,0.004
dpctgan,"LocalNeighbourhood(L_2, 0.250411558405805, accuracy)",12435,0,0.0,0,0.004
dpctgan,"LocalNeighbourhood(L_2, 0.250411558405805, accuracy)",12435,1,0.0,0,0.004
dpctgan,"LocalNeighbourhood(L_2, 0.250411558405805, accuracy)",12435,0,0.004,1,0.004
dpctgan,"LocalNeighbourhood(L_2, 0.250411558405805, accuracy)",12435,1,0.0,0,0.004
dpctgan,"LocalNeighbourhood(L_2, 0.250411558405805, accuracy)",12435,0,0.0,0,0.004
dpctgan,"LocalNeighbourhood(L_2, 0.250411558405805, accuracy)",12435,1,0.0,0,0.004
dpctgan,"LocalNeighbourhood(L_2, 0.250411558405805, accuracy)",12435,0,0.0,0,0.004
dpctgan,"LocalNeighbourhood(L_2, 0.250411558405805, accuracy)",12435,1,0.0,0,0.004
dpctgan,"LocalNeighbourhood(L_2, 0.250411558405805, accuracy)",12435,0,0.0,0,0.004
dpctgan,"LocalNeighbourhood(L_2, 0.250411558405805, accuracy)",12435,1,0.0,0,0.004
dpctgan,"LocalNeighbourhood(L_2, 0.250411558405805, accuracy)",12435,0,0.0,0,0.004
dpctgan,"LocalNeighbourhood(L_2, 0.250411558405805, accuracy)",12435,1,0.0,0,0.004
dpctgan,"LocalNeighbourhood(L_2, 0.250411558405805, accuracy)",12435,0,0.0,0,0.004
dpctgan,"LocalNeighbourhood(L_2, 0.250411558405805, accuracy)",12435,1,0.0,0,0.004
dpctgan,"LocalNeighbourhood(L_2, 0.250411558405805, accuracy)",12435,0,0.0,0,0.004
dpctgan,"LocalNeighbourhood(L_2, 0.250411558405805, accuracy)",12435,1,0.0,0,0.004
dpctgan,"LocalNeighbourhood(L_2, 0.250411558405805, accuracy)",12435,0,0.0,0,0.004
dpctgan,"LocalNeighbourhood(L_2, 0.250411558405805, accuracy)",12435,1,0.0,0,0.004
dpctgan,"LocalNeighbourhood(L_2, 0.250411558405805, accuracy)",12435,0,0.006,1,0.004
dpctgan,"LocalNeighbourhood(L_2, 0.250411558405805, accuracy)",12435,1,0.002,0,0.004
dpctgan,"LocalNeighbourhood(L_2, 0.250411558405805, accuracy)",12435,0,0.0,0,0.004
dpctgan,"LocalNeighbourhood(L_2, 0.250411558405805, accuracy)",12435,1,0.0,0,0.004
dpctgan,"LocalNeighbourhood(L_2, 0.250411558405805, accuracy)",12435,0,0.002,0,0.004
dpctgan,"LocalNeighbourhood(L_2, 0.250411558405805, accuracy)",12435,1,0.0,0,0.004
dpctgan,"LocalNeighbourhood(L_2, 0.250411558405805, accuracy)",12435,0,0.0,0,0.004
dpctgan,"LocalNeighbourhood(L_2, 0.250411558405805, accuracy)",12435,1,0.002,0,0.004
dpctgan,"LocalNeighbourhood(L_2, 0.250411558405805, accuracy)",12435,0,0.002,0,0.004
dpctgan,"LocalNeighbourhood(L_2, 0.250411558405805, accuracy)",12435,1,0.0,0,0.004
dpctgan,"LocalNeighbourhood(L_2, 0.250411558405805, accuracy)",12435,0,0.0,0,0.004
dpctgan,"LocalNeighbourhood(L_2, 0.250411558405805, accuracy)",12435,1,0.0,0,0.004
dpctgan,"LocalNeighbourhood(L_2, 0.250411558405805, accuracy)",12435,0,0.0,0,0.004
dpctgan,"LocalNeighbourhood(L_2, 0.250411558405805, accuracy)",12435,1,0.0,0,0.004
dpctgan,"LocalNeighbourhood(L_2, 0.250411558405805, accuracy)",12435,0,0.0,0,0.004
dpctgan,"LocalNeighbourhood(L_2, 0.250411558405805, accuracy)",12435,1,0.0,0,0.004
dpctgan,"LocalNeighbourhood(L_2, 0.250411558405805, accuracy)",12435,0,0.0,0,0.004
dpctgan,"LocalNeighbourhood(L_2, 0.250411558405805, accuracy)",12435,1,0.0,0,0.004
dpctgan,"LocalNeighbourhood(L_2, 0.250411558405805, accuracy)",12435,0,0.0,0,0.004
dpctgan,"LocalNeighbourhood(L_2, 0.250411558405805, accuracy)",12435,1,0.0,0,0.004
dpctgan,"LocalNeighbourhood(L_2, 0.250411558405805, accuracy)",12435,0,0.0,0,0.004
dpctgan,"LocalNeighbourhood(L_2, 0.250411558405805, accuracy)",12435,1,0.0,0,0.004
dpctgan,"LocalNeighbourhood(L_2, 0.250411558405805, accuracy)",12435,0,0.0,0,0.004
dpctgan,"LocalNeighbourhood(L_2, 0.250411558405805, accuracy)",12435,1,0.0,0,0.004
dpctgan,"LocalNeighbourhood(L_2, 0.250411558405805, accuracy)",12435,0,0.0,0,0.004
dpctgan,"LocalNeighbourhood(L_2, 0.250411558405805, accuracy)",12435,1,0.002,0,0.004
dpctgan,"LocalNeighbourhood(L_2, 0.250411558405805, accuracy)",12435,0,0.0,0,0.004
dpctgan,"LocalNeighbourhood(L_2, 0.250411558405805, accuracy)",12435,1,0.0,0,0.004
dpctgan,"LocalNeighbourhood(L_2, 0.250411558405805, accuracy)",12435,0,0.0,0,0.004
dpctgan,"LocalNeighbourhood(L_2, 0.250411558405805, accuracy)",12435,1,0.0,0,0.004
dpctgan,"LocalNeighbourhood(L_2, 0.250411558405805, accuracy)",12435,0,0.0,0,0.004
dpctgan,"LocalNeighbourhood(L_2, 0.250411558405805, accuracy)",12435,1,0.0,0,0.004
dpctgan,"LocalNeighbourhood(L_2, 0.250411558405805, accuracy)",12435,0,0.04,1,0.004
dpctgan,"LocalNeighbourhood(L_2, 0.250411558405805, accuracy)",12435,1,0.0,0,0.004
dpctgan,"LocalNeighbourhood(L_2, 0.250411558405805, accuracy)",12435,0,0.0,0,0.004
dpctgan,"LocalNeighbourhood(L_2, 0.250411558405805, accuracy)",12435,1,0.0,0,0.004
dpctgan,"LocalNeighbourhood(L_2, 0.250411558405805, accuracy)",12435,0,0.0,0,0.004
dpctgan,"LocalNeighbourhood(L_2, 0.250411558405805, accuracy)",12435,1,0.0,0,0.004
dpctgan,"LocalNeighbourhood(L_2, 0.250411558405805, accuracy)",12435,0,0.0,0,0.004
dpctgan,"LocalNeighbourhood(L_2, 0.250411558405805, accuracy)",12435,1,0.0,0,0.004
dpctgan,"LocalNeighbourhood(L_2, 0.250411558405805, accuracy)",12435,0,0.0,0,0.004
dpctgan,"LocalNeighbourhood(L_2, 0.250411558405805, accuracy)",12435,1,0.0,0,0.004
dpctgan,"LocalNeighbourhood(L_2, 0.250411558405805, accuracy)",12435,0,0.0,0,0.004
dpctgan,"LocalNeighbourhood(L_2, 0.250411558405805, accuracy)",12435,1,0.0,0,0.004
dpctgan,"LocalNeighbourhood(L_2, 0.250411558405805, accuracy)",12435,0,0.0,0,0.004
dpctgan,"LocalNeighbourhood(L_2, 0.250411558405805, accuracy)",12435,1,0.002,0,0.004
dpctgan,"LocalNeighbourhood(L_2, 0.250411558405805, accuracy)",12435,0,0.0,0,0.004
dpctgan,"LocalNeighbourhood(L_2, 0.250411558405805, accuracy)",12435,1,0.0,0,0.004
dpctgan,"LocalNeighbourhood(L_2, 0.250411558405805, accuracy)",12435,0,0.0,0,0.004
dpctgan,"LocalNeighbourhood(L_2, 0.250411558405805, accuracy)",12435,1,0.0,0,0.004
dpctgan,"LocalNeighbourhood(L_2, 0.250411558405805, accuracy)",12435,0,0.0,0,0.004
dpctgan,"LocalNeighbourhood(L_2, 0.250411558405805, accuracy)",12435,1,0.0,0,0.004
dpctgan,"LocalNeighbourhood(L_2, 0.250411558405805, accuracy)",12435,0,0.0,0,0.004
dpctgan,"LocalNeighbourhood(L_2, 0.250411558405805, accuracy)",12435,1,0.0,0,0.004
dpctgan,"LocalNeighbourhood(L_2, 0.250411558405805, accuracy)",12435,0,0.0,0,0.004
dpctgan,"LocalNeighbourhood(L_2, 0.250411558405805, accuracy)",12435,1,0.0,0,0.004
dpctgan,"LocalNeighbourhood(L_2, 0.250411558405805, accuracy)",12435,0,0.0,0,0.004
dpctgan,"LocalNeighbourhood(L_2, 0.250411558405805, accuracy)",12435,1,0.0,0,0.004
dpctgan,"LocalNeighbourhood(L_2, 0.250411558405805, accuracy)",12435,0,0.0,0,0.004
dpctgan,"LocalNeighbourhood(L_2, 0.250411558405805, accuracy)",12435,1,0.0,0,0.004
dpctgan,"LocalNeighbourhood(L_2, 0.250411558405805, accuracy)",12435,0,0.0,0,0.004
dpctgan,"LocalNeighbourhood(L_2, 0.250411558405805, accuracy)",12435,1,0.0,0,0.004
dpctgan,"LocalNeighbourhood(L_2, 0.250411558405805, accuracy)",12435,0,0.0,0,0.004
dpctgan,"LocalNeighbourhood(L_2, 0.250411558405805, accuracy)",12435,1,0.0,0,0.004
dpctgan,"LocalNeighbourhood(L_2, 0.250411558405805, accuracy)",12435,0,0.0,0,0.004
dpctgan,"LocalNeighbourhood(L_2, 0.250411558405805, accuracy)",12435,1,0.0,0,0.004
dpctgan,"LocalNeighbourhood(L_2, 0.250411558405805, accuracy)",12435,0,0.0,0,0.004
dpctgan,"LocalNeighbourhood(L_2, 0.250411558405805, accuracy)",12435,1,0.0,0,0.004
dpctgan,"LocalNeighbourhood(L_2, 0.250411558405805, accuracy)",12435,0,0.002,0,0.004
dpctgan,"LocalNeighbourhood(L_2, 0.250411558405805, accuracy)",12435,1,0.0,0,0.004
dpctgan,"LocalNeighbourhood(L_2, 0.250411558405805, accuracy)",12435,0,0.0,0,0.004
dpctgan,"LocalNeighbourhood(L_2, 0.250411558405805, accuracy)",12435,1,0.0,0,0.004
dpctgan,"LocalNeighbourhood(L_2, 0.250411558405805, accuracy)",12435,0,0.0,0,0.004
dpctgan,"LocalNeighbourhood(L_2, 0.250411558405805, accuracy)",12435,1,0.0,0,0.004
dpctgan,"LocalNeighbourhood(L_2, 0.250411558405805, accuracy)",12435,0,0.0,0,0.004
dpctgan,"LocalNeighbourhood(L_2, 0.250411558405805, accuracy)",12435,1,0.002,0,0.004
dpctgan,"LocalNeighbourhood(L_2, 0.250411558405805, accuracy)",12435,0,0.0,0,0.004
dpctgan,"LocalNeighbourhood(L_2, 0.250411558405805, accuracy)",12435,1,0.0,0,0.004
dpctgan,"LocalNeighbourhood(L_2, 0.250411558405805, accuracy)",12435,0,0.0,0,0.004
dpctgan,"LocalNeighbourhood(L_2, 0.250411558405805, accuracy)",12435,1,0.0,0,0.004
dpctgan,"LocalNeighbourhood(L_2, 0.250411558405805, accuracy)",12435,0,0.0,0,0.004
dpctgan,"LocalNeighbourhood(L_2, 0.250411558405805, accuracy)",12435,1,0.0,0,0.004
dpctgan,"LocalNeighbourhood(L_2, 0.250411558405805, accuracy)",12435,0,0.0,0,0.004
dpctgan,"LocalNeighbourhood(L_2, 0.250411558405805, accuracy)",12435,1,0.002,0,0.004
dpctgan,"LocalNeighbourhood(L_2, 0.250411558405805, accuracy)",12435,0,0.0,0,0.004
dpctgan,"LocalNeighbourhood(L_2, 0.250411558405805, accuracy)",12435,1,0.0,0,0.004
dpctgan,"LocalNeighbourhood(L_2, 0.250411558405805, accuracy)",12435,0,0.002,0,0.004
dpctgan,"LocalNeighbourhood(L_2, 0.250411558405805, accuracy)",12435,1,0.0,0,0.004
dpctgan,"LocalNeighbourhood(L_2, 0.250411558405805, accuracy)",12435,0,0.0,0,0.004
dpctgan,"LocalNeighbourhood(L_2, 0.250411558405805, accuracy)",12435,1,0.0,0,0.004
dpctgan,"LocalNeighbourhood(L_2, 0.250411558405805, accuracy)",12435,0,0.0,0,0.004
dpctgan,"LocalNeighbourhood(L_2, 0.250411558405805, accuracy)",12435,1,0.0,0,0.004
dpctgan,"LocalNeighbourhood(L_2, 0.250411558405805, accuracy)",12435,0,0.0,0,0.004
dpctgan,"LocalNeighbourhood(L_2, 0.250411558405805, accuracy)",12435,1,0.0,0,0.004
dpctgan,"LocalNeighbourhood(L_2, 0.250411558405805, accuracy)",12435,0,0.0,0,0.004
dpctgan,"LocalNeighbourhood(L_2, 0.250411558405805, accuracy)",12435,1,0.002,0,0.004
dpctgan,"LocalNeighbourhood(L_2, 0.250411558405805, accuracy)",12435,0,0.0,0,0.004
dpctgan,"LocalNeighbourhood(L_2, 0.250411558405805, accuracy)",12435,1,0.0,0,0.004
dpctgan,"LocalNeighbourhood(L_2, 0.250411558405805, accuracy)",12435,0,0.014,1,0.004
dpctgan,"LocalNeighbourhood(L_2, 0.250411558405805, accuracy)",12435,1,0.0,0,0.004
dpctgan,"LocalNeighbourhood(L_2, 0.250411558405805, accuracy)",12435,0,0.004,1,0.004
dpctgan,"LocalNeighbourhood(L_2, 0.250411558405805, accuracy)",12435,1,0.002,0,0.004
dpctgan,"LocalNeighbourhood(L_2, 0.250411558405805, accuracy)",12435,0,0.0,0,0.004
dpctgan,"LocalNeighbourhood(L_2, 0.250411558405805, accuracy)",12435,1,0.0,0,0.004
dpctgan,"LocalNeighbourhood(L_2, 0.250411558405805, accuracy)",12435,0,0.0,0,0.004
dpctgan,"LocalNeighbourhood(L_2, 0.250411558405805, accuracy)",12435,1,0.0,0,0.004
dpctgan,"LocalNeighbourhood(L_2, 0.250411558405805, accuracy)",12435,0,0.0,0,0.004
dpctgan,"LocalNeighbourhood(L_2, 0.250411558405805, accuracy)",12435,1,0.0,0,0.004
dpctgan,"LocalNeighbourhood(L_2, 0.250411558405805, accuracy)",12435,0,0.0,0,0.004
dpctgan,"LocalNeighbourhood(L_2, 0.250411558405805, accuracy)",12435,1,0.0,0,0.004
dpctgan,"LocalNeighbourhood(L_2, 0.250411558405805, accuracy)",12435,0,0.0,0,0.004
dpctgan,"LocalNeighbourhood(L_2, 0.250411558405805, accuracy)",12435,1,0.0,0,0.004
dpctgan,"LocalNeighbourhood(L_2, 0.250411558405805, accuracy)",12435,0,0.0,0,0.004
dpctgan,"LocalNeighbourhood(L_2, 0.250411558405805, accuracy)",12435,1,0.0,0,0.004
dpctgan,"LocalNeighbourhood(L_2, 0.250411558405805, accuracy)",12435,0,0.0,0,0.004
dpctgan,"LocalNeighbourhood(L_2, 0.250411558405805, accuracy)",12435,1,0.0,0,0.004
dpctgan,"LocalNeighbourhood(L_2, 0.250411558405805, accuracy)",12435,0,0.0,0,0.004
dpctgan,"LocalNeighbourhood(L_2, 0.250411558405805, accuracy)",12435,1,0.0,0,0.004
dpctgan,"LocalNeighbourhood(L_2, 0.250411558405805, accuracy)",12435,0,0.0,0,0.004
dpctgan,"LocalNeighbourhood(L_2, 0.250411558405805, accuracy)",12435,1,0.0,0,0.004
dpctgan,"LocalNeighbourhood(L_2, 0.250411558405805, accuracy)",12435,0,0.0,0,0.004
dpctgan,"LocalNeighbourhood(L_2, 0.250411558405805, accuracy)",12435,1,0.0,0,0.004
dpctgan,"LocalNeighbourhood(L_2, 0.250411558405805, accuracy)",12435,0,0.0,0,0.004
dpctgan,"LocalNeighbourhood(L_2, 0.250411558405805, accuracy)",12435,1,0.0,0,0.004
dpctgan,"LocalNeighbourhood(L_2, 0.250411558405805, accuracy)",12435,0,0.0,0,0.004
dpctgan,"LocalNeighbourhood(L_2, 0.250411558405805, accuracy)",12435,1,0.0,0,0.004
dpctgan,"LocalNeighbourhood(L_2, 0.250411558405805, accuracy)",12435,0,0.0,0,0.004
dpctgan,"LocalNeighbourhood(L_2, 0.250411558405805, accuracy)",12435,1,0.0,0,0.004
dpctgan,"LocalNeighbourhood(L_2, 0.250411558405805, accuracy)",12435,0,0.0,0,0.004
dpctgan,"LocalNeighbourhood(L_2, 0.250411558405805, accuracy)",12435,1,0.0,0,0.004
dpctgan,"LocalNeighbourhood(L_2, 0.250411558405805, accuracy)",12435,0,0.0,0,0.004
dpctgan,"LocalNeighbourhood(L_2, 0.250411558405805, accuracy)",12435,1,0.0,0,0.004
dpctgan,"LocalNeighbourhood(L_2, 0.250411558405805, accuracy)",12435,0,0.0,0,0.004
dpctgan,"LocalNeighbourhood(L_2, 0.250411558405805, accuracy)",12435,1,0.0,0,0.004
dpctgan,"LocalNeighbourhood(L_2, 0.250411558405805, accuracy)",12435,0,0.0,0,0.004
dpctgan,"LocalNeighbourhood(L_2, 0.250411558405805, accuracy)",12435,1,0.0,0,0.004
dpctgan,"LocalNeighbourhood(L_2, 0.250411558405805, accuracy)",12435,0,0.0,0,0.004
dpctgan,"LocalNeighbourhood(L_2, 0.250411558405805, accuracy)",12435,1,0.0,0,0.004
dpctgan,"LocalNeighbourhood(L_2, 0.250411558405805, accuracy)",12435,0,0.0,0,0.004
dpctgan,"LocalNeighbourhood(L_2, 0.250411558405805, accuracy)",12435,1,0.0,0,0.004
dpctgan,"LocalNeighbourhood(L_2, 0.250411558405805, accuracy)",12435,0,0.0,0,0.004
dpctgan,"LocalNeighbourhood(L_2, 0.250411558405805, accuracy)",12435,1,0.0,0,0.004
dpctgan,"LocalNeighbourhood(L_2, 0.250411558405805, accuracy)",12435,0,0.0,0,0.004
dpctgan,"LocalNeighbourhood(L_2, 0.250411558405805, accuracy)",12435,1,0.0,0,0.004
dpctgan,"LocalNeighbourhood(L_2, 0.250411558405805, accuracy)",12435,0,0.0,0,0.004
dpctgan,"LocalNeighbourhood(L_2, 0.250411558405805, accuracy)",12435,1,0.0,0,0.004
dpctgan,"LocalNeighbourhood(L_2, 0.250411558405805, accuracy)",12435,0,0.0,0,0.004
dpctgan,"LocalNeighbourhood(L_2, 0.250411558405805, accuracy)",12435,1,0.0,0,0.004
dpctgan,"LocalNeighbourhood(L_2, 0.250411558405805, accuracy)",12435,0,0.0,0,0.004
dpctgan,"LocalNeighbourhood(L_2, 0.250411558405805, accuracy)",12435,1,0.0,0,0.004
dpctgan,"LocalNeighbourhood(L_2, 0.250411558405805, accuracy)",12435,0,0.0,0,0.004
dpctgan,"LocalNeighbourhood(L_2, 0.250411558405805, accuracy)",12435,1,0.0,0,0.004
dpctgan,"LocalNeighbourhood(L_2, 0.250411558405805, accuracy)",12435,0,0.0,0,0.004
dpctgan,"LocalNeighbourhood(L_2, 0.250411558405805, accuracy)",12435,1,0.0,0,0.004
dpctgan,"LocalNeighbourhood(L_2, 0.250411558405805, accuracy)",12435,0,0.0,0,0.004
dpctgan,"LocalNeighbourhood(L_2, 0.250411558405805, accuracy)",12435,1,0.0,0,0.004
dpctgan,"LocalNeighbourhood(L_2, 0.250411558405805, accuracy)",12435,0,0.002,0,0.004
dpctgan,"LocalNeighbourhood(L_2, 0.250411558405805, accuracy)",12435,1,0.0,0,0.004
dpctgan,"LocalNeighbourhood(L_2, 0.250411558405805, accuracy)",12435,0,0.0,0,0.004
dpctgan,"LocalNeighbourhood(L_2, 0.250411558405805, accuracy)",12435,1,0.0,0,0.004
dpctgan,"LocalNeighbourhood(L_2, 0.250411558405805, accuracy)",12435,0,0.0,0,0.004
dpctgan,"LocalNeighbourhood(L_2, 0.250411558405805, accuracy)",12435,1,0.0,0,0.004
dpctgan,"LocalNeighbourhood(L_2, 0.250411558405805, accuracy)",12435,0,0.0,0,0.004
dpctgan,"LocalNeighbourhood(L_2, 0.250411558405805, accuracy)",12435,1,0.0,0,0.004
dpctgan,"LocalNeighbourhood(L_2, 0.250411558405805, accuracy)",12435,0,0.0,0,0.004
dpctgan,"LocalNeighbourhood(L_2, 0.250411558405805, accuracy)",12435,1,0.0,0,0.004
dpctgan,"LocalNeighbourhood(L_2, 0.250411558405805, accuracy)",12435,0,0.0,0,0.004
dpctgan,"LocalNeighbourhood(L_2, 0.250411558405805, accuracy)",12435,1,0.0,0,0.004
dpctgan,"LocalNeighbourhood(L_2, 0.250411558405805, accuracy)",12435,0,0.0,0,0.004
dpctgan,"LocalNeighbourhood(L_2, 0.250411558405805, accuracy)",12435,1,0.0,0,0.004
dpctgan,"LocalNeighbourhood(L_2, 0.250411558405805, accuracy)",12435,0,0.006,1,0.004
dpctgan,"LocalNeighbourhood(L_2, 0.250411558405805, accuracy)",12435,1,0.0,0,0.004
dpctgan,"LocalNeighbourhood(L_2, 0.250411558405805, accuracy)",12435,0,0.0,0,0.004
dpctgan,"LocalNeighbourhood(L_2, 0.250411558405805, accuracy)",12435,1,0.0,0,0.004
dpctgan,"LocalNeighbourhood(L_2, 0.250411558405805, accuracy)",12435,0,0.0,0,0.004
dpctgan,"LocalNeighbourhood(L_2, 0.250411558405805, accuracy)",12435,1,0.0,0,0.004
dpctgan,"LocalNeighbourhood(L_2, 0.250411558405805, accuracy)",12435,0,0.0,0,0.004
dpctgan,"LocalNeighbourhood(L_2, 0.250411558405805, accuracy)",12435,1,0.0,0,0.004
dpctgan,"LocalNeighbourhood(L_2, 0.250411558405805, accuracy)",12435,0,0.0,0,0.004
dpctgan,"LocalNeighbourhood(L_2, 0.250411558405805, accuracy)",12435,1,0.002,0,0.004
dpctgan,"LocalNeighbourhood(L_2, 0.250411558405805, accuracy)",12435,0,0.002,0,0.004
dpctgan,"LocalNeighbourhood(L_2, 0.250411558405805, accuracy)",12435,1,0.0,0,0.004
dpctgan,"LocalNeighbourhood(L_2, 0.250411558405805, accuracy)",12435,0,0.0,0,0.004
dpctgan,"LocalNeighbourhood(L_2, 0.250411558405805, accuracy)",12435,1,0.0,0,0.004
dpctgan,"LocalNeighbourhood(L_2, 0.250411558405805, accuracy)",12435,0,0.0,0,0.004
dpctgan,"LocalNeighbourhood(L_2, 0.250411558405805, accuracy)",12435,1,0.0,0,0.004
dpctgan,"LocalNeighbourhood(L_2, 0.250411558405805, accuracy)",12435,0,0.0,0,0.004
dpctgan,"LocalNeighbourhood(L_2, 0.250411558405805, accuracy)",12435,1,0.0,0,0.004
dpctgan,"LocalNeighbourhood(L_2, 0.250411558405805, accuracy)",12435,0,0.0,0,0.004
dpctgan,"LocalNeighbourhood(L_2, 0.250411558405805, accuracy)",12435,1,0.0,0,0.004
dpctgan,"LocalNeighbourhood(L_2, 0.250411558405805, accuracy)",12435,0,0.0,0,0.004
dpctgan,"LocalNeighbourhood(L_2, 0.250411558405805, accuracy)",12435,1,0.002,0,0.004
dpctgan,"LocalNeighbourhood(L_2, 0.250411558405805, accuracy)",12435,0,0.0,0,0.004
dpctgan,"LocalNeighbourhood(L_2, 0.250411558405805, accuracy)",12435,1,0.0,0,0.004
dpctgan,"LocalNeighbourhood(L_2, 0.250411558405805, accuracy)",12435,0,0.0,0,0.004
dpctgan,"LocalNeighbourhood(L_2, 0.250411558405805, accuracy)",12435,1,0.0,0,0.004
dpctgan,"LocalNeighbourhood(L_2, 0.250411558405805, accuracy)",12435,0,0.0,0,0.004
dpctgan,"LocalNeighbourhood(L_2, 0.250411558405805, accuracy)",12435,1,0.0,0,0.004
dpctgan,"LocalNeighbourhood(L_2, 0.250411558405805, accuracy)",12435,0,0.0,0,0.004
dpctgan,"LocalNeighbourhood(L_2, 0.250411558405805, accuracy)",12435,1,0.0,0,0.004
dpctgan,"LocalNeighbourhood(L_2, 0.250411558405805, accuracy)",12435,0,0.0,0,0.004
dpctgan,"LocalNeighbourhood(L_2, 0.250411558405805, accuracy)",12435,1,0.0,0,0.004
dpctgan,"LocalNeighbourhood(L_2, 0.250411558405805, accuracy)",12435,0,0.0,0,0.004
dpctgan,"LocalNeighbourhood(L_2, 0.250411558405805, accuracy)",12435,1,0.0,0,0.004
dpctgan,"LocalNeighbourhood(L_2, 0.250411558405805, accuracy)",12435,0,0.004,1,0.004
dpctgan,"LocalNeighbourhood(L_2, 0.250411558405805, accuracy)",12435,1,0.0,0,0.004
dpctgan,"LocalNeighbourhood(L_2, 0.250411558405805, accuracy)",12435,0,0.0,0,0.004
dpctgan,"LocalNeighbourhood(L_2, 0.250411558405805, accuracy)",12435,1,0.0,0,0.004
dpctgan,"LocalNeighbourhood(L_2, 0.250411558405805, accuracy)",12435,0,0.0,0,0.004
dpctgan,"LocalNeighbourhood(L_2, 0.250411558405805, accuracy)",12435,1,0.002,0,0.004
dpctgan,"LocalNeighbourhood(L_2, 0.250411558405805, accuracy)",12435,0,0.0,0,0.004
dpctgan,"LocalNeighbourhood(L_2, 0.250411558405805, accuracy)",12435,1,0.0,0,0.004
dpctgan,"LocalNeighbourhood(L_2, 0.250411558405805, accuracy)",12435,0,0.0,0,0.004
dpctgan,"LocalNeighbourhood(L_2, 0.250411558405805, accuracy)",12435,1,0.0,0,0.004
dpctgan,"LocalNeighbourhood(L_2, 0.250411558405805, accuracy)",12435,0,0.0,0,0.004
dpctgan,"LocalNeighbourhood(L_2, 0.250411558405805, accuracy)",12435,1,0.004,1,0.004
dpctgan,"LocalNeighbourhood(L_2, 0.250411558405805, accuracy)",12435,0,0.008,1,0.004
dpctgan,"LocalNeighbourhood(L_2, 0.250411558405805, accuracy)",12435,1,0.0,0,0.004
dpctgan,"LocalNeighbourhood(L_2, 0.250411558405805, accuracy)",12435,0,0.0,0,0.004
dpctgan,"LocalNeighbourhood(L_2, 0.250411558405805, accuracy)",12435,1,0.0,0,0.004
dpctgan,"LocalNeighbourhood(L_2, 0.250411558405805, accuracy)",12435,0,0.0,0,0.004
dpctgan,"LocalNeighbourhood(L_2, 0.250411558405805, accuracy)",12435,1,0.002,0,0.004
dpctgan,"LocalNeighbourhood(L_2, 0.250411558405805, accuracy)",12435,0,0.0,0,0.004
dpctgan,"LocalNeighbourhood(L_2, 0.250411558405805, accuracy)",12435,1,0.0,0,0.004
dpctgan,"LocalNeighbourhood(L_2, 0.250411558405805, accuracy)",12435,0,0.0,0,0.004
dpctgan,"LocalNeighbourhood(L_2, 0.250411558405805, accuracy)",12435,1,0.002,0,0.004
dpctgan,"LocalNeighbourhood(L_2, 0.250411558405805, accuracy)",12435,0,0.0,0,0.004
dpctgan,"LocalNeighbourhood(L_2, 0.250411558405805, accuracy)",12435,1,0.0,0,0.004
dpctgan,"LocalNeighbourhood(L_2, 0.250411558405805, accuracy)",12435,0,0.0,0,0.004
dpctgan,"LocalNeighbourhood(L_2, 0.250411558405805, accuracy)",12435,1,0.0,0,0.004
dpctgan,"LocalNeighbourhood(L_2, 0.250411558405805, accuracy)",12435,0,0.0,0,0.004
dpctgan,"LocalNeighbourhood(L_2, 0.250411558405805, accuracy)",12435,1,0.0,0,0.004
dpctgan,"LocalNeighbourhood(L_2, 0.250411558405805, accuracy)",12435,0,0.0,0,0.004
dpctgan,"LocalNeighbourhood(L_2, 0.250411558405805, accuracy)",12435,1,0.002,0,0.004
dpctgan,"LocalNeighbourhood(L_2, 0.250411558405805, accuracy)",12435,0,0.0,0,0.004
dpctgan,"LocalNeighbourhood(L_2, 0.250411558405805, accuracy)",12435,1,0.0,0,0.004
dpctgan,"LocalNeighbourhood(L_2, 0.250411558405805, accuracy)",12435,0,0.002,0,0.004
dpctgan,"LocalNeighbourhood(L_2, 0.250411558405805, accuracy)",12435,1,0.0,0,0.004
dpctgan,"LocalNeighbourhood(L_2, 0.250411558405805, accuracy)",12435,0,0.0,0,0.004
dpctgan,"LocalNeighbourhood(L_2, 0.250411558405805, accuracy)",12435,1,0.0,0,0.004
dpctgan,"LocalNeighbourhood(L_2, 0.250411558405805, accuracy)",12435,0,0.0,0,0.004
dpctgan,"LocalNeighbourhood(L_2, 0.250411558405805, accuracy)",12435,1,0.0,0,0.004
dpctgan,"LocalNeighbourhood(L_2, 0.250411558405805, accuracy)",12435,0,0.0,0,0.004
dpctgan,"LocalNeighbourhood(L_2, 0.250411558405805, accuracy)",12435,1,0.0,0,0.004
dpctgan,"LocalNeighbourhood(L_2, 0.250411558405805, accuracy)",12435,0,0.0,0,0.004
dpctgan,"LocalNeighbourhood(L_2, 0.250411558405805, accuracy)",12435,1,0.0,0,0.004
dpctgan,"LocalNeighbourhood(L_2, 0.250411558405805, accuracy)",12435,0,0.002,0,0.004
dpctgan,"LocalNeighbourhood(L_2, 0.250411558405805, accuracy)",12435,1,0.002,0,0.004
dpctgan,"LocalNeighbourhood(L_2, 0.250411558405805, accuracy)",12435,0,0.0,0,0.004
dpctgan,"LocalNeighbourhood(L_2, 0.250411558405805, accuracy)",12435,1,0.002,0,0.004
dpctgan,"LocalNeighbourhood(L_2, 0.250411558405805, accuracy)",12435,0,0.0,0,0.004
dpctgan,"LocalNeighbourhood(L_2, 0.250411558405805, accuracy)",12435,1,0.0,0,0.004
dpctgan,"LocalNeighbourhood(L_2, 0.250411558405805, accuracy)",12435,0,0.0,0,0.004
dpctgan,"LocalNeighbourhood(L_2, 0.250411558405805, accuracy)",12435,1,0.0,0,0.004
dpctgan,"LocalNeighbourhood(L_2, 0.250411558405805, accuracy)",12435,0,0.0,0,0.004
dpctgan,"LocalNeighbourhood(L_2, 0.250411558405805, accuracy)",12435,1,0.0,0,0.004
dpctgan,"LocalNeighbourhood(L_2, 0.250411558405805, accuracy)",12435,0,0.0,0,0.004
dpctgan,"LocalNeighbourhood(L_2, 0.250411558405805, accuracy)",12435,1,0.0,0,0.004
dpctgan,"LocalNeighbourhood(L_2, 0.250411558405805, accuracy)",12435,0,0.0,0,0.004
dpctgan,"LocalNeighbourhood(L_2, 0.250411558405805, accuracy)",12435,1,0.0,0,0.004
dpctgan,"LocalNeighbourhood(L_2, 0.250411558405805, accuracy)",12435,0,0.0,0,0.004
dpctgan,"LocalNeighbourhood(L_2, 0.250411558405805, accuracy)",12435,1,0.0,0,0.004
dpctgan,"LocalNeighbourhood(L_2, 0.250411558405805, accuracy)",12435,0,0.002,0,0.004
dpctgan,"LocalNeighbourhood(L_2, 0.250411558405805, accuracy)",12435,1,0.0,0,0.004
dpctgan,"LocalNeighbourhood(L_2, 0.250411558405805, accuracy)",12435,0,0.0,0,0.004
dpctgan,"LocalNeighbourhood(L_2, 0.250411558405805, accuracy)",12435,1,0.0,0,0.004
dpctgan,"LocalNeighbourhood(L_2, 0.250411558405805, accuracy)",12435,0,0.0,0,0.004
dpctgan,"LocalNeighbourhood(L_2, 0.250411558405805, accuracy)",12435,1,0.0,0,0.004
dpctgan,"LocalNeighbourhood(L_2, 0.250411558405805, accuracy)",12435,0,0.002,0,0.004
dpctgan,"LocalNeighbourhood(L_2, 0.250411558405805, accuracy)",12435,1,0.0,0,0.004
dpctgan,"LocalNeighbourhood(L_2, 0.250411558405805, accuracy)",12435,0,0.0,0,0.004
dpctgan,"LocalNeighbourhood(L_2, 0.250411558405805, accuracy)",12435,1,0.0,0,0.004
dpctgan,"LocalNeighbourhood(L_2, 0.250411558405805, accuracy)",12435,0,0.0,0,0.004
dpctgan,"LocalNeighbourhood(L_2, 0.250411558405805, accuracy)",12435,1,0.0,0,0.004
dpctgan,"LocalNeighbourhood(L_2, 0.250411558405805, accuracy)",12435,0,0.0,0,0.004
dpctgan,"LocalNeighbourhood(L_2, 0.250411558405805, accuracy)",12435,1,0.0,0,0.004
dpctgan,"LocalNeighbourhood(L_2, 0.250411558405805, accuracy)",12435,0,0.0,0,0.004
dpctgan,"LocalNeighbourhood(L_2, 0.250411558405805, accuracy)",12435,1,0.0,0,0.004
dpctgan,"LocalNeighbourhood(L_2, 0.250411558405805, accuracy)",12435,0,0.0,0,0.004
dpctgan,"LocalNeighbourhood(L_2, 0.250411558405805, accuracy)",12435,1,0.0,0,0.004
dpctgan,"LocalNeighbourhood(L_2, 0.250411558405805, accuracy)",12435,0,0.002,0,0.004
dpctgan,"LocalNeighbourhood(L_2, 0.250411558405805, accuracy)",12435,1,0.004,1,0.004
dpctgan,"LocalNeighbourhood(L_2, 0.250411558405805, accuracy)",12435,0,0.0,0,0.004
dpctgan,"LocalNeighbourhood(L_2, 0.250411558405805, accuracy)",12435,1,0.002,0,0.004
dpctgan,"LocalNeighbourhood(L_2, 0.250411558405805, accuracy)",12435,0,0.0,0,0.004
dpctgan,"LocalNeighbourhood(L_2, 0.250411558405805, accuracy)",12435,1,0.0,0,0.004
dpctgan,"LocalNeighbourhood(L_2, 0.250411558405805, accuracy)",12435,0,0.0,0,0.004
dpctgan,"LocalNeighbourhood(L_2, 0.250411558405805, accuracy)",12435,1,0.002,0,0.004
dpctgan,"LocalNeighbourhood(L_2, 0.250411558405805, accuracy)",12435,0,0.0,0,0.004
dpctgan,"LocalNeighbourhood(L_2, 0.250411558405805, accuracy)",12435,1,0.002,0,0.004
dpctgan,"LocalNeighbourhood(L_2, 0.250411558405805, accuracy)",12435,0,0.002,0,0.004
dpctgan,"LocalNeighbourhood(L_2, 0.250411558405805, accuracy)",12435,1,0.0,0,0.004
dpctgan,"LocalNeighbourhood(L_2, 0.250411558405805, accuracy)",12435,0,0.002,0,0.004
dpctgan,"LocalNeighbourhood(L_2, 0.250411558405805, accuracy)",12435,1,0.0,0,0.004
dpctgan,"LocalNeighbourhood(L_2, 0.250411558405805, accuracy)",12435,0,0.0,0,0.004
dpctgan,"LocalNeighbourhood(L_2, 0.250411558405805, accuracy)",12435,1,0.0,0,0.004
dpctgan,"LocalNeighbourhood(L_2, 0.250411558405805, accuracy)",12435,0,0.0,0,0.004
dpctgan,"LocalNeighbourhood(L_2, 0.250411558405805, accuracy)",12435,1,0.0,0,0.004
dpctgan,"LocalNeighbourhood(L_2, 0.250411558405805, accuracy)",12435,0,0.0,0,0.004
dpctgan,"LocalNeighbourhood(L_2, 0.250411558405805, accuracy)",12435,1,0.0,0,0.004
dpctgan,"LocalNeighbourhood(L_2, 0.250411558405805, accuracy)",12435,0,0.0,0,0.004
dpctgan,"LocalNeighbourhood(L_2, 0.250411558405805, accuracy)",12435,1,0.0,0,0.004
dpctgan,"LocalNeighbourhood(L_2, 0.250411558405805, accuracy)",12435,0,0.0,0,0.004
dpctgan,"LocalNeighbourhood(L_2, 0.250411558405805, accuracy)",12435,1,0.0,0,0.004
dpctgan,"LocalNeighbourhood(L_2, 0.250411558405805, accuracy)",12435,0,0.0,0,0.004
dpctgan,"LocalNeighbourhood(L_2, 0.250411558405805, accuracy)",12435,1,0.0,0,0.004
dpctgan,"LocalNeighbourhood(L_2, 0.250411558405805, accuracy)",12435,0,0.0,0,0.004
dpctgan,"LocalNeighbourhood(L_2, 0.250411558405805, accuracy)",12435,1,0.0,0,0.004
dpctgan,"LocalNeighbourhood(L_2, 0.250411558405805, accuracy)",12435,0,0.0,0,0.004
dpctgan,"LocalNeighbourhood(L_2, 0.250411558405805, accuracy)",12435,1,0.0,0,0.004
dpctgan,"LocalNeighbourhood(L_2, 0.250411558405805, accuracy)",12435,0,0.0,0,0.004
dpctgan,"LocalNeighbourhood(L_2, 0.250411558405805, accuracy)",12435,1,0.0,0,0.004
dpctgan,"LocalNeighbourhood(L_2, 0.250411558405805, accuracy)",12435,0,0.0,0,0.004
dpctgan,"LocalNeighbourhood(L_2, 0.250411558405805, accuracy)",12435,1,0.0,0,0.004
dpctgan,"LocalNeighbourhood(L_2, 0.250411558405805, accuracy)",12435,0,0.0,0,0.004
dpctgan,"LocalNeighbourhood(L_2, 0.250411558405805, accuracy)",12435,1,0.0,0,0.004
dpctgan,"LocalNeighbourhood(L_2, 0.250411558405805, accuracy)",12435,0,0.0,0,0.004
dpctgan,"LocalNeighbourhood(L_2, 0.250411558405805, accuracy)",12435,1,0.0,0,0.004
dpctgan,"LocalNeighbourhood(L_2, 0.250411558405805, accuracy)",12435,0,0.0,0,0.004
dpctgan,"LocalNeighbourhood(L_2, 0.250411558405805, accuracy)",12435,1,0.0,0,0.004
dpctgan,"LocalNeighbourhood(L_2, 0.250411558405805, accuracy)",12435,0,0.0,0,0.004
dpctgan,"LocalNeighbourhood(L_2, 0.250411558405805, accuracy)",12435,1,0.0,0,0.004
dpctgan,"LocalNeighbourhood(L_2, 0.250411558405805, accuracy)",12435,0,0.004,1,0.004
dpctgan,"LocalNeighbourhood(L_2, 0.250411558405805, accuracy)",12435,1,0.0,0,0.004
dpctgan,"LocalNeighbourhood(L_2, 0.250411558405805, accuracy)",12435,0,0.002,0,0.004
dpctgan,"LocalNeighbourhood(L_2, 0.250411558405805, accuracy)",12435,1,0.0,0,0.004
dpctgan,"LocalNeighbourhood(L_2, 0.250411558405805, accuracy)",12435,0,0.0,0,0.004
dpctgan,"LocalNeighbourhood(L_2, 0.250411558405805, accuracy)",12435,1,0.002,0,0.004
dpctgan,"LocalNeighbourhood(L_2, 0.250411558405805, accuracy)",12435,0,0.002,0,0.004
dpctgan,"LocalNeighbourhood(L_2, 0.250411558405805, accuracy)",12435,1,0.0,0,0.004
dpctgan,"LocalNeighbourhood(L_2, 0.250411558405805, accuracy)",12435,0,0.0,0,0.004
dpctgan,"LocalNeighbourhood(L_2, 0.250411558405805, accuracy)",12435,1,0.0,0,0.004
dpctgan,"LocalNeighbourhood(L_2, 0.250411558405805, accuracy)",12435,0,0.002,0,0.004
dpctgan,"LocalNeighbourhood(L_2, 0.250411558405805, accuracy)",12435,1,0.0,0,0.004
dpctgan,"LocalNeighbourhood(L_2, 0.250411558405805, accuracy)",12435,0,0.012,1,0.004
dpctgan,"LocalNeighbourhood(L_2, 0.250411558405805, accuracy)",12435,1,0.0,0,0.004
dpctgan,"LocalNeighbourhood(L_2, 0.250411558405805, accuracy)",12435,0,0.0,0,0.004
dpctgan,"LocalNeighbourhood(L_2, 0.250411558405805, accuracy)",12435,1,0.0,0,0.004
dpctgan,"LocalNeighbourhood(L_2, 0.250411558405805, accuracy)",12435,0,0.0,0,0.004
dpctgan,"LocalNeighbourhood(L_2, 0.250411558405805, accuracy)",12435,1,0.0,0,0.004
dpctgan,"LocalNeighbourhood(L_2, 0.250411558405805, accuracy)",12435,0,0.0,0,0.004
dpctgan,"LocalNeighbourhood(L_2, 0.250411558405805, accuracy)",12435,1,0.0,0,0.004
dpctgan,"LocalNeighbourhood(L_2, 0.250411558405805, accuracy)",12435,0,0.002,0,0.004
dpctgan,"LocalNeighbourhood(L_2, 0.250411558405805, accuracy)",12435,1,0.002,0,0.004
dpctgan,"LocalNeighbourhood(L_2, 0.250411558405805, accuracy)",12435,0,0.0,0,0.004
dpctgan,"LocalNeighbourhood(L_2, 0.250411558405805, accuracy)",12435,1,0.0,0,0.004
dpctgan,"LocalNeighbourhood(L_2, 0.250411558405805, accuracy)",12435,0,0.0,0,0.004
dpctgan,"LocalNeighbourhood(L_2, 0.250411558405805, accuracy)",12435,1,0.0,0,0.004
dpctgan,"LocalNeighbourhood(L_2, 0.250411558405805, accuracy)",12435,0,0.0,0,0.004
dpctgan,"LocalNeighbourhood(L_2, 0.250411558405805, accuracy)",12435,1,0.0,0,0.004
dpctgan,"LocalNeighbourhood(L_2, 0.250411558405805, accuracy)",12435,0,0.0,0,0.004
dpctgan,"LocalNeighbourhood(L_2, 0.250411558405805, accuracy)",12435,1,0.0,0,0.004
dpctgan,"LocalNeighbourhood(L_2, 0.250411558405805, accuracy)",12435,0,0.0,0,0.004
dpctgan,"LocalNeighbourhood(L_2, 0.250411558405805, accuracy)",12435,1,0.0,0,0.004
dpctgan,"LocalNeighbourhood(L_2, 0.250411558405805, accuracy)",12435,0,0.0,0,0.004
dpctgan,"LocalNeighbourhood(L_2, 0.250411558405805, accuracy)",12435,1,0.0,0,0.004
dpctgan,"LocalNeighbourhood(L_2, 0.250411558405805, accuracy)",12435,0,0.0,0,0.004
dpctgan,"LocalNeighbourhood(L_2, 0.250411558405805, accuracy)",12435,1,0.0,0,0.004
dpctgan,"LocalNeighbourhood(L_2, 0.250411558405805, accuracy)",12435,0,0.0,0,0.004
dpctgan,"LocalNeighbourhood(L_2, 0.250411558405805, accuracy)",12435,1,0.002,0,0.004
dpctgan,"LocalNeighbourhood(L_2, 0.250411558405805, accuracy)",12435,0,0.0,0,0.004
dpctgan,"LocalNeighbourhood(L_2, 0.250411558405805, accuracy)",12435,1,0.0,0,0.004
dpctgan,"LocalNeighbourhood(L_2, 0.250411558405805, accuracy)",12435,0,0.0,0,0.004
dpctgan,"LocalNeighbourhood(L_2, 0.250411558405805, accuracy)",12435,1,0.0,0,0.004
dpctgan,"LocalNeighbourhood(L_2, 0.250411558405805, accuracy)",12435,0,0.0,0,0.004
dpctgan,"LocalNeighbourhood(L_2, 0.250411558405805, accuracy)",12435,1,0.0,0,0.004
dpctgan,"LocalNeighbourhood(L_2, 0.250411558405805, accuracy)",12435,0,0.006,1,0.004
dpctgan,"LocalNeighbourhood(L_2, 0.250411558405805, accuracy)",12435,1,0.0,0,0.004
dpctgan,"LocalNeighbourhood(L_2, 0.250411558405805, accuracy)",12435,0,0.0,0,0.004
dpctgan,"LocalNeighbourhood(L_2, 0.250411558405805, accuracy)",12435,1,0.0,0,0.004
dpctgan,"LocalNeighbourhood(L_2, 0.250411558405805, accuracy)",12435,0,0.016,1,0.004
dpctgan,"LocalNeighbourhood(L_2, 0.250411558405805, accuracy)",12435,1,0.0,0,0.004
dpctgan,"LocalNeighbourhood(L_2, 0.250411558405805, accuracy)",12435,0,0.0,0,0.004
dpctgan,"LocalNeighbourhood(L_2, 0.250411558405805, accuracy)",12435,1,0.004,1,0.004
dpctgan,"LocalNeighbourhood(L_2, 0.250411558405805, accuracy)",12435,0,0.0,0,0.004
dpctgan,"LocalNeighbourhood(L_2, 0.250411558405805, accuracy)",12435,1,0.0,0,0.004
dpctgan,"LocalNeighbourhood(L_2, 0.250411558405805, accuracy)",12435,0,0.0,0,0.004
dpctgan,"LocalNeighbourhood(L_2, 0.250411558405805, accuracy)",12435,1,0.0,0,0.004
dpctgan,"LocalNeighbourhood(L_2, 0.250411558405805, accuracy)",12435,0,0.0,0,0.004
dpctgan,"LocalNeighbourhood(L_2, 0.250411558405805, accuracy)",12435,1,0.0,0,0.004
dpctgan,"LocalNeighbourhood(L_2, 0.250411558405805, accuracy)",12435,0,0.002,0,0.004
dpctgan,"LocalNeighbourhood(L_2, 0.250411558405805, accuracy)",12435,1,0.002,0,0.004
dpctgan,"LocalNeighbourhood(L_2, 0.250411558405805, accuracy)",12435,0,0.0,0,0.004
dpctgan,"LocalNeighbourhood(L_2, 0.250411558405805, accuracy)",12435,1,0.004,1,0.004
dpctgan,"LocalNeighbourhood(L_2, 0.250411558405805, accuracy)",12435,0,0.0,0,0.004
dpctgan,"LocalNeighbourhood(L_2, 0.250411558405805, accuracy)",12435,1,0.0,0,0.004
dpctgan,"LocalNeighbourhood(L_2, 0.250411558405805, accuracy)",12435,0,0.0,0,0.004
dpctgan,"LocalNeighbourhood(L_2, 0.250411558405805, accuracy)",12435,1,0.0,0,0.004
dpctgan,"LocalNeighbourhood(L_2, 0.250411558405805, accuracy)",12435,0,0.0,0,0.004
dpctgan,"LocalNeighbourhood(L_2, 0.250411558405805, accuracy)",12435,1,0.002,0,0.004
dpctgan,"LocalNeighbourhood(L_2, 0.250411558405805, accuracy)",12435,0,0.0,0,0.004
dpctgan,"LocalNeighbourhood(L_2, 0.250411558405805, accuracy)",12435,1,0.0,0,0.004
dpctgan,"LocalNeighbourhood(L_2, 0.250411558405805, accuracy)",12435,0,0.0,0,0.004
dpctgan,"LocalNeighbourhood(L_2, 0.250411558405805, accuracy)",12435,1,0.0,0,0.004
dpctgan,"LocalNeighbourhood(L_2, 0.250411558405805, accuracy)",12435,0,0.0,0,0.004
dpctgan,"LocalNeighbourhood(L_2, 0.250411558405805, accuracy)",12435,1,0.0,0,0.004
dpctgan,"LocalNeighbourhood(L_2, 0.250411558405805, accuracy)",12435,0,0.0,0,0.004
dpctgan,"LocalNeighbourhood(L_2, 0.250411558405805, accuracy)",12435,1,0.0,0,0.004
dpctgan,"LocalNeighbourhood(L_2, 0.250411558405805, accuracy)",12435,0,0.0,0,0.004
dpctgan,"LocalNeighbourhood(L_2, 0.250411558405805, accuracy)",12435,1,0.0,0,0.004
dpctgan,"LocalNeighbourhood(L_2, 0.250411558405805, accuracy)",12435,0,0.0,0,0.004
dpctgan,"LocalNeighbourhood(L_2, 0.250411558405805, accuracy)",12435,1,0.0,0,0.004
dpctgan,"LocalNeighbourhood(L_2, 0.250411558405805, accuracy)",12435,0,0.0,0,0.004
dpctgan,"LocalNeighbourhood(L_2, 0.250411558405805, accuracy)",12435,1,0.0,0,0.004
dpctgan,"LocalNeighbourhood(L_2, 0.250411558405805, accuracy)",12435,0,0.0,0,0.004
dpctgan,"LocalNeighbourhood(L_2, 0.250411558405805, accuracy)",12435,1,0.002,0,0.004
dpctgan,"LocalNeighbourhood(L_2, 0.250411558405805, accuracy)",12435,0,0.0,0,0.004
dpctgan,"LocalNeighbourhood(L_2, 0.250411558405805, accuracy)",12435,1,0.0,0,0.004
dpctgan,"LocalNeighbourhood(L_2, 0.250411558405805, accuracy)",12435,0,0.0,0,0.004
dpctgan,"LocalNeighbourhood(L_2, 0.250411558405805, accuracy)",12435,1,0.0,0,0.004
dpctgan,"LocalNeighbourhood(L_2, 0.250411558405805, accuracy)",12435,0,0.0,0,0.004
dpctgan,"LocalNeighbourhood(L_2, 0.250411558405805, accuracy)",12435,1,0.0,0,0.004
dpctgan,"LocalNeighbourhood(L_2, 0.250411558405805, accuracy)",12435,0,0.0,0,0.004
dpctgan,"LocalNeighbourhood(L_2, 0.250411558405805, accuracy)",12435,1,0.0,0,0.004
dpctgan,"LocalNeighbourhood(L_2, 0.250411558405805, accuracy)",12435,0,0.0,0,0.004
dpctgan,"LocalNeighbourhood(L_2, 0.250411558405805, accuracy)",12435,1,0.0,0,0.004
dpctgan,"LocalNeighbourhood(L_2, 0.250411558405805, accuracy)",12435,0,0.0,0,0.004
dpctgan,"LocalNeighbourhood(L_2, 0.250411558405805, accuracy)",12435,1,0.0,0,0.004
dpctgan,"LocalNeighbourhood(L_2, 0.250411558405805, accuracy)",12435,0,0.0,0,0.004
dpctgan,"LocalNeighbourhood(L_2, 0.250411558405805, accuracy)",12435,1,0.002,0,0.004
dpctgan,"LocalNeighbourhood(L_2, 0.250411558405805, accuracy)",12435,0,0.0,0,0.004
dpctgan,"LocalNeighbourhood(L_2, 0.250411558405805, accuracy)",12435,1,0.0,0,0.004
dpctgan,"LocalNeighbourhood(L_2, 0.250411558405805, accuracy)",12435,0,0.0,0,0.004
dpctgan,"LocalNeighbourhood(L_2, 0.250411558405805, accuracy)",12435,1,0.0,0,0.004
dpctgan,"LocalNeighbourhood(L_2, 0.250411558405805, accuracy)",12435,0,0.0,0,0.004
dpctgan,"LocalNeighbourhood(L_2, 0.250411558405805, accuracy)",12435,1,0.0,0,0.004
dpctgan,"LocalNeighbourhood(L_2, 0.250411558405805, accuracy)",12435,0,0.0,0,0.004
dpctgan,"LocalNeighbourhood(L_2, 0.250411558405805, accuracy)",12435,1,0.0,0,0.004
dpctgan,"LocalNeighbourhood(L_2, 0.250411558405805, accuracy)",12435,0,0.0,0,0.004
dpctgan,"LocalNeighbourhood(L_2, 0.250411558405805, accuracy)",12435,1,0.0,0,0.004
dpctgan,"LocalNeighbourhood(L_2, 0.250411558405805, accuracy)",12435,0,0.0,0,0.004
dpctgan,"LocalNeighbourhood(L_2, 0.250411558405805, accuracy)",12435,1,0.0,0,0.004
dpctgan,"LocalNeighbourhood(L_2, 0.250411558405805, accuracy)",12435,0,0.0,0,0.004
dpctgan,"LocalNeighbourhood(L_2, 0.250411558405805, accuracy)",12435,1,0.0,0,0.004
dpctgan,"LocalNeighbourhood(L_2, 0.250411558405805, accuracy)",12435,0,0.0,0,0.004
dpctgan,"LocalNeighbourhood(L_2, 0.250411558405805, accuracy)",12435,1,0.0,0,0.004
dpctgan,"LocalNeighbourhood(L_2, 0.250411558405805, accuracy)",12435,0,0.0,0,0.004
dpctgan,"LocalNeighbourhood(L_2, 0.250411558405805, accuracy)",12435,1,0.0,0,0.004
dpctgan,"LocalNeighbourhood(L_2, 0.250411558405805, accuracy)",12435,0,0.0,0,0.004
dpctgan,"LocalNeighbourhood(L_2, 0.250411558405805, accuracy)",12435,1,0.0,0,0.004
dpctgan,"LocalNeighbourhood(L_2, 0.250411558405805, accuracy)",12435,0,0.0,0,0.004
dpctgan,"LocalNeighbourhood(L_2, 0.250411558405805, accuracy)",12435,1,0.0,0,0.004
dpctgan,"LocalNeighbourhood(L_2, 0.250411558405805, accuracy)",12435,0,0.0,0,0.004
dpctgan,"LocalNeighbourhood(L_2, 0.250411558405805, accuracy)",12435,1,0.0,0,0.004
dpctgan,"LocalNeighbourhood(L_2, 0.250411558405805, accuracy)",12435,0,0.0,0,0.004
dpctgan,"LocalNeighbourhood(L_2, 0.250411558405805, accuracy)",12435,1,0.0,0,0.004
dpctgan,"LocalNeighbourhood(L_2, 0.250411558405805, accuracy)",12435,0,0.0,0,0.004
dpctgan,"LocalNeighbourhood(L_2, 0.250411558405805, accuracy)",12435,1,0.006,1,0.004
dpctgan,"LocalNeighbourhood(L_2, 0.250411558405805, accuracy)",12435,0,0.002,0,0.004
dpctgan,"LocalNeighbourhood(L_2, 0.250411558405805, accuracy)",12435,1,0.0,0,0.004
dpctgan,"LocalNeighbourhood(L_2, 0.250411558405805, accuracy)",12435,0,0.0,0,0.004
dpctgan,"LocalNeighbourhood(L_2, 0.250411558405805, accuracy)",12435,1,0.0,0,0.004
dpctgan,"LocalNeighbourhood(L_2, 0.250411558405805, accuracy)",12435,0,0.0,0,0.004
dpctgan,"LocalNeighbourhood(L_2, 0.250411558405805, accuracy)",12435,1,0.0,0,0.004
dpctgan,"LocalNeighbourhood(L_2, 0.250411558405805, accuracy)",12435,0,0.0,0,0.004
dpctgan,"LocalNeighbourhood(L_2, 0.250411558405805, accuracy)",12435,1,0.0,0,0.004
dpctgan,"LocalNeighbourhood(L_2, 0.250411558405805, accuracy)",12435,0,0.0,0,0.004
dpctgan,"LocalNeighbourhood(L_2, 0.250411558405805, accuracy)",12435,1,0.0,0,0.004
dpctgan,"LocalNeighbourhood(L_2, 0.250411558405805, accuracy)",12435,0,0.0,0,0.004
dpctgan,"LocalNeighbourhood(L_2, 0.250411558405805, accuracy)",12435,1,0.0,0,0.004
dpctgan,"LocalNeighbourhood(L_2, 0.250411558405805, accuracy)",12435,0,0.0,0,0.004
dpctgan,"LocalNeighbourhood(L_2, 0.250411558405805, accuracy)",12435,1,0.0,0,0.004
dpctgan,"LocalNeighbourhood(L_2, 0.250411558405805, accuracy)",12435,0,0.0,0,0.004
dpctgan,"LocalNeighbourhood(L_2, 0.250411558405805, accuracy)",12435,1,0.002,0,0.004
dpctgan,"LocalNeighbourhood(L_2, 0.250411558405805, accuracy)",12435,0,0.0,0,0.004
dpctgan,"LocalNeighbourhood(L_2, 0.250411558405805, accuracy)",12435,1,0.0,0,0.004
dpctgan,"LocalNeighbourhood(L_2, 0.250411558405805, accuracy)",12435,0,0.0,0,0.004
dpctgan,"LocalNeighbourhood(L_2, 0.250411558405805, accuracy)",12435,1,0.0,0,0.004
dpctgan,"LocalNeighbourhood(L_2, 0.250411558405805, accuracy)",12435,0,0.002,0,0.004
dpctgan,"LocalNeighbourhood(L_2, 0.250411558405805, accuracy)",12435,1,0.0,0,0.004
dpctgan,"LocalNeighbourhood(L_2, 0.250411558405805, accuracy)",12435,0,0.0,0,0.004
dpctgan,"LocalNeighbourhood(L_2, 0.250411558405805, accuracy)",12435,1,0.0,0,0.004
dpctgan,"LocalNeighbourhood(L_2, 0.250411558405805, accuracy)",12435,0,0.0,0,0.004
dpctgan,"LocalNeighbourhood(L_2, 0.250411558405805, accuracy)",12435,1,0.0,0,0.004
dpctgan,"LocalNeighbourhood(L_2, 0.250411558405805, accuracy)",12435,0,0.0,0,0.004
dpctgan,"LocalNeighbourhood(L_2, 0.250411558405805, accuracy)",12435,1,0.0,0,0.004
dpctgan,"LocalNeighbourhood(L_2, 0.250411558405805, accuracy)",12435,0,0.0,0,0.004
dpctgan,"LocalNeighbourhood(L_2, 0.250411558405805, accuracy)",12435,1,0.0,0,0.004
dpctgan,"LocalNeighbourhood(L_2, 0.250411558405805, accuracy)",12435,0,0.002,0,0.004
dpctgan,"LocalNeighbourhood(L_2, 0.250411558405805, accuracy)",12435,1,0.0,0,0.004
dpctgan,"LocalNeighbourhood(L_2, 0.250411558405805, accuracy)",12435,0,0.006,1,0.004
dpctgan,"LocalNeighbourhood(L_2, 0.250411558405805, accuracy)",12435,1,0.0,0,0.004
dpctgan,"LocalNeighbourhood(L_2, 0.250411558405805, accuracy)",12435,0,0.002,0,0.004
dpctgan,"LocalNeighbourhood(L_2, 0.250411558405805, accuracy)",12435,1,0.0,0,0.004
dpctgan,"LocalNeighbourhood(L_2, 0.250411558405805, accuracy)",12435,0,0.008,1,0.004
dpctgan,"LocalNeighbourhood(L_2, 0.250411558405805, accuracy)",12435,1,0.0,0,0.004
dpctgan,"LocalNeighbourhood(L_2, 0.250411558405805, accuracy)",12435,0,0.0,0,0.004
dpctgan,"LocalNeighbourhood(L_2, 0.250411558405805, accuracy)",12435,1,0.002,0,0.004
dpctgan,"LocalNeighbourhood(L_2, 0.250411558405805, accuracy)",12435,0,0.0,0,0.004
dpctgan,"LocalNeighbourhood(L_2, 0.250411558405805, accuracy)",12435,1,0.0,0,0.004
dpctgan,"LocalNeighbourhood(L_2, 0.250411558405805, accuracy)",12435,0,0.0,0,0.004
dpctgan,"LocalNeighbourhood(L_2, 0.250411558405805, accuracy)",12435,1,0.0,0,0.004
dpctgan,"LocalNeighbourhood(L_2, 0.250411558405805, accuracy)",12435,0,0.0,0,0.004
dpctgan,"LocalNeighbourhood(L_2, 0.250411558405805, accuracy)",12435,1,0.0,0,0.004
dpctgan,"LocalNeighbourhood(L_2, 0.250411558405805, accuracy)",12435,0,0.0,0,0.004
dpctgan,"LocalNeighbourhood(L_2, 0.250411558405805, accuracy)",12435,1,0.0,0,0.004
dpctgan,"LocalNeighbourhood(L_2, 0.250411558405805, accuracy)",12435,0,0.002,0,0.004
dpctgan,"LocalNeighbourhood(L_2, 0.250411558405805, accuracy)",12435,1,0.004,1,0.004
dpctgan,"LocalNeighbourhood(L_2, 0.250411558405805, accuracy)",12435,0,0.0,0,0.004
dpctgan,"LocalNeighbourhood(L_2, 0.250411558405805, accuracy)",12435,1,0.0,0,0.004
dpctgan,"LocalNeighbourhood(L_2, 0.250411558405805, accuracy)",12435,0,0.0,0,0.004
dpctgan,"LocalNeighbourhood(L_2, 0.250411558405805, accuracy)",12435,1,0.0,0,0.004
dpctgan,"LocalNeighbourhood(L_2, 0.250411558405805, accuracy)",12435,0,0.0,0,0.004
dpctgan,"LocalNeighbourhood(L_2, 0.250411558405805, accuracy)",12435,1,0.0,0,0.004
dpctgan,"LocalNeighbourhood(L_2, 0.250411558405805, accuracy)",12435,0,0.0,0,0.004
dpctgan,"LocalNeighbourhood(L_2, 0.250411558405805, accuracy)",12435,1,0.0,0,0.004
dpctgan,"LocalNeighbourhood(L_2, 0.250411558405805, accuracy)",12435,0,0.0,0,0.004
dpctgan,"LocalNeighbourhood(L_2, 0.250411558405805, accuracy)",12435,1,0.0,0,0.004
dpctgan,"LocalNeighbourhood(L_2, 0.250411558405805, accuracy)",12435,0,0.0,0,0.004
dpctgan,"LocalNeighbourhood(L_2, 0.250411558405805, accuracy)",12435,1,0.0,0,0.004
dpctgan,"LocalNeighbourhood(L_2, 0.250411558405805, accuracy)",12435,0,0.0,0,0.004
dpctgan,"LocalNeighbourhood(L_2, 0.250411558405805, accuracy)",12435,1,0.002,0,0.004
dpctgan,"LocalNeighbourhood(L_2, 0.250411558405805, accuracy)",12435,0,0.0,0,0.004
dpctgan,"LocalNeighbourhood(L_2, 0.250411558405805, accuracy)",12435,1,0.0,0,0.004
dpctgan,"LocalNeighbourhood(L_2, 0.250411558405805, accuracy)",12435,0,0.0,0,0.004
dpctgan,"LocalNeighbourhood(L_2, 0.250411558405805, accuracy)",12435,1,0.002,0,0.004
dpctgan,"LocalNeighbourhood(L_2, 0.250411558405805, accuracy)",12435,0,0.006,1,0.004
dpctgan,"LocalNeighbourhood(L_2, 0.250411558405805, accuracy)",12435,1,0.0,0,0.004
dpctgan,"LocalNeighbourhood(L_2, 0.250411558405805, accuracy)",12435,0,0.0,0,0.004
dpctgan,"LocalNeighbourhood(L_2, 0.250411558405805, accuracy)",12435,1,0.0,0,0.004
dpctgan,"LocalNeighbourhood(L_2, 0.250411558405805, accuracy)",12435,0,0.002,0,0.004
dpctgan,"LocalNeighbourhood(L_2, 0.250411558405805, accuracy)",12435,1,0.0,0,0.004
dpctgan,"LocalNeighbourhood(L_2, 0.250411558405805, accuracy)",12435,0,0.0,0,0.004
dpctgan,"LocalNeighbourhood(L_2, 0.250411558405805, accuracy)",12435,1,0.0,0,0.004
dpctgan,"LocalNeighbourhood(L_2, 0.250411558405805, accuracy)",12435,0,0.0,0,0.004
dpctgan,"LocalNeighbourhood(L_2, 0.250411558405805, accuracy)",12435,1,0.0,0,0.004
dpctgan,"LocalNeighbourhood(L_2, 0.250411558405805, accuracy)",12435,0,0.0,0,0.004
dpctgan,"LocalNeighbourhood(L_2, 0.250411558405805, accuracy)",12435,1,0.0,0,0.004
dpctgan,"LocalNeighbourhood(L_2, 0.250411558405805, accuracy)",12435,0,0.0,0,0.004
dpctgan,"LocalNeighbourhood(L_2, 0.250411558405805, accuracy)",12435,1,0.0,0,0.004
dpctgan,"LocalNeighbourhood(L_2, 0.250411558405805, accuracy)",12435,0,0.0,0,0.004
dpctgan,"LocalNeighbourhood(L_2, 0.250411558405805, accuracy)",12435,1,0.0,0,0.004
dpctgan,"LocalNeighbourhood(L_2, 0.250411558405805, accuracy)",12435,0,0.0,0,0.004
dpctgan,"LocalNeighbourhood(L_2, 0.250411558405805, accuracy)",12435,1,0.0,0,0.004
dpctgan,"LocalNeighbourhood(L_2, 0.250411558405805, accuracy)",12435,0,0.0,0,0.004
dpctgan,"LocalNeighbourhood(L_2, 0.250411558405805, accuracy)",12435,1,0.0,0,0.004
dpctgan,"LocalNeighbourhood(L_2, 0.250411558405805, accuracy)",12435,0,0.0,0,0.004
dpctgan,"LocalNeighbourhood(L_2, 0.250411558405805, accuracy)",12435,1,0.0,0,0.004
dpctgan,"LocalNeighbourhood(L_2, 0.250411558405805, accuracy)",12435,0,0.0,0,0.004
dpctgan,"LocalNeighbourhood(L_2, 0.250411558405805, accuracy)",12435,1,0.0,0,0.004
dpctgan,"LocalNeighbourhood(L_2, 0.250411558405805, accuracy)",12435,0,0.0,0,0.004
dpctgan,"LocalNeighbourhood(L_2, 0.250411558405805, accuracy)",12435,1,0.0,0,0.004
dpctgan,"LocalNeighbourhood(L_2, 0.250411558405805, accuracy)",12435,0,0.0,0,0.004
dpctgan,"LocalNeighbourhood(L_2, 0.250411558405805, accuracy)",12435,1,0.0,0,0.004
dpctgan,"LocalNeighbourhood(L_2, 0.250411558405805, accuracy)",12435,0,0.0,0,0.004
dpctgan,"LocalNeighbourhood(L_2, 0.250411558405805, accuracy)",12435,1,0.0,0,0.004
dpctgan,"LocalNeighbourhood(L_2, 0.250411558405805, accuracy)",12435,0,0.0,0,0.004
dpctgan,"LocalNeighbourhood(L_2, 0.250411558405805, accuracy)",12435,1,0.0,0,0.004
dpctgan,"LocalNeighbourhood(L_2, 0.250411558405805, accuracy)",12435,0,0.0,0,0.004
dpctgan,"LocalNeighbourhood(L_2, 0.250411558405805, accuracy)",12435,1,0.0,0,0.004
dpctgan,"LocalNeighbourhood(L_2, 0.250411558405805, accuracy)",12435,0,0.0,0,0.004
dpctgan,"LocalNeighbourhood(L_2, 0.250411558405805, accuracy)",12435,1,0.0,0,0.004
dpctgan,"LocalNeighbourhood(L_2, 0.250411558405805, accuracy)",12435,0,0.0,0,0.004
dpctgan,"LocalNeighbourhood(L_2, 0.250411558405805, accuracy)",12435,1,0.0,0,0.004
dpctgan,"LocalNeighbourhood(L_2, 0.250411558405805, accuracy)",12435,0,0.0,0,0.004
dpctgan,"LocalNeighbourhood(L_2, 0.250411558405805, accuracy)",12435,1,0.0,0,0.004
dpctgan,"LocalNeighbourhood(L_2, 0.250411558405805, accuracy)",12435,0,0.0,0,0.004
dpctgan,"LocalNeighbourhood(L_2, 0.250411558405805, accuracy)",12435,1,0.0,0,0.004
dpctgan,"LocalNeighbourhood(L_2, 0.250411558405805, accuracy)",12435,0,0.0,0,0.004
dpctgan,"LocalNeighbourhood(L_2, 0.250411558405805, accuracy)",12435,1,0.0,0,0.004
dpctgan,"LocalNeighbourhood(L_2, 0.250411558405805, accuracy)",12435,0,0.0,0,0.004
dpctgan,"LocalNeighbourhood(L_2, 0.250411558405805, accuracy)",12435,1,0.0,0,0.004
dpctgan,"LocalNeighbourhood(L_2, 0.250411558405805, accuracy)",12435,0,0.0,0,0.004
dpctgan,"LocalNeighbourhood(L_2, 0.250411558405805, accuracy)",12435,1,0.0,0,0.004
dpctgan,"LocalNeighbourhood(L_2, 0.250411558405805, accuracy)",12435,0,0.002,0,0.004
dpctgan,"LocalNeighbourhood(L_2, 0.250411558405805, accuracy)",12435,1,0.0,0,0.004
dpctgan,"LocalNeighbourhood(L_2, 0.250411558405805, accuracy)",12435,0,0.0,0,0.004
dpctgan,"LocalNeighbourhood(L_2, 0.250411558405805, accuracy)",12435,1,0.0,0,0.004
dpctgan,"LocalNeighbourhood(L_2, 0.250411558405805, accuracy)",12435,0,0.0,0,0.004
dpctgan,"LocalNeighbourhood(L_2, 0.250411558405805, accuracy)",12435,1,0.0,0,0.004
dpctgan,"LocalNeighbourhood(L_2, 0.250411558405805, accuracy)",12435,0,0.0,0,0.004
dpctgan,"LocalNeighbourhood(L_2, 0.250411558405805, accuracy)",12435,1,0.0,0,0.004
dpctgan,"LocalNeighbourhood(L_2, 0.250411558405805, accuracy)",12435,0,0.0,0,0.004
dpctgan,"LocalNeighbourhood(L_2, 0.250411558405805, accuracy)",12435,1,0.0,0,0.004
dpctgan,"LocalNeighbourhood(L_2, 0.250411558405805, accuracy)",12435,0,0.0,0,0.004
dpctgan,"LocalNeighbourhood(L_2, 0.250411558405805, accuracy)",12435,1,0.0,0,0.004
dpctgan,"LocalNeighbourhood(L_2, 0.250411558405805, accuracy)",12435,0,0.0,0,0.004
dpctgan,"LocalNeighbourhood(L_2, 0.250411558405805, accuracy)",12435,1,0.0,0,0.004
dpctgan,"LocalNeighbourhood(L_2, 0.250411558405805, accuracy)",12435,0,0.0,0,0.004
dpctgan,"LocalNeighbourhood(L_2, 0.250411558405805, accuracy)",12435,1,0.0,0,0.004
dpctgan,"LocalNeighbourhood(L_2, 0.250411558405805, accuracy)",12435,0,0.0,0,0.004
dpctgan,"LocalNeighbourhood(L_2, 0.250411558405805, accuracy)",12435,1,0.0,0,0.004
dpctgan,"LocalNeighbourhood(L_2, 0.250411558405805, accuracy)",12435,0,0.0,0,0.004
dpctgan,"LocalNeighbourhood(L_2, 0.250411558405805, accuracy)",12435,1,0.0,0,0.004
dpctgan,"LocalNeighbourhood(L_2, 0.250411558405805, accuracy)",12435,0,0.0,0,0.004
dpctgan,"LocalNeighbourhood(L_2, 0.250411558405805, accuracy)",12435,1,0.0,0,0.004
dpctgan,"LocalNeighbourhood(L_2, 0.250411558405805, accuracy)",12435,0,0.0,0,0.004
dpctgan,"LocalNeighbourhood(L_2, 0.250411558405805, accuracy)",12435,1,0.0,0,0.004
dpctgan,"LocalNeighbourhood(L_2, 0.250411558405805, accuracy)",12435,0,0.0,0,0.004
dpctgan,"LocalNeighbourhood(L_2, 0.250411558405805, accuracy)",12435,1,0.0,0,0.004
dpctgan,"LocalNeighbourhood(L_2, 0.250411558405805, accuracy)",12435,0,0.0,0,0.004
dpctgan,"LocalNeighbourhood(L_2, 0.250411558405805, accuracy)",12435,1,0.0,0,0.004
dpctgan,"LocalNeighbourhood(L_2, 0.250411558405805, accuracy)",12435,0,0.0,0,0.004
dpctgan,"LocalNeighbourhood(L_2, 0.250411558405805, accuracy)",12435,1,0.0,0,0.004
dpctgan,"LocalNeighbourhood(L_2, 0.250411558405805, accuracy)",12435,0,0.002,0,0.004
dpctgan,"LocalNeighbourhood(L_2, 0.250411558405805, accuracy)",12435,1,0.0,0,0.004
dpctgan,"LocalNeighbourhood(L_2, 0.250411558405805, accuracy)",12435,0,0.0,0,0.004
dpctgan,"LocalNeighbourhood(L_2, 0.250411558405805, accuracy)",12435,1,0.0,0,0.004
dpctgan,"LocalNeighbourhood(L_2, 0.250411558405805, accuracy)",12435,0,0.0,0,0.004
dpctgan,"LocalNeighbourhood(L_2, 0.250411558405805, accuracy)",12435,1,0.0,0,0.004
dpctgan,"LocalNeighbourhood(L_2, 0.250411558405805, accuracy)",12435,0,0.0,0,0.004
dpctgan,"LocalNeighbourhood(L_2, 0.250411558405805, accuracy)",12435,1,0.0,0,0.004
dpctgan,"LocalNeighbourhood(L_2, 0.250411558405805, accuracy)",12435,0,0.0,0,0.004
dpctgan,"LocalNeighbourhood(L_2, 0.250411558405805, accuracy)",12435,1,0.0,0,0.004
dpctgan,"LocalNeighbourhood(L_2, 0.250411558405805, accuracy)",12435,0,0.0,0,0.004
dpctgan,"LocalNeighbourhood(L_2, 0.250411558405805, accuracy)",12435,1,0.0,0,0.004
dpctgan,"LocalNeighbourhood(L_2, 0.250411558405805, accuracy)",12435,0,0.0,0,0.004
dpctgan,"LocalNeighbourhood(L_2, 0.250411558405805, accuracy)",12435,1,0.0,0,0.004
dpctgan,"LocalNeighbourhood(L_2, 0.250411558405805, accuracy)",12435,0,0.0,0,0.004
dpctgan,"LocalNeighbourhood(L_2, 0.250411558405805, accuracy)",12435,1,0.0,0,0.004
dpctgan,"LocalNeighbourhood(L_2, 0.250411558405805, accuracy)",12435,0,0.0,0,0.004
dpctgan,"LocalNeighbourhood(L_2, 0.250411558405805, accuracy)",12435,1,0.0,0,0.004
dpctgan,"LocalNeighbourhood(L_2, 0.250411558405805, accuracy)",12435,0,0.0,0,0.004
dpctgan,"LocalNeighbourhood(L_2, 0.250411558405805, accuracy)",12435,1,0.0,0,0.004
dpctgan,"LocalNeighbourhood(L_2, 0.250411558405805, accuracy)",12435,0,0.0,0,0.004
dpctgan,"LocalNeighbourhood(L_2, 0.250411558405805, accuracy)",12435,1,0.0,0,0.004
dpctgan,"LocalNeighbourhood(L_2, 0.250411558405805, accuracy)",12435,0,0.0,0,0.004
dpctgan,"LocalNeighbourhood(L_2, 0.250411558405805, accuracy)",12435,1,0.0,0,0.004
dpctgan,"LocalNeighbourhood(L_2, 0.250411558405805, accuracy)",12435,0,0.0,0,0.004
dpctgan,"LocalNeighbourhood(L_2, 0.250411558405805, accuracy)",12435,1,0.0,0,0.004
dpctgan,"LocalNeighbourhood(L_2, 0.250411558405805, accuracy)",12435,0,0.0,0,0.004
dpctgan,"LocalNeighbourhood(L_2, 0.250411558405805, accuracy)",12435,1,0.0,0,0.004
dpctgan,"LocalNeighbourhood(L_2, 0.250411558405805, accuracy)",12435,0,0.0,0,0.004
dpctgan,"LocalNeighbourhood(L_2, 0.250411558405805, accuracy)",12435,1,0.0,0,0.004
dpctgan,"LocalNeighbourhood(L_2, 0.250411558405805, accuracy)",12435,0,0.0,0,0.004
dpctgan,"LocalNeighbourhood(L_2, 0.250411558405805, accuracy)",12435,1,0.002,0,0.004
dpctgan,"LocalNeighbourhood(L_2, 0.250411558405805, accuracy)",12435,0,0.002,0,0.004
dpctgan,"LocalNeighbourhood(L_2, 0.250411558405805, accuracy)",12435,1,0.002,0,0.004
dpctgan,"LocalNeighbourhood(L_2, 0.250411558405805, accuracy)",12435,0,0.0,0,0.004
dpctgan,"LocalNeighbourhood(L_2, 0.250411558405805, accuracy)",12435,1,0.0,0,0.004
dpctgan,"LocalNeighbourhood(L_2, 0.250411558405805, accuracy)",12435,0,0.0,0,0.004
dpctgan,"LocalNeighbourhood(L_2, 0.250411558405805, accuracy)",12435,1,0.0,0,0.004
dpctgan,"LocalNeighbourhood(L_2, 0.250411558405805, accuracy)",12435,0,0.0,0,0.004
dpctgan,"LocalNeighbourhood(L_2, 0.250411558405805, accuracy)",12435,1,0.0,0,0.004
dpctgan,"LocalNeighbourhood(L_2, 0.250411558405805, accuracy)",12435,0,0.0,0,0.004
dpctgan,"LocalNeighbourhood(L_2, 0.250411558405805, accuracy)",12435,1,0.0,0,0.004
dpctgan,"LocalNeighbourhood(L_2, 0.250411558405805, accuracy)",12435,0,0.0,0,0.004
dpctgan,"LocalNeighbourhood(L_2, 0.250411558405805, accuracy)",12435,1,0.0,0,0.004
dpctgan,"LocalNeighbourhood(L_2, 0.250411558405805, accuracy)",12435,0,0.0,0,0.004
dpctgan,"LocalNeighbourhood(L_2, 0.250411558405805, accuracy)",12435,1,0.0,0,0.004
dpctgan,"LocalNeighbourhood(L_2, 0.250411558405805, accuracy)",12435,0,0.0,0,0.004
dpctgan,"LocalNeighbourhood(L_2, 0.250411558405805, accuracy)",12435,1,0.002,0,0.004
dpctgan,"LocalNeighbourhood(L_2, 0.250411558405805, accuracy)",12435,0,0.0,0,0.004
dpctgan,"LocalNeighbourhood(L_2, 0.250411558405805, accuracy)",12435,1,0.0,0,0.004
dpctgan,"LocalNeighbourhood(L_2, 0.250411558405805, accuracy)",12435,0,0.0,0,0.004
dpctgan,"LocalNeighbourhood(L_2, 0.250411558405805, accuracy)",12435,1,0.0,0,0.004
dpctgan,"LocalNeighbourhood(L_2, 0.250411558405805, accuracy)",12435,0,0.0,0,0.004
dpctgan,"LocalNeighbourhood(L_2, 0.250411558405805, accuracy)",12435,1,0.0,0,0.004
dpctgan,"LocalNeighbourhood(L_2, 0.250411558405805, accuracy)",12435,0,0.0,0,0.004
dpctgan,"LocalNeighbourhood(L_2, 0.250411558405805, accuracy)",12435,1,0.0,0,0.004
dpctgan,"LocalNeighbourhood(L_2, 0.250411558405805, accuracy)",12435,0,0.0,0,0.004
dpctgan,"LocalNeighbourhood(L_2, 0.250411558405805, accuracy)",12435,1,0.0,0,0.004
dpctgan,"LocalNeighbourhood(L_2, 0.250411558405805, accuracy)",12435,0,0.0,0,0.004
dpctgan,"LocalNeighbourhood(L_2, 0.250411558405805, accuracy)",12435,1,0.0,0,0.004
dpctgan,"LocalNeighbourhood(L_2, 0.250411558405805, accuracy)",12435,0,0.0,0,0.004
dpctgan,"LocalNeighbourhood(L_2, 0.250411558405805, accuracy)",12435,1,0.0,0,0.004
dpctgan,"LocalNeighbourhood(L_2, 0.250411558405805, accuracy)",12435,0,0.0,0,0.004
dpctgan,"LocalNeighbourhood(L_2, 0.250411558405805, accuracy)",12435,1,0.0,0,0.004
dpctgan,"LocalNeighbourhood(L_2, 0.250411558405805, accuracy)",12435,0,0.0,0,0.004
dpctgan,"LocalNeighbourhood(L_2, 0.250411558405805, accuracy)",12435,1,0.0,0,0.004
dpctgan,"LocalNeighbourhood(L_2, 0.250411558405805, accuracy)",12435,0,0.0,0,0.004
dpctgan,"LocalNeighbourhood(L_2, 0.250411558405805, accuracy)",12435,1,0.004,1,0.004
dpctgan,"LocalNeighbourhood(L_2, 0.250411558405805, accuracy)",12435,0,0.0,0,0.004
dpctgan,"LocalNeighbourhood(L_2, 0.250411558405805, accuracy)",12435,1,0.0,0,0.004
dpctgan,"LocalNeighbourhood(L_2, 0.250411558405805, accuracy)",12435,0,0.002,0,0.004
dpctgan,"LocalNeighbourhood(L_2, 0.250411558405805, accuracy)",12435,1,0.002,0,0.004
dpctgan,"LocalNeighbourhood(L_2, 0.250411558405805, accuracy)",12435,0,0.0,0,0.004
dpctgan,"LocalNeighbourhood(L_2, 0.250411558405805, accuracy)",12435,1,0.002,0,0.004
dpctgan,"LocalNeighbourhood(L_2, 0.250411558405805, accuracy)",12435,0,0.0,0,0.004
dpctgan,"LocalNeighbourhood(L_2, 0.250411558405805, accuracy)",12435,1,0.0,0,0.004
dpctgan,"LocalNeighbourhood(L_2, 0.250411558405805, accuracy)",12435,0,0.0,0,0.004
dpctgan,"LocalNeighbourhood(L_2, 0.250411558405805, accuracy)",12435,1,0.0,0,0.004
dpctgan,"LocalNeighbourhood(L_2, 0.250411558405805, accuracy)",12435,0,0.006,1,0.004
dpctgan,"LocalNeighbourhood(L_2, 0.250411558405805, accuracy)",12435,1,0.0,0,0.004
dpctgan,"LocalNeighbourhood(L_2, 0.250411558405805, accuracy)",12435,0,0.0,0,0.004
dpctgan,"LocalNeighbourhood(L_2, 0.250411558405805, accuracy)",12435,1,0.0,0,0.004
dpctgan,"LocalNeighbourhood(L_2, 0.250411558405805, accuracy)",12435,0,0.0,0,0.004
dpctgan,"LocalNeighbourhood(L_2, 0.250411558405805, accuracy)",12435,1,0.0,0,0.004
dpctgan,"LocalNeighbourhood(L_2, 0.250411558405805, accuracy)",12435,0,0.0,0,0.004
dpctgan,"LocalNeighbourhood(L_2, 0.250411558405805, accuracy)",12435,1,0.0,0,0.004
dpctgan,"LocalNeighbourhood(L_2, 0.250411558405805, accuracy)",12435,0,0.0,0,0.004
dpctgan,"LocalNeighbourhood(L_2, 0.250411558405805, accuracy)",12435,1,0.0,0,0.004
dpctgan,"LocalNeighbourhood(L_2, 0.250411558405805, accuracy)",12435,0,0.0,0,0.004
dpctgan,"LocalNeighbourhood(L_2, 0.250411558405805, accuracy)",12435,1,0.0,0,0.004
dpctgan,"LocalNeighbourhood(L_2, 0.250411558405805, accuracy)",12435,0,0.0,0,0.004
dpctgan,"LocalNeighbourhood(L_2, 0.250411558405805, accuracy)",12435,1,0.0,0,0.004
dpctgan,"LocalNeighbourhood(L_2, 0.250411558405805, accuracy)",12435,0,0.0,0,0.004
dpctgan,"LocalNeighbourhood(L_2, 0.250411558405805, accuracy)",12435,1,0.0,0,0.004
dpctgan,"LocalNeighbourhood(L_2, 0.250411558405805, accuracy)",12435,0,0.0,0,0.004
dpctgan,"LocalNeighbourhood(L_2, 0.250411558405805, accuracy)",12435,1,0.0,0,0.004
dpctgan,"LocalNeighbourhood(L_2, 0.250411558405805, accuracy)",12435,0,0.0,0,0.004
dpctgan,"LocalNeighbourhood(L_2, 0.250411558405805, accuracy)",12435,1,0.0,0,0.004
dpctgan,"LocalNeighbourhood(L_2, 0.250411558405805, accuracy)",12435,0,0.006,1,0.004
dpctgan,"LocalNeighbourhood(L_2, 0.250411558405805, accuracy)",12435,1,0.0,0,0.004
dpctgan,"LocalNeighbourhood(L_2, 0.250411558405805, accuracy)",12435,0,0.0,0,0.004
dpctgan,"LocalNeighbourhood(L_2, 0.250411558405805, accuracy)",12435,1,0.0,0,0.004
dpctgan,"LocalNeighbourhood(L_2, 0.250411558405805, accuracy)",12435,0,0.0,0,0.004
dpctgan,"LocalNeighbourhood(L_2, 0.250411558405805, accuracy)",12435,1,0.0,0,0.004
dpctgan,"LocalNeighbourhood(L_2, 0.250411558405805, accuracy)",12435,0,0.0,0,0.004
dpctgan,"LocalNeighbourhood(L_2, 0.250411558405805, accuracy)",12435,1,0.0,0,0.004
dpctgan,"LocalNeighbourhood(L_2, 0.250411558405805, accuracy)",12435,0,0.0,0,0.004
dpctgan,"LocalNeighbourhood(L_2, 0.250411558405805, accuracy)",12435,1,0.002,0,0.004
dpctgan,"LocalNeighbourhood(L_2, 0.250411558405805, accuracy)",12435,0,0.0,0,0.004
dpctgan,"LocalNeighbourhood(L_2, 0.250411558405805, accuracy)",12435,1,0.0,0,0.004
dpctgan,"LocalNeighbourhood(L_2, 0.250411558405805, accuracy)",12435,0,0.0,0,0.004
dpctgan,"LocalNeighbourhood(L_2, 0.250411558405805, accuracy)",12435,1,0.0,0,0.004
dpctgan,"LocalNeighbourhood(L_2, 0.250411558405805, accuracy)",12435,0,0.0,0,0.004
dpctgan,"LocalNeighbourhood(L_2, 0.250411558405805, accuracy)",12435,1,0.0,0,0.004
dpctgan,"LocalNeighbourhood(L_2, 0.250411558405805, accuracy)",12435,0,0.0,0,0.004
dpctgan,"LocalNeighbourhood(L_2, 0.250411558405805, accuracy)",12435,1,0.0,0,0.004
dpctgan,"LocalNeighbourhood(L_2, 0.250411558405805, accuracy)",12435,0,0.0,0,0.004
dpctgan,"LocalNeighbourhood(L_2, 0.250411558405805, accuracy)",12435,1,0.0,0,0.004
dpctgan,"LocalNeighbourhood(L_2, 0.250411558405805, accuracy)",12435,0,0.002,0,0.004
dpctgan,"LocalNeighbourhood(L_2, 0.250411558405805, accuracy)",12435,1,0.0,0,0.004
dpctgan,"LocalNeighbourhood(L_2, 0.250411558405805, accuracy)",12435,0,0.002,0,0.004
dpctgan,"LocalNeighbourhood(L_2, 0.250411558405805, accuracy)",12435,1,0.0,0,0.004
dpctgan,"LocalNeighbourhood(L_2, 0.250411558405805, accuracy)",12435,0,0.0,0,0.004
dpctgan,"LocalNeighbourhood(L_2, 0.250411558405805, accuracy)",12435,1,0.0,0,0.004
dpctgan,"LocalNeighbourhood(L_2, 0.250411558405805, accuracy)",12435,0,0.0,0,0.004
dpctgan,"LocalNeighbourhood(L_2, 0.250411558405805, accuracy)",12435,1,0.002,0,0.004
dpctgan,"LocalNeighbourhood(L_2, 0.250411558405805, accuracy)",12435,0,0.0,0,0.004
dpctgan,"LocalNeighbourhood(L_2, 0.250411558405805, accuracy)",12435,1,0.0,0,0.004
dpctgan,"LocalNeighbourhood(L_2, 0.250411558405805, accuracy)",12435,0,0.0,0,0.004
dpctgan,"LocalNeighbourhood(L_2, 0.250411558405805, accuracy)",12435,1,0.0,0,0.004
dpctgan,"LocalNeighbourhood(L_2, 0.250411558405805, accuracy)",12435,0,0.0,0,0.004
dpctgan,"LocalNeighbourhood(L_2, 0.250411558405805, accuracy)",12435,1,0.0,0,0.004
dpctgan,"LocalNeighbourhood(L_2, 0.250411558405805, accuracy)",12435,0,0.0,0,0.004
dpctgan,"LocalNeighbourhood(L_2, 0.250411558405805, accuracy)",12435,1,0.0,0,0.004
dpctgan,"LocalNeighbourhood(L_2, 0.250411558405805, accuracy)",12435,0,0.0,0,0.004
dpctgan,"LocalNeighbourhood(L_2, 0.250411558405805, accuracy)",12435,1,0.006,1,0.004
dpctgan,"LocalNeighbourhood(L_2, 0.250411558405805, accuracy)",12435,0,0.0,0,0.004
dpctgan,"LocalNeighbourhood(L_2, 0.250411558405805, accuracy)",12435,1,0.0,0,0.004
dpctgan,"LocalNeighbourhood(L_2, 0.250411558405805, accuracy)",12435,0,0.0,0,0.004
dpctgan,"LocalNeighbourhood(L_2, 0.250411558405805, accuracy)",12435,1,0.0,0,0.004
dpctgan,"LocalNeighbourhood(L_2, 0.250411558405805, accuracy)",12435,0,0.01,1,0.004
dpctgan,"LocalNeighbourhood(L_2, 0.250411558405805, accuracy)",12435,1,0.0,0,0.004
dpctgan,"LocalNeighbourhood(L_2, 0.250411558405805, accuracy)",12435,0,0.0,0,0.004
dpctgan,"LocalNeighbourhood(L_2, 0.250411558405805, accuracy)",12435,1,0.0,0,0.004
dpctgan,"LocalNeighbourhood(L_2, 0.250411558405805, accuracy)",12435,0,0.0,0,0.004
dpctgan,"LocalNeighbourhood(L_2, 0.250411558405805, accuracy)",12435,1,0.002,0,0.004
dpctgan,"LocalNeighbourhood(L_2, 0.250411558405805, accuracy)",12435,0,0.0,0,0.004
dpctgan,"LocalNeighbourhood(L_2, 0.250411558405805, accuracy)",12435,1,0.0,0,0.004
dpctgan,"LocalNeighbourhood(L_2, 0.250411558405805, accuracy)",12435,0,0.0,0,0.004
dpctgan,"LocalNeighbourhood(L_2, 0.250411558405805, accuracy)",12435,1,0.0,0,0.004
dpctgan,"LocalNeighbourhood(L_2, 0.250411558405805, accuracy)",12435,0,0.0,0,0.004
dpctgan,"LocalNeighbourhood(L_2, 0.250411558405805, accuracy)",12435,1,0.0,0,0.004
dpctgan,"LocalNeighbourhood(L_2, 0.250411558405805, accuracy)",12435,0,0.0,0,0.004
dpctgan,"LocalNeighbourhood(L_2, 0.250411558405805, accuracy)",12435,1,0.002,0,0.004
dpctgan,"LocalNeighbourhood(L_2, 0.250411558405805, accuracy)",12435,0,0.0,0,0.004
dpctgan,"LocalNeighbourhood(L_2, 0.250411558405805, accuracy)",12435,1,0.0,0,0.004
dpctgan,"LocalNeighbourhood(L_2, 0.250411558405805, accuracy)",12435,0,0.004,1,0.004
dpctgan,"LocalNeighbourhood(L_2, 0.250411558405805, accuracy)",12435,1,0.0,0,0.004
dpctgan,"LocalNeighbourhood(L_2, 0.250411558405805, accuracy)",12435,0,0.0,0,0.004
dpctgan,"LocalNeighbourhood(L_2, 0.250411558405805, accuracy)",12435,1,0.0,0,0.004
dpctgan,"LocalNeighbourhood(L_2, 0.250411558405805, accuracy)",12435,0,0.0,0,0.004
dpctgan,"LocalNeighbourhood(L_2, 0.250411558405805, accuracy)",12435,1,0.0,0,0.004
dpctgan,"LocalNeighbourhood(L_2, 0.250411558405805, accuracy)",12435,0,0.0,0,0.004
dpctgan,"LocalNeighbourhood(L_2, 0.250411558405805, accuracy)",12435,1,0.0,0,0.004
dpctgan,"LocalNeighbourhood(L_2, 0.250411558405805, accuracy)",12435,0,0.0,0,0.004
dpctgan,"LocalNeighbourhood(L_2, 0.250411558405805, accuracy)",12435,1,0.0,0,0.004
dpctgan,"LocalNeighbourhood(L_2, 0.250411558405805, accuracy)",12435,0,0.0,0,0.004
dpctgan,"LocalNeighbourhood(L_2, 0.250411558405805, accuracy)",12435,1,0.0,0,0.004
dpctgan,"LocalNeighbourhood(L_2, 0.250411558405805, accuracy)",12435,0,0.0,0,0.004
dpctgan,"LocalNeighbourhood(L_2, 0.250411558405805, accuracy)",12435,1,0.0,0,0.004
dpctgan,"LocalNeighbourhood(L_2, 0.250411558405805, accuracy)",12435,0,0.0,0,0.004
dpctgan,"LocalNeighbourhood(L_2, 0.250411558405805, accuracy)",12435,1,0.0,0,0.004
dpctgan,"LocalNeighbourhood(L_2, 0.250411558405805, accuracy)",12435,0,0.0,0,0.004
dpctgan,"LocalNeighbourhood(L_2, 0.250411558405805, accuracy)",12435,1,0.0,0,0.004
dpctgan,"LocalNeighbourhood(L_2, 0.250411558405805, accuracy)",12435,0,0.0,0,0.004
dpctgan,"LocalNeighbourhood(L_2, 0.250411558405805, accuracy)",12435,1,0.0,0,0.004
dpctgan,"LocalNeighbourhood(L_2, 0.250411558405805, accuracy)",12435,0,0.0,0,0.004
dpctgan,"LocalNeighbourhood(L_2, 0.250411558405805, accuracy)",12435,1,0.0,0,0.004
dpctgan,"LocalNeighbourhood(L_2, 0.250411558405805, accuracy)",12435,0,0.0,0,0.004
dpctgan,"LocalNeighbourhood(L_2, 0.250411558405805, accuracy)",12435,1,0.0,0,0.004
dpctgan,"LocalNeighbourhood(L_2, 0.250411558405805, accuracy)",12435,0,0.0,0,0.004
dpctgan,"LocalNeighbourhood(L_2, 0.250411558405805, accuracy)",12435,1,0.0,0,0.004
dpctgan,"LocalNeighbourhood(L_2, 0.250411558405805, accuracy)",12435,0,0.0,0,0.004
dpctgan,"LocalNeighbourhood(L_2, 0.250411558405805, accuracy)",12435,1,0.0,0,0.004
dpctgan,"LocalNeighbourhood(L_2, 0.250411558405805, accuracy)",12435,0,0.0,0,0.004
dpctgan,"LocalNeighbourhood(L_2, 0.250411558405805, accuracy)",12435,1,0.0,0,0.004
dpctgan,"LocalNeighbourhood(L_2, 0.250411558405805, accuracy)",12435,0,0.0,0,0.004
dpctgan,"LocalNeighbourhood(L_2, 0.250411558405805, accuracy)",12435,1,0.0,0,0.004
dpctgan,"LocalNeighbourhood(L_2, 0.250411558405805, accuracy)",12435,0,0.002,0,0.004
dpctgan,"LocalNeighbourhood(L_2, 0.250411558405805, accuracy)",12435,1,0.0,0,0.004
dpctgan,"LocalNeighbourhood(L_2, 0.250411558405805, accuracy)",12435,0,0.0,0,0.004
dpctgan,"LocalNeighbourhood(L_2, 0.250411558405805, accuracy)",12435,1,0.0,0,0.004
dpctgan,"LocalNeighbourhood(L_2, 0.250411558405805, accuracy)",12435,0,0.0,0,0.004
dpctgan,"LocalNeighbourhood(L_2, 0.250411558405805, accuracy)",12435,1,0.0,0,0.004
dpctgan,"LocalNeighbourhood(L_2, 0.250411558405805, accuracy)",12435,0,0.0,0,0.004
dpctgan,"LocalNeighbourhood(L_2, 0.250411558405805, accuracy)",12435,1,0.0,0,0.004
dpctgan,"LocalNeighbourhood(L_2, 0.250411558405805, accuracy)",12435,0,0.0,0,0.004
dpctgan,"LocalNeighbourhood(L_2, 0.250411558405805, accuracy)",12435,1,0.0,0,0.004
dpctgan,"LocalNeighbourhood(L_2, 0.250411558405805, accuracy)",12435,0,0.0,0,0.004
dpctgan,"LocalNeighbourhood(L_2, 0.250411558405805, accuracy)",12435,1,0.0,0,0.004
dpctgan,"LocalNeighbourhood(L_2, 0.250411558405805, accuracy)",12435,0,0.0,0,0.004
dpctgan,"LocalNeighbourhood(L_2, 0.250411558405805, accuracy)",12435,1,0.0,0,0.004
dpctgan,"LocalNeighbourhood(L_2, 0.250411558405805, accuracy)",12435,0,0.0,0,0.004
dpctgan,"LocalNeighbourhood(L_2, 0.250411558405805, accuracy)",12435,1,0.002,0,0.004
dpctgan,"LocalNeighbourhood(L_2, 0.250411558405805, accuracy)",12435,0,0.0,0,0.004
dpctgan,"LocalNeighbourhood(L_2, 0.250411558405805, accuracy)",12435,1,0.0,0,0.004
dpctgan,"LocalNeighbourhood(L_2, 0.250411558405805, accuracy)",12435,0,0.0,0,0.004
dpctgan,"LocalNeighbourhood(L_2, 0.250411558405805, accuracy)",12435,1,0.0,0,0.004
dpctgan,"LocalNeighbourhood(L_2, 0.250411558405805, accuracy)",12435,0,0.0,0,0.004
dpctgan,"LocalNeighbourhood(L_2, 0.250411558405805, accuracy)",12435,1,0.0,0,0.004
dpctgan,"LocalNeighbourhood(L_2, 0.250411558405805, accuracy)",12435,0,0.0,0,0.004
dpctgan,"LocalNeighbourhood(L_2, 0.250411558405805, accuracy)",12435,1,0.0,0,0.004
dpctgan,"LocalNeighbourhood(L_2, 0.250411558405805, accuracy)",12435,0,0.002,0,0.004
dpctgan,"LocalNeighbourhood(L_2, 0.250411558405805, accuracy)",12435,1,0.0,0,0.004
dpctgan,"LocalNeighbourhood(L_2, 0.250411558405805, accuracy)",12435,0,0.0,0,0.004
dpctgan,"LocalNeighbourhood(L_2, 0.250411558405805, accuracy)",12435,1,0.01,1,0.004
dpctgan,"LocalNeighbourhood(L_2, 0.250411558405805, accuracy)",12435,0,0.0,0,0.004
dpctgan,"LocalNeighbourhood(L_2, 0.250411558405805, accuracy)",12435,1,0.002,0,0.004
dpctgan,"LocalNeighbourhood(L_2, 0.250411558405805, accuracy)",12435,0,0.0,0,0.004
dpctgan,"LocalNeighbourhood(L_2, 0.250411558405805, accuracy)",12435,1,0.0,0,0.004
dpctgan,"LocalNeighbourhood(L_2, 0.250411558405805, accuracy)",12435,0,0.0,0,0.004
dpctgan,"LocalNeighbourhood(L_2, 0.250411558405805, accuracy)",12435,1,0.0,0,0.004
dpctgan,"LocalNeighbourhood(L_2, 0.250411558405805, accuracy)",12435,0,0.0,0,0.004
dpctgan,"LocalNeighbourhood(L_2, 0.250411558405805, accuracy)",12435,1,0.0,0,0.004
dpctgan,"LocalNeighbourhood(L_2, 0.250411558405805, accuracy)",12435,0,0.0,0,0.004
dpctgan,"LocalNeighbourhood(L_2, 0.250411558405805, accuracy)",12435,1,0.0,0,0.004
dpctgan,"LocalNeighbourhood(L_2, 0.250411558405805, accuracy)",12435,0,0.0,0,0.004
dpctgan,"LocalNeighbourhood(L_2, 0.250411558405805, accuracy)",12435,1,0.0,0,0.004
dpctgan,"LocalNeighbourhood(L_2, 0.250411558405805, accuracy)",12435,0,0.0,0,0.004
dpctgan,"LocalNeighbourhood(L_2, 0.250411558405805, accuracy)",12435,1,0.0,0,0.004
dpctgan,"LocalNeighbourhood(L_2, 0.250411558405805, accuracy)",12435,0,0.008,1,0.004
dpctgan,"LocalNeighbourhood(L_2, 0.250411558405805, accuracy)",12435,1,0.0,0,0.004
dpctgan,"LocalNeighbourhood(L_2, 0.250411558405805, accuracy)",12435,0,0.0,0,0.004
dpctgan,"LocalNeighbourhood(L_2, 0.250411558405805, accuracy)",12435,1,0.0,0,0.004
dpctgan,"LocalNeighbourhood(L_2, 0.250411558405805, accuracy)",12435,0,0.0,0,0.004
dpctgan,"LocalNeighbourhood(L_2, 0.250411558405805, accuracy)",12435,1,0.0,0,0.004
dpctgan,"LocalNeighbourhood(L_2, 0.250411558405805, accuracy)",12435,0,0.0,0,0.004
dpctgan,"LocalNeighbourhood(L_2, 0.250411558405805, accuracy)",12435,1,0.0,0,0.004
dpctgan,"LocalNeighbourhood(L_2, 0.250411558405805, accuracy)",12435,0,0.0,0,0.004
dpctgan,"LocalNeighbourhood(L_2, 0.250411558405805, accuracy)",12435,1,0.0,0,0.004
dpctgan,"LocalNeighbourhood(L_2, 0.250411558405805, accuracy)",12435,0,0.0,0,0.004
dpctgan,"LocalNeighbourhood(L_2, 0.250411558405805, accuracy)",12435,1,0.0,0,0.004
dpctgan,"LocalNeighbourhood(L_2, 0.250411558405805, accuracy)",12435,0,0.0,0,0.004
dpctgan,"LocalNeighbourhood(L_2, 0.250411558405805, accuracy)",12435,1,0.0,0,0.004
dpctgan,"LocalNeighbourhood(L_2, 0.250411558405805, accuracy)",12435,0,0.0,0,0.004
dpctgan,"LocalNeighbourhood(L_2, 0.250411558405805, accuracy)",12435,1,0.0,0,0.004
dpctgan,"LocalNeighbourhood(L_2, 0.250411558405805, accuracy)",12435,0,0.0,0,0.004
dpctgan,"LocalNeighbourhood(L_2, 0.250411558405805, accuracy)",12435,1,0.0,0,0.004
dpctgan,"LocalNeighbourhood(L_2, 0.250411558405805, accuracy)",12435,0,0.0,0,0.004
dpctgan,"LocalNeighbourhood(L_2, 0.250411558405805, accuracy)",12435,1,0.0,0,0.004
dpctgan,"LocalNeighbourhood(L_2, 0.250411558405805, accuracy)",12435,0,0.0,0,0.004
dpctgan,"LocalNeighbourhood(L_2, 0.250411558405805, accuracy)",12435,1,0.0,0,0.004
dpctgan,"LocalNeighbourhood(L_2, 0.250411558405805, accuracy)",12435,0,0.0,0,0.004
dpctgan,"LocalNeighbourhood(L_2, 0.250411558405805, accuracy)",12435,1,0.0,0,0.004
dpctgan,"LocalNeighbourhood(L_2, 0.250411558405805, accuracy)",12435,0,0.004,1,0.004
dpctgan,"LocalNeighbourhood(L_2, 0.250411558405805, accuracy)",12435,1,0.0,0,0.004
dpctgan,"LocalNeighbourhood(L_2, 0.250411558405805, accuracy)",12435,0,0.0,0,0.004
dpctgan,"LocalNeighbourhood(L_2, 0.250411558405805, accuracy)",12435,1,0.0,0,0.004
dpctgan,"LocalNeighbourhood(L_2, 0.250411558405805, accuracy)",12435,0,0.0,0,0.004
dpctgan,"LocalNeighbourhood(L_2, 0.250411558405805, accuracy)",12435,1,0.0,0,0.004
dpctgan,"LocalNeighbourhood(L_2, 0.250411558405805, accuracy)",12435,0,0.0,0,0.004
dpctgan,"LocalNeighbourhood(L_2, 0.250411558405805, accuracy)",12435,1,0.0,0,0.004
dpctgan,"LocalNeighbourhood(L_2, 0.250411558405805, accuracy)",12435,0,0.0,0,0.004
dpctgan,"LocalNeighbourhood(L_2, 0.250411558405805, accuracy)",12435,1,0.0,0,0.004
dpctgan,"LocalNeighbourhood(L_2, 0.250411558405805, accuracy)",12435,0,0.0,0,0.004
dpctgan,"LocalNeighbourhood(L_2, 0.250411558405805, accuracy)",12435,1,0.0,0,0.004
dpctgan,"LocalNeighbourhood(L_2, 0.250411558405805, accuracy)",12435,0,0.002,0,0.004
dpctgan,"LocalNeighbourhood(L_2, 0.250411558405805, accuracy)",12435,1,0.0,0,0.004
dpctgan,"LocalNeighbourhood(L_2, 0.250411558405805, accuracy)",12435,0,0.0,0,0.004
dpctgan,"LocalNeighbourhood(L_2, 0.250411558405805, accuracy)",12435,1,0.0,0,0.004
dpctgan,"LocalNeighbourhood(L_2, 0.250411558405805, accuracy)",12435,0,0.0,0,0.004
dpctgan,"LocalNeighbourhood(L_2, 0.250411558405805, accuracy)",12435,1,0.0,0,0.004
dpctgan,"LocalNeighbourhood(L_2, 0.250411558405805, accuracy)",12435,0,0.0,0,0.004
dpctgan,"LocalNeighbourhood(L_2, 0.250411558405805, accuracy)",12435,1,0.0,0,0.004
dpctgan,"LocalNeighbourhood(L_2, 0.250411558405805, accuracy)",12435,0,0.0,0,0.004
dpctgan,"LocalNeighbourhood(L_2, 0.250411558405805, accuracy)",12435,1,0.0,0,0.004
dpctgan,"LocalNeighbourhood(L_2, 0.250411558405805, accuracy)",12435,0,0.0,0,0.004
dpctgan,"LocalNeighbourhood(L_2, 0.250411558405805, accuracy)",12435,1,0.0,0,0.004
dpctgan,"LocalNeighbourhood(L_2, 0.250411558405805, accuracy)",12435,0,0.0,0,0.004
dpctgan,"LocalNeighbourhood(L_2, 0.250411558405805, accuracy)",12435,1,0.0,0,0.004
dpctgan,"LocalNeighbourhood(L_2, 0.250411558405805, accuracy)",12435,0,0.0,0,0.004
dpctgan,"LocalNeighbourhood(L_2, 0.250411558405805, accuracy)",12435,1,0.0,0,0.004
dpctgan,"LocalNeighbourhood(L_2, 0.250411558405805, accuracy)",12435,0,0.0,0,0.004
dpctgan,"LocalNeighbourhood(L_2, 0.250411558405805, accuracy)",12435,1,0.0,0,0.004
dpctgan,"LocalNeighbourhood(L_2, 0.250411558405805, accuracy)",12435,0,0.0,0,0.004
dpctgan,"LocalNeighbourhood(L_2, 0.250411558405805, accuracy)",12435,1,0.0,0,0.004
dpctgan,"LocalNeighbourhood(L_2, 0.250411558405805, accuracy)",12435,0,0.0,0,0.004
dpctgan,"LocalNeighbourhood(L_2, 0.250411558405805, accuracy)",12435,1,0.0,0,0.004
dpctgan,"LocalNeighbourhood(L_2, 0.250411558405805, accuracy)",12435,0,0.0,0,0.004
dpctgan,"LocalNeighbourhood(L_2, 0.250411558405805, accuracy)",12435,1,0.0,0,0.004
dpctgan,"LocalNeighbourhood(L_2, 0.250411558405805, accuracy)",12435,0,0.0,0,0.004
dpctgan,"LocalNeighbourhood(L_2, 0.250411558405805, accuracy)",12435,1,0.0,0,0.004
dpctgan,"LocalNeighbourhood(L_2, 0.250411558405805, accuracy)",12435,0,0.0,0,0.004
dpctgan,"LocalNeighbourhood(L_2, 0.250411558405805, accuracy)",12435,1,0.0,0,0.004
dpctgan,"LocalNeighbourhood(L_2, 0.250411558405805, accuracy)",12435,0,0.0,0,0.004
dpctgan,"LocalNeighbourhood(L_2, 0.250411558405805, accuracy)",12435,1,0.0,0,0.004
dpctgan,"LocalNeighbourhood(L_2, 0.250411558405805, accuracy)",12435,0,0.0,0,0.004
dpctgan,"LocalNeighbourhood(L_2, 0.250411558405805, accuracy)",12435,1,0.0,0,0.004
dpctgan,"LocalNeighbourhood(L_2, 0.250411558405805, accuracy)",12435,0,0.0,0,0.004
dpctgan,"LocalNeighbourhood(L_2, 0.250411558405805, accuracy)",12435,1,0.0,0,0.004
dpctgan,"LocalNeighbourhood(L_2, 0.250411558405805, accuracy)",12435,0,0.0,0,0.004
dpctgan,"LocalNeighbourhood(L_2, 0.250411558405805, accuracy)",12435,1,0.0,0,0.004
dpctgan,"LocalNeighbourhood(L_2, 0.250411558405805, accuracy)",12435,0,0.0,0,0.004
dpctgan,"LocalNeighbourhood(L_2, 0.250411558405805, accuracy)",12435,1,0.0,0,0.004
dpctgan,"LocalNeighbourhood(L_2, 0.250411558405805, accuracy)",12435,0,0.0,0,0.004
dpctgan,"LocalNeighbourhood(L_2, 0.250411558405805, accuracy)",12435,1,0.0,0,0.004
dpctgan,"LocalNeighbourhood(L_2, 0.250411558405805, accuracy)",12435,0,0.002,0,0.004
dpctgan,"LocalNeighbourhood(L_2, 0.250411558405805, accuracy)",12435,1,0.0,0,0.004
dpctgan,"LocalNeighbourhood(L_2, 0.250411558405805, accuracy)",12435,0,0.018,1,0.004
dpctgan,"LocalNeighbourhood(L_2, 0.250411558405805, accuracy)",12435,1,0.0,0,0.004
dpctgan,"LocalNeighbourhood(L_2, 0.250411558405805, accuracy)",12435,0,0.0,0,0.004
dpctgan,"LocalNeighbourhood(L_2, 0.250411558405805, accuracy)",12435,1,0.0,0,0.004
dpctgan,"LocalNeighbourhood(L_2, 0.250411558405805, accuracy)",12435,0,0.0,0,0.004
dpctgan,"LocalNeighbourhood(L_2, 0.250411558405805, accuracy)",12435,1,0.0,0,0.004
dpctgan,"LocalNeighbourhood(L_2, 0.250411558405805, accuracy)",12435,0,0.0,0,0.004
dpctgan,"LocalNeighbourhood(L_2, 0.250411558405805, accuracy)",12435,1,0.0,0,0.004
dpctgan,"LocalNeighbourhood(L_2, 0.250411558405805, accuracy)",12435,0,0.0,0,0.004
dpctgan,"LocalNeighbourhood(L_2, 0.250411558405805, accuracy)",12435,1,0.0,0,0.004
dpctgan,"LocalNeighbourhood(L_2, 0.250411558405805, accuracy)",12435,0,0.0,0,0.004
dpctgan,"LocalNeighbourhood(L_2, 0.250411558405805, accuracy)",12435,1,0.0,0,0.004
dpctgan,"LocalNeighbourhood(L_2, 0.250411558405805, accuracy)",12435,0,0.0,0,0.004
dpctgan,"LocalNeighbourhood(L_2, 0.250411558405805, accuracy)",12435,1,0.0,0,0.004
dpctgan,"LocalNeighbourhood(L_2, 0.250411558405805, accuracy)",12435,0,0.0,0,0.004
dpctgan,"LocalNeighbourhood(L_2, 0.250411558405805, accuracy)",12435,1,0.0,0,0.004
dpctgan,"LocalNeighbourhood(L_2, 0.250411558405805, accuracy)",12435,0,0.0,0,0.004
dpctgan,"LocalNeighbourhood(L_2, 0.250411558405805, accuracy)",12435,1,0.0,0,0.004
dpctgan,"LocalNeighbourhood(L_2, 0.250411558405805, accuracy)",12435,0,0.0,0,0.004
dpctgan,"LocalNeighbourhood(L_2, 0.250411558405805, accuracy)",12435,1,0.0,0,0.004
dpctgan,"LocalNeighbourhood(L_2, 0.250411558405805, accuracy)",12435,0,0.0,0,0.004
dpctgan,"LocalNeighbourhood(L_2, 0.250411558405805, accuracy)",12435,1,0.0,0,0.004
dpctgan,"LocalNeighbourhood(L_2, 0.250411558405805, accuracy)",12435,0,0.0,0,0.004
dpctgan,"LocalNeighbourhood(L_2, 0.250411558405805, accuracy)",12435,1,0.0,0,0.004
dpctgan,"LocalNeighbourhood(L_2, 0.250411558405805, accuracy)",12435,0,0.0,0,0.004
dpctgan,"LocalNeighbourhood(L_2, 0.250411558405805, accuracy)",12435,1,0.0,0,0.004
dpctgan,"LocalNeighbourhood(L_2, 0.250411558405805, accuracy)",12435,0,0.0,0,0.004
dpctgan,"LocalNeighbourhood(L_2, 0.250411558405805, accuracy)",12435,1,0.0,0,0.004
dpctgan,"LocalNeighbourhood(L_2, 0.250411558405805, accuracy)",12435,0,0.0,0,0.004
dpctgan,"LocalNeighbourhood(L_2, 0.250411558405805, accuracy)",12435,1,0.0,0,0.004
dpctgan,"LocalNeighbourhood(L_2, 0.250411558405805, accuracy)",12435,0,0.0,0,0.004
dpctgan,"LocalNeighbourhood(L_2, 0.250411558405805, accuracy)",12435,1,0.0,0,0.004
dpctgan,"LocalNeighbourhood(L_2, 0.250411558405805, accuracy)",12435,0,0.0,0,0.004
dpctgan,"LocalNeighbourhood(L_2, 0.250411558405805, accuracy)",12435,1,0.0,0,0.004
dpctgan,"LocalNeighbourhood(L_2, 0.250411558405805, accuracy)",12435,0,0.0,0,0.004
dpctgan,"LocalNeighbourhood(L_2, 0.250411558405805, accuracy)",12435,1,0.0,0,0.004
dpctgan,"LocalNeighbourhood(L_2, 0.250411558405805, accuracy)",12435,0,0.0,0,0.004
dpctgan,"LocalNeighbourhood(L_2, 0.250411558405805, accuracy)",12435,1,0.0,0,0.004
dpctgan,"LocalNeighbourhood(L_2, 0.250411558405805, accuracy)",12435,0,0.0,0,0.004
dpctgan,"LocalNeighbourhood(L_2, 0.250411558405805, accuracy)",12435,1,0.0,0,0.004
dpctgan,"LocalNeighbourhood(L_2, 0.250411558405805, accuracy)",12435,0,0.0,0,0.004
dpctgan,"LocalNeighbourhood(L_2, 0.250411558405805, accuracy)",12435,1,0.0,0,0.004
dpctgan,"LocalNeighbourhood(L_2, 0.250411558405805, accuracy)",12435,0,0.0,0,0.004
dpctgan,"LocalNeighbourhood(L_2, 0.250411558405805, accuracy)",12435,1,0.0,0,0.004
dpctgan,"LocalNeighbourhood(L_2, 0.250411558405805, accuracy)",12435,0,0.006,1,0.004
dpctgan,"LocalNeighbourhood(L_2, 0.250411558405805, accuracy)",12435,1,0.0,0,0.004
dpctgan,"LocalNeighbourhood(L_2, 0.250411558405805, accuracy)",12435,0,0.0,0,0.004
dpctgan,"LocalNeighbourhood(L_2, 0.250411558405805, accuracy)",12435,1,0.0,0,0.004
dpctgan,"LocalNeighbourhood(L_2, 0.250411558405805, accuracy)",12435,0,0.0,0,0.004
dpctgan,"LocalNeighbourhood(L_2, 0.250411558405805, accuracy)",12435,1,0.0,0,0.004
dpctgan,"LocalNeighbourhood(L_2, 0.250411558405805, accuracy)",12435,0,0.0,0,0.004
dpctgan,"LocalNeighbourhood(L_2, 0.250411558405805, accuracy)",12435,1,0.0,0,0.004
dpctgan,"LocalNeighbourhood(L_2, 0.250411558405805, accuracy)",12435,0,0.0,0,0.004
dpctgan,"LocalNeighbourhood(L_2, 0.250411558405805, accuracy)",12435,1,0.0,0,0.004
dpctgan,"LocalNeighbourhood(L_2, 0.250411558405805, accuracy)",12435,0,0.0,0,0.004
dpctgan,"LocalNeighbourhood(L_2, 0.250411558405805, accuracy)",12435,1,0.0,0,0.004
dpctgan,"LocalNeighbourhood(L_2, 0.250411558405805, accuracy)",12435,0,0.0,0,0.004
dpctgan,"LocalNeighbourhood(L_2, 0.250411558405805, accuracy)",12435,1,0.0,0,0.004
dpctgan,"LocalNeighbourhood(L_2, 0.250411558405805, accuracy)",12435,0,0.0,0,0.004
dpctgan,"LocalNeighbourhood(L_2, 0.250411558405805, accuracy)",12435,1,0.0,0,0.004
dpctgan,"LocalNeighbourhood(L_2, 0.250411558405805, accuracy)",12435,0,0.0,0,0.004
dpctgan,"LocalNeighbourhood(L_2, 0.250411558405805, accuracy)",12435,1,0.0,0,0.004
dpctgan,"LocalNeighbourhood(L_2, 0.250411558405805, accuracy)",12435,0,0.0,0,0.004
dpctgan,"LocalNeighbourhood(L_2, 0.250411558405805, accuracy)",12435,1,0.006,1,0.004
dpctgan,"LocalNeighbourhood(L_2, 0.250411558405805, accuracy)",12435,0,0.0,0,0.004
dpctgan,"LocalNeighbourhood(L_2, 0.250411558405805, accuracy)",12435,1,0.0,0,0.004
dpctgan,"LocalNeighbourhood(L_2, 0.250411558405805, accuracy)",12435,0,0.002,0,0.004
dpctgan,"LocalNeighbourhood(L_2, 0.250411558405805, accuracy)",12435,1,0.0,0,0.004
dpctgan,"LocalNeighbourhood(L_2, 0.250411558405805, accuracy)",12435,0,0.0,0,0.004
dpctgan,"LocalNeighbourhood(L_2, 0.250411558405805, accuracy)",12435,1,0.0,0,0.004
dpctgan,"LocalNeighbourhood(L_2, 0.250411558405805, accuracy)",12435,0,0.0,0,0.004
dpctgan,"LocalNeighbourhood(L_2, 0.250411558405805, accuracy)",12435,1,0.0,0,0.004
dpctgan,"LocalNeighbourhood(L_2, 0.250411558405805, accuracy)",12435,0,0.0,0,0.004
dpctgan,"LocalNeighbourhood(L_2, 0.250411558405805, accuracy)",12435,1,0.0,0,0.004
dpctgan,"LocalNeighbourhood(L_2, 0.250411558405805, accuracy)",12435,0,0.0,0,0.004
dpctgan,"LocalNeighbourhood(L_2, 0.250411558405805, accuracy)",12435,1,0.0,0,0.004
dpctgan,"LocalNeighbourhood(L_2, 0.250411558405805, accuracy)",12435,0,0.0,0,0.004
dpctgan,"LocalNeighbourhood(L_2, 0.250411558405805, accuracy)",12435,1,0.0,0,0.004
dpctgan,"LocalNeighbourhood(L_2, 0.250411558405805, accuracy)",12435,0,0.0,0,0.004
dpctgan,"LocalNeighbourhood(L_2, 0.250411558405805, accuracy)",12435,1,0.0,0,0.004
dpctgan,"LocalNeighbourhood(L_2, 0.250411558405805, accuracy)",12435,0,0.0,0,0.004
dpctgan,"LocalNeighbourhood(L_2, 0.250411558405805, accuracy)",12435,1,0.0,0,0.004
dpctgan,"LocalNeighbourhood(L_2, 0.250411558405805, accuracy)",12435,0,0.0,0,0.004
dpctgan,"LocalNeighbourhood(L_2, 0.250411558405805, accuracy)",12435,1,0.0,0,0.004
dpctgan,"LocalNeighbourhood(L_2, 0.250411558405805, accuracy)",12435,0,0.0,0,0.004
dpctgan,"LocalNeighbourhood(L_2, 0.250411558405805, accuracy)",12435,1,0.0,0,0.004
dpctgan,"LocalNeighbourhood(L_2, 0.250411558405805, accuracy)",12435,0,0.0,0,0.004
dpctgan,"LocalNeighbourhood(L_2, 0.250411558405805, accuracy)",12435,1,0.0,0,0.004
dpctgan,"LocalNeighbourhood(L_2, 0.250411558405805, accuracy)",12435,0,0.0,0,0.004
dpctgan,"LocalNeighbourhood(L_2, 0.250411558405805, accuracy)",12435,1,0.0,0,0.004
dpctgan,"LocalNeighbourhood(L_2, 0.250411558405805, accuracy)",12435,0,0.0,0,0.004
dpctgan,"LocalNeighbourhood(L_2, 0.250411558405805, accuracy)",12435,1,0.0,0,0.004
dpctgan,"LocalNeighbourhood(L_2, 0.250411558405805, accuracy)",12435,0,0.0,0,0.004
dpctgan,"LocalNeighbourhood(L_2, 0.250411558405805, accuracy)",12435,1,0.0,0,0.004
dpctgan,"LocalNeighbourhood(L_2, 0.250411558405805, accuracy)",12435,0,0.0,0,0.004
dpctgan,"LocalNeighbourhood(L_2, 0.250411558405805, accuracy)",12435,1,0.0,0,0.004
dpctgan,"LocalNeighbourhood(L_2, 0.250411558405805, accuracy)",12435,0,0.0,0,0.004
dpctgan,"LocalNeighbourhood(L_2, 0.250411558405805, accuracy)",12435,1,0.0,0,0.004
dpctgan,"LocalNeighbourhood(L_2, 0.250411558405805, accuracy)",12435,0,0.0,0,0.004
dpctgan,"LocalNeighbourhood(L_2, 0.250411558405805, accuracy)",12435,1,0.0,0,0.004
dpctgan,"LocalNeighbourhood(L_2, 0.250411558405805, accuracy)",12435,0,0.004,1,0.004
dpctgan,"LocalNeighbourhood(L_2, 0.250411558405805, accuracy)",12435,1,0.0,0,0.004
dpctgan,"LocalNeighbourhood(L_2, 0.250411558405805, accuracy)",12435,0,0.0,0,0.004
dpctgan,"LocalNeighbourhood(L_2, 0.250411558405805, accuracy)",12435,1,0.0,0,0.004
dpctgan,"LocalNeighbourhood(L_2, 0.250411558405805, accuracy)",12435,0,0.0,0,0.004
dpctgan,"LocalNeighbourhood(L_2, 0.250411558405805, accuracy)",12435,1,0.0,0,0.004
dpctgan,"LocalNeighbourhood(L_2, 0.250411558405805, accuracy)",12435,0,0.0,0,0.004
dpctgan,"LocalNeighbourhood(L_2, 0.250411558405805, accuracy)",12435,1,0.0,0,0.004
dpctgan,"LocalNeighbourhood(L_2, 0.250411558405805, accuracy)",12435,0,0.0,0,0.004
dpctgan,"LocalNeighbourhood(L_2, 0.250411558405805, accuracy)",12435,1,0.0,0,0.004
dpctgan,"LocalNeighbourhood(L_2, 0.250411558405805, accuracy)",12435,0,0.0,0,0.004
dpctgan,"LocalNeighbourhood(L_2, 0.250411558405805, accuracy)",12435,1,0.0,0,0.004
dpctgan,"LocalNeighbourhood(L_2, 0.250411558405805, accuracy)",12435,0,0.0,0,0.004
dpctgan,"LocalNeighbourhood(L_2, 0.250411558405805, accuracy)",12435,1,0.002,0,0.004
dpctgan,"LocalNeighbourhood(L_2, 0.250411558405805, accuracy)",12435,0,0.0,0,0.004
dpctgan,"LocalNeighbourhood(L_2, 0.250411558405805, accuracy)",12435,1,0.0,0,0.004
dpctgan,"LocalNeighbourhood(L_2, 0.250411558405805, accuracy)",12435,0,0.0,0,0.004
dpctgan,"LocalNeighbourhood(L_2, 0.250411558405805, accuracy)",12435,1,0.0,0,0.004
dpctgan,"LocalNeighbourhood(L_2, 0.250411558405805, accuracy)",12435,0,0.0,0,0.004
dpctgan,"LocalNeighbourhood(L_2, 0.250411558405805, accuracy)",12435,1,0.0,0,0.004
dpctgan,"LocalNeighbourhood(L_2, 0.250411558405805, accuracy)",12435,0,0.002,0,0.004
dpctgan,"LocalNeighbourhood(L_2, 0.250411558405805, accuracy)",12435,1,0.0,0,0.004
dpctgan,"LocalNeighbourhood(L_2, 0.250411558405805, accuracy)",12435,0,0.004,1,0.004
dpctgan,"LocalNeighbourhood(L_2, 0.250411558405805, accuracy)",12435,1,0.0,0,0.004
dpctgan,"LocalNeighbourhood(L_2, 0.250411558405805, accuracy)",12435,0,0.0,0,0.004
dpctgan,"LocalNeighbourhood(L_2, 0.250411558405805, accuracy)",12435,1,0.0,0,0.004
dpctgan,"LocalNeighbourhood(L_2, 0.250411558405805, accuracy)",12435,0,0.0,0,0.004
dpctgan,"LocalNeighbourhood(L_2, 0.250411558405805, accuracy)",12435,1,0.0,0,0.004
dpctgan,"LocalNeighbourhood(L_2, 0.250411558405805, accuracy)",12435,0,0.0,0,0.004
dpctgan,"LocalNeighbourhood(L_2, 0.250411558405805, accuracy)",12435,1,0.014,1,0.004
dpctgan,"LocalNeighbourhood(L_2, 0.250411558405805, accuracy)",12435,0,0.0,0,0.004
dpctgan,"LocalNeighbourhood(L_2, 0.250411558405805, accuracy)",12435,1,0.0,0,0.004
dpctgan,"LocalNeighbourhood(L_2, 0.250411558405805, accuracy)",12435,0,0.002,0,0.004
dpctgan,"LocalNeighbourhood(L_2, 0.250411558405805, accuracy)",12435,1,0.0,0,0.004
dpctgan,"LocalNeighbourhood(L_2, 0.250411558405805, accuracy)",12435,0,0.0,0,0.004
dpctgan,"LocalNeighbourhood(L_2, 0.250411558405805, accuracy)",12435,1,0.0,0,0.004
dpctgan,"LocalNeighbourhood(L_2, 0.250411558405805, accuracy)",12435,0,0.0,0,0.004
dpctgan,"LocalNeighbourhood(L_2, 0.250411558405805, accuracy)",12435,1,0.0,0,0.004
dpctgan,"LocalNeighbourhood(L_2, 0.250411558405805, accuracy)",12435,0,0.0,0,0.004
dpctgan,"LocalNeighbourhood(L_2, 0.250411558405805, accuracy)",12435,1,0.0,0,0.004
dpctgan,"LocalNeighbourhood(L_2, 0.250411558405805, accuracy)",12435,0,0.0,0,0.004
dpctgan,"LocalNeighbourhood(L_2, 0.250411558405805, accuracy)",12435,1,0.0,0,0.004
dpctgan,"LocalNeighbourhood(L_2, 0.250411558405805, accuracy)",12435,0,0.0,0,0.004
dpctgan,"LocalNeighbourhood(L_2, 0.250411558405805, accuracy)",12435,1,0.0,0,0.004
dpctgan,"LocalNeighbourhood(L_2, 0.250411558405805, accuracy)",12435,0,0.0,0,0.004
dpctgan,"LocalNeighbourhood(L_2, 0.250411558405805, accuracy)",12435,1,0.0,0,0.004
dpctgan,"LocalNeighbourhood(L_2, 0.250411558405805, accuracy)",12435,0,0.0,0,0.004
dpctgan,"LocalNeighbourhood(L_2, 0.250411558405805, accuracy)",12435,1,0.0,0,0.004
dpctgan,"LocalNeighbourhood(L_2, 0.250411558405805, accuracy)",12435,0,0.0,0,0.004
dpctgan,"LocalNeighbourhood(L_2, 0.250411558405805, accuracy)",12435,1,0.0,0,0.004
dpctgan,"LocalNeighbourhood(L_2, 0.250411558405805, accuracy)",12435,0,0.002,0,0.004
dpctgan,"LocalNeighbourhood(L_2, 0.250411558405805, accuracy)",12435,1,0.0,0,0.004
dpctgan,"LocalNeighbourhood(L_2, 0.250411558405805, accuracy)",12435,0,0.0,0,0.004
dpctgan,"LocalNeighbourhood(L_2, 0.250411558405805, accuracy)",12435,1,0.0,0,0.004
dpctgan,"LocalNeighbourhood(L_2, 0.250411558405805, accuracy)",12435,0,0.0,0,0.004
dpctgan,"LocalNeighbourhood(L_2, 0.250411558405805, accuracy)",12435,1,0.0,0,0.004
dpctgan,"LocalNeighbourhood(L_2, 0.250411558405805, accuracy)",12435,0,0.0,0,0.004
dpctgan,"LocalNeighbourhood(L_2, 0.250411558405805, accuracy)",12435,1,0.0,0,0.004
dpctgan,"LocalNeighbourhood(L_2, 0.250411558405805, accuracy)",12435,0,0.0,0,0.004
dpctgan,"LocalNeighbourhood(L_2, 0.250411558405805, accuracy)",12435,1,0.0,0,0.004
dpctgan,"LocalNeighbourhood(L_2, 0.250411558405805, accuracy)",12435,0,0.0,0,0.004
dpctgan,"LocalNeighbourhood(L_2, 0.250411558405805, accuracy)",12435,1,0.0,0,0.004
dpctgan,"LocalNeighbourhood(L_2, 0.250411558405805, accuracy)",12435,0,0.006,1,0.004
dpctgan,"LocalNeighbourhood(L_2, 0.250411558405805, accuracy)",12435,1,0.0,0,0.004
dpctgan,"LocalNeighbourhood(L_2, 0.250411558405805, accuracy)",12435,0,0.0,0,0.004
dpctgan,"LocalNeighbourhood(L_2, 0.250411558405805, accuracy)",12435,1,0.0,0,0.004
dpctgan,"LocalNeighbourhood(L_2, 0.250411558405805, accuracy)",12435,0,0.0,0,0.004
dpctgan,"LocalNeighbourhood(L_2, 0.250411558405805, accuracy)",12435,1,0.0,0,0.004
dpctgan,"LocalNeighbourhood(L_2, 0.250411558405805, accuracy)",12435,0,0.002,0,0.004
dpctgan,"LocalNeighbourhood(L_2, 0.250411558405805, accuracy)",12435,1,0.0,0,0.004
dpctgan,"LocalNeighbourhood(L_2, 0.250411558405805, accuracy)",12435,0,0.0,0,0.004
dpctgan,"LocalNeighbourhood(L_2, 0.250411558405805, accuracy)",12435,1,0.0,0,0.004
dpctgan,"LocalNeighbourhood(L_2, 0.250411558405805, accuracy)",12435,0,0.0,0,0.004
dpctgan,"LocalNeighbourhood(L_2, 0.250411558405805, accuracy)",12435,1,0.0,0,0.004
dpctgan,"LocalNeighbourhood(L_2, 0.250411558405805, accuracy)",12435,0,0.0,0,0.004
dpctgan,"LocalNeighbourhood(L_2, 0.250411558405805, accuracy)",12435,1,0.0,0,0.004
dpctgan,"LocalNeighbourhood(L_2, 0.250411558405805, accuracy)",12435,0,0.0,0,0.004
dpctgan,"LocalNeighbourhood(L_2, 0.250411558405805, accuracy)",12435,1,0.0,0,0.004
dpctgan,"LocalNeighbourhood(L_2, 0.250411558405805, accuracy)",12435,0,0.002,0,0.004
dpctgan,"LocalNeighbourhood(L_2, 0.250411558405805, accuracy)",12435,1,0.0,0,0.004
dpctgan,"LocalNeighbourhood(L_2, 0.250411558405805, accuracy)",12435,0,0.0,0,0.004
dpctgan,"LocalNeighbourhood(L_2, 0.250411558405805, accuracy)",12435,1,0.0,0,0.004
dpctgan,"LocalNeighbourhood(L_2, 0.250411558405805, accuracy)",12435,0,0.0,0,0.004
dpctgan,"LocalNeighbourhood(L_2, 0.250411558405805, accuracy)",12435,1,0.0,0,0.004
dpctgan,"LocalNeighbourhood(L_2, 0.250411558405805, accuracy)",12435,0,0.0,0,0.004
dpctgan,"LocalNeighbourhood(L_2, 0.250411558405805, accuracy)",12435,1,0.0,0,0.004
dpctgan,"LocalNeighbourhood(L_2, 0.250411558405805, accuracy)",12435,0,0.0,0,0.004
dpctgan,"LocalNeighbourhood(L_2, 0.250411558405805, accuracy)",12435,1,0.0,0,0.004
dpctgan,"LocalNeighbourhood(L_2, 0.250411558405805, accuracy)",12435,0,0.0,0,0.004
dpctgan,"LocalNeighbourhood(L_2, 0.250411558405805, accuracy)",12435,1,0.0,0,0.004
dpctgan,"LocalNeighbourhood(L_2, 0.250411558405805, accuracy)",12435,0,0.0,0,0.004
dpctgan,"LocalNeighbourhood(L_2, 0.250411558405805, accuracy)",12435,1,0.0,0,0.004
dpctgan,"LocalNeighbourhood(L_2, 0.250411558405805, accuracy)",12435,0,0.004,1,0.004
dpctgan,"LocalNeighbourhood(L_2, 0.250411558405805, accuracy)",12435,1,0.0,0,0.004
dpctgan,"LocalNeighbourhood(L_2, 0.250411558405805, accuracy)",12435,0,0.0,0,0.004
dpctgan,"LocalNeighbourhood(L_2, 0.250411558405805, accuracy)",12435,1,0.0,0,0.004
dpctgan,"LocalNeighbourhood(L_2, 0.250411558405805, accuracy)",12435,0,0.0,0,0.004
dpctgan,"LocalNeighbourhood(L_2, 0.250411558405805, accuracy)",12435,1,0.0,0,0.004
dpctgan,"LocalNeighbourhood(L_2, 0.250411558405805, accuracy)",12435,0,0.0,0,0.004
dpctgan,"LocalNeighbourhood(L_2, 0.250411558405805, accuracy)",12435,1,0.0,0,0.004
dpctgan,"LocalNeighbourhood(L_2, 0.250411558405805, accuracy)",12435,0,0.0,0,0.004
dpctgan,"LocalNeighbourhood(L_2, 0.250411558405805, accuracy)",12435,1,0.0,0,0.004
dpctgan,"LocalNeighbourhood(L_2, 0.250411558405805, accuracy)",12435,0,0.0,0,0.004
dpctgan,"LocalNeighbourhood(L_2, 0.250411558405805, accuracy)",12435,1,0.0,0,0.004
dpctgan,"LocalNeighbourhood(L_2, 0.250411558405805, accuracy)",12435,0,0.0,0,0.004
dpctgan,"LocalNeighbourhood(L_2, 0.250411558405805, accuracy)",12435,1,0.0,0,0.004
dpctgan,"LocalNeighbourhood(L_2, 0.250411558405805, accuracy)",12435,0,0.0,0,0.004
dpctgan,"LocalNeighbourhood(L_2, 0.250411558405805, accuracy)",12435,1,0.0,0,0.004
dpctgan,"LocalNeighbourhood(L_2, 0.250411558405805, accuracy)",12435,0,0.0,0,0.004
dpctgan,"LocalNeighbourhood(L_2, 0.250411558405805, accuracy)",12435,1,0.0,0,0.004
dpctgan,"LocalNeighbourhood(L_2, 0.250411558405805, accuracy)",12435,0,0.002,0,0.004
dpctgan,"LocalNeighbourhood(L_2, 0.250411558405805, accuracy)",12435,1,0.0,0,0.004
dpctgan,"LocalNeighbourhood(L_2, 0.250411558405805, accuracy)",12435,0,0.0,0,0.004
dpctgan,"LocalNeighbourhood(L_2, 0.250411558405805, accuracy)",12435,1,0.0,0,0.004
dpctgan,"LocalNeighbourhood(L_2, 0.250411558405805, accuracy)",12435,0,0.0,0,0.004
dpctgan,"LocalNeighbourhood(L_2, 0.250411558405805, accuracy)",12435,1,0.0,0,0.004
dpctgan,"LocalNeighbourhood(L_2, 0.250411558405805, accuracy)",12435,0,0.0,0,0.004
dpctgan,"LocalNeighbourhood(L_2, 0.250411558405805, accuracy)",12435,1,0.0,0,0.004
dpctgan,"LocalNeighbourhood(L_2, 0.250411558405805, accuracy)",12435,0,0.0,0,0.004
dpctgan,"LocalNeighbourhood(L_2, 0.250411558405805, accuracy)",12435,1,0.0,0,0.004
dpctgan,"LocalNeighbourhood(L_2, 0.250411558405805, accuracy)",12435,0,0.0,0,0.004
dpctgan,"LocalNeighbourhood(L_2, 0.250411558405805, accuracy)",12435,1,0.0,0,0.004
dpctgan,"LocalNeighbourhood(L_2, 0.250411558405805, accuracy)",12435,0,0.0,0,0.004
dpctgan,"LocalNeighbourhood(L_2, 0.250411558405805, accuracy)",12435,1,0.0,0,0.004
dpctgan,"LocalNeighbourhood(L_2, 0.250411558405805, accuracy)",12435,0,0.0,0,0.004
dpctgan,"LocalNeighbourhood(L_2, 0.250411558405805, accuracy)",12435,1,0.004,1,0.004
dpctgan,"LocalNeighbourhood(L_2, 0.250411558405805, accuracy)",12435,0,0.0,0,0.004
dpctgan,"LocalNeighbourhood(L_2, 0.250411558405805, accuracy)",12435,1,0.0,0,0.004
dpctgan,"LocalNeighbourhood(L_2, 0.250411558405805, accuracy)",12435,0,0.0,0,0.004
dpctgan,"LocalNeighbourhood(L_2, 0.250411558405805, accuracy)",12435,1,0.0,0,0.004
dpctgan,"LocalNeighbourhood(L_2, 0.250411558405805, accuracy)",12435,0,0.0,0,0.004
dpctgan,"LocalNeighbourhood(L_2, 0.250411558405805, accuracy)",12435,1,0.0,0,0.004
dpctgan,"LocalNeighbourhood(L_2, 0.250411558405805, accuracy)",12435,0,0.002,0,0.004
dpctgan,"LocalNeighbourhood(L_2, 0.250411558405805, accuracy)",12435,1,0.0,0,0.004
dpctgan,"LocalNeighbourhood(L_2, 0.250411558405805, accuracy)",12435,0,0.0,0,0.004
dpctgan,"LocalNeighbourhood(L_2, 0.250411558405805, accuracy)",12435,1,0.0,0,0.004
dpctgan,"LocalNeighbourhood(L_2, 0.250411558405805, accuracy)",12435,0,0.0,0,0.004
dpctgan,"LocalNeighbourhood(L_2, 0.250411558405805, accuracy)",12435,1,0.0,0,0.004
dpctgan,"LocalNeighbourhood(L_2, 0.250411558405805, accuracy)",12435,0,0.0,0,0.004
dpctgan,"LocalNeighbourhood(L_2, 0.250411558405805, accuracy)",12435,1,0.0,0,0.004
dpctgan,"LocalNeighbourhood(L_2, 0.250411558405805, accuracy)",12435,0,0.0,0,0.004
dpctgan,"LocalNeighbourhood(L_2, 0.250411558405805, accuracy)",12435,1,0.0,0,0.004
dpctgan,"LocalNeighbourhood(L_2, 0.250411558405805, accuracy)",12435,0,0.0,0,0.004
dpctgan,"LocalNeighbourhood(L_2, 0.250411558405805, accuracy)",12435,1,0.0,0,0.004
dpctgan,"LocalNeighbourhood(L_2, 0.250411558405805, accuracy)",12435,0,0.0,0,0.004
dpctgan,"LocalNeighbourhood(L_2, 0.250411558405805, accuracy)",12435,1,0.0,0,0.004
dpctgan,"LocalNeighbourhood(L_2, 0.250411558405805, accuracy)",12435,0,0.0,0,0.004
dpctgan,"LocalNeighbourhood(L_2, 0.250411558405805, accuracy)",12435,1,0.0,0,0.004
dpctgan,"LocalNeighbourhood(L_2, 0.250411558405805, accuracy)",12435,0,0.0,0,0.004
dpctgan,"LocalNeighbourhood(L_2, 0.250411558405805, accuracy)",12435,1,0.0,0,0.004
dpctgan,"LocalNeighbourhood(L_2, 0.250411558405805, accuracy)",12435,0,0.0,0,0.004
dpctgan,"LocalNeighbourhood(L_2, 0.250411558405805, accuracy)",12435,1,0.0,0,0.004
dpctgan,"LocalNeighbourhood(L_2, 0.250411558405805, accuracy)",12435,0,0.0,0,0.004
dpctgan,"LocalNeighbourhood(L_2, 0.250411558405805, accuracy)",12435,1,0.0,0,0.004
dpctgan,"LocalNeighbourhood(L_2, 0.250411558405805, accuracy)",12435,0,0.0,0,0.004
dpctgan,"LocalNeighbourhood(L_2, 0.250411558405805, accuracy)",12435,1,0.0,0,0.004
dpctgan,"LocalNeighbourhood(L_2, 0.250411558405805, accuracy)",12435,0,0.0,0,0.004
dpctgan,"LocalNeighbourhood(L_2, 0.250411558405805, accuracy)",12435,1,0.0,0,0.004
dpctgan,"LocalNeighbourhood(L_2, 0.250411558405805, accuracy)",12435,0,0.0,0,0.004
dpctgan,"LocalNeighbourhood(L_2, 0.250411558405805, accuracy)",12435,1,0.0,0,0.004
dpctgan,"LocalNeighbourhood(L_2, 0.250411558405805, accuracy)",12435,0,0.002,0,0.004
dpctgan,"LocalNeighbourhood(L_2, 0.250411558405805, accuracy)",12435,1,0.0,0,0.004
dpctgan,"LocalNeighbourhood(L_2, 0.250411558405805, accuracy)",12435,0,0.0,0,0.004
dpctgan,"LocalNeighbourhood(L_2, 0.250411558405805, accuracy)",12435,1,0.0,0,0.004
dpctgan,"LocalNeighbourhood(L_2, 0.250411558405805, accuracy)",12435,0,0.0,0,0.004
dpctgan,"LocalNeighbourhood(L_2, 0.250411558405805, accuracy)",12435,1,0.0,0,0.004
dpctgan,"LocalNeighbourhood(L_2, 0.250411558405805, accuracy)",12435,0,0.0,0,0.004
dpctgan,"LocalNeighbourhood(L_2, 0.250411558405805, accuracy)",12435,1,0.0,0,0.004
dpctgan,"LocalNeighbourhood(L_2, 0.250411558405805, accuracy)",12435,0,0.002,0,0.004
dpctgan,"LocalNeighbourhood(L_2, 0.250411558405805, accuracy)",12435,1,0.0,0,0.004
dpctgan,"LocalNeighbourhood(L_2, 0.250411558405805, accuracy)",12435,0,0.0,0,0.004
dpctgan,"LocalNeighbourhood(L_2, 0.250411558405805, accuracy)",12435,1,0.0,0,0.004
dpctgan,"LocalNeighbourhood(L_2, 0.250411558405805, accuracy)",12435,0,0.0,0,0.004
dpctgan,"LocalNeighbourhood(L_2, 0.250411558405805, accuracy)",12435,1,0.0,0,0.004
dpctgan,"LocalNeighbourhood(L_2, 0.250411558405805, accuracy)",12435,0,0.0,0,0.004
dpctgan,"LocalNeighbourhood(L_2, 0.250411558405805, accuracy)",12435,1,0.0,0,0.004
dpctgan,"LocalNeighbourhood(L_2, 0.250411558405805, accuracy)",12435,0,0.0,0,0.004
dpctgan,"LocalNeighbourhood(L_2, 0.250411558405805, accuracy)",12435,1,0.0,0,0.004
dpctgan,"LocalNeighbourhood(L_2, 0.250411558405805, accuracy)",12435,0,0.0,0,0.004
dpctgan,"LocalNeighbourhood(L_2, 0.250411558405805, accuracy)",12435,1,0.0,0,0.004
dpctgan,"LocalNeighbourhood(L_2, 0.250411558405805, accuracy)",12435,0,0.0,0,0.004
dpctgan,"LocalNeighbourhood(L_2, 0.250411558405805, accuracy)",12435,1,0.002,0,0.004
dpctgan,"LocalNeighbourhood(L_2, 0.250411558405805, accuracy)",12435,0,0.0,0,0.004
dpctgan,"LocalNeighbourhood(L_2, 0.250411558405805, accuracy)",12435,1,0.0,0,0.004
dpctgan,"LocalNeighbourhood(L_2, 0.250411558405805, accuracy)",12435,0,0.0,0,0.004
dpctgan,ProbabilityEstimation(KernelDensity()),12435,1,-85.5653193883249,0,-85.21305994870384
dpctgan,ProbabilityEstimation(KernelDensity()),12435,0,-84.24489510867004,1,-85.21305994870384
dpctgan,ProbabilityEstimation(KernelDensity()),12435,1,-84.32434683520763,1,-85.21305994870384
dpctgan,ProbabilityEstimation(KernelDensity()),12435,0,-84.6664677357619,1,-85.21305994870384
dpctgan,ProbabilityEstimation(KernelDensity()),12435,1,-84.15774946699605,1,-85.21305994870384
dpctgan,ProbabilityEstimation(KernelDensity()),12435,0,-83.37273405136622,1,-85.21305994870384
dpctgan,ProbabilityEstimation(KernelDensity()),12435,1,-84.16831436052846,1,-85.21305994870384
dpctgan,ProbabilityEstimation(KernelDensity()),12435,0,-84.96993294698672,1,-85.21305994870384
dpctgan,ProbabilityEstimation(KernelDensity()),12435,1,-84.46806410434064,1,-85.21305994870384
dpctgan,ProbabilityEstimation(KernelDensity()),12435,0,-83.94314644141556,1,-85.21305994870384
dpctgan,ProbabilityEstimation(KernelDensity()),12435,1,-84.36598960222553,1,-85.21305994870384
dpctgan,ProbabilityEstimation(KernelDensity()),12435,0,-83.44328870890006,1,-85.21305994870384
dpctgan,ProbabilityEstimation(KernelDensity()),12435,1,-84.99694612759099,1,-85.21305994870384
dpctgan,ProbabilityEstimation(KernelDensity()),12435,0,-85.34180208039392,0,-85.21305994870384
dpctgan,ProbabilityEstimation(KernelDensity()),12435,1,-83.69050671276149,1,-85.21305994870384
dpctgan,ProbabilityEstimation(KernelDensity()),12435,0,-84.00148271365809,1,-85.21305994870384
dpctgan,ProbabilityEstimation(KernelDensity()),12435,1,-84.75131389508142,1,-85.21305994870384
dpctgan,ProbabilityEstimation(KernelDensity()),12435,0,-84.24044223512456,1,-85.21305994870384
dpctgan,ProbabilityEstimation(KernelDensity()),12435,1,-85.12699286632821,1,-85.21305994870384
dpctgan,ProbabilityEstimation(KernelDensity()),12435,0,-84.74940893873328,1,-85.21305994870384
dpctgan,ProbabilityEstimation(KernelDensity()),12435,1,-84.12059519104513,1,-85.21305994870384
dpctgan,ProbabilityEstimation(KernelDensity()),12435,0,-84.31412727601729,1,-85.21305994870384
dpctgan,ProbabilityEstimation(KernelDensity()),12435,1,-84.06904651960748,1,-85.21305994870384
dpctgan,ProbabilityEstimation(KernelDensity()),12435,0,-84.14584944610004,1,-85.21305994870384
dpctgan,ProbabilityEstimation(KernelDensity()),12435,1,-83.3120306088238,1,-85.21305994870384
dpctgan,ProbabilityEstimation(KernelDensity()),12435,0,-85.50067575158282,0,-85.21305994870384
dpctgan,ProbabilityEstimation(KernelDensity()),12435,1,-83.86266244159852,1,-85.21305994870384
dpctgan,ProbabilityEstimation(KernelDensity()),12435,0,-85.4762771022176,0,-85.21305994870384
dpctgan,ProbabilityEstimation(KernelDensity()),12435,1,-84.58944638499663,1,-85.21305994870384
dpctgan,ProbabilityEstimation(KernelDensity()),12435,0,-85.16733188076532,1,-85.21305994870384
dpctgan,ProbabilityEstimation(KernelDensity()),12435,1,-84.54748940309565,1,-85.21305994870384
dpctgan,ProbabilityEstimation(KernelDensity()),12435,0,-84.01397090385966,1,-85.21305994870384
dpctgan,ProbabilityEstimation(KernelDensity()),12435,1,-84.97562311521446,1,-85.21305994870384
dpctgan,ProbabilityEstimation(KernelDensity()),12435,0,-83.90645213703593,1,-85.21305994870384
dpctgan,ProbabilityEstimation(KernelDensity()),12435,1,-84.02249158411657,1,-85.21305994870384
dpctgan,ProbabilityEstimation(KernelDensity()),12435,0,-85.41762019413572,0,-85.21305994870384
dpctgan,ProbabilityEstimation(KernelDensity()),12435,1,-84.82739539656447,1,-85.21305994870384
dpctgan,ProbabilityEstimation(KernelDensity()),12435,0,-84.44534803097801,1,-85.21305994870384
dpctgan,ProbabilityEstimation(KernelDensity()),12435,1,-85.17032218038193,1,-85.21305994870384
dpctgan,ProbabilityEstimation(KernelDensity()),12435,0,-85.83284316897382,0,-85.21305994870384
dpctgan,ProbabilityEstimation(KernelDensity()),12435,1,-84.85984017168687,1,-85.21305994870384
dpctgan,ProbabilityEstimation(KernelDensity()),12435,0,-84.14689893275136,1,-85.21305994870384
dpctgan,ProbabilityEstimation(KernelDensity()),12435,1,-83.75886055583668,1,-85.21305994870384
dpctgan,ProbabilityEstimation(KernelDensity()),12435,0,-83.37366436247142,1,-85.21305994870384
dpctgan,ProbabilityEstimation(KernelDensity()),12435,1,-84.5814836453002,1,-85.21305994870384
dpctgan,ProbabilityEstimation(KernelDensity()),12435,0,-84.53581992764843,1,-85.21305994870384
dpctgan,ProbabilityEstimation(KernelDensity()),12435,1,-85.32070321155075,0,-85.21305994870384
dpctgan,ProbabilityEstimation(KernelDensity()),12435,0,-84.17390289272387,1,-85.21305994870384
dpctgan,ProbabilityEstimation(KernelDensity()),12435,1,-83.838212798038,1,-85.21305994870384
dpctgan,ProbabilityEstimation(KernelDensity()),12435,0,-85.51690497279422,0,-85.21305994870384
dpctgan,ProbabilityEstimation(KernelDensity()),12435,1,-83.68892336587213,1,-85.21305994870384
dpctgan,ProbabilityEstimation(KernelDensity()),12435,0,-83.2726790722117,1,-85.21305994870384
dpctgan,ProbabilityEstimation(KernelDensity()),12435,1,-85.10680510380504,1,-85.21305994870384
dpctgan,ProbabilityEstimation(KernelDensity()),12435,0,-84.7620640442869,1,-85.21305994870384
dpctgan,ProbabilityEstimation(KernelDensity()),12435,1,-84.16034311902237,1,-85.21305994870384
dpctgan,ProbabilityEstimation(KernelDensity()),12435,0,-84.08244140842037,1,-85.21305994870384
dpctgan,ProbabilityEstimation(KernelDensity()),12435,1,-84.78844412321683,1,-85.21305994870384
dpctgan,ProbabilityEstimation(KernelDensity()),12435,0,-84.37690208343508,1,-85.21305994870384
dpctgan,ProbabilityEstimation(KernelDensity()),12435,1,-85.47643813625126,0,-85.21305994870384
dpctgan,ProbabilityEstimation(KernelDensity()),12435,0,-84.99895939681291,1,-85.21305994870384
dpctgan,ProbabilityEstimation(KernelDensity()),12435,1,-83.66901357115216,1,-85.21305994870384
dpctgan,ProbabilityEstimation(KernelDensity()),12435,0,-83.5701944788848,1,-85.21305994870384
dpctgan,ProbabilityEstimation(KernelDensity()),12435,1,-83.90604842512411,1,-85.21305994870384
dpctgan,ProbabilityEstimation(KernelDensity()),12435,0,-85.42266594728595,0,-85.21305994870384
dpctgan,ProbabilityEstimation(KernelDensity()),12435,1,-83.74133554031897,1,-85.21305994870384
dpctgan,ProbabilityEstimation(KernelDensity()),12435,0,-83.5811056206962,1,-85.21305994870384
dpctgan,ProbabilityEstimation(KernelDensity()),12435,1,-83.57434841455793,1,-85.21305994870384
dpctgan,ProbabilityEstimation(KernelDensity()),12435,0,-85.04741210867901,1,-85.21305994870384
dpctgan,ProbabilityEstimation(KernelDensity()),12435,1,-84.788282236525,1,-85.21305994870384
dpctgan,ProbabilityEstimation(KernelDensity()),12435,0,-84.27184096867288,1,-85.21305994870384
dpctgan,ProbabilityEstimation(KernelDensity()),12435,1,-84.08988560717562,1,-85.21305994870384
dpctgan,ProbabilityEstimation(KernelDensity()),12435,0,-85.72539339079721,0,-85.21305994870384
dpctgan,ProbabilityEstimation(KernelDensity()),12435,1,-84.92623115376472,1,-85.21305994870384
dpctgan,ProbabilityEstimation(KernelDensity()),12435,0,-84.79676853575012,1,-85.21305994870384
dpctgan,ProbabilityEstimation(KernelDensity()),12435,1,-84.16004932385518,1,-85.21305994870384
dpctgan,ProbabilityEstimation(KernelDensity()),12435,0,-84.79983621030807,1,-85.21305994870384
dpctgan,ProbabilityEstimation(KernelDensity()),12435,1,-84.23551035323699,1,-85.21305994870384
dpctgan,ProbabilityEstimation(KernelDensity()),12435,0,-84.43864545404598,1,-85.21305994870384
dpctgan,ProbabilityEstimation(KernelDensity()),12435,1,-84.80387380903173,1,-85.21305994870384
dpctgan,ProbabilityEstimation(KernelDensity()),12435,0,-84.63804853298934,1,-85.21305994870384
dpctgan,ProbabilityEstimation(KernelDensity()),12435,1,-84.4634895524467,1,-85.21305994870384
dpctgan,ProbabilityEstimation(KernelDensity()),12435,0,-85.37588823287766,0,-85.21305994870384
dpctgan,ProbabilityEstimation(KernelDensity()),12435,1,-85.03487300405301,1,-85.21305994870384
dpctgan,ProbabilityEstimation(KernelDensity()),12435,0,-84.41681429528347,1,-85.21305994870384
dpctgan,ProbabilityEstimation(KernelDensity()),12435,1,-84.90661645236358,1,-85.21305994870384
dpctgan,ProbabilityEstimation(KernelDensity()),12435,0,-84.2654624368815,1,-85.21305994870384
dpctgan,ProbabilityEstimation(KernelDensity()),12435,1,-84.36987594497697,1,-85.21305994870384
dpctgan,ProbabilityEstimation(KernelDensity()),12435,0,-84.56322610417573,1,-85.21305994870384
dpctgan,ProbabilityEstimation(KernelDensity()),12435,1,-84.32096291699173,1,-85.21305994870384
dpctgan,ProbabilityEstimation(KernelDensity()),12435,0,-84.20018496069376,1,-85.21305994870384
dpctgan,ProbabilityEstimation(KernelDensity()),12435,1,-84.55505161702264,1,-85.21305994870384
dpctgan,ProbabilityEstimation(KernelDensity()),12435,0,-84.88144494600701,1,-85.21305994870384
dpctgan,ProbabilityEstimation(KernelDensity()),12435,1,-84.63588632670027,1,-85.21305994870384
dpctgan,ProbabilityEstimation(KernelDensity()),12435,0,-84.65708698900261,1,-85.21305994870384
dpctgan,ProbabilityEstimation(KernelDensity()),12435,1,-85.53515207404625,0,-85.21305994870384
dpctgan,ProbabilityEstimation(KernelDensity()),12435,0,-84.2757033468982,1,-85.21305994870384
dpctgan,ProbabilityEstimation(KernelDensity()),12435,1,-84.21143425948456,1,-85.21305994870384
dpctgan,ProbabilityEstimation(KernelDensity()),12435,0,-83.83766263933944,1,-85.21305994870384
dpctgan,ProbabilityEstimation(KernelDensity()),12435,1,-83.85184675027376,1,-85.21305994870384
dpctgan,ProbabilityEstimation(KernelDensity()),12435,0,-83.94937065798072,1,-85.21305994870384
dpctgan,ProbabilityEstimation(KernelDensity()),12435,1,-84.35167365043108,1,-85.21305994870384
dpctgan,ProbabilityEstimation(KernelDensity()),12435,0,-83.60071586215098,1,-85.21305994870384
dpctgan,ProbabilityEstimation(KernelDensity()),12435,1,-83.87983188916864,1,-85.21305994870384
dpctgan,ProbabilityEstimation(KernelDensity()),12435,0,-85.34719776190431,0,-85.21305994870384
dpctgan,ProbabilityEstimation(KernelDensity()),12435,1,-84.62005711000266,1,-85.21305994870384
dpctgan,ProbabilityEstimation(KernelDensity()),12435,0,-84.0383528180285,1,-85.21305994870384
dpctgan,ProbabilityEstimation(KernelDensity()),12435,1,-85.06864270302691,1,-85.21305994870384
dpctgan,ProbabilityEstimation(KernelDensity()),12435,0,-83.88068213915668,1,-85.21305994870384
dpctgan,ProbabilityEstimation(KernelDensity()),12435,1,-84.94704689177347,1,-85.21305994870384
dpctgan,ProbabilityEstimation(KernelDensity()),12435,0,-84.08636352483354,1,-85.21305994870384
dpctgan,ProbabilityEstimation(KernelDensity()),12435,1,-85.0624233433551,1,-85.21305994870384
dpctgan,ProbabilityEstimation(KernelDensity()),12435,0,-84.11545301103267,1,-85.21305994870384
dpctgan,ProbabilityEstimation(KernelDensity()),12435,1,-85.86695915163213,0,-85.21305994870384
dpctgan,ProbabilityEstimation(KernelDensity()),12435,0,-84.52026680155748,1,-85.21305994870384
dpctgan,ProbabilityEstimation(KernelDensity()),12435,1,-83.77163074103335,1,-85.21305994870384
dpctgan,ProbabilityEstimation(KernelDensity()),12435,0,-84.40852697083375,1,-85.21305994870384
dpctgan,ProbabilityEstimation(KernelDensity()),12435,1,-84.91044982369904,1,-85.21305994870384
dpctgan,ProbabilityEstimation(KernelDensity()),12435,0,-83.9416681537924,1,-85.21305994870384
dpctgan,ProbabilityEstimation(KernelDensity()),12435,1,-83.3880804759207,1,-85.21305994870384
dpctgan,ProbabilityEstimation(KernelDensity()),12435,0,-84.75625181276615,1,-85.21305994870384
dpctgan,ProbabilityEstimation(KernelDensity()),12435,1,-83.543589002453,1,-85.21305994870384
dpctgan,ProbabilityEstimation(KernelDensity()),12435,0,-83.39499054103167,1,-85.21305994870384
dpctgan,ProbabilityEstimation(KernelDensity()),12435,1,-84.52370237772422,1,-85.21305994870384
dpctgan,ProbabilityEstimation(KernelDensity()),12435,0,-83.50028032222268,1,-85.21305994870384
dpctgan,ProbabilityEstimation(KernelDensity()),12435,1,-84.00409971555075,1,-85.21305994870384
dpctgan,ProbabilityEstimation(KernelDensity()),12435,0,-85.28835588122102,0,-85.21305994870384
dpctgan,ProbabilityEstimation(KernelDensity()),12435,1,-83.95273648615775,1,-85.21305994870384
dpctgan,ProbabilityEstimation(KernelDensity()),12435,0,-84.92732013413308,1,-85.21305994870384
dpctgan,ProbabilityEstimation(KernelDensity()),12435,1,-84.29444259227797,1,-85.21305994870384
dpctgan,ProbabilityEstimation(KernelDensity()),12435,0,-85.2013202809969,1,-85.21305994870384
dpctgan,ProbabilityEstimation(KernelDensity()),12435,1,-84.32676231309023,1,-85.21305994870384
dpctgan,ProbabilityEstimation(KernelDensity()),12435,0,-84.51265841512559,1,-85.21305994870384
dpctgan,ProbabilityEstimation(KernelDensity()),12435,1,-84.00302739716551,1,-85.21305994870384
dpctgan,ProbabilityEstimation(KernelDensity()),12435,0,-84.4121033817114,1,-85.21305994870384
dpctgan,ProbabilityEstimation(KernelDensity()),12435,1,-85.66461964206566,0,-85.21305994870384
dpctgan,ProbabilityEstimation(KernelDensity()),12435,0,-84.63608268643281,1,-85.21305994870384
dpctgan,ProbabilityEstimation(KernelDensity()),12435,1,-84.53194623413289,1,-85.21305994870384
dpctgan,ProbabilityEstimation(KernelDensity()),12435,0,-83.86368277953946,1,-85.21305994870384
dpctgan,ProbabilityEstimation(KernelDensity()),12435,1,-84.89292855034279,1,-85.21305994870384
dpctgan,ProbabilityEstimation(KernelDensity()),12435,0,-84.49403479377135,1,-85.21305994870384
dpctgan,ProbabilityEstimation(KernelDensity()),12435,1,-84.72700401020671,1,-85.21305994870384
dpctgan,ProbabilityEstimation(KernelDensity()),12435,0,-84.90810873533316,1,-85.21305994870384
dpctgan,ProbabilityEstimation(KernelDensity()),12435,1,-83.92743035275858,1,-85.21305994870384
dpctgan,ProbabilityEstimation(KernelDensity()),12435,0,-84.9422863567477,1,-85.21305994870384
dpctgan,ProbabilityEstimation(KernelDensity()),12435,1,-84.57994308847758,1,-85.21305994870384
dpctgan,ProbabilityEstimation(KernelDensity()),12435,0,-83.55706150068022,1,-85.21305994870384
dpctgan,ProbabilityEstimation(KernelDensity()),12435,1,-83.96673600568303,1,-85.21305994870384
dpctgan,ProbabilityEstimation(KernelDensity()),12435,0,-83.73488988596142,1,-85.21305994870384
dpctgan,ProbabilityEstimation(KernelDensity()),12435,1,-83.86549188532307,1,-85.21305994870384
dpctgan,ProbabilityEstimation(KernelDensity()),12435,0,-84.73581691243832,1,-85.21305994870384
dpctgan,ProbabilityEstimation(KernelDensity()),12435,1,-84.19544775975285,1,-85.21305994870384
dpctgan,ProbabilityEstimation(KernelDensity()),12435,0,-85.46525766890358,0,-85.21305994870384
dpctgan,ProbabilityEstimation(KernelDensity()),12435,1,-84.93390130855256,1,-85.21305994870384
dpctgan,ProbabilityEstimation(KernelDensity()),12435,0,-84.42277768637662,1,-85.21305994870384
dpctgan,ProbabilityEstimation(KernelDensity()),12435,1,-83.89606808943523,1,-85.21305994870384
dpctgan,ProbabilityEstimation(KernelDensity()),12435,0,-85.10731050319448,1,-85.21305994870384
dpctgan,ProbabilityEstimation(KernelDensity()),12435,1,-84.5706120800367,1,-85.21305994870384
dpctgan,ProbabilityEstimation(KernelDensity()),12435,0,-83.87844462977901,1,-85.21305994870384
dpctgan,ProbabilityEstimation(KernelDensity()),12435,1,-85.23996475443718,0,-85.21305994870384
dpctgan,ProbabilityEstimation(KernelDensity()),12435,0,-85.03772263374051,1,-85.21305994870384
dpctgan,ProbabilityEstimation(KernelDensity()),12435,1,-84.60334176669188,1,-85.21305994870384
dpctgan,ProbabilityEstimation(KernelDensity()),12435,0,-85.12942676653356,1,-85.21305994870384
dpctgan,ProbabilityEstimation(KernelDensity()),12435,1,-84.36547682440228,1,-85.21305994870384
dpctgan,ProbabilityEstimation(KernelDensity()),12435,0,-83.81443024655944,1,-85.21305994870384
dpctgan,ProbabilityEstimation(KernelDensity()),12435,1,-84.14902786341969,1,-85.21305994870384
dpctgan,ProbabilityEstimation(KernelDensity()),12435,0,-84.54156437529662,1,-85.21305994870384
dpctgan,ProbabilityEstimation(KernelDensity()),12435,1,-84.52216316403633,1,-85.21305994870384
dpctgan,ProbabilityEstimation(KernelDensity()),12435,0,-84.82905436827974,1,-85.21305994870384
dpctgan,ProbabilityEstimation(KernelDensity()),12435,1,-83.62132776833982,1,-85.21305994870384
dpctgan,ProbabilityEstimation(KernelDensity()),12435,0,-83.44046121724779,1,-85.21305994870384
dpctgan,ProbabilityEstimation(KernelDensity()),12435,1,-83.8718456980517,1,-85.21305994870384
dpctgan,ProbabilityEstimation(KernelDensity()),12435,0,-84.06895037129765,1,-85.21305994870384
dpctgan,ProbabilityEstimation(KernelDensity()),12435,1,-84.18642440765399,1,-85.21305994870384
dpctgan,ProbabilityEstimation(KernelDensity()),12435,0,-85.14160897054457,1,-85.21305994870384
dpctgan,ProbabilityEstimation(KernelDensity()),12435,1,-85.79300549282593,0,-85.21305994870384
dpctgan,ProbabilityEstimation(KernelDensity()),12435,0,-84.7210760214893,1,-85.21305994870384
dpctgan,ProbabilityEstimation(KernelDensity()),12435,1,-84.50543358257035,1,-85.21305994870384
dpctgan,ProbabilityEstimation(KernelDensity()),12435,0,-83.38038063299729,1,-85.21305994870384
dpctgan,ProbabilityEstimation(KernelDensity()),12435,1,-84.81583208378676,1,-85.21305994870384
dpctgan,ProbabilityEstimation(KernelDensity()),12435,0,-84.94007206547998,1,-85.21305994870384
dpctgan,ProbabilityEstimation(KernelDensity()),12435,1,-83.54465524298132,1,-85.21305994870384
dpctgan,ProbabilityEstimation(KernelDensity()),12435,0,-83.64276625517819,1,-85.21305994870384
dpctgan,ProbabilityEstimation(KernelDensity()),12435,1,-84.52461483244767,1,-85.21305994870384
dpctgan,ProbabilityEstimation(KernelDensity()),12435,0,-84.91943164620483,1,-85.21305994870384
dpctgan,ProbabilityEstimation(KernelDensity()),12435,1,-85.65908505830578,0,-85.21305994870384
dpctgan,ProbabilityEstimation(KernelDensity()),12435,0,-84.73922429640702,1,-85.21305994870384
dpctgan,ProbabilityEstimation(KernelDensity()),12435,1,-83.9477735151167,1,-85.21305994870384
dpctgan,ProbabilityEstimation(KernelDensity()),12435,0,-85.04289805722723,1,-85.21305994870384
dpctgan,ProbabilityEstimation(KernelDensity()),12435,1,-84.67370133806527,1,-85.21305994870384
dpctgan,ProbabilityEstimation(KernelDensity()),12435,0,-83.93595341360772,1,-85.21305994870384
dpctgan,ProbabilityEstimation(KernelDensity()),12435,1,-83.9863032758775,1,-85.21305994870384
dpctgan,ProbabilityEstimation(KernelDensity()),12435,0,-83.01219120482484,1,-85.21305994870384
dpctgan,ProbabilityEstimation(KernelDensity()),12435,1,-83.49414912433765,1,-85.21305994870384
dpctgan,ProbabilityEstimation(KernelDensity()),12435,0,-84.37910572405885,1,-85.21305994870384
dpctgan,ProbabilityEstimation(KernelDensity()),12435,1,-84.03185917517715,1,-85.21305994870384
dpctgan,ProbabilityEstimation(KernelDensity()),12435,0,-84.04831259918465,1,-85.21305994870384
dpctgan,ProbabilityEstimation(KernelDensity()),12435,1,-85.71194397664517,0,-85.21305994870384
dpctgan,ProbabilityEstimation(KernelDensity()),12435,0,-83.77637012360935,1,-85.21305994870384
dpctgan,ProbabilityEstimation(KernelDensity()),12435,1,-83.74477271123827,1,-85.21305994870384
dpctgan,ProbabilityEstimation(KernelDensity()),12435,0,-83.3976218497993,1,-85.21305994870384
dpctgan,ProbabilityEstimation(KernelDensity()),12435,1,-83.7973885962094,1,-85.21305994870384
dpctgan,ProbabilityEstimation(KernelDensity()),12435,0,-85.28413304625622,0,-85.21305994870384
dpctgan,ProbabilityEstimation(KernelDensity()),12435,1,-83.14729959227127,1,-85.21305994870384
dpctgan,ProbabilityEstimation(KernelDensity()),12435,0,-85.07987549151304,1,-85.21305994870384
dpctgan,ProbabilityEstimation(KernelDensity()),12435,1,-84.31900995322276,1,-85.21305994870384
dpctgan,ProbabilityEstimation(KernelDensity()),12435,0,-84.13345604628408,1,-85.21305994870384
dpctgan,ProbabilityEstimation(KernelDensity()),12435,1,-84.0041311287433,1,-85.21305994870384
dpctgan,ProbabilityEstimation(KernelDensity()),12435,0,-84.97590931158808,1,-85.21305994870384
dpctgan,ProbabilityEstimation(KernelDensity()),12435,1,-84.25685649617365,1,-85.21305994870384
dpctgan,ProbabilityEstimation(KernelDensity()),12435,0,-85.3338578179601,0,-85.21305994870384
dpctgan,ProbabilityEstimation(KernelDensity()),12435,1,-85.09025817342884,1,-85.21305994870384
dpctgan,ProbabilityEstimation(KernelDensity()),12435,0,-84.35839025556444,1,-85.21305994870384
dpctgan,ProbabilityEstimation(KernelDensity()),12435,1,-85.29016178591002,0,-85.21305994870384
dpctgan,ProbabilityEstimation(KernelDensity()),12435,0,-83.51738804090256,1,-85.21305994870384
dpctgan,ProbabilityEstimation(KernelDensity()),12435,1,-84.00904087930725,1,-85.21305994870384
dpctgan,ProbabilityEstimation(KernelDensity()),12435,0,-85.38475959554408,0,-85.21305994870384
dpctgan,ProbabilityEstimation(KernelDensity()),12435,1,-83.56890916806519,1,-85.21305994870384
dpctgan,ProbabilityEstimation(KernelDensity()),12435,0,-85.86813389763404,0,-85.21305994870384
dpctgan,ProbabilityEstimation(KernelDensity()),12435,1,-83.6258828589133,1,-85.21305994870384
dpctgan,ProbabilityEstimation(KernelDensity()),12435,0,-83.28964578052485,1,-85.21305994870384
dpctgan,ProbabilityEstimation(KernelDensity()),12435,1,-85.27652205671663,0,-85.21305994870384
dpctgan,ProbabilityEstimation(KernelDensity()),12435,0,-83.49424193455351,1,-85.21305994870384
dpctgan,ProbabilityEstimation(KernelDensity()),12435,1,-83.83597867192711,1,-85.21305994870384
dpctgan,ProbabilityEstimation(KernelDensity()),12435,0,-84.55684400033896,1,-85.21305994870384
dpctgan,ProbabilityEstimation(KernelDensity()),12435,1,-85.19218067737428,1,-85.21305994870384
dpctgan,ProbabilityEstimation(KernelDensity()),12435,0,-84.64606831026498,1,-85.21305994870384
dpctgan,ProbabilityEstimation(KernelDensity()),12435,1,-84.110822087308,1,-85.21305994870384
dpctgan,ProbabilityEstimation(KernelDensity()),12435,0,-85.1245477027168,1,-85.21305994870384
dpctgan,ProbabilityEstimation(KernelDensity()),12435,1,-84.39369484778389,1,-85.21305994870384
dpctgan,ProbabilityEstimation(KernelDensity()),12435,0,-84.65783673286123,1,-85.21305994870384
dpctgan,ProbabilityEstimation(KernelDensity()),12435,1,-84.62283824126635,1,-85.21305994870384
dpctgan,ProbabilityEstimation(KernelDensity()),12435,0,-85.03538514018504,1,-85.21305994870384
dpctgan,ProbabilityEstimation(KernelDensity()),12435,1,-84.46869198778505,1,-85.21305994870384
dpctgan,ProbabilityEstimation(KernelDensity()),12435,0,-83.95942814759061,1,-85.21305994870384
dpctgan,ProbabilityEstimation(KernelDensity()),12435,1,-84.33069408162076,1,-85.21305994870384
dpctgan,ProbabilityEstimation(KernelDensity()),12435,0,-85.17916737820039,1,-85.21305994870384
dpctgan,ProbabilityEstimation(KernelDensity()),12435,1,-85.72839587299445,0,-85.21305994870384
dpctgan,ProbabilityEstimation(KernelDensity()),12435,0,-84.40515709946365,1,-85.21305994870384
dpctgan,ProbabilityEstimation(KernelDensity()),12435,1,-83.38999916531344,1,-85.21305994870384
dpctgan,ProbabilityEstimation(KernelDensity()),12435,0,-84.22502080032834,1,-85.21305994870384
dpctgan,ProbabilityEstimation(KernelDensity()),12435,1,-85.41891907000948,0,-85.21305994870384
dpctgan,ProbabilityEstimation(KernelDensity()),12435,0,-84.07209888389032,1,-85.21305994870384
dpctgan,ProbabilityEstimation(KernelDensity()),12435,1,-85.78566381880844,0,-85.21305994870384
dpctgan,ProbabilityEstimation(KernelDensity()),12435,0,-83.61763735935277,1,-85.21305994870384
dpctgan,ProbabilityEstimation(KernelDensity()),12435,1,-83.77437451859628,1,-85.21305994870384
dpctgan,ProbabilityEstimation(KernelDensity()),12435,0,-85.72315462003101,0,-85.21305994870384
dpctgan,ProbabilityEstimation(KernelDensity()),12435,1,-85.17375563209187,1,-85.21305994870384
dpctgan,ProbabilityEstimation(KernelDensity()),12435,0,-84.26054908438358,1,-85.21305994870384
dpctgan,ProbabilityEstimation(KernelDensity()),12435,1,-84.26913370955003,1,-85.21305994870384
dpctgan,ProbabilityEstimation(KernelDensity()),12435,0,-84.1417062654395,1,-85.21305994870384
dpctgan,ProbabilityEstimation(KernelDensity()),12435,1,-84.95955819838464,1,-85.21305994870384
dpctgan,ProbabilityEstimation(KernelDensity()),12435,0,-85.44512705712317,0,-85.21305994870384
dpctgan,ProbabilityEstimation(KernelDensity()),12435,1,-82.95559217855579,1,-85.21305994870384
dpctgan,ProbabilityEstimation(KernelDensity()),12435,0,-84.56754615659978,1,-85.21305994870384
dpctgan,ProbabilityEstimation(KernelDensity()),12435,1,-84.15667152886132,1,-85.21305994870384
dpctgan,ProbabilityEstimation(KernelDensity()),12435,0,-83.85091683683429,1,-85.21305994870384
dpctgan,ProbabilityEstimation(KernelDensity()),12435,1,-84.89594711729838,1,-85.21305994870384
dpctgan,ProbabilityEstimation(KernelDensity()),12435,0,-84.56408471731413,1,-85.21305994870384
dpctgan,ProbabilityEstimation(KernelDensity()),12435,1,-84.04371887413598,1,-85.21305994870384
dpctgan,ProbabilityEstimation(KernelDensity()),12435,0,-84.13163638400356,1,-85.21305994870384
dpctgan,ProbabilityEstimation(KernelDensity()),12435,1,-85.25571727901921,0,-85.21305994870384
dpctgan,ProbabilityEstimation(KernelDensity()),12435,0,-83.14579922011863,1,-85.21305994870384
dpctgan,ProbabilityEstimation(KernelDensity()),12435,1,-84.54229309548083,1,-85.21305994870384
dpctgan,ProbabilityEstimation(KernelDensity()),12435,0,-85.26609803586308,0,-85.21305994870384
dpctgan,ProbabilityEstimation(KernelDensity()),12435,1,-83.49466665858542,1,-85.21305994870384
dpctgan,ProbabilityEstimation(KernelDensity()),12435,0,-83.47932912657573,1,-85.21305994870384
dpctgan,ProbabilityEstimation(KernelDensity()),12435,1,-85.06986222401245,1,-85.21305994870384
dpctgan,ProbabilityEstimation(KernelDensity()),12435,0,-84.88523770047021,1,-85.21305994870384
dpctgan,ProbabilityEstimation(KernelDensity()),12435,1,-83.97195838816471,1,-85.21305994870384
dpctgan,ProbabilityEstimation(KernelDensity()),12435,0,-83.92145652788037,1,-85.21305994870384
dpctgan,ProbabilityEstimation(KernelDensity()),12435,1,-83.14187291018824,1,-85.21305994870384
dpctgan,ProbabilityEstimation(KernelDensity()),12435,0,-83.95065855174884,1,-85.21305994870384
dpctgan,ProbabilityEstimation(KernelDensity()),12435,1,-83.93865163840891,1,-85.21305994870384
dpctgan,ProbabilityEstimation(KernelDensity()),12435,0,-85.4151349092715,0,-85.21305994870384
dpctgan,ProbabilityEstimation(KernelDensity()),12435,1,-84.34846076104981,1,-85.21305994870384
dpctgan,ProbabilityEstimation(KernelDensity()),12435,0,-84.84618121184761,1,-85.21305994870384
dpctgan,ProbabilityEstimation(KernelDensity()),12435,1,-84.34091122779198,1,-85.21305994870384
dpctgan,ProbabilityEstimation(KernelDensity()),12435,0,-84.61235810986872,1,-85.21305994870384
dpctgan,ProbabilityEstimation(KernelDensity()),12435,1,-84.41432636915472,1,-85.21305994870384
dpctgan,ProbabilityEstimation(KernelDensity()),12435,0,-84.91273273295643,1,-85.21305994870384
dpctgan,ProbabilityEstimation(KernelDensity()),12435,1,-83.82810236033203,1,-85.21305994870384
dpctgan,ProbabilityEstimation(KernelDensity()),12435,0,-84.58112779030871,1,-85.21305994870384
dpctgan,ProbabilityEstimation(KernelDensity()),12435,1,-84.34878675504787,1,-85.21305994870384
dpctgan,ProbabilityEstimation(KernelDensity()),12435,0,-84.15729453627232,1,-85.21305994870384
dpctgan,ProbabilityEstimation(KernelDensity()),12435,1,-84.59343549399038,1,-85.21305994870384
dpctgan,ProbabilityEstimation(KernelDensity()),12435,0,-84.9659417882075,1,-85.21305994870384
dpctgan,ProbabilityEstimation(KernelDensity()),12435,1,-83.79304259687211,1,-85.21305994870384
dpctgan,ProbabilityEstimation(KernelDensity()),12435,0,-85.28770579826832,0,-85.21305994870384
dpctgan,ProbabilityEstimation(KernelDensity()),12435,1,-84.42940182475473,1,-85.21305994870384
dpctgan,ProbabilityEstimation(KernelDensity()),12435,0,-84.97989322872519,1,-85.21305994870384
dpctgan,ProbabilityEstimation(KernelDensity()),12435,1,-86.78150290530172,0,-85.21305994870384
dpctgan,ProbabilityEstimation(KernelDensity()),12435,0,-83.94035184589015,1,-85.21305994870384
dpctgan,ProbabilityEstimation(KernelDensity()),12435,1,-84.3325750033311,1,-85.21305994870384
dpctgan,ProbabilityEstimation(KernelDensity()),12435,0,-84.48222662434101,1,-85.21305994870384
dpctgan,ProbabilityEstimation(KernelDensity()),12435,1,-83.86362652996613,1,-85.21305994870384
dpctgan,ProbabilityEstimation(KernelDensity()),12435,0,-84.0896949907326,1,-85.21305994870384
dpctgan,ProbabilityEstimation(KernelDensity()),12435,1,-83.5233638405603,1,-85.21305994870384
dpctgan,ProbabilityEstimation(KernelDensity()),12435,0,-84.30207208011048,1,-85.21305994870384
dpctgan,ProbabilityEstimation(KernelDensity()),12435,1,-83.72357482644007,1,-85.21305994870384
dpctgan,ProbabilityEstimation(KernelDensity()),12435,0,-83.38532430646536,1,-85.21305994870384
dpctgan,ProbabilityEstimation(KernelDensity()),12435,1,-83.70619394884723,1,-85.21305994870384
dpctgan,ProbabilityEstimation(KernelDensity()),12435,0,-84.29750790753685,1,-85.21305994870384
dpctgan,ProbabilityEstimation(KernelDensity()),12435,1,-82.99894935743417,1,-85.21305994870384
dpctgan,ProbabilityEstimation(KernelDensity()),12435,0,-84.22352183806512,1,-85.21305994870384
dpctgan,ProbabilityEstimation(KernelDensity()),12435,1,-84.08190633467535,1,-85.21305994870384
dpctgan,ProbabilityEstimation(KernelDensity()),12435,0,-84.54098430396415,1,-85.21305994870384
dpctgan,ProbabilityEstimation(KernelDensity()),12435,1,-85.65778475810059,0,-85.21305994870384
dpctgan,ProbabilityEstimation(KernelDensity()),12435,0,-84.98399280555103,1,-85.21305994870384
dpctgan,ProbabilityEstimation(KernelDensity()),12435,1,-84.38238770211551,1,-85.21305994870384
dpctgan,ProbabilityEstimation(KernelDensity()),12435,0,-84.67473737208906,1,-85.21305994870384
dpctgan,ProbabilityEstimation(KernelDensity()),12435,1,-84.740482987944,1,-85.21305994870384
dpctgan,ProbabilityEstimation(KernelDensity()),12435,0,-84.48027092570966,1,-85.21305994870384
dpctgan,ProbabilityEstimation(KernelDensity()),12435,1,-84.74675295050749,1,-85.21305994870384
dpctgan,ProbabilityEstimation(KernelDensity()),12435,0,-84.9379100041039,1,-85.21305994870384
dpctgan,ProbabilityEstimation(KernelDensity()),12435,1,-84.47137641433592,1,-85.21305994870384
dpctgan,ProbabilityEstimation(KernelDensity()),12435,0,-84.08807900654433,1,-85.21305994870384
dpctgan,ProbabilityEstimation(KernelDensity()),12435,1,-85.68361242781543,0,-85.21305994870384
dpctgan,ProbabilityEstimation(KernelDensity()),12435,0,-85.35963867145936,0,-85.21305994870384
dpctgan,ProbabilityEstimation(KernelDensity()),12435,1,-86.18753960062077,0,-85.21305994870384
dpctgan,ProbabilityEstimation(KernelDensity()),12435,0,-83.6015655343783,1,-85.21305994870384
dpctgan,ProbabilityEstimation(KernelDensity()),12435,1,-84.59328943838679,1,-85.21305994870384
dpctgan,ProbabilityEstimation(KernelDensity()),12435,0,-85.23497199978621,0,-85.21305994870384
dpctgan,ProbabilityEstimation(KernelDensity()),12435,1,-84.3684255279502,1,-85.21305994870384
dpctgan,ProbabilityEstimation(KernelDensity()),12435,0,-84.52273448730729,1,-85.21305994870384
dpctgan,ProbabilityEstimation(KernelDensity()),12435,1,-84.55339193902846,1,-85.21305994870384
dpctgan,ProbabilityEstimation(KernelDensity()),12435,0,-83.82538165184928,1,-85.21305994870384
dpctgan,ProbabilityEstimation(KernelDensity()),12435,1,-84.10844193783039,1,-85.21305994870384
dpctgan,ProbabilityEstimation(KernelDensity()),12435,0,-84.27708644838972,1,-85.21305994870384
dpctgan,ProbabilityEstimation(KernelDensity()),12435,1,-84.49950123228281,1,-85.21305994870384
dpctgan,ProbabilityEstimation(KernelDensity()),12435,0,-84.91460949501524,1,-85.21305994870384
dpctgan,ProbabilityEstimation(KernelDensity()),12435,1,-85.22575727880447,0,-85.21305994870384
dpctgan,ProbabilityEstimation(KernelDensity()),12435,0,-84.349123140009,1,-85.21305994870384
dpctgan,ProbabilityEstimation(KernelDensity()),12435,1,-83.81970769542978,1,-85.21305994870384
dpctgan,ProbabilityEstimation(KernelDensity()),12435,0,-85.06873351470777,1,-85.21305994870384
dpctgan,ProbabilityEstimation(KernelDensity()),12435,1,-85.1419217164862,1,-85.21305994870384
dpctgan,ProbabilityEstimation(KernelDensity()),12435,0,-83.57982004320525,1,-85.21305994870384
dpctgan,ProbabilityEstimation(KernelDensity()),12435,1,-84.26721322636581,1,-85.21305994870384
dpctgan,ProbabilityEstimation(KernelDensity()),12435,0,-84.2233237975375,1,-85.21305994870384
dpctgan,ProbabilityEstimation(KernelDensity()),12435,1,-84.38360146637042,1,-85.21305994870384
dpctgan,ProbabilityEstimation(KernelDensity()),12435,0,-84.54921257921451,1,-85.21305994870384
dpctgan,ProbabilityEstimation(KernelDensity()),12435,1,-84.28678659446504,1,-85.21305994870384
dpctgan,ProbabilityEstimation(KernelDensity()),12435,0,-84.27709147135081,1,-85.21305994870384
dpctgan,ProbabilityEstimation(KernelDensity()),12435,1,-83.51649527450257,1,-85.21305994870384
dpctgan,ProbabilityEstimation(KernelDensity()),12435,0,-84.23099304929033,1,-85.21305994870384
dpctgan,ProbabilityEstimation(KernelDensity()),12435,1,-84.09523182983864,1,-85.21305994870384
dpctgan,ProbabilityEstimation(KernelDensity()),12435,0,-84.12161147876556,1,-85.21305994870384
dpctgan,ProbabilityEstimation(KernelDensity()),12435,1,-84.21146556834803,1,-85.21305994870384
dpctgan,ProbabilityEstimation(KernelDensity()),12435,0,-84.31993258724171,1,-85.21305994870384
dpctgan,ProbabilityEstimation(KernelDensity()),12435,1,-85.44790184400298,0,-85.21305994870384
dpctgan,ProbabilityEstimation(KernelDensity()),12435,0,-83.6784252802441,1,-85.21305994870384
dpctgan,ProbabilityEstimation(KernelDensity()),12435,1,-83.65876937278969,1,-85.21305994870384
dpctgan,ProbabilityEstimation(KernelDensity()),12435,0,-83.79685740778771,1,-85.21305994870384
dpctgan,ProbabilityEstimation(KernelDensity()),12435,1,-84.46323530706313,1,-85.21305994870384
dpctgan,ProbabilityEstimation(KernelDensity()),12435,0,-84.01470739339744,1,-85.21305994870384
dpctgan,ProbabilityEstimation(KernelDensity()),12435,1,-84.41803531637046,1,-85.21305994870384
dpctgan,ProbabilityEstimation(KernelDensity()),12435,0,-85.51525387563481,0,-85.21305994870384
dpctgan,ProbabilityEstimation(KernelDensity()),12435,1,-84.77236167150706,1,-85.21305994870384
dpctgan,ProbabilityEstimation(KernelDensity()),12435,0,-84.20771273439397,1,-85.21305994870384
dpctgan,ProbabilityEstimation(KernelDensity()),12435,1,-84.79977942292685,1,-85.21305994870384
dpctgan,ProbabilityEstimation(KernelDensity()),12435,0,-84.88518176046503,1,-85.21305994870384
dpctgan,ProbabilityEstimation(KernelDensity()),12435,1,-84.20225151652997,1,-85.21305994870384
dpctgan,ProbabilityEstimation(KernelDensity()),12435,0,-85.05571199857664,1,-85.21305994870384
dpctgan,ProbabilityEstimation(KernelDensity()),12435,1,-83.93750183271727,1,-85.21305994870384
dpctgan,ProbabilityEstimation(KernelDensity()),12435,0,-85.29491250626556,0,-85.21305994870384
dpctgan,ProbabilityEstimation(KernelDensity()),12435,1,-84.90569621209785,1,-85.21305994870384
dpctgan,ProbabilityEstimation(KernelDensity()),12435,0,-84.592418213763,1,-85.21305994870384
dpctgan,ProbabilityEstimation(KernelDensity()),12435,1,-83.87541911773613,1,-85.21305994870384
dpctgan,ProbabilityEstimation(KernelDensity()),12435,0,-83.83334649740301,1,-85.21305994870384
dpctgan,ProbabilityEstimation(KernelDensity()),12435,1,-84.82997815686646,1,-85.21305994870384
dpctgan,ProbabilityEstimation(KernelDensity()),12435,0,-83.81406318663502,1,-85.21305994870384
dpctgan,ProbabilityEstimation(KernelDensity()),12435,1,-84.81350688261394,1,-85.21305994870384
dpctgan,ProbabilityEstimation(KernelDensity()),12435,0,-85.27079969762852,0,-85.21305994870384
dpctgan,ProbabilityEstimation(KernelDensity()),12435,1,-83.2678145182636,1,-85.21305994870384
dpctgan,ProbabilityEstimation(KernelDensity()),12435,0,-83.83783406551845,1,-85.21305994870384
dpctgan,ProbabilityEstimation(KernelDensity()),12435,1,-84.75191713196851,1,-85.21305994870384
dpctgan,ProbabilityEstimation(KernelDensity()),12435,0,-84.9537536764609,1,-85.21305994870384
dpctgan,ProbabilityEstimation(KernelDensity()),12435,1,-84.60821675715289,1,-85.21305994870384
dpctgan,ProbabilityEstimation(KernelDensity()),12435,0,-84.75805159331557,1,-85.21305994870384
dpctgan,ProbabilityEstimation(KernelDensity()),12435,1,-83.98684041399916,1,-85.21305994870384
dpctgan,ProbabilityEstimation(KernelDensity()),12435,0,-83.65833812221678,1,-85.21305994870384
dpctgan,ProbabilityEstimation(KernelDensity()),12435,1,-85.10676962750811,1,-85.21305994870384
dpctgan,ProbabilityEstimation(KernelDensity()),12435,0,-84.22302956162099,1,-85.21305994870384
dpctgan,ProbabilityEstimation(KernelDensity()),12435,1,-84.69703768016221,1,-85.21305994870384
dpctgan,ProbabilityEstimation(KernelDensity()),12435,0,-86.1867326158984,0,-85.21305994870384
dpctgan,ProbabilityEstimation(KernelDensity()),12435,1,-84.7545327573438,1,-85.21305994870384
dpctgan,ProbabilityEstimation(KernelDensity()),12435,0,-84.33259927865764,1,-85.21305994870384
dpctgan,ProbabilityEstimation(KernelDensity()),12435,1,-84.03287591825323,1,-85.21305994870384
dpctgan,ProbabilityEstimation(KernelDensity()),12435,0,-84.26882621646632,1,-85.21305994870384
dpctgan,ProbabilityEstimation(KernelDensity()),12435,1,-84.30657161910821,1,-85.21305994870384
dpctgan,ProbabilityEstimation(KernelDensity()),12435,0,-84.64662464710784,1,-85.21305994870384
dpctgan,ProbabilityEstimation(KernelDensity()),12435,1,-83.7552996186519,1,-85.21305994870384
dpctgan,ProbabilityEstimation(KernelDensity()),12435,0,-84.03248793209235,1,-85.21305994870384
dpctgan,ProbabilityEstimation(KernelDensity()),12435,1,-83.72952723195812,1,-85.21305994870384
dpctgan,ProbabilityEstimation(KernelDensity()),12435,0,-84.03923572282638,1,-85.21305994870384
dpctgan,ProbabilityEstimation(KernelDensity()),12435,1,-85.14781261701155,1,-85.21305994870384
dpctgan,ProbabilityEstimation(KernelDensity()),12435,0,-84.42312969026145,1,-85.21305994870384
dpctgan,ProbabilityEstimation(KernelDensity()),12435,1,-84.49316006862455,1,-85.21305994870384
dpctgan,ProbabilityEstimation(KernelDensity()),12435,0,-84.18822360518608,1,-85.21305994870384
dpctgan,ProbabilityEstimation(KernelDensity()),12435,1,-84.09319402632278,1,-85.21305994870384
dpctgan,ProbabilityEstimation(KernelDensity()),12435,0,-84.23425669803696,1,-85.21305994870384
dpctgan,ProbabilityEstimation(KernelDensity()),12435,1,-84.44907021114118,1,-85.21305994870384
dpctgan,ProbabilityEstimation(KernelDensity()),12435,0,-85.2436864052751,0,-85.21305994870384
dpctgan,ProbabilityEstimation(KernelDensity()),12435,1,-84.58589065098644,1,-85.21305994870384
dpctgan,ProbabilityEstimation(KernelDensity()),12435,0,-85.0145046935642,1,-85.21305994870384
dpctgan,ProbabilityEstimation(KernelDensity()),12435,1,-84.19215795721529,1,-85.21305994870384
dpctgan,ProbabilityEstimation(KernelDensity()),12435,0,-85.21238302483289,1,-85.21305994870384
dpctgan,ProbabilityEstimation(KernelDensity()),12435,1,-84.45057461094005,1,-85.21305994870384
dpctgan,ProbabilityEstimation(KernelDensity()),12435,0,-85.11076786276018,1,-85.21305994870384
dpctgan,ProbabilityEstimation(KernelDensity()),12435,1,-84.03740768370791,1,-85.21305994870384
dpctgan,ProbabilityEstimation(KernelDensity()),12435,0,-83.71809907197317,1,-85.21305994870384
dpctgan,ProbabilityEstimation(KernelDensity()),12435,1,-84.29902521137177,1,-85.21305994870384
dpctgan,ProbabilityEstimation(KernelDensity()),12435,0,-85.32948271877412,0,-85.21305994870384
dpctgan,ProbabilityEstimation(KernelDensity()),12435,1,-84.42291535255305,1,-85.21305994870384
dpctgan,ProbabilityEstimation(KernelDensity()),12435,0,-84.1914010028814,1,-85.21305994870384
dpctgan,ProbabilityEstimation(KernelDensity()),12435,1,-84.71057026294129,1,-85.21305994870384
dpctgan,ProbabilityEstimation(KernelDensity()),12435,0,-83.95723838365971,1,-85.21305994870384
dpctgan,ProbabilityEstimation(KernelDensity()),12435,1,-84.69302800363708,1,-85.21305994870384
dpctgan,ProbabilityEstimation(KernelDensity()),12435,0,-83.6602645886037,1,-85.21305994870384
dpctgan,ProbabilityEstimation(KernelDensity()),12435,1,-84.75572115163041,1,-85.21305994870384
dpctgan,ProbabilityEstimation(KernelDensity()),12435,0,-85.78037641206073,0,-85.21305994870384
dpctgan,ProbabilityEstimation(KernelDensity()),12435,1,-84.21424226453215,1,-85.21305994870384
dpctgan,ProbabilityEstimation(KernelDensity()),12435,0,-84.25363848308334,1,-85.21305994870384
dpctgan,ProbabilityEstimation(KernelDensity()),12435,1,-84.8838745348935,1,-85.21305994870384
dpctgan,ProbabilityEstimation(KernelDensity()),12435,0,-83.45343296225163,1,-85.21305994870384
dpctgan,ProbabilityEstimation(KernelDensity()),12435,1,-85.34587570831097,0,-85.21305994870384
dpctgan,ProbabilityEstimation(KernelDensity()),12435,0,-84.45268794510076,1,-85.21305994870384
dpctgan,ProbabilityEstimation(KernelDensity()),12435,1,-84.3843024422365,1,-85.21305994870384
dpctgan,ProbabilityEstimation(KernelDensity()),12435,0,-84.7712625204881,1,-85.21305994870384
dpctgan,ProbabilityEstimation(KernelDensity()),12435,1,-85.58376983798314,0,-85.21305994870384
dpctgan,ProbabilityEstimation(KernelDensity()),12435,0,-84.65741312085305,1,-85.21305994870384
dpctgan,ProbabilityEstimation(KernelDensity()),12435,1,-83.010275253976,1,-85.21305994870384
dpctgan,ProbabilityEstimation(KernelDensity()),12435,0,-84.50124801868408,1,-85.21305994870384
dpctgan,ProbabilityEstimation(KernelDensity()),12435,1,-83.85595370299853,1,-85.21305994870384
dpctgan,ProbabilityEstimation(KernelDensity()),12435,0,-84.3668309212647,1,-85.21305994870384
dpctgan,ProbabilityEstimation(KernelDensity()),12435,1,-84.57742197181688,1,-85.21305994870384
dpctgan,ProbabilityEstimation(KernelDensity()),12435,0,-85.00906371251332,1,-85.21305994870384
dpctgan,ProbabilityEstimation(KernelDensity()),12435,1,-84.66403196493086,1,-85.21305994870384
dpctgan,ProbabilityEstimation(KernelDensity()),12435,0,-84.48573503823368,1,-85.21305994870384
dpctgan,ProbabilityEstimation(KernelDensity()),12435,1,-84.76539220905967,1,-85.21305994870384
dpctgan,ProbabilityEstimation(KernelDensity()),12435,0,-84.88469257052517,1,-85.21305994870384
dpctgan,ProbabilityEstimation(KernelDensity()),12435,1,-84.35392576843748,1,-85.21305994870384
dpctgan,ProbabilityEstimation(KernelDensity()),12435,0,-84.33919957846499,1,-85.21305994870384
dpctgan,ProbabilityEstimation(KernelDensity()),12435,1,-84.6084593935047,1,-85.21305994870384
dpctgan,ProbabilityEstimation(KernelDensity()),12435,0,-83.69654434573059,1,-85.21305994870384
dpctgan,ProbabilityEstimation(KernelDensity()),12435,1,-84.78558042495229,1,-85.21305994870384
dpctgan,ProbabilityEstimation(KernelDensity()),12435,0,-85.16449533934527,1,-85.21305994870384
dpctgan,ProbabilityEstimation(KernelDensity()),12435,1,-84.44196037780686,1,-85.21305994870384
dpctgan,ProbabilityEstimation(KernelDensity()),12435,0,-83.80063017473233,1,-85.21305994870384
dpctgan,ProbabilityEstimation(KernelDensity()),12435,1,-84.61177745111837,1,-85.21305994870384
dpctgan,ProbabilityEstimation(KernelDensity()),12435,0,-84.47540089226658,1,-85.21305994870384
dpctgan,ProbabilityEstimation(KernelDensity()),12435,1,-84.70259635775051,1,-85.21305994870384
dpctgan,ProbabilityEstimation(KernelDensity()),12435,0,-83.96357304815675,1,-85.21305994870384
dpctgan,ProbabilityEstimation(KernelDensity()),12435,1,-83.9342209377628,1,-85.21305994870384
dpctgan,ProbabilityEstimation(KernelDensity()),12435,0,-84.59506858453088,1,-85.21305994870384
dpctgan,ProbabilityEstimation(KernelDensity()),12435,1,-83.49213934351206,1,-85.21305994870384
dpctgan,ProbabilityEstimation(KernelDensity()),12435,0,-84.0975899840912,1,-85.21305994870384
dpctgan,ProbabilityEstimation(KernelDensity()),12435,1,-83.67161046908258,1,-85.21305994870384
dpctgan,ProbabilityEstimation(KernelDensity()),12435,0,-84.30462269630888,1,-85.21305994870384
dpctgan,ProbabilityEstimation(KernelDensity()),12435,1,-84.17158403608695,1,-85.21305994870384
dpctgan,ProbabilityEstimation(KernelDensity()),12435,0,-83.91620618424055,1,-85.21305994870384
dpctgan,ProbabilityEstimation(KernelDensity()),12435,1,-84.25239627443321,1,-85.21305994870384
dpctgan,ProbabilityEstimation(KernelDensity()),12435,0,-83.90156793623677,1,-85.21305994870384
dpctgan,ProbabilityEstimation(KernelDensity()),12435,1,-85.0050716325704,1,-85.21305994870384
dpctgan,ProbabilityEstimation(KernelDensity()),12435,0,-84.62992374943092,1,-85.21305994870384
dpctgan,ProbabilityEstimation(KernelDensity()),12435,1,-82.8183314598372,1,-85.21305994870384
dpctgan,ProbabilityEstimation(KernelDensity()),12435,0,-84.1864974969969,1,-85.21305994870384
dpctgan,ProbabilityEstimation(KernelDensity()),12435,1,-84.76821209871112,1,-85.21305994870384
dpctgan,ProbabilityEstimation(KernelDensity()),12435,0,-83.65666451361685,1,-85.21305994870384
dpctgan,ProbabilityEstimation(KernelDensity()),12435,1,-86.05185516547556,0,-85.21305994870384
dpctgan,ProbabilityEstimation(KernelDensity()),12435,0,-83.44769285511319,1,-85.21305994870384
dpctgan,ProbabilityEstimation(KernelDensity()),12435,1,-83.91757627084098,1,-85.21305994870384
dpctgan,ProbabilityEstimation(KernelDensity()),12435,0,-84.77398659829295,1,-85.21305994870384
dpctgan,ProbabilityEstimation(KernelDensity()),12435,1,-84.24198090427775,1,-85.21305994870384
dpctgan,ProbabilityEstimation(KernelDensity()),12435,0,-84.8447074825613,1,-85.21305994870384
dpctgan,ProbabilityEstimation(KernelDensity()),12435,1,-83.59801264935656,1,-85.21305994870384
dpctgan,ProbabilityEstimation(KernelDensity()),12435,0,-83.96758779027627,1,-85.21305994870384
dpctgan,ProbabilityEstimation(KernelDensity()),12435,1,-84.41530754217953,1,-85.21305994870384
dpctgan,ProbabilityEstimation(KernelDensity()),12435,0,-83.42122016151087,1,-85.21305994870384
dpctgan,ProbabilityEstimation(KernelDensity()),12435,1,-84.6490572462942,1,-85.21305994870384
dpctgan,ProbabilityEstimation(KernelDensity()),12435,0,-84.66703698516778,1,-85.21305994870384
dpctgan,ProbabilityEstimation(KernelDensity()),12435,1,-83.99518462631015,1,-85.21305994870384
dpctgan,ProbabilityEstimation(KernelDensity()),12435,0,-84.04009263271912,1,-85.21305994870384
dpctgan,ProbabilityEstimation(KernelDensity()),12435,1,-84.10773883696672,1,-85.21305994870384
dpctgan,ProbabilityEstimation(KernelDensity()),12435,0,-85.69991735400961,0,-85.21305994870384
dpctgan,ProbabilityEstimation(KernelDensity()),12435,1,-85.51047659541672,0,-85.21305994870384
dpctgan,ProbabilityEstimation(KernelDensity()),12435,0,-84.3535032106707,1,-85.21305994870384
dpctgan,ProbabilityEstimation(KernelDensity()),12435,1,-84.12431863980979,1,-85.21305994870384
dpctgan,ProbabilityEstimation(KernelDensity()),12435,0,-84.93976945044783,1,-85.21305994870384
dpctgan,ProbabilityEstimation(KernelDensity()),12435,1,-83.37827066531182,1,-85.21305994870384
dpctgan,ProbabilityEstimation(KernelDensity()),12435,0,-83.89708085510824,1,-85.21305994870384
dpctgan,ProbabilityEstimation(KernelDensity()),12435,1,-83.96663877671688,1,-85.21305994870384
dpctgan,ProbabilityEstimation(KernelDensity()),12435,0,-84.50617857370968,1,-85.21305994870384
dpctgan,ProbabilityEstimation(KernelDensity()),12435,1,-85.26393931682202,0,-85.21305994870384
dpctgan,ProbabilityEstimation(KernelDensity()),12435,0,-84.56763490940976,1,-85.21305994870384
dpctgan,ProbabilityEstimation(KernelDensity()),12435,1,-83.75882736715506,1,-85.21305994870384
dpctgan,ProbabilityEstimation(KernelDensity()),12435,0,-85.45571276624379,0,-85.21305994870384
dpctgan,ProbabilityEstimation(KernelDensity()),12435,1,-83.83300742660518,1,-85.21305994870384
dpctgan,ProbabilityEstimation(KernelDensity()),12435,0,-84.57309421194039,1,-85.21305994870384
dpctgan,ProbabilityEstimation(KernelDensity()),12435,1,-84.28104963440869,1,-85.21305994870384
dpctgan,ProbabilityEstimation(KernelDensity()),12435,0,-84.61070205177046,1,-85.21305994870384
dpctgan,ProbabilityEstimation(KernelDensity()),12435,1,-85.87510131434199,0,-85.21305994870384
dpctgan,ProbabilityEstimation(KernelDensity()),12435,0,-84.30930464721214,1,-85.21305994870384
dpctgan,ProbabilityEstimation(KernelDensity()),12435,1,-84.2560561470131,1,-85.21305994870384
dpctgan,ProbabilityEstimation(KernelDensity()),12435,0,-85.47386204101505,0,-85.21305994870384
dpctgan,ProbabilityEstimation(KernelDensity()),12435,1,-84.48547904009672,1,-85.21305994870384
dpctgan,ProbabilityEstimation(KernelDensity()),12435,0,-84.15727203759693,1,-85.21305994870384
dpctgan,ProbabilityEstimation(KernelDensity()),12435,1,-84.67868150074281,1,-85.21305994870384
dpctgan,ProbabilityEstimation(KernelDensity()),12435,0,-84.3174163524883,1,-85.21305994870384
dpctgan,ProbabilityEstimation(KernelDensity()),12435,1,-85.15200570726184,1,-85.21305994870384
dpctgan,ProbabilityEstimation(KernelDensity()),12435,0,-85.19776236866987,1,-85.21305994870384
dpctgan,ProbabilityEstimation(KernelDensity()),12435,1,-84.63282454610653,1,-85.21305994870384
dpctgan,ProbabilityEstimation(KernelDensity()),12435,0,-84.69000845775578,1,-85.21305994870384
dpctgan,ProbabilityEstimation(KernelDensity()),12435,1,-84.78135720864272,1,-85.21305994870384
dpctgan,ProbabilityEstimation(KernelDensity()),12435,0,-84.75256327549673,1,-85.21305994870384
dpctgan,ProbabilityEstimation(KernelDensity()),12435,1,-84.16105771712844,1,-85.21305994870384
dpctgan,ProbabilityEstimation(KernelDensity()),12435,0,-84.64571983086778,1,-85.21305994870384
dpctgan,ProbabilityEstimation(KernelDensity()),12435,1,-84.51807324498954,1,-85.21305994870384
dpctgan,ProbabilityEstimation(KernelDensity()),12435,0,-84.95537795916351,1,-85.21305994870384
dpctgan,ProbabilityEstimation(KernelDensity()),12435,1,-84.46418068933951,1,-85.21305994870384
dpctgan,ProbabilityEstimation(KernelDensity()),12435,0,-83.98104684772868,1,-85.21305994870384
dpctgan,ProbabilityEstimation(KernelDensity()),12435,1,-84.3224770643275,1,-85.21305994870384
dpctgan,ProbabilityEstimation(KernelDensity()),12435,0,-84.02538288307423,1,-85.21305994870384
dpctgan,ProbabilityEstimation(KernelDensity()),12435,1,-84.49343340447463,1,-85.21305994870384
dpctgan,ProbabilityEstimation(KernelDensity()),12435,0,-83.96516060010916,1,-85.21305994870384
dpctgan,ProbabilityEstimation(KernelDensity()),12435,1,-84.35536884604808,1,-85.21305994870384
dpctgan,ProbabilityEstimation(KernelDensity()),12435,0,-84.2098093897989,1,-85.21305994870384
dpctgan,ProbabilityEstimation(KernelDensity()),12435,1,-83.76141739992205,1,-85.21305994870384
dpctgan,ProbabilityEstimation(KernelDensity()),12435,0,-84.86809564408682,1,-85.21305994870384
dpctgan,ProbabilityEstimation(KernelDensity()),12435,1,-84.29478064107897,1,-85.21305994870384
dpctgan,ProbabilityEstimation(KernelDensity()),12435,0,-85.96557847717665,0,-85.21305994870384
dpctgan,ProbabilityEstimation(KernelDensity()),12435,1,-84.61630375312033,1,-85.21305994870384
dpctgan,ProbabilityEstimation(KernelDensity()),12435,0,-84.25112591259759,1,-85.21305994870384
dpctgan,ProbabilityEstimation(KernelDensity()),12435,1,-83.99264749544103,1,-85.21305994870384
dpctgan,ProbabilityEstimation(KernelDensity()),12435,0,-85.42906778528867,0,-85.21305994870384
dpctgan,ProbabilityEstimation(KernelDensity()),12435,1,-85.05602056666979,1,-85.21305994870384
dpctgan,ProbabilityEstimation(KernelDensity()),12435,0,-84.81014292077398,1,-85.21305994870384
dpctgan,ProbabilityEstimation(KernelDensity()),12435,1,-83.30255500393547,1,-85.21305994870384
dpctgan,ProbabilityEstimation(KernelDensity()),12435,0,-84.62841132032486,1,-85.21305994870384
dpctgan,ProbabilityEstimation(KernelDensity()),12435,1,-84.40976181270852,1,-85.21305994870384
dpctgan,ProbabilityEstimation(KernelDensity()),12435,0,-84.95568509588544,1,-85.21305994870384
dpctgan,ProbabilityEstimation(KernelDensity()),12435,1,-84.1072706883087,1,-85.21305994870384
dpctgan,ProbabilityEstimation(KernelDensity()),12435,0,-83.38195350868915,1,-85.21305994870384
dpctgan,ProbabilityEstimation(KernelDensity()),12435,1,-85.41746136610556,0,-85.21305994870384
dpctgan,ProbabilityEstimation(KernelDensity()),12435,0,-84.47876601542912,1,-85.21305994870384
dpctgan,ProbabilityEstimation(KernelDensity()),12435,1,-84.82076673505763,1,-85.21305994870384
dpctgan,ProbabilityEstimation(KernelDensity()),12435,0,-83.8006313823423,1,-85.21305994870384
dpctgan,ProbabilityEstimation(KernelDensity()),12435,1,-84.53372756764246,1,-85.21305994870384
dpctgan,ProbabilityEstimation(KernelDensity()),12435,0,-85.88465912867592,0,-85.21305994870384
dpctgan,ProbabilityEstimation(KernelDensity()),12435,1,-83.75660646853619,1,-85.21305994870384
dpctgan,ProbabilityEstimation(KernelDensity()),12435,0,-84.34917594388126,1,-85.21305994870384
dpctgan,ProbabilityEstimation(KernelDensity()),12435,1,-83.59072598441335,1,-85.21305994870384
dpctgan,ProbabilityEstimation(KernelDensity()),12435,0,-84.2633568882186,1,-85.21305994870384
dpctgan,ProbabilityEstimation(KernelDensity()),12435,1,-84.40012695000041,1,-85.21305994870384
dpctgan,ProbabilityEstimation(KernelDensity()),12435,0,-84.22119437569008,1,-85.21305994870384
dpctgan,ProbabilityEstimation(KernelDensity()),12435,1,-83.62760114148149,1,-85.21305994870384
dpctgan,ProbabilityEstimation(KernelDensity()),12435,0,-84.96408212198465,1,-85.21305994870384
dpctgan,ProbabilityEstimation(KernelDensity()),12435,1,-84.30397145573932,1,-85.21305994870384
dpctgan,ProbabilityEstimation(KernelDensity()),12435,0,-84.67294797304473,1,-85.21305994870384
dpctgan,ProbabilityEstimation(KernelDensity()),12435,1,-85.0314153379367,1,-85.21305994870384
dpctgan,ProbabilityEstimation(KernelDensity()),12435,0,-84.56682512363616,1,-85.21305994870384
dpctgan,ProbabilityEstimation(KernelDensity()),12435,1,-83.87217344526374,1,-85.21305994870384
dpctgan,ProbabilityEstimation(KernelDensity()),12435,0,-83.57465264762241,1,-85.21305994870384
dpctgan,ProbabilityEstimation(KernelDensity()),12435,1,-84.18959784152146,1,-85.21305994870384
dpctgan,ProbabilityEstimation(KernelDensity()),12435,0,-84.6146809225399,1,-85.21305994870384
dpctgan,ProbabilityEstimation(KernelDensity()),12435,1,-84.61753471238396,1,-85.21305994870384
dpctgan,ProbabilityEstimation(KernelDensity()),12435,0,-84.4243770016389,1,-85.21305994870384
dpctgan,ProbabilityEstimation(KernelDensity()),12435,1,-84.61711191424995,1,-85.21305994870384
dpctgan,ProbabilityEstimation(KernelDensity()),12435,0,-85.07938369634239,1,-85.21305994870384
dpctgan,ProbabilityEstimation(KernelDensity()),12435,1,-84.1787417465684,1,-85.21305994870384
dpctgan,ProbabilityEstimation(KernelDensity()),12435,0,-84.75474277267084,1,-85.21305994870384
dpctgan,ProbabilityEstimation(KernelDensity()),12435,1,-84.5459980217863,1,-85.21305994870384
dpctgan,ProbabilityEstimation(KernelDensity()),12435,0,-84.69567682098327,1,-85.21305994870384
dpctgan,ProbabilityEstimation(KernelDensity()),12435,1,-85.47591182662813,0,-85.21305994870384
dpctgan,ProbabilityEstimation(KernelDensity()),12435,0,-84.96748063542721,1,-85.21305994870384
dpctgan,ProbabilityEstimation(KernelDensity()),12435,1,-83.76129341165422,1,-85.21305994870384
dpctgan,ProbabilityEstimation(KernelDensity()),12435,0,-84.90656354467977,1,-85.21305994870384
dpctgan,ProbabilityEstimation(KernelDensity()),12435,1,-84.52024877245998,1,-85.21305994870384
dpctgan,ProbabilityEstimation(KernelDensity()),12435,0,-85.08335896383248,1,-85.21305994870384
dpctgan,ProbabilityEstimation(KernelDensity()),12435,1,-84.68036779843509,1,-85.21305994870384
dpctgan,ProbabilityEstimation(KernelDensity()),12435,0,-84.80714061702183,1,-85.21305994870384
dpctgan,ProbabilityEstimation(KernelDensity()),12435,1,-85.14971036631306,1,-85.21305994870384
dpctgan,ProbabilityEstimation(KernelDensity()),12435,0,-83.78927275196357,1,-85.21305994870384
dpctgan,ProbabilityEstimation(KernelDensity()),12435,1,-83.63357301788723,1,-85.21305994870384
dpctgan,ProbabilityEstimation(KernelDensity()),12435,0,-84.53010341579052,1,-85.21305994870384
dpctgan,ProbabilityEstimation(KernelDensity()),12435,1,-84.48450902835759,1,-85.21305994870384
dpctgan,ProbabilityEstimation(KernelDensity()),12435,0,-84.84616218292071,1,-85.21305994870384
dpctgan,ProbabilityEstimation(KernelDensity()),12435,1,-83.89986601881184,1,-85.21305994870384
dpctgan,ProbabilityEstimation(KernelDensity()),12435,0,-83.20041055719668,1,-85.21305994870384
dpctgan,ProbabilityEstimation(KernelDensity()),12435,1,-84.1199172443688,1,-85.21305994870384
dpctgan,ProbabilityEstimation(KernelDensity()),12435,0,-83.58801878483824,1,-85.21305994870384
dpctgan,ProbabilityEstimation(KernelDensity()),12435,1,-84.32630267751229,1,-85.21305994870384
dpctgan,ProbabilityEstimation(KernelDensity()),12435,0,-85.22370801683311,0,-85.21305994870384
dpctgan,ProbabilityEstimation(KernelDensity()),12435,1,-84.69266553635828,1,-85.21305994870384
dpctgan,ProbabilityEstimation(KernelDensity()),12435,0,-83.41024555119235,1,-85.21305994870384
dpctgan,ProbabilityEstimation(KernelDensity()),12435,1,-85.08260281973641,1,-85.21305994870384
dpctgan,ProbabilityEstimation(KernelDensity()),12435,0,-84.73415087395938,1,-85.21305994870384
dpctgan,ProbabilityEstimation(KernelDensity()),12435,1,-85.41145299131713,0,-85.21305994870384
dpctgan,ProbabilityEstimation(KernelDensity()),12435,0,-84.0124891295319,1,-85.21305994870384
dpctgan,ProbabilityEstimation(KernelDensity()),12435,1,-84.15364064996368,1,-85.21305994870384
dpctgan,ProbabilityEstimation(KernelDensity()),12435,0,-83.87112972873717,1,-85.21305994870384
dpctgan,ProbabilityEstimation(KernelDensity()),12435,1,-84.38557933349318,1,-85.21305994870384
dpctgan,ProbabilityEstimation(KernelDensity()),12435,0,-84.17650089066308,1,-85.21305994870384
dpctgan,ProbabilityEstimation(KernelDensity()),12435,1,-84.68233520653646,1,-85.21305994870384
dpctgan,ProbabilityEstimation(KernelDensity()),12435,0,-84.87744522979872,1,-85.21305994870384
dpctgan,ProbabilityEstimation(KernelDensity()),12435,1,-84.67823257815816,1,-85.21305994870384
dpctgan,ProbabilityEstimation(KernelDensity()),12435,0,-84.30612776570277,1,-85.21305994870384
dpctgan,ProbabilityEstimation(KernelDensity()),12435,1,-84.61534525139217,1,-85.21305994870384
dpctgan,ProbabilityEstimation(KernelDensity()),12435,0,-85.2233727858641,0,-85.21305994870384
dpctgan,ProbabilityEstimation(KernelDensity()),12435,1,-84.93676856677881,1,-85.21305994870384
dpctgan,ProbabilityEstimation(KernelDensity()),12435,0,-84.39255363601221,1,-85.21305994870384
dpctgan,ProbabilityEstimation(KernelDensity()),12435,1,-84.94338516732117,1,-85.21305994870384
dpctgan,ProbabilityEstimation(KernelDensity()),12435,0,-85.2376241024328,0,-85.21305994870384
dpctgan,ProbabilityEstimation(KernelDensity()),12435,1,-84.72564285056907,1,-85.21305994870384
dpctgan,ProbabilityEstimation(KernelDensity()),12435,0,-83.50259464152022,1,-85.21305994870384
dpctgan,ProbabilityEstimation(KernelDensity()),12435,1,-83.38629137890513,1,-85.21305994870384
dpctgan,ProbabilityEstimation(KernelDensity()),12435,0,-84.27072268641659,1,-85.21305994870384
dpctgan,ProbabilityEstimation(KernelDensity()),12435,1,-84.78427162287944,1,-85.21305994870384
dpctgan,ProbabilityEstimation(KernelDensity()),12435,0,-83.48535682043018,1,-85.21305994870384
dpctgan,ProbabilityEstimation(KernelDensity()),12435,1,-83.15359926052166,1,-85.21305994870384
dpctgan,ProbabilityEstimation(KernelDensity()),12435,0,-84.62960578664634,1,-85.21305994870384
dpctgan,ProbabilityEstimation(KernelDensity()),12435,1,-83.5849306129044,1,-85.21305994870384
dpctgan,ProbabilityEstimation(KernelDensity()),12435,0,-83.83070510932271,1,-85.21305994870384
dpctgan,ProbabilityEstimation(KernelDensity()),12435,1,-85.17939887116907,1,-85.21305994870384
dpctgan,ProbabilityEstimation(KernelDensity()),12435,0,-83.28346765474372,1,-85.21305994870384
dpctgan,ProbabilityEstimation(KernelDensity()),12435,1,-83.59748390013306,1,-85.21305994870384
dpctgan,ProbabilityEstimation(KernelDensity()),12435,0,-83.70647391760403,1,-85.21305994870384
dpctgan,ProbabilityEstimation(KernelDensity()),12435,1,-83.94067226442546,1,-85.21305994870384
dpctgan,ProbabilityEstimation(KernelDensity()),12435,0,-84.62574153873939,1,-85.21305994870384
dpctgan,ProbabilityEstimation(KernelDensity()),12435,1,-84.53870442502408,1,-85.21305994870384
dpctgan,ProbabilityEstimation(KernelDensity()),12435,0,-84.45861384159423,1,-85.21305994870384
dpctgan,ProbabilityEstimation(KernelDensity()),12435,1,-83.56403477248212,1,-85.21305994870384
dpctgan,ProbabilityEstimation(KernelDensity()),12435,0,-84.58296104478096,1,-85.21305994870384
dpctgan,ProbabilityEstimation(KernelDensity()),12435,1,-85.55942552291934,0,-85.21305994870384
dpctgan,ProbabilityEstimation(KernelDensity()),12435,0,-85.29115051528188,0,-85.21305994870384
dpctgan,ProbabilityEstimation(KernelDensity()),12435,1,-84.9189456734823,1,-85.21305994870384
dpctgan,ProbabilityEstimation(KernelDensity()),12435,0,-83.87461241463166,1,-85.21305994870384
dpctgan,ProbabilityEstimation(KernelDensity()),12435,1,-83.82426566457565,1,-85.21305994870384
dpctgan,ProbabilityEstimation(KernelDensity()),12435,0,-83.90100997188834,1,-85.21305994870384
dpctgan,ProbabilityEstimation(KernelDensity()),12435,1,-84.26633566058713,1,-85.21305994870384
dpctgan,ProbabilityEstimation(KernelDensity()),12435,0,-85.51942335123127,0,-85.21305994870384
dpctgan,ProbabilityEstimation(KernelDensity()),12435,1,-83.70573739259095,1,-85.21305994870384
dpctgan,ProbabilityEstimation(KernelDensity()),12435,0,-83.79714956001435,1,-85.21305994870384
dpctgan,ProbabilityEstimation(KernelDensity()),12435,1,-85.11097409117085,1,-85.21305994870384
dpctgan,ProbabilityEstimation(KernelDensity()),12435,0,-85.29902525416729,0,-85.21305994870384
dpctgan,ProbabilityEstimation(KernelDensity()),12435,1,-83.95986989878797,1,-85.21305994870384
dpctgan,ProbabilityEstimation(KernelDensity()),12435,0,-85.05204789929044,1,-85.21305994870384
dpctgan,ProbabilityEstimation(KernelDensity()),12435,1,-84.75695208708534,1,-85.21305994870384
dpctgan,ProbabilityEstimation(KernelDensity()),12435,0,-84.44698820699432,1,-85.21305994870384
dpctgan,ProbabilityEstimation(KernelDensity()),12435,1,-84.2791213609287,1,-85.21305994870384
dpctgan,ProbabilityEstimation(KernelDensity()),12435,0,-84.7396813386187,1,-85.21305994870384
dpctgan,ProbabilityEstimation(KernelDensity()),12435,1,-84.36289111756507,1,-85.21305994870384
dpctgan,ProbabilityEstimation(KernelDensity()),12435,0,-84.2777897828138,1,-85.21305994870384
dpctgan,ProbabilityEstimation(KernelDensity()),12435,1,-84.18059955641328,1,-85.21305994870384
dpctgan,ProbabilityEstimation(KernelDensity()),12435,0,-84.78660126585135,1,-85.21305994870384
dpctgan,ProbabilityEstimation(KernelDensity()),12435,1,-84.73600613450391,1,-85.21305994870384
dpctgan,ProbabilityEstimation(KernelDensity()),12435,0,-83.8668876105255,1,-85.21305994870384
dpctgan,ProbabilityEstimation(KernelDensity()),12435,1,-82.95385553936133,1,-85.21305994870384
dpctgan,ProbabilityEstimation(KernelDensity()),12435,0,-84.56308642238326,1,-85.21305994870384
dpctgan,ProbabilityEstimation(KernelDensity()),12435,1,-84.21565213780059,1,-85.21305994870384
dpctgan,ProbabilityEstimation(KernelDensity()),12435,0,-84.4542879792359,1,-85.21305994870384
dpctgan,ProbabilityEstimation(KernelDensity()),12435,1,-83.80960193540538,1,-85.21305994870384
dpctgan,ProbabilityEstimation(KernelDensity()),12435,0,-84.33437439833543,1,-85.21305994870384
dpctgan,ProbabilityEstimation(KernelDensity()),12435,1,-83.88475336443024,1,-85.21305994870384
dpctgan,ProbabilityEstimation(KernelDensity()),12435,0,-85.89548031491184,0,-85.21305994870384
dpctgan,ProbabilityEstimation(KernelDensity()),12435,1,-85.16718273341303,1,-85.21305994870384
dpctgan,ProbabilityEstimation(KernelDensity()),12435,0,-84.12195613615195,1,-85.21305994870384
dpctgan,ProbabilityEstimation(KernelDensity()),12435,1,-84.56029347473863,1,-85.21305994870384
dpctgan,ProbabilityEstimation(KernelDensity()),12435,0,-84.21971408450301,1,-85.21305994870384
dpctgan,ProbabilityEstimation(KernelDensity()),12435,1,-85.47940042524597,0,-85.21305994870384
dpctgan,ProbabilityEstimation(KernelDensity()),12435,0,-84.9500219869536,1,-85.21305994870384
dpctgan,ProbabilityEstimation(KernelDensity()),12435,1,-84.14900817195806,1,-85.21305994870384
dpctgan,ProbabilityEstimation(KernelDensity()),12435,0,-85.63660502438285,0,-85.21305994870384
dpctgan,ProbabilityEstimation(KernelDensity()),12435,1,-84.39757079856898,1,-85.21305994870384
dpctgan,ProbabilityEstimation(KernelDensity()),12435,0,-84.95168013589813,1,-85.21305994870384
dpctgan,ProbabilityEstimation(KernelDensity()),12435,1,-84.24602906487938,1,-85.21305994870384
dpctgan,ProbabilityEstimation(KernelDensity()),12435,0,-83.96408565455383,1,-85.21305994870384
dpctgan,ProbabilityEstimation(KernelDensity()),12435,1,-85.63506932234216,0,-85.21305994870384
dpctgan,ProbabilityEstimation(KernelDensity()),12435,0,-85.23586911075373,0,-85.21305994870384
dpctgan,ProbabilityEstimation(KernelDensity()),12435,1,-85.7147974909971,0,-85.21305994870384
dpctgan,ProbabilityEstimation(KernelDensity()),12435,0,-84.52213206009424,1,-85.21305994870384
dpctgan,ProbabilityEstimation(KernelDensity()),12435,1,-84.50062185534479,1,-85.21305994870384
dpctgan,ProbabilityEstimation(KernelDensity()),12435,0,-83.76668399768846,1,-85.21305994870384
dpctgan,ProbabilityEstimation(KernelDensity()),12435,1,-84.1565549537491,1,-85.21305994870384
dpctgan,ProbabilityEstimation(KernelDensity()),12435,0,-85.4997588802746,0,-85.21305994870384
dpctgan,ProbabilityEstimation(KernelDensity()),12435,1,-83.62519077386605,1,-85.21305994870384
dpctgan,ProbabilityEstimation(KernelDensity()),12435,0,-85.05770015881862,1,-85.21305994870384
dpctgan,ProbabilityEstimation(KernelDensity()),12435,1,-84.64450453123646,1,-85.21305994870384
dpctgan,ProbabilityEstimation(KernelDensity()),12435,0,-83.94330537667344,1,-85.21305994870384
dpctgan,ProbabilityEstimation(KernelDensity()),12435,1,-84.71647941633114,1,-85.21305994870384
dpctgan,ProbabilityEstimation(KernelDensity()),12435,0,-86.01468355626629,0,-85.21305994870384
dpctgan,ProbabilityEstimation(KernelDensity()),12435,1,-83.8690324845391,1,-85.21305994870384
dpctgan,ProbabilityEstimation(KernelDensity()),12435,0,-83.88914734650008,1,-85.21305994870384
dpctgan,ProbabilityEstimation(KernelDensity()),12435,1,-85.22935828416037,0,-85.21305994870384
dpctgan,ProbabilityEstimation(KernelDensity()),12435,0,-83.7117523223521,1,-85.21305994870384
dpctgan,ProbabilityEstimation(KernelDensity()),12435,1,-84.42544188144946,1,-85.21305994870384
dpctgan,ProbabilityEstimation(KernelDensity()),12435,0,-84.03517083708316,1,-85.21305994870384
dpctgan,ProbabilityEstimation(KernelDensity()),12435,1,-83.596595555955,1,-85.21305994870384
dpctgan,ProbabilityEstimation(KernelDensity()),12435,0,-83.85776597746028,1,-85.21305994870384
dpctgan,ProbabilityEstimation(KernelDensity()),12435,1,-84.36423610380176,1,-85.21305994870384
dpctgan,ProbabilityEstimation(KernelDensity()),12435,0,-83.94964362076632,1,-85.21305994870384
dpctgan,ProbabilityEstimation(KernelDensity()),12435,1,-83.72366621074913,1,-85.21305994870384
dpctgan,ProbabilityEstimation(KernelDensity()),12435,0,-84.53506206236715,1,-85.21305994870384
dpctgan,ProbabilityEstimation(KernelDensity()),12435,1,-83.72308315218787,1,-85.21305994870384
dpctgan,ProbabilityEstimation(KernelDensity()),12435,0,-83.94805649767055,1,-85.21305994870384
dpctgan,ProbabilityEstimation(KernelDensity()),12435,1,-84.31653410558901,1,-85.21305994870384
dpctgan,ProbabilityEstimation(KernelDensity()),12435,0,-85.29265761255442,0,-85.21305994870384
dpctgan,ProbabilityEstimation(KernelDensity()),12435,1,-84.00620057997696,1,-85.21305994870384
dpctgan,ProbabilityEstimation(KernelDensity()),12435,0,-83.38026587565449,1,-85.21305994870384
dpctgan,ProbabilityEstimation(KernelDensity()),12435,1,-84.83756398398765,1,-85.21305994870384
dpctgan,ProbabilityEstimation(KernelDensity()),12435,0,-85.39129752970624,0,-85.21305994870384
dpctgan,ProbabilityEstimation(KernelDensity()),12435,1,-84.46500985948335,1,-85.21305994870384
dpctgan,ProbabilityEstimation(KernelDensity()),12435,0,-84.68588255768995,1,-85.21305994870384
dpctgan,ProbabilityEstimation(KernelDensity()),12435,1,-83.57987623600317,1,-85.21305994870384
dpctgan,ProbabilityEstimation(KernelDensity()),12435,0,-83.5082605233819,1,-85.21305994870384
dpctgan,ProbabilityEstimation(KernelDensity()),12435,1,-84.70057089519045,1,-85.21305994870384
dpctgan,ProbabilityEstimation(KernelDensity()),12435,0,-84.47191224288699,1,-85.21305994870384
dpctgan,ProbabilityEstimation(KernelDensity()),12435,1,-84.580317542534,1,-85.21305994870384
dpctgan,ProbabilityEstimation(KernelDensity()),12435,0,-84.35633104661173,1,-85.21305994870384
dpctgan,ProbabilityEstimation(KernelDensity()),12435,1,-84.32431967796641,1,-85.21305994870384
dpctgan,ProbabilityEstimation(KernelDensity()),12435,0,-83.6400279057585,1,-85.21305994870384
dpctgan,ProbabilityEstimation(KernelDensity()),12435,1,-84.2823249135667,1,-85.21305994870384
dpctgan,ProbabilityEstimation(KernelDensity()),12435,0,-83.92322175948028,1,-85.21305994870384
dpctgan,ProbabilityEstimation(KernelDensity()),12435,1,-84.01594395612739,1,-85.21305994870384
dpctgan,ProbabilityEstimation(KernelDensity()),12435,0,-85.08654097066153,1,-85.21305994870384
dpctgan,ProbabilityEstimation(KernelDensity()),12435,1,-84.95440391333321,1,-85.21305994870384
dpctgan,ProbabilityEstimation(KernelDensity()),12435,0,-84.46291068471139,1,-85.21305994870384
dpctgan,ProbabilityEstimation(KernelDensity()),12435,1,-85.34819132632782,0,-85.21305994870384
dpctgan,ProbabilityEstimation(KernelDensity()),12435,0,-84.16376308294183,1,-85.21305994870384
dpctgan,ProbabilityEstimation(KernelDensity()),12435,1,-83.11185477494088,1,-85.21305994870384
dpctgan,ProbabilityEstimation(KernelDensity()),12435,0,-84.82476212649745,1,-85.21305994870384
dpctgan,ProbabilityEstimation(KernelDensity()),12435,1,-85.3887822250214,0,-85.21305994870384
dpctgan,ProbabilityEstimation(KernelDensity()),12435,0,-85.2795121422283,0,-85.21305994870384
dpctgan,ProbabilityEstimation(KernelDensity()),12435,1,-84.88815636753345,1,-85.21305994870384
dpctgan,ProbabilityEstimation(KernelDensity()),12435,0,-84.25815115115785,1,-85.21305994870384
dpctgan,ProbabilityEstimation(KernelDensity()),12435,1,-85.93097241728503,0,-85.21305994870384
dpctgan,ProbabilityEstimation(KernelDensity()),12435,0,-85.44259654076002,0,-85.21305994870384
dpctgan,ProbabilityEstimation(KernelDensity()),12435,1,-84.81451789742114,1,-85.21305994870384
dpctgan,ProbabilityEstimation(KernelDensity()),12435,0,-85.32186015932662,0,-85.21305994870384
dpctgan,ProbabilityEstimation(KernelDensity()),12435,1,-85.05280828565441,1,-85.21305994870384
dpctgan,ProbabilityEstimation(KernelDensity()),12435,0,-83.94967675111614,1,-85.21305994870384
dpctgan,ProbabilityEstimation(KernelDensity()),12435,1,-84.768278250247,1,-85.21305994870384
dpctgan,ProbabilityEstimation(KernelDensity()),12435,0,-84.92789258323756,1,-85.21305994870384
dpctgan,ProbabilityEstimation(KernelDensity()),12435,1,-84.55597093320112,1,-85.21305994870384
dpctgan,ProbabilityEstimation(KernelDensity()),12435,0,-84.69296963174484,1,-85.21305994870384
dpctgan,ProbabilityEstimation(KernelDensity()),12435,1,-83.65200178424674,1,-85.21305994870384
dpctgan,ProbabilityEstimation(KernelDensity()),12435,0,-85.21344500921808,0,-85.21305994870384
dpctgan,ProbabilityEstimation(KernelDensity()),12435,1,-83.89471199366339,1,-85.21305994870384
dpctgan,ProbabilityEstimation(KernelDensity()),12435,0,-85.4895517036822,0,-85.21305994870384
dpctgan,ProbabilityEstimation(KernelDensity()),12435,1,-84.28932951437474,1,-85.21305994870384
dpctgan,ProbabilityEstimation(KernelDensity()),12435,0,-84.27126205304941,1,-85.21305994870384
dpctgan,ProbabilityEstimation(KernelDensity()),12435,1,-83.92084312149274,1,-85.21305994870384
dpctgan,ProbabilityEstimation(KernelDensity()),12435,0,-84.18394478167555,1,-85.21305994870384
dpctgan,ProbabilityEstimation(KernelDensity()),12435,1,-84.24974950960306,1,-85.21305994870384
dpctgan,ProbabilityEstimation(KernelDensity()),12435,0,-84.63433565540306,1,-85.21305994870384
dpctgan,ProbabilityEstimation(KernelDensity()),12435,1,-83.71483300361271,1,-85.21305994870384
dpctgan,ProbabilityEstimation(KernelDensity()),12435,0,-84.42188487068134,1,-85.21305994870384
dpctgan,ProbabilityEstimation(KernelDensity()),12435,1,-85.13481978855307,1,-85.21305994870384
dpctgan,ProbabilityEstimation(KernelDensity()),12435,0,-84.31686057715268,1,-85.21305994870384
dpctgan,ProbabilityEstimation(KernelDensity()),12435,1,-84.02473290449828,1,-85.21305994870384
dpctgan,ProbabilityEstimation(KernelDensity()),12435,0,-83.32164047859338,1,-85.21305994870384
dpctgan,ProbabilityEstimation(KernelDensity()),12435,1,-84.46290996189266,1,-85.21305994870384
dpctgan,ProbabilityEstimation(KernelDensity()),12435,0,-83.97143104171688,1,-85.21305994870384
dpctgan,ProbabilityEstimation(KernelDensity()),12435,1,-84.89577410284282,1,-85.21305994870384
dpctgan,ProbabilityEstimation(KernelDensity()),12435,0,-84.26656580465847,1,-85.21305994870384
dpctgan,ProbabilityEstimation(KernelDensity()),12435,1,-84.71212552368686,1,-85.21305994870384
dpctgan,ProbabilityEstimation(KernelDensity()),12435,0,-85.14476029722726,1,-85.21305994870384
dpctgan,ProbabilityEstimation(KernelDensity()),12435,1,-84.10194511044563,1,-85.21305994870384
dpctgan,ProbabilityEstimation(KernelDensity()),12435,0,-84.74396105399724,1,-85.21305994870384
dpctgan,ProbabilityEstimation(KernelDensity()),12435,1,-84.13586213760559,1,-85.21305994870384
dpctgan,ProbabilityEstimation(KernelDensity()),12435,0,-86.18549303284617,0,-85.21305994870384
dpctgan,ProbabilityEstimation(KernelDensity()),12435,1,-85.4256467701818,0,-85.21305994870384
dpctgan,ProbabilityEstimation(KernelDensity()),12435,0,-83.50903149905727,1,-85.21305994870384
dpctgan,ProbabilityEstimation(KernelDensity()),12435,1,-83.6476887731295,1,-85.21305994870384
dpctgan,ProbabilityEstimation(KernelDensity()),12435,0,-85.15873336691692,1,-85.21305994870384
dpctgan,ProbabilityEstimation(KernelDensity()),12435,1,-84.1959900375738,1,-85.21305994870384
dpctgan,ProbabilityEstimation(KernelDensity()),12435,0,-84.95577507880854,1,-85.21305994870384
dpctgan,ProbabilityEstimation(KernelDensity()),12435,1,-84.26256624121307,1,-85.21305994870384
dpctgan,ProbabilityEstimation(KernelDensity()),12435,0,-84.34784883961701,1,-85.21305994870384
dpctgan,ProbabilityEstimation(KernelDensity()),12435,1,-84.4239970433267,1,-85.21305994870384
dpctgan,ProbabilityEstimation(KernelDensity()),12435,0,-84.9976007613813,1,-85.21305994870384
dpctgan,ProbabilityEstimation(KernelDensity()),12435,1,-83.86895820148663,1,-85.21305994870384
dpctgan,ProbabilityEstimation(KernelDensity()),12435,0,-83.40844773860977,1,-85.21305994870384
dpctgan,ProbabilityEstimation(KernelDensity()),12435,1,-84.2993318560366,1,-85.21305994870384
dpctgan,ProbabilityEstimation(KernelDensity()),12435,0,-83.37040192724369,1,-85.21305994870384
dpctgan,ProbabilityEstimation(KernelDensity()),12435,1,-84.63370933438695,1,-85.21305994870384
dpctgan,ProbabilityEstimation(KernelDensity()),12435,0,-84.23379259272315,1,-85.21305994870384
dpctgan,ProbabilityEstimation(KernelDensity()),12435,1,-86.3777209499488,0,-85.21305994870384
dpctgan,ProbabilityEstimation(KernelDensity()),12435,0,-84.82867086652413,1,-85.21305994870384
dpctgan,ProbabilityEstimation(KernelDensity()),12435,1,-84.88375734216775,1,-85.21305994870384
dpctgan,ProbabilityEstimation(KernelDensity()),12435,0,-84.79679046684213,1,-85.21305994870384
dpctgan,ProbabilityEstimation(KernelDensity()),12435,1,-83.85971990407042,1,-85.21305994870384
dpctgan,ProbabilityEstimation(KernelDensity()),12435,0,-85.04221375037463,1,-85.21305994870384
dpctgan,ProbabilityEstimation(KernelDensity()),12435,1,-84.41748234684135,1,-85.21305994870384
dpctgan,ProbabilityEstimation(KernelDensity()),12435,0,-84.58130309189946,1,-85.21305994870384
dpctgan,ProbabilityEstimation(KernelDensity()),12435,1,-84.61370068308,1,-85.21305994870384
dpctgan,ProbabilityEstimation(KernelDensity()),12435,0,-84.74689384764712,1,-85.21305994870384
dpctgan,ProbabilityEstimation(KernelDensity()),12435,1,-85.12879975489223,1,-85.21305994870384
dpctgan,ProbabilityEstimation(KernelDensity()),12435,0,-83.68183045819217,1,-85.21305994870384
dpctgan,ProbabilityEstimation(KernelDensity()),12435,1,-85.45578291111805,0,-85.21305994870384
dpctgan,ProbabilityEstimation(KernelDensity()),12435,0,-83.85862743717992,1,-85.21305994870384
dpctgan,ProbabilityEstimation(KernelDensity()),12435,1,-84.07807563020037,1,-85.21305994870384
dpctgan,ProbabilityEstimation(KernelDensity()),12435,0,-84.0822858136371,1,-85.21305994870384
dpctgan,ProbabilityEstimation(KernelDensity()),12435,1,-84.24648863426076,1,-85.21305994870384
dpctgan,ProbabilityEstimation(KernelDensity()),12435,0,-84.94990488672028,1,-85.21305994870384
dpctgan,ProbabilityEstimation(KernelDensity()),12435,1,-85.0120813454253,1,-85.21305994870384
dpctgan,ProbabilityEstimation(KernelDensity()),12435,0,-86.16884560117343,0,-85.21305994870384
dpctgan,ProbabilityEstimation(KernelDensity()),12435,1,-84.36629181474632,1,-85.21305994870384
dpctgan,ProbabilityEstimation(KernelDensity()),12435,0,-84.36688423296383,1,-85.21305994870384
dpctgan,ProbabilityEstimation(KernelDensity()),12435,1,-83.6893865065392,1,-85.21305994870384
dpctgan,ProbabilityEstimation(KernelDensity()),12435,0,-84.1063355644322,1,-85.21305994870384
dpctgan,ProbabilityEstimation(KernelDensity()),12435,1,-83.51642992084544,1,-85.21305994870384
dpctgan,ProbabilityEstimation(KernelDensity()),12435,0,-84.35454199694934,1,-85.21305994870384
dpctgan,ProbabilityEstimation(KernelDensity()),12435,1,-84.55951066559724,1,-85.21305994870384
dpctgan,ProbabilityEstimation(KernelDensity()),12435,0,-84.47900155029227,1,-85.21305994870384
dpctgan,ProbabilityEstimation(KernelDensity()),12435,1,-84.32368851744978,1,-85.21305994870384
dpctgan,ProbabilityEstimation(KernelDensity()),12435,0,-83.42643658023745,1,-85.21305994870384
dpctgan,ProbabilityEstimation(KernelDensity()),12435,1,-84.9893174192985,1,-85.21305994870384
dpctgan,ProbabilityEstimation(KernelDensity()),12435,0,-84.1848184936025,1,-85.21305994870384
dpctgan,ProbabilityEstimation(KernelDensity()),12435,1,-84.51872930808017,1,-85.21305994870384
dpctgan,ProbabilityEstimation(KernelDensity()),12435,0,-85.55101886577553,0,-85.21305994870384
dpctgan,ProbabilityEstimation(KernelDensity()),12435,1,-84.23259652524116,1,-85.21305994870384
dpctgan,ProbabilityEstimation(KernelDensity()),12435,0,-83.75506154972018,1,-85.21305994870384
dpctgan,ProbabilityEstimation(KernelDensity()),12435,1,-84.06838717617721,1,-85.21305994870384
dpctgan,ProbabilityEstimation(KernelDensity()),12435,0,-83.60847742100682,1,-85.21305994870384
dpctgan,ProbabilityEstimation(KernelDensity()),12435,1,-84.13538097011964,1,-85.21305994870384
dpctgan,ProbabilityEstimation(KernelDensity()),12435,0,-84.44966262829224,1,-85.21305994870384
dpctgan,ProbabilityEstimation(KernelDensity()),12435,1,-83.46590059017299,1,-85.21305994870384
dpctgan,ProbabilityEstimation(KernelDensity()),12435,0,-84.16312305340004,1,-85.21305994870384
dpctgan,ProbabilityEstimation(KernelDensity()),12435,1,-84.6978546721916,1,-85.21305994870384
dpctgan,ProbabilityEstimation(KernelDensity()),12435,0,-85.125907658702,1,-85.21305994870384
dpctgan,ProbabilityEstimation(KernelDensity()),12435,1,-84.84882882721882,1,-85.21305994870384
dpctgan,ProbabilityEstimation(KernelDensity()),12435,0,-85.3976334598175,0,-85.21305994870384
dpctgan,ProbabilityEstimation(KernelDensity()),12435,1,-84.82187193211634,1,-85.21305994870384
dpctgan,ProbabilityEstimation(KernelDensity()),12435,0,-85.20381665704481,1,-85.21305994870384
dpctgan,ProbabilityEstimation(KernelDensity()),12435,1,-83.74510790977725,1,-85.21305994870384
dpctgan,ProbabilityEstimation(KernelDensity()),12435,0,-83.70718311254058,1,-85.21305994870384
dpctgan,ProbabilityEstimation(KernelDensity()),12435,1,-84.40659296538497,1,-85.21305994870384
dpctgan,ProbabilityEstimation(KernelDensity()),12435,0,-84.3827413083913,1,-85.21305994870384
dpctgan,ProbabilityEstimation(KernelDensity()),12435,1,-84.10291600287029,1,-85.21305994870384
dpctgan,ProbabilityEstimation(KernelDensity()),12435,0,-83.4618583657841,1,-85.21305994870384
dpctgan,ProbabilityEstimation(KernelDensity()),12435,1,-86.0153421779277,0,-85.21305994870384
dpctgan,ProbabilityEstimation(KernelDensity()),12435,0,-84.30115514916099,1,-85.21305994870384
dpctgan,ProbabilityEstimation(KernelDensity()),12435,1,-83.98563409903704,1,-85.21305994870384
dpctgan,ProbabilityEstimation(KernelDensity()),12435,0,-82.93259728427708,1,-85.21305994870384
dpctgan,ProbabilityEstimation(KernelDensity()),12435,1,-85.73678250787746,0,-85.21305994870384
dpctgan,ProbabilityEstimation(KernelDensity()),12435,0,-83.84224951690156,1,-85.21305994870384
dpctgan,ProbabilityEstimation(KernelDensity()),12435,1,-83.84958882883802,1,-85.21305994870384
dpctgan,ProbabilityEstimation(KernelDensity()),12435,0,-83.80104749669145,1,-85.21305994870384
dpctgan,ProbabilityEstimation(KernelDensity()),12435,1,-84.68987376236188,1,-85.21305994870384
dpctgan,ProbabilityEstimation(KernelDensity()),12435,0,-84.82336623141025,1,-85.21305994870384
dpctgan,ProbabilityEstimation(KernelDensity()),12435,1,-84.59678971255681,1,-85.21305994870384
dpctgan,ProbabilityEstimation(KernelDensity()),12435,0,-84.88292890290855,1,-85.21305994870384
dpctgan,ProbabilityEstimation(KernelDensity()),12435,1,-84.1886342008778,1,-85.21305994870384
dpctgan,ProbabilityEstimation(KernelDensity()),12435,0,-86.44434490829347,0,-85.21305994870384
dpctgan,ProbabilityEstimation(KernelDensity()),12435,1,-83.9842008163902,1,-85.21305994870384
dpctgan,ProbabilityEstimation(KernelDensity()),12435,0,-84.11144696306157,1,-85.21305994870384
dpctgan,ProbabilityEstimation(KernelDensity()),12435,1,-84.37993376360464,1,-85.21305994870384
dpctgan,ProbabilityEstimation(KernelDensity()),12435,0,-84.752221129521,1,-85.21305994870384
dpctgan,ProbabilityEstimation(KernelDensity()),12435,1,-84.13122844575607,1,-85.21305994870384
dpctgan,ProbabilityEstimation(KernelDensity()),12435,0,-85.27171433725127,0,-85.21305994870384
dpctgan,ProbabilityEstimation(KernelDensity()),12435,1,-84.6312542566932,1,-85.21305994870384
dpctgan,ProbabilityEstimation(KernelDensity()),12435,0,-85.19836600417918,1,-85.21305994870384
dpctgan,ProbabilityEstimation(KernelDensity()),12435,1,-83.8951559382119,1,-85.21305994870384
dpctgan,ProbabilityEstimation(KernelDensity()),12435,0,-84.56295118154843,1,-85.21305994870384
dpctgan,ProbabilityEstimation(KernelDensity()),12435,1,-84.76920937627652,1,-85.21305994870384
dpctgan,ProbabilityEstimation(KernelDensity()),12435,0,-84.29376817094968,1,-85.21305994870384
dpctgan,ProbabilityEstimation(KernelDensity()),12435,1,-84.33037009573395,1,-85.21305994870384
dpctgan,ProbabilityEstimation(KernelDensity()),12435,0,-84.30239447599953,1,-85.21305994870384
dpctgan,ProbabilityEstimation(KernelDensity()),12435,1,-85.30152803071806,0,-85.21305994870384
dpctgan,ProbabilityEstimation(KernelDensity()),12435,0,-83.84264852038272,1,-85.21305994870384
dpctgan,ProbabilityEstimation(KernelDensity()),12435,1,-84.68574675468695,1,-85.21305994870384
dpctgan,ProbabilityEstimation(KernelDensity()),12435,0,-83.93351618595247,1,-85.21305994870384
dpctgan,ProbabilityEstimation(KernelDensity()),12435,1,-84.28547424329699,1,-85.21305994870384
dpctgan,ProbabilityEstimation(KernelDensity()),12435,0,-83.63298203015451,1,-85.21305994870384
dpctgan,ProbabilityEstimation(KernelDensity()),12435,1,-84.89829254713646,1,-85.21305994870384
dpctgan,ProbabilityEstimation(KernelDensity()),12435,0,-83.86762525188895,1,-85.21305994870384
dpctgan,ProbabilityEstimation(KernelDensity()),12435,1,-84.37380752200025,1,-85.21305994870384
dpctgan,ProbabilityEstimation(KernelDensity()),12435,0,-84.97383405644607,1,-85.21305994870384
dpctgan,ProbabilityEstimation(KernelDensity()),12435,1,-84.46985080484349,1,-85.21305994870384
dpctgan,ProbabilityEstimation(KernelDensity()),12435,0,-84.83210489623848,1,-85.21305994870384
dpctgan,ProbabilityEstimation(KernelDensity()),12435,1,-84.89775257687027,1,-85.21305994870384
dpctgan,ProbabilityEstimation(KernelDensity()),12435,0,-85.49516720246261,0,-85.21305994870384
dpctgan,ProbabilityEstimation(KernelDensity()),12435,1,-85.16487782391484,1,-85.21305994870384
dpctgan,ProbabilityEstimation(KernelDensity()),12435,0,-84.27272493166383,1,-85.21305994870384
dpctgan,ProbabilityEstimation(KernelDensity()),12435,1,-84.88665965480438,1,-85.21305994870384
dpctgan,ProbabilityEstimation(KernelDensity()),12435,0,-83.17344386012472,1,-85.21305994870384
dpctgan,ProbabilityEstimation(KernelDensity()),12435,1,-85.27232765714993,0,-85.21305994870384
dpctgan,ProbabilityEstimation(KernelDensity()),12435,0,-84.11584753873902,1,-85.21305994870384
dpctgan,ProbabilityEstimation(KernelDensity()),12435,1,-84.17024833716611,1,-85.21305994870384
dpctgan,ProbabilityEstimation(KernelDensity()),12435,0,-85.29244071656086,0,-85.21305994870384
dpctgan,ProbabilityEstimation(KernelDensity()),12435,1,-84.22210475810641,1,-85.21305994870384
dpctgan,ProbabilityEstimation(KernelDensity()),12435,0,-85.32916651650469,0,-85.21305994870384
dpctgan,ProbabilityEstimation(KernelDensity()),12435,1,-83.38764510122654,1,-85.21305994870384
dpctgan,ProbabilityEstimation(KernelDensity()),12435,0,-84.08669860513659,1,-85.21305994870384
dpctgan,ProbabilityEstimation(KernelDensity()),12435,1,-84.32509611120122,1,-85.21305994870384
dpctgan,ProbabilityEstimation(KernelDensity()),12435,0,-83.44472133939526,1,-85.21305994870384
dpctgan,ProbabilityEstimation(KernelDensity()),12435,1,-84.53150990817727,1,-85.21305994870384
dpctgan,ProbabilityEstimation(KernelDensity()),12435,0,-84.40412286146463,1,-85.21305994870384
dpctgan,ProbabilityEstimation(KernelDensity()),12435,1,-84.23366710820808,1,-85.21305994870384
dpctgan,ProbabilityEstimation(KernelDensity()),12435,0,-85.27787891400092,0,-85.21305994870384
dpctgan,ProbabilityEstimation(KernelDensity()),12435,1,-85.00444273034955,1,-85.21305994870384
dpctgan,ProbabilityEstimation(KernelDensity()),12435,0,-84.33787284079507,1,-85.21305994870384
dpctgan,ProbabilityEstimation(KernelDensity()),12435,1,-84.29538405759712,1,-85.21305994870384
dpctgan,ProbabilityEstimation(KernelDensity()),12435,0,-85.06838817535088,1,-85.21305994870384
dpctgan,ProbabilityEstimation(KernelDensity()),12435,1,-84.83970321773896,1,-85.21305994870384
dpctgan,ProbabilityEstimation(KernelDensity()),12435,0,-84.29279090077685,1,-85.21305994870384
dpctgan,ProbabilityEstimation(KernelDensity()),12435,1,-84.38969996788936,1,-85.21305994870384
dpctgan,ProbabilityEstimation(KernelDensity()),12435,0,-84.0008696116065,1,-85.21305994870384
dpctgan,ProbabilityEstimation(KernelDensity()),12435,1,-84.28527351545901,1,-85.21305994870384
dpctgan,ProbabilityEstimation(KernelDensity()),12435,0,-84.20231752813706,1,-85.21305994870384
dpctgan,ProbabilityEstimation(KernelDensity()),12435,1,-84.17517052485282,1,-85.21305994870384
dpctgan,ProbabilityEstimation(KernelDensity()),12435,0,-83.82354057098246,1,-85.21305994870384
dpctgan,ProbabilityEstimation(KernelDensity()),12435,1,-84.96555952072463,1,-85.21305994870384
dpctgan,ProbabilityEstimation(KernelDensity()),12435,0,-83.73276557787094,1,-85.21305994870384
dpctgan,ProbabilityEstimation(KernelDensity()),12435,1,-83.71649162385377,1,-85.21305994870384
dpctgan,ProbabilityEstimation(KernelDensity()),12435,0,-83.59631315518035,1,-85.21305994870384
dpctgan,ProbabilityEstimation(KernelDensity()),12435,1,-84.15202886448878,1,-85.21305994870384
dpctgan,ProbabilityEstimation(KernelDensity()),12435,0,-84.12849923710715,1,-85.21305994870384
dpctgan,ProbabilityEstimation(KernelDensity()),12435,1,-84.77671617085258,1,-85.21305994870384
dpctgan,ProbabilityEstimation(KernelDensity()),12435,0,-84.40387800925082,1,-85.21305994870384
dpctgan,ProbabilityEstimation(KernelDensity()),12435,1,-84.04433886593971,1,-85.21305994870384
dpctgan,ProbabilityEstimation(KernelDensity()),12435,0,-83.766064834731,1,-85.21305994870384
dpctgan,ProbabilityEstimation(KernelDensity()),12435,1,-83.64182937308385,1,-85.21305994870384
dpctgan,ProbabilityEstimation(KernelDensity()),12435,0,-83.58728615288398,1,-85.21305994870384
dpctgan,ProbabilityEstimation(KernelDensity()),12435,1,-85.43152697774887,0,-85.21305994870384
dpctgan,ProbabilityEstimation(KernelDensity()),12435,0,-84.97794781691206,1,-85.21305994870384
dpctgan,ProbabilityEstimation(KernelDensity()),12435,1,-84.52587614636124,1,-85.21305994870384
dpctgan,ProbabilityEstimation(KernelDensity()),12435,0,-83.04622283679862,1,-85.21305994870384
dpctgan,ProbabilityEstimation(KernelDensity()),12435,1,-84.27966021367749,1,-85.21305994870384
dpctgan,ProbabilityEstimation(KernelDensity()),12435,0,-84.75122432583242,1,-85.21305994870384
dpctgan,ProbabilityEstimation(KernelDensity()),12435,1,-84.02904749100703,1,-85.21305994870384
dpctgan,ProbabilityEstimation(KernelDensity()),12435,0,-84.69187398407257,1,-85.21305994870384
dpctgan,ProbabilityEstimation(KernelDensity()),12435,1,-85.14128422884826,1,-85.21305994870384
dpctgan,ProbabilityEstimation(KernelDensity()),12435,0,-83.98086806313228,1,-85.21305994870384
dpctgan,ProbabilityEstimation(KernelDensity()),12435,1,-84.87266937754737,1,-85.21305994870384
dpctgan,ProbabilityEstimation(KernelDensity()),12435,0,-84.62495012087953,1,-85.21305994870384
dpctgan,ProbabilityEstimation(KernelDensity()),12435,1,-84.19462403567583,1,-85.21305994870384
dpctgan,ProbabilityEstimation(KernelDensity()),12435,0,-84.73794042767929,1,-85.21305994870384
dpctgan,ProbabilityEstimation(KernelDensity()),12435,1,-83.5562455579329,1,-85.21305994870384
dpctgan,ProbabilityEstimation(KernelDensity()),12435,0,-83.68766272657217,1,-85.21305994870384
dpctgan,ProbabilityEstimation(KernelDensity()),12435,1,-84.86036183612752,1,-85.21305994870384
dpctgan,ProbabilityEstimation(KernelDensity()),12435,0,-83.13171359450139,1,-85.21305994870384
dpctgan,ProbabilityEstimation(KernelDensity()),12435,1,-85.11481154851289,1,-85.21305994870384
dpctgan,ProbabilityEstimation(KernelDensity()),12435,0,-83.97610591915627,1,-85.21305994870384
dpctgan,ProbabilityEstimation(KernelDensity()),12435,1,-84.37991307604426,1,-85.21305994870384
dpctgan,ProbabilityEstimation(KernelDensity()),12435,0,-83.78544734222248,1,-85.21305994870384
dpctgan,ProbabilityEstimation(KernelDensity()),12435,1,-84.25475533517572,1,-85.21305994870384
dpctgan,ProbabilityEstimation(KernelDensity()),12435,0,-84.82455938867216,1,-85.21305994870384
dpctgan,ProbabilityEstimation(KernelDensity()),12435,1,-83.88399399398496,1,-85.21305994870384
dpctgan,ProbabilityEstimation(KernelDensity()),12435,0,-84.81552431894694,1,-85.21305994870384
dpctgan,ProbabilityEstimation(KernelDensity()),12435,1,-84.28489707169943,1,-85.21305994870384
dpctgan,ProbabilityEstimation(KernelDensity()),12435,0,-85.24810199293249,0,-85.21305994870384
dpctgan,ProbabilityEstimation(KernelDensity()),12435,1,-83.7623470325104,1,-85.21305994870384
dpctgan,ProbabilityEstimation(KernelDensity()),12435,0,-85.15364614383803,1,-85.21305994870384
dpctgan,ProbabilityEstimation(KernelDensity()),12435,1,-84.3965863330553,1,-85.21305994870384
dpctgan,ProbabilityEstimation(KernelDensity()),12435,0,-83.94429050499988,1,-85.21305994870384
dpctgan,ProbabilityEstimation(KernelDensity()),12435,1,-84.36914110541903,1,-85.21305994870384
dpctgan,ProbabilityEstimation(KernelDensity()),12435,0,-83.97162823702298,1,-85.21305994870384
dpctgan,ProbabilityEstimation(KernelDensity()),12435,1,-83.45998624010203,1,-85.21305994870384
dpctgan,ProbabilityEstimation(KernelDensity()),12435,0,-85.60851369489237,0,-85.21305994870384
dpctgan,ProbabilityEstimation(KernelDensity()),12435,1,-84.64138268969548,1,-85.21305994870384
dpctgan,ProbabilityEstimation(KernelDensity()),12435,0,-84.80590042223189,1,-85.21305994870384
dpctgan,ProbabilityEstimation(KernelDensity()),12435,1,-83.27351426426495,1,-85.21305994870384
dpctgan,ProbabilityEstimation(KernelDensity()),12435,0,-83.06138258400713,1,-85.21305994870384
dpctgan,ProbabilityEstimation(KernelDensity()),12435,1,-84.48012698169288,1,-85.21305994870384
dpctgan,ProbabilityEstimation(KernelDensity()),12435,0,-85.98371315888768,0,-85.21305994870384
dpctgan,ProbabilityEstimation(KernelDensity()),12435,1,-85.81437219804211,0,-85.21305994870384
dpctgan,ProbabilityEstimation(KernelDensity()),12435,0,-83.55063009453906,1,-85.21305994870384
dpctgan,ProbabilityEstimation(KernelDensity()),12435,1,-84.03562244495632,1,-85.21305994870384
dpctgan,ProbabilityEstimation(KernelDensity()),12435,0,-84.64148258555483,1,-85.21305994870384
dpctgan,ProbabilityEstimation(KernelDensity()),12435,1,-85.31823663655132,0,-85.21305994870384
dpctgan,ProbabilityEstimation(KernelDensity()),12435,0,-84.53178264285356,1,-85.21305994870384
dpctgan,ProbabilityEstimation(KernelDensity()),12435,1,-85.04858051650729,1,-85.21305994870384
dpctgan,ProbabilityEstimation(KernelDensity()),12435,0,-84.30501861138532,1,-85.21305994870384
dpctgan,ProbabilityEstimation(KernelDensity()),12435,1,-84.67657929410628,1,-85.21305994870384
dpctgan,ProbabilityEstimation(KernelDensity()),12435,0,-84.28773474252502,1,-85.21305994870384
dpctgan,ProbabilityEstimation(KernelDensity()),12435,1,-84.26299085398809,1,-85.21305994870384
dpctgan,ProbabilityEstimation(KernelDensity()),12435,0,-83.93154267531631,1,-85.21305994870384
dpctgan,ProbabilityEstimation(KernelDensity()),12435,1,-84.99746418548789,1,-85.21305994870384
dpctgan,ProbabilityEstimation(KernelDensity()),12435,0,-84.6044544951101,1,-85.21305994870384
dpctgan,ProbabilityEstimation(KernelDensity()),12435,1,-84.25815370440091,1,-85.21305994870384
dpctgan,ProbabilityEstimation(KernelDensity()),12435,0,-83.97195930414489,1,-85.21305994870384
dpctgan,ProbabilityEstimation(KernelDensity()),12435,1,-84.34740693392351,1,-85.21305994870384
dpctgan,ProbabilityEstimation(KernelDensity()),12435,0,-84.54333299805742,1,-85.21305994870384
dpctgan,ProbabilityEstimation(KernelDensity()),12435,1,-84.6056371611846,1,-85.21305994870384
dpctgan,ProbabilityEstimation(KernelDensity()),12435,0,-83.88816905841111,1,-85.21305994870384
dpctgan,ProbabilityEstimation(KernelDensity()),12435,1,-82.81554951389725,1,-85.21305994870384
dpctgan,ProbabilityEstimation(KernelDensity()),12435,0,-84.21526499759484,1,-85.21305994870384
dpctgan,ProbabilityEstimation(KernelDensity()),12435,1,-83.52442785627152,1,-85.21305994870384
dpctgan,ProbabilityEstimation(KernelDensity()),12435,0,-85.28104042752554,0,-85.21305994870384
dpctgan,ProbabilityEstimation(KernelDensity()),12435,1,-83.83265592434597,1,-85.21305994870384
dpctgan,ProbabilityEstimation(KernelDensity()),12435,0,-83.36129501039807,1,-85.21305994870384
dpctgan,ProbabilityEstimation(KernelDensity()),12435,1,-83.42683051306683,1,-85.21305994870384
dpctgan,ProbabilityEstimation(KernelDensity()),12435,0,-83.89124218466432,1,-85.21305994870384
dpctgan,ProbabilityEstimation(KernelDensity()),12435,1,-83.73230978145043,1,-85.21305994870384
dpctgan,ProbabilityEstimation(KernelDensity()),12435,0,-84.08941349870315,1,-85.21305994870384
dpctgan,ProbabilityEstimation(KernelDensity()),12435,1,-85.6680106165464,0,-85.21305994870384
dpctgan,ProbabilityEstimation(KernelDensity()),12435,0,-84.16949201101939,1,-85.21305994870384
dpctgan,ProbabilityEstimation(KernelDensity()),12435,1,-84.72808466386456,1,-85.21305994870384
dpctgan,ProbabilityEstimation(KernelDensity()),12435,0,-84.37630029547387,1,-85.21305994870384
dpctgan,ProbabilityEstimation(KernelDensity()),12435,1,-85.20470444818478,1,-85.21305994870384
dpctgan,ProbabilityEstimation(KernelDensity()),12435,0,-85.08926426587317,1,-85.21305994870384
dpctgan,ProbabilityEstimation(KernelDensity()),12435,1,-84.37650664571818,1,-85.21305994870384
dpctgan,ProbabilityEstimation(KernelDensity()),12435,0,-83.70868960044375,1,-85.21305994870384
dpctgan,ProbabilityEstimation(KernelDensity()),12435,1,-85.03617640378417,1,-85.21305994870384
dpctgan,ProbabilityEstimation(KernelDensity()),12435,0,-83.61612112188706,1,-85.21305994870384
dpctgan,ProbabilityEstimation(KernelDensity()),12435,1,-85.3134844647006,0,-85.21305994870384
dpctgan,ProbabilityEstimation(KernelDensity()),12435,0,-83.71518841907324,1,-85.21305994870384
dpctgan,ProbabilityEstimation(KernelDensity()),12435,1,-83.72838792780686,1,-85.21305994870384
dpctgan,ProbabilityEstimation(KernelDensity()),12435,0,-84.46469774958395,1,-85.21305994870384
dpctgan,ProbabilityEstimation(KernelDensity()),12435,1,-83.51485964534223,1,-85.21305994870384
dpctgan,ProbabilityEstimation(KernelDensity()),12435,0,-84.17838229568348,1,-85.21305994870384
dpctgan,ProbabilityEstimation(KernelDensity()),12435,1,-84.33404282120436,1,-85.21305994870384
dpctgan,ProbabilityEstimation(KernelDensity()),12435,0,-84.01536098690966,1,-85.21305994870384
dpctgan,ProbabilityEstimation(KernelDensity()),12435,1,-84.52390946685566,1,-85.21305994870384
dpctgan,ProbabilityEstimation(KernelDensity()),12435,0,-85.02567594520968,1,-85.21305994870384
dpctgan,ProbabilityEstimation(KernelDensity()),12435,1,-83.98179809306757,1,-85.21305994870384
dpctgan,ProbabilityEstimation(KernelDensity()),12435,0,-84.03894385419267,1,-85.21305994870384
dpctgan,ProbabilityEstimation(KernelDensity()),12435,1,-84.17382368758457,1,-85.21305994870384
dpctgan,ProbabilityEstimation(KernelDensity()),12435,0,-84.45563163713044,1,-85.21305994870384
dpctgan,ProbabilityEstimation(KernelDensity()),12435,1,-84.15831561452005,1,-85.21305994870384
dpctgan,ProbabilityEstimation(KernelDensity()),12435,0,-84.04488910723754,1,-85.21305994870384
dpctgan,ProbabilityEstimation(KernelDensity()),12435,1,-84.72966825165486,1,-85.21305994870384
dpctgan,ProbabilityEstimation(KernelDensity()),12435,0,-83.7867158728331,1,-85.21305994870384
dpctgan,ProbabilityEstimation(KernelDensity()),12435,1,-85.38495825198589,0,-85.21305994870384
dpctgan,ProbabilityEstimation(KernelDensity()),12435,0,-84.31802131467926,1,-85.21305994870384
dpctgan,ProbabilityEstimation(KernelDensity()),12435,1,-84.10412990287311,1,-85.21305994870384
dpctgan,ProbabilityEstimation(KernelDensity()),12435,0,-84.18670241845736,1,-85.21305994870384
dpctgan,ProbabilityEstimation(KernelDensity()),12435,1,-84.1512753497512,1,-85.21305994870384
dpctgan,ProbabilityEstimation(KernelDensity()),12435,0,-84.66994481178976,1,-85.21305994870384
dpctgan,ProbabilityEstimation(KernelDensity()),12435,1,-84.14134469140996,1,-85.21305994870384
dpctgan,ProbabilityEstimation(KernelDensity()),12435,0,-84.93221464256517,1,-85.21305994870384
dpctgan,ProbabilityEstimation(KernelDensity()),12435,1,-84.4774058569942,1,-85.21305994870384
dpctgan,ProbabilityEstimation(KernelDensity()),12435,0,-85.28454816901069,0,-85.21305994870384
dpctgan,ProbabilityEstimation(KernelDensity()),12435,1,-84.47312667261373,1,-85.21305994870384
dpctgan,ProbabilityEstimation(KernelDensity()),12435,0,-84.10828032907213,1,-85.21305994870384
dpctgan,ProbabilityEstimation(KernelDensity()),12435,1,-84.266829873591,1,-85.21305994870384
dpctgan,ProbabilityEstimation(KernelDensity()),12435,0,-84.31281500908469,1,-85.21305994870384
dpctgan,ProbabilityEstimation(KernelDensity()),12435,1,-82.85247903598687,1,-85.21305994870384
dpctgan,ProbabilityEstimation(KernelDensity()),12435,0,-84.27802127366678,1,-85.21305994870384
dpctgan,ProbabilityEstimation(KernelDensity()),12435,1,-83.8500850441977,1,-85.21305994870384
dpctgan,ProbabilityEstimation(KernelDensity()),12435,0,-84.74094837803668,1,-85.21305994870384
dpctgan,ProbabilityEstimation(KernelDensity()),12435,1,-85.07578421754633,1,-85.21305994870384
dpctgan,ProbabilityEstimation(KernelDensity()),12435,0,-83.03166573586486,1,-85.21305994870384
dpctgan,ProbabilityEstimation(KernelDensity()),12435,1,-85.20775477035195,1,-85.21305994870384
dpctgan,ProbabilityEstimation(KernelDensity()),12435,0,-84.19843849663962,1,-85.21305994870384
dpctgan,ProbabilityEstimation(KernelDensity()),12435,1,-84.02097953487447,1,-85.21305994870384
dpctgan,ProbabilityEstimation(KernelDensity()),12435,0,-84.12731681536307,1,-85.21305994870384
dpctgan,ProbabilityEstimation(KernelDensity()),12435,1,-83.62429636000681,1,-85.21305994870384
dpctgan,ProbabilityEstimation(KernelDensity()),12435,0,-84.92375141696542,1,-85.21305994870384
dpctgan,ProbabilityEstimation(KernelDensity()),12435,1,-83.99781665074828,1,-85.21305994870384
dpctgan,ProbabilityEstimation(KernelDensity()),12435,0,-83.96881901403461,1,-85.21305994870384
dpctgan,ProbabilityEstimation(KernelDensity()),12435,1,-83.87510177725265,1,-85.21305994870384
dpctgan,ProbabilityEstimation(KernelDensity()),12435,0,-85.61618025013662,0,-85.21305994870384
dpctgan,ProbabilityEstimation(KernelDensity()),12435,1,-84.2873818694711,1,-85.21305994870384
dpctgan,ProbabilityEstimation(KernelDensity()),12435,0,-85.23023594104794,0,-85.21305994870384
dpctgan,ProbabilityEstimation(KernelDensity()),12435,1,-84.54435090888082,1,-85.21305994870384
dpctgan,ProbabilityEstimation(KernelDensity()),12435,0,-85.03937297599674,1,-85.21305994870384
dpctgan,ProbabilityEstimation(KernelDensity()),12435,1,-84.47121382356016,1,-85.21305994870384
dpctgan,ProbabilityEstimation(KernelDensity()),12435,0,-83.27489741141623,1,-85.21305994870384
dpctgan,ProbabilityEstimation(KernelDensity()),12435,1,-85.67449586882987,0,-85.21305994870384
dpctgan,ProbabilityEstimation(KernelDensity()),12435,0,-84.99465186790935,1,-85.21305994870384
dpctgan,ProbabilityEstimation(KernelDensity()),12435,1,-84.53046684615427,1,-85.21305994870384
dpctgan,ProbabilityEstimation(KernelDensity()),12435,0,-84.43725459660295,1,-85.21305994870384
dpctgan,ProbabilityEstimation(KernelDensity()),12435,1,-83.72827689892218,1,-85.21305994870384
dpctgan,ProbabilityEstimation(KernelDensity()),12435,0,-84.39222047393609,1,-85.21305994870384
dpctgan,ProbabilityEstimation(KernelDensity()),12435,1,-85.19000075492825,1,-85.21305994870384
dpctgan,ProbabilityEstimation(KernelDensity()),12435,0,-83.71233879532676,1,-85.21305994870384
dpctgan,ProbabilityEstimation(KernelDensity()),12435,1,-85.28932651681728,0,-85.21305994870384
dpctgan,ProbabilityEstimation(KernelDensity()),12435,0,-83.12603127290248,1,-85.21305994870384
dpctgan,ProbabilityEstimation(KernelDensity()),12435,1,-84.83698555323906,1,-85.21305994870384
dpctgan,ProbabilityEstimation(KernelDensity()),12435,0,-84.39415239346302,1,-85.21305994870384
dpctgan,ProbabilityEstimation(KernelDensity()),12435,1,-83.9598383535006,1,-85.21305994870384
dpctgan,ProbabilityEstimation(KernelDensity()),12435,0,-84.46346723922174,1,-85.21305994870384
dpctgan,ProbabilityEstimation(KernelDensity()),12435,1,-84.22461725950902,1,-85.21305994870384
dpctgan,ProbabilityEstimation(KernelDensity()),12435,0,-85.411575810653,0,-85.21305994870384
dpctgan,ProbabilityEstimation(KernelDensity()),12435,1,-83.69764020580617,1,-85.21305994870384
dpctgan,ProbabilityEstimation(KernelDensity()),12435,0,-84.30151130933866,1,-85.21305994870384
dpctgan,ProbabilityEstimation(KernelDensity()),12435,1,-83.03205407180792,1,-85.21305994870384
dpctgan,ProbabilityEstimation(KernelDensity()),12435,0,-83.35112508170718,1,-85.21305994870384
dpctgan,ProbabilityEstimation(KernelDensity()),12435,1,-84.93356744190164,1,-85.21305994870384
dpctgan,ProbabilityEstimation(KernelDensity()),12435,0,-85.43860422928527,0,-85.21305994870384
dpctgan,ProbabilityEstimation(KernelDensity()),12435,1,-83.14433107118917,1,-85.21305994870384
dpctgan,ProbabilityEstimation(KernelDensity()),12435,0,-84.80368218921835,1,-85.21305994870384
dpctgan,ProbabilityEstimation(KernelDensity()),12435,1,-84.51691651409224,1,-85.21305994870384
dpctgan,ProbabilityEstimation(KernelDensity()),12435,0,-84.25792814999053,1,-85.21305994870384
dpctgan,ProbabilityEstimation(KernelDensity()),12435,1,-84.02389746913593,1,-85.21305994870384
dpctgan,ProbabilityEstimation(KernelDensity()),12435,0,-83.52109139414051,1,-85.21305994870384
dpctgan,ProbabilityEstimation(KernelDensity()),12435,1,-83.98235565520281,1,-85.21305994870384
dpctgan,ProbabilityEstimation(KernelDensity()),12435,0,-83.92697167357494,1,-85.21305994870384
dpctgan,ProbabilityEstimation(KernelDensity()),12435,1,-83.79775402997943,1,-85.21305994870384
dpctgan,ProbabilityEstimation(KernelDensity()),12435,0,-83.89604468985932,1,-85.21305994870384
dpctgan,ProbabilityEstimation(KernelDensity()),12435,1,-85.10896946735424,1,-85.21305994870384
dpctgan,ProbabilityEstimation(KernelDensity()),12435,0,-84.46040131467748,1,-85.21305994870384
dpctgan,ProbabilityEstimation(KernelDensity()),12435,1,-85.42777910921998,0,-85.21305994870384
dpctgan,ProbabilityEstimation(KernelDensity()),12435,0,-85.06347919795662,1,-85.21305994870384
dpctgan,ProbabilityEstimation(KernelDensity()),12435,1,-83.57056481460893,1,-85.21305994870384
dpctgan,ProbabilityEstimation(KernelDensity()),12435,0,-84.85766221056961,1,-85.21305994870384
dpctgan,ProbabilityEstimation(KernelDensity()),12435,1,-84.50904525189499,1,-85.21305994870384
dpctgan,ProbabilityEstimation(KernelDensity()),12435,0,-85.13851546907779,1,-85.21305994870384
dpctgan,ProbabilityEstimation(KernelDensity()),12435,1,-84.96792339028774,1,-85.21305994870384
dpctgan,ProbabilityEstimation(KernelDensity()),12435,0,-84.3862648272557,1,-85.21305994870384
dpctgan,ProbabilityEstimation(KernelDensity()),12435,1,-84.55990238148533,1,-85.21305994870384
dpctgan,ProbabilityEstimation(KernelDensity()),12435,0,-85.16562887177675,1,-85.21305994870384
dpctgan,ProbabilityEstimation(KernelDensity()),12435,1,-85.28765066447681,0,-85.21305994870384
dpctgan,ProbabilityEstimation(KernelDensity()),12435,0,-84.0969627415192,1,-85.21305994870384
dpctgan,ProbabilityEstimation(KernelDensity()),12435,1,-83.73164633823902,1,-85.21305994870384
dpctgan,ProbabilityEstimation(KernelDensity()),12435,0,-83.85847256320466,1,-85.21305994870384
dpctgan,ProbabilityEstimation(KernelDensity()),12435,1,-84.78958296685782,1,-85.21305994870384
dpctgan,ProbabilityEstimation(KernelDensity()),12435,0,-83.5614099108487,1,-85.21305994870384
dpctgan,ProbabilityEstimation(KernelDensity()),12435,1,-84.7594730852368,1,-85.21305994870384
dpctgan,ProbabilityEstimation(KernelDensity()),12435,0,-84.8557390524662,1,-85.21305994870384
dpctgan,ProbabilityEstimation(KernelDensity()),12435,1,-85.30405589537258,0,-85.21305994870384
dpctgan,ProbabilityEstimation(KernelDensity()),12435,0,-84.10874458380658,1,-85.21305994870384
dpctgan,ProbabilityEstimation(KernelDensity()),12435,1,-85.56889802814267,0,-85.21305994870384
dpctgan,ProbabilityEstimation(KernelDensity()),12435,0,-84.4225915165375,1,-85.21305994870384
dpctgan,ProbabilityEstimation(KernelDensity()),12435,1,-84.04749386238848,1,-85.21305994870384
dpctgan,ProbabilityEstimation(KernelDensity()),12435,0,-84.54236998167796,1,-85.21305994870384
dpctgan,ProbabilityEstimation(KernelDensity()),12435,1,-84.78667348205107,1,-85.21305994870384
dpctgan,ProbabilityEstimation(KernelDensity()),12435,0,-84.4981513539907,1,-85.21305994870384
dpctgan,ProbabilityEstimation(KernelDensity()),12435,1,-85.00522310195944,1,-85.21305994870384
dpctgan,ProbabilityEstimation(KernelDensity()),12435,0,-84.11237344694834,1,-85.21305994870384
dpctgan,ProbabilityEstimation(KernelDensity()),12435,1,-83.39943049245741,1,-85.21305994870384
dpctgan,ProbabilityEstimation(KernelDensity()),12435,0,-84.74426667377732,1,-85.21305994870384
dpctgan,ProbabilityEstimation(KernelDensity()),12435,1,-84.47610271160276,1,-85.21305994870384
dpctgan,ProbabilityEstimation(KernelDensity()),12435,0,-84.87278163790228,1,-85.21305994870384
dpctgan,ProbabilityEstimation(KernelDensity()),12435,1,-83.74079951096004,1,-85.21305994870384
dpctgan,ProbabilityEstimation(KernelDensity()),12435,0,-83.69190410111229,1,-85.21305994870384
dpctgan,ProbabilityEstimation(KernelDensity()),12435,1,-85.42163662155583,0,-85.21305994870384
dpctgan,ProbabilityEstimation(KernelDensity()),12435,0,-85.13392052655794,1,-85.21305994870384
dpctgan,ProbabilityEstimation(KernelDensity()),12435,1,-84.62637556029792,1,-85.21305994870384
dpctgan,ProbabilityEstimation(KernelDensity()),12435,0,-85.57870027500044,0,-85.21305994870384
dpctgan,ProbabilityEstimation(KernelDensity()),12435,1,-85.74617233163782,0,-85.21305994870384
dpctgan,ProbabilityEstimation(KernelDensity()),12435,0,-83.62187736422933,1,-85.21305994870384
dpctgan,ProbabilityEstimation(KernelDensity()),12435,1,-84.88791662017644,1,-85.21305994870384
dpctgan,ProbabilityEstimation(KernelDensity()),12435,0,-83.98031023027893,1,-85.21305994870384
dpctgan,ProbabilityEstimation(KernelDensity()),12435,1,-84.50132498891593,1,-85.21305994870384
dpctgan,ProbabilityEstimation(KernelDensity()),12435,0,-84.55662486633624,1,-85.21305994870384
dpctgan,ProbabilityEstimation(KernelDensity()),12435,1,-84.0350953907169,1,-85.21305994870384
dpctgan,ProbabilityEstimation(KernelDensity()),12435,0,-84.16917025662114,1,-85.21305994870384
dpctgan,ProbabilityEstimation(KernelDensity()),12435,1,-85.30538408866248,0,-85.21305994870384
dpctgan,ProbabilityEstimation(KernelDensity()),12435,0,-83.89297626311519,1,-85.21305994870384
dpctgan,ProbabilityEstimation(KernelDensity()),12435,1,-84.57504028676219,1,-85.21305994870384
dpctgan,ProbabilityEstimation(KernelDensity()),12435,0,-85.7449152947272,0,-85.21305994870384
dpctgan,ProbabilityEstimation(KernelDensity()),12435,1,-84.20478757241294,1,-85.21305994870384
dpctgan,ProbabilityEstimation(KernelDensity()),12435,0,-85.34489619741727,0,-85.21305994870384
dpctgan,ProbabilityEstimation(KernelDensity()),12435,1,-85.13467921487202,1,-85.21305994870384
dpctgan,ProbabilityEstimation(KernelDensity()),12435,0,-84.18677595406398,1,-85.21305994870384
dpctgan,ProbabilityEstimation(KernelDensity()),12435,1,-85.05226420517735,1,-85.21305994870384
dpctgan,ProbabilityEstimation(KernelDensity()),12435,0,-85.26522048766617,0,-85.21305994870384
dpctgan,ProbabilityEstimation(KernelDensity()),12435,1,-84.4050911796232,1,-85.21305994870384
dpctgan,ProbabilityEstimation(KernelDensity()),12435,0,-84.10928933766782,1,-85.21305994870384
dpctgan,ProbabilityEstimation(KernelDensity()),12435,1,-84.85842264767085,1,-85.21305994870384
dpctgan,ProbabilityEstimation(KernelDensity()),12435,0,-85.01173417858156,1,-85.21305994870384
dpctgan,ProbabilityEstimation(KernelDensity()),12435,1,-84.10403613990316,1,-85.21305994870384
dpctgan,ProbabilityEstimation(KernelDensity()),12435,0,-85.49112158625107,0,-85.21305994870384
dpctgan,ProbabilityEstimation(KernelDensity()),12435,1,-84.21709722260562,1,-85.21305994870384
dpctgan,ProbabilityEstimation(KernelDensity()),12435,0,-83.96558490875218,1,-85.21305994870384
dpctgan,ProbabilityEstimation(KernelDensity()),12435,1,-85.1477486172213,1,-85.21305994870384
dpctgan,ProbabilityEstimation(KernelDensity()),12435,0,-84.41549507771981,1,-85.21305994870384
dpctgan,ProbabilityEstimation(KernelDensity()),12435,1,-84.13174459864805,1,-85.21305994870384
dpctgan,ProbabilityEstimation(KernelDensity()),12435,0,-83.88654279912639,1,-85.21305994870384
dpctgan,ProbabilityEstimation(KernelDensity()),12435,1,-83.4408566533884,1,-85.21305994870384
dpctgan,ProbabilityEstimation(KernelDensity()),12435,0,-84.16786772768677,1,-85.21305994870384
dpctgan,ProbabilityEstimation(KernelDensity()),12435,1,-84.72496576713856,1,-85.21305994870384
dpctgan,ProbabilityEstimation(KernelDensity()),12435,0,-85.249363636122,0,-85.21305994870384
dpctgan,ProbabilityEstimation(KernelDensity()),12435,1,-83.72100391489248,1,-85.21305994870384
dpctgan,ProbabilityEstimation(KernelDensity()),12435,0,-85.02336990396975,1,-85.21305994870384
dpctgan,ProbabilityEstimation(KernelDensity()),12435,1,-84.68831875576932,1,-85.21305994870384
dpctgan,ProbabilityEstimation(KernelDensity()),12435,0,-83.99896642375538,1,-85.21305994870384
dpctgan,ProbabilityEstimation(KernelDensity()),12435,1,-84.57410732864975,1,-85.21305994870384
dpctgan,ProbabilityEstimation(KernelDensity()),12435,0,-84.63609168722995,1,-85.21305994870384
dpctgan,ProbabilityEstimation(KernelDensity()),12435,1,-83.56430675659475,1,-85.21305994870384
dpctgan,ProbabilityEstimation(KernelDensity()),12435,0,-83.99791429214088,1,-85.21305994870384
dpctgan,ProbabilityEstimation(KernelDensity()),12435,1,-83.92693215762523,1,-85.21305994870384
dpctgan,ProbabilityEstimation(KernelDensity()),12435,0,-84.83741990091691,1,-85.21305994870384
dpctgan,ProbabilityEstimation(KernelDensity()),12435,1,-84.24309120614802,1,-85.21305994870384
dpctgan,ProbabilityEstimation(KernelDensity()),12435,0,-85.01270337548495,1,-85.21305994870384
dpctgan,ProbabilityEstimation(KernelDensity()),12435,1,-84.83344121638234,1,-85.21305994870384
dpctgan,ProbabilityEstimation(KernelDensity()),12435,0,-84.22915961219205,1,-85.21305994870384
dpctgan,ProbabilityEstimation(KernelDensity()),12435,1,-84.7385859054997,1,-85.21305994870384
dpctgan,ProbabilityEstimation(KernelDensity()),12435,0,-83.24483290263278,1,-85.21305994870384
dpctgan,ProbabilityEstimation(KernelDensity()),12435,1,-84.41461309343357,1,-85.21305994870384
dpctgan,ProbabilityEstimation(KernelDensity()),12435,0,-85.00726462523859,1,-85.21305994870384
dpctgan,ProbabilityEstimation(KernelDensity()),12435,1,-83.67517452344534,1,-85.21305994870384
dpctgan,ProbabilityEstimation(KernelDensity()),12435,0,-85.26045671883698,0,-85.21305994870384
dpctgan,ProbabilityEstimation(KernelDensity()),12435,1,-85.13184996111274,1,-85.21305994870384
dpctgan,ProbabilityEstimation(KernelDensity()),12435,0,-85.21804236604967,0,-85.21305994870384
dpctgan,ProbabilityEstimation(KernelDensity()),12435,1,-84.04830246265688,1,-85.21305994870384
dpctgan,ProbabilityEstimation(KernelDensity()),12435,0,-85.32424518905167,0,-85.21305994870384
dpctgan,ProbabilityEstimation(KernelDensity()),12435,1,-86.15495282568861,0,-85.21305994870384
dpctgan,ProbabilityEstimation(KernelDensity()),12435,0,-85.12665026542922,1,-85.21305994870384
dpctgan,ProbabilityEstimation(KernelDensity()),12435,1,-84.95272976645776,1,-85.21305994870384
dpctgan,ProbabilityEstimation(KernelDensity()),12435,0,-84.30384532451009,1,-85.21305994870384
dpctgan,ProbabilityEstimation(KernelDensity()),12435,1,-83.91765449009299,1,-85.21305994870384
dpctgan,ProbabilityEstimation(KernelDensity()),12435,0,-83.99774128536987,1,-85.21305994870384
dpctgan,ProbabilityEstimation(KernelDensity()),12435,1,-84.41542592185108,1,-85.21305994870384
dpctgan,ProbabilityEstimation(KernelDensity()),12435,0,-84.28880386500067,1,-85.21305994870384
dpctgan,ProbabilityEstimation(KernelDensity()),12435,1,-85.2001924933453,1,-85.21305994870384
dpctgan,ProbabilityEstimation(KernelDensity()),12435,0,-83.92670102821718,1,-85.21305994870384
dpctgan,ProbabilityEstimation(KernelDensity()),12435,1,-85.91453601052159,0,-85.21305994870384
dpctgan,ProbabilityEstimation(KernelDensity()),12435,0,-85.24628463109902,0,-85.21305994870384
dpctgan,ProbabilityEstimation(KernelDensity()),12435,1,-83.98288511048598,1,-85.21305994870384
dpctgan,ProbabilityEstimation(KernelDensity()),12435,0,-84.64774192649841,1,-85.21305994870384
dpctgan,ProbabilityEstimation(KernelDensity()),12435,1,-83.76811375186723,1,-85.21305994870384
dpctgan,ProbabilityEstimation(KernelDensity()),12435,0,-84.22621976710774,1,-85.21305994870384
dpctgan,ProbabilityEstimation(KernelDensity()),12435,1,-84.12140925634242,1,-85.21305994870384
dpctgan,ProbabilityEstimation(KernelDensity()),12435,0,-84.36921370339103,1,-85.21305994870384
dpctgan,ProbabilityEstimation(KernelDensity()),12435,1,-84.1133238426782,1,-85.21305994870384
dpctgan,ProbabilityEstimation(KernelDensity()),12435,0,-84.24360981850198,1,-85.21305994870384
dpctgan,ProbabilityEstimation(KernelDensity()),12435,1,-84.3446892707258,1,-85.21305994870384
dpctgan,ProbabilityEstimation(KernelDensity()),12435,0,-85.11432448192579,1,-85.21305994870384
dpctgan,ProbabilityEstimation(KernelDensity()),12435,1,-83.23358800786593,1,-85.21305994870384
dpctgan,ProbabilityEstimation(KernelDensity()),12435,0,-84.0530978690778,1,-85.21305994870384
dpctgan,ProbabilityEstimation(KernelDensity()),12435,1,-83.26408657142116,1,-85.21305994870384
dpctgan,ProbabilityEstimation(KernelDensity()),12435,0,-84.6042601570798,1,-85.21305994870384
dpctgan,ProbabilityEstimation(KernelDensity()),12435,1,-85.28006473723974,0,-85.21305994870384
dpctgan,ProbabilityEstimation(KernelDensity()),12435,0,-84.9786159637024,1,-85.21305994870384
dpctgan,ProbabilityEstimation(KernelDensity()),12435,1,-85.02008038120549,1,-85.21305994870384
dpctgan,ProbabilityEstimation(KernelDensity()),12435,0,-84.49059778640162,1,-85.21305994870384
dpctgan,ProbabilityEstimation(KernelDensity()),12435,1,-84.27772771502828,1,-85.21305994870384
dpctgan,ProbabilityEstimation(KernelDensity()),12435,0,-84.20432898492389,1,-85.21305994870384
dpctgan,ProbabilityEstimation(KernelDensity()),12435,1,-84.71466439971626,1,-85.21305994870384
dpctgan,ProbabilityEstimation(KernelDensity()),12435,0,-83.94114657193049,1,-85.21305994870384
dpctgan,ProbabilityEstimation(KernelDensity()),12435,1,-84.48387072844861,1,-85.21305994870384
dpctgan,ProbabilityEstimation(KernelDensity()),12435,0,-85.51644132885549,0,-85.21305994870384
dpctgan,ProbabilityEstimation(KernelDensity()),12435,1,-84.74289376503451,1,-85.21305994870384
dpctgan,ProbabilityEstimation(KernelDensity()),12435,0,-83.99194668830492,1,-85.21305994870384
dpctgan,ProbabilityEstimation(KernelDensity()),12435,1,-83.91808187816181,1,-85.21305994870384
dpctgan,ProbabilityEstimation(KernelDensity()),12435,0,-84.85745905576677,1,-85.21305994870384
dpctgan,ProbabilityEstimation(KernelDensity()),12435,1,-83.95355029131396,1,-85.21305994870384
dpctgan,ProbabilityEstimation(KernelDensity()),12435,0,-84.73540260725697,1,-85.21305994870384
dpctgan,ProbabilityEstimation(KernelDensity()),12435,1,-83.81631925565979,1,-85.21305994870384
dpctgan,ProbabilityEstimation(KernelDensity()),12435,0,-84.48494074237615,1,-85.21305994870384
dpctgan,ProbabilityEstimation(KernelDensity()),12435,1,-84.12046674052706,1,-85.21305994870384
dpctgan,ProbabilityEstimation(KernelDensity()),12435,0,-84.21281213422824,1,-85.21305994870384
dpctgan,ProbabilityEstimation(KernelDensity()),12435,1,-84.2645974878109,1,-85.21305994870384
dpctgan,ProbabilityEstimation(KernelDensity()),12435,0,-85.54177186043479,0,-85.21305994870384
dpctgan,ProbabilityEstimation(KernelDensity()),12435,1,-84.77809413300857,1,-85.21305994870384
dpctgan,ProbabilityEstimation(KernelDensity()),12435,0,-84.93562302791483,1,-85.21305994870384
dpctgan,ProbabilityEstimation(KernelDensity()),12435,1,-84.47665012483829,1,-85.21305994870384
dpctgan,ProbabilityEstimation(KernelDensity()),12435,0,-85.51093975180633,0,-85.21305994870384
dpctgan,ProbabilityEstimation(KernelDensity()),12435,1,-84.85303697638741,1,-85.21305994870384
dpctgan,ProbabilityEstimation(KernelDensity()),12435,0,-83.8427582907775,1,-85.21305994870384
dpctgan,ProbabilityEstimation(KernelDensity()),12435,1,-85.11577497220375,1,-85.21305994870384
dpctgan,ProbabilityEstimation(KernelDensity()),12435,0,-85.46669042939926,0,-85.21305994870384
dpctgan,ProbabilityEstimation(KernelDensity()),12435,1,-84.56235333697917,1,-85.21305994870384
dpctgan,ProbabilityEstimation(KernelDensity()),12435,0,-85.1075867898795,1,-85.21305994870384
dpctgan,ProbabilityEstimation(KernelDensity()),12435,1,-85.15101907909046,1,-85.21305994870384
dpctgan,ProbabilityEstimation(KernelDensity()),12435,0,-83.52123637355295,1,-85.21305994870384
dpctgan,ProbabilityEstimation(KernelDensity()),12435,1,-84.66831081051787,1,-85.21305994870384
dpctgan,ProbabilityEstimation(KernelDensity()),12435,0,-83.86836663610323,1,-85.21305994870384
dpctgan,ProbabilityEstimation(KernelDensity()),12435,1,-84.97069896429728,1,-85.21305994870384
dpctgan,ProbabilityEstimation(KernelDensity()),12435,0,-84.74835131955368,1,-85.21305994870384
dpctgan,ProbabilityEstimation(KernelDensity()),12435,1,-84.9987121952643,1,-85.21305994870384
dpctgan,ProbabilityEstimation(KernelDensity()),12435,0,-83.82535769340085,1,-85.21305994870384
dpctgan,ProbabilityEstimation(KernelDensity()),12435,1,-84.16207152607315,1,-85.21305994870384
dpctgan,ProbabilityEstimation(KernelDensity()),12435,0,-83.75767799641253,1,-85.21305994870384
dpctgan,ProbabilityEstimation(KernelDensity()),12435,1,-83.88276192121145,1,-85.21305994870384
dpctgan,ProbabilityEstimation(KernelDensity()),12435,0,-84.2496706477952,1,-85.21305994870384
dpctgan,ProbabilityEstimation(KernelDensity()),12435,1,-84.52741595314785,1,-85.21305994870384
dpctgan,ProbabilityEstimation(KernelDensity()),12435,0,-84.2933246760067,1,-85.21305994870384
dpctgan,ProbabilityEstimation(KernelDensity()),12435,1,-83.73974572216495,1,-85.21305994870384
dpctgan,ProbabilityEstimation(KernelDensity()),12435,0,-83.61339772682032,1,-85.21305994870384
dpctgan,ProbabilityEstimation(KernelDensity()),12435,1,-84.25489925883069,1,-85.21305994870384
dpctgan,ProbabilityEstimation(KernelDensity()),12435,0,-84.5799688481705,1,-85.21305994870384
dpctgan,ProbabilityEstimation(KernelDensity()),12435,1,-83.75916801006173,1,-85.21305994870384
dpctgan,ProbabilityEstimation(KernelDensity()),12435,0,-85.24138272820583,0,-85.21305994870384
dpctgan,ProbabilityEstimation(KernelDensity()),12435,1,-84.89088352025209,1,-85.21305994870384
dpctgan,ProbabilityEstimation(KernelDensity()),12435,0,-84.09987468309386,1,-85.21305994870384
dpctgan,ProbabilityEstimation(KernelDensity()),12435,1,-84.0998740913536,1,-85.21305994870384
dpctgan,ProbabilityEstimation(KernelDensity()),12435,0,-84.53505181128887,1,-85.21305994870384
dpctgan,ProbabilityEstimation(KernelDensity()),12435,1,-84.40627259668895,1,-85.21305994870384
dpctgan,ProbabilityEstimation(KernelDensity()),12435,0,-84.15853185237467,1,-85.21305994870384
dpctgan,ProbabilityEstimation(KernelDensity()),12435,1,-84.39779509015048,1,-85.21305994870384
dpctgan,ProbabilityEstimation(KernelDensity()),12435,0,-85.91855360463602,0,-85.21305994870384
dpctgan,ProbabilityEstimation(KernelDensity()),12435,1,-84.37698945624697,1,-85.21305994870384
dpctgan,ProbabilityEstimation(KernelDensity()),12435,0,-84.56060713907812,1,-85.21305994870384
dpctgan,ProbabilityEstimation(KernelDensity()),12435,1,-84.62765262141832,1,-85.21305994870384
dpctgan,ProbabilityEstimation(KernelDensity()),12435,0,-83.66796768306116,1,-85.21305994870384
dpctgan,ProbabilityEstimation(KernelDensity()),12435,1,-85.12656001375686,1,-85.21305994870384
dpctgan,ProbabilityEstimation(KernelDensity()),12435,0,-83.48049377445061,1,-85.21305994870384
dpctgan,ProbabilityEstimation(KernelDensity()),12435,1,-84.18817633900234,1,-85.21305994870384
dpctgan,ProbabilityEstimation(KernelDensity()),12435,0,-84.42253939962113,1,-85.21305994870384
dpctgan,ProbabilityEstimation(KernelDensity()),12435,1,-84.26442870627416,1,-85.21305994870384
dpctgan,ProbabilityEstimation(KernelDensity()),12435,0,-84.9222896581517,1,-85.21305994870384
dpctgan,ProbabilityEstimation(KernelDensity()),12435,1,-84.14278986761767,1,-85.21305994870384
dpctgan,ProbabilityEstimation(KernelDensity()),12435,0,-84.25208293648156,1,-85.21305994870384
dpctgan,ProbabilityEstimation(KernelDensity()),12435,1,-85.71009940625423,0,-85.21305994870384
dpctgan,ProbabilityEstimation(KernelDensity()),12435,0,-84.85485111761653,1,-85.21305994870384
dpctgan,ProbabilityEstimation(KernelDensity()),12435,1,-84.44590425138121,1,-85.21305994870384
dpctgan,ProbabilityEstimation(KernelDensity()),12435,0,-83.67246511570515,1,-85.21305994870384
dpctgan,ProbabilityEstimation(KernelDensity()),12435,1,-83.6539646238944,1,-85.21305994870384
dpctgan,ProbabilityEstimation(KernelDensity()),12435,0,-84.8935985164168,1,-85.21305994870384
dpctgan,ProbabilityEstimation(KernelDensity()),12435,1,-83.13459512747797,1,-85.21305994870384
dpctgan,ProbabilityEstimation(KernelDensity()),12435,0,-84.1287012347897,1,-85.21305994870384
dpctgan,ProbabilityEstimation(KernelDensity()),12435,1,-84.81843246368697,1,-85.21305994870384
dpctgan,ProbabilityEstimation(KernelDensity()),12435,0,-83.96147947348827,1,-85.21305994870384
dpctgan,ProbabilityEstimation(KernelDensity()),12435,1,-84.99575494527934,1,-85.21305994870384
dpctgan,ProbabilityEstimation(KernelDensity()),12435,0,-85.27455111634511,0,-85.21305994870384
dpctgan,ProbabilityEstimation(KernelDensity()),12435,1,-85.86543269749683,0,-85.21305994870384
dpctgan,ProbabilityEstimation(KernelDensity()),12435,0,-85.11535523435928,1,-85.21305994870384
dpctgan,ProbabilityEstimation(KernelDensity()),12435,1,-84.1529894585604,1,-85.21305994870384
dpctgan,ProbabilityEstimation(KernelDensity()),12435,0,-83.59959304290771,1,-85.21305994870384
dpctgan,ProbabilityEstimation(KernelDensity()),12435,1,-83.89502217566653,1,-85.21305994870384
dpctgan,ProbabilityEstimation(KernelDensity()),12435,0,-85.851757507901,0,-85.21305994870384
dpctgan,ProbabilityEstimation(KernelDensity()),12435,1,-83.75409450751435,1,-85.21305994870384
dpctgan,ProbabilityEstimation(KernelDensity()),12435,0,-84.62872587344795,1,-85.21305994870384
dpctgan,ProbabilityEstimation(KernelDensity()),12435,1,-84.18436934124374,1,-85.21305994870384
dpctgan,ProbabilityEstimation(KernelDensity()),12435,0,-84.86841274875978,1,-85.21305994870384
dpctgan,ProbabilityEstimation(KernelDensity()),12435,1,-84.48070448832472,1,-85.21305994870384
dpctgan,ProbabilityEstimation(KernelDensity()),12435,0,-83.93778071033661,1,-85.21305994870384
dpctgan,ProbabilityEstimation(KernelDensity()),12435,1,-83.62726533242382,1,-85.21305994870384
dpctgan,ProbabilityEstimation(KernelDensity()),12435,0,-84.17984041465303,1,-85.21305994870384
dpctgan,ProbabilityEstimation(KernelDensity()),12435,1,-84.06068385182077,1,-85.21305994870384
dpctgan,ProbabilityEstimation(KernelDensity()),12435,0,-84.11681202712018,1,-85.21305994870384
dpctgan,ProbabilityEstimation(KernelDensity()),12435,1,-85.02010344047977,1,-85.21305994870384
dpctgan,ProbabilityEstimation(KernelDensity()),12435,0,-84.02131270070464,1,-85.21305994870384
dpctgan,ProbabilityEstimation(KernelDensity()),12435,1,-83.77225195000355,1,-85.21305994870384
dpctgan,ProbabilityEstimation(KernelDensity()),12435,0,-85.37074138942128,0,-85.21305994870384
dpctgan,ProbabilityEstimation(KernelDensity()),12435,1,-84.29204420958357,1,-85.21305994870384
dpctgan,ProbabilityEstimation(KernelDensity()),12435,0,-83.6315000877603,1,-85.21305994870384
dpctgan,ProbabilityEstimation(KernelDensity()),12435,1,-83.61422409266552,1,-85.21305994870384
dpctgan,ProbabilityEstimation(KernelDensity()),12435,0,-83.89317988312334,1,-85.21305994870384
dpctgan,ProbabilityEstimation(KernelDensity()),12435,1,-83.85878968482635,1,-85.21305994870384
dpctgan,ProbabilityEstimation(KernelDensity()),12435,0,-84.73123711014591,1,-85.21305994870384
dpctgan,ProbabilityEstimation(KernelDensity()),12435,1,-84.52334706696287,1,-85.21305994870384
dpctgan,ProbabilityEstimation(KernelDensity()),12435,0,-84.86092468561537,1,-85.21305994870384
dpctgan,ProbabilityEstimation(KernelDensity()),12435,1,-83.921580332056,1,-85.21305994870384
dpctgan,ProbabilityEstimation(KernelDensity()),12435,0,-85.35078839436949,0,-85.21305994870384
dpctgan,ProbabilityEstimation(KernelDensity()),12435,1,-84.90869519099809,1,-85.21305994870384
dpctgan,ProbabilityEstimation(KernelDensity()),12435,0,-83.69662783869354,1,-85.21305994870384
dpctgan,ProbabilityEstimation(KernelDensity()),12435,1,-84.3397324729922,1,-85.21305994870384
dpctgan,ProbabilityEstimation(KernelDensity()),12435,0,-83.72872572718902,1,-85.21305994870384
dpctgan,ProbabilityEstimation(KernelDensity()),12435,1,-84.55027377218839,1,-85.21305994870384
dpctgan,ProbabilityEstimation(KernelDensity()),12435,0,-83.50206147885197,1,-85.21305994870384
dpctgan,ProbabilityEstimation(KernelDensity()),12435,1,-84.6565778772006,1,-85.21305994870384
dpctgan,ProbabilityEstimation(KernelDensity()),12435,0,-83.45373104319991,1,-85.21305994870384
dpctgan,ProbabilityEstimation(KernelDensity()),12435,1,-83.91130737933777,1,-85.21305994870384
dpctgan,ProbabilityEstimation(KernelDensity()),12435,0,-84.37013649212938,1,-85.21305994870384
dpctgan,ProbabilityEstimation(KernelDensity()),12435,1,-85.47828846046396,0,-85.21305994870384
dpctgan,ProbabilityEstimation(KernelDensity()),12435,0,-84.73144075792261,1,-85.21305994870384
dpctgan,ProbabilityEstimation(KernelDensity()),12435,1,-84.05179384116589,1,-85.21305994870384
dpctgan,ProbabilityEstimation(KernelDensity()),12435,0,-83.58514737581389,1,-85.21305994870384
dpctgan,ProbabilityEstimation(KernelDensity()),12435,1,-84.32501492159649,1,-85.21305994870384
dpctgan,ProbabilityEstimation(KernelDensity()),12435,0,-82.80673233656458,1,-85.21305994870384
dpctgan,ProbabilityEstimation(KernelDensity()),12435,1,-83.76884192434397,1,-85.21305994870384
dpctgan,ProbabilityEstimation(KernelDensity()),12435,0,-84.00311223624784,1,-85.21305994870384
dpctgan,ProbabilityEstimation(KernelDensity()),12435,1,-84.35867036136511,1,-85.21305994870384
dpctgan,ProbabilityEstimation(KernelDensity()),12435,0,-84.56927626880096,1,-85.21305994870384
dpctgan,ProbabilityEstimation(KernelDensity()),12435,1,-84.24730570541712,1,-85.21305994870384
dpctgan,ProbabilityEstimation(KernelDensity()),12435,0,-84.75761654588526,1,-85.21305994870384
dpctgan,ProbabilityEstimation(KernelDensity()),12435,1,-84.30404790291603,1,-85.21305994870384
dpctgan,ProbabilityEstimation(KernelDensity()),12435,0,-84.12422989526036,1,-85.21305994870384
dpctgan,ProbabilityEstimation(KernelDensity()),12435,1,-84.53678273625007,1,-85.21305994870384
dpctgan,ProbabilityEstimation(KernelDensity()),12435,0,-84.23536261039865,1,-85.21305994870384
dpctgan,ProbabilityEstimation(KernelDensity()),12435,1,-84.12101484020614,1,-85.21305994870384
dpctgan,ProbabilityEstimation(KernelDensity()),12435,0,-84.67617142257518,1,-85.21305994870384
dpctgan,ProbabilityEstimation(KernelDensity()),12435,1,-83.59673972671298,1,-85.21305994870384
dpctgan,ProbabilityEstimation(KernelDensity()),12435,0,-85.34427639836139,0,-85.21305994870384
dpctgan,ProbabilityEstimation(KernelDensity()),12435,1,-83.72439273902664,1,-85.21305994870384
dpctgan,ProbabilityEstimation(KernelDensity()),12435,0,-85.16279319394052,1,-85.21305994870384
dpctgan,ProbabilityEstimation(KernelDensity()),12435,1,-83.83307551400944,1,-85.21305994870384
dpctgan,ProbabilityEstimation(KernelDensity()),12435,0,-84.12038933527576,1,-85.21305994870384
dpctgan,ProbabilityEstimation(KernelDensity()),12435,1,-85.50912474817667,0,-85.21305994870384
dpctgan,ProbabilityEstimation(KernelDensity()),12435,0,-83.91104388849406,1,-85.21305994870384
dpctgan,ProbabilityEstimation(KernelDensity()),12435,1,-83.90441163251292,1,-85.21305994870384
dpctgan,ProbabilityEstimation(KernelDensity()),12435,0,-85.02683984909162,1,-85.21305994870384
dpctgan,ProbabilityEstimation(KernelDensity()),12435,1,-84.23366512518993,1,-85.21305994870384
dpctgan,ProbabilityEstimation(KernelDensity()),12435,0,-84.63859339580468,1,-85.21305994870384
dpctgan,ProbabilityEstimation(KernelDensity()),12435,1,-85.30402493499815,0,-85.21305994870384
dpctgan,ProbabilityEstimation(KernelDensity()),12435,0,-84.00558305224384,1,-85.21305994870384
dpctgan,ProbabilityEstimation(KernelDensity()),12435,1,-84.21540133589318,1,-85.21305994870384
dpctgan,ProbabilityEstimation(KernelDensity()),12435,0,-83.84107615406339,1,-85.21305994870384
dpctgan,ProbabilityEstimation(KernelDensity()),12435,1,-84.89983965790337,1,-85.21305994870384
dpctgan,ProbabilityEstimation(KernelDensity()),12435,0,-84.52875559223752,1,-85.21305994870384
dpctgan,ProbabilityEstimation(KernelDensity()),12435,1,-84.54813832428869,1,-85.21305994870384
dpctgan,ProbabilityEstimation(KernelDensity()),12435,0,-85.2148452274005,0,-85.21305994870384
dpctgan,ProbabilityEstimation(KernelDensity()),12435,1,-83.94610604757415,1,-85.21305994870384
dpctgan,ProbabilityEstimation(KernelDensity()),12435,0,-84.98945302890408,1,-85.21305994870384
dpctgan,ProbabilityEstimation(KernelDensity()),12435,1,-84.75307271099649,1,-85.21305994870384
dpctgan,ProbabilityEstimation(KernelDensity()),12435,0,-84.13212899551048,1,-85.21305994870384
dpctgan,ProbabilityEstimation(KernelDensity()),12435,1,-85.05371226442074,1,-85.21305994870384
dpctgan,ProbabilityEstimation(KernelDensity()),12435,0,-83.8994654346625,1,-85.21305994870384
dpctgan,ProbabilityEstimation(KernelDensity()),12435,1,-83.46213992052569,1,-85.21305994870384
dpctgan,ProbabilityEstimation(KernelDensity()),12435,0,-84.81891974824454,1,-85.21305994870384
dpctgan,ProbabilityEstimation(KernelDensity()),12435,1,-84.63986993506461,1,-85.21305994870384
dpctgan,ProbabilityEstimation(KernelDensity()),12435,0,-85.65635896010421,0,-85.21305994870384
dpctgan,ProbabilityEstimation(KernelDensity()),12435,1,-83.51190003677928,1,-85.21305994870384
dpctgan,ProbabilityEstimation(KernelDensity()),12435,0,-84.87060218005695,1,-85.21305994870384
dpctgan,ProbabilityEstimation(KernelDensity()),12435,1,-84.82233841603242,1,-85.21305994870384
dpctgan,ProbabilityEstimation(KernelDensity()),12435,0,-84.78136020571569,1,-85.21305994870384
dpctgan,ProbabilityEstimation(KernelDensity()),12435,1,-84.81967842995802,1,-85.21305994870384
dpctgan,ProbabilityEstimation(KernelDensity()),12435,0,-84.31176905707918,1,-85.21305994870384
dpctgan,ProbabilityEstimation(KernelDensity()),12435,1,-83.92655922709908,1,-85.21305994870384
dpctgan,ProbabilityEstimation(KernelDensity()),12435,0,-86.10561080048073,0,-85.21305994870384
dpctgan,ProbabilityEstimation(KernelDensity()),12435,1,-83.454791564258,1,-85.21305994870384
dpctgan,ProbabilityEstimation(KernelDensity()),12435,0,-83.90547387648348,1,-85.21305994870384
dpctgan,ProbabilityEstimation(KernelDensity()),12435,1,-84.20191085238919,1,-85.21305994870384
dpctgan,ProbabilityEstimation(KernelDensity()),12435,0,-83.81441184291705,1,-85.21305994870384
dpctgan,ProbabilityEstimation(KernelDensity()),12435,1,-85.53214423910639,0,-85.21305994870384
dpctgan,ProbabilityEstimation(KernelDensity()),12435,0,-84.43665646380524,1,-85.21305994870384
dpctgan,ProbabilityEstimation(KernelDensity()),12435,1,-84.0142505643509,1,-85.21305994870384
dpctgan,ProbabilityEstimation(KernelDensity()),12435,0,-84.63790418427529,1,-85.21305994870384
dpctgan,ProbabilityEstimation(KernelDensity()),12435,1,-84.37567126531303,1,-85.21305994870384
dpctgan,ProbabilityEstimation(KernelDensity()),12435,0,-84.82638341855657,1,-85.21305994870384
dpctgan,ProbabilityEstimation(KernelDensity()),12435,1,-85.46556360222664,0,-85.21305994870384
dpctgan,ProbabilityEstimation(KernelDensity()),12435,0,-84.78967998719756,1,-85.21305994870384
dpctgan,ProbabilityEstimation(KernelDensity()),12435,1,-83.50302071336692,1,-85.21305994870384
dpctgan,ProbabilityEstimation(KernelDensity()),12435,0,-84.43240531202301,1,-85.21305994870384
dpctgan,ProbabilityEstimation(KernelDensity()),12435,1,-85.0314682400314,1,-85.21305994870384
dpctgan,ProbabilityEstimation(KernelDensity()),12435,0,-83.0307076054873,1,-85.21305994870384
dpctgan,ProbabilityEstimation(KernelDensity()),12435,1,-84.43441301471104,1,-85.21305994870384
dpctgan,ProbabilityEstimation(KernelDensity()),12435,0,-83.0003944801481,1,-85.21305994870384
dpctgan,ProbabilityEstimation(KernelDensity()),12435,1,-83.75055559931418,1,-85.21305994870384
dpctgan,ProbabilityEstimation(KernelDensity()),12435,0,-84.66542874823654,1,-85.21305994870384
dpctgan,ProbabilityEstimation(KernelDensity()),12435,1,-83.99303027980349,1,-85.21305994870384
dpctgan,ProbabilityEstimation(KernelDensity()),12435,0,-84.6046693901094,1,-85.21305994870384
dpctgan,ProbabilityEstimation(KernelDensity()),12435,1,-83.86566777516768,1,-85.21305994870384
dpctgan,ProbabilityEstimation(KernelDensity()),12435,0,-84.59652260047852,1,-85.21305994870384
dpctgan,ProbabilityEstimation(KernelDensity()),12435,1,-84.0813990278188,1,-85.21305994870384
dpctgan,ProbabilityEstimation(KernelDensity()),12435,0,-83.74135438838368,1,-85.21305994870384
dpctgan,ProbabilityEstimation(KernelDensity()),12435,1,-83.55085497909783,1,-85.21305994870384
dpctgan,ProbabilityEstimation(KernelDensity()),12435,0,-85.19783913663612,1,-85.21305994870384
dpctgan,ProbabilityEstimation(KernelDensity()),12435,1,-84.03312709933054,1,-85.21305994870384
dpctgan,ProbabilityEstimation(KernelDensity()),12435,0,-84.6427124608724,1,-85.21305994870384
dpctgan,ProbabilityEstimation(KernelDensity()),12435,1,-84.6357342029408,1,-85.21305994870384
dpctgan,ProbabilityEstimation(KernelDensity()),12435,0,-84.16954924342235,1,-85.21305994870384
dpctgan,ProbabilityEstimation(KernelDensity()),12435,1,-84.77604562099876,1,-85.21305994870384
dpctgan,ProbabilityEstimation(KernelDensity()),12435,0,-84.35167962056018,1,-85.21305994870384
dpctgan,ProbabilityEstimation(KernelDensity()),12435,1,-84.05213056033296,1,-85.21305994870384
dpctgan,ProbabilityEstimation(KernelDensity()),12435,0,-84.63618878164135,1,-85.21305994870384
dpctgan,ProbabilityEstimation(KernelDensity()),12435,1,-84.2070879184855,1,-85.21305994870384
dpctgan,ProbabilityEstimation(KernelDensity()),12435,0,-83.72242295676298,1,-85.21305994870384
dpctgan,ProbabilityEstimation(KernelDensity()),12435,1,-84.98251166279512,1,-85.21305994870384
dpctgan,ProbabilityEstimation(KernelDensity()),12435,0,-84.57323575464198,1,-85.21305994870384
dpctgan,ProbabilityEstimation(KernelDensity()),12435,1,-84.83818611482468,1,-85.21305994870384
dpctgan,ProbabilityEstimation(KernelDensity()),12435,0,-85.03317500476427,1,-85.21305994870384
dpctgan,ProbabilityEstimation(KernelDensity()),12435,1,-83.869651591307,1,-85.21305994870384
dpctgan,ProbabilityEstimation(KernelDensity()),12435,0,-84.88176138181862,1,-85.21305994870384
dpctgan,ProbabilityEstimation(KernelDensity()),12435,1,-85.99718008081692,0,-85.21305994870384
dpctgan,ProbabilityEstimation(KernelDensity()),12435,0,-84.60328058775488,1,-85.21305994870384
dpctgan,ProbabilityEstimation(KernelDensity()),12435,1,-85.06177734200408,1,-85.21305994870384
dpctgan,ProbabilityEstimation(KernelDensity()),12435,0,-84.96135897446447,1,-85.21305994870384
dpctgan,ProbabilityEstimation(KernelDensity()),12435,1,-84.02466080661773,1,-85.21305994870384
dpctgan,ProbabilityEstimation(KernelDensity()),12435,0,-83.74531512592189,1,-85.21305994870384
dpctgan,ProbabilityEstimation(KernelDensity()),12435,1,-84.96102782069029,1,-85.21305994870384
dpctgan,ProbabilityEstimation(KernelDensity()),12435,0,-84.6357249350759,1,-85.21305994870384
dpctgan,ProbabilityEstimation(KernelDensity()),12435,1,-84.07245875486544,1,-85.21305994870384
dpctgan,ProbabilityEstimation(KernelDensity()),12435,0,-83.9232317618454,1,-85.21305994870384
dpctgan,ProbabilityEstimation(KernelDensity()),12435,1,-84.23633026538579,1,-85.21305994870384
dpctgan,ProbabilityEstimation(KernelDensity()),12435,0,-83.96421801442708,1,-85.21305994870384
dpctgan,ProbabilityEstimation(KernelDensity()),12435,1,-83.7085363837954,1,-85.21305994870384
dpctgan,ProbabilityEstimation(KernelDensity()),12435,0,-85.30848516851047,0,-85.21305994870384
dpctgan,ProbabilityEstimation(KernelDensity()),12435,1,-84.95803819556753,1,-85.21305994870384
dpctgan,ProbabilityEstimation(KernelDensity()),12435,0,-84.58964459403421,1,-85.21305994870384
dpctgan,ProbabilityEstimation(KernelDensity()),12435,1,-84.00060949426476,1,-85.21305994870384
dpctgan,ProbabilityEstimation(KernelDensity()),12435,0,-84.41590288403277,1,-85.21305994870384
dpctgan,ProbabilityEstimation(KernelDensity()),12435,1,-85.474933656242,0,-85.21305994870384
dpctgan,ProbabilityEstimation(KernelDensity()),12435,0,-84.44493931851827,1,-85.21305994870384
dpctgan,ProbabilityEstimation(KernelDensity()),12435,1,-84.39045590254676,1,-85.21305994870384
dpctgan,ProbabilityEstimation(KernelDensity()),12435,0,-83.85615615471649,1,-85.21305994870384
dpctgan,ProbabilityEstimation(KernelDensity()),12435,1,-85.13059225609493,1,-85.21305994870384
dpctgan,ProbabilityEstimation(KernelDensity()),12435,0,-84.04630588350805,1,-85.21305994870384
dpctgan,ProbabilityEstimation(KernelDensity()),12435,1,-85.60640461451116,0,-85.21305994870384
dpctgan,ProbabilityEstimation(KernelDensity()),12435,0,-84.00762163031659,1,-85.21305994870384
dpctgan,ProbabilityEstimation(KernelDensity()),12435,1,-85.03327285870759,1,-85.21305994870384
dpctgan,ProbabilityEstimation(KernelDensity()),12435,0,-84.15218199041789,1,-85.21305994870384
dpctgan,ProbabilityEstimation(KernelDensity()),12435,1,-84.63826108776199,1,-85.21305994870384
dpctgan,ProbabilityEstimation(KernelDensity()),12435,0,-84.06277335391496,1,-85.21305994870384
dpctgan,ProbabilityEstimation(KernelDensity()),12435,1,-84.58925825459036,1,-85.21305994870384
dpctgan,ProbabilityEstimation(KernelDensity()),12435,0,-84.43589632786431,1,-85.21305994870384
dpctgan,ProbabilityEstimation(KernelDensity()),12435,1,-84.35449678143134,1,-85.21305994870384
dpctgan,ProbabilityEstimation(KernelDensity()),12435,0,-84.86931616513763,1,-85.21305994870384
dpctgan,ProbabilityEstimation(KernelDensity()),12435,1,-84.17834077927465,1,-85.21305994870384
dpctgan,ProbabilityEstimation(KernelDensity()),12435,0,-85.68851989963767,0,-85.21305994870384
dpctgan,ProbabilityEstimation(KernelDensity()),12435,1,-84.4322523444835,1,-85.21305994870384
dpctgan,ProbabilityEstimation(KernelDensity()),12435,0,-83.9885495105483,1,-85.21305994870384
dpctgan,ProbabilityEstimation(KernelDensity()),12435,1,-85.34638546502082,0,-85.21305994870384
dpctgan,ProbabilityEstimation(KernelDensity()),12435,0,-85.11400399110185,1,-85.21305994870384
dpctgan,ProbabilityEstimation(KernelDensity()),12435,1,-83.55034044119476,1,-85.21305994870384
dpctgan,ProbabilityEstimation(KernelDensity()),12435,0,-84.58455808798075,1,-85.21305994870384
dpctgan,ProbabilityEstimation(KernelDensity()),12435,1,-84.7686407284681,1,-85.21305994870384
dpctgan,ProbabilityEstimation(KernelDensity()),12435,0,-83.18289916055994,1,-85.21305994870384
dpctgan,ProbabilityEstimation(KernelDensity()),12435,1,-84.36907794967065,1,-85.21305994870384
dpctgan,ProbabilityEstimation(KernelDensity()),12435,0,-84.0964008832916,1,-85.21305994870384
dpctgan,ProbabilityEstimation(KernelDensity()),12435,1,-83.65272669477737,1,-85.21305994870384
dpctgan,ProbabilityEstimation(KernelDensity()),12435,0,-84.25872566252292,1,-85.21305994870384
dpctgan,ProbabilityEstimation(KernelDensity()),12435,1,-84.9329902282465,1,-85.21305994870384
dpctgan,ProbabilityEstimation(KernelDensity()),12435,0,-84.76813131583323,1,-85.21305994870384
dpctgan,ProbabilityEstimation(KernelDensity()),12435,1,-85.32691162572668,0,-85.21305994870384
dpctgan,ProbabilityEstimation(KernelDensity()),12435,0,-84.46592824638566,1,-85.21305994870384
dpctgan,ProbabilityEstimation(KernelDensity()),12435,1,-84.5540244323225,1,-85.21305994870384
dpctgan,ProbabilityEstimation(KernelDensity()),12435,0,-83.81797349519542,1,-85.21305994870384
dpctgan,ProbabilityEstimation(KernelDensity()),12435,1,-84.78345895705428,1,-85.21305994870384
dpctgan,ProbabilityEstimation(KernelDensity()),12435,0,-84.06894956348158,1,-85.21305994870384
dpctgan,ProbabilityEstimation(KernelDensity()),12435,1,-84.61968420035608,1,-85.21305994870384
dpctgan,ProbabilityEstimation(KernelDensity()),12435,0,-83.68232414842996,1,-85.21305994870384
dpctgan,ProbabilityEstimation(KernelDensity()),12435,1,-83.61746574266563,1,-85.21305994870384
dpctgan,ProbabilityEstimation(KernelDensity()),12435,0,-85.00418854916451,1,-85.21305994870384
dpctgan,ProbabilityEstimation(KernelDensity()),12435,1,-85.81874134954329,0,-85.21305994870384
dpctgan,ProbabilityEstimation(KernelDensity()),12435,0,-85.56197267654663,0,-85.21305994870384
dpctgan,ProbabilityEstimation(KernelDensity()),12435,1,-84.751599945881,1,-85.21305994870384
dpctgan,ProbabilityEstimation(KernelDensity()),12435,0,-84.66961321087575,1,-85.21305994870384
dpctgan,ProbabilityEstimation(KernelDensity()),12435,1,-83.95645247375263,1,-85.21305994870384
dpctgan,ProbabilityEstimation(KernelDensity()),12435,0,-84.43396810274419,1,-85.21305994870384
dpctgan,ProbabilityEstimation(KernelDensity()),12435,1,-84.15149102012919,1,-85.21305994870384
dpctgan,ProbabilityEstimation(KernelDensity()),12435,0,-84.2719987668219,1,-85.21305994870384
dpctgan,ProbabilityEstimation(KernelDensity()),12435,1,-83.8555515647076,1,-85.21305994870384
dpctgan,ProbabilityEstimation(KernelDensity()),12435,0,-85.43137791384736,0,-85.21305994870384
dpctgan,ProbabilityEstimation(KernelDensity()),12435,1,-84.1896543926032,1,-85.21305994870384
dpctgan,ProbabilityEstimation(KernelDensity()),12435,0,-85.13519892939846,1,-85.21305994870384
dpctgan,ProbabilityEstimation(KernelDensity()),12435,1,-84.19436721564043,1,-85.21305994870384
dpctgan,ProbabilityEstimation(KernelDensity()),12435,0,-83.99918221845242,1,-85.21305994870384
dpctgan,ProbabilityEstimation(KernelDensity()),12435,1,-83.85975604438654,1,-85.21305994870384
dpctgan,ProbabilityEstimation(KernelDensity()),12435,0,-84.16132161511543,1,-85.21305994870384
dpctgan,ProbabilityEstimation(KernelDensity()),12435,1,-85.2589265682735,0,-85.21305994870384
dpctgan,ProbabilityEstimation(KernelDensity()),12435,0,-83.71675799230502,1,-85.21305994870384
dpctgan,ProbabilityEstimation(KernelDensity()),12435,1,-83.70377486198095,1,-85.21305994870384
dpctgan,ProbabilityEstimation(KernelDensity()),12435,0,-84.33211027217837,1,-85.21305994870384
dpctgan,ProbabilityEstimation(KernelDensity()),12435,1,-84.55172745378617,1,-85.21305994870384
dpctgan,ProbabilityEstimation(KernelDensity()),12435,0,-84.70615455040517,1,-85.21305994870384
dpctgan,ProbabilityEstimation(KernelDensity()),12435,1,-84.18298204398772,1,-85.21305994870384
dpctgan,ProbabilityEstimation(KernelDensity()),12435,0,-84.84822591410337,1,-85.21305994870384
dpctgan,ProbabilityEstimation(KernelDensity()),12435,1,-84.81614383873045,1,-85.21305994870384
dpctgan,ProbabilityEstimation(KernelDensity()),12435,0,-84.21071798390727,1,-85.21305994870384
dpctgan,ProbabilityEstimation(KernelDensity()),12435,1,-84.37418696296888,1,-85.21305994870384
dpctgan,ProbabilityEstimation(KernelDensity()),12435,0,-84.12420603416871,1,-85.21305994870384
dpctgan,ProbabilityEstimation(KernelDensity()),12435,1,-83.31829532571273,1,-85.21305994870384
dpctgan,ProbabilityEstimation(KernelDensity()),12435,0,-83.69468352925388,1,-85.21305994870384
dpctgan,ProbabilityEstimation(KernelDensity()),12435,1,-84.24820790261397,1,-85.21305994870384
dpctgan,ProbabilityEstimation(KernelDensity()),12435,0,-85.53585680545586,0,-85.21305994870384
dpctgan,ProbabilityEstimation(KernelDensity()),12435,1,-83.52272834606389,1,-85.21305994870384
dpctgan,ProbabilityEstimation(KernelDensity()),12435,0,-84.36334748707709,1,-85.21305994870384
dpctgan,ProbabilityEstimation(KernelDensity()),12435,1,-83.92740298764839,1,-85.21305994870384
dpctgan,ProbabilityEstimation(KernelDensity()),12435,0,-84.26132062495947,1,-85.21305994870384
dpctgan,ProbabilityEstimation(KernelDensity()),12435,1,-84.85825666173824,1,-85.21305994870384
dpctgan,ProbabilityEstimation(KernelDensity()),12435,0,-83.52983560199512,1,-85.21305994870384
dpctgan,ProbabilityEstimation(KernelDensity()),12435,1,-83.86526582134957,1,-85.21305994870384
dpctgan,ProbabilityEstimation(KernelDensity()),12435,0,-84.32402298515143,1,-85.21305994870384
dpctgan,ProbabilityEstimation(KernelDensity()),12435,1,-83.68010783913687,1,-85.21305994870384
dpctgan,ProbabilityEstimation(KernelDensity()),12435,0,-83.76078601802583,1,-85.21305994870384
dpctgan,ProbabilityEstimation(KernelDensity()),12435,1,-84.06148054151046,1,-85.21305994870384
dpctgan,ProbabilityEstimation(KernelDensity()),12435,0,-85.421417981012,0,-85.21305994870384
dpctgan,ProbabilityEstimation(KernelDensity()),12435,1,-84.2521311051834,1,-85.21305994870384
dpctgan,ProbabilityEstimation(KernelDensity()),12435,0,-83.86436773093197,1,-85.21305994870384
dpctgan,ProbabilityEstimation(KernelDensity()),12435,1,-84.520969419143,1,-85.21305994870384
dpctgan,ProbabilityEstimation(KernelDensity()),12435,0,-85.19116811513855,1,-85.21305994870384
dpctgan,ProbabilityEstimation(KernelDensity()),12435,1,-84.19194662436287,1,-85.21305994870384
dpctgan,ProbabilityEstimation(KernelDensity()),12435,0,-83.87032781944204,1,-85.21305994870384
dpctgan,ProbabilityEstimation(KernelDensity()),12435,1,-84.01010020443047,1,-85.21305994870384
dpctgan,ProbabilityEstimation(KernelDensity()),12435,0,-85.1542528357191,1,-85.21305994870384
dpctgan,ProbabilityEstimation(KernelDensity()),12435,1,-84.86970753560976,1,-85.21305994870384
dpctgan,ProbabilityEstimation(KernelDensity()),12435,0,-83.73070137371438,1,-85.21305994870384
dpctgan,ProbabilityEstimation(KernelDensity()),12435,1,-84.818696275021,1,-85.21305994870384
dpctgan,ProbabilityEstimation(KernelDensity()),12435,0,-85.02893630570205,1,-85.21305994870384
dpctgan,ProbabilityEstimation(KernelDensity()),12435,1,-83.70695811582625,1,-85.21305994870384
dpctgan,ProbabilityEstimation(KernelDensity()),12435,0,-84.09730164669223,1,-85.21305994870384
dpctgan,ProbabilityEstimation(KernelDensity()),12435,1,-84.19143993995043,1,-85.21305994870384
dpctgan,ProbabilityEstimation(KernelDensity()),12435,0,-83.98887732465306,1,-85.21305994870384
dpctgan,ProbabilityEstimation(KernelDensity()),12435,1,-83.54924949770256,1,-85.21305994870384
dpctgan,ProbabilityEstimation(KernelDensity()),12435,0,-84.96458603872556,1,-85.21305994870384
dpctgan,ProbabilityEstimation(KernelDensity()),12435,1,-83.69279647970266,1,-85.21305994870384
dpctgan,ProbabilityEstimation(KernelDensity()),12435,0,-84.57650113858625,1,-85.21305994870384
dpctgan,ProbabilityEstimation(KernelDensity()),12435,1,-83.8658267187468,1,-85.21305994870384
dpctgan,ProbabilityEstimation(KernelDensity()),12435,0,-85.48072210920743,0,-85.21305994870384
dpctgan,ProbabilityEstimation(KernelDensity()),12435,1,-84.18100946852378,1,-85.21305994870384
dpctgan,ProbabilityEstimation(KernelDensity()),12435,0,-84.6149630345338,1,-85.21305994870384
dpctgan,ProbabilityEstimation(KernelDensity()),12435,1,-84.80471360378203,1,-85.21305994870384
dpctgan,ProbabilityEstimation(KernelDensity()),12435,0,-83.40892817925219,1,-85.21305994870384
dpctgan,ProbabilityEstimation(KernelDensity()),12435,1,-84.90349177492942,1,-85.21305994870384
dpctgan,ProbabilityEstimation(KernelDensity()),12435,0,-84.33879349660437,1,-85.21305994870384
dpctgan,ProbabilityEstimation(KernelDensity()),12435,1,-84.33270256422684,1,-85.21305994870384
dpctgan,ProbabilityEstimation(KernelDensity()),12435,0,-84.06706772707687,1,-85.21305994870384
dpctgan,ProbabilityEstimation(KernelDensity()),12435,1,-85.57461300546186,0,-85.21305994870384
dpctgan,ProbabilityEstimation(KernelDensity()),12435,0,-83.57078657039713,1,-85.21305994870384
dpctgan,ProbabilityEstimation(KernelDensity()),12435,1,-84.31629158107597,1,-85.21305994870384
dpctgan,ProbabilityEstimation(KernelDensity()),12435,0,-84.94153236846965,1,-85.21305994870384
dpctgan,ProbabilityEstimation(KernelDensity()),12435,1,-85.32034697311724,0,-85.21305994870384
dpctgan,ProbabilityEstimation(KernelDensity()),12435,0,-84.8151886153675,1,-85.21305994870384
dpctgan,ProbabilityEstimation(KernelDensity()),12435,1,-84.06211921852454,1,-85.21305994870384
dpctgan,ProbabilityEstimation(KernelDensity()),12435,0,-84.17654818852897,1,-85.21305994870384
dpctgan,ProbabilityEstimation(KernelDensity()),12435,1,-83.49731844772121,1,-85.21305994870384
dpctgan,ProbabilityEstimation(KernelDensity()),12435,0,-83.88506621609501,1,-85.21305994870384
dpctgan,ProbabilityEstimation(KernelDensity()),12435,1,-84.18983448981031,1,-85.21305994870384
dpctgan,ProbabilityEstimation(KernelDensity()),12435,0,-84.25708186188321,1,-85.21305994870384
dpctgan,ProbabilityEstimation(KernelDensity()),12435,1,-84.83034808099694,1,-85.21305994870384
dpctgan,ProbabilityEstimation(KernelDensity()),12435,0,-84.85951886338313,1,-85.21305994870384
dpctgan,ProbabilityEstimation(KernelDensity()),12435,1,-85.4379172950953,0,-85.21305994870384
dpctgan,ProbabilityEstimation(KernelDensity()),12435,0,-84.41539309988971,1,-85.21305994870384
dpctgan,ProbabilityEstimation(KernelDensity()),12435,1,-84.1064799954474,1,-85.21305994870384
dpctgan,ProbabilityEstimation(KernelDensity()),12435,0,-83.77144347963093,1,-85.21305994870384
dpctgan,ProbabilityEstimation(KernelDensity()),12435,1,-84.06149298214942,1,-85.21305994870384
dpctgan,ProbabilityEstimation(KernelDensity()),12435,0,-83.88870696271744,1,-85.21305994870384
dpctgan,ProbabilityEstimation(KernelDensity()),12435,1,-83.47763436328057,1,-85.21305994870384
dpctgan,ProbabilityEstimation(KernelDensity()),12435,0,-84.43277773856467,1,-85.21305994870384
dpctgan,ProbabilityEstimation(KernelDensity()),12435,1,-84.28245816642332,1,-85.21305994870384
dpctgan,ProbabilityEstimation(KernelDensity()),12435,0,-84.10669547803924,1,-85.21305994870384
dpctgan,ProbabilityEstimation(KernelDensity()),12435,1,-84.32309776075344,1,-85.21305994870384
dpctgan,ProbabilityEstimation(KernelDensity()),12435,0,-84.26834665708385,1,-85.21305994870384
dpctgan,ProbabilityEstimation(KernelDensity()),12435,1,-83.63869472243242,1,-85.21305994870384
dpctgan,ProbabilityEstimation(KernelDensity()),12435,0,-83.65133281894133,1,-85.21305994870384
dpctgan,ProbabilityEstimation(KernelDensity()),12435,1,-83.49682102216244,1,-85.21305994870384
dpctgan,ProbabilityEstimation(KernelDensity()),12435,0,-83.70722042677316,1,-85.21305994870384
dpctgan,ProbabilityEstimation(KernelDensity()),12435,1,-84.39679266994798,1,-85.21305994870384
dpctgan,ProbabilityEstimation(KernelDensity()),12435,0,-84.12706410482895,1,-85.21305994870384
dpctgan,ProbabilityEstimation(KernelDensity()),12435,1,-84.67931325052542,1,-85.21305994870384
dpctgan,ProbabilityEstimation(KernelDensity()),12435,0,-85.13250988164174,1,-85.21305994870384
dpctgan,ProbabilityEstimation(KernelDensity()),12435,1,-84.5189420459043,1,-85.21305994870384
dpctgan,ProbabilityEstimation(KernelDensity()),12435,0,-85.67561969142284,0,-85.21305994870384
dpctgan,ProbabilityEstimation(KernelDensity()),12435,1,-83.81205978923644,1,-85.21305994870384
dpctgan,ProbabilityEstimation(KernelDensity()),12435,0,-83.86985969923946,1,-85.21305994870384
dpctgan,ProbabilityEstimation(KernelDensity()),12435,1,-84.39046234017611,1,-85.21305994870384
dpctgan,ProbabilityEstimation(KernelDensity()),12435,0,-83.99528139600645,1,-85.21305994870384
dpctgan,ProbabilityEstimation(KernelDensity()),12435,1,-84.96001413722118,1,-85.21305994870384
dpctgan,ProbabilityEstimation(KernelDensity()),12435,0,-83.88002222539059,1,-85.21305994870384
dpctgan,ProbabilityEstimation(KernelDensity()),12435,1,-84.38322455900379,1,-85.21305994870384
dpctgan,ProbabilityEstimation(KernelDensity()),12435,0,-85.18927274524174,1,-85.21305994870384
dpctgan,ProbabilityEstimation(KernelDensity()),12435,1,-85.164964627073,1,-85.21305994870384
dpctgan,ProbabilityEstimation(KernelDensity()),12435,0,-85.17045547618162,1,-85.21305994870384
dpctgan,ProbabilityEstimation(KernelDensity()),12435,1,-85.08590695500295,1,-85.21305994870384
dpctgan,ProbabilityEstimation(KernelDensity()),12435,0,-84.57294616200815,1,-85.21305994870384
dpctgan,ProbabilityEstimation(KernelDensity()),12435,1,-83.86751998371938,1,-85.21305994870384
dpctgan,ProbabilityEstimation(KernelDensity()),12435,0,-83.81091965310553,1,-85.21305994870384
dpctgan,ProbabilityEstimation(KernelDensity()),12435,1,-84.24763447905319,1,-85.21305994870384
dpctgan,ProbabilityEstimation(KernelDensity()),12435,0,-85.34190725867666,0,-85.21305994870384
dpctgan,ProbabilityEstimation(KernelDensity()),12435,1,-83.75979210110607,1,-85.21305994870384
dpctgan,ProbabilityEstimation(KernelDensity()),12435,0,-83.91494722704653,1,-85.21305994870384
dpctgan,ProbabilityEstimation(KernelDensity()),12435,1,-84.0319460251689,1,-85.21305994870384
dpctgan,ProbabilityEstimation(KernelDensity()),12435,0,-84.09484042567674,1,-85.21305994870384
dpctgan,ProbabilityEstimation(KernelDensity()),12435,1,-83.53447480945248,1,-85.21305994870384
dpctgan,ProbabilityEstimation(KernelDensity()),12435,0,-83.98604050689529,1,-85.21305994870384
dpctgan,ProbabilityEstimation(KernelDensity()),12435,1,-84.49722426517197,1,-85.21305994870384
dpctgan,ProbabilityEstimation(KernelDensity()),12435,0,-84.01663652746292,1,-85.21305994870384
dpctgan,ProbabilityEstimation(KernelDensity()),12435,1,-85.24811820685254,0,-85.21305994870384
dpctgan,ProbabilityEstimation(KernelDensity()),12435,0,-83.4860282382105,1,-85.21305994870384
dpctgan,ProbabilityEstimation(KernelDensity()),12435,1,-84.25439881271625,1,-85.21305994870384
dpctgan,ProbabilityEstimation(KernelDensity()),12435,0,-84.22629449303423,1,-85.21305994870384
dpctgan,ProbabilityEstimation(KernelDensity()),12435,1,-84.82684164510636,1,-85.21305994870384
dpctgan,ProbabilityEstimation(KernelDensity()),12435,0,-84.73697019908474,1,-85.21305994870384
dpctgan,ProbabilityEstimation(KernelDensity()),12435,1,-83.68045408695556,1,-85.21305994870384
dpctgan,ProbabilityEstimation(KernelDensity()),12435,0,-84.26565600175483,1,-85.21305994870384
dpctgan,ProbabilityEstimation(KernelDensity()),12435,1,-84.80868216556945,1,-85.21305994870384
dpctgan,ProbabilityEstimation(KernelDensity()),12435,0,-85.26991840892428,0,-85.21305994870384
dpctgan,ProbabilityEstimation(KernelDensity()),12435,1,-84.84176535490903,1,-85.21305994870384
dpctgan,ProbabilityEstimation(KernelDensity()),12435,0,-83.5093250506939,1,-85.21305994870384
dpctgan,ProbabilityEstimation(KernelDensity()),12435,1,-84.06459896987268,1,-85.21305994870384
dpctgan,ProbabilityEstimation(KernelDensity()),12435,0,-83.00387760715691,1,-85.21305994870384
dpctgan,ProbabilityEstimation(KernelDensity()),12435,1,-83.7448241680245,1,-85.21305994870384
dpctgan,ProbabilityEstimation(KernelDensity()),12435,0,-85.25320236884174,0,-85.21305994870384
dpctgan,ProbabilityEstimation(KernelDensity()),12435,1,-84.52647934374572,1,-85.21305994870384
dpctgan,ProbabilityEstimation(KernelDensity()),12435,0,-84.9209715472311,1,-85.21305994870384
dpctgan,ProbabilityEstimation(KernelDensity()),12435,1,-84.25526350997596,1,-85.21305994870384
dpctgan,ProbabilityEstimation(KernelDensity()),12435,0,-84.29724878915678,1,-85.21305994870384
dpctgan,ProbabilityEstimation(KernelDensity()),12435,1,-84.50845980745521,1,-85.21305994870384
dpctgan,ProbabilityEstimation(KernelDensity()),12435,0,-83.71715517908436,1,-85.21305994870384
dpctgan,ProbabilityEstimation(KernelDensity()),12435,1,-84.26353752591257,1,-85.21305994870384
dpctgan,ProbabilityEstimation(KernelDensity()),12435,0,-83.4863313447838,1,-85.21305994870384
dpctgan,ProbabilityEstimation(KernelDensity()),12435,1,-84.57977092520946,1,-85.21305994870384
dpctgan,ProbabilityEstimation(KernelDensity()),12435,0,-85.8701258189728,0,-85.21305994870384
dpctgan,ProbabilityEstimation(KernelDensity()),12435,1,-85.1144626118618,1,-85.21305994870384
dpctgan,ProbabilityEstimation(KernelDensity()),12435,0,-84.31466888771767,1,-85.21305994870384
dpctgan,ProbabilityEstimation(KernelDensity()),12435,1,-85.62471964574655,0,-85.21305994870384
dpctgan,ProbabilityEstimation(KernelDensity()),12435,0,-83.98765846438688,1,-85.21305994870384
dpctgan,ProbabilityEstimation(KernelDensity()),12435,1,-84.57445970916957,1,-85.21305994870384
dpctgan,ProbabilityEstimation(KernelDensity()),12435,0,-84.36205506869558,1,-85.21305994870384
dpctgan,ProbabilityEstimation(KernelDensity()),12435,1,-84.27211140415358,1,-85.21305994870384
dpctgan,ProbabilityEstimation(KernelDensity()),12435,0,-84.3683020097426,1,-85.21305994870384
dpctgan,ProbabilityEstimation(KernelDensity()),12435,1,-83.35312442844699,1,-85.21305994870384
dpctgan,ProbabilityEstimation(KernelDensity()),12435,0,-85.08643207053738,1,-85.21305994870384
dpctgan,ProbabilityEstimation(KernelDensity()),12435,1,-84.39809390309692,1,-85.21305994870384
dpctgan,ProbabilityEstimation(KernelDensity()),12435,0,-84.27764028971418,1,-85.21305994870384
dpctgan,ProbabilityEstimation(KernelDensity()),12435,1,-84.0469646289742,1,-85.21305994870384
dpctgan,ProbabilityEstimation(KernelDensity()),12435,0,-84.13907311189773,1,-85.21305994870384
dpctgan,ProbabilityEstimation(KernelDensity()),12435,1,-84.36695500308863,1,-85.21305994870384
dpctgan,ProbabilityEstimation(KernelDensity()),12435,0,-84.30055028911941,1,-85.21305994870384
dpctgan,ProbabilityEstimation(KernelDensity()),12435,1,-85.3551242756134,0,-85.21305994870384
dpctgan,ProbabilityEstimation(KernelDensity()),12435,0,-84.19214833665416,1,-85.21305994870384
dpctgan,ProbabilityEstimation(KernelDensity()),12435,1,-83.76826202013804,1,-85.21305994870384
dpctgan,ProbabilityEstimation(KernelDensity()),12435,0,-83.3702816542911,1,-85.21305994870384
dpctgan,ProbabilityEstimation(KernelDensity()),12435,1,-84.66702379149099,1,-85.21305994870384
dpctgan,ProbabilityEstimation(KernelDensity()),12435,0,-83.38146213146021,1,-85.21305994870384
dpctgan,ProbabilityEstimation(KernelDensity()),12435,1,-84.06954483332899,1,-85.21305994870384
dpctgan,ProbabilityEstimation(KernelDensity()),12435,0,-83.02803267068897,1,-85.21305994870384
dpctgan,ProbabilityEstimation(KernelDensity()),12435,1,-85.5568349328667,0,-85.21305994870384
dpctgan,ProbabilityEstimation(KernelDensity()),12435,0,-84.30852051515265,1,-85.21305994870384
dpctgan,ProbabilityEstimation(KernelDensity()),12435,1,-83.47993975454915,1,-85.21305994870384
dpctgan,ProbabilityEstimation(KernelDensity()),12435,0,-84.32576796229087,1,-85.21305994870384
dpctgan,ProbabilityEstimation(KernelDensity()),12435,1,-84.50055208350861,1,-85.21305994870384
dpctgan,ProbabilityEstimation(KernelDensity()),12435,0,-84.88870648430596,1,-85.21305994870384
dpctgan,ProbabilityEstimation(KernelDensity()),12435,1,-83.39158956125752,1,-85.21305994870384
dpctgan,ProbabilityEstimation(KernelDensity()),12435,0,-84.4280494640413,1,-85.21305994870384
dpctgan,ProbabilityEstimation(KernelDensity()),12435,1,-84.5833869627323,1,-85.21305994870384
dpctgan,ProbabilityEstimation(KernelDensity()),12435,0,-84.28793833903842,1,-85.21305994870384
dpctgan,ProbabilityEstimation(KernelDensity()),12435,1,-83.8078241134399,1,-85.21305994870384
dpctgan,ProbabilityEstimation(KernelDensity()),12435,0,-84.06943571063103,1,-85.21305994870384
dpctgan,ProbabilityEstimation(KernelDensity()),12435,1,-83.5571648828296,1,-85.21305994870384
dpctgan,ProbabilityEstimation(KernelDensity()),12435,0,-84.94216905118827,1,-85.21305994870384
dpctgan,ProbabilityEstimation(KernelDensity()),12435,1,-85.55302817227361,0,-85.21305994870384
dpctgan,ProbabilityEstimation(KernelDensity()),12435,0,-84.962007644646,1,-85.21305994870384
dpctgan,ProbabilityEstimation(KernelDensity()),12435,1,-86.04166192402731,0,-85.21305994870384
dpctgan,ProbabilityEstimation(KernelDensity()),12435,0,-84.14727072423665,1,-85.21305994870384
dpctgan,ProbabilityEstimation(KernelDensity()),12435,1,-83.8024469088714,1,-85.21305994870384
dpctgan,ProbabilityEstimation(KernelDensity()),12435,0,-84.64074761159479,1,-85.21305994870384
dpctgan,ProbabilityEstimation(KernelDensity()),12435,1,-84.35816017670423,1,-85.21305994870384
dpctgan,ProbabilityEstimation(KernelDensity()),12435,0,-85.1687349209143,1,-85.21305994870384
dpctgan,ProbabilityEstimation(KernelDensity()),12435,1,-83.6476975757195,1,-85.21305994870384
dpctgan,ProbabilityEstimation(KernelDensity()),12435,0,-84.54640302446197,1,-85.21305994870384
dpctgan,ProbabilityEstimation(KernelDensity()),12435,1,-85.14160793493762,1,-85.21305994870384
dpctgan,ProbabilityEstimation(KernelDensity()),12435,0,-84.50799971259896,1,-85.21305994870384
dpctgan,ProbabilityEstimation(KernelDensity()),12435,1,-84.42604417539012,1,-85.21305994870384
dpctgan,ProbabilityEstimation(KernelDensity()),12435,0,-83.80177095773588,1,-85.21305994870384
dpctgan,ProbabilityEstimation(KernelDensity()),12435,1,-84.41415044049258,1,-85.21305994870384
dpctgan,ProbabilityEstimation(KernelDensity()),12435,0,-84.29150480058249,1,-85.21305994870384
dpctgan,ProbabilityEstimation(KernelDensity()),12435,1,-85.82238913098188,0,-85.21305994870384
dpctgan,ProbabilityEstimation(KernelDensity()),12435,0,-83.86803892185664,1,-85.21305994870384
dpctgan,ProbabilityEstimation(KernelDensity()),12435,1,-84.83569482143949,1,-85.21305994870384
dpctgan,ProbabilityEstimation(KernelDensity()),12435,0,-84.69542336562189,1,-85.21305994870384
dpctgan,ProbabilityEstimation(KernelDensity()),12435,1,-84.68247644621563,1,-85.21305994870384
dpctgan,ProbabilityEstimation(KernelDensity()),12435,0,-84.46543796257095,1,-85.21305994870384
dpctgan,ProbabilityEstimation(KernelDensity()),12435,1,-84.64523350945629,1,-85.21305994870384
dpctgan,ProbabilityEstimation(KernelDensity()),12435,0,-84.88875490304322,1,-85.21305994870384
dpctgan,ProbabilityEstimation(KernelDensity()),12435,1,-84.54194906958215,1,-85.21305994870384
dpctgan,ProbabilityEstimation(KernelDensity()),12435,0,-84.87139821791813,1,-85.21305994870384
dpctgan,ProbabilityEstimation(KernelDensity()),12435,1,-84.65811345211766,1,-85.21305994870384
dpctgan,ProbabilityEstimation(KernelDensity()),12435,0,-83.21170609695724,1,-85.21305994870384
dpctgan,ProbabilityEstimation(KernelDensity()),12435,1,-84.81491546911306,1,-85.21305994870384
dpctgan,ProbabilityEstimation(KernelDensity()),12435,0,-83.28060703481803,1,-85.21305994870384
dpctgan,ProbabilityEstimation(KernelDensity()),12435,1,-84.00988803989742,1,-85.21305994870384
dpctgan,ProbabilityEstimation(KernelDensity()),12435,0,-83.92040866790067,1,-85.21305994870384
dpctgan,ProbabilityEstimation(KernelDensity()),12435,1,-84.1510089554219,1,-85.21305994870384
dpctgan,ProbabilityEstimation(KernelDensity()),12435,0,-83.69673405611108,1,-85.21305994870384
dpctgan,ProbabilityEstimation(KernelDensity()),12435,1,-84.04176935793608,1,-85.21305994870384
dpctgan,ProbabilityEstimation(KernelDensity()),12435,0,-85.44949862809256,0,-85.21305994870384
dpctgan,ProbabilityEstimation(KernelDensity()),12435,1,-84.85180172060784,1,-85.21305994870384
dpctgan,ProbabilityEstimation(KernelDensity()),12435,0,-85.26350739529711,0,-85.21305994870384
dpctgan,ProbabilityEstimation(KernelDensity()),12435,1,-84.51353982808637,1,-85.21305994870384
dpctgan,ProbabilityEstimation(KernelDensity()),12435,0,-86.13650305961622,0,-85.21305994870384
dpctgan,ProbabilityEstimation(KernelDensity()),12435,1,-83.66469609184483,1,-85.21305994870384
dpctgan,ProbabilityEstimation(KernelDensity()),12435,0,-83.87553786392125,1,-85.21305994870384
dpctgan,ProbabilityEstimation(KernelDensity()),12435,1,-84.9967742852664,1,-85.21305994870384
dpctgan,ProbabilityEstimation(KernelDensity()),12435,0,-83.62086585413839,1,-85.21305994870384
dpctgan,ProbabilityEstimation(KernelDensity()),12435,1,-83.84320722234465,1,-85.21305994870384
dpctgan,ProbabilityEstimation(KernelDensity()),12435,0,-84.64429939597417,1,-85.21305994870384
dpctgan,ProbabilityEstimation(KernelDensity()),12435,1,-84.48959282254653,1,-85.21305994870384
dpctgan,ProbabilityEstimation(KernelDensity()),12435,0,-84.9771012821714,1,-85.21305994870384
dpctgan,ProbabilityEstimation(KernelDensity()),12435,1,-84.8687813282284,1,-85.21305994870384
dpctgan,ProbabilityEstimation(KernelDensity()),12435,0,-83.73054504218396,1,-85.21305994870384
dpctgan,ProbabilityEstimation(KernelDensity()),12435,1,-84.4059284889118,1,-85.21305994870384
dpctgan,ProbabilityEstimation(KernelDensity()),12435,0,-84.60640811404575,1,-85.21305994870384
dpctgan,ProbabilityEstimation(KernelDensity()),12435,1,-84.6374892554989,1,-85.21305994870384
dpctgan,ProbabilityEstimation(KernelDensity()),12435,0,-83.94207046031075,1,-85.21305994870384
dpctgan,ProbabilityEstimation(KernelDensity()),12435,1,-84.15659605622218,1,-85.21305994870384
dpctgan,ProbabilityEstimation(KernelDensity()),12435,0,-84.85968450148863,1,-85.21305994870384
dpctgan,ProbabilityEstimation(KernelDensity()),12435,1,-84.03648814332563,1,-85.21305994870384
dpctgan,ProbabilityEstimation(KernelDensity()),12435,0,-83.35455419637593,1,-85.21305994870384
dpctgan,ProbabilityEstimation(KernelDensity()),12435,1,-84.86557986800207,1,-85.21305994870384
dpctgan,ProbabilityEstimation(KernelDensity()),12435,0,-84.73517092641202,1,-85.21305994870384
dpctgan,ProbabilityEstimation(KernelDensity()),12435,1,-84.51050383955663,1,-85.21305994870384
dpctgan,ProbabilityEstimation(KernelDensity()),12435,0,-84.40146249985081,1,-85.21305994870384
dpctgan,ProbabilityEstimation(KernelDensity()),12435,1,-83.69642606334372,1,-85.21305994870384
dpctgan,ProbabilityEstimation(KernelDensity()),12435,0,-84.51047657065908,1,-85.21305994870384
dpctgan,ProbabilityEstimation(KernelDensity()),12435,1,-84.73449152598127,1,-85.21305994870384
dpctgan,ProbabilityEstimation(KernelDensity()),12435,0,-83.93008692659403,1,-85.21305994870384
dpctgan,ProbabilityEstimation(KernelDensity()),12435,1,-84.89817168873122,1,-85.21305994870384
dpctgan,ProbabilityEstimation(KernelDensity()),12435,0,-84.04145150738506,1,-85.21305994870384
dpctgan,ProbabilityEstimation(KernelDensity()),12435,1,-84.0548203347684,1,-85.21305994870384
dpctgan,ProbabilityEstimation(KernelDensity()),12435,0,-85.1553097840658,1,-85.21305994870384
dpctgan,ProbabilityEstimation(KernelDensity()),12435,1,-84.42390610618226,1,-85.21305994870384
dpctgan,ProbabilityEstimation(KernelDensity()),12435,0,-84.1224641795299,1,-85.21305994870384
dpctgan,ProbabilityEstimation(KernelDensity()),12435,1,-84.30646591845164,1,-85.21305994870384
dpctgan,ProbabilityEstimation(KernelDensity()),12435,0,-84.61989523717011,1,-85.21305994870384
dpctgan,ProbabilityEstimation(KernelDensity()),12435,1,-84.91551201241423,1,-85.21305994870384
dpctgan,ProbabilityEstimation(KernelDensity()),12435,0,-83.92789797339003,1,-85.21305994870384
dpctgan,ProbabilityEstimation(KernelDensity()),12435,1,-86.23591223113974,0,-85.21305994870384
dpctgan,ProbabilityEstimation(KernelDensity()),12435,0,-84.08164004806328,1,-85.21305994870384
dpctgan,ProbabilityEstimation(KernelDensity()),12435,1,-84.15306283802427,1,-85.21305994870384
dpctgan,ProbabilityEstimation(KernelDensity()),12435,0,-84.69667179636863,1,-85.21305994870384
dpctgan,ProbabilityEstimation(KernelDensity()),12435,1,-85.3134699231958,0,-85.21305994870384
dpctgan,ProbabilityEstimation(KernelDensity()),12435,0,-83.58267300966624,1,-85.21305994870384
dpctgan,ProbabilityEstimation(KernelDensity()),12435,1,-84.48086667088948,1,-85.21305994870384
dpctgan,ProbabilityEstimation(KernelDensity()),12435,0,-83.77817992480678,1,-85.21305994870384
dpctgan,ProbabilityEstimation(KernelDensity()),12435,1,-84.44973361453737,1,-85.21305994870384
dpctgan,ProbabilityEstimation(KernelDensity()),12435,0,-85.91365547128177,0,-85.21305994870384
dpctgan,ProbabilityEstimation(KernelDensity()),12435,1,-84.68706623755432,1,-85.21305994870384
dpctgan,ProbabilityEstimation(KernelDensity()),12435,0,-84.72519644884376,1,-85.21305994870384
dpctgan,ProbabilityEstimation(KernelDensity()),12435,1,-84.36034261195277,1,-85.21305994870384
dpctgan,ProbabilityEstimation(KernelDensity()),12435,0,-84.32657329855441,1,-85.21305994870384
dpctgan,ProbabilityEstimation(KernelDensity()),12435,1,-84.41793445786055,1,-85.21305994870384
dpctgan,ProbabilityEstimation(KernelDensity()),12435,0,-84.96959509160999,1,-85.21305994870384
dpctgan,ProbabilityEstimation(KernelDensity()),12435,1,-85.50869772946628,0,-85.21305994870384
dpctgan,ProbabilityEstimation(KernelDensity()),12435,0,-84.07686464016004,1,-85.21305994870384
dpctgan,ProbabilityEstimation(KernelDensity()),12435,1,-83.98226845504716,1,-85.21305994870384
dpctgan,ProbabilityEstimation(KernelDensity()),12435,0,-83.47289723322858,1,-85.21305994870384
dpctgan,ProbabilityEstimation(KernelDensity()),12435,1,-85.09882568912626,1,-85.21305994870384
dpctgan,ProbabilityEstimation(KernelDensity()),12435,0,-83.75261625397495,1,-85.21305994870384
dpctgan,ProbabilityEstimation(KernelDensity()),12435,1,-84.32088039691732,1,-85.21305994870384
dpctgan,ProbabilityEstimation(KernelDensity()),12435,0,-83.10660408842142,1,-85.21305994870384
dpctgan,ProbabilityEstimation(KernelDensity()),12435,1,-84.28612549524317,1,-85.21305994870384
dpctgan,ProbabilityEstimation(KernelDensity()),12435,0,-84.23368664332673,1,-85.21305994870384
dpctgan,ProbabilityEstimation(KernelDensity()),12435,1,-83.84291369000555,1,-85.21305994870384
dpctgan,ProbabilityEstimation(KernelDensity()),12435,0,-84.99096413161507,1,-85.21305994870384
dpctgan,ProbabilityEstimation(KernelDensity()),12435,1,-84.35648882099235,1,-85.21305994870384
dpctgan,ProbabilityEstimation(KernelDensity()),12435,0,-85.03881797601883,1,-85.21305994870384
dpctgan,ProbabilityEstimation(KernelDensity()),12435,1,-85.58747498975823,0,-85.21305994870384
dpctgan,ProbabilityEstimation(KernelDensity()),12435,0,-83.96378363707805,1,-85.21305994870384
dpctgan,ProbabilityEstimation(KernelDensity()),12435,1,-83.60719394184385,1,-85.21305994870384
dpctgan,ProbabilityEstimation(KernelDensity()),12435,0,-85.69797677914539,0,-85.21305994870384
dpctgan,ProbabilityEstimation(KernelDensity()),12435,1,-84.6493091592893,1,-85.21305994870384
dpctgan,ProbabilityEstimation(KernelDensity()),12435,0,-84.20623988988957,1,-85.21305994870384
dpctgan,ProbabilityEstimation(KernelDensity()),12435,1,-84.05594175004775,1,-85.21305994870384
dpctgan,ProbabilityEstimation(KernelDensity()),12435,0,-83.57505580138363,1,-85.21305994870384
dpctgan,ProbabilityEstimation(KernelDensity()),12435,1,-84.12134408448559,1,-85.21305994870384
dpctgan,ProbabilityEstimation(KernelDensity()),12435,0,-84.26425184036664,1,-85.21305994870384
dpctgan,ProbabilityEstimation(KernelDensity()),12435,1,-85.64208255096531,0,-85.21305994870384
dpctgan,ProbabilityEstimation(KernelDensity()),12435,0,-84.22333368178104,1,-85.21305994870384
dpctgan,ProbabilityEstimation(KernelDensity()),12435,1,-85.99077424984155,0,-85.21305994870384
dpctgan,ProbabilityEstimation(KernelDensity()),12435,0,-85.48491141718442,0,-85.21305994870384
dpctgan,ProbabilityEstimation(KernelDensity()),12435,1,-84.42016768236692,1,-85.21305994870384
dpctgan,ProbabilityEstimation(KernelDensity()),12435,0,-83.91269465215831,1,-85.21305994870384
dpctgan,ProbabilityEstimation(KernelDensity()),12435,1,-83.87491525733826,1,-85.21305994870384
dpctgan,ProbabilityEstimation(KernelDensity()),12435,0,-84.14706104404841,1,-85.21305994870384
dpctgan,ProbabilityEstimation(KernelDensity()),12435,1,-84.86255452682725,1,-85.21305994870384
dpctgan,ProbabilityEstimation(KernelDensity()),12435,0,-84.75814420182465,1,-85.21305994870384
dpctgan,ProbabilityEstimation(KernelDensity()),12435,1,-83.9388409660602,1,-85.21305994870384
dpctgan,ProbabilityEstimation(KernelDensity()),12435,0,-83.91330698440392,1,-85.21305994870384
dpctgan,ProbabilityEstimation(KernelDensity()),12435,1,-84.36380200576103,1,-85.21305994870384
dpctgan,ProbabilityEstimation(KernelDensity()),12435,0,-84.66318620707187,1,-85.21305994870384
dpctgan,ProbabilityEstimation(KernelDensity()),12435,1,-83.26228645635383,1,-85.21305994870384
dpctgan,ProbabilityEstimation(KernelDensity()),12435,0,-83.57899991315976,1,-85.21305994870384
dpctgan,ProbabilityEstimation(KernelDensity()),12435,1,-84.63254437965334,1,-85.21305994870384
dpctgan,ProbabilityEstimation(KernelDensity()),12435,0,-85.37959949341301,0,-85.21305994870384
dpctgan,ProbabilityEstimation(KernelDensity()),12435,1,-85.15822118144403,1,-85.21305994870384
dpctgan,ProbabilityEstimation(KernelDensity()),12435,0,-83.78579832556291,1,-85.21305994870384
dpctgan,ProbabilityEstimation(KernelDensity()),12435,1,-84.14834464500838,1,-85.21305994870384
dpctgan,ProbabilityEstimation(KernelDensity()),12435,0,-85.1894628834873,1,-85.21305994870384
dpctgan,ProbabilityEstimation(KernelDensity()),12435,1,-84.08401557678077,1,-85.21305994870384
dpctgan,ProbabilityEstimation(KernelDensity()),12435,0,-83.92171666919712,1,-85.21305994870384
dpctgan,ProbabilityEstimation(KernelDensity()),12435,1,-84.8158684828959,1,-85.21305994870384
dpctgan,ProbabilityEstimation(KernelDensity()),12435,0,-84.5547981947867,1,-85.21305994870384
dpctgan,ProbabilityEstimation(KernelDensity()),12435,1,-83.71648912397839,1,-85.21305994870384
dpctgan,ProbabilityEstimation(KernelDensity()),12435,0,-84.61836501545342,1,-85.21305994870384
dpctgan,ProbabilityEstimation(KernelDensity()),12435,1,-84.27515730928064,1,-85.21305994870384
dpctgan,ProbabilityEstimation(KernelDensity()),12435,0,-84.3966342830598,1,-85.21305994870384
dpctgan,ProbabilityEstimation(KernelDensity()),12435,1,-85.41261085665725,0,-85.21305994870384
dpctgan,ProbabilityEstimation(KernelDensity()),12435,0,-83.76073880080841,1,-85.21305994870384
dpctgan,ProbabilityEstimation(KernelDensity()),12435,1,-84.45786170654378,1,-85.21305994870384
dpctgan,ProbabilityEstimation(KernelDensity()),12435,0,-85.17644268099141,1,-85.21305994870384
dpctgan,ProbabilityEstimation(KernelDensity()),12435,1,-84.48162659900143,1,-85.21305994870384
dpctgan,ProbabilityEstimation(KernelDensity()),12435,0,-84.02523010133548,1,-85.21305994870384
dpctgan,ProbabilityEstimation(KernelDensity()),12435,1,-85.22425542213232,0,-85.21305994870384
dpctgan,ProbabilityEstimation(KernelDensity()),12435,0,-84.13074154584037,1,-85.21305994870384
dpctgan,ProbabilityEstimation(KernelDensity()),12435,1,-84.83112171995182,1,-85.21305994870384
dpctgan,ProbabilityEstimation(KernelDensity()),12435,0,-84.5804880105249,1,-85.21305994870384
dpctgan,ProbabilityEstimation(KernelDensity()),12435,1,-84.36984052793127,1,-85.21305994870384
dpctgan,ProbabilityEstimation(KernelDensity()),12435,0,-84.9849382933992,1,-85.21305994870384
dpctgan,ProbabilityEstimation(KernelDensity()),12435,1,-84.75477818589331,1,-85.21305994870384
dpctgan,ProbabilityEstimation(KernelDensity()),12435,0,-84.08321954384083,1,-85.21305994870384
dpctgan,ProbabilityEstimation(KernelDensity()),12435,1,-83.70245205990119,1,-85.21305994870384
dpctgan,ProbabilityEstimation(KernelDensity()),12435,0,-83.95898277909797,1,-85.21305994870384
dpctgan,ProbabilityEstimation(KernelDensity()),12435,1,-84.13453696375839,1,-85.21305994870384
dpctgan,ProbabilityEstimation(KernelDensity()),12435,0,-85.29762920772667,0,-85.21305994870384
dpctgan,ProbabilityEstimation(KernelDensity()),12435,1,-84.48585493070897,1,-85.21305994870384
dpctgan,ProbabilityEstimation(KernelDensity()),12435,0,-83.98476960955261,1,-85.21305994870384
dpctgan,ProbabilityEstimation(KernelDensity()),12435,1,-84.43711693071691,1,-85.21305994870384
dpctgan,ProbabilityEstimation(KernelDensity()),12435,0,-85.05490259334533,1,-85.21305994870384
dpctgan,ProbabilityEstimation(KernelDensity()),12435,1,-84.80522059114368,1,-85.21305994870384
dpctgan,ProbabilityEstimation(KernelDensity()),12435,0,-84.00354687433082,1,-85.21305994870384
dpctgan,ProbabilityEstimation(KernelDensity()),12435,1,-83.77496700651555,1,-85.21305994870384
dpctgan,ProbabilityEstimation(KernelDensity()),12435,0,-85.09599588258641,1,-85.21305994870384
dpctgan,ProbabilityEstimation(KernelDensity()),12435,1,-84.41482976878946,1,-85.21305994870384
dpctgan,ProbabilityEstimation(KernelDensity()),12435,0,-85.44116904563738,0,-85.21305994870384
dpctgan,ProbabilityEstimation(KernelDensity()),12435,1,-84.22174162648513,1,-85.21305994870384
dpctgan,ProbabilityEstimation(KernelDensity()),12435,0,-84.27606194308862,1,-85.21305994870384
dpctgan,ProbabilityEstimation(KernelDensity()),12435,1,-85.2807655987905,0,-85.21305994870384
dpctgan,ProbabilityEstimation(KernelDensity()),12435,0,-84.35482282626413,1,-85.21305994870384
dpctgan,ProbabilityEstimation(KernelDensity()),12435,1,-83.85096270703616,1,-85.21305994870384
dpctgan,ProbabilityEstimation(KernelDensity()),12435,0,-84.07007662456843,1,-85.21305994870384
dpctgan,ProbabilityEstimation(KernelDensity()),12435,1,-85.7327560572377,0,-85.21305994870384
dpctgan,ProbabilityEstimation(KernelDensity()),12435,0,-84.38454190730678,1,-85.21305994870384
dpctgan,ProbabilityEstimation(KernelDensity()),12435,1,-84.31720654907264,1,-85.21305994870384
dpctgan,ProbabilityEstimation(KernelDensity()),12435,0,-84.80529257647886,1,-85.21305994870384
dpctgan,ProbabilityEstimation(KernelDensity()),12435,1,-85.12326696497404,1,-85.21305994870384
dpctgan,ProbabilityEstimation(KernelDensity()),12435,0,-84.17655687327924,1,-85.21305994870384
dpctgan,ProbabilityEstimation(KernelDensity()),12435,1,-85.45055359608955,0,-85.21305994870384
dpctgan,ProbabilityEstimation(KernelDensity()),12435,0,-84.61634182459828,1,-85.21305994870384
dpctgan,ProbabilityEstimation(KernelDensity()),12435,1,-84.0775341078767,1,-85.21305994870384
dpctgan,ProbabilityEstimation(KernelDensity()),12435,0,-84.78230569850375,1,-85.21305994870384
dpctgan,ProbabilityEstimation(KernelDensity()),12435,1,-83.87375350849058,1,-85.21305994870384
dpctgan,ProbabilityEstimation(KernelDensity()),12435,0,-84.55335614795999,1,-85.21305994870384
dpctgan,ProbabilityEstimation(KernelDensity()),12435,1,-84.29110785776534,1,-85.21305994870384
dpctgan,ProbabilityEstimation(KernelDensity()),12435,0,-84.82663764472021,1,-85.21305994870384
dpctgan,ProbabilityEstimation(KernelDensity()),12435,1,-84.28063627492624,1,-85.21305994870384
dpctgan,ProbabilityEstimation(KernelDensity()),12435,0,-83.95465782175634,1,-85.21305994870384
dpctgan,ProbabilityEstimation(KernelDensity()),12435,1,-84.35272356052171,1,-85.21305994870384
dpctgan,ProbabilityEstimation(KernelDensity()),12435,0,-84.48058962097674,1,-85.21305994870384
dpctgan,ProbabilityEstimation(KernelDensity()),12435,1,-84.49495727987836,1,-85.21305994870384
dpctgan,ProbabilityEstimation(KernelDensity()),12435,0,-84.11027683839812,1,-85.21305994870384
dpctgan,ProbabilityEstimation(KernelDensity()),12435,1,-85.090216388507,1,-85.21305994870384
dpctgan,ProbabilityEstimation(KernelDensity()),12435,0,-84.32738696315673,1,-85.21305994870384
dpctgan,ProbabilityEstimation(KernelDensity()),12435,1,-83.68165245121098,1,-85.21305994870384
dpctgan,ProbabilityEstimation(KernelDensity()),12435,0,-84.86387601289006,1,-85.21305994870384
dpctgan,ProbabilityEstimation(KernelDensity()),12435,1,-84.0483425191715,1,-85.21305994870384
dpctgan,ProbabilityEstimation(KernelDensity()),12435,0,-83.75529145621888,1,-85.21305994870384
dpctgan,ProbabilityEstimation(KernelDensity()),12435,1,-84.25374529604349,1,-85.21305994870384
dpctgan,ProbabilityEstimation(KernelDensity()),12435,0,-85.30989136966879,0,-85.21305994870384
dpctgan,ProbabilityEstimation(KernelDensity()),12435,1,-84.41778197207258,1,-85.21305994870384
dpctgan,ProbabilityEstimation(KernelDensity()),12435,0,-84.03873586711725,1,-85.21305994870384
dpctgan,ProbabilityEstimation(KernelDensity()),12435,1,-83.59709613322869,1,-85.21305994870384
dpctgan,ProbabilityEstimation(KernelDensity()),12435,0,-84.33959016498302,1,-85.21305994870384
dpctgan,ProbabilityEstimation(KernelDensity()),12435,1,-84.45935577664567,1,-85.21305994870384
dpctgan,ProbabilityEstimation(KernelDensity()),12435,0,-84.05064824016885,1,-85.21305994870384
dpctgan,ProbabilityEstimation(KernelDensity()),12435,1,-84.57602171073032,1,-85.21305994870384
dpctgan,ProbabilityEstimation(KernelDensity()),12435,0,-84.53563908135465,1,-85.21305994870384
dpctgan,ProbabilityEstimation(KernelDensity()),12435,1,-84.34800174841415,1,-85.21305994870384
dpctgan,ProbabilityEstimation(KernelDensity()),12435,0,-85.01761328150252,1,-85.21305994870384
dpctgan,ProbabilityEstimation(KernelDensity()),12435,1,-85.4366293183064,0,-85.21305994870384
dpctgan,ProbabilityEstimation(KernelDensity()),12435,0,-84.02721929255793,1,-85.21305994870384
dpctgan,ProbabilityEstimation(KernelDensity()),12435,1,-85.40227897226596,0,-85.21305994870384
dpctgan,ProbabilityEstimation(KernelDensity()),12435,0,-84.29106093602924,1,-85.21305994870384
dpctgan,ProbabilityEstimation(KernelDensity()),12435,1,-83.82772532050599,1,-85.21305994870384
dpctgan,ProbabilityEstimation(KernelDensity()),12435,0,-84.07964695100657,1,-85.21305994870384
dpctgan,ProbabilityEstimation(KernelDensity()),12435,1,-83.50421713607047,1,-85.21305994870384
dpctgan,ProbabilityEstimation(KernelDensity()),12435,0,-84.31377846278644,1,-85.21305994870384
dpctgan,ProbabilityEstimation(KernelDensity()),12435,1,-84.15798027409514,1,-85.21305994870384
dpctgan,ProbabilityEstimation(KernelDensity()),12435,0,-84.41076305662217,1,-85.21305994870384
dpctgan,ProbabilityEstimation(KernelDensity()),12435,1,-84.60513438716337,1,-85.21305994870384
dpctgan,ProbabilityEstimation(KernelDensity()),12435,0,-84.89704528374935,1,-85.21305994870384
dpctgan,ProbabilityEstimation(KernelDensity()),12435,1,-84.31229070584001,1,-85.21305994870384
dpctgan,ProbabilityEstimation(KernelDensity()),12435,0,-84.68177077511292,1,-85.21305994870384
dpctgan,ProbabilityEstimation(KernelDensity()),12435,1,-85.13406998824111,1,-85.21305994870384
dpctgan,ProbabilityEstimation(KernelDensity()),12435,0,-84.61120234050055,1,-85.21305994870384
dpctgan,ProbabilityEstimation(KernelDensity()),12435,1,-84.2853709177204,1,-85.21305994870384
dpctgan,ProbabilityEstimation(KernelDensity()),12435,0,-83.54839683137659,1,-85.21305994870384
dpctgan,ProbabilityEstimation(KernelDensity()),12435,1,-84.40338247106787,1,-85.21305994870384
dpctgan,ProbabilityEstimation(KernelDensity()),12435,0,-85.21521467795542,0,-85.21305994870384
dpctgan,ProbabilityEstimation(KernelDensity()),12435,1,-84.84603750841453,1,-85.21305994870384
dpctgan,ProbabilityEstimation(KernelDensity()),12435,0,-84.00249158427546,1,-85.21305994870384
dpctgan,ProbabilityEstimation(KernelDensity()),12435,1,-83.9985944196737,1,-85.21305994870384
dpctgan,ProbabilityEstimation(KernelDensity()),12435,0,-83.92613531154072,1,-85.21305994870384
dpctgan,ProbabilityEstimation(KernelDensity()),12435,1,-83.57520048078185,1,-85.21305994870384
dpctgan,ProbabilityEstimation(KernelDensity()),12435,0,-84.2856430618303,1,-85.21305994870384
dpctgan,ProbabilityEstimation(KernelDensity()),12435,1,-85.30948276721976,0,-85.21305994870384
dpctgan,ProbabilityEstimation(KernelDensity()),12435,0,-83.9019580776995,1,-85.21305994870384
dpctgan,ProbabilityEstimation(KernelDensity()),12435,1,-83.95643983580372,1,-85.21305994870384
dpctgan,ProbabilityEstimation(KernelDensity()),12435,0,-84.15398805807533,1,-85.21305994870384
dpctgan,ProbabilityEstimation(KernelDensity()),12435,1,-84.00615651520133,1,-85.21305994870384
dpctgan,ProbabilityEstimation(KernelDensity()),12435,0,-85.62772574002507,0,-85.21305994870384
dpctgan,ProbabilityEstimation(KernelDensity()),12435,1,-84.885507719572,1,-85.21305994870384
dpctgan,ProbabilityEstimation(KernelDensity()),12435,0,-83.9486578058241,1,-85.21305994870384
dpctgan,ProbabilityEstimation(KernelDensity()),12435,1,-85.60822345423043,0,-85.21305994870384
dpctgan,ProbabilityEstimation(KernelDensity()),12435,0,-84.35882542570808,1,-85.21305994870384
dpctgan,ProbabilityEstimation(KernelDensity()),12435,1,-84.18124026352352,1,-85.21305994870384
dpctgan,ProbabilityEstimation(KernelDensity()),12435,0,-84.03105204493578,1,-85.21305994870384
dpctgan,ProbabilityEstimation(KernelDensity()),12435,1,-83.25803571355986,1,-85.21305994870384
dpctgan,ProbabilityEstimation(KernelDensity()),12435,0,-84.71727342571724,1,-85.21305994870384
dpctgan,ProbabilityEstimation(KernelDensity()),12435,1,-83.75833223106183,1,-85.21305994870384
dpctgan,ProbabilityEstimation(KernelDensity()),12435,0,-85.87797403789016,0,-85.21305994870384
dpctgan,ProbabilityEstimation(KernelDensity()),12435,1,-83.63275749891554,1,-85.21305994870384
dpctgan,ProbabilityEstimation(KernelDensity()),12435,0,-85.02225586281783,1,-85.21305994870384
dpctgan,ProbabilityEstimation(KernelDensity()),12435,1,-84.32303525785771,1,-85.21305994870384
dpctgan,ProbabilityEstimation(KernelDensity()),12435,0,-84.02662322095917,1,-85.21305994870384
dpctgan,ProbabilityEstimation(KernelDensity()),12435,1,-84.60017112143119,1,-85.21305994870384
dpctgan,ProbabilityEstimation(KernelDensity()),12435,0,-83.50111730448498,1,-85.21305994870384
dpctgan,ProbabilityEstimation(KernelDensity()),12435,1,-85.10226092748212,1,-85.21305994870384
dpctgan,ProbabilityEstimation(KernelDensity()),12435,0,-83.97165807989086,1,-85.21305994870384
dpctgan,ProbabilityEstimation(KernelDensity()),12435,1,-84.45044120541972,1,-85.21305994870384
dpctgan,ProbabilityEstimation(KernelDensity()),12435,0,-85.20378455236437,1,-85.21305994870384
dpctgan,ProbabilityEstimation(KernelDensity()),12435,1,-84.0558912250516,1,-85.21305994870384
dpctgan,ProbabilityEstimation(KernelDensity()),12435,0,-84.02206738314887,1,-85.21305994870384
dpctgan,ProbabilityEstimation(KernelDensity()),12435,1,-84.44088484152036,1,-85.21305994870384
dpctgan,ProbabilityEstimation(KernelDensity()),12435,0,-84.01951082616661,1,-85.21305994870384
dpctgan,ProbabilityEstimation(KernelDensity()),12435,1,-84.4216913600966,1,-85.21305994870384
dpctgan,ProbabilityEstimation(KernelDensity()),12435,0,-84.49425193873687,1,-85.21305994870384
dpctgan,ProbabilityEstimation(KernelDensity()),12435,1,-83.70766452540346,1,-85.21305994870384
dpctgan,ProbabilityEstimation(KernelDensity()),12435,0,-85.35183142106975,0,-85.21305994870384
dpctgan,ProbabilityEstimation(KernelDensity()),12435,1,-84.15011058653114,1,-85.21305994870384
dpctgan,ProbabilityEstimation(KernelDensity()),12435,0,-84.21137904399171,1,-85.21305994870384
dpctgan,ProbabilityEstimation(KernelDensity()),12435,1,-83.58751633414839,1,-85.21305994870384
dpctgan,ProbabilityEstimation(KernelDensity()),12435,0,-84.57269606598923,1,-85.21305994870384
dpctgan,ProbabilityEstimation(KernelDensity()),12435,1,-84.33608947332944,1,-85.21305994870384
dpctgan,ProbabilityEstimation(KernelDensity()),12435,0,-84.3801897148719,1,-85.21305994870384
dpctgan,ProbabilityEstimation(KernelDensity()),12435,1,-84.3810393591415,1,-85.21305994870384
dpctgan,ProbabilityEstimation(KernelDensity()),12435,0,-84.39993193110841,1,-85.21305994870384
dpctgan,ProbabilityEstimation(KernelDensity()),12435,1,-84.939331108182,1,-85.21305994870384
dpctgan,ProbabilityEstimation(KernelDensity()),12435,0,-83.58396962724869,1,-85.21305994870384
dpctgan,ProbabilityEstimation(KernelDensity()),12435,1,-84.69750900181012,1,-85.21305994870384
dpctgan,ProbabilityEstimation(KernelDensity()),12435,0,-84.34843758932305,1,-85.21305994870384
dpctgan,ProbabilityEstimation(KernelDensity()),12435,1,-84.71584243046539,1,-85.21305994870384
dpctgan,ProbabilityEstimation(KernelDensity()),12435,0,-84.67653785302258,1,-85.21305994870384
dpctgan,ProbabilityEstimation(KernelDensity()),12435,1,-83.66535465073078,1,-85.21305994870384
dpctgan,ProbabilityEstimation(KernelDensity()),12435,0,-84.9595211028043,1,-85.21305994870384
dpctgan,ProbabilityEstimation(KernelDensity()),12435,1,-84.51668560346695,1,-85.21305994870384
dpctgan,ProbabilityEstimation(KernelDensity()),12435,0,-85.76394918208595,0,-85.21305994870384
dpctgan,ProbabilityEstimation(KernelDensity()),12435,1,-83.75621541471152,1,-85.21305994870384
dpctgan,ProbabilityEstimation(KernelDensity()),12435,0,-84.86191007678724,1,-85.21305994870384
dpctgan,ProbabilityEstimation(KernelDensity()),12435,1,-84.92473177611055,1,-85.21305994870384
dpctgan,ProbabilityEstimation(KernelDensity()),12435,0,-85.00204512216361,1,-85.21305994870384
dpctgan,ProbabilityEstimation(KernelDensity()),12435,1,-84.81381649878571,1,-85.21305994870384
dpctgan,ProbabilityEstimation(KernelDensity()),12435,0,-84.698514959432,1,-85.21305994870384
dpctgan,ProbabilityEstimation(KernelDensity()),12435,1,-85.04503145690755,1,-85.21305994870384
dpctgan,ProbabilityEstimation(KernelDensity()),12435,0,-84.86408043176858,1,-85.21305994870384
dpctgan,ProbabilityEstimation(KernelDensity()),12435,1,-84.52929174282366,1,-85.21305994870384
dpctgan,ProbabilityEstimation(KernelDensity()),12435,0,-84.54949924876499,1,-85.21305994870384
dpctgan,ProbabilityEstimation(KernelDensity()),12435,1,-84.21102675911968,1,-85.21305994870384
dpctgan,ProbabilityEstimation(KernelDensity()),12435,0,-83.66352543045153,1,-85.21305994870384
dpctgan,ProbabilityEstimation(KernelDensity()),12435,1,-84.7781680285895,1,-85.21305994870384
dpctgan,ProbabilityEstimation(KernelDensity()),12435,0,-83.78656291888072,1,-85.21305994870384
dpctgan,ProbabilityEstimation(KernelDensity()),12435,1,-84.85002951395555,1,-85.21305994870384
dpctgan,ProbabilityEstimation(KernelDensity()),12435,0,-85.13510830356039,1,-85.21305994870384
dpctgan,ProbabilityEstimation(KernelDensity()),12435,1,-83.97998221693553,1,-85.21305994870384
dpctgan,ProbabilityEstimation(KernelDensity()),12435,0,-84.11852121519166,1,-85.21305994870384
dpctgan,ProbabilityEstimation(KernelDensity()),12435,1,-83.91452392753506,1,-85.21305994870384
dpctgan,ProbabilityEstimation(KernelDensity()),12435,0,-84.9430979896073,1,-85.21305994870384
dpctgan,ProbabilityEstimation(KernelDensity()),12435,1,-83.39756792593138,1,-85.21305994870384
dpctgan,ProbabilityEstimation(KernelDensity()),12435,0,-84.59391594190019,1,-85.21305994870384
dpctgan,ProbabilityEstimation(KernelDensity()),12435,1,-84.05911243649894,1,-85.21305994870384
dpctgan,ProbabilityEstimation(KernelDensity()),12435,0,-84.37690687589748,1,-85.21305994870384
dpctgan,ProbabilityEstimation(KernelDensity()),12435,1,-84.1087731076255,1,-85.21305994870384
dpctgan,ProbabilityEstimation(KernelDensity()),12435,0,-84.5018783163972,1,-85.21305994870384
dpctgan,ProbabilityEstimation(KernelDensity()),12435,1,-84.30811363663007,1,-85.21305994870384
dpctgan,ProbabilityEstimation(KernelDensity()),12435,0,-84.43983741238112,1,-85.21305994870384
dpctgan,ProbabilityEstimation(KernelDensity()),12435,1,-85.20211078110849,1,-85.21305994870384
dpctgan,ProbabilityEstimation(KernelDensity()),12435,0,-84.9233819496529,1,-85.21305994870384
dpctgan,ProbabilityEstimation(KernelDensity()),12435,1,-84.22452261467092,1,-85.21305994870384
dpctgan,ProbabilityEstimation(KernelDensity()),12435,0,-83.9930434422823,1,-85.21305994870384
dpctgan,ProbabilityEstimation(KernelDensity()),12435,1,-85.04832739188282,1,-85.21305994870384
dpctgan,ProbabilityEstimation(KernelDensity()),12435,0,-83.40022234984981,1,-85.21305994870384
dpctgan,ProbabilityEstimation(KernelDensity()),12435,1,-84.53975186767951,1,-85.21305994870384
dpctgan,ProbabilityEstimation(KernelDensity()),12435,0,-84.4092640381567,1,-85.21305994870384
dpctgan,ProbabilityEstimation(KernelDensity()),12435,1,-84.31151780924912,1,-85.21305994870384
dpctgan,ProbabilityEstimation(KernelDensity()),12435,0,-84.33112160300188,1,-85.21305994870384
dpctgan,ProbabilityEstimation(KernelDensity()),12435,1,-84.14223455012106,1,-85.21305994870384
dpctgan,ProbabilityEstimation(KernelDensity()),12435,0,-84.53917541690664,1,-85.21305994870384
dpctgan,ProbabilityEstimation(KernelDensity()),12435,1,-84.26428656676458,1,-85.21305994870384
dpctgan,ProbabilityEstimation(KernelDensity()),12435,0,-84.34540929086455,1,-85.21305994870384
dpctgan,ProbabilityEstimation(KernelDensity()),12435,1,-83.99064392754065,1,-85.21305994870384
dpctgan,ProbabilityEstimation(KernelDensity()),12435,0,-84.39129913176889,1,-85.21305994870384
dpctgan,ProbabilityEstimation(KernelDensity()),12435,1,-83.64547310810694,1,-85.21305994870384
dpctgan,ProbabilityEstimation(KernelDensity()),12435,0,-84.26037480338643,1,-85.21305994870384
dpctgan,ProbabilityEstimation(KernelDensity()),12435,1,-84.91336753657109,1,-85.21305994870384
dpctgan,ProbabilityEstimation(KernelDensity()),12435,0,-84.84655064653155,1,-85.21305994870384
dpctgan,ProbabilityEstimation(KernelDensity()),12435,1,-83.59832856917085,1,-85.21305994870384
dpctgan,ProbabilityEstimation(KernelDensity()),12435,0,-84.30233166545999,1,-85.21305994870384
dpctgan,ProbabilityEstimation(KernelDensity()),12435,1,-84.10929720801153,1,-85.21305994870384
dpctgan,ProbabilityEstimation(KernelDensity()),12435,0,-83.79391057288073,1,-85.21305994870384
dpctgan,ProbabilityEstimation(KernelDensity()),12435,1,-84.840681813231,1,-85.21305994870384
dpctgan,ProbabilityEstimation(KernelDensity()),12435,0,-83.60705251695157,1,-85.21305994870384
dpctgan,ProbabilityEstimation(KernelDensity()),12435,1,-84.65611391630858,1,-85.21305994870384
dpctgan,ProbabilityEstimation(KernelDensity()),12435,0,-84.93784403369098,1,-85.21305994870384
dpctgan,ProbabilityEstimation(KernelDensity()),12435,1,-84.69702272813058,1,-85.21305994870384
dpctgan,ProbabilityEstimation(KernelDensity()),12435,0,-84.13754074361609,1,-85.21305994870384
dpctgan,ProbabilityEstimation(KernelDensity()),12435,1,-83.26953805683192,1,-85.21305994870384
dpctgan,ProbabilityEstimation(KernelDensity()),12435,0,-85.72211807710168,0,-85.21305994870384
dpctgan,ProbabilityEstimation(KernelDensity()),12435,1,-83.65112792332965,1,-85.21305994870384
dpctgan,ProbabilityEstimation(KernelDensity()),12435,0,-84.11140270242144,1,-85.21305994870384
dpctgan,ProbabilityEstimation(KernelDensity()),12435,1,-84.50709827294448,1,-85.21305994870384
dpctgan,ProbabilityEstimation(KernelDensity()),12435,0,-85.23255946516353,0,-85.21305994870384
dpctgan,ProbabilityEstimation(KernelDensity()),12435,1,-83.92092983714765,1,-85.21305994870384
dpctgan,ProbabilityEstimation(KernelDensity()),12435,0,-84.14021534007124,1,-85.21305994870384
dpctgan,ProbabilityEstimation(KernelDensity()),12435,1,-83.55136524082181,1,-85.21305994870384
dpctgan,ProbabilityEstimation(KernelDensity()),12435,0,-84.4104618409935,1,-85.21305994870384
dpctgan,ProbabilityEstimation(KernelDensity()),12435,1,-84.92746295089097,1,-85.21305994870384
dpctgan,ProbabilityEstimation(KernelDensity()),12435,0,-83.96704309074848,1,-85.21305994870384
dpctgan,ProbabilityEstimation(KernelDensity()),12435,1,-85.38233539350843,0,-85.21305994870384
dpctgan,ProbabilityEstimation(KernelDensity()),12435,0,-85.08693846133158,1,-85.21305994870384
dpctgan,ProbabilityEstimation(KernelDensity()),12435,1,-84.23736922128005,1,-85.21305994870384
dpctgan,ProbabilityEstimation(KernelDensity()),12435,0,-84.26724929973587,1,-85.21305994870384
dpctgan,ProbabilityEstimation(KernelDensity()),12435,1,-85.32937837548826,0,-85.21305994870384
dpctgan,ProbabilityEstimation(KernelDensity()),12435,0,-85.71264244400923,0,-85.21305994870384
dpctgan,ProbabilityEstimation(KernelDensity()),12435,1,-85.29209455861047,0,-85.21305994870384
dpctgan,ProbabilityEstimation(KernelDensity()),12435,0,-85.00862808881382,1,-85.21305994870384
dpctgan,ProbabilityEstimation(KernelDensity()),12435,1,-85.0174561249443,1,-85.21305994870384
dpctgan,ProbabilityEstimation(KernelDensity()),12435,0,-84.37780165933617,1,-85.21305994870384
dpctgan,ProbabilityEstimation(KernelDensity()),12435,1,-84.52675236090442,1,-85.21305994870384
dpctgan,ProbabilityEstimation(KernelDensity()),12435,0,-85.3192995765234,0,-85.21305994870384
dpctgan,ProbabilityEstimation(KernelDensity()),12435,1,-84.70668388988285,1,-85.21305994870384
dpctgan,ProbabilityEstimation(KernelDensity()),12435,0,-84.66271135417108,1,-85.21305994870384
dpctgan,ProbabilityEstimation(KernelDensity()),12435,1,-85.81874657766369,0,-85.21305994870384
dpctgan,ProbabilityEstimation(KernelDensity()),12435,0,-84.5201851960643,1,-85.21305994870384
dpctgan,ProbabilityEstimation(KernelDensity()),12435,1,-84.16063634679912,1,-85.21305994870384
dpctgan,ProbabilityEstimation(KernelDensity()),12435,0,-84.22822906407909,1,-85.21305994870384
dpctgan,ProbabilityEstimation(KernelDensity()),12435,1,-84.0235343768009,1,-85.21305994870384
dpctgan,ProbabilityEstimation(KernelDensity()),12435,0,-84.32508842294946,1,-85.21305994870384
dpctgan,ProbabilityEstimation(KernelDensity()),12435,1,-84.56876454708944,1,-85.21305994870384
dpctgan,ProbabilityEstimation(KernelDensity()),12435,0,-84.36099950856084,1,-85.21305994870384
dpctgan,ProbabilityEstimation(KernelDensity()),12435,1,-84.4954240484155,1,-85.21305994870384
dpctgan,ProbabilityEstimation(KernelDensity()),12435,0,-84.16109472847688,1,-85.21305994870384
dpctgan,ProbabilityEstimation(KernelDensity()),12435,1,-84.52125942760429,1,-85.21305994870384
dpctgan,ProbabilityEstimation(KernelDensity()),12435,0,-85.36735873424482,0,-85.21305994870384
dpctgan,ProbabilityEstimation(KernelDensity()),12435,1,-83.8585987641682,1,-85.21305994870384
dpctgan,ProbabilityEstimation(KernelDensity()),12435,0,-84.88054754650136,1,-85.21305994870384
dpctgan,ProbabilityEstimation(KernelDensity()),12435,1,-84.54276519405019,1,-85.21305994870384
dpctgan,ProbabilityEstimation(KernelDensity()),12435,0,-85.89375775285707,0,-85.21305994870384
dpctgan,ProbabilityEstimation(KernelDensity()),12435,1,-84.60304762710506,1,-85.21305994870384
dpctgan,ProbabilityEstimation(KernelDensity()),12435,0,-83.54145621349146,1,-85.21305994870384
dpctgan,ProbabilityEstimation(KernelDensity()),12435,1,-84.62643538695546,1,-85.21305994870384
dpctgan,ProbabilityEstimation(KernelDensity()),12435,0,-84.65800759520366,1,-85.21305994870384
dpctgan,ProbabilityEstimation(KernelDensity()),12435,1,-83.9588510041009,1,-85.21305994870384
dpctgan,ProbabilityEstimation(KernelDensity()),12435,0,-84.56218349214001,1,-85.21305994870384
dpctgan,ProbabilityEstimation(KernelDensity()),12435,1,-83.8870544337316,1,-85.21305994870384
dpctgan,ProbabilityEstimation(KernelDensity()),12435,0,-84.5259410992836,1,-85.21305994870384
dpctgan,ProbabilityEstimation(KernelDensity()),12435,1,-84.67652328617082,1,-85.21305994870384
dpctgan,ProbabilityEstimation(KernelDensity()),12435,0,-84.39379372702743,1,-85.21305994870384
dpctgan,ProbabilityEstimation(KernelDensity()),12435,1,-83.89396090065111,1,-85.21305994870384
dpctgan,ProbabilityEstimation(KernelDensity()),12435,0,-84.18708460212679,1,-85.21305994870384
dpctgan,ProbabilityEstimation(KernelDensity()),12435,1,-83.54950026387549,1,-85.21305994870384
dpctgan,ProbabilityEstimation(KernelDensity()),12435,0,-84.48415203734223,1,-85.21305994870384
dpctgan,ProbabilityEstimation(KernelDensity()),12435,1,-84.57556774948577,1,-85.21305994870384
dpctgan,ProbabilityEstimation(KernelDensity()),12435,0,-84.3029902688489,1,-85.21305994870384
dpctgan,ProbabilityEstimation(KernelDensity()),12435,1,-83.90274645095198,1,-85.21305994870384
dpctgan,ProbabilityEstimation(KernelDensity()),12435,0,-85.1705738417815,1,-85.21305994870384
dpctgan,ProbabilityEstimation(KernelDensity()),12435,1,-83.6818668829424,1,-85.21305994870384
dpctgan,ProbabilityEstimation(KernelDensity()),12435,0,-83.85067786058363,1,-85.21305994870384
dpctgan,ProbabilityEstimation(KernelDensity()),12435,1,-85.07182227369206,1,-85.21305994870384
dpctgan,ProbabilityEstimation(KernelDensity()),12435,0,-84.5934724795701,1,-85.21305994870384
dpctgan,ProbabilityEstimation(KernelDensity()),12435,1,-86.27506471467186,0,-85.21305994870384
dpctgan,ProbabilityEstimation(KernelDensity()),12435,0,-84.2295646198685,1,-85.21305994870384
dpctgan,ProbabilityEstimation(KernelDensity()),12435,1,-85.0264524114916,1,-85.21305994870384
dpctgan,ProbabilityEstimation(KernelDensity()),12435,0,-84.30619309511842,1,-85.21305994870384
dpctgan,ProbabilityEstimation(KernelDensity()),12435,1,-84.1496887369585,1,-85.21305994870384
dpctgan,ProbabilityEstimation(KernelDensity()),12435,0,-84.3528956891041,1,-85.21305994870384
dpctgan,ProbabilityEstimation(KernelDensity()),12435,1,-82.92755581102202,1,-85.21305994870384
dpctgan,ProbabilityEstimation(KernelDensity()),12435,0,-84.19859411494565,1,-85.21305994870384
dpctgan,ProbabilityEstimation(KernelDensity()),12435,1,-84.11832242021595,1,-85.21305994870384
dpctgan,ProbabilityEstimation(KernelDensity()),12435,0,-85.04807444791649,1,-85.21305994870384
dpctgan,ProbabilityEstimation(KernelDensity()),12435,1,-83.76290451068486,1,-85.21305994870384
dpctgan,ProbabilityEstimation(KernelDensity()),12435,0,-85.57684185332776,0,-85.21305994870384
dpctgan,ProbabilityEstimation(KernelDensity()),12435,1,-85.37407068277133,0,-85.21305994870384
dpctgan,ProbabilityEstimation(KernelDensity()),12435,0,-84.6119760302127,1,-85.21305994870384
dpctgan,ProbabilityEstimation(KernelDensity()),12435,1,-83.81301766530754,1,-85.21305994870384
dpctgan,ProbabilityEstimation(KernelDensity()),12435,0,-85.31630664260771,0,-85.21305994870384
dpctgan,ProbabilityEstimation(KernelDensity()),12435,1,-84.78203239706055,1,-85.21305994870384
dpctgan,ProbabilityEstimation(KernelDensity()),12435,0,-84.26048565825025,1,-85.21305994870384
dpctgan,ProbabilityEstimation(KernelDensity()),12435,1,-86.27068544150477,0,-85.21305994870384
dpctgan,ProbabilityEstimation(KernelDensity()),12435,0,-84.7878250621955,1,-85.21305994870384
dpctgan,ProbabilityEstimation(KernelDensity()),12435,1,-83.4554725626151,1,-85.21305994870384
dpctgan,ProbabilityEstimation(KernelDensity()),12435,0,-83.33684949594014,1,-85.21305994870384
dpctgan,ProbabilityEstimation(KernelDensity()),12435,1,-83.81610928922822,1,-85.21305994870384
dpctgan,ProbabilityEstimation(KernelDensity()),12435,0,-84.0856476122999,1,-85.21305994870384
dpctgan,ProbabilityEstimation(KernelDensity()),12435,1,-85.07089057759553,1,-85.21305994870384
dpctgan,ProbabilityEstimation(KernelDensity()),12435,0,-84.02074396585787,1,-85.21305994870384
dpctgan,ProbabilityEstimation(KernelDensity()),12435,1,-84.37544095317807,1,-85.21305994870384
dpctgan,ProbabilityEstimation(KernelDensity()),12435,0,-84.56982831578875,1,-85.21305994870384
dpctgan,ProbabilityEstimation(KernelDensity()),12435,1,-85.84344017512429,0,-85.21305994870384
dpctgan,ProbabilityEstimation(KernelDensity()),12435,0,-83.96893220493396,1,-85.21305994870384
dpctgan,ProbabilityEstimation(KernelDensity()),12435,1,-84.84277259771446,1,-85.21305994870384
dpctgan,ProbabilityEstimation(KernelDensity()),12435,0,-84.07213097474714,1,-85.21305994870384
dpctgan,ProbabilityEstimation(KernelDensity()),12435,1,-83.8666558201476,1,-85.21305994870384
dpctgan,ProbabilityEstimation(KernelDensity()),12435,0,-84.77197785386527,1,-85.21305994870384
dpctgan,ProbabilityEstimation(KernelDensity()),12435,1,-85.03022988920088,1,-85.21305994870384
dpctgan,ProbabilityEstimation(KernelDensity()),12435,0,-84.76827740031075,1,-85.21305994870384
dpctgan,ProbabilityEstimation(KernelDensity()),12435,1,-83.87513479882543,1,-85.21305994870384
dpctgan,ProbabilityEstimation(KernelDensity()),12435,0,-84.08878750260574,1,-85.21305994870384
dpctgan,ProbabilityEstimation(KernelDensity()),12435,1,-83.98496965278936,1,-85.21305994870384
dpctgan,ProbabilityEstimation(KernelDensity()),12435,0,-84.48653220383048,1,-85.21305994870384
dpctgan,ProbabilityEstimation(KernelDensity()),12435,1,-83.88275517877618,1,-85.21305994870384
dpctgan,ProbabilityEstimation(KernelDensity()),12435,0,-84.43581951916418,1,-85.21305994870384
dpctgan,ProbabilityEstimation(KernelDensity()),12435,1,-84.5191923784224,1,-85.21305994870384
dpctgan,ProbabilityEstimation(KernelDensity()),12435,0,-84.74448189537766,1,-85.21305994870384
dpctgan,ProbabilityEstimation(KernelDensity()),12435,1,-84.86785395501322,1,-85.21305994870384
dpctgan,ProbabilityEstimation(KernelDensity()),12435,0,-82.91764544179071,1,-85.21305994870384
dpctgan,ProbabilityEstimation(KernelDensity()),12435,1,-85.66441521329038,0,-85.21305994870384
dpctgan,ProbabilityEstimation(KernelDensity()),12435,0,-84.14398612260604,1,-85.21305994870384
dpctgan,ProbabilityEstimation(KernelDensity()),12435,1,-84.67108836310734,1,-85.21305994870384
dpctgan,ProbabilityEstimation(KernelDensity()),12435,0,-85.12251621022543,1,-85.21305994870384
dpctgan,ProbabilityEstimation(KernelDensity()),12435,1,-85.15107430998007,1,-85.21305994870384
dpctgan,ProbabilityEstimation(KernelDensity()),12435,0,-83.69493284422465,1,-85.21305994870384
dpctgan,ProbabilityEstimation(KernelDensity()),12435,1,-84.88039003304728,1,-85.21305994870384
dpctgan,ProbabilityEstimation(KernelDensity()),12435,0,-85.55332409167175,0,-85.21305994870384
dpctgan,ProbabilityEstimation(KernelDensity()),12435,1,-84.59189235768608,1,-85.21305994870384
dpctgan,ProbabilityEstimation(KernelDensity()),12435,0,-84.40742256052467,1,-85.21305994870384
dpctgan,ProbabilityEstimation(KernelDensity()),12435,1,-84.11179131293252,1,-85.21305994870384
dpctgan,ProbabilityEstimation(KernelDensity()),12435,0,-83.43645507737237,1,-85.21305994870384
dpctgan,ProbabilityEstimation(KernelDensity()),12435,1,-83.89940641476801,1,-85.21305994870384
dpctgan,ProbabilityEstimation(KernelDensity()),12435,0,-84.23522056967163,1,-85.21305994870384
dpctgan,ProbabilityEstimation(KernelDensity()),12435,1,-83.9982932627616,1,-85.21305994870384
dpctgan,ProbabilityEstimation(KernelDensity()),12435,0,-85.72302820210139,0,-85.21305994870384
dpctgan,ProbabilityEstimation(KernelDensity()),12435,1,-85.10897432358882,1,-85.21305994870384
dpctgan,ProbabilityEstimation(KernelDensity()),12435,0,-84.63908870667325,1,-85.21305994870384
dpctgan,ProbabilityEstimation(KernelDensity()),12435,1,-83.5147570944569,1,-85.21305994870384
dpctgan,ProbabilityEstimation(KernelDensity()),12435,0,-83.80842037078413,1,-85.21305994870384
dpctgan,ProbabilityEstimation(KernelDensity()),12435,1,-84.81461100619264,1,-85.21305994870384
dpctgan,ProbabilityEstimation(KernelDensity()),12435,0,-84.41293964947188,1,-85.21305994870384
dpctgan,ProbabilityEstimation(KernelDensity()),12435,1,-85.12907030090967,1,-85.21305994870384
dpctgan,ProbabilityEstimation(KernelDensity()),12435,0,-84.86621745985043,1,-85.21305994870384
dpctgan,ProbabilityEstimation(KernelDensity()),12435,1,-83.61079435845546,1,-85.21305994870384
dpctgan,ProbabilityEstimation(KernelDensity()),12435,0,-84.68184300251741,1,-85.21305994870384
dpctgan,ProbabilityEstimation(KernelDensity()),12435,1,-83.77642715396327,1,-85.21305994870384
dpctgan,ProbabilityEstimation(KernelDensity()),12435,0,-85.57859362419059,0,-85.21305994870384
dpctgan,ProbabilityEstimation(KernelDensity()),12435,1,-83.40002332310124,1,-85.21305994870384
dpctgan,ProbabilityEstimation(KernelDensity()),12435,0,-84.5450818853268,1,-85.21305994870384
dpctgan,ProbabilityEstimation(KernelDensity()),12435,1,-84.84850498618306,1,-85.21305994870384
dpctgan,ProbabilityEstimation(KernelDensity()),12435,0,-84.55966233656719,1,-85.21305994870384
dpctgan,ProbabilityEstimation(KernelDensity()),12435,1,-84.14930091844077,1,-85.21305994870384
dpctgan,ProbabilityEstimation(KernelDensity()),12435,0,-83.97691708532166,1,-85.21305994870384
dpctgan,ProbabilityEstimation(KernelDensity()),12435,1,-84.91356696176135,1,-85.21305994870384
dpctgan,ProbabilityEstimation(KernelDensity()),12435,0,-84.72461431238452,1,-85.21305994870384
dpctgan,ProbabilityEstimation(KernelDensity()),12435,1,-85.76827689192291,0,-85.21305994870384
dpctgan,ProbabilityEstimation(KernelDensity()),12435,0,-84.83557147937522,1,-85.21305994870384
dpctgan,ProbabilityEstimation(KernelDensity()),12435,1,-84.0148934949688,1,-85.21305994870384
dpctgan,ProbabilityEstimation(KernelDensity()),12435,0,-84.01444130690398,1,-85.21305994870384
dpctgan,ProbabilityEstimation(KernelDensity()),12435,1,-85.70185317167498,0,-85.21305994870384
dpctgan,ProbabilityEstimation(KernelDensity()),12435,0,-84.68469500994802,1,-85.21305994870384
dpctgan,ProbabilityEstimation(KernelDensity()),12435,1,-85.43746643283932,0,-85.21305994870384
dpctgan,ProbabilityEstimation(KernelDensity()),12435,0,-84.81036370805954,1,-85.21305994870384
dpctgan,ProbabilityEstimation(KernelDensity()),12435,1,-85.53612820561966,0,-85.21305994870384
dpctgan,ProbabilityEstimation(KernelDensity()),12435,0,-84.65032759765218,1,-85.21305994870384
dpctgan,ProbabilityEstimation(KernelDensity()),12435,1,-83.8942770111849,1,-85.21305994870384
dpctgan,ProbabilityEstimation(KernelDensity()),12435,0,-83.77941675311574,1,-85.21305994870384
dpctgan,ProbabilityEstimation(KernelDensity()),12435,1,-84.24992504828327,1,-85.21305994870384
dpctgan,ProbabilityEstimation(KernelDensity()),12435,0,-84.25213624875367,1,-85.21305994870384
dpctgan,ProbabilityEstimation(KernelDensity()),12435,1,-85.01251776471649,1,-85.21305994870384
dpctgan,ProbabilityEstimation(KernelDensity()),12435,0,-83.05239182025537,1,-85.21305994870384
dpctgan,ProbabilityEstimation(KernelDensity()),12435,1,-84.24928625009413,1,-85.21305994870384
dpctgan,ProbabilityEstimation(KernelDensity()),12435,0,-83.04414133648015,1,-85.21305994870384
dpctgan,ProbabilityEstimation(KernelDensity()),12435,1,-83.72798880237812,1,-85.21305994870384
dpctgan,ProbabilityEstimation(KernelDensity()),12435,0,-83.53310734312464,1,-85.21305994870384
dpctgan,ProbabilityEstimation(KernelDensity()),12435,1,-84.69377981178187,1,-85.21305994870384
dpctgan,ProbabilityEstimation(KernelDensity()),12435,0,-84.89629682409958,1,-85.21305994870384
dpctgan,ProbabilityEstimation(KernelDensity()),12435,1,-83.62132050473843,1,-85.21305994870384
dpctgan,ProbabilityEstimation(KernelDensity()),12435,0,-84.78879016294955,1,-85.21305994870384
dpctgan,ProbabilityEstimation(KernelDensity()),12435,1,-83.74369898201253,1,-85.21305994870384
dpctgan,ProbabilityEstimation(KernelDensity()),12435,0,-83.68797556699568,1,-85.21305994870384
dpctgan,ProbabilityEstimation(KernelDensity()),12435,1,-84.7126786364218,1,-85.21305994870384
dpctgan,ProbabilityEstimation(KernelDensity()),12435,0,-84.75422020351274,1,-85.21305994870384
dpctgan,ProbabilityEstimation(KernelDensity()),12435,1,-83.6207236987606,1,-85.21305994870384
dpctgan,ProbabilityEstimation(KernelDensity()),12435,0,-84.06114583700888,1,-85.21305994870384
dpctgan,ProbabilityEstimation(KernelDensity()),12435,1,-84.57752846650725,1,-85.21305994870384
dpctgan,ProbabilityEstimation(KernelDensity()),12435,0,-84.74593838881138,1,-85.21305994870384
dpctgan,ProbabilityEstimation(KernelDensity()),12435,1,-84.53015302471317,1,-85.21305994870384
dpctgan,ProbabilityEstimation(KernelDensity()),12435,0,-84.20470886621409,1,-85.21305994870384
dpctgan,ProbabilityEstimation(KernelDensity()),12435,1,-84.39340776983218,1,-85.21305994870384
dpctgan,ProbabilityEstimation(KernelDensity()),12435,0,-85.34266756696536,0,-85.21305994870384
dpctgan,ProbabilityEstimation(KernelDensity()),12435,1,-84.1385147820418,1,-85.21305994870384
dpctgan,ProbabilityEstimation(KernelDensity()),12435,0,-85.43314881176372,0,-85.21305994870384
dpctgan,ProbabilityEstimation(KernelDensity()),12435,1,-84.68234030081686,1,-85.21305994870384
dpctgan,ProbabilityEstimation(KernelDensity()),12435,0,-84.59417700712358,1,-85.21305994870384
dpctgan,ProbabilityEstimation(KernelDensity()),12435,1,-83.86148217666762,1,-85.21305994870384
dpctgan,ProbabilityEstimation(KernelDensity()),12435,0,-84.95728142683511,1,-85.21305994870384
dpctgan,ProbabilityEstimation(KernelDensity()),12435,1,-84.1822095646171,1,-85.21305994870384
dpctgan,ProbabilityEstimation(KernelDensity()),12435,0,-84.27507712537103,1,-85.21305994870384
dpctgan,ProbabilityEstimation(KernelDensity()),12435,1,-84.96816453958185,1,-85.21305994870384
dpctgan,ProbabilityEstimation(KernelDensity()),12435,0,-84.00772075502987,1,-85.21305994870384
dpctgan,ProbabilityEstimation(KernelDensity()),12435,1,-83.90610245438772,1,-85.21305994870384
dpctgan,ProbabilityEstimation(KernelDensity()),12435,0,-83.96499451543711,1,-85.21305994870384
dpctgan,ProbabilityEstimation(KernelDensity()),12435,1,-84.31688674963398,1,-85.21305994870384
dpctgan,ProbabilityEstimation(KernelDensity()),12435,0,-85.21835045675115,0,-85.21305994870384
dpctgan,ProbabilityEstimation(KernelDensity()),12435,1,-84.92028764654557,1,-85.21305994870384
dpctgan,ProbabilityEstimation(KernelDensity()),12435,0,-84.30209642242178,1,-85.21305994870384
dpctgan,ProbabilityEstimation(KernelDensity()),12435,1,-84.87230179942803,1,-85.21305994870384
dpctgan,ProbabilityEstimation(KernelDensity()),12435,0,-84.05702063041839,1,-85.21305994870384
dpctgan,ProbabilityEstimation(KernelDensity()),12435,1,-84.38588520313125,1,-85.21305994870384
dpctgan,ProbabilityEstimation(KernelDensity()),12435,0,-84.49006195787702,1,-85.21305994870384
dpctgan,ProbabilityEstimation(KernelDensity()),12435,1,-83.4508628255762,1,-85.21305994870384
dpctgan,ProbabilityEstimation(KernelDensity()),12435,0,-84.62692975987963,1,-85.21305994870384
dpctgan,ProbabilityEstimation(KernelDensity()),12435,1,-84.62183954293,1,-85.21305994870384
dpctgan,ProbabilityEstimation(KernelDensity()),12435,0,-85.09709320284254,1,-85.21305994870384
dpctgan,ProbabilityEstimation(KernelDensity()),12435,1,-84.7900093671039,1,-85.21305994870384
dpctgan,ProbabilityEstimation(KernelDensity()),12435,0,-83.36256499288767,1,-85.21305994870384
dpctgan,ProbabilityEstimation(KernelDensity()),12435,1,-84.18657656398238,1,-85.21305994870384
dpctgan,ProbabilityEstimation(KernelDensity()),12435,0,-84.44765149029377,1,-85.21305994870384
dpctgan,ProbabilityEstimation(KernelDensity()),12435,1,-84.00659778859658,1,-85.21305994870384
dpctgan,ProbabilityEstimation(KernelDensity()),12435,0,-84.71074822354922,1,-85.21305994870384
dpctgan,ProbabilityEstimation(KernelDensity()),12435,1,-83.4749033816832,1,-85.21305994870384
dpctgan,ProbabilityEstimation(KernelDensity()),12435,0,-84.49357686709914,1,-85.21305994870384
dpctgan,ProbabilityEstimation(KernelDensity()),12435,1,-83.5507981001562,1,-85.21305994870384
dpctgan,ProbabilityEstimation(KernelDensity()),12435,0,-84.54396738322639,1,-85.21305994870384
dpctgan,ProbabilityEstimation(KernelDensity()),12435,1,-84.3045461543988,1,-85.21305994870384
dpctgan,ProbabilityEstimation(KernelDensity()),12435,0,-84.81469222281126,1,-85.21305994870384
dpctgan,ProbabilityEstimation(KernelDensity()),12435,1,-84.53809700424047,1,-85.21305994870384
dpctgan,ProbabilityEstimation(KernelDensity()),12435,0,-84.25131425674464,1,-85.21305994870384
dpctgan,ProbabilityEstimation(KernelDensity()),12435,1,-83.57376844396792,1,-85.21305994870384
dpctgan,ProbabilityEstimation(KernelDensity()),12435,0,-84.2644212367552,1,-85.21305994870384
dpctgan,ProbabilityEstimation(KernelDensity()),12435,1,-84.96659819338156,1,-85.21305994870384
dpctgan,ProbabilityEstimation(KernelDensity()),12435,0,-84.99444415877316,1,-85.21305994870384
dpctgan,ProbabilityEstimation(KernelDensity()),12435,1,-84.51270048260349,1,-85.21305994870384
dpctgan,ProbabilityEstimation(KernelDensity()),12435,0,-84.06335531972655,1,-85.21305994870384
dpctgan,ProbabilityEstimation(KernelDensity()),12435,1,-83.44881529430913,1,-85.21305994870384
dpctgan,ProbabilityEstimation(KernelDensity()),12435,0,-85.5583753413971,0,-85.21305994870384
dpctgan,ProbabilityEstimation(KernelDensity()),12435,1,-84.18918204801976,1,-85.21305994870384
dpctgan,ProbabilityEstimation(KernelDensity()),12435,0,-84.12263889181602,1,-85.21305994870384
dpctgan,ProbabilityEstimation(KernelDensity()),12435,1,-84.28028069521568,1,-85.21305994870384
dpctgan,ProbabilityEstimation(KernelDensity()),12435,0,-84.71642636156636,1,-85.21305994870384
dpctgan,ProbabilityEstimation(KernelDensity()),12435,1,-84.3499386585515,1,-85.21305994870384
dpctgan,ProbabilityEstimation(KernelDensity()),12435,0,-84.82113501043993,1,-85.21305994870384
dpctgan,ProbabilityEstimation(KernelDensity()),12435,1,-83.39603231314598,1,-85.21305994870384
dpctgan,ProbabilityEstimation(KernelDensity()),12435,0,-85.32260290589201,0,-85.21305994870384
dpctgan,ProbabilityEstimation(KernelDensity()),12435,1,-84.03707108120715,1,-85.21305994870384
dpctgan,ProbabilityEstimation(KernelDensity()),12435,0,-84.96204305834812,1,-85.21305994870384
dpctgan,ProbabilityEstimation(KernelDensity()),12435,1,-83.6116608295854,1,-85.21305994870384
dpctgan,ProbabilityEstimation(KernelDensity()),12435,0,-84.78139571779204,1,-85.21305994870384
dpctgan,ProbabilityEstimation(KernelDensity()),12435,1,-84.154798937413,1,-85.21305994870384
dpctgan,ProbabilityEstimation(KernelDensity()),12435,0,-84.93306268282366,1,-85.21305994870384
dpctgan,ProbabilityEstimation(KernelDensity()),12435,1,-83.87943653887957,1,-85.21305994870384
dpctgan,ProbabilityEstimation(KernelDensity()),12435,0,-84.94802724953648,1,-85.21305994870384
dpctgan,ProbabilityEstimation(KernelDensity()),12435,1,-83.82677342032376,1,-85.21305994870384
dpctgan,ProbabilityEstimation(KernelDensity()),12435,0,-84.85147829817252,1,-85.21305994870384
dpctgan,ProbabilityEstimation(KernelDensity()),12435,1,-85.26798644690955,0,-85.21305994870384
dpctgan,ProbabilityEstimation(KernelDensity()),12435,0,-84.54892829014793,1,-85.21305994870384
dpctgan,ProbabilityEstimation(KernelDensity()),12435,1,-84.74026975576452,1,-85.21305994870384
dpctgan,ProbabilityEstimation(KernelDensity()),12435,0,-85.02316963724901,1,-85.21305994870384
dpctgan,ProbabilityEstimation(KernelDensity()),12435,1,-85.2723356063442,0,-85.21305994870384
dpctgan,ProbabilityEstimation(KernelDensity()),12435,0,-84.29979952573169,1,-85.21305994870384
dpctgan,ProbabilityEstimation(KernelDensity()),12435,1,-83.91128064523592,1,-85.21305994870384
dpctgan,ProbabilityEstimation(KernelDensity()),12435,0,-84.91826359975815,1,-85.21305994870384
dpctgan,ProbabilityEstimation(KernelDensity()),12435,1,-84.25736618215836,1,-85.21305994870384
dpctgan,ProbabilityEstimation(KernelDensity()),12435,0,-85.13572389643349,1,-85.21305994870384
dpctgan,ProbabilityEstimation(KernelDensity()),12435,1,-83.62531798872867,1,-85.21305994870384
dpctgan,ProbabilityEstimation(KernelDensity()),12435,0,-84.12446138510953,1,-85.21305994870384
dpctgan,ProbabilityEstimation(KernelDensity()),12435,1,-85.2744338287914,0,-85.21305994870384
dpctgan,ProbabilityEstimation(KernelDensity()),12435,0,-85.60053691262439,0,-85.21305994870384
dpctgan,ProbabilityEstimation(KernelDensity()),12435,1,-84.12176923146424,1,-85.21305994870384
dpctgan,ProbabilityEstimation(KernelDensity()),12435,0,-83.74367331859668,1,-85.21305994870384
dpctgan,ProbabilityEstimation(KernelDensity()),12435,1,-83.6221474055155,1,-85.21305994870384
dpctgan,ProbabilityEstimation(KernelDensity()),12435,0,-83.73725388212377,1,-85.21305994870384
dpctgan,ProbabilityEstimation(KernelDensity()),12435,1,-83.47622739326351,1,-85.21305994870384
dpctgan,ProbabilityEstimation(KernelDensity()),12435,0,-84.33927179351086,1,-85.21305994870384
dpctgan,ProbabilityEstimation(KernelDensity()),12435,1,-84.46802196355289,1,-85.21305994870384
dpctgan,ProbabilityEstimation(KernelDensity()),12435,0,-83.67397354058646,1,-85.21305994870384
dpctgan,ProbabilityEstimation(KernelDensity()),12435,1,-84.1711804041162,1,-85.21305994870384
dpctgan,ProbabilityEstimation(KernelDensity()),12435,0,-84.53919383998242,1,-85.21305994870384
dpctgan,ProbabilityEstimation(KernelDensity()),12435,1,-85.32917930213843,0,-85.21305994870384
dpctgan,ProbabilityEstimation(KernelDensity()),12435,0,-85.13086570222211,1,-85.21305994870384
dpctgan,ProbabilityEstimation(KernelDensity()),12435,1,-83.71914176182982,1,-85.21305994870384
dpctgan,ProbabilityEstimation(KernelDensity()),12435,0,-84.55677473675907,1,-85.21305994870384
dpctgan,ProbabilityEstimation(KernelDensity()),12435,1,-83.86030138001539,1,-85.21305994870384
dpctgan,ProbabilityEstimation(KernelDensity()),12435,0,-84.12895115993435,1,-85.21305994870384
dpctgan,ProbabilityEstimation(KernelDensity()),12435,1,-83.44678369731037,1,-85.21305994870384
dpctgan,ProbabilityEstimation(KernelDensity()),12435,0,-83.90348503436206,1,-85.21305994870384
dpctgan,ProbabilityEstimation(KernelDensity()),12435,1,-84.82234605081733,1,-85.21305994870384
dpctgan,ProbabilityEstimation(KernelDensity()),12435,0,-84.30488072004407,1,-85.21305994870384
dpctgan,ProbabilityEstimation(KernelDensity()),12435,1,-84.16758137287735,1,-85.21305994870384
dpctgan,ProbabilityEstimation(KernelDensity()),12435,0,-84.97568080692882,1,-85.21305994870384
dpctgan,ProbabilityEstimation(KernelDensity()),12435,1,-85.27516831513867,0,-85.21305994870384
dpctgan,ProbabilityEstimation(KernelDensity()),12435,0,-84.32731437926503,1,-85.21305994870384
dpctgan,ProbabilityEstimation(KernelDensity()),12435,1,-84.14306139846614,1,-85.21305994870384
dpctgan,ProbabilityEstimation(KernelDensity()),12435,0,-83.76239123019782,1,-85.21305994870384
dpctgan,ProbabilityEstimation(KernelDensity()),12435,1,-83.81890985376866,1,-85.21305994870384
dpctgan,ProbabilityEstimation(KernelDensity()),12435,0,-85.31233993528095,0,-85.21305994870384
dpctgan,ProbabilityEstimation(KernelDensity()),12435,1,-84.22873568761656,1,-85.21305994870384
dpctgan,ProbabilityEstimation(KernelDensity()),12435,0,-85.13766157542649,1,-85.21305994870384
dpctgan,ProbabilityEstimation(KernelDensity()),12435,1,-84.53094784084792,1,-85.21305994870384
dpctgan,ProbabilityEstimation(KernelDensity()),12435,0,-84.451816602395,1,-85.21305994870384
dpctgan,ProbabilityEstimation(KernelDensity()),12435,1,-83.52505332839661,1,-85.21305994870384
dpctgan,ProbabilityEstimation(KernelDensity()),12435,0,-83.97967901607822,1,-85.21305994870384
dpctgan,ProbabilityEstimation(KernelDensity()),12435,1,-84.21111517502248,1,-85.21305994870384
dpctgan,ProbabilityEstimation(KernelDensity()),12435,0,-83.53679387700825,1,-85.21305994870384
dpctgan,ProbabilityEstimation(KernelDensity()),12435,1,-83.96755235920543,1,-85.21305994870384
dpctgan,ProbabilityEstimation(KernelDensity()),12435,0,-84.87192328686469,1,-85.21305994870384
dpctgan,ProbabilityEstimation(KernelDensity()),12435,1,-84.69672624822114,1,-85.21305994870384
dpctgan,ProbabilityEstimation(KernelDensity()),12435,0,-84.63443691343586,1,-85.21305994870384
dpctgan,ProbabilityEstimation(KernelDensity()),12435,1,-83.77952297780882,1,-85.21305994870384
dpctgan,ProbabilityEstimation(KernelDensity()),12435,0,-83.83208156983493,1,-85.21305994870384
dpctgan,ProbabilityEstimation(KernelDensity()),12435,1,-84.88432450351927,1,-85.21305994870384
dpctgan,ProbabilityEstimation(KernelDensity()),12435,0,-84.16632536121544,1,-85.21305994870384
dpctgan,ProbabilityEstimation(KernelDensity()),12435,1,-84.77904384471157,1,-85.21305994870384
dpctgan,ProbabilityEstimation(KernelDensity()),12435,0,-84.02840140204574,1,-85.21305994870384
dpctgan,ProbabilityEstimation(KernelDensity()),12435,1,-84.50209443853649,1,-85.21305994870384
dpctgan,ProbabilityEstimation(KernelDensity()),12435,0,-84.03747426470868,1,-85.21305994870384
dpctgan,ProbabilityEstimation(KernelDensity()),12435,1,-84.86895441069409,1,-85.21305994870384
dpctgan,ProbabilityEstimation(KernelDensity()),12435,0,-83.60458803935751,1,-85.21305994870384
dpctgan,ProbabilityEstimation(KernelDensity()),12435,1,-84.61091407336669,1,-85.21305994870384
dpctgan,ProbabilityEstimation(KernelDensity()),12435,0,-84.68932425871408,1,-85.21305994870384
dpctgan,ProbabilityEstimation(KernelDensity()),12435,1,-83.34549244400505,1,-85.21305994870384
dpctgan,ProbabilityEstimation(KernelDensity()),12435,0,-83.68332487998323,1,-85.21305994870384
dpctgan,ProbabilityEstimation(KernelDensity()),12435,1,-83.59330825337483,1,-85.21305994870384
dpctgan,ProbabilityEstimation(KernelDensity()),12435,0,-84.10927977456136,1,-85.21305994870384
dpctgan,ProbabilityEstimation(KernelDensity()),12435,1,-84.2929982347295,1,-85.21305994870384
dpctgan,ProbabilityEstimation(KernelDensity()),12435,0,-85.50890156059361,0,-85.21305994870384
dpctgan,ProbabilityEstimation(KernelDensity()),12435,1,-85.66391258567991,0,-85.21305994870384
dpctgan,ProbabilityEstimation(KernelDensity()),12435,0,-84.10887854833581,1,-85.21305994870384
dpctgan,ProbabilityEstimation(KernelDensity()),12435,1,-85.11145410825914,1,-85.21305994870384
dpctgan,ProbabilityEstimation(KernelDensity()),12435,0,-85.15065315363636,1,-85.21305994870384
dpctgan,ProbabilityEstimation(KernelDensity()),12435,1,-83.47239982704956,1,-85.21305994870384
dpctgan,ProbabilityEstimation(KernelDensity()),12435,0,-84.51862320385858,1,-85.21305994870384
dpctgan,ProbabilityEstimation(KernelDensity()),12435,1,-85.54545849606284,0,-85.21305994870384
dpctgan,ProbabilityEstimation(KernelDensity()),12435,0,-83.13275684166932,1,-85.21305994870384
dpctgan,ProbabilityEstimation(KernelDensity()),12435,1,-85.02822036985295,1,-85.21305994870384
dpctgan,ProbabilityEstimation(KernelDensity()),12435,0,-85.27556599546843,0,-85.21305994870384
dpctgan,ProbabilityEstimation(KernelDensity()),12435,1,-84.83473770063331,1,-85.21305994870384
dpctgan,ProbabilityEstimation(KernelDensity()),12435,0,-85.59218029196839,0,-85.21305994870384
dpctgan,ProbabilityEstimation(KernelDensity()),12435,1,-84.31507507348287,1,-85.21305994870384
dpctgan,ProbabilityEstimation(KernelDensity()),12435,0,-83.80916465921274,1,-85.21305994870384
dpctgan,ProbabilityEstimation(KernelDensity()),12435,1,-83.51473041893775,1,-85.21305994870384
dpctgan,ProbabilityEstimation(KernelDensity()),12435,0,-84.00088255299308,1,-85.21305994870384
dpctgan,ProbabilityEstimation(KernelDensity()),12435,1,-84.42680029286234,1,-85.21305994870384
dpctgan,ProbabilityEstimation(KernelDensity()),12435,0,-83.6491122840225,1,-85.21305994870384
dpctgan,ProbabilityEstimation(KernelDensity()),12435,1,-84.3532884072533,1,-85.21305994870384
dpctgan,ProbabilityEstimation(KernelDensity()),12435,0,-85.4971368123819,0,-85.21305994870384
dpctgan,ProbabilityEstimation(KernelDensity()),12435,1,-85.16059859692243,1,-85.21305994870384
dpctgan,ProbabilityEstimation(KernelDensity()),12435,0,-84.20819824698115,1,-85.21305994870384
dpctgan,ProbabilityEstimation(KernelDensity()),12435,1,-83.97098536969777,1,-85.21305994870384
dpctgan,ProbabilityEstimation(KernelDensity()),12435,0,-84.23254260401264,1,-85.21305994870384
dpctgan,ProbabilityEstimation(KernelDensity()),12435,1,-85.48065718593625,0,-85.21305994870384
dpctgan,ProbabilityEstimation(KernelDensity()),12435,0,-84.3238058278231,1,-85.21305994870384
dpctgan,ProbabilityEstimation(KernelDensity()),12435,1,-85.38968214938096,0,-85.21305994870384
dpctgan,ProbabilityEstimation(KernelDensity()),12435,0,-83.20183288312163,1,-85.21305994870384
dpctgan,ProbabilityEstimation(KernelDensity()),12435,1,-85.19946528145768,1,-85.21305994870384
dpctgan,ProbabilityEstimation(KernelDensity()),12435,0,-84.5961467063798,1,-85.21305994870384
dpctgan,ProbabilityEstimation(KernelDensity()),12435,1,-84.41592363754938,1,-85.21305994870384
dpctgan,ProbabilityEstimation(KernelDensity()),12435,0,-84.45915347185536,1,-85.21305994870384
dpctgan,ProbabilityEstimation(KernelDensity()),12435,1,-84.77502646578111,1,-85.21305994870384
dpctgan,ProbabilityEstimation(KernelDensity()),12435,0,-84.41538793151308,1,-85.21305994870384
dpctgan,ProbabilityEstimation(KernelDensity()),12435,1,-84.93016192824632,1,-85.21305994870384
dpctgan,ProbabilityEstimation(KernelDensity()),12435,0,-84.24205927204292,1,-85.21305994870384
dpctgan,ProbabilityEstimation(KernelDensity()),12435,1,-84.09429444636412,1,-85.21305994870384
dpctgan,ProbabilityEstimation(KernelDensity()),12435,0,-83.42150599313776,1,-85.21305994870384
dpctgan,ProbabilityEstimation(KernelDensity()),12435,1,-84.21319704231911,1,-85.21305994870384
dpctgan,ProbabilityEstimation(KernelDensity()),12435,0,-84.05695869569622,1,-85.21305994870384
dpctgan,ProbabilityEstimation(KernelDensity()),12435,1,-83.36931152779374,1,-85.21305994870384
dpctgan,ProbabilityEstimation(KernelDensity()),12435,0,-84.18187093903978,1,-85.21305994870384
dpctgan,ProbabilityEstimation(KernelDensity()),12435,1,-84.37246933538545,1,-85.21305994870384
dpctgan,ProbabilityEstimation(KernelDensity()),12435,0,-84.3433840820696,1,-85.21305994870384
dpctgan,ProbabilityEstimation(KernelDensity()),12435,1,-84.66528165208234,1,-85.21305994870384
dpctgan,ProbabilityEstimation(KernelDensity()),12435,0,-83.76209722295432,1,-85.21305994870384
dpctgan,ProbabilityEstimation(KernelDensity()),12435,1,-83.58503686844404,1,-85.21305994870384
dpctgan,ProbabilityEstimation(KernelDensity()),12435,0,-84.91479858383896,1,-85.21305994870384
dpctgan,ProbabilityEstimation(KernelDensity()),12435,1,-84.23027259302273,1,-85.21305994870384
dpctgan,ProbabilityEstimation(KernelDensity()),12435,0,-84.9658111251314,1,-85.21305994870384
dpctgan,ProbabilityEstimation(KernelDensity()),12435,1,-83.86213322191838,1,-85.21305994870384
dpctgan,ProbabilityEstimation(KernelDensity()),12435,0,-83.65475535207759,1,-85.21305994870384
dpctgan,ProbabilityEstimation(KernelDensity()),12435,1,-84.54899740237445,1,-85.21305994870384
dpctgan,ProbabilityEstimation(KernelDensity()),12435,0,-84.85356630422092,1,-85.21305994870384
dpctgan,ProbabilityEstimation(KernelDensity()),12435,1,-84.36327086397822,1,-85.21305994870384
dpctgan,ProbabilityEstimation(KernelDensity()),12435,0,-83.81798987960069,1,-85.21305994870384
dpctgan,ProbabilityEstimation(KernelDensity()),12435,1,-84.74920485224247,1,-85.21305994870384
dpctgan,ProbabilityEstimation(KernelDensity()),12435,0,-84.63824980731316,1,-85.21305994870384
dpctgan,ProbabilityEstimation(KernelDensity()),12435,1,-84.59195018762082,1,-85.21305994870384
dpctgan,ProbabilityEstimation(KernelDensity()),12435,0,-84.24342687736323,1,-85.21305994870384
dpctgan,ProbabilityEstimation(KernelDensity()),12435,1,-84.58533579305912,1,-85.21305994870384
dpctgan,ProbabilityEstimation(KernelDensity()),12435,0,-85.42482414982973,0,-85.21305994870384
dpctgan,ProbabilityEstimation(KernelDensity()),12435,1,-83.95274605268376,1,-85.21305994870384
dpctgan,ProbabilityEstimation(KernelDensity()),12435,0,-85.57906134700666,0,-85.21305994870384
dpctgan,ProbabilityEstimation(KernelDensity()),12435,1,-84.70473491393463,1,-85.21305994870384
dpctgan,ProbabilityEstimation(KernelDensity()),12435,0,-84.26811119195736,1,-85.21305994870384
dpctgan,ProbabilityEstimation(KernelDensity()),12435,1,-85.06124549174238,1,-85.21305994870384
dpctgan,ProbabilityEstimation(KernelDensity()),12435,0,-84.5477200711283,1,-85.21305994870384
dpctgan,ProbabilityEstimation(KernelDensity()),12435,1,-83.93470551164928,1,-85.21305994870384
dpctgan,ProbabilityEstimation(KernelDensity()),12435,0,-84.17955024381712,1,-85.21305994870384
dpctgan,ProbabilityEstimation(KernelDensity()),12435,1,-83.82148633900889,1,-85.21305994870384
dpctgan,ProbabilityEstimation(KernelDensity()),12435,0,-84.36069460521863,1,-85.21305994870384
dpctgan,ProbabilityEstimation(KernelDensity()),12435,1,-84.35464199372225,1,-85.21305994870384
dpctgan,ProbabilityEstimation(KernelDensity()),12435,0,-85.08004361720097,1,-85.21305994870384
dpctgan,ProbabilityEstimation(KernelDensity()),12435,1,-84.34130962703547,1,-85.21305994870384
dpctgan,ProbabilityEstimation(KernelDensity()),12435,0,-84.95397276981038,1,-85.21305994870384
dpctgan,ProbabilityEstimation(KernelDensity()),12435,1,-85.07901931161793,1,-85.21305994870384
dpctgan,ProbabilityEstimation(KernelDensity()),12435,0,-83.84584321807068,1,-85.21305994870384
dpctgan,ProbabilityEstimation(KernelDensity()),12435,1,-83.89442000655411,1,-85.21305994870384
dpctgan,ProbabilityEstimation(KernelDensity()),12435,0,-83.41342758350156,1,-85.21305994870384
dpctgan,ProbabilityEstimation(KernelDensity()),12435,1,-83.48986217680039,1,-85.21305994870384
dpctgan,ProbabilityEstimation(KernelDensity()),12435,0,-84.40239981570323,1,-85.21305994870384
dpctgan,ProbabilityEstimation(KernelDensity()),12435,1,-84.7022074402235,1,-85.21305994870384
dpctgan,ProbabilityEstimation(KernelDensity()),12435,0,-85.19985766300968,1,-85.21305994870384
dpctgan,ProbabilityEstimation(KernelDensity()),12435,1,-84.20389093790733,1,-85.21305994870384
dpctgan,ProbabilityEstimation(KernelDensity()),12435,0,-84.57295791257475,1,-85.21305994870384
dpctgan,ProbabilityEstimation(KernelDensity()),12435,1,-84.85305053992097,1,-85.21305994870384
dpctgan,ProbabilityEstimation(KernelDensity()),12435,0,-84.3469198365654,1,-85.21305994870384
dpctgan,ProbabilityEstimation(KernelDensity()),12435,1,-84.11630286115819,1,-85.21305994870384
dpctgan,ProbabilityEstimation(KernelDensity()),12435,0,-84.68790824485207,1,-85.21305994870384
dpctgan,ProbabilityEstimation(KernelDensity()),12435,1,-85.03274626287705,1,-85.21305994870384
dpctgan,ProbabilityEstimation(KernelDensity()),12435,0,-84.2496823833665,1,-85.21305994870384
dpctgan,ProbabilityEstimation(KernelDensity()),12435,1,-83.70474230926412,1,-85.21305994870384
dpctgan,ProbabilityEstimation(KernelDensity()),12435,0,-84.46809706959043,1,-85.21305994870384
dpctgan,ProbabilityEstimation(KernelDensity()),12435,1,-85.12007967493956,1,-85.21305994870384
dpctgan,ProbabilityEstimation(KernelDensity()),12435,0,-84.24254501941269,1,-85.21305994870384
dpctgan,ProbabilityEstimation(KernelDensity()),12435,1,-84.72497965004408,1,-85.21305994870384
dpctgan,ProbabilityEstimation(KernelDensity()),12435,0,-84.9675494319044,1,-85.21305994870384
dpctgan,ProbabilityEstimation(KernelDensity()),12435,1,-84.5493595307958,1,-85.21305994870384
dpctgan,ProbabilityEstimation(KernelDensity()),12435,0,-83.77693391727841,1,-85.21305994870384
dpctgan,ProbabilityEstimation(KernelDensity()),12435,1,-84.48223917297156,1,-85.21305994870384
dpctgan,ProbabilityEstimation(KernelDensity()),12435,0,-83.78340346769374,1,-85.21305994870384
dpctgan,ProbabilityEstimation(KernelDensity()),12435,1,-83.74014745623964,1,-85.21305994870384
dpctgan,ProbabilityEstimation(KernelDensity()),12435,0,-84.47297132732767,1,-85.21305994870384
dpctgan,ProbabilityEstimation(KernelDensity()),12435,1,-84.32681235968666,1,-85.21305994870384
dpctgan,ProbabilityEstimation(KernelDensity()),12435,0,-84.55627699746667,1,-85.21305994870384
dpctgan,ProbabilityEstimation(KernelDensity()),12435,1,-85.61238948366503,0,-85.21305994870384
dpctgan,ProbabilityEstimation(KernelDensity()),12435,0,-85.47115368816351,0,-85.21305994870384
dpctgan,ProbabilityEstimation(KernelDensity()),12435,1,-84.10428008444741,1,-85.21305994870384
dpctgan,ProbabilityEstimation(KernelDensity()),12435,0,-84.96258083905383,1,-85.21305994870384
dpctgan,ProbabilityEstimation(KernelDensity()),12435,1,-84.75459095939527,1,-85.21305994870384
dpctgan,ProbabilityEstimation(KernelDensity()),12435,0,-85.39041331646597,0,-85.21305994870384
dpctgan,ProbabilityEstimation(KernelDensity()),12435,1,-84.45477420103991,1,-85.21305994870384
dpctgan,ProbabilityEstimation(KernelDensity()),12435,0,-84.1525440441459,1,-85.21305994870384
dpctgan,ProbabilityEstimation(KernelDensity()),12435,1,-84.95003264213476,1,-85.21305994870384
dpctgan,ProbabilityEstimation(KernelDensity()),12435,0,-83.70198189859084,1,-85.21305994870384
dpctgan,ProbabilityEstimation(KernelDensity()),12435,1,-84.26656216707427,1,-85.21305994870384
dpctgan,ProbabilityEstimation(KernelDensity()),12435,0,-85.77925343530406,0,-85.21305994870384
dpctgan,ProbabilityEstimation(KernelDensity()),12435,1,-84.37599471606138,1,-85.21305994870384
dpctgan,ProbabilityEstimation(KernelDensity()),12435,0,-85.2716942891168,0,-85.21305994870384
dpctgan,ProbabilityEstimation(KernelDensity()),12435,1,-85.2272513859084,0,-85.21305994870384
dpctgan,ProbabilityEstimation(KernelDensity()),12435,0,-84.40763379625129,1,-85.21305994870384
dpctgan,ProbabilityEstimation(KernelDensity()),12435,1,-83.8560580861684,1,-85.21305994870384
dpctgan,ProbabilityEstimation(KernelDensity()),12435,0,-83.99692042446415,1,-85.21305994870384
dpctgan,ProbabilityEstimation(KernelDensity()),12435,1,-85.09370570989738,1,-85.21305994870384
dpctgan,ProbabilityEstimation(KernelDensity()),12435,0,-84.39869050958029,1,-85.21305994870384
dpctgan,ProbabilityEstimation(KernelDensity()),12435,1,-84.34220704615284,1,-85.21305994870384
dpctgan,ProbabilityEstimation(KernelDensity()),12435,0,-84.47124383128921,1,-85.21305994870384
dpctgan,ProbabilityEstimation(KernelDensity()),12435,1,-83.4007160277481,1,-85.21305994870384
dpctgan,ProbabilityEstimation(KernelDensity()),12435,0,-84.91175697581622,1,-85.21305994870384
dpctgan,"ClosestDistance(L_2, accuracy)",12435,1,-1.47190531909425,0,-0.19859672966043268
dpctgan,"ClosestDistance(L_2, accuracy)",12435,0,-1.4427328588448813,0,-0.19859672966043268
dpctgan,"ClosestDistance(L_2, accuracy)",12435,1,-1.428198025187137,0,-0.19859672966043268
dpctgan,"ClosestDistance(L_2, accuracy)",12435,0,-1.4284971966784512,0,-0.19859672966043268
dpctgan,"ClosestDistance(L_2, accuracy)",12435,1,-0.5823972559618629,0,-0.19859672966043268
dpctgan,"ClosestDistance(L_2, accuracy)",12435,0,-0.2771908514858785,0,-0.19859672966043268
dpctgan,"ClosestDistance(L_2, accuracy)",12435,1,-0.6786059130895162,0,-0.19859672966043268
dpctgan,"ClosestDistance(L_2, accuracy)",12435,0,-1.4230456701198468,0,-0.19859672966043268
dpctgan,"ClosestDistance(L_2, accuracy)",12435,1,-0.6310110547480963,0,-0.19859672966043268
dpctgan,"ClosestDistance(L_2, accuracy)",12435,0,-0.8693586329197269,0,-0.19859672966043268
dpctgan,"ClosestDistance(L_2, accuracy)",12435,1,-1.4962894875757564,0,-0.19859672966043268
dpctgan,"ClosestDistance(L_2, accuracy)",12435,0,-0.3141169590623212,0,-0.19859672966043268
dpctgan,"ClosestDistance(L_2, accuracy)",12435,1,-1.440138955136054,0,-0.19859672966043268
dpctgan,"ClosestDistance(L_2, accuracy)",12435,0,-1.5585583324045202,0,-0.19859672966043268
dpctgan,"ClosestDistance(L_2, accuracy)",12435,1,-0.5342180268767707,0,-0.19859672966043268
dpctgan,"ClosestDistance(L_2, accuracy)",12435,0,-0.2804433271113965,0,-0.19859672966043268
dpctgan,"ClosestDistance(L_2, accuracy)",12435,1,-1.546792893118367,0,-0.19859672966043268
dpctgan,"ClosestDistance(L_2, accuracy)",12435,0,-0.7644105606068121,0,-0.19859672966043268
dpctgan,"ClosestDistance(L_2, accuracy)",12435,1,-1.469408336196716,0,-0.19859672966043268
dpctgan,"ClosestDistance(L_2, accuracy)",12435,0,-1.4858240334732287,0,-0.19859672966043268
dpctgan,"ClosestDistance(L_2, accuracy)",12435,1,-0.7431662463876261,0,-0.19859672966043268
dpctgan,"ClosestDistance(L_2, accuracy)",12435,0,-0.6510580197300725,0,-0.19859672966043268
dpctgan,"ClosestDistance(L_2, accuracy)",12435,1,-0.4070796517366504,0,-0.19859672966043268
dpctgan,"ClosestDistance(L_2, accuracy)",12435,0,-0.43613384273360734,0,-0.19859672966043268
dpctgan,"ClosestDistance(L_2, accuracy)",12435,1,-0.3485749020256736,0,-0.19859672966043268
dpctgan,"ClosestDistance(L_2, accuracy)",12435,0,-2.006031953611577,0,-0.19859672966043268
dpctgan,"ClosestDistance(L_2, accuracy)",12435,1,-0.3258737236938014,0,-0.19859672966043268
dpctgan,"ClosestDistance(L_2, accuracy)",12435,0,-0.6329937258829079,0,-0.19859672966043268
dpctgan,"ClosestDistance(L_2, accuracy)",12435,1,-1.4948826830512763,0,-0.19859672966043268
dpctgan,"ClosestDistance(L_2, accuracy)",12435,0,-1.4541255662104857,0,-0.19859672966043268
dpctgan,"ClosestDistance(L_2, accuracy)",12435,1,-1.439655615294146,0,-0.19859672966043268
dpctgan,"ClosestDistance(L_2, accuracy)",12435,0,-0.3347115244213177,0,-0.19859672966043268
dpctgan,"ClosestDistance(L_2, accuracy)",12435,1,-1.4602649655949584,0,-0.19859672966043268
dpctgan,"ClosestDistance(L_2, accuracy)",12435,0,-0.3856179566066205,0,-0.19859672966043268
dpctgan,"ClosestDistance(L_2, accuracy)",12435,1,-0.23471874793579423,0,-0.19859672966043268
dpctgan,"ClosestDistance(L_2, accuracy)",12435,0,-1.4600193720910632,0,-0.19859672966043268
dpctgan,"ClosestDistance(L_2, accuracy)",12435,1,-1.4571041769966455,0,-0.19859672966043268
dpctgan,"ClosestDistance(L_2, accuracy)",12435,0,-1.4215744228268066,0,-0.19859672966043268
dpctgan,"ClosestDistance(L_2, accuracy)",12435,1,-1.442573991703642,0,-0.19859672966043268
dpctgan,"ClosestDistance(L_2, accuracy)",12435,0,-2.0288531154017546,0,-0.19859672966043268
dpctgan,"ClosestDistance(L_2, accuracy)",12435,1,-0.6360306213205096,0,-0.19859672966043268
dpctgan,"ClosestDistance(L_2, accuracy)",12435,0,-1.4297549120753277,0,-0.19859672966043268
dpctgan,"ClosestDistance(L_2, accuracy)",12435,1,-0.15560276255526095,1,-0.19859672966043268
dpctgan,"ClosestDistance(L_2, accuracy)",12435,0,-0.07934853452530564,1,-0.19859672966043268
dpctgan,"ClosestDistance(L_2, accuracy)",12435,1,-1.414750950332547,0,-0.19859672966043268
dpctgan,"ClosestDistance(L_2, accuracy)",12435,0,-0.28129558422906314,0,-0.19859672966043268
dpctgan,"ClosestDistance(L_2, accuracy)",12435,1,-1.4532675155912784,0,-0.19859672966043268
dpctgan,"ClosestDistance(L_2, accuracy)",12435,0,-0.3758410418071949,0,-0.19859672966043268
dpctgan,"ClosestDistance(L_2, accuracy)",12435,1,-0.38666850450080303,0,-0.19859672966043268
dpctgan,"ClosestDistance(L_2, accuracy)",12435,0,-1.6742946154333358,0,-0.19859672966043268
dpctgan,"ClosestDistance(L_2, accuracy)",12435,1,-0.289280718697837,0,-0.19859672966043268
dpctgan,"ClosestDistance(L_2, accuracy)",12435,0,-0.15178719628604898,1,-0.19859672966043268
dpctgan,"ClosestDistance(L_2, accuracy)",12435,1,-1.4854833916575072,0,-0.19859672966043268
dpctgan,"ClosestDistance(L_2, accuracy)",12435,0,-1.4609971633739731,0,-0.19859672966043268
dpctgan,"ClosestDistance(L_2, accuracy)",12435,1,-1.4225288136359275,0,-0.19859672966043268
dpctgan,"ClosestDistance(L_2, accuracy)",12435,0,-0.38810891023697747,0,-0.19859672966043268
dpctgan,"ClosestDistance(L_2, accuracy)",12435,1,-1.4723046986661246,0,-0.19859672966043268
dpctgan,"ClosestDistance(L_2, accuracy)",12435,0,-0.3627374424958128,0,-0.19859672966043268
dpctgan,"ClosestDistance(L_2, accuracy)",12435,1,-1.5033265344503866,0,-0.19859672966043268
dpctgan,"ClosestDistance(L_2, accuracy)",12435,0,-0.5062947753928386,0,-0.19859672966043268
dpctgan,"ClosestDistance(L_2, accuracy)",12435,1,-0.3386179171688753,0,-0.19859672966043268
dpctgan,"ClosestDistance(L_2, accuracy)",12435,0,-0.49100118857507075,0,-0.19859672966043268
dpctgan,"ClosestDistance(L_2, accuracy)",12435,1,-0.3321498264057967,0,-0.19859672966043268
dpctgan,"ClosestDistance(L_2, accuracy)",12435,0,-1.4924006224118858,0,-0.19859672966043268
dpctgan,"ClosestDistance(L_2, accuracy)",12435,1,-0.3661948657193721,0,-0.19859672966043268
dpctgan,"ClosestDistance(L_2, accuracy)",12435,0,-0.3377706518020558,0,-0.19859672966043268
dpctgan,"ClosestDistance(L_2, accuracy)",12435,1,-0.376838168935336,0,-0.19859672966043268
dpctgan,"ClosestDistance(L_2, accuracy)",12435,0,-1.4927507065339705,0,-0.19859672966043268
dpctgan,"ClosestDistance(L_2, accuracy)",12435,1,-1.533790674625927,0,-0.19859672966043268
dpctgan,"ClosestDistance(L_2, accuracy)",12435,0,-1.4520023643590092,0,-0.19859672966043268
dpctgan,"ClosestDistance(L_2, accuracy)",12435,1,-0.48436885474934427,0,-0.19859672966043268
dpctgan,"ClosestDistance(L_2, accuracy)",12435,0,-2.0493909273097337,0,-0.19859672966043268
dpctgan,"ClosestDistance(L_2, accuracy)",12435,1,-0.3858633693124597,0,-0.19859672966043268
dpctgan,"ClosestDistance(L_2, accuracy)",12435,0,-0.17007816920853203,1,-0.19859672966043268
dpctgan,"ClosestDistance(L_2, accuracy)",12435,1,-0.4745194671102523,0,-0.19859672966043268
dpctgan,"ClosestDistance(L_2, accuracy)",12435,0,-1.4220353987387961,0,-0.19859672966043268
dpctgan,"ClosestDistance(L_2, accuracy)",12435,1,-1.4386073700626554,0,-0.19859672966043268
dpctgan,"ClosestDistance(L_2, accuracy)",12435,0,-0.30693376150786555,0,-0.19859672966043268
dpctgan,"ClosestDistance(L_2, accuracy)",12435,1,-0.4993899815814129,0,-0.19859672966043268
dpctgan,"ClosestDistance(L_2, accuracy)",12435,0,-0.45906173345161855,0,-0.19859672966043268
dpctgan,"ClosestDistance(L_2, accuracy)",12435,1,-1.4909957184185554,0,-0.19859672966043268
dpctgan,"ClosestDistance(L_2, accuracy)",12435,0,-1.4436241314736185,0,-0.19859672966043268
dpctgan,"ClosestDistance(L_2, accuracy)",12435,1,-1.4480227129036027,0,-0.19859672966043268
dpctgan,"ClosestDistance(L_2, accuracy)",12435,0,-1.4396025887551307,0,-0.19859672966043268
dpctgan,"ClosestDistance(L_2, accuracy)",12435,1,-1.4287780833128905,0,-0.19859672966043268
dpctgan,"ClosestDistance(L_2, accuracy)",12435,0,-0.5250643570685463,0,-0.19859672966043268
dpctgan,"ClosestDistance(L_2, accuracy)",12435,1,-1.4276353255976106,0,-0.19859672966043268
dpctgan,"ClosestDistance(L_2, accuracy)",12435,0,-0.5608280584657044,0,-0.19859672966043268
dpctgan,"ClosestDistance(L_2, accuracy)",12435,1,-0.3334258456444216,0,-0.19859672966043268
dpctgan,"ClosestDistance(L_2, accuracy)",12435,0,-0.22539720921637804,0,-0.19859672966043268
dpctgan,"ClosestDistance(L_2, accuracy)",12435,1,-0.9482457296410759,0,-0.19859672966043268
dpctgan,"ClosestDistance(L_2, accuracy)",12435,0,-0.385193807351267,0,-0.19859672966043268
dpctgan,"ClosestDistance(L_2, accuracy)",12435,1,-1.4944111113931777,0,-0.19859672966043268
dpctgan,"ClosestDistance(L_2, accuracy)",12435,0,-1.4683871663619943,0,-0.19859672966043268
dpctgan,"ClosestDistance(L_2, accuracy)",12435,1,-1.4526056559052605,0,-0.19859672966043268
dpctgan,"ClosestDistance(L_2, accuracy)",12435,0,-1.4513730607786708,0,-0.19859672966043268
dpctgan,"ClosestDistance(L_2, accuracy)",12435,1,-1.4192035704478831,0,-0.19859672966043268
dpctgan,"ClosestDistance(L_2, accuracy)",12435,0,-1.4441100113798284,0,-0.19859672966043268
dpctgan,"ClosestDistance(L_2, accuracy)",12435,1,-0.4676433627975928,0,-0.19859672966043268
dpctgan,"ClosestDistance(L_2, accuracy)",12435,0,-0.9988739415479154,0,-0.19859672966043268
dpctgan,"ClosestDistance(L_2, accuracy)",12435,1,-0.5322438975422764,0,-0.19859672966043268
dpctgan,"ClosestDistance(L_2, accuracy)",12435,0,-0.19198812966487522,1,-0.19859672966043268
dpctgan,"ClosestDistance(L_2, accuracy)",12435,1,-0.4862169430741984,0,-0.19859672966043268
dpctgan,"ClosestDistance(L_2, accuracy)",12435,0,-1.4356600814304572,0,-0.19859672966043268
dpctgan,"ClosestDistance(L_2, accuracy)",12435,1,-1.4228923468603016,0,-0.19859672966043268
dpctgan,"ClosestDistance(L_2, accuracy)",12435,0,-0.44594352594852904,0,-0.19859672966043268
dpctgan,"ClosestDistance(L_2, accuracy)",12435,1,-1.4478500075398886,0,-0.19859672966043268
dpctgan,"ClosestDistance(L_2, accuracy)",12435,0,-0.12490447399876646,1,-0.19859672966043268
dpctgan,"ClosestDistance(L_2, accuracy)",12435,1,-1.4509630902407842,0,-0.19859672966043268
dpctgan,"ClosestDistance(L_2, accuracy)",12435,0,-1.437322667052748,0,-0.19859672966043268
dpctgan,"ClosestDistance(L_2, accuracy)",12435,1,-1.4391811032485606,0,-0.19859672966043268
dpctgan,"ClosestDistance(L_2, accuracy)",12435,0,-1.4368209223169837,0,-0.19859672966043268
dpctgan,"ClosestDistance(L_2, accuracy)",12435,1,-1.4772096786000315,0,-0.19859672966043268
dpctgan,"ClosestDistance(L_2, accuracy)",12435,0,-1.4245858033604106,0,-0.19859672966043268
dpctgan,"ClosestDistance(L_2, accuracy)",12435,1,-0.5712753115660179,0,-0.19859672966043268
dpctgan,"ClosestDistance(L_2, accuracy)",12435,0,-0.5386950157142886,0,-0.19859672966043268
dpctgan,"ClosestDistance(L_2, accuracy)",12435,1,-1.5160465730039872,0,-0.19859672966043268
dpctgan,"ClosestDistance(L_2, accuracy)",12435,0,-1.4162778630560933,0,-0.19859672966043268
dpctgan,"ClosestDistance(L_2, accuracy)",12435,1,-0.2918205658793845,0,-0.19859672966043268
dpctgan,"ClosestDistance(L_2, accuracy)",12435,0,-1.444538543928562,0,-0.19859672966043268
dpctgan,"ClosestDistance(L_2, accuracy)",12435,1,-0.20171014631905346,0,-0.19859672966043268
dpctgan,"ClosestDistance(L_2, accuracy)",12435,0,-0.05795389375475758,1,-0.19859672966043268
dpctgan,"ClosestDistance(L_2, accuracy)",12435,1,-1.494472422858337,0,-0.19859672966043268
dpctgan,"ClosestDistance(L_2, accuracy)",12435,0,-0.4594669848079237,0,-0.19859672966043268
dpctgan,"ClosestDistance(L_2, accuracy)",12435,1,-0.3208410942015204,0,-0.19859672966043268
dpctgan,"ClosestDistance(L_2, accuracy)",12435,0,-1.4859112726229107,0,-0.19859672966043268
dpctgan,"ClosestDistance(L_2, accuracy)",12435,1,-0.6800583549270849,0,-0.19859672966043268
dpctgan,"ClosestDistance(L_2, accuracy)",12435,0,-1.4646831843075787,0,-0.19859672966043268
dpctgan,"ClosestDistance(L_2, accuracy)",12435,1,-1.4401822777987598,0,-0.19859672966043268
dpctgan,"ClosestDistance(L_2, accuracy)",12435,0,-1.4410082296505289,0,-0.19859672966043268
dpctgan,"ClosestDistance(L_2, accuracy)",12435,1,-1.417190392267646,0,-0.19859672966043268
dpctgan,"ClosestDistance(L_2, accuracy)",12435,0,-1.4229512258880201,0,-0.19859672966043268
dpctgan,"ClosestDistance(L_2, accuracy)",12435,1,-0.5727417127765173,0,-0.19859672966043268
dpctgan,"ClosestDistance(L_2, accuracy)",12435,0,-1.4404121999211983,0,-0.19859672966043268
dpctgan,"ClosestDistance(L_2, accuracy)",12435,1,-1.7432280302130663,0,-0.19859672966043268
dpctgan,"ClosestDistance(L_2, accuracy)",12435,0,-0.6087167624311328,0,-0.19859672966043268
dpctgan,"ClosestDistance(L_2, accuracy)",12435,1,-0.4719351697638382,0,-0.19859672966043268
dpctgan,"ClosestDistance(L_2, accuracy)",12435,0,-0.23151226572241845,0,-0.19859672966043268
dpctgan,"ClosestDistance(L_2, accuracy)",12435,1,-1.5631495917153257,0,-0.19859672966043268
dpctgan,"ClosestDistance(L_2, accuracy)",12435,0,-0.4168816455261296,0,-0.19859672966043268
dpctgan,"ClosestDistance(L_2, accuracy)",12435,1,-1.460249964522276,0,-0.19859672966043268
dpctgan,"ClosestDistance(L_2, accuracy)",12435,0,-1.4378967400800025,0,-0.19859672966043268
dpctgan,"ClosestDistance(L_2, accuracy)",12435,1,-0.33600150444458715,0,-0.19859672966043268
dpctgan,"ClosestDistance(L_2, accuracy)",12435,0,-1.4464151159107335,0,-0.19859672966043268
dpctgan,"ClosestDistance(L_2, accuracy)",12435,1,-0.22618644751933964,0,-0.19859672966043268
dpctgan,"ClosestDistance(L_2, accuracy)",12435,0,-0.43643904085806273,0,-0.19859672966043268
dpctgan,"ClosestDistance(L_2, accuracy)",12435,1,-0.25124192657807703,0,-0.19859672966043268
dpctgan,"ClosestDistance(L_2, accuracy)",12435,0,-1.444462219219862,0,-0.19859672966043268
dpctgan,"ClosestDistance(L_2, accuracy)",12435,1,-0.2428037683733055,0,-0.19859672966043268
dpctgan,"ClosestDistance(L_2, accuracy)",12435,0,-1.4808621227286936,0,-0.19859672966043268
dpctgan,"ClosestDistance(L_2, accuracy)",12435,1,-0.5792776296124921,0,-0.19859672966043268
dpctgan,"ClosestDistance(L_2, accuracy)",12435,0,-1.4397871646958353,0,-0.19859672966043268
dpctgan,"ClosestDistance(L_2, accuracy)",12435,1,-1.4931035558012742,0,-0.19859672966043268
dpctgan,"ClosestDistance(L_2, accuracy)",12435,0,-1.4350914562151313,0,-0.19859672966043268
dpctgan,"ClosestDistance(L_2, accuracy)",12435,1,-0.5379386709210053,0,-0.19859672966043268
dpctgan,"ClosestDistance(L_2, accuracy)",12435,0,-0.29826718717379297,0,-0.19859672966043268
dpctgan,"ClosestDistance(L_2, accuracy)",12435,1,-1.4816433670642655,0,-0.19859672966043268
dpctgan,"ClosestDistance(L_2, accuracy)",12435,0,-0.40788320611820633,0,-0.19859672966043268
dpctgan,"ClosestDistance(L_2, accuracy)",12435,1,-1.4791740553277253,0,-0.19859672966043268
dpctgan,"ClosestDistance(L_2, accuracy)",12435,0,-1.5207198093050445,0,-0.19859672966043268
dpctgan,"ClosestDistance(L_2, accuracy)",12435,1,-0.9611279140135082,0,-0.19859672966043268
dpctgan,"ClosestDistance(L_2, accuracy)",12435,0,-1.5234375120717698,0,-0.19859672966043268
dpctgan,"ClosestDistance(L_2, accuracy)",12435,1,-1.4334940575414163,0,-0.19859672966043268
dpctgan,"ClosestDistance(L_2, accuracy)",12435,0,-0.2454939253351444,0,-0.19859672966043268
dpctgan,"ClosestDistance(L_2, accuracy)",12435,1,-1.4404232243171682,0,-0.19859672966043268
dpctgan,"ClosestDistance(L_2, accuracy)",12435,0,-1.4617982762418105,0,-0.19859672966043268
dpctgan,"ClosestDistance(L_2, accuracy)",12435,1,-1.43959014836504,0,-0.19859672966043268
dpctgan,"ClosestDistance(L_2, accuracy)",12435,0,-1.4424542792289174,0,-0.19859672966043268
dpctgan,"ClosestDistance(L_2, accuracy)",12435,1,-0.5135899046088174,0,-0.19859672966043268
dpctgan,"ClosestDistance(L_2, accuracy)",12435,0,-0.2165144086952127,0,-0.19859672966043268
dpctgan,"ClosestDistance(L_2, accuracy)",12435,1,-0.26887761695667156,0,-0.19859672966043268
dpctgan,"ClosestDistance(L_2, accuracy)",12435,0,-0.2871984168452261,0,-0.19859672966043268
dpctgan,"ClosestDistance(L_2, accuracy)",12435,1,-0.6642050596180414,0,-0.19859672966043268
dpctgan,"ClosestDistance(L_2, accuracy)",12435,0,-1.4593408036976587,0,-0.19859672966043268
dpctgan,"ClosestDistance(L_2, accuracy)",12435,1,-1.5115515035440057,0,-0.19859672966043268
dpctgan,"ClosestDistance(L_2, accuracy)",12435,0,-0.8225922106705498,0,-0.19859672966043268
dpctgan,"ClosestDistance(L_2, accuracy)",12435,1,-0.8802333516288096,0,-0.19859672966043268
dpctgan,"ClosestDistance(L_2, accuracy)",12435,0,-0.12202852865902276,1,-0.19859672966043268
dpctgan,"ClosestDistance(L_2, accuracy)",12435,1,-0.6139722141459526,0,-0.19859672966043268
dpctgan,"ClosestDistance(L_2, accuracy)",12435,0,-1.5435161325654447,0,-0.19859672966043268
dpctgan,"ClosestDistance(L_2, accuracy)",12435,1,-0.3456220306376257,0,-0.19859672966043268
dpctgan,"ClosestDistance(L_2, accuracy)",12435,0,-0.24970980675650772,0,-0.19859672966043268
dpctgan,"ClosestDistance(L_2, accuracy)",12435,1,-1.4580482041986635,0,-0.19859672966043268
dpctgan,"ClosestDistance(L_2, accuracy)",12435,0,-1.4408092734858498,0,-0.19859672966043268
dpctgan,"ClosestDistance(L_2, accuracy)",12435,1,-1.5106463426830734,0,-0.19859672966043268
dpctgan,"ClosestDistance(L_2, accuracy)",12435,0,-1.014159496008336,0,-0.19859672966043268
dpctgan,"ClosestDistance(L_2, accuracy)",12435,1,-0.6935848820109518,0,-0.19859672966043268
dpctgan,"ClosestDistance(L_2, accuracy)",12435,0,-1.4589699880698048,0,-0.19859672966043268
dpctgan,"ClosestDistance(L_2, accuracy)",12435,1,-0.39845326520400626,0,-0.19859672966043268
dpctgan,"ClosestDistance(L_2, accuracy)",12435,0,-0.1389571792334154,1,-0.19859672966043268
dpctgan,"ClosestDistance(L_2, accuracy)",12435,1,-1.4246657265243543,0,-0.19859672966043268
dpctgan,"ClosestDistance(L_2, accuracy)",12435,0,-0.1297194347983796,1,-0.19859672966043268
dpctgan,"ClosestDistance(L_2, accuracy)",12435,1,-0.17370427771748717,1,-0.19859672966043268
dpctgan,"ClosestDistance(L_2, accuracy)",12435,0,-1.418411650195599,0,-0.19859672966043268
dpctgan,"ClosestDistance(L_2, accuracy)",12435,1,-0.6145313075450078,0,-0.19859672966043268
dpctgan,"ClosestDistance(L_2, accuracy)",12435,0,-0.5387916043081605,0,-0.19859672966043268
dpctgan,"ClosestDistance(L_2, accuracy)",12435,1,-2.036567902051756,0,-0.19859672966043268
dpctgan,"ClosestDistance(L_2, accuracy)",12435,0,-0.34254430277987685,0,-0.19859672966043268
dpctgan,"ClosestDistance(L_2, accuracy)",12435,1,-1.418903072545394,0,-0.19859672966043268
dpctgan,"ClosestDistance(L_2, accuracy)",12435,0,-0.30150343406770075,0,-0.19859672966043268
dpctgan,"ClosestDistance(L_2, accuracy)",12435,1,-0.2837307107033221,0,-0.19859672966043268
dpctgan,"ClosestDistance(L_2, accuracy)",12435,0,-1.5717784001842614,0,-0.19859672966043268
dpctgan,"ClosestDistance(L_2, accuracy)",12435,1,-0.21362499689801984,0,-0.19859672966043268
dpctgan,"ClosestDistance(L_2, accuracy)",12435,0,-1.5387658981274148,0,-0.19859672966043268
dpctgan,"ClosestDistance(L_2, accuracy)",12435,1,-0.4006375905406477,0,-0.19859672966043268
dpctgan,"ClosestDistance(L_2, accuracy)",12435,0,-0.601256935853835,0,-0.19859672966043268
dpctgan,"ClosestDistance(L_2, accuracy)",12435,1,-1.4758460089587861,0,-0.19859672966043268
dpctgan,"ClosestDistance(L_2, accuracy)",12435,0,-1.4300256108726963,0,-0.19859672966043268
dpctgan,"ClosestDistance(L_2, accuracy)",12435,1,-1.424847201523937,0,-0.19859672966043268
dpctgan,"ClosestDistance(L_2, accuracy)",12435,0,-1.4970124162035676,0,-0.19859672966043268
dpctgan,"ClosestDistance(L_2, accuracy)",12435,1,-1.4451256560815635,0,-0.19859672966043268
dpctgan,"ClosestDistance(L_2, accuracy)",12435,0,-1.4219356365485585,0,-0.19859672966043268
dpctgan,"ClosestDistance(L_2, accuracy)",12435,1,-1.48021520684365,0,-0.19859672966043268
dpctgan,"ClosestDistance(L_2, accuracy)",12435,0,-0.2059385425664781,0,-0.19859672966043268
dpctgan,"ClosestDistance(L_2, accuracy)",12435,1,-0.37965980331557886,0,-0.19859672966043268
dpctgan,"ClosestDistance(L_2, accuracy)",12435,0,-1.4385260515406784,0,-0.19859672966043268
dpctgan,"ClosestDistance(L_2, accuracy)",12435,1,-0.241952751298721,0,-0.19859672966043268
dpctgan,"ClosestDistance(L_2, accuracy)",12435,0,-1.5503368942621856,0,-0.19859672966043268
dpctgan,"ClosestDistance(L_2, accuracy)",12435,1,-0.219684984559111,0,-0.19859672966043268
dpctgan,"ClosestDistance(L_2, accuracy)",12435,0,-0.18677215341960357,1,-0.19859672966043268
dpctgan,"ClosestDistance(L_2, accuracy)",12435,1,-1.4440602166258125,0,-0.19859672966043268
dpctgan,"ClosestDistance(L_2, accuracy)",12435,0,-0.5778347610383041,0,-0.19859672966043268
dpctgan,"ClosestDistance(L_2, accuracy)",12435,1,-0.40566610364678407,0,-0.19859672966043268
dpctgan,"ClosestDistance(L_2, accuracy)",12435,0,-0.2802077316835831,0,-0.19859672966043268
dpctgan,"ClosestDistance(L_2, accuracy)",12435,1,-1.444637473380569,0,-0.19859672966043268
dpctgan,"ClosestDistance(L_2, accuracy)",12435,0,-0.9244634698809183,0,-0.19859672966043268
dpctgan,"ClosestDistance(L_2, accuracy)",12435,1,-1.41942112121763,0,-0.19859672966043268
dpctgan,"ClosestDistance(L_2, accuracy)",12435,0,-1.4538626037157025,0,-0.19859672966043268
dpctgan,"ClosestDistance(L_2, accuracy)",12435,1,-1.416442735715021,0,-0.19859672966043268
dpctgan,"ClosestDistance(L_2, accuracy)",12435,0,-0.65344264058838,0,-0.19859672966043268
dpctgan,"ClosestDistance(L_2, accuracy)",12435,1,-1.486032338307129,0,-0.19859672966043268
dpctgan,"ClosestDistance(L_2, accuracy)",12435,0,-1.5029036376109879,0,-0.19859672966043268
dpctgan,"ClosestDistance(L_2, accuracy)",12435,1,-1.4350705295125823,0,-0.19859672966043268
dpctgan,"ClosestDistance(L_2, accuracy)",12435,0,-0.8559988008099056,0,-0.19859672966043268
dpctgan,"ClosestDistance(L_2, accuracy)",12435,1,-0.7722045837875902,0,-0.19859672966043268
dpctgan,"ClosestDistance(L_2, accuracy)",12435,0,-1.5416531745349686,0,-0.19859672966043268
dpctgan,"ClosestDistance(L_2, accuracy)",12435,1,-1.688578997252571,0,-0.19859672966043268
dpctgan,"ClosestDistance(L_2, accuracy)",12435,0,-1.4433472367886062,0,-0.19859672966043268
dpctgan,"ClosestDistance(L_2, accuracy)",12435,1,-0.32068943410677925,0,-0.19859672966043268
dpctgan,"ClosestDistance(L_2, accuracy)",12435,0,-0.7055154652656336,0,-0.19859672966043268
dpctgan,"ClosestDistance(L_2, accuracy)",12435,1,-1.4616690128837915,0,-0.19859672966043268
dpctgan,"ClosestDistance(L_2, accuracy)",12435,0,-0.2864367226005552,0,-0.19859672966043268
dpctgan,"ClosestDistance(L_2, accuracy)",12435,1,-2.0486138378163736,0,-0.19859672966043268
dpctgan,"ClosestDistance(L_2, accuracy)",12435,0,-0.14445659611935535,1,-0.19859672966043268
dpctgan,"ClosestDistance(L_2, accuracy)",12435,1,-0.33129545880106237,0,-0.19859672966043268
dpctgan,"ClosestDistance(L_2, accuracy)",12435,0,-1.5593092442558294,0,-0.19859672966043268
dpctgan,"ClosestDistance(L_2, accuracy)",12435,1,-1.4635137057750085,0,-0.19859672966043268
dpctgan,"ClosestDistance(L_2, accuracy)",12435,0,-1.423507366351332,0,-0.19859672966043268
dpctgan,"ClosestDistance(L_2, accuracy)",12435,1,-0.06647158275034223,1,-0.19859672966043268
dpctgan,"ClosestDistance(L_2, accuracy)",12435,0,-0.7109053713542627,0,-0.19859672966043268
dpctgan,"ClosestDistance(L_2, accuracy)",12435,1,-1.512802888670954,0,-0.19859672966043268
dpctgan,"ClosestDistance(L_2, accuracy)",12435,0,-1.475637617503269,0,-0.19859672966043268
dpctgan,"ClosestDistance(L_2, accuracy)",12435,1,-0.1660645612996167,1,-0.19859672966043268
dpctgan,"ClosestDistance(L_2, accuracy)",12435,0,-1.4341834354454097,0,-0.19859672966043268
dpctgan,"ClosestDistance(L_2, accuracy)",12435,1,-0.28866269272534884,0,-0.19859672966043268
dpctgan,"ClosestDistance(L_2, accuracy)",12435,0,-0.13975694908708144,1,-0.19859672966043268
dpctgan,"ClosestDistance(L_2, accuracy)",12435,1,-1.4614347307746385,0,-0.19859672966043268
dpctgan,"ClosestDistance(L_2, accuracy)",12435,0,-1.4165144723740035,0,-0.19859672966043268
dpctgan,"ClosestDistance(L_2, accuracy)",12435,1,-0.5759316031238391,0,-0.19859672966043268
dpctgan,"ClosestDistance(L_2, accuracy)",12435,0,-0.4262914509977308,0,-0.19859672966043268
dpctgan,"ClosestDistance(L_2, accuracy)",12435,1,-1.5517791652848594,0,-0.19859672966043268
dpctgan,"ClosestDistance(L_2, accuracy)",12435,0,-0.1394094226902001,1,-0.19859672966043268
dpctgan,"ClosestDistance(L_2, accuracy)",12435,1,-1.425843304004159,0,-0.19859672966043268
dpctgan,"ClosestDistance(L_2, accuracy)",12435,0,-0.38434444660255196,0,-0.19859672966043268
dpctgan,"ClosestDistance(L_2, accuracy)",12435,1,-0.4267507667818961,0,-0.19859672966043268
dpctgan,"ClosestDistance(L_2, accuracy)",12435,0,-0.2825629964784893,0,-0.19859672966043268
dpctgan,"ClosestDistance(L_2, accuracy)",12435,1,-2.003238164351048,0,-0.19859672966043268
dpctgan,"ClosestDistance(L_2, accuracy)",12435,0,-1.4673825960561642,0,-0.19859672966043268
dpctgan,"ClosestDistance(L_2, accuracy)",12435,1,-0.2817455371896145,0,-0.19859672966043268
dpctgan,"ClosestDistance(L_2, accuracy)",12435,0,-0.24906406349470558,0,-0.19859672966043268
dpctgan,"ClosestDistance(L_2, accuracy)",12435,1,-0.26079551676686485,0,-0.19859672966043268
dpctgan,"ClosestDistance(L_2, accuracy)",12435,0,-0.8321495703731665,0,-0.19859672966043268
dpctgan,"ClosestDistance(L_2, accuracy)",12435,1,-0.32920076594621744,0,-0.19859672966043268
dpctgan,"ClosestDistance(L_2, accuracy)",12435,0,-1.473323524103778,0,-0.19859672966043268
dpctgan,"ClosestDistance(L_2, accuracy)",12435,1,-0.49551979323326095,0,-0.19859672966043268
dpctgan,"ClosestDistance(L_2, accuracy)",12435,0,-1.4276894520352108,0,-0.19859672966043268
dpctgan,"ClosestDistance(L_2, accuracy)",12435,1,-0.36954934794724514,0,-0.19859672966043268
dpctgan,"ClosestDistance(L_2, accuracy)",12435,0,-1.438617783709496,0,-0.19859672966043268
dpctgan,"ClosestDistance(L_2, accuracy)",12435,1,-1.4210614586434953,0,-0.19859672966043268
dpctgan,"ClosestDistance(L_2, accuracy)",12435,0,-1.5148528668862307,0,-0.19859672966043268
dpctgan,"ClosestDistance(L_2, accuracy)",12435,1,-0.2845328051258009,0,-0.19859672966043268
dpctgan,"ClosestDistance(L_2, accuracy)",12435,0,-0.695998206641091,0,-0.19859672966043268
dpctgan,"ClosestDistance(L_2, accuracy)",12435,1,-1.439597452279307,0,-0.19859672966043268
dpctgan,"ClosestDistance(L_2, accuracy)",12435,0,-0.1341262918412987,1,-0.19859672966043268
dpctgan,"ClosestDistance(L_2, accuracy)",12435,1,-1.4324909732490885,0,-0.19859672966043268
dpctgan,"ClosestDistance(L_2, accuracy)",12435,0,-1.4778410488602725,0,-0.19859672966043268
dpctgan,"ClosestDistance(L_2, accuracy)",12435,1,-0.2719103982992655,0,-0.19859672966043268
dpctgan,"ClosestDistance(L_2, accuracy)",12435,0,-1.5094739670834976,0,-0.19859672966043268
dpctgan,"ClosestDistance(L_2, accuracy)",12435,1,-0.4516205300320205,0,-0.19859672966043268
dpctgan,"ClosestDistance(L_2, accuracy)",12435,0,-0.6560743848066178,0,-0.19859672966043268
dpctgan,"ClosestDistance(L_2, accuracy)",12435,1,-2.122194948461503,0,-0.19859672966043268
dpctgan,"ClosestDistance(L_2, accuracy)",12435,0,-0.5612146153062018,0,-0.19859672966043268
dpctgan,"ClosestDistance(L_2, accuracy)",12435,1,-0.7352418872115694,0,-0.19859672966043268
dpctgan,"ClosestDistance(L_2, accuracy)",12435,0,-0.39128070307518764,0,-0.19859672966043268
dpctgan,"ClosestDistance(L_2, accuracy)",12435,1,-1.4178916755843496,0,-0.19859672966043268
dpctgan,"ClosestDistance(L_2, accuracy)",12435,0,-0.14749747576249927,1,-0.19859672966043268
dpctgan,"ClosestDistance(L_2, accuracy)",12435,1,-0.12400429610609018,1,-0.19859672966043268
dpctgan,"ClosestDistance(L_2, accuracy)",12435,0,-1.4290132210548423,0,-0.19859672966043268
dpctgan,"ClosestDistance(L_2, accuracy)",12435,1,-0.380057011914619,0,-0.19859672966043268
dpctgan,"ClosestDistance(L_2, accuracy)",12435,0,-0.23853086398679507,0,-0.19859672966043268
dpctgan,"ClosestDistance(L_2, accuracy)",12435,1,-0.348367378905848,0,-0.19859672966043268
dpctgan,"ClosestDistance(L_2, accuracy)",12435,0,-0.2967913933438752,0,-0.19859672966043268
dpctgan,"ClosestDistance(L_2, accuracy)",12435,1,-0.18805966235585372,1,-0.19859672966043268
dpctgan,"ClosestDistance(L_2, accuracy)",12435,0,-0.4912321485318991,0,-0.19859672966043268
dpctgan,"ClosestDistance(L_2, accuracy)",12435,1,-1.4322702246054766,0,-0.19859672966043268
dpctgan,"ClosestDistance(L_2, accuracy)",12435,0,-0.5964855870667713,0,-0.19859672966043268
dpctgan,"ClosestDistance(L_2, accuracy)",12435,1,-1.4785678651797227,0,-0.19859672966043268
dpctgan,"ClosestDistance(L_2, accuracy)",12435,0,-1.4366092236267416,0,-0.19859672966043268
dpctgan,"ClosestDistance(L_2, accuracy)",12435,1,-1.4261839781244416,0,-0.19859672966043268
dpctgan,"ClosestDistance(L_2, accuracy)",12435,0,-1.470995956711254,0,-0.19859672966043268
dpctgan,"ClosestDistance(L_2, accuracy)",12435,1,-1.4379939769321883,0,-0.19859672966043268
dpctgan,"ClosestDistance(L_2, accuracy)",12435,0,-0.2626381233284935,0,-0.19859672966043268
dpctgan,"ClosestDistance(L_2, accuracy)",12435,1,-1.4234807963151583,0,-0.19859672966043268
dpctgan,"ClosestDistance(L_2, accuracy)",12435,0,-1.4669917446759397,0,-0.19859672966043268
dpctgan,"ClosestDistance(L_2, accuracy)",12435,1,-0.6478244240568526,0,-0.19859672966043268
dpctgan,"ClosestDistance(L_2, accuracy)",12435,0,-0.32547319347992115,0,-0.19859672966043268
dpctgan,"ClosestDistance(L_2, accuracy)",12435,1,-2.012047314340548,0,-0.19859672966043268
dpctgan,"ClosestDistance(L_2, accuracy)",12435,0,-1.5844896276877485,0,-0.19859672966043268
dpctgan,"ClosestDistance(L_2, accuracy)",12435,1,-2.0121535029769824,0,-0.19859672966043268
dpctgan,"ClosestDistance(L_2, accuracy)",12435,0,-0.18728427922271645,1,-0.19859672966043268
dpctgan,"ClosestDistance(L_2, accuracy)",12435,1,-1.430469107381715,0,-0.19859672966043268
dpctgan,"ClosestDistance(L_2, accuracy)",12435,0,-1.7792239672241632,0,-0.19859672966043268
dpctgan,"ClosestDistance(L_2, accuracy)",12435,1,-0.6611845627571943,0,-0.19859672966043268
dpctgan,"ClosestDistance(L_2, accuracy)",12435,0,-1.433496634395383,0,-0.19859672966043268
dpctgan,"ClosestDistance(L_2, accuracy)",12435,1,-0.5546504800515195,0,-0.19859672966043268
dpctgan,"ClosestDistance(L_2, accuracy)",12435,0,-0.4702632495632455,0,-0.19859672966043268
dpctgan,"ClosestDistance(L_2, accuracy)",12435,1,-0.4888848418046324,0,-0.19859672966043268
dpctgan,"ClosestDistance(L_2, accuracy)",12435,0,-1.4282182728200754,0,-0.19859672966043268
dpctgan,"ClosestDistance(L_2, accuracy)",12435,1,-0.5283303892215285,0,-0.19859672966043268
dpctgan,"ClosestDistance(L_2, accuracy)",12435,0,-1.442720481742981,0,-0.19859672966043268
dpctgan,"ClosestDistance(L_2, accuracy)",12435,1,-1.4368998590255897,0,-0.19859672966043268
dpctgan,"ClosestDistance(L_2, accuracy)",12435,0,-1.4542164226745198,0,-0.19859672966043268
dpctgan,"ClosestDistance(L_2, accuracy)",12435,1,-0.6468568508089867,0,-0.19859672966043268
dpctgan,"ClosestDistance(L_2, accuracy)",12435,0,-1.4315007933975294,0,-0.19859672966043268
dpctgan,"ClosestDistance(L_2, accuracy)",12435,1,-1.477228752362449,0,-0.19859672966043268
dpctgan,"ClosestDistance(L_2, accuracy)",12435,0,-0.551798861146611,0,-0.19859672966043268
dpctgan,"ClosestDistance(L_2, accuracy)",12435,1,-1.4455029185301067,0,-0.19859672966043268
dpctgan,"ClosestDistance(L_2, accuracy)",12435,0,-0.6119760406068124,0,-0.19859672966043268
dpctgan,"ClosestDistance(L_2, accuracy)",12435,1,-1.4239524968533346,0,-0.19859672966043268
dpctgan,"ClosestDistance(L_2, accuracy)",12435,0,-1.4309512219683684,0,-0.19859672966043268
dpctgan,"ClosestDistance(L_2, accuracy)",12435,1,-1.4181204510828698,0,-0.19859672966043268
dpctgan,"ClosestDistance(L_2, accuracy)",12435,0,-1.4504040210271438,0,-0.19859672966043268
dpctgan,"ClosestDistance(L_2, accuracy)",12435,1,-0.13678493333120242,1,-0.19859672966043268
dpctgan,"ClosestDistance(L_2, accuracy)",12435,0,-1.421939850992662,0,-0.19859672966043268
dpctgan,"ClosestDistance(L_2, accuracy)",12435,1,-0.4095816595030305,0,-0.19859672966043268
dpctgan,"ClosestDistance(L_2, accuracy)",12435,0,-0.9764736462880486,0,-0.19859672966043268
dpctgan,"ClosestDistance(L_2, accuracy)",12435,1,-0.5593495214898163,0,-0.19859672966043268
dpctgan,"ClosestDistance(L_2, accuracy)",12435,0,-0.5809193564639913,0,-0.19859672966043268
dpctgan,"ClosestDistance(L_2, accuracy)",12435,1,-1.4398040001022407,0,-0.19859672966043268
dpctgan,"ClosestDistance(L_2, accuracy)",12435,0,-0.19140264206110685,1,-0.19859672966043268
dpctgan,"ClosestDistance(L_2, accuracy)",12435,1,-0.17470056916888518,1,-0.19859672966043268
dpctgan,"ClosestDistance(L_2, accuracy)",12435,0,-0.26815780546246826,0,-0.19859672966043268
dpctgan,"ClosestDistance(L_2, accuracy)",12435,1,-0.3408951005096373,0,-0.19859672966043268
dpctgan,"ClosestDistance(L_2, accuracy)",12435,0,-0.22514534543773798,0,-0.19859672966043268
dpctgan,"ClosestDistance(L_2, accuracy)",12435,1,-1.4206668595450065,0,-0.19859672966043268
dpctgan,"ClosestDistance(L_2, accuracy)",12435,0,-1.4424886503253904,0,-0.19859672966043268
dpctgan,"ClosestDistance(L_2, accuracy)",12435,1,-1.44184413763556,0,-0.19859672966043268
dpctgan,"ClosestDistance(L_2, accuracy)",12435,0,-1.4404575762626308,0,-0.19859672966043268
dpctgan,"ClosestDistance(L_2, accuracy)",12435,1,-1.480976893415108,0,-0.19859672966043268
dpctgan,"ClosestDistance(L_2, accuracy)",12435,0,-0.4258830184686408,0,-0.19859672966043268
dpctgan,"ClosestDistance(L_2, accuracy)",12435,1,-0.46895479302935766,0,-0.19859672966043268
dpctgan,"ClosestDistance(L_2, accuracy)",12435,0,-0.44698492672742596,0,-0.19859672966043268
dpctgan,"ClosestDistance(L_2, accuracy)",12435,1,-0.5156588782668207,0,-0.19859672966043268
dpctgan,"ClosestDistance(L_2, accuracy)",12435,0,-1.4425698714591288,0,-0.19859672966043268
dpctgan,"ClosestDistance(L_2, accuracy)",12435,1,-0.578128947955058,0,-0.19859672966043268
dpctgan,"ClosestDistance(L_2, accuracy)",12435,0,-1.428527830785965,0,-0.19859672966043268
dpctgan,"ClosestDistance(L_2, accuracy)",12435,1,-0.19639346360812693,1,-0.19859672966043268
dpctgan,"ClosestDistance(L_2, accuracy)",12435,0,-0.2509307693351937,0,-0.19859672966043268
dpctgan,"ClosestDistance(L_2, accuracy)",12435,1,-0.8269084063030147,0,-0.19859672966043268
dpctgan,"ClosestDistance(L_2, accuracy)",12435,0,-1.4276713354013715,0,-0.19859672966043268
dpctgan,"ClosestDistance(L_2, accuracy)",12435,1,-1.479060952725061,0,-0.19859672966043268
dpctgan,"ClosestDistance(L_2, accuracy)",12435,0,-1.4521957790359565,0,-0.19859672966043268
dpctgan,"ClosestDistance(L_2, accuracy)",12435,1,-0.104848492099092,1,-0.19859672966043268
dpctgan,"ClosestDistance(L_2, accuracy)",12435,0,-0.3465241421415038,0,-0.19859672966043268
dpctgan,"ClosestDistance(L_2, accuracy)",12435,1,-1.4503085651545828,0,-0.19859672966043268
dpctgan,"ClosestDistance(L_2, accuracy)",12435,0,-1.5227359274924905,0,-0.19859672966043268
dpctgan,"ClosestDistance(L_2, accuracy)",12435,1,-0.6636860195669957,0,-0.19859672966043268
dpctgan,"ClosestDistance(L_2, accuracy)",12435,0,-1.4301455772558878,0,-0.19859672966043268
dpctgan,"ClosestDistance(L_2, accuracy)",12435,1,-0.3702251216099385,0,-0.19859672966043268
dpctgan,"ClosestDistance(L_2, accuracy)",12435,0,-0.810677783284142,0,-0.19859672966043268
dpctgan,"ClosestDistance(L_2, accuracy)",12435,1,-0.3526454143456432,0,-0.19859672966043268
dpctgan,"ClosestDistance(L_2, accuracy)",12435,0,-1.43208946118866,0,-0.19859672966043268
dpctgan,"ClosestDistance(L_2, accuracy)",12435,1,-1.4432799380028447,0,-0.19859672966043268
dpctgan,"ClosestDistance(L_2, accuracy)",12435,0,-2.021361795505782,0,-0.19859672966043268
dpctgan,"ClosestDistance(L_2, accuracy)",12435,1,-0.7722749247476383,0,-0.19859672966043268
dpctgan,"ClosestDistance(L_2, accuracy)",12435,0,-1.4289902562979995,0,-0.19859672966043268
dpctgan,"ClosestDistance(L_2, accuracy)",12435,1,-1.4358158423041,0,-0.19859672966043268
dpctgan,"ClosestDistance(L_2, accuracy)",12435,0,-0.3828083060162039,0,-0.19859672966043268
dpctgan,"ClosestDistance(L_2, accuracy)",12435,1,-0.7809965295781718,0,-0.19859672966043268
dpctgan,"ClosestDistance(L_2, accuracy)",12435,0,-1.4345682216718025,0,-0.19859672966043268
dpctgan,"ClosestDistance(L_2, accuracy)",12435,1,-0.2826846438903496,0,-0.19859672966043268
dpctgan,"ClosestDistance(L_2, accuracy)",12435,0,-1.419016850795715,0,-0.19859672966043268
dpctgan,"ClosestDistance(L_2, accuracy)",12435,1,-0.3054517051564262,0,-0.19859672966043268
dpctgan,"ClosestDistance(L_2, accuracy)",12435,0,-1.4310123976787736,0,-0.19859672966043268
dpctgan,"ClosestDistance(L_2, accuracy)",12435,1,-1.4706929371006432,0,-0.19859672966043268
dpctgan,"ClosestDistance(L_2, accuracy)",12435,0,-0.9456848267268947,0,-0.19859672966043268
dpctgan,"ClosestDistance(L_2, accuracy)",12435,1,-1.422100505305458,0,-0.19859672966043268
dpctgan,"ClosestDistance(L_2, accuracy)",12435,0,-0.3284479098273597,0,-0.19859672966043268
dpctgan,"ClosestDistance(L_2, accuracy)",12435,1,-0.3531243669121833,0,-0.19859672966043268
dpctgan,"ClosestDistance(L_2, accuracy)",12435,0,-1.4307718655834694,0,-0.19859672966043268
dpctgan,"ClosestDistance(L_2, accuracy)",12435,1,-0.5629352382381224,0,-0.19859672966043268
dpctgan,"ClosestDistance(L_2, accuracy)",12435,0,-1.553895627169909,0,-0.19859672966043268
dpctgan,"ClosestDistance(L_2, accuracy)",12435,1,-1.4365155928323396,0,-0.19859672966043268
dpctgan,"ClosestDistance(L_2, accuracy)",12435,0,-0.49331246653442046,0,-0.19859672966043268
dpctgan,"ClosestDistance(L_2, accuracy)",12435,1,-1.4171931813951568,0,-0.19859672966043268
dpctgan,"ClosestDistance(L_2, accuracy)",12435,0,-1.5850684322680075,0,-0.19859672966043268
dpctgan,"ClosestDistance(L_2, accuracy)",12435,1,-1.4324762419755623,0,-0.19859672966043268
dpctgan,"ClosestDistance(L_2, accuracy)",12435,0,-0.7965133293274937,0,-0.19859672966043268
dpctgan,"ClosestDistance(L_2, accuracy)",12435,1,-0.345635836763866,0,-0.19859672966043268
dpctgan,"ClosestDistance(L_2, accuracy)",12435,0,-0.42755449213984,0,-0.19859672966043268
dpctgan,"ClosestDistance(L_2, accuracy)",12435,1,-1.4346967837391396,0,-0.19859672966043268
dpctgan,"ClosestDistance(L_2, accuracy)",12435,0,-1.4788821772117782,0,-0.19859672966043268
dpctgan,"ClosestDistance(L_2, accuracy)",12435,1,-0.5605371394171552,0,-0.19859672966043268
dpctgan,"ClosestDistance(L_2, accuracy)",12435,0,-0.0660022591252861,1,-0.19859672966043268
dpctgan,"ClosestDistance(L_2, accuracy)",12435,1,-0.14935013568365862,1,-0.19859672966043268
dpctgan,"ClosestDistance(L_2, accuracy)",12435,0,-1.4173981319889797,0,-0.19859672966043268
dpctgan,"ClosestDistance(L_2, accuracy)",12435,1,-0.587005815128804,0,-0.19859672966043268
dpctgan,"ClosestDistance(L_2, accuracy)",12435,0,-0.284740656379477,0,-0.19859672966043268
dpctgan,"ClosestDistance(L_2, accuracy)",12435,1,-1.4420270126218306,0,-0.19859672966043268
dpctgan,"ClosestDistance(L_2, accuracy)",12435,0,-1.4319720179493225,0,-0.19859672966043268
dpctgan,"ClosestDistance(L_2, accuracy)",12435,1,-1.422162360275873,0,-0.19859672966043268
dpctgan,"ClosestDistance(L_2, accuracy)",12435,0,-1.417757701803021,0,-0.19859672966043268
dpctgan,"ClosestDistance(L_2, accuracy)",12435,1,-1.427858237137261,0,-0.19859672966043268
dpctgan,"ClosestDistance(L_2, accuracy)",12435,0,-1.4216992950236687,0,-0.19859672966043268
dpctgan,"ClosestDistance(L_2, accuracy)",12435,1,-1.4656609143320467,0,-0.19859672966043268
dpctgan,"ClosestDistance(L_2, accuracy)",12435,0,-1.46059938069211,0,-0.19859672966043268
dpctgan,"ClosestDistance(L_2, accuracy)",12435,1,-1.4177466666408491,0,-0.19859672966043268
dpctgan,"ClosestDistance(L_2, accuracy)",12435,0,-1.4366837620932478,0,-0.19859672966043268
dpctgan,"ClosestDistance(L_2, accuracy)",12435,1,-2.0100114350014535,0,-0.19859672966043268
dpctgan,"ClosestDistance(L_2, accuracy)",12435,0,-0.9015134051422824,0,-0.19859672966043268
dpctgan,"ClosestDistance(L_2, accuracy)",12435,1,-0.04669879461614824,1,-0.19859672966043268
dpctgan,"ClosestDistance(L_2, accuracy)",12435,0,-1.4787947066321823,0,-0.19859672966043268
dpctgan,"ClosestDistance(L_2, accuracy)",12435,1,-0.24187794465880794,0,-0.19859672966043268
dpctgan,"ClosestDistance(L_2, accuracy)",12435,0,-0.7182112053172026,0,-0.19859672966043268
dpctgan,"ClosestDistance(L_2, accuracy)",12435,1,-1.4514873623928015,0,-0.19859672966043268
dpctgan,"ClosestDistance(L_2, accuracy)",12435,0,-1.4455954383743579,0,-0.19859672966043268
dpctgan,"ClosestDistance(L_2, accuracy)",12435,1,-1.441153040650721,0,-0.19859672966043268
dpctgan,"ClosestDistance(L_2, accuracy)",12435,0,-0.7420988441064265,0,-0.19859672966043268
dpctgan,"ClosestDistance(L_2, accuracy)",12435,1,-0.8582602286912228,0,-0.19859672966043268
dpctgan,"ClosestDistance(L_2, accuracy)",12435,0,-1.5080919345422077,0,-0.19859672966043268
dpctgan,"ClosestDistance(L_2, accuracy)",12435,1,-1.4270329901745222,0,-0.19859672966043268
dpctgan,"ClosestDistance(L_2, accuracy)",12435,0,-1.434987319402757,0,-0.19859672966043268
dpctgan,"ClosestDistance(L_2, accuracy)",12435,1,-1.4349630033281786,0,-0.19859672966043268
dpctgan,"ClosestDistance(L_2, accuracy)",12435,0,-0.3738341103223579,0,-0.19859672966043268
dpctgan,"ClosestDistance(L_2, accuracy)",12435,1,-1.4205618386695764,0,-0.19859672966043268
dpctgan,"ClosestDistance(L_2, accuracy)",12435,0,-1.5594447831927238,0,-0.19859672966043268
dpctgan,"ClosestDistance(L_2, accuracy)",12435,1,-1.4465890972362463,0,-0.19859672966043268
dpctgan,"ClosestDistance(L_2, accuracy)",12435,0,-0.46786492287684667,0,-0.19859672966043268
dpctgan,"ClosestDistance(L_2, accuracy)",12435,1,-1.4287654329892705,0,-0.19859672966043268
dpctgan,"ClosestDistance(L_2, accuracy)",12435,0,-1.423937180555907,0,-0.19859672966043268
dpctgan,"ClosestDistance(L_2, accuracy)",12435,1,-1.4964234074202998,0,-0.19859672966043268
dpctgan,"ClosestDistance(L_2, accuracy)",12435,0,-0.2059445251341603,0,-0.19859672966043268
dpctgan,"ClosestDistance(L_2, accuracy)",12435,1,-0.3124499866404373,0,-0.19859672966043268
dpctgan,"ClosestDistance(L_2, accuracy)",12435,0,-1.4337858749087502,0,-0.19859672966043268
dpctgan,"ClosestDistance(L_2, accuracy)",12435,1,-0.3821627440471635,0,-0.19859672966043268
dpctgan,"ClosestDistance(L_2, accuracy)",12435,0,-0.3437376439329666,0,-0.19859672966043268
dpctgan,"ClosestDistance(L_2, accuracy)",12435,1,-0.1675611709537862,1,-0.19859672966043268
dpctgan,"ClosestDistance(L_2, accuracy)",12435,0,-1.4530877154697537,0,-0.19859672966043268
dpctgan,"ClosestDistance(L_2, accuracy)",12435,1,-0.7032177680998033,0,-0.19859672966043268
dpctgan,"ClosestDistance(L_2, accuracy)",12435,0,-0.4510095648940746,0,-0.19859672966043268
dpctgan,"ClosestDistance(L_2, accuracy)",12435,1,-1.4404236038283897,0,-0.19859672966043268
dpctgan,"ClosestDistance(L_2, accuracy)",12435,0,-1.419171914334896,0,-0.19859672966043268
dpctgan,"ClosestDistance(L_2, accuracy)",12435,1,-2.0083148065745484,0,-0.19859672966043268
dpctgan,"ClosestDistance(L_2, accuracy)",12435,0,-1.4366473434222293,0,-0.19859672966043268
dpctgan,"ClosestDistance(L_2, accuracy)",12435,1,-0.23642034094767245,0,-0.19859672966043268
dpctgan,"ClosestDistance(L_2, accuracy)",12435,0,-1.4165228672449786,0,-0.19859672966043268
dpctgan,"ClosestDistance(L_2, accuracy)",12435,1,-0.5520725743487288,0,-0.19859672966043268
dpctgan,"ClosestDistance(L_2, accuracy)",12435,0,-0.3185077544693692,0,-0.19859672966043268
dpctgan,"ClosestDistance(L_2, accuracy)",12435,1,-1.4801352923849087,0,-0.19859672966043268
dpctgan,"ClosestDistance(L_2, accuracy)",12435,0,-0.1082401120308831,1,-0.19859672966043268
dpctgan,"ClosestDistance(L_2, accuracy)",12435,1,-0.4864445291389389,0,-0.19859672966043268
dpctgan,"ClosestDistance(L_2, accuracy)",12435,0,-1.4187940398883758,0,-0.19859672966043268
dpctgan,"ClosestDistance(L_2, accuracy)",12435,1,-0.9174862920975335,0,-0.19859672966043268
dpctgan,"ClosestDistance(L_2, accuracy)",12435,0,-1.435541253722417,0,-0.19859672966043268
dpctgan,"ClosestDistance(L_2, accuracy)",12435,1,-0.23975987771004792,0,-0.19859672966043268
dpctgan,"ClosestDistance(L_2, accuracy)",12435,0,-0.256908950891464,0,-0.19859672966043268
dpctgan,"ClosestDistance(L_2, accuracy)",12435,1,-1.4235643054011238,0,-0.19859672966043268
dpctgan,"ClosestDistance(L_2, accuracy)",12435,0,-0.12201658452651586,1,-0.19859672966043268
dpctgan,"ClosestDistance(L_2, accuracy)",12435,1,-1.4542044796477853,0,-0.19859672966043268
dpctgan,"ClosestDistance(L_2, accuracy)",12435,0,-0.3402511000068674,0,-0.19859672966043268
dpctgan,"ClosestDistance(L_2, accuracy)",12435,1,-0.21852390872193206,0,-0.19859672966043268
dpctgan,"ClosestDistance(L_2, accuracy)",12435,0,-0.47469467299568247,0,-0.19859672966043268
dpctgan,"ClosestDistance(L_2, accuracy)",12435,1,-1.4309908260525188,0,-0.19859672966043268
dpctgan,"ClosestDistance(L_2, accuracy)",12435,0,-1.5015726117414612,0,-0.19859672966043268
dpctgan,"ClosestDistance(L_2, accuracy)",12435,1,-1.5490241599945431,0,-0.19859672966043268
dpctgan,"ClosestDistance(L_2, accuracy)",12435,0,-0.47594134185038217,0,-0.19859672966043268
dpctgan,"ClosestDistance(L_2, accuracy)",12435,1,-0.3027039175206154,0,-0.19859672966043268
dpctgan,"ClosestDistance(L_2, accuracy)",12435,0,-1.4629604594392167,0,-0.19859672966043268
dpctgan,"ClosestDistance(L_2, accuracy)",12435,1,-0.16518594756264088,1,-0.19859672966043268
dpctgan,"ClosestDistance(L_2, accuracy)",12435,0,-0.47155749951088577,0,-0.19859672966043268
dpctgan,"ClosestDistance(L_2, accuracy)",12435,1,-0.8094107095369081,0,-0.19859672966043268
dpctgan,"ClosestDistance(L_2, accuracy)",12435,0,-1.4314715971523524,0,-0.19859672966043268
dpctgan,"ClosestDistance(L_2, accuracy)",12435,1,-1.480769361952828,0,-0.19859672966043268
dpctgan,"ClosestDistance(L_2, accuracy)",12435,0,-0.7216579176911334,0,-0.19859672966043268
dpctgan,"ClosestDistance(L_2, accuracy)",12435,1,-0.3874113856693165,0,-0.19859672966043268
dpctgan,"ClosestDistance(L_2, accuracy)",12435,0,-1.580521767958185,0,-0.19859672966043268
dpctgan,"ClosestDistance(L_2, accuracy)",12435,1,-0.7105104024141539,0,-0.19859672966043268
dpctgan,"ClosestDistance(L_2, accuracy)",12435,0,-1.440517297335798,0,-0.19859672966043268
dpctgan,"ClosestDistance(L_2, accuracy)",12435,1,-1.4240392609084476,0,-0.19859672966043268
dpctgan,"ClosestDistance(L_2, accuracy)",12435,0,-1.4253749487629173,0,-0.19859672966043268
dpctgan,"ClosestDistance(L_2, accuracy)",12435,1,-2.017579194946582,0,-0.19859672966043268
dpctgan,"ClosestDistance(L_2, accuracy)",12435,0,-1.43556430717005,0,-0.19859672966043268
dpctgan,"ClosestDistance(L_2, accuracy)",12435,1,-1.4195135083696302,0,-0.19859672966043268
dpctgan,"ClosestDistance(L_2, accuracy)",12435,0,-1.6406227860796208,0,-0.19859672966043268
dpctgan,"ClosestDistance(L_2, accuracy)",12435,1,-0.4986644073513012,0,-0.19859672966043268
dpctgan,"ClosestDistance(L_2, accuracy)",12435,0,-0.3301286476857233,0,-0.19859672966043268
dpctgan,"ClosestDistance(L_2, accuracy)",12435,1,-0.5180553371417314,0,-0.19859672966043268
dpctgan,"ClosestDistance(L_2, accuracy)",12435,0,-1.4247465093780032,0,-0.19859672966043268
dpctgan,"ClosestDistance(L_2, accuracy)",12435,1,-1.511565882533526,0,-0.19859672966043268
dpctgan,"ClosestDistance(L_2, accuracy)",12435,0,-1.4456357401336062,0,-0.19859672966043268
dpctgan,"ClosestDistance(L_2, accuracy)",12435,1,-1.4643400395861883,0,-0.19859672966043268
dpctgan,"ClosestDistance(L_2, accuracy)",12435,0,-1.4335950043078551,0,-0.19859672966043268
dpctgan,"ClosestDistance(L_2, accuracy)",12435,1,-1.44819528998611,0,-0.19859672966043268
dpctgan,"ClosestDistance(L_2, accuracy)",12435,0,-1.4418274324033782,0,-0.19859672966043268
dpctgan,"ClosestDistance(L_2, accuracy)",12435,1,-1.042774647462619,0,-0.19859672966043268
dpctgan,"ClosestDistance(L_2, accuracy)",12435,0,-1.416228878107672,0,-0.19859672966043268
dpctgan,"ClosestDistance(L_2, accuracy)",12435,1,-0.28653490046070096,0,-0.19859672966043268
dpctgan,"ClosestDistance(L_2, accuracy)",12435,0,-1.4378654813022538,0,-0.19859672966043268
dpctgan,"ClosestDistance(L_2, accuracy)",12435,1,-0.3519349262413509,0,-0.19859672966043268
dpctgan,"ClosestDistance(L_2, accuracy)",12435,0,-0.4724681596002373,0,-0.19859672966043268
dpctgan,"ClosestDistance(L_2, accuracy)",12435,1,-1.4321659678572618,0,-0.19859672966043268
dpctgan,"ClosestDistance(L_2, accuracy)",12435,0,-0.9821955575607542,0,-0.19859672966043268
dpctgan,"ClosestDistance(L_2, accuracy)",12435,1,-1.4233980930372072,0,-0.19859672966043268
dpctgan,"ClosestDistance(L_2, accuracy)",12435,0,-0.3292057061426229,0,-0.19859672966043268
dpctgan,"ClosestDistance(L_2, accuracy)",12435,1,-1.4824865124694537,0,-0.19859672966043268
dpctgan,"ClosestDistance(L_2, accuracy)",12435,0,-1.434162973416892,0,-0.19859672966043268
dpctgan,"ClosestDistance(L_2, accuracy)",12435,1,-0.39236788836416425,0,-0.19859672966043268
dpctgan,"ClosestDistance(L_2, accuracy)",12435,0,-0.5948712176377071,0,-0.19859672966043268
dpctgan,"ClosestDistance(L_2, accuracy)",12435,1,-0.4652861724919172,0,-0.19859672966043268
dpctgan,"ClosestDistance(L_2, accuracy)",12435,0,-1.6170623337888936,0,-0.19859672966043268
dpctgan,"ClosestDistance(L_2, accuracy)",12435,1,-1.426641438677156,0,-0.19859672966043268
dpctgan,"ClosestDistance(L_2, accuracy)",12435,0,-1.4497881320195654,0,-0.19859672966043268
dpctgan,"ClosestDistance(L_2, accuracy)",12435,1,-0.6620130128658079,0,-0.19859672966043268
dpctgan,"ClosestDistance(L_2, accuracy)",12435,0,-1.4740366086949617,0,-0.19859672966043268
dpctgan,"ClosestDistance(L_2, accuracy)",12435,1,-1.4452284303279535,0,-0.19859672966043268
dpctgan,"ClosestDistance(L_2, accuracy)",12435,0,-1.43546357684397,0,-0.19859672966043268
dpctgan,"ClosestDistance(L_2, accuracy)",12435,1,-0.08571093899630833,1,-0.19859672966043268
dpctgan,"ClosestDistance(L_2, accuracy)",12435,0,-1.0375250777491491,0,-0.19859672966043268
dpctgan,"ClosestDistance(L_2, accuracy)",12435,1,-0.45871858455298326,0,-0.19859672966043268
dpctgan,"ClosestDistance(L_2, accuracy)",12435,0,-1.4922751417929414,0,-0.19859672966043268
dpctgan,"ClosestDistance(L_2, accuracy)",12435,1,-0.44001800163040006,0,-0.19859672966043268
dpctgan,"ClosestDistance(L_2, accuracy)",12435,0,-0.21587666664073635,0,-0.19859672966043268
dpctgan,"ClosestDistance(L_2, accuracy)",12435,1,-1.4645899774406916,0,-0.19859672966043268
dpctgan,"ClosestDistance(L_2, accuracy)",12435,0,-0.5010049268918582,0,-0.19859672966043268
dpctgan,"ClosestDistance(L_2, accuracy)",12435,1,-0.7700239144823648,0,-0.19859672966043268
dpctgan,"ClosestDistance(L_2, accuracy)",12435,0,-0.6301546383245865,0,-0.19859672966043268
dpctgan,"ClosestDistance(L_2, accuracy)",12435,1,-1.4271968751714144,0,-0.19859672966043268
dpctgan,"ClosestDistance(L_2, accuracy)",12435,0,-1.5277718661962847,0,-0.19859672966043268
dpctgan,"ClosestDistance(L_2, accuracy)",12435,1,-0.7080728377866283,0,-0.19859672966043268
dpctgan,"ClosestDistance(L_2, accuracy)",12435,0,-0.6581981672822989,0,-0.19859672966043268
dpctgan,"ClosestDistance(L_2, accuracy)",12435,1,-0.27695067869791834,0,-0.19859672966043268
dpctgan,"ClosestDistance(L_2, accuracy)",12435,0,-0.5161514669360526,0,-0.19859672966043268
dpctgan,"ClosestDistance(L_2, accuracy)",12435,1,-1.4534903175690008,0,-0.19859672966043268
dpctgan,"ClosestDistance(L_2, accuracy)",12435,0,-1.4186711043365559,0,-0.19859672966043268
dpctgan,"ClosestDistance(L_2, accuracy)",12435,1,-0.29248245190114,0,-0.19859672966043268
dpctgan,"ClosestDistance(L_2, accuracy)",12435,0,-1.5150347310862946,0,-0.19859672966043268
dpctgan,"ClosestDistance(L_2, accuracy)",12435,1,-0.5447889120706447,0,-0.19859672966043268
dpctgan,"ClosestDistance(L_2, accuracy)",12435,0,-1.441541855957561,0,-0.19859672966043268
dpctgan,"ClosestDistance(L_2, accuracy)",12435,1,-1.4772010658929817,0,-0.19859672966043268
dpctgan,"ClosestDistance(L_2, accuracy)",12435,0,-0.5773520994161389,0,-0.19859672966043268
dpctgan,"ClosestDistance(L_2, accuracy)",12435,1,-0.7910408812590746,0,-0.19859672966043268
dpctgan,"ClosestDistance(L_2, accuracy)",12435,0,-0.40123018248045356,0,-0.19859672966043268
dpctgan,"ClosestDistance(L_2, accuracy)",12435,1,-0.41502061534764545,0,-0.19859672966043268
dpctgan,"ClosestDistance(L_2, accuracy)",12435,0,-1.438600036816814,0,-0.19859672966043268
dpctgan,"ClosestDistance(L_2, accuracy)",12435,1,-1.4393284549980323,0,-0.19859672966043268
dpctgan,"ClosestDistance(L_2, accuracy)",12435,0,-0.6622712058332193,0,-0.19859672966043268
dpctgan,"ClosestDistance(L_2, accuracy)",12435,1,-1.429147528043841,0,-0.19859672966043268
dpctgan,"ClosestDistance(L_2, accuracy)",12435,0,-1.5126817199107703,0,-0.19859672966043268
dpctgan,"ClosestDistance(L_2, accuracy)",12435,1,-0.5763078982323632,0,-0.19859672966043268
dpctgan,"ClosestDistance(L_2, accuracy)",12435,0,-1.4338279427283465,0,-0.19859672966043268
dpctgan,"ClosestDistance(L_2, accuracy)",12435,1,-0.6033762320609988,0,-0.19859672966043268
dpctgan,"ClosestDistance(L_2, accuracy)",12435,0,-1.4240892995226861,0,-0.19859672966043268
dpctgan,"ClosestDistance(L_2, accuracy)",12435,1,-1.4645425151328704,0,-0.19859672966043268
dpctgan,"ClosestDistance(L_2, accuracy)",12435,0,-1.432996037972132,0,-0.19859672966043268
dpctgan,"ClosestDistance(L_2, accuracy)",12435,1,-0.18513373603083425,1,-0.19859672966043268
dpctgan,"ClosestDistance(L_2, accuracy)",12435,0,-1.4764934982244233,0,-0.19859672966043268
dpctgan,"ClosestDistance(L_2, accuracy)",12435,1,-1.4364882123770388,0,-0.19859672966043268
dpctgan,"ClosestDistance(L_2, accuracy)",12435,0,-1.435535385286924,0,-0.19859672966043268
dpctgan,"ClosestDistance(L_2, accuracy)",12435,1,-0.7346243415938933,0,-0.19859672966043268
dpctgan,"ClosestDistance(L_2, accuracy)",12435,0,-1.4522296261263536,0,-0.19859672966043268
dpctgan,"ClosestDistance(L_2, accuracy)",12435,1,-1.5101230518803694,0,-0.19859672966043268
dpctgan,"ClosestDistance(L_2, accuracy)",12435,0,-0.34914210090855363,0,-0.19859672966043268
dpctgan,"ClosestDistance(L_2, accuracy)",12435,1,-1.4155958939796065,0,-0.19859672966043268
dpctgan,"ClosestDistance(L_2, accuracy)",12435,0,-1.5360511458856654,0,-0.19859672966043268
dpctgan,"ClosestDistance(L_2, accuracy)",12435,1,-0.2078984316671207,0,-0.19859672966043268
dpctgan,"ClosestDistance(L_2, accuracy)",12435,0,-1.4753371149413634,0,-0.19859672966043268
dpctgan,"ClosestDistance(L_2, accuracy)",12435,1,-0.7827871904891763,0,-0.19859672966043268
dpctgan,"ClosestDistance(L_2, accuracy)",12435,0,-0.34191011667626753,0,-0.19859672966043268
dpctgan,"ClosestDistance(L_2, accuracy)",12435,1,-0.38663323805693167,0,-0.19859672966043268
dpctgan,"ClosestDistance(L_2, accuracy)",12435,0,-1.4271709377612536,0,-0.19859672966043268
dpctgan,"ClosestDistance(L_2, accuracy)",12435,1,-0.4256125556389768,0,-0.19859672966043268
dpctgan,"ClosestDistance(L_2, accuracy)",12435,0,-1.4627458917366583,0,-0.19859672966043268
dpctgan,"ClosestDistance(L_2, accuracy)",12435,1,-1.4549560599370401,0,-0.19859672966043268
dpctgan,"ClosestDistance(L_2, accuracy)",12435,0,-0.24921078260721208,0,-0.19859672966043268
dpctgan,"ClosestDistance(L_2, accuracy)",12435,1,-1.4495139179208143,0,-0.19859672966043268
dpctgan,"ClosestDistance(L_2, accuracy)",12435,0,-1.4294945457277313,0,-0.19859672966043268
dpctgan,"ClosestDistance(L_2, accuracy)",12435,1,-1.5711802519221727,0,-0.19859672966043268
dpctgan,"ClosestDistance(L_2, accuracy)",12435,0,-0.2861328017663223,0,-0.19859672966043268
dpctgan,"ClosestDistance(L_2, accuracy)",12435,1,-0.313516738487764,0,-0.19859672966043268
dpctgan,"ClosestDistance(L_2, accuracy)",12435,0,-0.3970777768058205,0,-0.19859672966043268
dpctgan,"ClosestDistance(L_2, accuracy)",12435,1,-0.21484609130015767,0,-0.19859672966043268
dpctgan,"ClosestDistance(L_2, accuracy)",12435,0,-0.3275786555481985,0,-0.19859672966043268
dpctgan,"ClosestDistance(L_2, accuracy)",12435,1,-1.432160718867562,0,-0.19859672966043268
dpctgan,"ClosestDistance(L_2, accuracy)",12435,0,-1.4728375899909414,0,-0.19859672966043268
dpctgan,"ClosestDistance(L_2, accuracy)",12435,1,-1.4299456910458432,0,-0.19859672966043268
dpctgan,"ClosestDistance(L_2, accuracy)",12435,0,-0.565714339009175,0,-0.19859672966043268
dpctgan,"ClosestDistance(L_2, accuracy)",12435,1,-1.4294245037721736,0,-0.19859672966043268
dpctgan,"ClosestDistance(L_2, accuracy)",12435,0,-1.4892322361273693,0,-0.19859672966043268
dpctgan,"ClosestDistance(L_2, accuracy)",12435,1,-1.4754619552342834,0,-0.19859672966043268
dpctgan,"ClosestDistance(L_2, accuracy)",12435,0,-1.444912749216365,0,-0.19859672966043268
dpctgan,"ClosestDistance(L_2, accuracy)",12435,1,-1.4472485679386873,0,-0.19859672966043268
dpctgan,"ClosestDistance(L_2, accuracy)",12435,0,-1.528831344720761,0,-0.19859672966043268
dpctgan,"ClosestDistance(L_2, accuracy)",12435,1,-1.4844011408518125,0,-0.19859672966043268
dpctgan,"ClosestDistance(L_2, accuracy)",12435,0,-0.17929586526586686,1,-0.19859672966043268
dpctgan,"ClosestDistance(L_2, accuracy)",12435,1,-0.3222571749956044,0,-0.19859672966043268
dpctgan,"ClosestDistance(L_2, accuracy)",12435,0,-1.418519778622279,0,-0.19859672966043268
dpctgan,"ClosestDistance(L_2, accuracy)",12435,1,-1.522344263508261,0,-0.19859672966043268
dpctgan,"ClosestDistance(L_2, accuracy)",12435,0,-0.30730909976508836,0,-0.19859672966043268
dpctgan,"ClosestDistance(L_2, accuracy)",12435,1,-0.24211359414103467,0,-0.19859672966043268
dpctgan,"ClosestDistance(L_2, accuracy)",12435,0,-0.7684182253642337,0,-0.19859672966043268
dpctgan,"ClosestDistance(L_2, accuracy)",12435,1,-0.8805816898716581,0,-0.19859672966043268
dpctgan,"ClosestDistance(L_2, accuracy)",12435,0,-0.5449244764341431,0,-0.19859672966043268
dpctgan,"ClosestDistance(L_2, accuracy)",12435,1,-2.005398655777539,0,-0.19859672966043268
dpctgan,"ClosestDistance(L_2, accuracy)",12435,0,-0.45381666280695837,0,-0.19859672966043268
dpctgan,"ClosestDistance(L_2, accuracy)",12435,1,-0.24839877636551944,0,-0.19859672966043268
dpctgan,"ClosestDistance(L_2, accuracy)",12435,0,-0.2234630817098926,0,-0.19859672966043268
dpctgan,"ClosestDistance(L_2, accuracy)",12435,1,-0.23652109040427896,0,-0.19859672966043268
dpctgan,"ClosestDistance(L_2, accuracy)",12435,0,-0.38528878033029934,0,-0.19859672966043268
dpctgan,"ClosestDistance(L_2, accuracy)",12435,1,-1.4747627307557702,0,-0.19859672966043268
dpctgan,"ClosestDistance(L_2, accuracy)",12435,0,-0.26430077810330915,0,-0.19859672966043268
dpctgan,"ClosestDistance(L_2, accuracy)",12435,1,-0.2741374147594414,0,-0.19859672966043268
dpctgan,"ClosestDistance(L_2, accuracy)",12435,0,-0.49885438975017854,0,-0.19859672966043268
dpctgan,"ClosestDistance(L_2, accuracy)",12435,1,-2.018364540145168,0,-0.19859672966043268
dpctgan,"ClosestDistance(L_2, accuracy)",12435,0,-1.4563201942970352,0,-0.19859672966043268
dpctgan,"ClosestDistance(L_2, accuracy)",12435,1,-0.3124442326997232,0,-0.19859672966043268
dpctgan,"ClosestDistance(L_2, accuracy)",12435,0,-0.2889598957244901,0,-0.19859672966043268
dpctgan,"ClosestDistance(L_2, accuracy)",12435,1,-0.3602950897963108,0,-0.19859672966043268
dpctgan,"ClosestDistance(L_2, accuracy)",12435,0,-0.19139307548866824,1,-0.19859672966043268
dpctgan,"ClosestDistance(L_2, accuracy)",12435,1,-0.37779120404717886,0,-0.19859672966043268
dpctgan,"ClosestDistance(L_2, accuracy)",12435,0,-1.5139700867332775,0,-0.19859672966043268
dpctgan,"ClosestDistance(L_2, accuracy)",12435,1,-0.3315341535548618,0,-0.19859672966043268
dpctgan,"ClosestDistance(L_2, accuracy)",12435,0,-0.25279869935332167,0,-0.19859672966043268
dpctgan,"ClosestDistance(L_2, accuracy)",12435,1,-1.4992200638586548,0,-0.19859672966043268
dpctgan,"ClosestDistance(L_2, accuracy)",12435,0,-1.4672217407818524,0,-0.19859672966043268
dpctgan,"ClosestDistance(L_2, accuracy)",12435,1,-1.417714187351124,0,-0.19859672966043268
dpctgan,"ClosestDistance(L_2, accuracy)",12435,0,-1.4713624028882497,0,-0.19859672966043268
dpctgan,"ClosestDistance(L_2, accuracy)",12435,1,-1.4260798836871744,0,-0.19859672966043268
dpctgan,"ClosestDistance(L_2, accuracy)",12435,0,-0.5888133790970105,0,-0.19859672966043268
dpctgan,"ClosestDistance(L_2, accuracy)",12435,1,-0.36566842804030125,0,-0.19859672966043268
dpctgan,"ClosestDistance(L_2, accuracy)",12435,0,-0.49366112603365697,0,-0.19859672966043268
dpctgan,"ClosestDistance(L_2, accuracy)",12435,1,-1.429330386019154,0,-0.19859672966043268
dpctgan,"ClosestDistance(L_2, accuracy)",12435,0,-0.49241653781074024,0,-0.19859672966043268
dpctgan,"ClosestDistance(L_2, accuracy)",12435,1,-0.5876917226135735,0,-0.19859672966043268
dpctgan,"ClosestDistance(L_2, accuracy)",12435,0,-1.4683673440566842,0,-0.19859672966043268
dpctgan,"ClosestDistance(L_2, accuracy)",12435,1,-1.480170801789094,0,-0.19859672966043268
dpctgan,"ClosestDistance(L_2, accuracy)",12435,0,-0.3754230883691511,0,-0.19859672966043268
dpctgan,"ClosestDistance(L_2, accuracy)",12435,1,-0.17428591330606116,1,-0.19859672966043268
dpctgan,"ClosestDistance(L_2, accuracy)",12435,0,-0.3686714857247473,0,-0.19859672966043268
dpctgan,"ClosestDistance(L_2, accuracy)",12435,1,-0.21697575860292315,0,-0.19859672966043268
dpctgan,"ClosestDistance(L_2, accuracy)",12435,0,-0.4609859916455515,0,-0.19859672966043268
dpctgan,"ClosestDistance(L_2, accuracy)",12435,1,-0.465940876264561,0,-0.19859672966043268
dpctgan,"ClosestDistance(L_2, accuracy)",12435,0,-1.4352681279292314,0,-0.19859672966043268
dpctgan,"ClosestDistance(L_2, accuracy)",12435,1,-0.7361641660177327,0,-0.19859672966043268
dpctgan,"ClosestDistance(L_2, accuracy)",12435,0,-2.0290421914413166,0,-0.19859672966043268
dpctgan,"ClosestDistance(L_2, accuracy)",12435,1,-0.487220552169377,0,-0.19859672966043268
dpctgan,"ClosestDistance(L_2, accuracy)",12435,0,-0.6858909004393902,0,-0.19859672966043268
dpctgan,"ClosestDistance(L_2, accuracy)",12435,1,-1.4550036269811983,0,-0.19859672966043268
dpctgan,"ClosestDistance(L_2, accuracy)",12435,0,-1.4230724169266649,0,-0.19859672966043268
dpctgan,"ClosestDistance(L_2, accuracy)",12435,1,-1.660119670609345,0,-0.19859672966043268
dpctgan,"ClosestDistance(L_2, accuracy)",12435,0,-0.7036159849639967,0,-0.19859672966043268
dpctgan,"ClosestDistance(L_2, accuracy)",12435,1,-0.8328517403268311,0,-0.19859672966043268
dpctgan,"ClosestDistance(L_2, accuracy)",12435,0,-1.7465758105537263,0,-0.19859672966043268
dpctgan,"ClosestDistance(L_2, accuracy)",12435,1,-0.537590764191427,0,-0.19859672966043268
dpctgan,"ClosestDistance(L_2, accuracy)",12435,0,-1.4395248782599392,0,-0.19859672966043268
dpctgan,"ClosestDistance(L_2, accuracy)",12435,1,-0.5120847669366587,0,-0.19859672966043268
dpctgan,"ClosestDistance(L_2, accuracy)",12435,0,-1.4402789131914453,0,-0.19859672966043268
dpctgan,"ClosestDistance(L_2, accuracy)",12435,1,-1.434880814842294,0,-0.19859672966043268
dpctgan,"ClosestDistance(L_2, accuracy)",12435,0,-1.5996859071557339,0,-0.19859672966043268
dpctgan,"ClosestDistance(L_2, accuracy)",12435,1,-1.5774887927049772,0,-0.19859672966043268
dpctgan,"ClosestDistance(L_2, accuracy)",12435,0,-1.4369358160740344,0,-0.19859672966043268
dpctgan,"ClosestDistance(L_2, accuracy)",12435,1,-1.4178184136651408,0,-0.19859672966043268
dpctgan,"ClosestDistance(L_2, accuracy)",12435,0,-1.4353279418418112,0,-0.19859672966043268
dpctgan,"ClosestDistance(L_2, accuracy)",12435,1,-0.25454938244329006,0,-0.19859672966043268
dpctgan,"ClosestDistance(L_2, accuracy)",12435,0,-2.004874290467838,0,-0.19859672966043268
dpctgan,"ClosestDistance(L_2, accuracy)",12435,1,-0.25348013031522637,0,-0.19859672966043268
dpctgan,"ClosestDistance(L_2, accuracy)",12435,0,-1.5776142445100179,0,-0.19859672966043268
dpctgan,"ClosestDistance(L_2, accuracy)",12435,1,-0.30958982300882243,0,-0.19859672966043268
dpctgan,"ClosestDistance(L_2, accuracy)",12435,0,-1.4163835026561868,0,-0.19859672966043268
dpctgan,"ClosestDistance(L_2, accuracy)",12435,1,-1.4366276569205452,0,-0.19859672966043268
dpctgan,"ClosestDistance(L_2, accuracy)",12435,0,-2.0275579462631295,0,-0.19859672966043268
dpctgan,"ClosestDistance(L_2, accuracy)",12435,1,-0.48428811510633507,0,-0.19859672966043268
dpctgan,"ClosestDistance(L_2, accuracy)",12435,0,-0.3597531421740113,0,-0.19859672966043268
dpctgan,"ClosestDistance(L_2, accuracy)",12435,1,-2.033677176229663,0,-0.19859672966043268
dpctgan,"ClosestDistance(L_2, accuracy)",12435,0,-0.5971483416270778,0,-0.19859672966043268
dpctgan,"ClosestDistance(L_2, accuracy)",12435,1,-1.4271327760998742,0,-0.19859672966043268
dpctgan,"ClosestDistance(L_2, accuracy)",12435,0,-0.6412796577290694,0,-0.19859672966043268
dpctgan,"ClosestDistance(L_2, accuracy)",12435,1,-0.16358044182737022,1,-0.19859672966043268
dpctgan,"ClosestDistance(L_2, accuracy)",12435,0,-0.43485182465700134,0,-0.19859672966043268
dpctgan,"ClosestDistance(L_2, accuracy)",12435,1,-1.4230624138665493,0,-0.19859672966043268
dpctgan,"ClosestDistance(L_2, accuracy)",12435,0,-0.7165699857211922,0,-0.19859672966043268
dpctgan,"ClosestDistance(L_2, accuracy)",12435,1,-0.17660645102376402,1,-0.19859672966043268
dpctgan,"ClosestDistance(L_2, accuracy)",12435,0,-1.4340757104787583,0,-0.19859672966043268
dpctgan,"ClosestDistance(L_2, accuracy)",12435,1,-0.3583969560167192,0,-0.19859672966043268
dpctgan,"ClosestDistance(L_2, accuracy)",12435,0,-0.16525863436112495,1,-0.19859672966043268
dpctgan,"ClosestDistance(L_2, accuracy)",12435,1,-0.35709137579366695,0,-0.19859672966043268
dpctgan,"ClosestDistance(L_2, accuracy)",12435,0,-1.4962719337078592,0,-0.19859672966043268
dpctgan,"ClosestDistance(L_2, accuracy)",12435,1,-0.33730386080531505,0,-0.19859672966043268
dpctgan,"ClosestDistance(L_2, accuracy)",12435,0,-0.0980906691847684,1,-0.19859672966043268
dpctgan,"ClosestDistance(L_2, accuracy)",12435,1,-1.5217082227832244,0,-0.19859672966043268
dpctgan,"ClosestDistance(L_2, accuracy)",12435,0,-1.6004196362835705,0,-0.19859672966043268
dpctgan,"ClosestDistance(L_2, accuracy)",12435,1,-1.4708781175229244,0,-0.19859672966043268
dpctgan,"ClosestDistance(L_2, accuracy)",12435,0,-0.35279782785469854,0,-0.19859672966043268
dpctgan,"ClosestDistance(L_2, accuracy)",12435,1,-0.36127441698021495,0,-0.19859672966043268
dpctgan,"ClosestDistance(L_2, accuracy)",12435,0,-0.4498543461484892,0,-0.19859672966043268
dpctgan,"ClosestDistance(L_2, accuracy)",12435,1,-1.4306599569734297,0,-0.19859672966043268
dpctgan,"ClosestDistance(L_2, accuracy)",12435,0,-1.4275396249886019,0,-0.19859672966043268
dpctgan,"ClosestDistance(L_2, accuracy)",12435,1,-0.37018921832911744,0,-0.19859672966043268
dpctgan,"ClosestDistance(L_2, accuracy)",12435,0,-1.42459030871573,0,-0.19859672966043268
dpctgan,"ClosestDistance(L_2, accuracy)",12435,1,-1.4373407617356055,0,-0.19859672966043268
dpctgan,"ClosestDistance(L_2, accuracy)",12435,0,-0.2697619231472102,0,-0.19859672966043268
dpctgan,"ClosestDistance(L_2, accuracy)",12435,1,-0.3344854456656841,0,-0.19859672966043268
dpctgan,"ClosestDistance(L_2, accuracy)",12435,0,-0.40833957022354705,0,-0.19859672966043268
dpctgan,"ClosestDistance(L_2, accuracy)",12435,1,-0.39280830303616693,0,-0.19859672966043268
dpctgan,"ClosestDistance(L_2, accuracy)",12435,0,-1.455199648963574,0,-0.19859672966043268
dpctgan,"ClosestDistance(L_2, accuracy)",12435,1,-1.4717745165724792,0,-0.19859672966043268
dpctgan,"ClosestDistance(L_2, accuracy)",12435,0,-0.27440017388222016,0,-0.19859672966043268
dpctgan,"ClosestDistance(L_2, accuracy)",12435,1,-1.5508888166848538,0,-0.19859672966043268
dpctgan,"ClosestDistance(L_2, accuracy)",12435,0,-1.4363397863303313,0,-0.19859672966043268
dpctgan,"ClosestDistance(L_2, accuracy)",12435,1,-0.36453564048215387,0,-0.19859672966043268
dpctgan,"ClosestDistance(L_2, accuracy)",12435,0,-1.440768822216047,0,-0.19859672966043268
dpctgan,"ClosestDistance(L_2, accuracy)",12435,1,-1.6039804406087215,0,-0.19859672966043268
dpctgan,"ClosestDistance(L_2, accuracy)",12435,0,-1.6143354016338396,0,-0.19859672966043268
dpctgan,"ClosestDistance(L_2, accuracy)",12435,1,-1.424725050194184,0,-0.19859672966043268
dpctgan,"ClosestDistance(L_2, accuracy)",12435,0,-1.4253908157416535,0,-0.19859672966043268
dpctgan,"ClosestDistance(L_2, accuracy)",12435,1,-1.5997603607256852,0,-0.19859672966043268
dpctgan,"ClosestDistance(L_2, accuracy)",12435,0,-1.5274990010803247,0,-0.19859672966043268
dpctgan,"ClosestDistance(L_2, accuracy)",12435,1,-1.438488542815364,0,-0.19859672966043268
dpctgan,"ClosestDistance(L_2, accuracy)",12435,0,-1.4592929110388322,0,-0.19859672966043268
dpctgan,"ClosestDistance(L_2, accuracy)",12435,1,-1.0024193582406273,0,-0.19859672966043268
dpctgan,"ClosestDistance(L_2, accuracy)",12435,0,-1.4223450489761371,0,-0.19859672966043268
dpctgan,"ClosestDistance(L_2, accuracy)",12435,1,-1.4228238252547618,0,-0.19859672966043268
dpctgan,"ClosestDistance(L_2, accuracy)",12435,0,-1.43998359179946,0,-0.19859672966043268
dpctgan,"ClosestDistance(L_2, accuracy)",12435,1,-1.438287380515713,0,-0.19859672966043268
dpctgan,"ClosestDistance(L_2, accuracy)",12435,0,-1.4659289645541236,0,-0.19859672966043268
dpctgan,"ClosestDistance(L_2, accuracy)",12435,1,-0.5009851477104733,0,-0.19859672966043268
dpctgan,"ClosestDistance(L_2, accuracy)",12435,0,-1.5320316274864176,0,-0.19859672966043268
dpctgan,"ClosestDistance(L_2, accuracy)",12435,1,-0.47142490391505376,0,-0.19859672966043268
dpctgan,"ClosestDistance(L_2, accuracy)",12435,0,-1.533776318222918,0,-0.19859672966043268
dpctgan,"ClosestDistance(L_2, accuracy)",12435,1,-0.77628430028352,0,-0.19859672966043268
dpctgan,"ClosestDistance(L_2, accuracy)",12435,0,-0.5723765467044455,0,-0.19859672966043268
dpctgan,"ClosestDistance(L_2, accuracy)",12435,1,-0.4403939405102772,0,-0.19859672966043268
dpctgan,"ClosestDistance(L_2, accuracy)",12435,0,-1.5023469246658663,0,-0.19859672966043268
dpctgan,"ClosestDistance(L_2, accuracy)",12435,1,-0.791806885495891,0,-0.19859672966043268
dpctgan,"ClosestDistance(L_2, accuracy)",12435,0,-1.422143127693495,0,-0.19859672966043268
dpctgan,"ClosestDistance(L_2, accuracy)",12435,1,-0.3482982922454082,0,-0.19859672966043268
dpctgan,"ClosestDistance(L_2, accuracy)",12435,0,-0.6291958197879494,0,-0.19859672966043268
dpctgan,"ClosestDistance(L_2, accuracy)",12435,1,-1.4447400880781873,0,-0.19859672966043268
dpctgan,"ClosestDistance(L_2, accuracy)",12435,0,-0.20873863726863504,0,-0.19859672966043268
dpctgan,"ClosestDistance(L_2, accuracy)",12435,1,-0.17958169451159706,1,-0.19859672966043268
dpctgan,"ClosestDistance(L_2, accuracy)",12435,0,-0.1798193046937964,1,-0.19859672966043268
dpctgan,"ClosestDistance(L_2, accuracy)",12435,1,-1.4381999342424239,0,-0.19859672966043268
dpctgan,"ClosestDistance(L_2, accuracy)",12435,0,-1.4182860110221462,0,-0.19859672966043268
dpctgan,"ClosestDistance(L_2, accuracy)",12435,1,-1.4257561938754206,0,-0.19859672966043268
dpctgan,"ClosestDistance(L_2, accuracy)",12435,0,-0.6725626052746313,0,-0.19859672966043268
dpctgan,"ClosestDistance(L_2, accuracy)",12435,1,-1.4611797649448577,0,-0.19859672966043268
dpctgan,"ClosestDistance(L_2, accuracy)",12435,0,-0.37390825619852447,0,-0.19859672966043268
dpctgan,"ClosestDistance(L_2, accuracy)",12435,1,-0.38524862483906636,0,-0.19859672966043268
dpctgan,"ClosestDistance(L_2, accuracy)",12435,0,-1.427520049915432,0,-0.19859672966043268
dpctgan,"ClosestDistance(L_2, accuracy)",12435,1,-1.423413807001547,0,-0.19859672966043268
dpctgan,"ClosestDistance(L_2, accuracy)",12435,0,-2.0265136120004983,0,-0.19859672966043268
dpctgan,"ClosestDistance(L_2, accuracy)",12435,1,-1.6530492998937207,0,-0.19859672966043268
dpctgan,"ClosestDistance(L_2, accuracy)",12435,0,-0.4707130544681265,0,-0.19859672966043268
dpctgan,"ClosestDistance(L_2, accuracy)",12435,1,-0.3946124085846082,0,-0.19859672966043268
dpctgan,"ClosestDistance(L_2, accuracy)",12435,0,-1.4620380244283224,0,-0.19859672966043268
dpctgan,"ClosestDistance(L_2, accuracy)",12435,1,-1.4311844135249272,0,-0.19859672966043268
dpctgan,"ClosestDistance(L_2, accuracy)",12435,0,-0.7780842723700747,0,-0.19859672966043268
dpctgan,"ClosestDistance(L_2, accuracy)",12435,1,-1.4152641685797378,0,-0.19859672966043268
dpctgan,"ClosestDistance(L_2, accuracy)",12435,0,-0.33805507535996293,0,-0.19859672966043268
dpctgan,"ClosestDistance(L_2, accuracy)",12435,1,-1.4515593476410327,0,-0.19859672966043268
dpctgan,"ClosestDistance(L_2, accuracy)",12435,0,-1.443044854130922,0,-0.19859672966043268
dpctgan,"ClosestDistance(L_2, accuracy)",12435,1,-0.758667229634755,0,-0.19859672966043268
dpctgan,"ClosestDistance(L_2, accuracy)",12435,0,-0.3805366801201221,0,-0.19859672966043268
dpctgan,"ClosestDistance(L_2, accuracy)",12435,1,-0.638053021505158,0,-0.19859672966043268
dpctgan,"ClosestDistance(L_2, accuracy)",12435,0,-0.2838873995269125,0,-0.19859672966043268
dpctgan,"ClosestDistance(L_2, accuracy)",12435,1,-0.8004403853435051,0,-0.19859672966043268
dpctgan,"ClosestDistance(L_2, accuracy)",12435,0,-0.6815245898149912,0,-0.19859672966043268
dpctgan,"ClosestDistance(L_2, accuracy)",12435,1,-2.480573868595617,0,-0.19859672966043268
dpctgan,"ClosestDistance(L_2, accuracy)",12435,0,-1.4208420672456012,0,-0.19859672966043268
dpctgan,"ClosestDistance(L_2, accuracy)",12435,1,-1.4348326600417132,0,-0.19859672966043268
dpctgan,"ClosestDistance(L_2, accuracy)",12435,0,-1.4264747346585642,0,-0.19859672966043268
dpctgan,"ClosestDistance(L_2, accuracy)",12435,1,-0.2503060987964624,0,-0.19859672966043268
dpctgan,"ClosestDistance(L_2, accuracy)",12435,0,-0.4194228996867995,0,-0.19859672966043268
dpctgan,"ClosestDistance(L_2, accuracy)",12435,1,-0.3244127436503872,0,-0.19859672966043268
dpctgan,"ClosestDistance(L_2, accuracy)",12435,0,-1.4247712171601203,0,-0.19859672966043268
dpctgan,"ClosestDistance(L_2, accuracy)",12435,1,-1.4344803905245065,0,-0.19859672966043268
dpctgan,"ClosestDistance(L_2, accuracy)",12435,0,-1.4272609955002131,0,-0.19859672966043268
dpctgan,"ClosestDistance(L_2, accuracy)",12435,1,-1.4407369318015493,0,-0.19859672966043268
dpctgan,"ClosestDistance(L_2, accuracy)",12435,0,-1.414272834862925,0,-0.19859672966043268
dpctgan,"ClosestDistance(L_2, accuracy)",12435,1,-1.5117902762879594,0,-0.19859672966043268
dpctgan,"ClosestDistance(L_2, accuracy)",12435,0,-0.41082720661548333,0,-0.19859672966043268
dpctgan,"ClosestDistance(L_2, accuracy)",12435,1,-0.2172332962933119,0,-0.19859672966043268
dpctgan,"ClosestDistance(L_2, accuracy)",12435,0,-0.15019505944426062,1,-0.19859672966043268
dpctgan,"ClosestDistance(L_2, accuracy)",12435,1,-0.23509853254893157,0,-0.19859672966043268
dpctgan,"ClosestDistance(L_2, accuracy)",12435,0,-1.5095563690001266,0,-0.19859672966043268
dpctgan,"ClosestDistance(L_2, accuracy)",12435,1,-1.4196984782823951,0,-0.19859672966043268
dpctgan,"ClosestDistance(L_2, accuracy)",12435,0,-1.5458162298437719,0,-0.19859672966043268
dpctgan,"ClosestDistance(L_2, accuracy)",12435,1,-0.3196562314025344,0,-0.19859672966043268
dpctgan,"ClosestDistance(L_2, accuracy)",12435,0,-0.5111174613677397,0,-0.19859672966043268
dpctgan,"ClosestDistance(L_2, accuracy)",12435,1,-0.9154773045121869,0,-0.19859672966043268
dpctgan,"ClosestDistance(L_2, accuracy)",12435,0,-0.29346693235413945,0,-0.19859672966043268
dpctgan,"ClosestDistance(L_2, accuracy)",12435,1,-1.4264411661126606,0,-0.19859672966043268
dpctgan,"ClosestDistance(L_2, accuracy)",12435,0,-1.4255152712195958,0,-0.19859672966043268
dpctgan,"ClosestDistance(L_2, accuracy)",12435,1,-0.3464280321430662,0,-0.19859672966043268
dpctgan,"ClosestDistance(L_2, accuracy)",12435,0,-0.3838858515939185,0,-0.19859672966043268
dpctgan,"ClosestDistance(L_2, accuracy)",12435,1,-1.4292439292022636,0,-0.19859672966043268
dpctgan,"ClosestDistance(L_2, accuracy)",12435,0,-0.07479852001704397,1,-0.19859672966043268
dpctgan,"ClosestDistance(L_2, accuracy)",12435,1,-1.4640446315784934,0,-0.19859672966043268
dpctgan,"ClosestDistance(L_2, accuracy)",12435,0,-1.433534899545306,0,-0.19859672966043268
dpctgan,"ClosestDistance(L_2, accuracy)",12435,1,-1.4621943880731545,0,-0.19859672966043268
dpctgan,"ClosestDistance(L_2, accuracy)",12435,0,-1.4723107562627962,0,-0.19859672966043268
dpctgan,"ClosestDistance(L_2, accuracy)",12435,1,-0.6586644292571797,0,-0.19859672966043268
dpctgan,"ClosestDistance(L_2, accuracy)",12435,0,-0.3004087830780285,0,-0.19859672966043268
dpctgan,"ClosestDistance(L_2, accuracy)",12435,1,-0.2786920117964674,0,-0.19859672966043268
dpctgan,"ClosestDistance(L_2, accuracy)",12435,0,-1.0190521422521135,0,-0.19859672966043268
dpctgan,"ClosestDistance(L_2, accuracy)",12435,1,-0.9364212502494206,0,-0.19859672966043268
dpctgan,"ClosestDistance(L_2, accuracy)",12435,0,-0.2849916222002386,0,-0.19859672966043268
dpctgan,"ClosestDistance(L_2, accuracy)",12435,1,-0.15875820365891555,1,-0.19859672966043268
dpctgan,"ClosestDistance(L_2, accuracy)",12435,0,-0.25177022275213196,0,-0.19859672966043268
dpctgan,"ClosestDistance(L_2, accuracy)",12435,1,-1.4754971838778863,0,-0.19859672966043268
dpctgan,"ClosestDistance(L_2, accuracy)",12435,0,-1.4640056506506607,0,-0.19859672966043268
dpctgan,"ClosestDistance(L_2, accuracy)",12435,1,-1.453110493799963,0,-0.19859672966043268
dpctgan,"ClosestDistance(L_2, accuracy)",12435,0,-2.017865596321723,0,-0.19859672966043268
dpctgan,"ClosestDistance(L_2, accuracy)",12435,1,-1.4314511564837045,0,-0.19859672966043268
dpctgan,"ClosestDistance(L_2, accuracy)",12435,0,-1.442103866461844,0,-0.19859672966043268
dpctgan,"ClosestDistance(L_2, accuracy)",12435,1,-1.4165594493226152,0,-0.19859672966043268
dpctgan,"ClosestDistance(L_2, accuracy)",12435,0,-0.29571038901197244,0,-0.19859672966043268
dpctgan,"ClosestDistance(L_2, accuracy)",12435,1,-0.5599959283694165,0,-0.19859672966043268
dpctgan,"ClosestDistance(L_2, accuracy)",12435,0,-0.5445485712307034,0,-0.19859672966043268
dpctgan,"ClosestDistance(L_2, accuracy)",12435,1,-0.62101993955868,0,-0.19859672966043268
dpctgan,"ClosestDistance(L_2, accuracy)",12435,0,-0.5105498132215067,0,-0.19859672966043268
dpctgan,"ClosestDistance(L_2, accuracy)",12435,1,-1.4628544578559877,0,-0.19859672966043268
dpctgan,"ClosestDistance(L_2, accuracy)",12435,0,-0.20462696694131485,0,-0.19859672966043268
dpctgan,"ClosestDistance(L_2, accuracy)",12435,1,-0.5920758551206714,0,-0.19859672966043268
dpctgan,"ClosestDistance(L_2, accuracy)",12435,0,-0.19200650152284288,1,-0.19859672966043268
dpctgan,"ClosestDistance(L_2, accuracy)",12435,1,-1.4672044625468181,0,-0.19859672966043268
dpctgan,"ClosestDistance(L_2, accuracy)",12435,0,-0.3519716357584987,0,-0.19859672966043268
dpctgan,"ClosestDistance(L_2, accuracy)",12435,1,-0.4193779968935708,0,-0.19859672966043268
dpctgan,"ClosestDistance(L_2, accuracy)",12435,0,-0.6222446356843361,0,-0.19859672966043268
dpctgan,"ClosestDistance(L_2, accuracy)",12435,1,-1.4596237453396945,0,-0.19859672966043268
dpctgan,"ClosestDistance(L_2, accuracy)",12435,0,-0.5924049353500342,0,-0.19859672966043268
dpctgan,"ClosestDistance(L_2, accuracy)",12435,1,-1.4355111940327596,0,-0.19859672966043268
dpctgan,"ClosestDistance(L_2, accuracy)",12435,0,-1.520645906475277,0,-0.19859672966043268
dpctgan,"ClosestDistance(L_2, accuracy)",12435,1,-1.4405762015079622,0,-0.19859672966043268
dpctgan,"ClosestDistance(L_2, accuracy)",12435,0,-2.1102544789203437,0,-0.19859672966043268
dpctgan,"ClosestDistance(L_2, accuracy)",12435,1,-0.37531912614602503,0,-0.19859672966043268
dpctgan,"ClosestDistance(L_2, accuracy)",12435,0,-0.581120202366609,0,-0.19859672966043268
dpctgan,"ClosestDistance(L_2, accuracy)",12435,1,-1.449844093078732,0,-0.19859672966043268
dpctgan,"ClosestDistance(L_2, accuracy)",12435,0,-1.440169855794566,0,-0.19859672966043268
dpctgan,"ClosestDistance(L_2, accuracy)",12435,1,-1.4352212092389864,0,-0.19859672966043268
dpctgan,"ClosestDistance(L_2, accuracy)",12435,0,-1.5678080742453555,0,-0.19859672966043268
dpctgan,"ClosestDistance(L_2, accuracy)",12435,1,-1.460611569175825,0,-0.19859672966043268
dpctgan,"ClosestDistance(L_2, accuracy)",12435,0,-1.4807792787765959,0,-0.19859672966043268
dpctgan,"ClosestDistance(L_2, accuracy)",12435,1,-0.22122417768661695,0,-0.19859672966043268
dpctgan,"ClosestDistance(L_2, accuracy)",12435,0,-0.28993308513102783,0,-0.19859672966043268
dpctgan,"ClosestDistance(L_2, accuracy)",12435,1,-1.4312549442128515,0,-0.19859672966043268
dpctgan,"ClosestDistance(L_2, accuracy)",12435,0,-1.4332802478198465,0,-0.19859672966043268
dpctgan,"ClosestDistance(L_2, accuracy)",12435,1,-0.27076891135172815,0,-0.19859672966043268
dpctgan,"ClosestDistance(L_2, accuracy)",12435,0,-1.4444336026416043,0,-0.19859672966043268
dpctgan,"ClosestDistance(L_2, accuracy)",12435,1,-1.4386258893570387,0,-0.19859672966043268
dpctgan,"ClosestDistance(L_2, accuracy)",12435,0,-0.4399691365825003,0,-0.19859672966043268
dpctgan,"ClosestDistance(L_2, accuracy)",12435,1,-1.4234433481378623,0,-0.19859672966043268
dpctgan,"ClosestDistance(L_2, accuracy)",12435,0,-1.4317183532557618,0,-0.19859672966043268
dpctgan,"ClosestDistance(L_2, accuracy)",12435,1,-0.8180315663546376,0,-0.19859672966043268
dpctgan,"ClosestDistance(L_2, accuracy)",12435,0,-0.20669688818073517,0,-0.19859672966043268
dpctgan,"ClosestDistance(L_2, accuracy)",12435,1,-1.4519072706705918,0,-0.19859672966043268
dpctgan,"ClosestDistance(L_2, accuracy)",12435,0,-0.15754098687018492,1,-0.19859672966043268
dpctgan,"ClosestDistance(L_2, accuracy)",12435,1,-1.4287145533749075,0,-0.19859672966043268
dpctgan,"ClosestDistance(L_2, accuracy)",12435,0,-1.4404002967023064,0,-0.19859672966043268
dpctgan,"ClosestDistance(L_2, accuracy)",12435,1,-1.4351135147482847,0,-0.19859672966043268
dpctgan,"ClosestDistance(L_2, accuracy)",12435,0,-1.439684673584701,0,-0.19859672966043268
dpctgan,"ClosestDistance(L_2, accuracy)",12435,1,-1.443208644362413,0,-0.19859672966043268
dpctgan,"ClosestDistance(L_2, accuracy)",12435,0,-1.5308883789684764,0,-0.19859672966043268
dpctgan,"ClosestDistance(L_2, accuracy)",12435,1,-1.5299905457735543,0,-0.19859672966043268
dpctgan,"ClosestDistance(L_2, accuracy)",12435,0,-0.31481195804389117,0,-0.19859672966043268
dpctgan,"ClosestDistance(L_2, accuracy)",12435,1,-1.4657477684069236,0,-0.19859672966043268
dpctgan,"ClosestDistance(L_2, accuracy)",12435,0,-0.43765092213425605,0,-0.19859672966043268
dpctgan,"ClosestDistance(L_2, accuracy)",12435,1,-1.426635155871231,0,-0.19859672966043268
dpctgan,"ClosestDistance(L_2, accuracy)",12435,0,-0.3034513928509427,0,-0.19859672966043268
dpctgan,"ClosestDistance(L_2, accuracy)",12435,1,-0.7028401463518515,0,-0.19859672966043268
dpctgan,"ClosestDistance(L_2, accuracy)",12435,0,-1.4815361291014504,0,-0.19859672966043268
dpctgan,"ClosestDistance(L_2, accuracy)",12435,1,-0.4312420640794855,0,-0.19859672966043268
dpctgan,"ClosestDistance(L_2, accuracy)",12435,0,-1.4515816429833248,0,-0.19859672966043268
dpctgan,"ClosestDistance(L_2, accuracy)",12435,1,-0.42850801720789233,0,-0.19859672966043268
dpctgan,"ClosestDistance(L_2, accuracy)",12435,0,-0.6548122563858186,0,-0.19859672966043268
dpctgan,"ClosestDistance(L_2, accuracy)",12435,1,-0.932708426798403,0,-0.19859672966043268
dpctgan,"ClosestDistance(L_2, accuracy)",12435,0,-1.4433763146395548,0,-0.19859672966043268
dpctgan,"ClosestDistance(L_2, accuracy)",12435,1,-0.4763608452217692,0,-0.19859672966043268
dpctgan,"ClosestDistance(L_2, accuracy)",12435,0,-1.4596197802682176,0,-0.19859672966043268
dpctgan,"ClosestDistance(L_2, accuracy)",12435,1,-0.7164671804731397,0,-0.19859672966043268
dpctgan,"ClosestDistance(L_2, accuracy)",12435,0,-1.4465530282498276,0,-0.19859672966043268
dpctgan,"ClosestDistance(L_2, accuracy)",12435,1,-1.4711245351307616,0,-0.19859672966043268
dpctgan,"ClosestDistance(L_2, accuracy)",12435,0,-1.4452549783405613,0,-0.19859672966043268
dpctgan,"ClosestDistance(L_2, accuracy)",12435,1,-0.9124099129121593,0,-0.19859672966043268
dpctgan,"ClosestDistance(L_2, accuracy)",12435,0,-0.483864714782342,0,-0.19859672966043268
dpctgan,"ClosestDistance(L_2, accuracy)",12435,1,-1.4768160644326667,0,-0.19859672966043268
dpctgan,"ClosestDistance(L_2, accuracy)",12435,0,-1.4455047982280949,0,-0.19859672966043268
dpctgan,"ClosestDistance(L_2, accuracy)",12435,1,-0.8715837920128859,0,-0.19859672966043268
dpctgan,"ClosestDistance(L_2, accuracy)",12435,0,-0.35122032880112997,0,-0.19859672966043268
dpctgan,"ClosestDistance(L_2, accuracy)",12435,1,-1.4472785725916313,0,-0.19859672966043268
dpctgan,"ClosestDistance(L_2, accuracy)",12435,0,-0.9036664103510821,0,-0.19859672966043268
dpctgan,"ClosestDistance(L_2, accuracy)",12435,1,-1.436950636893054,0,-0.19859672966043268
dpctgan,"ClosestDistance(L_2, accuracy)",12435,0,-0.5719594554003887,0,-0.19859672966043268
dpctgan,"ClosestDistance(L_2, accuracy)",12435,1,-1.5739875544886557,0,-0.19859672966043268
dpctgan,"ClosestDistance(L_2, accuracy)",12435,0,-0.22178950173006345,0,-0.19859672966043268
dpctgan,"ClosestDistance(L_2, accuracy)",12435,1,-0.4830037737632839,0,-0.19859672966043268
dpctgan,"ClosestDistance(L_2, accuracy)",12435,0,-1.4153980152276893,0,-0.19859672966043268
dpctgan,"ClosestDistance(L_2, accuracy)",12435,1,-1.416695760500224,0,-0.19859672966043268
dpctgan,"ClosestDistance(L_2, accuracy)",12435,0,-0.3884099554726094,0,-0.19859672966043268
dpctgan,"ClosestDistance(L_2, accuracy)",12435,1,-1.4278297572554908,0,-0.19859672966043268
dpctgan,"ClosestDistance(L_2, accuracy)",12435,0,-0.34829865609257454,0,-0.19859672966043268
dpctgan,"ClosestDistance(L_2, accuracy)",12435,1,-0.7900330938690923,0,-0.19859672966043268
dpctgan,"ClosestDistance(L_2, accuracy)",12435,0,-0.3400169237693855,0,-0.19859672966043268
dpctgan,"ClosestDistance(L_2, accuracy)",12435,1,-0.5312854523608547,0,-0.19859672966043268
dpctgan,"ClosestDistance(L_2, accuracy)",12435,0,-0.20039308350282342,0,-0.19859672966043268
dpctgan,"ClosestDistance(L_2, accuracy)",12435,1,-1.458515626940886,0,-0.19859672966043268
dpctgan,"ClosestDistance(L_2, accuracy)",12435,0,-1.464914401693361,0,-0.19859672966043268
dpctgan,"ClosestDistance(L_2, accuracy)",12435,1,-0.4402405272645317,0,-0.19859672966043268
dpctgan,"ClosestDistance(L_2, accuracy)",12435,0,-0.11869947516812007,1,-0.19859672966043268
dpctgan,"ClosestDistance(L_2, accuracy)",12435,1,-1.4208085903917342,0,-0.19859672966043268
dpctgan,"ClosestDistance(L_2, accuracy)",12435,0,-1.475965773414407,0,-0.19859672966043268
dpctgan,"ClosestDistance(L_2, accuracy)",12435,1,-0.3322181886916965,0,-0.19859672966043268
dpctgan,"ClosestDistance(L_2, accuracy)",12435,0,-1.5384637871611186,0,-0.19859672966043268
dpctgan,"ClosestDistance(L_2, accuracy)",12435,1,-1.5156141806181314,0,-0.19859672966043268
dpctgan,"ClosestDistance(L_2, accuracy)",12435,0,-0.318831195223064,0,-0.19859672966043268
dpctgan,"ClosestDistance(L_2, accuracy)",12435,1,-1.5698006060694798,0,-0.19859672966043268
dpctgan,"ClosestDistance(L_2, accuracy)",12435,0,-0.7318232903503182,0,-0.19859672966043268
dpctgan,"ClosestDistance(L_2, accuracy)",12435,1,-0.38933701225717154,0,-0.19859672966043268
dpctgan,"ClosestDistance(L_2, accuracy)",12435,0,-0.4210664352158278,0,-0.19859672966043268
dpctgan,"ClosestDistance(L_2, accuracy)",12435,1,-0.23945825185204533,0,-0.19859672966043268
dpctgan,"ClosestDistance(L_2, accuracy)",12435,0,-1.4198699149662886,0,-0.19859672966043268
dpctgan,"ClosestDistance(L_2, accuracy)",12435,1,-1.4166179882201384,0,-0.19859672966043268
dpctgan,"ClosestDistance(L_2, accuracy)",12435,0,-0.41170240114100515,0,-0.19859672966043268
dpctgan,"ClosestDistance(L_2, accuracy)",12435,1,-1.5381215136711341,0,-0.19859672966043268
dpctgan,"ClosestDistance(L_2, accuracy)",12435,0,-1.4187036026688404,0,-0.19859672966043268
dpctgan,"ClosestDistance(L_2, accuracy)",12435,1,-0.5071724986233924,0,-0.19859672966043268
dpctgan,"ClosestDistance(L_2, accuracy)",12435,0,-0.31613090718647746,0,-0.19859672966043268
dpctgan,"ClosestDistance(L_2, accuracy)",12435,1,-1.4338938626266842,0,-0.19859672966043268
dpctgan,"ClosestDistance(L_2, accuracy)",12435,0,-1.4698932537952294,0,-0.19859672966043268
dpctgan,"ClosestDistance(L_2, accuracy)",12435,1,-0.23892966881318198,0,-0.19859672966043268
dpctgan,"ClosestDistance(L_2, accuracy)",12435,0,-1.4358042021468476,0,-0.19859672966043268
dpctgan,"ClosestDistance(L_2, accuracy)",12435,1,-1.4165463358030619,0,-0.19859672966043268
dpctgan,"ClosestDistance(L_2, accuracy)",12435,0,-1.477427736688801,0,-0.19859672966043268
dpctgan,"ClosestDistance(L_2, accuracy)",12435,1,-0.2560868395870808,0,-0.19859672966043268
dpctgan,"ClosestDistance(L_2, accuracy)",12435,0,-1.492729203505745,0,-0.19859672966043268
dpctgan,"ClosestDistance(L_2, accuracy)",12435,1,-0.5136251136895561,0,-0.19859672966043268
dpctgan,"ClosestDistance(L_2, accuracy)",12435,0,-1.421966386721686,0,-0.19859672966043268
dpctgan,"ClosestDistance(L_2, accuracy)",12435,1,-0.6936694931133194,0,-0.19859672966043268
dpctgan,"ClosestDistance(L_2, accuracy)",12435,0,-0.541803179656152,0,-0.19859672966043268
dpctgan,"ClosestDistance(L_2, accuracy)",12435,1,-0.036371695557006326,1,-0.19859672966043268
dpctgan,"ClosestDistance(L_2, accuracy)",12435,0,-1.4539293567715355,0,-0.19859672966043268
dpctgan,"ClosestDistance(L_2, accuracy)",12435,1,-0.7040521925651707,0,-0.19859672966043268
dpctgan,"ClosestDistance(L_2, accuracy)",12435,0,-1.4507373193248283,0,-0.19859672966043268
dpctgan,"ClosestDistance(L_2, accuracy)",12435,1,-0.11838114924433626,1,-0.19859672966043268
dpctgan,"ClosestDistance(L_2, accuracy)",12435,0,-0.23777691768312081,0,-0.19859672966043268
dpctgan,"ClosestDistance(L_2, accuracy)",12435,1,-0.42258374004661553,0,-0.19859672966043268
dpctgan,"ClosestDistance(L_2, accuracy)",12435,0,-2.0435086997996037,0,-0.19859672966043268
dpctgan,"ClosestDistance(L_2, accuracy)",12435,1,-2.025960994800642,0,-0.19859672966043268
dpctgan,"ClosestDistance(L_2, accuracy)",12435,0,-0.16978784585647658,1,-0.19859672966043268
dpctgan,"ClosestDistance(L_2, accuracy)",12435,1,-1.4340566874932377,0,-0.19859672966043268
dpctgan,"ClosestDistance(L_2, accuracy)",12435,0,-1.4206269780260796,0,-0.19859672966043268
dpctgan,"ClosestDistance(L_2, accuracy)",12435,1,-1.4774965801759201,0,-0.19859672966043268
dpctgan,"ClosestDistance(L_2, accuracy)",12435,0,-1.4475374315984744,0,-0.19859672966043268
dpctgan,"ClosestDistance(L_2, accuracy)",12435,1,-1.4321455690781224,0,-0.19859672966043268
dpctgan,"ClosestDistance(L_2, accuracy)",12435,0,-0.3127815728707404,0,-0.19859672966043268
dpctgan,"ClosestDistance(L_2, accuracy)",12435,1,-1.439285235867694,0,-0.19859672966043268
dpctgan,"ClosestDistance(L_2, accuracy)",12435,0,-0.616065781869357,0,-0.19859672966043268
dpctgan,"ClosestDistance(L_2, accuracy)",12435,1,-1.4195915883967358,0,-0.19859672966043268
dpctgan,"ClosestDistance(L_2, accuracy)",12435,0,-0.6782826511441459,0,-0.19859672966043268
dpctgan,"ClosestDistance(L_2, accuracy)",12435,1,-0.3628425207086902,0,-0.19859672966043268
dpctgan,"ClosestDistance(L_2, accuracy)",12435,0,-1.4636180390535074,0,-0.19859672966043268
dpctgan,"ClosestDistance(L_2, accuracy)",12435,1,-0.687383213417045,0,-0.19859672966043268
dpctgan,"ClosestDistance(L_2, accuracy)",12435,0,-0.308640239086115,0,-0.19859672966043268
dpctgan,"ClosestDistance(L_2, accuracy)",12435,1,-1.4592621185513708,0,-0.19859672966043268
dpctgan,"ClosestDistance(L_2, accuracy)",12435,0,-1.485581248881129,0,-0.19859672966043268
dpctgan,"ClosestDistance(L_2, accuracy)",12435,1,-0.7606732574201491,0,-0.19859672966043268
dpctgan,"ClosestDistance(L_2, accuracy)",12435,0,-0.17143311846577247,1,-0.19859672966043268
dpctgan,"ClosestDistance(L_2, accuracy)",12435,1,-0.11665405017880559,1,-0.19859672966043268
dpctgan,"ClosestDistance(L_2, accuracy)",12435,0,-1.4203363315752902,0,-0.19859672966043268
dpctgan,"ClosestDistance(L_2, accuracy)",12435,1,-0.2972277733581526,0,-0.19859672966043268
dpctgan,"ClosestDistance(L_2, accuracy)",12435,0,-1.502321592338258,0,-0.19859672966043268
dpctgan,"ClosestDistance(L_2, accuracy)",12435,1,-0.2952943556345593,0,-0.19859672966043268
dpctgan,"ClosestDistance(L_2, accuracy)",12435,0,-0.1910709757871312,1,-0.19859672966043268
dpctgan,"ClosestDistance(L_2, accuracy)",12435,1,-0.39659935304840505,0,-0.19859672966043268
dpctgan,"ClosestDistance(L_2, accuracy)",12435,0,-0.145079998908644,1,-0.19859672966043268
dpctgan,"ClosestDistance(L_2, accuracy)",12435,1,-0.3720876138940689,0,-0.19859672966043268
dpctgan,"ClosestDistance(L_2, accuracy)",12435,0,-0.29786902553276084,0,-0.19859672966043268
dpctgan,"ClosestDistance(L_2, accuracy)",12435,1,-1.5552467915738577,0,-0.19859672966043268
dpctgan,"ClosestDistance(L_2, accuracy)",12435,0,-0.3517560803514309,0,-0.19859672966043268
dpctgan,"ClosestDistance(L_2, accuracy)",12435,1,-1.4369338783891752,0,-0.19859672966043268
dpctgan,"ClosestDistance(L_2, accuracy)",12435,0,-0.3655503406317339,0,-0.19859672966043268
dpctgan,"ClosestDistance(L_2, accuracy)",12435,1,-1.5161666713120276,0,-0.19859672966043268
dpctgan,"ClosestDistance(L_2, accuracy)",12435,0,-1.5391168757746305,0,-0.19859672966043268
dpctgan,"ClosestDistance(L_2, accuracy)",12435,1,-0.58747545356994,0,-0.19859672966043268
dpctgan,"ClosestDistance(L_2, accuracy)",12435,0,-0.35830348574964427,0,-0.19859672966043268
dpctgan,"ClosestDistance(L_2, accuracy)",12435,1,-1.4470984478872508,0,-0.19859672966043268
dpctgan,"ClosestDistance(L_2, accuracy)",12435,0,-0.2946889598041259,0,-0.19859672966043268
dpctgan,"ClosestDistance(L_2, accuracy)",12435,1,-2.02363178024737,0,-0.19859672966043268
dpctgan,"ClosestDistance(L_2, accuracy)",12435,0,-0.28469048341473807,0,-0.19859672966043268
dpctgan,"ClosestDistance(L_2, accuracy)",12435,1,-0.11844262214380101,1,-0.19859672966043268
dpctgan,"ClosestDistance(L_2, accuracy)",12435,0,-0.6899554628102642,0,-0.19859672966043268
dpctgan,"ClosestDistance(L_2, accuracy)",12435,1,-0.19950395091638795,0,-0.19859672966043268
dpctgan,"ClosestDistance(L_2, accuracy)",12435,0,-1.4509274550410944,0,-0.19859672966043268
dpctgan,"ClosestDistance(L_2, accuracy)",12435,1,-1.420908420502676,0,-0.19859672966043268
dpctgan,"ClosestDistance(L_2, accuracy)",12435,0,-1.070903466218183,0,-0.19859672966043268
dpctgan,"ClosestDistance(L_2, accuracy)",12435,1,-0.9194940040197864,0,-0.19859672966043268
dpctgan,"ClosestDistance(L_2, accuracy)",12435,0,-1.4957300533917999,0,-0.19859672966043268
dpctgan,"ClosestDistance(L_2, accuracy)",12435,1,-0.7669420618061913,0,-0.19859672966043268
dpctgan,"ClosestDistance(L_2, accuracy)",12435,0,-1.4166462955552928,0,-0.19859672966043268
dpctgan,"ClosestDistance(L_2, accuracy)",12435,1,-1.424276493138444,0,-0.19859672966043268
dpctgan,"ClosestDistance(L_2, accuracy)",12435,0,-0.3970789847520418,0,-0.19859672966043268
dpctgan,"ClosestDistance(L_2, accuracy)",12435,1,-1.4175446789152943,0,-0.19859672966043268
dpctgan,"ClosestDistance(L_2, accuracy)",12435,0,-1.4269431041619716,0,-0.19859672966043268
dpctgan,"ClosestDistance(L_2, accuracy)",12435,1,-1.444267327784317,0,-0.19859672966043268
dpctgan,"ClosestDistance(L_2, accuracy)",12435,0,-0.2455795419807378,0,-0.19859672966043268
dpctgan,"ClosestDistance(L_2, accuracy)",12435,1,-1.4374496804231827,0,-0.19859672966043268
dpctgan,"ClosestDistance(L_2, accuracy)",12435,0,-0.7686314049540789,0,-0.19859672966043268
dpctgan,"ClosestDistance(L_2, accuracy)",12435,1,-1.4200620919129687,0,-0.19859672966043268
dpctgan,"ClosestDistance(L_2, accuracy)",12435,0,-1.4318488735071002,0,-0.19859672966043268
dpctgan,"ClosestDistance(L_2, accuracy)",12435,1,-1.4347076356622699,0,-0.19859672966043268
dpctgan,"ClosestDistance(L_2, accuracy)",12435,0,-1.4439785127742235,0,-0.19859672966043268
dpctgan,"ClosestDistance(L_2, accuracy)",12435,1,-0.4797255517817812,0,-0.19859672966043268
dpctgan,"ClosestDistance(L_2, accuracy)",12435,0,-1.4317237067325526,0,-0.19859672966043268
dpctgan,"ClosestDistance(L_2, accuracy)",12435,1,-1.4190675142822937,0,-0.19859672966043268
dpctgan,"ClosestDistance(L_2, accuracy)",12435,0,-1.5898417977260406,0,-0.19859672966043268
dpctgan,"ClosestDistance(L_2, accuracy)",12435,1,-1.4426283076889674,0,-0.19859672966043268
dpctgan,"ClosestDistance(L_2, accuracy)",12435,0,-0.31851667745737433,0,-0.19859672966043268
dpctgan,"ClosestDistance(L_2, accuracy)",12435,1,-0.3009347975178486,0,-0.19859672966043268
dpctgan,"ClosestDistance(L_2, accuracy)",12435,0,-0.49371288293532833,0,-0.19859672966043268
dpctgan,"ClosestDistance(L_2, accuracy)",12435,1,-0.1656234869223858,1,-0.19859672966043268
dpctgan,"ClosestDistance(L_2, accuracy)",12435,0,-0.42008382361837554,0,-0.19859672966043268
dpctgan,"ClosestDistance(L_2, accuracy)",12435,1,-0.22971614825406955,0,-0.19859672966043268
dpctgan,"ClosestDistance(L_2, accuracy)",12435,0,-0.31679518242563287,0,-0.19859672966043268
dpctgan,"ClosestDistance(L_2, accuracy)",12435,1,-1.4530476506924987,0,-0.19859672966043268
dpctgan,"ClosestDistance(L_2, accuracy)",12435,0,-0.22477124658249104,0,-0.19859672966043268
dpctgan,"ClosestDistance(L_2, accuracy)",12435,1,-1.4831793601447127,0,-0.19859672966043268
dpctgan,"ClosestDistance(L_2, accuracy)",12435,0,-0.7972008851863881,0,-0.19859672966043268
dpctgan,"ClosestDistance(L_2, accuracy)",12435,1,-0.3609870075430581,0,-0.19859672966043268
dpctgan,"ClosestDistance(L_2, accuracy)",12435,0,-0.5567609117085385,0,-0.19859672966043268
dpctgan,"ClosestDistance(L_2, accuracy)",12435,1,-0.22880758523453548,0,-0.19859672966043268
dpctgan,"ClosestDistance(L_2, accuracy)",12435,0,-1.4657359602317022,0,-0.19859672966043268
dpctgan,"ClosestDistance(L_2, accuracy)",12435,1,-0.45879910113268735,0,-0.19859672966043268
dpctgan,"ClosestDistance(L_2, accuracy)",12435,0,-1.4173429094060759,0,-0.19859672966043268
dpctgan,"ClosestDistance(L_2, accuracy)",12435,1,-0.19860489491415076,0,-0.19859672966043268
dpctgan,"ClosestDistance(L_2, accuracy)",12435,0,-1.5504609848434867,0,-0.19859672966043268
dpctgan,"ClosestDistance(L_2, accuracy)",12435,1,-0.5779012021845212,0,-0.19859672966043268
dpctgan,"ClosestDistance(L_2, accuracy)",12435,0,-0.5298737046257892,0,-0.19859672966043268
dpctgan,"ClosestDistance(L_2, accuracy)",12435,1,-0.47754636931931765,0,-0.19859672966043268
dpctgan,"ClosestDistance(L_2, accuracy)",12435,0,-1.4994185019841133,0,-0.19859672966043268
dpctgan,"ClosestDistance(L_2, accuracy)",12435,1,-1.4328647603288476,0,-0.19859672966043268
dpctgan,"ClosestDistance(L_2, accuracy)",12435,0,-0.14046325555864256,1,-0.19859672966043268
dpctgan,"ClosestDistance(L_2, accuracy)",12435,1,-1.452568411145977,0,-0.19859672966043268
dpctgan,"ClosestDistance(L_2, accuracy)",12435,0,-1.4680665703663967,0,-0.19859672966043268
dpctgan,"ClosestDistance(L_2, accuracy)",12435,1,-0.6153074563679161,0,-0.19859672966043268
dpctgan,"ClosestDistance(L_2, accuracy)",12435,0,-0.4109718297731805,0,-0.19859672966043268
dpctgan,"ClosestDistance(L_2, accuracy)",12435,1,-0.15981302704873804,1,-0.19859672966043268
dpctgan,"ClosestDistance(L_2, accuracy)",12435,0,-0.7943109626578042,0,-0.19859672966043268
dpctgan,"ClosestDistance(L_2, accuracy)",12435,1,-1.4570653155188897,0,-0.19859672966043268
dpctgan,"ClosestDistance(L_2, accuracy)",12435,0,-0.4148013704527084,0,-0.19859672966043268
dpctgan,"ClosestDistance(L_2, accuracy)",12435,1,-1.441905575776185,0,-0.19859672966043268
dpctgan,"ClosestDistance(L_2, accuracy)",12435,0,-0.3150523908724392,0,-0.19859672966043268
dpctgan,"ClosestDistance(L_2, accuracy)",12435,1,-1.4823686936577234,0,-0.19859672966043268
dpctgan,"ClosestDistance(L_2, accuracy)",12435,0,-1.41509007650447,0,-0.19859672966043268
dpctgan,"ClosestDistance(L_2, accuracy)",12435,1,-0.3352026297967199,0,-0.19859672966043268
dpctgan,"ClosestDistance(L_2, accuracy)",12435,0,-0.9652658525033331,0,-0.19859672966043268
dpctgan,"ClosestDistance(L_2, accuracy)",12435,1,-0.4607690667519361,0,-0.19859672966043268
dpctgan,"ClosestDistance(L_2, accuracy)",12435,0,-1.4350023174639719,0,-0.19859672966043268
dpctgan,"ClosestDistance(L_2, accuracy)",12435,1,-0.2258430331430639,0,-0.19859672966043268
dpctgan,"ClosestDistance(L_2, accuracy)",12435,0,-0.6455800014540153,0,-0.19859672966043268
dpctgan,"ClosestDistance(L_2, accuracy)",12435,1,-0.15043878107461314,1,-0.19859672966043268
dpctgan,"ClosestDistance(L_2, accuracy)",12435,0,-0.18054096633825842,1,-0.19859672966043268
dpctgan,"ClosestDistance(L_2, accuracy)",12435,1,-1.4672668161748956,0,-0.19859672966043268
dpctgan,"ClosestDistance(L_2, accuracy)",12435,0,-2.0187405066706896,0,-0.19859672966043268
dpctgan,"ClosestDistance(L_2, accuracy)",12435,1,-0.27847637646340495,0,-0.19859672966043268
dpctgan,"ClosestDistance(L_2, accuracy)",12435,0,-1.4548189864768293,0,-0.19859672966043268
dpctgan,"ClosestDistance(L_2, accuracy)",12435,1,-1.4273872786847068,0,-0.19859672966043268
dpctgan,"ClosestDistance(L_2, accuracy)",12435,0,-0.574202561778685,0,-0.19859672966043268
dpctgan,"ClosestDistance(L_2, accuracy)",12435,1,-1.4193613017154465,0,-0.19859672966043268
dpctgan,"ClosestDistance(L_2, accuracy)",12435,0,-0.22294747375607463,0,-0.19859672966043268
dpctgan,"ClosestDistance(L_2, accuracy)",12435,1,-0.462521270500401,0,-0.19859672966043268
dpctgan,"ClosestDistance(L_2, accuracy)",12435,0,-0.6177396613971414,0,-0.19859672966043268
dpctgan,"ClosestDistance(L_2, accuracy)",12435,1,-0.37082417253512356,0,-0.19859672966043268
dpctgan,"ClosestDistance(L_2, accuracy)",12435,0,-0.2511149651880565,0,-0.19859672966043268
dpctgan,"ClosestDistance(L_2, accuracy)",12435,1,-1.4570241811144478,0,-0.19859672966043268
dpctgan,"ClosestDistance(L_2, accuracy)",12435,0,-1.4231457952004245,0,-0.19859672966043268
dpctgan,"ClosestDistance(L_2, accuracy)",12435,1,-1.5113786284900743,0,-0.19859672966043268
dpctgan,"ClosestDistance(L_2, accuracy)",12435,0,-0.4442009809971164,0,-0.19859672966043268
dpctgan,"ClosestDistance(L_2, accuracy)",12435,1,-0.20384770144013878,0,-0.19859672966043268
dpctgan,"ClosestDistance(L_2, accuracy)",12435,0,-1.455976502235411,0,-0.19859672966043268
dpctgan,"ClosestDistance(L_2, accuracy)",12435,1,-0.4918856523090332,0,-0.19859672966043268
dpctgan,"ClosestDistance(L_2, accuracy)",12435,0,-1.4513721101183357,0,-0.19859672966043268
dpctgan,"ClosestDistance(L_2, accuracy)",12435,1,-1.4831484310982461,0,-0.19859672966043268
dpctgan,"ClosestDistance(L_2, accuracy)",12435,0,-0.6738276387742446,0,-0.19859672966043268
dpctgan,"ClosestDistance(L_2, accuracy)",12435,1,-0.3076094095381948,0,-0.19859672966043268
dpctgan,"ClosestDistance(L_2, accuracy)",12435,0,-1.4511085650310067,0,-0.19859672966043268
dpctgan,"ClosestDistance(L_2, accuracy)",12435,1,-1.438779526837621,0,-0.19859672966043268
dpctgan,"ClosestDistance(L_2, accuracy)",12435,0,-0.4077912845190725,0,-0.19859672966043268
dpctgan,"ClosestDistance(L_2, accuracy)",12435,1,-0.388748400785552,0,-0.19859672966043268
dpctgan,"ClosestDistance(L_2, accuracy)",12435,0,-0.6607981052306632,0,-0.19859672966043268
dpctgan,"ClosestDistance(L_2, accuracy)",12435,1,-0.5091525400069136,0,-0.19859672966043268
dpctgan,"ClosestDistance(L_2, accuracy)",12435,0,-0.31622446432066337,0,-0.19859672966043268
dpctgan,"ClosestDistance(L_2, accuracy)",12435,1,-1.5284408362585515,0,-0.19859672966043268
dpctgan,"ClosestDistance(L_2, accuracy)",12435,0,-1.436543309916111,0,-0.19859672966043268
dpctgan,"ClosestDistance(L_2, accuracy)",12435,1,-1.825454610107367,0,-0.19859672966043268
dpctgan,"ClosestDistance(L_2, accuracy)",12435,0,-1.425183119017432,0,-0.19859672966043268
dpctgan,"ClosestDistance(L_2, accuracy)",12435,1,-1.487332235183285,0,-0.19859672966043268
dpctgan,"ClosestDistance(L_2, accuracy)",12435,0,-1.4394974351411975,0,-0.19859672966043268
dpctgan,"ClosestDistance(L_2, accuracy)",12435,1,-0.4319258349422133,0,-0.19859672966043268
dpctgan,"ClosestDistance(L_2, accuracy)",12435,0,-1.4493041099580855,0,-0.19859672966043268
dpctgan,"ClosestDistance(L_2, accuracy)",12435,1,-1.4323382837176393,0,-0.19859672966043268
dpctgan,"ClosestDistance(L_2, accuracy)",12435,0,-0.2672815115953967,0,-0.19859672966043268
dpctgan,"ClosestDistance(L_2, accuracy)",12435,1,-1.55536095082681,0,-0.19859672966043268
dpctgan,"ClosestDistance(L_2, accuracy)",12435,0,-1.4240382613332512,0,-0.19859672966043268
dpctgan,"ClosestDistance(L_2, accuracy)",12435,1,-0.5892293945529868,0,-0.19859672966043268
dpctgan,"ClosestDistance(L_2, accuracy)",12435,0,-1.4499498700152171,0,-0.19859672966043268
dpctgan,"ClosestDistance(L_2, accuracy)",12435,1,-1.4148664286890535,0,-0.19859672966043268
dpctgan,"ClosestDistance(L_2, accuracy)",12435,0,-0.7479400770290192,0,-0.19859672966043268
dpctgan,"ClosestDistance(L_2, accuracy)",12435,1,-0.13366704563257317,1,-0.19859672966043268
dpctgan,"ClosestDistance(L_2, accuracy)",12435,0,-0.40852500408803344,0,-0.19859672966043268
dpctgan,"ClosestDistance(L_2, accuracy)",12435,1,-1.612525113730892,0,-0.19859672966043268
dpctgan,"ClosestDistance(L_2, accuracy)",12435,0,-1.4277193221094606,0,-0.19859672966043268
dpctgan,"ClosestDistance(L_2, accuracy)",12435,1,-1.4440500567993364,0,-0.19859672966043268
dpctgan,"ClosestDistance(L_2, accuracy)",12435,0,-1.5695753332149907,0,-0.19859672966043268
dpctgan,"ClosestDistance(L_2, accuracy)",12435,1,-2.0150451518243195,0,-0.19859672966043268
dpctgan,"ClosestDistance(L_2, accuracy)",12435,0,-0.41373805364908744,0,-0.19859672966043268
dpctgan,"ClosestDistance(L_2, accuracy)",12435,1,-1.4533485324749005,0,-0.19859672966043268
dpctgan,"ClosestDistance(L_2, accuracy)",12435,0,-1.41817183556058,0,-0.19859672966043268
dpctgan,"ClosestDistance(L_2, accuracy)",12435,1,-0.26092889108615147,0,-0.19859672966043268
dpctgan,"ClosestDistance(L_2, accuracy)",12435,0,-0.5873301230157411,0,-0.19859672966043268
dpctgan,"ClosestDistance(L_2, accuracy)",12435,1,-0.3970506693196803,0,-0.19859672966043268
dpctgan,"ClosestDistance(L_2, accuracy)",12435,0,-0.6200815566413931,0,-0.19859672966043268
dpctgan,"ClosestDistance(L_2, accuracy)",12435,1,-1.523619056395912,0,-0.19859672966043268
dpctgan,"ClosestDistance(L_2, accuracy)",12435,0,-0.33550420113397467,0,-0.19859672966043268
dpctgan,"ClosestDistance(L_2, accuracy)",12435,1,-1.421789661341028,0,-0.19859672966043268
dpctgan,"ClosestDistance(L_2, accuracy)",12435,0,-1.5256632015522629,0,-0.19859672966043268
dpctgan,"ClosestDistance(L_2, accuracy)",12435,1,-1.4198873484574486,0,-0.19859672966043268
dpctgan,"ClosestDistance(L_2, accuracy)",12435,0,-1.4804741799698564,0,-0.19859672966043268
dpctgan,"ClosestDistance(L_2, accuracy)",12435,1,-1.4617638124246213,0,-0.19859672966043268
dpctgan,"ClosestDistance(L_2, accuracy)",12435,0,-1.4272695358054501,0,-0.19859672966043268
dpctgan,"ClosestDistance(L_2, accuracy)",12435,1,-1.4590157628359828,0,-0.19859672966043268
dpctgan,"ClosestDistance(L_2, accuracy)",12435,0,-1.4551487147067044,0,-0.19859672966043268
dpctgan,"ClosestDistance(L_2, accuracy)",12435,1,-0.4781969977313872,0,-0.19859672966043268
dpctgan,"ClosestDistance(L_2, accuracy)",12435,0,-0.7516743254267249,0,-0.19859672966043268
dpctgan,"ClosestDistance(L_2, accuracy)",12435,1,-1.4623614222710297,0,-0.19859672966043268
dpctgan,"ClosestDistance(L_2, accuracy)",12435,0,-0.8309647846822078,0,-0.19859672966043268
dpctgan,"ClosestDistance(L_2, accuracy)",12435,1,-1.4249201570884624,0,-0.19859672966043268
dpctgan,"ClosestDistance(L_2, accuracy)",12435,0,-1.5778989816248217,0,-0.19859672966043268
dpctgan,"ClosestDistance(L_2, accuracy)",12435,1,-0.3230961586679336,0,-0.19859672966043268
dpctgan,"ClosestDistance(L_2, accuracy)",12435,0,-0.5951617153390202,0,-0.19859672966043268
dpctgan,"ClosestDistance(L_2, accuracy)",12435,1,-1.4409678955339147,0,-0.19859672966043268
dpctgan,"ClosestDistance(L_2, accuracy)",12435,0,-0.623145758958001,0,-0.19859672966043268
dpctgan,"ClosestDistance(L_2, accuracy)",12435,1,-0.7344118822841326,0,-0.19859672966043268
dpctgan,"ClosestDistance(L_2, accuracy)",12435,0,-0.41245092806402595,0,-0.19859672966043268
dpctgan,"ClosestDistance(L_2, accuracy)",12435,1,-0.19180067870884449,1,-0.19859672966043268
dpctgan,"ClosestDistance(L_2, accuracy)",12435,0,-1.4289977117885941,0,-0.19859672966043268
dpctgan,"ClosestDistance(L_2, accuracy)",12435,1,-1.4447597786310458,0,-0.19859672966043268
dpctgan,"ClosestDistance(L_2, accuracy)",12435,0,-1.536882205256266,0,-0.19859672966043268
dpctgan,"ClosestDistance(L_2, accuracy)",12435,1,-0.38231493760258556,0,-0.19859672966043268
dpctgan,"ClosestDistance(L_2, accuracy)",12435,0,-1.4835387745814823,0,-0.19859672966043268
dpctgan,"ClosestDistance(L_2, accuracy)",12435,1,-1.4322271078929394,0,-0.19859672966043268
dpctgan,"ClosestDistance(L_2, accuracy)",12435,0,-0.32438678728125236,0,-0.19859672966043268
dpctgan,"ClosestDistance(L_2, accuracy)",12435,1,-0.4060937580343819,0,-0.19859672966043268
dpctgan,"ClosestDistance(L_2, accuracy)",12435,0,-1.4435963376593457,0,-0.19859672966043268
dpctgan,"ClosestDistance(L_2, accuracy)",12435,1,-0.3349833415191001,0,-0.19859672966043268
dpctgan,"ClosestDistance(L_2, accuracy)",12435,0,-0.23520692515993785,0,-0.19859672966043268
dpctgan,"ClosestDistance(L_2, accuracy)",12435,1,-0.6410072323016731,0,-0.19859672966043268
dpctgan,"ClosestDistance(L_2, accuracy)",12435,0,-1.4271903501955463,0,-0.19859672966043268
dpctgan,"ClosestDistance(L_2, accuracy)",12435,1,-0.3254479848065489,0,-0.19859672966043268
dpctgan,"ClosestDistance(L_2, accuracy)",12435,0,-1.4399321029950003,0,-0.19859672966043268
dpctgan,"ClosestDistance(L_2, accuracy)",12435,1,-0.3087077713480243,0,-0.19859672966043268
dpctgan,"ClosestDistance(L_2, accuracy)",12435,0,-0.7607699590450375,0,-0.19859672966043268
dpctgan,"ClosestDistance(L_2, accuracy)",12435,1,-1.5429411994822453,0,-0.19859672966043268
dpctgan,"ClosestDistance(L_2, accuracy)",12435,0,-0.29019838743049226,0,-0.19859672966043268
dpctgan,"ClosestDistance(L_2, accuracy)",12435,1,-0.6352475116339128,0,-0.19859672966043268
dpctgan,"ClosestDistance(L_2, accuracy)",12435,0,-1.4837329288391006,0,-0.19859672966043268
dpctgan,"ClosestDistance(L_2, accuracy)",12435,1,-0.44496272506651047,0,-0.19859672966043268
dpctgan,"ClosestDistance(L_2, accuracy)",12435,0,-1.4752384567584833,0,-0.19859672966043268
dpctgan,"ClosestDistance(L_2, accuracy)",12435,1,-1.5556158807436617,0,-0.19859672966043268
dpctgan,"ClosestDistance(L_2, accuracy)",12435,0,-1.4339273346174979,0,-0.19859672966043268
dpctgan,"ClosestDistance(L_2, accuracy)",12435,1,-0.384621169842171,0,-0.19859672966043268
dpctgan,"ClosestDistance(L_2, accuracy)",12435,0,-1.4743341373896888,0,-0.19859672966043268
dpctgan,"ClosestDistance(L_2, accuracy)",12435,1,-2.07509910628037,0,-0.19859672966043268
dpctgan,"ClosestDistance(L_2, accuracy)",12435,0,-1.4319650300033953,0,-0.19859672966043268
dpctgan,"ClosestDistance(L_2, accuracy)",12435,1,-1.456890894287339,0,-0.19859672966043268
dpctgan,"ClosestDistance(L_2, accuracy)",12435,0,-1.4313816763512912,0,-0.19859672966043268
dpctgan,"ClosestDistance(L_2, accuracy)",12435,1,-0.2678336455131219,0,-0.19859672966043268
dpctgan,"ClosestDistance(L_2, accuracy)",12435,0,-1.4203657648281043,0,-0.19859672966043268
dpctgan,"ClosestDistance(L_2, accuracy)",12435,1,-0.3020263755309318,0,-0.19859672966043268
dpctgan,"ClosestDistance(L_2, accuracy)",12435,0,-1.4460047275260124,0,-0.19859672966043268
dpctgan,"ClosestDistance(L_2, accuracy)",12435,1,-1.4774306411426783,0,-0.19859672966043268
dpctgan,"ClosestDistance(L_2, accuracy)",12435,0,-0.7420802878906007,0,-0.19859672966043268
dpctgan,"ClosestDistance(L_2, accuracy)",12435,1,-1.4802011784447535,0,-0.19859672966043268
dpctgan,"ClosestDistance(L_2, accuracy)",12435,0,-2.0103897756591937,0,-0.19859672966043268
dpctgan,"ClosestDistance(L_2, accuracy)",12435,1,-0.39922469564988877,0,-0.19859672966043268
dpctgan,"ClosestDistance(L_2, accuracy)",12435,0,-1.4350853778997308,0,-0.19859672966043268
dpctgan,"ClosestDistance(L_2, accuracy)",12435,1,-0.665139746601176,0,-0.19859672966043268
dpctgan,"ClosestDistance(L_2, accuracy)",12435,0,-0.647590810616849,0,-0.19859672966043268
dpctgan,"ClosestDistance(L_2, accuracy)",12435,1,-0.3237986036915823,0,-0.19859672966043268
dpctgan,"ClosestDistance(L_2, accuracy)",12435,0,-0.8805354436622543,0,-0.19859672966043268
dpctgan,"ClosestDistance(L_2, accuracy)",12435,1,-0.3116638050732909,0,-0.19859672966043268
dpctgan,"ClosestDistance(L_2, accuracy)",12435,0,-0.17650528948965602,1,-0.19859672966043268
dpctgan,"ClosestDistance(L_2, accuracy)",12435,1,-1.095822705138428,0,-0.19859672966043268
dpctgan,"ClosestDistance(L_2, accuracy)",12435,0,-1.4785249255590645,0,-0.19859672966043268
dpctgan,"ClosestDistance(L_2, accuracy)",12435,1,-0.3414541623173578,0,-0.19859672966043268
dpctgan,"ClosestDistance(L_2, accuracy)",12435,0,-0.4821163679445841,0,-0.19859672966043268
dpctgan,"ClosestDistance(L_2, accuracy)",12435,1,-0.21480467181315815,0,-0.19859672966043268
dpctgan,"ClosestDistance(L_2, accuracy)",12435,0,-1.4156842967914682,0,-0.19859672966043268
dpctgan,"ClosestDistance(L_2, accuracy)",12435,1,-1.5664917658575495,0,-0.19859672966043268
dpctgan,"ClosestDistance(L_2, accuracy)",12435,0,-1.4356810744456499,0,-0.19859672966043268
dpctgan,"ClosestDistance(L_2, accuracy)",12435,1,-1.4389436419759778,0,-0.19859672966043268
dpctgan,"ClosestDistance(L_2, accuracy)",12435,0,-1.4393126297339656,0,-0.19859672966043268
dpctgan,"ClosestDistance(L_2, accuracy)",12435,1,-0.34976958331391367,0,-0.19859672966043268
dpctgan,"ClosestDistance(L_2, accuracy)",12435,0,-0.42929351991274695,0,-0.19859672966043268
dpctgan,"ClosestDistance(L_2, accuracy)",12435,1,-1.4181567149863579,0,-0.19859672966043268
dpctgan,"ClosestDistance(L_2, accuracy)",12435,0,-0.3542847749249967,0,-0.19859672966043268
dpctgan,"ClosestDistance(L_2, accuracy)",12435,1,-1.418473431570673,0,-0.19859672966043268
dpctgan,"ClosestDistance(L_2, accuracy)",12435,0,-1.6497111331476748,0,-0.19859672966043268
dpctgan,"ClosestDistance(L_2, accuracy)",12435,1,-1.4285993417227563,0,-0.19859672966043268
dpctgan,"ClosestDistance(L_2, accuracy)",12435,0,-1.468212668756847,0,-0.19859672966043268
dpctgan,"ClosestDistance(L_2, accuracy)",12435,1,-0.4287037219723895,0,-0.19859672966043268
dpctgan,"ClosestDistance(L_2, accuracy)",12435,0,-0.999912084884498,0,-0.19859672966043268
dpctgan,"ClosestDistance(L_2, accuracy)",12435,1,-0.3203127085544885,0,-0.19859672966043268
dpctgan,"ClosestDistance(L_2, accuracy)",12435,0,-1.4351867818967399,0,-0.19859672966043268
dpctgan,"ClosestDistance(L_2, accuracy)",12435,1,-0.2569398580199464,0,-0.19859672966043268
dpctgan,"ClosestDistance(L_2, accuracy)",12435,0,-1.421171028012168,0,-0.19859672966043268
dpctgan,"ClosestDistance(L_2, accuracy)",12435,1,-0.7551551163194428,0,-0.19859672966043268
dpctgan,"ClosestDistance(L_2, accuracy)",12435,0,-0.32060502184344153,0,-0.19859672966043268
dpctgan,"ClosestDistance(L_2, accuracy)",12435,1,-0.3611454582412801,0,-0.19859672966043268
dpctgan,"ClosestDistance(L_2, accuracy)",12435,0,-1.5280655571863178,0,-0.19859672966043268
dpctgan,"ClosestDistance(L_2, accuracy)",12435,1,-1.4563109419873925,0,-0.19859672966043268
dpctgan,"ClosestDistance(L_2, accuracy)",12435,0,-1.4688109146928552,0,-0.19859672966043268
dpctgan,"ClosestDistance(L_2, accuracy)",12435,1,-0.6086647516165443,0,-0.19859672966043268
dpctgan,"ClosestDistance(L_2, accuracy)",12435,0,-1.5127518505436333,0,-0.19859672966043268
dpctgan,"ClosestDistance(L_2, accuracy)",12435,1,-1.434556464101071,0,-0.19859672966043268
dpctgan,"ClosestDistance(L_2, accuracy)",12435,0,-0.28264829916530665,0,-0.19859672966043268
dpctgan,"ClosestDistance(L_2, accuracy)",12435,1,-1.439634742158059,0,-0.19859672966043268
dpctgan,"ClosestDistance(L_2, accuracy)",12435,0,-1.4898056026983306,0,-0.19859672966043268
dpctgan,"ClosestDistance(L_2, accuracy)",12435,1,-0.3826828813067902,0,-0.19859672966043268
dpctgan,"ClosestDistance(L_2, accuracy)",12435,0,-1.5617794970386958,0,-0.19859672966043268
dpctgan,"ClosestDistance(L_2, accuracy)",12435,1,-1.5217387478874853,0,-0.19859672966043268
dpctgan,"ClosestDistance(L_2, accuracy)",12435,0,-0.33792038800484736,0,-0.19859672966043268
dpctgan,"ClosestDistance(L_2, accuracy)",12435,1,-1.4300784477222745,0,-0.19859672966043268
dpctgan,"ClosestDistance(L_2, accuracy)",12435,0,-0.5361826809645076,0,-0.19859672966043268
dpctgan,"ClosestDistance(L_2, accuracy)",12435,1,-1.4745371750611358,0,-0.19859672966043268
dpctgan,"ClosestDistance(L_2, accuracy)",12435,0,-0.739824761060766,0,-0.19859672966043268
dpctgan,"ClosestDistance(L_2, accuracy)",12435,1,-1.4360596165009325,0,-0.19859672966043268
dpctgan,"ClosestDistance(L_2, accuracy)",12435,0,-1.4238896515361217,0,-0.19859672966043268
dpctgan,"ClosestDistance(L_2, accuracy)",12435,1,-0.6487630467075011,0,-0.19859672966043268
dpctgan,"ClosestDistance(L_2, accuracy)",12435,0,-0.3438488210795528,0,-0.19859672966043268
dpctgan,"ClosestDistance(L_2, accuracy)",12435,1,-0.36326715067662657,0,-0.19859672966043268
dpctgan,"ClosestDistance(L_2, accuracy)",12435,0,-1.4248455513296934,0,-0.19859672966043268
dpctgan,"ClosestDistance(L_2, accuracy)",12435,1,-1.439459320773359,0,-0.19859672966043268
dpctgan,"ClosestDistance(L_2, accuracy)",12435,0,-0.4676983399263047,0,-0.19859672966043268
dpctgan,"ClosestDistance(L_2, accuracy)",12435,1,-1.4201262334649152,0,-0.19859672966043268
dpctgan,"ClosestDistance(L_2, accuracy)",12435,0,-0.5527607741584032,0,-0.19859672966043268
dpctgan,"ClosestDistance(L_2, accuracy)",12435,1,-0.7812266850971221,0,-0.19859672966043268
dpctgan,"ClosestDistance(L_2, accuracy)",12435,0,-1.5275439932231387,0,-0.19859672966043268
dpctgan,"ClosestDistance(L_2, accuracy)",12435,1,-0.17610071366336183,1,-0.19859672966043268
dpctgan,"ClosestDistance(L_2, accuracy)",12435,0,-1.4613702184333173,0,-0.19859672966043268
dpctgan,"ClosestDistance(L_2, accuracy)",12435,1,-1.4403740477780633,0,-0.19859672966043268
dpctgan,"ClosestDistance(L_2, accuracy)",12435,0,-1.0174905603114883,0,-0.19859672966043268
dpctgan,"ClosestDistance(L_2, accuracy)",12435,1,-0.4687290989739563,0,-0.19859672966043268
dpctgan,"ClosestDistance(L_2, accuracy)",12435,0,-0.3177129563036161,0,-0.19859672966043268
dpctgan,"ClosestDistance(L_2, accuracy)",12435,1,-1.4350410509571225,0,-0.19859672966043268
dpctgan,"ClosestDistance(L_2, accuracy)",12435,0,-0.6390974686250291,0,-0.19859672966043268
dpctgan,"ClosestDistance(L_2, accuracy)",12435,1,-0.7315540032708402,0,-0.19859672966043268
dpctgan,"ClosestDistance(L_2, accuracy)",12435,0,-1.5802062771765353,0,-0.19859672966043268
dpctgan,"ClosestDistance(L_2, accuracy)",12435,1,-0.410310322244412,0,-0.19859672966043268
dpctgan,"ClosestDistance(L_2, accuracy)",12435,0,-1.4315083950034575,0,-0.19859672966043268
dpctgan,"ClosestDistance(L_2, accuracy)",12435,1,-0.7414012842090766,0,-0.19859672966043268
dpctgan,"ClosestDistance(L_2, accuracy)",12435,0,-1.4199434470173482,0,-0.19859672966043268
dpctgan,"ClosestDistance(L_2, accuracy)",12435,1,-1.5442191237373892,0,-0.19859672966043268
dpctgan,"ClosestDistance(L_2, accuracy)",12435,0,-0.27295784617721164,0,-0.19859672966043268
dpctgan,"ClosestDistance(L_2, accuracy)",12435,1,-0.1518114977479562,1,-0.19859672966043268
dpctgan,"ClosestDistance(L_2, accuracy)",12435,0,-1.4394978636342446,0,-0.19859672966043268
dpctgan,"ClosestDistance(L_2, accuracy)",12435,1,-0.3062541297524237,0,-0.19859672966043268
dpctgan,"ClosestDistance(L_2, accuracy)",12435,0,-1.4932487505794254,0,-0.19859672966043268
dpctgan,"ClosestDistance(L_2, accuracy)",12435,1,-1.4177227067783635,0,-0.19859672966043268
dpctgan,"ClosestDistance(L_2, accuracy)",12435,0,-1.4359087409826696,0,-0.19859672966043268
dpctgan,"ClosestDistance(L_2, accuracy)",12435,1,-1.5100186970602876,0,-0.19859672966043268
dpctgan,"ClosestDistance(L_2, accuracy)",12435,0,-1.4430124582746318,0,-0.19859672966043268
dpctgan,"ClosestDistance(L_2, accuracy)",12435,1,-1.4314793277288997,0,-0.19859672966043268
dpctgan,"ClosestDistance(L_2, accuracy)",12435,0,-0.3342959596219191,0,-0.19859672966043268
dpctgan,"ClosestDistance(L_2, accuracy)",12435,1,-0.34496852822967894,0,-0.19859672966043268
dpctgan,"ClosestDistance(L_2, accuracy)",12435,0,-1.4338121040892637,0,-0.19859672966043268
dpctgan,"ClosestDistance(L_2, accuracy)",12435,1,-0.1707951327427937,1,-0.19859672966043268
dpctgan,"ClosestDistance(L_2, accuracy)",12435,0,-1.4366298749414725,0,-0.19859672966043268
dpctgan,"ClosestDistance(L_2, accuracy)",12435,1,-1.4278237142299894,0,-0.19859672966043268
dpctgan,"ClosestDistance(L_2, accuracy)",12435,0,-0.1696795158431398,1,-0.19859672966043268
dpctgan,"ClosestDistance(L_2, accuracy)",12435,1,-1.4368701835047375,0,-0.19859672966043268
dpctgan,"ClosestDistance(L_2, accuracy)",12435,0,-1.460658565250997,0,-0.19859672966043268
dpctgan,"ClosestDistance(L_2, accuracy)",12435,1,-1.4999619206593193,0,-0.19859672966043268
dpctgan,"ClosestDistance(L_2, accuracy)",12435,0,-0.5838837635380414,0,-0.19859672966043268
dpctgan,"ClosestDistance(L_2, accuracy)",12435,1,-1.421668985174137,0,-0.19859672966043268
dpctgan,"ClosestDistance(L_2, accuracy)",12435,0,-0.35051722690522474,0,-0.19859672966043268
dpctgan,"ClosestDistance(L_2, accuracy)",12435,1,-0.4162611678375239,0,-0.19859672966043268
dpctgan,"ClosestDistance(L_2, accuracy)",12435,0,-2.0191390361142885,0,-0.19859672966043268
dpctgan,"ClosestDistance(L_2, accuracy)",12435,1,-0.3230879175761244,0,-0.19859672966043268
dpctgan,"ClosestDistance(L_2, accuracy)",12435,0,-1.4406326847897153,0,-0.19859672966043268
dpctgan,"ClosestDistance(L_2, accuracy)",12435,1,-0.8616038310153552,0,-0.19859672966043268
dpctgan,"ClosestDistance(L_2, accuracy)",12435,0,-1.468708151213609,0,-0.19859672966043268
dpctgan,"ClosestDistance(L_2, accuracy)",12435,1,-1.4289587070886516,0,-0.19859672966043268
dpctgan,"ClosestDistance(L_2, accuracy)",12435,0,-0.413473396885098,0,-0.19859672966043268
dpctgan,"ClosestDistance(L_2, accuracy)",12435,1,-1.418899076368067,0,-0.19859672966043268
dpctgan,"ClosestDistance(L_2, accuracy)",12435,0,-0.18891587204274535,1,-0.19859672966043268
dpctgan,"ClosestDistance(L_2, accuracy)",12435,1,-0.23417731474428422,0,-0.19859672966043268
dpctgan,"ClosestDistance(L_2, accuracy)",12435,0,-0.43268903740320724,0,-0.19859672966043268
dpctgan,"ClosestDistance(L_2, accuracy)",12435,1,-1.426408689689633,0,-0.19859672966043268
dpctgan,"ClosestDistance(L_2, accuracy)",12435,0,-0.2463275411169699,0,-0.19859672966043268
dpctgan,"ClosestDistance(L_2, accuracy)",12435,1,-0.6569036950374715,0,-0.19859672966043268
dpctgan,"ClosestDistance(L_2, accuracy)",12435,0,-1.5207645068350713,0,-0.19859672966043268
dpctgan,"ClosestDistance(L_2, accuracy)",12435,1,-0.23777053164724363,0,-0.19859672966043268
dpctgan,"ClosestDistance(L_2, accuracy)",12435,0,-0.23342428828969308,0,-0.19859672966043268
dpctgan,"ClosestDistance(L_2, accuracy)",12435,1,-0.5927140010101386,0,-0.19859672966043268
dpctgan,"ClosestDistance(L_2, accuracy)",12435,0,-0.4957729063858669,0,-0.19859672966043268
dpctgan,"ClosestDistance(L_2, accuracy)",12435,1,-0.33581902328861823,0,-0.19859672966043268
dpctgan,"ClosestDistance(L_2, accuracy)",12435,0,-1.4502472078737159,0,-0.19859672966043268
dpctgan,"ClosestDistance(L_2, accuracy)",12435,1,-1.4926723389430505,0,-0.19859672966043268
dpctgan,"ClosestDistance(L_2, accuracy)",12435,0,-1.45964182237183,0,-0.19859672966043268
dpctgan,"ClosestDistance(L_2, accuracy)",12435,1,-0.6140990091196321,0,-0.19859672966043268
dpctgan,"ClosestDistance(L_2, accuracy)",12435,0,-1.4749092871562004,0,-0.19859672966043268
dpctgan,"ClosestDistance(L_2, accuracy)",12435,1,-1.437723611135424,0,-0.19859672966043268
dpctgan,"ClosestDistance(L_2, accuracy)",12435,0,-0.26263556460015364,0,-0.19859672966043268
dpctgan,"ClosestDistance(L_2, accuracy)",12435,1,-1.4423288741752223,0,-0.19859672966043268
dpctgan,"ClosestDistance(L_2, accuracy)",12435,0,-0.3047078428174459,0,-0.19859672966043268
dpctgan,"ClosestDistance(L_2, accuracy)",12435,1,-1.4453135037205869,0,-0.19859672966043268
dpctgan,"ClosestDistance(L_2, accuracy)",12435,0,-0.3311562566592321,0,-0.19859672966043268
dpctgan,"ClosestDistance(L_2, accuracy)",12435,1,-0.2675477391183167,0,-0.19859672966043268
dpctgan,"ClosestDistance(L_2, accuracy)",12435,0,-0.32233171423049667,0,-0.19859672966043268
dpctgan,"ClosestDistance(L_2, accuracy)",12435,1,-0.23285491050023077,0,-0.19859672966043268
dpctgan,"ClosestDistance(L_2, accuracy)",12435,0,-0.3433678035810848,0,-0.19859672966043268
dpctgan,"ClosestDistance(L_2, accuracy)",12435,1,-1.572491342654471,0,-0.19859672966043268
dpctgan,"ClosestDistance(L_2, accuracy)",12435,0,-1.05366535598822,0,-0.19859672966043268
dpctgan,"ClosestDistance(L_2, accuracy)",12435,1,-0.4532359726020625,0,-0.19859672966043268
dpctgan,"ClosestDistance(L_2, accuracy)",12435,0,-0.2922575370374366,0,-0.19859672966043268
dpctgan,"ClosestDistance(L_2, accuracy)",12435,1,-1.4195117189803121,0,-0.19859672966043268
dpctgan,"ClosestDistance(L_2, accuracy)",12435,0,-0.08641099295369888,1,-0.19859672966043268
dpctgan,"ClosestDistance(L_2, accuracy)",12435,1,-0.4321277780007492,0,-0.19859672966043268
dpctgan,"ClosestDistance(L_2, accuracy)",12435,0,-0.28236145133361656,0,-0.19859672966043268
dpctgan,"ClosestDistance(L_2, accuracy)",12435,1,-1.4212522331483737,0,-0.19859672966043268
dpctgan,"ClosestDistance(L_2, accuracy)",12435,0,-0.5575378993794858,0,-0.19859672966043268
dpctgan,"ClosestDistance(L_2, accuracy)",12435,1,-0.32896582446341327,0,-0.19859672966043268
dpctgan,"ClosestDistance(L_2, accuracy)",12435,0,-0.42580342898236717,0,-0.19859672966043268
dpctgan,"ClosestDistance(L_2, accuracy)",12435,1,-0.9363645474048756,0,-0.19859672966043268
dpctgan,"ClosestDistance(L_2, accuracy)",12435,0,-0.6729174265864155,0,-0.19859672966043268
dpctgan,"ClosestDistance(L_2, accuracy)",12435,1,-0.5888837416547273,0,-0.19859672966043268
dpctgan,"ClosestDistance(L_2, accuracy)",12435,0,-1.4205944651124367,0,-0.19859672966043268
dpctgan,"ClosestDistance(L_2, accuracy)",12435,1,-0.4556227803095688,0,-0.19859672966043268
dpctgan,"ClosestDistance(L_2, accuracy)",12435,0,-0.3976432403206435,0,-0.19859672966043268
dpctgan,"ClosestDistance(L_2, accuracy)",12435,1,-0.18917190686545102,1,-0.19859672966043268
dpctgan,"ClosestDistance(L_2, accuracy)",12435,0,-2.014872242519978,0,-0.19859672966043268
dpctgan,"ClosestDistance(L_2, accuracy)",12435,1,-0.3953600068576568,0,-0.19859672966043268
dpctgan,"ClosestDistance(L_2, accuracy)",12435,0,-1.535588008953188,0,-0.19859672966043268
dpctgan,"ClosestDistance(L_2, accuracy)",12435,1,-0.42691192956710783,0,-0.19859672966043268
dpctgan,"ClosestDistance(L_2, accuracy)",12435,0,-1.4205162805545282,0,-0.19859672966043268
dpctgan,"ClosestDistance(L_2, accuracy)",12435,1,-1.4834140281535197,0,-0.19859672966043268
dpctgan,"ClosestDistance(L_2, accuracy)",12435,0,-0.7295925693382636,0,-0.19859672966043268
dpctgan,"ClosestDistance(L_2, accuracy)",12435,1,-0.27710934510465546,0,-0.19859672966043268
dpctgan,"ClosestDistance(L_2, accuracy)",12435,0,-0.6727036121348827,0,-0.19859672966043268
dpctgan,"ClosestDistance(L_2, accuracy)",12435,1,-0.5499292669802804,0,-0.19859672966043268
dpctgan,"ClosestDistance(L_2, accuracy)",12435,0,-1.4267669751239018,0,-0.19859672966043268
dpctgan,"ClosestDistance(L_2, accuracy)",12435,1,-1.4629632002881068,0,-0.19859672966043268
dpctgan,"ClosestDistance(L_2, accuracy)",12435,0,-0.8555842430773842,0,-0.19859672966043268
dpctgan,"ClosestDistance(L_2, accuracy)",12435,1,-0.4568038286305629,0,-0.19859672966043268
dpctgan,"ClosestDistance(L_2, accuracy)",12435,0,-0.6879008054661325,0,-0.19859672966043268
dpctgan,"ClosestDistance(L_2, accuracy)",12435,1,-1.465645094552789,0,-0.19859672966043268
dpctgan,"ClosestDistance(L_2, accuracy)",12435,0,-0.944731209447412,0,-0.19859672966043268
dpctgan,"ClosestDistance(L_2, accuracy)",12435,1,-0.777780893860288,0,-0.19859672966043268
dpctgan,"ClosestDistance(L_2, accuracy)",12435,0,-1.5648556099580964,0,-0.19859672966043268
dpctgan,"ClosestDistance(L_2, accuracy)",12435,1,-0.35231461318559865,0,-0.19859672966043268
dpctgan,"ClosestDistance(L_2, accuracy)",12435,0,-1.4697659860251224,0,-0.19859672966043268
dpctgan,"ClosestDistance(L_2, accuracy)",12435,1,-1.4502522562066746,0,-0.19859672966043268
dpctgan,"ClosestDistance(L_2, accuracy)",12435,0,-0.23531611957364257,0,-0.19859672966043268
dpctgan,"ClosestDistance(L_2, accuracy)",12435,1,-1.4867157048201476,0,-0.19859672966043268
dpctgan,"ClosestDistance(L_2, accuracy)",12435,0,-0.5609092522382106,0,-0.19859672966043268
dpctgan,"ClosestDistance(L_2, accuracy)",12435,1,-0.25791350077297914,0,-0.19859672966043268
dpctgan,"ClosestDistance(L_2, accuracy)",12435,0,-1.51179494894744,0,-0.19859672966043268
dpctgan,"ClosestDistance(L_2, accuracy)",12435,1,-1.434233103804325,0,-0.19859672966043268
dpctgan,"ClosestDistance(L_2, accuracy)",12435,0,-1.4730930547071543,0,-0.19859672966043268
dpctgan,"ClosestDistance(L_2, accuracy)",12435,1,-0.23593366013788172,0,-0.19859672966043268
dpctgan,"ClosestDistance(L_2, accuracy)",12435,0,-1.5066338354909332,0,-0.19859672966043268
dpctgan,"ClosestDistance(L_2, accuracy)",12435,1,-1.457503757743472,0,-0.19859672966043268
dpctgan,"ClosestDistance(L_2, accuracy)",12435,0,-1.4195290331768209,0,-0.19859672966043268
dpctgan,"ClosestDistance(L_2, accuracy)",12435,1,-1.0267214757900422,0,-0.19859672966043268
dpctgan,"ClosestDistance(L_2, accuracy)",12435,0,-0.411187100283346,0,-0.19859672966043268
dpctgan,"ClosestDistance(L_2, accuracy)",12435,1,-0.32765739046997744,0,-0.19859672966043268
dpctgan,"ClosestDistance(L_2, accuracy)",12435,0,-2.038495848127593,0,-0.19859672966043268
dpctgan,"ClosestDistance(L_2, accuracy)",12435,1,-0.13172241352365388,1,-0.19859672966043268
dpctgan,"ClosestDistance(L_2, accuracy)",12435,0,-0.34355474336598063,0,-0.19859672966043268
dpctgan,"ClosestDistance(L_2, accuracy)",12435,1,-1.4221231642607457,0,-0.19859672966043268
dpctgan,"ClosestDistance(L_2, accuracy)",12435,0,-0.23534499621609054,0,-0.19859672966043268
dpctgan,"ClosestDistance(L_2, accuracy)",12435,1,-2.01498764381333,0,-0.19859672966043268
dpctgan,"ClosestDistance(L_2, accuracy)",12435,0,-0.67602479621518,0,-0.19859672966043268
dpctgan,"ClosestDistance(L_2, accuracy)",12435,1,-0.37786376239490815,0,-0.19859672966043268
dpctgan,"ClosestDistance(L_2, accuracy)",12435,0,-1.4733313694306867,0,-0.19859672966043268
dpctgan,"ClosestDistance(L_2, accuracy)",12435,1,-1.4197788734112036,0,-0.19859672966043268
dpctgan,"ClosestDistance(L_2, accuracy)",12435,0,-1.4461393422826112,0,-0.19859672966043268
dpctgan,"ClosestDistance(L_2, accuracy)",12435,1,-1.4294289582032966,0,-0.19859672966043268
dpctgan,"ClosestDistance(L_2, accuracy)",12435,0,-1.4497313110785024,0,-0.19859672966043268
dpctgan,"ClosestDistance(L_2, accuracy)",12435,1,-0.07098557308487807,1,-0.19859672966043268
dpctgan,"ClosestDistance(L_2, accuracy)",12435,0,-1.4275896181875365,0,-0.19859672966043268
dpctgan,"ClosestDistance(L_2, accuracy)",12435,1,-1.435960687039042,0,-0.19859672966043268
dpctgan,"ClosestDistance(L_2, accuracy)",12435,0,-0.09570532869932594,1,-0.19859672966043268
dpctgan,"ClosestDistance(L_2, accuracy)",12435,1,-1.4271148173014516,0,-0.19859672966043268
dpctgan,"ClosestDistance(L_2, accuracy)",12435,0,-0.2169362118661921,0,-0.19859672966043268
dpctgan,"ClosestDistance(L_2, accuracy)",12435,1,-0.20369784908101812,0,-0.19859672966043268
dpctgan,"ClosestDistance(L_2, accuracy)",12435,0,-0.3843301705723243,0,-0.19859672966043268
dpctgan,"ClosestDistance(L_2, accuracy)",12435,1,-0.4778719038324593,0,-0.19859672966043268
dpctgan,"ClosestDistance(L_2, accuracy)",12435,0,-0.4595007111364821,0,-0.19859672966043268
dpctgan,"ClosestDistance(L_2, accuracy)",12435,1,-0.26645905446180734,0,-0.19859672966043268
dpctgan,"ClosestDistance(L_2, accuracy)",12435,0,-1.4432627819610069,0,-0.19859672966043268
dpctgan,"ClosestDistance(L_2, accuracy)",12435,1,-0.6101228173533768,0,-0.19859672966043268
dpctgan,"ClosestDistance(L_2, accuracy)",12435,0,-0.6499649145502926,0,-0.19859672966043268
dpctgan,"ClosestDistance(L_2, accuracy)",12435,1,-0.26905298562327457,0,-0.19859672966043268
dpctgan,"ClosestDistance(L_2, accuracy)",12435,0,-1.4516895754895165,0,-0.19859672966043268
dpctgan,"ClosestDistance(L_2, accuracy)",12435,1,-1.4206542324927294,0,-0.19859672966043268
dpctgan,"ClosestDistance(L_2, accuracy)",12435,0,-1.4281832161412649,0,-0.19859672966043268
dpctgan,"ClosestDistance(L_2, accuracy)",12435,1,-1.472221310813299,0,-0.19859672966043268
dpctgan,"ClosestDistance(L_2, accuracy)",12435,0,-0.8450796179665141,0,-0.19859672966043268
dpctgan,"ClosestDistance(L_2, accuracy)",12435,1,-1.480959769258099,0,-0.19859672966043268
dpctgan,"ClosestDistance(L_2, accuracy)",12435,0,-0.3201461080151853,0,-0.19859672966043268
dpctgan,"ClosestDistance(L_2, accuracy)",12435,1,-0.2956509514851857,0,-0.19859672966043268
dpctgan,"ClosestDistance(L_2, accuracy)",12435,0,-1.016042647711821,0,-0.19859672966043268
dpctgan,"ClosestDistance(L_2, accuracy)",12435,1,-0.5566016314876837,0,-0.19859672966043268
dpctgan,"ClosestDistance(L_2, accuracy)",12435,0,-0.8456145170596411,0,-0.19859672966043268
dpctgan,"ClosestDistance(L_2, accuracy)",12435,1,-1.445758396675106,0,-0.19859672966043268
dpctgan,"ClosestDistance(L_2, accuracy)",12435,0,-0.8479815917100355,0,-0.19859672966043268
dpctgan,"ClosestDistance(L_2, accuracy)",12435,1,-1.4467522657779635,0,-0.19859672966043268
dpctgan,"ClosestDistance(L_2, accuracy)",12435,0,-1.448284610627357,0,-0.19859672966043268
dpctgan,"ClosestDistance(L_2, accuracy)",12435,1,-0.2908263480256681,0,-0.19859672966043268
dpctgan,"ClosestDistance(L_2, accuracy)",12435,0,-1.433054990083193,0,-0.19859672966043268
dpctgan,"ClosestDistance(L_2, accuracy)",12435,1,-1.6889973433295817,0,-0.19859672966043268
dpctgan,"ClosestDistance(L_2, accuracy)",12435,0,-1.4359797756999713,0,-0.19859672966043268
dpctgan,"ClosestDistance(L_2, accuracy)",12435,1,-1.4273969544116112,0,-0.19859672966043268
dpctgan,"ClosestDistance(L_2, accuracy)",12435,0,-1.498202446702935,0,-0.19859672966043268
dpctgan,"ClosestDistance(L_2, accuracy)",12435,1,-0.2817913310966415,0,-0.19859672966043268
dpctgan,"ClosestDistance(L_2, accuracy)",12435,0,-0.3093424502601782,0,-0.19859672966043268
dpctgan,"ClosestDistance(L_2, accuracy)",12435,1,-1.4475408314642721,0,-0.19859672966043268
dpctgan,"ClosestDistance(L_2, accuracy)",12435,0,-1.4733812254963592,0,-0.19859672966043268
dpctgan,"ClosestDistance(L_2, accuracy)",12435,1,-0.28422933646754217,0,-0.19859672966043268
dpctgan,"ClosestDistance(L_2, accuracy)",12435,0,-1.4216058525491246,0,-0.19859672966043268
dpctgan,"ClosestDistance(L_2, accuracy)",12435,1,-0.4922175125824073,0,-0.19859672966043268
dpctgan,"ClosestDistance(L_2, accuracy)",12435,0,-0.3085207294178703,0,-0.19859672966043268
dpctgan,"ClosestDistance(L_2, accuracy)",12435,1,-0.6832345315807475,0,-0.19859672966043268
dpctgan,"ClosestDistance(L_2, accuracy)",12435,0,-1.4426872195107197,0,-0.19859672966043268
dpctgan,"ClosestDistance(L_2, accuracy)",12435,1,-1.4408960376177933,0,-0.19859672966043268
dpctgan,"ClosestDistance(L_2, accuracy)",12435,0,-1.4512213336259696,0,-0.19859672966043268
dpctgan,"ClosestDistance(L_2, accuracy)",12435,1,-1.415738358973411,0,-0.19859672966043268
dpctgan,"ClosestDistance(L_2, accuracy)",12435,0,-1.4435445302299377,0,-0.19859672966043268
dpctgan,"ClosestDistance(L_2, accuracy)",12435,1,-1.4499381915563556,0,-0.19859672966043268
dpctgan,"ClosestDistance(L_2, accuracy)",12435,0,-1.4401596290539649,0,-0.19859672966043268
dpctgan,"ClosestDistance(L_2, accuracy)",12435,1,-0.6486640232092595,0,-0.19859672966043268
dpctgan,"ClosestDistance(L_2, accuracy)",12435,0,-0.4321656822837373,0,-0.19859672966043268
dpctgan,"ClosestDistance(L_2, accuracy)",12435,1,-1.4366926850911899,0,-0.19859672966043268
dpctgan,"ClosestDistance(L_2, accuracy)",12435,0,-0.4965790562204305,0,-0.19859672966043268
dpctgan,"ClosestDistance(L_2, accuracy)",12435,1,-1.468374163669205,0,-0.19859672966043268
dpctgan,"ClosestDistance(L_2, accuracy)",12435,0,-0.40421184181582054,0,-0.19859672966043268
dpctgan,"ClosestDistance(L_2, accuracy)",12435,1,-1.4401668280920097,0,-0.19859672966043268
dpctgan,"ClosestDistance(L_2, accuracy)",12435,0,-1.4204365630791083,0,-0.19859672966043268
dpctgan,"ClosestDistance(L_2, accuracy)",12435,1,-1.4214284941518853,0,-0.19859672966043268
dpctgan,"ClosestDistance(L_2, accuracy)",12435,0,-0.21593383904934751,0,-0.19859672966043268
dpctgan,"ClosestDistance(L_2, accuracy)",12435,1,-0.43293212926008806,0,-0.19859672966043268
dpctgan,"ClosestDistance(L_2, accuracy)",12435,0,-0.5749513925943498,0,-0.19859672966043268
dpctgan,"ClosestDistance(L_2, accuracy)",12435,1,-1.4268384120928799,0,-0.19859672966043268
dpctgan,"ClosestDistance(L_2, accuracy)",12435,0,-0.5987064765538865,0,-0.19859672966043268
dpctgan,"ClosestDistance(L_2, accuracy)",12435,1,-1.4265703586177587,0,-0.19859672966043268
dpctgan,"ClosestDistance(L_2, accuracy)",12435,0,-2.0035127424022745,0,-0.19859672966043268
dpctgan,"ClosestDistance(L_2, accuracy)",12435,1,-1.4197501022362107,0,-0.19859672966043268
dpctgan,"ClosestDistance(L_2, accuracy)",12435,0,-1.445184947305137,0,-0.19859672966043268
dpctgan,"ClosestDistance(L_2, accuracy)",12435,1,-1.4283660372097993,0,-0.19859672966043268
dpctgan,"ClosestDistance(L_2, accuracy)",12435,0,-1.505036599458893,0,-0.19859672966043268
dpctgan,"ClosestDistance(L_2, accuracy)",12435,1,-1.4297044208248078,0,-0.19859672966043268
dpctgan,"ClosestDistance(L_2, accuracy)",12435,0,-0.8588536149918623,0,-0.19859672966043268
dpctgan,"ClosestDistance(L_2, accuracy)",12435,1,-1.543395345661875,0,-0.19859672966043268
dpctgan,"ClosestDistance(L_2, accuracy)",12435,0,-0.1956135393941198,1,-0.19859672966043268
dpctgan,"ClosestDistance(L_2, accuracy)",12435,1,-0.2945073903489874,0,-0.19859672966043268
dpctgan,"ClosestDistance(L_2, accuracy)",12435,0,-0.6440287623160323,0,-0.19859672966043268
dpctgan,"ClosestDistance(L_2, accuracy)",12435,1,-0.2617534524866096,0,-0.19859672966043268
dpctgan,"ClosestDistance(L_2, accuracy)",12435,0,-0.2883632768933398,0,-0.19859672966043268
dpctgan,"ClosestDistance(L_2, accuracy)",12435,1,-1.4370154433794573,0,-0.19859672966043268
dpctgan,"ClosestDistance(L_2, accuracy)",12435,0,-0.897445382417483,0,-0.19859672966043268
dpctgan,"ClosestDistance(L_2, accuracy)",12435,1,-0.6270169611570229,0,-0.19859672966043268
dpctgan,"ClosestDistance(L_2, accuracy)",12435,0,-1.4974303194301055,0,-0.19859672966043268
dpctgan,"ClosestDistance(L_2, accuracy)",12435,1,-0.2428989377914923,0,-0.19859672966043268
dpctgan,"ClosestDistance(L_2, accuracy)",12435,0,-0.15863882640644547,1,-0.19859672966043268
dpctgan,"ClosestDistance(L_2, accuracy)",12435,1,-1.4367507122719156,0,-0.19859672966043268
dpctgan,"ClosestDistance(L_2, accuracy)",12435,0,-0.5189846819224407,0,-0.19859672966043268
dpctgan,"ClosestDistance(L_2, accuracy)",12435,1,-1.4732227956530437,0,-0.19859672966043268
dpctgan,"ClosestDistance(L_2, accuracy)",12435,0,-0.2872273320914579,0,-0.19859672966043268
dpctgan,"ClosestDistance(L_2, accuracy)",12435,1,-0.33078558483698,0,-0.19859672966043268
dpctgan,"ClosestDistance(L_2, accuracy)",12435,0,-1.475289200992148,0,-0.19859672966043268
dpctgan,"ClosestDistance(L_2, accuracy)",12435,1,-2.0095754863960735,0,-0.19859672966043268
dpctgan,"ClosestDistance(L_2, accuracy)",12435,0,-1.525581401621844,0,-0.19859672966043268
dpctgan,"ClosestDistance(L_2, accuracy)",12435,1,-1.4726519151722712,0,-0.19859672966043268
dpctgan,"ClosestDistance(L_2, accuracy)",12435,0,-1.4261650538466355,0,-0.19859672966043268
dpctgan,"ClosestDistance(L_2, accuracy)",12435,1,-0.24986189768013115,0,-0.19859672966043268
dpctgan,"ClosestDistance(L_2, accuracy)",12435,0,-1.4328563885214791,0,-0.19859672966043268
dpctgan,"ClosestDistance(L_2, accuracy)",12435,1,-0.5214349865764707,0,-0.19859672966043268
dpctgan,"ClosestDistance(L_2, accuracy)",12435,0,-0.4757388453237806,0,-0.19859672966043268
dpctgan,"ClosestDistance(L_2, accuracy)",12435,1,-0.2714986408007657,0,-0.19859672966043268
dpctgan,"ClosestDistance(L_2, accuracy)",12435,0,-1.4476695984014465,0,-0.19859672966043268
dpctgan,"ClosestDistance(L_2, accuracy)",12435,1,-0.6226871626119618,0,-0.19859672966043268
dpctgan,"ClosestDistance(L_2, accuracy)",12435,0,-1.4517127522112014,0,-0.19859672966043268
dpctgan,"ClosestDistance(L_2, accuracy)",12435,1,-0.5160091881607869,0,-0.19859672966043268
dpctgan,"ClosestDistance(L_2, accuracy)",12435,0,-0.9382402109620482,0,-0.19859672966043268
dpctgan,"ClosestDistance(L_2, accuracy)",12435,1,-1.4149380353419734,0,-0.19859672966043268
dpctgan,"ClosestDistance(L_2, accuracy)",12435,0,-1.433702121243736,0,-0.19859672966043268
dpctgan,"ClosestDistance(L_2, accuracy)",12435,1,-1.4637956485660393,0,-0.19859672966043268
dpctgan,"ClosestDistance(L_2, accuracy)",12435,0,-0.10498391852729219,1,-0.19859672966043268
dpctgan,"ClosestDistance(L_2, accuracy)",12435,1,-0.48089717735467236,0,-0.19859672966043268
dpctgan,"ClosestDistance(L_2, accuracy)",12435,0,-0.5706056279233479,0,-0.19859672966043268
dpctgan,"ClosestDistance(L_2, accuracy)",12435,1,-1.4248736534683948,0,-0.19859672966043268
dpctgan,"ClosestDistance(L_2, accuracy)",12435,0,-1.4354904708316567,0,-0.19859672966043268
dpctgan,"ClosestDistance(L_2, accuracy)",12435,1,-0.1940644170635506,1,-0.19859672966043268
dpctgan,"ClosestDistance(L_2, accuracy)",12435,0,-0.6278558946568967,0,-0.19859672966043268
dpctgan,"ClosestDistance(L_2, accuracy)",12435,1,-1.4426582706981155,0,-0.19859672966043268
dpctgan,"ClosestDistance(L_2, accuracy)",12435,0,-0.5498732147476695,0,-0.19859672966043268
dpctgan,"ClosestDistance(L_2, accuracy)",12435,1,-0.6379657151502057,0,-0.19859672966043268
dpctgan,"ClosestDistance(L_2, accuracy)",12435,0,-0.5679956790334518,0,-0.19859672966043268
dpctgan,"ClosestDistance(L_2, accuracy)",12435,1,-0.11263510172280437,1,-0.19859672966043268
dpctgan,"ClosestDistance(L_2, accuracy)",12435,0,-0.1822093977740668,1,-0.19859672966043268
dpctgan,"ClosestDistance(L_2, accuracy)",12435,1,-1.4232789224240912,0,-0.19859672966043268
dpctgan,"ClosestDistance(L_2, accuracy)",12435,0,-1.4180273630232894,0,-0.19859672966043268
dpctgan,"ClosestDistance(L_2, accuracy)",12435,1,-0.45821139639152864,0,-0.19859672966043268
dpctgan,"ClosestDistance(L_2, accuracy)",12435,0,-0.5326226142623932,0,-0.19859672966043268
dpctgan,"ClosestDistance(L_2, accuracy)",12435,1,-0.15620546782415318,1,-0.19859672966043268
dpctgan,"ClosestDistance(L_2, accuracy)",12435,0,-0.48837914141226496,0,-0.19859672966043268
dpctgan,"ClosestDistance(L_2, accuracy)",12435,1,-1.4325751962950917,0,-0.19859672966043268
dpctgan,"ClosestDistance(L_2, accuracy)",12435,0,-0.283175946443117,0,-0.19859672966043268
dpctgan,"ClosestDistance(L_2, accuracy)",12435,1,-0.21231544508314687,0,-0.19859672966043268
dpctgan,"ClosestDistance(L_2, accuracy)",12435,0,-1.4237095629923238,0,-0.19859672966043268
dpctgan,"ClosestDistance(L_2, accuracy)",12435,1,-0.2848773872298308,0,-0.19859672966043268
dpctgan,"ClosestDistance(L_2, accuracy)",12435,0,-0.3842509843286417,0,-0.19859672966043268
dpctgan,"ClosestDistance(L_2, accuracy)",12435,1,-0.831755583009478,0,-0.19859672966043268
dpctgan,"ClosestDistance(L_2, accuracy)",12435,0,-1.5634381155631363,0,-0.19859672966043268
dpctgan,"ClosestDistance(L_2, accuracy)",12435,1,-1.4382437408877435,0,-0.19859672966043268
dpctgan,"ClosestDistance(L_2, accuracy)",12435,0,-0.37538034205768184,0,-0.19859672966043268
dpctgan,"ClosestDistance(L_2, accuracy)",12435,1,-0.10582735545661806,1,-0.19859672966043268
dpctgan,"ClosestDistance(L_2, accuracy)",12435,0,-1.44146368899709,0,-0.19859672966043268
dpctgan,"ClosestDistance(L_2, accuracy)",12435,1,-0.5759470287254884,0,-0.19859672966043268
dpctgan,"ClosestDistance(L_2, accuracy)",12435,0,-0.06333030512811137,1,-0.19859672966043268
dpctgan,"ClosestDistance(L_2, accuracy)",12435,1,-0.5728694316437523,0,-0.19859672966043268
dpctgan,"ClosestDistance(L_2, accuracy)",12435,0,-1.4599962648495997,0,-0.19859672966043268
dpctgan,"ClosestDistance(L_2, accuracy)",12435,1,-1.4991219308420385,0,-0.19859672966043268
dpctgan,"ClosestDistance(L_2, accuracy)",12435,0,-0.38858093131595833,0,-0.19859672966043268
dpctgan,"ClosestDistance(L_2, accuracy)",12435,1,-1.43075329393481,0,-0.19859672966043268
dpctgan,"ClosestDistance(L_2, accuracy)",12435,0,-1.4240431394197028,0,-0.19859672966043268
dpctgan,"ClosestDistance(L_2, accuracy)",12435,1,-0.304079129797939,0,-0.19859672966043268
dpctgan,"ClosestDistance(L_2, accuracy)",12435,0,-1.4379648277148651,0,-0.19859672966043268
dpctgan,"ClosestDistance(L_2, accuracy)",12435,1,-0.34534181722070917,0,-0.19859672966043268
dpctgan,"ClosestDistance(L_2, accuracy)",12435,0,-0.19378832896030407,1,-0.19859672966043268
dpctgan,"ClosestDistance(L_2, accuracy)",12435,1,-0.2239185735186531,0,-0.19859672966043268
dpctgan,"ClosestDistance(L_2, accuracy)",12435,0,-1.7020950306145186,0,-0.19859672966043268
dpctgan,"ClosestDistance(L_2, accuracy)",12435,1,-0.17562095324394084,1,-0.19859672966043268
dpctgan,"ClosestDistance(L_2, accuracy)",12435,0,-1.4385626603921728,0,-0.19859672966043268
dpctgan,"ClosestDistance(L_2, accuracy)",12435,1,-0.5556404538778819,0,-0.19859672966043268
dpctgan,"ClosestDistance(L_2, accuracy)",12435,0,-1.4343572314362207,0,-0.19859672966043268
dpctgan,"ClosestDistance(L_2, accuracy)",12435,1,-0.4561475250218562,0,-0.19859672966043268
dpctgan,"ClosestDistance(L_2, accuracy)",12435,0,-1.4545660193018437,0,-0.19859672966043268
dpctgan,"ClosestDistance(L_2, accuracy)",12435,1,-1.445110774421226,0,-0.19859672966043268
dpctgan,"ClosestDistance(L_2, accuracy)",12435,0,-0.2816164692439642,0,-0.19859672966043268
dpctgan,"ClosestDistance(L_2, accuracy)",12435,1,-1.438837196655333,0,-0.19859672966043268
dpctgan,"ClosestDistance(L_2, accuracy)",12435,0,-1.4219708595408949,0,-0.19859672966043268
dpctgan,"ClosestDistance(L_2, accuracy)",12435,1,-0.46486059408154123,0,-0.19859672966043268
dpctgan,"ClosestDistance(L_2, accuracy)",12435,0,-1.4302157698582154,0,-0.19859672966043268
dpctgan,"ClosestDistance(L_2, accuracy)",12435,1,-1.4814284753392344,0,-0.19859672966043268
dpctgan,"ClosestDistance(L_2, accuracy)",12435,0,-0.166118470054093,1,-0.19859672966043268
dpctgan,"ClosestDistance(L_2, accuracy)",12435,1,-0.36856254441139774,0,-0.19859672966043268
dpctgan,"ClosestDistance(L_2, accuracy)",12435,0,-1.509633768556004,0,-0.19859672966043268
dpctgan,"ClosestDistance(L_2, accuracy)",12435,1,-1.5500464417154691,0,-0.19859672966043268
dpctgan,"ClosestDistance(L_2, accuracy)",12435,0,-1.4363446828448063,0,-0.19859672966043268
dpctgan,"ClosestDistance(L_2, accuracy)",12435,1,-0.4494851944074326,0,-0.19859672966043268
dpctgan,"ClosestDistance(L_2, accuracy)",12435,0,-0.20546161030249027,0,-0.19859672966043268
dpctgan,"ClosestDistance(L_2, accuracy)",12435,1,-0.9149978235228169,0,-0.19859672966043268
dpctgan,"ClosestDistance(L_2, accuracy)",12435,0,-0.28911209155154716,0,-0.19859672966043268
dpctgan,"ClosestDistance(L_2, accuracy)",12435,1,-0.31617058558484085,0,-0.19859672966043268
dpctgan,"ClosestDistance(L_2, accuracy)",12435,0,-0.3000032961645232,0,-0.19859672966043268
dpctgan,"ClosestDistance(L_2, accuracy)",12435,1,-0.5848858127268114,0,-0.19859672966043268
dpctgan,"ClosestDistance(L_2, accuracy)",12435,0,-1.4441241253124513,0,-0.19859672966043268
dpctgan,"ClosestDistance(L_2, accuracy)",12435,1,-1.5532683249882415,0,-0.19859672966043268
dpctgan,"ClosestDistance(L_2, accuracy)",12435,0,-0.6154411326205694,0,-0.19859672966043268
dpctgan,"ClosestDistance(L_2, accuracy)",12435,1,-0.3008478897454026,0,-0.19859672966043268
dpctgan,"ClosestDistance(L_2, accuracy)",12435,0,-0.5267675440861769,0,-0.19859672966043268
dpctgan,"ClosestDistance(L_2, accuracy)",12435,1,-0.5939786609583015,0,-0.19859672966043268
dpctgan,"ClosestDistance(L_2, accuracy)",12435,0,-0.20602773728080445,0,-0.19859672966043268
dpctgan,"ClosestDistance(L_2, accuracy)",12435,1,-0.17256820846992507,1,-0.19859672966043268
dpctgan,"ClosestDistance(L_2, accuracy)",12435,0,-1.4576280881991495,0,-0.19859672966043268
dpctgan,"ClosestDistance(L_2, accuracy)",12435,1,-0.09986224078561624,1,-0.19859672966043268
dpctgan,"ClosestDistance(L_2, accuracy)",12435,0,-1.4185053183315741,0,-0.19859672966043268
dpctgan,"ClosestDistance(L_2, accuracy)",12435,1,-0.9126920912355055,0,-0.19859672966043268
dpctgan,"ClosestDistance(L_2, accuracy)",12435,0,-0.30054342694119784,0,-0.19859672966043268
dpctgan,"ClosestDistance(L_2, accuracy)",12435,1,-0.16991572432914376,1,-0.19859672966043268
dpctgan,"ClosestDistance(L_2, accuracy)",12435,0,-0.26053002404814085,0,-0.19859672966043268
dpctgan,"ClosestDistance(L_2, accuracy)",12435,1,-0.17532739534877884,1,-0.19859672966043268
dpctgan,"ClosestDistance(L_2, accuracy)",12435,0,-0.14671252734660137,1,-0.19859672966043268
dpctgan,"ClosestDistance(L_2, accuracy)",12435,1,-0.5520832978644502,0,-0.19859672966043268
dpctgan,"ClosestDistance(L_2, accuracy)",12435,0,-0.22507006155358572,0,-0.19859672966043268
dpctgan,"ClosestDistance(L_2, accuracy)",12435,1,-1.4233836928728514,0,-0.19859672966043268
dpctgan,"ClosestDistance(L_2, accuracy)",12435,0,-1.478007996646648,0,-0.19859672966043268
dpctgan,"ClosestDistance(L_2, accuracy)",12435,1,-1.4364516514883545,0,-0.19859672966043268
dpctgan,"ClosestDistance(L_2, accuracy)",12435,0,-1.4650358279120412,0,-0.19859672966043268
dpctgan,"ClosestDistance(L_2, accuracy)",12435,1,-1.4191987909519614,0,-0.19859672966043268
dpctgan,"ClosestDistance(L_2, accuracy)",12435,0,-0.7433823824506954,0,-0.19859672966043268
dpctgan,"ClosestDistance(L_2, accuracy)",12435,1,-0.381897176286268,0,-0.19859672966043268
dpctgan,"ClosestDistance(L_2, accuracy)",12435,0,-0.37866481871930474,0,-0.19859672966043268
dpctgan,"ClosestDistance(L_2, accuracy)",12435,1,-1.538054839241035,0,-0.19859672966043268
dpctgan,"ClosestDistance(L_2, accuracy)",12435,0,-0.3061633529120373,0,-0.19859672966043268
dpctgan,"ClosestDistance(L_2, accuracy)",12435,1,-0.8196149120003687,0,-0.19859672966043268
dpctgan,"ClosestDistance(L_2, accuracy)",12435,0,-1.6040188343999786,0,-0.19859672966043268
dpctgan,"ClosestDistance(L_2, accuracy)",12435,1,-1.4796352928606247,0,-0.19859672966043268
dpctgan,"ClosestDistance(L_2, accuracy)",12435,0,-1.4472159256435808,0,-0.19859672966043268
dpctgan,"ClosestDistance(L_2, accuracy)",12435,1,-1.4506569195078627,0,-0.19859672966043268
dpctgan,"ClosestDistance(L_2, accuracy)",12435,0,-0.31379721780761616,0,-0.19859672966043268
dpctgan,"ClosestDistance(L_2, accuracy)",12435,1,-0.30756099538395687,0,-0.19859672966043268
dpctgan,"ClosestDistance(L_2, accuracy)",12435,0,-1.4282189715585845,0,-0.19859672966043268
dpctgan,"ClosestDistance(L_2, accuracy)",12435,1,-0.7650052052499043,0,-0.19859672966043268
dpctgan,"ClosestDistance(L_2, accuracy)",12435,0,-1.4910302179372656,0,-0.19859672966043268
dpctgan,"ClosestDistance(L_2, accuracy)",12435,1,-1.4431047259390075,0,-0.19859672966043268
dpctgan,"ClosestDistance(L_2, accuracy)",12435,0,-0.48359646568862896,0,-0.19859672966043268
dpctgan,"ClosestDistance(L_2, accuracy)",12435,1,-0.33621527144785274,0,-0.19859672966043268
dpctgan,"ClosestDistance(L_2, accuracy)",12435,0,-0.4347863387432381,0,-0.19859672966043268
dpctgan,"ClosestDistance(L_2, accuracy)",12435,1,-0.31487093797593757,0,-0.19859672966043268
dpctgan,"ClosestDistance(L_2, accuracy)",12435,0,-0.2862049876776574,0,-0.19859672966043268
dpctgan,"ClosestDistance(L_2, accuracy)",12435,1,-1.436892675655827,0,-0.19859672966043268
dpctgan,"ClosestDistance(L_2, accuracy)",12435,0,-1.4214339358936503,0,-0.19859672966043268
dpctgan,"ClosestDistance(L_2, accuracy)",12435,1,-1.5298850036985343,0,-0.19859672966043268
dpctgan,"ClosestDistance(L_2, accuracy)",12435,0,-0.1919736927718148,1,-0.19859672966043268
dpctgan,"ClosestDistance(L_2, accuracy)",12435,1,-0.33621480012620947,0,-0.19859672966043268
dpctgan,"ClosestDistance(L_2, accuracy)",12435,0,-0.2375301669756343,0,-0.19859672966043268
dpctgan,"ClosestDistance(L_2, accuracy)",12435,1,-1.4412690098413545,0,-0.19859672966043268
dpctgan,"ClosestDistance(L_2, accuracy)",12435,0,-1.5139646502702828,0,-0.19859672966043268
dpctgan,"ClosestDistance(L_2, accuracy)",12435,1,-0.05186829978718909,1,-0.19859672966043268
dpctgan,"ClosestDistance(L_2, accuracy)",12435,0,-0.24888223521020716,0,-0.19859672966043268
dpctgan,"ClosestDistance(L_2, accuracy)",12435,1,-1.4547272414027903,0,-0.19859672966043268
dpctgan,"ClosestDistance(L_2, accuracy)",12435,0,-1.5314656324158755,0,-0.19859672966043268
dpctgan,"ClosestDistance(L_2, accuracy)",12435,1,-1.4426891153016126,0,-0.19859672966043268
dpctgan,"ClosestDistance(L_2, accuracy)",12435,0,-0.2186272226381031,0,-0.19859672966043268
dpctgan,"ClosestDistance(L_2, accuracy)",12435,1,-0.5651705493232143,0,-0.19859672966043268
dpctgan,"ClosestDistance(L_2, accuracy)",12435,0,-0.1613377968998919,1,-0.19859672966043268
dpctgan,"ClosestDistance(L_2, accuracy)",12435,1,-0.3500432152374904,0,-0.19859672966043268
dpctgan,"ClosestDistance(L_2, accuracy)",12435,0,-1.4363589952899025,0,-0.19859672966043268
dpctgan,"ClosestDistance(L_2, accuracy)",12435,1,-0.5188055202343603,0,-0.19859672966043268
dpctgan,"ClosestDistance(L_2, accuracy)",12435,0,-1.4553577644528763,0,-0.19859672966043268
dpctgan,"ClosestDistance(L_2, accuracy)",12435,1,-1.4248884148850278,0,-0.19859672966043268
dpctgan,"ClosestDistance(L_2, accuracy)",12435,0,-1.4304081061774478,0,-0.19859672966043268
dpctgan,"ClosestDistance(L_2, accuracy)",12435,1,-1.42501990183522,0,-0.19859672966043268
dpctgan,"ClosestDistance(L_2, accuracy)",12435,0,-0.24628550157360396,0,-0.19859672966043268
dpctgan,"ClosestDistance(L_2, accuracy)",12435,1,-0.21824104815755696,0,-0.19859672966043268
dpctgan,"ClosestDistance(L_2, accuracy)",12435,0,-0.2839455216152451,0,-0.19859672966043268
dpctgan,"ClosestDistance(L_2, accuracy)",12435,1,-0.2873071669475589,0,-0.19859672966043268
dpctgan,"ClosestDistance(L_2, accuracy)",12435,0,-1.4525024586458666,0,-0.19859672966043268
dpctgan,"ClosestDistance(L_2, accuracy)",12435,1,-2.0170073957403676,0,-0.19859672966043268
dpctgan,"ClosestDistance(L_2, accuracy)",12435,0,-0.6608616993949951,0,-0.19859672966043268
dpctgan,"ClosestDistance(L_2, accuracy)",12435,1,-1.6767634452698077,0,-0.19859672966043268
dpctgan,"ClosestDistance(L_2, accuracy)",12435,0,-1.4172314468949698,0,-0.19859672966043268
dpctgan,"ClosestDistance(L_2, accuracy)",12435,1,-1.4276624557778368,0,-0.19859672966043268
dpctgan,"ClosestDistance(L_2, accuracy)",12435,0,-1.4250978343504541,0,-0.19859672966043268
dpctgan,"ClosestDistance(L_2, accuracy)",12435,1,-0.5809578515627017,0,-0.19859672966043268
dpctgan,"ClosestDistance(L_2, accuracy)",12435,0,-0.4160326165628749,0,-0.19859672966043268
dpctgan,"ClosestDistance(L_2, accuracy)",12435,1,-0.5106514387711348,0,-0.19859672966043268
dpctgan,"ClosestDistance(L_2, accuracy)",12435,0,-1.4618499447989277,0,-0.19859672966043268
dpctgan,"ClosestDistance(L_2, accuracy)",12435,1,-1.4223255445235397,0,-0.19859672966043268
dpctgan,"ClosestDistance(L_2, accuracy)",12435,0,-0.5828582898688572,0,-0.19859672966043268
dpctgan,"ClosestDistance(L_2, accuracy)",12435,1,-0.16024171875303683,1,-0.19859672966043268
dpctgan,"ClosestDistance(L_2, accuracy)",12435,0,-0.6489635559291019,0,-0.19859672966043268
dpctgan,"ClosestDistance(L_2, accuracy)",12435,1,-0.34387192710521347,0,-0.19859672966043268
dpctgan,"ClosestDistance(L_2, accuracy)",12435,0,-0.5389472272188393,0,-0.19859672966043268
dpctgan,"ClosestDistance(L_2, accuracy)",12435,1,-1.5029454370693711,0,-0.19859672966043268
dpctgan,"ClosestDistance(L_2, accuracy)",12435,0,-1.4273902825553566,0,-0.19859672966043268
dpctgan,"ClosestDistance(L_2, accuracy)",12435,1,-0.2978916379201184,0,-0.19859672966043268
dpctgan,"ClosestDistance(L_2, accuracy)",12435,0,-0.23052039316006354,0,-0.19859672966043268
dpctgan,"ClosestDistance(L_2, accuracy)",12435,1,-1.4579579821694229,0,-0.19859672966043268
dpctgan,"ClosestDistance(L_2, accuracy)",12435,0,-0.6594324974252573,0,-0.19859672966043268
dpctgan,"ClosestDistance(L_2, accuracy)",12435,1,-0.31572098516110875,0,-0.19859672966043268
dpctgan,"ClosestDistance(L_2, accuracy)",12435,0,-0.08499754314644634,1,-0.19859672966043268
dpctgan,"ClosestDistance(L_2, accuracy)",12435,1,-1.5478883530565148,0,-0.19859672966043268
dpctgan,"ClosestDistance(L_2, accuracy)",12435,0,-0.4567320517256435,0,-0.19859672966043268
dpctgan,"ClosestDistance(L_2, accuracy)",12435,1,-0.212697312102688,0,-0.19859672966043268
dpctgan,"ClosestDistance(L_2, accuracy)",12435,0,-1.4214856265132272,0,-0.19859672966043268
dpctgan,"ClosestDistance(L_2, accuracy)",12435,1,-1.4355925524890312,0,-0.19859672966043268
dpctgan,"ClosestDistance(L_2, accuracy)",12435,0,-1.4567579965654271,0,-0.19859672966043268
dpctgan,"ClosestDistance(L_2, accuracy)",12435,1,-0.25292291782862686,0,-0.19859672966043268
dpctgan,"ClosestDistance(L_2, accuracy)",12435,0,-1.4193995598607512,0,-0.19859672966043268
dpctgan,"ClosestDistance(L_2, accuracy)",12435,1,-1.4271139564045547,0,-0.19859672966043268
dpctgan,"ClosestDistance(L_2, accuracy)",12435,0,-0.2368374765838438,0,-0.19859672966043268
dpctgan,"ClosestDistance(L_2, accuracy)",12435,1,-0.2236160420154672,0,-0.19859672966043268
dpctgan,"ClosestDistance(L_2, accuracy)",12435,0,-0.33471987571417955,0,-0.19859672966043268
dpctgan,"ClosestDistance(L_2, accuracy)",12435,1,-0.1093963161971734,1,-0.19859672966043268
dpctgan,"ClosestDistance(L_2, accuracy)",12435,0,-1.416370825128991,0,-0.19859672966043268
dpctgan,"ClosestDistance(L_2, accuracy)",12435,1,-1.501706895866008,0,-0.19859672966043268
dpctgan,"ClosestDistance(L_2, accuracy)",12435,0,-1.4893568131488124,0,-0.19859672966043268
dpctgan,"ClosestDistance(L_2, accuracy)",12435,1,-2.018802668018257,0,-0.19859672966043268
dpctgan,"ClosestDistance(L_2, accuracy)",12435,0,-0.26838586931963626,0,-0.19859672966043268
dpctgan,"ClosestDistance(L_2, accuracy)",12435,1,-0.17544294003000002,1,-0.19859672966043268
dpctgan,"ClosestDistance(L_2, accuracy)",12435,0,-1.427596664304242,0,-0.19859672966043268
dpctgan,"ClosestDistance(L_2, accuracy)",12435,1,-1.4279247248161187,0,-0.19859672966043268
dpctgan,"ClosestDistance(L_2, accuracy)",12435,0,-1.4375163949573695,0,-0.19859672966043268
dpctgan,"ClosestDistance(L_2, accuracy)",12435,1,-0.3282920846589681,0,-0.19859672966043268
dpctgan,"ClosestDistance(L_2, accuracy)",12435,0,-0.635241324116826,0,-0.19859672966043268
dpctgan,"ClosestDistance(L_2, accuracy)",12435,1,-1.4599059822088922,0,-0.19859672966043268
dpctgan,"ClosestDistance(L_2, accuracy)",12435,0,-1.418803693361569,0,-0.19859672966043268
dpctgan,"ClosestDistance(L_2, accuracy)",12435,1,-1.4489664900196937,0,-0.19859672966043268
dpctgan,"ClosestDistance(L_2, accuracy)",12435,0,-0.36457169951918766,0,-0.19859672966043268
dpctgan,"ClosestDistance(L_2, accuracy)",12435,1,-0.48681007683352007,0,-0.19859672966043268
dpctgan,"ClosestDistance(L_2, accuracy)",12435,0,-0.8948165703007507,0,-0.19859672966043268
dpctgan,"ClosestDistance(L_2, accuracy)",12435,1,-2.048428963092291,0,-0.19859672966043268
dpctgan,"ClosestDistance(L_2, accuracy)",12435,0,-0.2565720599526981,0,-0.19859672966043268
dpctgan,"ClosestDistance(L_2, accuracy)",12435,1,-1.4305417501115902,0,-0.19859672966043268
dpctgan,"ClosestDistance(L_2, accuracy)",12435,0,-1.4199546297851673,0,-0.19859672966043268
dpctgan,"ClosestDistance(L_2, accuracy)",12435,1,-0.23248520099975212,0,-0.19859672966043268
dpctgan,"ClosestDistance(L_2, accuracy)",12435,0,-1.4542717372176934,0,-0.19859672966043268
dpctgan,"ClosestDistance(L_2, accuracy)",12435,1,-1.4429869271818412,0,-0.19859672966043268
dpctgan,"ClosestDistance(L_2, accuracy)",12435,0,-0.3523843781412871,0,-0.19859672966043268
dpctgan,"ClosestDistance(L_2, accuracy)",12435,1,-1.4486530761929834,0,-0.19859672966043268
dpctgan,"ClosestDistance(L_2, accuracy)",12435,0,-0.6044463243739053,0,-0.19859672966043268
dpctgan,"ClosestDistance(L_2, accuracy)",12435,1,-1.5319878435963539,0,-0.19859672966043268
dpctgan,"ClosestDistance(L_2, accuracy)",12435,0,-0.2642817541663045,0,-0.19859672966043268
dpctgan,"ClosestDistance(L_2, accuracy)",12435,1,-1.4318366560700233,0,-0.19859672966043268
dpctgan,"ClosestDistance(L_2, accuracy)",12435,0,-0.29649900265918067,0,-0.19859672966043268
dpctgan,"ClosestDistance(L_2, accuracy)",12435,1,-1.4183372978273308,0,-0.19859672966043268
dpctgan,"ClosestDistance(L_2, accuracy)",12435,0,-0.31217630268939084,0,-0.19859672966043268
dpctgan,"ClosestDistance(L_2, accuracy)",12435,1,-0.8197161467565393,0,-0.19859672966043268
dpctgan,"ClosestDistance(L_2, accuracy)",12435,0,-0.6043135648073867,0,-0.19859672966043268
dpctgan,"ClosestDistance(L_2, accuracy)",12435,1,-0.15595331307717114,1,-0.19859672966043268
dpctgan,"ClosestDistance(L_2, accuracy)",12435,0,-1.5571203544412158,0,-0.19859672966043268
dpctgan,"ClosestDistance(L_2, accuracy)",12435,1,-0.9269320305305778,0,-0.19859672966043268
dpctgan,"ClosestDistance(L_2, accuracy)",12435,0,-1.4744819346317604,0,-0.19859672966043268
dpctgan,"ClosestDistance(L_2, accuracy)",12435,1,-0.3215298572946499,0,-0.19859672966043268
dpctgan,"ClosestDistance(L_2, accuracy)",12435,0,-2.020023462310382,0,-0.19859672966043268
dpctgan,"ClosestDistance(L_2, accuracy)",12435,1,-0.618371315353785,0,-0.19859672966043268
dpctgan,"ClosestDistance(L_2, accuracy)",12435,0,-1.4563750226228884,0,-0.19859672966043268
dpctgan,"ClosestDistance(L_2, accuracy)",12435,1,-1.521949472841039,0,-0.19859672966043268
dpctgan,"ClosestDistance(L_2, accuracy)",12435,0,-0.2868753192429741,0,-0.19859672966043268
dpctgan,"ClosestDistance(L_2, accuracy)",12435,1,-0.6384751649565696,0,-0.19859672966043268
dpctgan,"ClosestDistance(L_2, accuracy)",12435,0,-1.4367235399253449,0,-0.19859672966043268
dpctgan,"ClosestDistance(L_2, accuracy)",12435,1,-0.5046691433728886,0,-0.19859672966043268
dpctgan,"ClosestDistance(L_2, accuracy)",12435,0,-1.4252882830480287,0,-0.19859672966043268
dpctgan,"ClosestDistance(L_2, accuracy)",12435,1,-1.5129308602620108,0,-0.19859672966043268
dpctgan,"ClosestDistance(L_2, accuracy)",12435,0,-1.4148390907436734,0,-0.19859672966043268
dpctgan,"ClosestDistance(L_2, accuracy)",12435,1,-0.33796569828532536,0,-0.19859672966043268
dpctgan,"ClosestDistance(L_2, accuracy)",12435,0,-0.9661487076351766,0,-0.19859672966043268
dpctgan,"ClosestDistance(L_2, accuracy)",12435,1,-1.4427845393555996,0,-0.19859672966043268
dpctgan,"ClosestDistance(L_2, accuracy)",12435,0,-0.47816438239758385,0,-0.19859672966043268
dpctgan,"ClosestDistance(L_2, accuracy)",12435,1,-0.4891943845760756,0,-0.19859672966043268
dpctgan,"ClosestDistance(L_2, accuracy)",12435,0,-1.4915171236804678,0,-0.19859672966043268
dpctgan,"ClosestDistance(L_2, accuracy)",12435,1,-0.37382150502968436,0,-0.19859672966043268
dpctgan,"ClosestDistance(L_2, accuracy)",12435,0,-0.3892793788435507,0,-0.19859672966043268
dpctgan,"ClosestDistance(L_2, accuracy)",12435,1,-1.4222996805725239,0,-0.19859672966043268
dpctgan,"ClosestDistance(L_2, accuracy)",12435,0,-1.4316226636541043,0,-0.19859672966043268
dpctgan,"ClosestDistance(L_2, accuracy)",12435,1,-1.436295284407084,0,-0.19859672966043268
dpctgan,"ClosestDistance(L_2, accuracy)",12435,0,-1.4428607922267631,0,-0.19859672966043268
dpctgan,"ClosestDistance(L_2, accuracy)",12435,1,-0.1869605632320209,1,-0.19859672966043268
dpctgan,"ClosestDistance(L_2, accuracy)",12435,0,-0.20288197939843575,0,-0.19859672966043268
dpctgan,"ClosestDistance(L_2, accuracy)",12435,1,-1.4681008146487085,0,-0.19859672966043268
dpctgan,"ClosestDistance(L_2, accuracy)",12435,0,-0.37727282666707185,0,-0.19859672966043268
dpctgan,"ClosestDistance(L_2, accuracy)",12435,1,-1.5052792424331913,0,-0.19859672966043268
dpctgan,"ClosestDistance(L_2, accuracy)",12435,0,-0.5441664509274552,0,-0.19859672966043268
dpctgan,"ClosestDistance(L_2, accuracy)",12435,1,-0.3198904640160795,0,-0.19859672966043268
dpctgan,"ClosestDistance(L_2, accuracy)",12435,0,-1.6021429727924084,0,-0.19859672966043268
dpctgan,"ClosestDistance(L_2, accuracy)",12435,1,-1.496792981439673,0,-0.19859672966043268
dpctgan,"ClosestDistance(L_2, accuracy)",12435,0,-0.6697989537784156,0,-0.19859672966043268
dpctgan,"ClosestDistance(L_2, accuracy)",12435,1,-1.415947424155916,0,-0.19859672966043268
dpctgan,"ClosestDistance(L_2, accuracy)",12435,0,-1.4486140049070801,0,-0.19859672966043268
dpctgan,"ClosestDistance(L_2, accuracy)",12435,1,-0.3993048072175571,0,-0.19859672966043268
dpctgan,"ClosestDistance(L_2, accuracy)",12435,0,-0.3919139075741767,0,-0.19859672966043268
dpctgan,"ClosestDistance(L_2, accuracy)",12435,1,-2.0167469246277796,0,-0.19859672966043268
dpctgan,"ClosestDistance(L_2, accuracy)",12435,0,-0.43528907225976454,0,-0.19859672966043268
dpctgan,"ClosestDistance(L_2, accuracy)",12435,1,-0.1279368982692571,1,-0.19859672966043268
dpctgan,"ClosestDistance(L_2, accuracy)",12435,0,-1.4666305509106154,0,-0.19859672966043268
dpctgan,"ClosestDistance(L_2, accuracy)",12435,1,-1.557930576656224,0,-0.19859672966043268
dpctgan,"ClosestDistance(L_2, accuracy)",12435,0,-0.32287455343570876,0,-0.19859672966043268
dpctgan,"ClosestDistance(L_2, accuracy)",12435,1,-1.4194113902773444,0,-0.19859672966043268
dpctgan,"ClosestDistance(L_2, accuracy)",12435,0,-0.1423188969189988,1,-0.19859672966043268
dpctgan,"ClosestDistance(L_2, accuracy)",12435,1,-1.4472696733691213,0,-0.19859672966043268
dpctgan,"ClosestDistance(L_2, accuracy)",12435,0,-1.5387936191038143,0,-0.19859672966043268
dpctgan,"ClosestDistance(L_2, accuracy)",12435,1,-1.4414565540287396,0,-0.19859672966043268
dpctgan,"ClosestDistance(L_2, accuracy)",12435,0,-0.5756659022343478,0,-0.19859672966043268
dpctgan,"ClosestDistance(L_2, accuracy)",12435,1,-0.2673346758014252,0,-0.19859672966043268
dpctgan,"ClosestDistance(L_2, accuracy)",12435,0,-0.696005497575397,0,-0.19859672966043268
dpctgan,"ClosestDistance(L_2, accuracy)",12435,1,-0.3380654891043632,0,-0.19859672966043268
dpctgan,"ClosestDistance(L_2, accuracy)",12435,0,-0.5782192191328716,0,-0.19859672966043268
dpctgan,"ClosestDistance(L_2, accuracy)",12435,1,-1.5839819019383297,0,-0.19859672966043268
dpctgan,"ClosestDistance(L_2, accuracy)",12435,0,-0.20281553953924333,0,-0.19859672966043268
dpctgan,"ClosestDistance(L_2, accuracy)",12435,1,-0.5543511294656858,0,-0.19859672966043268
dpctgan,"ClosestDistance(L_2, accuracy)",12435,0,-0.10738829019836789,1,-0.19859672966043268
dpctgan,"ClosestDistance(L_2, accuracy)",12435,1,-1.5942767481807292,0,-0.19859672966043268
dpctgan,"ClosestDistance(L_2, accuracy)",12435,0,-0.22100809167069477,0,-0.19859672966043268
dpctgan,"ClosestDistance(L_2, accuracy)",12435,1,-1.4359008552216241,0,-0.19859672966043268
dpctgan,"ClosestDistance(L_2, accuracy)",12435,0,-0.19293975309363054,1,-0.19859672966043268
dpctgan,"ClosestDistance(L_2, accuracy)",12435,1,-0.8164164274387462,0,-0.19859672966043268
dpctgan,"ClosestDistance(L_2, accuracy)",12435,0,-1.4374499909119574,0,-0.19859672966043268
dpctgan,"ClosestDistance(L_2, accuracy)",12435,1,-0.1194765116390199,1,-0.19859672966043268
dpctgan,"ClosestDistance(L_2, accuracy)",12435,0,-0.4969659241229842,0,-0.19859672966043268
dpctgan,"ClosestDistance(L_2, accuracy)",12435,1,-0.8313404639983462,0,-0.19859672966043268
dpctgan,"ClosestDistance(L_2, accuracy)",12435,0,-1.4505023870752287,0,-0.19859672966043268
dpctgan,"ClosestDistance(L_2, accuracy)",12435,1,-2.0114515298664606,0,-0.19859672966043268
dpctgan,"ClosestDistance(L_2, accuracy)",12435,0,-0.32897281528469097,0,-0.19859672966043268
dpctgan,"ClosestDistance(L_2, accuracy)",12435,1,-1.427504406450018,0,-0.19859672966043268
dpctgan,"ClosestDistance(L_2, accuracy)",12435,0,-1.5970075738189364,0,-0.19859672966043268
dpctgan,"ClosestDistance(L_2, accuracy)",12435,1,-0.5498541064676548,0,-0.19859672966043268
dpctgan,"ClosestDistance(L_2, accuracy)",12435,0,-0.13651418199342621,1,-0.19859672966043268
dpctgan,"ClosestDistance(L_2, accuracy)",12435,1,-0.1858812177607309,1,-0.19859672966043268
dpctgan,"ClosestDistance(L_2, accuracy)",12435,0,-1.4160578229954262,0,-0.19859672966043268
dpctgan,"ClosestDistance(L_2, accuracy)",12435,1,-0.4244157234197014,0,-0.19859672966043268
dpctgan,"ClosestDistance(L_2, accuracy)",12435,0,-1.424068595083995,0,-0.19859672966043268
dpctgan,"ClosestDistance(L_2, accuracy)",12435,1,-1.4455274677194694,0,-0.19859672966043268
dpctgan,"ClosestDistance(L_2, accuracy)",12435,0,-0.5313108454632679,0,-0.19859672966043268
dpctgan,"ClosestDistance(L_2, accuracy)",12435,1,-1.66176913745696,0,-0.19859672966043268
dpctgan,"ClosestDistance(L_2, accuracy)",12435,0,-1.4717205622740364,0,-0.19859672966043268
dpctgan,"ClosestDistance(L_2, accuracy)",12435,1,-0.30501500992679087,0,-0.19859672966043268
dpctgan,"ClosestDistance(L_2, accuracy)",12435,0,-0.32623781946788316,0,-0.19859672966043268
dpctgan,"ClosestDistance(L_2, accuracy)",12435,1,-0.6541705811747861,0,-0.19859672966043268
dpctgan,"ClosestDistance(L_2, accuracy)",12435,0,-1.4414796141928454,0,-0.19859672966043268
dpctgan,"ClosestDistance(L_2, accuracy)",12435,1,-1.4268727253889102,0,-0.19859672966043268
dpctgan,"ClosestDistance(L_2, accuracy)",12435,0,-0.6179657947310838,0,-0.19859672966043268
dpctgan,"ClosestDistance(L_2, accuracy)",12435,1,-0.23623363533422387,0,-0.19859672966043268
dpctgan,"ClosestDistance(L_2, accuracy)",12435,0,-0.3707887741056213,0,-0.19859672966043268
dpctgan,"ClosestDistance(L_2, accuracy)",12435,1,-0.7280981483452107,0,-0.19859672966043268
dpctgan,"ClosestDistance(L_2, accuracy)",12435,0,-1.4279661682669813,0,-0.19859672966043268
dpctgan,"ClosestDistance(L_2, accuracy)",12435,1,-0.1879843425405511,1,-0.19859672966043268
dpctgan,"ClosestDistance(L_2, accuracy)",12435,0,-0.22105727955351764,0,-0.19859672966043268
dpctgan,"ClosestDistance(L_2, accuracy)",12435,1,-1.4250460003132397,0,-0.19859672966043268
dpctgan,"ClosestDistance(L_2, accuracy)",12435,0,-1.4728329980402455,0,-0.19859672966043268
dpctgan,"ClosestDistance(L_2, accuracy)",12435,1,-1.486293497694216,0,-0.19859672966043268
dpctgan,"ClosestDistance(L_2, accuracy)",12435,0,-0.24463975402828453,0,-0.19859672966043268
dpctgan,"ClosestDistance(L_2, accuracy)",12435,1,-0.5434963876446992,0,-0.19859672966043268
dpctgan,"ClosestDistance(L_2, accuracy)",12435,0,-1.083788565710337,0,-0.19859672966043268
dpctgan,"ClosestDistance(L_2, accuracy)",12435,1,-0.2807391985330086,0,-0.19859672966043268
dpctgan,"ClosestDistance(L_2, accuracy)",12435,0,-1.4160404550022143,0,-0.19859672966043268
dpctgan,"ClosestDistance(L_2, accuracy)",12435,1,-1.4275232411715062,0,-0.19859672966043268
dpctgan,"ClosestDistance(L_2, accuracy)",12435,0,-1.4332714463572391,0,-0.19859672966043268
dpctgan,"ClosestDistance(L_2, accuracy)",12435,1,-0.43500995114994134,0,-0.19859672966043268
dpctgan,"ClosestDistance(L_2, accuracy)",12435,0,-1.4272110542925038,0,-0.19859672966043268
dpctgan,"ClosestDistance(L_2, accuracy)",12435,1,-1.4288666710884628,0,-0.19859672966043268
dpctgan,"ClosestDistance(L_2, accuracy)",12435,0,-1.4722381348763518,0,-0.19859672966043268
dpctgan,"ClosestDistance(L_2, accuracy)",12435,1,-1.4536443920490123,0,-0.19859672966043268
dpctgan,"ClosestDistance(L_2, accuracy)",12435,0,-0.49520998434391045,0,-0.19859672966043268
dpctgan,"ClosestDistance(L_2, accuracy)",12435,1,-0.6162172657931938,0,-0.19859672966043268
dpctgan,"ClosestDistance(L_2, accuracy)",12435,0,-2.019640733724214,0,-0.19859672966043268
dpctgan,"ClosestDistance(L_2, accuracy)",12435,1,-0.2771288733638652,0,-0.19859672966043268
dpctgan,"ClosestDistance(L_2, accuracy)",12435,0,-0.38844026910970125,0,-0.19859672966043268
dpctgan,"ClosestDistance(L_2, accuracy)",12435,1,-1.4583914351503644,0,-0.19859672966043268
dpctgan,"ClosestDistance(L_2, accuracy)",12435,0,-1.417881253486266,0,-0.19859672966043268
dpctgan,"ClosestDistance(L_2, accuracy)",12435,1,-1.4444608876178657,0,-0.19859672966043268
dpctgan,"ClosestDistance(L_2, accuracy)",12435,0,-0.42695627869069974,0,-0.19859672966043268
dpctgan,"ClosestDistance(L_2, accuracy)",12435,1,-1.4305637921343968,0,-0.19859672966043268
dpctgan,"ClosestDistance(L_2, accuracy)",12435,0,-0.5606461158011604,0,-0.19859672966043268
dpctgan,"ClosestDistance(L_2, accuracy)",12435,1,-1.420538770657924,0,-0.19859672966043268
dpctgan,"ClosestDistance(L_2, accuracy)",12435,0,-1.4353064148988088,0,-0.19859672966043268
dpctgan,"ClosestDistance(L_2, accuracy)",12435,1,-0.43584877164752556,0,-0.19859672966043268
dpctgan,"ClosestDistance(L_2, accuracy)",12435,0,-1.4403311527849236,0,-0.19859672966043268
dpctgan,"ClosestDistance(L_2, accuracy)",12435,1,-0.423725809693359,0,-0.19859672966043268
dpctgan,"ClosestDistance(L_2, accuracy)",12435,0,-1.4779001387991695,0,-0.19859672966043268
dpctgan,"ClosestDistance(L_2, accuracy)",12435,1,-1.4354290319207028,0,-0.19859672966043268
dpctgan,"ClosestDistance(L_2, accuracy)",12435,0,-0.7259557545463545,0,-0.19859672966043268
dpctgan,"ClosestDistance(L_2, accuracy)",12435,1,-1.4312903887736186,0,-0.19859672966043268
dpctgan,"ClosestDistance(L_2, accuracy)",12435,0,-1.435556607709185,0,-0.19859672966043268
dpctgan,"ClosestDistance(L_2, accuracy)",12435,1,-1.4222296372219136,0,-0.19859672966043268
dpctgan,"ClosestDistance(L_2, accuracy)",12435,0,-0.5366016819226287,0,-0.19859672966043268
dpctgan,"ClosestDistance(L_2, accuracy)",12435,1,-0.37272012212378525,0,-0.19859672966043268
dpctgan,"ClosestDistance(L_2, accuracy)",12435,0,-0.29671309788040146,0,-0.19859672966043268
dpctgan,"ClosestDistance(L_2, accuracy)",12435,1,-0.44713065917353206,0,-0.19859672966043268
dpctgan,"ClosestDistance(L_2, accuracy)",12435,0,-1.6160539340360474,0,-0.19859672966043268
dpctgan,"ClosestDistance(L_2, accuracy)",12435,1,-0.4758539719141674,0,-0.19859672966043268
dpctgan,"ClosestDistance(L_2, accuracy)",12435,0,-1.4556743231005824,0,-0.19859672966043268
dpctgan,"ClosestDistance(L_2, accuracy)",12435,1,-1.597100136394642,0,-0.19859672966043268
dpctgan,"ClosestDistance(L_2, accuracy)",12435,0,-0.7415430969730361,0,-0.19859672966043268
dpctgan,"ClosestDistance(L_2, accuracy)",12435,1,-1.416509498340877,0,-0.19859672966043268
dpctgan,"ClosestDistance(L_2, accuracy)",12435,0,-0.22237871114667174,0,-0.19859672966043268
dpctgan,"ClosestDistance(L_2, accuracy)",12435,1,-2.0222346559478384,0,-0.19859672966043268
dpctgan,"ClosestDistance(L_2, accuracy)",12435,0,-1.4480444592591608,0,-0.19859672966043268
dpctgan,"ClosestDistance(L_2, accuracy)",12435,1,-1.4425645875731996,0,-0.19859672966043268
dpctgan,"ClosestDistance(L_2, accuracy)",12435,0,-1.520454811769303,0,-0.19859672966043268
dpctgan,"ClosestDistance(L_2, accuracy)",12435,1,-1.6206487599513244,0,-0.19859672966043268
dpctgan,"ClosestDistance(L_2, accuracy)",12435,0,-0.2549565648104311,0,-0.19859672966043268
dpctgan,"ClosestDistance(L_2, accuracy)",12435,1,-0.5935912012983176,0,-0.19859672966043268
dpctgan,"ClosestDistance(L_2, accuracy)",12435,0,-1.4362507730386276,0,-0.19859672966043268
dpctgan,"ClosestDistance(L_2, accuracy)",12435,1,-0.34455088337857526,0,-0.19859672966043268
dpctgan,"ClosestDistance(L_2, accuracy)",12435,0,-0.5847376684178018,0,-0.19859672966043268
dpctgan,"ClosestDistance(L_2, accuracy)",12435,1,-0.29970441697372663,0,-0.19859672966043268
dpctgan,"ClosestDistance(L_2, accuracy)",12435,0,-1.4328548816127447,0,-0.19859672966043268
dpctgan,"ClosestDistance(L_2, accuracy)",12435,1,-1.431158783423899,0,-0.19859672966043268
dpctgan,"ClosestDistance(L_2, accuracy)",12435,0,-0.5628247042160185,0,-0.19859672966043268
dpctgan,"ClosestDistance(L_2, accuracy)",12435,1,-1.425834546335175,0,-0.19859672966043268
dpctgan,"ClosestDistance(L_2, accuracy)",12435,0,-0.3239390094380343,0,-0.19859672966043268
dpctgan,"ClosestDistance(L_2, accuracy)",12435,1,-1.4593017963439456,0,-0.19859672966043268
dpctgan,"ClosestDistance(L_2, accuracy)",12435,0,-0.5646326265928819,0,-0.19859672966043268
dpctgan,"ClosestDistance(L_2, accuracy)",12435,1,-0.7598693380850363,0,-0.19859672966043268
dpctgan,"ClosestDistance(L_2, accuracy)",12435,0,-0.29240700934865954,0,-0.19859672966043268
dpctgan,"ClosestDistance(L_2, accuracy)",12435,1,-1.4353744805134474,0,-0.19859672966043268
dpctgan,"ClosestDistance(L_2, accuracy)",12435,0,-1.4188132992800295,0,-0.19859672966043268
dpctgan,"ClosestDistance(L_2, accuracy)",12435,1,-1.4164039314276988,0,-0.19859672966043268
dpctgan,"ClosestDistance(L_2, accuracy)",12435,0,-1.4280270267921522,0,-0.19859672966043268
dpctgan,"ClosestDistance(L_2, accuracy)",12435,1,-0.5489869919969232,0,-0.19859672966043268
dpctgan,"ClosestDistance(L_2, accuracy)",12435,0,-0.7195015975140168,0,-0.19859672966043268
dpctgan,"ClosestDistance(L_2, accuracy)",12435,1,-0.6794599687253678,0,-0.19859672966043268
dpctgan,"ClosestDistance(L_2, accuracy)",12435,0,-1.4346448279458537,0,-0.19859672966043268
dpctgan,"ClosestDistance(L_2, accuracy)",12435,1,-0.5462420467681122,0,-0.19859672966043268
dpctgan,"ClosestDistance(L_2, accuracy)",12435,0,-0.24354298625650683,0,-0.19859672966043268
dpctgan,"ClosestDistance(L_2, accuracy)",12435,1,-0.36762690799799347,0,-0.19859672966043268
dpctgan,"ClosestDistance(L_2, accuracy)",12435,0,-1.4302170268047534,0,-0.19859672966043268
dpctgan,"ClosestDistance(L_2, accuracy)",12435,1,-1.4207104260226964,0,-0.19859672966043268
dpctgan,"ClosestDistance(L_2, accuracy)",12435,0,-0.3008752651671089,0,-0.19859672966043268
dpctgan,"ClosestDistance(L_2, accuracy)",12435,1,-1.429735830148948,0,-0.19859672966043268
dpctgan,"ClosestDistance(L_2, accuracy)",12435,0,-1.4219113417676317,0,-0.19859672966043268
dpctgan,"ClosestDistance(L_2, accuracy)",12435,1,-1.4369719241492256,0,-0.19859672966043268
dpctgan,"ClosestDistance(L_2, accuracy)",12435,0,-1.54596284591156,0,-0.19859672966043268
dpctgan,"ClosestDistance(L_2, accuracy)",12435,1,-1.4427450764945435,0,-0.19859672966043268
dpctgan,"ClosestDistance(L_2, accuracy)",12435,0,-0.4809628681783157,0,-0.19859672966043268
dpctgan,"ClosestDistance(L_2, accuracy)",12435,1,-1.6794943399934588,0,-0.19859672966043268
dpctgan,"ClosestDistance(L_2, accuracy)",12435,0,-0.6378723008012915,0,-0.19859672966043268
dpctgan,"ClosestDistance(L_2, accuracy)",12435,1,-0.3790257708458874,0,-0.19859672966043268
dpctgan,"ClosestDistance(L_2, accuracy)",12435,0,-0.33999828996156045,0,-0.19859672966043268
dpctgan,"ClosestDistance(L_2, accuracy)",12435,1,-0.615107328134777,0,-0.19859672966043268
dpctgan,"ClosestDistance(L_2, accuracy)",12435,0,-0.2680146674562812,0,-0.19859672966043268
dpctgan,"ClosestDistance(L_2, accuracy)",12435,1,-1.4446143296867626,0,-0.19859672966043268
dpctgan,"ClosestDistance(L_2, accuracy)",12435,0,-1.4443681443711034,0,-0.19859672966043268
dpctgan,"ClosestDistance(L_2, accuracy)",12435,1,-1.4209515730060336,0,-0.19859672966043268
dpctgan,"ClosestDistance(L_2, accuracy)",12435,0,-1.4360777475434299,0,-0.19859672966043268
dpctgan,"ClosestDistance(L_2, accuracy)",12435,1,-1.4612246117083767,0,-0.19859672966043268
dpctgan,"ClosestDistance(L_2, accuracy)",12435,0,-1.4332659635352902,0,-0.19859672966043268
dpctgan,"ClosestDistance(L_2, accuracy)",12435,1,-1.4356436989873245,0,-0.19859672966043268
dpctgan,"ClosestDistance(L_2, accuracy)",12435,0,-0.6079669617898796,0,-0.19859672966043268
dpctgan,"ClosestDistance(L_2, accuracy)",12435,1,-0.48709116088635734,0,-0.19859672966043268
dpctgan,"ClosestDistance(L_2, accuracy)",12435,0,-0.3472511126272034,0,-0.19859672966043268
dpctgan,"ClosestDistance(L_2, accuracy)",12435,1,-0.4614996620393811,0,-0.19859672966043268
dpctgan,"ClosestDistance(L_2, accuracy)",12435,0,-1.4877544990840679,0,-0.19859672966043268
dpctgan,"ClosestDistance(L_2, accuracy)",12435,1,-1.4359546688252887,0,-0.19859672966043268
dpctgan,"ClosestDistance(L_2, accuracy)",12435,0,-1.4524062202412757,0,-0.19859672966043268
dpctgan,"ClosestDistance(L_2, accuracy)",12435,1,-0.23291020190940226,0,-0.19859672966043268
dpctgan,"ClosestDistance(L_2, accuracy)",12435,0,-0.20402204958837195,0,-0.19859672966043268
dpctgan,"ClosestDistance(L_2, accuracy)",12435,1,-0.22102789198205203,0,-0.19859672966043268
dpctgan,"ClosestDistance(L_2, accuracy)",12435,0,-1.423203951956,0,-0.19859672966043268
dpctgan,"ClosestDistance(L_2, accuracy)",12435,1,-1.5643732267013541,0,-0.19859672966043268
dpctgan,"ClosestDistance(L_2, accuracy)",12435,0,-0.3069024769828019,0,-0.19859672966043268
dpctgan,"ClosestDistance(L_2, accuracy)",12435,1,-0.45188839722491214,0,-0.19859672966043268
dpctgan,"ClosestDistance(L_2, accuracy)",12435,0,-0.41259740453108906,0,-0.19859672966043268
dpctgan,"ClosestDistance(L_2, accuracy)",12435,1,-1.418877233288893,0,-0.19859672966043268
dpctgan,"ClosestDistance(L_2, accuracy)",12435,0,-1.5486130782875602,0,-0.19859672966043268
dpctgan,"ClosestDistance(L_2, accuracy)",12435,1,-1.4565500400082845,0,-0.19859672966043268
dpctgan,"ClosestDistance(L_2, accuracy)",12435,0,-0.6207118567419061,0,-0.19859672966043268
dpctgan,"ClosestDistance(L_2, accuracy)",12435,1,-2.016599644512358,0,-0.19859672966043268
dpctgan,"ClosestDistance(L_2, accuracy)",12435,0,-1.428155859963621,0,-0.19859672966043268
dpctgan,"ClosestDistance(L_2, accuracy)",12435,1,-0.4352238000295556,0,-0.19859672966043268
dpctgan,"ClosestDistance(L_2, accuracy)",12435,0,-1.4373373936207585,0,-0.19859672966043268
dpctgan,"ClosestDistance(L_2, accuracy)",12435,1,-0.051520690209381874,1,-0.19859672966043268
dpctgan,"ClosestDistance(L_2, accuracy)",12435,0,-0.8007185355527673,0,-0.19859672966043268
dpctgan,"ClosestDistance(L_2, accuracy)",12435,1,-0.35722375859722283,0,-0.19859672966043268
dpctgan,"ClosestDistance(L_2, accuracy)",12435,0,-2.046758715337278,0,-0.19859672966043268
dpctgan,"ClosestDistance(L_2, accuracy)",12435,1,-0.8184601810702253,0,-0.19859672966043268
dpctgan,"ClosestDistance(L_2, accuracy)",12435,0,-0.29444093731010185,0,-0.19859672966043268
dpctgan,"ClosestDistance(L_2, accuracy)",12435,1,-0.521885033786716,0,-0.19859672966043268
dpctgan,"ClosestDistance(L_2, accuracy)",12435,0,-0.34108096888014694,0,-0.19859672966043268
dpctgan,"ClosestDistance(L_2, accuracy)",12435,1,-1.4565318457740875,0,-0.19859672966043268
dpctgan,"ClosestDistance(L_2, accuracy)",12435,0,-0.6279398977059146,0,-0.19859672966043268
dpctgan,"ClosestDistance(L_2, accuracy)",12435,1,-1.4567453701978008,0,-0.19859672966043268
dpctgan,"ClosestDistance(L_2, accuracy)",12435,0,-0.897871208000327,0,-0.19859672966043268
dpctgan,"ClosestDistance(L_2, accuracy)",12435,1,-0.3216586424797471,0,-0.19859672966043268
dpctgan,"ClosestDistance(L_2, accuracy)",12435,0,-1.4912463434554568,0,-0.19859672966043268
dpctgan,"ClosestDistance(L_2, accuracy)",12435,1,-0.44900840849532697,0,-0.19859672966043268
dpctgan,"ClosestDistance(L_2, accuracy)",12435,0,-0.6848566559396644,0,-0.19859672966043268
dpctgan,"ClosestDistance(L_2, accuracy)",12435,1,-0.32430378537404936,0,-0.19859672966043268
dpctgan,"ClosestDistance(L_2, accuracy)",12435,0,-1.432327339242563,0,-0.19859672966043268
dpctgan,"ClosestDistance(L_2, accuracy)",12435,1,-0.4395854435917662,0,-0.19859672966043268
dpctgan,"ClosestDistance(L_2, accuracy)",12435,0,-1.4352860263110865,0,-0.19859672966043268
dpctgan,"ClosestDistance(L_2, accuracy)",12435,1,-0.06340837192742127,1,-0.19859672966043268
dpctgan,"ClosestDistance(L_2, accuracy)",12435,0,-1.4362777555443917,0,-0.19859672966043268
dpctgan,"ClosestDistance(L_2, accuracy)",12435,1,-1.429178481801105,0,-0.19859672966043268
dpctgan,"ClosestDistance(L_2, accuracy)",12435,0,-0.09477452390599374,1,-0.19859672966043268
dpctgan,"ClosestDistance(L_2, accuracy)",12435,1,-0.15849515743824727,1,-0.19859672966043268
dpctgan,"ClosestDistance(L_2, accuracy)",12435,0,-1.4565747322507112,0,-0.19859672966043268
dpctgan,"ClosestDistance(L_2, accuracy)",12435,1,-0.20409514188315395,0,-0.19859672966043268
dpctgan,"ClosestDistance(L_2, accuracy)",12435,0,-0.6718224737362917,0,-0.19859672966043268
dpctgan,"ClosestDistance(L_2, accuracy)",12435,1,-0.7829778631925741,0,-0.19859672966043268
dpctgan,"ClosestDistance(L_2, accuracy)",12435,0,-0.3032104381551879,0,-0.19859672966043268
dpctgan,"ClosestDistance(L_2, accuracy)",12435,1,-1.4889551087164528,0,-0.19859672966043268
dpctgan,"ClosestDistance(L_2, accuracy)",12435,0,-0.20612422412647077,0,-0.19859672966043268
dpctgan,"ClosestDistance(L_2, accuracy)",12435,1,-1.45851656843845,0,-0.19859672966043268
dpctgan,"ClosestDistance(L_2, accuracy)",12435,0,-0.5736155608493383,0,-0.19859672966043268
dpctgan,"ClosestDistance(L_2, accuracy)",12435,1,-1.435258246723709,0,-0.19859672966043268
dpctgan,"ClosestDistance(L_2, accuracy)",12435,0,-0.5493699648613755,0,-0.19859672966043268
dpctgan,"ClosestDistance(L_2, accuracy)",12435,1,-0.5152707701132151,0,-0.19859672966043268
dpctgan,"ClosestDistance(L_2, accuracy)",12435,0,-1.4382431664360664,0,-0.19859672966043268
dpctgan,"ClosestDistance(L_2, accuracy)",12435,1,-1.425003402015729,0,-0.19859672966043268
dpctgan,"ClosestDistance(L_2, accuracy)",12435,0,-2.02356633605811,0,-0.19859672966043268
dpctgan,"ClosestDistance(L_2, accuracy)",12435,1,-0.7435147923108514,0,-0.19859672966043268
dpctgan,"ClosestDistance(L_2, accuracy)",12435,0,-0.963266307468751,0,-0.19859672966043268
dpctgan,"ClosestDistance(L_2, accuracy)",12435,1,-1.4249747419466139,0,-0.19859672966043268
dpctgan,"ClosestDistance(L_2, accuracy)",12435,0,-1.5402224055936813,0,-0.19859672966043268
dpctgan,"ClosestDistance(L_2, accuracy)",12435,1,-1.5008132105312746,0,-0.19859672966043268
dpctgan,"ClosestDistance(L_2, accuracy)",12435,0,-1.4394091248783296,0,-0.19859672966043268
dpctgan,"ClosestDistance(L_2, accuracy)",12435,1,-1.4923513723195103,0,-0.19859672966043268
dpctgan,"ClosestDistance(L_2, accuracy)",12435,0,-1.4458548654873016,0,-0.19859672966043268
dpctgan,"ClosestDistance(L_2, accuracy)",12435,1,-0.43084076992854387,0,-0.19859672966043268
dpctgan,"ClosestDistance(L_2, accuracy)",12435,0,-1.4499280436390427,0,-0.19859672966043268
dpctgan,"ClosestDistance(L_2, accuracy)",12435,1,-1.4445253268750036,0,-0.19859672966043268
dpctgan,"ClosestDistance(L_2, accuracy)",12435,0,-0.05553672495456966,1,-0.19859672966043268
dpctgan,"ClosestDistance(L_2, accuracy)",12435,1,-1.46257500788868,0,-0.19859672966043268
dpctgan,"ClosestDistance(L_2, accuracy)",12435,0,-0.5784074799803555,0,-0.19859672966043268
dpctgan,"ClosestDistance(L_2, accuracy)",12435,1,-1.4676913721308906,0,-0.19859672966043268
dpctgan,"ClosestDistance(L_2, accuracy)",12435,0,-1.443690705153224,0,-0.19859672966043268
dpctgan,"ClosestDistance(L_2, accuracy)",12435,1,-0.30365918415332,0,-0.19859672966043268
dpctgan,"ClosestDistance(L_2, accuracy)",12435,0,-0.2887300332560247,0,-0.19859672966043268
dpctgan,"ClosestDistance(L_2, accuracy)",12435,1,-0.8386926186800269,0,-0.19859672966043268
dpctgan,"ClosestDistance(L_2, accuracy)",12435,0,-1.423379337485039,0,-0.19859672966043268
dpctgan,"ClosestDistance(L_2, accuracy)",12435,1,-0.24084903125558263,0,-0.19859672966043268
dpctgan,"ClosestDistance(L_2, accuracy)",12435,0,-1.438310237707451,0,-0.19859672966043268
dpctgan,"ClosestDistance(L_2, accuracy)",12435,1,-1.4188491724306542,0,-0.19859672966043268
dpctgan,"ClosestDistance(L_2, accuracy)",12435,0,-1.4316852548861096,0,-0.19859672966043268
dpctgan,"ClosestDistance(L_2, accuracy)",12435,1,-0.32031966792578614,0,-0.19859672966043268
dpctgan,"ClosestDistance(L_2, accuracy)",12435,0,-0.8697374959076591,0,-0.19859672966043268
dpctgan,"ClosestDistance(L_2, accuracy)",12435,1,-1.4271625049348324,0,-0.19859672966043268
dpctgan,"ClosestDistance(L_2, accuracy)",12435,0,-0.4032331179899526,0,-0.19859672966043268
dpctgan,"ClosestDistance(L_2, accuracy)",12435,1,-1.460909428210679,0,-0.19859672966043268
dpctgan,"ClosestDistance(L_2, accuracy)",12435,0,-1.5161314812525188,0,-0.19859672966043268
dpctgan,"ClosestDistance(L_2, accuracy)",12435,1,-0.2675232573108958,0,-0.19859672966043268
dpctgan,"ClosestDistance(L_2, accuracy)",12435,0,-0.2215648284130957,0,-0.19859672966043268
dpctgan,"ClosestDistance(L_2, accuracy)",12435,1,-1.4503181396530016,0,-0.19859672966043268
dpctgan,"ClosestDistance(L_2, accuracy)",12435,0,-0.23428384122306997,0,-0.19859672966043268
dpctgan,"ClosestDistance(L_2, accuracy)",12435,1,-0.5221225288073882,0,-0.19859672966043268
dpctgan,"ClosestDistance(L_2, accuracy)",12435,0,-1.4379922848171631,0,-0.19859672966043268
dpctgan,"ClosestDistance(L_2, accuracy)",12435,1,-1.4268379769102315,0,-0.19859672966043268
dpctgan,"ClosestDistance(L_2, accuracy)",12435,0,-1.4348500599565117,0,-0.19859672966043268
dpctgan,"ClosestDistance(L_2, accuracy)",12435,1,-0.22001609721520113,0,-0.19859672966043268
dpctgan,"ClosestDistance(L_2, accuracy)",12435,0,-1.4346540725099424,0,-0.19859672966043268
dpctgan,"ClosestDistance(L_2, accuracy)",12435,1,-1.4307810799267053,0,-0.19859672966043268
dpctgan,"ClosestDistance(L_2, accuracy)",12435,0,-1.4226473676038116,0,-0.19859672966043268
dpctgan,"ClosestDistance(L_2, accuracy)",12435,1,-0.7819762931771695,0,-0.19859672966043268
dpctgan,"ClosestDistance(L_2, accuracy)",12435,0,-0.7117672047503636,0,-0.19859672966043268
dpctgan,"ClosestDistance(L_2, accuracy)",12435,1,-1.4208491558244873,0,-0.19859672966043268
dpctgan,"ClosestDistance(L_2, accuracy)",12435,0,-0.6564717816170698,0,-0.19859672966043268
dpctgan,"ClosestDistance(L_2, accuracy)",12435,1,-1.4355533704218324,0,-0.19859672966043268
dpctgan,"ClosestDistance(L_2, accuracy)",12435,0,-1.4224996081621104,0,-0.19859672966043268
dpctgan,"ClosestDistance(L_2, accuracy)",12435,1,-0.19210847032273656,1,-0.19859672966043268
dpctgan,"ClosestDistance(L_2, accuracy)",12435,0,-1.438007977937787,0,-0.19859672966043268
dpctgan,"ClosestDistance(L_2, accuracy)",12435,1,-0.3375877220694749,0,-0.19859672966043268
dpctgan,"ClosestDistance(L_2, accuracy)",12435,0,-0.278316404610621,0,-0.19859672966043268
dpctgan,"ClosestDistance(L_2, accuracy)",12435,1,-0.6155315841302391,0,-0.19859672966043268
dpctgan,"ClosestDistance(L_2, accuracy)",12435,0,-0.10879562228206346,1,-0.19859672966043268
dpctgan,"ClosestDistance(L_2, accuracy)",12435,1,-0.8588088320254448,0,-0.19859672966043268
dpctgan,"ClosestDistance(L_2, accuracy)",12435,0,-1.4541358919759084,0,-0.19859672966043268
dpctgan,"ClosestDistance(L_2, accuracy)",12435,1,-0.3892191291574959,0,-0.19859672966043268
dpctgan,"ClosestDistance(L_2, accuracy)",12435,0,-0.455797379554737,0,-0.19859672966043268
dpctgan,"ClosestDistance(L_2, accuracy)",12435,1,-0.224909411412018,0,-0.19859672966043268
dpctgan,"ClosestDistance(L_2, accuracy)",12435,0,-2.091095079027646,0,-0.19859672966043268
dpctgan,"ClosestDistance(L_2, accuracy)",12435,1,-0.3738470890409569,0,-0.19859672966043268
dpctgan,"ClosestDistance(L_2, accuracy)",12435,0,-1.4289245792826308,0,-0.19859672966043268
dpctgan,"ClosestDistance(L_2, accuracy)",12435,1,-1.4593675870365515,0,-0.19859672966043268
dpctgan,"ClosestDistance(L_2, accuracy)",12435,0,-1.5107650746988999,0,-0.19859672966043268
dpctgan,"ClosestDistance(L_2, accuracy)",12435,1,-0.31632591055152387,0,-0.19859672966043268
dpctgan,"ClosestDistance(L_2, accuracy)",12435,0,-0.6473713447382462,0,-0.19859672966043268
dpctgan,"ClosestDistance(L_2, accuracy)",12435,1,-0.2274030408008984,0,-0.19859672966043268
dpctgan,"ClosestDistance(L_2, accuracy)",12435,0,-1.4173814961660358,0,-0.19859672966043268
dpctgan,"ClosestDistance(L_2, accuracy)",12435,1,-1.4448946748681732,0,-0.19859672966043268
dpctgan,"ClosestDistance(L_2, accuracy)",12435,0,-0.174135589114338,1,-0.19859672966043268
dpctgan,"ClosestDistance(L_2, accuracy)",12435,1,-1.6379938985554199,0,-0.19859672966043268
dpctgan,"ClosestDistance(L_2, accuracy)",12435,0,-1.4729735462616034,0,-0.19859672966043268
dpctgan,"ClosestDistance(L_2, accuracy)",12435,1,-1.4319533089551113,0,-0.19859672966043268
dpctgan,"ClosestDistance(L_2, accuracy)",12435,0,-1.4289358706744417,0,-0.19859672966043268
dpctgan,"ClosestDistance(L_2, accuracy)",12435,1,-1.4416573694267476,0,-0.19859672966043268
dpctgan,"ClosestDistance(L_2, accuracy)",12435,0,-1.4539265687756346,0,-0.19859672966043268
dpctgan,"ClosestDistance(L_2, accuracy)",12435,1,-1.5755488509871616,0,-0.19859672966043268
dpctgan,"ClosestDistance(L_2, accuracy)",12435,0,-1.4968374217779197,0,-0.19859672966043268
dpctgan,"ClosestDistance(L_2, accuracy)",12435,1,-0.5678985765624334,0,-0.19859672966043268
dpctgan,"ClosestDistance(L_2, accuracy)",12435,0,-0.49325500506475567,0,-0.19859672966043268
dpctgan,"ClosestDistance(L_2, accuracy)",12435,1,-1.4406732371998383,0,-0.19859672966043268
dpctgan,"ClosestDistance(L_2, accuracy)",12435,0,-1.4877590932688016,0,-0.19859672966043268
dpctgan,"ClosestDistance(L_2, accuracy)",12435,1,-1.4465065980695284,0,-0.19859672966043268
dpctgan,"ClosestDistance(L_2, accuracy)",12435,0,-1.4339746793514516,0,-0.19859672966043268
dpctgan,"ClosestDistance(L_2, accuracy)",12435,1,-2.019679056828524,0,-0.19859672966043268
dpctgan,"ClosestDistance(L_2, accuracy)",12435,0,-1.4590254604401847,0,-0.19859672966043268
dpctgan,"ClosestDistance(L_2, accuracy)",12435,1,-0.3353586803599191,0,-0.19859672966043268
dpctgan,"ClosestDistance(L_2, accuracy)",12435,0,-0.5445147368875094,0,-0.19859672966043268
dpctgan,"ClosestDistance(L_2, accuracy)",12435,1,-1.4342775846242906,0,-0.19859672966043268
dpctgan,"ClosestDistance(L_2, accuracy)",12435,0,-0.9183154837338845,0,-0.19859672966043268
dpctgan,"ClosestDistance(L_2, accuracy)",12435,1,-0.9715317938577,0,-0.19859672966043268
dpctgan,"ClosestDistance(L_2, accuracy)",12435,0,-1.4236239455611412,0,-0.19859672966043268
dpctgan,"ClosestDistance(L_2, accuracy)",12435,1,-1.4452723508728718,0,-0.19859672966043268
dpctgan,"ClosestDistance(L_2, accuracy)",12435,0,-1.4315716993034215,0,-0.19859672966043268
dpctgan,"ClosestDistance(L_2, accuracy)",12435,1,-1.464662205082663,0,-0.19859672966043268
dpctgan,"ClosestDistance(L_2, accuracy)",12435,0,-1.4598166923785583,0,-0.19859672966043268
dpctgan,"ClosestDistance(L_2, accuracy)",12435,1,-0.39992926752482905,0,-0.19859672966043268
dpctgan,"ClosestDistance(L_2, accuracy)",12435,0,-0.6465722505134587,0,-0.19859672966043268
dpctgan,"ClosestDistance(L_2, accuracy)",12435,1,-1.4713584244506885,0,-0.19859672966043268
dpctgan,"ClosestDistance(L_2, accuracy)",12435,0,-2.0454624552326686,0,-0.19859672966043268
dpctgan,"ClosestDistance(L_2, accuracy)",12435,1,-1.434939383740648,0,-0.19859672966043268
dpctgan,"ClosestDistance(L_2, accuracy)",12435,0,-0.20241678177219602,0,-0.19859672966043268
dpctgan,"ClosestDistance(L_2, accuracy)",12435,1,-1.4196046626752084,0,-0.19859672966043268
dpctgan,"ClosestDistance(L_2, accuracy)",12435,0,-1.527941730662261,0,-0.19859672966043268
dpctgan,"ClosestDistance(L_2, accuracy)",12435,1,-0.5888179792060246,0,-0.19859672966043268
dpctgan,"ClosestDistance(L_2, accuracy)",12435,0,-0.8172967307967751,0,-0.19859672966043268
dpctgan,"ClosestDistance(L_2, accuracy)",12435,1,-0.41058553117618607,0,-0.19859672966043268
dpctgan,"ClosestDistance(L_2, accuracy)",12435,0,-0.4555833016470068,0,-0.19859672966043268
dpctgan,"ClosestDistance(L_2, accuracy)",12435,1,-1.4310636878787215,0,-0.19859672966043268
dpctgan,"ClosestDistance(L_2, accuracy)",12435,0,-0.6947459172824284,0,-0.19859672966043268
dpctgan,"ClosestDistance(L_2, accuracy)",12435,1,-0.36228889242715967,0,-0.19859672966043268
dpctgan,"ClosestDistance(L_2, accuracy)",12435,0,-1.440418073546042,0,-0.19859672966043268
dpctgan,"ClosestDistance(L_2, accuracy)",12435,1,-0.3355518721732856,0,-0.19859672966043268
dpctgan,"ClosestDistance(L_2, accuracy)",12435,0,-1.43982911653343,0,-0.19859672966043268
dpctgan,"ClosestDistance(L_2, accuracy)",12435,1,-1.431295509501129,0,-0.19859672966043268
dpctgan,"ClosestDistance(L_2, accuracy)",12435,0,-0.34766898532270474,0,-0.19859672966043268
dpctgan,"ClosestDistance(L_2, accuracy)",12435,1,-0.18129714324772755,1,-0.19859672966043268
dpctgan,"ClosestDistance(L_2, accuracy)",12435,0,-1.4564421667817844,0,-0.19859672966043268
dpctgan,"ClosestDistance(L_2, accuracy)",12435,1,-0.7274758464656941,0,-0.19859672966043268
dpctgan,"ClosestDistance(L_2, accuracy)",12435,0,-0.3480646575331877,0,-0.19859672966043268
dpctgan,"ClosestDistance(L_2, accuracy)",12435,1,-1.4813022672068754,0,-0.19859672966043268
dpctgan,"ClosestDistance(L_2, accuracy)",12435,0,-0.7643896907618299,0,-0.19859672966043268
dpctgan,"ClosestDistance(L_2, accuracy)",12435,1,-2.070800414435273,0,-0.19859672966043268
dpctgan,"ClosestDistance(L_2, accuracy)",12435,0,-1.438198287603379,0,-0.19859672966043268
dpctgan,"ClosestDistance(L_2, accuracy)",12435,1,-1.4695384686289572,0,-0.19859672966043268
dpctgan,"ClosestDistance(L_2, accuracy)",12435,0,-0.23570822943554623,0,-0.19859672966043268
dpctgan,"ClosestDistance(L_2, accuracy)",12435,1,-0.8341207344223645,0,-0.19859672966043268
dpctgan,"ClosestDistance(L_2, accuracy)",12435,0,-1.4320042235224606,0,-0.19859672966043268
dpctgan,"ClosestDistance(L_2, accuracy)",12435,1,-0.06889535564056323,1,-0.19859672966043268
dpctgan,"ClosestDistance(L_2, accuracy)",12435,0,-1.5195293704437258,0,-0.19859672966043268
dpctgan,"ClosestDistance(L_2, accuracy)",12435,1,-0.20144422082374647,0,-0.19859672966043268
dpctgan,"ClosestDistance(L_2, accuracy)",12435,0,-1.4919418724120466,0,-0.19859672966043268
dpctgan,"ClosestDistance(L_2, accuracy)",12435,1,-0.36763268309327035,0,-0.19859672966043268
dpctgan,"ClosestDistance(L_2, accuracy)",12435,0,-1.4992943695210834,0,-0.19859672966043268
dpctgan,"ClosestDistance(L_2, accuracy)",12435,1,-1.4465118873758875,0,-0.19859672966043268
dpctgan,"ClosestDistance(L_2, accuracy)",12435,0,-1.4270763089247642,0,-0.19859672966043268
dpctgan,"ClosestDistance(L_2, accuracy)",12435,1,-0.4981360237672594,0,-0.19859672966043268
dpctgan,"ClosestDistance(L_2, accuracy)",12435,0,-0.7857534020295729,0,-0.19859672966043268
dpctgan,"ClosestDistance(L_2, accuracy)",12435,1,-0.6564868928969376,0,-0.19859672966043268
dpctgan,"ClosestDistance(L_2, accuracy)",12435,0,-0.9921078201777846,0,-0.19859672966043268
dpctgan,"ClosestDistance(L_2, accuracy)",12435,1,-2.0464436630258205,0,-0.19859672966043268
dpctgan,"ClosestDistance(L_2, accuracy)",12435,0,-1.480454087150072,0,-0.19859672966043268
dpctgan,"ClosestDistance(L_2, accuracy)",12435,1,-0.258101337863358,0,-0.19859672966043268
dpctgan,"ClosestDistance(L_2, accuracy)",12435,0,-0.17517298776129175,1,-0.19859672966043268
dpctgan,"ClosestDistance(L_2, accuracy)",12435,1,-0.7662764156257509,0,-0.19859672966043268
dpctgan,"ClosestDistance(L_2, accuracy)",12435,0,-0.9591090835649291,0,-0.19859672966043268
dpctgan,"ClosestDistance(L_2, accuracy)",12435,1,-1.422771497723641,0,-0.19859672966043268
dpctgan,"ClosestDistance(L_2, accuracy)",12435,0,-1.4251627535974754,0,-0.19859672966043268
dpctgan,"ClosestDistance(L_2, accuracy)",12435,1,-1.4287639900269935,0,-0.19859672966043268
dpctgan,"ClosestDistance(L_2, accuracy)",12435,0,-1.4552769792782976,0,-0.19859672966043268
dpctgan,"ClosestDistance(L_2, accuracy)",12435,1,-1.5297863494949084,0,-0.19859672966043268
dpctgan,"ClosestDistance(L_2, accuracy)",12435,0,-0.4051843726424839,0,-0.19859672966043268
dpctgan,"ClosestDistance(L_2, accuracy)",12435,1,-0.38436064895732386,0,-0.19859672966043268
dpctgan,"ClosestDistance(L_2, accuracy)",12435,0,-0.6649214541816248,0,-0.19859672966043268
dpctgan,"ClosestDistance(L_2, accuracy)",12435,1,-0.3795309528151354,0,-0.19859672966043268
dpctgan,"ClosestDistance(L_2, accuracy)",12435,0,-0.3477368860000133,0,-0.19859672966043268
dpctgan,"ClosestDistance(L_2, accuracy)",12435,1,-1.5228057418352274,0,-0.19859672966043268
dpctgan,"ClosestDistance(L_2, accuracy)",12435,0,-1.4548146139278963,0,-0.19859672966043268
dpctgan,"ClosestDistance(L_2, accuracy)",12435,1,-0.6025488429343256,0,-0.19859672966043268
dpctgan,"ClosestDistance(L_2, accuracy)",12435,0,-0.4722570945380729,0,-0.19859672966043268
dpctgan,"ClosestDistance(L_2, accuracy)",12435,1,-1.4316494803363442,0,-0.19859672966043268
dpctgan,"ClosestDistance(L_2, accuracy)",12435,0,-0.5089479078270892,0,-0.19859672966043268
dpctgan,"ClosestDistance(L_2, accuracy)",12435,1,-0.5570147369950049,0,-0.19859672966043268
dpctgan,"ClosestDistance(L_2, accuracy)",12435,0,-1.4379596001908859,0,-0.19859672966043268
dpctgan,"ClosestDistance(L_2, accuracy)",12435,1,-0.6056206798443806,0,-0.19859672966043268
dpctgan,"ClosestDistance(L_2, accuracy)",12435,0,-1.417287220230304,0,-0.19859672966043268
dpctgan,"ClosestDistance(L_2, accuracy)",12435,1,-1.457537322875318,0,-0.19859672966043268
dpctgan,"ClosestDistance(L_2, accuracy)",12435,0,-0.11374593086158806,1,-0.19859672966043268
dpctgan,"ClosestDistance(L_2, accuracy)",12435,1,-2.0342353609493107,0,-0.19859672966043268
dpctgan,"ClosestDistance(L_2, accuracy)",12435,0,-0.2842906600712705,0,-0.19859672966043268
dpctgan,"ClosestDistance(L_2, accuracy)",12435,1,-0.4974800586662669,0,-0.19859672966043268
dpctgan,"ClosestDistance(L_2, accuracy)",12435,0,-1.5479144892801486,0,-0.19859672966043268
dpctgan,"ClosestDistance(L_2, accuracy)",12435,1,-0.4791960006301727,0,-0.19859672966043268
dpctgan,"ClosestDistance(L_2, accuracy)",12435,0,-0.6018289526660088,0,-0.19859672966043268
dpctgan,"ClosestDistance(L_2, accuracy)",12435,1,-1.4718100301885675,0,-0.19859672966043268
dpctgan,"ClosestDistance(L_2, accuracy)",12435,0,-2.0063819048133387,0,-0.19859672966043268
dpctgan,"ClosestDistance(L_2, accuracy)",12435,1,-0.48076807051034925,0,-0.19859672966043268
dpctgan,"ClosestDistance(L_2, accuracy)",12435,0,-1.4768612971781072,0,-0.19859672966043268
dpctgan,"ClosestDistance(L_2, accuracy)",12435,1,-0.8226215291877192,0,-0.19859672966043268
dpctgan,"ClosestDistance(L_2, accuracy)",12435,0,-0.21917331523338962,0,-0.19859672966043268
dpctgan,"ClosestDistance(L_2, accuracy)",12435,1,-0.501503218882333,0,-0.19859672966043268
dpctgan,"ClosestDistance(L_2, accuracy)",12435,0,-0.7253257989936439,0,-0.19859672966043268
dpctgan,"ClosestDistance(L_2, accuracy)",12435,1,-0.32872697500077647,0,-0.19859672966043268
dpctgan,"ClosestDistance(L_2, accuracy)",12435,0,-2.004575878691979,0,-0.19859672966043268
dpctgan,"ClosestDistance(L_2, accuracy)",12435,1,-1.4984865000893874,0,-0.19859672966043268
dpctgan,"ClosestDistance(L_2, accuracy)",12435,0,-0.43338952041110124,0,-0.19859672966043268
dpctgan,"ClosestDistance(L_2, accuracy)",12435,1,-0.42116469203147794,0,-0.19859672966043268
dpctgan,"ClosestDistance(L_2, accuracy)",12435,0,-0.3522021898061749,0,-0.19859672966043268
dpctgan,"ClosestDistance(L_2, accuracy)",12435,1,-1.440340013785348,0,-0.19859672966043268
dpctgan,"ClosestDistance(L_2, accuracy)",12435,0,-1.4345403982073313,0,-0.19859672966043268
dpctgan,"ClosestDistance(L_2, accuracy)",12435,1,-1.4362103184000017,0,-0.19859672966043268
dpctgan,"ClosestDistance(L_2, accuracy)",12435,0,-1.4525576213070361,0,-0.19859672966043268
dpctgan,"ClosestDistance(L_2, accuracy)",12435,1,-0.3432226123802449,0,-0.19859672966043268
dpctgan,"ClosestDistance(L_2, accuracy)",12435,0,-1.4230950537681066,0,-0.19859672966043268
dpctgan,"ClosestDistance(L_2, accuracy)",12435,1,-0.41301217290748127,0,-0.19859672966043268
dpctgan,"ClosestDistance(L_2, accuracy)",12435,0,-1.4345958147131603,0,-0.19859672966043268
dpctgan,"ClosestDistance(L_2, accuracy)",12435,1,-0.37473111167190054,0,-0.19859672966043268
dpctgan,"ClosestDistance(L_2, accuracy)",12435,0,-1.4380312344297186,0,-0.19859672966043268
dpctgan,"ClosestDistance(L_2, accuracy)",12435,1,-1.466138372953429,0,-0.19859672966043268
dpctgan,"ClosestDistance(L_2, accuracy)",12435,0,-1.4240082679316561,0,-0.19859672966043268
dpctgan,"ClosestDistance(L_2, accuracy)",12435,1,-1.437102585105983,0,-0.19859672966043268
dpctgan,"ClosestDistance(L_2, accuracy)",12435,0,-0.4035747358647937,0,-0.19859672966043268
dpctgan,"ClosestDistance(L_2, accuracy)",12435,1,-1.437361019785463,0,-0.19859672966043268
dpctgan,"ClosestDistance(L_2, accuracy)",12435,0,-1.4679809455483959,0,-0.19859672966043268
dpctgan,"ClosestDistance(L_2, accuracy)",12435,1,-1.4926148680163818,0,-0.19859672966043268
dpctgan,"ClosestDistance(L_2, accuracy)",12435,0,-1.4580742445491242,0,-0.19859672966043268
dpctgan,"ClosestDistance(L_2, accuracy)",12435,1,-1.4246194043752902,0,-0.19859672966043268
dpctgan,"ClosestDistance(L_2, accuracy)",12435,0,-1.4373039852544505,0,-0.19859672966043268
dpctgan,"ClosestDistance(L_2, accuracy)",12435,1,-2.0190438241357964,0,-0.19859672966043268
dpctgan,"ClosestDistance(L_2, accuracy)",12435,0,-0.6615306252063339,0,-0.19859672966043268
dpctgan,"ClosestDistance(L_2, accuracy)",12435,1,-1.473802930111233,0,-0.19859672966043268
dpctgan,"ClosestDistance(L_2, accuracy)",12435,0,-1.4615170157866606,0,-0.19859672966043268
dpctgan,"ClosestDistance(L_2, accuracy)",12435,1,-1.5163662731899796,0,-0.19859672966043268
dpctgan,"ClosestDistance(L_2, accuracy)",12435,0,-0.6752685975850411,0,-0.19859672966043268
dpctgan,"ClosestDistance(L_2, accuracy)",12435,1,-0.6985575169776999,0,-0.19859672966043268
dpctgan,"ClosestDistance(L_2, accuracy)",12435,0,-0.2891748500897489,0,-0.19859672966043268
dpctgan,"ClosestDistance(L_2, accuracy)",12435,1,-1.4192196967183983,0,-0.19859672966043268
dpctgan,"ClosestDistance(L_2, accuracy)",12435,0,-1.4350649665756157,0,-0.19859672966043268
dpctgan,"ClosestDistance(L_2, accuracy)",12435,1,-1.4831306143299032,0,-0.19859672966043268
dpctgan,"ClosestDistance(L_2, accuracy)",12435,0,-0.13858459931894024,1,-0.19859672966043268
dpctgan,"ClosestDistance(L_2, accuracy)",12435,1,-1.4411639819587552,0,-0.19859672966043268
dpctgan,"ClosestDistance(L_2, accuracy)",12435,0,-0.1409908832537941,1,-0.19859672966043268
dpctgan,"ClosestDistance(L_2, accuracy)",12435,1,-0.3780390973339738,0,-0.19859672966043268
dpctgan,"ClosestDistance(L_2, accuracy)",12435,0,-0.254313354133346,0,-0.19859672966043268
dpctgan,"ClosestDistance(L_2, accuracy)",12435,1,-1.441843855166903,0,-0.19859672966043268
dpctgan,"ClosestDistance(L_2, accuracy)",12435,0,-1.4689209946849193,0,-0.19859672966043268
dpctgan,"ClosestDistance(L_2, accuracy)",12435,1,-0.4053591888608752,0,-0.19859672966043268
dpctgan,"ClosestDistance(L_2, accuracy)",12435,0,-1.5194917733232685,0,-0.19859672966043268
dpctgan,"ClosestDistance(L_2, accuracy)",12435,1,-0.4530562175568394,0,-0.19859672966043268
dpctgan,"ClosestDistance(L_2, accuracy)",12435,0,-0.27522234983636185,0,-0.19859672966043268
dpctgan,"ClosestDistance(L_2, accuracy)",12435,1,-0.4950499854786544,0,-0.19859672966043268
dpctgan,"ClosestDistance(L_2, accuracy)",12435,0,-1.458615469009288,0,-0.19859672966043268
dpctgan,"ClosestDistance(L_2, accuracy)",12435,1,-0.34635426281459963,0,-0.19859672966043268
dpctgan,"ClosestDistance(L_2, accuracy)",12435,0,-1.4235652380622097,0,-0.19859672966043268
dpctgan,"ClosestDistance(L_2, accuracy)",12435,1,-1.4670768274064407,0,-0.19859672966043268
dpctgan,"ClosestDistance(L_2, accuracy)",12435,0,-1.5160389709074364,0,-0.19859672966043268
dpctgan,"ClosestDistance(L_2, accuracy)",12435,1,-0.6224190766819165,0,-0.19859672966043268
dpctgan,"ClosestDistance(L_2, accuracy)",12435,0,-1.4148326464161247,0,-0.19859672966043268
dpctgan,"ClosestDistance(L_2, accuracy)",12435,1,-0.812746221658291,0,-0.19859672966043268
dpctgan,"ClosestDistance(L_2, accuracy)",12435,0,-1.4623403388161127,0,-0.19859672966043268
dpctgan,"ClosestDistance(L_2, accuracy)",12435,1,-0.29941519964250723,0,-0.19859672966043268
dpctgan,"ClosestDistance(L_2, accuracy)",12435,0,-2.0143582620012648,0,-0.19859672966043268
dpctgan,"ClosestDistance(L_2, accuracy)",12435,1,-1.5190797948977994,0,-0.19859672966043268
dpctgan,"ClosestDistance(L_2, accuracy)",12435,0,-1.4267605355450759,0,-0.19859672966043268
dpctgan,"ClosestDistance(L_2, accuracy)",12435,1,-0.42056453096139673,0,-0.19859672966043268
dpctgan,"ClosestDistance(L_2, accuracy)",12435,0,-1.4443557885708418,0,-0.19859672966043268
dpctgan,"ClosestDistance(L_2, accuracy)",12435,1,-0.4995949665850957,0,-0.19859672966043268
dpctgan,"ClosestDistance(L_2, accuracy)",12435,0,-0.2884220740889426,0,-0.19859672966043268
dpctgan,"ClosestDistance(L_2, accuracy)",12435,1,-1.460008722724375,0,-0.19859672966043268
dpctgan,"ClosestDistance(L_2, accuracy)",12435,0,-1.4299843201545597,0,-0.19859672966043268
dpctgan,"ClosestDistance(L_2, accuracy)",12435,1,-1.4247694084875224,0,-0.19859672966043268
dpctgan,"ClosestDistance(L_2, accuracy)",12435,0,-0.29047777054287544,0,-0.19859672966043268
dpctgan,"ClosestDistance(L_2, accuracy)",12435,1,-1.4336785837278614,0,-0.19859672966043268
dpctgan,"ClosestDistance(L_2, accuracy)",12435,0,-2.00623701911526,0,-0.19859672966043268
dpctgan,"ClosestDistance(L_2, accuracy)",12435,1,-1.4591821896810544,0,-0.19859672966043268
dpctgan,"ClosestDistance(L_2, accuracy)",12435,0,-0.5058173125373766,0,-0.19859672966043268
dpctgan,"ClosestDistance(L_2, accuracy)",12435,1,-1.5170865079463969,0,-0.19859672966043268
dpctgan,"ClosestDistance(L_2, accuracy)",12435,0,-1.4460377265492517,0,-0.19859672966043268
dpctgan,"ClosestDistance(L_2, accuracy)",12435,1,-0.801193784086789,0,-0.19859672966043268
dpctgan,"ClosestDistance(L_2, accuracy)",12435,0,-0.6482761467239541,0,-0.19859672966043268
dpctgan,"ClosestDistance(L_2, accuracy)",12435,1,-0.32958299785523576,0,-0.19859672966043268
dpctgan,"ClosestDistance(L_2, accuracy)",12435,0,-0.2972983952631721,0,-0.19859672966043268
dpctgan,"ClosestDistance(L_2, accuracy)",12435,1,-0.5798981458549858,0,-0.19859672966043268
dpctgan,"ClosestDistance(L_2, accuracy)",12435,0,-0.6728834645553049,0,-0.19859672966043268
dpctgan,"ClosestDistance(L_2, accuracy)",12435,1,-1.4533232490164611,0,-0.19859672966043268
dpctgan,"ClosestDistance(L_2, accuracy)",12435,0,-0.11113179156948633,1,-0.19859672966043268
dpctgan,"ClosestDistance(L_2, accuracy)",12435,1,-1.4219620529054597,0,-0.19859672966043268
dpctgan,"ClosestDistance(L_2, accuracy)",12435,0,-1.4870330518626973,0,-0.19859672966043268
dpctgan,"ClosestDistance(L_2, accuracy)",12435,1,-1.4177709755516092,0,-0.19859672966043268
dpctgan,"ClosestDistance(L_2, accuracy)",12435,0,-1.4848850450789381,0,-0.19859672966043268
dpctgan,"ClosestDistance(L_2, accuracy)",12435,1,-0.3325830118003637,0,-0.19859672966043268
dpctgan,"ClosestDistance(L_2, accuracy)",12435,0,-1.4154009328812163,0,-0.19859672966043268
dpctgan,"ClosestDistance(L_2, accuracy)",12435,1,-0.3861352318416055,0,-0.19859672966043268
dpctgan,"ClosestDistance(L_2, accuracy)",12435,0,-0.3699135168343927,0,-0.19859672966043268
dpctgan,"ClosestDistance(L_2, accuracy)",12435,1,-0.41534813553062383,0,-0.19859672966043268
dpctgan,"ClosestDistance(L_2, accuracy)",12435,0,-0.7134561455252089,0,-0.19859672966043268
dpctgan,"ClosestDistance(L_2, accuracy)",12435,1,-1.419926819417601,0,-0.19859672966043268
dpctgan,"ClosestDistance(L_2, accuracy)",12435,0,-1.4361390854736655,0,-0.19859672966043268
dpctgan,"ClosestDistance(L_2, accuracy)",12435,1,-0.3490318835718557,0,-0.19859672966043268
dpctgan,"ClosestDistance(L_2, accuracy)",12435,0,-0.6092135879707599,0,-0.19859672966043268
dpctgan,"ClosestDistance(L_2, accuracy)",12435,1,-0.6743613061241313,0,-0.19859672966043268
dpctgan,"ClosestDistance(L_2, accuracy)",12435,0,-1.442693458484751,0,-0.19859672966043268
dpctgan,"ClosestDistance(L_2, accuracy)",12435,1,-0.2653618343345226,0,-0.19859672966043268
dpctgan,"ClosestDistance(L_2, accuracy)",12435,0,-0.3584308356102166,0,-0.19859672966043268
dpctgan,"ClosestDistance(L_2, accuracy)",12435,1,-0.21474981415470268,0,-0.19859672966043268
dpctgan,"ClosestDistance(L_2, accuracy)",12435,0,-1.777394634892546,0,-0.19859672966043268
dpctgan,"ClosestDistance(L_2, accuracy)",12435,1,-0.4826486411644418,0,-0.19859672966043268
dpctgan,"ClosestDistance(L_2, accuracy)",12435,0,-0.2248263331131725,0,-0.19859672966043268
dpctgan,"ClosestDistance(L_2, accuracy)",12435,1,-0.65567841175464,0,-0.19859672966043268
dpctgan,"ClosestDistance(L_2, accuracy)",12435,0,-1.4231756037761767,0,-0.19859672966043268
dpctgan,"ClosestDistance(L_2, accuracy)",12435,1,-0.6815324256082851,0,-0.19859672966043268
dpctgan,"ClosestDistance(L_2, accuracy)",12435,0,-0.6523586534196256,0,-0.19859672966043268
dpctgan,"ClosestDistance(L_2, accuracy)",12435,1,-0.7745781972018685,0,-0.19859672966043268
dpctgan,"ClosestDistance(L_2, accuracy)",12435,0,-1.6011953187378194,0,-0.19859672966043268
dpctgan,"ClosestDistance(L_2, accuracy)",12435,1,-1.4376064416478855,0,-0.19859672966043268
dpctgan,"ClosestDistance(L_2, accuracy)",12435,0,-1.4282085906723,0,-0.19859672966043268
dpctgan,"ClosestDistance(L_2, accuracy)",12435,1,-0.3257157250408786,0,-0.19859672966043268
dpctgan,"ClosestDistance(L_2, accuracy)",12435,0,-1.433769488613,0,-0.19859672966043268
dpctgan,"ClosestDistance(L_2, accuracy)",12435,1,-0.3531655654396207,0,-0.19859672966043268
dpctgan,"ClosestDistance(L_2, accuracy)",12435,0,-2.018694157782756,0,-0.19859672966043268
dpctgan,"ClosestDistance(L_2, accuracy)",12435,1,-1.423292038178461,0,-0.19859672966043268
dpctgan,"ClosestDistance(L_2, accuracy)",12435,0,-1.4310123206334993,0,-0.19859672966043268
dpctgan,"ClosestDistance(L_2, accuracy)",12435,1,-0.6530178894111285,0,-0.19859672966043268
dpctgan,"ClosestDistance(L_2, accuracy)",12435,0,-0.2995886050076397,0,-0.19859672966043268
dpctgan,"ClosestDistance(L_2, accuracy)",12435,1,-0.9084674680225893,0,-0.19859672966043268
dpctgan,"ClosestDistance(L_2, accuracy)",12435,0,-1.4447793751411468,0,-0.19859672966043268
dpctgan,"ClosestDistance(L_2, accuracy)",12435,1,-0.8239912566148045,0,-0.19859672966043268
dpctgan,"ClosestDistance(L_2, accuracy)",12435,0,-1.4773915736847896,0,-0.19859672966043268
dpctgan,"ClosestDistance(L_2, accuracy)",12435,1,-1.609514302553439,0,-0.19859672966043268
dpctgan,"ClosestDistance(L_2, accuracy)",12435,0,-1.4271228052795082,0,-0.19859672966043268
dpctgan,"ClosestDistance(L_2, accuracy)",12435,1,-0.5015020509206747,0,-0.19859672966043268
dpctgan,"ClosestDistance(L_2, accuracy)",12435,0,-1.5212159808114942,0,-0.19859672966043268
dpctgan,"ClosestDistance(L_2, accuracy)",12435,1,-1.4370306485757864,0,-0.19859672966043268
dpctgan,"ClosestDistance(L_2, accuracy)",12435,0,-1.4356714050646897,0,-0.19859672966043268
dpctgan,"ClosestDistance(L_2, accuracy)",12435,1,-1.4257232865281004,0,-0.19859672966043268
dpctgan,"ClosestDistance(L_2, accuracy)",12435,0,-1.4186570378146168,0,-0.19859672966043268
dpctgan,"ClosestDistance(L_2, accuracy)",12435,1,-1.4831803563367882,0,-0.19859672966043268
dpctgan,"ClosestDistance(L_2, accuracy)",12435,0,-1.5995730308116736,0,-0.19859672966043268
dpctgan,"ClosestDistance(L_2, accuracy)",12435,1,-0.7358782454408255,0,-0.19859672966043268
dpctgan,"ClosestDistance(L_2, accuracy)",12435,0,-0.34523297560132404,0,-0.19859672966043268
dpctgan,"ClosestDistance(L_2, accuracy)",12435,1,-0.2809433003842068,0,-0.19859672966043268
dpctgan,"ClosestDistance(L_2, accuracy)",12435,0,-0.16361826146008518,1,-0.19859672966043268
dpctgan,"ClosestDistance(L_2, accuracy)",12435,1,-0.27581813462235216,0,-0.19859672966043268
dpctgan,"ClosestDistance(L_2, accuracy)",12435,0,-1.426109524900642,0,-0.19859672966043268
dpctgan,"ClosestDistance(L_2, accuracy)",12435,1,-1.4391312830533538,0,-0.19859672966043268
dpctgan,"ClosestDistance(L_2, accuracy)",12435,0,-0.383897199448013,0,-0.19859672966043268
dpctgan,"ClosestDistance(L_2, accuracy)",12435,1,-0.37809338692199745,0,-0.19859672966043268
dpctgan,"ClosestDistance(L_2, accuracy)",12435,0,-0.6270742131860257,0,-0.19859672966043268
dpctgan,"ClosestDistance(L_2, accuracy)",12435,1,-1.482240236812801,0,-0.19859672966043268
dpctgan,"ClosestDistance(L_2, accuracy)",12435,0,-2.013885042143846,0,-0.19859672966043268
dpctgan,"ClosestDistance(L_2, accuracy)",12435,1,-0.33557484232881946,0,-0.19859672966043268
dpctgan,"ClosestDistance(L_2, accuracy)",12435,0,-0.5900837018572769,0,-0.19859672966043268
dpctgan,"ClosestDistance(L_2, accuracy)",12435,1,-0.460785042750526,0,-0.19859672966043268
dpctgan,"ClosestDistance(L_2, accuracy)",12435,0,-0.31338237021855503,0,-0.19859672966043268
dpctgan,"ClosestDistance(L_2, accuracy)",12435,1,-0.22333130740048562,0,-0.19859672966043268
dpctgan,"ClosestDistance(L_2, accuracy)",12435,0,-0.3214709620228283,0,-0.19859672966043268
dpctgan,"ClosestDistance(L_2, accuracy)",12435,1,-1.5696514720382462,0,-0.19859672966043268
dpctgan,"ClosestDistance(L_2, accuracy)",12435,0,-1.442389533549691,0,-0.19859672966043268
dpctgan,"ClosestDistance(L_2, accuracy)",12435,1,-1.448923570163326,0,-0.19859672966043268
dpctgan,"ClosestDistance(L_2, accuracy)",12435,0,-1.4931440879178406,0,-0.19859672966043268
dpctgan,"ClosestDistance(L_2, accuracy)",12435,1,-1.5031417286623026,0,-0.19859672966043268
dpctgan,"ClosestDistance(L_2, accuracy)",12435,0,-0.1554359949621329,1,-0.19859672966043268
dpctgan,"ClosestDistance(L_2, accuracy)",12435,1,-0.6058524654728724,0,-0.19859672966043268
dpctgan,"ClosestDistance(L_2, accuracy)",12435,0,-0.13509930914719628,1,-0.19859672966043268
dpctgan,"ClosestDistance(L_2, accuracy)",12435,1,-0.45026336503562275,0,-0.19859672966043268
dpctgan,"ClosestDistance(L_2, accuracy)",12435,0,-1.4684244229332435,0,-0.19859672966043268
dpctgan,"ClosestDistance(L_2, accuracy)",12435,1,-0.33176934353924764,0,-0.19859672966043268
dpctgan,"ClosestDistance(L_2, accuracy)",12435,0,-1.5196227304838439,0,-0.19859672966043268
dpctgan,"ClosestDistance(L_2, accuracy)",12435,1,-0.5722628034632078,0,-0.19859672966043268
dpctgan,"ClosestDistance(L_2, accuracy)",12435,0,-0.8522848888251251,0,-0.19859672966043268
dpctgan,"ClosestDistance(L_2, accuracy)",12435,1,-0.06271669486594963,1,-0.19859672966043268
dpctgan,"ClosestDistance(L_2, accuracy)",12435,0,-0.9347259545186016,0,-0.19859672966043268
dpctgan,"ClosestDistance(L_2, accuracy)",12435,1,-0.951378200152203,0,-0.19859672966043268
dpctgan,"ClosestDistance(L_2, accuracy)",12435,0,-0.19470397111450535,1,-0.19859672966043268
dpctgan,"ClosestDistance(L_2, accuracy)",12435,1,-1.4345841706528373,0,-0.19859672966043268
dpctgan,"ClosestDistance(L_2, accuracy)",12435,0,-1.4497774188349255,0,-0.19859672966043268
dpctgan,"ClosestDistance(L_2, accuracy)",12435,1,-1.4571005388625204,0,-0.19859672966043268
dpctgan,"ClosestDistance(L_2, accuracy)",12435,0,-1.457942932480202,0,-0.19859672966043268
dpctgan,"ClosestDistance(L_2, accuracy)",12435,1,-0.4264736056293093,0,-0.19859672966043268
dpctgan,"ClosestDistance(L_2, accuracy)",12435,0,-0.2529385732939633,0,-0.19859672966043268
dpctgan,"ClosestDistance(L_2, accuracy)",12435,1,-0.2889406699081252,0,-0.19859672966043268
dpctgan,"ClosestDistance(L_2, accuracy)",12435,0,-0.4365295781873705,0,-0.19859672966043268
dpctgan,"ClosestDistance(L_2, accuracy)",12435,1,-1.4446173877016903,0,-0.19859672966043268
dpctgan,"ClosestDistance(L_2, accuracy)",12435,0,-0.31287236489566894,0,-0.19859672966043268
dpctgan,"ClosestDistance(L_2, accuracy)",12435,1,-1.4676215101471837,0,-0.19859672966043268
dpctgan,"ClosestDistance(L_2, accuracy)",12435,0,-0.2712665690915584,0,-0.19859672966043268
dpctgan,"ClosestDistance(L_2, accuracy)",12435,1,-1.4407682327857103,0,-0.19859672966043268
dpctgan,"ClosestDistance(L_2, accuracy)",12435,0,-1.4201679849134925,0,-0.19859672966043268
dpctgan,"ClosestDistance(L_2, accuracy)",12435,1,-0.4556498670792392,0,-0.19859672966043268
dpctgan,"ClosestDistance(L_2, accuracy)",12435,0,-1.4571285664322242,0,-0.19859672966043268
dpctgan,"ClosestDistance(L_2, accuracy)",12435,1,-0.33119462819916917,0,-0.19859672966043268
dpctgan,"ClosestDistance(L_2, accuracy)",12435,0,-0.24165277961902548,0,-0.19859672966043268
dpctgan,"ClosestDistance(L_2, accuracy)",12435,1,-1.4161615385316693,0,-0.19859672966043268
dpctgan,"ClosestDistance(L_2, accuracy)",12435,0,-1.4416997885900926,0,-0.19859672966043268
dpctgan,"ClosestDistance(L_2, accuracy)",12435,1,-1.4232239675031422,0,-0.19859672966043268
dpctgan,"ClosestDistance(L_2, accuracy)",12435,0,-1.5781256565514323,0,-0.19859672966043268
dpctgan,"ClosestDistance(L_2, accuracy)",12435,1,-2.017653009764758,0,-0.19859672966043268
dpctgan,"ClosestDistance(L_2, accuracy)",12435,0,-0.640617536602815,0,-0.19859672966043268
dpctgan,"ClosestDistance(L_2, accuracy)",12435,1,-1.4373515774051686,0,-0.19859672966043268
dpctgan,"ClosestDistance(L_2, accuracy)",12435,0,-1.4905668211866157,0,-0.19859672966043268
dpctgan,"ClosestDistance(L_2, accuracy)",12435,1,-0.3426137272417816,0,-0.19859672966043268
dpctgan,"ClosestDistance(L_2, accuracy)",12435,0,-1.436128656338566,0,-0.19859672966043268
dpctgan,"ClosestDistance(L_2, accuracy)",12435,1,-1.493364735330058,0,-0.19859672966043268
dpctgan,"ClosestDistance(L_2, accuracy)",12435,0,-0.13152087620711658,1,-0.19859672966043268
dpctgan,"ClosestDistance(L_2, accuracy)",12435,1,-1.424897173367765,0,-0.19859672966043268
dpctgan,"ClosestDistance(L_2, accuracy)",12435,0,-1.4781162366919056,0,-0.19859672966043268
dpctgan,"ClosestDistance(L_2, accuracy)",12435,1,-0.44822161442775665,0,-0.19859672966043268
dpctgan,"ClosestDistance(L_2, accuracy)",12435,0,-2.0118815405768413,0,-0.19859672966043268
dpctgan,"ClosestDistance(L_2, accuracy)",12435,1,-0.5206594172452552,0,-0.19859672966043268
dpctgan,"ClosestDistance(L_2, accuracy)",12435,0,-0.2004897929048342,0,-0.19859672966043268
dpctgan,"ClosestDistance(L_2, accuracy)",12435,1,-0.5644113022258244,0,-0.19859672966043268
dpctgan,"ClosestDistance(L_2, accuracy)",12435,0,-0.4703521849554843,0,-0.19859672966043268
dpctgan,"ClosestDistance(L_2, accuracy)",12435,1,-0.6297712899247723,0,-0.19859672966043268
dpctgan,"ClosestDistance(L_2, accuracy)",12435,0,-0.5611158975952416,0,-0.19859672966043268
dpctgan,"ClosestDistance(L_2, accuracy)",12435,1,-1.4389174746978368,0,-0.19859672966043268
dpctgan,"ClosestDistance(L_2, accuracy)",12435,0,-1.480990356348319,0,-0.19859672966043268
dpctgan,"ClosestDistance(L_2, accuracy)",12435,1,-1.540603582321788,0,-0.19859672966043268
dpctgan,"ClosestDistance(L_2, accuracy)",12435,0,-1.4192252733046238,0,-0.19859672966043268
dpctgan,"ClosestDistance(L_2, accuracy)",12435,1,-0.4686954290379735,0,-0.19859672966043268
dpctgan,"ClosestDistance(L_2, accuracy)",12435,0,-0.20307505948240415,0,-0.19859672966043268
dpctgan,"ClosestDistance(L_2, accuracy)",12435,1,-2.0253202733463227,0,-0.19859672966043268
dpctgan,"ClosestDistance(L_2, accuracy)",12435,0,-0.46364188598751216,0,-0.19859672966043268
dpctgan,"ClosestDistance(L_2, accuracy)",12435,1,-2.0308129829395583,0,-0.19859672966043268
dpctgan,"ClosestDistance(L_2, accuracy)",12435,0,-0.25318720265728967,0,-0.19859672966043268
dpctgan,"ClosestDistance(L_2, accuracy)",12435,1,-1.5388480305904988,0,-0.19859672966043268
dpctgan,"ClosestDistance(L_2, accuracy)",12435,0,-1.52983205539039,0,-0.19859672966043268
dpctgan,"ClosestDistance(L_2, accuracy)",12435,1,-0.9470231812504918,0,-0.19859672966043268
dpctgan,"ClosestDistance(L_2, accuracy)",12435,0,-1.416610253825727,0,-0.19859672966043268
dpctgan,"ClosestDistance(L_2, accuracy)",12435,1,-1.4282548021000336,0,-0.19859672966043268
dpctgan,"ClosestDistance(L_2, accuracy)",12435,0,-1.4471913193744166,0,-0.19859672966043268
dpctgan,"ClosestDistance(L_2, accuracy)",12435,1,-1.4274724151747298,0,-0.19859672966043268
dpctgan,"ClosestDistance(L_2, accuracy)",12435,0,-0.4928111255843875,0,-0.19859672966043268
dpctgan,"ClosestDistance(L_2, accuracy)",12435,1,-0.5087992218297368,0,-0.19859672966043268
dpctgan,"ClosestDistance(L_2, accuracy)",12435,0,-0.1886754242796695,1,-0.19859672966043268
dpctgan,"ClosestDistance(L_2, accuracy)",12435,1,-0.5518943443852776,0,-0.19859672966043268
dpctgan,"ClosestDistance(L_2, accuracy)",12435,0,-0.32771606405368076,0,-0.19859672966043268
dpctgan,"ClosestDistance(L_2, accuracy)",12435,1,-0.3813532413034551,0,-0.19859672966043268
dpctgan,"ClosestDistance(L_2, accuracy)",12435,0,-1.4444724339755197,0,-0.19859672966043268
dpctgan,"ClosestDistance(L_2, accuracy)",12435,1,-1.0613710940070913,0,-0.19859672966043268
dpctgan,"ClosestDistance(L_2, accuracy)",12435,0,-1.4299384264990729,0,-0.19859672966043268
dpctgan,"ClosestDistance(L_2, accuracy)",12435,1,-0.8026321719899355,0,-0.19859672966043268
dpctgan,"ClosestDistance(L_2, accuracy)",12435,0,-1.4220598632304544,0,-0.19859672966043268
dpctgan,"ClosestDistance(L_2, accuracy)",12435,1,-0.8657033407192244,0,-0.19859672966043268
dpctgan,"ClosestDistance(L_2, accuracy)",12435,0,-1.4338884366353881,0,-0.19859672966043268
dpctgan,"ClosestDistance(L_2, accuracy)",12435,1,-1.4204072860567711,0,-0.19859672966043268
dpctgan,"ClosestDistance(L_2, accuracy)",12435,0,-1.4180875356321985,0,-0.19859672966043268
dpctgan,"ClosestDistance(L_2, accuracy)",12435,1,-0.40780389073870343,0,-0.19859672966043268
dpctgan,"ClosestDistance(L_2, accuracy)",12435,0,-0.46022828271241073,0,-0.19859672966043268
dpctgan,"ClosestDistance(L_2, accuracy)",12435,1,-0.804465638441703,0,-0.19859672966043268
dpctgan,"ClosestDistance(L_2, accuracy)",12435,0,-1.4570000402140892,0,-0.19859672966043268
dpctgan,"ClosestDistance(L_2, accuracy)",12435,1,-0.3558538596466631,0,-0.19859672966043268
dpctgan,"ClosestDistance(L_2, accuracy)",12435,0,-0.24724145075657689,0,-0.19859672966043268
dpctgan,"ClosestDistance(L_2, accuracy)",12435,1,-1.437545688620638,0,-0.19859672966043268
dpctgan,"ClosestDistance(L_2, accuracy)",12435,0,-1.5058552865629444,0,-0.19859672966043268
dpctgan,"ClosestDistance(L_2, accuracy)",12435,1,-0.5312363064513796,0,-0.19859672966043268
dpctgan,"ClosestDistance(L_2, accuracy)",12435,0,-0.7082246216618743,0,-0.19859672966043268
dpctgan,"ClosestDistance(L_2, accuracy)",12435,1,-1.4285417039338537,0,-0.19859672966043268
dpctgan,"ClosestDistance(L_2, accuracy)",12435,0,-1.5706516358364704,0,-0.19859672966043268
dpctgan,"ClosestDistance(L_2, accuracy)",12435,1,-0.31128649292385413,0,-0.19859672966043268
dpctgan,"ClosestDistance(L_2, accuracy)",12435,0,-1.527077971096687,0,-0.19859672966043268
dpctgan,"ClosestDistance(L_2, accuracy)",12435,1,-0.7463976361394029,0,-0.19859672966043268
dpctgan,"ClosestDistance(L_2, accuracy)",12435,0,-1.448740628341297,0,-0.19859672966043268
dpctgan,"ClosestDistance(L_2, accuracy)",12435,1,-1.4192196221787792,0,-0.19859672966043268
dpctgan,"ClosestDistance(L_2, accuracy)",12435,0,-0.8723059790440862,0,-0.19859672966043268
dpctgan,"ClosestDistance(L_2, accuracy)",12435,1,-0.2600682591559073,0,-0.19859672966043268
dpctgan,"ClosestDistance(L_2, accuracy)",12435,0,-0.6530486987364094,0,-0.19859672966043268
dpctgan,"ClosestDistance(L_2, accuracy)",12435,1,-0.13301267845918432,1,-0.19859672966043268
dpctgan,"ClosestDistance(L_2, accuracy)",12435,0,-1.425161835019019,0,-0.19859672966043268
dpctgan,"ClosestDistance(L_2, accuracy)",12435,1,-1.471469577079983,0,-0.19859672966043268
dpctgan,"ClosestDistance(L_2, accuracy)",12435,0,-1.4223779701510724,0,-0.19859672966043268
dpctgan,"ClosestDistance(L_2, accuracy)",12435,1,-0.7949752592317766,0,-0.19859672966043268
dpctgan,"ClosestDistance(L_2, accuracy)",12435,0,-1.4955366886100938,0,-0.19859672966043268
dpctgan,"ClosestDistance(L_2, accuracy)",12435,1,-1.439047574635803,0,-0.19859672966043268
dpctgan,"ClosestDistance(L_2, accuracy)",12435,0,-0.2022484771952411,0,-0.19859672966043268
dpctgan,"ClosestDistance(L_2, accuracy)",12435,1,-1.0544577845839476,0,-0.19859672966043268
dpctgan,"ClosestDistance(L_2, accuracy)",12435,0,-0.36353357326742697,0,-0.19859672966043268
dpctgan,"ClosestDistance(L_2, accuracy)",12435,1,-1.4234653462468365,0,-0.19859672966043268
dpctgan,"ClosestDistance(L_2, accuracy)",12435,0,-1.4144738379294586,0,-0.19859672966043268
dpctgan,"ClosestDistance(L_2, accuracy)",12435,1,-1.4455686241189254,0,-0.19859672966043268
dpctgan,"ClosestDistance(L_2, accuracy)",12435,0,-1.4759485387266098,0,-0.19859672966043268
dpctgan,"ClosestDistance(L_2, accuracy)",12435,1,-0.3476905534829826,0,-0.19859672966043268
dpctgan,"ClosestDistance(L_2, accuracy)",12435,0,-0.32897908266423465,0,-0.19859672966043268
dpctgan,"ClosestDistance(L_2, accuracy)",12435,1,-1.4250291000397843,0,-0.19859672966043268
dpctgan,"ClosestDistance(L_2, accuracy)",12435,0,-0.7349058978653737,0,-0.19859672966043268
dpctgan,"ClosestDistance(L_2, accuracy)",12435,1,-0.6886914915901915,0,-0.19859672966043268
dpctgan,"ClosestDistance(L_2, accuracy)",12435,0,-1.418818920550788,0,-0.19859672966043268
dpctgan,"ClosestDistance(L_2, accuracy)",12435,1,-1.6241373211350099,0,-0.19859672966043268
dpctgan,"ClosestDistance(L_2, accuracy)",12435,0,-0.25437727746397604,0,-0.19859672966043268
dpctgan,"ClosestDistance(L_2, accuracy)",12435,1,-0.36040621575856313,0,-0.19859672966043268
dpctgan,"ClosestDistance(L_2, accuracy)",12435,0,-0.6453571024598765,0,-0.19859672966043268
dpctgan,"ClosestDistance(L_2, accuracy)",12435,1,-1.4608481325858416,0,-0.19859672966043268
dpctgan,"ClosestDistance(L_2, accuracy)",12435,0,-0.6648010379833218,0,-0.19859672966043268
dpctgan,"ClosestDistance(L_2, accuracy)",12435,1,-1.4485592945619714,0,-0.19859672966043268
dpctgan,"ClosestDistance(L_2, accuracy)",12435,0,-0.2595144276657705,0,-0.19859672966043268
dpctgan,"ClosestDistance(L_2, accuracy)",12435,1,-1.4433763942644735,0,-0.19859672966043268
dpctgan,"ClosestDistance(L_2, accuracy)",12435,0,-0.4518460063421772,0,-0.19859672966043268
dpctgan,"ClosestDistance(L_2, accuracy)",12435,1,-0.3183807850821132,0,-0.19859672966043268
dpctgan,"ClosestDistance(L_2, accuracy)",12435,0,-0.575974563271662,0,-0.19859672966043268
dpctgan,"ClosestDistance(L_2, accuracy)",12435,1,-0.4827652403081009,0,-0.19859672966043268
dpctgan,"ClosestDistance(L_2, accuracy)",12435,0,-1.4465933233406587,0,-0.19859672966043268
dpctgan,"ClosestDistance(L_2, accuracy)",12435,1,-0.3598035141531579,0,-0.19859672966043268
dpctgan,"ClosestDistance(L_2, accuracy)",12435,0,-0.24451595858685143,0,-0.19859672966043268
dpctgan,"ClosestDistance(L_2, accuracy)",12435,1,-1.4823240786494953,0,-0.19859672966043268
dpctgan,"ClosestDistance(L_2, accuracy)",12435,0,-1.4375683452248307,0,-0.19859672966043268
dpctgan,"ClosestDistance(L_2, accuracy)",12435,1,-0.8288314426298068,0,-0.19859672966043268
dpctgan,"ClosestDistance(L_2, accuracy)",12435,0,-1.4359363201532809,0,-0.19859672966043268
dpctgan,"ClosestDistance(L_2, accuracy)",12435,1,-1.436570996804599,0,-0.19859672966043268
dpctgan,"ClosestDistance(L_2, accuracy)",12435,0,-1.4308910775705141,0,-0.19859672966043268
dpctgan,"ClosestDistance(L_2, accuracy)",12435,1,-1.451813104201545,0,-0.19859672966043268
dpctgan,"ClosestDistance(L_2, accuracy)",12435,0,-0.18155348538398616,1,-0.19859672966043268
dpctgan,"ClosestDistance(L_2, accuracy)",12435,1,-1.4704028802415676,0,-0.19859672966043268
dpctgan,"ClosestDistance(L_2, accuracy)",12435,0,-1.4201124810620414,0,-0.19859672966043268
dpctgan,"ClosestDistance(L_2, accuracy)",12435,1,-1.4380016409308773,0,-0.19859672966043268
dpctgan,"ClosestDistance(L_2, accuracy)",12435,0,-2.010214871839359,0,-0.19859672966043268
dpctgan,"ClosestDistance(L_2, accuracy)",12435,1,-0.3853674946527027,0,-0.19859672966043268
dpctgan,"ClosestDistance(L_2, accuracy)",12435,0,-1.4669526946305396,0,-0.19859672966043268
dpctgan,"ClosestDistance(L_2, accuracy)",12435,1,-1.5126731490093135,0,-0.19859672966043268
dpctgan,"ClosestDistance(L_2, accuracy)",12435,0,-1.4460182933408239,0,-0.19859672966043268
dpctgan,"ClosestDistance(L_2, accuracy)",12435,1,-1.439737575711964,0,-0.19859672966043268
dpctgan,"ClosestDistance(L_2, accuracy)",12435,0,-0.5653343725229083,0,-0.19859672966043268
dpctgan,"ClosestDistance(L_2, accuracy)",12435,1,-1.4773952191028954,0,-0.19859672966043268
dpctgan,"ClosestDistance(L_2, accuracy)",12435,0,-1.46682262052887,0,-0.19859672966043268
dpctgan,"ClosestDistance(L_2, accuracy)",12435,1,-0.2338592758003497,0,-0.19859672966043268
dpctgan,"ClosestDistance(L_2, accuracy)",12435,0,-1.417697839696537,0,-0.19859672966043268
dpctgan,"ClosestDistance(L_2, accuracy)",12435,1,-0.2829523592826863,0,-0.19859672966043268
dpctgan,"ClosestDistance(L_2, accuracy)",12435,0,-1.5029028853372166,0,-0.19859672966043268
